Time (EET),Open,High,Low,Close,Volume 
2022.08.19 00:00:00,0.69128,0.69156,0.6907,0.69131,1068.63
2022.08.19 01:00:00,0.69132,0.69171,0.69109,0.69115,1796.38
2022.08.19 02:00:00,0.69117,0.69156,0.69101,0.69106,5239.88
2022.08.19 03:00:00,0.6911,0.69131,0.68968,0.69,10771.28
2022.08.19 04:00:00,0.69006,0.69037,0.68874,0.68974,9946.44
2022.08.19 05:00:00,0.68973,0.69186,0.68967,0.69172,7948.57
2022.08.19 06:00:00,0.69174,0.69184,0.69079,0.69138,5104.57
2022.08.19 07:00:00,0.6914,0.69154,0.69048,0.69081,4868.93
2022.08.19 08:00:00,0.69081,0.69148,0.69018,0.69138,6289.06
2022.08.19 09:00:00,0.69137,0.69191,0.69056,0.69093,10959.84
2022.08.19 10:00:00,0.69093,0.69155,0.6906,0.69098,12555.6
2022.08.19 11:00:00,0.69097,0.69138,0.68942,0.69085,11228.19
2022.08.19 12:00:00,0.69086,0.69146,0.69019,0.69037,6546.51
2022.08.19 13:00:00,0.69038,0.6904,0.68879,0.68887,7697.47
2022.08.19 14:00:00,0.68887,0.68917,0.68765,0.68896,11564.89
2022.08.19 15:00:00,0.68894,0.69075,0.68894,0.69055,12266.29
2022.08.19 16:00:00,0.69053,0.69068,0.68807,0.68817,15219.81
2022.08.19 17:00:00,0.68816,0.68886,0.68652,0.68672,13818.93
2022.08.19 18:00:00,0.68673,0.68758,0.68585,0.68681,9427.16
2022.08.19 19:00:00,0.68683,0.68783,0.6868,0.68759,5385.75
2022.08.19 20:00:00,0.68761,0.68813,0.68699,0.68791,4438.14
2022.08.19 21:00:00,0.68789,0.68789,0.6866,0.68661,4708.36
2022.08.19 22:00:00,0.68663,0.68754,0.68653,0.68751,5570.31
2022.08.19 23:00:00,0.68752,0.68786,0.68675,0.68712,3215.05
2022.08.22 00:00:00,0.6869,0.68738,0.68607,0.68723,187.2
2022.08.22 01:00:00,0.68723,0.68759,0.68672,0.68745,5727.98
2022.08.22 02:00:00,0.68744,0.68775,0.687,0.68763,4896.4
2022.08.22 03:00:00,0.68764,0.68838,0.68734,0.68757,9252.75
2022.08.22 04:00:00,0.68756,0.68868,0.68746,0.6885,11095.88
2022.08.22 05:00:00,0.6885,0.69057,0.6885,0.69054,9620.2
2022.08.22 06:00:00,0.69055,0.69056,0.68959,0.68998,6814.11
2022.08.22 07:00:00,0.68996,0.69028,0.68932,0.68988,5462.11
2022.08.22 08:00:00,0.68986,0.69034,0.68908,0.68908,6852.35
2022.08.22 09:00:00,0.68909,0.69026,0.68877,0.68947,13303.25
2022.08.22 10:00:00,0.68948,0.69039,0.68865,0.68877,11965.96
2022.08.22 11:00:00,0.68877,0.69098,0.68802,0.69079,12741.9
2022.08.22 12:00:00,0.6908,0.69194,0.68916,0.69163,9864.17
2022.08.22 13:00:00,0.69163,0.69283,0.69068,0.69079,8493.3
2022.08.22 14:00:00,0.69079,0.69128,0.69026,0.69088,8339.43
2022.08.22 15:00:00,0.69088,0.69121,0.69001,0.69043,10396.43
2022.08.22 16:00:00,0.69043,0.69079,0.68821,0.68825,14770.11
2022.08.22 17:00:00,0.68825,0.68837,0.68698,0.68727,16265.62
2022.08.22 18:00:00,0.68729,0.68782,0.68617,0.68697,10799.28
2022.08.22 19:00:00,0.68698,0.68867,0.68682,0.68765,6894.09
2022.08.22 20:00:00,0.68764,0.68766,0.68659,0.6866,3208.5
2022.08.22 21:00:00,0.6866,0.6872,0.6865,0.68702,3275.23
2022.08.22 22:00:00,0.687,0.68783,0.68695,0.68776,3754.65
2022.08.22 23:00:00,0.68776,0.6879,0.6875,0.6875,2327.96
2022.08.23 00:00:00,0.68753,0.68788,0.68713,0.68747,564.87
2022.08.23 01:00:00,0.6875,0.68845,0.68749,0.68833,5279.54
2022.08.23 02:00:00,0.68836,0.6884,0.68749,0.68775,6242.93
2022.08.23 03:00:00,0.68775,0.68926,0.68726,0.68863,11505.84
2022.08.23 04:00:00,0.68863,0.68981,0.68858,0.68929,10680.05
2022.08.23 05:00:00,0.68929,0.68978,0.68898,0.68956,7113.57
2022.08.23 06:00:00,0.68957,0.6899,0.68919,0.68976,6291.19
2022.08.23 07:00:00,0.68978,0.68983,0.68869,0.68869,4344.67
2022.08.23 08:00:00,0.68869,0.68888,0.68758,0.68772,8161.94
2022.08.23 09:00:00,0.6877,0.68774,0.68555,0.68648,14992.96
2022.08.23 10:00:00,0.68648,0.68854,0.68636,0.68811,20060.21
2022.08.23 11:00:00,0.68811,0.68942,0.6879,0.68835,13912.28
2022.08.23 12:00:00,0.68834,0.68855,0.68695,0.68808,6876.21
2022.08.23 13:00:00,0.68808,0.68838,0.68662,0.68752,5952
2022.08.23 14:00:00,0.68752,0.68806,0.68702,0.68754,8240.31
2022.08.23 15:00:00,0.68754,0.68776,0.68646,0.6873,11905.48
2022.08.23 16:00:00,0.6873,0.69179,0.68699,0.69141,20619.98
2022.08.23 17:00:00,0.69145,0.69508,0.69139,0.69444,34152.22
2022.08.23 18:00:00,0.69443,0.69628,0.69385,0.69413,19115.61
2022.08.23 19:00:00,0.69413,0.6943,0.69337,0.69408,4283.62
2022.08.23 20:00:00,0.69407,0.69441,0.69225,0.69229,7632.95
2022.08.23 21:00:00,0.6923,0.69287,0.69179,0.6918,5211.47
2022.08.23 22:00:00,0.69179,0.69294,0.69171,0.69289,5902.21
2022.08.23 23:00:00,0.69288,0.69312,0.69252,0.6928,2229.37
2022.08.24 00:00:00,0.69263,0.69308,0.69119,0.6927,1031.01
2022.08.24 01:00:00,0.6927,0.69304,0.6926,0.69302,4412.54
2022.08.24 02:00:00,0.69304,0.69304,0.69115,0.69205,8233.46
2022.08.24 03:00:00,0.69205,0.69243,0.69102,0.6913,8581.82
2022.08.24 04:00:00,0.6913,0.69201,0.68951,0.69047,9862.7
2022.08.24 05:00:00,0.69047,0.69134,0.68941,0.68962,8628.01
2022.08.24 06:00:00,0.68962,0.69029,0.68943,0.69011,6487.65
2022.08.24 07:00:00,0.69012,0.69149,0.68974,0.6912,6075.94
2022.08.24 08:00:00,0.6912,0.69165,0.69026,0.69037,5426.01
2022.08.24 09:00:00,0.69038,0.69107,0.68986,0.6908,8394.85
2022.08.24 10:00:00,0.6908,0.69224,0.69031,0.6922,10658.32
2022.08.24 11:00:00,0.6922,0.69266,0.69165,0.69216,8338.82
2022.08.24 12:00:00,0.69217,0.69283,0.6913,0.69148,7830.23
2022.08.24 13:00:00,0.69148,0.69176,0.68933,0.68952,7374.54
2022.08.24 14:00:00,0.68951,0.69045,0.68895,0.6897,9286.8
2022.08.24 15:00:00,0.68969,0.69066,0.68817,0.68883,18215.49
2022.08.24 16:00:00,0.68884,0.68904,0.68784,0.68866,15982.47
2022.08.24 17:00:00,0.68866,0.69167,0.688,0.69112,21791.58
2022.08.24 18:00:00,0.69113,0.69188,0.69033,0.69114,13923.86
2022.08.24 19:00:00,0.69115,0.6917,0.68983,0.69029,6320.36
2022.08.24 20:00:00,0.69028,0.69077,0.69007,0.69059,6265.85
2022.08.24 21:00:00,0.69064,0.69085,0.69029,0.69034,3286.28
2022.08.24 22:00:00,0.69033,0.69112,0.69024,0.69101,4618.1
2022.08.24 23:00:00,0.69101,0.69147,0.69051,0.69051,2258.11
2022.08.25 00:00:00,0.69068,0.69086,0.69028,0.69064,1465.27
2022.08.25 01:00:00,0.69064,0.6912,0.69044,0.69069,3039.96
2022.08.25 02:00:00,0.69069,0.6909,0.69048,0.69049,4348.18
2022.08.25 03:00:00,0.69049,0.69263,0.69017,0.69227,11566.51
2022.08.25 04:00:00,0.69226,0.69414,0.69174,0.6937,12222.88
2022.08.25 05:00:00,0.6937,0.69432,0.69316,0.69366,7388.4
2022.08.25 06:00:00,0.69365,0.69471,0.69364,0.69462,5027.16
2022.08.25 07:00:00,0.69461,0.6962,0.69425,0.69562,8443.51
2022.08.25 08:00:00,0.69563,0.69621,0.6948,0.69534,7660.88
2022.08.25 09:00:00,0.69535,0.69824,0.69523,0.69679,17764.66
2022.08.25 10:00:00,0.69676,0.69806,0.69662,0.69785,11289.46
2022.08.25 11:00:00,0.69783,0.69907,0.69717,0.69851,10046.3
2022.08.25 12:00:00,0.69851,0.69883,0.69742,0.6977,8648.77
2022.08.25 13:00:00,0.69772,0.6979,0.69691,0.69695,7803.36
2022.08.25 14:00:00,0.69695,0.69825,0.69677,0.69719,10205.14
2022.08.25 15:00:00,0.69718,0.6974,0.69581,0.6964,13851.25
2022.08.25 16:00:00,0.69644,0.69678,0.69499,0.69567,15143.74
2022.08.25 17:00:00,0.69566,0.69822,0.69566,0.69666,16378.31
2022.08.25 18:00:00,0.69666,0.69679,0.69575,0.69599,12033.69
2022.08.25 19:00:00,0.696,0.6969,0.69554,0.69689,7454.83
2022.08.25 20:00:00,0.69687,0.69788,0.69664,0.69759,7006.1
2022.08.25 21:00:00,0.6976,0.69799,0.69687,0.69772,5959.06
2022.08.25 22:00:00,0.6977,0.6979,0.69725,0.69788,5327.04
2022.08.25 23:00:00,0.69788,0.69812,0.69758,0.69801,2977.6
2022.08.26 00:00:00,0.69797,0.69798,0.6975,0.69792,586.8
2022.08.26 01:00:00,0.69791,0.69813,0.69713,0.69715,1853.26
2022.08.26 02:00:00,0.69715,0.69744,0.69611,0.69613,5940.78
2022.08.26 03:00:00,0.69614,0.69642,0.69523,0.69539,5820.88
2022.08.26 04:00:00,0.6954,0.69606,0.69526,0.69579,8995.22
2022.08.26 05:00:00,0.6958,0.69697,0.69574,0.69677,7270.86
2022.08.26 06:00:00,0.69676,0.69701,0.69613,0.69661,4432.43
2022.08.26 07:00:00,0.6966,0.69661,0.69544,0.69547,5016.21
2022.08.26 08:00:00,0.69547,0.69593,0.69506,0.69571,5562.82
2022.08.26 09:00:00,0.69572,0.69636,0.69522,0.69565,11498.22
2022.08.26 10:00:00,0.69565,0.69617,0.6952,0.6961,10529.93
2022.08.26 11:00:00,0.69609,0.69658,0.69542,0.69635,7789.83
2022.08.26 12:00:00,0.69635,0.69801,0.69607,0.69801,6927.24
2022.08.26 13:00:00,0.698,0.69851,0.6975,0.69824,6657.24
2022.08.26 14:00:00,0.69825,0.69826,0.69715,0.69765,7890.74
2022.08.26 15:00:00,0.69765,0.69961,0.69729,0.6992,20036.96
2022.08.26 16:00:00,0.69922,0.7005,0.69862,0.69879,26545.47
2022.08.26 17:00:00,0.69879,0.70084,0.69345,0.69383,48361.53
2022.08.26 18:00:00,0.69384,0.69424,0.69128,0.69194,24070.28
2022.08.26 19:00:00,0.69194,0.69208,0.68999,0.69062,13614
2022.08.26 20:00:00,0.69062,0.69076,0.68984,0.6902,7294.84
2022.08.26 21:00:00,0.69019,0.69051,0.68889,0.68906,8558.23
2022.08.26 22:00:00,0.68906,0.68947,0.68877,0.68912,11229.2
2022.08.26 23:00:00,0.68912,0.68925,0.68882,0.68892,4672.08
2022.08.29 00:00:00,0.68781,0.68852,0.68781,0.68834,443.18
2022.08.29 01:00:00,0.68841,0.68843,0.68728,0.68732,4104.98
2022.08.29 02:00:00,0.68732,0.68765,0.68596,0.6864,9482.62
2022.08.29 03:00:00,0.68641,0.68725,0.68597,0.6862,11958.85
2022.08.29 04:00:00,0.68619,0.68692,0.68477,0.68563,15118.61
2022.08.29 05:00:00,0.68564,0.68731,0.68504,0.68655,10505.89
2022.08.29 06:00:00,0.68656,0.68675,0.68564,0.68577,7517.07
2022.08.29 07:00:00,0.68577,0.68597,0.68409,0.68432,8139.82
2022.08.29 08:00:00,0.68433,0.68573,0.68403,0.6856,9081.59
2022.08.29 09:00:00,0.68561,0.68646,0.68509,0.68554,17484.35
2022.08.29 10:00:00,0.68554,0.68616,0.68511,0.68551,21848.22
2022.08.29 11:00:00,0.68551,0.68582,0.68451,0.6849,18855.96
2022.08.29 12:00:00,0.68488,0.68623,0.68487,0.686,13772.17
2022.08.29 13:00:00,0.686,0.68694,0.68549,0.68637,16597.22
2022.08.29 14:00:00,0.68637,0.68772,0.68614,0.68753,14984.82
2022.08.29 15:00:00,0.68751,0.69053,0.68702,0.68994,17463.12
2022.08.29 16:00:00,0.68996,0.69124,0.68918,0.69047,17596.71
2022.08.29 17:00:00,0.69047,0.69255,0.68826,0.68852,19933.86
2022.08.29 18:00:00,0.68852,0.6906,0.68847,0.69059,9919.03
2022.08.29 19:00:00,0.69061,0.69111,0.6901,0.69104,7254.84
2022.08.29 20:00:00,0.69106,0.69159,0.69058,0.69077,6057.52
2022.08.29 21:00:00,0.69079,0.69091,0.68964,0.68992,6463.46
2022.08.29 22:00:00,0.68993,0.6904,0.68973,0.69013,7724.27
2022.08.29 23:00:00,0.69013,0.69033,0.68968,0.68985,2127.02
2022.08.30 00:00:00,0.68985,0.69031,0.68939,0.69004,765.63
2022.08.30 01:00:00,0.69004,0.69039,0.68969,0.68983,2823.39
2022.08.30 02:00:00,0.68984,0.69092,0.68939,0.69067,6011.38
2022.08.30 03:00:00,0.69069,0.69096,0.68918,0.69012,10556.9
2022.08.30 04:00:00,0.69009,0.69164,0.68857,0.68903,11568.28
2022.08.30 05:00:00,0.68903,0.68905,0.68763,0.68803,8592.01
2022.08.30 06:00:00,0.688,0.68859,0.68726,0.68859,6710.67
2022.08.30 07:00:00,0.68859,0.6894,0.68824,0.68859,5606.72
2022.08.30 08:00:00,0.68858,0.6909,0.68847,0.69044,6752.54
2022.08.30 09:00:00,0.69047,0.69154,0.68927,0.69107,14458.79
2022.08.30 10:00:00,0.69108,0.69295,0.69093,0.6925,16865.61
2022.08.30 11:00:00,0.69249,0.6953,0.69243,0.69504,13272.44
2022.08.30 12:00:00,0.69504,0.69556,0.69435,0.69475,10151.23
2022.08.30 13:00:00,0.69479,0.69493,0.69354,0.69377,7672.98
2022.08.30 14:00:00,0.69378,0.69456,0.69286,0.69322,9570.46
2022.08.30 15:00:00,0.69323,0.69342,0.69098,0.69099,14553.47
2022.08.30 16:00:00,0.691,0.6922,0.68936,0.68968,23399.05
2022.08.30 17:00:00,0.68963,0.68963,0.6858,0.68669,28925.25
2022.08.30 18:00:00,0.6867,0.6888,0.68653,0.68754,24330.62
2022.08.30 19:00:00,0.68754,0.68802,0.68536,0.68536,14128.89
2022.08.30 20:00:00,0.68538,0.68605,0.6845,0.68564,10075.61
2022.08.30 21:00:00,0.68566,0.68625,0.68499,0.68545,14053.32
2022.08.30 22:00:00,0.68544,0.6868,0.68519,0.68556,16522.93
2022.08.30 23:00:00,0.68558,0.68585,0.68502,0.68518,3579.23
2022.08.31 00:00:00,0.68511,0.6854,0.68487,0.68525,528.78
2022.08.31 01:00:00,0.68516,0.68591,0.68514,0.68541,2981.2
2022.08.31 02:00:00,0.68538,0.68577,0.68526,0.68536,6006.47
2022.08.31 03:00:00,0.68536,0.6865,0.68506,0.68596,12372.54
2022.08.31 04:00:00,0.68595,0.68659,0.68522,0.68609,13361.28
2022.08.31 05:00:00,0.68609,0.68764,0.68562,0.68717,10431.53
2022.08.31 06:00:00,0.6872,0.68799,0.68668,0.68787,8690.03
2022.08.31 07:00:00,0.68788,0.68875,0.68771,0.6883,11515.76
2022.08.31 08:00:00,0.6883,0.69013,0.6882,0.6901,12972.01
2022.08.31 09:00:00,0.69005,0.69036,0.6889,0.68919,18962.96
2022.08.31 10:00:00,0.68918,0.6897,0.68787,0.68787,14613.91
2022.08.31 11:00:00,0.68787,0.6885,0.68685,0.68702,13984.62
2022.08.31 12:00:00,0.68701,0.68708,0.68504,0.68506,13789.11
2022.08.31 13:00:00,0.68506,0.6859,0.68454,0.68486,11118.58
2022.08.31 14:00:00,0.68487,0.68614,0.68437,0.68559,10859.95
2022.08.31 15:00:00,0.6856,0.68652,0.68407,0.68609,16391.46
2022.08.31 16:00:00,0.6861,0.68723,0.68503,0.68532,26848.94
2022.08.31 17:00:00,0.68533,0.68677,0.68434,0.68552,33435.16
2022.08.31 18:00:00,0.68557,0.68698,0.68519,0.68625,20522.16
2022.08.31 19:00:00,0.68626,0.68644,0.68521,0.68556,8137.75
2022.08.31 20:00:00,0.68554,0.68565,0.68453,0.68498,8200.25
2022.08.31 21:00:00,0.68497,0.68598,0.68446,0.68458,10214.48
2022.08.31 22:00:00,0.68458,0.68534,0.68402,0.68415,17027.56
2022.08.31 23:00:00,0.68416,0.68428,0.68343,0.684,4581.09
2022.09.01 00:00:00,0.68386,0.68455,0.68377,0.68421,691.86
2022.09.01 01:00:00,0.68421,0.68445,0.68351,0.68401,7268.68
2022.09.01 02:00:00,0.68399,0.684,0.68254,0.68273,9406.24
2022.09.01 03:00:00,0.68272,0.68297,0.68064,0.68148,21528.93
2022.09.01 04:00:00,0.68147,0.68208,0.68043,0.68106,17042.35
2022.09.01 05:00:00,0.68104,0.68218,0.68085,0.68132,9043.45
2022.09.01 06:00:00,0.68131,0.68161,0.67963,0.68027,10039.11
2022.09.01 07:00:00,0.68028,0.68086,0.67914,0.68083,10080.56
2022.09.01 08:00:00,0.6808,0.68359,0.68047,0.6833,16591.86
2022.09.01 09:00:00,0.68329,0.68337,0.68166,0.68262,19830.21
2022.09.01 10:00:00,0.68264,0.68387,0.68215,0.68336,17727.04
2022.09.01 11:00:00,0.68338,0.68452,0.68258,0.68288,15954.66
2022.09.01 12:00:00,0.6829,0.68371,0.68241,0.68306,10915.85
2022.09.01 13:00:00,0.68307,0.68317,0.6812,0.68171,9266.83
2022.09.01 14:00:00,0.6817,0.68357,0.68086,0.68323,11860.25
2022.09.01 15:00:00,0.68323,0.68352,0.68137,0.68242,16087.06
2022.09.01 16:00:00,0.68242,0.68293,0.68128,0.6816,18477.44
2022.09.01 17:00:00,0.6816,0.68225,0.67788,0.67801,36153.09
2022.09.01 18:00:00,0.67804,0.67951,0.67706,0.67772,21220.69
2022.09.01 19:00:00,0.67772,0.67873,0.67729,0.67758,13140.47
2022.09.01 20:00:00,0.67759,0.67923,0.67734,0.67849,9697.15
2022.09.01 21:00:00,0.67851,0.6796,0.67807,0.6781,10743.2
2022.09.01 22:00:00,0.67809,0.67951,0.67793,0.67848,9535.3
2022.09.01 23:00:00,0.67847,0.67887,0.67823,0.67857,2630.23
2022.09.02 00:00:00,0.67851,0.6788,0.6783,0.67842,513.26
2022.09.02 01:00:00,0.67842,0.67907,0.67837,0.67873,2697.85
2022.09.02 02:00:00,0.67872,0.67959,0.67861,0.67944,5033.35
2022.09.02 03:00:00,0.67943,0.68002,0.67908,0.67908,11830.83
2022.09.02 04:00:00,0.67906,0.67989,0.67888,0.67896,13178.79
2022.09.02 05:00:00,0.67895,0.6792,0.67822,0.67878,12131.11
2022.09.02 06:00:00,0.67878,0.67907,0.67848,0.67896,12005.68
2022.09.02 07:00:00,0.67898,0.67929,0.67788,0.67858,7824.09
2022.09.02 08:00:00,0.67861,0.67918,0.67797,0.67884,9199.85
2022.09.02 09:00:00,0.67884,0.67953,0.67812,0.67911,12030.11
2022.09.02 10:00:00,0.67911,0.68014,0.67883,0.67942,11467.57
2022.09.02 11:00:00,0.67945,0.68073,0.67927,0.68046,8263.74
2022.09.02 12:00:00,0.68045,0.68111,0.67995,0.68085,6926.92
2022.09.02 13:00:00,0.68085,0.68132,0.68014,0.68073,7464.86
2022.09.02 14:00:00,0.68073,0.68125,0.6801,0.68108,10313.02
2022.09.02 15:00:00,0.68104,0.68494,0.68019,0.68204,28326.68
2022.09.02 16:00:00,0.68203,0.68386,0.68091,0.68232,28904.1
2022.09.02 17:00:00,0.68234,0.68543,0.68176,0.68475,24799.98
2022.09.02 18:00:00,0.68478,0.68486,0.68308,0.68435,14614.7
2022.09.02 19:00:00,0.68435,0.68446,0.68018,0.68062,17646.29
2022.09.02 20:00:00,0.68062,0.68106,0.67944,0.6802,13460.62
2022.09.02 21:00:00,0.68022,0.68185,0.68017,0.68145,7735.58
2022.09.02 22:00:00,0.68143,0.68209,0.67979,0.68068,8624.93
2022.09.02 23:00:00,0.68068,0.68165,0.68062,0.68165,3267.01
2022.09.05 00:00:00,0.67773,0.67881,0.67757,0.67838,761.08
2022.09.05 01:00:00,0.67842,0.67975,0.67836,0.67951,5840.6
2022.09.05 02:00:00,0.67954,0.67977,0.67877,0.67885,5737.98
2022.09.05 03:00:00,0.67885,0.68014,0.67842,0.67866,11810.63
2022.09.05 04:00:00,0.67865,0.67986,0.6781,0.67846,11408.95
2022.09.05 05:00:00,0.67845,0.67869,0.67727,0.67846,12401.05
2022.09.05 06:00:00,0.67849,0.67953,0.67808,0.67936,6466.59
2022.09.05 07:00:00,0.67937,0.67944,0.67856,0.67874,5880.72
2022.09.05 08:00:00,0.67874,0.67878,0.67764,0.67821,9543.38
2022.09.05 09:00:00,0.67821,0.67977,0.67797,0.67936,10982.73
2022.09.05 10:00:00,0.6794,0.67945,0.67722,0.67745,15598.97
2022.09.05 11:00:00,0.67745,0.67848,0.67727,0.67771,10069.92
2022.09.05 12:00:00,0.6777,0.67937,0.67758,0.67935,11881.45
2022.09.05 13:00:00,0.67935,0.68019,0.67923,0.67962,7487.61
2022.09.05 14:00:00,0.67961,0.68002,0.67868,0.67908,7602.65
2022.09.05 15:00:00,0.67909,0.68,0.67843,0.67976,12030.18
2022.09.05 16:00:00,0.67977,0.68003,0.67901,0.6792,8396.78
2022.09.05 17:00:00,0.6792,0.67968,0.67871,0.67948,7725.03
2022.09.05 18:00:00,0.67948,0.68024,0.67939,0.68019,3882.39
2022.09.05 19:00:00,0.68018,0.68032,0.67962,0.67984,1466.18
2022.09.05 20:00:00,0.67987,0.68007,0.67986,0.67987,548.36
2022.09.05 21:00:00,0.67985,0.68008,0.67983,0.67997,767.21
2022.09.05 22:00:00,0.67997,0.6801,0.67991,0.67993,809.38
2022.09.05 23:00:00,0.67995,0.67996,0.67933,0.67933,1074.18
2022.09.06 00:00:00,0.67948,0.67973,0.67929,0.67943,400.1
2022.09.06 01:00:00,0.6794,0.68119,0.67938,0.68088,2940.37
2022.09.06 02:00:00,0.68091,0.68146,0.6807,0.68104,3568.56
2022.09.06 03:00:00,0.68104,0.68317,0.68083,0.68295,13006.64
2022.09.06 04:00:00,0.68297,0.68316,0.68213,0.68275,10837.55
2022.09.06 05:00:00,0.68275,0.68276,0.68174,0.68206,6713.14
2022.09.06 06:00:00,0.68206,0.68211,0.67963,0.67985,6734.25
2022.09.06 07:00:00,0.67985,0.68113,0.67893,0.67999,12171.33
2022.09.06 08:00:00,0.68,0.68135,0.67966,0.68004,10135.57
2022.09.06 09:00:00,0.68005,0.68012,0.6783,0.67879,17008.06
2022.09.06 10:00:00,0.67878,0.67925,0.67771,0.67903,21078.4
2022.09.06 11:00:00,0.67902,0.67902,0.67604,0.67702,13839.15
2022.09.06 12:00:00,0.67702,0.67788,0.67612,0.67784,9701.79
2022.09.06 13:00:00,0.67785,0.67862,0.67765,0.67784,10070.97
2022.09.06 14:00:00,0.67781,0.67827,0.67662,0.67728,10930.81
2022.09.06 15:00:00,0.67728,0.67768,0.67604,0.67605,13716.94
2022.09.06 16:00:00,0.67605,0.67668,0.67495,0.6751,23140.96
2022.09.06 17:00:00,0.67509,0.67583,0.67303,0.67467,33759.23
2022.09.06 18:00:00,0.67467,0.67618,0.67378,0.67486,20146.23
2022.09.06 19:00:00,0.67483,0.67503,0.67353,0.67403,8834.35
2022.09.06 20:00:00,0.67401,0.67406,0.67273,0.67308,7635.61
2022.09.06 21:00:00,0.67307,0.67384,0.67295,0.67302,9549.42
2022.09.06 22:00:00,0.67303,0.6737,0.67295,0.67324,10551.08
2022.09.06 23:00:00,0.67322,0.67356,0.67295,0.67333,1401.25
2022.09.07 00:00:00,0.67332,0.67365,0.673,0.67352,603.24
2022.09.07 01:00:00,0.67353,0.67367,0.67282,0.67302,2359.93
2022.09.07 02:00:00,0.67296,0.67339,0.67245,0.67272,7183.09
2022.09.07 03:00:00,0.67276,0.6732,0.67098,0.67146,13452.14
2022.09.07 04:00:00,0.67146,0.67169,0.67046,0.67152,13671.34
2022.09.07 05:00:00,0.67154,0.6723,0.67035,0.67086,12723.49
2022.09.07 06:00:00,0.67085,0.67127,0.66986,0.67054,12453.86
2022.09.07 07:00:00,0.67054,0.67193,0.67003,0.67148,10268.21
2022.09.07 08:00:00,0.67148,0.6721,0.67103,0.67125,6926.31
2022.09.07 09:00:00,0.67127,0.67296,0.67049,0.67246,12482.62
2022.09.07 10:00:00,0.67246,0.67328,0.67064,0.67306,16171.69
2022.09.07 11:00:00,0.67308,0.67335,0.67149,0.67246,13232.81
2022.09.07 12:00:00,0.67247,0.67339,0.67186,0.67339,11136.11
2022.09.07 13:00:00,0.67338,0.67367,0.67188,0.67204,11293.32
2022.09.07 14:00:00,0.67205,0.67238,0.67009,0.67014,16234.68
2022.09.07 15:00:00,0.67016,0.67093,0.66985,0.67083,13922.47
2022.09.07 16:00:00,0.67083,0.6723,0.67028,0.67103,17443.56
2022.09.07 17:00:00,0.671,0.67303,0.67027,0.6722,25493.81
2022.09.07 18:00:00,0.67221,0.67332,0.6719,0.67281,13535.61
2022.09.07 19:00:00,0.67281,0.67409,0.67231,0.67387,9079.78
2022.09.07 20:00:00,0.67386,0.67649,0.67381,0.6761,12801.55
2022.09.07 21:00:00,0.67611,0.67634,0.67507,0.67515,5059.2
2022.09.07 22:00:00,0.67514,0.67677,0.67504,0.67673,5348.4
2022.09.07 23:00:00,0.67671,0.67689,0.67628,0.67682,2019.11
2022.09.08 00:00:00,0.67679,0.6769,0.67642,0.67687,320.78
2022.09.08 01:00:00,0.67688,0.67732,0.67621,0.67646,3697.95
2022.09.08 02:00:00,0.67646,0.67653,0.67501,0.67517,6121.5
2022.09.08 03:00:00,0.67519,0.67554,0.67395,0.67399,8393.65
2022.09.08 04:00:00,0.67401,0.67504,0.6734,0.67349,12405.78
2022.09.08 05:00:00,0.67349,0.67478,0.6733,0.67465,8964.97
2022.09.08 06:00:00,0.67465,0.67469,0.67124,0.67195,15076.51
2022.09.08 07:00:00,0.67196,0.6735,0.67187,0.67319,7872.3
2022.09.08 08:00:00,0.67319,0.67464,0.67298,0.67429,9127.69
2022.09.08 09:00:00,0.6743,0.67579,0.67363,0.67548,12340.2
2022.09.08 10:00:00,0.67549,0.67643,0.67305,0.67323,17030.73
2022.09.08 11:00:00,0.67324,0.67379,0.67218,0.6732,13901.4
2022.09.08 12:00:00,0.6732,0.67329,0.6722,0.67271,8334.68
2022.09.08 13:00:00,0.67269,0.67465,0.67207,0.67421,9816.37
2022.09.08 14:00:00,0.67419,0.67586,0.674,0.67537,14633.41
2022.09.08 15:00:00,0.67537,0.67573,0.67289,0.67322,34160.75
2022.09.08 16:00:00,0.6732,0.67406,0.67177,0.67295,43100.83
2022.09.08 17:00:00,0.67295,0.67395,0.67167,0.67378,25880.95
2022.09.08 18:00:00,0.67379,0.6755,0.67342,0.67372,14295.53
2022.09.08 19:00:00,0.67372,0.67406,0.672,0.67337,18316.74
2022.09.08 20:00:00,0.67337,0.6761,0.67314,0.67512,8496.71
2022.09.08 21:00:00,0.67513,0.67575,0.67453,0.67455,6870.88
2022.09.08 22:00:00,0.67455,0.67521,0.67435,0.6749,9285.77
2022.09.08 23:00:00,0.6749,0.67509,0.6746,0.67502,2161
2022.09.09 00:00:00,0.67498,0.67508,0.67455,0.67468,214.55
2022.09.09 01:00:00,0.67471,0.67565,0.67471,0.67553,2823.34
2022.09.09 02:00:00,0.67554,0.67654,0.67545,0.6764,3111.55
2022.09.09 03:00:00,0.67638,0.67927,0.67616,0.6784,8741.34
2022.09.09 04:00:00,0.6784,0.67935,0.67817,0.67896,10918.45
2022.09.09 05:00:00,0.67896,0.68135,0.67891,0.68124,9255.02
2022.09.09 06:00:00,0.68123,0.68255,0.68094,0.68229,14363.54
2022.09.09 07:00:00,0.68228,0.68338,0.68189,0.68315,12655.78
2022.09.09 08:00:00,0.68316,0.68378,0.68254,0.6829,11826.16
2022.09.09 09:00:00,0.68291,0.68397,0.68215,0.68389,11875.48
2022.09.09 10:00:00,0.68389,0.68645,0.68371,0.68604,17747.33
2022.09.09 11:00:00,0.68603,0.68768,0.68535,0.68729,13461.39
2022.09.09 12:00:00,0.68729,0.68731,0.68543,0.6861,11655.8
2022.09.09 13:00:00,0.68611,0.6869,0.68552,0.68556,10325.42
2022.09.09 14:00:00,0.68556,0.68563,0.68272,0.68289,15863.36
2022.09.09 15:00:00,0.6829,0.68478,0.68225,0.68438,17645.26
2022.09.09 16:00:00,0.68439,0.68494,0.68318,0.68384,25039.56
2022.09.09 17:00:00,0.68384,0.68548,0.68325,0.6839,24317.4
2022.09.09 18:00:00,0.68388,0.68462,0.68311,0.6845,11836.03
2022.09.09 19:00:00,0.68449,0.6848,0.68355,0.68478,5617.32
2022.09.09 20:00:00,0.68479,0.68479,0.68385,0.68399,4856.03
2022.09.09 21:00:00,0.68398,0.68426,0.68347,0.68402,4915.99
2022.09.09 22:00:00,0.68402,0.68471,0.68398,0.6844,8129.59
2022.09.09 23:00:00,0.6844,0.68462,0.68383,0.68385,3028.57
2022.09.12 00:00:00,0.68273,0.6838,0.68208,0.68376,945.17
2022.09.12 01:00:00,0.68378,0.685,0.68364,0.68471,4871.51
2022.09.12 02:00:00,0.68469,0.68491,0.68414,0.68449,5579.81
2022.09.12 03:00:00,0.6845,0.68516,0.68409,0.68423,11418.63
2022.09.12 04:00:00,0.68424,0.68506,0.68373,0.6846,6741.95
2022.09.12 05:00:00,0.6846,0.68462,0.68236,0.68264,6561.56
2022.09.12 06:00:00,0.68264,0.68364,0.6824,0.68345,5196.4
2022.09.12 07:00:00,0.68343,0.68351,0.68254,0.68284,4072.71
2022.09.12 08:00:00,0.68285,0.68436,0.68282,0.68435,5460.18
2022.09.12 09:00:00,0.68438,0.68721,0.68386,0.68717,12087.33
2022.09.12 10:00:00,0.68718,0.68874,0.68689,0.6878,20037.82
2022.09.12 11:00:00,0.6878,0.68865,0.68747,0.68826,12983.6
2022.09.12 12:00:00,0.68827,0.6885,0.68699,0.68714,10297.75
2022.09.12 13:00:00,0.68714,0.68739,0.68585,0.68712,10670.37
2022.09.12 14:00:00,0.68712,0.68798,0.68639,0.68775,9718.89
2022.09.12 15:00:00,0.68775,0.68846,0.68732,0.68779,14076.93
2022.09.12 16:00:00,0.68779,0.68863,0.68683,0.68855,16173.24
2022.09.12 17:00:00,0.68855,0.68894,0.68775,0.6884,15711.48
2022.09.12 18:00:00,0.68843,0.68867,0.68785,0.6885,10592.04
2022.09.12 19:00:00,0.6885,0.68961,0.68821,0.68938,6939.6
2022.09.12 20:00:00,0.68938,0.68991,0.68879,0.68931,6165.49
2022.09.12 21:00:00,0.6893,0.68934,0.68735,0.68794,8248.74
2022.09.12 22:00:00,0.68793,0.68854,0.6879,0.68825,5983.3
2022.09.12 23:00:00,0.68823,0.68885,0.68822,0.68849,2780.1
2022.09.13 00:00:00,0.6885,0.68904,0.68848,0.68868,713.34
2022.09.13 01:00:00,0.68871,0.68917,0.68861,0.68892,1166.48
2022.09.13 02:00:00,0.6889,0.68957,0.68882,0.68922,3721.27
2022.09.13 03:00:00,0.68923,0.68986,0.6876,0.68894,10056.42
2022.09.13 04:00:00,0.68895,0.6894,0.68755,0.68841,11726.07
2022.09.13 05:00:00,0.68843,0.68843,0.68624,0.68676,8694.44
2022.09.13 06:00:00,0.68675,0.68743,0.68662,0.68686,6136.67
2022.09.13 07:00:00,0.68686,0.68751,0.68641,0.68707,5490.75
2022.09.13 08:00:00,0.68708,0.68795,0.68668,0.68715,6614.29
2022.09.13 09:00:00,0.68718,0.68849,0.68714,0.68805,9876.53
2022.09.13 10:00:00,0.68806,0.68894,0.68764,0.68879,10776.68
2022.09.13 11:00:00,0.68882,0.68984,0.68859,0.68971,8626.28
2022.09.13 12:00:00,0.68972,0.69082,0.6894,0.69022,8973.81
2022.09.13 13:00:00,0.69022,0.69136,0.68968,0.69126,8869.91
2022.09.13 14:00:00,0.69126,0.69155,0.6907,0.69094,8814.63
2022.09.13 15:00:00,0.6909,0.691,0.67927,0.67942,31941.18
2022.09.13 16:00:00,0.67944,0.68154,0.67782,0.6803,32449.28
2022.09.13 17:00:00,0.6803,0.68047,0.67722,0.67744,26628.32
2022.09.13 18:00:00,0.67743,0.67805,0.67604,0.6762,13858.42
2022.09.13 19:00:00,0.67619,0.67702,0.6756,0.67598,7394.94
2022.09.13 20:00:00,0.67597,0.67676,0.67544,0.67554,6892.31
2022.09.13 21:00:00,0.67555,0.67566,0.67335,0.67346,6109.92
2022.09.13 22:00:00,0.67346,0.67374,0.6726,0.67317,9185.47
2022.09.13 23:00:00,0.67316,0.67346,0.6727,0.67281,4784.1
2022.09.14 00:00:00,0.67274,0.67376,0.6725,0.67331,928.09
2022.09.14 01:00:00,0.67342,0.67389,0.67246,0.67334,4648.88
2022.09.14 02:00:00,0.67336,0.67428,0.67276,0.674,7777.54
2022.09.14 03:00:00,0.674,0.67475,0.67297,0.6741,11573.46
2022.09.14 04:00:00,0.6741,0.67444,0.67287,0.67404,10557.56
2022.09.14 05:00:00,0.67404,0.67471,0.67304,0.67306,9637.18
2022.09.14 06:00:00,0.67306,0.67337,0.67249,0.67286,8584.91
2022.09.14 07:00:00,0.67287,0.67412,0.67229,0.67348,11788.62
2022.09.14 08:00:00,0.67353,0.67416,0.67204,0.67228,9108.03
2022.09.14 09:00:00,0.67226,0.67249,0.67097,0.67126,15622.18
2022.09.14 10:00:00,0.67124,0.67279,0.67044,0.67261,20469.13
2022.09.14 11:00:00,0.6726,0.67422,0.67244,0.6729,16855.88
2022.09.14 12:00:00,0.67289,0.67395,0.67241,0.67347,11816.1
2022.09.14 13:00:00,0.67349,0.67428,0.67249,0.67249,10676.84
2022.09.14 14:00:00,0.67251,0.67263,0.67064,0.67092,13888
2022.09.14 15:00:00,0.67091,0.67332,0.67071,0.67244,23217.16
2022.09.14 16:00:00,0.67244,0.67409,0.67214,0.67366,21889.08
2022.09.14 17:00:00,0.67364,0.67568,0.67221,0.67511,23478.09
2022.09.14 18:00:00,0.67512,0.67597,0.67443,0.67502,13199.17
2022.09.14 19:00:00,0.67506,0.67597,0.6747,0.67526,7008.66
2022.09.14 20:00:00,0.67525,0.67547,0.67422,0.67435,5559.03
2022.09.14 21:00:00,0.67434,0.6746,0.67385,0.67385,7117.61
2022.09.14 22:00:00,0.67384,0.6744,0.67326,0.67436,12098.61
2022.09.14 23:00:00,0.67436,0.67476,0.67422,0.67476,2069.28
2022.09.15 00:00:00,0.67472,0.67484,0.67316,0.67468,556.22
2022.09.15 01:00:00,0.67468,0.67609,0.67464,0.67572,3342.23
2022.09.15 02:00:00,0.67571,0.67617,0.67508,0.6752,6238.45
2022.09.15 03:00:00,0.67524,0.67524,0.6742,0.67452,6054.32
2022.09.15 04:00:00,0.67451,0.67655,0.67394,0.67635,10662.56
2022.09.15 05:00:00,0.67633,0.67694,0.67589,0.67601,7073.77
2022.09.15 06:00:00,0.67601,0.67626,0.67524,0.67582,5893.06
2022.09.15 07:00:00,0.6758,0.67618,0.67532,0.67571,5843.54
2022.09.15 08:00:00,0.67572,0.67576,0.67446,0.67479,7876.29
2022.09.15 09:00:00,0.67479,0.67584,0.67438,0.67551,9985.95
2022.09.15 10:00:00,0.6755,0.67621,0.67489,0.676,13093.72
2022.09.15 11:00:00,0.676,0.67604,0.67397,0.67525,12216.31
2022.09.15 12:00:00,0.67526,0.67531,0.67355,0.67432,10196.54
2022.09.15 13:00:00,0.67425,0.6746,0.67178,0.67275,11701.86
2022.09.15 14:00:00,0.67273,0.67377,0.67243,0.67296,10101.74
2022.09.15 15:00:00,0.67295,0.67477,0.67182,0.67408,22246.83
2022.09.15 16:00:00,0.67407,0.67457,0.6716,0.67446,22705.16
2022.09.15 17:00:00,0.67445,0.67492,0.67135,0.67187,22113.11
2022.09.15 18:00:00,0.67186,0.67221,0.67045,0.67066,15259.89
2022.09.15 19:00:00,0.67064,0.67171,0.67018,0.67169,7817.78
2022.09.15 20:00:00,0.6717,0.67284,0.6714,0.67146,9520.25
2022.09.15 21:00:00,0.67147,0.67148,0.67016,0.67017,8782.18
2022.09.15 22:00:00,0.67017,0.67058,0.66954,0.67017,8109.13
2022.09.15 23:00:00,0.67015,0.67033,0.66979,0.67017,2635.91
2022.09.16 00:00:00,0.67,0.67005,0.66964,0.66968,555.22
2022.09.16 01:00:00,0.66974,0.66984,0.66895,0.66902,2495.46
2022.09.16 02:00:00,0.66906,0.6692,0.66843,0.6686,3566.53
2022.09.16 03:00:00,0.6686,0.67071,0.66856,0.66995,6450.25
2022.09.16 04:00:00,0.66995,0.67118,0.66949,0.66978,9840.47
2022.09.16 05:00:00,0.66979,0.67107,0.66964,0.67105,6976.32
2022.09.16 06:00:00,0.67105,0.67213,0.67025,0.67117,6181.7
2022.09.16 07:00:00,0.67117,0.67236,0.67107,0.67198,3905.34
2022.09.16 08:00:00,0.67197,0.67201,0.67011,0.67046,5379.57
2022.09.16 09:00:00,0.67047,0.6707,0.66913,0.66968,13281.91
2022.09.16 10:00:00,0.66967,0.67054,0.66694,0.66754,17783.3
2022.09.16 11:00:00,0.66754,0.66804,0.66696,0.66742,15152.19
2022.09.16 12:00:00,0.66743,0.66843,0.66741,0.66752,13294.91
2022.09.16 13:00:00,0.66753,0.66966,0.66729,0.66931,10681.22
2022.09.16 14:00:00,0.66928,0.66942,0.66853,0.66905,11543.25
2022.09.16 15:00:00,0.66905,0.66923,0.6672,0.6672,15922.37
2022.09.16 16:00:00,0.66719,0.66855,0.66706,0.66814,22520.19
2022.09.16 17:00:00,0.66818,0.67117,0.66794,0.67041,28701.56
2022.09.16 18:00:00,0.67041,0.67067,0.6688,0.67011,18641.42
2022.09.16 19:00:00,0.6701,0.67054,0.66863,0.66941,7586.62
2022.09.16 20:00:00,0.6694,0.67006,0.66907,0.66936,6785.81
2022.09.16 21:00:00,0.66936,0.67084,0.66935,0.67053,5779.68
2022.09.16 22:00:00,0.67056,0.67209,0.6705,0.67189,12713.87
2022.09.16 23:00:00,0.67189,0.67231,0.6715,0.67195,3798.09
2022.09.19 00:00:00,0.67136,0.67161,0.67105,0.67127,137.95
2022.09.19 01:00:00,0.67127,0.67322,0.67099,0.67288,4896.26
2022.09.19 02:00:00,0.67288,0.67334,0.67237,0.67244,5752.72
2022.09.19 03:00:00,0.67244,0.67314,0.67198,0.67232,8126.9
2022.09.19 04:00:00,0.67231,0.67271,0.67158,0.67166,9812.59
2022.09.19 05:00:00,0.67166,0.67188,0.66981,0.67124,12697.88
2022.09.19 06:00:00,0.67124,0.67128,0.6702,0.67054,4849.98
2022.09.19 07:00:00,0.67056,0.67108,0.67018,0.67105,4443.4
2022.09.19 08:00:00,0.67106,0.67108,0.66925,0.66955,7389.56
2022.09.19 09:00:00,0.66955,0.66955,0.66849,0.66899,7835.94
2022.09.19 10:00:00,0.669,0.66925,0.6681,0.66831,12308.08
2022.09.19 11:00:00,0.66831,0.66878,0.66753,0.66763,9903.92
2022.09.19 12:00:00,0.66763,0.66837,0.66723,0.66751,8684.94
2022.09.19 13:00:00,0.66752,0.66876,0.66719,0.66833,8671.55
2022.09.19 14:00:00,0.66835,0.66909,0.66756,0.66767,11361.24
2022.09.19 15:00:00,0.66767,0.66861,0.66757,0.66826,12882.36
2022.09.19 16:00:00,0.66826,0.66873,0.66715,0.66803,15381.29
2022.09.19 17:00:00,0.668,0.67033,0.6675,0.6701,19464.74
2022.09.19 18:00:00,0.67011,0.6707,0.66919,0.66927,10588.73
2022.09.19 19:00:00,0.66927,0.67141,0.66912,0.67131,7448.3
2022.09.19 20:00:00,0.67131,0.67139,0.67046,0.67079,4467.37
2022.09.19 21:00:00,0.67082,0.67127,0.67063,0.67111,4127.27
2022.09.19 22:00:00,0.67113,0.67265,0.67111,0.67259,8968.62
2022.09.19 23:00:00,0.67258,0.67281,0.67221,0.67261,1552.61
2022.09.20 00:00:00,0.67256,0.67297,0.67241,0.6727,516.69
2022.09.20 01:00:00,0.6727,0.67334,0.67256,0.67291,2116.01
2022.09.20 02:00:00,0.67291,0.67349,0.67236,0.67318,4640.35
2022.09.20 03:00:00,0.67318,0.6747,0.67188,0.67224,15477.44
2022.09.20 04:00:00,0.67223,0.67277,0.67144,0.67171,9787.5
2022.09.20 05:00:00,0.67171,0.67331,0.67122,0.6732,8715.57
2022.09.20 06:00:00,0.6732,0.6732,0.67207,0.67303,6348.24
2022.09.20 07:00:00,0.67301,0.67303,0.67153,0.67182,5155.14
2022.09.20 08:00:00,0.67181,0.67258,0.67121,0.67185,5455.66
2022.09.20 09:00:00,0.67186,0.67211,0.67064,0.67173,11490.4
2022.09.20 10:00:00,0.67173,0.67322,0.67123,0.67176,14666.86
2022.09.20 11:00:00,0.67174,0.67185,0.66957,0.67077,11841.89
2022.09.20 12:00:00,0.67076,0.67104,0.66927,0.66964,9909.02
2022.09.20 13:00:00,0.66966,0.67118,0.66926,0.67089,8388.94
2022.09.20 14:00:00,0.67089,0.67167,0.67037,0.67047,10482.53
2022.09.20 15:00:00,0.6705,0.6707,0.66904,0.66959,14409.21
2022.09.20 16:00:00,0.66959,0.67055,0.66847,0.66956,18394.9
2022.09.20 17:00:00,0.66953,0.67021,0.66837,0.66967,21438.68
2022.09.20 18:00:00,0.66966,0.67058,0.66912,0.67024,11698.44
2022.09.20 19:00:00,0.67025,0.67042,0.66881,0.66927,6637.25
2022.09.20 20:00:00,0.66927,0.66938,0.66759,0.66797,8849.78
2022.09.20 21:00:00,0.66797,0.66927,0.66791,0.66906,6387.56
2022.09.20 22:00:00,0.66905,0.6697,0.66876,0.6692,6936.65
2022.09.20 23:00:00,0.66919,0.66952,0.66878,0.66881,1615.27
2022.09.21 00:00:00,0.66879,0.66925,0.66857,0.66869,713.1
2022.09.21 01:00:00,0.66869,0.66915,0.66842,0.66898,2555.69
2022.09.21 02:00:00,0.66899,0.66962,0.66892,0.66942,3682.74
2022.09.21 03:00:00,0.66941,0.67027,0.66889,0.66903,8089.89
2022.09.21 04:00:00,0.66903,0.66911,0.66775,0.66828,8661.68
2022.09.21 05:00:00,0.66827,0.66914,0.66798,0.66855,7006.45
2022.09.21 06:00:00,0.66855,0.66875,0.66722,0.66767,6002.42
2022.09.21 07:00:00,0.66767,0.66781,0.66653,0.66676,5852.07
2022.09.21 08:00:00,0.66677,0.66831,0.6667,0.66723,7168.34
2022.09.21 09:00:00,0.66726,0.66811,0.6654,0.66586,24331.31
2022.09.21 10:00:00,0.66588,0.66791,0.66564,0.66695,20775.12
2022.09.21 11:00:00,0.66696,0.66737,0.66632,0.66652,10084.55
2022.09.21 12:00:00,0.66652,0.66762,0.66638,0.66755,8766.78
2022.09.21 13:00:00,0.66756,0.66777,0.66673,0.66733,7738.04
2022.09.21 14:00:00,0.66732,0.66753,0.66638,0.66713,10542.33
2022.09.21 15:00:00,0.66714,0.66767,0.66628,0.66704,10198.35
2022.09.21 16:00:00,0.66704,0.66732,0.66551,0.66605,16183.97
2022.09.21 17:00:00,0.66606,0.66684,0.66527,0.66594,19897.81
2022.09.21 18:00:00,0.66593,0.66637,0.66533,0.66599,12525.28
2022.09.21 19:00:00,0.66599,0.66625,0.66508,0.66508,7672.68
2022.09.21 20:00:00,0.66508,0.66674,0.66497,0.66621,7801.61
2022.09.21 21:00:00,0.66618,0.67044,0.66208,0.66971,49269.63
2022.09.21 22:00:00,0.66971,0.67018,0.66322,0.66361,33196.07
2022.09.21 23:00:00,0.66359,0.66377,0.66274,0.66288,4688.09
2022.09.22 00:00:00,0.66281,0.66358,0.66256,0.66315,682.84
2022.09.22 01:00:00,0.66306,0.66345,0.66214,0.66224,3329.53
2022.09.22 02:00:00,0.66224,0.66239,0.66068,0.66116,5177.48
2022.09.22 03:00:00,0.6612,0.66128,0.65886,0.65891,12975.69
2022.09.22 04:00:00,0.65891,0.65963,0.65852,0.65951,13781.37
2022.09.22 05:00:00,0.65951,0.66044,0.65822,0.65955,13505.25
2022.09.22 06:00:00,0.65957,0.65998,0.65875,0.65894,10831.08
2022.09.22 07:00:00,0.65894,0.66029,0.65888,0.6602,6210.4
2022.09.22 08:00:00,0.6602,0.661,0.65962,0.65998,6866.63
2022.09.22 09:00:00,0.66,0.66053,0.65788,0.65788,16880.93
2022.09.22 10:00:00,0.65788,0.66102,0.65736,0.66089,22609.5
2022.09.22 11:00:00,0.66089,0.66697,0.66068,0.66498,38360.87
2022.09.22 12:00:00,0.66499,0.66541,0.66269,0.66274,17317.69
2022.09.22 13:00:00,0.66274,0.66441,0.6626,0.66434,14991.33
2022.09.22 14:00:00,0.66434,0.66523,0.66242,0.665,28142.3
2022.09.22 15:00:00,0.66502,0.66703,0.66488,0.66601,26783.35
2022.09.22 16:00:00,0.666,0.6661,0.66136,0.66195,29076.44
2022.09.22 17:00:00,0.66195,0.66409,0.66137,0.66297,29974.05
2022.09.22 18:00:00,0.66295,0.66406,0.66261,0.66349,17708.28
2022.09.22 19:00:00,0.66349,0.66471,0.66336,0.66428,13632.63
2022.09.22 20:00:00,0.66428,0.66505,0.66378,0.66472,11833.34
2022.09.22 21:00:00,0.66471,0.6649,0.66348,0.66366,9844.4
2022.09.22 22:00:00,0.66366,0.66514,0.66366,0.66431,10847.8
2022.09.22 23:00:00,0.66431,0.66448,0.66402,0.6644,1977.32
2022.09.23 00:00:00,0.66444,0.66448,0.66385,0.66417,453.88
2022.09.23 01:00:00,0.66417,0.66451,0.66385,0.66395,2299.56
2022.09.23 02:00:00,0.66395,0.66456,0.66385,0.66436,4642.72
2022.09.23 03:00:00,0.66432,0.66544,0.66431,0.66503,7597.83
2022.09.23 04:00:00,0.66503,0.66552,0.66317,0.66392,10302.45
2022.09.23 05:00:00,0.66392,0.66392,0.66212,0.66245,7313.36
2022.09.23 06:00:00,0.66245,0.66283,0.66153,0.66175,6152.27
2022.09.23 07:00:00,0.66176,0.66192,0.66095,0.66136,5821.69
2022.09.23 08:00:00,0.66137,0.66247,0.66132,0.66231,7592.54
2022.09.23 09:00:00,0.66231,0.66319,0.66178,0.66189,13006.73
2022.09.23 10:00:00,0.6619,0.66225,0.65991,0.66007,20857.09
2022.09.23 11:00:00,0.66009,0.66056,0.65787,0.65819,16685.35
2022.09.23 12:00:00,0.6582,0.65871,0.65643,0.65825,20883.36
2022.09.23 13:00:00,0.65824,0.65886,0.65584,0.65594,23550.91
2022.09.23 14:00:00,0.65594,0.65807,0.65591,0.65774,26376.21
2022.09.23 15:00:00,0.65773,0.65846,0.65724,0.65739,21492.25
2022.09.23 16:00:00,0.65739,0.65903,0.65591,0.65649,28635.93
2022.09.23 17:00:00,0.65651,0.65694,0.65355,0.65358,31114.23
2022.09.23 18:00:00,0.65358,0.65502,0.65355,0.65418,18360.71
2022.09.23 19:00:00,0.65418,0.65461,0.65295,0.65391,8124.74
2022.09.23 20:00:00,0.65392,0.65425,0.65243,0.65281,10660.68
2022.09.23 21:00:00,0.6528,0.65323,0.65108,0.65133,17438.43
2022.09.23 22:00:00,0.65133,0.65355,0.65133,0.6532,19737.05
2022.09.23 23:00:00,0.65319,0.65358,0.65257,0.65358,3947.24
2022.09.26 00:00:00,0.65141,0.65225,0.65128,0.6519,768.64
2022.09.26 01:00:00,0.65192,0.65374,0.65092,0.65323,7042.29
2022.09.26 02:00:00,0.65323,0.65343,0.65192,0.65301,11395.63
2022.09.26 03:00:00,0.65302,0.65363,0.64861,0.64913,22142.84
2022.09.26 04:00:00,0.64913,0.65334,0.64887,0.6521,33151.82
2022.09.26 05:00:00,0.65212,0.65263,0.65075,0.65194,16374.6
2022.09.26 06:00:00,0.65192,0.65192,0.6497,0.65014,11870.23
2022.09.26 07:00:00,0.65014,0.6506,0.6489,0.64916,14032.7
2022.09.26 08:00:00,0.64916,0.65053,0.64856,0.64942,16338.56
2022.09.26 09:00:00,0.64941,0.65054,0.6483,0.64858,26472.15
2022.09.26 10:00:00,0.64858,0.65322,0.64851,0.65033,32885.27
2022.09.26 11:00:00,0.65032,0.65233,0.65003,0.65207,23070.83
2022.09.26 12:00:00,0.65208,0.65249,0.64923,0.6495,15565.77
2022.09.26 13:00:00,0.64952,0.65063,0.64903,0.64921,21306.22
2022.09.26 14:00:00,0.64921,0.65011,0.64858,0.64891,18865.93
2022.09.26 15:00:00,0.64891,0.65186,0.6485,0.65105,22954.17
2022.09.26 16:00:00,0.65104,0.65232,0.64959,0.65187,25904.36
2022.09.26 17:00:00,0.65189,0.65211,0.64867,0.64904,32529.56
2022.09.26 18:00:00,0.64906,0.65005,0.64564,0.64641,35878.76
2022.09.26 19:00:00,0.64641,0.64661,0.64424,0.64531,19976.46
2022.09.26 20:00:00,0.64531,0.64536,0.64371,0.64389,12368.55
2022.09.26 21:00:00,0.64387,0.6462,0.64377,0.64546,10793.51
2022.09.26 22:00:00,0.64545,0.64717,0.64545,0.6459,11852.06
2022.09.26 23:00:00,0.64593,0.64626,0.64526,0.6454,2778.05
2022.09.27 00:00:00,0.64533,0.64544,0.64504,0.64541,1368.12
2022.09.27 01:00:00,0.64537,0.64612,0.64516,0.64562,5317.77
2022.09.27 02:00:00,0.64564,0.64732,0.64559,0.64708,8599.3
2022.09.27 03:00:00,0.64709,0.64932,0.64696,0.64906,18362.6
2022.09.27 04:00:00,0.64906,0.64942,0.6479,0.64816,23197.64
2022.09.27 05:00:00,0.64816,0.6485,0.64745,0.64827,17956.85
2022.09.27 06:00:00,0.64826,0.64845,0.64718,0.64801,9862.48
2022.09.27 07:00:00,0.64801,0.649,0.64799,0.64841,8731.58
2022.09.27 08:00:00,0.64842,0.65037,0.64755,0.6501,16012.73
2022.09.27 09:00:00,0.6501,0.65126,0.64917,0.64948,19207.12
2022.09.27 10:00:00,0.64947,0.65057,0.64896,0.64914,21106.25
2022.09.27 11:00:00,0.64912,0.64934,0.64749,0.64869,18462.94
2022.09.27 12:00:00,0.6487,0.64896,0.64737,0.64771,15823.79
2022.09.27 13:00:00,0.64771,0.64994,0.64751,0.64902,15919.17
2022.09.27 14:00:00,0.64903,0.64986,0.64881,0.64881,14931.31
2022.09.27 15:00:00,0.64881,0.64937,0.64679,0.64688,18261.29
2022.09.27 16:00:00,0.64689,0.64855,0.6462,0.64688,28693.4
2022.09.27 17:00:00,0.64688,0.64698,0.64494,0.64622,35715.44
2022.09.27 18:00:00,0.64622,0.64678,0.64403,0.64433,23769.35
2022.09.27 19:00:00,0.64434,0.64454,0.64134,0.64224,16316.1
2022.09.27 20:00:00,0.64222,0.64231,0.64142,0.64208,13023.12
2022.09.27 21:00:00,0.6421,0.6435,0.64179,0.64339,12114.53
2022.09.27 22:00:00,0.64342,0.64343,0.64211,0.64289,12151.54
2022.09.27 23:00:00,0.64289,0.64355,0.64271,0.64335,1897.5
2022.09.28 00:00:00,0.64344,0.64365,0.64227,0.64317,308
2022.09.28 01:00:00,0.64316,0.64386,0.64277,0.64277,3552.44
2022.09.28 02:00:00,0.64282,0.64362,0.64234,0.64339,7566.03
2022.09.28 03:00:00,0.64335,0.64441,0.64266,0.64342,15307.72
2022.09.28 04:00:00,0.64341,0.64386,0.64015,0.64057,23274.49
2022.09.28 05:00:00,0.64056,0.64076,0.63881,0.63969,21610.1
2022.09.28 06:00:00,0.63972,0.64108,0.63969,0.63987,13110.61
2022.09.28 07:00:00,0.63988,0.63994,0.63796,0.63852,11002.79
2022.09.28 08:00:00,0.63852,0.63955,0.63765,0.63839,14422.66
2022.09.28 09:00:00,0.6384,0.64022,0.63626,0.63633,20750.46
2022.09.28 10:00:00,0.63633,0.63989,0.63633,0.63919,28092.4
2022.09.28 11:00:00,0.63919,0.63985,0.63792,0.63873,22532.91
2022.09.28 12:00:00,0.63874,0.63896,0.6364,0.63783,21409.56
2022.09.28 13:00:00,0.63782,0.64431,0.63759,0.64141,46982.43
2022.09.28 14:00:00,0.64141,0.6415,0.63893,0.6403,31205
2022.09.28 15:00:00,0.6403,0.64324,0.64027,0.64261,33001.27
2022.09.28 16:00:00,0.6426,0.64672,0.64205,0.64484,37931.09
2022.09.28 17:00:00,0.64487,0.64853,0.64453,0.64748,35168.36
2022.09.28 18:00:00,0.64748,0.65113,0.64715,0.65102,25245.65
2022.09.28 19:00:00,0.65103,0.65216,0.65016,0.65132,15064.39
2022.09.28 20:00:00,0.65132,0.65303,0.65103,0.65174,13708.5
2022.09.28 21:00:00,0.65174,0.65295,0.65131,0.65259,7968.33
2022.09.28 22:00:00,0.6526,0.65271,0.65132,0.65165,9208.1
2022.09.28 23:00:00,0.65165,0.6523,0.65116,0.65211,3116.4
2022.09.29 00:00:00,0.65206,0.65242,0.65127,0.65185,626.46
2022.09.29 01:00:00,0.65181,0.65207,0.65091,0.65093,6399.16
2022.09.29 02:00:00,0.65093,0.65143,0.65018,0.65023,9615.56
2022.09.29 03:00:00,0.65024,0.65076,0.64871,0.64887,16796.39
2022.09.29 04:00:00,0.64886,0.65042,0.64851,0.64863,16615.22
2022.09.29 05:00:00,0.64863,0.64904,0.64702,0.6475,13727.19
2022.09.29 06:00:00,0.64751,0.6488,0.64717,0.64863,12124.1
2022.09.29 07:00:00,0.64864,0.6493,0.64815,0.64891,8714.11
2022.09.29 08:00:00,0.64894,0.64928,0.64625,0.64645,14016.14
2022.09.29 09:00:00,0.64647,0.64702,0.64529,0.64656,19847.19
2022.09.29 10:00:00,0.64659,0.64675,0.6435,0.64471,30968.26
2022.09.29 11:00:00,0.64471,0.64579,0.64401,0.64522,25256.61
2022.09.29 12:00:00,0.6452,0.64786,0.64518,0.64699,25436.97
2022.09.29 13:00:00,0.64698,0.64732,0.64588,0.64692,25539.13
2022.09.29 14:00:00,0.64692,0.65025,0.64681,0.64863,20983.27
2022.09.29 15:00:00,0.64864,0.64878,0.64589,0.64618,27450.41
2022.09.29 16:00:00,0.64619,0.64926,0.64606,0.64753,32928.16
2022.09.29 17:00:00,0.64754,0.64791,0.64477,0.64738,32741.08
2022.09.29 18:00:00,0.64739,0.64959,0.64698,0.64883,24562
2022.09.29 19:00:00,0.64881,0.65014,0.64794,0.64797,9803.73
2022.09.29 20:00:00,0.64797,0.64874,0.6466,0.64678,7327.67
2022.09.29 21:00:00,0.64679,0.64803,0.64636,0.64743,9956.75
2022.09.29 22:00:00,0.64748,0.64979,0.64739,0.64954,13209.2
2022.09.29 23:00:00,0.64954,0.64995,0.64899,0.64985,3570.77
2022.09.30 00:00:00,0.64986,0.64998,0.64672,0.64988,511.07
2022.09.30 01:00:00,0.64991,0.6518,0.64976,0.65018,6578.29
2022.09.30 02:00:00,0.65019,0.6516,0.65003,0.65078,9321.79
2022.09.30 03:00:00,0.65077,0.65122,0.64942,0.65067,20509.73
2022.09.30 04:00:00,0.65066,0.65096,0.64912,0.64961,19451.72
2022.09.30 05:00:00,0.64961,0.65032,0.64808,0.64955,21370.19
2022.09.30 06:00:00,0.64957,0.64993,0.64832,0.64838,16625.03
2022.09.30 07:00:00,0.64837,0.64878,0.64781,0.64807,9772.23
2022.09.30 08:00:00,0.64805,0.65023,0.648,0.65003,13921.04
2022.09.30 09:00:00,0.65006,0.65037,0.64756,0.64844,24563.14
2022.09.30 10:00:00,0.64845,0.65092,0.64845,0.65015,24674.99
2022.09.30 11:00:00,0.65015,0.65234,0.65015,0.65133,24197.02
2022.09.30 12:00:00,0.65133,0.65141,0.64905,0.64911,19156.87
2022.09.30 13:00:00,0.6491,0.65013,0.64667,0.64708,18892.41
2022.09.30 14:00:00,0.64711,0.64733,0.64596,0.64639,16325.84
2022.09.30 15:00:00,0.64637,0.64882,0.64507,0.64758,31463.51
2022.09.30 16:00:00,0.64761,0.64857,0.6467,0.64784,33149
2022.09.30 17:00:00,0.64784,0.6485,0.64243,0.64281,35295.79
2022.09.30 18:00:00,0.64283,0.64509,0.64238,0.64353,24133.89
2022.09.30 19:00:00,0.64351,0.64357,0.64179,0.64299,8906.1
2022.09.30 20:00:00,0.64298,0.64342,0.64176,0.64193,5688.9
2022.09.30 21:00:00,0.64193,0.64237,0.64044,0.64071,10711.37
2022.09.30 22:00:00,0.6407,0.64137,0.63908,0.63957,16246.72
2022.09.30 23:00:00,0.6396,0.64023,0.63907,0.64023,4964.19
2022.10.03 00:00:00,0.63995,0.6409,0.63975,0.64016,309.74
2022.10.03 01:00:00,0.64016,0.64278,0.64014,0.64161,7108.93
2022.10.03 02:00:00,0.6416,0.64269,0.64125,0.64192,10428.05
2022.10.03 03:00:00,0.64192,0.64249,0.64109,0.64219,13212.88
2022.10.03 04:00:00,0.6422,0.64487,0.6422,0.64459,12702.43
2022.10.03 05:00:00,0.64457,0.6446,0.64301,0.64301,8575.41
2022.10.03 06:00:00,0.64302,0.64364,0.64263,0.64294,10064.43
2022.10.03 07:00:00,0.64295,0.64332,0.64191,0.64267,12669.24
2022.10.03 08:00:00,0.64267,0.64595,0.64228,0.64531,15909.68
2022.10.03 09:00:00,0.64533,0.64557,0.6424,0.64337,21241.64
2022.10.03 10:00:00,0.64338,0.64485,0.64245,0.64475,23323.23
2022.10.03 11:00:00,0.64476,0.64539,0.64376,0.64486,19826.89
2022.10.03 12:00:00,0.64485,0.64488,0.64354,0.64436,13900.24
2022.10.03 13:00:00,0.64436,0.64508,0.64384,0.64477,12519.62
2022.10.03 14:00:00,0.64475,0.64578,0.64455,0.64578,12317.31
2022.10.03 15:00:00,0.64577,0.64792,0.64512,0.6466,17341.69
2022.10.03 16:00:00,0.6466,0.64876,0.64629,0.6472,20608.95
2022.10.03 17:00:00,0.64729,0.65097,0.64727,0.64977,34313.52
2022.10.03 18:00:00,0.64976,0.65166,0.64971,0.64995,17628
2022.10.03 19:00:00,0.64994,0.65089,0.64965,0.6507,11662.51
2022.10.03 20:00:00,0.6507,0.65105,0.65004,0.65032,7571.08
2022.10.03 21:00:00,0.65032,0.65214,0.65023,0.65163,9446.35
2022.10.03 22:00:00,0.65163,0.65163,0.65048,0.65142,7199.81
2022.10.03 23:00:00,0.65142,0.65172,0.65129,0.6514,2954.19
2022.10.04 00:00:00,0.65138,0.65164,0.65116,0.65123,545.03
2022.10.04 01:00:00,0.65123,0.65155,0.65001,0.6503,5686.81
2022.10.04 02:00:00,0.65029,0.65173,0.65007,0.65025,8493.74
2022.10.04 03:00:00,0.65026,0.65071,0.64962,0.64988,12001.54
2022.10.04 04:00:00,0.64989,0.65119,0.64905,0.64907,11492.87
2022.10.04 05:00:00,0.64907,0.65034,0.64868,0.65004,9675.65
2022.10.04 06:00:00,0.65002,0.65096,0.64497,0.64896,17085.41
2022.10.04 07:00:00,0.64896,0.64897,0.64538,0.6473,15091.23
2022.10.04 08:00:00,0.6473,0.64951,0.64643,0.64939,14842.18
2022.10.04 09:00:00,0.64942,0.6547,0.64873,0.65403,23381.82
2022.10.04 10:00:00,0.65406,0.65449,0.6521,0.65238,20484.71
2022.10.04 11:00:00,0.65238,0.65244,0.64994,0.65023,16362.15
2022.10.04 12:00:00,0.65024,0.6504,0.64815,0.6484,17698.67
2022.10.04 13:00:00,0.64839,0.64916,0.64692,0.64711,15477.91
2022.10.04 14:00:00,0.64711,0.64731,0.64546,0.64578,16826.41
2022.10.04 15:00:00,0.64582,0.64825,0.64507,0.64815,18144.59
2022.10.04 16:00:00,0.64817,0.64818,0.6462,0.64735,16730.69
2022.10.04 17:00:00,0.64737,0.65165,0.64733,0.64969,27048.75
2022.10.04 18:00:00,0.64969,0.65026,0.64817,0.6491,14287.89
2022.10.04 19:00:00,0.64911,0.651,0.64657,0.64693,10773.44
2022.10.04 20:00:00,0.64693,0.64768,0.64604,0.64768,6871.61
2022.10.04 21:00:00,0.64766,0.64981,0.64679,0.64975,5851.35
2022.10.04 22:00:00,0.64975,0.65037,0.64873,0.65024,10429.75
2022.10.04 23:00:00,0.65024,0.65054,0.64987,0.64987,2822.77
2022.10.05 00:00:00,0.64998,0.6501,0.64967,0.65009,403.07
2022.10.05 01:00:00,0.65007,0.65072,0.64993,0.65055,4466.93
2022.10.05 02:00:00,0.65054,0.65135,0.64996,0.65127,6506.22
2022.10.05 03:00:00,0.65127,0.65195,0.64894,0.64901,16168.47
2022.10.05 04:00:00,0.64897,0.65256,0.64886,0.64945,25472.32
2022.10.05 05:00:00,0.64949,0.65011,0.6472,0.64837,22223.06
2022.10.05 06:00:00,0.64838,0.64964,0.64817,0.64961,16670.12
2022.10.05 07:00:00,0.64961,0.64975,0.64775,0.64855,11112.02
2022.10.05 08:00:00,0.64853,0.64965,0.64852,0.64874,9076.26
2022.10.05 09:00:00,0.64874,0.65217,0.64874,0.65066,12993.25
2022.10.05 10:00:00,0.65067,0.65083,0.6482,0.64841,22470.1
2022.10.05 11:00:00,0.64842,0.64887,0.64699,0.64815,16629.7
2022.10.05 12:00:00,0.64816,0.64889,0.64647,0.64669,13810.83
2022.10.05 13:00:00,0.64671,0.64711,0.646,0.64709,11789.74
2022.10.05 14:00:00,0.64709,0.64728,0.64324,0.64393,15412.78
2022.10.05 15:00:00,0.64395,0.64562,0.64357,0.64539,20019.53
2022.10.05 16:00:00,0.64539,0.64604,0.64334,0.64492,22772.92
2022.10.05 17:00:00,0.64492,0.64492,0.6416,0.64455,32376.83
2022.10.05 18:00:00,0.64456,0.64654,0.6438,0.64644,16475.3
2022.10.05 19:00:00,0.64643,0.6469,0.64574,0.64631,10387.48
2022.10.05 20:00:00,0.64632,0.64851,0.64626,0.64763,8453.89
2022.10.05 21:00:00,0.64762,0.65037,0.64748,0.65032,7670.2
2022.10.05 22:00:00,0.65033,0.65128,0.64967,0.64991,10606.19
2022.10.05 23:00:00,0.64994,0.65032,0.64864,0.64864,2921.75
2022.10.06 00:00:00,0.64865,0.64894,0.64692,0.64893,272.4
2022.10.06 01:00:00,0.64893,0.64981,0.64872,0.64945,3808.92
2022.10.06 02:00:00,0.64945,0.65125,0.64931,0.65117,7275.27
2022.10.06 03:00:00,0.65116,0.65249,0.65055,0.65104,15080.97
2022.10.06 04:00:00,0.65103,0.65175,0.65022,0.65153,18098.84
2022.10.06 05:00:00,0.65152,0.65363,0.65138,0.65335,18526.47
2022.10.06 06:00:00,0.65334,0.65404,0.65243,0.65257,14693.57
2022.10.06 07:00:00,0.65259,0.65349,0.65189,0.65347,13309.86
2022.10.06 08:00:00,0.65349,0.65363,0.65229,0.65263,11859.15
2022.10.06 09:00:00,0.65263,0.65263,0.65024,0.65029,21041.51
2022.10.06 10:00:00,0.6503,0.65167,0.64991,0.65026,25365.38
2022.10.06 11:00:00,0.65026,0.65075,0.64747,0.64784,25464.86
2022.10.06 12:00:00,0.64785,0.64846,0.64641,0.64643,18555.85
2022.10.06 13:00:00,0.64645,0.64699,0.64526,0.64581,15940.51
2022.10.06 14:00:00,0.64583,0.6468,0.64531,0.64621,21104.54
2022.10.06 15:00:00,0.6462,0.64816,0.64564,0.64635,25183.37
2022.10.06 16:00:00,0.64635,0.64676,0.6441,0.64485,32273.22
2022.10.06 17:00:00,0.64485,0.64487,0.64153,0.64309,37598.07
2022.10.06 18:00:00,0.6431,0.64351,0.64096,0.64103,25863.53
2022.10.06 19:00:00,0.64102,0.64146,0.63887,0.64118,19185.93
2022.10.06 20:00:00,0.64119,0.64236,0.64116,0.64203,11001.64
2022.10.06 21:00:00,0.64204,0.64231,0.64021,0.64068,11055.04
2022.10.06 22:00:00,0.64067,0.64134,0.63993,0.64092,14107.24
2022.10.06 23:00:00,0.64092,0.64134,0.64018,0.64077,4425.59
2022.10.07 00:00:00,0.64072,0.64122,0.63929,0.64104,1594.74
2022.10.07 01:00:00,0.64109,0.64178,0.6408,0.64085,3541.92
2022.10.07 02:00:00,0.64084,0.64146,0.64056,0.64137,7103.31
2022.10.07 03:00:00,0.64136,0.64186,0.64043,0.64123,18747.55
2022.10.07 04:00:00,0.64123,0.64279,0.64058,0.64277,11736.98
2022.10.07 05:00:00,0.64276,0.64319,0.64168,0.64266,9121.65
2022.10.07 06:00:00,0.64266,0.64301,0.6416,0.64169,8235.76
2022.10.07 07:00:00,0.64171,0.64212,0.64026,0.64026,7703.9
2022.10.07 08:00:00,0.64026,0.64175,0.64026,0.64149,9778.56
2022.10.07 09:00:00,0.64149,0.64149,0.63844,0.63898,18981.77
2022.10.07 10:00:00,0.63897,0.64165,0.63885,0.64039,17705.4
2022.10.07 11:00:00,0.6404,0.64246,0.64021,0.64159,13040.57
2022.10.07 12:00:00,0.64159,0.6428,0.64143,0.64228,9356.9
2022.10.07 13:00:00,0.64228,0.64277,0.64133,0.64212,9772.39
2022.10.07 14:00:00,0.6421,0.64281,0.641,0.64108,9530.81
2022.10.07 15:00:00,0.64106,0.64201,0.63697,0.63846,29784.04
2022.10.07 16:00:00,0.63847,0.64104,0.63796,0.63913,33156.06
2022.10.07 17:00:00,0.63907,0.64119,0.63786,0.64046,30250.46
2022.10.07 18:00:00,0.64046,0.64074,0.63851,0.63922,17728.81
2022.10.07 19:00:00,0.63921,0.63987,0.63721,0.63812,10252.63
2022.10.07 20:00:00,0.63813,0.6387,0.63745,0.63781,5951.35
2022.10.07 21:00:00,0.63781,0.63796,0.63659,0.63667,10584.94
2022.10.07 22:00:00,0.63666,0.6368,0.63537,0.63625,12902.61
2022.10.07 23:00:00,0.63625,0.63687,0.63572,0.63604,3921.45
2022.10.10 00:00:00,0.63569,0.63656,0.63569,0.63647,39.6
2022.10.10 01:00:00,0.63651,0.63651,0.63445,0.63447,8525.3
2022.10.10 02:00:00,0.63446,0.63608,0.63415,0.63601,12198.59
2022.10.10 03:00:00,0.63601,0.6366,0.63503,0.63642,18996.67
2022.10.10 04:00:00,0.63641,0.63796,0.63631,0.6374,20810.07
2022.10.10 05:00:00,0.6374,0.6374,0.63567,0.63596,15727.03
2022.10.10 06:00:00,0.63594,0.63625,0.63423,0.63473,13400.1
2022.10.10 07:00:00,0.6347,0.63539,0.63217,0.63328,10084.17
2022.10.10 08:00:00,0.63328,0.63395,0.63221,0.63233,10299.7
2022.10.10 09:00:00,0.63234,0.63307,0.63131,0.63175,14550.37
2022.10.10 10:00:00,0.63176,0.63298,0.63031,0.63089,19494.16
2022.10.10 11:00:00,0.63089,0.63105,0.62873,0.63002,18160.14
2022.10.10 12:00:00,0.63001,0.63195,0.62999,0.63179,16252.35
2022.10.10 13:00:00,0.63179,0.63236,0.63037,0.63058,12363.89
2022.10.10 14:00:00,0.63058,0.63171,0.63002,0.63139,14920.25
2022.10.10 15:00:00,0.63138,0.63279,0.63071,0.63264,16411.35
2022.10.10 16:00:00,0.63265,0.63285,0.63009,0.63099,25175.79
2022.10.10 17:00:00,0.63098,0.632,0.62833,0.62839,33021.6
2022.10.10 18:00:00,0.62839,0.62947,0.62742,0.6292,21047.73
2022.10.10 19:00:00,0.62921,0.62984,0.62816,0.6282,11328.84
2022.10.10 20:00:00,0.62818,0.63042,0.62762,0.63006,14805.87
2022.10.10 21:00:00,0.63009,0.63078,0.62945,0.62952,11362.17
2022.10.10 22:00:00,0.62953,0.63054,0.62945,0.62976,13699.15
2022.10.10 23:00:00,0.62977,0.63001,0.62942,0.6298,1685.95
2022.10.11 00:00:00,0.6298,0.63002,0.62915,0.62955,1254.69
2022.10.11 01:00:00,0.62953,0.63001,0.62929,0.62932,2130.41
2022.10.11 02:00:00,0.62928,0.62984,0.62911,0.62953,6418.34
2022.10.11 03:00:00,0.62953,0.63049,0.62803,0.63005,13782.88
2022.10.11 04:00:00,0.63002,0.63026,0.62701,0.62722,18613.34
2022.10.11 05:00:00,0.62721,0.62791,0.62608,0.62643,13802.84
2022.10.11 06:00:00,0.62643,0.6273,0.62593,0.62623,10742.59
2022.10.11 07:00:00,0.62622,0.62664,0.62468,0.62498,7571.74
2022.10.11 08:00:00,0.62498,0.6265,0.6249,0.62635,10090.93
2022.10.11 09:00:00,0.62636,0.62723,0.62527,0.62577,18293.15
2022.10.11 10:00:00,0.62576,0.62801,0.62541,0.62633,27600.79
2022.10.11 11:00:00,0.62634,0.62853,0.62627,0.62687,20829.23
2022.10.11 12:00:00,0.62688,0.62797,0.62606,0.62658,17510.56
2022.10.11 13:00:00,0.62659,0.62705,0.62488,0.62705,17378.67
2022.10.11 14:00:00,0.62704,0.62964,0.6269,0.62949,18782.21
2022.10.11 15:00:00,0.6295,0.63132,0.62887,0.62978,20793.33
2022.10.11 16:00:00,0.62978,0.63001,0.62712,0.62718,26557.82
2022.10.11 17:00:00,0.62718,0.62917,0.62619,0.62846,32473.87
2022.10.11 18:00:00,0.62845,0.63294,0.62837,0.63278,22934.24
2022.10.11 19:00:00,0.63278,0.63453,0.6317,0.63297,17956.78
2022.10.11 20:00:00,0.63299,0.63318,0.63156,0.6318,10104.22
2022.10.11 21:00:00,0.63182,0.63193,0.62655,0.62658,16959.51
2022.10.11 22:00:00,0.62659,0.62797,0.62574,0.62746,24383.54
2022.10.11 23:00:00,0.62746,0.62772,0.62679,0.62698,3800.3
2022.10.12 00:00:00,0.62698,0.62743,0.62653,0.62715,1555.41
2022.10.12 01:00:00,0.62715,0.62775,0.62692,0.62742,2384.7
2022.10.12 02:00:00,0.6274,0.62749,0.62613,0.62641,5070.72
2022.10.12 03:00:00,0.62641,0.62717,0.62536,0.62635,11919.79
2022.10.12 04:00:00,0.62634,0.62676,0.62397,0.62489,22061.85
2022.10.12 05:00:00,0.62491,0.6255,0.62396,0.62547,12093.76
2022.10.12 06:00:00,0.62546,0.62583,0.6247,0.6254,9702.82
2022.10.12 07:00:00,0.62539,0.62809,0.62538,0.62691,22947.15
2022.10.12 08:00:00,0.62691,0.62796,0.62567,0.6276,19220.9
2022.10.12 09:00:00,0.62761,0.62879,0.62676,0.62813,24666.58
2022.10.12 10:00:00,0.62813,0.62882,0.62548,0.62559,28643.8
2022.10.12 11:00:00,0.62558,0.62737,0.62553,0.62591,18596.25
2022.10.12 12:00:00,0.6259,0.62741,0.62568,0.6268,20546.1
2022.10.12 13:00:00,0.62679,0.62733,0.62566,0.62621,12247.56
2022.10.12 14:00:00,0.62619,0.62669,0.62517,0.62546,10995.56
2022.10.12 15:00:00,0.62545,0.62626,0.6235,0.62553,28973.14
2022.10.12 16:00:00,0.62554,0.62647,0.62386,0.62566,25834.53
2022.10.12 17:00:00,0.62566,0.62759,0.62526,0.62697,31057.17
2022.10.12 18:00:00,0.62698,0.62787,0.62648,0.62716,18005.95
2022.10.12 19:00:00,0.62716,0.62734,0.62624,0.62675,11633.53
2022.10.12 20:00:00,0.62675,0.62714,0.62637,0.62694,8755.41
2022.10.12 21:00:00,0.62694,0.62983,0.62658,0.62756,21071.66
2022.10.12 22:00:00,0.62755,0.62801,0.62691,0.6274,11113.1
2022.10.12 23:00:00,0.62741,0.62775,0.62717,0.62763,1747.79
2022.10.13 00:00:00,0.62758,0.62779,0.62713,0.62758,677.72
2022.10.13 01:00:00,0.62758,0.62793,0.62699,0.62704,3476.56
2022.10.13 02:00:00,0.62704,0.62781,0.62698,0.62751,3704.16
2022.10.13 03:00:00,0.62747,0.62901,0.62711,0.62852,11664.53
2022.10.13 04:00:00,0.62854,0.62898,0.62802,0.62841,9498.55
2022.10.13 05:00:00,0.62839,0.62852,0.62699,0.62722,7107.69
2022.10.13 06:00:00,0.62721,0.6274,0.62668,0.62722,4281.08
2022.10.13 07:00:00,0.62723,0.62765,0.62681,0.62755,2611.78
2022.10.13 08:00:00,0.62756,0.62821,0.62726,0.6276,5298.27
2022.10.13 09:00:00,0.62761,0.62806,0.62675,0.62694,10721.63
2022.10.13 10:00:00,0.62694,0.62802,0.62644,0.62775,14303.87
2022.10.13 11:00:00,0.62775,0.62848,0.62701,0.62844,8938.19
2022.10.13 12:00:00,0.6284,0.62987,0.62826,0.62919,12892.91
2022.10.13 13:00:00,0.62919,0.62955,0.62721,0.62766,10160.97
2022.10.13 14:00:00,0.62771,0.62977,0.62758,0.62886,22182.91
2022.10.13 15:00:00,0.62883,0.62917,0.61695,0.62039,36212.57
2022.10.13 16:00:00,0.62037,0.62277,0.61748,0.62177,44021.92
2022.10.13 17:00:00,0.62181,0.62275,0.61928,0.6217,40245.62
2022.10.13 18:00:00,0.62171,0.6294,0.6214,0.6282,44301.33
2022.10.13 19:00:00,0.62821,0.62959,0.62685,0.62818,30694.44
2022.10.13 20:00:00,0.62817,0.63159,0.62811,0.63099,22800.08
2022.10.13 21:00:00,0.631,0.63106,0.62928,0.63041,19064
2022.10.13 22:00:00,0.63041,0.63056,0.62877,0.62935,15324.12
2022.10.13 23:00:00,0.62935,0.62977,0.62904,0.62971,2283.79
2022.10.14 00:00:00,0.62969,0.6297,0.6292,0.62959,328
2022.10.14 01:00:00,0.62964,0.63002,0.62915,0.6299,2576.85
2022.10.14 02:00:00,0.6299,0.63026,0.62941,0.62943,4952.58
2022.10.14 03:00:00,0.62943,0.63111,0.62887,0.63044,14332.2
2022.10.14 04:00:00,0.63043,0.63399,0.6304,0.63376,17499.5
2022.10.14 05:00:00,0.63371,0.63381,0.6324,0.63274,14825.19
2022.10.14 06:00:00,0.63274,0.63428,0.63259,0.63316,10233.54
2022.10.14 07:00:00,0.63319,0.63342,0.63238,0.63257,7864.42
2022.10.14 08:00:00,0.63257,0.63362,0.63217,0.63262,11583.69
2022.10.14 09:00:00,0.63263,0.63465,0.63238,0.63369,21820.53
2022.10.14 10:00:00,0.63369,0.63393,0.63064,0.63233,21547.45
2022.10.14 11:00:00,0.63232,0.63237,0.6295,0.62967,17633.82
2022.10.14 12:00:00,0.62968,0.62974,0.62796,0.62871,15397.56
2022.10.14 13:00:00,0.62872,0.63127,0.62849,0.63013,21791.37
2022.10.14 14:00:00,0.63011,0.63016,0.62724,0.62759,16217.42
2022.10.14 15:00:00,0.6276,0.63205,0.62693,0.63139,25873.99
2022.10.14 16:00:00,0.63143,0.632,0.62599,0.62623,35748.19
2022.10.14 17:00:00,0.62619,0.62619,0.62249,0.62406,44264.87
2022.10.14 18:00:00,0.62405,0.62489,0.62142,0.62186,26142.08
2022.10.14 19:00:00,0.62188,0.62316,0.62066,0.62099,26153.93
2022.10.14 20:00:00,0.62099,0.62158,0.61986,0.62115,18094.48
2022.10.14 21:00:00,0.62115,0.62118,0.61956,0.62018,10545.06
2022.10.14 22:00:00,0.62023,0.62068,0.61934,0.62054,15258.72
2022.10.14 23:00:00,0.62054,0.62072,0.61974,0.61989,3713.43
2022.10.17 00:00:00,0.62053,0.62078,0.62021,0.62053,206.26
2022.10.17 01:00:00,0.62053,0.6218,0.6205,0.62137,3163.2
2022.10.17 02:00:00,0.62138,0.62232,0.62121,0.62212,9361.68
2022.10.17 03:00:00,0.62212,0.62283,0.62091,0.62138,13467.72
2022.10.17 04:00:00,0.62145,0.62345,0.62098,0.62304,11230.33
2022.10.17 05:00:00,0.62305,0.62357,0.6225,0.62325,7071.56
2022.10.17 06:00:00,0.62325,0.62359,0.62283,0.62324,6144.56
2022.10.17 07:00:00,0.62324,0.62324,0.62226,0.62291,7064.68
2022.10.17 08:00:00,0.62288,0.62434,0.62261,0.62408,10148.71
2022.10.17 09:00:00,0.62407,0.62446,0.62294,0.62308,16117.1
2022.10.17 10:00:00,0.62308,0.62513,0.62306,0.6246,28601.55
2022.10.17 11:00:00,0.62459,0.62499,0.6226,0.62415,22255.4
2022.10.17 12:00:00,0.62415,0.62499,0.62396,0.62469,13988.15
2022.10.17 13:00:00,0.62469,0.62634,0.62426,0.62481,14350.63
2022.10.17 14:00:00,0.6248,0.62502,0.62416,0.62462,13738.41
2022.10.17 15:00:00,0.62462,0.62847,0.62398,0.62759,16177.51
2022.10.17 16:00:00,0.62758,0.62929,0.62692,0.62723,18909.45
2022.10.17 17:00:00,0.62725,0.62918,0.62722,0.62867,23092.12
2022.10.17 18:00:00,0.62866,0.63111,0.62786,0.63072,13825.65
2022.10.17 19:00:00,0.63073,0.63115,0.62938,0.62949,8385.63
2022.10.17 20:00:00,0.62949,0.63035,0.62936,0.62949,6114.63
2022.10.17 21:00:00,0.62949,0.62981,0.62851,0.62931,4067.76
2022.10.17 22:00:00,0.62931,0.62934,0.6281,0.62834,7419.74
2022.10.17 23:00:00,0.62836,0.6293,0.62835,0.62885,2234.94
2022.10.18 00:00:00,0.62888,0.62941,0.6276,0.62862,1055.99
2022.10.18 01:00:00,0.62865,0.62974,0.62865,0.62952,3991.65
2022.10.18 02:00:00,0.6295,0.63014,0.62917,0.62967,5938.73
2022.10.18 03:00:00,0.62966,0.63133,0.6294,0.62991,13471.69
2022.10.18 04:00:00,0.62993,0.63026,0.62891,0.62931,17371.75
2022.10.18 05:00:00,0.62931,0.62931,0.62766,0.62821,10100.17
2022.10.18 06:00:00,0.6282,0.6309,0.62817,0.63073,16126.84
2022.10.18 07:00:00,0.63073,0.63299,0.6307,0.63193,19703.59
2022.10.18 08:00:00,0.63194,0.63261,0.63085,0.63091,19559.51
2022.10.18 09:00:00,0.6309,0.6317,0.63032,0.63124,18301.4
2022.10.18 10:00:00,0.63124,0.6315,0.62865,0.63098,18493.15
2022.10.18 11:00:00,0.63098,0.6311,0.62788,0.62788,13969.15
2022.10.18 12:00:00,0.62789,0.62962,0.62752,0.62906,17816.29
2022.10.18 13:00:00,0.62905,0.63006,0.62864,0.62892,9814.06
2022.10.18 14:00:00,0.6289,0.63186,0.62888,0.63159,10959.12
2022.10.18 15:00:00,0.63161,0.63393,0.63101,0.63341,13066.42
2022.10.18 16:00:00,0.6334,0.63347,0.63114,0.63154,17281.28
2022.10.18 17:00:00,0.63154,0.63173,0.62848,0.63001,24396.63
2022.10.18 18:00:00,0.63002,0.63029,0.62653,0.62797,23454.07
2022.10.18 19:00:00,0.62796,0.63009,0.62742,0.62918,13869.34
2022.10.18 20:00:00,0.62917,0.63044,0.62778,0.6303,15013.46
2022.10.18 21:00:00,0.63028,0.63039,0.62847,0.62934,8522.26
2022.10.18 22:00:00,0.62936,0.63075,0.62882,0.63067,10845.38
2022.10.18 23:00:00,0.63066,0.63131,0.63023,0.6307,3610.33
2022.10.19 00:00:00,0.63063,0.63109,0.63017,0.63106,449.51
2022.10.19 01:00:00,0.63102,0.63198,0.63068,0.63168,3713.32
2022.10.19 02:00:00,0.63168,0.63245,0.6313,0.63142,7048.53
2022.10.19 03:00:00,0.63141,0.63198,0.63072,0.6313,11440.74
2022.10.19 04:00:00,0.6313,0.63204,0.63073,0.63153,13657.16
2022.10.19 05:00:00,0.63153,0.63236,0.63139,0.63163,8024.22
2022.10.19 06:00:00,0.63162,0.63228,0.63155,0.63202,6967.59
2022.10.19 07:00:00,0.63202,0.63231,0.6307,0.63103,5295.61
2022.10.19 08:00:00,0.63102,0.63144,0.63039,0.63084,7585
2022.10.19 09:00:00,0.63083,0.63083,0.62894,0.62906,14642.02
2022.10.19 10:00:00,0.62908,0.63059,0.62884,0.63042,15410.55
2022.10.19 11:00:00,0.6304,0.63047,0.62854,0.62969,14576.91
2022.10.19 12:00:00,0.62968,0.63158,0.62934,0.63158,9954.33
2022.10.19 13:00:00,0.63157,0.63162,0.6288,0.6288,9562.13
2022.10.19 14:00:00,0.62881,0.6293,0.62739,0.62837,14099.85
2022.10.19 15:00:00,0.62836,0.62856,0.6272,0.62807,17204.67
2022.10.19 16:00:00,0.62807,0.62918,0.62715,0.6277,19854.51
2022.10.19 17:00:00,0.62771,0.63025,0.6273,0.62925,22365.92
2022.10.19 18:00:00,0.62925,0.62934,0.62673,0.62697,14930.93
2022.10.19 19:00:00,0.62698,0.62705,0.62568,0.62601,11293.36
2022.10.19 20:00:00,0.626,0.62645,0.62507,0.62626,13726.77
2022.10.19 21:00:00,0.62625,0.62726,0.62607,0.62627,7288.3
2022.10.19 22:00:00,0.62628,0.62697,0.6259,0.62696,7514.81
2022.10.19 23:00:00,0.62697,0.62726,0.62665,0.62668,2959.17
2022.10.20 00:00:00,0.6267,0.62717,0.62574,0.62705,348.87
2022.10.20 01:00:00,0.62704,0.62718,0.6262,0.62632,4017.28
2022.10.20 02:00:00,0.62631,0.62652,0.626,0.62627,5261.67
2022.10.20 03:00:00,0.62627,0.62727,0.62525,0.62627,12478.39
2022.10.20 04:00:00,0.62626,0.62626,0.62366,0.62389,12493.79
2022.10.20 05:00:00,0.62392,0.62444,0.6235,0.62429,9487.05
2022.10.20 06:00:00,0.62429,0.62454,0.62278,0.62338,10220.78
2022.10.20 07:00:00,0.62335,0.62685,0.62324,0.62547,20074.22
2022.10.20 08:00:00,0.62546,0.62696,0.62472,0.62609,22638.08
2022.10.20 09:00:00,0.62606,0.62663,0.62523,0.62646,16028.24
2022.10.20 10:00:00,0.62646,0.62764,0.62526,0.62709,19495.69
2022.10.20 11:00:00,0.62709,0.62765,0.62611,0.62751,10829.55
2022.10.20 12:00:00,0.62751,0.62929,0.62744,0.62907,9290.7
2022.10.20 13:00:00,0.62906,0.63081,0.62854,0.63055,11379.08
2022.10.20 14:00:00,0.63052,0.63182,0.63025,0.63117,15194.58
2022.10.20 15:00:00,0.63115,0.63291,0.62905,0.62913,27466.95
2022.10.20 16:00:00,0.62911,0.63104,0.62903,0.63064,23890.73
2022.10.20 17:00:00,0.63066,0.63555,0.63056,0.63535,26918.92
2022.10.20 18:00:00,0.63534,0.63539,0.63333,0.63345,14904.06
2022.10.20 19:00:00,0.63345,0.63353,0.63056,0.63122,10911.04
2022.10.20 20:00:00,0.63122,0.63122,0.62862,0.62899,15775.03
2022.10.20 21:00:00,0.62901,0.62916,0.62734,0.62784,12260.86
2022.10.20 22:00:00,0.62784,0.62844,0.62663,0.62792,9345.46
2022.10.20 23:00:00,0.62794,0.62826,0.62757,0.62772,4460.39
2022.10.21 00:00:00,0.62756,0.62822,0.62741,0.62808,509.74
2022.10.21 01:00:00,0.62804,0.62822,0.62732,0.62753,3412.93
2022.10.21 02:00:00,0.62753,0.62757,0.62683,0.62736,4448.46
2022.10.21 03:00:00,0.62738,0.6276,0.62636,0.62685,12829.58
2022.10.21 04:00:00,0.62688,0.62734,0.62607,0.62654,13924.48
2022.10.21 05:00:00,0.62651,0.62782,0.62633,0.62723,9804.76
2022.10.21 06:00:00,0.62721,0.62817,0.62623,0.62654,6959.1
2022.10.21 07:00:00,0.62652,0.62652,0.62562,0.62641,7520.4
2022.10.21 08:00:00,0.6264,0.6264,0.62543,0.62621,8131.86
2022.10.21 09:00:00,0.62619,0.62708,0.62533,0.62615,16983.42
2022.10.21 10:00:00,0.62618,0.62802,0.62545,0.62701,16666.89
2022.10.21 11:00:00,0.627,0.62733,0.62456,0.62513,12450.28
2022.10.21 12:00:00,0.62513,0.62548,0.62419,0.62524,15928.33
2022.10.21 13:00:00,0.62522,0.62573,0.62417,0.6253,10103.83
2022.10.21 14:00:00,0.6253,0.62566,0.62345,0.62352,10913.36
2022.10.21 15:00:00,0.62352,0.62512,0.62096,0.6242,21017.76
2022.10.21 16:00:00,0.62419,0.63201,0.62417,0.63164,51085.85
2022.10.21 17:00:00,0.63166,0.63344,0.62818,0.63139,45902.63
2022.10.21 18:00:00,0.6314,0.63689,0.63028,0.63654,48555.31
2022.10.21 19:00:00,0.63653,0.63785,0.63344,0.63611,34731.59
2022.10.21 20:00:00,0.63611,0.63689,0.63506,0.63576,11365.24
2022.10.21 21:00:00,0.63576,0.63691,0.63492,0.63651,10673.61
2022.10.21 22:00:00,0.63653,0.63923,0.63644,0.63893,13497.65
2022.10.21 23:00:00,0.63892,0.63909,0.63758,0.63853,4250.09
2022.10.24 00:00:00,0.63939,0.6401,0.63874,0.63976,323.38
2022.10.24 01:00:00,0.63977,0.64104,0.63642,0.63683,15834.13
2022.10.24 02:00:00,0.63683,0.63937,0.63545,0.63679,34018.97
2022.10.24 03:00:00,0.63679,0.63761,0.63582,0.63642,34263.05
2022.10.24 04:00:00,0.63641,0.63675,0.63479,0.63587,27430.77
2022.10.24 05:00:00,0.63587,0.63592,0.63408,0.63422,21397.27
2022.10.24 06:00:00,0.63422,0.63442,0.6323,0.63293,13282.72
2022.10.24 07:00:00,0.63294,0.63462,0.63277,0.63462,13594.55
2022.10.24 08:00:00,0.6346,0.63466,0.63279,0.63287,16068.91
2022.10.24 09:00:00,0.63284,0.63382,0.63142,0.63248,18814.89
2022.10.24 10:00:00,0.63248,0.63372,0.63027,0.63073,21688.86
2022.10.24 11:00:00,0.63075,0.63097,0.6284,0.62959,23245.28
2022.10.24 12:00:00,0.62959,0.62959,0.62718,0.62926,14650.04
2022.10.24 13:00:00,0.62926,0.63035,0.62878,0.62972,12376.94
2022.10.24 14:00:00,0.62971,0.63258,0.62894,0.63063,21264.34
2022.10.24 15:00:00,0.63062,0.63084,0.62821,0.62929,24062.53
2022.10.24 16:00:00,0.62929,0.63257,0.62774,0.63108,31122.54
2022.10.24 17:00:00,0.6311,0.63122,0.62779,0.6301,35341.29
2022.10.24 18:00:00,0.63009,0.63104,0.62931,0.63087,28276.05
2022.10.24 19:00:00,0.63087,0.63128,0.6295,0.6299,15332.49
2022.10.24 20:00:00,0.62993,0.62999,0.62924,0.62948,8544.66
2022.10.24 21:00:00,0.62949,0.63093,0.62939,0.63091,7436.18
2022.10.24 22:00:00,0.63091,0.63142,0.63059,0.63117,8413.38
2022.10.24 23:00:00,0.63116,0.63137,0.63083,0.63091,2433.19
2022.10.25 00:00:00,0.63089,0.63124,0.62964,0.63081,1020.26
2022.10.25 01:00:00,0.63081,0.63293,0.63061,0.63266,6706.62
2022.10.25 02:00:00,0.63263,0.63333,0.6325,0.63269,9482.98
2022.10.25 03:00:00,0.63271,0.63406,0.63189,0.63349,24649.95
2022.10.25 04:00:00,0.6335,0.63407,0.63135,0.63245,38054.16
2022.10.25 05:00:00,0.63244,0.63255,0.63119,0.63225,22974.92
2022.10.25 06:00:00,0.63227,0.63362,0.63187,0.63332,18537.97
2022.10.25 07:00:00,0.63332,0.63349,0.63209,0.63231,9775.1
2022.10.25 08:00:00,0.63232,0.63267,0.6316,0.6321,14377.38
2022.10.25 09:00:00,0.63209,0.63361,0.632,0.63231,15549.03
2022.10.25 10:00:00,0.63234,0.63298,0.63175,0.63265,20575.62
2022.10.25 11:00:00,0.63272,0.63358,0.63172,0.63198,15737.76
2022.10.25 12:00:00,0.63201,0.6321,0.6303,0.63101,15284.11
2022.10.25 13:00:00,0.63102,0.63116,0.63037,0.63099,12905.95
2022.10.25 14:00:00,0.63099,0.63233,0.63054,0.63204,14187.95
2022.10.25 15:00:00,0.63203,0.63292,0.63144,0.63275,16156.1
2022.10.25 16:00:00,0.63275,0.6397,0.63273,0.6393,35479.82
2022.10.25 17:00:00,0.63933,0.64013,0.63698,0.63956,40103.3
2022.10.25 18:00:00,0.63956,0.64116,0.63915,0.6393,22005.73
2022.10.25 19:00:00,0.6393,0.6393,0.63736,0.63802,13998.59
2022.10.25 20:00:00,0.63802,0.63925,0.63764,0.63911,14220.56
2022.10.25 21:00:00,0.6391,0.63984,0.63846,0.63867,8156.41
2022.10.25 22:00:00,0.63865,0.63987,0.63865,0.63976,8360.54
2022.10.25 23:00:00,0.63975,0.63977,0.63911,0.63918,5881.26
2022.10.26 00:00:00,0.63921,0.63944,0.63674,0.63892,889.66
2022.10.26 01:00:00,0.63891,0.63898,0.63774,0.638,6073.45
2022.10.26 02:00:00,0.638,0.63854,0.63746,0.63834,7693.9
2022.10.26 03:00:00,0.63836,0.64025,0.63716,0.63788,18114.62
2022.10.26 04:00:00,0.63787,0.63933,0.63724,0.63833,24042.32
2022.10.26 05:00:00,0.63833,0.63951,0.63825,0.63922,16187.44
2022.10.26 06:00:00,0.63922,0.64081,0.63903,0.64071,15024.03
2022.10.26 07:00:00,0.64069,0.64106,0.64007,0.64014,12210.71
2022.10.26 08:00:00,0.64015,0.64156,0.6396,0.64085,14659.81
2022.10.26 09:00:00,0.64083,0.64378,0.64053,0.64338,18156.03
2022.10.26 10:00:00,0.64346,0.64731,0.64307,0.64703,28145.23
2022.10.26 11:00:00,0.64702,0.64926,0.64648,0.64904,29172.15
2022.10.26 12:00:00,0.64907,0.64966,0.64679,0.64712,18649.64
2022.10.26 13:00:00,0.6471,0.64791,0.64637,0.64748,14200.05
2022.10.26 14:00:00,0.6475,0.64891,0.64706,0.64767,15460.89
2022.10.26 15:00:00,0.64767,0.6482,0.64533,0.64593,21063.2
2022.10.26 16:00:00,0.64592,0.64785,0.64511,0.64649,33907.95
2022.10.26 17:00:00,0.6465,0.64943,0.64559,0.6489,44418.55
2022.10.26 18:00:00,0.64891,0.65104,0.6488,0.64978,24684.95
2022.10.26 19:00:00,0.64979,0.65083,0.64841,0.64867,13825.12
2022.10.26 20:00:00,0.64867,0.649,0.64763,0.64895,15081.68
2022.10.26 21:00:00,0.64894,0.64982,0.64877,0.6494,12128.9
2022.10.26 22:00:00,0.6494,0.6494,0.64834,0.64895,10926.97
2022.10.26 23:00:00,0.64896,0.64982,0.64887,0.64952,5437.55
2022.10.27 00:00:00,0.64952,0.64955,0.64866,0.64901,585.58
2022.10.27 01:00:00,0.64901,0.6492,0.64819,0.64856,5620.28
2022.10.27 02:00:00,0.64856,0.64953,0.64849,0.64951,7182.01
2022.10.27 03:00:00,0.64951,0.65013,0.648,0.64827,18502.95
2022.10.27 04:00:00,0.6483,0.64937,0.64795,0.64877,23207.37
2022.10.27 05:00:00,0.64878,0.64904,0.64745,0.64865,16176.7
2022.10.27 06:00:00,0.64867,0.64991,0.6486,0.6495,15593.68
2022.10.27 07:00:00,0.64949,0.65127,0.64913,0.65095,12704.16
2022.10.27 08:00:00,0.65097,0.65214,0.65048,0.65126,17465.38
2022.10.27 09:00:00,0.65125,0.65151,0.64798,0.64818,18420.4
2022.10.27 10:00:00,0.64818,0.64933,0.64686,0.64711,21672.38
2022.10.27 11:00:00,0.64711,0.64859,0.64661,0.64673,17969.59
2022.10.27 12:00:00,0.64673,0.64694,0.64505,0.64553,13573.11
2022.10.27 13:00:00,0.64553,0.64642,0.64449,0.64479,14043.49
2022.10.27 14:00:00,0.6448,0.64582,0.64395,0.64428,14567.08
2022.10.27 15:00:00,0.64427,0.6467,0.6425,0.64645,45029.88
2022.10.27 16:00:00,0.64648,0.64803,0.645,0.64691,52420.11
2022.10.27 17:00:00,0.64689,0.65042,0.6468,0.64833,38770.47
2022.10.27 18:00:00,0.64833,0.64984,0.64742,0.64756,31034.94
2022.10.27 19:00:00,0.64757,0.64866,0.64645,0.64706,15642.22
2022.10.27 20:00:00,0.6471,0.64886,0.64662,0.64694,14053.91
2022.10.27 21:00:00,0.64692,0.64704,0.64588,0.64591,7688.14
2022.10.27 22:00:00,0.64593,0.64641,0.64558,0.64613,12374.58
2022.10.27 23:00:00,0.64615,0.64634,0.64471,0.64494,11217.02
2022.10.28 00:00:00,0.64498,0.64521,0.64478,0.64517,474.77
2022.10.28 01:00:00,0.64518,0.64583,0.64484,0.6457,5640.55
2022.10.28 02:00:00,0.6457,0.64584,0.64483,0.64497,8370.06
2022.10.28 03:00:00,0.64498,0.64533,0.64417,0.64437,16280.67
2022.10.28 04:00:00,0.64439,0.6474,0.64432,0.64728,22474.6
2022.10.28 05:00:00,0.64728,0.64759,0.64599,0.64675,24452.03
2022.10.28 06:00:00,0.64675,0.64725,0.64563,0.64725,18445.63
2022.10.28 07:00:00,0.64725,0.64792,0.64657,0.64688,13556.93
2022.10.28 08:00:00,0.64685,0.64699,0.64449,0.64463,19326.81
2022.10.28 09:00:00,0.64463,0.64517,0.6431,0.64349,23945.13
2022.10.28 10:00:00,0.64352,0.64365,0.64149,0.64179,27355.38
2022.10.28 11:00:00,0.64183,0.64219,0.64063,0.64158,22870.58
2022.10.28 12:00:00,0.6416,0.64178,0.64023,0.64151,15839.39
2022.10.28 13:00:00,0.64151,0.64201,0.64081,0.64119,13754.34
2022.10.28 14:00:00,0.64118,0.64309,0.64013,0.64183,16683.58
2022.10.28 15:00:00,0.64183,0.64301,0.63992,0.64067,33087.71
2022.10.28 16:00:00,0.64068,0.64321,0.64057,0.6421,32267.9
2022.10.28 17:00:00,0.64207,0.64306,0.63947,0.64069,30689.38
2022.10.28 18:00:00,0.64069,0.64086,0.63884,0.63944,18729.8
2022.10.28 19:00:00,0.63944,0.64071,0.63908,0.64064,7283.5
2022.10.28 20:00:00,0.64063,0.64099,0.64014,0.64055,4067.41
2022.10.28 21:00:00,0.64056,0.64117,0.64029,0.64106,4640.6
2022.10.28 22:00:00,0.64104,0.64162,0.64089,0.64148,6301.69
2022.10.28 23:00:00,0.64147,0.64147,0.64072,0.64116,3151.14
2022.10.30 23:00:00,0.63945,0.64038,0.63864,0.63987,458.91
2022.10.31 00:00:00,0.63998,0.64076,0.63966,0.63982,11553.25
2022.10.31 01:00:00,0.63982,0.64086,0.63981,0.64,11215.08
2022.10.31 02:00:00,0.64,0.64143,0.63998,0.64115,12872.54
2022.10.31 03:00:00,0.64118,0.64213,0.6403,0.64172,14991.96
2022.10.31 04:00:00,0.64171,0.64246,0.64093,0.64156,14141.25
2022.10.31 05:00:00,0.64155,0.64249,0.64126,0.64228,13523.09
2022.10.31 06:00:00,0.64227,0.64273,0.64186,0.6419,8540.05
2022.10.31 07:00:00,0.64189,0.64222,0.64098,0.64154,12320.04
2022.10.31 08:00:00,0.64155,0.64237,0.64132,0.64183,9383.25
2022.10.31 09:00:00,0.64185,0.64227,0.64057,0.64103,11124.68
2022.10.31 10:00:00,0.64102,0.64113,0.63864,0.63959,13366.52
2022.10.31 11:00:00,0.63958,0.64061,0.63948,0.64031,10872.25
2022.10.31 12:00:00,0.64031,0.64031,0.63867,0.63942,11054.79
2022.10.31 13:00:00,0.63944,0.64002,0.63834,0.63888,12707.19
2022.10.31 14:00:00,0.63887,0.6389,0.63764,0.63776,17473.2
2022.10.31 15:00:00,0.63774,0.63865,0.63682,0.63688,21110.13
2022.10.31 16:00:00,0.63691,0.63922,0.6368,0.63785,23307.28
2022.10.31 17:00:00,0.63784,0.64004,0.63675,0.63928,21436.77
2022.10.31 18:00:00,0.63928,0.64004,0.63883,0.63897,20821.13
2022.10.31 19:00:00,0.63897,0.63957,0.63855,0.63946,10756.65
2022.10.31 20:00:00,0.63946,0.63988,0.63912,0.63922,8717.14
2022.10.31 21:00:00,0.63922,0.63964,0.63851,0.63964,11688.71
2022.10.31 22:00:00,0.63963,0.63985,0.63933,0.63957,3795.25
2022.10.31 23:00:00,0.63958,0.63958,0.63825,0.63935,349.03
2022.11.01 00:00:00,0.63936,0.6407,0.63932,0.64035,6015.64
2022.11.01 01:00:00,0.64035,0.64113,0.64025,0.64087,6652.8
2022.11.01 02:00:00,0.64088,0.64132,0.63984,0.63997,8930.28
2022.11.01 03:00:00,0.63996,0.64214,0.63949,0.64188,20726.18
2022.11.01 04:00:00,0.64188,0.64449,0.64172,0.64439,16065.47
2022.11.01 05:00:00,0.64443,0.64462,0.64068,0.64277,18984.45
2022.11.01 06:00:00,0.64277,0.6433,0.64193,0.64221,12733.48
2022.11.01 07:00:00,0.6422,0.64346,0.64142,0.64251,16587.22
2022.11.01 08:00:00,0.64252,0.64446,0.64225,0.64419,15150.28
2022.11.01 09:00:00,0.64424,0.64439,0.64044,0.64236,19841.88
2022.11.01 10:00:00,0.64236,0.64491,0.64229,0.6428,19112.15
2022.11.01 11:00:00,0.64283,0.64444,0.64226,0.64406,14105.01
2022.11.01 12:00:00,0.64408,0.64563,0.64405,0.64483,14482.39
2022.11.01 13:00:00,0.64483,0.64529,0.64408,0.64449,12329.06
2022.11.01 14:00:00,0.64452,0.64634,0.64452,0.64548,18826.6
2022.11.01 15:00:00,0.64548,0.64574,0.64277,0.64315,23763.41
2022.11.01 16:00:00,0.64312,0.64334,0.63803,0.63869,47651.51
2022.11.01 17:00:00,0.63869,0.64034,0.63825,0.63905,32381
2022.11.01 18:00:00,0.63904,0.64206,0.63764,0.63869,29768.89
2022.11.01 19:00:00,0.63869,0.63989,0.6384,0.63986,9839.18
2022.11.01 20:00:00,0.63984,0.64028,0.63932,0.63976,7048.17
2022.11.01 21:00:00,0.63976,0.64006,0.63914,0.63964,10764.75
2022.11.01 22:00:00,0.63965,0.63981,0.639,0.6392,2612.2
2022.11.01 23:00:00,0.63919,0.63958,0.63896,0.63929,403.63
2022.11.02 00:00:00,0.63929,0.63956,0.63863,0.63933,8219.21
2022.11.02 01:00:00,0.63933,0.63969,0.63889,0.63956,9132.09
2022.11.02 02:00:00,0.63956,0.64027,0.63838,0.63908,17775.47
2022.11.02 03:00:00,0.63906,0.6405,0.63895,0.64037,20659.32
2022.11.02 04:00:00,0.64037,0.64188,0.63942,0.64187,17729.29
2022.11.02 05:00:00,0.64187,0.64271,0.64139,0.64188,14555.93
2022.11.02 06:00:00,0.6419,0.64203,0.64071,0.641,10344.23
2022.11.02 07:00:00,0.64103,0.64267,0.64102,0.64216,16105.86
2022.11.02 08:00:00,0.64219,0.64237,0.64065,0.641,11597.94
2022.11.02 09:00:00,0.641,0.64166,0.64018,0.64159,11984.13
2022.11.02 10:00:00,0.6416,0.64248,0.64136,0.64248,16316.61
2022.11.02 11:00:00,0.64248,0.64296,0.64198,0.64271,11599.66
2022.11.02 12:00:00,0.64271,0.64295,0.64177,0.64221,10602.8
2022.11.02 13:00:00,0.6422,0.64262,0.6415,0.64206,10482.66
2022.11.02 14:00:00,0.64214,0.64266,0.64008,0.64224,21886.99
2022.11.02 15:00:00,0.64225,0.64279,0.64073,0.64143,20634.3
2022.11.02 16:00:00,0.64143,0.6417,0.64025,0.64069,19097.94
2022.11.02 17:00:00,0.64069,0.64108,0.63977,0.64103,14995.5
2022.11.02 18:00:00,0.64104,0.64123,0.64009,0.64082,11096.2
2022.11.02 19:00:00,0.6408,0.64203,0.64035,0.64113,6979.72
2022.11.02 20:00:00,0.64107,0.64916,0.63921,0.64155,47097.68
2022.11.02 21:00:00,0.64155,0.64311,0.63473,0.63588,39643.42
2022.11.02 22:00:00,0.63588,0.63589,0.63467,0.6347,6152.84
2022.11.02 23:00:00,0.63482,0.63559,0.63474,0.63511,538.67
2022.11.03 00:00:00,0.63511,0.63621,0.63446,0.63466,5700.98
2022.11.03 01:00:00,0.63466,0.63466,0.63309,0.63372,8712.82
2022.11.03 02:00:00,0.63372,0.6342,0.63242,0.6341,14192.04
2022.11.03 03:00:00,0.63409,0.63618,0.63384,0.6353,19779.13
2022.11.03 04:00:00,0.63529,0.63655,0.6352,0.63581,16049.17
2022.11.03 05:00:00,0.63581,0.63676,0.63522,0.63661,14336.77
2022.11.03 06:00:00,0.63661,0.63713,0.63623,0.6367,9718.64
2022.11.03 07:00:00,0.63669,0.63696,0.63583,0.636,12294.03
2022.11.03 08:00:00,0.636,0.636,0.6335,0.63452,11310.69
2022.11.03 09:00:00,0.63451,0.63481,0.63085,0.63227,18146.4
2022.11.03 10:00:00,0.63228,0.6327,0.63076,0.6312,24174.98
2022.11.03 11:00:00,0.6312,0.63193,0.62842,0.62887,20135.96
2022.11.03 12:00:00,0.62888,0.62935,0.62793,0.62907,16776.5
2022.11.03 13:00:00,0.62906,0.62948,0.62798,0.62883,19226.41
2022.11.03 14:00:00,0.62879,0.62994,0.62763,0.62769,30998.07
2022.11.03 15:00:00,0.62769,0.63004,0.62716,0.62872,33678.05
2022.11.03 16:00:00,0.62872,0.63236,0.62841,0.63169,39431.01
2022.11.03 17:00:00,0.6317,0.63182,0.62868,0.62929,27902.4
2022.11.03 18:00:00,0.62929,0.63016,0.62832,0.62926,19351.63
2022.11.03 19:00:00,0.62925,0.6298,0.62881,0.62921,13254.46
2022.11.03 20:00:00,0.62921,0.63014,0.62882,0.62976,7408.15
2022.11.03 21:00:00,0.62975,0.63041,0.62927,0.62948,10129.6
2022.11.03 22:00:00,0.62949,0.62952,0.62843,0.62856,3767.31
2022.11.03 23:00:00,0.6286,0.62945,0.62826,0.62878,448.08
2022.11.04 00:00:00,0.62878,0.62937,0.62868,0.62906,3027.91
2022.11.04 01:00:00,0.62908,0.62915,0.62862,0.62873,3744.38
2022.11.04 02:00:00,0.62872,0.62987,0.62842,0.62882,12916.63
2022.11.04 03:00:00,0.62883,0.63056,0.62866,0.63032,15951.8
2022.11.04 04:00:00,0.63032,0.6318,0.62991,0.63143,11378.61
2022.11.04 05:00:00,0.63143,0.63331,0.63139,0.6331,11308.15
2022.11.04 06:00:00,0.6331,0.63489,0.63278,0.6346,11632.03
2022.11.04 07:00:00,0.6346,0.63563,0.63388,0.63389,15700.76
2022.11.04 08:00:00,0.63388,0.63621,0.63365,0.63458,20640.09
2022.11.04 09:00:00,0.63455,0.63526,0.63312,0.63365,20227.13
2022.11.04 10:00:00,0.63365,0.63601,0.63359,0.6352,17553.11
2022.11.04 11:00:00,0.63522,0.63667,0.63508,0.6354,14253.97
2022.11.04 12:00:00,0.63538,0.63732,0.63521,0.63724,11762.26
2022.11.04 13:00:00,0.63723,0.63919,0.6365,0.63785,17877.09
2022.11.04 14:00:00,0.63786,0.64443,0.63433,0.64387,37204.26
2022.11.04 15:00:00,0.64385,0.6454,0.64152,0.64397,46829.82
2022.11.04 16:00:00,0.64397,0.64762,0.64382,0.64641,43860.03
2022.11.04 17:00:00,0.64643,0.64694,0.64226,0.64339,31886.86
2022.11.04 18:00:00,0.64339,0.64502,0.64248,0.64434,29652.16
2022.11.04 19:00:00,0.64437,0.64563,0.64409,0.64503,18677.14
2022.11.04 20:00:00,0.64503,0.64768,0.64434,0.64757,16076.09
2022.11.04 21:00:00,0.64756,0.64822,0.64695,0.64769,15516.55
2022.11.04 22:00:00,0.64768,0.64792,0.64635,0.64729,4808.9
2022.11.07 00:00:00,0.6414,0.6428,0.64072,0.64129,2497.58
2022.11.07 01:00:00,0.64131,0.64461,0.64125,0.64383,11089.5
2022.11.07 02:00:00,0.64383,0.64485,0.64254,0.64301,13473.37
2022.11.07 03:00:00,0.64304,0.64324,0.6407,0.64255,20497.66
2022.11.07 04:00:00,0.64255,0.64278,0.6412,0.64197,14483.47
2022.11.07 05:00:00,0.64197,0.64368,0.6415,0.64292,10255.16
2022.11.07 06:00:00,0.64291,0.64312,0.64244,0.64282,5655.61
2022.11.07 07:00:00,0.64282,0.64433,0.64245,0.64272,9368.32
2022.11.07 08:00:00,0.64272,0.64344,0.64243,0.64248,8668.03
2022.11.07 09:00:00,0.64256,0.64274,0.64062,0.64095,17007.15
2022.11.07 10:00:00,0.64096,0.6459,0.64059,0.64558,24451.42
2022.11.07 11:00:00,0.64555,0.64762,0.64555,0.64625,22348.13
2022.11.07 12:00:00,0.64616,0.64728,0.64544,0.64602,14321.13
2022.11.07 13:00:00,0.64603,0.64679,0.64554,0.64612,11159.27
2022.11.07 14:00:00,0.64609,0.6465,0.64499,0.64607,15327.08
2022.11.07 15:00:00,0.64607,0.64833,0.64563,0.64727,27540.83
2022.11.07 16:00:00,0.64729,0.64899,0.6462,0.64677,27023.46
2022.11.07 17:00:00,0.64677,0.64746,0.64531,0.64722,32751.61
2022.11.07 18:00:00,0.64722,0.64729,0.64556,0.64617,20625.05
2022.11.07 19:00:00,0.64617,0.64762,0.64598,0.64726,13215.02
2022.11.07 20:00:00,0.64726,0.64801,0.64714,0.64792,7210.02
2022.11.07 21:00:00,0.64793,0.64823,0.64751,0.64756,8802.38
2022.11.07 22:00:00,0.64756,0.6483,0.64746,0.64787,11290.83
2022.11.07 23:00:00,0.64786,0.64805,0.64761,0.64762,1591.7
2022.11.08 00:00:00,0.64761,0.64776,0.64571,0.64724,1062.25
2022.11.08 01:00:00,0.64723,0.64764,0.64701,0.64735,4773.89
2022.11.08 02:00:00,0.64735,0.64898,0.64707,0.64836,11319.18
2022.11.08 03:00:00,0.64835,0.6484,0.64651,0.64687,15301.65
2022.11.08 04:00:00,0.64687,0.64714,0.64636,0.64681,10294.22
2022.11.08 05:00:00,0.64683,0.64721,0.64657,0.64706,7616.63
2022.11.08 06:00:00,0.64707,0.64734,0.64604,0.64634,7443.42
2022.11.08 07:00:00,0.64633,0.64641,0.64459,0.64492,11952.91
2022.11.08 08:00:00,0.64491,0.64604,0.64489,0.64582,11610.31
2022.11.08 09:00:00,0.6458,0.64609,0.64436,0.64527,16265.28
2022.11.08 10:00:00,0.64534,0.64669,0.64506,0.64597,18067.17
2022.11.08 11:00:00,0.64594,0.6482,0.64508,0.64798,14076.41
2022.11.08 12:00:00,0.64799,0.64854,0.64706,0.64715,11186.86
2022.11.08 13:00:00,0.64716,0.64849,0.64686,0.64773,11453.18
2022.11.08 14:00:00,0.64774,0.64787,0.64621,0.64738,16868.78
2022.11.08 15:00:00,0.64739,0.64822,0.64678,0.64728,16180.98
2022.11.08 16:00:00,0.64728,0.64827,0.64667,0.64819,21288.72
2022.11.08 17:00:00,0.64815,0.65352,0.64806,0.65316,32692.76
2022.11.08 18:00:00,0.65317,0.65506,0.65253,0.65432,17634.62
2022.11.08 19:00:00,0.65432,0.65445,0.6526,0.65292,9665.16
2022.11.08 20:00:00,0.65291,0.65352,0.6497,0.65027,15879.71
2022.11.08 21:00:00,0.65026,0.65069,0.64773,0.64969,17450.92
2022.11.08 22:00:00,0.64967,0.65119,0.64961,0.65035,15058.67
2022.11.08 23:00:00,0.65033,0.65056,0.65021,0.65032,2283.67
2022.11.09 00:00:00,0.65031,0.65039,0.64875,0.65013,762.66
2022.11.09 01:00:00,0.65013,0.65163,0.65002,0.65079,6889.47
2022.11.09 02:00:00,0.65079,0.65098,0.64934,0.64959,10590.81
2022.11.09 03:00:00,0.64959,0.64993,0.64843,0.64852,19542.51
2022.11.09 04:00:00,0.64852,0.65139,0.64842,0.65077,12109.13
2022.11.09 05:00:00,0.65078,0.65176,0.64952,0.65018,12544.18
2022.11.09 06:00:00,0.65018,0.65029,0.64911,0.64998,9351.77
2022.11.09 07:00:00,0.64999,0.65028,0.64885,0.64915,11965.01
2022.11.09 08:00:00,0.64916,0.64934,0.64836,0.64876,8860.96
2022.11.09 09:00:00,0.64877,0.65048,0.64877,0.64981,19203.7
2022.11.09 10:00:00,0.6498,0.65216,0.64969,0.65114,25824.62
2022.11.09 11:00:00,0.65115,0.65135,0.6472,0.64784,23801.27
2022.11.09 12:00:00,0.64784,0.64803,0.64571,0.64669,21634.12
2022.11.09 13:00:00,0.64672,0.64799,0.64649,0.64699,14107.22
2022.11.09 14:00:00,0.64702,0.64754,0.64627,0.6471,15381.92
2022.11.09 15:00:00,0.64709,0.64725,0.64471,0.6457,26882.19
2022.11.09 16:00:00,0.6457,0.64706,0.64469,0.64578,29201.19
2022.11.09 17:00:00,0.64579,0.64967,0.64303,0.64379,46860.59
2022.11.09 18:00:00,0.64376,0.64579,0.64373,0.64462,25518.02
2022.11.09 19:00:00,0.64463,0.64506,0.64337,0.64449,11902.9
2022.11.09 20:00:00,0.64448,0.64488,0.64244,0.64301,15040.76
2022.11.09 21:00:00,0.643,0.64326,0.64137,0.64227,12173.45
2022.11.09 22:00:00,0.64226,0.64322,0.64206,0.64238,14871.94
2022.11.09 23:00:00,0.64239,0.64308,0.64232,0.64284,2609.03
2022.11.10 00:00:00,0.64287,0.64301,0.64254,0.64264,794.5
2022.11.10 01:00:00,0.64259,0.6431,0.64216,0.64298,3741.25
2022.11.10 02:00:00,0.64298,0.64359,0.64268,0.64295,7243.44
2022.11.10 03:00:00,0.64295,0.64406,0.6424,0.64252,10098.45
2022.11.10 04:00:00,0.64253,0.64287,0.64111,0.64187,14018
2022.11.10 05:00:00,0.64186,0.64297,0.64151,0.64165,10582.56
2022.11.10 06:00:00,0.64165,0.64202,0.64111,0.64177,8212.71
2022.11.10 07:00:00,0.64176,0.64257,0.64142,0.6418,12131.03
2022.11.10 08:00:00,0.64182,0.64253,0.64128,0.64169,12140.85
2022.11.10 09:00:00,0.6417,0.64186,0.63905,0.64003,19189.86
2022.11.10 10:00:00,0.64002,0.64185,0.63978,0.64047,19798.77
2022.11.10 11:00:00,0.64047,0.64147,0.63973,0.64033,16276.79
2022.11.10 12:00:00,0.64033,0.6406,0.6386,0.64038,15254.73
2022.11.10 13:00:00,0.64038,0.64096,0.63912,0.63921,13937.44
2022.11.10 14:00:00,0.63925,0.64047,0.63901,0.6402,11426.48
2022.11.10 15:00:00,0.64019,0.65645,0.6401,0.65288,37264.06
2022.11.10 16:00:00,0.65291,0.65583,0.65126,0.65515,58609.56
2022.11.10 17:00:00,0.65514,0.65969,0.65514,0.65956,43461.71
2022.11.10 18:00:00,0.65955,0.65967,0.65665,0.65887,28202.63
2022.11.10 19:00:00,0.65887,0.6589,0.65526,0.65605,19614.1
2022.11.10 20:00:00,0.65612,0.65777,0.65609,0.6574,17721.1
2022.11.10 21:00:00,0.65739,0.65923,0.65724,0.65914,9113.99
2022.11.10 22:00:00,0.65913,0.66194,0.65884,0.6616,12681.96
2022.11.10 23:00:00,0.66162,0.6631,0.66138,0.66164,8435.98
2022.11.11 00:00:00,0.66153,0.66175,0.65845,0.65938,1440.8
2022.11.11 01:00:00,0.65939,0.66169,0.65939,0.66055,8306.32
2022.11.11 02:00:00,0.66057,0.66118,0.65871,0.65953,17152.44
2022.11.11 03:00:00,0.65953,0.6601,0.65772,0.65839,19503.74
2022.11.11 04:00:00,0.65836,0.66085,0.65833,0.66075,17300.78
2022.11.11 05:00:00,0.66075,0.66149,0.66,0.66097,13382.31
2022.11.11 06:00:00,0.66097,0.66214,0.65998,0.66197,12457.83
2022.11.11 07:00:00,0.66196,0.66507,0.66162,0.66465,22915.52
2022.11.11 08:00:00,0.66466,0.6661,0.66285,0.66403,22490.8
2022.11.11 09:00:00,0.66409,0.66606,0.66292,0.6654,24065.56
2022.11.11 10:00:00,0.6654,0.66773,0.66326,0.66738,25249.74
2022.11.11 11:00:00,0.66738,0.66761,0.66477,0.66644,23452.84
2022.11.11 12:00:00,0.66644,0.66744,0.66588,0.66654,23564.42
2022.11.11 13:00:00,0.66654,0.66785,0.66605,0.66689,15806.71
2022.11.11 14:00:00,0.66689,0.66718,0.66517,0.66638,17218.31
2022.11.11 15:00:00,0.66645,0.66883,0.6662,0.66869,25658.3
2022.11.11 16:00:00,0.66869,0.66933,0.66508,0.66748,29237.15
2022.11.11 17:00:00,0.66739,0.66989,0.6661,0.66981,39435.79
2022.11.11 18:00:00,0.66982,0.67028,0.66818,0.66926,30534.24
2022.11.11 19:00:00,0.66926,0.67021,0.66855,0.66988,17355.02
2022.11.11 20:00:00,0.66988,0.67137,0.66974,0.67084,13558.87
2022.11.11 21:00:00,0.67084,0.67162,0.67044,0.67142,13442.01
2022.11.11 22:00:00,0.67142,0.67142,0.67013,0.67082,14059.01
2022.11.11 23:00:00,0.67083,0.67104,0.67033,0.67052,3857.21
2022.11.14 00:00:00,0.66994,0.67031,0.66677,0.66686,1039.77
2022.11.14 01:00:00,0.66696,0.66993,0.66686,0.66943,14119.2
2022.11.14 02:00:00,0.66942,0.67029,0.66902,0.66953,20245.44
2022.11.14 03:00:00,0.66955,0.67092,0.66836,0.6686,26979.48
2022.11.14 04:00:00,0.66862,0.66908,0.66756,0.66878,16867.35
2022.11.14 05:00:00,0.66877,0.66982,0.66852,0.66918,13425.34
2022.11.14 06:00:00,0.66917,0.66933,0.66713,0.66813,9005.87
2022.11.14 07:00:00,0.66811,0.66818,0.66637,0.66648,13124.37
2022.11.14 08:00:00,0.66651,0.66854,0.66628,0.66834,11287.31
2022.11.14 09:00:00,0.66834,0.66954,0.66791,0.6695,13542.35
2022.11.14 10:00:00,0.66949,0.67103,0.66862,0.67035,28287.91
2022.11.14 11:00:00,0.67035,0.67035,0.66784,0.6679,22104.32
2022.11.14 12:00:00,0.6679,0.66832,0.66648,0.6672,19748.04
2022.11.14 13:00:00,0.6672,0.66747,0.66631,0.66747,16057.51
2022.11.14 14:00:00,0.66747,0.66939,0.6666,0.66928,16927.5
2022.11.14 15:00:00,0.66927,0.66975,0.66798,0.66921,27057.81
2022.11.14 16:00:00,0.66924,0.66991,0.6675,0.66918,28997.24
2022.11.14 17:00:00,0.66918,0.67156,0.66912,0.67086,29117.49
2022.11.14 18:00:00,0.67088,0.67155,0.66909,0.66935,23634.75
2022.11.14 19:00:00,0.66935,0.67086,0.66915,0.67052,15480.3
2022.11.14 20:00:00,0.67057,0.67198,0.67037,0.67192,8300.87
2022.11.14 21:00:00,0.67192,0.6721,0.67114,0.67191,7908.2
2022.11.14 22:00:00,0.67191,0.67231,0.66986,0.66997,10059.51
2022.11.14 23:00:00,0.66999,0.67043,0.66983,0.66983,3084.61
2022.11.15 00:00:00,0.66977,0.67006,0.6696,0.66984,515.29
2022.11.15 01:00:00,0.66983,0.67006,0.66897,0.66916,4529.51
2022.11.15 02:00:00,0.66917,0.66978,0.6686,0.66893,10261.34
2022.11.15 03:00:00,0.66896,0.67026,0.6685,0.66905,14000.41
2022.11.15 04:00:00,0.66905,0.6703,0.66859,0.66996,12572.58
2022.11.15 05:00:00,0.66996,0.67099,0.66972,0.67012,10908.38
2022.11.15 06:00:00,0.67013,0.67042,0.66927,0.66948,9594.94
2022.11.15 07:00:00,0.66948,0.67087,0.66936,0.67067,11188.73
2022.11.15 08:00:00,0.67066,0.67224,0.67047,0.6718,7318.83
2022.11.15 09:00:00,0.67182,0.6763,0.67181,0.67608,22453.41
2022.11.15 10:00:00,0.67608,0.67608,0.67413,0.67442,28439.28
2022.11.15 11:00:00,0.67442,0.67642,0.67383,0.67626,22254.08
2022.11.15 12:00:00,0.67633,0.67685,0.67538,0.67639,26094.34
2022.11.15 13:00:00,0.67642,0.67672,0.67408,0.67472,17863.02
2022.11.15 14:00:00,0.67473,0.67507,0.67368,0.67469,18587.81
2022.11.15 15:00:00,0.6747,0.67969,0.67334,0.67547,44344.77
2022.11.15 16:00:00,0.6755,0.67624,0.67042,0.67254,47884.06
2022.11.15 17:00:00,0.67254,0.67765,0.67146,0.67735,42889.68
2022.11.15 18:00:00,0.67739,0.67888,0.67698,0.67772,28259.71
2022.11.15 19:00:00,0.67774,0.67804,0.67624,0.67801,18458.94
2022.11.15 20:00:00,0.67803,0.67814,0.67373,0.67439,40297.98
2022.11.15 21:00:00,0.6744,0.67733,0.67336,0.67713,41977.24
2022.11.15 22:00:00,0.67716,0.67774,0.67618,0.67642,23220.68
2022.11.15 23:00:00,0.67641,0.67699,0.67522,0.67523,4336.22
2022.11.16 00:00:00,0.67541,0.67577,0.67439,0.67569,1088.65
2022.11.16 01:00:00,0.6757,0.67712,0.67515,0.67687,7115.68
2022.11.16 02:00:00,0.67689,0.67707,0.67374,0.67401,14942.26
2022.11.16 03:00:00,0.67401,0.67504,0.6731,0.67398,22530.22
2022.11.16 04:00:00,0.67398,0.67649,0.67388,0.67575,24297.68
2022.11.16 05:00:00,0.67575,0.67589,0.67421,0.67435,16908.28
2022.11.16 06:00:00,0.67436,0.67484,0.67295,0.67425,15455.28
2022.11.16 07:00:00,0.67425,0.67687,0.67379,0.67664,25578.96
2022.11.16 08:00:00,0.67662,0.67736,0.67589,0.67675,18943.58
2022.11.16 09:00:00,0.67675,0.67849,0.67537,0.67781,25814.73
2022.11.16 10:00:00,0.67781,0.67834,0.67553,0.67644,22564.26
2022.11.16 11:00:00,0.67644,0.6784,0.6763,0.67805,12918.8
2022.11.16 12:00:00,0.67804,0.67921,0.67765,0.67812,12716.16
2022.11.16 13:00:00,0.67812,0.67826,0.67659,0.67692,13661.58
2022.11.16 14:00:00,0.67692,0.67749,0.67618,0.67692,14036.04
2022.11.16 15:00:00,0.67691,0.67769,0.67484,0.67559,26739.82
2022.11.16 16:00:00,0.67564,0.67737,0.67467,0.6753,30074.01
2022.11.16 17:00:00,0.67528,0.67656,0.67405,0.67523,31718.5
2022.11.16 18:00:00,0.67522,0.67568,0.67301,0.67313,20932.94
2022.11.16 19:00:00,0.67313,0.67417,0.67203,0.67355,14206.71
2022.11.16 20:00:00,0.67357,0.67399,0.67192,0.67231,11749.44
2022.11.16 21:00:00,0.67231,0.67403,0.6722,0.67392,9657.28
2022.11.16 22:00:00,0.67391,0.67458,0.67304,0.67426,12788.64
2022.11.16 23:00:00,0.67427,0.67432,0.67368,0.6738,2974.12
2022.11.17 00:00:00,0.67368,0.67423,0.6724,0.67367,1176.5
2022.11.17 01:00:00,0.67365,0.67432,0.67349,0.67381,5387.18
2022.11.17 02:00:00,0.67383,0.67478,0.67333,0.67354,7181.83
2022.11.17 03:00:00,0.67356,0.6744,0.67232,0.67275,11801.69
2022.11.17 04:00:00,0.67276,0.67306,0.67101,0.67149,13550.28
2022.11.17 05:00:00,0.67148,0.67153,0.66965,0.67094,10363.8
2022.11.17 06:00:00,0.67094,0.67163,0.67055,0.6706,6311.22
2022.11.17 07:00:00,0.6706,0.67203,0.67022,0.67165,8602.6
2022.11.17 08:00:00,0.67163,0.6732,0.67158,0.67315,9316.8
2022.11.17 09:00:00,0.67314,0.6742,0.67209,0.67384,13487.53
2022.11.17 10:00:00,0.67388,0.67505,0.67154,0.67171,17248.1
2022.11.17 11:00:00,0.67172,0.67186,0.66877,0.6695,15104.84
2022.11.17 12:00:00,0.66951,0.66996,0.66657,0.66716,14883.88
2022.11.17 13:00:00,0.66715,0.66831,0.66631,0.6679,21649.28
2022.11.17 14:00:00,0.66789,0.66844,0.66433,0.66504,24906.98
2022.11.17 15:00:00,0.66509,0.66676,0.66351,0.66375,34809.44
2022.11.17 16:00:00,0.66376,0.66653,0.66334,0.66486,33866.94
2022.11.17 17:00:00,0.66486,0.66693,0.664,0.66502,30993.42
2022.11.17 18:00:00,0.66503,0.66664,0.66429,0.66636,18413.57
2022.11.17 19:00:00,0.66637,0.66827,0.66635,0.66801,14756.93
2022.11.17 20:00:00,0.668,0.66956,0.6679,0.66879,11180.89
2022.11.17 21:00:00,0.66879,0.66936,0.66788,0.66841,8572.74
2022.11.17 22:00:00,0.66841,0.66899,0.66768,0.66896,10053.32
2022.11.17 23:00:00,0.66895,0.66937,0.66865,0.66865,2719.95
2022.11.18 00:00:00,0.66853,0.66885,0.66716,0.6683,957.03
2022.11.18 01:00:00,0.66829,0.66919,0.66829,0.66867,5579.87
2022.11.18 02:00:00,0.66867,0.66986,0.66836,0.66977,9750.71
2022.11.18 03:00:00,0.66976,0.67058,0.669,0.66991,13043.2
2022.11.18 04:00:00,0.6699,0.67128,0.6699,0.67048,13649.33
2022.11.18 05:00:00,0.67047,0.67243,0.67006,0.67141,12887.81
2022.11.18 06:00:00,0.67139,0.67141,0.66988,0.67016,7719.49
2022.11.18 07:00:00,0.67017,0.67099,0.67006,0.67097,11902.11
2022.11.18 08:00:00,0.67098,0.67108,0.66942,0.67056,12562.25
2022.11.18 09:00:00,0.67054,0.67172,0.66951,0.67122,16189.24
2022.11.18 10:00:00,0.67123,0.6715,0.66923,0.6703,26649.95
2022.11.18 11:00:00,0.6703,0.67243,0.66955,0.6712,22179.21
2022.11.18 12:00:00,0.67119,0.67267,0.6707,0.67213,17509.37
2022.11.18 13:00:00,0.67214,0.67245,0.67087,0.67092,18285.87
2022.11.18 14:00:00,0.67091,0.67267,0.67088,0.67131,15001.28
2022.11.18 15:00:00,0.67132,0.67298,0.66957,0.66961,20008.99
2022.11.18 16:00:00,0.66962,0.66991,0.66684,0.66736,25955.49
2022.11.18 17:00:00,0.66736,0.66955,0.66609,0.66917,26702.26
2022.11.18 18:00:00,0.66914,0.66933,0.66746,0.66794,13278.19
2022.11.18 19:00:00,0.66795,0.66807,0.66628,0.66707,10158.11
2022.11.18 20:00:00,0.66702,0.66759,0.66676,0.66712,9356.31
2022.11.18 21:00:00,0.6671,0.66748,0.66672,0.66748,7475.38
2022.11.18 22:00:00,0.66746,0.66772,0.66678,0.66695,10309.08
2022.11.18 23:00:00,0.66693,0.66742,0.66683,0.66684,4306.01
2022.11.21 00:00:00,0.66585,0.66702,0.66585,0.66693,501.53
2022.11.21 01:00:00,0.66702,0.66829,0.66702,0.66825,5396.47
2022.11.21 02:00:00,0.66825,0.6683,0.66553,0.66608,9088.33
2022.11.21 03:00:00,0.66608,0.66691,0.66501,0.66522,16788.22
2022.11.21 04:00:00,0.66523,0.66524,0.66362,0.66382,16098.06
2022.11.21 05:00:00,0.66383,0.66564,0.6637,0.66562,9583.12
2022.11.21 06:00:00,0.66561,0.66578,0.66408,0.66428,11441.08
2022.11.21 07:00:00,0.66428,0.66486,0.66366,0.66471,17860.11
2022.11.21 08:00:00,0.66472,0.66523,0.66374,0.66383,14414.17
2022.11.21 09:00:00,0.66384,0.66454,0.66324,0.66352,17089.56
2022.11.21 10:00:00,0.66355,0.66452,0.66224,0.66295,20855.99
2022.11.21 11:00:00,0.66293,0.66328,0.66043,0.66091,19837.81
2022.11.21 12:00:00,0.66092,0.66217,0.66082,0.66213,14867.68
2022.11.21 13:00:00,0.66212,0.6625,0.66145,0.66174,12266.52
2022.11.21 14:00:00,0.66176,0.66252,0.66121,0.6621,13775.51
2022.11.21 15:00:00,0.6621,0.66269,0.6614,0.66155,14244.83
2022.11.21 16:00:00,0.66155,0.66262,0.66091,0.66198,24346.67
2022.11.21 17:00:00,0.66198,0.66236,0.65879,0.65905,23863.94
2022.11.21 18:00:00,0.65905,0.65961,0.6584,0.65881,19416.19
2022.11.21 19:00:00,0.6588,0.65979,0.65845,0.65934,13773.16
2022.11.21 20:00:00,0.65934,0.66053,0.65912,0.65975,9296.5
2022.11.21 21:00:00,0.65975,0.66043,0.65974,0.65975,7548.24
2022.11.21 22:00:00,0.65976,0.66059,0.65947,0.66031,9485.14
2022.11.21 23:00:00,0.6603,0.66047,0.65999,0.6603,2465.84
2022.11.22 00:00:00,0.6603,0.66076,0.65965,0.66035,681.82
2022.11.22 01:00:00,0.66033,0.66077,0.66019,0.66068,3970.67
2022.11.22 02:00:00,0.66067,0.66186,0.66045,0.66142,11331.81
2022.11.22 03:00:00,0.66141,0.66243,0.66114,0.66176,10948.61
2022.11.22 04:00:00,0.66174,0.66206,0.66082,0.66173,11645.49
2022.11.22 05:00:00,0.66173,0.66237,0.66128,0.66136,7952.68
2022.11.22 06:00:00,0.66137,0.66239,0.66108,0.66226,5186.86
2022.11.22 07:00:00,0.66228,0.66231,0.66046,0.66083,9435.08
2022.11.22 08:00:00,0.66081,0.66153,0.66042,0.6606,10742.78
2022.11.22 09:00:00,0.66059,0.66225,0.66037,0.66177,15493.87
2022.11.22 10:00:00,0.66178,0.66358,0.66108,0.66272,24514.13
2022.11.22 11:00:00,0.66272,0.66485,0.66238,0.66414,18052.8
2022.11.22 12:00:00,0.66414,0.66476,0.66373,0.66453,13644.72
2022.11.22 13:00:00,0.66454,0.66509,0.66365,0.66407,15776.06
2022.11.22 14:00:00,0.66406,0.66464,0.66348,0.66403,12593.28
2022.11.22 15:00:00,0.66403,0.66458,0.66297,0.66326,16317.99
2022.11.22 16:00:00,0.66327,0.6635,0.66189,0.66246,20648.17
2022.11.22 17:00:00,0.66246,0.66404,0.66236,0.66354,23354.41
2022.11.22 18:00:00,0.66354,0.66374,0.66237,0.66333,15299.79
2022.11.22 19:00:00,0.66332,0.66383,0.66275,0.6638,7310.06
2022.11.22 20:00:00,0.66379,0.66478,0.66341,0.66451,7010.92
2022.11.22 21:00:00,0.66453,0.66453,0.66372,0.66422,4855.91
2022.11.22 22:00:00,0.66422,0.6648,0.66408,0.66452,5672.72
2022.11.22 23:00:00,0.66452,0.6649,0.66437,0.6647,2910.69
2022.11.23 00:00:00,0.6647,0.66471,0.66357,0.66438,488.14
2022.11.23 01:00:00,0.66445,0.66503,0.66416,0.66483,4112.11
2022.11.23 02:00:00,0.66484,0.6659,0.66406,0.66415,6433.59
2022.11.23 03:00:00,0.66415,0.66569,0.6635,0.6643,17808.14
2022.11.23 04:00:00,0.66429,0.66508,0.66376,0.66507,9559.62
2022.11.23 05:00:00,0.66507,0.66508,0.66361,0.6638,7354.79
2022.11.23 06:00:00,0.6638,0.664,0.66334,0.66388,5627.94
2022.11.23 07:00:00,0.66386,0.66447,0.66346,0.66399,7623.72
2022.11.23 08:00:00,0.66398,0.66524,0.66376,0.66504,8816.95
2022.11.23 09:00:00,0.66506,0.66707,0.66463,0.66628,13462.55
2022.11.23 10:00:00,0.66629,0.66648,0.66493,0.6652,16017.01
2022.11.23 11:00:00,0.66519,0.66575,0.66425,0.66524,12324.63
2022.11.23 12:00:00,0.66524,0.66525,0.66388,0.66416,11097.26
2022.11.23 13:00:00,0.66415,0.66468,0.66367,0.66454,10080.65
2022.11.23 14:00:00,0.66455,0.66536,0.66402,0.66506,13602.78
2022.11.23 15:00:00,0.66506,0.66607,0.66422,0.66569,23604.03
2022.11.23 16:00:00,0.66568,0.67061,0.66546,0.6695,25994.12
2022.11.23 17:00:00,0.66947,0.67222,0.66782,0.6722,31254.04
2022.11.23 18:00:00,0.67222,0.67226,0.67013,0.67056,18967.03
2022.11.23 19:00:00,0.67056,0.67139,0.67012,0.67032,13447.67
2022.11.23 20:00:00,0.67033,0.67148,0.6701,0.67073,11301.23
2022.11.23 21:00:00,0.67074,0.67366,0.6702,0.67327,30432.59
2022.11.23 22:00:00,0.67328,0.67382,0.67272,0.67379,12942.07
2022.11.23 23:00:00,0.67379,0.67379,0.673,0.673,3212.06
2022.11.24 00:00:00,0.67304,0.67321,0.6717,0.67279,515.02
2022.11.24 01:00:00,0.67275,0.67459,0.67275,0.67455,5394.98
2022.11.24 02:00:00,0.67454,0.67466,0.67341,0.67425,6632.16
2022.11.24 03:00:00,0.67425,0.67543,0.67406,0.67523,11818.54
2022.11.24 04:00:00,0.67525,0.67575,0.67485,0.67543,9029.26
2022.11.24 05:00:00,0.67544,0.67676,0.67537,0.67656,8618.81
2022.11.24 06:00:00,0.67656,0.67669,0.6757,0.67657,6975.75
2022.11.24 07:00:00,0.67656,0.67665,0.67529,0.67529,7873.29
2022.11.24 08:00:00,0.6753,0.67587,0.67497,0.67534,10663.97
2022.11.24 09:00:00,0.67536,0.67624,0.67449,0.67453,12685.32
2022.11.24 10:00:00,0.67455,0.67497,0.67356,0.67416,16062.33
2022.11.24 11:00:00,0.67418,0.6754,0.67387,0.67419,10935.94
2022.11.24 12:00:00,0.67418,0.67539,0.67307,0.67442,12683.92
2022.11.24 13:00:00,0.67442,0.67519,0.67307,0.67509,10288.66
2022.11.24 14:00:00,0.67508,0.67568,0.67417,0.6754,9513.97
2022.11.24 15:00:00,0.67539,0.67574,0.67472,0.67544,13282.82
2022.11.24 16:00:00,0.67545,0.67751,0.67545,0.67729,13459.6
2022.11.24 17:00:00,0.67729,0.67777,0.67657,0.67692,13278.83
2022.11.24 18:00:00,0.67694,0.67694,0.67597,0.67652,6716.9
2022.11.24 19:00:00,0.67654,0.67672,0.67618,0.67653,3799.71
2022.11.24 20:00:00,0.67654,0.67659,0.67618,0.67619,719.13
2022.11.24 21:00:00,0.67619,0.67662,0.67618,0.67662,1085.61
2022.11.24 22:00:00,0.67659,0.67675,0.67619,0.67658,2334.51
2022.11.24 23:00:00,0.6766,0.6767,0.67628,0.67637,2388.04
2022.11.25 00:00:00,0.67623,0.67651,0.67573,0.67583,707.68
2022.11.25 01:00:00,0.67583,0.67661,0.67582,0.67646,2534.11
2022.11.25 02:00:00,0.67647,0.67656,0.67507,0.6753,9049.19
2022.11.25 03:00:00,0.67531,0.67639,0.67516,0.6761,10975.46
2022.11.25 04:00:00,0.67608,0.67692,0.67603,0.67647,9874.81
2022.11.25 05:00:00,0.67647,0.67696,0.67594,0.67694,6958.28
2022.11.25 06:00:00,0.67693,0.67804,0.67686,0.6774,6085.47
2022.11.25 07:00:00,0.67742,0.67749,0.6758,0.67635,6535.24
2022.11.25 08:00:00,0.67634,0.67726,0.67576,0.6771,7400.35
2022.11.25 09:00:00,0.67716,0.67745,0.67536,0.67541,10650.66
2022.11.25 10:00:00,0.67539,0.67591,0.67442,0.67476,13026.14
2022.11.25 11:00:00,0.67476,0.67515,0.67291,0.67351,13014.33
2022.11.25 12:00:00,0.67354,0.67535,0.67311,0.67464,8915.28
2022.11.25 13:00:00,0.67465,0.67482,0.67367,0.67367,7181.4
2022.11.25 14:00:00,0.67368,0.67451,0.67364,0.67406,7787.78
2022.11.25 15:00:00,0.67406,0.67422,0.67257,0.67298,14608.98
2022.11.25 16:00:00,0.67297,0.67457,0.67201,0.67418,13563.14
2022.11.25 17:00:00,0.67419,0.67495,0.67343,0.67476,14162.24
2022.11.25 18:00:00,0.67477,0.6752,0.67416,0.67479,10891.12
2022.11.25 19:00:00,0.6748,0.67525,0.67426,0.67428,7203.22
2022.11.25 20:00:00,0.67428,0.67463,0.67412,0.6743,2905.14
2022.11.25 21:00:00,0.6743,0.67466,0.67414,0.67447,21908.15
2022.11.25 22:00:00,0.67444,0.67496,0.67389,0.67443,1476.2
2022.11.25 23:00:00,0.67442,0.67499,0.67405,0.67466,2076.3
2022.11.28 00:00:00,0.67163,0.67278,0.67163,0.67183,750.64
2022.11.28 01:00:00,0.67184,0.67233,0.67096,0.67104,8166.56
2022.11.28 02:00:00,0.67106,0.67219,0.67106,0.67161,9857.55
2022.11.28 03:00:00,0.67164,0.67171,0.66657,0.66711,17960.87
2022.11.28 04:00:00,0.66713,0.66957,0.66647,0.669,13387.71
2022.11.28 05:00:00,0.669,0.66905,0.66813,0.66844,8839.88
2022.11.28 06:00:00,0.66847,0.66955,0.66847,0.66915,7274.55
2022.11.28 07:00:00,0.66915,0.66915,0.66756,0.66767,12126.57
2022.11.28 08:00:00,0.66773,0.66872,0.66711,0.66789,12572.89
2022.11.28 09:00:00,0.66789,0.66939,0.66778,0.66814,13171.66
2022.11.28 10:00:00,0.66814,0.67139,0.6675,0.671,20937.03
2022.11.28 11:00:00,0.67098,0.67146,0.66953,0.66986,15805.48
2022.11.28 12:00:00,0.66983,0.67127,0.66956,0.67066,12669.07
2022.11.28 13:00:00,0.67066,0.67241,0.67032,0.6711,13546.72
2022.11.28 14:00:00,0.67111,0.67125,0.66987,0.67017,12253.92
2022.11.28 15:00:00,0.67016,0.67021,0.66816,0.66922,19540.16
2022.11.28 16:00:00,0.66922,0.66951,0.66753,0.66924,26524.32
2022.11.28 17:00:00,0.66923,0.67038,0.66883,0.66899,22590.26
2022.11.28 18:00:00,0.66898,0.66934,0.66783,0.66927,16867.82
2022.11.28 19:00:00,0.66929,0.66959,0.66792,0.66799,15661.1
2022.11.28 20:00:00,0.66798,0.6681,0.6661,0.66631,8005.38
2022.11.28 21:00:00,0.6663,0.66648,0.66446,0.66458,7967.39
2022.11.28 22:00:00,0.66458,0.66485,0.66412,0.66443,8006.13
2022.11.28 23:00:00,0.66443,0.66522,0.66443,0.66484,2296.9
2022.11.29 00:00:00,0.66483,0.66546,0.66456,0.66486,620.06
2022.11.29 01:00:00,0.66492,0.66559,0.66486,0.66509,4011.5
2022.11.29 02:00:00,0.66509,0.66579,0.66479,0.66486,7660.98
2022.11.29 03:00:00,0.66485,0.66666,0.66396,0.66654,14808.32
2022.11.29 04:00:00,0.66654,0.6677,0.66612,0.66686,9923.6
2022.11.29 05:00:00,0.66688,0.6706,0.66688,0.67027,13226.22
2022.11.29 06:00:00,0.67029,0.67084,0.66963,0.67049,11725.2
2022.11.29 07:00:00,0.67048,0.67088,0.66988,0.67053,12160.9
2022.11.29 08:00:00,0.67054,0.67085,0.66894,0.6697,15486.13
2022.11.29 09:00:00,0.66968,0.67242,0.6696,0.67129,19524.5
2022.11.29 10:00:00,0.67129,0.67415,0.67114,0.67394,18786.28
2022.11.29 11:00:00,0.67394,0.67419,0.67107,0.67174,15778.32
2022.11.29 12:00:00,0.67177,0.67483,0.67161,0.67367,12164.54
2022.11.29 13:00:00,0.67367,0.67465,0.6729,0.67462,12506.19
2022.11.29 14:00:00,0.67462,0.67464,0.67232,0.67334,11821.88
2022.11.29 15:00:00,0.67336,0.67375,0.67106,0.67137,20561.48
2022.11.29 16:00:00,0.67139,0.67291,0.66978,0.67102,21586.07
2022.11.29 17:00:00,0.67101,0.67327,0.67051,0.67092,21048.64
2022.11.29 18:00:00,0.67092,0.67119,0.66864,0.6689,17747.89
2022.11.29 19:00:00,0.66891,0.66911,0.66805,0.66898,11524.04
2022.11.29 20:00:00,0.66898,0.66966,0.66807,0.66884,8316.02
2022.11.29 21:00:00,0.66884,0.66949,0.6682,0.66861,8015.62
2022.11.29 22:00:00,0.66861,0.66904,0.66815,0.66877,8837.62
2022.11.29 23:00:00,0.66877,0.66895,0.66851,0.66851,2684.2
2022.11.30 00:00:00,0.66863,0.66892,0.66806,0.66816,913.84
2022.11.30 01:00:00,0.66816,0.66833,0.6671,0.66826,4473.58
2022.11.30 02:00:00,0.6683,0.66904,0.66696,0.669,13194.02
2022.11.30 03:00:00,0.66899,0.66997,0.66795,0.66909,13390.73
2022.11.30 04:00:00,0.66912,0.66955,0.66821,0.66934,8337.02
2022.11.30 05:00:00,0.66934,0.66976,0.66869,0.6695,7108.35
2022.11.30 06:00:00,0.66952,0.67032,0.66952,0.66967,5336.21
2022.11.30 07:00:00,0.66967,0.67045,0.66934,0.66965,9490.69
2022.11.30 08:00:00,0.66965,0.6705,0.66917,0.66977,9581.25
2022.11.30 09:00:00,0.66976,0.67233,0.66964,0.67178,11691.82
2022.11.30 10:00:00,0.67175,0.67227,0.66995,0.67181,15478.97
2022.11.30 11:00:00,0.67181,0.67314,0.67167,0.67244,14413.42
2022.11.30 12:00:00,0.67243,0.67381,0.67213,0.67241,11959.65
2022.11.30 13:00:00,0.67244,0.67396,0.67208,0.67359,10297.82
2022.11.30 14:00:00,0.67361,0.67405,0.67244,0.67251,12347.15
2022.11.30 15:00:00,0.6725,0.67407,0.67127,0.67135,28589.09
2022.11.30 16:00:00,0.67133,0.67366,0.67103,0.67147,26683.67
2022.11.30 17:00:00,0.6715,0.67165,0.66759,0.66973,31127.67
2022.11.30 18:00:00,0.66975,0.67196,0.66886,0.67147,21149.78
2022.11.30 19:00:00,0.67147,0.67174,0.67025,0.67104,15480.37
2022.11.30 20:00:00,0.67106,0.67663,0.66977,0.67642,25581.51
2022.11.30 21:00:00,0.67641,0.67895,0.67585,0.67884,35585.86
2022.11.30 22:00:00,0.67887,0.68005,0.67832,0.67873,16366.1
2022.11.30 23:00:00,0.67877,0.67904,0.67843,0.67855,5392.4
2022.12.01 00:00:00,0.67858,0.67928,0.678,0.6789,1107.03
2022.12.01 01:00:00,0.67889,0.68018,0.67889,0.67986,8100.62
2022.12.01 02:00:00,0.67987,0.68132,0.67969,0.68052,15765.24
2022.12.01 03:00:00,0.6805,0.68158,0.67983,0.68005,20958.91
2022.12.01 04:00:00,0.68003,0.68039,0.6793,0.67963,18891.67
2022.12.01 05:00:00,0.67962,0.68063,0.67933,0.68048,11678.34
2022.12.01 06:00:00,0.68047,0.68132,0.68,0.68078,8348.44
2022.12.01 07:00:00,0.68076,0.68277,0.68062,0.68244,13627.4
2022.12.01 08:00:00,0.68244,0.68323,0.68175,0.68299,11102.28
2022.12.01 09:00:00,0.683,0.6839,0.6801,0.68049,16096.7
2022.12.01 10:00:00,0.68052,0.68194,0.67913,0.68154,23550.61
2022.12.01 11:00:00,0.68158,0.68176,0.67939,0.68055,14570.89
2022.12.01 12:00:00,0.68054,0.68181,0.67966,0.67987,12769.42
2022.12.01 13:00:00,0.67988,0.68056,0.67929,0.67986,11464.97
2022.12.01 14:00:00,0.67988,0.68117,0.67958,0.67972,14423.76
2022.12.01 15:00:00,0.67971,0.68294,0.67942,0.68026,29053.45
2022.12.01 16:00:00,0.68026,0.68393,0.67977,0.68317,27214.78
2022.12.01 17:00:00,0.68331,0.68437,0.67894,0.68095,41291.23
2022.12.01 18:00:00,0.68095,0.6816,0.68004,0.68024,27638.08
2022.12.01 19:00:00,0.68023,0.68126,0.67822,0.6807,19631.44
2022.12.01 20:00:00,0.68069,0.68127,0.67968,0.68,15180.41
2022.12.01 21:00:00,0.68,0.68182,0.67948,0.6818,13266.48
2022.12.01 22:00:00,0.6818,0.6818,0.68028,0.68123,14448.51
2022.12.01 23:00:00,0.68122,0.68156,0.68082,0.6809,3198.19
2022.12.02 00:00:00,0.68086,0.68107,0.67979,0.68066,502.8
2022.12.02 01:00:00,0.6807,0.68176,0.68039,0.68098,6261.54
2022.12.02 02:00:00,0.68097,0.68097,0.67941,0.67961,10793.99
2022.12.02 03:00:00,0.67961,0.68075,0.67936,0.68031,12198.82
2022.12.02 04:00:00,0.68033,0.68073,0.67959,0.68034,13007.24
2022.12.02 05:00:00,0.68035,0.68163,0.68024,0.68143,8831.26
2022.12.02 06:00:00,0.68143,0.68149,0.68083,0.68118,7517.47
2022.12.02 07:00:00,0.68117,0.68192,0.68099,0.68149,8072.45
2022.12.02 08:00:00,0.68149,0.68252,0.68138,0.68208,9189.77
2022.12.02 09:00:00,0.68213,0.68299,0.6814,0.68193,16078.37
2022.12.02 10:00:00,0.68193,0.68355,0.68083,0.68257,19048.86
2022.12.02 11:00:00,0.68256,0.68259,0.68083,0.68212,18679.87
2022.12.02 12:00:00,0.6821,0.68221,0.68102,0.68182,16003.47
2022.12.02 13:00:00,0.68182,0.68203,0.68116,0.6819,12059.34
2022.12.02 14:00:00,0.6819,0.68231,0.68134,0.68208,12653.21
2022.12.02 15:00:00,0.68209,0.68227,0.67421,0.67658,40730.03
2022.12.02 16:00:00,0.67658,0.67821,0.67519,0.67699,42321.29
2022.12.02 17:00:00,0.67699,0.67785,0.67595,0.67727,31657.75
2022.12.02 18:00:00,0.67726,0.6805,0.67687,0.67989,23168.05
2022.12.02 19:00:00,0.67989,0.68108,0.67971,0.67982,16967.55
2022.12.02 20:00:00,0.67984,0.68019,0.67919,0.67981,7859.77
2022.12.02 21:00:00,0.67981,0.68091,0.67915,0.68087,7715.52
2022.12.02 22:00:00,0.68087,0.68135,0.68029,0.68036,9783.55
2022.12.02 23:00:00,0.68036,0.68047,0.67914,0.67914,3861.14
2022.12.05 00:00:00,0.67835,0.67926,0.67716,0.67876,745.21
2022.12.05 01:00:00,0.67888,0.68123,0.67872,0.68118,8138.72
2022.12.05 02:00:00,0.68118,0.68207,0.68095,0.68121,11451.62
2022.12.05 03:00:00,0.6812,0.68397,0.68116,0.68343,17193.58
2022.12.05 04:00:00,0.68343,0.68441,0.68262,0.68423,12116.62
2022.12.05 05:00:00,0.68423,0.68504,0.68398,0.68471,11048.08
2022.12.05 06:00:00,0.68472,0.68485,0.68378,0.68394,7730.34
2022.12.05 07:00:00,0.68394,0.6845,0.6831,0.68344,9089.26
2022.12.05 08:00:00,0.68343,0.68343,0.68259,0.68268,9897.45
2022.12.05 09:00:00,0.6827,0.68277,0.68035,0.68052,13188.97
2022.12.05 10:00:00,0.68052,0.68123,0.67965,0.6806,19308.42
2022.12.05 11:00:00,0.6806,0.68157,0.67982,0.68148,14475.58
2022.12.05 12:00:00,0.68144,0.68169,0.67933,0.67967,13429.82
2022.12.05 13:00:00,0.67969,0.68074,0.67913,0.68048,10137.98
2022.12.05 14:00:00,0.68048,0.68185,0.67971,0.68135,12145.14
2022.12.05 15:00:00,0.68145,0.68169,0.67908,0.67933,20294.86
2022.12.05 16:00:00,0.67933,0.6795,0.67685,0.67685,22151.15
2022.12.05 17:00:00,0.6768,0.6768,0.67319,0.6747,36738.12
2022.12.05 18:00:00,0.6747,0.67504,0.6709,0.67116,19911.28
2022.12.05 19:00:00,0.67117,0.67187,0.67031,0.6707,13252
2022.12.05 20:00:00,0.6707,0.67153,0.67016,0.67028,9957.32
2022.12.05 21:00:00,0.67028,0.67033,0.66887,0.66958,9858.01
2022.12.05 22:00:00,0.66956,0.6699,0.66863,0.66902,10316.62
2022.12.05 23:00:00,0.66902,0.66978,0.66901,0.66951,2852.09
2022.12.06 00:00:00,0.6695,0.67044,0.66936,0.66983,796.87
2022.12.06 01:00:00,0.66983,0.67063,0.6696,0.6706,3201.94
2022.12.06 02:00:00,0.67062,0.67139,0.6701,0.67115,8556.65
2022.12.06 03:00:00,0.67115,0.67289,0.67052,0.67198,12913.31
2022.12.06 04:00:00,0.67197,0.67276,0.67031,0.67108,14536.98
2022.12.06 05:00:00,0.67108,0.67344,0.67094,0.67223,14813.32
2022.12.06 06:00:00,0.67222,0.67371,0.67195,0.67272,10928.03
2022.12.06 07:00:00,0.67271,0.67336,0.67216,0.67322,12714.26
2022.12.06 08:00:00,0.67323,0.67332,0.67091,0.67176,12289.43
2022.12.06 09:00:00,0.67176,0.6732,0.67089,0.67281,16833.69
2022.12.06 10:00:00,0.6728,0.67316,0.67081,0.67173,19927.3
2022.12.06 11:00:00,0.67173,0.67258,0.67127,0.67145,16008.6
2022.12.06 12:00:00,0.67145,0.67242,0.67117,0.67183,13818.86
2022.12.06 13:00:00,0.67183,0.67337,0.67176,0.67277,11827.12
2022.12.06 14:00:00,0.67276,0.67437,0.67258,0.67387,11311.49
2022.12.06 15:00:00,0.67388,0.6739,0.67175,0.67213,17250.29
2022.12.06 16:00:00,0.67214,0.67335,0.67164,0.67191,23453.98
2022.12.06 17:00:00,0.67189,0.67235,0.66872,0.67001,25074.18
2022.12.06 18:00:00,0.67,0.67202,0.66946,0.66965,17962.89
2022.12.06 19:00:00,0.66965,0.66986,0.66863,0.66897,9729.19
2022.12.06 20:00:00,0.66897,0.66922,0.66802,0.66865,6598.21
2022.12.06 21:00:00,0.66867,0.6693,0.66841,0.66859,6302.52
2022.12.06 22:00:00,0.66859,0.66921,0.6685,0.6689,6831.44
2022.12.06 23:00:00,0.66891,0.66898,0.6684,0.66862,2157.46
2022.12.07 00:00:00,0.6687,0.66904,0.66826,0.66873,911.6
2022.12.07 01:00:00,0.66871,0.66988,0.6687,0.66975,4148.32
2022.12.07 02:00:00,0.66975,0.66996,0.66899,0.66939,7758.25
2022.12.07 03:00:00,0.66939,0.67113,0.66885,0.67095,14273.51
2022.12.07 04:00:00,0.67095,0.67157,0.67007,0.67007,13556.96
2022.12.07 05:00:00,0.67006,0.67008,0.66854,0.66939,9435.76
2022.12.07 06:00:00,0.66938,0.6695,0.6686,0.66899,6029.35
2022.12.07 07:00:00,0.66899,0.67105,0.66895,0.66956,9701.65
2022.12.07 08:00:00,0.66957,0.6697,0.66794,0.66855,16261.52
2022.12.07 09:00:00,0.66856,0.67,0.66775,0.66945,22221.83
2022.12.07 10:00:00,0.66946,0.66946,0.66728,0.66915,22375.42
2022.12.07 11:00:00,0.66915,0.66928,0.6669,0.6674,14890.4
2022.12.07 12:00:00,0.66741,0.66863,0.66707,0.6677,14347.86
2022.12.07 13:00:00,0.66771,0.66841,0.66686,0.66704,11870.45
2022.12.07 14:00:00,0.66701,0.66947,0.66682,0.66928,15408.14
2022.12.07 15:00:00,0.66926,0.6715,0.66897,0.67102,23247.51
2022.12.07 16:00:00,0.67104,0.67341,0.67104,0.67217,29637.52
2022.12.07 17:00:00,0.67216,0.67315,0.67119,0.67257,37394.02
2022.12.07 18:00:00,0.67259,0.67273,0.67034,0.67202,19256.56
2022.12.07 19:00:00,0.67201,0.67347,0.67189,0.67331,13535.68
2022.12.07 20:00:00,0.67332,0.67415,0.67275,0.67288,11781.79
2022.12.07 21:00:00,0.67288,0.67351,0.67239,0.67304,9538.5
2022.12.07 22:00:00,0.67304,0.67324,0.6721,0.67266,11939.04
2022.12.07 23:00:00,0.67266,0.67297,0.67212,0.6722,2720.13
2022.12.08 00:00:00,0.67221,0.67267,0.67152,0.67203,899.22
2022.12.08 01:00:00,0.67198,0.67277,0.67196,0.67247,4029.13
2022.12.08 02:00:00,0.67246,0.6727,0.67077,0.67082,12228.41
2022.12.08 03:00:00,0.67081,0.67097,0.66978,0.67072,16222.49
2022.12.08 04:00:00,0.67074,0.67134,0.67029,0.67074,11129.38
2022.12.08 05:00:00,0.67074,0.672,0.67061,0.67161,9238.22
2022.12.08 06:00:00,0.67162,0.67162,0.67081,0.67154,10103.41
2022.12.08 07:00:00,0.67153,0.67172,0.6708,0.67145,10585.02
2022.12.08 08:00:00,0.67144,0.67307,0.67121,0.67283,9333.08
2022.12.08 09:00:00,0.67282,0.67378,0.67265,0.67293,13270.39
2022.12.08 10:00:00,0.67293,0.67296,0.67163,0.67221,15325.36
2022.12.08 11:00:00,0.67222,0.67229,0.67122,0.67164,9714.11
2022.12.08 12:00:00,0.67165,0.67318,0.67156,0.67302,9495.71
2022.12.08 13:00:00,0.67303,0.67312,0.67235,0.67286,8096.71
2022.12.08 14:00:00,0.67286,0.67461,0.67251,0.67446,10375.26
2022.12.08 15:00:00,0.67446,0.67695,0.67431,0.67618,17921.9
2022.12.08 16:00:00,0.67624,0.67679,0.67437,0.67656,25707.14
2022.12.08 17:00:00,0.67656,0.67803,0.6761,0.67626,21457.17
2022.12.08 18:00:00,0.67625,0.67707,0.67528,0.67671,15250.4
2022.12.08 19:00:00,0.67672,0.67673,0.67571,0.6763,10881.36
2022.12.08 20:00:00,0.67629,0.6775,0.67575,0.677,10089.57
2022.12.08 21:00:00,0.67699,0.67729,0.67606,0.67707,13271.84
2022.12.08 22:00:00,0.67705,0.67729,0.67673,0.67721,8848.74
2022.12.08 23:00:00,0.67719,0.6773,0.67671,0.67671,2399.7
2022.12.09 00:00:00,0.67669,0.6772,0.6764,0.67699,1463.01
2022.12.09 01:00:00,0.67699,0.67762,0.67699,0.67745,3277.63
2022.12.09 02:00:00,0.67743,0.67781,0.67624,0.67667,9967.35
2022.12.09 03:00:00,0.67667,0.67995,0.6765,0.67944,14756.3
2022.12.09 04:00:00,0.67945,0.67965,0.67763,0.67815,17148.35
2022.12.09 05:00:00,0.67816,0.67941,0.67808,0.67922,18451.57
2022.12.09 06:00:00,0.67923,0.67969,0.67898,0.67901,9639.82
2022.12.09 07:00:00,0.67902,0.67968,0.67801,0.67803,11562.23
2022.12.09 08:00:00,0.67804,0.67839,0.67763,0.67832,11539.4
2022.12.09 09:00:00,0.67832,0.67849,0.67685,0.67719,13455.36
2022.12.09 10:00:00,0.67712,0.6772,0.67525,0.6758,12594.41
2022.12.09 11:00:00,0.67579,0.67639,0.67542,0.67588,13748.91
2022.12.09 12:00:00,0.67589,0.67706,0.67587,0.677,8259.78
2022.12.09 13:00:00,0.67701,0.67886,0.67688,0.67866,8133.69
2022.12.09 14:00:00,0.67867,0.67929,0.67836,0.67867,8628.26
2022.12.09 15:00:00,0.67868,0.67968,0.67419,0.67727,28726.39
2022.12.09 16:00:00,0.67731,0.6784,0.67609,0.67765,29067.97
2022.12.09 17:00:00,0.67766,0.67963,0.67615,0.67938,31540.19
2022.12.09 18:00:00,0.67938,0.6813,0.67886,0.68066,15915.64
2022.12.09 19:00:00,0.68066,0.68088,0.67981,0.67999,8095.88
2022.12.09 20:00:00,0.67998,0.68054,0.67952,0.68045,6657.59
2022.12.09 21:00:00,0.68045,0.68049,0.67982,0.68025,6229.6
2022.12.09 22:00:00,0.68025,0.6804,0.67932,0.67941,9122.08
2022.12.09 23:00:00,0.67941,0.67967,0.67904,0.6793,3528.47
2022.12.12 00:00:00,0.67827,0.67974,0.67795,0.67963,653.37
2022.12.12 01:00:00,0.67959,0.67972,0.6778,0.6778,5494.42
2022.12.12 02:00:00,0.67782,0.6779,0.67562,0.67619,13268.36
2022.12.12 03:00:00,0.67619,0.67695,0.67565,0.67613,14541.86
2022.12.12 04:00:00,0.67611,0.67663,0.67573,0.67635,10999.89
2022.12.12 05:00:00,0.67635,0.67733,0.67628,0.67733,9840.82
2022.12.12 06:00:00,0.67732,0.67813,0.67721,0.67774,6608.51
2022.12.12 07:00:00,0.67772,0.6779,0.6769,0.67724,9872.13
2022.12.12 08:00:00,0.67723,0.67733,0.67629,0.67699,8708.39
2022.12.12 09:00:00,0.67701,0.67819,0.67678,0.67804,15317.34
2022.12.12 10:00:00,0.67805,0.67812,0.67637,0.67725,15780.78
2022.12.12 11:00:00,0.67724,0.67949,0.67705,0.67921,13948.02
2022.12.12 12:00:00,0.6792,0.67934,0.6779,0.67814,9923.56
2022.12.12 13:00:00,0.67812,0.67814,0.67679,0.67679,10245.22
2022.12.12 14:00:00,0.67679,0.67721,0.67591,0.67611,10681.92
2022.12.12 15:00:00,0.67611,0.67658,0.67555,0.67625,12293.05
2022.12.12 16:00:00,0.67626,0.67656,0.67513,0.67552,18398.47
2022.12.12 17:00:00,0.67553,0.67668,0.67393,0.67415,19065.95
2022.12.12 18:00:00,0.67415,0.67427,0.67282,0.67397,10831.59
2022.12.12 19:00:00,0.67394,0.67437,0.67337,0.67416,5368.52
2022.12.12 20:00:00,0.67416,0.67429,0.67328,0.67385,7998.52
2022.12.12 21:00:00,0.67388,0.6743,0.67303,0.67408,5381.39
2022.12.12 22:00:00,0.67408,0.67511,0.674,0.67504,3628.63
2022.12.12 23:00:00,0.67504,0.67515,0.67432,0.67432,1406.68
2022.12.13 00:00:00,0.67432,0.67499,0.67432,0.67466,428.09
2022.12.13 01:00:00,0.67472,0.67546,0.67472,0.67513,1650.6
2022.12.13 02:00:00,0.67512,0.6759,0.6746,0.67511,4555.07
2022.12.13 03:00:00,0.67512,0.6762,0.67507,0.67608,6747.51
2022.12.13 04:00:00,0.67607,0.67742,0.6757,0.67632,6367.46
2022.12.13 05:00:00,0.67632,0.67657,0.67394,0.67429,6828.63
2022.12.13 06:00:00,0.67428,0.67547,0.67396,0.67545,5236.96
2022.12.13 07:00:00,0.67544,0.67675,0.67537,0.67629,6289.06
2022.12.13 08:00:00,0.67628,0.67659,0.67596,0.67642,7214.63
2022.12.13 09:00:00,0.67641,0.67797,0.6763,0.67761,12713.75
2022.12.13 10:00:00,0.67763,0.67849,0.67668,0.67677,12410.43
2022.12.13 11:00:00,0.67677,0.67691,0.67577,0.67649,10348.9
2022.12.13 12:00:00,0.67649,0.67709,0.67509,0.67661,9197.61
2022.12.13 13:00:00,0.67659,0.67766,0.67636,0.67682,9236.07
2022.12.13 14:00:00,0.67679,0.67866,0.67657,0.67833,8928.85
2022.12.13 15:00:00,0.67833,0.68772,0.67474,0.6865,36157.95
2022.12.13 16:00:00,0.68652,0.68927,0.68604,0.68903,34396.66
2022.12.13 17:00:00,0.68903,0.68916,0.68633,0.68765,29522.8
2022.12.13 18:00:00,0.68768,0.68853,0.68626,0.68673,22284.45
2022.12.13 19:00:00,0.68672,0.68733,0.68517,0.6854,15468.68
2022.12.13 20:00:00,0.68539,0.68666,0.68495,0.68523,11936.17
2022.12.13 21:00:00,0.68523,0.68617,0.68502,0.68574,9658.45
2022.12.13 22:00:00,0.68573,0.68601,0.68479,0.68496,8062.02
2022.12.13 23:00:00,0.68494,0.68557,0.6849,0.6852,1783.61
2022.12.14 00:00:00,0.68528,0.68604,0.68499,0.68532,1503.63
2022.12.14 01:00:00,0.68532,0.68551,0.68403,0.6841,4200.48
2022.12.14 02:00:00,0.6841,0.68453,0.68241,0.68305,6902.75
2022.12.14 03:00:00,0.68305,0.68351,0.68257,0.68306,8256.25
2022.12.14 04:00:00,0.68306,0.68324,0.68208,0.68278,5792.25
2022.12.14 05:00:00,0.68279,0.68359,0.68259,0.68289,3832.02
2022.12.14 06:00:00,0.68288,0.6836,0.68252,0.68356,2818.34
2022.12.14 07:00:00,0.68356,0.68466,0.68346,0.6842,3798.45
2022.12.14 08:00:00,0.6842,0.68511,0.68419,0.68498,5261.24
2022.12.14 09:00:00,0.68496,0.68556,0.68453,0.68508,11175.2
2022.12.14 10:00:00,0.68508,0.68701,0.68439,0.68671,14349.06
2022.12.14 11:00:00,0.68671,0.6876,0.686,0.68684,14853.99
2022.12.14 12:00:00,0.68683,0.68805,0.68634,0.68708,14690.89
2022.12.14 13:00:00,0.68707,0.68745,0.6855,0.68621,10266.22
2022.12.14 14:00:00,0.68622,0.68635,0.68501,0.68633,8465.97
2022.12.14 15:00:00,0.68634,0.68704,0.6859,0.68607,13587.53
2022.12.14 16:00:00,0.68604,0.68707,0.6855,0.6867,16577.2
2022.12.14 17:00:00,0.68672,0.68699,0.68566,0.68648,17400.13
2022.12.14 18:00:00,0.68648,0.68709,0.68578,0.68595,12008.08
2022.12.14 19:00:00,0.68592,0.68688,0.68568,0.68608,6962.51
2022.12.14 20:00:00,0.68608,0.68791,0.68603,0.68714,8028.03
2022.12.14 21:00:00,0.68715,0.68723,0.68095,0.68488,49443.13
2022.12.14 22:00:00,0.68488,0.68809,0.68442,0.68618,36210.38
2022.12.14 23:00:00,0.68617,0.68658,0.68599,0.6862,3890.61
2022.12.15 00:00:00,0.68618,0.68641,0.68511,0.68569,997.06
2022.12.15 01:00:00,0.6857,0.68636,0.68542,0.68567,3847.63
2022.12.15 02:00:00,0.68566,0.68693,0.68537,0.68666,5883.73
2022.12.15 03:00:00,0.68666,0.68669,0.6843,0.6847,8684.63
2022.12.15 04:00:00,0.6847,0.68492,0.68339,0.68394,5427.23
2022.12.15 05:00:00,0.68394,0.6844,0.68323,0.68369,5244.17
2022.12.15 06:00:00,0.68372,0.68396,0.68217,0.68241,3984.6
2022.12.15 07:00:00,0.68242,0.6833,0.68207,0.68311,5834.13
2022.12.15 08:00:00,0.68311,0.68341,0.68226,0.68264,5894.99
2022.12.15 09:00:00,0.68264,0.68276,0.68111,0.68122,10656.8
2022.12.15 10:00:00,0.68122,0.68175,0.67827,0.67842,16079.91
2022.12.15 11:00:00,0.67842,0.67845,0.67656,0.67727,14525.57
2022.12.15 12:00:00,0.67728,0.67748,0.67584,0.67593,10146.9
2022.12.15 13:00:00,0.67593,0.6769,0.67535,0.67643,11229.1
2022.12.15 14:00:00,0.67643,0.67683,0.67496,0.6767,12084.6
2022.12.15 15:00:00,0.67669,0.67748,0.67552,0.67609,22815.93
2022.12.15 16:00:00,0.67608,0.67768,0.67405,0.67454,31160.75
2022.12.15 17:00:00,0.67455,0.67466,0.67068,0.67224,26242.42
2022.12.15 18:00:00,0.6722,0.67258,0.66961,0.66978,20024.24
2022.12.15 19:00:00,0.66978,0.67013,0.6679,0.668,12772.43
2022.12.15 20:00:00,0.66801,0.66969,0.66761,0.66964,7807.54
2022.12.15 21:00:00,0.66963,0.67037,0.6693,0.67025,7604.69
2022.12.15 22:00:00,0.67025,0.67076,0.66995,0.67028,6640.47
2022.12.15 23:00:00,0.67027,0.67031,0.66939,0.66991,2916.72
2022.12.16 00:00:00,0.6699,0.67046,0.66981,0.67034,718.13
2022.12.16 01:00:00,0.67034,0.67054,0.66994,0.67049,2792.93
2022.12.16 02:00:00,0.6705,0.67118,0.66996,0.67063,5664.08
2022.12.16 03:00:00,0.67064,0.67088,0.66989,0.67062,8083.65
2022.12.16 04:00:00,0.6706,0.67355,0.67055,0.67303,8400.66
2022.12.16 05:00:00,0.67303,0.67312,0.67141,0.67167,6819.61
2022.12.16 06:00:00,0.67169,0.6717,0.67029,0.67055,4703.84
2022.12.16 07:00:00,0.67055,0.6708,0.66966,0.67026,6491.56
2022.12.16 08:00:00,0.67025,0.67148,0.66996,0.67141,5332.48
2022.12.16 09:00:00,0.67139,0.67189,0.6692,0.66931,10033.09
2022.12.16 10:00:00,0.66932,0.66997,0.6686,0.66937,11787.02
2022.12.16 11:00:00,0.66938,0.66949,0.66787,0.66847,12653.79
2022.12.16 12:00:00,0.66847,0.66941,0.66789,0.66837,11779.78
2022.12.16 13:00:00,0.66837,0.67021,0.66821,0.66975,7231.71
2022.12.16 14:00:00,0.66976,0.67016,0.66838,0.6692,7955.74
2022.12.16 15:00:00,0.66918,0.66948,0.66862,0.66914,11867.59
2022.12.16 16:00:00,0.66916,0.67094,0.66748,0.67048,25634.35
2022.12.16 17:00:00,0.67052,0.67064,0.66756,0.66788,20816.32
2022.12.16 18:00:00,0.66792,0.66967,0.66776,0.66906,15854.09
2022.12.16 19:00:00,0.66904,0.67002,0.66892,0.66915,8236.29
2022.12.16 20:00:00,0.66916,0.67012,0.669,0.66972,6508.03
2022.12.16 21:00:00,0.66972,0.6698,0.66841,0.66928,4767.18
2022.12.16 22:00:00,0.66929,0.66985,0.66866,0.6687,7345.38
2022.12.16 23:00:00,0.66869,0.66892,0.66817,0.66851,2919.92
2022.12.19 00:00:00,0.67037,0.67092,0.66902,0.66961,739.91
2022.12.19 01:00:00,0.66955,0.66979,0.66824,0.66867,3263.41
2022.12.19 02:00:00,0.66868,0.67051,0.66839,0.67007,6719.03
2022.12.19 03:00:00,0.67007,0.67178,0.66988,0.6717,6506.62
2022.12.19 04:00:00,0.67169,0.67235,0.67114,0.67116,7015.43
2022.12.19 05:00:00,0.67115,0.67193,0.67085,0.67117,4995.98
2022.12.19 06:00:00,0.67117,0.67196,0.67087,0.67117,4439.71
2022.12.19 07:00:00,0.67118,0.67125,0.6699,0.67063,5508.67
2022.12.19 08:00:00,0.67062,0.671,0.66949,0.67038,6288.45
2022.12.19 09:00:00,0.67039,0.67142,0.67032,0.67142,10169.93
2022.12.19 10:00:00,0.67141,0.67218,0.67117,0.672,9549.71
2022.12.19 11:00:00,0.67199,0.67321,0.67172,0.67179,12814
2022.12.19 12:00:00,0.67178,0.67302,0.6715,0.6716,11511.07
2022.12.19 13:00:00,0.67161,0.67195,0.67027,0.67039,9030.3
2022.12.19 14:00:00,0.67041,0.67164,0.67026,0.67127,9146.11
2022.12.19 15:00:00,0.67126,0.67149,0.67046,0.67084,12193.03
2022.12.19 16:00:00,0.67084,0.67202,0.67082,0.67181,14022.34
2022.12.19 17:00:00,0.67181,0.67267,0.66948,0.66994,17510.15
2022.12.19 18:00:00,0.66994,0.67131,0.66939,0.67095,11666.21
2022.12.19 19:00:00,0.67094,0.67234,0.67086,0.67191,5998.07
2022.12.19 20:00:00,0.67191,0.67204,0.67051,0.67059,3633.93
2022.12.19 21:00:00,0.67059,0.67062,0.66942,0.66949,4904.47
2022.12.19 22:00:00,0.66951,0.6701,0.66939,0.66953,4429.48
2022.12.19 23:00:00,0.66953,0.66995,0.66943,0.66991,1494.3
2022.12.20 00:00:00,0.66991,0.67046,0.66947,0.6697,683.15
2022.12.20 01:00:00,0.66969,0.67051,0.66951,0.67049,2466.92
2022.12.20 02:00:00,0.67048,0.67048,0.66919,0.66987,5643.56
2022.12.20 03:00:00,0.66985,0.66992,0.66873,0.6693,9483.99
2022.12.20 04:00:00,0.6693,0.66953,0.66855,0.66952,6306
2022.12.20 05:00:00,0.66951,0.67437,0.66635,0.66686,36720.88
2022.12.20 06:00:00,0.66686,0.66745,0.66437,0.66582,16790.8
2022.12.20 07:00:00,0.66582,0.66584,0.66286,0.66455,11229.06
2022.12.20 08:00:00,0.66455,0.66693,0.66419,0.66653,13660.8
2022.12.20 09:00:00,0.66653,0.66688,0.66498,0.66543,18615.91
2022.12.20 10:00:00,0.66544,0.6697,0.66543,0.66955,23038.83
2022.12.20 11:00:00,0.66954,0.66957,0.66806,0.66895,16793.18
2022.12.20 12:00:00,0.66894,0.66894,0.66796,0.6682,14319.01
2022.12.20 13:00:00,0.66819,0.6684,0.66735,0.66797,10846.74
2022.12.20 14:00:00,0.66797,0.668,0.66472,0.66483,12759
2022.12.20 15:00:00,0.66484,0.66531,0.66329,0.66506,12776.29
2022.12.20 16:00:00,0.66505,0.66736,0.66386,0.66693,18827.33
2022.12.20 17:00:00,0.66691,0.66847,0.66628,0.6665,24291.42
2022.12.20 18:00:00,0.6665,0.66694,0.665,0.66632,16201.37
2022.12.20 19:00:00,0.6663,0.66676,0.66531,0.66609,10984.34
2022.12.20 20:00:00,0.66609,0.66697,0.6655,0.66631,7631.4
2022.12.20 21:00:00,0.66632,0.6679,0.66609,0.66774,5363.42
2022.12.20 22:00:00,0.66774,0.66774,0.66691,0.66695,5154.81
2022.12.20 23:00:00,0.66695,0.66803,0.66689,0.66761,2270.81
2022.12.21 00:00:00,0.66769,0.66868,0.66626,0.66844,712.64
2022.12.21 01:00:00,0.66845,0.66957,0.6682,0.66873,3705.85
2022.12.21 02:00:00,0.66873,0.66897,0.66813,0.66852,6500.04
2022.12.21 03:00:00,0.66851,0.66969,0.66763,0.66786,12983.74
2022.12.21 04:00:00,0.66788,0.66907,0.66759,0.66835,6466.54
2022.12.21 05:00:00,0.66835,0.66848,0.6656,0.66637,5160.67
2022.12.21 06:00:00,0.66639,0.66726,0.66611,0.66624,3918.8
2022.12.21 07:00:00,0.66623,0.66708,0.66589,0.66701,4284.76
2022.12.21 08:00:00,0.66702,0.66744,0.66634,0.66675,4444.28
2022.12.21 09:00:00,0.66673,0.66853,0.66652,0.66805,12484.58
2022.12.21 10:00:00,0.66804,0.66829,0.66675,0.6675,14709.31
2022.12.21 11:00:00,0.66748,0.66762,0.66666,0.66745,9167.66
2022.12.21 12:00:00,0.66744,0.66849,0.66732,0.66743,9820.26
2022.12.21 13:00:00,0.66743,0.66849,0.6672,0.6682,10064.88
2022.12.21 14:00:00,0.66821,0.66963,0.6681,0.66959,9920.94
2022.12.21 15:00:00,0.66959,0.67168,0.66937,0.67114,14945.04
2022.12.21 16:00:00,0.67114,0.67121,0.66993,0.67019,18560.84
2022.12.21 17:00:00,0.67019,0.67277,0.66917,0.67136,19093.22
2022.12.21 18:00:00,0.67137,0.67153,0.66932,0.66941,11922.78
2022.12.21 19:00:00,0.66941,0.66991,0.66882,0.66985,6454.06
2022.12.21 20:00:00,0.66985,0.67036,0.66919,0.67014,6460.4
2022.12.21 21:00:00,0.67013,0.67119,0.67013,0.67029,5740.64
2022.12.21 22:00:00,0.67029,0.67114,0.67004,0.67088,4924.06
2022.12.21 23:00:00,0.67087,0.67116,0.6705,0.6705,2530.26
2022.12.22 00:00:00,0.6705,0.6707,0.66957,0.67041,324.78
2022.12.22 01:00:00,0.67041,0.67146,0.67034,0.67122,2407.89
2022.12.22 02:00:00,0.67122,0.67248,0.67076,0.67244,5834.24
2022.12.22 03:00:00,0.67242,0.67365,0.67205,0.67351,8698.78
2022.12.22 04:00:00,0.67349,0.67439,0.67326,0.67417,6707.76
2022.12.22 05:00:00,0.67416,0.67568,0.67416,0.67563,5485.56
2022.12.22 06:00:00,0.67564,0.6764,0.67524,0.6761,4727.78
2022.12.22 07:00:00,0.67609,0.67611,0.67493,0.67505,6720.68
2022.12.22 08:00:00,0.67505,0.67627,0.67492,0.67604,6839.98
2022.12.22 09:00:00,0.67604,0.6767,0.67552,0.67619,8372.92
2022.12.22 10:00:00,0.67619,0.67625,0.67486,0.67513,12342.66
2022.12.22 11:00:00,0.67515,0.67559,0.67371,0.67433,8895
2022.12.22 12:00:00,0.67433,0.67438,0.67312,0.67315,6845.33
2022.12.22 13:00:00,0.67317,0.67434,0.6729,0.67324,6742.82
2022.12.22 14:00:00,0.67325,0.67344,0.67214,0.67338,6896.18
2022.12.22 15:00:00,0.67337,0.67337,0.66996,0.67025,16039.24
2022.12.22 16:00:00,0.67026,0.67035,0.66798,0.66953,14921.24
2022.12.22 17:00:00,0.66954,0.6699,0.66719,0.66794,16842.5
2022.12.22 18:00:00,0.66793,0.66843,0.66689,0.66693,10943.58
2022.12.22 19:00:00,0.66693,0.6671,0.66568,0.66611,4489.24
2022.12.22 20:00:00,0.6661,0.66617,0.6654,0.66569,5616.46
2022.12.22 21:00:00,0.66569,0.66652,0.66497,0.66577,10408.1
2022.12.22 22:00:00,0.66575,0.6671,0.66574,0.66689,6318.56
2022.12.22 23:00:00,0.6669,0.6671,0.6662,0.66671,1679.68
2022.12.23 00:00:00,0.66671,0.66772,0.66575,0.66675,625.36
2022.12.23 01:00:00,0.66673,0.66778,0.66648,0.66756,3368.73
2022.12.23 02:00:00,0.66756,0.66783,0.66606,0.6664,5501.5
2022.12.23 03:00:00,0.66641,0.6677,0.66598,0.66758,10471.08
2022.12.23 04:00:00,0.66759,0.6693,0.66759,0.6689,9089.75
2022.12.23 05:00:00,0.6689,0.66936,0.66842,0.66884,6500.76
2022.12.23 06:00:00,0.66886,0.66921,0.66779,0.66789,5345.84
2022.12.23 07:00:00,0.66788,0.66831,0.6674,0.66803,4405.48
2022.12.23 08:00:00,0.66804,0.66955,0.66794,0.66923,5388.98
2022.12.23 09:00:00,0.66921,0.67035,0.66908,0.66986,9526.36
2022.12.23 10:00:00,0.66986,0.67019,0.66845,0.66898,9539.06
2022.12.23 11:00:00,0.66899,0.66988,0.6685,0.66976,7173.6
2022.12.23 12:00:00,0.66975,0.67102,0.66942,0.67073,7181.86
2022.12.23 13:00:00,0.67073,0.67105,0.66903,0.66932,7418.37
2022.12.23 14:00:00,0.66932,0.66973,0.66886,0.66934,4944.78
2022.12.23 15:00:00,0.66932,0.67079,0.66762,0.66958,19691.38
2022.12.23 16:00:00,0.66958,0.67006,0.66721,0.66934,21804.68
2022.12.23 17:00:00,0.66934,0.6708,0.66866,0.67001,24995.1
2022.12.23 18:00:00,0.66998,0.67126,0.66942,0.67084,10797.04
2022.12.23 19:00:00,0.67082,0.67244,0.67072,0.67146,7488.2
2022.12.23 20:00:00,0.67146,0.67176,0.67026,0.67043,6015.89
2022.12.23 21:00:00,0.67044,0.67112,0.67018,0.67105,3550.34
2022.12.23 22:00:00,0.67106,0.67216,0.67089,0.67205,3796.12
2022.12.23 23:00:00,0.67204,0.67213,0.67122,0.6713,3242.64
2022.12.26 00:00:00,0.66918,0.66918,0.66876,0.66876,8.4
2022.12.26 01:00:00,0.67133,0.67136,0.67044,0.67057,505.1
2022.12.26 02:00:00,0.67056,0.67116,0.66785,0.66875,732.8
2022.12.26 03:00:00,0.66875,0.66936,0.66845,0.66891,806.04
2022.12.26 04:00:00,0.66892,0.66945,0.66858,0.66916,226.6
2022.12.26 05:00:00,0.66916,0.67058,0.66916,0.67033,266.92
2022.12.26 06:00:00,0.67033,0.67204,0.66995,0.67113,945.8
2022.12.26 07:00:00,0.67106,0.67211,0.67057,0.67162,536.7
2022.12.26 08:00:00,0.67162,0.67201,0.6715,0.67199,368.19
2022.12.26 09:00:00,0.67197,0.67272,0.67107,0.6722,255.28
2022.12.26 10:00:00,0.67193,0.67263,0.67099,0.67109,222.4
2022.12.26 11:00:00,0.67145,0.67264,0.67073,0.67096,125.54
2022.12.26 12:00:00,0.67098,0.67156,0.67097,0.67128,267.48
2022.12.26 13:00:00,0.67107,0.67152,0.67107,0.67139,44.66
2022.12.26 14:00:00,0.67139,0.67166,0.67107,0.67146,105.1
2022.12.26 15:00:00,0.67129,0.67156,0.671,0.67126,68.48
2022.12.26 16:00:00,0.67122,0.67276,0.67096,0.67116,593.98
2022.12.26 17:00:00,0.67096,0.67243,0.67095,0.67208,343.6
2022.12.26 18:00:00,0.67239,0.67241,0.67107,0.67161,680.75
2022.12.26 19:00:00,0.67161,0.67191,0.67094,0.6711,830.88
2022.12.26 20:00:00,0.6707,0.67228,0.67043,0.67132,502.52
2022.12.26 21:00:00,0.67134,0.67282,0.67132,0.672,696.75
2022.12.26 22:00:00,0.672,0.6722,0.67192,0.67211,321.76
2022.12.26 23:00:00,0.67209,0.67279,0.67201,0.67205,323.6
2022.12.27 00:00:00,0.67217,0.67241,0.67199,0.67202,142.09
2022.12.27 01:00:00,0.672,0.67562,0.6719,0.67434,6465.05
2022.12.27 02:00:00,0.67433,0.67468,0.67371,0.67429,7493.67
2022.12.27 03:00:00,0.67431,0.67533,0.67387,0.67512,9841.12
2022.12.27 04:00:00,0.67514,0.67547,0.67435,0.67511,6471.18
2022.12.27 05:00:00,0.67511,0.67512,0.67315,0.67334,4920.16
2022.12.27 06:00:00,0.67334,0.67455,0.67327,0.67439,3467.92
2022.12.27 07:00:00,0.67439,0.67596,0.67418,0.6759,5065.12
2022.12.27 08:00:00,0.6759,0.67722,0.67553,0.67702,7517.58
2022.12.27 09:00:00,0.67701,0.67754,0.67607,0.6761,9330.01
2022.12.27 10:00:00,0.67611,0.67681,0.6755,0.67618,9925.73
2022.12.27 11:00:00,0.67618,0.67681,0.67607,0.67615,6698.22
2022.12.27 12:00:00,0.67613,0.67613,0.67424,0.67467,6263.95
2022.12.27 13:00:00,0.67467,0.67486,0.6737,0.67384,4519.31
2022.12.27 14:00:00,0.67383,0.67393,0.67314,0.67325,5425.85
2022.12.27 15:00:00,0.67328,0.67397,0.67309,0.67336,10192.19
2022.12.27 16:00:00,0.67335,0.67436,0.67247,0.67371,13162.48
2022.12.27 17:00:00,0.67369,0.67606,0.6735,0.67418,15009.1
2022.12.27 18:00:00,0.67419,0.67442,0.67339,0.6741,10151.61
2022.12.27 19:00:00,0.67411,0.67463,0.67345,0.67351,6123.8
2022.12.27 20:00:00,0.67349,0.67434,0.67338,0.67378,5639.78
2022.12.27 21:00:00,0.67377,0.67405,0.67251,0.67328,5363.72
2022.12.27 22:00:00,0.67331,0.67351,0.67288,0.67298,5534.17
2022.12.27 23:00:00,0.67298,0.67337,0.67283,0.67283,1996.27
2022.12.28 00:00:00,0.67233,0.67337,0.67229,0.6729,485.44
2022.12.28 01:00:00,0.6729,0.67305,0.67256,0.67284,1830.9
2022.12.28 02:00:00,0.67281,0.67361,0.67185,0.67263,4845.07
2022.12.28 03:00:00,0.67263,0.67393,0.67249,0.67324,6291.1
2022.12.28 04:00:00,0.67325,0.67499,0.67298,0.67411,6573.22
2022.12.28 05:00:00,0.6741,0.67477,0.67362,0.67374,5150.59
2022.12.28 06:00:00,0.67374,0.67479,0.67366,0.67398,4614.06
2022.12.28 07:00:00,0.67396,0.67528,0.67386,0.67515,5904.04
2022.12.28 08:00:00,0.67517,0.67589,0.67501,0.67541,4550.56
2022.12.28 09:00:00,0.6754,0.67665,0.67538,0.67662,8682.78
2022.12.28 10:00:00,0.67663,0.67717,0.67616,0.67645,12329.96
2022.12.28 11:00:00,0.67645,0.67655,0.67548,0.67613,8747.69
2022.12.28 12:00:00,0.67615,0.67752,0.67598,0.67738,8627.2
2022.12.28 13:00:00,0.67741,0.67901,0.6773,0.67861,7823.76
2022.12.28 14:00:00,0.6786,0.67993,0.67855,0.67962,9594.42
2022.12.28 15:00:00,0.67962,0.68006,0.67823,0.67867,9530.4
2022.12.28 16:00:00,0.67866,0.67992,0.67848,0.67925,11210.48
2022.12.28 17:00:00,0.67922,0.67942,0.67534,0.67544,17206.61
2022.12.28 18:00:00,0.67544,0.67585,0.67442,0.67508,9157.44
2022.12.28 19:00:00,0.67507,0.67585,0.67467,0.67581,6198.98
2022.12.28 20:00:00,0.67585,0.67652,0.67449,0.6745,6242.24
2022.12.28 21:00:00,0.67452,0.67485,0.67383,0.67439,5124.2
2022.12.28 22:00:00,0.6744,0.6744,0.67333,0.67336,4414.8
2022.12.28 23:00:00,0.67337,0.67396,0.67336,0.67356,1338.94
2022.12.29 00:00:00,0.67355,0.67394,0.67323,0.67366,362.71
2022.12.29 01:00:00,0.67373,0.67465,0.67364,0.67463,3858.5
2022.12.29 02:00:00,0.67464,0.67529,0.67453,0.67501,4460.99
2022.12.29 03:00:00,0.67502,0.67542,0.67422,0.67432,7462.15
2022.12.29 04:00:00,0.67431,0.67469,0.67363,0.6739,4579.38
2022.12.29 05:00:00,0.67389,0.6746,0.67373,0.67453,5178.91
2022.12.29 06:00:00,0.67459,0.67523,0.67404,0.67502,2849.68
2022.12.29 07:00:00,0.67501,0.67558,0.67413,0.67418,3838.56
2022.12.29 08:00:00,0.67419,0.67439,0.67348,0.67353,3785.97
2022.12.29 09:00:00,0.67352,0.67381,0.67214,0.67268,6175.78
2022.12.29 10:00:00,0.6727,0.67314,0.67239,0.67288,7946.23
2022.12.29 11:00:00,0.6729,0.67331,0.67221,0.673,7268.65
2022.12.29 12:00:00,0.67299,0.67299,0.67135,0.67167,5082.78
2022.12.29 13:00:00,0.6717,0.67191,0.67117,0.6714,5127.65
2022.12.29 14:00:00,0.67141,0.67187,0.671,0.67171,4536.24
2022.12.29 15:00:00,0.6717,0.6737,0.67136,0.67348,9592.04
2022.12.29 16:00:00,0.67348,0.67644,0.67348,0.67549,15478.87
2022.12.29 17:00:00,0.67549,0.6768,0.67457,0.67629,14580.74
2022.12.29 18:00:00,0.6763,0.67771,0.67577,0.67762,8613.9
2022.12.29 19:00:00,0.67763,0.67848,0.67709,0.67798,5709.24
2022.12.29 20:00:00,0.67799,0.67826,0.67765,0.67798,5037.96
2022.12.29 21:00:00,0.67797,0.67871,0.67793,0.67857,3775.5
2022.12.29 22:00:00,0.67856,0.67856,0.67761,0.67786,5677.64
2022.12.29 23:00:00,0.67785,0.67819,0.67749,0.67764,1450.02
2022.12.30 00:00:00,0.67742,0.67743,0.6766,0.67664,688.46
2022.12.30 01:00:00,0.67669,0.6773,0.67627,0.67652,2934.1
2022.12.30 02:00:00,0.67653,0.67706,0.67533,0.67659,4710.22
2022.12.30 03:00:00,0.67658,0.6769,0.6759,0.67655,6181.03
2022.12.30 04:00:00,0.67656,0.6778,0.67614,0.67778,5720.01
2022.12.30 05:00:00,0.67779,0.67834,0.67699,0.67713,4251.37
2022.12.30 06:00:00,0.67712,0.67732,0.67654,0.67729,3429.91
2022.12.30 07:00:00,0.67727,0.67802,0.67712,0.67758,5248.72
2022.12.30 08:00:00,0.67756,0.67789,0.67723,0.67761,5099.65
2022.12.30 09:00:00,0.67762,0.67848,0.67702,0.67814,7795.02
2022.12.30 10:00:00,0.67817,0.67994,0.6779,0.6797,11259.99
2022.12.30 11:00:00,0.67971,0.67996,0.67885,0.67903,7564.69
2022.12.30 12:00:00,0.67904,0.67957,0.67879,0.67947,7094.54
2022.12.30 13:00:00,0.67947,0.68075,0.67946,0.67974,6855.57
2022.12.30 14:00:00,0.67975,0.67993,0.67897,0.67956,6097.96
2022.12.30 15:00:00,0.67953,0.67978,0.67814,0.67935,9723.99
2022.12.30 16:00:00,0.67934,0.68087,0.67833,0.67873,17724.92
2022.12.30 17:00:00,0.67874,0.67959,0.67574,0.67824,22087.32
2022.12.30 18:00:00,0.67825,0.68073,0.67809,0.68038,12302.95
2022.12.30 19:00:00,0.68037,0.68188,0.6802,0.68185,9611.94
2022.12.30 20:00:00,0.68189,0.68203,0.68028,0.68041,12550.8
2022.12.30 21:00:00,0.68043,0.68145,0.68035,0.68086,8582.86
2022.12.30 22:00:00,0.68082,0.68117,0.68048,0.68072,10488.46
2022.12.30 23:00:00,0.68076,0.68192,0.68076,0.68126,4775.14
2023.01.02 00:00:00,0.67896,0.68166,0.67896,0.68166,61.7
2023.01.02 01:00:00,0.68166,0.68182,0.6793,0.68131,124.48
2023.01.02 02:00:00,0.68124,0.68147,0.67999,0.68016,564.55
2023.01.02 03:00:00,0.68014,0.68091,0.68008,0.6801,340.62
2023.01.02 04:00:00,0.68046,0.68056,0.68013,0.6804,2739.46
2023.01.02 05:00:00,0.68014,0.68056,0.68003,0.68005,129.04
2023.01.02 06:00:00,0.68004,0.68056,0.68001,0.68002,273.88
2023.01.02 07:00:00,0.68035,0.68036,0.67991,0.67992,236.26
2023.01.02 08:00:00,0.68001,0.68046,0.67934,0.67966,207.08
2023.01.02 09:00:00,0.67965,0.68031,0.6793,0.67977,159.39
2023.01.02 10:00:00,0.67977,0.68102,0.67976,0.67997,1165
2023.01.02 11:00:00,0.67998,0.68004,0.67924,0.67944,2515.83
2023.01.02 12:00:00,0.67943,0.6802,0.67936,0.67948,8961.65
2023.01.02 13:00:00,0.67948,0.68052,0.67934,0.68043,2821.45
2023.01.02 14:00:00,0.6804,0.68113,0.67976,0.68074,3156.64
2023.01.02 15:00:00,0.68075,0.68079,0.67979,0.68041,1558.06
2023.01.02 16:00:00,0.68041,0.68136,0.68041,0.68121,1276.88
2023.01.02 17:00:00,0.68118,0.68167,0.68117,0.68164,1098.93
2023.01.02 18:00:00,0.68164,0.68181,0.68129,0.68135,1903.72
2023.01.02 19:00:00,0.68132,0.68153,0.68119,0.68121,7455.6
2023.01.02 20:00:00,0.68127,0.6815,0.6806,0.6808,2249.24
2023.01.02 21:00:00,0.68069,0.68124,0.68053,0.68067,1665.92
2023.01.02 22:00:00,0.68068,0.68076,0.6789,0.67976,594.98
2023.01.02 23:00:00,0.67901,0.68001,0.67875,0.67963,482.19
2023.01.03 00:00:00,0.67965,0.68013,0.67847,0.67932,345.81
2023.01.03 01:00:00,0.67957,0.68089,0.67938,0.68074,6925.5
2023.01.03 02:00:00,0.68074,0.68101,0.67911,0.67955,6020.06
2023.01.03 03:00:00,0.67954,0.67954,0.67721,0.6781,12861.92
2023.01.03 04:00:00,0.67809,0.68141,0.67777,0.68108,9680.49
2023.01.03 05:00:00,0.68106,0.6834,0.68098,0.68306,8228.17
2023.01.03 06:00:00,0.68307,0.68338,0.68231,0.68263,4857.04
2023.01.03 07:00:00,0.68265,0.68284,0.67872,0.67954,7293.95
2023.01.03 08:00:00,0.67954,0.68022,0.67951,0.68006,5808.17
2023.01.03 09:00:00,0.68008,0.68087,0.67826,0.67865,14301.82
2023.01.03 10:00:00,0.67866,0.67872,0.67094,0.6712,21512.72
2023.01.03 11:00:00,0.67119,0.67265,0.66935,0.67211,18135.02
2023.01.03 12:00:00,0.6721,0.67212,0.6702,0.67031,11927.41
2023.01.03 13:00:00,0.6703,0.67043,0.66874,0.66976,10218.81
2023.01.03 14:00:00,0.66976,0.67087,0.66916,0.67052,8159.83
2023.01.03 15:00:00,0.67053,0.67396,0.66992,0.6737,11952.2
2023.01.03 16:00:00,0.6737,0.67669,0.67275,0.67486,20437.08
2023.01.03 17:00:00,0.67489,0.67526,0.6729,0.67427,23847.41
2023.01.03 18:00:00,0.67427,0.67441,0.67208,0.67287,16742.61
2023.01.03 19:00:00,0.67286,0.6736,0.67239,0.67275,9327.97
2023.01.03 20:00:00,0.67275,0.67351,0.67194,0.67326,5958.69
2023.01.03 21:00:00,0.67327,0.67416,0.67288,0.67354,6467
2023.01.03 22:00:00,0.67354,0.67385,0.67253,0.67281,5725.22
2023.01.03 23:00:00,0.67282,0.67295,0.67235,0.67235,2175.8
2023.01.04 00:00:00,0.67237,0.67281,0.67224,0.67263,329.68
2023.01.04 01:00:00,0.67263,0.6727,0.67161,0.6725,3342.76
2023.01.04 02:00:00,0.67248,0.67443,0.67226,0.67429,5757.51
2023.01.04 03:00:00,0.67429,0.67675,0.67411,0.6764,10701.48
2023.01.04 04:00:00,0.67641,0.67759,0.67631,0.67666,7012.76
2023.01.04 05:00:00,0.67665,0.67826,0.67664,0.67821,4467.11
2023.01.04 06:00:00,0.67822,0.68165,0.67718,0.68043,6374.44
2023.01.04 07:00:00,0.68044,0.68162,0.67867,0.68009,11813.77
2023.01.04 08:00:00,0.6801,0.68038,0.67899,0.68031,8558.09
2023.01.04 09:00:00,0.68032,0.68488,0.68024,0.68413,13062.44
2023.01.04 10:00:00,0.68412,0.68787,0.68369,0.68702,20762.29
2023.01.04 11:00:00,0.68701,0.68844,0.68661,0.68704,16142.92
2023.01.04 12:00:00,0.68704,0.68794,0.68654,0.68789,12350.61
2023.01.04 13:00:00,0.68788,0.68854,0.68659,0.68714,11483.17
2023.01.04 14:00:00,0.68713,0.68729,0.68526,0.68559,13469.92
2023.01.04 15:00:00,0.68561,0.68772,0.68525,0.68743,13447.07
2023.01.04 16:00:00,0.68742,0.68858,0.68665,0.6875,23799.89
2023.01.04 17:00:00,0.68748,0.68805,0.6834,0.68532,31832.2
2023.01.04 18:00:00,0.6853,0.68598,0.68381,0.68576,18671.08
2023.01.04 19:00:00,0.68576,0.68633,0.68447,0.68447,7876.01
2023.01.04 20:00:00,0.68448,0.68556,0.6833,0.68332,9508.19
2023.01.04 21:00:00,0.68343,0.68476,0.68185,0.68389,18335.27
2023.01.04 22:00:00,0.68387,0.6841,0.68316,0.68369,7873.45
2023.01.04 23:00:00,0.6837,0.6842,0.68337,0.68337,2133.93
2023.01.05 00:00:00,0.68353,0.68357,0.68301,0.68336,754.96
2023.01.05 01:00:00,0.68339,0.68359,0.68282,0.68282,2819.81
2023.01.05 02:00:00,0.68282,0.6839,0.68209,0.68303,7451.73
2023.01.05 03:00:00,0.68302,0.68445,0.68299,0.68382,8598.9
2023.01.05 04:00:00,0.6838,0.68381,0.68088,0.68156,9397.69
2023.01.05 05:00:00,0.68155,0.68205,0.68005,0.68016,7342.69
2023.01.05 06:00:00,0.68017,0.6818,0.68001,0.68138,4331.42
2023.01.05 07:00:00,0.68136,0.68222,0.68078,0.68217,5180.37
2023.01.05 08:00:00,0.68218,0.68338,0.68154,0.68155,6029.63
2023.01.05 09:00:00,0.68154,0.68254,0.68,0.68088,10000.66
2023.01.05 10:00:00,0.68087,0.682,0.68,0.68199,15704.05
2023.01.05 11:00:00,0.682,0.68283,0.6814,0.68246,11853.6
2023.01.05 12:00:00,0.68246,0.68312,0.68191,0.68271,8642.54
2023.01.05 13:00:00,0.68275,0.68396,0.68271,0.68333,8989.63
2023.01.05 14:00:00,0.68332,0.68411,0.68261,0.68286,8189.14
2023.01.05 15:00:00,0.68289,0.68368,0.67721,0.67769,25575.77
2023.01.05 16:00:00,0.67769,0.67804,0.67605,0.67641,23136.63
2023.01.05 17:00:00,0.67642,0.67739,0.67345,0.67379,28702.29
2023.01.05 18:00:00,0.6738,0.67547,0.67373,0.67422,16416.74
2023.01.05 19:00:00,0.67421,0.67506,0.67398,0.67447,10459.48
2023.01.05 20:00:00,0.67447,0.67719,0.67422,0.67647,12269.26
2023.01.05 21:00:00,0.67649,0.67675,0.67569,0.67571,7927.32
2023.01.05 22:00:00,0.67571,0.67577,0.67505,0.67513,5178.65
2023.01.05 23:00:00,0.67513,0.67523,0.67473,0.67494,2127.24
2023.01.06 00:00:00,0.67494,0.67593,0.67485,0.675,735.08
2023.01.06 01:00:00,0.675,0.67626,0.67493,0.6752,6962.27
2023.01.06 02:00:00,0.6752,0.67715,0.67508,0.6771,4275.95
2023.01.06 03:00:00,0.67712,0.67735,0.67543,0.67596,6067.92
2023.01.06 04:00:00,0.67595,0.67677,0.67592,0.67614,5638.63
2023.01.06 05:00:00,0.67616,0.67875,0.67602,0.67727,8369.53
2023.01.06 06:00:00,0.67728,0.67777,0.67673,0.67674,4258.96
2023.01.06 07:00:00,0.67677,0.67684,0.67486,0.67552,7561.47
2023.01.06 08:00:00,0.67552,0.67681,0.6754,0.67594,6414.39
2023.01.06 09:00:00,0.67594,0.67692,0.67395,0.6749,11131.88
2023.01.06 10:00:00,0.67491,0.67588,0.67448,0.67513,13062.95
2023.01.06 11:00:00,0.67512,0.67512,0.67314,0.6741,11456.74
2023.01.06 12:00:00,0.67412,0.67459,0.67357,0.67391,10301.15
2023.01.06 13:00:00,0.67393,0.67461,0.67234,0.67286,9479.27
2023.01.06 14:00:00,0.67287,0.67329,0.67235,0.67286,10119.88
2023.01.06 15:00:00,0.67286,0.67906,0.67217,0.6788,31120.61
2023.01.06 16:00:00,0.67879,0.67889,0.67454,0.67479,31188.05
2023.01.06 17:00:00,0.67479,0.68448,0.67473,0.684,42249.18
2023.01.06 18:00:00,0.68399,0.6869,0.68328,0.68626,23979.58
2023.01.06 19:00:00,0.68627,0.68693,0.6856,0.68683,9733.7
2023.01.06 20:00:00,0.68683,0.68782,0.68605,0.68744,7236.76
2023.01.06 21:00:00,0.68744,0.68834,0.68733,0.68801,6949.25
2023.01.06 22:00:00,0.68799,0.68863,0.6875,0.68832,5687.29
2023.01.06 23:00:00,0.68833,0.68833,0.68736,0.68742,3320.02
2023.01.09 00:00:00,0.68773,0.68781,0.68732,0.6874,675.64
2023.01.09 01:00:00,0.68743,0.68966,0.68742,0.68955,6669.62
2023.01.09 02:00:00,0.68955,0.68995,0.68844,0.68994,7127.23
2023.01.09 03:00:00,0.68994,0.69091,0.68865,0.69025,10425.59
2023.01.09 04:00:00,0.69025,0.69257,0.68993,0.69252,8212.69
2023.01.09 05:00:00,0.69251,0.69254,0.69111,0.69137,6371.81
2023.01.09 06:00:00,0.69139,0.69304,0.69129,0.69271,3561.8
2023.01.09 07:00:00,0.6927,0.69372,0.69222,0.69339,5172.64
2023.01.09 08:00:00,0.69338,0.69394,0.69292,0.69333,5822.99
2023.01.09 09:00:00,0.69332,0.69463,0.69106,0.69154,15945.01
2023.01.09 10:00:00,0.69155,0.69412,0.69133,0.69259,18119.08
2023.01.09 11:00:00,0.69258,0.69335,0.6921,0.69252,13229.97
2023.01.09 12:00:00,0.69253,0.69282,0.69053,0.69082,11852.18
2023.01.09 13:00:00,0.69083,0.69187,0.6907,0.6913,10418.19
2023.01.09 14:00:00,0.69129,0.6926,0.69052,0.69206,10771.54
2023.01.09 15:00:00,0.69206,0.69448,0.69187,0.69322,14932.56
2023.01.09 16:00:00,0.69323,0.69391,0.69166,0.69362,17854.89
2023.01.09 17:00:00,0.69362,0.69494,0.69314,0.69415,15695.64
2023.01.09 18:00:00,0.69417,0.69487,0.69394,0.69469,11687.48
2023.01.09 19:00:00,0.69468,0.6947,0.69269,0.69366,7511.26
2023.01.09 20:00:00,0.69366,0.69388,0.69195,0.69251,9224
2023.01.09 21:00:00,0.69252,0.69353,0.69231,0.69342,6798.82
2023.01.09 22:00:00,0.69343,0.69343,0.69108,0.69121,7352.94
2023.01.09 23:00:00,0.69119,0.6913,0.69078,0.69097,1700.8
2023.01.10 00:00:00,0.69098,0.69132,0.69065,0.6908,610.24
2023.01.10 01:00:00,0.69082,0.69133,0.69059,0.69088,2591.03
2023.01.10 02:00:00,0.6909,0.69159,0.69005,0.69106,5106.5
2023.01.10 03:00:00,0.69105,0.69272,0.69079,0.69242,8192.06
2023.01.10 04:00:00,0.69244,0.69262,0.68912,0.69029,9279.72
2023.01.10 05:00:00,0.69031,0.6906,0.6894,0.69022,6695.93
2023.01.10 06:00:00,0.69027,0.69069,0.68956,0.69034,3896.66
2023.01.10 07:00:00,0.69034,0.69188,0.69026,0.69115,5827.34
2023.01.10 08:00:00,0.69114,0.69153,0.68997,0.69074,6470.16
2023.01.10 09:00:00,0.69073,0.69091,0.68847,0.68962,13152.68
2023.01.10 10:00:00,0.68965,0.69104,0.68944,0.69051,13781.76
2023.01.10 11:00:00,0.69051,0.69059,0.68908,0.68991,13002.94
2023.01.10 12:00:00,0.68991,0.69025,0.68919,0.68932,11354.68
2023.01.10 13:00:00,0.68933,0.68941,0.68818,0.68838,9286.82
2023.01.10 14:00:00,0.68838,0.68845,0.68596,0.68637,10660.6
2023.01.10 15:00:00,0.68637,0.68744,0.68591,0.68735,9214.9
2023.01.10 16:00:00,0.68733,0.69086,0.68732,0.68917,28506.44
2023.01.10 17:00:00,0.6892,0.6901,0.68683,0.68809,24602.16
2023.01.10 18:00:00,0.68808,0.68901,0.68748,0.68823,15777.34
2023.01.10 19:00:00,0.68823,0.68921,0.68779,0.68841,9420.36
2023.01.10 20:00:00,0.68841,0.6891,0.68789,0.68903,4972.86
2023.01.10 21:00:00,0.68904,0.68943,0.68871,0.6894,3897.22
2023.01.10 22:00:00,0.6894,0.68954,0.68885,0.68928,3041.84
2023.01.10 23:00:00,0.68931,0.68942,0.68895,0.68895,1122.06
2023.01.11 00:00:00,0.68903,0.68963,0.68861,0.68961,633.57
2023.01.11 01:00:00,0.68961,0.68969,0.68918,0.68927,1729.39
2023.01.11 02:00:00,0.68929,0.69136,0.68915,0.6898,6479.02
2023.01.11 03:00:00,0.68979,0.68987,0.68849,0.68901,7359.12
2023.01.11 04:00:00,0.68899,0.69044,0.68869,0.68885,4460.24
2023.01.11 05:00:00,0.68886,0.69043,0.68885,0.69012,3235.78
2023.01.11 06:00:00,0.69011,0.69121,0.69009,0.69106,3517.02
2023.01.11 07:00:00,0.69107,0.6925,0.69097,0.69162,4348.48
2023.01.11 08:00:00,0.69161,0.69209,0.69109,0.69111,5003.7
2023.01.11 09:00:00,0.69109,0.69149,0.69013,0.69051,11138.3
2023.01.11 10:00:00,0.69051,0.69071,0.6894,0.68966,11043.25
2023.01.11 11:00:00,0.68966,0.69195,0.68942,0.69113,11083.88
2023.01.11 12:00:00,0.69112,0.69153,0.68984,0.6904,8606.62
2023.01.11 13:00:00,0.69041,0.69059,0.68918,0.68925,8710.91
2023.01.11 14:00:00,0.68923,0.68934,0.68724,0.68855,9305.15
2023.01.11 15:00:00,0.68855,0.68999,0.68845,0.68971,10806.03
2023.01.11 16:00:00,0.68972,0.69092,0.68884,0.68974,16504.64
2023.01.11 17:00:00,0.68974,0.69025,0.68899,0.68997,14770.45
2023.01.11 18:00:00,0.68998,0.69062,0.68957,0.68972,8212.55
2023.01.11 19:00:00,0.68974,0.69028,0.68921,0.68932,3847.96
2023.01.11 20:00:00,0.68931,0.691,0.68838,0.69067,6660.09
2023.01.11 21:00:00,0.69067,0.69122,0.6902,0.69111,3601.23
2023.01.11 22:00:00,0.69112,0.69121,0.69056,0.69061,3005.43
2023.01.11 23:00:00,0.69059,0.69099,0.69027,0.69033,1497.9
2023.01.12 00:00:00,0.69042,0.69065,0.68875,0.69017,1256.33
2023.01.12 01:00:00,0.69017,0.69143,0.69012,0.69087,3960.93
2023.01.12 02:00:00,0.69085,0.69203,0.69066,0.69121,6460.72
2023.01.12 03:00:00,0.69121,0.69189,0.6909,0.69161,6655.29
2023.01.12 04:00:00,0.69164,0.69198,0.69125,0.69158,4122.76
2023.01.12 05:00:00,0.69159,0.69168,0.69096,0.69123,4468.99
2023.01.12 06:00:00,0.69124,0.6924,0.69103,0.69223,2879.85
2023.01.12 07:00:00,0.69222,0.6924,0.69148,0.69165,3974.65
2023.01.12 08:00:00,0.69165,0.69195,0.69002,0.69021,3765.16
2023.01.12 09:00:00,0.69018,0.69018,0.68894,0.69001,7755.09
2023.01.12 10:00:00,0.69002,0.69019,0.68867,0.68946,9592.55
2023.01.12 11:00:00,0.68945,0.69151,0.68915,0.69124,9404.03
2023.01.12 12:00:00,0.69124,0.69125,0.68999,0.69045,7562.36
2023.01.12 13:00:00,0.69046,0.69079,0.68992,0.69015,5609.77
2023.01.12 14:00:00,0.69015,0.6908,0.68973,0.6908,7204.23
2023.01.12 15:00:00,0.6908,0.69833,0.68707,0.69805,34080.09
2023.01.12 16:00:00,0.69806,0.69818,0.68861,0.69037,40422.92
2023.01.12 17:00:00,0.69041,0.69511,0.68998,0.69325,36424.29
2023.01.12 18:00:00,0.69325,0.69481,0.69254,0.69444,21396.12
2023.01.12 19:00:00,0.69445,0.69756,0.69425,0.6975,11223.12
2023.01.12 20:00:00,0.69751,0.69842,0.69607,0.69786,11828.04
2023.01.12 21:00:00,0.69784,0.69805,0.6966,0.69712,8438.7
2023.01.12 22:00:00,0.69711,0.69711,0.69626,0.69678,7764.55
2023.01.12 23:00:00,0.69679,0.69703,0.69629,0.69635,1596.35
2023.01.13 00:00:00,0.69639,0.69678,0.69595,0.69618,749.18
2023.01.13 01:00:00,0.69617,0.69694,0.69595,0.69665,4241.83
2023.01.13 02:00:00,0.69664,0.69822,0.6962,0.69652,7479.42
2023.01.13 03:00:00,0.69652,0.69693,0.69581,0.69677,9232.76
2023.01.13 04:00:00,0.6968,0.69681,0.69449,0.69559,9497.56
2023.01.13 05:00:00,0.69559,0.69572,0.69496,0.69534,4860.22
2023.01.13 06:00:00,0.69534,0.69547,0.69444,0.69543,3227.12
2023.01.13 07:00:00,0.69543,0.69596,0.69441,0.6952,4140.08
2023.01.13 08:00:00,0.69523,0.69767,0.69515,0.69751,5823.85
2023.01.13 09:00:00,0.69749,0.6977,0.696,0.69707,12363.14
2023.01.13 10:00:00,0.69709,0.69936,0.69625,0.69839,15010.65
2023.01.13 11:00:00,0.69841,0.69934,0.69654,0.69749,12707.12
2023.01.13 12:00:00,0.69749,0.69842,0.69745,0.69776,7201.04
2023.01.13 13:00:00,0.69775,0.69779,0.69445,0.69483,10577.68
2023.01.13 14:00:00,0.69484,0.69559,0.69349,0.69377,12025.19
2023.01.13 15:00:00,0.69378,0.69413,0.69187,0.69242,18535.71
2023.01.13 16:00:00,0.69245,0.69492,0.69148,0.69425,17549.72
2023.01.13 17:00:00,0.69425,0.6964,0.69357,0.69592,24382.31
2023.01.13 18:00:00,0.69592,0.69609,0.69404,0.69489,14229.01
2023.01.13 19:00:00,0.69488,0.69673,0.69459,0.69657,7104.18
2023.01.13 20:00:00,0.69656,0.69751,0.69578,0.69744,5029.95
2023.01.13 21:00:00,0.69745,0.69773,0.69706,0.69769,3884.26
2023.01.13 22:00:00,0.69773,0.69812,0.69745,0.69773,4210.34
2023.01.13 23:00:00,0.69773,0.6978,0.69675,0.69676,1792.58
2023.01.16 00:00:00,0.69681,0.69743,0.69663,0.69706,291.63
2023.01.16 01:00:00,0.69699,0.69772,0.69672,0.69715,4020.3
2023.01.16 02:00:00,0.69714,0.69912,0.69695,0.69861,5545.31
2023.01.16 03:00:00,0.6986,0.70165,0.69844,0.70142,11084.67
2023.01.16 04:00:00,0.70142,0.70187,0.70066,0.70148,7915.75
2023.01.16 05:00:00,0.70149,0.70167,0.70045,0.70089,3732.33
2023.01.16 06:00:00,0.70088,0.70111,0.69791,0.69868,4207.64
2023.01.16 07:00:00,0.6987,0.69966,0.69856,0.69933,4336.06
2023.01.16 08:00:00,0.69933,0.69935,0.6969,0.69794,5986.14
2023.01.16 09:00:00,0.69795,0.69841,0.69648,0.6977,10108.1
2023.01.16 10:00:00,0.6977,0.69772,0.69403,0.69435,14661.87
2023.01.16 11:00:00,0.69437,0.69656,0.69422,0.69634,9279.87
2023.01.16 12:00:00,0.69636,0.69711,0.69611,0.69649,6750.29
2023.01.16 13:00:00,0.6965,0.69738,0.69646,0.69678,6845.23
2023.01.16 14:00:00,0.69676,0.69739,0.69614,0.69614,7022.16
2023.01.16 15:00:00,0.69616,0.69644,0.69532,0.69591,9368.25
2023.01.16 16:00:00,0.6959,0.69653,0.69555,0.69589,8384.47
2023.01.16 17:00:00,0.69589,0.69669,0.6957,0.69576,6918.05
2023.01.16 18:00:00,0.69576,0.69625,0.69548,0.69576,4564.66
2023.01.16 19:00:00,0.69576,0.69586,0.69507,0.69544,2078.77
2023.01.16 20:00:00,0.69543,0.69547,0.69487,0.69507,1889.45
2023.01.16 21:00:00,0.69507,0.69543,0.69506,0.69542,1033.71
2023.01.16 22:00:00,0.69542,0.69554,0.69481,0.69493,1337.54
2023.01.16 23:00:00,0.69492,0.69559,0.69484,0.69524,1909.52
2023.01.17 00:00:00,0.69523,0.69555,0.695,0.69534,404.22
2023.01.17 01:00:00,0.69533,0.69666,0.69531,0.69654,2961.66
2023.01.17 02:00:00,0.69658,0.69724,0.69628,0.69646,4583.63
2023.01.17 03:00:00,0.69649,0.69756,0.69605,0.69667,8979.55
2023.01.17 04:00:00,0.69662,0.69776,0.69495,0.69584,9020.61
2023.01.17 05:00:00,0.69583,0.69748,0.69575,0.69685,5892.63
2023.01.17 06:00:00,0.69684,0.69738,0.6964,0.69724,4273.29
2023.01.17 07:00:00,0.69725,0.69773,0.69589,0.69658,4529.46
2023.01.17 08:00:00,0.69661,0.69744,0.69504,0.69522,5369.01
2023.01.17 09:00:00,0.6952,0.69637,0.6947,0.69622,9875.91
2023.01.17 10:00:00,0.6962,0.69724,0.6955,0.6959,11832.01
2023.01.17 11:00:00,0.69589,0.69654,0.69474,0.69501,9600.89
2023.01.17 12:00:00,0.69501,0.69564,0.69292,0.69393,10515.6
2023.01.17 13:00:00,0.69395,0.69512,0.69325,0.69507,8705.9
2023.01.17 14:00:00,0.69506,0.69617,0.69462,0.69549,10064.37
2023.01.17 15:00:00,0.69549,0.69563,0.69398,0.69465,16781.29
2023.01.17 16:00:00,0.69468,0.6974,0.69468,0.6968,19688.58
2023.01.17 17:00:00,0.69681,0.69923,0.6959,0.69902,27038.61
2023.01.17 18:00:00,0.69903,0.69933,0.69786,0.69846,14743.54
2023.01.17 19:00:00,0.69846,0.69894,0.69745,0.69847,6495.35
2023.01.17 20:00:00,0.69848,0.69892,0.69799,0.69825,4345.67
2023.01.17 21:00:00,0.69825,0.69969,0.69792,0.69891,5443.93
2023.01.17 22:00:00,0.69889,0.69929,0.69816,0.69854,5174.71
2023.01.17 23:00:00,0.69856,0.69903,0.69836,0.69849,1683.5
2023.01.18 00:00:00,0.69838,0.69878,0.69696,0.69876,676.96
2023.01.18 01:00:00,0.69876,0.69916,0.69849,0.69872,2626.79
2023.01.18 02:00:00,0.69873,0.69927,0.69766,0.69793,4713.04
2023.01.18 03:00:00,0.69792,0.69923,0.69774,0.6992,5476.56
2023.01.18 04:00:00,0.6992,0.70004,0.69726,0.69907,13210.68
2023.01.18 05:00:00,0.69909,0.7002,0.69762,0.69848,14098.53
2023.01.18 06:00:00,0.69847,0.6994,0.69755,0.69929,8472.19
2023.01.18 07:00:00,0.69931,0.69957,0.6984,0.69954,8175.07
2023.01.18 08:00:00,0.69953,0.70098,0.69929,0.70096,7442
2023.01.18 09:00:00,0.70095,0.70317,0.70086,0.70183,17495.76
2023.01.18 10:00:00,0.70183,0.70358,0.70149,0.7018,17230.25
2023.01.18 11:00:00,0.70181,0.70295,0.70031,0.70248,15124.88
2023.01.18 12:00:00,0.70248,0.70257,0.70071,0.70224,11425.21
2023.01.18 13:00:00,0.70224,0.70266,0.70143,0.70179,10079.76
2023.01.18 14:00:00,0.70178,0.70293,0.70126,0.70231,8824.97
2023.01.18 15:00:00,0.70232,0.70548,0.70206,0.7042,19585.88
2023.01.18 16:00:00,0.70418,0.70631,0.7031,0.70475,29308.13
2023.01.18 17:00:00,0.70474,0.70501,0.70061,0.70118,25453.86
2023.01.18 18:00:00,0.70117,0.70156,0.69797,0.69865,15548.23
2023.01.18 19:00:00,0.69865,0.69885,0.69524,0.69596,12437.88
2023.01.18 20:00:00,0.69596,0.69632,0.69429,0.69499,6769.77
2023.01.18 21:00:00,0.69499,0.69522,0.69381,0.69435,5317.32
2023.01.18 22:00:00,0.69434,0.69434,0.69351,0.69358,4721.05
2023.01.18 23:00:00,0.69359,0.69417,0.69358,0.6941,1997.17
2023.01.19 00:00:00,0.69405,0.69434,0.69356,0.6942,636.85
2023.01.19 01:00:00,0.6942,0.69456,0.69391,0.69433,2328.25
2023.01.19 02:00:00,0.69432,0.69475,0.6904,0.69065,9414.75
2023.01.19 03:00:00,0.69065,0.69182,0.68926,0.69007,7082.73
2023.01.19 04:00:00,0.69008,0.69086,0.68932,0.6905,5587.05
2023.01.19 05:00:00,0.6905,0.69152,0.69018,0.69057,4993.39
2023.01.19 06:00:00,0.69055,0.69083,0.68941,0.69034,5213.17
2023.01.19 07:00:00,0.69034,0.69073,0.68946,0.6897,5772.79
2023.01.19 08:00:00,0.68972,0.69065,0.68882,0.68905,4392.47
2023.01.19 09:00:00,0.68903,0.68944,0.68778,0.68887,10987.9
2023.01.19 10:00:00,0.68887,0.69012,0.6885,0.68932,10960.01
2023.01.19 11:00:00,0.68932,0.68953,0.68818,0.68831,9304.68
2023.01.19 12:00:00,0.68832,0.68882,0.68745,0.68875,8365.24
2023.01.19 13:00:00,0.68874,0.689,0.68763,0.68821,7373.6
2023.01.19 14:00:00,0.6882,0.68874,0.68736,0.68763,7954.64
2023.01.19 15:00:00,0.68764,0.69041,0.68713,0.69036,18401.41
2023.01.19 16:00:00,0.69036,0.69184,0.68967,0.69123,19829.52
2023.01.19 17:00:00,0.69125,0.69174,0.6886,0.68898,19240.61
2023.01.19 18:00:00,0.68902,0.69003,0.68826,0.68853,12415.98
2023.01.19 19:00:00,0.68854,0.69042,0.68853,0.68989,7138.47
2023.01.19 20:00:00,0.68989,0.69146,0.68909,0.691,7918.97
2023.01.19 21:00:00,0.69099,0.69219,0.6904,0.69173,5706.69
2023.01.19 22:00:00,0.69173,0.69216,0.69117,0.69119,5151.71
2023.01.19 23:00:00,0.69119,0.69158,0.69082,0.69082,1817.67
2023.01.20 00:00:00,0.69081,0.69117,0.69057,0.69109,735.22
2023.01.20 01:00:00,0.6911,0.69191,0.69085,0.69113,2008.01
2023.01.20 02:00:00,0.69115,0.69202,0.69085,0.69118,3177.77
2023.01.20 03:00:00,0.69118,0.69234,0.69057,0.69207,5582.95
2023.01.20 04:00:00,0.69208,0.69324,0.69152,0.69251,5224.37
2023.01.20 05:00:00,0.69249,0.69265,0.69208,0.69217,2454.05
2023.01.20 06:00:00,0.69217,0.69222,0.69144,0.69162,4189.27
2023.01.20 07:00:00,0.69161,0.69242,0.69112,0.69241,4306.79
2023.01.20 08:00:00,0.6924,0.69307,0.69216,0.69262,3977.95
2023.01.20 09:00:00,0.69261,0.69383,0.69226,0.69378,7827.81
2023.01.20 10:00:00,0.69377,0.69473,0.69365,0.69378,10458.28
2023.01.20 11:00:00,0.69379,0.69452,0.69298,0.69316,11552.05
2023.01.20 12:00:00,0.69316,0.69377,0.69244,0.69316,10434.34
2023.01.20 13:00:00,0.69317,0.69341,0.69178,0.69183,7125.12
2023.01.20 14:00:00,0.69182,0.69341,0.69138,0.69287,8898.46
2023.01.20 15:00:00,0.69287,0.69347,0.69099,0.69127,10224.6
2023.01.20 16:00:00,0.69127,0.69397,0.6912,0.69345,17103.44
2023.01.20 17:00:00,0.69345,0.69659,0.69298,0.69501,17406.68
2023.01.20 18:00:00,0.69502,0.69588,0.6946,0.69511,8130.56
2023.01.20 19:00:00,0.69509,0.69626,0.6949,0.69568,4852.9
2023.01.20 20:00:00,0.69569,0.69687,0.69481,0.69677,6196.68
2023.01.20 21:00:00,0.69676,0.69729,0.69644,0.69693,3741.11
2023.01.20 22:00:00,0.69695,0.69732,0.69669,0.69693,4320.35
2023.01.20 23:00:00,0.69693,0.69726,0.6966,0.69672,1966.44
2023.01.23 00:00:00,0.69615,0.69718,0.69591,0.69718,448.54
2023.01.23 01:00:00,0.69715,0.6984,0.69693,0.69831,3280.92
2023.01.23 02:00:00,0.6983,0.6988,0.6972,0.69865,4174.4
2023.01.23 03:00:00,0.69863,0.69939,0.69824,0.69854,4906.38
2023.01.23 04:00:00,0.69854,0.69897,0.69796,0.69824,3316.77
2023.01.23 05:00:00,0.69827,0.69937,0.69825,0.6983,5870.67
2023.01.23 06:00:00,0.69833,0.69848,0.69739,0.69819,4997.91
2023.01.23 07:00:00,0.69819,0.69864,0.69775,0.69783,3705.04
2023.01.23 08:00:00,0.69781,0.69833,0.69715,0.69795,4917.41
2023.01.23 09:00:00,0.69793,0.69866,0.69732,0.69809,8757.28
2023.01.23 10:00:00,0.69808,0.70103,0.69784,0.7008,14094.76
2023.01.23 11:00:00,0.7008,0.70123,0.6997,0.70075,8952.17
2023.01.23 12:00:00,0.70076,0.70137,0.70029,0.70107,7245.28
2023.01.23 13:00:00,0.70107,0.70133,0.6986,0.69893,10872.21
2023.01.23 14:00:00,0.69896,0.70026,0.69811,0.6996,8125.58
2023.01.23 15:00:00,0.69961,0.70055,0.69711,0.69757,11828.46
2023.01.23 16:00:00,0.69756,0.69876,0.69615,0.69793,16761.21
2023.01.23 17:00:00,0.69796,0.70351,0.69659,0.70312,19444.97
2023.01.23 18:00:00,0.70314,0.70394,0.702,0.70234,15061.35
2023.01.23 19:00:00,0.70234,0.70281,0.70175,0.70257,4770.14
2023.01.23 20:00:00,0.70254,0.70373,0.7025,0.70267,4538.48
2023.01.23 21:00:00,0.70268,0.7028,0.70098,0.70203,5899.29
2023.01.23 22:00:00,0.70204,0.70276,0.70196,0.70262,6260.62
2023.01.23 23:00:00,0.7026,0.7029,0.70236,0.70257,2164.44
2023.01.24 00:00:00,0.7025,0.7029,0.70236,0.7028,659.66
2023.01.24 01:00:00,0.70285,0.7032,0.70272,0.70283,2671.11
2023.01.24 02:00:00,0.70284,0.70352,0.70239,0.70335,2922.15
2023.01.24 03:00:00,0.70335,0.70446,0.70317,0.70433,3541.34
2023.01.24 04:00:00,0.70433,0.70443,0.70379,0.70399,3684.64
2023.01.24 05:00:00,0.70399,0.70407,0.7031,0.70346,3146.35
2023.01.24 06:00:00,0.70346,0.70362,0.70256,0.70314,2858.83
2023.01.24 07:00:00,0.70315,0.70425,0.70305,0.70373,3438.81
2023.01.24 08:00:00,0.70373,0.70486,0.70369,0.70478,4491.14
2023.01.24 09:00:00,0.70479,0.70485,0.70347,0.70355,7181.1
2023.01.24 10:00:00,0.70355,0.70395,0.70201,0.70276,11340.15
2023.01.24 11:00:00,0.70275,0.70301,0.70141,0.70187,11799.37
2023.01.24 12:00:00,0.70188,0.70245,0.70096,0.70241,7500.84
2023.01.24 13:00:00,0.70241,0.70242,0.70127,0.70227,5986.11
2023.01.24 14:00:00,0.70227,0.70232,0.70126,0.70135,7101.41
2023.01.24 15:00:00,0.70135,0.703,0.70105,0.70154,11509.05
2023.01.24 16:00:00,0.70155,0.70213,0.69978,0.69982,18725.38
2023.01.24 17:00:00,0.69982,0.70573,0.6993,0.7049,22982.38
2023.01.24 18:00:00,0.70492,0.70546,0.70361,0.70405,12399.51
2023.01.24 19:00:00,0.70404,0.70465,0.70351,0.70449,6480.38
2023.01.24 20:00:00,0.7045,0.70497,0.70424,0.70429,2893.46
2023.01.24 21:00:00,0.7043,0.70496,0.70385,0.70491,2612.1
2023.01.24 22:00:00,0.70489,0.70499,0.70402,0.70422,3260.29
2023.01.24 23:00:00,0.70421,0.70506,0.70404,0.70453,2516
2023.01.25 00:00:00,0.70451,0.70477,0.70265,0.70418,705.25
2023.01.25 01:00:00,0.70419,0.70528,0.70317,0.70499,3434.51
2023.01.25 02:00:00,0.70504,0.7084,0.70377,0.7082,9327.61
2023.01.25 03:00:00,0.7082,0.70917,0.70775,0.70847,7289.19
2023.01.25 04:00:00,0.70848,0.71052,0.70848,0.70959,4969.73
2023.01.25 05:00:00,0.70958,0.7105,0.70949,0.71,3930.13
2023.01.25 06:00:00,0.71,0.71082,0.70996,0.71009,3384.23
2023.01.25 07:00:00,0.71008,0.71047,0.70932,0.71005,3942.37
2023.01.25 08:00:00,0.71003,0.71186,0.70989,0.71156,4697.04
2023.01.25 09:00:00,0.71155,0.71221,0.70969,0.70985,9839.82
2023.01.25 10:00:00,0.70986,0.71071,0.70958,0.70994,9684.05
2023.01.25 11:00:00,0.70993,0.71023,0.70908,0.7092,8227.83
2023.01.25 12:00:00,0.7092,0.70931,0.70779,0.70855,7402.49
2023.01.25 13:00:00,0.70858,0.70927,0.70771,0.7084,7421.54
2023.01.25 14:00:00,0.70839,0.70908,0.70719,0.70833,7713.35
2023.01.25 15:00:00,0.70833,0.70861,0.70615,0.70664,8693.54
2023.01.25 16:00:00,0.70663,0.70867,0.70623,0.7075,16219.39
2023.01.25 17:00:00,0.70751,0.70981,0.70628,0.70765,21986.32
2023.01.25 18:00:00,0.70766,0.70838,0.70654,0.70812,11607.95
2023.01.25 19:00:00,0.70814,0.70856,0.70762,0.70819,4446.72
2023.01.25 20:00:00,0.70819,0.71035,0.70816,0.70976,5133.93
2023.01.25 21:00:00,0.70977,0.71065,0.70958,0.71021,5445.3
2023.01.25 22:00:00,0.71023,0.71059,0.70982,0.71045,4322.89
2023.01.25 23:00:00,0.71046,0.71079,0.71017,0.71026,2072.52
2023.01.26 00:00:00,0.71025,0.71044,0.70973,0.71028,833.47
2023.01.26 01:00:00,0.71031,0.71102,0.71019,0.7107,3178.22
2023.01.26 02:00:00,0.71069,0.7112,0.71041,0.71043,3207.38
2023.01.26 03:00:00,0.71043,0.71104,0.70917,0.71101,6067.41
2023.01.26 04:00:00,0.71101,0.71134,0.71034,0.71134,4628.21
2023.01.26 05:00:00,0.71134,0.71224,0.71068,0.71102,3529.3
2023.01.26 06:00:00,0.71101,0.71222,0.71101,0.71191,3184.13
2023.01.26 07:00:00,0.71191,0.7128,0.71145,0.71226,2934.81
2023.01.26 08:00:00,0.71227,0.71242,0.71108,0.71123,4225.11
2023.01.26 09:00:00,0.71121,0.71194,0.70988,0.71181,8962.65
2023.01.26 10:00:00,0.71181,0.71276,0.71072,0.71081,12777.17
2023.01.26 11:00:00,0.71081,0.71137,0.70951,0.71031,8754.53
2023.01.26 12:00:00,0.71031,0.71178,0.71013,0.71164,6788.39
2023.01.26 13:00:00,0.71163,0.71258,0.71136,0.71166,5984.36
2023.01.26 14:00:00,0.71167,0.71253,0.71087,0.71208,6838.41
2023.01.26 15:00:00,0.71208,0.71271,0.70973,0.7122,18772.46
2023.01.26 16:00:00,0.71221,0.71421,0.70964,0.71039,22375.41
2023.01.26 17:00:00,0.71038,0.71128,0.70798,0.70843,24924.18
2023.01.26 18:00:00,0.70841,0.70944,0.70788,0.70923,13518.62
2023.01.26 19:00:00,0.70924,0.71021,0.70907,0.7094,6613.12
2023.01.26 20:00:00,0.70942,0.71095,0.70926,0.71048,5174.23
2023.01.26 21:00:00,0.71048,0.71129,0.71031,0.7112,2656.74
2023.01.26 22:00:00,0.71121,0.71163,0.71107,0.7116,3528.51
2023.01.26 23:00:00,0.71161,0.71167,0.71132,0.71135,1063.52
2023.01.27 00:00:00,0.71135,0.71136,0.71026,0.71124,282.3
2023.01.27 01:00:00,0.71125,0.71198,0.71105,0.71132,2964.71
2023.01.27 02:00:00,0.71133,0.71291,0.71133,0.71284,4871.25
2023.01.27 03:00:00,0.71284,0.71284,0.71134,0.71228,5738.08
2023.01.27 04:00:00,0.71229,0.71284,0.71183,0.71195,4223.6
2023.01.27 05:00:00,0.71195,0.7121,0.71082,0.71082,3825.8
2023.01.27 06:00:00,0.71081,0.71095,0.71023,0.71059,3679.73
2023.01.27 07:00:00,0.71059,0.71154,0.71044,0.71154,2611.32
2023.01.27 08:00:00,0.71154,0.71154,0.70965,0.71011,4259.17
2023.01.27 09:00:00,0.7101,0.71073,0.70954,0.71034,5514.58
2023.01.27 10:00:00,0.71034,0.71118,0.70938,0.71118,8870.27
2023.01.27 11:00:00,0.71118,0.71183,0.71018,0.71042,8909.61
2023.01.27 12:00:00,0.71041,0.71157,0.71023,0.71123,6114
2023.01.27 13:00:00,0.71124,0.71155,0.71003,0.71064,6345.65
2023.01.27 14:00:00,0.71065,0.71102,0.71021,0.71028,7672.4
2023.01.27 15:00:00,0.71027,0.71262,0.70983,0.71083,14542.76
2023.01.27 16:00:00,0.71083,0.71175,0.70948,0.71068,18599.68
2023.01.27 17:00:00,0.7107,0.71213,0.70817,0.70917,19466.58
2023.01.27 18:00:00,0.70917,0.71117,0.70904,0.71007,15501.56
2023.01.27 19:00:00,0.71007,0.71078,0.70985,0.71052,5328.42
2023.01.27 20:00:00,0.71051,0.71069,0.70988,0.71042,3145.39
2023.01.27 21:00:00,0.71042,0.71106,0.71033,0.71103,2706.6
2023.01.27 22:00:00,0.71103,0.71113,0.71061,0.71075,2497.29
2023.01.27 23:00:00,0.71074,0.71101,0.7106,0.71064,1576.13
2023.01.30 00:00:00,0.70944,0.7102,0.70944,0.70994,1162.83
2023.01.30 01:00:00,0.70994,0.71088,0.70994,0.71074,3200.6
2023.01.30 02:00:00,0.71075,0.71192,0.71061,0.71192,4289.78
2023.01.30 03:00:00,0.71189,0.71198,0.71012,0.7113,8247.01
2023.01.30 04:00:00,0.7113,0.71132,0.70901,0.70904,6369.1
2023.01.30 05:00:00,0.7091,0.70952,0.70829,0.70848,3827.25
2023.01.30 06:00:00,0.70849,0.70985,0.70846,0.7092,8955.87
2023.01.30 07:00:00,0.7092,0.70928,0.70836,0.70866,6388.37
2023.01.30 08:00:00,0.70865,0.70923,0.70839,0.70908,6253.12
2023.01.30 09:00:00,0.70907,0.70971,0.70742,0.70817,7504.2
2023.01.30 10:00:00,0.70818,0.70853,0.70681,0.70743,11806.13
2023.01.30 11:00:00,0.70743,0.70815,0.70711,0.70771,9313.85
2023.01.30 12:00:00,0.7077,0.7095,0.70767,0.70894,8892.15
2023.01.30 13:00:00,0.70897,0.70949,0.70692,0.70741,7714.45
2023.01.30 14:00:00,0.70742,0.70841,0.70732,0.70794,6079.78
2023.01.30 15:00:00,0.70795,0.70872,0.70698,0.70725,10227.7
2023.01.30 16:00:00,0.70725,0.70787,0.70645,0.70729,14040.54
2023.01.30 17:00:00,0.70725,0.70859,0.70689,0.70803,19089.74
2023.01.30 18:00:00,0.70805,0.70818,0.70694,0.70747,10127.12
2023.01.30 19:00:00,0.70746,0.70754,0.70672,0.70694,5575.37
2023.01.30 20:00:00,0.70694,0.70736,0.70647,0.70672,5101.65
2023.01.30 21:00:00,0.70673,0.70678,0.70506,0.70568,4941.08
2023.01.30 22:00:00,0.70567,0.70641,0.70549,0.7058,3624.89
2023.01.30 23:00:00,0.7058,0.70615,0.70564,0.70586,1504.39
2023.01.31 00:00:00,0.7058,0.70595,0.70526,0.70545,1245.25
2023.01.31 01:00:00,0.70544,0.70581,0.70514,0.70575,2535.17
2023.01.31 02:00:00,0.70574,0.70613,0.70377,0.70508,8042.46
2023.01.31 03:00:00,0.70509,0.70641,0.70447,0.70554,8086.7
2023.01.31 04:00:00,0.70556,0.7056,0.70421,0.7048,6489.23
2023.01.31 05:00:00,0.70478,0.70483,0.70334,0.7034,4911.35
2023.01.31 06:00:00,0.70339,0.70374,0.70253,0.70371,4355.37
2023.01.31 07:00:00,0.70372,0.7043,0.70297,0.70308,5462.07
2023.01.31 08:00:00,0.7031,0.70364,0.70265,0.70322,4071.62
2023.01.31 09:00:00,0.70319,0.70387,0.70204,0.70349,7245.35
2023.01.31 10:00:00,0.70349,0.70367,0.70034,0.70055,14090.59
2023.01.31 11:00:00,0.70055,0.70175,0.70041,0.70108,9350.7
2023.01.31 12:00:00,0.70109,0.70112,0.69863,0.69875,7682.19
2023.01.31 13:00:00,0.69875,0.69974,0.69832,0.69969,5854.55
2023.01.31 14:00:00,0.6997,0.70059,0.69928,0.69929,7374.64
2023.01.31 15:00:00,0.69931,0.70311,0.69925,0.70256,20069.08
2023.01.31 16:00:00,0.70257,0.70336,0.70147,0.70248,19703.95
2023.01.31 17:00:00,0.70247,0.70539,0.70182,0.70442,24986.93
2023.01.31 18:00:00,0.70441,0.70538,0.70383,0.70486,14951.7
2023.01.31 19:00:00,0.70487,0.70543,0.70415,0.70481,6983.79
2023.01.31 20:00:00,0.70481,0.70595,0.70481,0.70571,3620.86
2023.01.31 21:00:00,0.70571,0.7061,0.70517,0.7053,2627.96
2023.01.31 22:00:00,0.70533,0.70587,0.70489,0.70585,4741.78
2023.01.31 23:00:00,0.70586,0.70586,0.70501,0.70519,2783.21
2023.02.01 00:00:00,0.70505,0.70545,0.70483,0.70495,1274.48
2023.02.01 01:00:00,0.70499,0.70553,0.7047,0.70507,2983.69
2023.02.01 02:00:00,0.70507,0.70523,0.7046,0.70479,3644.59
2023.02.01 03:00:00,0.7048,0.70552,0.70469,0.70504,5040.58
2023.02.01 04:00:00,0.70503,0.70508,0.70359,0.7039,4261.17
2023.02.01 05:00:00,0.70389,0.70549,0.70382,0.70548,2590.09
2023.02.01 06:00:00,0.70548,0.7074,0.70528,0.70667,3825.99
2023.02.01 07:00:00,0.70667,0.70705,0.70633,0.70655,3069.16
2023.02.01 08:00:00,0.70655,0.70756,0.70649,0.70681,3169.81
2023.02.01 09:00:00,0.70682,0.70755,0.70651,0.7074,7642.13
2023.02.01 10:00:00,0.70742,0.70829,0.70701,0.7077,10545.59
2023.02.01 11:00:00,0.70771,0.70791,0.70678,0.70681,7222.15
2023.02.01 12:00:00,0.70681,0.70792,0.70679,0.70766,6105.36
2023.02.01 13:00:00,0.70767,0.70791,0.70716,0.70782,6384.37
2023.02.01 14:00:00,0.70782,0.70824,0.70753,0.70765,6177.63
2023.02.01 15:00:00,0.70766,0.70923,0.70746,0.7085,12028.43
2023.02.01 16:00:00,0.70851,0.70889,0.70804,0.70831,11988.19
2023.02.01 17:00:00,0.70831,0.70867,0.7062,0.70751,25101.07
2023.02.01 18:00:00,0.70749,0.70798,0.70646,0.70656,11780.86
2023.02.01 19:00:00,0.70654,0.707,0.70596,0.7066,6165.38
2023.02.01 20:00:00,0.7066,0.70756,0.70601,0.70661,5010.91
2023.02.01 21:00:00,0.70661,0.71327,0.70408,0.71224,40605.68
2023.02.01 22:00:00,0.71224,0.71441,0.7106,0.71324,26893.81
2023.02.01 23:00:00,0.71324,0.71368,0.71289,0.71332,5709.88
2023.02.02 00:00:00,0.71326,0.71353,0.71263,0.71308,938.9
2023.02.02 01:00:00,0.71309,0.71573,0.71309,0.71469,5691.9
2023.02.02 02:00:00,0.71467,0.71564,0.71447,0.71454,6805.54
2023.02.02 03:00:00,0.71456,0.71508,0.71341,0.71418,7486.77
2023.02.02 04:00:00,0.71417,0.71462,0.71348,0.71429,6196.62
2023.02.02 05:00:00,0.71429,0.71458,0.71379,0.71422,3798.94
2023.02.02 06:00:00,0.71422,0.71492,0.71402,0.71485,2883.62
2023.02.02 07:00:00,0.71486,0.715,0.71412,0.71468,4147.25
2023.02.02 08:00:00,0.7147,0.71497,0.71376,0.71402,5590.56
2023.02.02 09:00:00,0.71403,0.71486,0.71357,0.71391,7333.84
2023.02.02 10:00:00,0.71392,0.71561,0.71357,0.71411,12189.14
2023.02.02 11:00:00,0.71412,0.71425,0.71206,0.71309,9746.38
2023.02.02 12:00:00,0.71309,0.71313,0.71162,0.71182,7482.95
2023.02.02 13:00:00,0.71185,0.71308,0.71152,0.71263,6317.41
2023.02.02 14:00:00,0.71269,0.71344,0.71164,0.71294,15402.05
2023.02.02 15:00:00,0.71293,0.71409,0.7123,0.71232,21407.64
2023.02.02 16:00:00,0.71233,0.7144,0.70874,0.7089,30334.98
2023.02.02 17:00:00,0.70891,0.71047,0.70696,0.71013,26088.05
2023.02.02 18:00:00,0.71014,0.71055,0.70748,0.70819,15817.47
2023.02.02 19:00:00,0.70819,0.70877,0.7073,0.70776,8186.25
2023.02.02 20:00:00,0.70776,0.70892,0.70745,0.70891,6154.75
2023.02.02 21:00:00,0.70891,0.70917,0.70682,0.70721,8809.48
2023.02.02 22:00:00,0.70723,0.70837,0.70698,0.70833,10299.57
2023.02.02 23:00:00,0.70833,0.70868,0.70733,0.7075,7172.66
2023.02.03 00:00:00,0.7075,0.70799,0.70677,0.70715,1980.73
2023.02.03 01:00:00,0.7071,0.70789,0.7071,0.70722,3812.76
2023.02.03 02:00:00,0.70719,0.70723,0.70652,0.70698,5583.63
2023.02.03 03:00:00,0.70697,0.70723,0.70633,0.70637,5401.24
2023.02.03 04:00:00,0.70638,0.70662,0.70475,0.70535,6064.21
2023.02.03 05:00:00,0.70535,0.70607,0.70532,0.70605,4937.53
2023.02.03 06:00:00,0.70604,0.70612,0.70536,0.70606,3667.24
2023.02.03 07:00:00,0.70602,0.70679,0.7059,0.70628,4163.65
2023.02.03 08:00:00,0.70629,0.70715,0.70624,0.70681,4160.86
2023.02.03 09:00:00,0.70679,0.70719,0.70558,0.70619,8880.49
2023.02.03 10:00:00,0.70619,0.70641,0.70443,0.70487,10981.11
2023.02.03 11:00:00,0.70486,0.70615,0.70445,0.70587,9247.1
2023.02.03 12:00:00,0.70588,0.7067,0.70532,0.70643,7475.37
2023.02.03 13:00:00,0.70643,0.70656,0.70546,0.70562,5913.41
2023.02.03 14:00:00,0.70563,0.70585,0.70504,0.70545,6398.84
2023.02.03 15:00:00,0.70544,0.70584,0.69693,0.69775,27194.52
2023.02.03 16:00:00,0.69775,0.69948,0.69631,0.69758,27722.57
2023.02.03 17:00:00,0.69755,0.69927,0.69297,0.69751,35532.45
2023.02.03 18:00:00,0.69751,0.69817,0.69424,0.69443,20412.93
2023.02.03 19:00:00,0.69443,0.69604,0.69417,0.69454,9381.31
2023.02.03 20:00:00,0.69453,0.6946,0.69255,0.69328,9938.14
2023.02.03 21:00:00,0.69327,0.69348,0.69232,0.69256,7558.91
2023.02.03 22:00:00,0.69256,0.69265,0.69184,0.69225,5477.99
2023.02.03 23:00:00,0.69225,0.6925,0.6919,0.69191,2335.71
2023.02.06 00:00:00,0.68924,0.69139,0.68916,0.69121,908.26
2023.02.06 01:00:00,0.69121,0.69294,0.69073,0.69182,7197.96
2023.02.06 02:00:00,0.69179,0.69216,0.69065,0.69159,6911.14
2023.02.06 03:00:00,0.69161,0.69221,0.6911,0.69173,6773.03
2023.02.06 04:00:00,0.69174,0.69264,0.69117,0.69209,5740.39
2023.02.06 05:00:00,0.69208,0.69306,0.69198,0.6925,3648.62
2023.02.06 06:00:00,0.6925,0.69469,0.69249,0.69429,6026.63
2023.02.06 07:00:00,0.6943,0.69478,0.69329,0.69472,5047.45
2023.02.06 08:00:00,0.69473,0.69481,0.69309,0.69315,4473.63
2023.02.06 09:00:00,0.69314,0.69398,0.69239,0.69239,7969.85
2023.02.06 10:00:00,0.6924,0.69323,0.69161,0.69222,14499.41
2023.02.06 11:00:00,0.69224,0.69241,0.68948,0.6895,9160.01
2023.02.06 12:00:00,0.6895,0.69037,0.68898,0.68922,8379.69
2023.02.06 13:00:00,0.68921,0.6902,0.68892,0.69005,5850.77
2023.02.06 14:00:00,0.69005,0.69151,0.69001,0.69077,5718.53
2023.02.06 15:00:00,0.69076,0.69147,0.6886,0.68896,11967.59
2023.02.06 16:00:00,0.68894,0.68967,0.68733,0.68786,16802.66
2023.02.06 17:00:00,0.68788,0.6883,0.68549,0.686,18780.6
2023.02.06 18:00:00,0.686,0.6872,0.68586,0.68678,11863.14
2023.02.06 19:00:00,0.68678,0.68747,0.68634,0.68704,7757.78
2023.02.06 20:00:00,0.68703,0.68842,0.68666,0.68839,4492.47
2023.02.06 21:00:00,0.68839,0.68932,0.68791,0.68802,4353.63
2023.02.06 22:00:00,0.688,0.68842,0.6874,0.6884,4807.26
2023.02.06 23:00:00,0.68841,0.68854,0.68789,0.68806,2287.27
2023.02.07 00:00:00,0.68795,0.68847,0.68793,0.68825,2438.47
2023.02.07 01:00:00,0.68826,0.68885,0.6882,0.68883,2361.52
2023.02.07 02:00:00,0.68884,0.68957,0.6888,0.68951,4206.31
2023.02.07 03:00:00,0.68952,0.69074,0.68928,0.6903,6026.55
2023.02.07 04:00:00,0.6903,0.69214,0.68996,0.69209,5292.36
2023.02.07 05:00:00,0.69209,0.69505,0.69134,0.69356,11626.21
2023.02.07 06:00:00,0.69355,0.69423,0.69254,0.69297,6485.76
2023.02.07 07:00:00,0.69297,0.69379,0.69256,0.69379,3391.1
2023.02.07 08:00:00,0.6938,0.6943,0.69322,0.69345,4515.32
2023.02.07 09:00:00,0.69346,0.69392,0.6925,0.69267,8606.76
2023.02.07 10:00:00,0.69268,0.69372,0.69099,0.69313,16205.68
2023.02.07 11:00:00,0.69313,0.69488,0.69294,0.69375,11737.9
2023.02.07 12:00:00,0.69379,0.69402,0.69262,0.6931,8859.49
2023.02.07 13:00:00,0.69309,0.69333,0.69197,0.6924,9000
2023.02.07 14:00:00,0.69241,0.69301,0.6921,0.69244,7562.49
2023.02.07 15:00:00,0.69243,0.69259,0.69011,0.69093,12309.66
2023.02.07 16:00:00,0.69092,0.69094,0.68953,0.68962,13714.57
2023.02.07 17:00:00,0.68962,0.69152,0.68852,0.69143,16680.03
2023.02.07 18:00:00,0.69148,0.69315,0.6913,0.69236,11301.21
2023.02.07 19:00:00,0.69236,0.69879,0.69136,0.69797,19248.94
2023.02.07 20:00:00,0.69796,0.69846,0.69028,0.69149,37868
2023.02.07 21:00:00,0.69146,0.6946,0.69143,0.69409,19344.03
2023.02.07 22:00:00,0.69409,0.69552,0.69313,0.69506,7683.1
2023.02.07 23:00:00,0.69504,0.69596,0.69485,0.69571,2207.19
2023.02.08 00:00:00,0.69571,0.69639,0.69485,0.69628,917.66
2023.02.08 01:00:00,0.6963,0.69659,0.69552,0.6964,2440.6
2023.02.08 02:00:00,0.6964,0.69692,0.69579,0.69643,4559.28
2023.02.08 03:00:00,0.69643,0.697,0.69562,0.69575,7880.19
2023.02.08 04:00:00,0.69575,0.69651,0.6949,0.69648,5897.9
2023.02.08 05:00:00,0.69649,0.69702,0.69596,0.69657,3563.49
2023.02.08 06:00:00,0.69656,0.69673,0.69577,0.69633,3109.95
2023.02.08 07:00:00,0.69631,0.69677,0.6959,0.69654,3034.54
2023.02.08 08:00:00,0.69652,0.69753,0.69634,0.69724,3794.7
2023.02.08 09:00:00,0.69724,0.69867,0.69639,0.69857,9866.46
2023.02.08 10:00:00,0.69859,0.69893,0.6974,0.69835,14735.37
2023.02.08 11:00:00,0.69833,0.69959,0.69818,0.69857,8915.19
2023.02.08 12:00:00,0.69857,0.69867,0.69702,0.69753,6213.57
2023.02.08 13:00:00,0.69754,0.6979,0.69681,0.69695,6826.1
2023.02.08 14:00:00,0.69694,0.69822,0.69651,0.69676,7483.58
2023.02.08 15:00:00,0.69676,0.69692,0.69532,0.69571,10483.01
2023.02.08 16:00:00,0.6957,0.69664,0.69388,0.69443,16906.24
2023.02.08 17:00:00,0.69442,0.69487,0.69305,0.69394,18734.21
2023.02.08 18:00:00,0.69395,0.69416,0.69265,0.69397,12822.31
2023.02.08 19:00:00,0.69397,0.69425,0.69289,0.6934,7882.46
2023.02.08 20:00:00,0.6934,0.69411,0.69263,0.69328,8017.55
2023.02.08 21:00:00,0.69328,0.69354,0.69221,0.69243,4946.56
2023.02.08 22:00:00,0.69243,0.69272,0.69184,0.69235,4107.27
2023.02.08 23:00:00,0.69234,0.69253,0.69215,0.69241,1574.53
2023.02.09 00:00:00,0.69216,0.69246,0.69193,0.69236,486.04
2023.02.09 01:00:00,0.69234,0.69305,0.69228,0.69276,2180.33
2023.02.09 02:00:00,0.69276,0.69317,0.69252,0.69271,2587.49
2023.02.09 03:00:00,0.6927,0.6941,0.69207,0.69382,5853
2023.02.09 04:00:00,0.69381,0.69525,0.69372,0.69481,4025.89
2023.02.09 05:00:00,0.69481,0.69588,0.6946,0.69569,3637.1
2023.02.09 06:00:00,0.69567,0.69586,0.6951,0.69529,3371.89
2023.02.09 07:00:00,0.69525,0.69604,0.69491,0.69533,5327.51
2023.02.09 08:00:00,0.69532,0.69641,0.69521,0.69568,4859.86
2023.02.09 09:00:00,0.69566,0.6968,0.69539,0.69644,7231.09
2023.02.09 10:00:00,0.69644,0.69812,0.69638,0.69761,10834.24
2023.02.09 11:00:00,0.69762,0.69802,0.6966,0.69762,7557.54
2023.02.09 12:00:00,0.69764,0.69827,0.69716,0.69827,6946.48
2023.02.09 13:00:00,0.69826,0.69826,0.6973,0.69764,5037.83
2023.02.09 14:00:00,0.69768,0.69907,0.69755,0.69822,5313.11
2023.02.09 15:00:00,0.69823,0.70108,0.69795,0.70099,11416.88
2023.02.09 16:00:00,0.70099,0.70099,0.69883,0.69893,14399.92
2023.02.09 17:00:00,0.69894,0.69975,0.69633,0.69705,16864.41
2023.02.09 18:00:00,0.69707,0.69721,0.69532,0.69629,13849.81
2023.02.09 19:00:00,0.69627,0.69659,0.69433,0.69533,6407.29
2023.02.09 20:00:00,0.69532,0.6954,0.69419,0.69452,6846.96
2023.02.09 21:00:00,0.6945,0.69513,0.69366,0.69388,6681.01
2023.02.09 22:00:00,0.69388,0.69403,0.69272,0.69318,5796.49
2023.02.09 23:00:00,0.69317,0.69356,0.69316,0.69341,1497.86
2023.02.10 00:00:00,0.69342,0.69379,0.69307,0.69346,908.34
2023.02.10 01:00:00,0.69347,0.69421,0.69338,0.6938,2121.36
2023.02.10 02:00:00,0.6938,0.69424,0.693,0.69418,5325.41
2023.02.10 03:00:00,0.69414,0.6948,0.69299,0.6937,8332.6
2023.02.10 04:00:00,0.69369,0.69387,0.69248,0.69252,4464.69
2023.02.10 05:00:00,0.69251,0.69253,0.6911,0.69142,6871.8
2023.02.10 06:00:00,0.69143,0.69178,0.69107,0.69173,3004.25
2023.02.10 07:00:00,0.69175,0.6929,0.69163,0.69247,5924.42
2023.02.10 08:00:00,0.69247,0.69282,0.69205,0.69235,5847.1
2023.02.10 09:00:00,0.69235,0.69428,0.6917,0.69415,14630.07
2023.02.10 10:00:00,0.69415,0.69561,0.69395,0.69525,18236.43
2023.02.10 11:00:00,0.69525,0.69597,0.69316,0.69322,17786.36
2023.02.10 12:00:00,0.69322,0.69334,0.69204,0.69318,9802.78
2023.02.10 13:00:00,0.69316,0.69331,0.69184,0.69233,8570.96
2023.02.10 14:00:00,0.69233,0.69288,0.69171,0.69191,7576.65
2023.02.10 15:00:00,0.69191,0.69468,0.69169,0.69405,13567.09
2023.02.10 16:00:00,0.69406,0.6948,0.6934,0.69355,19970.7
2023.02.10 17:00:00,0.69355,0.69486,0.69166,0.69222,24549.1
2023.02.10 18:00:00,0.69222,0.69303,0.69162,0.69177,11866.76
2023.02.10 19:00:00,0.69178,0.69207,0.69085,0.69162,7005.67
2023.02.10 20:00:00,0.69162,0.69233,0.69145,0.69147,3251.94
2023.02.10 21:00:00,0.6915,0.69159,0.69104,0.69131,3980.25
2023.02.10 22:00:00,0.69131,0.69211,0.69124,0.69192,2630.6
2023.02.10 23:00:00,0.69192,0.69209,0.69131,0.69143,1401.09
2023.02.13 00:00:00,0.69135,0.6919,0.6913,0.69143,407.91
2023.02.13 01:00:00,0.69148,0.69166,0.69099,0.69125,3234.41
2023.02.13 02:00:00,0.69125,0.69153,0.69022,0.69089,5023.77
2023.02.13 03:00:00,0.69091,0.691,0.68898,0.69082,8761.14
2023.02.13 04:00:00,0.69083,0.69139,0.69018,0.69103,5533.58
2023.02.13 05:00:00,0.69105,0.69128,0.69056,0.69056,4172.88
2023.02.13 06:00:00,0.69056,0.69112,0.69051,0.69064,3183.07
2023.02.13 07:00:00,0.69063,0.69128,0.69041,0.69092,3907.81
2023.02.13 08:00:00,0.69092,0.69154,0.69089,0.691,4756.47
2023.02.13 09:00:00,0.691,0.69307,0.6907,0.69288,8896.62
2023.02.13 10:00:00,0.69289,0.6933,0.6917,0.69289,11073.21
2023.02.13 11:00:00,0.6929,0.6933,0.69148,0.69194,9277.85
2023.02.13 12:00:00,0.69194,0.69253,0.69124,0.69253,6457.24
2023.02.13 13:00:00,0.69253,0.69361,0.69242,0.69311,5799.22
2023.02.13 14:00:00,0.6931,0.69477,0.69306,0.69444,8664.67
2023.02.13 15:00:00,0.69443,0.69483,0.69303,0.69324,9614.58
2023.02.13 16:00:00,0.69324,0.69543,0.69282,0.69522,13586.32
2023.02.13 17:00:00,0.69523,0.6964,0.69469,0.69606,16278.47
2023.02.13 18:00:00,0.69606,0.69675,0.69548,0.69625,11607.42
2023.02.13 19:00:00,0.69625,0.697,0.69604,0.69665,4148.87
2023.02.13 20:00:00,0.69663,0.69731,0.69601,0.69719,3599.7
2023.02.13 21:00:00,0.69719,0.69723,0.69615,0.69627,3716.1
2023.02.13 22:00:00,0.69627,0.6966,0.69599,0.6966,3784.04
2023.02.13 23:00:00,0.6966,0.69675,0.69633,0.69643,1020.06
2023.02.14 00:00:00,0.69643,0.69672,0.69611,0.69615,567.77
2023.02.14 01:00:00,0.69617,0.69696,0.69611,0.69679,2872.45
2023.02.14 02:00:00,0.6968,0.6971,0.69624,0.69658,4108.09
2023.02.14 03:00:00,0.69659,0.69688,0.69495,0.69545,7458.18
2023.02.14 04:00:00,0.69546,0.69596,0.69487,0.69565,7550.17
2023.02.14 05:00:00,0.69566,0.69643,0.69545,0.69611,3556.81
2023.02.14 06:00:00,0.69612,0.6975,0.69587,0.69749,2872.55
2023.02.14 07:00:00,0.69748,0.69748,0.69619,0.69678,3988.68
2023.02.14 08:00:00,0.69678,0.69724,0.69593,0.69685,4474
2023.02.14 09:00:00,0.6969,0.69754,0.69585,0.69618,11414.84
2023.02.14 10:00:00,0.6962,0.69678,0.69561,0.6963,10037.4
2023.02.14 11:00:00,0.69631,0.69743,0.69618,0.697,8358.88
2023.02.14 12:00:00,0.69699,0.69731,0.69616,0.69634,7966.79
2023.02.14 13:00:00,0.69633,0.69707,0.69627,0.69657,6575.67
2023.02.14 14:00:00,0.69657,0.69889,0.69652,0.69852,7009.26
2023.02.14 15:00:00,0.69851,0.70294,0.69357,0.69935,38401.88
2023.02.14 16:00:00,0.69939,0.70028,0.69209,0.69691,48173.86
2023.02.14 17:00:00,0.69691,0.6998,0.69526,0.69672,32923.56
2023.02.14 18:00:00,0.69672,0.69833,0.69538,0.69611,23957.7
2023.02.14 19:00:00,0.6961,0.69741,0.69589,0.69734,11391.38
2023.02.14 20:00:00,0.69733,0.69919,0.69726,0.69778,12123.33
2023.02.14 21:00:00,0.69779,0.69908,0.69704,0.69888,9219.59
2023.02.14 22:00:00,0.69887,0.69941,0.69818,0.69915,6213.84
2023.02.14 23:00:00,0.69914,0.69914,0.69838,0.69838,1670.41
2023.02.15 00:00:00,0.69822,0.69865,0.69805,0.69842,1376.14
2023.02.15 01:00:00,0.69841,0.69887,0.69836,0.69865,1888.85
2023.02.15 02:00:00,0.69864,0.69867,0.69767,0.69798,3618.1
2023.02.15 03:00:00,0.69798,0.69824,0.69746,0.69756,6642.55
2023.02.15 04:00:00,0.69755,0.69771,0.69453,0.69462,6977.12
2023.02.15 05:00:00,0.69461,0.69517,0.69348,0.69365,5320.11
2023.02.15 06:00:00,0.69366,0.694,0.6932,0.69365,3588.58
2023.02.15 07:00:00,0.69364,0.69377,0.69281,0.69325,3135.38
2023.02.15 08:00:00,0.69327,0.69338,0.69152,0.69157,4954.26
2023.02.15 09:00:00,0.69155,0.6917,0.68926,0.69034,12218.69
2023.02.15 10:00:00,0.69034,0.69112,0.68949,0.69083,10825.77
2023.02.15 11:00:00,0.6908,0.69168,0.68994,0.69115,8968.25
2023.02.15 12:00:00,0.69113,0.69141,0.6895,0.68951,8095.57
2023.02.15 13:00:00,0.68952,0.69046,0.68883,0.6889,6975.9
2023.02.15 14:00:00,0.6889,0.68983,0.68882,0.68909,8171.04
2023.02.15 15:00:00,0.68911,0.69024,0.68735,0.68832,23288.45
2023.02.15 16:00:00,0.68834,0.68872,0.68647,0.68658,21960.89
2023.02.15 17:00:00,0.68662,0.68808,0.68644,0.68778,20581.04
2023.02.15 18:00:00,0.68779,0.68961,0.68772,0.68919,10090.02
2023.02.15 19:00:00,0.68917,0.6892,0.68792,0.68838,6672.93
2023.02.15 20:00:00,0.68839,0.68971,0.68774,0.68963,4784
2023.02.15 21:00:00,0.68962,0.69055,0.68961,0.69007,5506.9
2023.02.15 22:00:00,0.69008,0.69072,0.68963,0.69071,4850.51
2023.02.15 23:00:00,0.69072,0.6908,0.69016,0.6902,1750.97
2023.02.16 00:00:00,0.69021,0.69057,0.68975,0.69026,927.33
2023.02.16 01:00:00,0.69025,0.69072,0.69016,0.69059,2193.99
2023.02.16 02:00:00,0.69061,0.69127,0.68673,0.68716,10096.74
2023.02.16 03:00:00,0.68717,0.69073,0.68674,0.69023,10232.52
2023.02.16 04:00:00,0.69022,0.69175,0.69002,0.69156,9213.11
2023.02.16 05:00:00,0.69157,0.6916,0.69055,0.69109,5542.38
2023.02.16 06:00:00,0.6911,0.69241,0.69099,0.69183,3076.76
2023.02.16 07:00:00,0.69184,0.69243,0.69105,0.69143,4371.9
2023.02.16 08:00:00,0.69143,0.69169,0.69025,0.69135,5236.79
2023.02.16 09:00:00,0.69133,0.69255,0.691,0.69224,8115.64
2023.02.16 10:00:00,0.69223,0.69357,0.69174,0.69216,11573.24
2023.02.16 11:00:00,0.69216,0.69297,0.69142,0.69179,9291.72
2023.02.16 12:00:00,0.6918,0.69268,0.69134,0.6916,5799.79
2023.02.16 13:00:00,0.69159,0.69172,0.69092,0.69134,7443.48
2023.02.16 14:00:00,0.69134,0.69161,0.68989,0.69,5627.05
2023.02.16 15:00:00,0.69,0.69063,0.68712,0.68777,21034.3
2023.02.16 16:00:00,0.68776,0.68893,0.68618,0.68663,21136.57
2023.02.16 17:00:00,0.68662,0.68856,0.68398,0.68766,21184.14
2023.02.16 18:00:00,0.68767,0.68981,0.68719,0.6888,15131.61
2023.02.16 19:00:00,0.68881,0.69009,0.68844,0.6898,7787.58
2023.02.16 20:00:00,0.68979,0.69024,0.68891,0.6899,7612.68
2023.02.16 21:00:00,0.6899,0.69047,0.68962,0.68967,5322.66
2023.02.16 22:00:00,0.68969,0.68978,0.68763,0.68786,10708.35
2023.02.16 23:00:00,0.68785,0.68804,0.68734,0.68776,2279.49
2023.02.17 00:00:00,0.68776,0.68798,0.68653,0.68716,1146.69
2023.02.17 01:00:00,0.68716,0.68717,0.68614,0.68614,2889.11
2023.02.17 02:00:00,0.68612,0.68671,0.68556,0.68638,4593.51
2023.02.17 03:00:00,0.6864,0.68731,0.68508,0.68552,6377.9
2023.02.17 04:00:00,0.68551,0.68565,0.68471,0.68527,5680.53
2023.02.17 05:00:00,0.68525,0.68558,0.68455,0.68481,3839.1
2023.02.17 06:00:00,0.68481,0.6849,0.68323,0.68424,4400.86
2023.02.17 07:00:00,0.68424,0.68441,0.68348,0.68386,4552.09
2023.02.17 08:00:00,0.68386,0.68436,0.68315,0.68367,3929.08
2023.02.17 09:00:00,0.68367,0.68506,0.68307,0.68413,8496.75
2023.02.17 10:00:00,0.68413,0.68416,0.68213,0.68308,13210.88
2023.02.17 11:00:00,0.68307,0.68355,0.68216,0.68237,8500.36
2023.02.17 12:00:00,0.68237,0.68268,0.68197,0.68203,8316.84
2023.02.17 13:00:00,0.68204,0.68208,0.68112,0.68155,7615.3
2023.02.17 14:00:00,0.68157,0.68285,0.68143,0.68249,8483.9
2023.02.17 15:00:00,0.68248,0.68395,0.68232,0.6835,9824.28
2023.02.17 16:00:00,0.68348,0.68495,0.68314,0.68334,15535.88
2023.02.17 17:00:00,0.68336,0.68742,0.68334,0.68528,37569.9
2023.02.17 18:00:00,0.68532,0.68705,0.68499,0.68631,13463.23
2023.02.17 19:00:00,0.6863,0.68775,0.68628,0.68643,8565.38
2023.02.17 20:00:00,0.68644,0.68724,0.68615,0.68692,4541.14
2023.02.17 21:00:00,0.68692,0.68819,0.68691,0.6879,3938.15
2023.02.17 22:00:00,0.68789,0.68839,0.68779,0.68797,5438.76
2023.02.17 23:00:00,0.68798,0.68817,0.68758,0.68761,1333.17
2023.02.20 00:00:00,0.68645,0.68755,0.68634,0.68713,873.25
2023.02.20 01:00:00,0.6872,0.68745,0.68647,0.68686,2867.24
2023.02.20 02:00:00,0.68684,0.687,0.6862,0.68673,5272.69
2023.02.20 03:00:00,0.68672,0.68814,0.68653,0.68776,7637.96
2023.02.20 04:00:00,0.68775,0.68926,0.68774,0.68891,5231.01
2023.02.20 05:00:00,0.68892,0.68917,0.68826,0.6887,3178.48
2023.02.20 06:00:00,0.68869,0.69007,0.68865,0.68905,4289.13
2023.02.20 07:00:00,0.68907,0.69051,0.68855,0.69047,3935.15
2023.02.20 08:00:00,0.69046,0.69058,0.68967,0.68984,10204.47
2023.02.20 09:00:00,0.68983,0.6909,0.6896,0.69083,7777.92
2023.02.20 10:00:00,0.69083,0.69147,0.68938,0.69027,9797.59
2023.02.20 11:00:00,0.69027,0.69101,0.68953,0.68958,7397.7
2023.02.20 12:00:00,0.68958,0.69034,0.68936,0.69018,5698.38
2023.02.20 13:00:00,0.69021,0.69106,0.68985,0.69076,6227.01
2023.02.20 14:00:00,0.69077,0.69084,0.68966,0.68988,5820.44
2023.02.20 15:00:00,0.68986,0.6918,0.68986,0.69166,6727.89
2023.02.20 16:00:00,0.69165,0.69203,0.69145,0.69176,8033.78
2023.02.20 17:00:00,0.69175,0.6918,0.69115,0.69151,7987.08
2023.02.20 18:00:00,0.69151,0.69172,0.69116,0.69159,3133.37
2023.02.20 19:00:00,0.6916,0.69162,0.69112,0.69125,1375.09
2023.02.20 20:00:00,0.69127,0.69137,0.69109,0.6911,607.14
2023.02.20 21:00:00,0.6911,0.69142,0.6911,0.6912,1532.56
2023.02.20 22:00:00,0.69119,0.69131,0.69105,0.69126,671.61
2023.02.20 23:00:00,0.69125,0.69125,0.69065,0.69065,1259.96
2023.02.21 00:00:00,0.69048,0.69119,0.69009,0.6907,715.77
2023.02.21 01:00:00,0.69077,0.69144,0.69059,0.69081,1961.66
2023.02.21 02:00:00,0.69082,0.69194,0.68961,0.69042,6248.91
2023.02.21 03:00:00,0.69042,0.69095,0.68934,0.69052,7203
2023.02.21 04:00:00,0.69051,0.69102,0.68992,0.68992,4694.97
2023.02.21 05:00:00,0.68997,0.69029,0.68934,0.68972,4210
2023.02.21 06:00:00,0.68972,0.6899,0.68909,0.68954,2797.43
2023.02.21 07:00:00,0.68953,0.6901,0.68895,0.68954,5453
2023.02.21 08:00:00,0.68954,0.68954,0.68857,0.68911,3806.14
2023.02.21 09:00:00,0.68908,0.6891,0.6873,0.68799,8050.8
2023.02.21 10:00:00,0.68799,0.68857,0.68679,0.68741,15504.53
2023.02.21 11:00:00,0.68741,0.68989,0.68712,0.6889,19359.56
2023.02.21 12:00:00,0.6889,0.68916,0.68761,0.68763,11581.51
2023.02.21 13:00:00,0.68762,0.68888,0.68728,0.68835,8324.84
2023.02.21 14:00:00,0.68835,0.68836,0.68657,0.68745,8467.76
2023.02.21 15:00:00,0.68744,0.68781,0.68643,0.68643,11499.12
2023.02.21 16:00:00,0.68645,0.68798,0.68541,0.68613,19936.78
2023.02.21 17:00:00,0.68613,0.6899,0.68599,0.6892,23495.36
2023.02.21 18:00:00,0.6892,0.68927,0.68637,0.68643,13834.49
2023.02.21 19:00:00,0.68641,0.68651,0.68524,0.68644,7868.42
2023.02.21 20:00:00,0.68643,0.68657,0.68471,0.68534,4970.3
2023.02.21 21:00:00,0.68531,0.68561,0.68472,0.68532,4960.49
2023.02.21 22:00:00,0.68534,0.68589,0.68518,0.68541,3579.51
2023.02.21 23:00:00,0.68541,0.68562,0.68509,0.68511,1421.64
2023.02.22 00:00:00,0.68512,0.68584,0.68494,0.68574,826.28
2023.02.22 01:00:00,0.68571,0.68638,0.6855,0.68625,2338.75
2023.02.22 02:00:00,0.68625,0.68645,0.68323,0.68574,8283.72
2023.02.22 03:00:00,0.68575,0.68634,0.68341,0.68383,9629.47
2023.02.22 04:00:00,0.68385,0.68411,0.68301,0.68349,5747.74
2023.02.22 05:00:00,0.6835,0.68415,0.683,0.68374,3978.17
2023.02.22 06:00:00,0.68375,0.68413,0.68327,0.68384,3363.29
2023.02.22 07:00:00,0.68384,0.68387,0.68267,0.68345,3822.74
2023.02.22 08:00:00,0.68345,0.68379,0.68291,0.68328,3208.37
2023.02.22 09:00:00,0.68328,0.68368,0.68222,0.68276,8601.64
2023.02.22 10:00:00,0.68277,0.68304,0.68113,0.68138,10533.2
2023.02.22 11:00:00,0.68138,0.68268,0.68106,0.68207,11386.73
2023.02.22 12:00:00,0.68208,0.6826,0.68145,0.68185,8163.59
2023.02.22 13:00:00,0.68186,0.68256,0.68181,0.68192,5531.46
2023.02.22 14:00:00,0.68194,0.68472,0.68181,0.6838,9211.08
2023.02.22 15:00:00,0.68383,0.68404,0.68228,0.68302,9126.37
2023.02.22 16:00:00,0.68301,0.68376,0.68195,0.68256,14922.61
2023.02.22 17:00:00,0.68257,0.68307,0.6808,0.68172,18009.51
2023.02.22 18:00:00,0.68172,0.68224,0.68115,0.68171,13381.8
2023.02.22 19:00:00,0.68171,0.68273,0.68115,0.6822,5608.59
2023.02.22 20:00:00,0.68218,0.6827,0.68184,0.68199,6987.5
2023.02.22 21:00:00,0.68202,0.68316,0.67941,0.67946,19138.36
2023.02.22 22:00:00,0.67945,0.68051,0.67944,0.68045,6693.21
2023.02.22 23:00:00,0.68044,0.6807,0.68011,0.68012,1541.38
2023.02.23 00:00:00,0.68011,0.68075,0.67983,0.68027,1311.76
2023.02.23 01:00:00,0.68027,0.68132,0.68027,0.68111,2196.41
2023.02.23 02:00:00,0.68111,0.68203,0.68095,0.68202,3036.47
2023.02.23 03:00:00,0.68203,0.68337,0.68177,0.68318,5229.38
2023.02.23 04:00:00,0.68317,0.68368,0.68233,0.68353,4873.14
2023.02.23 05:00:00,0.68354,0.68412,0.68313,0.68326,3328.16
2023.02.23 06:00:00,0.68324,0.68334,0.6828,0.68326,2280.17
2023.02.23 07:00:00,0.68324,0.68324,0.68184,0.68229,3764.83
2023.02.23 08:00:00,0.6823,0.68348,0.68211,0.68273,3457.84
2023.02.23 09:00:00,0.68272,0.68328,0.68225,0.68291,6573.13
2023.02.23 10:00:00,0.68292,0.68326,0.68205,0.68208,11441.06
2023.02.23 11:00:00,0.68208,0.68235,0.68139,0.68162,8586.49
2023.02.23 12:00:00,0.6816,0.68214,0.68133,0.68207,6042.27
2023.02.23 13:00:00,0.68206,0.68328,0.68153,0.68297,5042.96
2023.02.23 14:00:00,0.68298,0.68335,0.68259,0.68288,7021.34
2023.02.23 15:00:00,0.68288,0.68314,0.68055,0.68151,17402.64
2023.02.23 16:00:00,0.68151,0.68361,0.68118,0.6832,21521.12
2023.02.23 17:00:00,0.6832,0.68329,0.68021,0.6807,19478.33
2023.02.23 18:00:00,0.68068,0.68101,0.67837,0.67861,12785.07
2023.02.23 19:00:00,0.6786,0.67882,0.67808,0.67857,5807.7
2023.02.23 20:00:00,0.67859,0.67974,0.67833,0.67955,7372.41
2023.02.23 21:00:00,0.67954,0.68122,0.67936,0.68049,7308.3
2023.02.23 22:00:00,0.68049,0.68151,0.68049,0.68132,3458.17
2023.02.23 23:00:00,0.68131,0.68131,0.68049,0.68061,1423.04
2023.02.24 00:00:00,0.68061,0.68084,0.68026,0.68052,851.75
2023.02.24 01:00:00,0.68052,0.68116,0.6805,0.68082,2033.7
2023.02.24 02:00:00,0.68082,0.68176,0.68038,0.68176,4759.9
2023.02.24 03:00:00,0.68176,0.68227,0.68047,0.68169,9699.69
2023.02.24 04:00:00,0.68169,0.68236,0.68112,0.68131,6037.73
2023.02.24 05:00:00,0.68129,0.68231,0.68129,0.68149,5363.11
2023.02.24 06:00:00,0.68148,0.68168,0.6808,0.68127,2937.72
2023.02.24 07:00:00,0.68128,0.68175,0.68086,0.68091,4305.16
2023.02.24 08:00:00,0.6809,0.68135,0.68043,0.6807,4531.03
2023.02.24 09:00:00,0.68069,0.68071,0.67923,0.67936,6707.62
2023.02.24 10:00:00,0.67935,0.67939,0.67796,0.67843,10390.02
2023.02.24 11:00:00,0.67844,0.67851,0.67773,0.67831,7520.88
2023.02.24 12:00:00,0.6783,0.67889,0.67797,0.67803,5930.54
2023.02.24 13:00:00,0.67802,0.67806,0.67613,0.67657,6128.87
2023.02.24 14:00:00,0.67658,0.67658,0.67478,0.67503,6827.12
2023.02.24 15:00:00,0.675,0.67534,0.67268,0.67415,23362.07
2023.02.24 16:00:00,0.67415,0.67417,0.67179,0.6726,25080.69
2023.02.24 17:00:00,0.67257,0.67344,0.67186,0.67211,23441.48
2023.02.24 18:00:00,0.67214,0.67384,0.67199,0.67334,11700.15
2023.02.24 19:00:00,0.67334,0.67355,0.67188,0.67235,8353.21
2023.02.24 20:00:00,0.67235,0.67306,0.67205,0.6724,5225.87
2023.02.24 21:00:00,0.6724,0.67299,0.67229,0.67258,4870.05
2023.02.24 22:00:00,0.67258,0.67325,0.67226,0.67261,3645.42
2023.02.24 23:00:00,0.67262,0.67277,0.67219,0.67219,1667.22
2023.02.27 00:00:00,0.6728,0.67295,0.67226,0.67229,2102.11
2023.02.27 01:00:00,0.6723,0.67377,0.67229,0.6733,3296.37
2023.02.27 02:00:00,0.67329,0.67343,0.67249,0.67313,5439.81
2023.02.27 03:00:00,0.67313,0.67412,0.67307,0.67395,5100.3
2023.02.27 04:00:00,0.67394,0.67394,0.67266,0.67276,3122.49
2023.02.27 05:00:00,0.67277,0.67287,0.67073,0.67108,5287.94
2023.02.27 06:00:00,0.67107,0.67172,0.67037,0.67102,4197.46
2023.02.27 07:00:00,0.671,0.67134,0.66987,0.66992,4402.41
2023.02.27 08:00:00,0.66994,0.67117,0.66975,0.67015,5083.1
2023.02.27 09:00:00,0.67015,0.67177,0.66997,0.67146,8937.83
2023.02.27 10:00:00,0.67145,0.67267,0.67145,0.67175,12504.23
2023.02.27 11:00:00,0.67175,0.67227,0.67141,0.67169,9301.08
2023.02.27 12:00:00,0.67167,0.67181,0.67074,0.6717,6892.26
2023.02.27 13:00:00,0.6717,0.67187,0.67125,0.67158,5124.17
2023.02.27 14:00:00,0.67157,0.67177,0.67057,0.67062,6188.65
2023.02.27 15:00:00,0.67061,0.67284,0.6701,0.67227,13507.25
2023.02.27 16:00:00,0.67226,0.6728,0.67126,0.67234,12807.18
2023.02.27 17:00:00,0.67232,0.67432,0.67195,0.6729,15904.17
2023.02.27 18:00:00,0.67291,0.67332,0.6718,0.67275,8763.34
2023.02.27 19:00:00,0.67273,0.67359,0.6723,0.67344,6930.93
2023.02.27 20:00:00,0.67346,0.67416,0.67342,0.67414,3979.92
2023.02.27 21:00:00,0.67414,0.67442,0.67344,0.67348,3539.8
2023.02.27 22:00:00,0.67347,0.67389,0.67336,0.67386,3440.98
2023.02.27 23:00:00,0.67385,0.67397,0.67372,0.67372,1013.6
2023.02.28 00:00:00,0.67373,0.67373,0.67325,0.67343,447.17
2023.02.28 01:00:00,0.6734,0.67409,0.67327,0.67398,1737.01
2023.02.28 02:00:00,0.67398,0.67498,0.67381,0.67452,4676.02
2023.02.28 03:00:00,0.67452,0.67498,0.67414,0.67422,7328.01
2023.02.28 04:00:00,0.67424,0.67497,0.67369,0.67434,4394.8
2023.02.28 05:00:00,0.67435,0.67437,0.67348,0.67351,2918.16
2023.02.28 06:00:00,0.67353,0.67375,0.67255,0.67289,2552.04
2023.02.28 07:00:00,0.67289,0.67295,0.67187,0.67226,4203.78
2023.02.28 08:00:00,0.67225,0.67326,0.67192,0.67286,4108.81
2023.02.28 09:00:00,0.67286,0.67305,0.67112,0.67117,7955.36
2023.02.28 10:00:00,0.67117,0.67224,0.67032,0.67198,11264.12
2023.02.28 11:00:00,0.672,0.67265,0.67157,0.67197,7887.77
2023.02.28 12:00:00,0.67198,0.67327,0.67196,0.67303,7806.54
2023.02.28 13:00:00,0.67303,0.67341,0.67287,0.67297,5740.61
2023.02.28 14:00:00,0.67297,0.67356,0.67272,0.67347,5208.35
2023.02.28 15:00:00,0.67346,0.67426,0.67302,0.67415,8924.23
2023.02.28 16:00:00,0.67414,0.67439,0.67213,0.67396,13552.02
2023.02.28 17:00:00,0.67399,0.675,0.67298,0.67431,23802.47
2023.02.28 18:00:00,0.67432,0.67571,0.6741,0.67428,12848.81
2023.02.28 19:00:00,0.67428,0.67545,0.67413,0.67516,5146.75
2023.02.28 20:00:00,0.67515,0.67535,0.6741,0.67425,3695.15
2023.02.28 21:00:00,0.67427,0.67454,0.67334,0.67344,3624.67
2023.02.28 22:00:00,0.67344,0.67344,0.67248,0.67257,4148.08
2023.02.28 23:00:00,0.67255,0.67296,0.67237,0.6727,1977.28
2023.03.01 00:00:00,0.67262,0.67324,0.67191,0.67322,1014.11
2023.03.01 01:00:00,0.67324,0.67324,0.67274,0.67298,2131.35
2023.03.01 02:00:00,0.67298,0.67301,0.66945,0.66995,7293.19
2023.03.01 03:00:00,0.66992,0.67345,0.66974,0.67332,10673.59
2023.03.01 04:00:00,0.67333,0.67383,0.6729,0.67364,5564.7
2023.03.01 05:00:00,0.67362,0.6749,0.67353,0.67479,4604.73
2023.03.01 06:00:00,0.67479,0.67545,0.67434,0.67488,3644.81
2023.03.01 07:00:00,0.67489,0.67604,0.67473,0.67478,4207.42
2023.03.01 08:00:00,0.67478,0.6768,0.67467,0.67619,5850.75
2023.03.01 09:00:00,0.6762,0.67677,0.67522,0.67671,10826.75
2023.03.01 10:00:00,0.67672,0.67719,0.67516,0.67699,13552
2023.03.01 11:00:00,0.67699,0.67773,0.67572,0.67621,10357.71
2023.03.01 12:00:00,0.67622,0.67677,0.6756,0.67671,10764.37
2023.03.01 13:00:00,0.67672,0.67771,0.67614,0.67729,7615.39
2023.03.01 14:00:00,0.67729,0.67832,0.67693,0.67792,7835.41
2023.03.01 15:00:00,0.67791,0.67807,0.67532,0.67547,11821.75
2023.03.01 16:00:00,0.67547,0.67596,0.67474,0.67552,14930.85
2023.03.01 17:00:00,0.67556,0.67696,0.67244,0.67631,29972.76
2023.03.01 18:00:00,0.67632,0.67691,0.67513,0.67668,14902.38
2023.03.01 19:00:00,0.67668,0.6771,0.67587,0.67607,8703.45
2023.03.01 20:00:00,0.67607,0.67621,0.67484,0.67497,3847.72
2023.03.01 21:00:00,0.67498,0.67547,0.67448,0.67509,3795.06
2023.03.01 22:00:00,0.6751,0.67568,0.67496,0.67539,3366.24
2023.03.01 23:00:00,0.67538,0.67603,0.67527,0.6758,1694.62
2023.03.02 00:00:00,0.67575,0.67588,0.6752,0.67538,1128.02
2023.03.02 01:00:00,0.67539,0.6761,0.67538,0.67587,2185.87
2023.03.02 02:00:00,0.67588,0.67656,0.67476,0.67489,4484.76
2023.03.02 03:00:00,0.67485,0.67519,0.67274,0.67397,9541.46
2023.03.02 04:00:00,0.67399,0.6754,0.67372,0.67452,7209.99
2023.03.02 05:00:00,0.67453,0.67477,0.6738,0.67457,5434.53
2023.03.02 06:00:00,0.67457,0.6748,0.67413,0.67438,3091.96
2023.03.02 07:00:00,0.67436,0.67449,0.67307,0.67369,3603.62
2023.03.02 08:00:00,0.67368,0.67419,0.67302,0.67381,4129.09
2023.03.02 09:00:00,0.6738,0.67418,0.67269,0.673,8791.55
2023.03.02 10:00:00,0.67301,0.67476,0.67247,0.67434,12696.74
2023.03.02 11:00:00,0.67433,0.67468,0.67315,0.67355,10901.27
2023.03.02 12:00:00,0.67356,0.67372,0.67206,0.67206,9470.14
2023.03.02 13:00:00,0.67208,0.67336,0.67208,0.67333,7554.66
2023.03.02 14:00:00,0.67333,0.67413,0.67175,0.67206,7262
2023.03.02 15:00:00,0.67205,0.6728,0.6706,0.6708,15623.19
2023.03.02 16:00:00,0.67081,0.67341,0.67078,0.67293,17137.39
2023.03.02 17:00:00,0.67294,0.67383,0.6721,0.67273,17754.09
2023.03.02 18:00:00,0.67274,0.67339,0.67152,0.67183,9414.74
2023.03.02 19:00:00,0.67183,0.67193,0.67078,0.6712,5109.49
2023.03.02 20:00:00,0.67119,0.67239,0.6708,0.67225,5608.92
2023.03.02 21:00:00,0.67225,0.67338,0.67205,0.67262,7188.92
2023.03.02 22:00:00,0.67262,0.67378,0.67231,0.67319,6451.81
2023.03.02 23:00:00,0.67316,0.67319,0.67281,0.67284,1339.26
2023.03.03 00:00:00,0.67281,0.67319,0.67191,0.67262,803.7
2023.03.03 01:00:00,0.67262,0.67337,0.67262,0.67314,1555.95
2023.03.03 02:00:00,0.67313,0.67467,0.67281,0.67446,3186.93
2023.03.03 03:00:00,0.67448,0.6752,0.67368,0.67443,8713.48
2023.03.03 04:00:00,0.67443,0.67519,0.67374,0.67404,6147.45
2023.03.03 05:00:00,0.67404,0.67447,0.67364,0.67397,4370.09
2023.03.03 06:00:00,0.67396,0.67437,0.67395,0.67429,2818.57
2023.03.03 07:00:00,0.6743,0.67502,0.67423,0.67443,2872.85
2023.03.03 08:00:00,0.67443,0.67609,0.67434,0.67584,4285.97
2023.03.03 09:00:00,0.67584,0.67584,0.67485,0.67496,7790.88
2023.03.03 10:00:00,0.67496,0.67659,0.67495,0.67574,10100.41
2023.03.03 11:00:00,0.67571,0.6766,0.67551,0.67573,9792.63
2023.03.03 12:00:00,0.67574,0.67607,0.67514,0.67566,6738.84
2023.03.03 13:00:00,0.67565,0.67594,0.6753,0.67567,6709.16
2023.03.03 14:00:00,0.67567,0.67595,0.67449,0.67497,6078.03
2023.03.03 15:00:00,0.67497,0.67647,0.67462,0.67578,8918.57
2023.03.03 16:00:00,0.67579,0.67633,0.67462,0.67508,15094.67
2023.03.03 17:00:00,0.67502,0.67629,0.67315,0.67422,20330.37
2023.03.03 18:00:00,0.67423,0.67602,0.67386,0.67578,10169.95
2023.03.03 19:00:00,0.67575,0.6761,0.67526,0.67598,6986.36
2023.03.03 20:00:00,0.67596,0.67598,0.67542,0.67563,2689.09
2023.03.03 21:00:00,0.67562,0.67721,0.6755,0.67694,4043.59
2023.03.03 22:00:00,0.67695,0.67743,0.67682,0.67703,3194.07
2023.03.03 23:00:00,0.67702,0.67702,0.67664,0.67674,1216.36
2023.03.06 00:00:00,0.67448,0.67592,0.67436,0.67547,1360.93
2023.03.06 01:00:00,0.6755,0.6761,0.67513,0.67532,3935.11
2023.03.06 02:00:00,0.67533,0.67575,0.67504,0.67507,4937.36
2023.03.06 03:00:00,0.67509,0.67538,0.67409,0.67533,5200.56
2023.03.06 04:00:00,0.67534,0.6769,0.67468,0.67638,6561.57
2023.03.06 05:00:00,0.67639,0.67692,0.67596,0.67662,4890.85
2023.03.06 06:00:00,0.67661,0.67672,0.67543,0.67543,2890.5
2023.03.06 07:00:00,0.67543,0.67579,0.67499,0.67553,3309.17
2023.03.06 08:00:00,0.67553,0.67579,0.67468,0.67537,3965.38
2023.03.06 09:00:00,0.67537,0.67616,0.67506,0.67547,7084.86
2023.03.06 10:00:00,0.67546,0.67565,0.67349,0.67403,9214.09
2023.03.06 11:00:00,0.67402,0.67411,0.67304,0.6733,7821.44
2023.03.06 12:00:00,0.67329,0.67358,0.67249,0.67282,5311
2023.03.06 13:00:00,0.67282,0.67303,0.67158,0.67198,5816.06
2023.03.06 14:00:00,0.67196,0.67289,0.67181,0.67286,4698.28
2023.03.06 15:00:00,0.67285,0.67411,0.67256,0.67331,8882.49
2023.03.06 16:00:00,0.67332,0.67391,0.67302,0.67369,12257.38
2023.03.06 17:00:00,0.6737,0.67425,0.67283,0.67321,13250.99
2023.03.06 18:00:00,0.67321,0.67374,0.67272,0.67366,7506.22
2023.03.06 19:00:00,0.67365,0.67425,0.67303,0.67351,5092.18
2023.03.06 20:00:00,0.67349,0.67353,0.67204,0.67218,4740.47
2023.03.06 21:00:00,0.67219,0.67249,0.67195,0.67206,3316.51
2023.03.06 22:00:00,0.67207,0.67274,0.67207,0.67268,2202.12
2023.03.06 23:00:00,0.67267,0.67321,0.67257,0.6729,1309.46
2023.03.07 00:00:00,0.67289,0.67311,0.6723,0.67282,373.78
2023.03.07 01:00:00,0.67275,0.67319,0.67269,0.67306,1427.91
2023.03.07 02:00:00,0.67307,0.67332,0.67274,0.67288,3100.56
2023.03.07 03:00:00,0.67289,0.67381,0.67263,0.67364,4858.51
2023.03.07 04:00:00,0.67363,0.67476,0.6734,0.67429,5260.81
2023.03.07 05:00:00,0.67429,0.67435,0.66918,0.67144,10114.88
2023.03.07 06:00:00,0.67147,0.67196,0.67059,0.6713,5153.1
2023.03.07 07:00:00,0.67129,0.67132,0.67068,0.67103,2970.08
2023.03.07 08:00:00,0.67104,0.67134,0.66982,0.67021,4554.83
2023.03.07 09:00:00,0.6702,0.6718,0.6698,0.67059,8113.19
2023.03.07 10:00:00,0.6706,0.67092,0.66786,0.66833,11788.41
2023.03.07 11:00:00,0.66831,0.66927,0.66741,0.66749,9875.85
2023.03.07 12:00:00,0.6675,0.66776,0.66674,0.66723,6472.15
2023.03.07 13:00:00,0.6672,0.6678,0.66612,0.66624,6959.25
2023.03.07 14:00:00,0.66626,0.66672,0.6659,0.66664,6885.64
2023.03.07 15:00:00,0.66665,0.667,0.66578,0.66586,9451.45
2023.03.07 16:00:00,0.66586,0.66614,0.66458,0.66531,14947.38
2023.03.07 17:00:00,0.6653,0.6653,0.66019,0.66058,36160.47
2023.03.07 18:00:00,0.66059,0.66172,0.65936,0.65984,21903.88
2023.03.07 19:00:00,0.65985,0.66135,0.65914,0.65967,19161.16
2023.03.07 20:00:00,0.65967,0.66011,0.6585,0.65897,14117.61
2023.03.07 21:00:00,0.65895,0.65928,0.65806,0.65846,5681.48
2023.03.07 22:00:00,0.65848,0.65952,0.65848,0.65912,3922.84
2023.03.07 23:00:00,0.65911,0.65916,0.65793,0.65817,2366.55
2023.03.08 00:00:00,0.65816,0.65884,0.65802,0.65882,1136.13
2023.03.08 01:00:00,0.65883,0.659,0.65856,0.65884,2565.88
2023.03.08 02:00:00,0.65884,0.65901,0.65835,0.65885,3962.57
2023.03.08 03:00:00,0.65886,0.65953,0.65852,0.65879,5516.17
2023.03.08 04:00:00,0.65878,0.65909,0.65714,0.65747,5970.22
2023.03.08 05:00:00,0.65749,0.658,0.65674,0.65725,4944.89
2023.03.08 06:00:00,0.65725,0.6592,0.65725,0.65896,4974.37
2023.03.08 07:00:00,0.65896,0.65946,0.65831,0.65904,4824.13
2023.03.08 08:00:00,0.65904,0.65989,0.65892,0.6597,3360.8
2023.03.08 09:00:00,0.65969,0.66017,0.65933,0.65969,7980.21
2023.03.08 10:00:00,0.65969,0.66012,0.65923,0.65942,8244.65
2023.03.08 11:00:00,0.65941,0.66072,0.65929,0.66014,6992.89
2023.03.08 12:00:00,0.66015,0.66084,0.65976,0.66046,6399.75
2023.03.08 13:00:00,0.66047,0.66082,0.65964,0.65975,4598.19
2023.03.08 14:00:00,0.65974,0.66043,0.65957,0.65991,4574.01
2023.03.08 15:00:00,0.6599,0.66067,0.65904,0.65976,13564.14
2023.03.08 16:00:00,0.65976,0.66143,0.65975,0.66132,12797.97
2023.03.08 17:00:00,0.66132,0.66287,0.6597,0.66071,27352.09
2023.03.08 18:00:00,0.66073,0.6616,0.65987,0.66001,11790.87
2023.03.08 19:00:00,0.65999,0.66026,0.65898,0.65904,5700.02
2023.03.08 20:00:00,0.65903,0.65944,0.65815,0.65843,5227.83
2023.03.08 21:00:00,0.65842,0.65906,0.65835,0.65882,3597.79
2023.03.08 22:00:00,0.65882,0.65943,0.65849,0.65935,2813.83
2023.03.08 23:00:00,0.65934,0.65936,0.65858,0.65873,927.48
2023.03.09 00:00:00,0.65865,0.65906,0.65849,0.65883,492.02
2023.03.09 01:00:00,0.65878,0.65948,0.65877,0.65937,2539.46
2023.03.09 02:00:00,0.65935,0.65948,0.65858,0.65876,4044.84
2023.03.09 03:00:00,0.65879,0.65909,0.65755,0.65811,4776.06
2023.03.09 04:00:00,0.65812,0.6588,0.65794,0.65842,3262.82
2023.03.09 05:00:00,0.65841,0.65936,0.65827,0.65919,2250.39
2023.03.09 06:00:00,0.6592,0.661,0.65883,0.66097,2814.99
2023.03.09 07:00:00,0.66096,0.66178,0.66061,0.66075,3464.32
2023.03.09 08:00:00,0.66075,0.66169,0.66063,0.66126,2721.95
2023.03.09 09:00:00,0.66125,0.66162,0.66083,0.66112,5437.59
2023.03.09 10:00:00,0.66114,0.66217,0.66071,0.66136,8880.33
2023.03.09 11:00:00,0.66135,0.66187,0.66084,0.66094,6026.69
2023.03.09 12:00:00,0.66096,0.66152,0.66054,0.66132,5116.24
2023.03.09 13:00:00,0.66133,0.66217,0.6613,0.66174,5114.6
2023.03.09 14:00:00,0.66175,0.66185,0.661,0.66139,4689.85
2023.03.09 15:00:00,0.6614,0.66283,0.66071,0.66277,13860.23
2023.03.09 16:00:00,0.66276,0.66358,0.66164,0.66225,15847.04
2023.03.09 17:00:00,0.66224,0.66263,0.66126,0.6615,12699.97
2023.03.09 18:00:00,0.6615,0.66197,0.66095,0.66099,7502.46
2023.03.09 19:00:00,0.66098,0.66116,0.66036,0.6608,6264.87
2023.03.09 20:00:00,0.6608,0.66134,0.6598,0.66043,6578.08
2023.03.09 21:00:00,0.66043,0.66047,0.65864,0.65868,6435.97
2023.03.09 22:00:00,0.65868,0.65883,0.65762,0.65871,8264.52
2023.03.09 23:00:00,0.6587,0.65902,0.65853,0.65885,2319.32
2023.03.10 00:00:00,0.65881,0.65893,0.65862,0.65876,270.87
2023.03.10 01:00:00,0.65875,0.65918,0.65843,0.65884,5839.56
2023.03.10 02:00:00,0.65884,0.659,0.65809,0.65848,5563.96
2023.03.10 03:00:00,0.65847,0.65903,0.6573,0.6582,7040.44
2023.03.10 04:00:00,0.65819,0.65836,0.65633,0.65752,11659.39
2023.03.10 05:00:00,0.65752,0.65789,0.657,0.65787,5924.74
2023.03.10 06:00:00,0.65786,0.65983,0.6577,0.65979,5324.32
2023.03.10 07:00:00,0.65979,0.66002,0.65869,0.65875,6332.73
2023.03.10 08:00:00,0.65876,0.65912,0.65824,0.65859,3643.01
2023.03.10 09:00:00,0.65858,0.66012,0.65837,0.6597,9695.74
2023.03.10 10:00:00,0.65975,0.66022,0.65755,0.65761,13777.43
2023.03.10 11:00:00,0.65761,0.65928,0.65743,0.65858,9177.79
2023.03.10 12:00:00,0.65857,0.65925,0.65823,0.65841,7731.95
2023.03.10 13:00:00,0.6584,0.65961,0.65838,0.65895,6242.44
2023.03.10 14:00:00,0.65895,0.65966,0.6582,0.65906,8667.46
2023.03.10 15:00:00,0.65906,0.66327,0.6586,0.66091,26031.44
2023.03.10 16:00:00,0.66091,0.66258,0.6596,0.66198,38913.21
2023.03.10 17:00:00,0.66199,0.66399,0.66138,0.66295,31261.55
2023.03.10 18:00:00,0.66294,0.66307,0.66071,0.66088,20170.49
2023.03.10 19:00:00,0.66089,0.66215,0.66027,0.66154,12845.31
2023.03.10 20:00:00,0.66153,0.66194,0.65736,0.65766,10792.36
2023.03.10 21:00:00,0.65768,0.65885,0.65759,0.65838,14401.37
2023.03.10 22:00:00,0.6584,0.65884,0.6575,0.65758,13019.71
2023.03.10 23:00:00,0.65756,0.65833,0.65756,0.65781,1814.3
2023.03.12 23:00:00,0.66118,0.66118,0.65952,0.65996,989.4
2023.03.13 00:00:00,0.65996,0.66307,0.65969,0.6628,8659.41
2023.03.13 01:00:00,0.66281,0.66467,0.66238,0.66326,17771.03
2023.03.13 02:00:00,0.66325,0.66417,0.66095,0.66105,15714.95
2023.03.13 03:00:00,0.66103,0.66204,0.6601,0.66088,11669.15
2023.03.13 04:00:00,0.66091,0.66703,0.66076,0.66656,17370.44
2023.03.13 05:00:00,0.66656,0.66719,0.6658,0.66621,12872.05
2023.03.13 06:00:00,0.66622,0.66702,0.66606,0.66659,5508.09
2023.03.13 07:00:00,0.66659,0.6667,0.66592,0.6662,4255.23
2023.03.13 08:00:00,0.66622,0.66712,0.66564,0.66594,10029.31
2023.03.13 09:00:00,0.66596,0.66783,0.66542,0.66736,15116.12
2023.03.13 10:00:00,0.66736,0.66783,0.66555,0.66594,20858.79
2023.03.13 11:00:00,0.66593,0.66602,0.66173,0.66228,28080.61
2023.03.13 12:00:00,0.6623,0.66325,0.66121,0.66291,20759.46
2023.03.13 13:00:00,0.66292,0.66458,0.66287,0.66366,22186.84
2023.03.13 14:00:00,0.66366,0.66479,0.66264,0.66426,47168.79
2023.03.13 15:00:00,0.66425,0.66784,0.66339,0.66668,43503.84
2023.03.13 16:00:00,0.66668,0.66982,0.66557,0.66947,34414.25
2023.03.13 17:00:00,0.66947,0.67163,0.668,0.66842,22131.86
2023.03.13 18:00:00,0.66841,0.66867,0.66598,0.6668,17953.25
2023.03.13 19:00:00,0.66678,0.6681,0.66606,0.66738,12527.38
2023.03.13 20:00:00,0.6674,0.66797,0.66698,0.66746,10920.66
2023.03.13 21:00:00,0.66745,0.66761,0.66639,0.66666,10070.67
2023.03.13 22:00:00,0.66666,0.66673,0.66633,0.66658,2236.38
2023.03.13 23:00:00,0.66659,0.66692,0.66623,0.6666,520.49
2023.03.14 00:00:00,0.66647,0.66691,0.66614,0.66631,3218.91
2023.03.14 01:00:00,0.66631,0.66647,0.6654,0.66545,3518.61
2023.03.14 02:00:00,0.66548,0.66584,0.66476,0.66502,8000.22
2023.03.14 03:00:00,0.66502,0.66548,0.66419,0.66467,10011.64
2023.03.14 04:00:00,0.66468,0.66505,0.66312,0.66326,7869.58
2023.03.14 05:00:00,0.66328,0.6648,0.66325,0.66429,7598.49
2023.03.14 06:00:00,0.66429,0.66482,0.66363,0.66477,4333.97
2023.03.14 07:00:00,0.66475,0.66537,0.66458,0.66533,5175.42
2023.03.14 08:00:00,0.66534,0.66616,0.66501,0.66598,13661.73
2023.03.14 09:00:00,0.666,0.66699,0.66556,0.66694,16859.97
2023.03.14 10:00:00,0.66693,0.66716,0.66549,0.66609,19172.35
2023.03.14 11:00:00,0.6661,0.6661,0.66426,0.66459,15074.92
2023.03.14 12:00:00,0.66458,0.66563,0.66426,0.66532,10318.13
2023.03.14 13:00:00,0.6653,0.66704,0.66526,0.66653,8764.28
2023.03.14 14:00:00,0.66653,0.66913,0.6634,0.6687,35423.75
2023.03.14 15:00:00,0.6687,0.66954,0.66719,0.66818,30847.81
2023.03.14 16:00:00,0.66823,0.66837,0.66698,0.66708,18896.17
2023.03.14 17:00:00,0.6671,0.66847,0.66612,0.66614,12703.24
2023.03.14 18:00:00,0.66614,0.66693,0.66566,0.66679,10866.38
2023.03.14 19:00:00,0.66678,0.6675,0.66609,0.6672,11760.45
2023.03.14 20:00:00,0.66719,0.66925,0.66703,0.66853,12592.88
2023.03.14 21:00:00,0.66853,0.66883,0.66769,0.66844,9918.7
2023.03.14 22:00:00,0.66844,0.66855,0.6678,0.66806,1957.08
2023.03.14 23:00:00,0.66807,0.66845,0.66677,0.66794,670.3
2023.03.15 00:00:00,0.66795,0.66915,0.66765,0.66864,7711.43
2023.03.15 01:00:00,0.66864,0.6692,0.66855,0.66867,2527.92
2023.03.15 02:00:00,0.66868,0.66882,0.6676,0.66761,6910.12
2023.03.15 03:00:00,0.66762,0.66853,0.66745,0.66849,6394.26
2023.03.15 04:00:00,0.66849,0.67111,0.66827,0.67057,7893.27
2023.03.15 05:00:00,0.67057,0.67063,0.66927,0.66961,5250.51
2023.03.15 06:00:00,0.66959,0.66988,0.66878,0.66924,3233.57
2023.03.15 07:00:00,0.66925,0.66926,0.6679,0.66809,4139.39
2023.03.15 08:00:00,0.66809,0.66908,0.66757,0.66853,5154.48
2023.03.15 09:00:00,0.66853,0.66916,0.66692,0.66764,11708.39
2023.03.15 10:00:00,0.66763,0.6679,0.66679,0.66737,10682.98
2023.03.15 11:00:00,0.66736,0.66743,0.66513,0.66521,15291.58
2023.03.15 12:00:00,0.66521,0.66594,0.66359,0.66387,21048.75
2023.03.15 13:00:00,0.66388,0.66511,0.66334,0.66399,18440.79
2023.03.15 14:00:00,0.66399,0.66622,0.6632,0.66393,26743.66
2023.03.15 15:00:00,0.66392,0.66506,0.66227,0.66228,28038.63
2023.03.15 16:00:00,0.66233,0.66394,0.66066,0.66131,28646.49
2023.03.15 17:00:00,0.66135,0.66196,0.66001,0.66098,18877.18
2023.03.15 18:00:00,0.66096,0.66128,0.65894,0.65944,14112.88
2023.03.15 19:00:00,0.65942,0.66112,0.65941,0.66054,14182.42
2023.03.15 20:00:00,0.66053,0.6626,0.65971,0.66217,22100.59
2023.03.15 21:00:00,0.66219,0.66274,0.66117,0.6619,16137.68
2023.03.15 22:00:00,0.66188,0.66224,0.66161,0.66173,2882.4
2023.03.15 23:00:00,0.66166,0.66169,0.66073,0.66127,598.36
2023.03.16 00:00:00,0.66125,0.66229,0.66101,0.66142,4025.79
2023.03.16 01:00:00,0.66141,0.66226,0.66141,0.66169,4387.54
2023.03.16 02:00:00,0.66168,0.66413,0.66129,0.66368,14252.26
2023.03.16 03:00:00,0.66366,0.66423,0.66261,0.66325,13563.86
2023.03.16 04:00:00,0.66326,0.66364,0.66246,0.66256,9585.46
2023.03.16 05:00:00,0.66255,0.66291,0.66148,0.66287,7232.48
2023.03.16 06:00:00,0.66286,0.66364,0.66252,0.66364,4951.19
2023.03.16 07:00:00,0.66362,0.66457,0.66311,0.66398,5404.65
2023.03.16 08:00:00,0.66398,0.66463,0.66317,0.66451,5475.31
2023.03.16 09:00:00,0.66449,0.66601,0.66354,0.66583,14503.4
2023.03.16 10:00:00,0.66583,0.66617,0.66473,0.66529,16836.43
2023.03.16 11:00:00,0.66529,0.66546,0.66425,0.66443,11180.12
2023.03.16 12:00:00,0.66442,0.66475,0.66354,0.66475,7382.95
2023.03.16 13:00:00,0.66476,0.66534,0.66372,0.66481,9425.47
2023.03.16 14:00:00,0.66483,0.66558,0.66376,0.66448,19056.58
2023.03.16 15:00:00,0.66449,0.66551,0.66296,0.66484,34619.83
2023.03.16 16:00:00,0.66487,0.66636,0.66322,0.66611,26793.73
2023.03.16 17:00:00,0.66613,0.66677,0.66503,0.66509,22560.74
2023.03.16 18:00:00,0.66509,0.66555,0.66382,0.66522,14380.09
2023.03.16 19:00:00,0.66522,0.66566,0.66395,0.6642,9617.35
2023.03.16 20:00:00,0.66419,0.66512,0.66393,0.66486,7114.84
2023.03.16 21:00:00,0.66486,0.66593,0.66482,0.66563,7469
2023.03.16 22:00:00,0.66564,0.66599,0.66537,0.66542,3207.66
2023.03.16 23:00:00,0.66541,0.66576,0.66436,0.6653,1017.78
2023.03.17 00:00:00,0.66525,0.6657,0.66486,0.66551,2722.96
2023.03.17 01:00:00,0.66548,0.66655,0.66532,0.66628,2649.19
2023.03.17 02:00:00,0.66626,0.66645,0.66536,0.66619,5518.35
2023.03.17 03:00:00,0.66618,0.6691,0.66606,0.66819,9373.71
2023.03.17 04:00:00,0.66819,0.66988,0.66812,0.66961,5056.97
2023.03.17 05:00:00,0.66962,0.67094,0.66912,0.67053,5756.7
2023.03.17 06:00:00,0.67056,0.67151,0.67018,0.67143,3835.27
2023.03.17 07:00:00,0.67144,0.67152,0.67055,0.6708,3773.39
2023.03.17 08:00:00,0.67082,0.67139,0.67027,0.67135,5187.79
2023.03.17 09:00:00,0.67133,0.67242,0.67079,0.67112,11442.62
2023.03.17 10:00:00,0.67114,0.67162,0.67001,0.67005,12104.46
2023.03.17 11:00:00,0.67006,0.67121,0.66997,0.67038,7380.95
2023.03.17 12:00:00,0.6704,0.67082,0.66892,0.66937,6470.47
2023.03.17 13:00:00,0.66939,0.66987,0.66873,0.66936,7758.43
2023.03.17 14:00:00,0.66935,0.66971,0.66845,0.66892,11390.81
2023.03.17 15:00:00,0.66893,0.66976,0.66803,0.66879,12621.31
2023.03.17 16:00:00,0.66881,0.67038,0.66807,0.66881,20736.8
2023.03.17 17:00:00,0.66879,0.66915,0.6673,0.66819,12459.52
2023.03.17 18:00:00,0.6682,0.67009,0.66806,0.66945,10431.91
2023.03.17 19:00:00,0.66946,0.67083,0.66928,0.67067,8507.11
2023.03.17 20:00:00,0.67069,0.67138,0.6702,0.67113,7236.3
2023.03.17 21:00:00,0.67117,0.67126,0.6695,0.66956,6390.97
2023.03.17 22:00:00,0.66955,0.66994,0.66941,0.66949,2332.1
2023.03.19 23:00:00,0.6712,0.67154,0.66909,0.67141,715.68
2023.03.20 00:00:00,0.6714,0.67185,0.67029,0.67068,7963.36
2023.03.20 01:00:00,0.67068,0.67146,0.67054,0.67122,2841.96
2023.03.20 02:00:00,0.67122,0.67296,0.67122,0.67241,6461.4
2023.03.20 03:00:00,0.67241,0.67251,0.66914,0.66998,9535.83
2023.03.20 04:00:00,0.66999,0.67111,0.66998,0.67059,5758.4
2023.03.20 05:00:00,0.67058,0.67059,0.66892,0.66924,6827.58
2023.03.20 06:00:00,0.66924,0.66943,0.66797,0.66828,4539.73
2023.03.20 07:00:00,0.66827,0.6692,0.66815,0.66899,4085.91
2023.03.20 08:00:00,0.66897,0.66907,0.66725,0.66763,9048.9
2023.03.20 09:00:00,0.66762,0.66899,0.66681,0.66892,14041.68
2023.03.20 10:00:00,0.66893,0.66962,0.66693,0.66855,14721.01
2023.03.20 11:00:00,0.66855,0.66861,0.66653,0.66762,11188.75
2023.03.20 12:00:00,0.66763,0.66985,0.66728,0.66958,8232.84
2023.03.20 13:00:00,0.66957,0.66962,0.66877,0.66948,6460.76
2023.03.20 14:00:00,0.66946,0.67043,0.669,0.66999,8344.77
2023.03.20 15:00:00,0.66999,0.67226,0.66959,0.67189,11105.57
2023.03.20 16:00:00,0.6719,0.67259,0.67101,0.67186,9966.04
2023.03.20 17:00:00,0.67186,0.67198,0.67066,0.67098,8107.9
2023.03.20 18:00:00,0.67098,0.67189,0.67013,0.67181,6946.17
2023.03.20 19:00:00,0.6718,0.67258,0.67127,0.67152,5426.94
2023.03.20 20:00:00,0.67152,0.6719,0.67126,0.67151,3918.79
2023.03.20 21:00:00,0.67153,0.67208,0.67146,0.67179,2962.35
2023.03.20 22:00:00,0.6718,0.67195,0.6714,0.67147,1219.72
2023.03.20 23:00:00,0.67156,0.67171,0.67069,0.67154,661.64
2023.03.21 00:00:00,0.67154,0.67202,0.67145,0.67195,1271.85
2023.03.21 01:00:00,0.67194,0.6721,0.6709,0.67161,2087.37
2023.03.21 02:00:00,0.67161,0.67258,0.67012,0.67012,6990.42
2023.03.21 03:00:00,0.67012,0.67039,0.66895,0.66988,5740.46
2023.03.21 04:00:00,0.66989,0.67031,0.6695,0.6699,3385.1
2023.03.21 05:00:00,0.66988,0.66988,0.66902,0.66952,2239.2
2023.03.21 06:00:00,0.66952,0.66955,0.66852,0.66901,2282.79
2023.03.21 07:00:00,0.66903,0.66936,0.66866,0.66909,2538.9
2023.03.21 08:00:00,0.66906,0.66925,0.66759,0.66831,3887.25
2023.03.21 09:00:00,0.6683,0.66968,0.66802,0.66869,7081.51
2023.03.21 10:00:00,0.66868,0.66927,0.66747,0.66747,10259.97
2023.03.21 11:00:00,0.66747,0.6684,0.66723,0.66828,5519.65
2023.03.21 12:00:00,0.66827,0.66846,0.66709,0.66808,5782.01
2023.03.21 13:00:00,0.66808,0.66868,0.66772,0.66821,5526.74
2023.03.21 14:00:00,0.66821,0.66883,0.6677,0.66833,5786.31
2023.03.21 15:00:00,0.66833,0.66863,0.66743,0.66776,8711.63
2023.03.21 16:00:00,0.66778,0.66797,0.66511,0.66578,11452.29
2023.03.21 17:00:00,0.66582,0.66617,0.66491,0.66508,8308.88
2023.03.21 18:00:00,0.66507,0.66562,0.66498,0.66548,6404.29
2023.03.21 19:00:00,0.66548,0.66611,0.66536,0.66569,4234.75
2023.03.21 20:00:00,0.66567,0.6665,0.66555,0.66641,3283.19
2023.03.21 21:00:00,0.6664,0.66706,0.66635,0.66689,2580.92
2023.03.21 22:00:00,0.66689,0.66707,0.66658,0.66658,1472.16
2023.03.21 23:00:00,0.66658,0.6671,0.66611,0.66693,1265.27
2023.03.22 00:00:00,0.66693,0.66723,0.66689,0.66713,875.25
2023.03.22 01:00:00,0.66715,0.66784,0.66693,0.66778,1907.92
2023.03.22 02:00:00,0.66778,0.66783,0.66608,0.66753,3659.05
2023.03.22 03:00:00,0.66751,0.66897,0.66735,0.66855,5882.65
2023.03.22 04:00:00,0.66855,0.66878,0.66791,0.66812,4294.47
2023.03.22 05:00:00,0.66813,0.66928,0.66775,0.66906,2982.23
2023.03.22 06:00:00,0.66904,0.66955,0.66874,0.6693,2541.34
2023.03.22 07:00:00,0.66931,0.66991,0.6691,0.66951,3034.34
2023.03.22 08:00:00,0.66951,0.67,0.6691,0.66965,3745.54
2023.03.22 09:00:00,0.66964,0.67023,0.66909,0.66933,6920.36
2023.03.22 10:00:00,0.66931,0.6695,0.66854,0.66901,6658.83
2023.03.22 11:00:00,0.66901,0.66992,0.66877,0.6696,4891.02
2023.03.22 12:00:00,0.66961,0.6699,0.66914,0.66965,4484.88
2023.03.22 13:00:00,0.66964,0.66983,0.66831,0.66859,3613.01
2023.03.22 14:00:00,0.66859,0.66888,0.66781,0.66814,4954.53
2023.03.22 15:00:00,0.66815,0.66868,0.66706,0.66762,5326.05
2023.03.22 16:00:00,0.66762,0.66859,0.6669,0.6684,5767.5
2023.03.22 17:00:00,0.66839,0.66859,0.66737,0.66846,5805.21
2023.03.22 18:00:00,0.66846,0.66894,0.66731,0.6676,5039.93
2023.03.22 19:00:00,0.6676,0.66787,0.66701,0.66745,4102.11
2023.03.22 20:00:00,0.66744,0.67585,0.66741,0.6727,32788.11
2023.03.22 21:00:00,0.67267,0.67282,0.66846,0.66868,26042.51
2023.03.22 22:00:00,0.66867,0.66895,0.66782,0.66826,3616.88
2023.03.22 23:00:00,0.66811,0.66833,0.66746,0.66823,957.53
2023.03.23 00:00:00,0.66822,0.66966,0.66801,0.66892,2694.97
2023.03.23 01:00:00,0.66891,0.6699,0.66861,0.66967,2532.5
2023.03.23 02:00:00,0.66968,0.6713,0.66945,0.67124,6343.99
2023.03.23 03:00:00,0.67126,0.67177,0.67069,0.67135,5325.88
2023.03.23 04:00:00,0.67135,0.67345,0.67094,0.67287,5699.58
2023.03.23 05:00:00,0.67292,0.6734,0.67256,0.67295,4496.08
2023.03.23 06:00:00,0.67294,0.67419,0.67256,0.67411,2640.48
2023.03.23 07:00:00,0.67411,0.67456,0.67343,0.67345,4490.69
2023.03.23 08:00:00,0.67346,0.67441,0.67301,0.67359,4720.89
2023.03.23 09:00:00,0.67358,0.67551,0.67325,0.6736,8640.26
2023.03.23 10:00:00,0.6736,0.67391,0.67275,0.67329,7206.96
2023.03.23 11:00:00,0.67329,0.67353,0.67192,0.67262,6365.23
2023.03.23 12:00:00,0.67264,0.67267,0.67138,0.67162,5266.1
2023.03.23 13:00:00,0.67162,0.67222,0.67146,0.67205,4659.34
2023.03.23 14:00:00,0.67207,0.6725,0.66926,0.66945,9171.78
2023.03.23 15:00:00,0.66945,0.67135,0.66908,0.67127,7736.43
2023.03.23 16:00:00,0.67134,0.67228,0.67084,0.67176,9448.63
2023.03.23 17:00:00,0.67178,0.67247,0.67148,0.67181,7954.45
2023.03.23 18:00:00,0.6718,0.67242,0.67134,0.67154,6139.8
2023.03.23 19:00:00,0.67155,0.67157,0.6697,0.67034,6519.43
2023.03.23 20:00:00,0.67035,0.67058,0.66717,0.66784,8236.4
2023.03.23 21:00:00,0.66783,0.66942,0.66691,0.66843,13859.9
2023.03.23 22:00:00,0.66843,0.66868,0.66786,0.668,2737.03
2023.03.23 23:00:00,0.668,0.6688,0.66767,0.66869,1020.41
2023.03.24 00:00:00,0.66872,0.66873,0.6677,0.66809,1550.2
2023.03.24 01:00:00,0.66809,0.66822,0.66777,0.66805,1951.89
2023.03.24 02:00:00,0.66808,0.66814,0.66719,0.66797,4147.11
2023.03.24 03:00:00,0.66797,0.66818,0.66589,0.66718,8047.05
2023.03.24 04:00:00,0.6672,0.66782,0.66668,0.66676,5820.3
2023.03.24 05:00:00,0.66676,0.66838,0.66654,0.66821,2690.79
2023.03.24 06:00:00,0.6682,0.66866,0.66772,0.66865,3513.15
2023.03.24 07:00:00,0.66865,0.66891,0.66819,0.66862,3346.17
2023.03.24 08:00:00,0.66859,0.66912,0.66798,0.66862,4111.68
2023.03.24 09:00:00,0.66863,0.66939,0.66843,0.66878,5617.24
2023.03.24 10:00:00,0.66877,0.66881,0.666,0.66674,10235.62
2023.03.24 11:00:00,0.66674,0.66711,0.66406,0.66435,8693.94
2023.03.24 12:00:00,0.66434,0.6646,0.66343,0.66362,9369.02
2023.03.24 13:00:00,0.66363,0.66387,0.66246,0.66358,6512.7
2023.03.24 14:00:00,0.66358,0.66399,0.66265,0.66379,8940.57
2023.03.24 15:00:00,0.66378,0.66474,0.6629,0.66393,13964.12
2023.03.24 16:00:00,0.66393,0.66493,0.66375,0.66425,13225.39
2023.03.24 17:00:00,0.66425,0.66496,0.66322,0.66415,10589.53
2023.03.24 18:00:00,0.66415,0.66461,0.66369,0.66415,6561.58
2023.03.24 19:00:00,0.66414,0.66472,0.66387,0.66445,5165.54
2023.03.24 20:00:00,0.66446,0.66507,0.66392,0.66473,3128.77
2023.03.24 21:00:00,0.66471,0.66524,0.66439,0.66477,3338.79
2023.03.24 22:00:00,0.66475,0.66494,0.66409,0.66422,1670.23
2023.03.27 00:00:00,0.66506,0.66522,0.66357,0.66375,467.01
2023.03.27 01:00:00,0.66391,0.66551,0.66377,0.6651,2872.59
2023.03.27 02:00:00,0.66512,0.6658,0.6649,0.66542,2356.59
2023.03.27 03:00:00,0.66541,0.66551,0.66368,0.66424,4800.05
2023.03.27 04:00:00,0.66425,0.66506,0.6638,0.66446,5793.1
2023.03.27 05:00:00,0.66446,0.66504,0.66446,0.66494,3427.63
2023.03.27 06:00:00,0.66495,0.66615,0.66485,0.66569,3093.72
2023.03.27 07:00:00,0.66571,0.66602,0.66473,0.66495,2437.19
2023.03.27 08:00:00,0.66493,0.66541,0.6646,0.66508,2955.93
2023.03.27 09:00:00,0.66507,0.66646,0.66431,0.66635,5359.53
2023.03.27 10:00:00,0.66631,0.66653,0.66343,0.66399,8937.72
2023.03.27 11:00:00,0.66395,0.66521,0.66382,0.66479,5844.78
2023.03.27 12:00:00,0.66478,0.66523,0.66415,0.66419,5828.15
2023.03.27 13:00:00,0.66417,0.66486,0.66355,0.66366,5335.33
2023.03.27 14:00:00,0.66366,0.66529,0.66357,0.66491,4964.84
2023.03.27 15:00:00,0.6649,0.66515,0.66333,0.66349,6363.53
2023.03.27 16:00:00,0.66349,0.66561,0.66343,0.66514,8652.12
2023.03.27 17:00:00,0.66517,0.66536,0.66394,0.66407,9678.27
2023.03.27 18:00:00,0.66407,0.6644,0.66381,0.66413,4718.06
2023.03.27 19:00:00,0.66414,0.6649,0.66407,0.6643,4070.35
2023.03.27 20:00:00,0.66431,0.66464,0.66394,0.66429,3248.79
2023.03.27 21:00:00,0.66429,0.6648,0.66383,0.66478,2534.09
2023.03.27 22:00:00,0.66478,0.66499,0.66439,0.66487,2903.24
2023.03.27 23:00:00,0.66488,0.66503,0.6648,0.6649,1076.47
2023.03.28 00:00:00,0.66493,0.66501,0.66438,0.66473,780.9
2023.03.28 01:00:00,0.66471,0.66542,0.66471,0.66521,3623.31
2023.03.28 02:00:00,0.66524,0.66606,0.66515,0.66586,1666
2023.03.28 03:00:00,0.66585,0.66793,0.66539,0.66719,4303.79
2023.03.28 04:00:00,0.6672,0.66821,0.66707,0.66794,5547.88
2023.03.28 05:00:00,0.66793,0.66895,0.66762,0.66865,3926.64
2023.03.28 06:00:00,0.66863,0.66944,0.66861,0.6691,3140.33
2023.03.28 07:00:00,0.6691,0.66939,0.66866,0.66881,2414.53
2023.03.28 08:00:00,0.6688,0.66931,0.66844,0.66845,3063.88
2023.03.28 09:00:00,0.66844,0.66899,0.66831,0.66859,5065.29
2023.03.28 10:00:00,0.66861,0.66917,0.66799,0.66808,5778.78
2023.03.28 11:00:00,0.66807,0.66832,0.667,0.66713,4541.51
2023.03.28 12:00:00,0.66713,0.66752,0.66685,0.66724,3256.15
2023.03.28 13:00:00,0.66721,0.66775,0.66682,0.66744,3269.09
2023.03.28 14:00:00,0.66745,0.66831,0.66718,0.668,3030.09
2023.03.28 15:00:00,0.66799,0.66859,0.66729,0.66768,6355.64
2023.03.28 16:00:00,0.66768,0.66851,0.66734,0.6678,6842.03
2023.03.28 17:00:00,0.66784,0.6702,0.66745,0.66974,9213.82
2023.03.28 18:00:00,0.66977,0.67097,0.66964,0.6707,6350.07
2023.03.28 19:00:00,0.67072,0.67094,0.67029,0.67089,3474.94
2023.03.28 20:00:00,0.67089,0.67098,0.67002,0.67003,2511.26
2023.03.28 21:00:00,0.67,0.67034,0.6696,0.67019,2090.11
2023.03.28 22:00:00,0.6702,0.67076,0.67014,0.67054,1923.56
2023.03.28 23:00:00,0.67055,0.67078,0.67052,0.67072,1098.88
2023.03.29 00:00:00,0.67078,0.67078,0.67014,0.67048,638.16
2023.03.29 01:00:00,0.6705,0.67091,0.67033,0.67039,1152.7
2023.03.29 02:00:00,0.67037,0.6708,0.66997,0.67055,1836.6
2023.03.29 03:00:00,0.6706,0.67127,0.66867,0.66982,5213.57
2023.03.29 04:00:00,0.66983,0.67007,0.66915,0.6697,4248.11
2023.03.29 05:00:00,0.66968,0.67026,0.66931,0.67004,2261.19
2023.03.29 06:00:00,0.67005,0.6701,0.66936,0.66969,2284.98
2023.03.29 07:00:00,0.66969,0.67031,0.66931,0.67014,2127.63
2023.03.29 08:00:00,0.67016,0.67034,0.66859,0.66861,2307.9
2023.03.29 09:00:00,0.6686,0.6686,0.66728,0.6679,5246.6
2023.03.29 10:00:00,0.66791,0.66792,0.66701,0.66721,5986.19
2023.03.29 11:00:00,0.66723,0.66726,0.66609,0.66666,4821.04
2023.03.29 12:00:00,0.66665,0.66821,0.66643,0.66793,4783.31
2023.03.29 13:00:00,0.66795,0.66798,0.66726,0.66768,3825.87
2023.03.29 14:00:00,0.66768,0.66838,0.66734,0.66759,4827.84
2023.03.29 15:00:00,0.66759,0.66778,0.66684,0.66754,6473.45
2023.03.29 16:00:00,0.66754,0.66897,0.66644,0.66871,7222.74
2023.03.29 17:00:00,0.66874,0.67034,0.66802,0.66838,10877.97
2023.03.29 18:00:00,0.66836,0.66908,0.66773,0.66784,7027.01
2023.03.29 19:00:00,0.66783,0.66843,0.66773,0.66783,2804.78
2023.03.29 20:00:00,0.66783,0.66835,0.66761,0.66832,2839.35
2023.03.29 21:00:00,0.66832,0.66832,0.66764,0.66786,2552.17
2023.03.29 22:00:00,0.6679,0.66821,0.66746,0.66795,3860.16
2023.03.29 23:00:00,0.66796,0.66848,0.66777,0.66831,1232.89
2023.03.30 00:00:00,0.66829,0.66844,0.66798,0.66825,287.2
2023.03.30 01:00:00,0.66825,0.66867,0.66825,0.66849,1450.58
2023.03.30 02:00:00,0.66851,0.66864,0.66794,0.66811,1686.04
2023.03.30 03:00:00,0.66812,0.66816,0.66708,0.66741,4385.18
2023.03.30 04:00:00,0.66742,0.66747,0.66611,0.66711,4251.13
2023.03.30 05:00:00,0.66712,0.66783,0.66693,0.66707,3195.93
2023.03.30 06:00:00,0.66708,0.66829,0.66704,0.6679,2419.32
2023.03.30 07:00:00,0.6679,0.66872,0.66771,0.66855,1761.16
2023.03.30 08:00:00,0.66857,0.66998,0.66853,0.66995,3639.09
2023.03.30 09:00:00,0.66995,0.67107,0.66962,0.6707,7169.16
2023.03.30 10:00:00,0.67071,0.67148,0.67034,0.67119,7287.04
2023.03.30 11:00:00,0.67118,0.67179,0.67029,0.67103,5284.66
2023.03.30 12:00:00,0.67106,0.67116,0.66957,0.66965,3923.57
2023.03.30 13:00:00,0.66963,0.67001,0.66933,0.66959,3834.11
2023.03.30 14:00:00,0.6696,0.6699,0.66925,0.66969,2617.47
2023.03.30 15:00:00,0.66968,0.67035,0.66871,0.66972,6544.5
2023.03.30 16:00:00,0.6697,0.67099,0.66945,0.67063,8001.29
2023.03.30 17:00:00,0.67063,0.67082,0.66887,0.67048,10203.18
2023.03.30 18:00:00,0.67046,0.67071,0.66967,0.66997,5341.73
2023.03.30 19:00:00,0.66998,0.67071,0.66973,0.67057,4368.66
2023.03.30 20:00:00,0.67056,0.67062,0.66981,0.67,2472.31
2023.03.30 21:00:00,0.66999,0.67086,0.66964,0.67081,2088.48
2023.03.30 22:00:00,0.67081,0.67119,0.67058,0.67107,1941.67
2023.03.30 23:00:00,0.67107,0.67127,0.67093,0.67113,1942.14
2023.03.31 00:00:00,0.67113,0.67125,0.67043,0.67107,555.32
2023.03.31 01:00:00,0.67105,0.67105,0.67069,0.67069,1168.11
2023.03.31 02:00:00,0.67069,0.67182,0.67062,0.67147,1850.63
2023.03.31 03:00:00,0.67146,0.67253,0.67134,0.6719,4416.52
2023.03.31 04:00:00,0.67191,0.67375,0.67156,0.67232,5617.57
2023.03.31 05:00:00,0.67231,0.67279,0.67202,0.67233,3554.96
2023.03.31 06:00:00,0.67233,0.67235,0.67147,0.67186,2780.44
2023.03.31 07:00:00,0.67186,0.67209,0.67082,0.67104,2081.38
2023.03.31 08:00:00,0.67104,0.67162,0.67087,0.67139,2891.31
2023.03.31 09:00:00,0.67138,0.67153,0.67,0.67049,5408.94
2023.03.31 10:00:00,0.67051,0.67079,0.66736,0.66792,6838.34
2023.03.31 11:00:00,0.66792,0.66891,0.66698,0.66867,5851.75
2023.03.31 12:00:00,0.66867,0.66981,0.66832,0.66948,5570.59
2023.03.31 13:00:00,0.66949,0.66986,0.66891,0.66903,3309.45
2023.03.31 14:00:00,0.66903,0.66917,0.66847,0.66853,3735.11
2023.03.31 15:00:00,0.66855,0.67014,0.66821,0.66986,7970.63
2023.03.31 16:00:00,0.66987,0.67181,0.66964,0.67054,8430.6
2023.03.31 17:00:00,0.67061,0.67144,0.66765,0.66957,10796.99
2023.03.31 18:00:00,0.66957,0.67071,0.66922,0.67029,8022.79
2023.03.31 19:00:00,0.6703,0.6703,0.66943,0.66988,3405.37
2023.03.31 20:00:00,0.66989,0.66994,0.66779,0.66805,2481.71
2023.03.31 21:00:00,0.66805,0.66859,0.6678,0.66817,1919.72
2023.03.31 22:00:00,0.66818,0.66878,0.66807,0.66846,3018.22
2023.03.31 23:00:00,0.66846,0.6686,0.66793,0.66829,2023.8
2023.04.03 00:00:00,0.66829,0.6686,0.66759,0.66806,678.62
2023.04.03 01:00:00,0.66813,0.66837,0.66719,0.66791,3751.09
2023.04.03 02:00:00,0.66787,0.66791,0.66551,0.6658,3844.72
2023.04.03 03:00:00,0.66581,0.66687,0.66506,0.6666,6326.43
2023.04.03 04:00:00,0.6666,0.6682,0.6663,0.6678,8091.05
2023.04.03 05:00:00,0.66782,0.66802,0.66657,0.66665,6097.06
2023.04.03 06:00:00,0.66667,0.66706,0.66613,0.66624,4047.79
2023.04.03 07:00:00,0.66626,0.66688,0.66616,0.66657,2082.5
2023.04.03 08:00:00,0.66658,0.66687,0.66586,0.66629,3685.66
2023.04.03 09:00:00,0.66629,0.66785,0.66573,0.66784,5849.14
2023.04.03 10:00:00,0.66785,0.66964,0.66771,0.66952,6328.65
2023.04.03 11:00:00,0.66951,0.67003,0.6691,0.66984,4264.56
2023.04.03 12:00:00,0.66984,0.67135,0.66984,0.67118,5048.66
2023.04.03 13:00:00,0.67119,0.67265,0.67119,0.67257,5503.63
2023.04.03 14:00:00,0.67255,0.67622,0.67247,0.6762,7112.99
2023.04.03 15:00:00,0.67619,0.67664,0.67547,0.67621,9281.87
2023.04.03 16:00:00,0.67623,0.67759,0.67583,0.67658,9399.9
2023.04.03 17:00:00,0.67668,0.67871,0.67663,0.67811,16994.73
2023.04.03 18:00:00,0.67811,0.67862,0.67704,0.67821,8284.49
2023.04.03 19:00:00,0.67822,0.67895,0.67811,0.67855,4644.56
2023.04.03 20:00:00,0.67855,0.67855,0.67731,0.67784,4241.21
2023.04.03 21:00:00,0.67784,0.67853,0.67744,0.6785,4537.33
2023.04.03 22:00:00,0.67851,0.67895,0.67825,0.67887,2130.71
2023.04.03 23:00:00,0.67888,0.67897,0.67836,0.67843,1504.91
2023.04.04 00:00:00,0.67837,0.67837,0.6766,0.67816,533.39
2023.04.04 01:00:00,0.67818,0.67863,0.67816,0.67854,1396.41
2023.04.04 02:00:00,0.67853,0.67928,0.67853,0.67858,1620.31
2023.04.04 03:00:00,0.67859,0.67928,0.67849,0.67859,4119.41
2023.04.04 04:00:00,0.67859,0.67869,0.67766,0.67776,4176.95
2023.04.04 05:00:00,0.67772,0.67802,0.67728,0.67757,4232.53
2023.04.04 06:00:00,0.67757,0.67804,0.67741,0.67791,2107.35
2023.04.04 07:00:00,0.6779,0.6788,0.67578,0.6761,6521.06
2023.04.04 08:00:00,0.67611,0.67691,0.6757,0.67647,3035.83
2023.04.04 09:00:00,0.67647,0.67712,0.67527,0.67671,6330.15
2023.04.04 10:00:00,0.6767,0.67695,0.67415,0.67552,7905.34
2023.04.04 11:00:00,0.67551,0.67588,0.67344,0.6744,6380.26
2023.04.04 12:00:00,0.67439,0.67592,0.67416,0.67562,4877.11
2023.04.04 13:00:00,0.67562,0.67577,0.67467,0.67559,4296.19
2023.04.04 14:00:00,0.67558,0.67558,0.67449,0.6749,4220.68
2023.04.04 15:00:00,0.67489,0.67502,0.67203,0.67233,5651.81
2023.04.04 16:00:00,0.67233,0.67397,0.67209,0.67301,7220.49
2023.04.04 17:00:00,0.67302,0.6759,0.67302,0.67491,19575.44
2023.04.04 18:00:00,0.67491,0.67501,0.67341,0.67419,9634.61
2023.04.04 19:00:00,0.67416,0.67429,0.67331,0.6737,6005.79
2023.04.04 20:00:00,0.67371,0.67464,0.67354,0.67409,2629.89
2023.04.04 21:00:00,0.67406,0.67432,0.67374,0.67403,2215.38
2023.04.04 22:00:00,0.67403,0.67502,0.67386,0.67502,2295.53
2023.04.04 23:00:00,0.675,0.67529,0.67491,0.67499,1386.98
2023.04.05 00:00:00,0.67499,0.67524,0.67474,0.6751,291.89
2023.04.05 01:00:00,0.67512,0.67589,0.67511,0.67539,1268.1
2023.04.05 02:00:00,0.6754,0.67598,0.67533,0.67594,1589.28
2023.04.05 03:00:00,0.67594,0.6767,0.67559,0.6758,3596.02
2023.04.05 04:00:00,0.67582,0.6766,0.67526,0.67535,2645.74
2023.04.05 05:00:00,0.6755,0.67795,0.6755,0.67651,8132.53
2023.04.05 06:00:00,0.67651,0.67655,0.67496,0.67539,3152.35
2023.04.05 07:00:00,0.67541,0.67543,0.67422,0.67445,2951.04
2023.04.05 08:00:00,0.67445,0.67468,0.673,0.67353,3382.46
2023.04.05 09:00:00,0.67354,0.67377,0.67213,0.67217,6533.3
2023.04.05 10:00:00,0.67216,0.67329,0.6708,0.67103,8182.2
2023.04.05 11:00:00,0.67105,0.67117,0.66938,0.66975,6908.55
2023.04.05 12:00:00,0.66974,0.67021,0.66795,0.66889,6427.87
2023.04.05 13:00:00,0.66888,0.66896,0.66804,0.66859,4805.92
2023.04.05 14:00:00,0.66858,0.67002,0.66764,0.66967,4070.12
2023.04.05 15:00:00,0.6697,0.67166,0.6697,0.67096,9500.72
2023.04.05 16:00:00,0.67097,0.67156,0.67044,0.67086,8880.12
2023.04.05 17:00:00,0.67085,0.67292,0.66992,0.671,16140.21
2023.04.05 18:00:00,0.67101,0.67285,0.67091,0.67269,9567.88
2023.04.05 19:00:00,0.67268,0.6728,0.67054,0.67086,4696.23
2023.04.05 20:00:00,0.67086,0.67165,0.67033,0.67159,2715.16
2023.04.05 21:00:00,0.67161,0.67229,0.67152,0.67221,2242.2
2023.04.05 22:00:00,0.67221,0.67224,0.67173,0.67195,2262.18
2023.04.05 23:00:00,0.67194,0.67216,0.67166,0.67167,834.66
2023.04.06 00:00:00,0.67166,0.67211,0.67134,0.67201,589.13
2023.04.06 01:00:00,0.67203,0.6725,0.67202,0.67241,857.77
2023.04.06 02:00:00,0.67241,0.67242,0.67158,0.67158,1540.77
2023.04.06 03:00:00,0.67157,0.67194,0.67055,0.67067,3007.75
2023.04.06 04:00:00,0.67066,0.67076,0.66975,0.67022,4712.97
2023.04.06 05:00:00,0.67021,0.67037,0.66947,0.66985,2744.24
2023.04.06 06:00:00,0.66986,0.67027,0.66954,0.66995,2062.34
2023.04.06 07:00:00,0.66994,0.66997,0.66934,0.66954,1340.13
2023.04.06 08:00:00,0.66954,0.66955,0.66868,0.66933,2406.83
2023.04.06 09:00:00,0.66932,0.67082,0.66914,0.67048,5285.64
2023.04.06 10:00:00,0.6705,0.67089,0.66982,0.67075,6624.45
2023.04.06 11:00:00,0.67074,0.67081,0.66947,0.66986,5040.07
2023.04.06 12:00:00,0.66987,0.67023,0.66947,0.66968,3176.07
2023.04.06 13:00:00,0.66967,0.66967,0.66891,0.66923,2601.25
2023.04.06 14:00:00,0.66921,0.66938,0.66857,0.66938,3399.52
2023.04.06 15:00:00,0.66939,0.67016,0.66672,0.66698,9056.6
2023.04.06 16:00:00,0.66697,0.66702,0.66526,0.66555,7565.78
2023.04.06 17:00:00,0.66557,0.66674,0.66529,0.66659,8606.32
2023.04.06 18:00:00,0.66658,0.66729,0.66626,0.66726,4577.6
2023.04.06 19:00:00,0.66726,0.66826,0.66721,0.66778,2908.66
2023.04.06 20:00:00,0.66779,0.66821,0.66767,0.66786,1879.9
2023.04.06 21:00:00,0.66786,0.6682,0.6674,0.66792,1920.38
2023.04.06 22:00:00,0.66793,0.66795,0.66715,0.66715,2239.3
2023.04.06 23:00:00,0.66717,0.66719,0.66687,0.66701,1461.94
2023.04.07 00:00:00,0.66696,0.667,0.6667,0.667,186.48
2023.04.07 01:00:00,0.66702,0.66716,0.66696,0.667,1019.13
2023.04.07 02:00:00,0.66699,0.66746,0.66666,0.66739,752.37
2023.04.07 03:00:00,0.66738,0.66754,0.66714,0.66731,1598.6
2023.04.07 04:00:00,0.66731,0.66816,0.66724,0.66787,1253.25
2023.04.07 05:00:00,0.66785,0.6683,0.66771,0.66811,830.86
2023.04.07 06:00:00,0.66811,0.66822,0.66784,0.66806,594.38
2023.04.07 07:00:00,0.66808,0.66855,0.66805,0.66844,688.43
2023.04.07 08:00:00,0.66843,0.66907,0.66829,0.66848,1151.89
2023.04.07 09:00:00,0.66849,0.66877,0.66798,0.66808,1466.22
2023.04.07 10:00:00,0.66807,0.6685,0.66784,0.66809,1145.3
2023.04.07 11:00:00,0.66808,0.66808,0.66763,0.66781,799.5
2023.04.07 12:00:00,0.6678,0.66849,0.66759,0.66832,1493.49
2023.04.07 13:00:00,0.66831,0.66855,0.66804,0.66806,1144.12
2023.04.07 14:00:00,0.66806,0.6681,0.66737,0.66757,854.34
2023.04.07 15:00:00,0.66756,0.66774,0.66403,0.66727,8212.73
2023.04.07 16:00:00,0.66727,0.66775,0.66654,0.66673,3888.96
2023.04.07 17:00:00,0.66673,0.66702,0.66596,0.66642,2585.76
2023.04.07 18:00:00,0.66642,0.66669,0.66612,0.66645,1384.49
2023.04.07 19:00:00,0.66645,0.66717,0.66562,0.666,3334.66
2023.04.07 20:00:00,0.66605,0.66712,0.66571,0.66673,1619.26
2023.04.07 21:00:00,0.66672,0.66709,0.66576,0.66693,2106.28
2023.04.07 22:00:00,0.66671,0.66723,0.66505,0.66609,2662.3
2023.04.07 23:00:00,0.66599,0.66698,0.6651,0.66643,2587.73
2023.04.10 00:00:00,0.66491,0.66629,0.66491,0.66591,158.13
2023.04.10 01:00:00,0.66604,0.66718,0.66603,0.66699,1822.8
2023.04.10 02:00:00,0.667,0.66739,0.66679,0.66725,1409.79
2023.04.10 03:00:00,0.66726,0.66741,0.66586,0.66589,2786.3
2023.04.10 04:00:00,0.66587,0.66654,0.66563,0.66627,2319.17
2023.04.10 05:00:00,0.66626,0.66638,0.66585,0.66597,1710.66
2023.04.10 06:00:00,0.66597,0.66628,0.66584,0.66616,1172.26
2023.04.10 07:00:00,0.66616,0.66654,0.66594,0.66596,1819.85
2023.04.10 08:00:00,0.66595,0.66595,0.66521,0.66584,2843.79
2023.04.10 09:00:00,0.66583,0.66696,0.66548,0.66685,2585.85
2023.04.10 10:00:00,0.66683,0.66735,0.66645,0.667,3456.4
2023.04.10 11:00:00,0.66701,0.66722,0.66652,0.66681,2022.99
2023.04.10 12:00:00,0.66683,0.66797,0.66653,0.66752,2047.09
2023.04.10 13:00:00,0.66753,0.66768,0.66681,0.66685,2499.61
2023.04.10 14:00:00,0.66685,0.66723,0.66555,0.66578,3909.3
2023.04.10 15:00:00,0.66576,0.66589,0.66218,0.6623,7583.99
2023.04.10 16:00:00,0.66229,0.6628,0.66197,0.66227,7319.35
2023.04.10 17:00:00,0.66225,0.66272,0.66188,0.6625,4253.47
2023.04.10 18:00:00,0.6625,0.66323,0.66232,0.66244,3527.62
2023.04.10 19:00:00,0.66242,0.66345,0.66225,0.6633,2226.16
2023.04.10 20:00:00,0.66332,0.66404,0.66323,0.664,1775.69
2023.04.10 21:00:00,0.66402,0.66405,0.6636,0.66393,1443.6
2023.04.10 22:00:00,0.66393,0.66423,0.66362,0.66422,1954.31
2023.04.10 23:00:00,0.66422,0.66429,0.66394,0.66395,933.5
2023.04.11 00:00:00,0.66394,0.66395,0.66181,0.6639,480.89
2023.04.11 01:00:00,0.6639,0.66465,0.66383,0.66442,1901.41
2023.04.11 02:00:00,0.66445,0.66497,0.66433,0.66477,1238.84
2023.04.11 03:00:00,0.66476,0.66569,0.6646,0.66559,2372.42
2023.04.11 04:00:00,0.6656,0.66566,0.66428,0.66545,5090.04
2023.04.11 05:00:00,0.66542,0.66727,0.66537,0.66655,5493.68
2023.04.11 06:00:00,0.66656,0.66732,0.66646,0.66677,3051.35
2023.04.11 07:00:00,0.66677,0.66738,0.66657,0.66674,2383
2023.04.11 08:00:00,0.66674,0.66775,0.66666,0.6676,3261.84
2023.04.11 09:00:00,0.6676,0.66794,0.66673,0.66677,5911.28
2023.04.11 10:00:00,0.66677,0.6675,0.6662,0.66644,7298.73
2023.04.11 11:00:00,0.66644,0.6673,0.66626,0.66685,4547.5
2023.04.11 12:00:00,0.66683,0.66716,0.66556,0.66599,5040.09
2023.04.11 13:00:00,0.66597,0.66624,0.66502,0.66596,4052.39
2023.04.11 14:00:00,0.66595,0.66611,0.66501,0.66535,4578.53
2023.04.11 15:00:00,0.66535,0.66601,0.66526,0.66563,4569.9
2023.04.11 16:00:00,0.66562,0.66649,0.66483,0.6661,7012.65
2023.04.11 17:00:00,0.66611,0.66694,0.66507,0.66532,7363.21
2023.04.11 18:00:00,0.66531,0.6657,0.66459,0.66474,4736.08
2023.04.11 19:00:00,0.66476,0.665,0.6645,0.66461,2821.86
2023.04.11 20:00:00,0.66462,0.66531,0.66448,0.66521,1478.98
2023.04.11 21:00:00,0.66523,0.66534,0.66491,0.66507,1624.86
2023.04.11 22:00:00,0.66507,0.66567,0.66507,0.66524,1647.96
2023.04.11 23:00:00,0.66525,0.66545,0.66513,0.66524,797.34
2023.04.12 00:00:00,0.66514,0.66532,0.66468,0.66521,676.6
2023.04.12 01:00:00,0.6652,0.66539,0.66477,0.66528,991.96
2023.04.12 02:00:00,0.66528,0.66538,0.66492,0.66526,991.54
2023.04.12 03:00:00,0.66526,0.66604,0.66502,0.66564,2660.3
2023.04.12 04:00:00,0.66563,0.66629,0.66543,0.66625,3125.77
2023.04.12 05:00:00,0.66623,0.66644,0.6652,0.66549,3168.55
2023.04.12 06:00:00,0.66548,0.6665,0.66527,0.66645,2405.06
2023.04.12 07:00:00,0.66644,0.66764,0.66636,0.66739,2325.64
2023.04.12 08:00:00,0.6674,0.66751,0.6668,0.66698,1920.25
2023.04.12 09:00:00,0.66698,0.66698,0.6652,0.66535,4298.11
2023.04.12 10:00:00,0.66534,0.66632,0.66503,0.66615,4985.87
2023.04.12 11:00:00,0.66614,0.66634,0.66536,0.66584,4169.47
2023.04.12 12:00:00,0.66585,0.66684,0.66537,0.66683,3142.54
2023.04.12 13:00:00,0.66684,0.66779,0.6666,0.66706,3491.81
2023.04.12 14:00:00,0.66706,0.66742,0.66655,0.66728,3539.6
2023.04.12 15:00:00,0.66729,0.67228,0.66649,0.67055,16231.26
2023.04.12 16:00:00,0.67056,0.67151,0.66865,0.6697,14291.43
2023.04.12 17:00:00,0.66973,0.67078,0.66827,0.6688,13356.41
2023.04.12 18:00:00,0.6688,0.66904,0.66753,0.66863,7231.64
2023.04.12 19:00:00,0.66863,0.66991,0.66854,0.66975,3929.16
2023.04.12 20:00:00,0.66976,0.67008,0.66929,0.66929,3283.52
2023.04.12 21:00:00,0.66928,0.67042,0.6691,0.66977,5982.36
2023.04.12 22:00:00,0.66974,0.67002,0.6688,0.6692,3436.33
2023.04.12 23:00:00,0.66919,0.6694,0.66881,0.66881,1101.33
2023.04.13 00:00:00,0.66884,0.66951,0.66842,0.66906,591.58
2023.04.13 01:00:00,0.66916,0.66971,0.66901,0.66971,969.34
2023.04.13 02:00:00,0.6697,0.6699,0.66945,0.6696,1161.76
2023.04.13 03:00:00,0.6696,0.66973,0.66857,0.66909,3895.89
2023.04.13 04:00:00,0.66909,0.67204,0.66849,0.67156,6351.32
2023.04.13 05:00:00,0.67154,0.67186,0.67051,0.67124,3917.08
2023.04.13 06:00:00,0.67124,0.6715,0.67054,0.67091,2936.53
2023.04.13 07:00:00,0.67089,0.67122,0.67064,0.67102,1737.32
2023.04.13 08:00:00,0.67104,0.67111,0.66988,0.67009,2337.6
2023.04.13 09:00:00,0.67008,0.67194,0.6695,0.67125,4221.81
2023.04.13 10:00:00,0.67127,0.67281,0.67091,0.67232,7256.01
2023.04.13 11:00:00,0.67232,0.67354,0.67214,0.67228,6442.07
2023.04.13 12:00:00,0.67227,0.67317,0.67207,0.67289,4231.56
2023.04.13 13:00:00,0.6729,0.67336,0.67244,0.67292,3659.32
2023.04.13 14:00:00,0.67292,0.67426,0.6728,0.67356,4064.08
2023.04.13 15:00:00,0.67357,0.67621,0.67322,0.6756,11884.33
2023.04.13 16:00:00,0.67562,0.67719,0.67522,0.67672,12389.37
2023.04.13 17:00:00,0.67673,0.67709,0.67559,0.67667,9381.79
2023.04.13 18:00:00,0.67667,0.67791,0.67656,0.67773,5961.56
2023.04.13 19:00:00,0.67772,0.67866,0.6774,0.67857,3539.63
2023.04.13 20:00:00,0.67857,0.67963,0.67854,0.67918,4303.77
2023.04.13 21:00:00,0.67919,0.67942,0.67871,0.67888,2752.09
2023.04.13 22:00:00,0.67886,0.67886,0.67851,0.67856,1998
2023.04.13 23:00:00,0.67856,0.67887,0.67802,0.67808,1294.21
2023.04.14 00:00:00,0.67782,0.67832,0.67781,0.67823,406.89
2023.04.14 01:00:00,0.67821,0.67857,0.67815,0.67828,1013.69
2023.04.14 02:00:00,0.67826,0.67853,0.6781,0.67832,1450.96
2023.04.14 03:00:00,0.67833,0.67921,0.67783,0.67827,4290.49
2023.04.14 04:00:00,0.67826,0.67904,0.67823,0.67892,3501.04
2023.04.14 05:00:00,0.67891,0.67934,0.67805,0.67827,3694.92
2023.04.14 06:00:00,0.67826,0.67896,0.67789,0.67844,2344.95
2023.04.14 07:00:00,0.67845,0.67874,0.67755,0.67821,2442.85
2023.04.14 08:00:00,0.6782,0.67826,0.6775,0.67821,3247.18
2023.04.14 09:00:00,0.67822,0.67825,0.67699,0.67727,4900.04
2023.04.14 10:00:00,0.67727,0.67791,0.67668,0.67767,5042.28
2023.04.14 11:00:00,0.67769,0.67779,0.67624,0.67645,4989.99
2023.04.14 12:00:00,0.67645,0.67754,0.67643,0.67731,2888.78
2023.04.14 13:00:00,0.67729,0.67802,0.67722,0.67798,2718.27
2023.04.14 14:00:00,0.67797,0.67798,0.67674,0.67733,4226.78
2023.04.14 15:00:00,0.67735,0.68057,0.67518,0.67645,13940.28
2023.04.14 16:00:00,0.67643,0.67673,0.67553,0.67645,12679.86
2023.04.14 17:00:00,0.67637,0.67637,0.67127,0.6716,17342.91
2023.04.14 18:00:00,0.6716,0.67191,0.66952,0.67008,9447.37
2023.04.14 19:00:00,0.67008,0.67054,0.66947,0.66974,4961.82
2023.04.14 20:00:00,0.66974,0.6707,0.66969,0.66974,4490.01
2023.04.14 21:00:00,0.66974,0.6706,0.66974,0.67055,2009.31
2023.04.14 22:00:00,0.67057,0.67074,0.67007,0.67069,2290.99
2023.04.14 23:00:00,0.67068,0.671,0.6704,0.6704,1231.7
2023.04.17 00:00:00,0.67017,0.67065,0.66972,0.67032,437.27
2023.04.17 01:00:00,0.67034,0.67079,0.67031,0.67049,1189.05
2023.04.17 02:00:00,0.67047,0.67075,0.67024,0.67051,922.21
2023.04.17 03:00:00,0.67048,0.67128,0.66939,0.6694,2640.2
2023.04.17 04:00:00,0.66941,0.67088,0.669,0.67047,4606.2
2023.04.17 05:00:00,0.67047,0.67123,0.67039,0.67083,2710.1
2023.04.17 06:00:00,0.67083,0.67086,0.67046,0.67074,1871.34
2023.04.17 07:00:00,0.67073,0.67092,0.67049,0.67081,1747.67
2023.04.17 08:00:00,0.6708,0.67147,0.67067,0.67112,2338.15
2023.04.17 09:00:00,0.6711,0.67153,0.67085,0.67141,4235.13
2023.04.17 10:00:00,0.6714,0.67188,0.6703,0.6704,6179.46
2023.04.17 11:00:00,0.67039,0.67054,0.66915,0.66976,6388.86
2023.04.17 12:00:00,0.66975,0.67039,0.66951,0.67018,4468.63
2023.04.17 13:00:00,0.67018,0.6709,0.66991,0.67085,3225.52
2023.04.17 14:00:00,0.67085,0.67112,0.67051,0.67084,3732.94
2023.04.17 15:00:00,0.67083,0.67151,0.66912,0.66924,8034.68
2023.04.17 16:00:00,0.66924,0.67037,0.66861,0.66871,9927.74
2023.04.17 17:00:00,0.66872,0.66926,0.66805,0.66902,11264.25
2023.04.17 18:00:00,0.66901,0.66949,0.66868,0.66912,7124.24
2023.04.17 19:00:00,0.66913,0.66941,0.66887,0.66928,3597.73
2023.04.17 20:00:00,0.6693,0.66996,0.66926,0.66952,2200.98
2023.04.17 21:00:00,0.66951,0.67018,0.66921,0.67003,1808.02
2023.04.17 22:00:00,0.67003,0.67049,0.66996,0.67045,2188.89
2023.04.17 23:00:00,0.67044,0.67057,0.66991,0.66994,1158.87
2023.04.18 00:00:00,0.66994,0.67011,0.66936,0.6701,562.37
2023.04.18 01:00:00,0.6701,0.67028,0.66993,0.66996,552.68
2023.04.18 02:00:00,0.66996,0.67026,0.66978,0.66982,931.72
2023.04.18 03:00:00,0.66983,0.67025,0.6697,0.67002,2354.65
2023.04.18 04:00:00,0.67002,0.6713,0.66976,0.67089,4184.57
2023.04.18 05:00:00,0.67106,0.67205,0.67064,0.67179,5420.75
2023.04.18 06:00:00,0.67179,0.67245,0.6713,0.67133,2708.24
2023.04.18 07:00:00,0.67132,0.67179,0.67115,0.67164,1948.32
2023.04.18 08:00:00,0.67162,0.67344,0.67153,0.67337,2742.31
2023.04.18 09:00:00,0.67335,0.67369,0.67241,0.67312,6168.97
2023.04.18 10:00:00,0.67314,0.67355,0.67271,0.67295,7503.62
2023.04.18 11:00:00,0.67295,0.67398,0.67284,0.67363,5605.04
2023.04.18 12:00:00,0.67363,0.67442,0.67341,0.67381,5416.04
2023.04.18 13:00:00,0.67381,0.67437,0.67329,0.67405,4606.26
2023.04.18 14:00:00,0.67406,0.67426,0.67347,0.67375,5674.32
2023.04.18 15:00:00,0.67375,0.6747,0.67279,0.67287,6811.59
2023.04.18 16:00:00,0.67288,0.67352,0.67214,0.67263,8005.84
2023.04.18 17:00:00,0.67264,0.67365,0.67214,0.67337,9714.68
2023.04.18 18:00:00,0.67338,0.67342,0.67175,0.67175,5774.58
2023.04.18 19:00:00,0.67176,0.67296,0.67163,0.67294,3522.57
2023.04.18 20:00:00,0.67294,0.67299,0.67256,0.67268,2436.55
2023.04.18 21:00:00,0.67267,0.67297,0.67224,0.67266,2600.59
2023.04.18 22:00:00,0.67267,0.67294,0.6726,0.67278,2496.68
2023.04.18 23:00:00,0.67277,0.67287,0.67239,0.67239,1197.93
2023.04.19 00:00:00,0.67239,0.67277,0.67115,0.67266,876.56
2023.04.19 01:00:00,0.67264,0.67302,0.67261,0.67294,515.98
2023.04.19 02:00:00,0.67296,0.67374,0.67286,0.67351,1134.13
2023.04.19 03:00:00,0.67351,0.67396,0.67346,0.67369,2652.45
2023.04.19 04:00:00,0.67371,0.6741,0.67234,0.67249,3758.93
2023.04.19 05:00:00,0.67248,0.6728,0.67152,0.67274,3314.5
2023.04.19 06:00:00,0.67274,0.6731,0.6724,0.67303,1957.12
2023.04.19 07:00:00,0.67302,0.67332,0.67292,0.67305,1565.52
2023.04.19 08:00:00,0.67304,0.6732,0.67219,0.67248,2289.18
2023.04.19 09:00:00,0.67246,0.67297,0.67071,0.67159,8999.8
2023.04.19 10:00:00,0.67159,0.67268,0.67108,0.67162,8303.52
2023.04.19 11:00:00,0.67161,0.67162,0.67036,0.67055,7063.78
2023.04.19 12:00:00,0.67056,0.67089,0.66896,0.66975,6700.43
2023.04.19 13:00:00,0.66973,0.67031,0.66916,0.67004,4379.28
2023.04.19 14:00:00,0.67003,0.67062,0.66934,0.67048,5671.84
2023.04.19 15:00:00,0.67048,0.67211,0.67014,0.67181,7103.6
2023.04.19 16:00:00,0.67181,0.67261,0.67174,0.67195,7316.91
2023.04.19 17:00:00,0.67194,0.67349,0.67192,0.67199,7061.75
2023.04.19 18:00:00,0.67201,0.67249,0.6715,0.67159,3966.7
2023.04.19 19:00:00,0.67159,0.67236,0.67138,0.67223,2371.21
2023.04.19 20:00:00,0.67224,0.67237,0.67158,0.67165,2276.99
2023.04.19 21:00:00,0.67167,0.67211,0.67128,0.67149,1976.17
2023.04.19 22:00:00,0.67149,0.67163,0.67127,0.67145,1150.67
2023.04.19 23:00:00,0.67145,0.6715,0.67106,0.67106,761.8
2023.04.20 00:00:00,0.67104,0.67144,0.67078,0.67127,2285.99
2023.04.20 01:00:00,0.67133,0.67153,0.67043,0.67071,1689.54
2023.04.20 02:00:00,0.67073,0.67084,0.66998,0.67047,1861.28
2023.04.20 03:00:00,0.67047,0.6709,0.67034,0.67043,2696.6
2023.04.20 04:00:00,0.67041,0.67094,0.66965,0.67053,3816.24
2023.04.20 05:00:00,0.67056,0.67096,0.67012,0.67046,2645.8
2023.04.20 06:00:00,0.67046,0.67073,0.66982,0.6704,1892.75
2023.04.20 07:00:00,0.67043,0.6706,0.67001,0.67037,1409.25
2023.04.20 08:00:00,0.67037,0.67147,0.67033,0.67138,2175.01
2023.04.20 09:00:00,0.67139,0.67263,0.67134,0.67204,4206.93
2023.04.20 10:00:00,0.67204,0.67226,0.67066,0.67099,4485.72
2023.04.20 11:00:00,0.67098,0.67199,0.67073,0.67094,4943.34
2023.04.20 12:00:00,0.67093,0.67199,0.66985,0.67176,3416.62
2023.04.20 13:00:00,0.67178,0.67358,0.67168,0.67354,3088.02
2023.04.20 14:00:00,0.67352,0.67371,0.67198,0.672,3819.09
2023.04.20 15:00:00,0.672,0.67508,0.67111,0.67485,8136
2023.04.20 16:00:00,0.67484,0.67539,0.67415,0.67508,8172.57
2023.04.20 17:00:00,0.67507,0.6771,0.67505,0.67655,8891.67
2023.04.20 18:00:00,0.67656,0.6766,0.67513,0.67521,4411.09
2023.04.20 19:00:00,0.67523,0.6755,0.67482,0.67505,3100.87
2023.04.20 20:00:00,0.67506,0.67544,0.67481,0.67507,1300.88
2023.04.20 21:00:00,0.67507,0.67518,0.67364,0.67419,1879.79
2023.04.20 22:00:00,0.67418,0.67432,0.67325,0.67364,1808.18
2023.04.20 23:00:00,0.67364,0.6742,0.67359,0.67406,813.51
2023.04.21 00:00:00,0.67426,0.67451,0.67403,0.6741,919.41
2023.04.21 01:00:00,0.67415,0.67441,0.67409,0.67412,496.71
2023.04.21 02:00:00,0.67417,0.67451,0.67407,0.67425,913.55
2023.04.21 03:00:00,0.67424,0.67427,0.67346,0.67421,2286.11
2023.04.21 04:00:00,0.67421,0.67426,0.67195,0.67241,3057.57
2023.04.21 05:00:00,0.67243,0.67256,0.67185,0.67253,2404.88
2023.04.21 06:00:00,0.67252,0.67258,0.67147,0.67174,1388.25
2023.04.21 07:00:00,0.67175,0.67188,0.67116,0.67139,1424.98
2023.04.21 08:00:00,0.6714,0.67172,0.67056,0.67089,2259.8
2023.04.21 09:00:00,0.67088,0.67088,0.66848,0.66874,4795.17
2023.04.21 10:00:00,0.66874,0.6694,0.66773,0.66866,5180.28
2023.04.21 11:00:00,0.66867,0.66921,0.66829,0.66877,4573.24
2023.04.21 12:00:00,0.66876,0.66924,0.66862,0.66869,3011.82
2023.04.21 13:00:00,0.66869,0.66981,0.66847,0.66922,2898.29
2023.04.21 14:00:00,0.66922,0.66976,0.66876,0.66968,2732.03
2023.04.21 15:00:00,0.66969,0.67066,0.66942,0.6702,3862.33
2023.04.21 16:00:00,0.67019,0.67083,0.66839,0.66866,9638.29
2023.04.21 17:00:00,0.66865,0.67056,0.66785,0.66841,10406.82
2023.04.21 18:00:00,0.66842,0.6693,0.66837,0.66889,4747.12
2023.04.21 19:00:00,0.66891,0.66907,0.66832,0.66895,3197.63
2023.04.21 20:00:00,0.66894,0.66974,0.66871,0.66966,1938.88
2023.04.21 21:00:00,0.66969,0.67006,0.6683,0.66845,2071.73
2023.04.21 22:00:00,0.66844,0.66921,0.66824,0.6692,1642.71
2023.04.21 23:00:00,0.6692,0.66949,0.66887,0.66887,956.61
2023.04.24 00:00:00,0.6689,0.66969,0.6689,0.66931,183.96
2023.04.24 01:00:00,0.66932,0.66968,0.66887,0.66944,1084.59
2023.04.24 02:00:00,0.66945,0.66972,0.66906,0.66906,1018.26
2023.04.24 03:00:00,0.66906,0.6695,0.66817,0.66944,2623.3
2023.04.24 04:00:00,0.66945,0.6695,0.6682,0.66829,3302.82
2023.04.24 05:00:00,0.66828,0.66882,0.66795,0.66801,3621.48
2023.04.24 06:00:00,0.66801,0.6683,0.66771,0.66792,2289.37
2023.04.24 07:00:00,0.66791,0.66803,0.66715,0.6675,1775.69
2023.04.24 08:00:00,0.6675,0.66765,0.66695,0.66755,2563.98
2023.04.24 09:00:00,0.66755,0.66771,0.66651,0.66696,4132.21
2023.04.24 10:00:00,0.66695,0.6685,0.66671,0.66835,4635.48
2023.04.24 11:00:00,0.66837,0.66894,0.66774,0.66875,4671.22
2023.04.24 12:00:00,0.66878,0.66944,0.66802,0.66813,4122.69
2023.04.24 13:00:00,0.66811,0.66832,0.66773,0.66804,3123.09
2023.04.24 14:00:00,0.66806,0.66844,0.66786,0.66815,2172.25
2023.04.24 15:00:00,0.66816,0.66882,0.66772,0.66852,3334.83
2023.04.24 16:00:00,0.66853,0.66866,0.66735,0.66828,5005.99
2023.04.24 17:00:00,0.66826,0.66974,0.66801,0.66938,5730.49
2023.04.24 18:00:00,0.66937,0.66956,0.66777,0.66791,3664.51
2023.04.24 19:00:00,0.66791,0.6685,0.66779,0.66849,1522.17
2023.04.24 20:00:00,0.66849,0.66924,0.66845,0.66912,1470.52
2023.04.24 21:00:00,0.66911,0.66937,0.66885,0.66924,1127.89
2023.04.24 22:00:00,0.66923,0.66947,0.66909,0.66939,1253.88
2023.04.24 23:00:00,0.66938,0.66964,0.66933,0.66945,579.64
2023.04.25 00:00:00,0.66945,0.66945,0.66896,0.66925,1000.5
2023.04.25 01:00:00,0.66924,0.66995,0.66924,0.66988,455.68
2023.04.25 02:00:00,0.6699,0.67046,0.66978,0.6703,816.26
2023.04.25 03:00:00,0.67029,0.6705,0.66949,0.66951,1929.48
2023.04.25 04:00:00,0.6695,0.67041,0.669,0.669,3008.08
2023.04.25 05:00:00,0.66899,0.66905,0.66787,0.66812,2819.24
2023.04.25 06:00:00,0.66812,0.66838,0.66768,0.66786,1743.61
2023.04.25 07:00:00,0.66786,0.66793,0.66734,0.6678,1312.51
2023.04.25 08:00:00,0.6678,0.66809,0.66704,0.66779,2054.15
2023.04.25 09:00:00,0.66778,0.66873,0.66763,0.66773,4597.55
2023.04.25 10:00:00,0.66773,0.66844,0.66565,0.66587,6798.72
2023.04.25 11:00:00,0.66587,0.66659,0.66518,0.66651,4108.84
2023.04.25 12:00:00,0.66651,0.66701,0.66631,0.66658,2918.08
2023.04.25 13:00:00,0.66661,0.66699,0.66592,0.66606,2596.65
2023.04.25 14:00:00,0.66606,0.66617,0.66506,0.66522,3070.29
2023.04.25 15:00:00,0.66522,0.66594,0.66511,0.6653,3893.78
2023.04.25 16:00:00,0.6653,0.66551,0.66296,0.66319,5946.08
2023.04.25 17:00:00,0.66317,0.66385,0.66273,0.66323,7215.87
2023.04.25 18:00:00,0.66325,0.66344,0.6625,0.6625,3473.28
2023.04.25 19:00:00,0.6625,0.66266,0.66186,0.66233,2008.31
2023.04.25 20:00:00,0.66233,0.6626,0.66139,0.66172,2628.34
2023.04.25 21:00:00,0.66173,0.66201,0.66156,0.66177,2055.27
2023.04.25 22:00:00,0.66175,0.66238,0.66163,0.66209,1685.9
2023.04.25 23:00:00,0.66209,0.66265,0.66203,0.66247,1011.48
2023.04.26 00:00:00,0.66241,0.66273,0.66225,0.66267,1089.81
2023.04.26 01:00:00,0.66268,0.66378,0.66253,0.66357,1349.97
2023.04.26 02:00:00,0.66356,0.66377,0.66302,0.66356,1680.87
2023.04.26 03:00:00,0.66356,0.66388,0.66293,0.66328,3697.33
2023.04.26 04:00:00,0.66329,0.66357,0.66109,0.66258,6732.31
2023.04.26 05:00:00,0.66258,0.6626,0.66127,0.66193,3753.6
2023.04.26 06:00:00,0.66193,0.66199,0.66054,0.66059,2506.71
2023.04.26 07:00:00,0.66059,0.66125,0.66022,0.66107,2153.38
2023.04.26 08:00:00,0.66106,0.66144,0.66034,0.66071,2488.88
2023.04.26 09:00:00,0.66071,0.66166,0.66022,0.66138,3752.91
2023.04.26 10:00:00,0.66138,0.66178,0.6603,0.66099,5679.79
2023.04.26 11:00:00,0.66101,0.66116,0.66001,0.66045,4549.49
2023.04.26 12:00:00,0.66044,0.66063,0.65947,0.65978,4108.15
2023.04.26 13:00:00,0.65977,0.66116,0.65977,0.66022,3954.72
2023.04.26 14:00:00,0.66023,0.66144,0.65949,0.66018,7098.53
2023.04.26 15:00:00,0.6602,0.66089,0.65981,0.66036,6977.35
2023.04.26 16:00:00,0.66034,0.66179,0.66023,0.66152,9349.82
2023.04.26 17:00:00,0.6615,0.66151,0.6602,0.6607,7439.69
2023.04.26 18:00:00,0.66071,0.66189,0.66056,0.66148,4508.54
2023.04.26 19:00:00,0.66147,0.66151,0.66017,0.66073,2935.31
2023.04.26 20:00:00,0.66071,0.66093,0.6601,0.66016,2086.44
2023.04.26 21:00:00,0.66016,0.66017,0.6591,0.65919,2381.89
2023.04.26 22:00:00,0.65919,0.66001,0.65915,0.6596,2061.09
2023.04.26 23:00:00,0.65961,0.66037,0.65941,0.66003,941.88
2023.04.27 00:00:00,0.66002,0.66035,0.65959,0.66034,1428.02
2023.04.27 01:00:00,0.66034,0.66083,0.66018,0.66075,1205.4
2023.04.27 02:00:00,0.66075,0.6611,0.66065,0.66076,1323.38
2023.04.27 03:00:00,0.66076,0.66088,0.66001,0.66082,2896.97
2023.04.27 04:00:00,0.66081,0.66088,0.65996,0.66075,3433.32
2023.04.27 05:00:00,0.66074,0.66128,0.66033,0.66072,3123.46
2023.04.27 06:00:00,0.66073,0.66096,0.66047,0.66065,2426.7
2023.04.27 07:00:00,0.66066,0.66161,0.66062,0.66159,1998
2023.04.27 08:00:00,0.66158,0.6635,0.6614,0.66284,4462
2023.04.27 09:00:00,0.66282,0.66328,0.66214,0.66266,4719.88
2023.04.27 10:00:00,0.66266,0.66291,0.66142,0.66193,5364.08
2023.04.27 11:00:00,0.66193,0.66235,0.6614,0.66187,3692.41
2023.04.27 12:00:00,0.66184,0.66201,0.66059,0.66086,2881.19
2023.04.27 13:00:00,0.66085,0.66191,0.66078,0.66188,2769.1
2023.04.27 14:00:00,0.66189,0.6623,0.66165,0.6618,3065.74
2023.04.27 15:00:00,0.6618,0.66302,0.66028,0.66101,10987.16
2023.04.27 16:00:00,0.66102,0.66146,0.65949,0.66076,9632.03
2023.04.27 17:00:00,0.66076,0.66221,0.66063,0.66138,8817.46
2023.04.27 18:00:00,0.66139,0.6623,0.66109,0.6612,4766.44
2023.04.27 19:00:00,0.66121,0.66154,0.66107,0.6614,2037.77
2023.04.27 20:00:00,0.6614,0.66307,0.66136,0.66256,1750.6
2023.04.27 21:00:00,0.66255,0.66311,0.66225,0.66296,1432.37
2023.04.27 22:00:00,0.66298,0.66324,0.66278,0.66283,1603.37
2023.04.27 23:00:00,0.66282,0.6631,0.66274,0.66289,1163.78
2023.04.28 00:00:00,0.66286,0.66286,0.66151,0.66264,1270.16
2023.04.28 01:00:00,0.66266,0.66301,0.66252,0.66261,992.28
2023.04.28 02:00:00,0.6626,0.66313,0.6625,0.66296,1294.97
2023.04.28 03:00:00,0.66298,0.66357,0.66278,0.66344,2569.59
2023.04.28 04:00:00,0.66345,0.66418,0.66313,0.66374,4373.05
2023.04.28 05:00:00,0.66374,0.66374,0.66277,0.66291,2716.99
2023.04.28 06:00:00,0.66288,0.66334,0.66255,0.66283,3409.48
2023.04.28 07:00:00,0.66282,0.66301,0.66144,0.66147,4649.52
2023.04.28 08:00:00,0.66147,0.66196,0.66064,0.66099,3378.81
2023.04.28 09:00:00,0.66099,0.66138,0.66007,0.66033,6037.31
2023.04.28 10:00:00,0.66034,0.66037,0.65835,0.65948,5793.83
2023.04.28 11:00:00,0.65948,0.6597,0.65782,0.65823,5084.09
2023.04.28 12:00:00,0.65823,0.65858,0.65786,0.65805,3353.42
2023.04.28 13:00:00,0.65806,0.65929,0.6579,0.65828,3150.32
2023.04.28 14:00:00,0.65828,0.65873,0.658,0.65859,2784.77
2023.04.28 15:00:00,0.65858,0.65923,0.65728,0.65859,10569.14
2023.04.28 16:00:00,0.6586,0.65974,0.65814,0.65852,9356.61
2023.04.28 17:00:00,0.65854,0.66088,0.65815,0.66071,9274.49
2023.04.28 18:00:00,0.66071,0.66164,0.6601,0.66162,6226.1
2023.04.28 19:00:00,0.66161,0.66175,0.66112,0.66168,3166.18
2023.04.28 20:00:00,0.66167,0.66167,0.66118,0.66137,1906.58
2023.04.28 21:00:00,0.66136,0.66167,0.66088,0.66139,2005.3
2023.04.28 22:00:00,0.66139,0.66169,0.66113,0.66166,1866.75
2023.04.28 23:00:00,0.66166,0.66186,0.66112,0.66112,1648
2023.05.01 00:00:00,0.66118,0.66165,0.66084,0.66116,451.6
2023.05.01 01:00:00,0.66101,0.66141,0.66069,0.66137,1720.85
2023.05.01 02:00:00,0.66137,0.66154,0.66094,0.66095,1394.37
2023.05.01 03:00:00,0.66096,0.66202,0.66091,0.66171,2714.19
2023.05.01 04:00:00,0.66171,0.66231,0.66152,0.66183,2213.7
2023.05.01 05:00:00,0.66183,0.66217,0.66125,0.66213,1450.42
2023.05.01 06:00:00,0.66211,0.66358,0.66204,0.66345,3043.81
2023.05.01 07:00:00,0.66345,0.66398,0.66317,0.66345,2048.69
2023.05.01 08:00:00,0.66345,0.66411,0.66328,0.66395,1808.25
2023.05.01 09:00:00,0.66397,0.66411,0.66332,0.66376,3082.35
2023.05.01 10:00:00,0.66377,0.66443,0.66355,0.66381,3650.46
2023.05.01 11:00:00,0.6638,0.66394,0.66326,0.6635,2427.72
2023.05.01 12:00:00,0.66347,0.66399,0.66337,0.66371,2259.99
2023.05.01 13:00:00,0.66371,0.66412,0.66351,0.66405,2474.21
2023.05.01 14:00:00,0.66405,0.66422,0.66328,0.6635,2243.53
2023.05.01 15:00:00,0.66348,0.66606,0.66334,0.666,6328.46
2023.05.01 16:00:00,0.66603,0.66677,0.66566,0.66611,5898.64
2023.05.01 17:00:00,0.66606,0.66606,0.66439,0.66478,8114.27
2023.05.01 18:00:00,0.66476,0.66485,0.66304,0.66346,5340.08
2023.05.01 19:00:00,0.66345,0.66378,0.66307,0.66355,2073.09
2023.05.01 20:00:00,0.66355,0.66371,0.6631,0.66354,1897.26
2023.05.01 21:00:00,0.66352,0.66367,0.66266,0.66296,1655.19
2023.05.01 22:00:00,0.66297,0.66299,0.66241,0.66279,1669.89
2023.05.01 23:00:00,0.6628,0.66306,0.66278,0.66296,766.04
2023.05.02 00:00:00,0.6626,0.6629,0.66191,0.66266,1774.23
2023.05.02 01:00:00,0.66265,0.6631,0.66265,0.66278,550.87
2023.05.02 02:00:00,0.66278,0.66298,0.66217,0.66223,1271.93
2023.05.02 03:00:00,0.66222,0.6632,0.66201,0.66214,2464.93
2023.05.02 04:00:00,0.66217,0.66411,0.6621,0.66334,3615.15
2023.05.02 05:00:00,0.66335,0.66347,0.66289,0.66329,2314.64
2023.05.02 06:00:00,0.66328,0.66345,0.66278,0.66289,1842.92
2023.05.02 07:00:00,0.66289,0.66976,0.66251,0.66933,8255.16
2023.05.02 08:00:00,0.66933,0.67091,0.66933,0.67033,5111.31
2023.05.02 09:00:00,0.67032,0.67167,0.66939,0.67115,6207.88
2023.05.02 10:00:00,0.67114,0.67149,0.67,0.6701,6414.42
2023.05.02 11:00:00,0.6701,0.67015,0.66893,0.6694,6275.5
2023.05.02 12:00:00,0.66941,0.66995,0.66864,0.66872,4226.69
2023.05.02 13:00:00,0.66872,0.66906,0.66827,0.66856,2795.51
2023.05.02 14:00:00,0.66857,0.6704,0.66856,0.67007,3100.11
2023.05.02 15:00:00,0.67005,0.67006,0.66846,0.66846,4000.11
2023.05.02 16:00:00,0.66846,0.66893,0.66795,0.66803,5847.79
2023.05.02 17:00:00,0.66803,0.66928,0.66575,0.66608,15831.6
2023.05.02 18:00:00,0.6661,0.6669,0.66572,0.66684,5896.22
2023.05.02 19:00:00,0.66685,0.66704,0.66639,0.667,3081.89
2023.05.02 20:00:00,0.66701,0.66726,0.66661,0.66661,2112.04
2023.05.02 21:00:00,0.66663,0.66664,0.66605,0.66626,1834.46
2023.05.02 22:00:00,0.66625,0.66672,0.66624,0.66661,1826.85
2023.05.02 23:00:00,0.66662,0.66666,0.66612,0.66616,673.76
2023.05.03 00:00:00,0.66616,0.66631,0.66558,0.66616,733.28
2023.05.03 01:00:00,0.66612,0.66656,0.66575,0.66628,1368.18
2023.05.03 02:00:00,0.66628,0.66728,0.66614,0.66702,1350.6
2023.05.03 03:00:00,0.66701,0.66715,0.6655,0.66679,2588.21
2023.05.03 04:00:00,0.66679,0.66712,0.66629,0.66698,2901
2023.05.03 05:00:00,0.66698,0.66759,0.66673,0.66711,2116.01
2023.05.03 06:00:00,0.66711,0.66736,0.66641,0.66681,1597.43
2023.05.03 07:00:00,0.6668,0.66692,0.66631,0.66642,1371.98
2023.05.03 08:00:00,0.66643,0.66702,0.66607,0.66638,1619.81
2023.05.03 09:00:00,0.66636,0.6669,0.66608,0.66657,2971.79
2023.05.03 10:00:00,0.66654,0.66705,0.66564,0.66609,4472.91
2023.05.03 11:00:00,0.66609,0.66649,0.66548,0.66602,3838.49
2023.05.03 12:00:00,0.66598,0.66615,0.66535,0.66598,2852.84
2023.05.03 13:00:00,0.66597,0.66652,0.66554,0.66626,2455.22
2023.05.03 14:00:00,0.66628,0.66715,0.66603,0.66635,3127.52
2023.05.03 15:00:00,0.66637,0.66692,0.66488,0.6655,7741.85
2023.05.03 16:00:00,0.66551,0.66665,0.66526,0.6659,5648.79
2023.05.03 17:00:00,0.6659,0.66765,0.6658,0.66715,7924.08
2023.05.03 18:00:00,0.66712,0.66759,0.66691,0.66737,4020.78
2023.05.03 19:00:00,0.66735,0.66821,0.6673,0.66801,2040.79
2023.05.03 20:00:00,0.66802,0.66856,0.66761,0.66783,1935.98
2023.05.03 21:00:00,0.66785,0.67028,0.66662,0.66853,20365.62
2023.05.03 22:00:00,0.66855,0.66855,0.66622,0.6669,11516.1
2023.05.03 23:00:00,0.66687,0.66758,0.66677,0.6669,1761.58
2023.05.04 00:00:00,0.66665,0.66718,0.66617,0.66702,2063.65
2023.05.04 01:00:00,0.667,0.66719,0.66453,0.66468,4860.42
2023.05.04 02:00:00,0.66468,0.66468,0.664,0.66412,3497.22
2023.05.04 03:00:00,0.66415,0.66609,0.664,0.66497,4095.36
2023.05.04 04:00:00,0.66499,0.66739,0.66468,0.66725,5818.6
2023.05.04 05:00:00,0.66729,0.66935,0.66708,0.66906,3905.29
2023.05.04 06:00:00,0.6691,0.66927,0.66835,0.66865,3107.77
2023.05.04 07:00:00,0.66864,0.66966,0.66818,0.66918,2492.2
2023.05.04 08:00:00,0.66917,0.6699,0.66881,0.66909,3065.31
2023.05.04 09:00:00,0.66908,0.66912,0.66681,0.66752,5983.25
2023.05.04 10:00:00,0.66751,0.66774,0.6665,0.66727,6834.59
2023.05.04 11:00:00,0.66727,0.66733,0.66588,0.66594,4480.41
2023.05.04 12:00:00,0.66594,0.6676,0.66581,0.66728,3454.35
2023.05.04 13:00:00,0.66729,0.6682,0.66703,0.66725,3934.6
2023.05.04 14:00:00,0.66724,0.66821,0.66716,0.66785,3909.07
2023.05.04 15:00:00,0.66784,0.66805,0.66648,0.66666,11740.17
2023.05.04 16:00:00,0.66665,0.66765,0.66539,0.66721,11896.33
2023.05.04 17:00:00,0.6672,0.66763,0.6659,0.66693,12192.82
2023.05.04 18:00:00,0.66693,0.66796,0.66621,0.66753,6603.12
2023.05.04 19:00:00,0.66751,0.67004,0.66751,0.66994,4570.01
2023.05.04 20:00:00,0.66993,0.67059,0.66927,0.67041,3742.36
2023.05.04 21:00:00,0.67042,0.67045,0.66923,0.66956,3183.43
2023.05.04 22:00:00,0.66957,0.66977,0.669,0.66903,2388.57
2023.05.04 23:00:00,0.66904,0.66931,0.66897,0.66911,1362.38
2023.05.05 00:00:00,0.66909,0.66925,0.66909,0.66916,570.81
2023.05.05 01:00:00,0.66916,0.66988,0.66915,0.66983,900.08
2023.05.05 02:00:00,0.66982,0.67026,0.66948,0.66957,1173.44
2023.05.05 03:00:00,0.66957,0.67055,0.66944,0.67048,1995.26
2023.05.05 04:00:00,0.6705,0.67157,0.67036,0.67115,3906.32
2023.05.05 05:00:00,0.67116,0.67222,0.67054,0.67211,2841.61
2023.05.05 06:00:00,0.67211,0.67359,0.67207,0.67349,3030.29
2023.05.05 07:00:00,0.6735,0.67368,0.6731,0.67354,1591.44
2023.05.05 08:00:00,0.67354,0.67413,0.6733,0.67344,2820.9
2023.05.05 09:00:00,0.67342,0.67432,0.67303,0.67426,4315.22
2023.05.05 10:00:00,0.67426,0.67437,0.67301,0.6731,5372.42
2023.05.05 11:00:00,0.6731,0.67324,0.67234,0.67289,3115.65
2023.05.05 12:00:00,0.67287,0.67292,0.67224,0.67274,2740.05
2023.05.05 13:00:00,0.67272,0.67321,0.6726,0.67293,1962.1
2023.05.05 14:00:00,0.67293,0.67335,0.67207,0.67224,2579.43
2023.05.05 15:00:00,0.67227,0.67242,0.66875,0.67047,13190.95
2023.05.05 16:00:00,0.67049,0.67331,0.67039,0.67316,12703.04
2023.05.05 17:00:00,0.67318,0.67463,0.67261,0.67423,8568.78
2023.05.05 18:00:00,0.67424,0.67482,0.67411,0.67456,5653.92
2023.05.05 19:00:00,0.67457,0.67542,0.67442,0.67529,3046.02
2023.05.05 20:00:00,0.67529,0.67561,0.67459,0.67468,2198.03
2023.05.05 21:00:00,0.67467,0.67566,0.67464,0.67545,1852.46
2023.05.05 22:00:00,0.67544,0.67545,0.67479,0.67488,1012.64
2023.05.05 23:00:00,0.67489,0.67532,0.67456,0.67456,2225.29
2023.05.08 00:00:00,0.67433,0.67521,0.67433,0.67497,610.51
2023.05.08 01:00:00,0.67493,0.67549,0.67487,0.67512,1610.87
2023.05.08 02:00:00,0.67511,0.67546,0.67462,0.67464,1853.42
2023.05.08 03:00:00,0.67466,0.67531,0.67413,0.67437,2698.56
2023.05.08 04:00:00,0.67437,0.6754,0.67396,0.67509,3406.36
2023.05.08 05:00:00,0.67509,0.67642,0.67491,0.67626,2944.76
2023.05.08 06:00:00,0.67626,0.67698,0.67626,0.67689,2050.75
2023.05.08 07:00:00,0.67688,0.67746,0.67685,0.67731,1526.15
2023.05.08 08:00:00,0.6773,0.67772,0.67705,0.6774,1986.96
2023.05.08 09:00:00,0.6774,0.67878,0.67731,0.67855,2240.75
2023.05.08 10:00:00,0.67856,0.67891,0.67801,0.67818,3351.42
2023.05.08 11:00:00,0.67818,0.67901,0.67795,0.67845,3282.4
2023.05.08 12:00:00,0.67845,0.67885,0.6782,0.67871,2740.66
2023.05.08 13:00:00,0.6787,0.6794,0.6787,0.67934,1804.96
2023.05.08 14:00:00,0.67935,0.67962,0.67867,0.67877,2859.09
2023.05.08 15:00:00,0.67877,0.67962,0.67858,0.67942,3488.61
2023.05.08 16:00:00,0.67943,0.68032,0.6794,0.68001,4713.56
2023.05.08 17:00:00,0.68,0.68013,0.67898,0.67909,4938.9
2023.05.08 18:00:00,0.67908,0.67932,0.67864,0.67903,2835.47
2023.05.08 19:00:00,0.67906,0.67931,0.67876,0.67891,1458.64
2023.05.08 20:00:00,0.67893,0.67895,0.67856,0.67869,1099.64
2023.05.08 21:00:00,0.67868,0.67868,0.6776,0.67857,1862.33
2023.05.08 22:00:00,0.67858,0.67858,0.67792,0.678,1211.35
2023.05.08 23:00:00,0.67802,0.67825,0.67775,0.67776,546.44
2023.05.09 00:00:00,0.67766,0.67798,0.67749,0.6779,358.09
2023.05.09 01:00:00,0.67795,0.67822,0.6779,0.67802,1003.2
2023.05.09 02:00:00,0.67804,0.67824,0.67769,0.67801,1803.5
2023.05.09 03:00:00,0.67799,0.67812,0.67747,0.67747,3253.73
2023.05.09 04:00:00,0.67748,0.67817,0.67696,0.6775,2957.77
2023.05.09 05:00:00,0.67752,0.67829,0.67738,0.67792,2439.2
2023.05.09 06:00:00,0.67792,0.67844,0.67755,0.67839,1953.77
2023.05.09 07:00:00,0.67842,0.67864,0.678,0.67822,1610.93
2023.05.09 08:00:00,0.67823,0.67853,0.67766,0.67776,2514.43
2023.05.09 09:00:00,0.67776,0.67776,0.67676,0.67681,3679.14
2023.05.09 10:00:00,0.67682,0.67696,0.6757,0.67579,4320.63
2023.05.09 11:00:00,0.67581,0.67619,0.67554,0.67568,3295.36
2023.05.09 12:00:00,0.67565,0.67634,0.6755,0.67625,2129.58
2023.05.09 13:00:00,0.67625,0.67648,0.67611,0.67633,1416.49
2023.05.09 14:00:00,0.67635,0.67674,0.67556,0.67568,2740.5
2023.05.09 15:00:00,0.67568,0.6762,0.67508,0.67517,3245.73
2023.05.09 16:00:00,0.67516,0.67633,0.67463,0.67628,4696.69
2023.05.09 17:00:00,0.67629,0.67643,0.67461,0.67549,5330.61
2023.05.09 18:00:00,0.67551,0.67558,0.67477,0.675,2054.11
2023.05.09 19:00:00,0.67497,0.67575,0.67468,0.67529,1845.65
2023.05.09 20:00:00,0.67528,0.67619,0.67527,0.67614,1488.95
2023.05.09 21:00:00,0.67613,0.6766,0.67612,0.67634,1338.79
2023.05.09 22:00:00,0.67633,0.67641,0.67594,0.67603,1076.05
2023.05.09 23:00:00,0.67604,0.67628,0.67603,0.67606,519.77
2023.05.10 00:00:00,0.67606,0.67619,0.6756,0.67596,900.8
2023.05.10 01:00:00,0.67595,0.67641,0.67583,0.67622,1319.41
2023.05.10 02:00:00,0.67622,0.67666,0.6762,0.67661,1080.22
2023.05.10 03:00:00,0.67662,0.67701,0.67621,0.6763,2373.56
2023.05.10 04:00:00,0.67631,0.67687,0.67614,0.67636,3154.41
2023.05.10 05:00:00,0.67637,0.67663,0.67611,0.67643,2639.26
2023.05.10 06:00:00,0.67642,0.67691,0.67642,0.67681,1818.43
2023.05.10 07:00:00,0.67682,0.67682,0.67638,0.67661,1370.85
2023.05.10 08:00:00,0.67659,0.67681,0.67566,0.67633,2066.14
2023.05.10 09:00:00,0.67632,0.67669,0.67609,0.67663,3180.35
2023.05.10 10:00:00,0.67664,0.67736,0.67574,0.67582,3954.2
2023.05.10 11:00:00,0.6758,0.6758,0.67492,0.67519,3798.92
2023.05.10 12:00:00,0.67518,0.67575,0.67485,0.67552,2050.44
2023.05.10 13:00:00,0.67551,0.67581,0.67508,0.67526,1946.05
2023.05.10 14:00:00,0.67526,0.67527,0.67477,0.67509,2453.66
2023.05.10 15:00:00,0.67508,0.68176,0.67438,0.68141,13830.94
2023.05.10 16:00:00,0.6814,0.68171,0.67681,0.67778,12940.61
2023.05.10 17:00:00,0.67778,0.67843,0.67536,0.67589,9042.73
2023.05.10 18:00:00,0.67587,0.67656,0.67576,0.67612,4050.75
2023.05.10 19:00:00,0.6761,0.6767,0.67579,0.67639,2693.57
2023.05.10 20:00:00,0.67639,0.67657,0.67454,0.67547,3364.79
2023.05.10 21:00:00,0.67548,0.67744,0.67548,0.677,2525.17
2023.05.10 22:00:00,0.67699,0.67796,0.6769,0.67757,1975.42
2023.05.10 23:00:00,0.67756,0.67791,0.67755,0.67781,632
2023.05.11 00:00:00,0.67781,0.67781,0.67714,0.67753,560.67
2023.05.11 01:00:00,0.67756,0.67798,0.67756,0.67791,680.7
2023.05.11 02:00:00,0.67791,0.6783,0.67784,0.67805,1197.7
2023.05.11 03:00:00,0.67805,0.67906,0.67804,0.67881,2884.3
2023.05.11 04:00:00,0.67884,0.67958,0.67748,0.67767,4524.19
2023.05.11 05:00:00,0.67764,0.67783,0.67665,0.67715,3930.32
2023.05.11 06:00:00,0.67716,0.67771,0.67702,0.67714,1851.63
2023.05.11 07:00:00,0.67717,0.67795,0.67699,0.67756,1521.68
2023.05.11 08:00:00,0.67757,0.67795,0.67722,0.67749,2263.87
2023.05.11 09:00:00,0.67749,0.67752,0.6743,0.67435,5364.89
2023.05.11 10:00:00,0.67435,0.67457,0.67288,0.67348,6440.06
2023.05.11 11:00:00,0.67348,0.67365,0.67216,0.67334,5312.49
2023.05.11 12:00:00,0.67339,0.6741,0.67323,0.6738,3312.03
2023.05.11 13:00:00,0.6738,0.67421,0.67349,0.67368,2957.14
2023.05.11 14:00:00,0.67366,0.67408,0.67293,0.67327,6191.31
2023.05.11 15:00:00,0.67326,0.67529,0.67301,0.6733,9269.83
2023.05.11 16:00:00,0.67329,0.67329,0.66992,0.67009,9648.54
2023.05.11 17:00:00,0.67008,0.6707,0.6689,0.67014,8066.83
2023.05.11 18:00:00,0.67013,0.6702,0.66884,0.66922,4039.81
2023.05.11 19:00:00,0.66923,0.67012,0.66895,0.66983,2979.1
2023.05.11 20:00:00,0.66983,0.67006,0.66887,0.66916,2263.32
2023.05.11 21:00:00,0.66917,0.66997,0.66908,0.66995,1738.58
2023.05.11 22:00:00,0.66994,0.67013,0.6697,0.67011,1278.83
2023.05.11 23:00:00,0.6701,0.67023,0.6698,0.67003,727.7
2023.05.12 00:00:00,0.67001,0.67024,0.66987,0.67002,688.91
2023.05.12 01:00:00,0.67003,0.67035,0.66994,0.67006,800
2023.05.12 02:00:00,0.67005,0.67014,0.66979,0.6699,1250.58
2023.05.12 03:00:00,0.66989,0.67059,0.66989,0.67031,2295.06
2023.05.12 04:00:00,0.67032,0.67045,0.6696,0.66982,3731.21
2023.05.12 05:00:00,0.66983,0.66998,0.66939,0.66987,3088.16
2023.05.12 06:00:00,0.66988,0.66989,0.66849,0.66909,3173.85
2023.05.12 07:00:00,0.66908,0.66983,0.66899,0.66975,2125.12
2023.05.12 08:00:00,0.66975,0.67009,0.66917,0.66928,2362.82
2023.05.12 09:00:00,0.66927,0.66965,0.6687,0.66942,3755.09
2023.05.12 10:00:00,0.66943,0.67041,0.66846,0.66852,5529.37
2023.05.12 11:00:00,0.66852,0.66926,0.66825,0.66912,3520.61
2023.05.12 12:00:00,0.66913,0.66957,0.66836,0.66855,2849.18
2023.05.12 13:00:00,0.66855,0.66916,0.66829,0.66854,1963.98
2023.05.12 14:00:00,0.66852,0.6688,0.66798,0.66821,2303.63
2023.05.12 15:00:00,0.6682,0.6682,0.66728,0.66771,3954.34
2023.05.12 16:00:00,0.6677,0.6689,0.66763,0.66837,4569.18
2023.05.12 17:00:00,0.66837,0.66852,0.66477,0.66514,6876.5
2023.05.12 18:00:00,0.66513,0.6659,0.66412,0.6648,3541.64
2023.05.12 19:00:00,0.66479,0.66485,0.66396,0.66434,1971.75
2023.05.12 20:00:00,0.66435,0.66498,0.66414,0.6642,1864.2
2023.05.12 21:00:00,0.66417,0.66424,0.66357,0.66399,2064.13
2023.05.12 22:00:00,0.664,0.66464,0.66389,0.66463,1231.87
2023.05.12 23:00:00,0.66461,0.66464,0.66367,0.66392,1793.51
2023.05.15 00:00:00,0.66447,0.66472,0.66428,0.66464,316.61
2023.05.15 01:00:00,0.66462,0.66464,0.6641,0.66428,1903.41
2023.05.15 02:00:00,0.66427,0.66469,0.66413,0.66464,1762.64
2023.05.15 03:00:00,0.66464,0.6653,0.66416,0.66513,2802.49
2023.05.15 04:00:00,0.66513,0.6665,0.66493,0.66647,3796.72
2023.05.15 05:00:00,0.66645,0.66647,0.66541,0.66542,3084.31
2023.05.15 06:00:00,0.66541,0.66624,0.66536,0.6661,2034.23
2023.05.15 07:00:00,0.6661,0.66673,0.66584,0.66664,1806.14
2023.05.15 08:00:00,0.66664,0.6683,0.66662,0.66807,3175.83
2023.05.15 09:00:00,0.66806,0.66885,0.66731,0.66879,3345.88
2023.05.15 10:00:00,0.66878,0.66929,0.66796,0.66907,4173.97
2023.05.15 11:00:00,0.66905,0.66929,0.6681,0.66836,3094.66
2023.05.15 12:00:00,0.66836,0.66836,0.66774,0.66813,2961.9
2023.05.15 13:00:00,0.66812,0.66876,0.6677,0.66865,2199.93
2023.05.15 14:00:00,0.66867,0.66905,0.66841,0.66892,2498.5
2023.05.15 15:00:00,0.66893,0.66917,0.66838,0.66868,4100.62
2023.05.15 16:00:00,0.66866,0.66888,0.66801,0.66843,3535.85
2023.05.15 17:00:00,0.66842,0.66885,0.66753,0.6686,4280
2023.05.15 18:00:00,0.66861,0.6698,0.66855,0.66969,2495.92
2023.05.15 19:00:00,0.66973,0.67084,0.66958,0.67072,2264.18
2023.05.15 20:00:00,0.67072,0.67073,0.66981,0.67016,2289.82
2023.05.15 21:00:00,0.67016,0.67029,0.66981,0.66998,1235.42
2023.05.15 22:00:00,0.66999,0.67016,0.66986,0.67014,683.03
2023.05.15 23:00:00,0.67013,0.67028,0.66983,0.66986,887.55
2023.05.16 00:00:00,0.66959,0.66989,0.66861,0.66978,937.5
2023.05.16 01:00:00,0.66977,0.67035,0.66977,0.67025,881.07
2023.05.16 02:00:00,0.67024,0.67032,0.66998,0.67015,866.1
2023.05.16 03:00:00,0.67015,0.67092,0.67002,0.67061,1901.17
2023.05.16 04:00:00,0.6706,0.6707,0.66953,0.67018,2842.03
2023.05.16 05:00:00,0.67018,0.67023,0.66796,0.669,5005.86
2023.05.16 06:00:00,0.66901,0.66964,0.66872,0.66943,1600.04
2023.05.16 07:00:00,0.66942,0.66943,0.66887,0.66929,1935.73
2023.05.16 08:00:00,0.66927,0.66928,0.66717,0.6672,2768.31
2023.05.16 09:00:00,0.66722,0.66755,0.66646,0.66736,3677.35
2023.05.16 10:00:00,0.66737,0.66919,0.66725,0.66877,4180.42
2023.05.16 11:00:00,0.66878,0.66913,0.66839,0.66886,3318.67
2023.05.16 12:00:00,0.66888,0.66961,0.66864,0.6689,3272.25
2023.05.16 13:00:00,0.66886,0.66931,0.66822,0.66832,2271.1
2023.05.16 14:00:00,0.6683,0.66854,0.66696,0.6672,2419.52
2023.05.16 15:00:00,0.66721,0.66801,0.66648,0.66764,5780.8
2023.05.16 16:00:00,0.66765,0.66921,0.6669,0.66759,8084.92
2023.05.16 17:00:00,0.66763,0.66774,0.66602,0.6662,7024.95
2023.05.16 18:00:00,0.66621,0.66644,0.66509,0.66609,3983.02
2023.05.16 19:00:00,0.66611,0.66629,0.66523,0.66564,2595.28
2023.05.16 20:00:00,0.66565,0.66601,0.66542,0.66586,1569.03
2023.05.16 21:00:00,0.66587,0.666,0.66551,0.66585,1050.66
2023.05.16 22:00:00,0.66589,0.66601,0.66519,0.6653,826.35
2023.05.16 23:00:00,0.66529,0.66562,0.66521,0.66539,653.18
2023.05.17 00:00:00,0.66517,0.66559,0.66497,0.66554,481.96
2023.05.17 01:00:00,0.66555,0.66555,0.66523,0.66552,422.17
2023.05.17 02:00:00,0.66553,0.66582,0.6652,0.66573,1119.89
2023.05.17 03:00:00,0.66573,0.66606,0.66548,0.66578,3008.58
2023.05.17 04:00:00,0.6658,0.66607,0.6644,0.66557,4794.11
2023.05.17 05:00:00,0.66558,0.66703,0.66553,0.66679,3021.53
2023.05.17 06:00:00,0.6668,0.66685,0.66575,0.66593,2062.41
2023.05.17 07:00:00,0.66593,0.66599,0.66498,0.66514,1290.53
2023.05.17 08:00:00,0.66513,0.66513,0.66359,0.66386,2931.23
2023.05.17 09:00:00,0.66386,0.66439,0.66333,0.66405,3055.4
2023.05.17 10:00:00,0.66406,0.6652,0.66286,0.66292,4843.84
2023.05.17 11:00:00,0.66292,0.66466,0.66289,0.66383,3919.91
2023.05.17 12:00:00,0.66382,0.6652,0.6635,0.66501,3380.01
2023.05.17 13:00:00,0.66501,0.66542,0.66476,0.66506,2389.96
2023.05.17 14:00:00,0.66508,0.6664,0.66482,0.66565,2857.46
2023.05.17 15:00:00,0.66566,0.66609,0.66464,0.66568,4561.41
2023.05.17 16:00:00,0.66569,0.66694,0.66489,0.66492,6244.23
2023.05.17 17:00:00,0.66495,0.66595,0.66394,0.66412,6702.65
2023.05.17 18:00:00,0.66412,0.66577,0.66397,0.66499,4361.23
2023.05.17 19:00:00,0.66498,0.66694,0.66498,0.66674,2196.8
2023.05.17 20:00:00,0.66675,0.66728,0.6664,0.6671,2223
2023.05.17 21:00:00,0.66711,0.66711,0.66588,0.66592,1488.36
2023.05.17 22:00:00,0.66592,0.6664,0.66585,0.66622,1415.23
2023.05.17 23:00:00,0.66622,0.66622,0.66575,0.66588,780.32
2023.05.18 00:00:00,0.66585,0.66647,0.66575,0.66606,844.02
2023.05.18 01:00:00,0.66606,0.66616,0.66581,0.66592,774.4
2023.05.18 02:00:00,0.6659,0.6659,0.66542,0.66553,1153.39
2023.05.18 03:00:00,0.66556,0.66672,0.6655,0.66558,2342.72
2023.05.18 04:00:00,0.66558,0.66662,0.66292,0.66439,6970.19
2023.05.18 05:00:00,0.66439,0.66536,0.66399,0.66526,3777.57
2023.05.18 06:00:00,0.66526,0.66575,0.66469,0.66494,2314.3
2023.05.18 07:00:00,0.66495,0.6651,0.66432,0.66505,1761.49
2023.05.18 08:00:00,0.66507,0.66514,0.66419,0.66454,2730.26
2023.05.18 09:00:00,0.66453,0.66565,0.66347,0.66375,3398.31
2023.05.18 10:00:00,0.66374,0.6648,0.66325,0.66355,3759.74
2023.05.18 11:00:00,0.66358,0.66419,0.66293,0.66321,4415.29
2023.05.18 12:00:00,0.6632,0.66381,0.66302,0.66354,2824.35
2023.05.18 13:00:00,0.66354,0.66444,0.66349,0.66439,2144.88
2023.05.18 14:00:00,0.66439,0.66456,0.66353,0.66386,2054.6
2023.05.18 15:00:00,0.66388,0.66441,0.66198,0.66206,5761.07
2023.05.18 16:00:00,0.66204,0.66238,0.66055,0.66093,6273.39
2023.05.18 17:00:00,0.66094,0.66169,0.66047,0.66101,6158.03
2023.05.18 18:00:00,0.66103,0.66196,0.66045,0.66169,3486.35
2023.05.18 19:00:00,0.66167,0.66188,0.66066,0.66085,2796.14
2023.05.18 20:00:00,0.66084,0.66122,0.66065,0.66095,2090.15
2023.05.18 21:00:00,0.66096,0.6616,0.66078,0.66135,1407.1
2023.05.18 22:00:00,0.66138,0.66244,0.66138,0.66242,1691.12
2023.05.18 23:00:00,0.66242,0.66248,0.66204,0.66205,943.77
2023.05.19 00:00:00,0.66177,0.66226,0.66049,0.66203,1398.69
2023.05.19 01:00:00,0.66203,0.66297,0.66202,0.6628,1155.91
2023.05.19 02:00:00,0.6628,0.66297,0.66235,0.66266,1568.82
2023.05.19 03:00:00,0.66267,0.66354,0.66249,0.66296,3536.44
2023.05.19 04:00:00,0.66295,0.66339,0.66167,0.66205,4583.37
2023.05.19 05:00:00,0.66205,0.66399,0.66163,0.66379,3711.31
2023.05.19 06:00:00,0.66379,0.66409,0.6634,0.66368,2779.88
2023.05.19 07:00:00,0.66368,0.66375,0.66317,0.66332,1774.03
2023.05.19 08:00:00,0.6633,0.664,0.66317,0.66344,3076.53
2023.05.19 09:00:00,0.66342,0.66534,0.66294,0.6645,4124.86
2023.05.19 10:00:00,0.66449,0.66526,0.66443,0.66495,4329.82
2023.05.19 11:00:00,0.66497,0.66565,0.66422,0.66506,3895.39
2023.05.19 12:00:00,0.66508,0.66633,0.66489,0.66576,3554.55
2023.05.19 13:00:00,0.66575,0.66576,0.66471,0.66506,4013.27
2023.05.19 14:00:00,0.66504,0.66583,0.6646,0.6658,3451.38
2023.05.19 15:00:00,0.66581,0.6671,0.66563,0.66604,4606.97
2023.05.19 16:00:00,0.666,0.6663,0.66514,0.6659,6399.85
2023.05.19 17:00:00,0.66591,0.66618,0.66491,0.66563,6099.96
2023.05.19 18:00:00,0.66563,0.66748,0.66472,0.66595,11815.17
2023.05.19 19:00:00,0.66593,0.66703,0.66548,0.6666,3838.77
2023.05.19 20:00:00,0.6666,0.66682,0.66558,0.66561,2025.08
2023.05.19 21:00:00,0.6656,0.66568,0.66487,0.66514,2008.39
2023.05.19 22:00:00,0.66514,0.66515,0.66442,0.66502,1358.47
2023.05.19 23:00:00,0.66503,0.66517,0.66451,0.66455,2565.37
2023.05.22 00:00:00,0.66434,0.66485,0.66419,0.66468,1781.47
2023.05.22 01:00:00,0.66471,0.66536,0.66467,0.66485,1120.34
2023.05.22 02:00:00,0.66485,0.66584,0.66484,0.66583,1516.19
2023.05.22 03:00:00,0.66584,0.66643,0.66545,0.66627,3344.02
2023.05.22 04:00:00,0.66628,0.66672,0.66445,0.66524,6426.11
2023.05.22 05:00:00,0.66523,0.66574,0.66453,0.66508,3700
2023.05.22 06:00:00,0.66506,0.66538,0.66427,0.66495,2723.18
2023.05.22 07:00:00,0.66494,0.66542,0.66478,0.6649,1664.47
2023.05.22 08:00:00,0.66489,0.66512,0.66383,0.66386,2775.33
2023.05.22 09:00:00,0.66385,0.66409,0.66268,0.66337,4907.82
2023.05.22 10:00:00,0.66337,0.66394,0.66283,0.66333,5036.92
2023.05.22 11:00:00,0.66333,0.66409,0.66273,0.66402,4346.38
2023.05.22 12:00:00,0.66403,0.66485,0.66383,0.66428,2962.27
2023.05.22 13:00:00,0.66428,0.66514,0.66398,0.66411,3425.82
2023.05.22 14:00:00,0.66411,0.66426,0.66326,0.6641,3512.55
2023.05.22 15:00:00,0.6641,0.66464,0.66352,0.66405,4218.95
2023.05.22 16:00:00,0.66404,0.66473,0.66345,0.66397,4804.62
2023.05.22 17:00:00,0.66396,0.66516,0.66368,0.66418,6982.47
2023.05.22 18:00:00,0.66421,0.66461,0.66372,0.66428,3170.76
2023.05.22 19:00:00,0.66428,0.66479,0.66409,0.66474,2492.34
2023.05.22 20:00:00,0.66473,0.66519,0.66451,0.6649,2104.24
2023.05.22 21:00:00,0.66488,0.66552,0.66488,0.66517,1648.92
2023.05.22 22:00:00,0.66518,0.66523,0.66462,0.66481,1427.1
2023.05.22 23:00:00,0.6648,0.66517,0.66479,0.66515,975.7
2023.05.23 00:00:00,0.66501,0.66525,0.66432,0.66483,508.85
2023.05.23 01:00:00,0.66483,0.6652,0.66483,0.66489,653.25
2023.05.23 02:00:00,0.66486,0.66503,0.66477,0.66481,1093.47
2023.05.23 03:00:00,0.66481,0.66616,0.66481,0.66572,2745.34
2023.05.23 04:00:00,0.6657,0.66605,0.66489,0.66492,4869.04
2023.05.23 05:00:00,0.66492,0.66561,0.66404,0.6654,2771.77
2023.05.23 06:00:00,0.66539,0.66571,0.66464,0.66551,2119.06
2023.05.23 07:00:00,0.66548,0.6656,0.66499,0.66511,1673.63
2023.05.23 08:00:00,0.6651,0.66517,0.6642,0.66486,2378.53
2023.05.23 09:00:00,0.66486,0.66596,0.66436,0.66473,4458.27
2023.05.23 10:00:00,0.66471,0.66474,0.66256,0.66278,5893.29
2023.05.23 11:00:00,0.66275,0.66345,0.66203,0.66289,5017.96
2023.05.23 12:00:00,0.66287,0.66309,0.66185,0.66186,3008.72
2023.05.23 13:00:00,0.66184,0.66224,0.6613,0.66191,2771.15
2023.05.23 14:00:00,0.66192,0.66247,0.66154,0.66156,2939.28
2023.05.23 15:00:00,0.66155,0.66201,0.66099,0.66117,4759.55
2023.05.23 16:00:00,0.66117,0.66243,0.66113,0.66224,8903.9
2023.05.23 17:00:00,0.66228,0.66299,0.66158,0.66193,8778.45
2023.05.23 18:00:00,0.66193,0.66258,0.66146,0.66209,3201.27
2023.05.23 19:00:00,0.66209,0.66209,0.66124,0.66136,2327.03
2023.05.23 20:00:00,0.66137,0.66188,0.66121,0.66134,2340.34
2023.05.23 21:00:00,0.66133,0.66143,0.66072,0.66108,2163.09
2023.05.23 22:00:00,0.66108,0.6611,0.66069,0.66075,1676.68
2023.05.23 23:00:00,0.66079,0.66102,0.66067,0.66082,616.61
2023.05.24 00:00:00,0.6608,0.66109,0.66068,0.66098,693.04
2023.05.24 01:00:00,0.661,0.6613,0.66084,0.66121,688.54
2023.05.24 02:00:00,0.6612,0.66133,0.66094,0.66131,916.53
2023.05.24 03:00:00,0.66131,0.66139,0.66077,0.66109,1888.25
2023.05.24 04:00:00,0.66109,0.66148,0.66015,0.66103,4175.79
2023.05.24 05:00:00,0.66102,0.66102,0.65852,0.65969,7320.21
2023.05.24 06:00:00,0.65968,0.66081,0.65928,0.66012,2682.56
2023.05.24 07:00:00,0.6601,0.66036,0.65957,0.65959,1544.81
2023.05.24 08:00:00,0.65962,0.66015,0.65938,0.65955,2706.92
2023.05.24 09:00:00,0.65956,0.65995,0.6579,0.65824,5742.82
2023.05.24 10:00:00,0.65824,0.65828,0.65665,0.65699,5996.22
2023.05.24 11:00:00,0.657,0.65814,0.65679,0.65791,5255.75
2023.05.24 12:00:00,0.65791,0.65836,0.65726,0.65731,3584.77
2023.05.24 13:00:00,0.6573,0.65734,0.65603,0.65613,3515.48
2023.05.24 14:00:00,0.65612,0.65765,0.6561,0.65764,3155.5
2023.05.24 15:00:00,0.65765,0.65847,0.657,0.65716,5301.44
2023.05.24 16:00:00,0.65715,0.6575,0.6547,0.65479,6483.28
2023.05.24 17:00:00,0.65478,0.6549,0.6531,0.6537,7688.04
2023.05.24 18:00:00,0.65368,0.65477,0.65337,0.65393,4881.12
2023.05.24 19:00:00,0.65395,0.65414,0.65294,0.65368,4024.63
2023.05.24 20:00:00,0.65369,0.65427,0.65318,0.65403,2988.31
2023.05.24 21:00:00,0.65406,0.65452,0.65344,0.6535,3412.63
2023.05.24 22:00:00,0.6535,0.65448,0.65344,0.65384,3142.03
2023.05.24 23:00:00,0.65384,0.65439,0.65384,0.65421,1347.77
2023.05.25 00:00:00,0.65388,0.65466,0.65376,0.65445,1650.78
2023.05.25 01:00:00,0.65445,0.65456,0.65381,0.65439,1996.12
2023.05.25 02:00:00,0.65437,0.65452,0.65406,0.65427,1664.24
2023.05.25 03:00:00,0.65426,0.65436,0.65366,0.65406,2723.84
2023.05.25 04:00:00,0.65405,0.65439,0.65257,0.65319,5362.41
2023.05.25 05:00:00,0.65319,0.65357,0.65269,0.65292,3472.68
2023.05.25 06:00:00,0.65292,0.65322,0.65226,0.65275,2947.91
2023.05.25 07:00:00,0.65277,0.65286,0.65225,0.65257,1453.39
2023.05.25 08:00:00,0.65257,0.65285,0.65225,0.65265,2643.18
2023.05.25 09:00:00,0.65266,0.65421,0.65218,0.65342,4019.17
2023.05.25 10:00:00,0.65342,0.65356,0.65265,0.6531,4660.13
2023.05.25 11:00:00,0.65309,0.65349,0.65273,0.65302,4337.41
2023.05.25 12:00:00,0.65302,0.65346,0.65228,0.65274,3030.05
2023.05.25 13:00:00,0.65274,0.65329,0.65263,0.65263,1876.64
2023.05.25 14:00:00,0.65262,0.65277,0.65193,0.65277,2886.99
2023.05.25 15:00:00,0.65278,0.6535,0.65145,0.65174,9414.74
2023.05.25 16:00:00,0.65174,0.65238,0.65038,0.65047,8164.22
2023.05.25 17:00:00,0.65048,0.65126,0.65007,0.65092,8147.48
2023.05.25 18:00:00,0.65095,0.65149,0.65005,0.65037,4558.02
2023.05.25 19:00:00,0.65039,0.65048,0.64982,0.64985,2962.77
2023.05.25 20:00:00,0.64985,0.6513,0.6498,0.65129,2355.05
2023.05.25 21:00:00,0.65128,0.65164,0.6502,0.65033,2584.01
2023.05.25 22:00:00,0.65033,0.65066,0.65012,0.65036,1891.79
2023.05.25 23:00:00,0.65037,0.65052,0.65023,0.65037,719.26
2023.05.26 00:00:00,0.65042,0.65056,0.64989,0.65056,470.79
2023.05.26 01:00:00,0.65056,0.65063,0.65005,0.65041,1887.17
2023.05.26 02:00:00,0.65041,0.65055,0.64966,0.64978,1033.49
2023.05.26 03:00:00,0.64981,0.65012,0.649,0.64996,3010.92
2023.05.26 04:00:00,0.64996,0.65096,0.64969,0.6507,3837.15
2023.05.26 05:00:00,0.65069,0.65149,0.65061,0.65077,2099.22
2023.05.26 06:00:00,0.65076,0.65113,0.65044,0.65112,1653.19
2023.05.26 07:00:00,0.6511,0.65173,0.65092,0.65153,1461.49
2023.05.26 08:00:00,0.65153,0.65203,0.65126,0.6515,2186.51
2023.05.26 09:00:00,0.65149,0.6528,0.65111,0.6523,3783.45
2023.05.26 10:00:00,0.65229,0.65254,0.65153,0.65183,4558.47
2023.05.26 11:00:00,0.65183,0.65261,0.65169,0.6522,3769.68
2023.05.26 12:00:00,0.65218,0.65283,0.6518,0.6527,2783.39
2023.05.26 13:00:00,0.6527,0.65366,0.65258,0.65349,2384.58
2023.05.26 14:00:00,0.65347,0.65438,0.65345,0.65409,2825.61
2023.05.26 15:00:00,0.6541,0.65425,0.65196,0.65284,9104.72
2023.05.26 16:00:00,0.65285,0.6531,0.65101,0.65115,7241.43
2023.05.26 17:00:00,0.65117,0.65307,0.64984,0.65054,9215.06
2023.05.26 18:00:00,0.65054,0.65104,0.64975,0.65092,4766.32
2023.05.26 19:00:00,0.65092,0.65166,0.6509,0.65139,2506.56
2023.05.26 20:00:00,0.65138,0.65161,0.65089,0.65121,2192.65
2023.05.26 21:00:00,0.65123,0.65202,0.65118,0.65191,1359.38
2023.05.26 22:00:00,0.65191,0.65203,0.65162,0.65185,1156.19
2023.05.26 23:00:00,0.65183,0.65195,0.65132,0.65142,2279.41
2023.05.29 00:00:00,0.65213,0.65239,0.65156,0.652,447.82
2023.05.29 01:00:00,0.65202,0.6525,0.65195,0.65231,1439.11
2023.05.29 02:00:00,0.65232,0.65281,0.65214,0.65244,1251.94
2023.05.29 03:00:00,0.65242,0.65301,0.65229,0.65283,1707.16
2023.05.29 04:00:00,0.65281,0.65439,0.65255,0.65361,3637.01
2023.05.29 05:00:00,0.65359,0.65435,0.65339,0.65342,2210.98
2023.05.29 06:00:00,0.6534,0.65357,0.65263,0.65285,1263.45
2023.05.29 07:00:00,0.65286,0.65399,0.65277,0.65389,942.24
2023.05.29 08:00:00,0.65392,0.65476,0.65368,0.65442,2002.98
2023.05.29 09:00:00,0.65442,0.65537,0.65436,0.65467,2676.34
2023.05.29 10:00:00,0.65467,0.65467,0.65304,0.65334,2940.01
2023.05.29 11:00:00,0.65333,0.65433,0.65282,0.65429,2456.21
2023.05.29 12:00:00,0.65427,0.65445,0.65386,0.65386,1792.2
2023.05.29 13:00:00,0.65385,0.65411,0.65347,0.65411,1247.27
2023.05.29 14:00:00,0.65409,0.65462,0.65384,0.65388,1135.34
2023.05.29 15:00:00,0.65388,0.65412,0.6536,0.65411,1257.25
2023.05.29 16:00:00,0.65412,0.65422,0.65343,0.6535,1260.02
2023.05.29 17:00:00,0.65349,0.65417,0.65346,0.65394,913.69
2023.05.29 18:00:00,0.65395,0.65419,0.65367,0.65406,859.46
2023.05.29 19:00:00,0.65403,0.65405,0.65377,0.65381,573.11
2023.05.29 20:00:00,0.65382,0.65398,0.65381,0.65384,175.94
2023.05.29 21:00:00,0.65387,0.65387,0.6538,0.65385,220.43
2023.05.29 22:00:00,0.65385,0.65394,0.65379,0.65383,127.27
2023.05.29 23:00:00,0.65386,0.654,0.65362,0.65363,411.59
2023.05.30 00:00:00,0.65362,0.65384,0.65332,0.65373,399.99
2023.05.30 01:00:00,0.65373,0.65427,0.6536,0.65388,898.32
2023.05.30 02:00:00,0.65387,0.65388,0.65275,0.65275,1215.07
2023.05.30 03:00:00,0.65274,0.65423,0.65265,0.65397,3436.79
2023.05.30 04:00:00,0.65398,0.65591,0.65398,0.65502,4719.09
2023.05.30 05:00:00,0.65502,0.65536,0.65375,0.65384,2292.5
2023.05.30 06:00:00,0.65385,0.6539,0.65101,0.65128,4042.67
2023.05.30 07:00:00,0.65127,0.65182,0.65095,0.65167,2292.28
2023.05.30 08:00:00,0.65168,0.65191,0.65025,0.65064,3077.34
2023.05.30 09:00:00,0.65062,0.65248,0.65062,0.65237,5823.68
2023.05.30 10:00:00,0.65237,0.65313,0.65193,0.65309,5849.82
2023.05.30 11:00:00,0.65308,0.65425,0.65307,0.65418,3802.08
2023.05.30 12:00:00,0.65419,0.65486,0.6536,0.65443,5451.56
2023.05.30 13:00:00,0.65443,0.65492,0.65374,0.65412,4208.59
2023.05.30 14:00:00,0.65413,0.65523,0.6537,0.6552,4348.23
2023.05.30 15:00:00,0.65522,0.65543,0.65335,0.65347,4771.04
2023.05.30 16:00:00,0.65348,0.65379,0.65196,0.65196,6154.64
2023.05.30 17:00:00,0.65199,0.65301,0.65128,0.65157,7300.44
2023.05.30 18:00:00,0.65158,0.65173,0.65081,0.65115,3327.72
2023.05.30 19:00:00,0.65116,0.65158,0.65075,0.65096,2302.44
2023.05.30 20:00:00,0.65096,0.65105,0.65035,0.65042,1784.24
2023.05.30 21:00:00,0.65041,0.65129,0.65028,0.65109,1600.2
2023.05.30 22:00:00,0.65107,0.65181,0.65094,0.65177,1636.41
2023.05.30 23:00:00,0.65177,0.65177,0.6515,0.65158,779.39
2023.05.31 00:00:00,0.65156,0.6517,0.65045,0.65156,506.22
2023.05.31 01:00:00,0.65155,0.65166,0.65142,0.65145,1069.98
2023.05.31 02:00:00,0.65145,0.65217,0.6514,0.65171,1365.28
2023.05.31 03:00:00,0.65169,0.6518,0.65098,0.65163,2209.4
2023.05.31 04:00:00,0.65165,0.65384,0.64918,0.65027,7302.21
2023.05.31 05:00:00,0.65025,0.65092,0.64949,0.65,4000.09
2023.05.31 06:00:00,0.64999,0.65001,0.64894,0.64937,2360.18
2023.05.31 07:00:00,0.64937,0.64982,0.64898,0.64958,1650.77
2023.05.31 08:00:00,0.64955,0.64968,0.64833,0.64955,4106.37
2023.05.31 09:00:00,0.64955,0.6497,0.64839,0.64861,5186
2023.05.31 10:00:00,0.64862,0.64863,0.64748,0.64758,6216.96
2023.05.31 11:00:00,0.64759,0.64855,0.64745,0.64778,4246.27
2023.05.31 12:00:00,0.64775,0.6483,0.64751,0.64818,3489.57
2023.05.31 13:00:00,0.64819,0.64841,0.64743,0.6477,2607.28
2023.05.31 14:00:00,0.64771,0.6483,0.64749,0.64764,2434.86
2023.05.31 15:00:00,0.64765,0.64789,0.64716,0.64721,3108.56
2023.05.31 16:00:00,0.64718,0.6494,0.6466,0.64882,5874.77
2023.05.31 17:00:00,0.64884,0.64885,0.64645,0.6471,12864.08
2023.05.31 18:00:00,0.6471,0.64777,0.6463,0.64719,5522.44
2023.05.31 19:00:00,0.6472,0.64721,0.64579,0.64647,3246.37
2023.05.31 20:00:00,0.64649,0.64977,0.64625,0.64914,4340.14
2023.05.31 21:00:00,0.64915,0.64978,0.64899,0.64936,3824.62
2023.05.31 22:00:00,0.64937,0.65051,0.64908,0.65028,3344.96
2023.05.31 23:00:00,0.65027,0.65045,0.65002,0.65007,1544.83
2023.06.01 00:00:00,0.65001,0.65015,0.64894,0.65011,694.33
2023.06.01 01:00:00,0.65007,0.65086,0.65004,0.65064,1249.49
2023.06.01 02:00:00,0.65066,0.65093,0.6505,0.65057,1652.37
2023.06.01 03:00:00,0.65057,0.65075,0.64922,0.64922,2489.81
2023.06.01 04:00:00,0.64922,0.65086,0.64839,0.65063,5553.67
2023.06.01 05:00:00,0.65063,0.65148,0.64962,0.65117,3813.62
2023.06.01 06:00:00,0.65119,0.65153,0.65078,0.6514,2065.09
2023.06.01 07:00:00,0.65141,0.65193,0.65111,0.65143,1373.62
2023.06.01 08:00:00,0.65144,0.65183,0.65098,0.65109,2419.03
2023.06.01 09:00:00,0.65111,0.6512,0.65024,0.65031,3937.08
2023.06.01 10:00:00,0.6503,0.65042,0.64859,0.6491,4867.77
2023.06.01 11:00:00,0.6491,0.6505,0.64878,0.65039,3747
2023.06.01 12:00:00,0.65041,0.65158,0.65005,0.65153,3174.72
2023.06.01 13:00:00,0.65154,0.65223,0.65144,0.65208,2773.84
2023.06.01 14:00:00,0.6521,0.65261,0.65173,0.65242,2682.95
2023.06.01 15:00:00,0.65242,0.65299,0.65081,0.65275,9295.24
2023.06.01 16:00:00,0.65276,0.65373,0.65205,0.65327,7670.63
2023.06.01 17:00:00,0.65325,0.65573,0.65316,0.65552,9343.53
2023.06.01 18:00:00,0.65551,0.65779,0.65537,0.65758,5636.53
2023.06.01 19:00:00,0.65758,0.65813,0.65738,0.65778,3433.71
2023.06.01 20:00:00,0.6578,0.65805,0.65755,0.65799,1921.82
2023.06.01 21:00:00,0.65798,0.65809,0.65712,0.65728,1522.73
2023.06.01 22:00:00,0.65729,0.65757,0.6567,0.65741,1659.2
2023.06.01 23:00:00,0.6574,0.65752,0.65658,0.6566,856.05
2023.06.02 00:00:00,0.65661,0.65712,0.65627,0.65698,807.39
2023.06.02 01:00:00,0.65697,0.6575,0.65697,0.65746,1496.76
2023.06.02 02:00:00,0.65746,0.6579,0.65725,0.65773,806.77
2023.06.02 03:00:00,0.65774,0.65837,0.65735,0.65752,2263.13
2023.06.02 04:00:00,0.65755,0.65995,0.65744,0.65953,4023.06
2023.06.02 05:00:00,0.65953,0.66108,0.65914,0.66093,3142.7
2023.06.02 06:00:00,0.66094,0.66159,0.66065,0.66143,2760.99
2023.06.02 07:00:00,0.66145,0.66155,0.66047,0.66063,1811.63
2023.06.02 08:00:00,0.66062,0.66152,0.66044,0.66115,2862.64
2023.06.02 09:00:00,0.66116,0.66174,0.66087,0.66125,3653.44
2023.06.02 10:00:00,0.66124,0.66159,0.66069,0.66101,5050.29
2023.06.02 11:00:00,0.66099,0.663,0.66095,0.66281,3379.45
2023.06.02 12:00:00,0.6628,0.66332,0.66212,0.66307,3350.92
2023.06.02 13:00:00,0.66308,0.66334,0.66237,0.66249,3260.46
2023.06.02 14:00:00,0.6625,0.66253,0.66181,0.66182,3700.16
2023.06.02 15:00:00,0.66183,0.6638,0.6602,0.66212,10656.36
2023.06.02 16:00:00,0.66213,0.66345,0.66171,0.66237,10734.85
2023.06.02 17:00:00,0.66234,0.66274,0.66096,0.66128,9722.38
2023.06.02 18:00:00,0.66132,0.66219,0.66086,0.66145,4317.13
2023.06.02 19:00:00,0.66145,0.66158,0.66071,0.66119,2855.23
2023.06.02 20:00:00,0.66119,0.66139,0.66049,0.66061,1764.42
2023.06.02 21:00:00,0.66061,0.66118,0.66012,0.66115,1997.3
2023.06.02 22:00:00,0.66114,0.66132,0.66086,0.66089,1436.42
2023.06.02 23:00:00,0.66089,0.66097,0.66025,0.66038,1768.47
2023.06.05 00:00:00,0.65951,0.66029,0.65951,0.65995,506.64
2023.06.05 01:00:00,0.65994,0.66052,0.65979,0.65993,1678.12
2023.06.05 02:00:00,0.65994,0.66018,0.65947,0.65968,2064.45
2023.06.05 03:00:00,0.65968,0.65991,0.65939,0.65966,2720.74
2023.06.05 04:00:00,0.65971,0.66074,0.65872,0.66047,5053.1
2023.06.05 05:00:00,0.66047,0.66068,0.65967,0.66042,2654.47
2023.06.05 06:00:00,0.6604,0.66076,0.66022,0.66064,1618.63
2023.06.05 07:00:00,0.66062,0.66062,0.65975,0.66032,1055.89
2023.06.05 08:00:00,0.6603,0.66095,0.65992,0.66054,2333.77
2023.06.05 09:00:00,0.66054,0.66069,0.65937,0.65948,3744.65
2023.06.05 10:00:00,0.65946,0.65992,0.65878,0.65927,4576.35
2023.06.05 11:00:00,0.65929,0.66001,0.65916,0.65941,2798.49
2023.06.05 12:00:00,0.65939,0.65941,0.65863,0.65875,2223.56
2023.06.05 13:00:00,0.65875,0.65902,0.65831,0.65881,2345.48
2023.06.05 14:00:00,0.65879,0.65904,0.65788,0.65848,2098.58
2023.06.05 15:00:00,0.6585,0.66027,0.6583,0.66017,2901.44
2023.06.05 16:00:00,0.66017,0.66133,0.66012,0.66064,4736.43
2023.06.05 17:00:00,0.66067,0.6637,0.66062,0.66201,12717.08
2023.06.05 18:00:00,0.66201,0.66245,0.6611,0.66244,4131.46
2023.06.05 19:00:00,0.66245,0.66277,0.66178,0.66219,2146.19
2023.06.05 20:00:00,0.6622,0.66224,0.66161,0.66213,1599.05
2023.06.05 21:00:00,0.66212,0.66229,0.66148,0.66166,2554.36
2023.06.05 22:00:00,0.66166,0.66214,0.66142,0.66152,2111.6
2023.06.05 23:00:00,0.66153,0.66175,0.66147,0.66159,1156.35
2023.06.06 00:00:00,0.66156,0.6619,0.66121,0.6616,920.61
2023.06.06 01:00:00,0.66159,0.66185,0.66152,0.66172,1352.28
2023.06.06 02:00:00,0.66174,0.66196,0.66121,0.66122,1669.96
2023.06.06 03:00:00,0.66125,0.6617,0.66104,0.66134,1574.65
2023.06.06 04:00:00,0.66133,0.6616,0.66092,0.66131,2685.34
2023.06.06 05:00:00,0.66132,0.66235,0.66119,0.66179,2915.62
2023.06.06 06:00:00,0.66181,0.66186,0.66121,0.66171,1556.02
2023.06.06 07:00:00,0.66171,0.66726,0.66157,0.66645,6351.59
2023.06.06 08:00:00,0.66646,0.66816,0.6659,0.66598,3880.31
2023.06.06 09:00:00,0.666,0.66835,0.66572,0.66688,6373.59
2023.06.06 10:00:00,0.66687,0.66848,0.66552,0.66633,7952.89
2023.06.06 11:00:00,0.66634,0.66646,0.66559,0.66562,4513.12
2023.06.06 12:00:00,0.66563,0.66601,0.6651,0.66519,3170.33
2023.06.06 13:00:00,0.66517,0.66593,0.66481,0.66563,2630.64
2023.06.06 14:00:00,0.66562,0.66667,0.66547,0.66618,2358.98
2023.06.06 15:00:00,0.66617,0.66646,0.66441,0.66513,4177.57
2023.06.06 16:00:00,0.66511,0.66575,0.66432,0.66475,5311.18
2023.06.06 17:00:00,0.66472,0.66651,0.66416,0.66622,6514.21
2023.06.06 18:00:00,0.66623,0.66768,0.6659,0.66728,4060.95
2023.06.06 19:00:00,0.66728,0.66779,0.66711,0.66722,2274.75
2023.06.06 20:00:00,0.66724,0.66745,0.6668,0.66688,1492
2023.06.06 21:00:00,0.66688,0.66755,0.66666,0.66732,1765.62
2023.06.06 22:00:00,0.6673,0.66773,0.66715,0.66715,1622.85
2023.06.06 23:00:00,0.66717,0.66727,0.6668,0.66691,968.22
2023.06.07 00:00:00,0.66668,0.66704,0.66488,0.6667,984.65
2023.06.07 01:00:00,0.66676,0.66722,0.66676,0.66704,712.58
2023.06.07 02:00:00,0.66703,0.66798,0.66701,0.66798,1528.36
2023.06.07 03:00:00,0.66798,0.66894,0.66786,0.66815,2755.34
2023.06.07 04:00:00,0.66814,0.66865,0.66725,0.66776,4794.9
2023.06.07 05:00:00,0.6678,0.6678,0.66651,0.66714,3468.55
2023.06.07 06:00:00,0.66715,0.66759,0.66647,0.6675,2230.5
2023.06.07 07:00:00,0.66749,0.66819,0.66748,0.66792,1390.57
2023.06.07 08:00:00,0.66792,0.66817,0.6674,0.66769,2060.48
2023.06.07 09:00:00,0.66772,0.66825,0.66613,0.66682,3662.07
2023.06.07 10:00:00,0.66682,0.66744,0.66637,0.66731,3944.27
2023.06.07 11:00:00,0.6673,0.66899,0.66709,0.66898,3427.66
2023.06.07 12:00:00,0.66898,0.66916,0.66824,0.66863,2561.25
2023.06.07 13:00:00,0.66862,0.67035,0.66862,0.67027,2501.95
2023.06.07 14:00:00,0.67028,0.67053,0.66946,0.66968,3213.76
2023.06.07 15:00:00,0.66966,0.66976,0.66858,0.66874,3407.53
2023.06.07 16:00:00,0.66874,0.67129,0.66843,0.67116,4911.02
2023.06.07 17:00:00,0.67118,0.67169,0.66647,0.66667,10673.43
2023.06.07 18:00:00,0.66666,0.66725,0.66569,0.66592,5226.65
2023.06.07 19:00:00,0.66592,0.66625,0.66513,0.66546,3569.55
2023.06.07 20:00:00,0.66545,0.66551,0.66411,0.66509,2973.48
2023.06.07 21:00:00,0.66509,0.66555,0.66504,0.66548,1853.99
2023.06.07 22:00:00,0.6655,0.66577,0.66495,0.66509,2502.68
2023.06.07 23:00:00,0.66508,0.66534,0.66494,0.66502,790.48
2023.06.08 00:00:00,0.66501,0.66546,0.66499,0.66524,1508.83
2023.06.08 01:00:00,0.66526,0.66562,0.66518,0.66549,893.01
2023.06.08 02:00:00,0.66549,0.66602,0.66517,0.6658,998.57
2023.06.08 03:00:00,0.66581,0.66651,0.66581,0.6664,2031.59
2023.06.08 04:00:00,0.66639,0.66683,0.66568,0.66615,4109
2023.06.08 05:00:00,0.66616,0.66722,0.66605,0.66685,2517.37
2023.06.08 06:00:00,0.66683,0.66692,0.66619,0.6662,2035.45
2023.06.08 07:00:00,0.6662,0.6663,0.66545,0.66619,1695.47
2023.06.08 08:00:00,0.66619,0.66722,0.66595,0.66612,2576.88
2023.06.08 09:00:00,0.66611,0.66715,0.66581,0.66638,2943.83
2023.06.08 10:00:00,0.6664,0.66836,0.66619,0.66807,4137.87
2023.06.08 11:00:00,0.66807,0.66899,0.66766,0.66868,3438.83
2023.06.08 12:00:00,0.66869,0.66869,0.66793,0.66807,2713.12
2023.06.08 13:00:00,0.66809,0.66859,0.66791,0.66796,1673.44
2023.06.08 14:00:00,0.66796,0.66876,0.66774,0.66846,2635.09
2023.06.08 15:00:00,0.66847,0.67045,0.66817,0.66964,7223.14
2023.06.08 16:00:00,0.66961,0.67096,0.66938,0.67058,6545.43
2023.06.08 17:00:00,0.67061,0.67122,0.67039,0.67068,6381.5
2023.06.08 18:00:00,0.67069,0.67176,0.67051,0.67059,3829.35
2023.06.08 19:00:00,0.67058,0.67176,0.6704,0.6714,2814.44
2023.06.08 20:00:00,0.67136,0.67147,0.67099,0.67135,1825.67
2023.06.08 21:00:00,0.67138,0.67151,0.67108,0.67138,1522.1
2023.06.08 22:00:00,0.67137,0.67138,0.67086,0.67138,1465.26
2023.06.08 23:00:00,0.67137,0.67156,0.67131,0.67147,869.83
2023.06.09 00:00:00,0.67148,0.67148,0.6709,0.67111,891.02
2023.06.09 01:00:00,0.67114,0.67163,0.67114,0.6715,1439.7
2023.06.09 02:00:00,0.67148,0.67166,0.67114,0.67118,1763.12
2023.06.09 03:00:00,0.6712,0.67142,0.67075,0.67109,2766.53
2023.06.09 04:00:00,0.67106,0.67136,0.6704,0.67075,4073.54
2023.06.09 05:00:00,0.67076,0.67078,0.6701,0.67036,2500.78
2023.06.09 06:00:00,0.67037,0.67064,0.66966,0.6698,1959.03
2023.06.09 07:00:00,0.66979,0.66988,0.6694,0.66962,1414.65
2023.06.09 08:00:00,0.66964,0.67101,0.66923,0.67062,2361.3
2023.06.09 09:00:00,0.67061,0.67202,0.67038,0.67146,3465.04
2023.06.09 10:00:00,0.67145,0.67238,0.6708,0.67227,3964.3
2023.06.09 11:00:00,0.67229,0.67235,0.67095,0.67152,3541.17
2023.06.09 12:00:00,0.67153,0.67188,0.67075,0.67075,2596.77
2023.06.09 13:00:00,0.67077,0.67136,0.67051,0.67136,2277.53
2023.06.09 14:00:00,0.67136,0.67295,0.67131,0.67268,2725.81
2023.06.09 15:00:00,0.67267,0.67393,0.67252,0.67347,4773.02
2023.06.09 16:00:00,0.67348,0.67395,0.67308,0.67365,5822.12
2023.06.09 17:00:00,0.67366,0.67503,0.67348,0.67426,4988.54
2023.06.09 18:00:00,0.67423,0.67471,0.67383,0.67393,3941.45
2023.06.09 19:00:00,0.67392,0.67438,0.67362,0.67409,2541.97
2023.06.09 20:00:00,0.67407,0.67424,0.67358,0.67381,1430.88
2023.06.09 21:00:00,0.67384,0.67409,0.67358,0.67396,1279.03
2023.06.09 22:00:00,0.67398,0.67402,0.67367,0.6739,1843.63
2023.06.09 23:00:00,0.67389,0.67431,0.67374,0.67374,1304.26
2023.06.12 00:00:00,0.67254,0.67407,0.67254,0.67381,327.42
2023.06.12 01:00:00,0.67405,0.67424,0.6738,0.67398,871.86
2023.06.12 02:00:00,0.67398,0.67457,0.67397,0.67442,1002.01
2023.06.12 03:00:00,0.67443,0.67479,0.67391,0.67437,1730.87
2023.06.12 04:00:00,0.67433,0.67451,0.67362,0.67372,2991.52
2023.06.12 05:00:00,0.67371,0.67402,0.6731,0.6736,2166.46
2023.06.12 06:00:00,0.67358,0.67438,0.6734,0.67416,1379.47
2023.06.12 07:00:00,0.67412,0.67432,0.67384,0.67388,1021.8
2023.06.12 08:00:00,0.67388,0.67462,0.6738,0.67422,1475.52
2023.06.12 09:00:00,0.67423,0.67575,0.6741,0.67495,2657.86
2023.06.12 10:00:00,0.67494,0.6765,0.6743,0.67614,3617.83
2023.06.12 11:00:00,0.67615,0.67731,0.67611,0.67715,3086.53
2023.06.12 12:00:00,0.67716,0.67731,0.67646,0.67664,2833.63
2023.06.12 13:00:00,0.67666,0.67727,0.6765,0.67656,2425.28
2023.06.12 14:00:00,0.67655,0.67687,0.67569,0.67579,2165.9
2023.06.12 15:00:00,0.67581,0.67649,0.67576,0.67616,2603.36
2023.06.12 16:00:00,0.67616,0.67619,0.67416,0.67476,4584.75
2023.06.12 17:00:00,0.67476,0.67509,0.67404,0.67481,4559.99
2023.06.12 18:00:00,0.67483,0.67548,0.67444,0.67463,2980.53
2023.06.12 19:00:00,0.67463,0.67517,0.67424,0.67448,2156.63
2023.06.12 20:00:00,0.67448,0.67512,0.67431,0.67501,1534.87
2023.06.12 21:00:00,0.67498,0.67531,0.67472,0.67521,1361.85
2023.06.12 22:00:00,0.67523,0.67547,0.67507,0.67533,1785.74
2023.06.12 23:00:00,0.67533,0.67534,0.67494,0.67494,883.9
2023.06.13 00:00:00,0.6749,0.67519,0.67433,0.67513,777.07
2023.06.13 01:00:00,0.67514,0.67537,0.67497,0.67517,1671.73
2023.06.13 02:00:00,0.67517,0.67557,0.67498,0.67519,1283.15
2023.06.13 03:00:00,0.67518,0.67573,0.67452,0.67461,2502.52
2023.06.13 04:00:00,0.67461,0.67515,0.67386,0.67471,4285.65
2023.06.13 05:00:00,0.67471,0.67497,0.67376,0.67459,2631.92
2023.06.13 06:00:00,0.67459,0.67665,0.67448,0.67643,3165.87
2023.06.13 07:00:00,0.67643,0.67655,0.67604,0.67614,2044.98
2023.06.13 08:00:00,0.67614,0.67663,0.67581,0.67594,2385.28
2023.06.13 09:00:00,0.67591,0.67826,0.67591,0.6766,6489.74
2023.06.13 10:00:00,0.6766,0.67866,0.67655,0.67749,5440.53
2023.06.13 11:00:00,0.67748,0.67815,0.67673,0.67786,3872.95
2023.06.13 12:00:00,0.67785,0.67805,0.67708,0.67746,3963.54
2023.06.13 13:00:00,0.67745,0.6778,0.67722,0.67747,2195.14
2023.06.13 14:00:00,0.67748,0.67799,0.67731,0.67778,2452.5
2023.06.13 15:00:00,0.67783,0.67993,0.67589,0.67946,11439.08
2023.06.13 16:00:00,0.67946,0.68066,0.67745,0.67753,9547.06
2023.06.13 17:00:00,0.67755,0.67904,0.67658,0.67886,8027.31
2023.06.13 18:00:00,0.67888,0.67923,0.67733,0.67741,6335.53
2023.06.13 19:00:00,0.67739,0.67871,0.67729,0.67851,3314.77
2023.06.13 20:00:00,0.67851,0.67868,0.67638,0.6765,3004.26
2023.06.13 21:00:00,0.67649,0.67664,0.67555,0.67619,2639.99
2023.06.13 22:00:00,0.6762,0.67682,0.6761,0.67664,1458.37
2023.06.13 23:00:00,0.67664,0.6768,0.67653,0.67654,788.11
2023.06.14 00:00:00,0.67661,0.67669,0.67542,0.67635,468.29
2023.06.14 01:00:00,0.67635,0.67688,0.67633,0.67682,1025.67
2023.06.14 02:00:00,0.67682,0.677,0.67665,0.67697,1031.24
2023.06.14 03:00:00,0.67698,0.67737,0.67627,0.67671,2751.38
2023.06.14 04:00:00,0.67674,0.67824,0.67667,0.67801,2955.5
2023.06.14 05:00:00,0.67802,0.67815,0.67715,0.67758,2285.83
2023.06.14 06:00:00,0.67759,0.67772,0.67723,0.67751,1808.14
2023.06.14 07:00:00,0.67749,0.67754,0.67648,0.67699,1608.83
2023.06.14 08:00:00,0.677,0.67737,0.6764,0.67657,2909.68
2023.06.14 09:00:00,0.67659,0.67708,0.67628,0.6766,2931.49
2023.06.14 10:00:00,0.6766,0.67853,0.67658,0.67833,3641.25
2023.06.14 11:00:00,0.67833,0.67884,0.67811,0.67837,2760.79
2023.06.14 12:00:00,0.67838,0.67899,0.67827,0.67893,2236.89
2023.06.14 13:00:00,0.67891,0.67939,0.67882,0.67909,2014.37
2023.06.14 14:00:00,0.67908,0.67944,0.67882,0.67903,1752.51
2023.06.14 15:00:00,0.67903,0.68065,0.67859,0.68048,4572.05
2023.06.14 16:00:00,0.68046,0.68192,0.68033,0.68161,4388.66
2023.06.14 17:00:00,0.68162,0.68352,0.68151,0.68298,4872.14
2023.06.14 18:00:00,0.68298,0.68332,0.68251,0.68303,3900.07
2023.06.14 19:00:00,0.68303,0.6835,0.68264,0.68265,2429.21
2023.06.14 20:00:00,0.68264,0.68264,0.68126,0.68156,2555.8
2023.06.14 21:00:00,0.68154,0.68178,0.67553,0.68064,20806.77
2023.06.14 22:00:00,0.68064,0.68134,0.67883,0.67902,10095.21
2023.06.14 23:00:00,0.67904,0.67976,0.67895,0.67944,1476.53
2023.06.15 00:00:00,0.67955,0.67973,0.67913,0.67939,933.74
2023.06.15 01:00:00,0.67938,0.68013,0.67925,0.6796,1513.28
2023.06.15 02:00:00,0.6796,0.67986,0.67936,0.67961,1458.8
2023.06.15 03:00:00,0.67959,0.68015,0.67891,0.679,2980.72
2023.06.15 04:00:00,0.67897,0.67929,0.67649,0.67854,6890.15
2023.06.15 05:00:00,0.67853,0.67947,0.67757,0.67868,4732.04
2023.06.15 06:00:00,0.67866,0.68023,0.6785,0.67994,2084.81
2023.06.15 07:00:00,0.67996,0.68076,0.67914,0.68068,2186.32
2023.06.15 08:00:00,0.68067,0.68275,0.67999,0.68225,5019.75
2023.06.15 09:00:00,0.68224,0.68242,0.67999,0.68046,6192.22
2023.06.15 10:00:00,0.68046,0.68184,0.67967,0.68178,3978.79
2023.06.15 11:00:00,0.68177,0.68196,0.68078,0.68086,3390.23
2023.06.15 12:00:00,0.68088,0.682,0.68044,0.68193,3125.23
2023.06.15 13:00:00,0.68192,0.68194,0.68035,0.68094,2418.41
2023.06.15 14:00:00,0.68095,0.68109,0.67949,0.6795,3194.48
2023.06.15 15:00:00,0.67949,0.6811,0.6787,0.68094,10194.93
2023.06.15 16:00:00,0.68094,0.68538,0.68064,0.68505,8325.3
2023.06.15 17:00:00,0.68503,0.68579,0.68445,0.68571,7951.77
2023.06.15 18:00:00,0.68571,0.687,0.68541,0.6869,5242.1
2023.06.15 19:00:00,0.68689,0.68771,0.68685,0.68727,2373.53
2023.06.15 20:00:00,0.68724,0.68838,0.68701,0.68804,2290.1
2023.06.15 21:00:00,0.68805,0.68923,0.68787,0.68922,1967.39
2023.06.15 22:00:00,0.68922,0.68922,0.68848,0.68866,2819.23
2023.06.15 23:00:00,0.68868,0.68871,0.68814,0.68819,1282.61
2023.06.16 00:00:00,0.68801,0.68811,0.6876,0.68794,870.9
2023.06.16 01:00:00,0.68794,0.68838,0.68794,0.68834,1211.66
2023.06.16 02:00:00,0.68832,0.68854,0.68788,0.6879,1611.11
2023.06.16 03:00:00,0.6879,0.68845,0.68759,0.68774,2932.15
2023.06.16 04:00:00,0.68776,0.68864,0.68735,0.68784,3962.45
2023.06.16 05:00:00,0.68785,0.68799,0.68674,0.68687,4433.3
2023.06.16 06:00:00,0.68688,0.68744,0.68664,0.68705,2471.79
2023.06.16 07:00:00,0.68705,0.68782,0.68681,0.68758,1388.81
2023.06.16 08:00:00,0.68755,0.68892,0.68737,0.68869,3203.28
2023.06.16 09:00:00,0.68869,0.68993,0.68853,0.68902,4717.6
2023.06.16 10:00:00,0.68902,0.68913,0.68727,0.68756,6382.73
2023.06.16 11:00:00,0.68753,0.68849,0.68685,0.68835,6273.64
2023.06.16 12:00:00,0.68836,0.68865,0.68677,0.68727,3834.58
2023.06.16 13:00:00,0.68727,0.68732,0.68672,0.68702,3291.77
2023.06.16 14:00:00,0.68702,0.68765,0.6868,0.6874,3180.02
2023.06.16 15:00:00,0.68741,0.6888,0.68719,0.68726,5332.5
2023.06.16 16:00:00,0.68726,0.68751,0.68609,0.68685,7965.77
2023.06.16 17:00:00,0.68684,0.68804,0.68545,0.68702,12692.77
2023.06.16 18:00:00,0.68703,0.68741,0.68579,0.68636,6421.36
2023.06.16 19:00:00,0.68635,0.68692,0.68614,0.68687,3722.33
2023.06.16 20:00:00,0.68685,0.68729,0.68662,0.68724,2849.01
2023.06.16 21:00:00,0.68723,0.68791,0.68708,0.68791,2484.42
2023.06.16 22:00:00,0.68788,0.68788,0.68697,0.68699,2291.56
2023.06.16 23:00:00,0.68697,0.68764,0.68693,0.68715,1881.65
2023.06.19 00:00:00,0.68769,0.68773,0.68699,0.68773,364.24
2023.06.19 01:00:00,0.68774,0.68818,0.68743,0.68816,1806.15
2023.06.19 02:00:00,0.68816,0.6882,0.68712,0.68716,1649.32
2023.06.19 03:00:00,0.68715,0.68725,0.68523,0.68554,3448.3
2023.06.19 04:00:00,0.68554,0.68589,0.68446,0.68532,3918
2023.06.19 05:00:00,0.68533,0.6857,0.68497,0.685,2795.39
2023.06.19 06:00:00,0.68499,0.68504,0.68333,0.6837,3723.77
2023.06.19 07:00:00,0.6837,0.68485,0.68345,0.68479,2018.99
2023.06.19 08:00:00,0.68477,0.68694,0.68469,0.68635,3017.87
2023.06.19 09:00:00,0.68634,0.68642,0.68505,0.68551,4216.56
2023.06.19 10:00:00,0.68555,0.68775,0.68515,0.68672,5394.86
2023.06.19 11:00:00,0.6867,0.68712,0.68626,0.68655,4312.81
2023.06.19 12:00:00,0.68654,0.68683,0.68476,0.68478,3368.62
2023.06.19 13:00:00,0.68478,0.68526,0.6843,0.68489,3008.77
2023.06.19 14:00:00,0.68489,0.68505,0.68412,0.68442,2494.72
2023.06.19 15:00:00,0.68444,0.68511,0.68396,0.68498,2587.29
2023.06.19 16:00:00,0.68497,0.68516,0.68429,0.68469,3110.21
2023.06.19 17:00:00,0.68471,0.68501,0.68428,0.68452,3113.28
2023.06.19 18:00:00,0.68453,0.68506,0.68448,0.68472,1890.9
2023.06.19 19:00:00,0.68469,0.68497,0.68423,0.68437,982.25
2023.06.19 20:00:00,0.6844,0.68471,0.68439,0.68457,340.42
2023.06.19 21:00:00,0.68457,0.68473,0.68452,0.68471,233.3
2023.06.19 22:00:00,0.68469,0.68482,0.68459,0.68478,762.98
2023.06.19 23:00:00,0.68476,0.68506,0.68437,0.68486,836.39
2023.06.20 00:00:00,0.68497,0.68498,0.68418,0.68472,552.92
2023.06.20 01:00:00,0.68472,0.68546,0.68472,0.68506,1920.84
2023.06.20 02:00:00,0.68505,0.68537,0.68489,0.68491,1462.79
2023.06.20 03:00:00,0.6849,0.68535,0.68444,0.68472,3538.21
2023.06.20 04:00:00,0.6847,0.68521,0.68075,0.68114,6734.49
2023.06.20 05:00:00,0.68112,0.68128,0.67976,0.68011,4877.81
2023.06.20 06:00:00,0.68007,0.68079,0.67996,0.68078,2660.66
2023.06.20 07:00:00,0.68074,0.68078,0.68002,0.68007,2364.08
2023.06.20 08:00:00,0.68006,0.68049,0.67877,0.68024,3587.91
2023.06.20 09:00:00,0.68024,0.68069,0.67925,0.67965,4896.7
2023.06.20 10:00:00,0.67964,0.68115,0.67945,0.68047,5769.44
2023.06.20 11:00:00,0.68046,0.6807,0.67914,0.6793,4598.03
2023.06.20 12:00:00,0.67931,0.67979,0.67842,0.67843,3757.04
2023.06.20 13:00:00,0.67844,0.67926,0.6783,0.67918,3237.1
2023.06.20 14:00:00,0.67917,0.67983,0.67836,0.67843,2933.78
2023.06.20 15:00:00,0.67842,0.67868,0.67688,0.67748,5360.42
2023.06.20 16:00:00,0.67747,0.67775,0.67638,0.67647,7426.94
2023.06.20 17:00:00,0.67646,0.677,0.67526,0.67633,9362.02
2023.06.20 18:00:00,0.67634,0.67722,0.67632,0.67684,4928.83
2023.06.20 19:00:00,0.67685,0.67776,0.67666,0.67774,2662.04
2023.06.20 20:00:00,0.67773,0.67849,0.67736,0.67805,2980.39
2023.06.20 21:00:00,0.67807,0.67862,0.6776,0.67857,2852.56
2023.06.20 22:00:00,0.67858,0.679,0.67797,0.67866,2402.82
2023.06.20 23:00:00,0.67865,0.67883,0.67834,0.67834,798.7
2023.06.21 00:00:00,0.67834,0.67871,0.67797,0.67841,1263.62
2023.06.21 01:00:00,0.67837,0.67931,0.67837,0.67867,1122.51
2023.06.21 02:00:00,0.67866,0.67896,0.67851,0.67894,1583.2
2023.06.21 03:00:00,0.67893,0.67931,0.67807,0.67811,3923.6
2023.06.21 04:00:00,0.67809,0.67893,0.67765,0.67875,4828.97
2023.06.21 05:00:00,0.67874,0.67993,0.67843,0.6786,4042.56
2023.06.21 06:00:00,0.67861,0.67916,0.67846,0.67908,3148.89
2023.06.21 07:00:00,0.6791,0.67979,0.6791,0.67928,2477.56
2023.06.21 08:00:00,0.67929,0.67949,0.67804,0.67809,3994.24
2023.06.21 09:00:00,0.67808,0.67837,0.67647,0.67665,6484.58
2023.06.21 10:00:00,0.67666,0.67752,0.67598,0.67637,5733.97
2023.06.21 11:00:00,0.67638,0.67726,0.67596,0.67609,4649.39
2023.06.21 12:00:00,0.67607,0.67692,0.67566,0.67671,3594.82
2023.06.21 13:00:00,0.6767,0.67738,0.67628,0.6763,3209
2023.06.21 14:00:00,0.67629,0.6766,0.67578,0.67605,3449.32
2023.06.21 15:00:00,0.67601,0.67626,0.67474,0.67558,6455.75
2023.06.21 16:00:00,0.67557,0.67613,0.67404,0.67598,8778.12
2023.06.21 17:00:00,0.67601,0.67812,0.67553,0.67702,11934.17
2023.06.21 18:00:00,0.67702,0.67831,0.67621,0.678,7605.84
2023.06.21 19:00:00,0.67798,0.67935,0.67785,0.67926,4034.75
2023.06.21 20:00:00,0.67924,0.67941,0.67875,0.67937,2885.89
2023.06.21 21:00:00,0.67937,0.68042,0.67924,0.68012,2808.46
2023.06.21 22:00:00,0.68011,0.68011,0.67946,0.6797,2463.16
2023.06.21 23:00:00,0.6797,0.67993,0.67944,0.67963,967.82
2023.06.22 00:00:00,0.67962,0.67962,0.67861,0.67933,1282.85
2023.06.22 01:00:00,0.67932,0.67994,0.67932,0.67978,1545.87
2023.06.22 02:00:00,0.67979,0.68022,0.67977,0.67983,1169.56
2023.06.22 03:00:00,0.67983,0.68011,0.67959,0.6799,3054.31
2023.06.22 04:00:00,0.6799,0.68056,0.67967,0.68031,2819.29
2023.06.22 05:00:00,0.68032,0.68036,0.67876,0.679,2857.56
2023.06.22 06:00:00,0.67904,0.67933,0.67872,0.67891,2370.18
2023.06.22 07:00:00,0.67889,0.67918,0.67618,0.67629,3292.14
2023.06.22 08:00:00,0.6763,0.67655,0.67564,0.67622,3955.76
2023.06.22 09:00:00,0.67623,0.67718,0.67582,0.67676,4522.4
2023.06.22 10:00:00,0.67676,0.67881,0.67657,0.67869,6041.81
2023.06.22 11:00:00,0.67868,0.67942,0.67831,0.67871,4276.12
2023.06.22 12:00:00,0.67871,0.67944,0.6787,0.67934,2974.07
2023.06.22 13:00:00,0.67935,0.67976,0.67912,0.67924,2502.61
2023.06.22 14:00:00,0.67923,0.67954,0.67793,0.67852,6608.56
2023.06.22 15:00:00,0.67851,0.67915,0.67706,0.67708,6456.53
2023.06.22 16:00:00,0.67708,0.67721,0.67573,0.67699,8527.15
2023.06.22 17:00:00,0.67698,0.67735,0.67524,0.67601,9733.76
2023.06.22 18:00:00,0.67604,0.67642,0.67482,0.67521,5909.48
2023.06.22 19:00:00,0.67522,0.67544,0.67487,0.67507,2796.32
2023.06.22 20:00:00,0.6751,0.67536,0.67442,0.67534,3038.09
2023.06.22 21:00:00,0.67536,0.67583,0.67525,0.67582,1873.27
2023.06.22 22:00:00,0.6758,0.67613,0.67535,0.67571,1728.23
2023.06.22 23:00:00,0.67571,0.67574,0.67546,0.67551,796.88
2023.06.23 00:00:00,0.6755,0.6756,0.67515,0.67546,1156.77
2023.06.23 01:00:00,0.67547,0.67597,0.6754,0.67577,1434.98
2023.06.23 02:00:00,0.67577,0.67652,0.67577,0.67588,1133.48
2023.06.23 03:00:00,0.67587,0.67672,0.67578,0.67635,3388.35
2023.06.23 04:00:00,0.67638,0.67655,0.67327,0.67366,6087.77
2023.06.23 05:00:00,0.67366,0.6738,0.67089,0.67121,6273.87
2023.06.23 06:00:00,0.67121,0.67137,0.67032,0.67073,3812.28
2023.06.23 07:00:00,0.67071,0.67095,0.66911,0.66945,3559.93
2023.06.23 08:00:00,0.66946,0.67029,0.66928,0.66956,3356.35
2023.06.23 09:00:00,0.66954,0.6701,0.66928,0.66982,4084.47
2023.06.23 10:00:00,0.6698,0.67075,0.66864,0.66929,7672.03
2023.06.23 11:00:00,0.66927,0.66994,0.66872,0.66882,5688.62
2023.06.23 12:00:00,0.66882,0.66949,0.66848,0.66944,3242.91
2023.06.23 13:00:00,0.66943,0.66972,0.66866,0.66876,3248
2023.06.23 14:00:00,0.66875,0.66936,0.66798,0.66833,3290.19
2023.06.23 15:00:00,0.66835,0.66861,0.66623,0.66745,5247.88
2023.06.23 16:00:00,0.66743,0.66871,0.6667,0.6667,8134.02
2023.06.23 17:00:00,0.66671,0.66809,0.6666,0.66763,8670.1
2023.06.23 18:00:00,0.66764,0.66869,0.66709,0.66856,5296.61
2023.06.23 19:00:00,0.66857,0.66858,0.66793,0.6681,2908.78
2023.06.23 20:00:00,0.6681,0.66854,0.6677,0.66822,2219.35
2023.06.23 21:00:00,0.66821,0.66824,0.6675,0.66769,1909.92
2023.06.23 22:00:00,0.6677,0.66806,0.66745,0.66798,1926.59
2023.06.23 23:00:00,0.66798,0.66807,0.66736,0.66743,2359.8
2023.06.26 00:00:00,0.66774,0.66792,0.66725,0.6673,424.39
2023.06.26 01:00:00,0.66735,0.66825,0.66733,0.66806,1937.41
2023.06.26 02:00:00,0.66805,0.66815,0.6678,0.66805,1937.45
2023.06.26 03:00:00,0.66804,0.66839,0.66696,0.66778,5051.65
2023.06.26 04:00:00,0.66779,0.66886,0.66734,0.66803,5102.87
2023.06.26 05:00:00,0.66802,0.66904,0.66794,0.66873,3501.2
2023.06.26 06:00:00,0.66873,0.66935,0.66859,0.66883,2390.03
2023.06.26 07:00:00,0.66885,0.66886,0.66836,0.66839,1390.52
2023.06.26 08:00:00,0.66838,0.66845,0.66779,0.66794,2710.79
2023.06.26 09:00:00,0.66791,0.66792,0.66679,0.66761,4061.12
2023.06.26 10:00:00,0.66761,0.66826,0.66699,0.66779,6023.17
2023.06.26 11:00:00,0.66779,0.66781,0.66688,0.66699,5102.43
2023.06.26 12:00:00,0.66695,0.66786,0.66687,0.66717,2911.3
2023.06.26 13:00:00,0.66716,0.66773,0.66691,0.66735,2432.72
2023.06.26 14:00:00,0.66735,0.66822,0.66724,0.66819,2632.41
2023.06.26 15:00:00,0.6682,0.66845,0.66767,0.66768,2948.32
2023.06.26 16:00:00,0.66767,0.66776,0.66671,0.66766,3896.18
2023.06.26 17:00:00,0.66765,0.66836,0.6668,0.66752,6116.95
2023.06.26 18:00:00,0.66752,0.66824,0.66736,0.66798,3856.04
2023.06.26 19:00:00,0.66798,0.6681,0.6674,0.66801,2258.73
2023.06.26 20:00:00,0.668,0.6682,0.66768,0.66788,1859.29
2023.06.26 21:00:00,0.66786,0.66821,0.66765,0.66818,943.32
2023.06.26 22:00:00,0.66817,0.66828,0.66759,0.66769,1529.1
2023.06.26 23:00:00,0.6677,0.66785,0.66733,0.66739,599.89
2023.06.27 00:00:00,0.6662,0.66745,0.66541,0.66719,2426.04
2023.06.27 01:00:00,0.66719,0.66773,0.66719,0.66767,1797.16
2023.06.27 02:00:00,0.66767,0.66784,0.66715,0.66735,1299.94
2023.06.27 03:00:00,0.66735,0.66856,0.66695,0.66773,3146.08
2023.06.27 04:00:00,0.66774,0.67142,0.66765,0.67094,7245.38
2023.06.27 05:00:00,0.67093,0.67148,0.67044,0.67129,4272.69
2023.06.27 06:00:00,0.67129,0.67197,0.67102,0.67157,3676.24
2023.06.27 07:00:00,0.67156,0.67201,0.67132,0.67155,2576.98
2023.06.27 08:00:00,0.67157,0.67203,0.6709,0.67121,3444.04
2023.06.27 09:00:00,0.6712,0.672,0.67088,0.67165,4121.17
2023.06.27 10:00:00,0.67165,0.67192,0.67005,0.67089,5047.24
2023.06.27 11:00:00,0.67088,0.67088,0.66868,0.66877,5548.98
2023.06.27 12:00:00,0.66877,0.6692,0.66809,0.66898,2970.37
2023.06.27 13:00:00,0.66901,0.66942,0.66846,0.66927,2312.02
2023.06.27 14:00:00,0.66928,0.66932,0.66818,0.66876,2468.76
2023.06.27 15:00:00,0.66876,0.67061,0.66842,0.66969,5237.96
2023.06.27 16:00:00,0.66971,0.67142,0.66961,0.67032,6968.96
2023.06.27 17:00:00,0.67049,0.67049,0.66796,0.66924,11086.63
2023.06.27 18:00:00,0.66924,0.66928,0.66782,0.66816,5787.62
2023.06.27 19:00:00,0.66814,0.66852,0.66779,0.66843,2293.92
2023.06.27 20:00:00,0.66842,0.66909,0.6682,0.66898,1899.32
2023.06.27 21:00:00,0.66897,0.66901,0.66852,0.6689,1880.84
2023.06.27 22:00:00,0.66891,0.66908,0.66871,0.66889,1371.54
2023.06.27 23:00:00,0.66888,0.6689,0.66844,0.66852,723.32
2023.06.28 00:00:00,0.66776,0.66874,0.66776,0.66845,703.25
2023.06.28 01:00:00,0.66844,0.66862,0.66825,0.66831,855.33
2023.06.28 02:00:00,0.66831,0.66836,0.66793,0.66817,1086.19
2023.06.28 03:00:00,0.66816,0.66888,0.66636,0.66683,4605.81
2023.06.28 04:00:00,0.66684,0.66739,0.66175,0.66306,8996.7
2023.06.28 05:00:00,0.66306,0.66449,0.663,0.66399,4652.47
2023.06.28 06:00:00,0.66398,0.66454,0.66388,0.66448,2716.8
2023.06.28 07:00:00,0.66449,0.66458,0.66395,0.66436,2659.2
2023.06.28 08:00:00,0.66435,0.66451,0.66359,0.66449,3507.62
2023.06.28 09:00:00,0.66448,0.66483,0.66329,0.66388,3691.36
2023.06.28 10:00:00,0.66386,0.66514,0.66364,0.6641,4634.1
2023.06.28 11:00:00,0.66411,0.66426,0.66321,0.66335,4827.16
2023.06.28 12:00:00,0.66339,0.66438,0.6632,0.66342,2960.01
2023.06.28 13:00:00,0.66345,0.66409,0.66329,0.66337,2282.93
2023.06.28 14:00:00,0.66335,0.66385,0.66224,0.66227,3289.98
2023.06.28 15:00:00,0.6623,0.66245,0.66037,0.66052,4443.86
2023.06.28 16:00:00,0.66052,0.66222,0.66047,0.66161,6817.88
2023.06.28 17:00:00,0.6616,0.6619,0.65965,0.65983,9425.62
2023.06.28 18:00:00,0.65984,0.66227,0.65974,0.66191,5748.68
2023.06.28 19:00:00,0.66191,0.66221,0.66138,0.66169,2904.4
2023.06.28 20:00:00,0.66172,0.66189,0.66086,0.66109,2546.93
2023.06.28 21:00:00,0.66108,0.66139,0.66068,0.6607,1755.86
2023.06.28 22:00:00,0.66069,0.66094,0.65988,0.66004,1906.43
2023.06.28 23:00:00,0.66005,0.66033,0.65977,0.65978,799.13
2023.06.29 00:00:00,0.65976,0.66012,0.6596,0.66002,652.12
2023.06.29 01:00:00,0.66002,0.66016,0.6598,0.65982,613.9
2023.06.29 02:00:00,0.65986,0.66045,0.6598,0.65984,1262.72
2023.06.29 03:00:00,0.65983,0.66028,0.65948,0.66008,3446.11
2023.06.29 04:00:00,0.66013,0.66268,0.66013,0.66175,5919.94
2023.06.29 05:00:00,0.66174,0.66185,0.66055,0.66067,4006.06
2023.06.29 06:00:00,0.66065,0.66116,0.66039,0.66086,2518.97
2023.06.29 07:00:00,0.66085,0.66124,0.66057,0.66094,2726.92
2023.06.29 08:00:00,0.66094,0.66154,0.66052,0.66132,3254.25
2023.06.29 09:00:00,0.66132,0.66185,0.66038,0.66107,3503.54
2023.06.29 10:00:00,0.66107,0.6624,0.66096,0.66239,4081.79
2023.06.29 11:00:00,0.6624,0.66292,0.66181,0.66196,4049.54
2023.06.29 12:00:00,0.66197,0.66203,0.66123,0.66147,3054.78
2023.06.29 13:00:00,0.66146,0.66333,0.66142,0.66324,2538.45
2023.06.29 14:00:00,0.66322,0.66402,0.66311,0.66348,2031.09
2023.06.29 15:00:00,0.66346,0.66382,0.6605,0.66101,9649.81
2023.06.29 16:00:00,0.66102,0.66144,0.65986,0.66051,10656.89
2023.06.29 17:00:00,0.66051,0.66327,0.66042,0.66297,9932.73
2023.06.29 18:00:00,0.66295,0.66343,0.6626,0.66321,5109.24
2023.06.29 19:00:00,0.66319,0.66324,0.66254,0.66265,2607.44
2023.06.29 20:00:00,0.66264,0.66276,0.66156,0.6617,2292.88
2023.06.29 21:00:00,0.66168,0.66225,0.66138,0.66188,2373.67
2023.06.29 22:00:00,0.6619,0.6622,0.66175,0.66183,2083.62
2023.06.29 23:00:00,0.66183,0.662,0.66149,0.6615,1168.34
2023.06.30 00:00:00,0.66148,0.66171,0.66118,0.66136,565.6
2023.06.30 01:00:00,0.66141,0.66205,0.66141,0.66191,644.88
2023.06.30 02:00:00,0.66191,0.6621,0.66161,0.66165,941.02
2023.06.30 03:00:00,0.66167,0.66182,0.66029,0.66081,3167.42
2023.06.30 04:00:00,0.66087,0.6617,0.6604,0.66145,5376.89
2023.06.30 05:00:00,0.66145,0.66334,0.66145,0.66202,4432.15
2023.06.30 06:00:00,0.66201,0.66306,0.66181,0.66269,2833.55
2023.06.30 07:00:00,0.66269,0.66302,0.66242,0.66276,2658.43
2023.06.30 08:00:00,0.6628,0.66373,0.66279,0.6629,3090.85
2023.06.30 09:00:00,0.6629,0.66303,0.66185,0.6628,3570.91
2023.06.30 10:00:00,0.6628,0.66296,0.66167,0.66209,5324.9
2023.06.30 11:00:00,0.66211,0.66252,0.66136,0.66177,3613.42
2023.06.30 12:00:00,0.66177,0.66238,0.66167,0.66223,3179.1
2023.06.30 13:00:00,0.66223,0.66255,0.66165,0.66201,2756.78
2023.06.30 14:00:00,0.66203,0.66239,0.66178,0.6619,2666.69
2023.06.30 15:00:00,0.66191,0.66515,0.66188,0.66437,8046.27
2023.06.30 16:00:00,0.66436,0.66563,0.66397,0.66498,8283.12
2023.06.30 17:00:00,0.66502,0.66647,0.66479,0.66549,10288.8
2023.06.30 18:00:00,0.66549,0.66636,0.66531,0.66615,6829.5
2023.06.30 19:00:00,0.66615,0.66687,0.66575,0.66683,3302.39
2023.06.30 20:00:00,0.66683,0.66711,0.66621,0.66642,2496.09
2023.06.30 21:00:00,0.66643,0.66679,0.66608,0.66633,1429.55
2023.06.30 22:00:00,0.66631,0.66649,0.66593,0.66596,1875.7
2023.06.30 23:00:00,0.66597,0.66645,0.66547,0.66594,3047.27
2023.07.03 00:00:00,0.66599,0.66624,0.66579,0.66624,135.86
2023.07.03 01:00:00,0.66623,0.66636,0.66585,0.66595,760.01
2023.07.03 02:00:00,0.66602,0.66612,0.66567,0.66577,937.07
2023.07.03 03:00:00,0.66578,0.66643,0.6652,0.66534,2803.41
2023.07.03 04:00:00,0.66532,0.6667,0.66475,0.66526,5068.29
2023.07.03 05:00:00,0.66528,0.66534,0.66366,0.66453,3104.72
2023.07.03 06:00:00,0.66454,0.6663,0.66438,0.66629,2570.92
2023.07.03 07:00:00,0.6663,0.66735,0.6663,0.66704,2468.49
2023.07.03 08:00:00,0.66702,0.66747,0.66612,0.66622,3510.29
2023.07.03 09:00:00,0.66623,0.66651,0.66398,0.66495,4327.62
2023.07.03 10:00:00,0.66494,0.6653,0.66391,0.66413,4880.5
2023.07.03 11:00:00,0.66411,0.66594,0.66397,0.66566,3495.1
2023.07.03 12:00:00,0.66565,0.66591,0.66473,0.66478,2984.84
2023.07.03 13:00:00,0.66475,0.66558,0.66459,0.66544,3411.46
2023.07.03 14:00:00,0.66543,0.66546,0.66465,0.66498,3385.7
2023.07.03 15:00:00,0.66497,0.66654,0.66456,0.6662,3634.06
2023.07.03 16:00:00,0.66618,0.66785,0.66589,0.66765,5622.05
2023.07.03 17:00:00,0.66776,0.66914,0.66701,0.66823,9152.23
2023.07.03 18:00:00,0.66822,0.6684,0.66762,0.66766,4499.4
2023.07.03 19:00:00,0.66765,0.66794,0.66726,0.66726,2693.22
2023.07.03 20:00:00,0.66726,0.66776,0.66715,0.66715,711.03
2023.07.03 21:00:00,0.66716,0.66726,0.66707,0.66721,606.62
2023.07.03 22:00:00,0.66723,0.66731,0.66696,0.66706,461.2
2023.07.03 23:00:00,0.66706,0.66721,0.66692,0.66696,560.25
2023.07.04 00:00:00,0.66696,0.66703,0.66607,0.66687,692.28
2023.07.04 01:00:00,0.66692,0.66716,0.66688,0.66708,484.18
2023.07.04 02:00:00,0.66708,0.66768,0.66702,0.66735,789.83
2023.07.04 03:00:00,0.66736,0.66834,0.66718,0.66783,2326.13
2023.07.04 04:00:00,0.66783,0.66827,0.66686,0.66821,3655.2
2023.07.04 05:00:00,0.66823,0.6683,0.66697,0.66723,2308.88
2023.07.04 06:00:00,0.66723,0.66796,0.66708,0.66755,2035.92
2023.07.04 07:00:00,0.66756,0.66869,0.66429,0.66461,6425.02
2023.07.04 08:00:00,0.6646,0.66562,0.6641,0.6653,3090.19
2023.07.04 09:00:00,0.66529,0.66792,0.66503,0.66779,4334.72
2023.07.04 10:00:00,0.66781,0.6688,0.66769,0.66794,4274.68
2023.07.04 11:00:00,0.66798,0.66849,0.66725,0.66792,2607.13
2023.07.04 12:00:00,0.66793,0.66871,0.66781,0.66861,2459.63
2023.07.04 13:00:00,0.66863,0.66899,0.6682,0.66821,2369.11
2023.07.04 14:00:00,0.66822,0.66921,0.6682,0.66879,1819.67
2023.07.04 15:00:00,0.66878,0.66947,0.66855,0.66939,1860.43
2023.07.04 16:00:00,0.66938,0.66971,0.66895,0.66933,2327.73
2023.07.04 17:00:00,0.66933,0.6699,0.66918,0.66987,2897.28
2023.07.04 18:00:00,0.66987,0.6705,0.66947,0.67033,2169.82
2023.07.04 19:00:00,0.67033,0.67036,0.66938,0.66953,1673.33
2023.07.04 20:00:00,0.66955,0.66979,0.66947,0.66949,546.8
2023.07.04 21:00:00,0.66949,0.66967,0.66939,0.66939,159.77
2023.07.04 22:00:00,0.66941,0.66942,0.66915,0.66933,380.94
2023.07.04 23:00:00,0.66934,0.66958,0.66893,0.66893,603.3
2023.07.05 00:00:00,0.66886,0.6694,0.6685,0.66895,853.78
2023.07.05 01:00:00,0.66891,0.6693,0.66891,0.66915,1047.22
2023.07.05 02:00:00,0.66919,0.66938,0.66905,0.6693,803.52
2023.07.05 03:00:00,0.6693,0.66981,0.66916,0.66935,2597.67
2023.07.05 04:00:00,0.66935,0.66969,0.66826,0.66839,3994.44
2023.07.05 05:00:00,0.66838,0.66853,0.66787,0.66852,3190.34
2023.07.05 06:00:00,0.66851,0.66865,0.66822,0.66841,1862.76
2023.07.05 07:00:00,0.6684,0.66851,0.668,0.66807,1858.55
2023.07.05 08:00:00,0.66805,0.66892,0.66753,0.66853,2704.04
2023.07.05 09:00:00,0.66855,0.6688,0.66729,0.66777,3083.09
2023.07.05 10:00:00,0.66778,0.66867,0.66773,0.66813,4084.68
2023.07.05 11:00:00,0.66812,0.66826,0.66642,0.66714,4857.05
2023.07.05 12:00:00,0.66712,0.66778,0.66682,0.66719,4391.66
2023.07.05 13:00:00,0.66721,0.66731,0.66576,0.66603,3556.64
2023.07.05 14:00:00,0.66604,0.66665,0.66583,0.66627,2760.2
2023.07.05 15:00:00,0.66626,0.66687,0.66573,0.66651,4025.59
2023.07.05 16:00:00,0.66652,0.66845,0.66646,0.6668,7063.65
2023.07.05 17:00:00,0.6668,0.66755,0.66606,0.667,5915.54
2023.07.05 18:00:00,0.66702,0.66708,0.66614,0.6662,4432.59
2023.07.05 19:00:00,0.66618,0.66689,0.66587,0.66622,2500.87
2023.07.05 20:00:00,0.66622,0.6668,0.66606,0.66638,1998.92
2023.07.05 21:00:00,0.66637,0.66701,0.66532,0.66533,3807.26
2023.07.05 22:00:00,0.66535,0.66588,0.66535,0.66552,1915.74
2023.07.05 23:00:00,0.66553,0.6657,0.66525,0.66534,843.61
2023.07.06 00:00:00,0.66532,0.66545,0.66517,0.66539,303.55
2023.07.06 01:00:00,0.66537,0.6655,0.66518,0.66523,560.7
2023.07.06 02:00:00,0.66523,0.66555,0.66514,0.66544,609.29
2023.07.06 03:00:00,0.66545,0.66564,0.665,0.66536,2278.67
2023.07.06 04:00:00,0.66536,0.66626,0.66515,0.66623,3850.02
2023.07.06 05:00:00,0.66624,0.66716,0.66589,0.66682,3375.25
2023.07.06 06:00:00,0.66682,0.66688,0.66498,0.66508,2614.27
2023.07.06 07:00:00,0.66509,0.6654,0.6633,0.66528,3799.15
2023.07.06 08:00:00,0.66528,0.66597,0.66489,0.66592,4525.84
2023.07.06 09:00:00,0.66592,0.66866,0.66588,0.6684,5153.75
2023.07.06 10:00:00,0.66838,0.66856,0.66695,0.66705,6253.94
2023.07.06 11:00:00,0.66705,0.66726,0.66629,0.66689,3759.74
2023.07.06 12:00:00,0.66688,0.66749,0.66597,0.66626,2750.98
2023.07.06 13:00:00,0.66626,0.66821,0.66626,0.66795,4133.57
2023.07.06 14:00:00,0.66795,0.66876,0.66773,0.66857,4076.01
2023.07.06 15:00:00,0.66859,0.66863,0.66313,0.66387,12906.23
2023.07.06 16:00:00,0.6639,0.66472,0.66252,0.66309,9012.67
2023.07.06 17:00:00,0.66308,0.66308,0.65988,0.66153,12864.04
2023.07.06 18:00:00,0.66153,0.66211,0.66103,0.66174,6679.52
2023.07.06 19:00:00,0.66174,0.6625,0.66174,0.66207,3125.07
2023.07.06 20:00:00,0.66207,0.66262,0.66188,0.66248,2017.36
2023.07.06 21:00:00,0.66248,0.66272,0.66212,0.66251,1146.43
2023.07.06 22:00:00,0.66249,0.66271,0.66235,0.66252,982.12
2023.07.06 23:00:00,0.6625,0.6626,0.66233,0.66243,658.19
2023.07.07 00:00:00,0.66239,0.66248,0.66134,0.66239,535.44
2023.07.07 01:00:00,0.66239,0.66271,0.66229,0.66262,551.11
2023.07.07 02:00:00,0.66266,0.66308,0.66264,0.66281,1036.09
2023.07.07 03:00:00,0.66282,0.66293,0.66198,0.66246,3424.76
2023.07.07 04:00:00,0.66247,0.66346,0.66243,0.66315,3992.39
2023.07.07 05:00:00,0.66313,0.6634,0.66247,0.6626,3104.78
2023.07.07 06:00:00,0.6626,0.6636,0.66256,0.66312,2384.23
2023.07.07 07:00:00,0.66313,0.664,0.66289,0.66354,1480.28
2023.07.07 08:00:00,0.66355,0.66427,0.66332,0.66344,3431.45
2023.07.07 09:00:00,0.66344,0.6642,0.66289,0.66298,3670.26
2023.07.07 10:00:00,0.66297,0.66333,0.66247,0.66313,5733.47
2023.07.07 11:00:00,0.66312,0.66409,0.66258,0.66396,4671.1
2023.07.07 12:00:00,0.66397,0.66445,0.66387,0.66407,3467.09
2023.07.07 13:00:00,0.66406,0.66495,0.66373,0.66447,3083.97
2023.07.07 14:00:00,0.66447,0.66457,0.66349,0.66349,2769.23
2023.07.07 15:00:00,0.6635,0.66589,0.66223,0.66312,13038.4
2023.07.07 16:00:00,0.6631,0.66684,0.66191,0.66595,14727.49
2023.07.07 17:00:00,0.66596,0.66842,0.66507,0.66826,10926.15
2023.07.07 18:00:00,0.66826,0.6686,0.6678,0.66839,5838.83
2023.07.07 19:00:00,0.66841,0.67002,0.66832,0.66998,3366.68
2023.07.07 20:00:00,0.66996,0.67002,0.66913,0.66939,2407.62
2023.07.07 21:00:00,0.66939,0.6696,0.66915,0.66937,1911.78
2023.07.07 22:00:00,0.66937,0.66948,0.66839,0.66843,2142.12
2023.07.07 23:00:00,0.66844,0.66923,0.66844,0.66868,1755.86
2023.07.10 00:00:00,0.66819,0.6689,0.6674,0.66883,1800.99
2023.07.10 01:00:00,0.66885,0.66954,0.66869,0.66882,1358.98
2023.07.10 02:00:00,0.66882,0.66893,0.66837,0.66875,1312.54
2023.07.10 03:00:00,0.66874,0.66917,0.66801,0.66824,3562.48
2023.07.10 04:00:00,0.66823,0.66952,0.66753,0.66855,5514.84
2023.07.10 05:00:00,0.66856,0.669,0.66752,0.66786,4093.8
2023.07.10 06:00:00,0.66786,0.66817,0.66623,0.66651,3715.67
2023.07.10 07:00:00,0.66651,0.66718,0.66611,0.66654,2340.07
2023.07.10 08:00:00,0.66655,0.66676,0.6654,0.66549,3036.97
2023.07.10 09:00:00,0.66549,0.66576,0.66453,0.6648,3714.36
2023.07.10 10:00:00,0.66482,0.66554,0.66404,0.66494,4044.59
2023.07.10 11:00:00,0.66495,0.6654,0.66429,0.66462,3330.88
2023.07.10 12:00:00,0.66462,0.66462,0.6634,0.66364,2767.24
2023.07.10 13:00:00,0.66365,0.66435,0.66323,0.66411,2236.97
2023.07.10 14:00:00,0.66412,0.66465,0.664,0.66432,2773.71
2023.07.10 15:00:00,0.66431,0.66458,0.66231,0.6626,4862.42
2023.07.10 16:00:00,0.66261,0.66592,0.66261,0.6656,7055.42
2023.07.10 17:00:00,0.66561,0.66624,0.66469,0.66559,6942.23
2023.07.10 18:00:00,0.66559,0.66692,0.66525,0.66668,4395.35
2023.07.10 19:00:00,0.66669,0.66717,0.66629,0.66713,2614.14
2023.07.10 20:00:00,0.66713,0.66799,0.66713,0.66785,2480.64
2023.07.10 21:00:00,0.66786,0.66791,0.66713,0.66767,1861.71
2023.07.10 22:00:00,0.66766,0.66787,0.66753,0.66767,1417.69
2023.07.10 23:00:00,0.66768,0.66781,0.66741,0.66745,815.18
2023.07.11 00:00:00,0.66741,0.66774,0.66583,0.66741,848.25
2023.07.11 01:00:00,0.66741,0.66777,0.6674,0.66747,1159.5
2023.07.11 02:00:00,0.66745,0.66781,0.66733,0.66761,1286.09
2023.07.11 03:00:00,0.66762,0.66905,0.66736,0.66859,3831.1
2023.07.11 04:00:00,0.6686,0.66916,0.66818,0.66837,4573.5
2023.07.11 05:00:00,0.66837,0.66896,0.66757,0.66891,4962.08
2023.07.11 06:00:00,0.66891,0.66899,0.66803,0.66871,2752.56
2023.07.11 07:00:00,0.66869,0.66914,0.66838,0.66888,3339.91
2023.07.11 08:00:00,0.66887,0.66947,0.66762,0.66782,3935.09
2023.07.11 09:00:00,0.66783,0.66939,0.66783,0.66906,8639.08
2023.07.11 10:00:00,0.66907,0.66917,0.6671,0.66724,5897.09
2023.07.11 11:00:00,0.66724,0.66822,0.66609,0.66646,4460.45
2023.07.11 12:00:00,0.66648,0.66751,0.66625,0.66743,3633.16
2023.07.11 13:00:00,0.66742,0.66774,0.66656,0.66659,2898.09
2023.07.11 14:00:00,0.66659,0.66715,0.66596,0.66637,2916.73
2023.07.11 15:00:00,0.66638,0.66666,0.6652,0.6655,4701.54
2023.07.11 16:00:00,0.6655,0.66642,0.66507,0.66608,6296.63
2023.07.11 17:00:00,0.66609,0.66661,0.66503,0.66527,5863.12
2023.07.11 18:00:00,0.66527,0.66638,0.66509,0.66622,3456.88
2023.07.11 19:00:00,0.66622,0.66691,0.6662,0.66689,2198.84
2023.07.11 20:00:00,0.6669,0.66747,0.66689,0.66708,1913.39
2023.07.11 21:00:00,0.66709,0.66809,0.6667,0.66797,2032.52
2023.07.11 22:00:00,0.66797,0.66852,0.66783,0.66848,2144.06
2023.07.11 23:00:00,0.66847,0.66879,0.6684,0.6685,1199.97
2023.07.12 00:00:00,0.66849,0.66858,0.66757,0.66844,551.45
2023.07.12 01:00:00,0.66843,0.66911,0.66834,0.66905,1174.22
2023.07.12 02:00:00,0.66905,0.66948,0.66902,0.66927,1271.67
2023.07.12 03:00:00,0.66925,0.67177,0.6691,0.67111,6009.03
2023.07.12 04:00:00,0.6711,0.67254,0.67103,0.6722,6945.46
2023.07.12 05:00:00,0.67218,0.67414,0.67149,0.67361,6174.25
2023.07.12 06:00:00,0.67363,0.67366,0.67161,0.67182,4759.54
2023.07.12 07:00:00,0.67183,0.67264,0.67175,0.67217,2536.7
2023.07.12 08:00:00,0.67217,0.67229,0.67008,0.67063,4229.4
2023.07.12 09:00:00,0.67062,0.67175,0.67033,0.67052,4153.82
2023.07.12 10:00:00,0.6705,0.67073,0.66822,0.66879,4916.77
2023.07.12 11:00:00,0.66878,0.66898,0.66834,0.66872,3133.16
2023.07.12 12:00:00,0.66868,0.6694,0.66839,0.66937,2600.77
2023.07.12 13:00:00,0.66941,0.66947,0.66866,0.66889,2557.9
2023.07.12 14:00:00,0.66889,0.66932,0.66832,0.66876,2962.93
2023.07.12 15:00:00,0.66877,0.67507,0.66842,0.67287,16226.84
2023.07.12 16:00:00,0.67287,0.67759,0.67272,0.67749,15829.2
2023.07.12 17:00:00,0.67746,0.67948,0.6767,0.67921,13263.74
2023.07.12 18:00:00,0.6792,0.67926,0.67732,0.67815,6837.39
2023.07.12 19:00:00,0.67813,0.67938,0.67785,0.67922,4777.19
2023.07.12 20:00:00,0.67921,0.67957,0.67845,0.67883,3315.18
2023.07.12 21:00:00,0.67883,0.67932,0.67862,0.6792,2737.45
2023.07.12 22:00:00,0.67919,0.67929,0.67836,0.67894,2542.4
2023.07.12 23:00:00,0.67893,0.67918,0.67833,0.67833,1020.65
2023.07.13 00:00:00,0.67739,0.67901,0.67735,0.67855,673.07
2023.07.13 01:00:00,0.67855,0.67914,0.67855,0.67883,851.07
2023.07.13 02:00:00,0.67881,0.67927,0.67861,0.67919,1254.59
2023.07.13 03:00:00,0.67921,0.67991,0.6788,0.67884,3285.42
2023.07.13 04:00:00,0.67882,0.68009,0.67848,0.67993,4908.38
2023.07.13 05:00:00,0.67993,0.68061,0.67902,0.68044,4644.53
2023.07.13 06:00:00,0.68044,0.68169,0.68018,0.68144,4068.6
2023.07.13 07:00:00,0.68142,0.68198,0.68088,0.681,2995.01
2023.07.13 08:00:00,0.68098,0.68194,0.68052,0.68055,4801.06
2023.07.13 09:00:00,0.68054,0.68343,0.68043,0.68337,5838.72
2023.07.13 10:00:00,0.68337,0.68421,0.68253,0.68416,6620.79
2023.07.13 11:00:00,0.68418,0.68502,0.68348,0.68432,4961.68
2023.07.13 12:00:00,0.68432,0.68519,0.68378,0.68518,3287.07
2023.07.13 13:00:00,0.6852,0.68579,0.6846,0.68576,3402
2023.07.13 14:00:00,0.68578,0.68604,0.68522,0.68569,2868.72
2023.07.13 15:00:00,0.68572,0.68698,0.68407,0.6865,11749.46
2023.07.13 16:00:00,0.6865,0.68894,0.68631,0.68884,9661.69
2023.07.13 17:00:00,0.68885,0.68942,0.68764,0.68942,7502.36
2023.07.13 18:00:00,0.68943,0.68944,0.68686,0.6871,4714.33
2023.07.13 19:00:00,0.6871,0.68793,0.68693,0.68778,2999.57
2023.07.13 20:00:00,0.68778,0.68864,0.68746,0.68858,1854.54
2023.07.13 21:00:00,0.68854,0.68923,0.68838,0.68913,1951.48
2023.07.13 22:00:00,0.68911,0.68912,0.6887,0.68873,1560.6
2023.07.13 23:00:00,0.68872,0.68897,0.68852,0.68879,1056.33
2023.07.14 00:00:00,0.68879,0.68879,0.68742,0.68854,466.84
2023.07.14 01:00:00,0.68854,0.68907,0.68854,0.6888,756.39
2023.07.14 02:00:00,0.6888,0.68921,0.68844,0.68878,1824.03
2023.07.14 03:00:00,0.6888,0.68919,0.68772,0.68772,4316.37
2023.07.14 04:00:00,0.68774,0.68898,0.68751,0.68882,5270.24
2023.07.14 05:00:00,0.68884,0.68923,0.68841,0.68861,4056.96
2023.07.14 06:00:00,0.68861,0.68946,0.68848,0.68927,3108.25
2023.07.14 07:00:00,0.68926,0.68944,0.68847,0.68908,2408.64
2023.07.14 08:00:00,0.68906,0.68915,0.6881,0.68884,3965.5
2023.07.14 09:00:00,0.68882,0.68897,0.68614,0.68627,4640.5
2023.07.14 10:00:00,0.68628,0.68752,0.68628,0.68749,4266.33
2023.07.14 11:00:00,0.6875,0.68791,0.68702,0.68715,3403.71
2023.07.14 12:00:00,0.68716,0.68793,0.687,0.68702,2931.47
2023.07.14 13:00:00,0.68703,0.68731,0.68649,0.68719,3425.27
2023.07.14 14:00:00,0.68721,0.68746,0.68647,0.6866,2875.11
2023.07.14 15:00:00,0.68658,0.6867,0.68544,0.68651,5487.92
2023.07.14 16:00:00,0.68651,0.68697,0.68519,0.68671,7242.25
2023.07.14 17:00:00,0.68663,0.68663,0.68418,0.68572,18618.93
2023.07.14 18:00:00,0.6857,0.68575,0.68401,0.68416,5810.17
2023.07.14 19:00:00,0.68417,0.68504,0.684,0.68475,3588.56
2023.07.14 20:00:00,0.68476,0.68487,0.68415,0.68454,3510.66
2023.07.14 21:00:00,0.68455,0.68467,0.68365,0.68394,1634.66
2023.07.14 22:00:00,0.68396,0.68399,0.68301,0.68331,2855.79
2023.07.14 23:00:00,0.68329,0.68381,0.683,0.68348,2540.03
2023.07.17 00:00:00,0.68412,0.68416,0.68264,0.68352,388.85
2023.07.17 01:00:00,0.68351,0.68379,0.68306,0.68308,1128.4
2023.07.17 02:00:00,0.68312,0.68394,0.68294,0.68368,1318.98
2023.07.17 03:00:00,0.68367,0.68378,0.68299,0.68308,2891.78
2023.07.17 04:00:00,0.68309,0.68352,0.68163,0.68169,5024.7
2023.07.17 05:00:00,0.68143,0.68276,0.68105,0.68222,4625.67
2023.07.17 06:00:00,0.68223,0.68233,0.6806,0.68081,2934.76
2023.07.17 07:00:00,0.68079,0.68178,0.68061,0.6817,2100.5
2023.07.17 08:00:00,0.68168,0.682,0.68108,0.68124,2981.32
2023.07.17 09:00:00,0.68123,0.6815,0.68036,0.68104,3692.05
2023.07.17 10:00:00,0.68106,0.68176,0.68073,0.68167,4147.95
2023.07.17 11:00:00,0.68169,0.68236,0.68104,0.68151,3321.9
2023.07.17 12:00:00,0.68152,0.68193,0.68066,0.68097,3861.01
2023.07.17 13:00:00,0.68098,0.68147,0.68092,0.68125,2329.49
2023.07.17 14:00:00,0.68125,0.68189,0.68113,0.68144,2310.98
2023.07.17 15:00:00,0.68144,0.68169,0.67942,0.67998,6141.84
2023.07.17 16:00:00,0.68002,0.68083,0.6787,0.68074,7137.4
2023.07.17 17:00:00,0.68077,0.68165,0.68047,0.68165,6920.53
2023.07.17 18:00:00,0.68166,0.6822,0.68122,0.68198,3383.61
2023.07.17 19:00:00,0.68199,0.68234,0.6819,0.68218,1894.87
2023.07.17 20:00:00,0.68217,0.68282,0.68191,0.68234,1653.82
2023.07.17 21:00:00,0.68235,0.68238,0.68194,0.68231,908.31
2023.07.17 22:00:00,0.68231,0.68255,0.68205,0.68224,1019.46
2023.07.17 23:00:00,0.68222,0.68225,0.68143,0.6815,830.73
2023.07.18 00:00:00,0.68132,0.68168,0.68113,0.68135,2975.11
2023.07.18 01:00:00,0.68139,0.68179,0.68139,0.68169,657.8
2023.07.18 02:00:00,0.68169,0.68181,0.68092,0.68096,1412.39
2023.07.18 03:00:00,0.68095,0.68187,0.68069,0.6811,3508.08
2023.07.18 04:00:00,0.68112,0.68319,0.68071,0.68164,7462.2
2023.07.18 05:00:00,0.68163,0.68287,0.68147,0.68286,5631.43
2023.07.18 06:00:00,0.68284,0.68368,0.6822,0.6827,3886
2023.07.18 07:00:00,0.68269,0.68348,0.6821,0.68227,2825.46
2023.07.18 08:00:00,0.6823,0.68339,0.68203,0.68218,3905.14
2023.07.18 09:00:00,0.68219,0.68252,0.68061,0.68249,4588.51
2023.07.18 10:00:00,0.6825,0.68308,0.68059,0.68062,6643.58
2023.07.18 11:00:00,0.68064,0.68171,0.68049,0.68077,4769.87
2023.07.18 12:00:00,0.68078,0.68187,0.68052,0.68185,3693.35
2023.07.18 13:00:00,0.68186,0.6822,0.68122,0.68155,3407.95
2023.07.18 14:00:00,0.68156,0.68159,0.67968,0.68042,4500.9
2023.07.18 15:00:00,0.68043,0.68222,0.67885,0.68025,14558.47
2023.07.18 16:00:00,0.68026,0.68065,0.67899,0.68057,15145.69
2023.07.18 17:00:00,0.68058,0.68293,0.68047,0.68262,10436.52
2023.07.18 18:00:00,0.68261,0.68275,0.68116,0.68153,5539.74
2023.07.18 19:00:00,0.68154,0.68167,0.68027,0.68037,2887.78
2023.07.18 20:00:00,0.68035,0.68072,0.68017,0.68063,2289.69
2023.07.18 21:00:00,0.68063,0.68134,0.68015,0.68129,2011.3
2023.07.18 22:00:00,0.68129,0.68131,0.6808,0.68114,2654.36
2023.07.18 23:00:00,0.68114,0.6812,0.68083,0.68101,1424.71
2023.07.19 00:00:00,0.68001,0.68132,0.68001,0.68103,1826.53
2023.07.19 01:00:00,0.68109,0.68197,0.68102,0.68187,1789.7
2023.07.19 02:00:00,0.68189,0.68192,0.68107,0.68128,2049.86
2023.07.19 03:00:00,0.68127,0.68191,0.6805,0.68053,3932.29
2023.07.19 04:00:00,0.68051,0.68102,0.67951,0.68009,7345.47
2023.07.19 05:00:00,0.6801,0.68013,0.67821,0.67834,6552.89
2023.07.19 06:00:00,0.67833,0.67899,0.67821,0.67858,3268.11
2023.07.19 07:00:00,0.67858,0.67869,0.67782,0.67848,2663.72
2023.07.19 08:00:00,0.67849,0.67986,0.67845,0.67955,3585.37
2023.07.19 09:00:00,0.67955,0.6796,0.67682,0.6789,10095.99
2023.07.19 10:00:00,0.67891,0.67955,0.67835,0.67836,7850.35
2023.07.19 11:00:00,0.67838,0.67882,0.67632,0.67659,6509.02
2023.07.19 12:00:00,0.67658,0.67755,0.67628,0.67682,4198.67
2023.07.19 13:00:00,0.67683,0.67701,0.6757,0.67624,3863.28
2023.07.19 14:00:00,0.67625,0.67667,0.67548,0.67635,3957.67
2023.07.19 15:00:00,0.67635,0.6772,0.67625,0.67689,5726.54
2023.07.19 16:00:00,0.67688,0.67877,0.67687,0.67802,8090.8
2023.07.19 17:00:00,0.67801,0.67815,0.67535,0.67568,12417.79
2023.07.19 18:00:00,0.67566,0.67668,0.67496,0.67622,7974.81
2023.07.19 19:00:00,0.67624,0.67672,0.67593,0.67663,5492.67
2023.07.19 20:00:00,0.67664,0.67733,0.6765,0.67707,3926.28
2023.07.19 21:00:00,0.67705,0.67756,0.6767,0.6775,3338.05
2023.07.19 22:00:00,0.67749,0.67775,0.67715,0.67736,2759.24
2023.07.19 23:00:00,0.67741,0.67744,0.6769,0.67696,1000.05
2023.07.20 00:00:00,0.67695,0.67733,0.67533,0.67712,1472.15
2023.07.20 01:00:00,0.67715,0.67715,0.67647,0.67668,1109.54
2023.07.20 02:00:00,0.67668,0.67707,0.67663,0.67707,1208.92
2023.07.20 03:00:00,0.67707,0.67879,0.677,0.67848,3150.87
2023.07.20 04:00:00,0.67849,0.68329,0.67839,0.68256,10963.22
2023.07.20 05:00:00,0.68257,0.68396,0.68214,0.68377,9383.45
2023.07.20 06:00:00,0.68375,0.6838,0.68229,0.68311,7540.54
2023.07.20 07:00:00,0.68311,0.68356,0.6827,0.68315,3374.13
2023.07.20 08:00:00,0.68317,0.68339,0.68228,0.68273,6350.62
2023.07.20 09:00:00,0.68271,0.68283,0.68059,0.68204,8026.97
2023.07.20 10:00:00,0.68202,0.68287,0.68165,0.68222,8195.82
2023.07.20 11:00:00,0.68223,0.68348,0.68221,0.68307,5803.01
2023.07.20 12:00:00,0.68306,0.68364,0.68265,0.68327,3389.86
2023.07.20 13:00:00,0.68328,0.68464,0.68288,0.68377,3265.58
2023.07.20 14:00:00,0.68375,0.68381,0.68262,0.68262,4461.71
2023.07.20 15:00:00,0.68262,0.68263,0.68043,0.68126,10146.28
2023.07.20 16:00:00,0.68126,0.6818,0.68038,0.68147,9096.29
2023.07.20 17:00:00,0.68146,0.68178,0.67715,0.67849,12466.36
2023.07.20 18:00:00,0.67846,0.67895,0.67707,0.6777,5045.59
2023.07.20 19:00:00,0.67772,0.67816,0.67699,0.67729,4398.23
2023.07.20 20:00:00,0.6773,0.67872,0.6773,0.6783,3066.31
2023.07.20 21:00:00,0.6783,0.67859,0.67795,0.67807,2949.12
2023.07.20 22:00:00,0.67806,0.67816,0.6776,0.6779,2591.99
2023.07.20 23:00:00,0.67789,0.67796,0.67767,0.67769,1132.18
2023.07.21 00:00:00,0.67767,0.67807,0.67709,0.67781,877.45
2023.07.21 01:00:00,0.67791,0.67813,0.67758,0.67765,1269.59
2023.07.21 02:00:00,0.67765,0.67808,0.67748,0.67779,1450.42
2023.07.21 03:00:00,0.67779,0.6778,0.6768,0.67742,3650.74
2023.07.21 04:00:00,0.67742,0.67756,0.67586,0.67689,8012.86
2023.07.21 05:00:00,0.67691,0.67806,0.67682,0.67793,4622.03
2023.07.21 06:00:00,0.67792,0.67832,0.67724,0.67738,2973.13
2023.07.21 07:00:00,0.67735,0.67792,0.67722,0.67782,2386.08
2023.07.21 08:00:00,0.67781,0.67809,0.67699,0.67752,3233.53
2023.07.21 09:00:00,0.67751,0.67874,0.67717,0.67818,6016.12
2023.07.21 10:00:00,0.67817,0.67868,0.67559,0.67567,10791.27
2023.07.21 11:00:00,0.67567,0.67569,0.67438,0.67459,5654.22
2023.07.21 12:00:00,0.67459,0.67535,0.67437,0.67524,4626.23
2023.07.21 13:00:00,0.67526,0.67551,0.67479,0.67512,2770.53
2023.07.21 14:00:00,0.67512,0.67521,0.67335,0.67335,3120.8
2023.07.21 15:00:00,0.67335,0.67426,0.67328,0.67335,5181.99
2023.07.21 16:00:00,0.67335,0.67422,0.67278,0.67299,8059.7
2023.07.21 17:00:00,0.673,0.6732,0.67219,0.67291,7229.39
2023.07.21 18:00:00,0.67291,0.6737,0.67262,0.67356,4398.26
2023.07.21 19:00:00,0.67356,0.67377,0.67319,0.67369,2672.71
2023.07.21 20:00:00,0.6737,0.67376,0.67333,0.67336,1504.78
2023.07.21 21:00:00,0.67334,0.67356,0.67303,0.67309,1292
2023.07.21 22:00:00,0.67308,0.67308,0.67262,0.67289,1866.94
2023.07.21 23:00:00,0.67288,0.67316,0.6726,0.6726,1885.82
2023.07.24 00:00:00,0.67273,0.67316,0.67242,0.67315,322.14
2023.07.24 01:00:00,0.67316,0.67331,0.67257,0.6726,1939.5
2023.07.24 02:00:00,0.67259,0.67288,0.67221,0.67248,1466.28
2023.07.24 03:00:00,0.67249,0.67316,0.67209,0.67296,3884.82
2023.07.24 04:00:00,0.67297,0.6732,0.67145,0.67246,6748.45
2023.07.24 05:00:00,0.67246,0.67405,0.67226,0.67331,4443.93
2023.07.24 06:00:00,0.67327,0.67378,0.67303,0.67327,2932.53
2023.07.24 07:00:00,0.67326,0.67336,0.67284,0.67302,1908.28
2023.07.24 08:00:00,0.67301,0.67363,0.67284,0.67362,3347.98
2023.07.24 09:00:00,0.67363,0.67375,0.67259,0.67325,4770.73
2023.07.24 10:00:00,0.67324,0.67407,0.67248,0.67336,6883.45
2023.07.24 11:00:00,0.67336,0.67426,0.67294,0.67305,7087.38
2023.07.24 12:00:00,0.67307,0.67504,0.67303,0.6741,5283.3
2023.07.24 13:00:00,0.6741,0.67483,0.67389,0.6747,3360.71
2023.07.24 14:00:00,0.67469,0.67557,0.67423,0.67425,3425.38
2023.07.24 15:00:00,0.67425,0.67429,0.67262,0.67345,4693.21
2023.07.24 16:00:00,0.67343,0.67423,0.67222,0.67265,10264.57
2023.07.24 17:00:00,0.67265,0.67491,0.67257,0.67479,10572.23
2023.07.24 18:00:00,0.67479,0.67516,0.6739,0.67492,5556.79
2023.07.24 19:00:00,0.6749,0.67503,0.67431,0.67495,3646.53
2023.07.24 20:00:00,0.67495,0.67538,0.67457,0.67473,2600.15
2023.07.24 21:00:00,0.67472,0.67476,0.67369,0.67413,2179.4
2023.07.24 22:00:00,0.67412,0.67427,0.6736,0.67375,2776.74
2023.07.24 23:00:00,0.67376,0.67401,0.67367,0.67373,1073.24
2023.07.25 00:00:00,0.67373,0.67402,0.67234,0.67371,2211.5
2023.07.25 01:00:00,0.67388,0.67408,0.6736,0.67361,830.69
2023.07.25 02:00:00,0.67362,0.67374,0.67311,0.67313,1551.12
2023.07.25 03:00:00,0.67316,0.67344,0.6725,0.67321,4014.95
2023.07.25 04:00:00,0.6732,0.67555,0.67317,0.67523,8267.34
2023.07.25 05:00:00,0.67525,0.67715,0.6749,0.67669,5461.39
2023.07.25 06:00:00,0.67668,0.67675,0.6758,0.67645,4904.11
2023.07.25 07:00:00,0.67642,0.67676,0.67574,0.67576,2706
2023.07.25 08:00:00,0.67574,0.67684,0.67561,0.6768,4433.87
2023.07.25 09:00:00,0.6768,0.67756,0.67659,0.67705,5427.43
2023.07.25 10:00:00,0.67704,0.67735,0.67604,0.67655,6435.11
2023.07.25 11:00:00,0.67656,0.67785,0.67613,0.67772,5323.72
2023.07.25 12:00:00,0.67773,0.67776,0.67607,0.67649,3931.23
2023.07.25 13:00:00,0.67645,0.67689,0.67618,0.67622,3022.45
2023.07.25 14:00:00,0.6762,0.67678,0.6756,0.67646,3850.37
2023.07.25 15:00:00,0.67646,0.6775,0.67616,0.67725,4328.23
2023.07.25 16:00:00,0.67724,0.67752,0.67525,0.67675,6821.36
2023.07.25 17:00:00,0.67674,0.67849,0.67609,0.67835,7492.77
2023.07.25 18:00:00,0.67836,0.67904,0.67809,0.67877,4161.91
2023.07.25 19:00:00,0.67877,0.67923,0.67811,0.67818,3347.54
2023.07.25 20:00:00,0.67816,0.6788,0.67803,0.67854,2635.25
2023.07.25 21:00:00,0.67855,0.67878,0.67825,0.6785,2152.8
2023.07.25 22:00:00,0.67849,0.67914,0.67849,0.67884,2005.06
2023.07.25 23:00:00,0.67885,0.67945,0.6788,0.67903,2209.14
2023.07.26 00:00:00,0.67769,0.67911,0.67687,0.67885,1304.85
2023.07.26 01:00:00,0.67885,0.67925,0.67852,0.67853,1807.8
2023.07.26 02:00:00,0.67852,0.67891,0.67846,0.67869,1668.65
2023.07.26 03:00:00,0.6787,0.67908,0.67741,0.67764,4333.28
2023.07.26 04:00:00,0.67762,0.67806,0.67285,0.675,11178.49
2023.07.26 05:00:00,0.675,0.67635,0.67432,0.67615,4803.57
2023.07.26 06:00:00,0.67617,0.67658,0.67598,0.67622,3386.03
2023.07.26 07:00:00,0.67622,0.67676,0.67584,0.67595,2225.73
2023.07.26 08:00:00,0.67595,0.67678,0.67592,0.67613,3761.93
2023.07.26 09:00:00,0.67612,0.67757,0.67588,0.67719,5430.9
2023.07.26 10:00:00,0.67719,0.67735,0.67614,0.67658,5291.49
2023.07.26 11:00:00,0.67658,0.67698,0.67627,0.67648,4054.37
2023.07.26 12:00:00,0.67647,0.67671,0.67523,0.67592,3233.46
2023.07.26 13:00:00,0.67595,0.67632,0.6755,0.67585,2701.72
2023.07.26 14:00:00,0.67584,0.67592,0.67451,0.67451,2880.09
2023.07.26 15:00:00,0.67451,0.67454,0.67345,0.67361,3799.18
2023.07.26 16:00:00,0.67362,0.6749,0.67306,0.67475,6332.48
2023.07.26 17:00:00,0.67474,0.67569,0.67427,0.67511,8041.45
2023.07.26 18:00:00,0.67512,0.67637,0.67499,0.67543,5210.31
2023.07.26 19:00:00,0.67542,0.67584,0.67508,0.67523,2137.32
2023.07.26 20:00:00,0.67521,0.67521,0.67366,0.67372,2342
2023.07.26 21:00:00,0.67371,0.67831,0.67353,0.67776,23861.55
2023.07.26 22:00:00,0.67774,0.67796,0.67501,0.67651,12437.72
2023.07.26 23:00:00,0.67651,0.67655,0.67566,0.67567,2404.07
2023.07.27 00:00:00,0.67562,0.67593,0.67496,0.67585,1976.8
2023.07.27 01:00:00,0.67578,0.67607,0.67564,0.67575,1497.49
2023.07.27 02:00:00,0.67577,0.67616,0.67553,0.67606,1437.67
2023.07.27 03:00:00,0.67604,0.67717,0.67587,0.67708,3763.57
2023.07.27 04:00:00,0.67708,0.6787,0.67703,0.67859,5702.05
2023.07.27 05:00:00,0.67861,0.6819,0.67857,0.67978,8854.26
2023.07.27 06:00:00,0.67977,0.681,0.67962,0.68086,3966.2
2023.07.27 07:00:00,0.68088,0.68207,0.68088,0.68112,4029.6
2023.07.27 08:00:00,0.6811,0.68119,0.67907,0.67925,4016.18
2023.07.27 09:00:00,0.67924,0.67995,0.67855,0.67951,6102.71
2023.07.27 10:00:00,0.67952,0.68174,0.67933,0.68138,8313.22
2023.07.27 11:00:00,0.68139,0.68185,0.681,0.6812,6572.39
2023.07.27 12:00:00,0.68123,0.68154,0.67953,0.67997,4406.1
2023.07.27 13:00:00,0.67997,0.68,0.6793,0.67951,3978.05
2023.07.27 14:00:00,0.67949,0.68008,0.67871,0.67987,4499.28
2023.07.27 15:00:00,0.67988,0.67988,0.67716,0.67791,13928.18
2023.07.27 16:00:00,0.67789,0.67798,0.67435,0.67509,13519.26
2023.07.27 17:00:00,0.67508,0.67509,0.67211,0.67266,11545.07
2023.07.27 18:00:00,0.67267,0.6741,0.67245,0.67395,6650.64
2023.07.27 19:00:00,0.67396,0.67438,0.67318,0.67355,4416.84
2023.07.27 20:00:00,0.67356,0.67488,0.67274,0.67307,10689.62
2023.07.27 21:00:00,0.67306,0.67319,0.67019,0.67037,5625.78
2023.07.27 22:00:00,0.67036,0.67059,0.66978,0.67019,4413.4
2023.07.27 23:00:00,0.67019,0.67086,0.67007,0.67078,1624.83
2023.07.28 00:00:00,0.6701,0.6709,0.67,0.67073,1222.54
2023.07.28 01:00:00,0.67073,0.67123,0.6707,0.6711,2036.43
2023.07.28 02:00:00,0.67113,0.67131,0.67067,0.67116,2460.23
2023.07.28 03:00:00,0.67114,0.67121,0.66953,0.66971,6080.01
2023.07.28 04:00:00,0.66973,0.67073,0.66855,0.6688,9031.48
2023.07.28 05:00:00,0.66878,0.66923,0.66767,0.6685,5937.59
2023.07.28 06:00:00,0.66849,0.66912,0.6655,0.66653,14808.63
2023.07.28 07:00:00,0.66653,0.66666,0.66424,0.66512,9572.68
2023.07.28 08:00:00,0.66511,0.66702,0.66507,0.66699,6378.58
2023.07.28 09:00:00,0.66697,0.66698,0.66427,0.66433,10433.09
2023.07.28 10:00:00,0.66437,0.6646,0.66242,0.66274,10618.49
2023.07.28 11:00:00,0.66275,0.66444,0.66221,0.66422,6667.2
2023.07.28 12:00:00,0.66423,0.66569,0.664,0.66534,4641.22
2023.07.28 13:00:00,0.66536,0.66581,0.66487,0.66575,3172.76
2023.07.28 14:00:00,0.66573,0.66763,0.66521,0.667,4343.24
2023.07.28 15:00:00,0.66697,0.66852,0.66572,0.66639,11188.83
2023.07.28 16:00:00,0.66638,0.66654,0.66496,0.66544,9906.51
2023.07.28 17:00:00,0.66547,0.66728,0.66542,0.66683,11422.98
2023.07.28 18:00:00,0.66683,0.66692,0.66586,0.66683,6993.09
2023.07.28 19:00:00,0.66684,0.66754,0.66617,0.66617,3568.19
2023.07.28 20:00:00,0.66616,0.66628,0.6645,0.66524,2641.53
2023.07.28 21:00:00,0.66522,0.66589,0.66487,0.66504,2073.25
2023.07.28 22:00:00,0.66504,0.66547,0.66479,0.66523,2059.08
2023.07.28 23:00:00,0.66523,0.66538,0.66452,0.66466,2397.25
2023.07.31 00:00:00,0.66511,0.66579,0.6643,0.66488,1022.55
2023.07.31 01:00:00,0.66491,0.66566,0.66476,0.66554,2327.04
2023.07.31 02:00:00,0.66552,0.66647,0.66543,0.66591,2900.88
2023.07.31 03:00:00,0.66591,0.66689,0.66573,0.66668,4485.44
2023.07.31 04:00:00,0.66669,0.66784,0.6658,0.66637,8615.54
2023.07.31 05:00:00,0.66637,0.66789,0.66595,0.66773,6087.56
2023.07.31 06:00:00,0.66772,0.66812,0.66717,0.66756,5134.43
2023.07.31 07:00:00,0.66758,0.66774,0.66711,0.66748,3251.58
2023.07.31 08:00:00,0.66745,0.66831,0.66705,0.6682,4360.98
2023.07.31 09:00:00,0.66819,0.67,0.66802,0.66899,6284.58
2023.07.31 10:00:00,0.66899,0.66972,0.6685,0.66899,5415.84
2023.07.31 11:00:00,0.66899,0.66935,0.66844,0.6693,4270.5
2023.07.31 12:00:00,0.6693,0.67024,0.66917,0.66997,3511.64
2023.07.31 13:00:00,0.66994,0.6709,0.66967,0.67066,3417.58
2023.07.31 14:00:00,0.67066,0.67116,0.67027,0.67082,3814.37
2023.07.31 15:00:00,0.67083,0.6718,0.67049,0.67117,5034.31
2023.07.31 16:00:00,0.67114,0.67217,0.67028,0.6717,7266.75
2023.07.31 17:00:00,0.67173,0.6739,0.67143,0.67377,9413.58
2023.07.31 18:00:00,0.67376,0.67381,0.67273,0.67288,6125.14
2023.07.31 19:00:00,0.67288,0.67313,0.67222,0.67241,2359.67
2023.07.31 20:00:00,0.67243,0.67288,0.67223,0.67274,1619.98
2023.07.31 21:00:00,0.67274,0.67291,0.67172,0.67173,1831.48
2023.07.31 22:00:00,0.67176,0.67202,0.67135,0.67164,2486.27
2023.07.31 23:00:00,0.67163,0.67181,0.6715,0.6716,1294.52
2023.08.01 00:00:00,0.67158,0.67181,0.67091,0.67161,1729.85
2023.08.01 01:00:00,0.67163,0.67196,0.67163,0.67174,686.22
2023.08.01 02:00:00,0.67175,0.67181,0.67151,0.67156,948.83
2023.08.01 03:00:00,0.67155,0.67231,0.67125,0.67129,2836.22
2023.08.01 04:00:00,0.67129,0.67171,0.67012,0.6705,6530.4
2023.08.01 05:00:00,0.67048,0.67068,0.6689,0.66918,4321.65
2023.08.01 06:00:00,0.66918,0.6698,0.66909,0.66926,3236.59
2023.08.01 07:00:00,0.66924,0.67075,0.66571,0.66749,7843.06
2023.08.01 08:00:00,0.66748,0.66784,0.66653,0.66744,4974.26
2023.08.01 09:00:00,0.66743,0.66743,0.66543,0.6657,4166.17
2023.08.01 10:00:00,0.6657,0.66583,0.66398,0.6644,4868.99
2023.08.01 11:00:00,0.6644,0.66444,0.66249,0.66352,4144.2
2023.08.01 12:00:00,0.66352,0.66394,0.66305,0.66316,3348.87
2023.08.01 13:00:00,0.66317,0.66332,0.6625,0.66319,3016.73
2023.08.01 14:00:00,0.6632,0.66345,0.66252,0.66282,3461.86
2023.08.01 15:00:00,0.66283,0.66293,0.6605,0.66061,5974.45
2023.08.01 16:00:00,0.6606,0.66213,0.66048,0.66156,7127.14
2023.08.01 17:00:00,0.66167,0.66321,0.66062,0.66181,11930.33
2023.08.01 18:00:00,0.6618,0.66217,0.66049,0.66097,6066.93
2023.08.01 19:00:00,0.66098,0.66109,0.66038,0.66055,2650.78
2023.08.01 20:00:00,0.66054,0.66069,0.66017,0.66037,2011.61
2023.08.01 21:00:00,0.66038,0.66117,0.66037,0.66079,2224.21
2023.08.01 22:00:00,0.66078,0.66156,0.66078,0.66123,1866.96
2023.08.01 23:00:00,0.66123,0.66143,0.66109,0.66135,989.61
2023.08.02 00:00:00,0.66116,0.6623,0.66099,0.66215,1574.96
2023.08.02 01:00:00,0.66223,0.66223,0.66158,0.66171,3133.89
2023.08.02 02:00:00,0.6617,0.66192,0.6611,0.6617,3285.37
2023.08.02 03:00:00,0.66171,0.66203,0.66056,0.66141,4568.32
2023.08.02 04:00:00,0.66139,0.66295,0.66131,0.66173,5324.59
2023.08.02 05:00:00,0.66174,0.66196,0.66007,0.66035,6609.69
2023.08.02 06:00:00,0.66034,0.66039,0.65859,0.65923,4430.66
2023.08.02 07:00:00,0.65922,0.65932,0.65779,0.65851,3115.46
2023.08.02 08:00:00,0.65852,0.65922,0.65788,0.65808,3866.72
2023.08.02 09:00:00,0.65806,0.65825,0.65648,0.65759,4137.72
2023.08.02 10:00:00,0.6576,0.65829,0.65679,0.65806,5317.48
2023.08.02 11:00:00,0.65806,0.65853,0.65718,0.65836,4904.71
2023.08.02 12:00:00,0.65835,0.6588,0.65775,0.65829,3258.82
2023.08.02 13:00:00,0.65828,0.65894,0.6574,0.65858,3172.82
2023.08.02 14:00:00,0.65856,0.65917,0.65729,0.65759,3249.37
2023.08.02 15:00:00,0.65757,0.6583,0.65619,0.65625,10044.61
2023.08.02 16:00:00,0.65626,0.65666,0.65527,0.65554,7200.36
2023.08.02 17:00:00,0.65554,0.65614,0.65263,0.65394,10934.32
2023.08.02 18:00:00,0.65392,0.65499,0.65364,0.65408,5788.84
2023.08.02 19:00:00,0.65407,0.65508,0.65394,0.65502,2712.44
2023.08.02 20:00:00,0.65503,0.65534,0.6545,0.65457,2268.92
2023.08.02 21:00:00,0.65457,0.65502,0.65412,0.65448,1561.45
2023.08.02 22:00:00,0.65451,0.65477,0.65366,0.65423,2294.23
2023.08.02 23:00:00,0.65421,0.65426,0.65361,0.6537,1658.46
2023.08.03 00:00:00,0.65293,0.65391,0.65293,0.65357,1646.11
2023.08.03 01:00:00,0.65361,0.65437,0.6536,0.65432,1000.06
2023.08.03 02:00:00,0.65431,0.6545,0.65394,0.6541,1290.78
2023.08.03 03:00:00,0.65409,0.65413,0.65309,0.65347,3103.13
2023.08.03 04:00:00,0.65347,0.65552,0.65309,0.6544,6115.57
2023.08.03 05:00:00,0.65439,0.65462,0.65304,0.65322,4327.72
2023.08.03 06:00:00,0.65323,0.65369,0.65273,0.65361,3549.78
2023.08.03 07:00:00,0.6536,0.65371,0.65259,0.6526,2876.6
2023.08.03 08:00:00,0.65258,0.6542,0.65238,0.65409,5449
2023.08.03 09:00:00,0.65408,0.65409,0.6527,0.6528,6046.96
2023.08.03 10:00:00,0.65279,0.65331,0.6521,0.65281,7785.18
2023.08.03 11:00:00,0.65279,0.65302,0.65137,0.65171,7894.01
2023.08.03 12:00:00,0.65173,0.65334,0.6517,0.65325,4312.81
2023.08.03 13:00:00,0.65323,0.65334,0.65239,0.65282,2931.03
2023.08.03 14:00:00,0.65282,0.65391,0.65232,0.65283,6188.31
2023.08.03 15:00:00,0.65281,0.65484,0.65229,0.65358,9646.66
2023.08.03 16:00:00,0.65358,0.65394,0.65253,0.6527,10744.16
2023.08.03 17:00:00,0.65286,0.65453,0.65249,0.65352,10386.62
2023.08.03 18:00:00,0.65352,0.65586,0.65352,0.65519,5267.32
2023.08.03 19:00:00,0.65517,0.65682,0.65508,0.6561,2514.56
2023.08.03 20:00:00,0.65609,0.65623,0.65494,0.65495,1935.05
2023.08.03 21:00:00,0.65495,0.65521,0.65466,0.65467,1883.74
2023.08.03 22:00:00,0.65468,0.6549,0.65413,0.65452,1756.65
2023.08.03 23:00:00,0.65452,0.65538,0.65446,0.65491,2130.59
2023.08.04 00:00:00,0.65472,0.65522,0.65389,0.65486,1414.94
2023.08.04 01:00:00,0.65486,0.65567,0.65484,0.65562,1861.79
2023.08.04 02:00:00,0.6556,0.65615,0.65549,0.656,1551.83
2023.08.04 03:00:00,0.65599,0.65711,0.65535,0.65709,3260.99
2023.08.04 04:00:00,0.65709,0.65871,0.65679,0.65823,6541.65
2023.08.04 05:00:00,0.65824,0.65854,0.65577,0.65656,6760.56
2023.08.04 06:00:00,0.65656,0.65829,0.6564,0.65701,4361.97
2023.08.04 07:00:00,0.65703,0.65786,0.65675,0.65707,2550.05
2023.08.04 08:00:00,0.6571,0.65789,0.65633,0.65708,3767.38
2023.08.04 09:00:00,0.65708,0.6577,0.65617,0.65635,4949.54
2023.08.04 10:00:00,0.65634,0.65665,0.65572,0.65617,5033.56
2023.08.04 11:00:00,0.65614,0.65646,0.65534,0.65575,3811.13
2023.08.04 12:00:00,0.65577,0.65627,0.65541,0.65585,3482.59
2023.08.04 13:00:00,0.65589,0.65589,0.65464,0.6549,3099.17
2023.08.04 14:00:00,0.65492,0.65499,0.65457,0.65465,2658.21
2023.08.04 15:00:00,0.65465,0.6586,0.65449,0.65758,19172
2023.08.04 16:00:00,0.65757,0.66076,0.65736,0.65897,17577.22
2023.08.04 17:00:00,0.65899,0.66,0.65731,0.65857,11370.79
2023.08.04 18:00:00,0.65859,0.66091,0.65821,0.66033,6287.41
2023.08.04 19:00:00,0.66034,0.66087,0.65987,0.66052,4086.51
2023.08.04 20:00:00,0.66053,0.66058,0.65973,0.65977,2653.4
2023.08.04 21:00:00,0.65976,0.65976,0.65694,0.65722,5908.82
2023.08.04 22:00:00,0.65723,0.65748,0.65619,0.65648,4177.73
2023.08.04 23:00:00,0.65648,0.657,0.65627,0.65663,2920.27
2023.08.07 00:00:00,0.65713,0.65723,0.65661,0.65703,292.29
2023.08.07 01:00:00,0.65702,0.65743,0.65689,0.65738,1826.22
2023.08.07 02:00:00,0.65737,0.65746,0.65677,0.65731,2457.82
2023.08.07 03:00:00,0.6573,0.65826,0.65693,0.65817,5480.9
2023.08.07 04:00:00,0.65816,0.65874,0.65698,0.65872,6390.09
2023.08.07 05:00:00,0.65874,0.65924,0.65842,0.65892,3930.35
2023.08.07 06:00:00,0.65892,0.65916,0.65809,0.65809,3272.65
2023.08.07 07:00:00,0.65809,0.65809,0.65716,0.6573,2493.42
2023.08.07 08:00:00,0.65729,0.65744,0.65637,0.65688,3245.62
2023.08.07 09:00:00,0.65688,0.65764,0.65645,0.65726,3730.13
2023.08.07 10:00:00,0.65725,0.65808,0.65708,0.65785,5210.43
2023.08.07 11:00:00,0.65786,0.65786,0.65571,0.65643,3403.88
2023.08.07 12:00:00,0.65643,0.65689,0.65628,0.6563,3432.27
2023.08.07 13:00:00,0.6563,0.65659,0.65548,0.65576,2932.42
2023.08.07 14:00:00,0.65575,0.6573,0.65573,0.65722,2651.51
2023.08.07 15:00:00,0.65721,0.65802,0.65675,0.65799,3360.52
2023.08.07 16:00:00,0.65798,0.6586,0.65592,0.65599,5480.3
2023.08.07 17:00:00,0.65597,0.65728,0.65559,0.65685,6814.61
2023.08.07 18:00:00,0.65683,0.65698,0.65601,0.65628,4815.41
2023.08.07 19:00:00,0.65627,0.65681,0.65578,0.65678,2414.67
2023.08.07 20:00:00,0.65677,0.65733,0.65648,0.65728,2493.14
2023.08.07 21:00:00,0.65727,0.65765,0.65705,0.6573,2093.63
2023.08.07 22:00:00,0.65732,0.65749,0.65717,0.65734,1552.48
2023.08.07 23:00:00,0.65732,0.65748,0.65714,0.65724,1127.31
2023.08.08 00:00:00,0.65724,0.65744,0.65672,0.65705,1719.58
2023.08.08 01:00:00,0.65701,0.65736,0.65701,0.65723,637.09
2023.08.08 02:00:00,0.65723,0.65747,0.65717,0.65718,1269.91
2023.08.08 03:00:00,0.6572,0.65758,0.65657,0.65678,2756.91
2023.08.08 04:00:00,0.65676,0.65682,0.65364,0.65398,8075.51
2023.08.08 05:00:00,0.65396,0.65564,0.65358,0.65523,6205.67
2023.08.08 06:00:00,0.65523,0.65587,0.65449,0.65453,4983.11
2023.08.08 07:00:00,0.65451,0.65485,0.65399,0.65466,2376.28
2023.08.08 08:00:00,0.65467,0.65503,0.6531,0.65326,4269.93
2023.08.08 09:00:00,0.65324,0.65387,0.65215,0.65226,5137.23
2023.08.08 10:00:00,0.65224,0.65322,0.65208,0.65237,5946.78
2023.08.08 11:00:00,0.65239,0.6527,0.65159,0.65254,4374.6
2023.08.08 12:00:00,0.65254,0.65268,0.65114,0.65137,4153.58
2023.08.08 13:00:00,0.65139,0.65152,0.65037,0.65046,3352.42
2023.08.08 14:00:00,0.65045,0.65121,0.64989,0.65022,4129.81
2023.08.08 15:00:00,0.65022,0.65132,0.64993,0.65078,4935.29
2023.08.08 16:00:00,0.65078,0.65187,0.64961,0.65011,9250.32
2023.08.08 17:00:00,0.65011,0.65174,0.64963,0.65104,7876.23
2023.08.08 18:00:00,0.65105,0.65204,0.65056,0.65128,3781.41
2023.08.08 19:00:00,0.65128,0.65264,0.65126,0.65199,2467.68
2023.08.08 20:00:00,0.652,0.65384,0.65198,0.65347,2888.83
2023.08.08 21:00:00,0.65347,0.65387,0.65311,0.65373,3271.72
2023.08.08 22:00:00,0.65374,0.65434,0.65366,0.6542,2600.83
2023.08.08 23:00:00,0.6542,0.65443,0.6539,0.65429,1174.1
2023.08.09 00:00:00,0.65424,0.65428,0.65347,0.65404,2132.48
2023.08.09 01:00:00,0.65415,0.65428,0.65385,0.65386,2503
2023.08.09 02:00:00,0.65386,0.6539,0.65305,0.65326,1671.28
2023.08.09 03:00:00,0.65327,0.65388,0.65287,0.65291,3540.19
2023.08.09 04:00:00,0.65291,0.65466,0.65278,0.65405,6450.97
2023.08.09 05:00:00,0.65407,0.65625,0.65377,0.65616,4726.76
2023.08.09 06:00:00,0.65616,0.65633,0.65516,0.65532,4731.57
2023.08.09 07:00:00,0.65533,0.65555,0.6549,0.65541,2643.53
2023.08.09 08:00:00,0.65542,0.65587,0.65516,0.65558,3417.96
2023.08.09 09:00:00,0.65557,0.65709,0.65536,0.65662,4494.28
2023.08.09 10:00:00,0.65661,0.65687,0.65513,0.65659,5723.71
2023.08.09 11:00:00,0.6566,0.65686,0.6554,0.65569,3998.57
2023.08.09 12:00:00,0.65568,0.65585,0.65445,0.65465,4165.39
2023.08.09 13:00:00,0.65462,0.65476,0.65376,0.65406,4254.11
2023.08.09 14:00:00,0.65405,0.65463,0.65362,0.65381,3388.79
2023.08.09 15:00:00,0.65379,0.65415,0.65267,0.65327,6378.15
2023.08.09 16:00:00,0.65329,0.65419,0.65304,0.6539,6388.76
2023.08.09 17:00:00,0.65386,0.65493,0.65257,0.65284,8123.33
2023.08.09 18:00:00,0.65285,0.65314,0.65196,0.65237,5588.34
2023.08.09 19:00:00,0.65236,0.65305,0.65227,0.65283,3556.78
2023.08.09 20:00:00,0.65283,0.65411,0.6528,0.65346,3261.1
2023.08.09 21:00:00,0.65345,0.65406,0.65328,0.65369,2506.26
2023.08.09 22:00:00,0.65369,0.65401,0.65302,0.6531,2804.5
2023.08.09 23:00:00,0.6531,0.6533,0.65266,0.65266,2077.8
2023.08.10 00:00:00,0.65262,0.65318,0.65226,0.65295,1085.95
2023.08.10 01:00:00,0.65293,0.65327,0.65283,0.65314,836.68
2023.08.10 02:00:00,0.65314,0.6537,0.65311,0.65347,1241.43
2023.08.10 03:00:00,0.65347,0.65361,0.65284,0.65303,2592.34
2023.08.10 04:00:00,0.65306,0.65419,0.65259,0.65364,4625.96
2023.08.10 05:00:00,0.65362,0.65451,0.65336,0.65356,3866.41
2023.08.10 06:00:00,0.65355,0.65404,0.65326,0.65384,2278.03
2023.08.10 07:00:00,0.65385,0.65457,0.6538,0.65381,2052.19
2023.08.10 08:00:00,0.65381,0.65453,0.6537,0.65448,2743.39
2023.08.10 09:00:00,0.65448,0.65527,0.65416,0.65505,3975.86
2023.08.10 10:00:00,0.65506,0.65626,0.65497,0.65507,5863.11
2023.08.10 11:00:00,0.65507,0.65579,0.65491,0.65513,4078.67
2023.08.10 12:00:00,0.65512,0.65598,0.655,0.65583,2311.17
2023.08.10 13:00:00,0.65584,0.6564,0.65573,0.65628,2592.1
2023.08.10 14:00:00,0.65629,0.65687,0.65616,0.65682,3214.32
2023.08.10 15:00:00,0.65682,0.66164,0.65607,0.65851,18513.06
2023.08.10 16:00:00,0.65849,0.6588,0.65623,0.65839,20033.57
2023.08.10 17:00:00,0.65838,0.65871,0.65534,0.65587,11505.88
2023.08.10 18:00:00,0.65586,0.65608,0.65505,0.65559,7222.48
2023.08.10 19:00:00,0.6556,0.65584,0.65473,0.655,4819.22
2023.08.10 20:00:00,0.65499,0.6551,0.65199,0.6522,7169.84
2023.08.10 21:00:00,0.65219,0.654,0.65209,0.65376,5590.47
2023.08.10 22:00:00,0.65377,0.65381,0.65212,0.6522,4393.99
2023.08.10 23:00:00,0.65221,0.65233,0.65135,0.65135,1626.34
2023.08.11 00:00:00,0.65136,0.65182,0.65128,0.65158,1423.43
2023.08.11 01:00:00,0.65158,0.65188,0.65136,0.65161,1184.68
2023.08.11 02:00:00,0.65164,0.65178,0.65113,0.65113,1238.97
2023.08.11 03:00:00,0.65114,0.65221,0.65091,0.65215,3112.03
2023.08.11 04:00:00,0.65216,0.65332,0.65216,0.65241,5331.39
2023.08.11 05:00:00,0.65238,0.65259,0.65155,0.65199,4487.71
2023.08.11 06:00:00,0.65197,0.65301,0.6519,0.65242,3162.62
2023.08.11 07:00:00,0.65243,0.65257,0.65185,0.65208,2564.71
2023.08.11 08:00:00,0.65207,0.65233,0.65172,0.65192,3626.61
2023.08.11 09:00:00,0.6519,0.65323,0.65162,0.65211,5052.51
2023.08.11 10:00:00,0.65209,0.65296,0.65205,0.65227,4713.25
2023.08.11 11:00:00,0.65225,0.6527,0.65109,0.6522,5659.22
2023.08.11 12:00:00,0.6522,0.65283,0.65172,0.65185,4328.93
2023.08.11 13:00:00,0.65185,0.6527,0.65173,0.65225,2659.47
2023.08.11 14:00:00,0.65223,0.65313,0.65213,0.6528,2712.78
2023.08.11 15:00:00,0.65278,0.6531,0.65045,0.65058,10239.46
2023.08.11 16:00:00,0.65057,0.65141,0.64976,0.6505,11020.36
2023.08.11 17:00:00,0.65054,0.65249,0.65043,0.65145,14430.89
2023.08.11 18:00:00,0.65146,0.65184,0.64868,0.64916,7301.27
2023.08.11 19:00:00,0.64918,0.65005,0.64884,0.64905,2391.68
2023.08.11 20:00:00,0.64902,0.64974,0.64855,0.64877,3284.83
2023.08.11 21:00:00,0.6488,0.6495,0.64876,0.64925,2220.3
2023.08.11 22:00:00,0.64924,0.64958,0.64893,0.6495,1944.17
2023.08.11 23:00:00,0.64949,0.64956,0.64918,0.64919,1786.74
2023.08.14 00:00:00,0.64951,0.64982,0.64911,0.64955,468.55
2023.08.14 01:00:00,0.64955,0.6498,0.64924,0.64963,1817.15
2023.08.14 02:00:00,0.64963,0.64984,0.64917,0.64944,1918.01
2023.08.14 03:00:00,0.64943,0.64964,0.64767,0.6477,4188.21
2023.08.14 04:00:00,0.6477,0.64789,0.64653,0.64702,7767.84
2023.08.14 05:00:00,0.64701,0.64711,0.64563,0.64617,4789.93
2023.08.14 06:00:00,0.64616,0.64672,0.64564,0.64664,3389.39
2023.08.14 07:00:00,0.64665,0.6471,0.64644,0.64697,2691.26
2023.08.14 08:00:00,0.64697,0.64779,0.64678,0.64758,3672.95
2023.08.14 09:00:00,0.64756,0.64796,0.64683,0.6476,4626.95
2023.08.14 10:00:00,0.64762,0.64968,0.64721,0.64958,6738.7
2023.08.14 11:00:00,0.64956,0.64972,0.64855,0.64878,5875.44
2023.08.14 12:00:00,0.64879,0.64971,0.64867,0.64959,3834.07
2023.08.14 13:00:00,0.6496,0.65025,0.6493,0.64976,3183.23
2023.08.14 14:00:00,0.64974,0.64992,0.6492,0.64941,5729.29
2023.08.14 15:00:00,0.64941,0.64941,0.64715,0.64784,8326.08
2023.08.14 16:00:00,0.64786,0.64813,0.64534,0.64612,11837.21
2023.08.14 17:00:00,0.64614,0.64938,0.646,0.64815,12934.89
2023.08.14 18:00:00,0.64816,0.64968,0.64803,0.64948,6030.7
2023.08.14 19:00:00,0.64948,0.65021,0.64911,0.6494,4182.45
2023.08.14 20:00:00,0.6494,0.6498,0.6488,0.64896,2128.54
2023.08.14 21:00:00,0.64897,0.64914,0.6478,0.64784,1850.7
2023.08.14 22:00:00,0.64786,0.64889,0.64786,0.64854,3069.53
2023.08.14 23:00:00,0.64855,0.64879,0.64848,0.64857,2040.06
2023.08.15 00:00:00,0.64854,0.64881,0.64767,0.64854,1931.64
2023.08.15 01:00:00,0.64858,0.64885,0.64849,0.64879,653.16
2023.08.15 02:00:00,0.64878,0.64895,0.64842,0.64875,915.4
2023.08.15 03:00:00,0.64875,0.64909,0.64825,0.64863,1845.28
2023.08.15 04:00:00,0.64866,0.64938,0.64622,0.64879,10790.42
2023.08.15 05:00:00,0.6488,0.64957,0.64754,0.64934,6891.21
2023.08.15 06:00:00,0.64932,0.6511,0.64912,0.65067,3533.75
2023.08.15 07:00:00,0.65068,0.65072,0.64999,0.65031,1986.72
2023.08.15 08:00:00,0.6503,0.65102,0.64981,0.65032,4227.32
2023.08.15 09:00:00,0.65031,0.65212,0.64914,0.64919,7886.93
2023.08.15 10:00:00,0.64918,0.64974,0.64669,0.64672,6953.21
2023.08.15 11:00:00,0.64673,0.64797,0.64618,0.64755,6080.76
2023.08.15 12:00:00,0.64756,0.64802,0.64655,0.64754,5006.69
2023.08.15 13:00:00,0.64752,0.64769,0.64637,0.64702,4777.42
2023.08.15 14:00:00,0.64701,0.64766,0.6463,0.64685,3694.5
2023.08.15 15:00:00,0.64686,0.6484,0.64554,0.64711,14237.31
2023.08.15 16:00:00,0.64709,0.64909,0.64675,0.64773,17057.92
2023.08.15 17:00:00,0.64773,0.64926,0.64664,0.64915,15757.87
2023.08.15 18:00:00,0.64912,0.64933,0.64782,0.64827,8112.81
2023.08.15 19:00:00,0.64827,0.64849,0.6465,0.64685,3658.45
2023.08.15 20:00:00,0.64683,0.64705,0.64644,0.64663,2715.1
2023.08.15 21:00:00,0.64663,0.64696,0.64613,0.64619,2112.95
2023.08.15 22:00:00,0.64621,0.64649,0.6451,0.64567,2358.52
2023.08.15 23:00:00,0.64567,0.64573,0.64529,0.64531,1655.14
2023.08.16 00:00:00,0.64519,0.64558,0.64509,0.6454,2429.91
2023.08.16 01:00:00,0.64541,0.64552,0.6452,0.64537,1884.96
2023.08.16 02:00:00,0.64538,0.6459,0.64532,0.64569,1684.75
2023.08.16 03:00:00,0.64571,0.64571,0.64396,0.6441,4914.2
2023.08.16 04:00:00,0.6441,0.6447,0.64276,0.64403,9229.68
2023.08.16 05:00:00,0.64399,0.64506,0.64378,0.64461,7019.03
2023.08.16 06:00:00,0.64462,0.64597,0.6445,0.64485,3672.39
2023.08.16 07:00:00,0.64483,0.64521,0.64451,0.64517,2086.02
2023.08.16 08:00:00,0.64515,0.64572,0.64439,0.64511,4322.17
2023.08.16 09:00:00,0.6451,0.64695,0.64443,0.64617,6401.07
2023.08.16 10:00:00,0.64616,0.64782,0.64596,0.64749,5480.66
2023.08.16 11:00:00,0.64749,0.64802,0.64706,0.64725,6189.09
2023.08.16 12:00:00,0.64723,0.64739,0.64596,0.6463,4560.68
2023.08.16 13:00:00,0.64632,0.64639,0.64537,0.64577,3274.99
2023.08.16 14:00:00,0.64577,0.64601,0.64527,0.64567,2931.67
2023.08.16 15:00:00,0.64565,0.6462,0.6436,0.64365,5086.88
2023.08.16 16:00:00,0.64364,0.64683,0.64353,0.64554,11593.98
2023.08.16 17:00:00,0.64553,0.64594,0.64418,0.64554,11499.23
2023.08.16 18:00:00,0.64554,0.64579,0.64375,0.64386,5574.41
2023.08.16 19:00:00,0.64386,0.64408,0.64305,0.64327,3142.1
2023.08.16 20:00:00,0.64325,0.64366,0.64262,0.6435,3061.23
2023.08.16 21:00:00,0.64351,0.6444,0.64226,0.64252,7921.48
2023.08.16 22:00:00,0.64254,0.64264,0.64153,0.64209,4926.54
2023.08.16 23:00:00,0.64207,0.64241,0.642,0.64228,2149.71
2023.08.17 00:00:00,0.64225,0.64237,0.6415,0.64231,2436.07
2023.08.17 01:00:00,0.64229,0.64254,0.64206,0.64227,1007.18
2023.08.17 02:00:00,0.64222,0.64223,0.64128,0.64131,1969.35
2023.08.17 03:00:00,0.64131,0.64148,0.63997,0.63998,4899.02
2023.08.17 04:00:00,0.63997,0.64045,0.6364,0.63812,13471.2
2023.08.17 05:00:00,0.63813,0.6385,0.63712,0.63774,5667.93
2023.08.17 06:00:00,0.6377,0.63854,0.63758,0.63818,4122.22
2023.08.17 07:00:00,0.63817,0.63937,0.63813,0.63924,2357.28
2023.08.17 08:00:00,0.63924,0.63933,0.63779,0.63845,3609.95
2023.08.17 09:00:00,0.63845,0.64083,0.63826,0.64019,5024.61
2023.08.17 10:00:00,0.64018,0.64066,0.63905,0.6395,6797.87
2023.08.17 11:00:00,0.63948,0.64071,0.63934,0.63955,5049.03
2023.08.17 12:00:00,0.63954,0.64166,0.63921,0.64166,4109.08
2023.08.17 13:00:00,0.64163,0.64342,0.64159,0.64296,7154.36
2023.08.17 14:00:00,0.64295,0.64363,0.64257,0.64335,5632.5
2023.08.17 15:00:00,0.64336,0.645,0.64281,0.6437,9897.64
2023.08.17 16:00:00,0.64369,0.64467,0.64234,0.64247,10947.44
2023.08.17 17:00:00,0.64246,0.6429,0.64154,0.64207,12087.62
2023.08.17 18:00:00,0.64207,0.64235,0.64112,0.64144,6056.76
2023.08.17 19:00:00,0.64145,0.6425,0.64079,0.64195,3416.25
2023.08.17 20:00:00,0.64196,0.642,0.63995,0.6404,2733.63
2023.08.17 21:00:00,0.64038,0.64046,0.63948,0.6395,2866.53
2023.08.17 22:00:00,0.63951,0.64041,0.63951,0.64021,4231.4
2023.08.17 23:00:00,0.64022,0.64054,0.64006,0.64017,1634.61
2023.08.18 00:00:00,0.63997,0.64037,0.63983,0.64009,1321.95
2023.08.18 01:00:00,0.64002,0.64036,0.63987,0.64022,2645.43
2023.08.18 02:00:00,0.6402,0.64081,0.64018,0.64056,1521.75
2023.08.18 03:00:00,0.64056,0.64192,0.64034,0.64146,5024.94
2023.08.18 04:00:00,0.64146,0.6427,0.64109,0.64237,7002.98
2023.08.18 05:00:00,0.64236,0.64285,0.64133,0.64161,4030.02
2023.08.18 06:00:00,0.6416,0.6416,0.64023,0.64048,5270.59
2023.08.18 07:00:00,0.6405,0.64081,0.63949,0.63982,3426.36
2023.08.18 08:00:00,0.63981,0.6407,0.6392,0.6406,4122.61
2023.08.18 09:00:00,0.64061,0.64156,0.64031,0.64063,5672.97
2023.08.18 10:00:00,0.6406,0.64134,0.63979,0.63992,8190.3
2023.08.18 11:00:00,0.63992,0.64094,0.6394,0.63977,6549.89
2023.08.18 12:00:00,0.63977,0.63996,0.63851,0.63976,6529.52
2023.08.18 13:00:00,0.63975,0.64052,0.6394,0.63944,5961.98
2023.08.18 14:00:00,0.63944,0.63952,0.63839,0.63877,4752.62
2023.08.18 15:00:00,0.6388,0.63934,0.63786,0.63867,5987.46
2023.08.18 16:00:00,0.63869,0.64091,0.6386,0.64039,12989.14
2023.08.18 17:00:00,0.64038,0.6412,0.64004,0.64093,9824.39
2023.08.18 18:00:00,0.64092,0.64148,0.64048,0.64121,6680.54
2023.08.18 19:00:00,0.6412,0.6414,0.64072,0.64136,2812.39
2023.08.18 20:00:00,0.64137,0.64174,0.64019,0.64137,2939.3
2023.08.18 21:00:00,0.64139,0.64141,0.64046,0.64048,1945.2
2023.08.18 22:00:00,0.64049,0.64094,0.64013,0.64038,2199.9
2023.08.18 23:00:00,0.64036,0.64057,0.63983,0.63997,2753.55
2023.08.21 00:00:00,0.64054,0.64099,0.64012,0.64043,1838.13
2023.08.21 01:00:00,0.64043,0.64103,0.64043,0.64077,1053.64
2023.08.21 02:00:00,0.64079,0.64139,0.64059,0.64137,2090.51
2023.08.21 03:00:00,0.64137,0.64179,0.64087,0.64091,2894.72
2023.08.21 04:00:00,0.64088,0.64107,0.63939,0.63999,7539.36
2023.08.21 05:00:00,0.63999,0.64149,0.63956,0.64089,4063.96
2023.08.21 06:00:00,0.6409,0.64093,0.64005,0.64005,2227.2
2023.08.21 07:00:00,0.64004,0.6408,0.63992,0.64027,1758.82
2023.08.21 08:00:00,0.64026,0.64111,0.63995,0.63998,3417.99
2023.08.21 09:00:00,0.63996,0.64033,0.63944,0.63981,4048.1
2023.08.21 10:00:00,0.63982,0.64098,0.63967,0.64002,7431.33
2023.08.21 11:00:00,0.64,0.64035,0.63925,0.63985,4718.41
2023.08.21 12:00:00,0.63987,0.64149,0.63987,0.64103,5418.45
2023.08.21 13:00:00,0.64106,0.64151,0.64016,0.64042,6035.93
2023.08.21 14:00:00,0.64041,0.64209,0.6403,0.64176,5833.77
2023.08.21 15:00:00,0.64174,0.6421,0.6409,0.64131,6246.15
2023.08.21 16:00:00,0.64131,0.64195,0.64011,0.64085,9143.6
2023.08.21 17:00:00,0.64088,0.64104,0.63911,0.63975,8474.17
2023.08.21 18:00:00,0.63975,0.6398,0.63867,0.63918,5127.48
2023.08.21 19:00:00,0.63917,0.64066,0.63917,0.64055,2447.48
2023.08.21 20:00:00,0.64057,0.64118,0.64038,0.64074,4003.04
2023.08.21 21:00:00,0.64074,0.64161,0.64072,0.64154,2354.59
2023.08.21 22:00:00,0.64153,0.64198,0.64153,0.64161,2225.76
2023.08.21 23:00:00,0.64159,0.64163,0.64122,0.64132,955.28
2023.08.22 00:00:00,0.64126,0.64147,0.64083,0.64127,2362.88
2023.08.22 01:00:00,0.64129,0.64164,0.6412,0.64121,969.56
2023.08.22 02:00:00,0.6412,0.64178,0.64118,0.64127,1178.36
2023.08.22 03:00:00,0.64126,0.6414,0.6406,0.64107,3117.47
2023.08.22 04:00:00,0.64108,0.64245,0.64029,0.64106,6219.85
2023.08.22 05:00:00,0.64109,0.64195,0.64095,0.64127,3716.88
2023.08.22 06:00:00,0.64127,0.64284,0.64111,0.64217,4184.13
2023.08.22 07:00:00,0.64216,0.64234,0.64163,0.64168,2392.18
2023.08.22 08:00:00,0.64167,0.64241,0.64129,0.64156,3767.59
2023.08.22 09:00:00,0.64157,0.64425,0.64132,0.64342,7713.09
2023.08.22 10:00:00,0.6434,0.64471,0.64299,0.64433,5192.97
2023.08.22 11:00:00,0.64434,0.64447,0.64334,0.64372,4317.3
2023.08.22 12:00:00,0.64372,0.64543,0.64345,0.64532,3691.92
2023.08.22 13:00:00,0.64533,0.64575,0.64422,0.64437,3981.79
2023.08.22 14:00:00,0.64438,0.64497,0.64379,0.6449,3442.35
2023.08.22 15:00:00,0.64492,0.64532,0.64267,0.64275,6674.52
2023.08.22 16:00:00,0.64274,0.6437,0.64083,0.64103,10716.19
2023.08.22 17:00:00,0.64103,0.64304,0.64094,0.64258,9760.44
2023.08.22 18:00:00,0.64257,0.64296,0.64211,0.64234,5691.85
2023.08.22 19:00:00,0.64234,0.64268,0.64195,0.64204,2754.2
2023.08.22 20:00:00,0.64203,0.64228,0.64155,0.64197,3001.61
2023.08.22 21:00:00,0.64197,0.64258,0.64181,0.64222,2107.35
2023.08.22 22:00:00,0.64221,0.64266,0.64185,0.64212,2784.77
2023.08.22 23:00:00,0.64211,0.64234,0.6421,0.64218,1207.66
2023.08.23 00:00:00,0.64218,0.64221,0.64186,0.64215,636.62
2023.08.23 01:00:00,0.64215,0.64253,0.64208,0.64235,919.27
2023.08.23 02:00:00,0.64239,0.64266,0.64231,0.64239,1293.41
2023.08.23 03:00:00,0.64238,0.64386,0.642,0.64326,3581.84
2023.08.23 04:00:00,0.64328,0.64505,0.64314,0.64466,5713.84
2023.08.23 05:00:00,0.64467,0.64514,0.64403,0.64419,3334.77
2023.08.23 06:00:00,0.64416,0.64438,0.64346,0.64375,3098.32
2023.08.23 07:00:00,0.64375,0.64392,0.64328,0.64361,2171.94
2023.08.23 08:00:00,0.6436,0.64429,0.64347,0.644,3410.53
2023.08.23 09:00:00,0.64403,0.64413,0.64273,0.64282,4021.32
2023.08.23 10:00:00,0.64283,0.64351,0.64156,0.64284,6852.62
2023.08.23 11:00:00,0.64283,0.64344,0.64217,0.64295,5430.65
2023.08.23 12:00:00,0.64296,0.64315,0.6419,0.64215,3661.68
2023.08.23 13:00:00,0.64215,0.64249,0.64111,0.64149,3162.98
2023.08.23 14:00:00,0.64148,0.64201,0.64141,0.64184,3517.59
2023.08.23 15:00:00,0.64182,0.64213,0.64105,0.64133,4863.5
2023.08.23 16:00:00,0.64134,0.64547,0.64127,0.64515,12955.67
2023.08.23 17:00:00,0.64514,0.64652,0.64481,0.6462,13604.84
2023.08.23 18:00:00,0.6462,0.64717,0.64602,0.64678,4357.56
2023.08.23 19:00:00,0.64678,0.64738,0.64648,0.64722,2171.07
2023.08.23 20:00:00,0.6472,0.6479,0.64706,0.64743,2087.89
2023.08.23 21:00:00,0.64742,0.64745,0.64663,0.64698,1744.13
2023.08.23 22:00:00,0.64697,0.6475,0.64673,0.64718,3700.75
2023.08.23 23:00:00,0.64718,0.6481,0.64706,0.64793,1894.12
2023.08.24 00:00:00,0.64793,0.64826,0.64687,0.64776,2851.57
2023.08.24 01:00:00,0.64775,0.64822,0.64775,0.64792,1067.44
2023.08.24 02:00:00,0.64792,0.64814,0.6476,0.64802,1352.09
2023.08.24 03:00:00,0.64803,0.64877,0.64748,0.64766,2623.89
2023.08.24 04:00:00,0.64762,0.64792,0.64671,0.64686,5041.64
2023.08.24 05:00:00,0.64686,0.64779,0.64676,0.6477,3423.76
2023.08.24 06:00:00,0.64773,0.64878,0.6472,0.64799,3250.34
2023.08.24 07:00:00,0.64798,0.64844,0.64761,0.64844,1862.66
2023.08.24 08:00:00,0.64845,0.64875,0.64766,0.64785,3133.44
2023.08.24 09:00:00,0.64786,0.64802,0.64654,0.64663,4521.19
2023.08.24 10:00:00,0.6466,0.6469,0.64564,0.64566,5850.29
2023.08.24 11:00:00,0.64562,0.6467,0.6456,0.64576,3867.96
2023.08.24 12:00:00,0.64575,0.64602,0.64441,0.64459,3819.34
2023.08.24 13:00:00,0.64456,0.64535,0.64451,0.64516,2467.13
2023.08.24 14:00:00,0.64515,0.64552,0.64368,0.64383,4210.79
2023.08.24 15:00:00,0.64384,0.64387,0.64262,0.64304,8476.72
2023.08.24 16:00:00,0.64302,0.64428,0.64215,0.64428,8194.06
2023.08.24 17:00:00,0.64432,0.64476,0.64305,0.64354,11366.85
2023.08.24 18:00:00,0.64354,0.64366,0.64224,0.64245,5816.07
2023.08.24 19:00:00,0.64242,0.64307,0.64238,0.64245,2379.85
2023.08.24 20:00:00,0.64247,0.64286,0.64202,0.64234,2663.74
2023.08.24 21:00:00,0.64236,0.64283,0.64198,0.6422,2895.93
2023.08.24 22:00:00,0.64219,0.64234,0.64136,0.64151,3649.51
2023.08.24 23:00:00,0.64151,0.64168,0.64122,0.64163,1303.45
2023.08.25 00:00:00,0.64161,0.64209,0.64116,0.6418,1107.84
2023.08.25 01:00:00,0.64176,0.64182,0.64148,0.64154,899.46
2023.08.25 02:00:00,0.64154,0.64157,0.6411,0.64123,2226.31
2023.08.25 03:00:00,0.64124,0.64175,0.64115,0.64152,2686.51
2023.08.25 04:00:00,0.64151,0.64194,0.64127,0.64165,3644.07
2023.08.25 05:00:00,0.64163,0.64188,0.64118,0.64152,2755.19
2023.08.25 06:00:00,0.64152,0.64167,0.64053,0.64081,2392.64
2023.08.25 07:00:00,0.64082,0.64122,0.64037,0.64037,1951.43
2023.08.25 08:00:00,0.64037,0.642,0.64018,0.64156,3372.76
2023.08.25 09:00:00,0.64158,0.64165,0.64029,0.6413,4578.43
2023.08.25 10:00:00,0.64132,0.64244,0.64131,0.64169,5127.75
2023.08.25 11:00:00,0.64168,0.64265,0.64141,0.64244,4949.94
2023.08.25 12:00:00,0.64242,0.64269,0.6416,0.64195,3544.88
2023.08.25 13:00:00,0.64195,0.64277,0.64186,0.6427,3948.38
2023.08.25 14:00:00,0.64272,0.64309,0.64214,0.64254,2895.93
2023.08.25 15:00:00,0.64253,0.64314,0.64237,0.64262,4626.3
2023.08.25 16:00:00,0.64259,0.64273,0.64055,0.64129,7609.48
2023.08.25 17:00:00,0.64131,0.64408,0.63795,0.63843,24732.35
2023.08.25 18:00:00,0.63844,0.64127,0.63837,0.6399,13898.83
2023.08.25 19:00:00,0.63988,0.64106,0.63988,0.64052,7849.73
2023.08.25 20:00:00,0.64054,0.64111,0.64006,0.64105,3298
2023.08.25 21:00:00,0.64106,0.64258,0.64103,0.64183,3314.28
2023.08.25 22:00:00,0.64184,0.64203,0.64101,0.64121,2673.6
2023.08.25 23:00:00,0.64119,0.64119,0.6401,0.64011,2406.5
2023.08.28 00:00:00,0.6402,0.64132,0.6402,0.6406,704.49
2023.08.28 01:00:00,0.64062,0.64138,0.64052,0.64076,1624.47
2023.08.28 02:00:00,0.64078,0.64164,0.64063,0.64156,2114.43
2023.08.28 03:00:00,0.64155,0.64252,0.64148,0.64209,3356.36
2023.08.28 04:00:00,0.64209,0.64392,0.64207,0.64264,7928.93
2023.08.28 05:00:00,0.64266,0.64352,0.64248,0.64314,5348.31
2023.08.28 06:00:00,0.64315,0.64321,0.64261,0.64295,2900.46
2023.08.28 07:00:00,0.64294,0.64312,0.64254,0.64287,2099.47
2023.08.28 08:00:00,0.64285,0.64349,0.64267,0.64302,3658.25
2023.08.28 09:00:00,0.64303,0.64344,0.64225,0.6424,3751.47
2023.08.28 10:00:00,0.64242,0.64255,0.64055,0.64066,5046.78
2023.08.28 11:00:00,0.64066,0.64106,0.6404,0.64086,2959.31
2023.08.28 12:00:00,0.64085,0.64099,0.64044,0.64049,3271.12
2023.08.28 13:00:00,0.64048,0.64103,0.64013,0.64075,3021.38
2023.08.28 14:00:00,0.64076,0.6415,0.64076,0.64134,2598.05
2023.08.28 15:00:00,0.64135,0.64241,0.64135,0.64216,4425.62
2023.08.28 16:00:00,0.64216,0.64267,0.64136,0.64228,8978.08
2023.08.28 17:00:00,0.64226,0.64244,0.64164,0.64208,5772.13
2023.08.28 18:00:00,0.64206,0.64277,0.64174,0.64246,4763.96
2023.08.28 19:00:00,0.64245,0.64302,0.64234,0.64279,2789.48
2023.08.28 20:00:00,0.6428,0.64289,0.64186,0.64213,3974.46
2023.08.28 21:00:00,0.64212,0.64235,0.64191,0.64229,2553.61
2023.08.28 22:00:00,0.6423,0.64281,0.64217,0.64277,3162.85
2023.08.28 23:00:00,0.64276,0.64295,0.64263,0.64282,1304.05
2023.08.29 00:00:00,0.64281,0.64285,0.64169,0.64276,2362.91
2023.08.29 01:00:00,0.6427,0.64326,0.64267,0.64313,1240.44
2023.08.29 02:00:00,0.64314,0.64331,0.64269,0.64275,1233.52
2023.08.29 03:00:00,0.64275,0.64335,0.64222,0.64254,2993.48
2023.08.29 04:00:00,0.64255,0.64388,0.6425,0.64342,4719.27
2023.08.29 05:00:00,0.6434,0.64431,0.64338,0.64426,3057.45
2023.08.29 06:00:00,0.64425,0.64536,0.64403,0.64481,2994.82
2023.08.29 07:00:00,0.64481,0.64493,0.64417,0.64432,1977.6
2023.08.29 08:00:00,0.64431,0.64495,0.64406,0.64439,3107.23
2023.08.29 09:00:00,0.64439,0.64494,0.64415,0.64431,3784.97
2023.08.29 10:00:00,0.6443,0.64537,0.64355,0.64355,7771
2023.08.29 11:00:00,0.64355,0.64458,0.64344,0.6436,4239.48
2023.08.29 12:00:00,0.64359,0.64518,0.6435,0.64515,4835.74
2023.08.29 13:00:00,0.64515,0.64542,0.64302,0.64319,4626.58
2023.08.29 14:00:00,0.64318,0.64327,0.64157,0.64169,4806.95
2023.08.29 15:00:00,0.64165,0.64195,0.64009,0.64038,6559.04
2023.08.29 16:00:00,0.64038,0.64174,0.64008,0.64124,9818.24
2023.08.29 17:00:00,0.64141,0.64566,0.64141,0.64405,24839.29
2023.08.29 18:00:00,0.64406,0.64681,0.64392,0.64581,7720.76
2023.08.29 19:00:00,0.64583,0.6461,0.64531,0.64609,3505.45
2023.08.29 20:00:00,0.64609,0.64724,0.64609,0.64679,3693.03
2023.08.29 21:00:00,0.64678,0.64762,0.6464,0.64756,2768.89
2023.08.29 22:00:00,0.64754,0.64863,0.64735,0.64832,3398
2023.08.29 23:00:00,0.64832,0.64838,0.64788,0.64791,1426.17
2023.08.30 00:00:00,0.64789,0.64802,0.64635,0.64785,1511.5
2023.08.30 01:00:00,0.64783,0.64819,0.64783,0.64795,1050.03
2023.08.30 02:00:00,0.64794,0.64813,0.64749,0.64755,994.41
2023.08.30 03:00:00,0.64756,0.64811,0.64735,0.64773,3358.16
2023.08.30 04:00:00,0.64774,0.64784,0.64489,0.64624,7379.75
2023.08.30 05:00:00,0.64625,0.64697,0.64607,0.64629,4117.64
2023.08.30 06:00:00,0.64628,0.64719,0.64625,0.64715,2642.01
2023.08.30 07:00:00,0.64716,0.64747,0.64671,0.64723,2032.75
2023.08.30 08:00:00,0.64721,0.6481,0.64712,0.64736,4517.3
2023.08.30 09:00:00,0.64738,0.64793,0.64648,0.64674,7475.13
2023.08.30 10:00:00,0.64677,0.64703,0.64559,0.64649,4798.44
2023.08.30 11:00:00,0.64647,0.64656,0.64536,0.64588,4494.61
2023.08.30 12:00:00,0.64588,0.64698,0.64567,0.64645,4322.65
2023.08.30 13:00:00,0.64644,0.64709,0.64629,0.64701,2947.87
2023.08.30 14:00:00,0.64701,0.64746,0.64672,0.64673,3571.99
2023.08.30 15:00:00,0.64674,0.65169,0.64658,0.65086,14278.3
2023.08.30 16:00:00,0.65084,0.65218,0.65005,0.65165,12022.98
2023.08.30 17:00:00,0.65167,0.65187,0.6487,0.64944,12782.55
2023.08.30 18:00:00,0.64943,0.6498,0.64899,0.64937,4728.57
2023.08.30 19:00:00,0.64935,0.64937,0.64796,0.64831,3438.16
2023.08.30 20:00:00,0.64831,0.64889,0.64745,0.64758,2192.05
2023.08.30 21:00:00,0.64756,0.64816,0.6469,0.64816,3161.96
2023.08.30 22:00:00,0.64815,0.64825,0.64758,0.64773,2042.46
2023.08.30 23:00:00,0.64774,0.64791,0.64735,0.64737,888.97
2023.08.31 00:00:00,0.64737,0.6479,0.64684,0.64721,2069.36
2023.08.31 01:00:00,0.64722,0.64764,0.6472,0.64752,1481.14
2023.08.31 02:00:00,0.64753,0.64807,0.64746,0.64786,1362.94
2023.08.31 03:00:00,0.64785,0.64862,0.64775,0.64855,3457.49
2023.08.31 04:00:00,0.64854,0.65074,0.64853,0.64948,7370.52
2023.08.31 05:00:00,0.64949,0.64972,0.64889,0.6491,4910.22
2023.08.31 06:00:00,0.6491,0.64912,0.64843,0.64843,2842.92
2023.08.31 07:00:00,0.64843,0.64856,0.64804,0.64824,2414.52
2023.08.31 08:00:00,0.64824,0.64852,0.64783,0.64845,2800.29
2023.08.31 09:00:00,0.64844,0.6488,0.64765,0.64765,4719.5
2023.08.31 10:00:00,0.64766,0.64867,0.64766,0.64825,5130.18
2023.08.31 11:00:00,0.64821,0.64825,0.64702,0.64718,4779.81
2023.08.31 12:00:00,0.64716,0.6473,0.64658,0.64687,6042.1
2023.08.31 13:00:00,0.6469,0.64719,0.64639,0.64675,3656.48
2023.08.31 14:00:00,0.64674,0.64748,0.64626,0.64737,3124.97
2023.08.31 15:00:00,0.64735,0.64944,0.64724,0.64923,11633.11
2023.08.31 16:00:00,0.64923,0.64943,0.6467,0.64768,17205.61
2023.08.31 17:00:00,0.64769,0.64817,0.64612,0.64763,12492.04
2023.08.31 18:00:00,0.64764,0.64783,0.64606,0.6466,7424.95
2023.08.31 19:00:00,0.6466,0.6473,0.6464,0.647,2700.92
2023.08.31 20:00:00,0.64701,0.64774,0.64692,0.64766,3123.46
2023.08.31 21:00:00,0.64766,0.64849,0.64737,0.64753,2946.1
2023.08.31 22:00:00,0.64751,0.64828,0.64751,0.64785,2249.85
2023.08.31 23:00:00,0.64786,0.64843,0.64784,0.64831,1251.08
2023.09.01 00:00:00,0.64834,0.64841,0.64707,0.64836,763.8
2023.09.01 01:00:00,0.64837,0.64853,0.64811,0.64824,1344.24
2023.09.01 02:00:00,0.64824,0.64885,0.64821,0.64859,1325.23
2023.09.01 03:00:00,0.64859,0.64879,0.64737,0.64742,3691.37
2023.09.01 04:00:00,0.64741,0.64995,0.64738,0.64836,7960.98
2023.09.01 05:00:00,0.64837,0.64883,0.64713,0.64737,3533.85
2023.09.01 06:00:00,0.64736,0.64754,0.64666,0.64674,2308.87
2023.09.01 07:00:00,0.64675,0.64734,0.64639,0.64723,1813.85
2023.09.01 08:00:00,0.64722,0.64771,0.64689,0.64699,2489.4
2023.09.01 09:00:00,0.64699,0.6471,0.64456,0.64574,4639.65
2023.09.01 10:00:00,0.64574,0.64772,0.64554,0.64769,5306.9
2023.09.01 11:00:00,0.64771,0.6478,0.64688,0.64706,5442.18
2023.09.01 12:00:00,0.64704,0.64765,0.64675,0.64713,3376.49
2023.09.01 13:00:00,0.64714,0.6482,0.64706,0.64787,3373.06
2023.09.01 14:00:00,0.64786,0.64831,0.64763,0.64794,2953.78
2023.09.01 15:00:00,0.64795,0.65215,0.6472,0.65093,16419.99
2023.09.01 16:00:00,0.65094,0.65109,0.64722,0.64785,17291.86
2023.09.01 17:00:00,0.64785,0.64811,0.64528,0.64577,19634.4
2023.09.01 18:00:00,0.64577,0.64587,0.64451,0.64451,7736.57
2023.09.01 19:00:00,0.64452,0.64488,0.6438,0.64482,3200.27
2023.09.01 20:00:00,0.64483,0.64553,0.64467,0.64513,1646.01
2023.09.01 21:00:00,0.64514,0.64526,0.64461,0.64504,1909.28
2023.09.01 22:00:00,0.64504,0.64524,0.64465,0.64472,2703.34
2023.09.01 23:00:00,0.64476,0.6451,0.64429,0.64479,1519.76
2023.09.04 00:00:00,0.64357,0.64509,0.64357,0.64483,1161.16
2023.09.04 01:00:00,0.64483,0.6452,0.64469,0.64496,1106
2023.09.04 02:00:00,0.64495,0.64531,0.64477,0.64513,964.85
2023.09.04 03:00:00,0.64515,0.64642,0.64496,0.64607,2552.57
2023.09.04 04:00:00,0.64605,0.64642,0.64524,0.64569,6782.17
2023.09.04 05:00:00,0.64568,0.64744,0.64568,0.64701,6256
2023.09.04 06:00:00,0.64699,0.64701,0.6463,0.64648,2508.93
2023.09.04 07:00:00,0.64649,0.6466,0.6462,0.64657,1151.52
2023.09.04 08:00:00,0.64657,0.64766,0.64651,0.64736,3886.91
2023.09.04 09:00:00,0.64737,0.64801,0.64688,0.64727,4643.89
2023.09.04 10:00:00,0.64727,0.64744,0.64614,0.64639,5472.03
2023.09.04 11:00:00,0.64641,0.64691,0.64604,0.64625,2885.74
2023.09.04 12:00:00,0.64626,0.64657,0.64579,0.64649,1816.44
2023.09.04 13:00:00,0.64649,0.64693,0.64633,0.64672,1824.04
2023.09.04 14:00:00,0.64675,0.64707,0.64648,0.64653,1662.18
2023.09.04 15:00:00,0.64654,0.64657,0.64593,0.64599,3415.95
2023.09.04 16:00:00,0.64599,0.6466,0.64584,0.64604,2736.01
2023.09.04 17:00:00,0.64602,0.64602,0.64516,0.64556,3580.38
2023.09.04 18:00:00,0.64557,0.64598,0.64554,0.6459,1762.46
2023.09.04 19:00:00,0.6459,0.64606,0.64578,0.64592,794.72
2023.09.04 20:00:00,0.64592,0.64606,0.64591,0.64593,517.24
2023.09.04 21:00:00,0.64592,0.64597,0.64588,0.64588,316.29
2023.09.04 22:00:00,0.64587,0.64597,0.64586,0.64594,617.43
2023.09.04 23:00:00,0.64594,0.64631,0.64585,0.64586,725.24
2023.09.05 00:00:00,0.64586,0.64626,0.64549,0.64606,1231.24
2023.09.05 01:00:00,0.646,0.64642,0.64594,0.64595,792.92
2023.09.05 02:00:00,0.64595,0.64622,0.64569,0.64569,1176.45
2023.09.05 03:00:00,0.6457,0.64593,0.64482,0.64511,2678.38
2023.09.05 04:00:00,0.6451,0.64528,0.64301,0.64354,5753.14
2023.09.05 05:00:00,0.64355,0.64372,0.64224,0.64265,4660.37
2023.09.05 06:00:00,0.64268,0.64297,0.64209,0.64257,3496.39
2023.09.05 07:00:00,0.64256,0.64301,0.64156,0.64251,3815.09
2023.09.05 08:00:00,0.64249,0.6428,0.63997,0.63999,5474.03
2023.09.05 09:00:00,0.64003,0.64011,0.63718,0.63798,10157.7
2023.09.05 10:00:00,0.63796,0.6382,0.63698,0.63764,6830.13
2023.09.05 11:00:00,0.63764,0.63801,0.63706,0.63767,4917.82
2023.09.05 12:00:00,0.63767,0.63822,0.63754,0.63773,2767.62
2023.09.05 13:00:00,0.63772,0.63782,0.63654,0.63665,2787.98
2023.09.05 14:00:00,0.63665,0.637,0.63573,0.63646,3748.83
2023.09.05 15:00:00,0.63647,0.63847,0.6357,0.63802,9685.47
2023.09.05 16:00:00,0.63804,0.63871,0.63669,0.63694,17442.65
2023.09.05 17:00:00,0.63698,0.63786,0.63641,0.63728,11456.24
2023.09.05 18:00:00,0.63727,0.6385,0.63713,0.63812,6835.47
2023.09.05 19:00:00,0.63811,0.63853,0.63802,0.63834,3331.95
2023.09.05 20:00:00,0.63837,0.63848,0.63775,0.63797,5319.4
2023.09.05 21:00:00,0.63797,0.63839,0.63779,0.63816,4783.21
2023.09.05 22:00:00,0.63814,0.63844,0.63776,0.63781,2283.66
2023.09.05 23:00:00,0.63782,0.63788,0.63755,0.63773,1121.44
2023.09.06 00:00:00,0.63772,0.63793,0.63736,0.63758,1441.23
2023.09.06 01:00:00,0.63766,0.63806,0.63762,0.63777,699.59
2023.09.06 02:00:00,0.63778,0.638,0.63733,0.63741,2014.2
2023.09.06 03:00:00,0.6374,0.63756,0.63629,0.63649,2516.1
2023.09.06 04:00:00,0.63651,0.63732,0.63576,0.63601,6532.47
2023.09.06 05:00:00,0.63601,0.6379,0.63567,0.63779,4850.46
2023.09.06 06:00:00,0.63779,0.63805,0.63736,0.63781,3008.46
2023.09.06 07:00:00,0.6378,0.63832,0.63776,0.6383,1934.5
2023.09.06 08:00:00,0.63832,0.6404,0.63796,0.64038,4483.78
2023.09.06 09:00:00,0.64037,0.64042,0.63852,0.63878,6508.27
2023.09.06 10:00:00,0.63877,0.63879,0.63798,0.63821,10203.61
2023.09.06 11:00:00,0.6382,0.63922,0.63781,0.63897,4724.64
2023.09.06 12:00:00,0.63895,0.63914,0.63807,0.63903,3709.82
2023.09.06 13:00:00,0.63905,0.64005,0.63905,0.63936,4944.93
2023.09.06 14:00:00,0.63936,0.63966,0.6386,0.63891,4177.02
2023.09.06 15:00:00,0.63891,0.63953,0.63826,0.63876,6994.45
2023.09.06 16:00:00,0.63874,0.64019,0.63838,0.63979,12282.24
2023.09.06 17:00:00,0.63979,0.63979,0.63629,0.63753,23220.73
2023.09.06 18:00:00,0.63754,0.63839,0.63727,0.6381,6945.27
2023.09.06 19:00:00,0.63811,0.63837,0.63756,0.63777,3638.24
2023.09.06 20:00:00,0.63777,0.63848,0.63759,0.63814,2668.01
2023.09.06 21:00:00,0.63812,0.63828,0.6374,0.6378,3120.93
2023.09.06 22:00:00,0.63778,0.63805,0.63757,0.63792,2384.45
2023.09.06 23:00:00,0.63793,0.63827,0.63788,0.63801,1044.52
2023.09.07 00:00:00,0.63803,0.63837,0.63648,0.63811,1915.91
2023.09.07 01:00:00,0.63811,0.63835,0.63804,0.63823,963.59
2023.09.07 02:00:00,0.63825,0.63839,0.63799,0.63809,1110.12
2023.09.07 03:00:00,0.63807,0.63813,0.63714,0.6376,2292.93
2023.09.07 04:00:00,0.6376,0.63847,0.63718,0.63762,5217.31
2023.09.07 05:00:00,0.63764,0.63774,0.63664,0.63679,2944.65
2023.09.07 06:00:00,0.63679,0.63732,0.63648,0.63705,2972.99
2023.09.07 07:00:00,0.63704,0.63727,0.63617,0.63654,1589.49
2023.09.07 08:00:00,0.63653,0.63796,0.63647,0.63777,4004.84
2023.09.07 09:00:00,0.63775,0.63926,0.63762,0.63827,6408.16
2023.09.07 10:00:00,0.63828,0.63889,0.63781,0.63868,5667.45
2023.09.07 11:00:00,0.63867,0.63878,0.63796,0.63843,5792.44
2023.09.07 12:00:00,0.63842,0.63906,0.63793,0.63843,4783.09
2023.09.07 13:00:00,0.63841,0.6387,0.63805,0.63812,2803.69
2023.09.07 14:00:00,0.63811,0.63883,0.63792,0.63803,5765.29
2023.09.07 15:00:00,0.63803,0.6391,0.63702,0.63896,8205.51
2023.09.07 16:00:00,0.63896,0.63946,0.63721,0.63747,12246.6
2023.09.07 17:00:00,0.63747,0.63852,0.6366,0.63751,9749.52
2023.09.07 18:00:00,0.63751,0.63794,0.63696,0.63783,4167.87
2023.09.07 19:00:00,0.63783,0.63837,0.63755,0.63758,2568.57
2023.09.07 20:00:00,0.6376,0.63843,0.63741,0.63788,1567.94
2023.09.07 21:00:00,0.63785,0.63804,0.63746,0.6378,1703.49
2023.09.07 22:00:00,0.63778,0.63807,0.63749,0.6375,3162.52
2023.09.07 23:00:00,0.63749,0.638,0.63742,0.63742,1509.54
2023.09.08 00:00:00,0.63741,0.63776,0.63694,0.63767,919.77
2023.09.08 01:00:00,0.63767,0.63777,0.63741,0.63758,477.59
2023.09.08 02:00:00,0.63755,0.63776,0.63737,0.63775,851.29
2023.09.08 03:00:00,0.63778,0.63887,0.63745,0.63816,4003.05
2023.09.08 04:00:00,0.63815,0.63909,0.63668,0.63851,5563.28
2023.09.08 05:00:00,0.63852,0.63954,0.63813,0.63872,3002.02
2023.09.08 06:00:00,0.6387,0.63873,0.63818,0.63846,1781.56
2023.09.08 07:00:00,0.63843,0.63886,0.63812,0.63863,1458.61
2023.09.08 08:00:00,0.63864,0.64071,0.63863,0.64046,3150.61
2023.09.08 09:00:00,0.64048,0.64144,0.63956,0.63959,5830.03
2023.09.08 10:00:00,0.6396,0.63995,0.63899,0.63945,4176.24
2023.09.08 11:00:00,0.63949,0.63981,0.6388,0.63933,4491.71
2023.09.08 12:00:00,0.63931,0.6397,0.63875,0.63944,3535.59
2023.09.08 13:00:00,0.63945,0.63983,0.63921,0.6396,2542.31
2023.09.08 14:00:00,0.63961,0.63976,0.63893,0.63936,3445.8
2023.09.08 15:00:00,0.63937,0.64071,0.63897,0.63932,5944.56
2023.09.08 16:00:00,0.63932,0.63985,0.63863,0.63975,6591.9
2023.09.08 17:00:00,0.63976,0.64068,0.63898,0.63908,7770.3
2023.09.08 18:00:00,0.63909,0.63912,0.63819,0.63844,4158.59
2023.09.08 19:00:00,0.63844,0.63871,0.63749,0.63772,2216.8
2023.09.08 20:00:00,0.63772,0.63801,0.63749,0.6378,1384.47
2023.09.08 21:00:00,0.63781,0.63814,0.63699,0.63719,1971.92
2023.09.08 22:00:00,0.63719,0.63749,0.6371,0.63748,1552.46
2023.09.08 23:00:00,0.63749,0.63779,0.63726,0.63746,2088.58
2023.09.11 00:00:00,0.63823,0.63854,0.63753,0.63835,682.76
2023.09.11 01:00:00,0.63835,0.63931,0.638,0.6392,2980.79
2023.09.11 02:00:00,0.63923,0.64016,0.63893,0.63963,4008.36
2023.09.11 03:00:00,0.63964,0.64019,0.63877,0.6393,4112.63
2023.09.11 04:00:00,0.63928,0.64077,0.63916,0.64054,5949.15
2023.09.11 05:00:00,0.64056,0.64183,0.64034,0.64145,6787.7
2023.09.11 06:00:00,0.64146,0.64215,0.64123,0.64168,3981.14
2023.09.11 07:00:00,0.64169,0.64371,0.64152,0.64366,7031.87
2023.09.11 08:00:00,0.64366,0.64421,0.64331,0.64368,7727.7
2023.09.11 09:00:00,0.64367,0.64405,0.64327,0.64378,5016
2023.09.11 10:00:00,0.64377,0.64434,0.64337,0.64339,5767.68
2023.09.11 11:00:00,0.64338,0.6437,0.64304,0.64351,4224.86
2023.09.11 12:00:00,0.6435,0.64378,0.64309,0.64314,5053.17
2023.09.11 13:00:00,0.64313,0.64318,0.64246,0.6428,3341.77
2023.09.11 14:00:00,0.64278,0.64332,0.64228,0.64303,2721.31
2023.09.11 15:00:00,0.64304,0.64407,0.64289,0.64351,4944.71
2023.09.11 16:00:00,0.64348,0.6449,0.64273,0.64345,7885.81
2023.09.11 17:00:00,0.64344,0.64443,0.64318,0.64352,6531
2023.09.11 18:00:00,0.64352,0.64364,0.64291,0.64319,4105.63
2023.09.11 19:00:00,0.6432,0.64413,0.6432,0.64348,2468.32
2023.09.11 20:00:00,0.64348,0.64361,0.64294,0.64311,2726.98
2023.09.11 21:00:00,0.64309,0.64312,0.64263,0.64274,1350.75
2023.09.11 22:00:00,0.64273,0.6432,0.64254,0.64317,1300.53
2023.09.11 23:00:00,0.64317,0.64319,0.64286,0.6429,984.58
2023.09.12 00:00:00,0.64265,0.64366,0.64253,0.6431,1271.7
2023.09.12 01:00:00,0.64312,0.64329,0.64287,0.64291,907.51
2023.09.12 02:00:00,0.64292,0.64318,0.64285,0.6429,1086.15
2023.09.12 03:00:00,0.6429,0.64295,0.64199,0.64209,2923.91
2023.09.12 04:00:00,0.64207,0.64297,0.64153,0.64228,5989.72
2023.09.12 05:00:00,0.64227,0.6434,0.64198,0.64326,5591.94
2023.09.12 06:00:00,0.64326,0.64391,0.64297,0.64352,3242.43
2023.09.12 07:00:00,0.64352,0.64353,0.64251,0.6427,2098.15
2023.09.12 08:00:00,0.64269,0.64303,0.64232,0.64234,3065.01
2023.09.12 09:00:00,0.64237,0.64359,0.64208,0.64339,5113.03
2023.09.12 10:00:00,0.6434,0.64374,0.64245,0.6428,7120.14
2023.09.12 11:00:00,0.64278,0.64395,0.64253,0.64276,5356.32
2023.09.12 12:00:00,0.64275,0.6429,0.64213,0.6426,2737.93
2023.09.12 13:00:00,0.64259,0.64286,0.64146,0.64183,2393.27
2023.09.12 14:00:00,0.64185,0.64231,0.64135,0.64225,3104.04
2023.09.12 15:00:00,0.64223,0.6425,0.64122,0.64151,5240.56
2023.09.12 16:00:00,0.6415,0.64225,0.6408,0.64178,9852.96
2023.09.12 17:00:00,0.64181,0.64229,0.64135,0.64158,6424.57
2023.09.12 18:00:00,0.64159,0.64236,0.64157,0.64213,2892.26
2023.09.12 19:00:00,0.64212,0.64271,0.64179,0.6419,2711.57
2023.09.12 20:00:00,0.64189,0.6425,0.64183,0.64184,2211.63
2023.09.12 21:00:00,0.64183,0.64246,0.64171,0.64236,2719.88
2023.09.12 22:00:00,0.64237,0.6425,0.64193,0.64217,2595.35
2023.09.12 23:00:00,0.64214,0.64276,0.6421,0.64253,1676.04
2023.09.13 00:00:00,0.6425,0.6425,0.64124,0.6424,3029.7
2023.09.13 01:00:00,0.6424,0.64276,0.6424,0.64268,833.62
2023.09.13 02:00:00,0.64272,0.64308,0.64253,0.64277,1169.4
2023.09.13 03:00:00,0.64276,0.64326,0.64214,0.6422,3582.79
2023.09.13 04:00:00,0.64221,0.64283,0.64134,0.64174,3948.17
2023.09.13 05:00:00,0.64173,0.64215,0.63989,0.64031,4186.37
2023.09.13 06:00:00,0.64031,0.641,0.64016,0.64048,2332.2
2023.09.13 07:00:00,0.64048,0.64095,0.64026,0.64092,1929.38
2023.09.13 08:00:00,0.64094,0.64134,0.6405,0.64102,2881.86
2023.09.13 09:00:00,0.64102,0.64105,0.63988,0.64074,5305.88
2023.09.13 10:00:00,0.64074,0.64135,0.64036,0.64117,6423.4
2023.09.13 11:00:00,0.64117,0.64162,0.64087,0.64124,6437.44
2023.09.13 12:00:00,0.64124,0.64129,0.64058,0.64102,3944.58
2023.09.13 13:00:00,0.64101,0.64109,0.64019,0.64082,3867.38
2023.09.13 14:00:00,0.64083,0.64127,0.64035,0.64086,3352.1
2023.09.13 15:00:00,0.64085,0.64225,0.63797,0.64104,19306.7
2023.09.13 16:00:00,0.64105,0.64306,0.64042,0.6421,14027.35
2023.09.13 17:00:00,0.64211,0.64231,0.64089,0.64211,11529.43
2023.09.13 18:00:00,0.64212,0.64314,0.64187,0.64236,5298.81
2023.09.13 19:00:00,0.64238,0.64336,0.64228,0.64276,3534.57
2023.09.13 20:00:00,0.64275,0.64326,0.64252,0.64276,2541.19
2023.09.13 21:00:00,0.64276,0.64287,0.64164,0.64171,1731.29
2023.09.13 22:00:00,0.6417,0.64205,0.64119,0.64192,2802.75
2023.09.13 23:00:00,0.64192,0.64219,0.64188,0.64206,854.84
2023.09.14 00:00:00,0.64204,0.64209,0.64156,0.64191,2772.02
2023.09.14 01:00:00,0.6419,0.64217,0.6419,0.64211,990.54
2023.09.14 02:00:00,0.64213,0.64228,0.64187,0.64203,1005.01
2023.09.14 03:00:00,0.64203,0.64479,0.64194,0.64464,5052.9
2023.09.14 04:00:00,0.64465,0.6454,0.64329,0.64341,7335.94
2023.09.14 05:00:00,0.64336,0.64341,0.64202,0.64288,4205.4
2023.09.14 06:00:00,0.6429,0.64392,0.64288,0.64369,2231.9
2023.09.14 07:00:00,0.64367,0.64407,0.64338,0.64383,1632.52
2023.09.14 08:00:00,0.64383,0.64475,0.64383,0.64401,3281.64
2023.09.14 09:00:00,0.64401,0.64425,0.64349,0.6439,3970.38
2023.09.14 10:00:00,0.64392,0.64396,0.64283,0.64302,4194.95
2023.09.14 11:00:00,0.64301,0.6435,0.64288,0.64336,3919.7
2023.09.14 12:00:00,0.64337,0.64365,0.6425,0.64289,2552.66
2023.09.14 13:00:00,0.64288,0.64457,0.64282,0.64415,4947.26
2023.09.14 14:00:00,0.64416,0.64467,0.64405,0.64434,5236.27
2023.09.14 15:00:00,0.64433,0.64505,0.64184,0.64403,24435.1
2023.09.14 16:00:00,0.64403,0.64591,0.64369,0.64413,21553.73
2023.09.14 17:00:00,0.64413,0.64527,0.6427,0.64441,11567.06
2023.09.14 18:00:00,0.64441,0.64499,0.64346,0.6441,6613.2
2023.09.14 19:00:00,0.6441,0.6449,0.6441,0.64479,2924.84
2023.09.14 20:00:00,0.64477,0.64487,0.64296,0.64324,2810.38
2023.09.14 21:00:00,0.64324,0.64375,0.64304,0.64361,2395.56
2023.09.14 22:00:00,0.6436,0.64374,0.64333,0.64357,2006.28
2023.09.14 23:00:00,0.64357,0.64414,0.64357,0.64391,1728.75
2023.09.15 00:00:00,0.64386,0.64403,0.64253,0.6438,4591.41
2023.09.15 01:00:00,0.64387,0.644,0.64355,0.64355,1166.12
2023.09.15 02:00:00,0.64355,0.64374,0.643,0.643,1128.12
2023.09.15 03:00:00,0.643,0.64474,0.64292,0.64418,3673.61
2023.09.15 04:00:00,0.64417,0.64476,0.64376,0.64464,4406.11
2023.09.15 05:00:00,0.64473,0.6463,0.64473,0.64603,6207.55
2023.09.15 06:00:00,0.64603,0.64672,0.64577,0.64654,2726.06
2023.09.15 07:00:00,0.64654,0.64731,0.64598,0.64717,1799.63
2023.09.15 08:00:00,0.64718,0.64726,0.64623,0.64658,4151.97
2023.09.15 09:00:00,0.64657,0.64713,0.6463,0.6468,3516.25
2023.09.15 10:00:00,0.64681,0.64681,0.64542,0.64606,4832.39
2023.09.15 11:00:00,0.64605,0.64612,0.64491,0.645,4437.09
2023.09.15 12:00:00,0.645,0.64578,0.64466,0.64529,3369.48
2023.09.15 13:00:00,0.6453,0.64543,0.64491,0.64506,2150.52
2023.09.15 14:00:00,0.64505,0.64596,0.64482,0.64568,2804.42
2023.09.15 15:00:00,0.64568,0.64606,0.64398,0.644,4909.38
2023.09.15 16:00:00,0.64401,0.64492,0.64344,0.64385,7387.73
2023.09.15 17:00:00,0.64394,0.64571,0.64336,0.64376,12056.86
2023.09.15 18:00:00,0.64376,0.64432,0.64313,0.64401,4963.07
2023.09.15 19:00:00,0.64403,0.64456,0.64359,0.64369,2478.63
2023.09.15 20:00:00,0.64371,0.64382,0.64305,0.64374,2027.44
2023.09.15 21:00:00,0.64373,0.64376,0.64308,0.64326,1338.31
2023.09.15 22:00:00,0.64326,0.64338,0.64292,0.64304,1973.23
2023.09.15 23:00:00,0.64302,0.64316,0.64242,0.64268,1879.81
2023.09.18 00:00:00,0.64331,0.64358,0.64264,0.64303,613.02
2023.09.18 01:00:00,0.64302,0.64337,0.643,0.64325,768.3
2023.09.18 02:00:00,0.64322,0.64403,0.64316,0.64393,1066.39
2023.09.18 03:00:00,0.64391,0.64431,0.64336,0.64404,2519.71
2023.09.18 04:00:00,0.64406,0.64457,0.64268,0.64334,4720.5
2023.09.18 05:00:00,0.64335,0.64432,0.64332,0.64366,3543.63
2023.09.18 06:00:00,0.64367,0.64414,0.64351,0.64392,3165.18
2023.09.18 07:00:00,0.64391,0.6447,0.64374,0.6444,1371.97
2023.09.18 08:00:00,0.64443,0.6448,0.64403,0.64429,3121.39
2023.09.18 09:00:00,0.64429,0.64484,0.64385,0.64424,4060.31
2023.09.18 10:00:00,0.64422,0.64476,0.64369,0.64376,4602.38
2023.09.18 11:00:00,0.64375,0.64387,0.643,0.64377,3208.27
2023.09.18 12:00:00,0.64375,0.6441,0.64357,0.64384,3583.15
2023.09.18 13:00:00,0.64382,0.64412,0.64357,0.64386,2760.17
2023.09.18 14:00:00,0.64387,0.6441,0.6432,0.64348,3129.15
2023.09.18 15:00:00,0.64348,0.64394,0.64283,0.64296,4315.35
2023.09.18 16:00:00,0.64296,0.64389,0.64225,0.64243,7132.26
2023.09.18 17:00:00,0.64242,0.64384,0.64162,0.64286,7979.09
2023.09.18 18:00:00,0.64286,0.64448,0.6427,0.64405,6228.9
2023.09.18 19:00:00,0.64407,0.64438,0.64355,0.64376,3695.69
2023.09.18 20:00:00,0.6438,0.64413,0.64352,0.64355,1998.54
2023.09.18 21:00:00,0.64356,0.64373,0.64323,0.64336,2098.59
2023.09.18 22:00:00,0.64337,0.64366,0.64324,0.64362,2102.1
2023.09.18 23:00:00,0.64365,0.64387,0.64354,0.64357,1313.12
2023.09.19 00:00:00,0.64356,0.64383,0.64257,0.64362,2238.05
2023.09.19 01:00:00,0.64351,0.64385,0.64346,0.64364,1751.22
2023.09.19 02:00:00,0.64365,0.64397,0.64363,0.6439,582.75
2023.09.19 03:00:00,0.64392,0.64474,0.64353,0.64362,2566.97
2023.09.19 04:00:00,0.64361,0.64388,0.64301,0.64316,3254.83
2023.09.19 05:00:00,0.64313,0.64342,0.64285,0.64322,1888.84
2023.09.19 06:00:00,0.64323,0.64367,0.64323,0.64351,1682.29
2023.09.19 07:00:00,0.64354,0.64388,0.64343,0.64373,2314.67
2023.09.19 08:00:00,0.64373,0.64381,0.64276,0.64316,1946.25
2023.09.19 09:00:00,0.64314,0.6434,0.64274,0.64288,2232.28
2023.09.19 10:00:00,0.64289,0.64532,0.6428,0.64519,6123.19
2023.09.19 11:00:00,0.64519,0.64584,0.64485,0.64503,5590.58
2023.09.19 12:00:00,0.64502,0.64567,0.64464,0.64557,2728.62
2023.09.19 13:00:00,0.64558,0.64618,0.64554,0.64571,4150.88
2023.09.19 14:00:00,0.64571,0.64647,0.64564,0.64647,4935.08
2023.09.19 15:00:00,0.64644,0.64734,0.64636,0.64701,8349.37
2023.09.19 16:00:00,0.64701,0.64712,0.6456,0.64648,10839.14
2023.09.19 17:00:00,0.64646,0.64687,0.64596,0.64664,9214.09
2023.09.19 18:00:00,0.64664,0.64668,0.64542,0.64568,4450.76
2023.09.19 19:00:00,0.64569,0.64569,0.64519,0.64548,2338.76
2023.09.19 20:00:00,0.64547,0.64596,0.64537,0.64574,1933.91
2023.09.19 21:00:00,0.64574,0.64598,0.64551,0.64561,1893.55
2023.09.19 22:00:00,0.64558,0.64575,0.6454,0.64546,2590.99
2023.09.19 23:00:00,0.64547,0.64555,0.64523,0.64523,1298.96
2023.09.20 00:00:00,0.64516,0.6455,0.64496,0.64544,1415.88
2023.09.20 01:00:00,0.64543,0.64572,0.64534,0.64554,858.79
2023.09.20 02:00:00,0.64555,0.64639,0.64549,0.64636,1355.11
2023.09.20 03:00:00,0.64636,0.64652,0.64556,0.64562,3684
2023.09.20 04:00:00,0.64562,0.64584,0.64494,0.64546,4456.29
2023.09.20 05:00:00,0.6455,0.6458,0.64498,0.64503,2688.36
2023.09.20 06:00:00,0.64503,0.64559,0.64476,0.64487,2402.99
2023.09.20 07:00:00,0.64484,0.64525,0.64479,0.64501,1885.54
2023.09.20 08:00:00,0.645,0.64568,0.64481,0.64535,2698.45
2023.09.20 09:00:00,0.64533,0.64634,0.64486,0.64554,6640.59
2023.09.20 10:00:00,0.64554,0.6461,0.6453,0.64601,7825.95
2023.09.20 11:00:00,0.64602,0.64658,0.64559,0.64655,4932.86
2023.09.20 12:00:00,0.64656,0.647,0.64628,0.6469,4419.91
2023.09.20 13:00:00,0.64691,0.64811,0.6469,0.64791,4130.51
2023.09.20 14:00:00,0.64792,0.64875,0.64784,0.64857,6005.71
2023.09.20 15:00:00,0.64858,0.6488,0.64825,0.64852,3918.23
2023.09.20 16:00:00,0.64851,0.6499,0.6482,0.6497,6304.12
2023.09.20 17:00:00,0.6497,0.65022,0.64901,0.64964,7429.54
2023.09.20 18:00:00,0.64964,0.65045,0.64944,0.64979,7208.4
2023.09.20 19:00:00,0.64976,0.65108,0.64974,0.65099,2229.98
2023.09.20 20:00:00,0.65098,0.65098,0.64978,0.65032,3339.87
2023.09.20 21:00:00,0.65033,0.65033,0.64632,0.64709,28103.45
2023.09.20 22:00:00,0.64706,0.64733,0.64447,0.64461,10823.32
2023.09.20 23:00:00,0.64459,0.64478,0.64394,0.64463,2521.4
2023.09.21 00:00:00,0.6446,0.64482,0.6435,0.64472,1753.21
2023.09.21 01:00:00,0.64472,0.64521,0.64447,0.64499,2274.17
2023.09.21 02:00:00,0.64498,0.64498,0.6435,0.64355,1882.65
2023.09.21 03:00:00,0.64353,0.64401,0.6421,0.64239,4522.83
2023.09.21 04:00:00,0.64238,0.64266,0.64187,0.64201,5656.64
2023.09.21 05:00:00,0.64201,0.64247,0.64036,0.64066,4145.74
2023.09.21 06:00:00,0.64066,0.64122,0.64063,0.64117,2057.73
2023.09.21 07:00:00,0.64117,0.64125,0.64025,0.64056,1749.81
2023.09.21 08:00:00,0.64057,0.64112,0.64019,0.64026,2012.01
2023.09.21 09:00:00,0.64027,0.6416,0.64017,0.64144,3581.25
2023.09.21 10:00:00,0.64145,0.64223,0.64061,0.64126,6839.35
2023.09.21 11:00:00,0.64126,0.64151,0.64029,0.64058,4755.89
2023.09.21 12:00:00,0.64058,0.64089,0.6401,0.64056,4422.65
2023.09.21 13:00:00,0.64056,0.64097,0.64023,0.64086,3949.68
2023.09.21 14:00:00,0.64085,0.64093,0.63993,0.63999,7401.61
2023.09.21 15:00:00,0.63998,0.64016,0.63851,0.64012,8601.3
2023.09.21 16:00:00,0.64012,0.64124,0.63952,0.63973,13504.2
2023.09.21 17:00:00,0.63971,0.6425,0.63962,0.64186,9987.56
2023.09.21 18:00:00,0.64186,0.64274,0.64163,0.64204,6161.69
2023.09.21 19:00:00,0.64206,0.6421,0.6414,0.64177,3767.61
2023.09.21 20:00:00,0.64176,0.64318,0.64171,0.64265,2683.1
2023.09.21 21:00:00,0.64266,0.64274,0.64177,0.64187,2612.57
2023.09.21 22:00:00,0.64186,0.6421,0.64133,0.64133,2647.4
2023.09.21 23:00:00,0.64133,0.64155,0.64123,0.64145,1716.16
2023.09.22 00:00:00,0.64145,0.6415,0.64054,0.6414,1272.31
2023.09.22 01:00:00,0.64141,0.64185,0.64139,0.64148,1226.78
2023.09.22 02:00:00,0.64148,0.64159,0.64077,0.64089,1709.28
2023.09.22 03:00:00,0.64089,0.64115,0.64033,0.64107,2816.85
2023.09.22 04:00:00,0.64105,0.64187,0.64034,0.64129,5128.46
2023.09.22 05:00:00,0.64133,0.64249,0.64129,0.64168,5209.84
2023.09.22 06:00:00,0.64167,0.6425,0.64162,0.64229,3047.43
2023.09.22 07:00:00,0.64228,0.64269,0.64204,0.64249,2134
2023.09.22 08:00:00,0.6425,0.64295,0.64236,0.64241,3290.29
2023.09.22 09:00:00,0.64241,0.64297,0.6419,0.64235,5070.89
2023.09.22 10:00:00,0.64233,0.64338,0.64171,0.64321,10128.1
2023.09.22 11:00:00,0.64323,0.64398,0.64291,0.64373,6997.08
2023.09.22 12:00:00,0.64372,0.64429,0.64352,0.64387,3366.8
2023.09.22 13:00:00,0.64386,0.64481,0.64376,0.64424,4300.54
2023.09.22 14:00:00,0.64425,0.64541,0.64413,0.6451,5135.17
2023.09.22 15:00:00,0.64511,0.64607,0.64477,0.64569,7840.27
2023.09.22 16:00:00,0.64568,0.64648,0.64505,0.64565,10834.28
2023.09.22 17:00:00,0.64566,0.64644,0.64532,0.64608,9281.22
2023.09.22 18:00:00,0.64606,0.64612,0.6447,0.64505,5866.29
2023.09.22 19:00:00,0.64504,0.64535,0.6447,0.64488,2459.63
2023.09.22 20:00:00,0.64487,0.64511,0.64385,0.64413,2927.71
2023.09.22 21:00:00,0.64412,0.64432,0.6436,0.64415,2922.85
2023.09.22 22:00:00,0.64412,0.64481,0.64395,0.64404,2386.33
2023.09.22 23:00:00,0.64406,0.64416,0.64374,0.6438,1481.75
2023.09.25 00:00:00,0.64393,0.64416,0.64357,0.64413,552.74
2023.09.25 01:00:00,0.64414,0.6444,0.64396,0.64404,1895.67
2023.09.25 02:00:00,0.64404,0.6444,0.64378,0.64403,1885.47
2023.09.25 03:00:00,0.64404,0.64461,0.64389,0.64433,2543.89
2023.09.25 04:00:00,0.64436,0.64447,0.64266,0.64267,2850.22
2023.09.25 05:00:00,0.64268,0.64281,0.64217,0.64274,2837.25
2023.09.25 06:00:00,0.64274,0.64289,0.64237,0.64242,1761.62
2023.09.25 07:00:00,0.64241,0.64288,0.64228,0.6427,1194.36
2023.09.25 08:00:00,0.64268,0.64285,0.6415,0.64163,2078.36
2023.09.25 09:00:00,0.6416,0.64252,0.64159,0.64229,2885.05
2023.09.25 10:00:00,0.64228,0.64271,0.64189,0.64214,3414.14
2023.09.25 11:00:00,0.64215,0.64231,0.64125,0.64146,4884.27
2023.09.25 12:00:00,0.64146,0.64246,0.64134,0.64244,2571.5
2023.09.25 13:00:00,0.64246,0.64349,0.64245,0.6433,2541.44
2023.09.25 14:00:00,0.64331,0.64354,0.64197,0.64224,3388.62
2023.09.25 15:00:00,0.64222,0.64275,0.64206,0.64242,5060.93
2023.09.25 16:00:00,0.64242,0.64287,0.64157,0.64278,8424.82
2023.09.25 17:00:00,0.64275,0.64295,0.64038,0.64045,10451.83
2023.09.25 18:00:00,0.64046,0.642,0.64037,0.64184,5594.25
2023.09.25 19:00:00,0.64186,0.64223,0.64162,0.64181,2411.98
2023.09.25 20:00:00,0.64182,0.64249,0.64169,0.64222,2331.86
2023.09.25 21:00:00,0.64222,0.64264,0.6419,0.64199,2284.67
2023.09.25 22:00:00,0.64199,0.64239,0.64173,0.64237,2412.01
2023.09.25 23:00:00,0.64236,0.64253,0.64223,0.64224,1251.04
2023.09.26 00:00:00,0.64219,0.64228,0.64192,0.6422,1389.93
2023.09.26 01:00:00,0.6422,0.64241,0.64212,0.64227,758.04
2023.09.26 02:00:00,0.64226,0.64245,0.64202,0.64215,1544.36
2023.09.26 03:00:00,0.64215,0.64251,0.64154,0.64184,2772.05
2023.09.26 04:00:00,0.64184,0.64277,0.64178,0.64258,5320.55
2023.09.26 05:00:00,0.64259,0.64301,0.64195,0.64201,3796
2023.09.26 06:00:00,0.642,0.64238,0.64157,0.6418,2916.84
2023.09.26 07:00:00,0.6418,0.64197,0.64152,0.64172,2006.36
2023.09.26 08:00:00,0.6417,0.64195,0.64081,0.64136,2953.93
2023.09.26 09:00:00,0.64135,0.6415,0.63953,0.63962,5369.91
2023.09.26 10:00:00,0.63965,0.64048,0.63869,0.64035,7366.84
2023.09.26 11:00:00,0.64037,0.64154,0.6403,0.64067,7992.75
2023.09.26 12:00:00,0.64068,0.64152,0.64032,0.64106,4841.61
2023.09.26 13:00:00,0.64105,0.6413,0.64021,0.64044,3543.94
2023.09.26 14:00:00,0.64045,0.64124,0.63985,0.64059,3605.33
2023.09.26 15:00:00,0.6406,0.64183,0.64055,0.64166,6656.05
2023.09.26 16:00:00,0.64166,0.64181,0.64096,0.64143,10801.09
2023.09.26 17:00:00,0.64144,0.6421,0.64066,0.64162,13259.81
2023.09.26 18:00:00,0.64162,0.6417,0.64001,0.64029,6609.44
2023.09.26 19:00:00,0.64032,0.64081,0.64008,0.64059,3506.5
2023.09.26 20:00:00,0.64059,0.64098,0.64,0.64028,3884.57
2023.09.26 21:00:00,0.64028,0.64032,0.63917,0.63935,3054.3
2023.09.26 22:00:00,0.63936,0.63975,0.63909,0.63951,2595.97
2023.09.26 23:00:00,0.63948,0.63977,0.63941,0.63958,1020.83
2023.09.27 00:00:00,0.63957,0.63974,0.6393,0.6396,1357.3
2023.09.27 01:00:00,0.6396,0.63972,0.63939,0.63952,619.44
2023.09.27 02:00:00,0.6395,0.63954,0.63915,0.63929,924.67
2023.09.27 03:00:00,0.6393,0.64023,0.63863,0.63906,2925.52
2023.09.27 04:00:00,0.63906,0.64086,0.63891,0.64052,6186.59
2023.09.27 05:00:00,0.64049,0.6405,0.63875,0.63905,3200.07
2023.09.27 06:00:00,0.63905,0.63911,0.63801,0.63813,2781.39
2023.09.27 07:00:00,0.63811,0.63853,0.63761,0.63825,1818.49
2023.09.27 08:00:00,0.63823,0.63837,0.63758,0.63782,2566.01
2023.09.27 09:00:00,0.63784,0.6385,0.63702,0.63809,3714.33
2023.09.27 10:00:00,0.63809,0.6384,0.63769,0.63788,3710.42
2023.09.27 11:00:00,0.63789,0.63852,0.63772,0.63806,2863.4
2023.09.27 12:00:00,0.63807,0.63815,0.63708,0.63744,3566.74
2023.09.27 13:00:00,0.63743,0.6377,0.63684,0.63684,2321.38
2023.09.27 14:00:00,0.63684,0.63733,0.63611,0.63669,2900.02
2023.09.27 15:00:00,0.63671,0.63779,0.63654,0.63756,5900.18
2023.09.27 16:00:00,0.63755,0.6384,0.63731,0.63785,8474.91
2023.09.27 17:00:00,0.63786,0.63869,0.63711,0.63757,9778.84
2023.09.27 18:00:00,0.63757,0.63858,0.63658,0.63663,8386.28
2023.09.27 19:00:00,0.63663,0.63663,0.63533,0.63548,4112.91
2023.09.27 20:00:00,0.63548,0.63595,0.63309,0.63407,7168.01
2023.09.27 21:00:00,0.63406,0.6357,0.63338,0.63531,5438.6
2023.09.27 22:00:00,0.63533,0.6366,0.63481,0.63528,6882.55
2023.09.27 23:00:00,0.63529,0.63532,0.63471,0.63512,1516.74
2023.09.28 00:00:00,0.63507,0.63537,0.63479,0.6351,3014.73
2023.09.28 01:00:00,0.63512,0.63526,0.63481,0.63482,1017.19
2023.09.28 02:00:00,0.63483,0.63519,0.63443,0.63481,1625.38
2023.09.28 03:00:00,0.63481,0.63615,0.63468,0.63596,3442.79
2023.09.28 04:00:00,0.63599,0.63736,0.63587,0.63733,4446.92
2023.09.28 05:00:00,0.63734,0.63734,0.63648,0.63654,3657.76
2023.09.28 06:00:00,0.63653,0.63769,0.63646,0.63723,3791.21
2023.09.28 07:00:00,0.63723,0.63755,0.63627,0.63754,2933.5
2023.09.28 08:00:00,0.63754,0.638,0.63745,0.63768,4624.88
2023.09.28 09:00:00,0.63769,0.63776,0.63665,0.63694,4575.26
2023.09.28 10:00:00,0.63695,0.63772,0.63671,0.63681,6059.56
2023.09.28 11:00:00,0.63684,0.63809,0.63632,0.63774,4699.28
2023.09.28 12:00:00,0.63773,0.63901,0.63699,0.6387,6273.04
2023.09.28 13:00:00,0.63871,0.63925,0.63816,0.63913,5208.13
2023.09.28 14:00:00,0.63913,0.6395,0.63859,0.63916,4587.56
2023.09.28 15:00:00,0.63916,0.6404,0.63825,0.63883,12545.39
2023.09.28 16:00:00,0.63884,0.64043,0.63867,0.63979,14753.51
2023.09.28 17:00:00,0.63977,0.64173,0.63972,0.64115,17097.53
2023.09.28 18:00:00,0.64115,0.64249,0.64062,0.6424,10680.59
2023.09.28 19:00:00,0.6424,0.64318,0.64203,0.64221,5619.98
2023.09.28 20:00:00,0.6422,0.64274,0.6416,0.64175,7503.78
2023.09.28 21:00:00,0.64177,0.64243,0.64154,0.64227,6208.13
2023.09.28 22:00:00,0.64226,0.6425,0.64181,0.6424,3770.98
2023.09.28 23:00:00,0.64238,0.64279,0.64206,0.64259,1786.3
2023.09.29 00:00:00,0.64254,0.64284,0.64063,0.6426,1509.18
2023.09.29 01:00:00,0.64261,0.64307,0.64261,0.64275,1501.03
2023.09.29 02:00:00,0.64276,0.64287,0.64245,0.64261,1186.06
2023.09.29 03:00:00,0.64261,0.6429,0.64207,0.64233,2907.92
2023.09.29 04:00:00,0.64234,0.64451,0.64226,0.64427,4669.69
2023.09.29 05:00:00,0.64429,0.64606,0.64427,0.64599,4288.71
2023.09.29 06:00:00,0.64601,0.64606,0.64521,0.64569,2647.96
2023.09.29 07:00:00,0.64567,0.64605,0.64539,0.64568,2093.36
2023.09.29 08:00:00,0.64568,0.6462,0.64549,0.64552,2578.8
2023.09.29 09:00:00,0.64553,0.6478,0.64545,0.64736,5039.8
2023.09.29 10:00:00,0.64737,0.64851,0.6471,0.64797,5165.19
2023.09.29 11:00:00,0.64798,0.64858,0.64755,0.64812,6864.73
2023.09.29 12:00:00,0.64811,0.64942,0.6478,0.64935,4604.74
2023.09.29 13:00:00,0.64935,0.65005,0.64905,0.64951,3991.3
2023.09.29 14:00:00,0.6495,0.64967,0.6481,0.64812,6195.58
2023.09.29 15:00:00,0.64813,0.64996,0.64774,0.64928,12371.77
2023.09.29 16:00:00,0.64928,0.64938,0.64701,0.64738,12877.98
2023.09.29 17:00:00,0.6473,0.64749,0.64504,0.64537,15834.97
2023.09.29 18:00:00,0.64536,0.64584,0.64452,0.64484,13341.54
2023.09.29 19:00:00,0.64482,0.64524,0.64388,0.64399,4692.3
2023.09.29 20:00:00,0.64399,0.644,0.64248,0.64264,3786.83
2023.09.29 21:00:00,0.64264,0.64381,0.64218,0.64381,3668.63
2023.09.29 22:00:00,0.6438,0.64392,0.64272,0.64283,4620.98
2023.09.29 23:00:00,0.64283,0.64355,0.64276,0.64285,2269.45
2023.10.02 00:00:00,0.64211,0.64329,0.6421,0.64319,900.65
2023.10.02 01:00:00,0.64315,0.64426,0.64269,0.64293,2796.68
2023.10.02 02:00:00,0.64294,0.64369,0.64286,0.64367,2621.16
2023.10.02 03:00:00,0.64365,0.64446,0.64286,0.64289,3748.37
2023.10.02 04:00:00,0.6429,0.6435,0.64269,0.64289,2464.77
2023.10.02 05:00:00,0.64289,0.64298,0.6413,0.64146,2417.05
2023.10.02 06:00:00,0.64144,0.64167,0.64098,0.64115,1669.82
2023.10.02 07:00:00,0.64114,0.64119,0.6404,0.64041,1653.25
2023.10.02 08:00:00,0.64043,0.64046,0.63938,0.63962,2411.17
2023.10.02 09:00:00,0.63961,0.6421,0.6396,0.64207,4360.18
2023.10.02 10:00:00,0.64205,0.64257,0.64071,0.641,6073.08
2023.10.02 11:00:00,0.64099,0.64146,0.64046,0.64047,3908.03
2023.10.02 12:00:00,0.64047,0.64067,0.63947,0.63968,3692.66
2023.10.02 13:00:00,0.63967,0.64012,0.63956,0.63964,2688.95
2023.10.02 14:00:00,0.63965,0.64001,0.63922,0.6394,2930.67
2023.10.02 15:00:00,0.6394,0.63989,0.63891,0.63893,5105.81
2023.10.02 16:00:00,0.63893,0.63918,0.6375,0.63777,8269.09
2023.10.02 17:00:00,0.63773,0.63903,0.63674,0.63708,23724.2
2023.10.02 18:00:00,0.63711,0.6386,0.637,0.6374,7753.09
2023.10.02 19:00:00,0.63738,0.63751,0.63629,0.63649,4332.3
2023.10.02 20:00:00,0.63649,0.63722,0.63647,0.63698,4130.4
2023.10.02 21:00:00,0.63697,0.63755,0.63635,0.63649,3347.92
2023.10.02 22:00:00,0.63649,0.63673,0.63622,0.63638,2948.53
2023.10.02 23:00:00,0.63635,0.63644,0.63616,0.6362,1666.77
2023.10.03 00:00:00,0.63615,0.63657,0.63594,0.63629,1612.78
2023.10.03 01:00:00,0.63633,0.63653,0.63602,0.63606,1801.39
2023.10.03 02:00:00,0.63605,0.63667,0.63569,0.63614,1686.62
2023.10.03 03:00:00,0.63614,0.63634,0.63532,0.63621,3259.28
2023.10.03 04:00:00,0.6362,0.63628,0.6347,0.63488,3941.62
2023.10.03 05:00:00,0.63487,0.63492,0.63393,0.63415,3223.36
2023.10.03 06:00:00,0.63415,0.63505,0.63359,0.63445,3776.66
2023.10.03 07:00:00,0.63447,0.63454,0.6314,0.6317,4474.06
2023.10.03 08:00:00,0.63168,0.63176,0.6305,0.63057,4228.37
2023.10.03 09:00:00,0.63058,0.63223,0.63058,0.63199,5206.17
2023.10.03 10:00:00,0.632,0.63228,0.63125,0.63175,5834.83
2023.10.03 11:00:00,0.63182,0.63314,0.63173,0.63219,6912.34
2023.10.03 12:00:00,0.6322,0.63224,0.63098,0.63117,6407.38
2023.10.03 13:00:00,0.63118,0.63148,0.6301,0.63036,4964.64
2023.10.03 14:00:00,0.63036,0.63052,0.62946,0.63028,6271.09
2023.10.03 15:00:00,0.6303,0.63093,0.63,0.63018,9630.47
2023.10.03 16:00:00,0.63021,0.6317,0.62998,0.63146,10369.78
2023.10.03 17:00:00,0.63147,0.63166,0.62869,0.63033,33184.24
2023.10.03 18:00:00,0.63032,0.63044,0.62861,0.62912,11942.91
2023.10.03 19:00:00,0.62913,0.63068,0.62911,0.62987,6452.24
2023.10.03 20:00:00,0.62986,0.63064,0.62959,0.62982,4418.56
2023.10.03 21:00:00,0.6298,0.63048,0.62851,0.63035,7372.96
2023.10.03 22:00:00,0.63033,0.63042,0.62979,0.63027,4635.65
2023.10.03 23:00:00,0.63026,0.63056,0.63006,0.63007,1761.43
2023.10.04 00:00:00,0.63006,0.63041,0.62993,0.63019,738.81
2023.10.04 01:00:00,0.63012,0.63038,0.62995,0.62997,1047.44
2023.10.04 02:00:00,0.62997,0.63096,0.62967,0.6308,2268.1
2023.10.04 03:00:00,0.63081,0.63144,0.63028,0.63102,3951.95
2023.10.04 04:00:00,0.63103,0.63114,0.62859,0.62981,8348.38
2023.10.04 05:00:00,0.6298,0.63061,0.62947,0.63043,4567.52
2023.10.04 06:00:00,0.63043,0.63063,0.6294,0.62971,3735.32
2023.10.04 07:00:00,0.62971,0.63239,0.6297,0.63198,4175.99
2023.10.04 08:00:00,0.63198,0.63258,0.63091,0.6311,3631.16
2023.10.04 09:00:00,0.63111,0.63121,0.6301,0.63067,4397.54
2023.10.04 10:00:00,0.63067,0.63236,0.6303,0.63205,10602.29
2023.10.04 11:00:00,0.63204,0.6325,0.63155,0.63228,7727.88
2023.10.04 12:00:00,0.63228,0.63283,0.63182,0.63234,5068.68
2023.10.04 13:00:00,0.63234,0.6327,0.63147,0.63196,3744.67
2023.10.04 14:00:00,0.63195,0.63334,0.63185,0.6319,5878.71
2023.10.04 15:00:00,0.63189,0.6342,0.63166,0.63364,14091.25
2023.10.04 16:00:00,0.63364,0.63405,0.63227,0.63253,12238.91
2023.10.04 17:00:00,0.63247,0.63323,0.63075,0.63103,22431.83
2023.10.04 18:00:00,0.63101,0.63378,0.63057,0.63356,13492.71
2023.10.04 19:00:00,0.63356,0.63387,0.63293,0.63299,6020.71
2023.10.04 20:00:00,0.63298,0.63309,0.63177,0.63198,4251.75
2023.10.04 21:00:00,0.63197,0.63233,0.6317,0.63211,4657.62
2023.10.04 22:00:00,0.63212,0.6333,0.63204,0.63286,4502.27
2023.10.04 23:00:00,0.63284,0.63289,0.63236,0.63238,1902.87
2023.10.05 00:00:00,0.63236,0.63266,0.632,0.6322,1260.01
2023.10.05 01:00:00,0.63213,0.63309,0.63213,0.63281,1048.79
2023.10.05 02:00:00,0.63281,0.63315,0.63269,0.63281,1480.83
2023.10.05 03:00:00,0.6328,0.63462,0.63238,0.63439,4576.08
2023.10.05 04:00:00,0.63439,0.63647,0.63437,0.63644,8502.34
2023.10.05 05:00:00,0.63646,0.63651,0.63581,0.63618,2316.17
2023.10.05 06:00:00,0.63617,0.63773,0.63595,0.63725,2504.61
2023.10.05 07:00:00,0.63726,0.63767,0.6369,0.6372,1720.44
2023.10.05 08:00:00,0.63719,0.63721,0.63621,0.63637,2919.05
2023.10.05 09:00:00,0.6364,0.63659,0.63513,0.63514,4750.71
2023.10.05 10:00:00,0.63514,0.63517,0.63384,0.63403,5844.23
2023.10.05 11:00:00,0.634,0.63476,0.63306,0.63318,5141.02
2023.10.05 12:00:00,0.63317,0.63384,0.63306,0.63342,4310.32
2023.10.05 13:00:00,0.63344,0.6347,0.63324,0.63467,4977.11
2023.10.05 14:00:00,0.63467,0.63507,0.63412,0.63487,4020.66
2023.10.05 15:00:00,0.63486,0.63503,0.63267,0.63425,9843.14
2023.10.05 16:00:00,0.63426,0.63559,0.6336,0.6352,11433.9
2023.10.05 17:00:00,0.63519,0.63532,0.63387,0.63496,10603
2023.10.05 18:00:00,0.63495,0.63545,0.63425,0.6346,11085.11
2023.10.05 19:00:00,0.6346,0.636,0.63445,0.63579,5370.78
2023.10.05 20:00:00,0.63579,0.63644,0.63529,0.63637,4857.27
2023.10.05 21:00:00,0.63641,0.63717,0.63641,0.6371,5863.94
2023.10.05 22:00:00,0.63709,0.63733,0.63676,0.63715,3960.35
2023.10.05 23:00:00,0.63715,0.6373,0.63685,0.63687,1362.25
2023.10.06 00:00:00,0.63688,0.63701,0.63637,0.63681,1461.1
2023.10.06 01:00:00,0.63684,0.63733,0.63679,0.63689,981.53
2023.10.06 02:00:00,0.63689,0.6374,0.63677,0.6369,1410.06
2023.10.06 03:00:00,0.63693,0.63731,0.63638,0.63676,3009.9
2023.10.06 04:00:00,0.63675,0.63768,0.6364,0.63709,4656.61
2023.10.06 05:00:00,0.63709,0.63814,0.63689,0.63786,2861.23
2023.10.06 06:00:00,0.63787,0.63798,0.6372,0.63737,1904.21
2023.10.06 07:00:00,0.63738,0.63738,0.63661,0.63671,1338.28
2023.10.06 08:00:00,0.63671,0.63685,0.63545,0.63554,1861.92
2023.10.06 09:00:00,0.63554,0.63616,0.63544,0.63587,3206.56
2023.10.06 10:00:00,0.63585,0.63674,0.63576,0.63664,5025.25
2023.10.06 11:00:00,0.63668,0.63702,0.63594,0.63636,4558.08
2023.10.06 12:00:00,0.63637,0.63646,0.63578,0.63595,3382.68
2023.10.06 13:00:00,0.63594,0.63668,0.63569,0.63603,3218.29
2023.10.06 14:00:00,0.63602,0.6363,0.6353,0.6358,2939.19
2023.10.06 15:00:00,0.63581,0.63632,0.63122,0.63252,17058.1
2023.10.06 16:00:00,0.63252,0.63508,0.63194,0.63341,22462.4
2023.10.06 17:00:00,0.63342,0.63588,0.63304,0.63489,22649.06
2023.10.06 18:00:00,0.63486,0.63947,0.63465,0.63919,14470.52
2023.10.06 19:00:00,0.63918,0.63929,0.63785,0.63789,8307.39
2023.10.06 20:00:00,0.63788,0.63911,0.63763,0.63876,3674.29
2023.10.06 21:00:00,0.63875,0.63998,0.63871,0.63953,3148.08
2023.10.06 22:00:00,0.63951,0.6396,0.63863,0.63869,2657.62
2023.10.06 23:00:00,0.63867,0.63879,0.63818,0.63829,2734.53
2023.10.09 00:00:00,0.63625,0.63639,0.63542,0.63546,1560.11
2023.10.09 01:00:00,0.63548,0.6368,0.63441,0.63571,5219.8
2023.10.09 02:00:00,0.63573,0.63693,0.63563,0.63685,2876.58
2023.10.09 03:00:00,0.63688,0.63798,0.63678,0.63798,3657.95
2023.10.09 04:00:00,0.63798,0.63806,0.63601,0.63695,4706.08
2023.10.09 05:00:00,0.63695,0.63722,0.63639,0.63647,2463.1
2023.10.09 06:00:00,0.63647,0.63647,0.63502,0.63515,1616.12
2023.10.09 07:00:00,0.63515,0.6355,0.63468,0.63478,1733.14
2023.10.09 08:00:00,0.63477,0.6358,0.63456,0.63552,2868.39
2023.10.09 09:00:00,0.63555,0.63627,0.63435,0.63446,6876.09
2023.10.09 10:00:00,0.63446,0.63611,0.63424,0.63545,7932.16
2023.10.09 11:00:00,0.63545,0.63614,0.63531,0.6359,4855.92
2023.10.09 12:00:00,0.63591,0.63674,0.63583,0.63614,3282.25
2023.10.09 13:00:00,0.63612,0.63648,0.63559,0.6358,3235.94
2023.10.09 14:00:00,0.63583,0.63675,0.63583,0.6364,2998.27
2023.10.09 15:00:00,0.63637,0.63683,0.63556,0.63669,6078.98
2023.10.09 16:00:00,0.63669,0.63831,0.63665,0.63787,10536.72
2023.10.09 17:00:00,0.63788,0.63858,0.63726,0.63759,7560
2023.10.09 18:00:00,0.63758,0.63836,0.63736,0.63785,3637.28
2023.10.09 19:00:00,0.63783,0.63797,0.63739,0.63771,2331.94
2023.10.09 20:00:00,0.63773,0.64016,0.63764,0.64009,3586.5
2023.10.09 21:00:00,0.64011,0.64126,0.64005,0.64117,3331.43
2023.10.09 22:00:00,0.64116,0.64145,0.64088,0.64126,2625.91
2023.10.09 23:00:00,0.64126,0.64142,0.64089,0.64094,1390.73
2023.10.10 00:00:00,0.64096,0.64111,0.64071,0.6408,1340.58
2023.10.10 01:00:00,0.64083,0.64136,0.64081,0.64097,1284.53
2023.10.10 02:00:00,0.64097,0.64228,0.64094,0.64208,2182.69
2023.10.10 03:00:00,0.64207,0.64272,0.64154,0.64168,5557.33
2023.10.10 04:00:00,0.6417,0.64327,0.64167,0.6424,5639.83
2023.10.10 05:00:00,0.64238,0.64291,0.6411,0.64112,4308.9
2023.10.10 06:00:00,0.64111,0.64176,0.64095,0.64146,2730.36
2023.10.10 07:00:00,0.6415,0.6415,0.64074,0.64093,2032.88
2023.10.10 08:00:00,0.64093,0.64142,0.64062,0.64086,3428.71
2023.10.10 09:00:00,0.64085,0.64108,0.63976,0.64027,7358.44
2023.10.10 10:00:00,0.64026,0.64055,0.63907,0.63977,8169.72
2023.10.10 11:00:00,0.63979,0.64259,0.63925,0.64197,9579.62
2023.10.10 12:00:00,0.64198,0.64209,0.64091,0.64144,7643.46
2023.10.10 13:00:00,0.64143,0.64158,0.64044,0.64048,4719.42
2023.10.10 14:00:00,0.64046,0.64047,0.63898,0.63942,6180.18
2023.10.10 15:00:00,0.63943,0.64012,0.63909,0.63993,8009.61
2023.10.10 16:00:00,0.63992,0.64052,0.63931,0.64041,10601.6
2023.10.10 17:00:00,0.64044,0.64199,0.64044,0.64124,10311.3
2023.10.10 18:00:00,0.64124,0.64306,0.64104,0.64292,5803.45
2023.10.10 19:00:00,0.64293,0.64314,0.64221,0.64266,5246.39
2023.10.10 20:00:00,0.64266,0.64271,0.64122,0.64156,5600.04
2023.10.10 21:00:00,0.64156,0.64255,0.64142,0.64233,4206.27
2023.10.10 22:00:00,0.64234,0.64293,0.64196,0.64284,2894.21
2023.10.10 23:00:00,0.64283,0.64318,0.64281,0.643,1295.05
2023.10.11 00:00:00,0.6428,0.64307,0.6423,0.64276,906.67
2023.10.11 01:00:00,0.64283,0.6432,0.64273,0.64299,984.98
2023.10.11 02:00:00,0.64299,0.64353,0.64292,0.64316,1508.23
2023.10.11 03:00:00,0.64315,0.64449,0.64311,0.64381,3202.7
2023.10.11 04:00:00,0.64381,0.64423,0.64277,0.64322,3978.34
2023.10.11 05:00:00,0.64321,0.6433,0.64241,0.64254,3080.9
2023.10.11 06:00:00,0.64254,0.64256,0.64188,0.6422,2258.62
2023.10.11 07:00:00,0.64222,0.6426,0.64164,0.64196,2033.55
2023.10.11 08:00:00,0.64199,0.64246,0.64124,0.64142,2595.67
2023.10.11 09:00:00,0.64141,0.64231,0.64092,0.64181,3767.19
2023.10.11 10:00:00,0.64183,0.6434,0.64162,0.64172,7104
2023.10.11 11:00:00,0.64174,0.64234,0.64118,0.64224,6895.12
2023.10.11 12:00:00,0.64224,0.64257,0.64168,0.642,5002.99
2023.10.11 13:00:00,0.64201,0.64228,0.64126,0.6417,3970.19
2023.10.11 14:00:00,0.64172,0.64225,0.64111,0.64131,4779.82
2023.10.11 15:00:00,0.64129,0.6423,0.63997,0.64216,11224.44
2023.10.11 16:00:00,0.64215,0.64271,0.64136,0.6425,13498.28
2023.10.11 17:00:00,0.64247,0.6426,0.6412,0.6415,11230.52
2023.10.11 18:00:00,0.6415,0.64164,0.64029,0.64059,6222.49
2023.10.11 19:00:00,0.6406,0.64077,0.63972,0.6403,3268.68
2023.10.11 20:00:00,0.64031,0.64047,0.63876,0.63941,4514.17
2023.10.11 21:00:00,0.63941,0.64086,0.63941,0.64054,5219.31
2023.10.11 22:00:00,0.64053,0.64117,0.64039,0.64099,3224.25
2023.10.11 23:00:00,0.64099,0.64146,0.64097,0.64125,1328.86
2023.10.12 00:00:00,0.64124,0.64151,0.64081,0.64135,1148.39
2023.10.12 01:00:00,0.64136,0.6417,0.64119,0.64166,1036.42
2023.10.12 02:00:00,0.64167,0.64197,0.64155,0.64173,1311.79
2023.10.12 03:00:00,0.64173,0.64211,0.64138,0.64167,2749.55
2023.10.12 04:00:00,0.64166,0.64265,0.6416,0.64217,3134.75
2023.10.12 05:00:00,0.64215,0.64235,0.64112,0.64131,2494.69
2023.10.12 06:00:00,0.6413,0.64205,0.64121,0.64203,1646.87
2023.10.12 07:00:00,0.64203,0.64233,0.64185,0.64223,1492.19
2023.10.12 08:00:00,0.64223,0.64228,0.6414,0.64158,2327.47
2023.10.12 09:00:00,0.6416,0.64306,0.64138,0.64242,4659.95
2023.10.12 10:00:00,0.64241,0.64242,0.64056,0.64094,4629.62
2023.10.12 11:00:00,0.64094,0.64162,0.64068,0.64129,5039.85
2023.10.12 12:00:00,0.6413,0.64132,0.6407,0.641,3130.62
2023.10.12 13:00:00,0.64101,0.64116,0.64024,0.64036,3111.51
2023.10.12 14:00:00,0.64036,0.64089,0.64004,0.64057,2607.39
2023.10.12 15:00:00,0.64058,0.64081,0.63727,0.6383,11671.68
2023.10.12 16:00:00,0.63831,0.6386,0.63503,0.63531,13835.36
2023.10.12 17:00:00,0.6353,0.63585,0.63356,0.63407,11178.63
2023.10.12 18:00:00,0.63405,0.63415,0.63281,0.63329,7005.22
2023.10.12 19:00:00,0.6333,0.63376,0.63252,0.63272,4316.99
2023.10.12 20:00:00,0.63273,0.63281,0.63116,0.6312,7302.99
2023.10.12 21:00:00,0.63123,0.63183,0.63067,0.63108,4736.84
2023.10.12 22:00:00,0.6311,0.63164,0.631,0.63137,3145.66
2023.10.12 23:00:00,0.63136,0.63147,0.6312,0.63129,848.95
2023.10.13 00:00:00,0.63128,0.6315,0.63079,0.63145,4009.51
2023.10.13 01:00:00,0.63143,0.63159,0.63133,0.63149,1280.56
2023.10.13 02:00:00,0.63149,0.63178,0.63126,0.63155,2060.48
2023.10.13 03:00:00,0.63157,0.63235,0.63152,0.63209,3272.9
2023.10.13 04:00:00,0.6321,0.63266,0.63181,0.63252,3852.92
2023.10.13 05:00:00,0.63253,0.63339,0.63225,0.63257,3520.37
2023.10.13 06:00:00,0.63258,0.63295,0.63233,0.63268,3018.7
2023.10.13 07:00:00,0.63267,0.63272,0.63151,0.6316,2904.09
2023.10.13 08:00:00,0.6316,0.63216,0.63153,0.63213,3374.34
2023.10.13 09:00:00,0.63213,0.63215,0.631,0.63157,3987.26
2023.10.13 10:00:00,0.63155,0.6327,0.63149,0.63257,4931.01
2023.10.13 11:00:00,0.63255,0.63311,0.63208,0.63214,4683.1
2023.10.13 12:00:00,0.63215,0.63215,0.63083,0.6312,4974.75
2023.10.13 13:00:00,0.63121,0.63158,0.63049,0.63092,5695.62
2023.10.13 14:00:00,0.63092,0.63195,0.6308,0.63165,6386.38
2023.10.13 15:00:00,0.63164,0.63286,0.6312,0.63255,9413.32
2023.10.13 16:00:00,0.63254,0.63276,0.63123,0.63171,11944.32
2023.10.13 17:00:00,0.63171,0.63197,0.62911,0.62946,13880.35
2023.10.13 18:00:00,0.62944,0.62964,0.62859,0.62885,6097.79
2023.10.13 19:00:00,0.62886,0.62961,0.62884,0.62936,3784.61
2023.10.13 20:00:00,0.62937,0.63007,0.6289,0.62981,4971.95
2023.10.13 21:00:00,0.62983,0.63,0.62934,0.62976,3588.26
2023.10.13 22:00:00,0.62979,0.63013,0.62958,0.62984,3281.82
2023.10.13 23:00:00,0.62983,0.62983,0.62938,0.62941,1779.49
2023.10.16 00:00:00,0.63016,0.63033,0.62979,0.63003,2781.4
2023.10.16 01:00:00,0.63004,0.63063,0.62995,0.63044,2467.13
2023.10.16 02:00:00,0.63046,0.6311,0.63037,0.6311,1867.38
2023.10.16 03:00:00,0.63111,0.63125,0.63023,0.63025,2773.4
2023.10.16 04:00:00,0.63028,0.63183,0.63028,0.63171,3171.3
2023.10.16 05:00:00,0.63172,0.63264,0.63146,0.63196,2832
2023.10.16 06:00:00,0.63196,0.63218,0.63152,0.63216,1692.2
2023.10.16 07:00:00,0.63217,0.63254,0.63205,0.63223,1532.3
2023.10.16 08:00:00,0.63222,0.63268,0.63177,0.63224,2034.48
2023.10.16 09:00:00,0.63224,0.6332,0.63187,0.63244,4210.42
2023.10.16 10:00:00,0.63242,0.63278,0.63198,0.6326,6556.86
2023.10.16 11:00:00,0.63259,0.63314,0.63211,0.63262,4283.53
2023.10.16 12:00:00,0.63259,0.63274,0.63207,0.63232,4618.89
2023.10.16 13:00:00,0.63232,0.63263,0.63183,0.63185,2369.52
2023.10.16 14:00:00,0.63183,0.63296,0.63165,0.63276,3269.31
2023.10.16 15:00:00,0.63278,0.63332,0.63226,0.633,7172.19
2023.10.16 16:00:00,0.633,0.6331,0.63155,0.63181,6825.39
2023.10.16 17:00:00,0.63181,0.63321,0.63113,0.63317,8151.46
2023.10.16 18:00:00,0.63318,0.63396,0.63305,0.63375,6577.66
2023.10.16 19:00:00,0.63376,0.63416,0.6337,0.63416,2378.84
2023.10.16 20:00:00,0.63417,0.63441,0.63356,0.63415,3108.21
2023.10.16 21:00:00,0.63415,0.63432,0.63397,0.63405,2285.42
2023.10.16 22:00:00,0.63405,0.63446,0.63388,0.63433,3007.74
2023.10.16 23:00:00,0.63433,0.63433,0.63407,0.63413,1217.36
2023.10.17 00:00:00,0.63413,0.63426,0.63361,0.63381,3465.34
2023.10.17 01:00:00,0.63381,0.63408,0.63342,0.63355,1356.4
2023.10.17 02:00:00,0.63355,0.63393,0.63345,0.63371,1566.87
2023.10.17 03:00:00,0.63372,0.63592,0.63362,0.63532,5250.4
2023.10.17 04:00:00,0.63531,0.63541,0.63438,0.63515,3685.02
2023.10.17 05:00:00,0.63516,0.63549,0.63453,0.63529,2749.54
2023.10.17 06:00:00,0.6353,0.63667,0.63506,0.63534,2632.07
2023.10.17 07:00:00,0.63534,0.63548,0.63489,0.63535,1868.3
2023.10.17 08:00:00,0.63535,0.63579,0.63477,0.63509,2745.7
2023.10.17 09:00:00,0.63511,0.63579,0.63496,0.63519,4450.88
2023.10.17 10:00:00,0.6352,0.63626,0.63513,0.63576,6227.72
2023.10.17 11:00:00,0.63574,0.63598,0.63423,0.63439,4911.91
2023.10.17 12:00:00,0.63439,0.63532,0.63435,0.6353,3483.9
2023.10.17 13:00:00,0.6353,0.63582,0.63452,0.63494,4786.97
2023.10.17 14:00:00,0.63493,0.63654,0.63489,0.63613,3798.04
2023.10.17 15:00:00,0.63612,0.63635,0.6336,0.63407,11465.39
2023.10.17 16:00:00,0.63408,0.63537,0.6336,0.63434,14291.9
2023.10.17 17:00:00,0.63434,0.63682,0.63434,0.63634,12450.21
2023.10.17 18:00:00,0.63635,0.63767,0.63622,0.63756,7360.31
2023.10.17 19:00:00,0.63756,0.63794,0.63701,0.63708,7474.43
2023.10.17 20:00:00,0.63708,0.6371,0.63532,0.63554,5812.13
2023.10.17 21:00:00,0.63554,0.63627,0.63535,0.63577,3331.67
2023.10.17 22:00:00,0.63578,0.63674,0.63574,0.63642,3382.55
2023.10.17 23:00:00,0.63641,0.63665,0.63624,0.63632,1207.08
2023.10.18 00:00:00,0.63632,0.63662,0.636,0.63657,2034.7
2023.10.18 01:00:00,0.6366,0.63666,0.63638,0.63651,944.5
2023.10.18 02:00:00,0.6365,0.63659,0.63617,0.63624,1327.57
2023.10.18 03:00:00,0.63625,0.63651,0.63516,0.63526,2904.43
2023.10.18 04:00:00,0.63527,0.636,0.63506,0.63584,4148.32
2023.10.18 05:00:00,0.63584,0.63788,0.63584,0.63747,6653.59
2023.10.18 06:00:00,0.63748,0.63812,0.63697,0.63747,3270.95
2023.10.18 07:00:00,0.63749,0.63808,0.63738,0.63769,2157.02
2023.10.18 08:00:00,0.6377,0.63875,0.63757,0.63841,4595.43
2023.10.18 09:00:00,0.63841,0.63929,0.63823,0.6385,5273.58
2023.10.18 10:00:00,0.63848,0.63881,0.63792,0.63815,6439.5
2023.10.18 11:00:00,0.63816,0.63835,0.63741,0.63816,5293.7
2023.10.18 12:00:00,0.63816,0.6384,0.63748,0.63769,3753.61
2023.10.18 13:00:00,0.63768,0.63771,0.63645,0.63701,3853.39
2023.10.18 14:00:00,0.63701,0.63731,0.63659,0.63677,3033.98
2023.10.18 15:00:00,0.63678,0.63706,0.63547,0.63604,5537.79
2023.10.18 16:00:00,0.63606,0.63639,0.63548,0.63556,7461.02
2023.10.18 17:00:00,0.63555,0.63618,0.63368,0.63416,10559.66
2023.10.18 18:00:00,0.63418,0.63444,0.63337,0.63342,6878.72
2023.10.18 19:00:00,0.63343,0.63363,0.63275,0.63342,4404.36
2023.10.18 20:00:00,0.63342,0.63543,0.63325,0.63499,7336.86
2023.10.18 21:00:00,0.63499,0.63508,0.63365,0.63366,3812.57
2023.10.18 22:00:00,0.63368,0.63374,0.63323,0.63358,3789.58
2023.10.18 23:00:00,0.63358,0.63377,0.63345,0.6335,1369
2023.10.19 00:00:00,0.63345,0.63374,0.63323,0.63349,2180.18
2023.10.19 01:00:00,0.63348,0.63385,0.63294,0.63298,1278.57
2023.10.19 02:00:00,0.63299,0.63326,0.63285,0.63326,1471.78
2023.10.19 03:00:00,0.6333,0.63366,0.6312,0.63172,6110.9
2023.10.19 04:00:00,0.63171,0.63209,0.63004,0.63045,7034.17
2023.10.19 05:00:00,0.63043,0.63055,0.62955,0.63013,6336.81
2023.10.19 06:00:00,0.63015,0.63047,0.62961,0.62992,3624.79
2023.10.19 07:00:00,0.62992,0.63037,0.62989,0.63017,2504.66
2023.10.19 08:00:00,0.63017,0.63048,0.62966,0.62992,3636.72
2023.10.19 09:00:00,0.62992,0.63107,0.62985,0.63071,5871.26
2023.10.19 10:00:00,0.6307,0.63097,0.62969,0.62982,10108.35
2023.10.19 11:00:00,0.6298,0.63069,0.62969,0.6304,10119.9
2023.10.19 12:00:00,0.63039,0.63059,0.62977,0.63055,5995.23
2023.10.19 13:00:00,0.63054,0.63155,0.63046,0.63143,3118.96
2023.10.19 14:00:00,0.63144,0.63159,0.63096,0.63113,3674.07
2023.10.19 15:00:00,0.63112,0.63241,0.63091,0.63192,9642.35
2023.10.19 16:00:00,0.63191,0.63265,0.6316,0.63218,16651.47
2023.10.19 17:00:00,0.6322,0.63236,0.63131,0.63146,13475.99
2023.10.19 18:00:00,0.63145,0.63294,0.63142,0.63238,7713.44
2023.10.19 19:00:00,0.63238,0.6356,0.63127,0.63466,27846.78
2023.10.19 20:00:00,0.63465,0.63561,0.63337,0.63415,18480.23
2023.10.19 21:00:00,0.63415,0.63498,0.63246,0.6327,11844.29
2023.10.19 22:00:00,0.63271,0.63339,0.63271,0.63329,5431.95
2023.10.19 23:00:00,0.6333,0.63331,0.6326,0.63278,2225.96
2023.10.20 00:00:00,0.63273,0.6329,0.63245,0.63256,2229.28
2023.10.20 01:00:00,0.6326,0.63282,0.63202,0.63204,2323.2
2023.10.20 02:00:00,0.63202,0.63241,0.63189,0.63239,1831.36
2023.10.20 03:00:00,0.6324,0.63241,0.63096,0.63139,3579.47
2023.10.20 04:00:00,0.63138,0.63169,0.63047,0.63135,5170.81
2023.10.20 05:00:00,0.63134,0.63239,0.63111,0.63224,3096.17
2023.10.20 06:00:00,0.63223,0.63242,0.63172,0.63191,2424.1
2023.10.20 07:00:00,0.6319,0.6319,0.63126,0.63146,1737.15
2023.10.20 08:00:00,0.63145,0.63196,0.63104,0.63111,2256.16
2023.10.20 09:00:00,0.63111,0.63154,0.63036,0.63138,5722.46
2023.10.20 10:00:00,0.63139,0.63139,0.63008,0.63011,7878.18
2023.10.20 11:00:00,0.63012,0.63142,0.6297,0.63124,3990.2
2023.10.20 12:00:00,0.63125,0.63166,0.63073,0.63132,2814.64
2023.10.20 13:00:00,0.63131,0.63146,0.63086,0.63127,3224.41
2023.10.20 14:00:00,0.63125,0.6316,0.63101,0.63127,3440.09
2023.10.20 15:00:00,0.63124,0.63155,0.6299,0.63091,6633.6
2023.10.20 16:00:00,0.63093,0.63243,0.63084,0.63199,9761.1
2023.10.20 17:00:00,0.63196,0.63238,0.631,0.63199,9585.6
2023.10.20 18:00:00,0.63198,0.63252,0.6312,0.63177,7098.02
2023.10.20 19:00:00,0.63179,0.63191,0.63092,0.63186,3410.25
2023.10.20 20:00:00,0.63187,0.63245,0.63156,0.63181,4768.96
2023.10.20 21:00:00,0.63182,0.63186,0.63105,0.63136,2798.66
2023.10.20 22:00:00,0.63136,0.63157,0.63089,0.63113,2780.11
2023.10.20 23:00:00,0.63111,0.63137,0.63091,0.63092,2042.94
2023.10.23 00:00:00,0.63152,0.63152,0.63092,0.63147,916.85
2023.10.23 01:00:00,0.63142,0.63205,0.63101,0.63172,2830.87
2023.10.23 02:00:00,0.63172,0.63215,0.6317,0.63196,1740.28
2023.10.23 03:00:00,0.63197,0.63215,0.6307,0.63116,3288.8
2023.10.23 04:00:00,0.63115,0.63169,0.63072,0.63152,2600.79
2023.10.23 05:00:00,0.6315,0.63162,0.63076,0.63089,1877.18
2023.10.23 06:00:00,0.63087,0.63151,0.63087,0.6311,1543.44
2023.10.23 07:00:00,0.63108,0.63123,0.63082,0.63103,1346.52
2023.10.23 08:00:00,0.63106,0.63146,0.63101,0.63115,1611.54
2023.10.23 09:00:00,0.63116,0.6319,0.63074,0.63074,3410.41
2023.10.23 10:00:00,0.63074,0.63097,0.63015,0.63042,4300.77
2023.10.23 11:00:00,0.63041,0.63136,0.63039,0.63064,4373.48
2023.10.23 12:00:00,0.63064,0.63092,0.6291,0.62919,3863.59
2023.10.23 13:00:00,0.62919,0.63046,0.62885,0.63034,3883.89
2023.10.23 14:00:00,0.63036,0.63134,0.63023,0.63099,7315.64
2023.10.23 15:00:00,0.631,0.63209,0.63045,0.63109,11411.29
2023.10.23 16:00:00,0.63109,0.63187,0.6302,0.63175,7254.15
2023.10.23 17:00:00,0.63175,0.63308,0.63159,0.6323,13754.73
2023.10.23 18:00:00,0.63229,0.63376,0.63216,0.63352,6688.83
2023.10.23 19:00:00,0.63353,0.63436,0.6332,0.63436,2762.46
2023.10.23 20:00:00,0.63435,0.63483,0.63391,0.63424,2588.84
2023.10.23 21:00:00,0.63423,0.63458,0.6338,0.63434,2474.87
2023.10.23 22:00:00,0.63435,0.63438,0.63294,0.63319,3892.09
2023.10.23 23:00:00,0.63319,0.63353,0.63316,0.63339,1037.06
2023.10.24 00:00:00,0.63333,0.6337,0.63284,0.63364,2533.93
2023.10.24 01:00:00,0.63364,0.6337,0.63329,0.63332,1711.76
2023.10.24 02:00:00,0.6333,0.63364,0.63322,0.63359,1401.44
2023.10.24 03:00:00,0.63361,0.6344,0.63349,0.63423,2366.91
2023.10.24 04:00:00,0.63426,0.63515,0.63383,0.63417,4149.79
2023.10.24 05:00:00,0.63419,0.63615,0.63391,0.63573,4503.93
2023.10.24 06:00:00,0.63573,0.63606,0.63534,0.63564,2561.03
2023.10.24 07:00:00,0.63562,0.63594,0.63545,0.63582,1873.51
2023.10.24 08:00:00,0.63583,0.63592,0.63513,0.63558,3042.43
2023.10.24 09:00:00,0.63559,0.63756,0.63546,0.63738,5198.67
2023.10.24 10:00:00,0.63738,0.63786,0.6364,0.63644,11574.31
2023.10.24 11:00:00,0.6365,0.63716,0.63634,0.63653,5936.01
2023.10.24 12:00:00,0.63651,0.63656,0.63588,0.63622,4021.64
2023.10.24 13:00:00,0.63622,0.63637,0.6354,0.63547,3353.74
2023.10.24 14:00:00,0.63547,0.63657,0.63528,0.63633,3312.08
2023.10.24 15:00:00,0.63635,0.6365,0.63575,0.63616,6644.79
2023.10.24 16:00:00,0.63618,0.63634,0.63484,0.63588,10134.59
2023.10.24 17:00:00,0.63589,0.63652,0.63519,0.63581,15026.45
2023.10.24 18:00:00,0.63578,0.63579,0.63435,0.63479,8467.32
2023.10.24 19:00:00,0.63479,0.63529,0.63439,0.6347,3516.85
2023.10.24 20:00:00,0.63468,0.63572,0.63465,0.63545,3263.74
2023.10.24 21:00:00,0.63545,0.63589,0.63525,0.63567,2661.25
2023.10.24 22:00:00,0.63568,0.63587,0.63549,0.63574,2666.15
2023.10.24 23:00:00,0.63576,0.63598,0.63537,0.63537,1993.32
2023.10.25 00:00:00,0.63538,0.6358,0.63465,0.63561,4234.71
2023.10.25 01:00:00,0.6356,0.6356,0.63521,0.63552,1748.36
2023.10.25 02:00:00,0.63553,0.63615,0.63548,0.63596,1712.06
2023.10.25 03:00:00,0.63597,0.63921,0.63572,0.63913,7294.83
2023.10.25 04:00:00,0.63913,0.63992,0.63848,0.63906,5687.71
2023.10.25 05:00:00,0.63905,0.6393,0.63852,0.63885,3005.17
2023.10.25 06:00:00,0.63886,0.63907,0.63778,0.63805,2383.83
2023.10.25 07:00:00,0.63805,0.63863,0.63786,0.6386,1469.07
2023.10.25 08:00:00,0.6386,0.63869,0.63707,0.63751,2825.67
2023.10.25 09:00:00,0.63753,0.63823,0.63701,0.63701,3309.94
2023.10.25 10:00:00,0.637,0.63705,0.63553,0.63566,5778.48
2023.10.25 11:00:00,0.63563,0.63615,0.6351,0.63527,7026.41
2023.10.25 12:00:00,0.63526,0.63531,0.63287,0.63312,5699.26
2023.10.25 13:00:00,0.63313,0.63386,0.63276,0.63366,3286.41
2023.10.25 14:00:00,0.63364,0.63407,0.63324,0.63373,2258.4
2023.10.25 15:00:00,0.63376,0.63463,0.63372,0.63386,4574.73
2023.10.25 16:00:00,0.63387,0.63435,0.6324,0.63326,7046.66
2023.10.25 17:00:00,0.63325,0.63377,0.63197,0.63329,15893.99
2023.10.25 18:00:00,0.63328,0.63406,0.6329,0.63324,13408.86
2023.10.25 19:00:00,0.63324,0.63325,0.63169,0.63192,3826.54
2023.10.25 20:00:00,0.6319,0.63212,0.63055,0.63085,7248.78
2023.10.25 21:00:00,0.63083,0.63135,0.63049,0.63086,3358.69
2023.10.25 22:00:00,0.63086,0.63136,0.63073,0.63103,2179.36
2023.10.25 23:00:00,0.63103,0.63112,0.63065,0.63073,2078.44
