Time (EET),Open,High,Low,Close,Volume 
2025.01.02 00:00:00,1.03503,1.03577,1.03483,1.0355,1443.22
2025.01.02 01:00:00,1.0355,1.03563,1.03462,1.03507,4447.37
2025.01.02 02:00:00,1.03508,1.03564,1.03472,1.0352,3681.37
2025.01.02 03:00:00,1.03521,1.03606,1.03442,1.03578,5012.45
2025.01.02 04:00:00,1.03577,1.03712,1.03577,1.03709,2791.47
2025.01.02 05:00:00,1.03711,1.0374,1.03682,1.03715,2841.43
2025.01.02 06:00:00,1.03716,1.03756,1.03664,1.03692,3258.29
2025.01.02 07:00:00,1.03693,1.03706,1.03617,1.03638,3270.95
2025.01.02 08:00:00,1.03637,1.0365,1.03599,1.03637,4088.88
2025.01.02 09:00:00,1.03637,1.03723,1.03623,1.03627,7887.04
2025.01.02 10:00:00,1.03628,1.03709,1.03461,1.03627,10541.26
2025.01.02 11:00:00,1.03626,1.03701,1.03493,1.03515,8305.82
2025.01.02 12:00:00,1.03514,1.03568,1.03135,1.03168,11754.01
2025.01.02 13:00:00,1.03166,1.0334,1.0315,1.03321,8416.75
2025.01.02 14:00:00,1.03321,1.03342,1.03148,1.03182,7464.61
2025.01.02 15:00:00,1.03181,1.03296,1.03112,1.03133,13737.75
2025.01.02 16:00:00,1.03134,1.03239,1.03021,1.03038,21387.24
2025.01.02 17:00:00,1.03037,1.03087,1.02725,1.02741,37011.21
2025.01.02 18:00:00,1.0274,1.02762,1.02237,1.02611,30637.33
2025.01.02 19:00:00,1.02611,1.02679,1.02513,1.02648,9298.48
2025.01.02 20:00:00,1.02651,1.02662,1.02557,1.02563,5043.25
2025.01.02 21:00:00,1.02563,1.02595,1.02477,1.0251,4391.68
2025.01.02 22:00:00,1.02511,1.02645,1.02506,1.02613,3247.97
2025.01.02 23:00:00,1.02613,1.02687,1.02612,1.0264,1650.76
2025.01.03 00:00:00,1.0264,1.02666,1.02612,1.02651,2020.85
2025.01.03 01:00:00,1.0265,1.0268,1.02646,1.02678,1484.13
2025.01.03 02:00:00,1.02679,1.02734,1.02659,1.02729,1831.17
2025.01.03 03:00:00,1.02728,1.02728,1.02665,1.02674,2175.54
2025.01.03 04:00:00,1.02674,1.02745,1.02668,1.02722,2348.2
2025.01.03 05:00:00,1.02723,1.02743,1.02687,1.02707,1720.3
2025.01.03 06:00:00,1.02706,1.02709,1.0267,1.02695,1501.11
2025.01.03 07:00:00,1.02696,1.02736,1.02646,1.02717,1851.39
2025.01.03 08:00:00,1.02717,1.02793,1.02715,1.0279,1726.77
2025.01.03 09:00:00,1.0279,1.02847,1.02687,1.02807,7476.3
2025.01.03 10:00:00,1.02806,1.0288,1.02729,1.02803,8555.53
2025.01.03 11:00:00,1.02803,1.02999,1.02802,1.02901,14081.7
2025.01.03 12:00:00,1.02901,1.02938,1.02791,1.02813,9738.99
2025.01.03 13:00:00,1.02813,1.03028,1.02813,1.02972,5904.87
2025.01.03 14:00:00,1.02971,1.03009,1.02942,1.02956,7084.08
2025.01.03 15:00:00,1.02958,1.03001,1.02915,1.02931,8744.24
2025.01.03 16:00:00,1.02931,1.03023,1.0288,1.03002,9042.24
2025.01.03 17:00:00,1.03001,1.03057,1.02729,1.02891,16277.81
2025.01.03 18:00:00,1.02891,1.02997,1.02835,1.02907,6981.54
2025.01.03 19:00:00,1.02908,1.03057,1.02908,1.02979,7008.82
2025.01.03 20:00:00,1.02979,1.03021,1.02924,1.02973,7054.63
2025.01.03 21:00:00,1.02971,1.03059,1.02937,1.03012,2719.23
2025.01.03 22:00:00,1.03011,1.03075,1.02987,1.03059,2875.47
2025.01.03 23:00:00,1.03058,1.03099,1.03047,1.03066,2169.95
2025.01.06 00:00:00,1.03015,1.03062,1.02932,1.03009,943.34
2025.01.06 01:00:00,1.03009,1.0308,1.03009,1.03051,1317.5
2025.01.06 02:00:00,1.03051,1.03053,1.02955,1.03031,3089.95
2025.01.06 03:00:00,1.03031,1.03136,1.03012,1.03123,3216.42
2025.01.06 04:00:00,1.03123,1.03177,1.03107,1.0316,2911.94
2025.01.06 05:00:00,1.0316,1.03182,1.0313,1.03163,1958.95
2025.01.06 06:00:00,1.03162,1.03175,1.03128,1.03151,1553.36
2025.01.06 07:00:00,1.03151,1.03181,1.03084,1.03088,2980.83
2025.01.06 08:00:00,1.03087,1.03165,1.03076,1.03125,3476.02
2025.01.06 09:00:00,1.03127,1.03284,1.03099,1.03272,5211.63
2025.01.06 10:00:00,1.03274,1.03525,1.03267,1.035,10591.84
2025.01.06 11:00:00,1.03499,1.03688,1.03401,1.03554,12552.32
2025.01.06 12:00:00,1.03556,1.0358,1.0335,1.0335,6599.88
2025.01.06 13:00:00,1.03349,1.04325,1.03287,1.04217,27467.57
2025.01.06 14:00:00,1.04218,1.04305,1.0392,1.04108,15153.59
2025.01.06 15:00:00,1.04112,1.04367,1.04043,1.04167,16759.99
2025.01.06 16:00:00,1.04168,1.04237,1.03527,1.03925,39136.05
2025.01.06 17:00:00,1.03925,1.03987,1.03712,1.03935,31925.13
2025.01.06 18:00:00,1.03936,1.04027,1.03854,1.03967,20431.35
2025.01.06 19:00:00,1.03968,1.03968,1.03793,1.03873,15087.25
2025.01.06 20:00:00,1.03873,1.03892,1.0377,1.03818,5131.56
2025.01.06 21:00:00,1.03819,1.03917,1.03788,1.03882,4898.73
2025.01.06 22:00:00,1.03883,1.03919,1.03859,1.03877,3984.57
2025.01.06 23:00:00,1.03879,1.03921,1.0386,1.03895,2118.4
2025.01.07 00:00:00,1.03893,1.03909,1.0385,1.0389,1152.07
2025.01.07 01:00:00,1.0389,1.03901,1.03816,1.03831,1880.37
2025.01.07 02:00:00,1.03831,1.03853,1.03771,1.03842,2284.89
2025.01.07 03:00:00,1.03841,1.03846,1.03761,1.03811,3323.52
2025.01.07 04:00:00,1.03811,1.03853,1.03799,1.03822,2792.33
2025.01.07 05:00:00,1.03821,1.03929,1.038,1.03927,2262.16
2025.01.07 06:00:00,1.03927,1.03943,1.03905,1.03917,1380.39
2025.01.07 07:00:00,1.03918,1.04031,1.03909,1.03967,2898.51
2025.01.07 08:00:00,1.03967,1.04041,1.03963,1.03974,3076.59
2025.01.07 09:00:00,1.03975,1.04244,1.03975,1.04145,8478.33
2025.01.07 10:00:00,1.04147,1.04253,1.04031,1.0425,11938.91
2025.01.07 11:00:00,1.04252,1.04342,1.0424,1.04274,7876.99
2025.01.07 12:00:00,1.04274,1.04343,1.04166,1.04278,10947.14
2025.01.07 13:00:00,1.04278,1.04282,1.04051,1.04133,12060.73
2025.01.07 14:00:00,1.04134,1.04168,1.03871,1.03892,25225.08
2025.01.07 15:00:00,1.03891,1.04052,1.03866,1.03965,17976.24
2025.01.07 16:00:00,1.03965,1.03975,1.03892,1.03925,24471.94
2025.01.07 17:00:00,1.03929,1.03929,1.03551,1.03727,54210.77
2025.01.07 18:00:00,1.03727,1.03811,1.03625,1.03681,26774.15
2025.01.07 19:00:00,1.03681,1.03738,1.03537,1.03667,11025.84
2025.01.07 20:00:00,1.03666,1.03692,1.03493,1.03543,9842.09
2025.01.07 21:00:00,1.03543,1.03596,1.0352,1.03551,7712.2
2025.01.07 22:00:00,1.0355,1.0356,1.0344,1.03443,10007.63
2025.01.07 23:00:00,1.03443,1.03443,1.03394,1.03394,2769.98
2025.01.08 00:00:00,1.03395,1.03426,1.03388,1.03421,997.71
2025.01.08 01:00:00,1.03421,1.03449,1.03391,1.03415,3226.41
2025.01.08 02:00:00,1.03416,1.03492,1.03416,1.03467,7370.74
2025.01.08 03:00:00,1.03468,1.03529,1.03452,1.03528,7333.77
2025.01.08 04:00:00,1.03529,1.03547,1.03514,1.03541,4801.65
2025.01.08 05:00:00,1.03541,1.03541,1.03462,1.03477,4054.18
2025.01.08 06:00:00,1.03476,1.0352,1.03474,1.03512,3366.99
2025.01.08 07:00:00,1.03512,1.03557,1.03495,1.03549,3712.01
2025.01.08 08:00:00,1.03549,1.03575,1.03461,1.03512,7154.87
2025.01.08 09:00:00,1.03512,1.03513,1.03285,1.03324,20824.17
2025.01.08 10:00:00,1.03324,1.03397,1.03179,1.03187,21105.98
2025.01.08 11:00:00,1.03187,1.03263,1.03154,1.03194,18799.01
2025.01.08 12:00:00,1.03193,1.03211,1.031,1.03191,11658.07
2025.01.08 13:00:00,1.03189,1.03198,1.02731,1.02976,29997.39
2025.01.08 14:00:00,1.02975,1.03001,1.02808,1.02827,26657.09
2025.01.08 15:00:00,1.02825,1.03042,1.02808,1.03033,39099.51
2025.01.08 16:00:00,1.03033,1.03075,1.0289,1.02914,23381.42
2025.01.08 17:00:00,1.02913,1.03098,1.02913,1.03016,25304.73
2025.01.08 18:00:00,1.03017,1.03144,1.02944,1.03125,20954.08
2025.01.08 19:00:00,1.03127,1.03133,1.02982,1.03053,17047.52
2025.01.08 20:00:00,1.03053,1.03158,1.03053,1.03124,6284.73
2025.01.08 21:00:00,1.03126,1.03242,1.03081,1.0309,6518.85
2025.01.08 22:00:00,1.03091,1.03167,1.03079,1.0316,3777.67
2025.01.08 23:00:00,1.03161,1.03196,1.03146,1.03178,1393.65
2025.01.09 00:00:00,1.03178,1.03181,1.03156,1.03178,584.34
2025.01.09 01:00:00,1.03178,1.03186,1.03132,1.03132,1012.17
2025.01.09 02:00:00,1.03133,1.03147,1.03049,1.03131,6156.76
2025.01.09 03:00:00,1.03131,1.03173,1.03114,1.03143,6888.05
2025.01.09 04:00:00,1.03144,1.032,1.03141,1.03165,4782.01
2025.01.09 05:00:00,1.03165,1.03214,1.03108,1.0311,4884.17
2025.01.09 06:00:00,1.03109,1.03123,1.03056,1.0309,4975.49
2025.01.09 07:00:00,1.03089,1.03125,1.03053,1.03066,6677.79
2025.01.09 08:00:00,1.03065,1.03082,1.0297,1.03002,9647.53
2025.01.09 09:00:00,1.03001,1.03082,1.02877,1.02909,13921.11
2025.01.09 10:00:00,1.0291,1.03076,1.02836,1.03076,22986.57
2025.01.09 11:00:00,1.03077,1.03175,1.03031,1.03056,14935.1
2025.01.09 12:00:00,1.03057,1.03124,1.02996,1.03029,14578.85
2025.01.09 13:00:00,1.0303,1.03044,1.02968,1.03011,15651.15
2025.01.09 14:00:00,1.03011,1.03049,1.02959,1.03034,10193.49
2025.01.09 15:00:00,1.03034,1.0319,1.03008,1.03078,11693.07
2025.01.09 16:00:00,1.03078,1.03145,1.03052,1.03073,14999.16
2025.01.09 17:00:00,1.03073,1.03095,1.02947,1.02992,11431.11
2025.01.09 18:00:00,1.02993,1.0301,1.0291,1.02972,10411.85
2025.01.09 19:00:00,1.02973,1.03017,1.02937,1.02974,7665.45
2025.01.09 20:00:00,1.02972,1.03024,1.02939,1.03001,4984.62
2025.01.09 21:00:00,1.03002,1.0302,1.02977,1.02979,3085.79
2025.01.09 22:00:00,1.0298,1.03035,1.0298,1.03011,2238.14
2025.01.09 23:00:00,1.0301,1.0301,1.0299,1.0299,2268.57
2025.01.10 00:00:00,1.0299,1.03015,1.02959,1.03006,1445.91
2025.01.10 01:00:00,1.03007,1.03013,1.02956,1.02964,1733.53
2025.01.10 02:00:00,1.02965,1.03002,1.0292,1.02954,2592.91
2025.01.10 03:00:00,1.02953,1.03044,1.02935,1.03018,2323.38
2025.01.10 04:00:00,1.03018,1.03037,1.02983,1.03016,1504.52
2025.01.10 05:00:00,1.03015,1.03032,1.02977,1.02985,1364.64
2025.01.10 06:00:00,1.02983,1.02998,1.02935,1.0295,1356.06
2025.01.10 07:00:00,1.0295,1.02974,1.02847,1.02857,4540.18
2025.01.10 08:00:00,1.02858,1.02882,1.02812,1.02817,8059.64
2025.01.10 09:00:00,1.02817,1.02972,1.02811,1.0297,9771.68
2025.01.10 10:00:00,1.02971,1.03118,1.02927,1.03027,17725.72
2025.01.10 11:00:00,1.03027,1.03058,1.0299,1.02998,12431.45
2025.01.10 12:00:00,1.02999,1.03057,1.02997,1.03021,10270.27
2025.01.10 13:00:00,1.03021,1.03052,1.02988,1.03016,10371.19
2025.01.10 14:00:00,1.03016,1.03093,1.02992,1.03055,7453.62
2025.01.10 15:00:00,1.03054,1.03118,1.02127,1.02563,45832.79
2025.01.10 16:00:00,1.02563,1.02727,1.02442,1.02522,50314.28
2025.01.10 17:00:00,1.02522,1.02787,1.02361,1.02503,25155.52
2025.01.10 18:00:00,1.02503,1.02511,1.02275,1.02373,13971.07
2025.01.10 19:00:00,1.02373,1.02506,1.02329,1.02445,10350.56
2025.01.10 20:00:00,1.02444,1.0246,1.02359,1.02415,11503.63
2025.01.10 21:00:00,1.02417,1.02489,1.02348,1.02454,11224.35
2025.01.10 22:00:00,1.02454,1.02458,1.0237,1.02446,8372.55
2025.01.10 23:00:00,1.02445,1.02488,1.024,1.024,3814.11
2025.01.13 00:00:00,1.02357,1.02464,1.02357,1.02462,1283.68
2025.01.13 01:00:00,1.02461,1.02468,1.02387,1.02429,4563.64
2025.01.13 02:00:00,1.0243,1.02452,1.02364,1.02424,8104.37
2025.01.13 03:00:00,1.02424,1.02499,1.02392,1.02417,10544.98
2025.01.13 04:00:00,1.02417,1.02451,1.02384,1.02401,6706.66
2025.01.13 05:00:00,1.02402,1.02404,1.02128,1.02153,11443.68
2025.01.13 06:00:00,1.02154,1.02198,1.02076,1.02117,8623.72
2025.01.13 07:00:00,1.02116,1.02203,1.02102,1.02194,7581.97
2025.01.13 08:00:00,1.02193,1.02248,1.02143,1.02173,9911.8
2025.01.13 09:00:00,1.02166,1.02235,1.02074,1.02152,18901.3
2025.01.13 10:00:00,1.02151,1.02312,1.02136,1.02215,29641.36
2025.01.13 11:00:00,1.02214,1.02239,1.01772,1.01932,26617.6
2025.01.13 12:00:00,1.01931,1.02074,1.01926,1.02019,9146.79
2025.01.13 13:00:00,1.02018,1.0204,1.0186,1.01958,8691.13
2025.01.13 14:00:00,1.01958,1.02061,1.01878,1.02027,8593.35
2025.01.13 15:00:00,1.02027,1.02207,1.01964,1.02083,11349.84
2025.01.13 16:00:00,1.02083,1.02126,1.02003,1.0208,18604.79
2025.01.13 17:00:00,1.02082,1.02088,1.01957,1.01968,13650.96
2025.01.13 18:00:00,1.01969,1.02174,1.01916,1.0208,8826.87
2025.01.13 19:00:00,1.02081,1.02195,1.0207,1.02178,7058.53
2025.01.13 20:00:00,1.02179,1.02213,1.02122,1.02161,5351.38
2025.01.13 21:00:00,1.02159,1.02161,1.02071,1.02071,4651.55
2025.01.13 22:00:00,1.02071,1.02175,1.02069,1.02165,3025.32
2025.01.13 23:00:00,1.02167,1.02466,1.02163,1.02441,2955.1
2025.01.14 00:00:00,1.02441,1.02727,1.02371,1.02581,4008.22
2025.01.14 01:00:00,1.02581,1.02774,1.02507,1.02639,4519.44
2025.01.14 02:00:00,1.02637,1.02637,1.02457,1.02478,5254.35
2025.01.14 03:00:00,1.0248,1.02499,1.02411,1.0249,5679.97
2025.01.14 04:00:00,1.0249,1.02502,1.02384,1.02446,5031.56
2025.01.14 05:00:00,1.02445,1.02552,1.02438,1.02486,3258.73
2025.01.14 06:00:00,1.02485,1.0255,1.02451,1.02502,2179.32
2025.01.14 07:00:00,1.02501,1.02516,1.02422,1.02447,3351.66
2025.01.14 08:00:00,1.02452,1.02532,1.02451,1.02526,4204.11
2025.01.14 09:00:00,1.02527,1.0266,1.02499,1.02543,9184.14
2025.01.14 10:00:00,1.02544,1.02748,1.02529,1.02614,11996.72
2025.01.14 11:00:00,1.02613,1.02664,1.02535,1.02595,10291.9
2025.01.14 12:00:00,1.02595,1.02635,1.02519,1.02599,7641.66
2025.01.14 13:00:00,1.02598,1.02631,1.02524,1.0254,6040.45
2025.01.14 14:00:00,1.0254,1.02551,1.02394,1.02479,9284.4
2025.01.14 15:00:00,1.02478,1.02731,1.02421,1.02531,30389.43
2025.01.14 16:00:00,1.02531,1.02748,1.02435,1.0268,27563.36
2025.01.14 17:00:00,1.02682,1.02958,1.0263,1.02949,17813.21
2025.01.14 18:00:00,1.02948,1.03043,1.02828,1.02914,12349.33
2025.01.14 19:00:00,1.02913,1.02913,1.0279,1.02882,7005.01
2025.01.14 20:00:00,1.02881,1.03003,1.02867,1.02992,4729.61
2025.01.14 21:00:00,1.02992,1.03054,1.02963,1.02981,3229.06
2025.01.14 22:00:00,1.02981,1.03086,1.02965,1.03018,3945.31
2025.01.14 23:00:00,1.03019,1.03082,1.03007,1.03076,2254.02
2025.01.15 00:00:00,1.03074,1.03074,1.03017,1.03069,1038.69
2025.01.15 01:00:00,1.03068,1.03081,1.03023,1.03062,1545.4
2025.01.15 02:00:00,1.03061,1.03061,1.02997,1.03011,2530.37
2025.01.15 03:00:00,1.03012,1.03048,1.02978,1.03,3483.82
2025.01.15 04:00:00,1.03,1.03014,1.02953,1.0297,3035.44
2025.01.15 05:00:00,1.0297,1.03021,1.02963,1.03019,2233.49
2025.01.15 06:00:00,1.03019,1.03025,1.02975,1.03023,2042.48
2025.01.15 07:00:00,1.03022,1.03052,1.02925,1.02932,3160.87
2025.01.15 08:00:00,1.0293,1.02986,1.02919,1.02961,2795.29
2025.01.15 09:00:00,1.02963,1.03081,1.02866,1.03058,12306.19
2025.01.15 10:00:00,1.03058,1.03171,1.02942,1.02964,12446.98
2025.01.15 11:00:00,1.02964,1.03131,1.0296,1.03098,8290.31
2025.01.15 12:00:00,1.03098,1.0314,1.03007,1.03075,8718.11
2025.01.15 13:00:00,1.03075,1.03122,1.02995,1.03011,11448.74
2025.01.15 14:00:00,1.0301,1.03066,1.02934,1.02997,8426.73
2025.01.15 15:00:00,1.02996,1.03544,1.02961,1.03444,37378.41
2025.01.15 16:00:00,1.03444,1.03456,1.03251,1.03271,36927.04
2025.01.15 17:00:00,1.03271,1.03309,1.02988,1.03061,24703.38
2025.01.15 18:00:00,1.0306,1.03077,1.0259,1.02811,27043.68
2025.01.15 19:00:00,1.02813,1.02931,1.02809,1.02855,8851.76
2025.01.15 20:00:00,1.0286,1.02929,1.02843,1.02921,5383.44
2025.01.15 21:00:00,1.02923,1.02946,1.02892,1.02932,3082.81
2025.01.15 22:00:00,1.02931,1.02988,1.02902,1.02958,3066.68
2025.01.15 23:00:00,1.02959,1.02962,1.0288,1.0288,2111.73
2025.01.16 00:00:00,1.02892,1.02939,1.0288,1.02921,991.75
2025.01.16 01:00:00,1.02923,1.02954,1.02906,1.0295,2564.35
2025.01.16 02:00:00,1.0295,1.02998,1.02848,1.02988,3910.46
2025.01.16 03:00:00,1.0299,1.02995,1.02875,1.02895,4763.26
2025.01.16 04:00:00,1.02895,1.0293,1.02848,1.02869,4459.19
2025.01.16 05:00:00,1.02869,1.02889,1.02845,1.02888,2210.38
2025.01.16 06:00:00,1.02888,1.02937,1.02853,1.02869,2094.99
2025.01.16 07:00:00,1.0287,1.02871,1.02809,1.02824,4862.74
2025.01.16 08:00:00,1.02823,1.02895,1.02822,1.02888,6973.19
2025.01.16 09:00:00,1.02888,1.03014,1.02859,1.02975,10256.61
2025.01.16 10:00:00,1.02976,1.02999,1.02879,1.02959,16178.01
2025.01.16 11:00:00,1.0296,1.02988,1.02816,1.0286,13701.96
2025.01.16 12:00:00,1.02861,1.02961,1.02827,1.02855,11933.45
2025.01.16 13:00:00,1.02854,1.02919,1.02839,1.02901,10100.47
2025.01.16 14:00:00,1.029,1.02901,1.0264,1.02717,19280.08
2025.01.16 15:00:00,1.02718,1.02851,1.02604,1.02814,33813.07
2025.01.16 16:00:00,1.02814,1.02838,1.02678,1.02791,19345.14
2025.01.16 17:00:00,1.02791,1.03056,1.02741,1.03008,22614.49
2025.01.16 18:00:00,1.03009,1.03115,1.02861,1.03022,26538.59
2025.01.16 19:00:00,1.03024,1.03149,1.02943,1.02964,12779.05
2025.01.16 20:00:00,1.02962,1.03027,1.02934,1.03002,9415.88
2025.01.16 21:00:00,1.03,1.03077,1.02976,1.03019,4497.4
2025.01.16 22:00:00,1.03017,1.03037,1.02971,1.03,3285.47
2025.01.16 23:00:00,1.02999,1.03034,1.02966,1.0299,3037.7
2025.01.17 00:00:00,1.02996,1.03021,1.02979,1.03008,1991.75
2025.01.17 01:00:00,1.03012,1.03042,1.02999,1.03014,1521.5
2025.01.17 02:00:00,1.03012,1.03067,1.02979,1.03047,3038.04
2025.01.17 03:00:00,1.03048,1.03093,1.03014,1.03049,3270.81
2025.01.17 04:00:00,1.0305,1.0309,1.03029,1.03033,3728.12
2025.01.17 05:00:00,1.03032,1.03049,1.02999,1.03005,2849.82
2025.01.17 06:00:00,1.03005,1.03009,1.02918,1.02936,1873.91
2025.01.17 07:00:00,1.02937,1.02951,1.02874,1.02932,2917.57
2025.01.17 08:00:00,1.02933,1.02938,1.02851,1.02904,5815.37
2025.01.17 09:00:00,1.02903,1.02909,1.02776,1.02844,15048.3
2025.01.17 10:00:00,1.02844,1.02986,1.02844,1.02969,7526.61
2025.01.17 11:00:00,1.02969,1.0304,1.02892,1.02964,14695.1
2025.01.17 12:00:00,1.02968,1.0306,1.02965,1.03036,10737.89
2025.01.17 13:00:00,1.03037,1.031,1.02989,1.03045,10258.19
2025.01.17 14:00:00,1.03045,1.03064,1.02902,1.02929,17063.63
2025.01.17 15:00:00,1.0293,1.02995,1.02854,1.02901,19249.09
2025.01.17 16:00:00,1.02902,1.03023,1.02652,1.02985,30635.78
2025.01.17 17:00:00,1.02984,1.03306,1.02954,1.02989,25587.33
2025.01.17 18:00:00,1.02988,1.03003,1.02818,1.02861,20788.71
2025.01.17 19:00:00,1.02861,1.0291,1.02789,1.02807,12595.31
2025.01.17 20:00:00,1.02806,1.0292,1.0279,1.0281,8518.98
2025.01.17 21:00:00,1.02809,1.02841,1.02727,1.02761,8150.16
2025.01.17 22:00:00,1.02762,1.02815,1.02737,1.02753,6156.56
2025.01.17 23:00:00,1.02753,1.02753,1.02681,1.0271,4322.7
2025.01.20 00:00:00,1.02792,1.02812,1.02733,1.02773,2315.31
2025.01.20 01:00:00,1.02775,1.02807,1.02663,1.02804,4982.99
2025.01.20 02:00:00,1.02805,1.02901,1.02782,1.02865,8612.51
2025.01.20 03:00:00,1.02864,1.02929,1.02791,1.02906,9327.05
2025.01.20 04:00:00,1.02905,1.02922,1.02868,1.02909,7770.31
2025.01.20 05:00:00,1.02908,1.03064,1.02908,1.03062,7944.72
2025.01.20 06:00:00,1.03063,1.03071,1.03018,1.03042,5691.46
2025.01.20 07:00:00,1.03043,1.03063,1.03017,1.03024,5400.36
2025.01.20 08:00:00,1.03024,1.03188,1.02994,1.03103,7114.59
2025.01.20 09:00:00,1.03103,1.03184,1.03057,1.03167,6797.49
2025.01.20 10:00:00,1.03167,1.03175,1.03068,1.03098,9202.63
2025.01.20 11:00:00,1.03097,1.03168,1.0305,1.03061,17867.36
2025.01.20 12:00:00,1.03062,1.03223,1.03062,1.03149,12125.15
2025.01.20 13:00:00,1.0315,1.03263,1.0313,1.0326,9780.49
2025.01.20 14:00:00,1.03261,1.03264,1.03149,1.03202,10970.72
2025.01.20 15:00:00,1.032,1.03999,1.03077,1.0398,27188.56
2025.01.20 16:00:00,1.0398,1.043,1.03793,1.04148,27014.36
2025.01.20 17:00:00,1.04147,1.04298,1.03848,1.04003,17616.54
2025.01.20 18:00:00,1.04005,1.04056,1.03906,1.03983,7823.92
2025.01.20 19:00:00,1.03982,1.04021,1.03534,1.03854,13391.91
2025.01.20 20:00:00,1.03853,1.03966,1.03832,1.03965,2922.63
2025.01.20 21:00:00,1.03964,1.0423,1.03904,1.04207,3359.3
2025.01.20 22:00:00,1.04206,1.04342,1.04118,1.04159,5890.3
2025.01.20 23:00:00,1.0416,1.04191,1.04097,1.04155,3102.68
2025.01.21 00:00:00,1.04156,1.04172,1.04106,1.04125,1116.21
2025.01.21 01:00:00,1.04136,1.04255,1.04108,1.04208,5196.53
2025.01.21 02:00:00,1.04209,1.04343,1.03528,1.03621,21966.99
2025.01.21 03:00:00,1.0362,1.03976,1.03556,1.037,18603.63
2025.01.21 04:00:00,1.037,1.03902,1.0369,1.03876,8643.59
2025.01.21 05:00:00,1.03877,1.04008,1.03852,1.03874,5344.09
2025.01.21 06:00:00,1.03874,1.03989,1.03849,1.03897,3551.09
2025.01.21 07:00:00,1.03897,1.0392,1.03773,1.03787,3450.25
2025.01.21 08:00:00,1.03789,1.03814,1.03665,1.0369,5005.94
2025.01.21 09:00:00,1.03687,1.03861,1.03651,1.03734,7550.74
2025.01.21 10:00:00,1.03734,1.03734,1.03501,1.03607,9981.18
2025.01.21 11:00:00,1.03606,1.03637,1.0342,1.03533,11184.96
2025.01.21 12:00:00,1.03532,1.03595,1.0343,1.03528,12340.22
2025.01.21 13:00:00,1.03528,1.03579,1.03428,1.03533,7862.86
2025.01.21 14:00:00,1.03532,1.03581,1.03456,1.0354,10168.31
2025.01.21 15:00:00,1.03541,1.03778,1.03527,1.03777,12117.49
2025.01.21 16:00:00,1.0378,1.03984,1.03728,1.03868,14855.6
2025.01.21 17:00:00,1.03867,1.04104,1.03786,1.04006,15115.86
2025.01.21 18:00:00,1.04005,1.04227,1.03984,1.04223,10284.87
2025.01.21 19:00:00,1.04223,1.04299,1.04211,1.04211,7421.03
2025.01.21 20:00:00,1.04211,1.04353,1.04197,1.04289,4896.71
2025.01.21 21:00:00,1.04289,1.04305,1.0416,1.04179,3994.03
2025.01.21 22:00:00,1.04178,1.04215,1.04157,1.04199,4946.86
2025.01.21 23:00:00,1.04199,1.04296,1.04188,1.04253,2257.65
2025.01.22 00:00:00,1.04228,1.04334,1.04214,1.04261,2518.45
2025.01.22 01:00:00,1.0426,1.04273,1.03921,1.04057,8018.56
2025.01.22 02:00:00,1.04057,1.04245,1.04057,1.0423,4152.35
2025.01.22 03:00:00,1.0423,1.04231,1.04075,1.04095,5060.8
2025.01.22 04:00:00,1.04095,1.04162,1.04061,1.04136,3912.15
2025.01.22 05:00:00,1.04136,1.04156,1.041,1.04119,2623.29
2025.01.22 06:00:00,1.04119,1.04213,1.04113,1.04171,2397.38
2025.01.22 07:00:00,1.0417,1.04179,1.04082,1.04156,2351.02
2025.01.22 08:00:00,1.04156,1.04185,1.03998,1.04036,5374.44
2025.01.22 09:00:00,1.04037,1.04196,1.04033,1.04117,7599.59
2025.01.22 10:00:00,1.04117,1.04239,1.04095,1.0423,12337.84
2025.01.22 11:00:00,1.04232,1.04473,1.04199,1.04463,14111.71
2025.01.22 12:00:00,1.04464,1.04573,1.04426,1.04499,11301.93
2025.01.22 13:00:00,1.04498,1.04562,1.04404,1.04427,7417.16
2025.01.22 14:00:00,1.04426,1.04427,1.0431,1.0438,8151.79
2025.01.22 15:00:00,1.04382,1.04457,1.04221,1.04316,11068.06
2025.01.22 16:00:00,1.04314,1.04319,1.04141,1.04244,19771.53
2025.01.22 17:00:00,1.04244,1.04249,1.04147,1.04199,16272.51
2025.01.22 18:00:00,1.04198,1.04226,1.04121,1.04194,8994.98
2025.01.22 19:00:00,1.04195,1.04203,1.04119,1.04169,7226.08
2025.01.22 20:00:00,1.0417,1.0421,1.04117,1.0416,6159.41
2025.01.22 21:00:00,1.04161,1.04227,1.04155,1.04201,3927.6
2025.01.22 22:00:00,1.042,1.04228,1.0411,1.04121,6483.09
2025.01.22 23:00:00,1.04123,1.04131,1.04077,1.04077,4373
2025.01.23 00:00:00,1.04072,1.04109,1.04061,1.04071,539.97
2025.01.23 01:00:00,1.04071,1.0409,1.04052,1.04077,2005.54
2025.01.23 02:00:00,1.04076,1.04116,1.04067,1.04103,3256.7
2025.01.23 03:00:00,1.04102,1.04158,1.04019,1.04035,5697.42
2025.01.23 04:00:00,1.04035,1.04061,1.03967,1.04035,5497.34
2025.01.23 05:00:00,1.04035,1.0409,1.04029,1.04088,3380.67
2025.01.23 06:00:00,1.04086,1.04127,1.04086,1.04107,2681.89
2025.01.23 07:00:00,1.04107,1.04115,1.04041,1.04051,3216.66
2025.01.23 08:00:00,1.0405,1.0412,1.04028,1.04033,4630.41
2025.01.23 09:00:00,1.04033,1.04054,1.03899,1.04,9360.57
2025.01.23 10:00:00,1.03999,1.04022,1.03902,1.03939,9188.58
2025.01.23 11:00:00,1.03939,1.04147,1.03933,1.04115,9218.78
2025.01.23 12:00:00,1.04116,1.04203,1.04098,1.04112,7561.38
2025.01.23 13:00:00,1.04111,1.0414,1.04011,1.04031,8001.11
2025.01.23 14:00:00,1.04032,1.0406,1.0394,1.04035,8659.73
2025.01.23 15:00:00,1.04036,1.04149,1.03972,1.04107,16355.61
2025.01.23 16:00:00,1.04107,1.04179,1.04057,1.04086,10706.88
2025.01.23 17:00:00,1.04088,1.04097,1.03869,1.03972,16702.81
2025.01.23 18:00:00,1.03973,1.0429,1.03719,1.04193,24435.68
2025.01.23 19:00:00,1.0419,1.04378,1.04136,1.04351,9953.56
2025.01.23 20:00:00,1.04352,1.04369,1.04217,1.04238,8848.01
2025.01.23 21:00:00,1.04237,1.04264,1.04197,1.04227,4561.83
2025.01.23 22:00:00,1.04227,1.04289,1.04158,1.04172,5804.96
2025.01.23 23:00:00,1.04172,1.04191,1.04126,1.04148,2958.3
2025.01.24 00:00:00,1.0414,1.04179,1.04131,1.04163,1338.41
2025.01.24 01:00:00,1.04166,1.04175,1.04143,1.04156,1447.47
2025.01.24 02:00:00,1.04155,1.0423,1.04133,1.0419,3532.07
2025.01.24 03:00:00,1.04192,1.04201,1.04115,1.04157,5309.65
2025.01.24 04:00:00,1.04158,1.04489,1.04158,1.04486,10259.07
2025.01.24 05:00:00,1.04485,1.04537,1.04364,1.0446,10755.08
2025.01.24 06:00:00,1.04459,1.04513,1.04434,1.04472,5607.33
2025.01.24 07:00:00,1.04471,1.04537,1.04436,1.04513,4811.61
2025.01.24 08:00:00,1.04512,1.04708,1.04492,1.04572,8936.86
2025.01.24 09:00:00,1.04572,1.04647,1.04471,1.04608,11108.76
2025.01.24 10:00:00,1.04608,1.04952,1.04577,1.04931,16652.68
2025.01.24 11:00:00,1.04931,1.0515,1.04907,1.04942,16016.28
2025.01.24 12:00:00,1.04944,1.04977,1.0486,1.0489,8853.67
2025.01.24 13:00:00,1.04891,1.0493,1.04811,1.04859,6513.05
2025.01.24 14:00:00,1.04858,1.04875,1.04732,1.04736,8065.73
2025.01.24 15:00:00,1.04737,1.04797,1.04636,1.04685,10090.9
2025.01.24 16:00:00,1.04683,1.0494,1.04671,1.04916,14794.41
2025.01.24 17:00:00,1.04916,1.05206,1.04894,1.05162,19517.89
2025.01.24 18:00:00,1.05162,1.05203,1.05054,1.05145,13869.6
2025.01.24 19:00:00,1.05143,1.05213,1.05097,1.05109,8210.42
2025.01.24 20:00:00,1.05109,1.05118,1.04939,1.0495,5035.66
2025.01.24 21:00:00,1.04952,1.04985,1.0492,1.04952,4096.59
2025.01.24 22:00:00,1.04952,1.04961,1.04881,1.04945,3313.77
2025.01.24 23:00:00,1.04948,1.04972,1.04891,1.04919,2614.81
2025.01.27 00:00:00,1.04763,1.04846,1.04753,1.0482,1156.17
2025.01.27 01:00:00,1.04826,1.04851,1.04651,1.04673,3774.79
2025.01.27 02:00:00,1.04673,1.04762,1.04652,1.04727,4929.76
2025.01.27 03:00:00,1.04726,1.04787,1.0461,1.04628,7387.81
2025.01.27 04:00:00,1.04627,1.04665,1.04588,1.04659,4529.66
2025.01.27 05:00:00,1.04659,1.04774,1.04632,1.04684,5445.01
2025.01.27 06:00:00,1.04685,1.04688,1.04598,1.04632,4249.35
2025.01.27 07:00:00,1.04632,1.04645,1.04558,1.04628,6019.1
2025.01.27 08:00:00,1.04628,1.04653,1.04569,1.04591,5356.96
2025.01.27 09:00:00,1.04593,1.04711,1.04539,1.0457,10766.45
2025.01.27 10:00:00,1.04568,1.04886,1.04543,1.04873,15708.92
2025.01.27 11:00:00,1.04874,1.04936,1.04751,1.04886,17306.92
2025.01.27 12:00:00,1.04886,1.05089,1.04886,1.05055,16211.12
2025.01.27 13:00:00,1.05053,1.0518,1.05044,1.05129,13290.72
2025.01.27 14:00:00,1.05129,1.05278,1.05088,1.05213,9856.15
2025.01.27 15:00:00,1.05211,1.0533,1.05096,1.05198,21526.37
2025.01.27 16:00:00,1.05197,1.05243,1.05077,1.05092,15465.94
2025.01.27 17:00:00,1.05092,1.05097,1.04938,1.04989,19736.9
2025.01.27 18:00:00,1.04989,1.05076,1.0489,1.04906,16923.64
2025.01.27 19:00:00,1.04906,1.04946,1.04846,1.04885,9332.2
2025.01.27 20:00:00,1.04884,1.04941,1.04816,1.04846,9249.16
2025.01.27 21:00:00,1.04848,1.04927,1.04791,1.04925,7179.6
2025.01.27 22:00:00,1.04926,1.04942,1.04872,1.04879,11820.39
2025.01.27 23:00:00,1.04878,1.04922,1.04858,1.04911,2217.72
2025.01.28 00:00:00,1.04911,1.04932,1.04871,1.04883,1445.08
2025.01.28 01:00:00,1.04883,1.04888,1.04283,1.04369,13967.03
2025.01.28 02:00:00,1.04369,1.04517,1.04322,1.04451,9905.37
2025.01.28 03:00:00,1.04452,1.04564,1.04298,1.04377,7205.85
2025.01.28 04:00:00,1.0437,1.04414,1.04244,1.04336,7152.06
2025.01.28 05:00:00,1.04335,1.04393,1.0429,1.04292,5178.84
2025.01.28 06:00:00,1.04291,1.04344,1.04254,1.04335,4373.3
2025.01.28 07:00:00,1.04335,1.04389,1.04332,1.04363,3209.3
2025.01.28 08:00:00,1.04362,1.04442,1.04336,1.04374,4804.13
2025.01.28 09:00:00,1.04375,1.04428,1.04279,1.04341,7900.7
2025.01.28 10:00:00,1.04341,1.04357,1.04194,1.04251,12010.67
2025.01.28 11:00:00,1.04254,1.04441,1.04224,1.04351,11432.06
2025.01.28 12:00:00,1.04351,1.04373,1.04247,1.04247,6488.17
2025.01.28 13:00:00,1.04247,1.04325,1.04226,1.04232,5906.04
2025.01.28 14:00:00,1.04235,1.04255,1.04137,1.042,10202.99
2025.01.28 15:00:00,1.042,1.04311,1.04171,1.04247,12629.2
2025.01.28 16:00:00,1.04245,1.04409,1.0424,1.04315,13134.73
2025.01.28 17:00:00,1.04312,1.04394,1.04209,1.0424,12027.64
2025.01.28 18:00:00,1.04241,1.04328,1.04224,1.0426,13843.88
2025.01.28 19:00:00,1.0426,1.04346,1.04246,1.04278,6225.37
2025.01.28 20:00:00,1.0428,1.04381,1.04231,1.04263,9165.88
2025.01.28 21:00:00,1.04262,1.04365,1.04225,1.04348,8573.28
2025.01.28 22:00:00,1.04349,1.04354,1.04294,1.04313,5636.37
2025.01.28 23:00:00,1.04313,1.04339,1.04298,1.04298,4528.86
2025.01.29 00:00:00,1.04298,1.04298,1.04237,1.04284,493.71
2025.01.29 01:00:00,1.04283,1.04299,1.04263,1.04271,1438.32
2025.01.29 02:00:00,1.04272,1.04342,1.04267,1.04301,4103.25
2025.01.29 03:00:00,1.043,1.0434,1.0427,1.04271,3594.33
2025.01.29 04:00:00,1.0427,1.04355,1.04256,1.04337,3330.56
2025.01.29 05:00:00,1.04338,1.0439,1.04311,1.04372,5002.97
2025.01.29 06:00:00,1.04373,1.04424,1.04372,1.04384,3726.64
2025.01.29 07:00:00,1.04383,1.04408,1.04354,1.04402,2599.39
2025.01.29 08:00:00,1.04403,1.04434,1.04364,1.04371,4789.77
2025.01.29 09:00:00,1.04369,1.04377,1.04131,1.04158,8559.73
2025.01.29 10:00:00,1.04168,1.04303,1.04167,1.04241,8565.76
2025.01.29 11:00:00,1.0424,1.04246,1.0402,1.04035,8624.86
2025.01.29 12:00:00,1.04037,1.04082,1.03947,1.04035,9800.09
2025.01.29 13:00:00,1.04036,1.04081,1.03972,1.04014,7031.14
2025.01.29 14:00:00,1.04014,1.04047,1.03935,1.0404,8956.6
2025.01.29 15:00:00,1.0404,1.04056,1.03822,1.03876,14875.09
2025.01.29 16:00:00,1.03876,1.04016,1.03862,1.04012,10799.42
2025.01.29 17:00:00,1.04011,1.0427,1.03945,1.04193,13612.4
2025.01.29 18:00:00,1.04193,1.04238,1.04113,1.04156,14250.64
2025.01.29 19:00:00,1.04156,1.04283,1.04152,1.04212,9557.09
2025.01.29 20:00:00,1.04213,1.04244,1.04149,1.04196,7730.87
2025.01.29 21:00:00,1.04196,1.04288,1.03883,1.0416,29958.59
2025.01.29 22:00:00,1.04157,1.04254,1.04048,1.04103,19277.18
2025.01.29 23:00:00,1.04102,1.04213,1.04087,1.04207,5219.66
2025.01.30 00:00:00,1.04203,1.04211,1.04149,1.04207,1775.19
2025.01.30 01:00:00,1.04211,1.04271,1.0418,1.04245,2448.34
2025.01.30 02:00:00,1.04244,1.04288,1.04238,1.0426,1778.07
2025.01.30 03:00:00,1.04258,1.0426,1.04188,1.04198,2615.13
2025.01.30 04:00:00,1.04201,1.04266,1.04196,1.0423,3044.29
2025.01.30 05:00:00,1.04229,1.04264,1.04222,1.04252,3067.62
2025.01.30 06:00:00,1.04251,1.04276,1.04175,1.04189,3188.45
2025.01.30 07:00:00,1.04188,1.04219,1.04175,1.04217,2705.36
2025.01.30 08:00:00,1.04219,1.04225,1.04106,1.04138,4742.2
2025.01.30 09:00:00,1.04138,1.04237,1.04093,1.04236,5406.29
2025.01.30 10:00:00,1.04237,1.04288,1.04159,1.04214,10913.27
2025.01.30 11:00:00,1.04214,1.04224,1.04019,1.04074,9512.73
2025.01.30 12:00:00,1.0407,1.04121,1.03958,1.04006,9219.69
2025.01.30 13:00:00,1.04005,1.04006,1.03911,1.03917,8699.89
2025.01.30 14:00:00,1.03917,1.04057,1.03901,1.04033,8321.03
2025.01.30 15:00:00,1.04035,1.04597,1.04012,1.04564,18263.87
2025.01.30 16:00:00,1.0456,1.04677,1.04191,1.0428,20275.58
2025.01.30 17:00:00,1.04285,1.04422,1.04268,1.04311,14652.84
2025.01.30 18:00:00,1.04313,1.04346,1.0417,1.04194,7980.15
2025.01.30 19:00:00,1.04194,1.04233,1.04093,1.04168,7027.51
2025.01.30 20:00:00,1.04171,1.04253,1.04156,1.04248,4101.52
2025.01.30 21:00:00,1.04249,1.043,1.04229,1.0428,6541.47
2025.01.30 22:00:00,1.04281,1.04322,1.03861,1.04073,24650.85
2025.01.30 23:00:00,1.04071,1.0414,1.03868,1.03879,8053.4
2025.01.31 00:00:00,1.03879,1.03932,1.03856,1.03867,2030.56
2025.01.31 01:00:00,1.03872,1.0398,1.0385,1.03966,2681.43
2025.01.31 02:00:00,1.03968,1.04022,1.0385,1.03866,3528.29
2025.01.31 03:00:00,1.03865,1.03924,1.03768,1.03884,6790
2025.01.31 04:00:00,1.03885,1.03948,1.03866,1.03894,5048.58
2025.01.31 05:00:00,1.03894,1.03913,1.03835,1.03848,3801.98
2025.01.31 06:00:00,1.03848,1.03898,1.03826,1.03873,3289.03
2025.01.31 07:00:00,1.03872,1.03907,1.03845,1.03887,3387.34
2025.01.31 08:00:00,1.03888,1.03953,1.03873,1.03944,3753.89
2025.01.31 09:00:00,1.03944,1.04125,1.03911,1.0404,8808.91
2025.01.31 10:00:00,1.04039,1.04066,1.03807,1.03841,9911.57
2025.01.31 11:00:00,1.03841,1.0385,1.03652,1.03834,15530.52
2025.01.31 12:00:00,1.03833,1.03839,1.03736,1.03762,8963.99
2025.01.31 13:00:00,1.03764,1.038,1.03718,1.03757,6431.69
2025.01.31 14:00:00,1.03758,1.03856,1.03744,1.03824,5528.17
2025.01.31 15:00:00,1.03825,1.03952,1.03766,1.0382,13102.46
2025.01.31 16:00:00,1.03823,1.03825,1.03667,1.03684,20952.35
2025.01.31 17:00:00,1.03686,1.04006,1.03601,1.03962,21627.39
2025.01.31 18:00:00,1.03964,1.04073,1.03859,1.03996,12265.79
2025.01.31 19:00:00,1.03995,1.0434,1.03901,1.04197,20382.47
2025.01.31 20:00:00,1.04198,1.04217,1.03614,1.03696,21952.4
2025.01.31 21:00:00,1.03696,1.03789,1.03643,1.03763,15090.24
2025.01.31 22:00:00,1.03763,1.03817,1.03626,1.03734,10172.281
2025.01.31 23:00:00,1.03735,1.0387,1.03496,1.03602,13046.43
2025.02.03 00:00:00,1.02327,1.02572,1.02324,1.02508,4200.74
2025.02.03 01:00:00,1.02509,1.02698,1.02344,1.02467,17060.56
2025.02.03 02:00:00,1.02467,1.02671,1.02103,1.02316,16657.2
2025.02.03 03:00:00,1.02317,1.0252,1.02217,1.02375,12857.83
2025.02.03 04:00:00,1.02376,1.02377,1.02207,1.02234,10127.26
2025.02.03 05:00:00,1.02235,1.02247,1.0212,1.02211,7233.15
2025.02.03 06:00:00,1.02211,1.02394,1.02203,1.02264,7911.01
2025.02.03 07:00:00,1.02266,1.02432,1.02255,1.02402,6279.05
2025.02.03 08:00:00,1.024,1.02515,1.02394,1.02428,6928.7
2025.02.03 09:00:00,1.02428,1.02491,1.02217,1.02247,11003.73
2025.02.03 10:00:00,1.02248,1.0251,1.02126,1.02433,13249.65
2025.02.03 11:00:00,1.02433,1.02543,1.02255,1.02303,8136.6
2025.02.03 12:00:00,1.02304,1.02442,1.02298,1.02435,7001.59
2025.02.03 13:00:00,1.02434,1.02557,1.02362,1.02522,6692.9
2025.02.03 14:00:00,1.02521,1.02778,1.02514,1.02576,13421.01
2025.02.03 15:00:00,1.02574,1.02874,1.02574,1.02638,16715.97
2025.02.03 16:00:00,1.02636,1.02657,1.02471,1.02503,13140.5
2025.02.03 17:00:00,1.02501,1.03351,1.02434,1.03161,37925.24
2025.02.03 18:00:00,1.03162,1.03212,1.02726,1.02757,24451.42
2025.02.03 19:00:00,1.02759,1.03027,1.02714,1.02792,15820.47
2025.02.03 20:00:00,1.02793,1.02873,1.02699,1.02783,12794.94
2025.02.03 21:00:00,1.02782,1.02968,1.02782,1.02843,6319.76
2025.02.03 22:00:00,1.02844,1.02991,1.02826,1.02951,4178.46
2025.02.03 23:00:00,1.02952,1.03497,1.02926,1.03425,9376.7
2025.02.04 00:00:00,1.03423,1.03459,1.03296,1.0341,2479.96
2025.02.04 01:00:00,1.03413,1.03503,1.03262,1.03279,3795.73
2025.02.04 02:00:00,1.03279,1.03309,1.0316,1.03177,3313.54
2025.02.04 03:00:00,1.03175,1.03224,1.03083,1.03218,6752.44
2025.02.04 04:00:00,1.03216,1.03238,1.03164,1.03218,6348.69
2025.02.04 05:00:00,1.03218,1.03238,1.03115,1.03146,5889.22
2025.02.04 06:00:00,1.03148,1.0315,1.03057,1.03057,4830.18
2025.02.04 07:00:00,1.03056,1.03057,1.02721,1.02929,13476.8
2025.02.04 08:00:00,1.0293,1.03074,1.0292,1.03065,5501.4
2025.02.04 09:00:00,1.03064,1.03171,1.02997,1.0311,6273.34
2025.02.04 10:00:00,1.03111,1.03351,1.03087,1.03342,11204.28
2025.02.04 11:00:00,1.03341,1.03494,1.0332,1.03385,9173.29
2025.02.04 12:00:00,1.03383,1.03432,1.03251,1.03348,7066.94
2025.02.04 13:00:00,1.03349,1.03351,1.03219,1.03221,5829.44
2025.02.04 14:00:00,1.0322,1.03283,1.03201,1.03251,7988.57
2025.02.04 15:00:00,1.0325,1.03403,1.03236,1.03403,8202.84
2025.02.04 16:00:00,1.03404,1.03661,1.03399,1.03594,11158.52
2025.02.04 17:00:00,1.03592,1.03857,1.03576,1.03799,19806.64
2025.02.04 18:00:00,1.038,1.03872,1.03731,1.03781,12536.11
2025.02.04 19:00:00,1.03782,1.03787,1.03656,1.03765,10262.52
2025.02.04 20:00:00,1.03765,1.0386,1.03742,1.03808,5207.95
2025.02.04 21:00:00,1.03812,1.03852,1.03769,1.03816,4736.1
2025.02.04 22:00:00,1.03817,1.03857,1.0379,1.03852,4001.14
2025.02.04 23:00:00,1.03851,1.03874,1.03777,1.03783,3022.14
2025.02.05 00:00:00,1.03783,1.03798,1.03727,1.0378,1262.32
2025.02.05 01:00:00,1.0378,1.03802,1.03707,1.03712,1763.06
2025.02.05 02:00:00,1.03712,1.03817,1.03696,1.03786,3339.67
2025.02.05 03:00:00,1.03787,1.03864,1.0372,1.03732,6447.21
2025.02.05 04:00:00,1.03733,1.03848,1.03728,1.03843,6535.87
2025.02.05 05:00:00,1.03843,1.0386,1.03791,1.03794,5209.97
2025.02.05 06:00:00,1.03795,1.03822,1.0376,1.03784,3409.61
2025.02.05 07:00:00,1.03784,1.03785,1.03732,1.03777,4103.83
2025.02.05 08:00:00,1.03775,1.03937,1.0374,1.03848,5524.1
2025.02.05 09:00:00,1.03847,1.04096,1.03819,1.04025,8309
2025.02.05 10:00:00,1.04024,1.04082,1.03899,1.04037,10893.33
2025.02.05 11:00:00,1.04036,1.04174,1.04014,1.04037,9332.81
2025.02.05 12:00:00,1.04038,1.04304,1.04017,1.0425,9445.13
2025.02.05 13:00:00,1.04249,1.04252,1.04114,1.04147,6553.87
2025.02.05 14:00:00,1.04144,1.04218,1.04106,1.04188,7137.69
2025.02.05 15:00:00,1.04189,1.04256,1.04013,1.04076,12553.37
2025.02.05 16:00:00,1.04079,1.04261,1.0406,1.04232,12379.78
2025.02.05 17:00:00,1.04269,1.04424,1.04149,1.04221,17841.09
2025.02.05 18:00:00,1.0422,1.04245,1.04102,1.04179,10071.62
2025.02.05 19:00:00,1.04181,1.04241,1.04102,1.04198,5243.52
2025.02.05 20:00:00,1.04196,1.04215,1.0414,1.04153,3472.84
2025.02.05 21:00:00,1.04154,1.04166,1.04044,1.04069,4941.94
2025.02.05 22:00:00,1.04068,1.04069,1.04009,1.04045,3506.57
2025.02.05 23:00:00,1.04045,1.04066,1.03967,1.04021,3024.04
2025.02.06 00:00:00,1.0402,1.04046,1.03959,1.04041,646.1
2025.02.06 01:00:00,1.04039,1.04058,1.03969,1.03985,1911.21
2025.02.06 02:00:00,1.03985,1.04021,1.03948,1.03973,2959.97
2025.02.06 03:00:00,1.03973,1.04043,1.03951,1.04023,5276.32
2025.02.06 04:00:00,1.04022,1.04053,1.03908,1.03949,4397.4
2025.02.06 05:00:00,1.03949,1.03961,1.03895,1.03918,2827.19
2025.02.06 06:00:00,1.03918,1.03937,1.03852,1.03869,2753.58
2025.02.06 07:00:00,1.03868,1.03901,1.03858,1.03861,3498.09
2025.02.06 08:00:00,1.03864,1.03923,1.03854,1.03899,4448.57
2025.02.06 09:00:00,1.039,1.03912,1.03779,1.03799,5831.35
2025.02.06 10:00:00,1.03798,1.03808,1.03559,1.03647,10419.58
2025.02.06 11:00:00,1.03649,1.03677,1.03561,1.03592,6124.02
2025.02.06 12:00:00,1.03592,1.03662,1.03557,1.03623,5510.72
2025.02.06 13:00:00,1.03622,1.03676,1.03578,1.03617,6452.38
2025.02.06 14:00:00,1.03619,1.03639,1.03523,1.03617,11953.81
2025.02.06 15:00:00,1.03616,1.03673,1.03532,1.03601,11066.04
2025.02.06 16:00:00,1.03601,1.03746,1.03595,1.0362,9662.72
2025.02.06 17:00:00,1.03621,1.03762,1.0361,1.03692,11134.72
2025.02.06 18:00:00,1.03692,1.03762,1.03666,1.03666,8646.1
2025.02.06 19:00:00,1.03666,1.03803,1.03657,1.03791,5148.85
2025.02.06 20:00:00,1.03789,1.03964,1.03736,1.03893,8241.86
2025.02.06 21:00:00,1.03891,1.03912,1.03801,1.03845,4227.94
2025.02.06 22:00:00,1.03844,1.03906,1.03838,1.03888,3552.11
2025.02.06 23:00:00,1.03883,1.03891,1.0382,1.03827,1669.8745
2025.02.07 00:00:00,1.03826,1.03853,1.03815,1.03827,643.26
2025.02.07 01:00:00,1.03822,1.03866,1.03822,1.0385,858.28
2025.02.07 02:00:00,1.03849,1.03909,1.03773,1.03775,3603.48
2025.02.07 03:00:00,1.0378,1.03867,1.03741,1.03837,5538.8
2025.02.07 04:00:00,1.03836,1.0386,1.03807,1.03838,6076.48
2025.02.07 05:00:00,1.03841,1.03848,1.0377,1.03796,3515.02
2025.02.07 06:00:00,1.03796,1.03833,1.03755,1.0381,2882.87
2025.02.07 07:00:00,1.03809,1.03813,1.03738,1.03749,5291.13
2025.02.07 08:00:00,1.03748,1.03772,1.03724,1.03756,4126.78
2025.02.07 09:00:00,1.03756,1.03899,1.03739,1.03891,5651.24
2025.02.07 10:00:00,1.0389,1.03997,1.03852,1.03977,6194.05
2025.02.07 11:00:00,1.03977,1.03991,1.03896,1.0391,6717.46
2025.02.07 12:00:00,1.03909,1.03914,1.03789,1.03812,6227.8
2025.02.07 13:00:00,1.03811,1.0384,1.03773,1.03822,5467.09
2025.02.07 14:00:00,1.03822,1.03822,1.03681,1.03742,7146.06
2025.02.07 15:00:00,1.03741,1.04124,1.03489,1.03634,21495.04
2025.02.07 16:00:00,1.03633,1.03886,1.03606,1.03852,14015.83
2025.02.07 17:00:00,1.03851,1.03876,1.03271,1.03551,21763.53
2025.02.07 18:00:00,1.0355,1.0355,1.03221,1.03276,23102.59
2025.02.07 19:00:00,1.03276,1.03608,1.03049,1.03217,19583.95
2025.02.07 20:00:00,1.03214,1.03357,1.03206,1.03249,5587.44
2025.02.07 21:00:00,1.03249,1.03367,1.03236,1.03322,5728.86
2025.02.07 22:00:00,1.03322,1.03381,1.03214,1.03277,5227.58
2025.02.07 23:00:00,1.0328,1.03321,1.03248,1.0326,3315.82
2025.02.10 00:00:00,1.02918,1.03016,1.02839,1.02904,3844.12
2025.02.10 01:00:00,1.02904,1.03134,1.02904,1.03095,4915.32
2025.02.10 02:00:00,1.03096,1.03183,1.03092,1.03099,6016.21
2025.02.10 03:00:00,1.03102,1.03144,1.02999,1.03027,6652.98
2025.02.10 04:00:00,1.03028,1.03065,1.02985,1.02995,3575.22
2025.02.10 05:00:00,1.02996,1.03115,1.02995,1.03114,4225.18
2025.02.10 06:00:00,1.03114,1.03158,1.0311,1.03132,2772.78
2025.02.10 07:00:00,1.03134,1.03214,1.03131,1.0316,3060.9
2025.02.10 08:00:00,1.0316,1.03199,1.0312,1.03187,3283.17
2025.02.10 09:00:00,1.03187,1.03253,1.03098,1.03128,6210.13
2025.02.10 10:00:00,1.03129,1.03228,1.03064,1.0322,9317.47
2025.02.10 11:00:00,1.03221,1.03346,1.03209,1.03266,8996.91
2025.02.10 12:00:00,1.03266,1.03336,1.03232,1.03297,7208.67
2025.02.10 13:00:00,1.03299,1.03363,1.03198,1.03205,7564.3
2025.02.10 14:00:00,1.03205,1.0322,1.03083,1.03135,7015.18
2025.02.10 15:00:00,1.03137,1.03262,1.03137,1.03213,6740.18
2025.02.10 16:00:00,1.03212,1.03233,1.03041,1.03112,8369.12
2025.02.10 17:00:00,1.03114,1.03197,1.03105,1.0315,8220.64
2025.02.10 18:00:00,1.0315,1.03181,1.03043,1.03112,7083.91
2025.02.10 19:00:00,1.03113,1.03146,1.03065,1.03123,4238.82
2025.02.10 20:00:00,1.03121,1.03159,1.03058,1.0307,3169.65
2025.02.10 21:00:00,1.03069,1.03107,1.03051,1.03066,2511.84
2025.02.10 22:00:00,1.03067,1.03083,1.03048,1.03067,2270.32
2025.02.10 23:00:00,1.03066,1.03081,1.03049,1.03062,1124.06
2025.02.11 00:00:00,1.03061,1.03089,1.03025,1.03049,1614.92
2025.02.11 01:00:00,1.03042,1.03075,1.02982,1.03005,3119.47
2025.02.11 02:00:00,1.03006,1.03065,1.02993,1.03045,1440.35
2025.02.11 03:00:00,1.03045,1.03045,1.02999,1.03018,5344.19
2025.02.11 04:00:00,1.03018,1.03027,1.0292,1.02928,6794.84
2025.02.11 05:00:00,1.02927,1.03004,1.02919,1.02981,4488.54
2025.02.11 06:00:00,1.02979,1.03041,1.02974,1.0304,4085.32
2025.02.11 07:00:00,1.03041,1.03058,1.03019,1.03046,4561.11
2025.02.11 08:00:00,1.03045,1.03103,1.0304,1.0305,4668.58
2025.02.11 09:00:00,1.0305,1.03077,1.03008,1.0303,8118.53
2025.02.11 10:00:00,1.0303,1.03196,1.02998,1.0318,7870.43
2025.02.11 11:00:00,1.0318,1.03218,1.03125,1.03177,9391.14
2025.02.11 12:00:00,1.03178,1.03251,1.03143,1.03159,7233.45
2025.02.11 13:00:00,1.03158,1.03226,1.03155,1.03218,4368.6
2025.02.11 14:00:00,1.03216,1.03285,1.03204,1.03219,6946.03
2025.02.11 15:00:00,1.03219,1.03259,1.03164,1.03222,6572.74
2025.02.11 16:00:00,1.03222,1.03371,1.03216,1.03321,7932.22
2025.02.11 17:00:00,1.03327,1.03432,1.0328,1.03398,10278.68
2025.02.11 18:00:00,1.03397,1.03512,1.03388,1.03457,8591.3
2025.02.11 19:00:00,1.03456,1.03485,1.03433,1.03453,3906.47
2025.02.11 20:00:00,1.03451,1.03513,1.03443,1.03453,3539.95
2025.02.11 21:00:00,1.03451,1.03813,1.03418,1.03578,6623.28
2025.02.11 22:00:00,1.0358,1.03674,1.03574,1.03628,5873.98
2025.02.11 23:00:00,1.03627,1.03638,1.03587,1.03609,2666.51
2025.02.12 00:00:00,1.03603,1.03636,1.03583,1.03607,1105.9
2025.02.12 01:00:00,1.03607,1.03674,1.036,1.0363,1475.05
2025.02.12 02:00:00,1.03638,1.03641,1.03562,1.03572,2278.15
2025.02.12 03:00:00,1.03571,1.03639,1.03537,1.03602,4722.32
2025.02.12 04:00:00,1.03603,1.03677,1.03602,1.03623,4937.8
2025.02.12 05:00:00,1.03623,1.03652,1.03584,1.03621,4132.73
2025.02.12 06:00:00,1.03619,1.03632,1.03559,1.03561,3413.44
2025.02.12 07:00:00,1.03561,1.03592,1.03547,1.03583,3972.99
2025.02.12 08:00:00,1.03584,1.036,1.03569,1.03587,4113.3
2025.02.12 09:00:00,1.03588,1.03791,1.03587,1.03757,7572.05
2025.02.12 10:00:00,1.03758,1.03797,1.03679,1.0371,10810.6
2025.02.12 11:00:00,1.03709,1.03739,1.03646,1.03733,6271.3
2025.02.12 12:00:00,1.03736,1.03771,1.03699,1.03753,6903.45
2025.02.12 13:00:00,1.03754,1.03856,1.03735,1.0375,6256.94
2025.02.12 14:00:00,1.0375,1.03786,1.03719,1.03727,7098.4
2025.02.12 15:00:00,1.03727,1.0376,1.03168,1.03329,22018.55
2025.02.12 16:00:00,1.03329,1.03534,1.03254,1.035,17111.69
2025.02.12 17:00:00,1.035,1.03825,1.03379,1.03743,17743.23
2025.02.12 18:00:00,1.03743,1.03954,1.03501,1.0391,13796.87
2025.02.12 19:00:00,1.0391,1.04273,1.03905,1.0426,17578
2025.02.12 20:00:00,1.0426,1.04298,1.03872,1.03891,10758.5
2025.02.12 21:00:00,1.03891,1.03931,1.03844,1.0391,7851.23
2025.02.12 22:00:00,1.03908,1.03973,1.03879,1.03915,4956.36
2025.02.12 23:00:00,1.03917,1.0392,1.03804,1.03821,5064.88
2025.02.13 00:00:00,1.03818,1.03869,1.03811,1.03828,1957.83
2025.02.13 01:00:00,1.03829,1.0392,1.03825,1.0392,1626.79
2025.02.13 02:00:00,1.0392,1.04003,1.03879,1.03895,2967.9
2025.02.13 03:00:00,1.03895,1.04017,1.03871,1.03996,5316.25
2025.02.13 04:00:00,1.03998,1.04076,1.03964,1.04038,5546.32
2025.02.13 05:00:00,1.04039,1.04217,1.04034,1.04189,5137.63
2025.02.13 06:00:00,1.04189,1.04353,1.04186,1.04344,8424.78
2025.02.13 07:00:00,1.04345,1.04382,1.04303,1.04346,7160.44
2025.02.13 08:00:00,1.04347,1.04398,1.04283,1.04304,8341.79
2025.02.13 09:00:00,1.04307,1.04364,1.04222,1.04253,11373.69
2025.02.13 10:00:00,1.04256,1.04264,1.04101,1.04134,9174.07
2025.02.13 11:00:00,1.04134,1.04261,1.04108,1.04229,7736.14
2025.02.13 12:00:00,1.04229,1.04289,1.04131,1.04158,6381.76
2025.02.13 13:00:00,1.04157,1.04272,1.03924,1.04029,9028.64
2025.02.13 14:00:00,1.04029,1.04033,1.03855,1.03899,9298.19
2025.02.13 15:00:00,1.03897,1.04068,1.03756,1.03923,16400.9
2025.02.13 16:00:00,1.03924,1.04014,1.03818,1.03995,11673.37
2025.02.13 17:00:00,1.03995,1.0438,1.03995,1.04332,21684.22
2025.02.13 18:00:00,1.04332,1.04451,1.04242,1.04273,10206.76
2025.02.13 19:00:00,1.0427,1.04388,1.04248,1.04255,6359.11
2025.02.13 20:00:00,1.04252,1.04315,1.03727,1.0409,15516.27
2025.02.13 21:00:00,1.04091,1.04425,1.04082,1.0437,8207.38
2025.02.13 22:00:00,1.0437,1.04656,1.04353,1.04614,6368.09
2025.02.13 23:00:00,1.04616,1.04668,1.04568,1.04626,2881.43
2025.02.14 00:00:00,1.04625,1.04685,1.04619,1.0466,1467.66
2025.02.14 01:00:00,1.04661,1.0467,1.04559,1.04614,2872.43
2025.02.14 02:00:00,1.04614,1.04668,1.04575,1.04606,3686.02
2025.02.14 03:00:00,1.04607,1.04667,1.04582,1.04591,5288.73
2025.02.14 04:00:00,1.0459,1.04609,1.0455,1.04564,5166.9
2025.02.14 05:00:00,1.04567,1.04615,1.04536,1.04586,3396.55
2025.02.14 06:00:00,1.04587,1.04638,1.04546,1.04547,2568.7
2025.02.14 07:00:00,1.04548,1.04557,1.0447,1.04525,4401.79
2025.02.14 08:00:00,1.04524,1.04609,1.04515,1.04584,6158.47
2025.02.14 09:00:00,1.04584,1.0472,1.04582,1.04645,6963.27
2025.02.14 10:00:00,1.04645,1.04862,1.04633,1.04766,10004.19
2025.02.14 11:00:00,1.04765,1.04875,1.04757,1.04809,7272.72
2025.02.14 12:00:00,1.04809,1.04827,1.04641,1.04668,5226.25
2025.02.14 13:00:00,1.04669,1.04691,1.04628,1.04674,3465.76
2025.02.14 14:00:00,1.04674,1.04747,1.04567,1.04715,3576.62
2025.02.14 15:00:00,1.04715,1.04976,1.04711,1.0488,9253.61
2025.02.14 16:00:00,1.04882,1.0514,1.04871,1.05085,8713.71
2025.02.14 17:00:00,1.05085,1.05126,1.04907,1.05083,8126.77
2025.02.14 18:00:00,1.05081,1.051,1.04968,1.04974,3862.41
2025.02.14 19:00:00,1.04974,1.05088,1.0494,1.05071,2881.01
2025.02.14 20:00:00,1.05071,1.05079,1.04994,1.05042,1642.58
2025.02.14 21:00:00,1.05043,1.0505,1.04947,1.04984,2560.14
2025.02.14 22:00:00,1.04981,1.04981,1.0491,1.04918,1570.1
2025.02.14 23:00:00,1.04917,1.04948,1.04882,1.04913,2055.79
2025.02.17 00:00:00,1.04858,1.04893,1.0485,1.04878,1032.69
2025.02.17 01:00:00,1.0488,1.04938,1.04847,1.04883,1531.7
2025.02.17 02:00:00,1.04886,1.04933,1.04853,1.04922,1482.26
2025.02.17 03:00:00,1.04927,1.05062,1.04895,1.05051,3294.96
2025.02.17 04:00:00,1.05051,1.05052,1.04956,1.05012,1498.4
2025.02.17 05:00:00,1.0501,1.05035,1.04942,1.04945,1365.16
2025.02.17 06:00:00,1.04944,1.04972,1.0489,1.04954,1869.52
2025.02.17 07:00:00,1.04956,1.04981,1.04846,1.04897,1913.44
2025.02.17 08:00:00,1.04896,1.04933,1.04878,1.04916,1562.51
2025.02.17 09:00:00,1.04917,1.04953,1.04803,1.04824,4160.06
2025.02.17 10:00:00,1.04825,1.04847,1.04708,1.04743,4968.01
2025.02.17 11:00:00,1.04743,1.04812,1.04711,1.04741,3095.27
2025.02.17 12:00:00,1.04739,1.04891,1.04731,1.04888,4028.19
2025.02.17 13:00:00,1.04888,1.0489,1.04777,1.04818,5064.63
2025.02.17 14:00:00,1.04819,1.04848,1.04683,1.04721,3568.84
2025.02.17 15:00:00,1.04723,1.04763,1.04667,1.04741,3383.43
2025.02.17 16:00:00,1.04742,1.04793,1.04712,1.04782,2481.22
2025.02.17 17:00:00,1.04783,1.04841,1.04739,1.04796,2562.31
2025.02.17 18:00:00,1.04796,1.0483,1.04767,1.04786,1856.71
2025.02.17 19:00:00,1.04788,1.04847,1.04778,1.04824,1038.94
2025.02.17 20:00:00,1.04825,1.04825,1.04791,1.04819,284.78
2025.02.17 21:00:00,1.0482,1.04837,1.04794,1.04815,614.99
2025.02.17 22:00:00,1.04815,1.04836,1.04805,1.04831,886.44
2025.02.17 23:00:00,1.04833,1.04849,1.04824,1.0484,736.02
2025.02.18 00:00:00,1.04835,1.04836,1.04698,1.04795,1264.7452
2025.02.18 01:00:00,1.04805,1.04856,1.0477,1.04848,777.97
2025.02.18 02:00:00,1.04847,1.04862,1.04726,1.0475,1593.75
2025.02.18 03:00:00,1.04749,1.04753,1.04624,1.04659,3327.59
2025.02.18 04:00:00,1.04659,1.04705,1.04653,1.04673,4525.12
2025.02.18 05:00:00,1.04672,1.04723,1.04619,1.0463,2031.63
2025.02.18 06:00:00,1.04628,1.04638,1.04552,1.0457,2066.95
2025.02.18 07:00:00,1.0457,1.0459,1.04521,1.0455,1125.59
2025.02.18 08:00:00,1.04549,1.04632,1.04546,1.0461,2283.51
2025.02.18 09:00:00,1.04611,1.04691,1.04583,1.04635,5698.34
2025.02.18 10:00:00,1.04634,1.04691,1.04547,1.04568,2312.21
2025.02.18 11:00:00,1.04568,1.0465,1.04555,1.04635,2300.18
2025.02.18 12:00:00,1.04635,1.0467,1.04588,1.0462,4693.73
2025.02.18 13:00:00,1.0462,1.04649,1.04611,1.04626,1682.46
2025.02.18 14:00:00,1.04628,1.04669,1.04528,1.04552,4179.32
2025.02.18 15:00:00,1.04551,1.04566,1.04415,1.04446,5495.2
2025.02.18 16:00:00,1.04446,1.04548,1.04414,1.04523,3900.5
2025.02.18 17:00:00,1.04524,1.04669,1.04513,1.04662,6973.23
2025.02.18 18:00:00,1.04662,1.04692,1.04539,1.04566,3911.1
2025.02.18 19:00:00,1.04566,1.04566,1.0439,1.04457,3841.02
2025.02.18 20:00:00,1.04457,1.04478,1.0435,1.04439,3929.84
2025.02.18 21:00:00,1.04438,1.04496,1.04403,1.04451,1394.49
2025.02.18 22:00:00,1.04449,1.04476,1.0441,1.04475,1871.14
2025.02.18 23:00:00,1.04475,1.04492,1.04444,1.04459,2674.09
2025.02.19 00:00:00,1.04453,1.04517,1.04442,1.04505,2501.97
2025.02.19 01:00:00,1.04509,1.04509,1.04447,1.04479,879.43
2025.02.19 02:00:00,1.0448,1.04493,1.04435,1.04456,1658.05
2025.02.19 03:00:00,1.04458,1.04479,1.04409,1.04463,2615.19
2025.02.19 04:00:00,1.04462,1.04521,1.04446,1.04516,1630.32
2025.02.19 05:00:00,1.04517,1.0452,1.04476,1.0451,2640.36
2025.02.19 06:00:00,1.0451,1.0453,1.0448,1.04523,1289.52
2025.02.19 07:00:00,1.04522,1.04562,1.04487,1.04561,1553.57
2025.02.19 08:00:00,1.0456,1.04613,1.04542,1.04549,4087.7
2025.02.19 09:00:00,1.04551,1.04593,1.04486,1.04511,3149.67
2025.02.19 10:00:00,1.04514,1.0456,1.04385,1.04404,3821.7
2025.02.19 11:00:00,1.04403,1.04436,1.04281,1.04287,4600.84
2025.02.19 12:00:00,1.04288,1.04296,1.04188,1.04237,3484.21
2025.02.19 13:00:00,1.04239,1.0433,1.04199,1.04244,7822.15
2025.02.19 14:00:00,1.04243,1.04318,1.04216,1.0428,9153.17
2025.02.19 15:00:00,1.04282,1.04352,1.0425,1.04338,7845.06
2025.02.19 16:00:00,1.04339,1.04378,1.04273,1.04341,9766.86
2025.02.19 17:00:00,1.04341,1.04412,1.04215,1.0424,13945.31
2025.02.19 18:00:00,1.04239,1.04247,1.0404,1.04044,9551.33
2025.02.19 19:00:00,1.04044,1.0413,1.04009,1.04096,5358.97
2025.02.19 20:00:00,1.04097,1.04218,1.04083,1.0419,4378.73
2025.02.19 21:00:00,1.0419,1.04324,1.04177,1.04256,6227.18
2025.02.19 22:00:00,1.04255,1.04264,1.04207,1.0425,3300.06
2025.02.19 23:00:00,1.0425,1.04262,1.04218,1.0422,1251.74
2025.02.20 00:00:00,1.0422,1.04257,1.04163,1.04238,1086.71
2025.02.20 01:00:00,1.04242,1.04254,1.04197,1.04206,1173.96
2025.02.20 02:00:00,1.04205,1.04299,1.04195,1.0429,3767.26
2025.02.20 03:00:00,1.04292,1.04325,1.04185,1.04212,6005.98
2025.02.20 04:00:00,1.04212,1.04375,1.042,1.04354,11207.53
2025.02.20 05:00:00,1.04355,1.0436,1.04266,1.04311,8897.2
2025.02.20 06:00:00,1.04309,1.04316,1.0424,1.04302,5300.49
2025.02.20 07:00:00,1.043,1.0434,1.04267,1.04276,5780.6
2025.02.20 08:00:00,1.04276,1.04343,1.04242,1.04247,6352.99
2025.02.20 09:00:00,1.04254,1.04332,1.04233,1.04313,6536.42
2025.02.20 10:00:00,1.04313,1.04418,1.04292,1.04333,8109.25
2025.02.20 11:00:00,1.04332,1.04382,1.04284,1.04369,6546.21
2025.02.20 12:00:00,1.04369,1.04439,1.04341,1.04421,6311.39
2025.02.20 13:00:00,1.04424,1.04461,1.04307,1.04383,5330.65
2025.02.20 14:00:00,1.04384,1.04436,1.04331,1.04356,7978.12
2025.02.20 15:00:00,1.04356,1.04546,1.04349,1.04479,11166.6
2025.02.20 16:00:00,1.0448,1.04605,1.04419,1.04464,10985.06
2025.02.20 17:00:00,1.04462,1.04752,1.04417,1.04739,11775.82
2025.02.20 18:00:00,1.04736,1.04781,1.0464,1.04748,8254.77
2025.02.20 19:00:00,1.04747,1.04946,1.04709,1.04891,6019.79
2025.02.20 20:00:00,1.04889,1.04985,1.04852,1.04977,5076.33
2025.02.20 21:00:00,1.0498,1.05031,1.04891,1.05014,4593.02
2025.02.20 22:00:00,1.05015,1.05032,1.04951,1.05027,4038.32
2025.02.20 23:00:00,1.05026,1.05033,1.05001,1.05002,2459.6946
2025.02.21 00:00:00,1.05001,1.05007,1.0496,1.04977,1391.64
2025.02.21 01:00:00,1.04976,1.05054,1.04975,1.05001,1627.18
2025.02.21 02:00:00,1.04999,1.05001,1.0489,1.04898,2902.76
2025.02.21 03:00:00,1.04899,1.0493,1.04843,1.04866,5319.48
2025.02.21 04:00:00,1.04866,1.0503,1.04862,1.05026,6243.97
2025.02.21 05:00:00,1.05027,1.05045,1.04993,1.05023,4087.75
2025.02.21 06:00:00,1.05023,1.05047,1.0497,1.04988,3140.27
2025.02.21 07:00:00,1.04988,1.05005,1.04914,1.04929,4717.01
2025.02.21 08:00:00,1.04928,1.0494,1.04876,1.04884,4841.22
2025.02.21 09:00:00,1.04885,1.04994,1.04885,1.04919,7224.21
2025.02.21 10:00:00,1.0492,1.04939,1.04677,1.04762,12354.56
2025.02.21 11:00:00,1.04766,1.0481,1.04665,1.04691,7602.22
2025.02.21 12:00:00,1.0469,1.0472,1.04645,1.04651,6318.04
2025.02.21 13:00:00,1.04651,1.04739,1.04629,1.0469,5876.14
2025.02.21 14:00:00,1.0469,1.04709,1.04592,1.04619,6975.46
2025.02.21 15:00:00,1.04616,1.04779,1.04612,1.04749,7054.47
2025.02.21 16:00:00,1.04749,1.04923,1.04699,1.04807,11902.08
2025.02.21 17:00:00,1.04807,1.04859,1.04525,1.04539,15274.85
2025.02.21 18:00:00,1.04538,1.04576,1.04492,1.04544,9800.44
2025.02.21 19:00:00,1.04549,1.04643,1.04518,1.04629,7127.45
2025.02.21 20:00:00,1.04627,1.04678,1.04506,1.04596,8748.37
2025.02.21 21:00:00,1.04596,1.04663,1.0457,1.0462,6464.84
2025.02.21 22:00:00,1.04619,1.04643,1.04572,1.04605,5066.879
2025.02.21 23:00:00,1.04605,1.04619,1.0455,1.0457,3209.7
2025.02.24 00:00:00,1.04706,1.0481,1.04618,1.04727,3905.19
2025.02.24 01:00:00,1.04727,1.04846,1.04705,1.04736,2908.46
2025.02.24 02:00:00,1.04738,1.05071,1.04716,1.0504,5194.38
2025.02.24 03:00:00,1.05041,1.05208,1.05021,1.05178,10256.34
2025.02.24 04:00:00,1.05179,1.05282,1.05154,1.05227,10638.32
2025.02.24 05:00:00,1.05228,1.05254,1.05162,1.05192,5769.91
2025.02.24 06:00:00,1.05194,1.05206,1.0511,1.05154,4268.64
2025.02.24 07:00:00,1.05152,1.05196,1.05098,1.05163,5746.27
2025.02.24 08:00:00,1.05162,1.05162,1.05009,1.05087,6301.76
2025.02.24 09:00:00,1.05088,1.05147,1.04865,1.04909,8959.29
2025.02.24 10:00:00,1.04912,1.04925,1.04695,1.04795,10301.87
2025.02.24 11:00:00,1.04794,1.04846,1.04686,1.04717,7018.61
2025.02.24 12:00:00,1.04716,1.04805,1.04668,1.04801,6456.37
2025.02.24 13:00:00,1.04802,1.04811,1.04637,1.04683,4713.29
2025.02.24 14:00:00,1.04683,1.04724,1.04599,1.04687,5901.24
2025.02.24 15:00:00,1.04688,1.04753,1.04646,1.04667,6995.36
2025.02.24 16:00:00,1.04668,1.04695,1.04527,1.04603,10033.46
2025.02.24 17:00:00,1.04603,1.04704,1.04599,1.04689,12966.08
2025.02.24 18:00:00,1.04688,1.04799,1.04655,1.04775,9859.84
2025.02.24 19:00:00,1.04777,1.04835,1.04679,1.04723,7304.49
2025.02.24 20:00:00,1.04721,1.04856,1.04704,1.04803,4722.01
2025.02.24 21:00:00,1.04804,1.04839,1.04725,1.04749,5475.88
2025.02.24 22:00:00,1.0475,1.04792,1.04644,1.0465,7159.06
2025.02.24 23:00:00,1.04651,1.0468,1.04616,1.04671,3364.33
2025.02.25 00:00:00,1.04671,1.04702,1.04634,1.04689,1230.39
2025.02.25 01:00:00,1.04687,1.04687,1.04602,1.04611,1429.47
2025.02.25 02:00:00,1.04611,1.04641,1.04596,1.04631,2092.78
2025.02.25 03:00:00,1.04633,1.04656,1.04605,1.04649,6750.91
2025.02.25 04:00:00,1.04651,1.04747,1.04651,1.04743,7216.62
2025.02.25 05:00:00,1.04744,1.04761,1.04712,1.0473,5319.38
2025.02.25 06:00:00,1.04731,1.04771,1.04723,1.0473,3973.28
2025.02.25 07:00:00,1.04731,1.0478,1.04722,1.04767,3579.45
2025.02.25 08:00:00,1.04767,1.04799,1.04724,1.04767,4536.06
2025.02.25 09:00:00,1.04767,1.04774,1.04633,1.0464,8333.78
2025.02.25 10:00:00,1.04642,1.04787,1.0456,1.047,10914.72
2025.02.25 11:00:00,1.04702,1.04784,1.04683,1.04729,9709.33
2025.02.25 12:00:00,1.04729,1.04739,1.04651,1.04725,8025.88
2025.02.25 13:00:00,1.04724,1.04896,1.04714,1.04891,6113.89
2025.02.25 14:00:00,1.04893,1.04999,1.04882,1.04934,11151.37
2025.02.25 15:00:00,1.04934,1.05096,1.04933,1.04999,10939.23
2025.02.25 16:00:00,1.05,1.05047,1.04918,1.05023,9437.63
2025.02.25 17:00:00,1.05027,1.05191,1.04949,1.04984,14597.91
2025.02.25 18:00:00,1.04983,1.05059,1.04944,1.04975,10900.46
2025.02.25 19:00:00,1.04975,1.05021,1.04837,1.0502,6664.92
2025.02.25 20:00:00,1.0502,1.05179,1.0502,1.05083,6361.26
2025.02.25 21:00:00,1.05082,1.05126,1.05044,1.05104,5109.72
2025.02.25 22:00:00,1.05103,1.05188,1.0509,1.05162,4473.38
2025.02.25 23:00:00,1.05161,1.05175,1.05123,1.05124,2384.33
2025.02.26 00:00:00,1.05116,1.05141,1.05106,1.05122,1147.41
2025.02.26 01:00:00,1.05136,1.05227,1.05119,1.05204,3207.61
2025.02.26 02:00:00,1.05205,1.0525,1.05195,1.05227,2862.93
2025.02.26 03:00:00,1.05226,1.05235,1.05138,1.0515,5889.2
2025.02.26 04:00:00,1.05151,1.05167,1.0504,1.05061,7165.28
2025.02.26 05:00:00,1.05062,1.05085,1.05011,1.05043,5166.16
2025.02.26 06:00:00,1.05043,1.05054,1.04966,1.04971,3208.78
2025.02.26 07:00:00,1.0497,1.04979,1.04903,1.04912,5611.06
2025.02.26 08:00:00,1.04913,1.04962,1.04868,1.04942,6954.75
2025.02.26 09:00:00,1.04943,1.05013,1.04923,1.04938,8421.24
2025.02.26 10:00:00,1.04938,1.05113,1.04913,1.05024,11446.55
2025.02.26 11:00:00,1.05024,1.0503,1.04947,1.04968,9217.93
2025.02.26 12:00:00,1.04968,1.05007,1.0491,1.04976,8197.2
2025.02.26 13:00:00,1.04975,1.0502,1.04865,1.04914,6600.24
2025.02.26 14:00:00,1.04914,1.04947,1.04747,1.04765,8740.74
2025.02.26 15:00:00,1.04765,1.04944,1.04763,1.04839,9802.89
2025.02.26 16:00:00,1.0484,1.04924,1.0482,1.04895,10840.48
2025.02.26 17:00:00,1.04895,1.0509,1.04791,1.05058,14870.99
2025.02.26 18:00:00,1.05061,1.05153,1.05017,1.05135,11716.45
2025.02.26 19:00:00,1.05133,1.05287,1.0483,1.04921,19771.23
2025.02.26 20:00:00,1.04922,1.05002,1.04848,1.04879,14783.98
2025.02.26 21:00:00,1.0488,1.04932,1.04819,1.04908,8729.36
2025.02.26 22:00:00,1.04908,1.04909,1.04806,1.0486,5407.71
2025.02.26 23:00:00,1.0486,1.04878,1.04784,1.04844,2835.1282
2025.02.27 00:00:00,1.04843,1.04873,1.04782,1.04865,1572.6
2025.02.27 01:00:00,1.04869,1.04922,1.04856,1.04876,1415.71
2025.02.27 02:00:00,1.04877,1.04878,1.04766,1.04771,3899.52
2025.02.27 03:00:00,1.04773,1.04831,1.04726,1.0478,5906.86
2025.02.27 04:00:00,1.04782,1.04804,1.04701,1.04707,8304.33
2025.02.27 05:00:00,1.0471,1.04743,1.04647,1.04656,4885.75
2025.02.27 06:00:00,1.04656,1.04694,1.04589,1.04626,5855.69
2025.02.27 07:00:00,1.04628,1.04653,1.04613,1.04649,5056.72
2025.02.27 08:00:00,1.04648,1.04729,1.04639,1.04715,5863.86
2025.02.27 09:00:00,1.04716,1.048,1.04683,1.0475,6127.7
2025.02.27 10:00:00,1.04752,1.04802,1.04702,1.04782,9841.16
2025.02.27 11:00:00,1.04784,1.04851,1.0475,1.04841,7064.98
2025.02.27 12:00:00,1.0484,1.04842,1.04737,1.04814,6730.71
2025.02.27 13:00:00,1.04814,1.04871,1.04757,1.04757,6829.53
2025.02.27 14:00:00,1.04756,1.04839,1.04729,1.04763,9533.81
2025.02.27 15:00:00,1.04763,1.04893,1.0419,1.04232,19517.75
2025.02.27 16:00:00,1.04231,1.04416,1.04139,1.04198,16854.63
2025.02.27 17:00:00,1.04197,1.04276,1.04093,1.04148,19216.12
2025.02.27 18:00:00,1.04149,1.0416,1.04031,1.04134,15245.91
2025.02.27 19:00:00,1.04136,1.04179,1.04001,1.04071,8389.9
2025.02.27 20:00:00,1.04072,1.04174,1.04072,1.04171,5676.32
2025.02.27 21:00:00,1.04171,1.04176,1.04031,1.04042,6757.63
2025.02.27 22:00:00,1.04043,1.04082,1.04013,1.04051,4991.01
2025.02.27 23:00:00,1.0405,1.04052,1.03966,1.03978,3273.62
2025.02.28 00:00:00,1.03974,1.0399,1.03882,1.0394,1245.66
2025.02.28 01:00:00,1.03941,1.04001,1.03921,1.03936,1765.8
2025.02.28 02:00:00,1.03936,1.04027,1.03936,1.04023,4458.72
2025.02.28 03:00:00,1.04024,1.04042,1.03843,1.03848,9050.78
2025.02.28 04:00:00,1.03848,1.03915,1.03802,1.03822,7137.92
2025.02.28 05:00:00,1.03823,1.03894,1.03811,1.03882,5230.94
2025.02.28 06:00:00,1.03882,1.03907,1.03859,1.03864,3537.99
2025.02.28 07:00:00,1.03866,1.039,1.03841,1.03886,5042.56
2025.02.28 08:00:00,1.03885,1.0389,1.03825,1.03874,6548.99
2025.02.28 09:00:00,1.03873,1.04005,1.03854,1.03959,9122.4
2025.02.28 10:00:00,1.03959,1.04042,1.03949,1.04009,9273.83
2025.02.28 11:00:00,1.04014,1.04078,1.03943,1.03952,8413.68
2025.02.28 12:00:00,1.03951,1.04058,1.03922,1.03992,6242.73
2025.02.28 13:00:00,1.03992,1.04011,1.03933,1.03986,6514.08
2025.02.28 14:00:00,1.03985,1.04078,1.03977,1.04067,6064.71
2025.02.28 15:00:00,1.04066,1.04161,1.04052,1.04066,12074.68
2025.02.28 16:00:00,1.04071,1.04141,1.04007,1.04098,11097.64
2025.02.28 17:00:00,1.04099,1.04198,1.03932,1.03998,14873.8
2025.02.28 18:00:00,1.03998,1.04114,1.03979,1.04013,14464.83
2025.02.28 19:00:00,1.04014,1.04099,1.03898,1.03963,11414.81
2025.02.28 20:00:00,1.03962,1.0398,1.03625,1.03634,16820.65
2025.02.28 21:00:00,1.03634,1.03736,1.03597,1.03677,8236.99
2025.02.28 22:00:00,1.03676,1.03769,1.0362,1.03747,7758.15
2025.02.28 23:00:00,1.03746,1.03767,1.03681,1.03747,5073.95
2025.03.03 00:00:00,1.04032,1.04042,1.03992,1.04032,1468.15
2025.03.03 01:00:00,1.04033,1.04208,1.03997,1.04119,7223.49
2025.03.03 02:00:00,1.04119,1.04199,1.04021,1.04091,8262.27
2025.03.03 03:00:00,1.04092,1.04228,1.04074,1.04195,8671.97
2025.03.03 04:00:00,1.04195,1.04231,1.04147,1.04197,5001.87
2025.03.03 05:00:00,1.04196,1.04198,1.04099,1.04168,5774.87
2025.03.03 06:00:00,1.04167,1.04203,1.04165,1.04177,4216.43
2025.03.03 07:00:00,1.04175,1.04193,1.04123,1.04142,5742.24
2025.03.03 08:00:00,1.04141,1.04162,1.04065,1.04081,5913.02
2025.03.03 09:00:00,1.04081,1.041,1.04018,1.04054,8654.67
2025.03.03 10:00:00,1.04053,1.04065,1.03883,1.04009,13065.47
2025.03.03 11:00:00,1.04015,1.04288,1.04012,1.04269,7933.22
2025.03.03 12:00:00,1.04421,1.04441,1.04339,1.04409,1548
2025.03.03 13:00:00,1.04419,1.04579,1.04403,1.04524,11603.48
2025.03.03 14:00:00,1.04525,1.04759,1.04525,1.04702,11143.75
2025.03.03 15:00:00,1.04703,1.04762,1.04592,1.04717,11450.36
2025.03.03 16:00:00,1.04719,1.04906,1.04686,1.04823,11493.76
2025.03.03 17:00:00,1.04795,1.05036,1.04764,1.04845,16325.73
2025.03.03 18:00:00,1.04844,1.05011,1.04838,1.0496,9706.17
2025.03.03 19:00:00,1.04959,1.04967,1.04866,1.04902,5418.39
2025.03.03 20:00:00,1.04904,1.05032,1.04821,1.04868,7906.96
2025.03.03 21:00:00,1.04867,1.04936,1.04721,1.04728,8900.77
2025.03.03 22:00:00,1.04727,1.0485,1.04665,1.04819,15903.34
2025.03.03 23:00:00,1.0482,1.04925,1.04803,1.04856,3947.39
2025.03.04 00:00:00,1.04849,1.04882,1.04795,1.04867,1471.23
2025.03.04 01:00:00,1.04865,1.04922,1.04763,1.04851,2876.19
2025.03.04 02:00:00,1.04851,1.04886,1.04764,1.0488,6816.75
2025.03.04 03:00:00,1.0488,1.04959,1.04823,1.04881,8707.14
2025.03.04 04:00:00,1.04882,1.049,1.048,1.04806,8543.35
2025.03.04 05:00:00,1.04806,1.04837,1.04747,1.04771,7690.99
2025.03.04 06:00:00,1.0477,1.04803,1.0471,1.04778,6473.16
2025.03.04 07:00:00,1.04778,1.04862,1.04708,1.04833,8363.63
2025.03.04 08:00:00,1.04833,1.04894,1.04789,1.04856,5277.63
2025.03.04 09:00:00,1.0486,1.05003,1.04809,1.04927,12896.39
2025.03.04 10:00:00,1.04928,1.05238,1.04861,1.05187,14710.91
2025.03.04 11:00:00,1.05187,1.0527,1.05093,1.05118,11895.16
2025.03.04 12:00:00,1.05119,1.05194,1.05024,1.05113,8652.26
2025.03.04 13:00:00,1.05112,1.05443,1.05096,1.05439,7850.3
2025.03.04 14:00:00,1.0544,1.05569,1.05358,1.05529,10827.71
2025.03.04 15:00:00,1.05531,1.05596,1.05305,1.05388,14006.07
2025.03.04 16:00:00,1.05389,1.05483,1.05204,1.05212,16522.37
2025.03.04 17:00:00,1.05211,1.05279,1.04962,1.05263,17223.21
2025.03.04 18:00:00,1.0526,1.05394,1.05151,1.05335,14231.19
2025.03.04 19:00:00,1.05334,1.05439,1.05304,1.05415,11993.84
2025.03.04 20:00:00,1.05414,1.05911,1.05376,1.05904,15118.27
2025.03.04 21:00:00,1.05903,1.06019,1.05863,1.06006,10322.19
2025.03.04 22:00:00,1.06005,1.06236,1.06004,1.06082,12390.25
2025.03.04 23:00:00,1.06085,1.06272,1.06082,1.06253,8616.19
2025.03.05 00:00:00,1.06254,1.06254,1.06168,1.06191,3330.93
2025.03.05 01:00:00,1.06191,1.06369,1.06191,1.0623,4013.46
2025.03.05 02:00:00,1.0623,1.06273,1.06105,1.06207,7118.94
2025.03.05 03:00:00,1.06209,1.06274,1.06084,1.06125,10929.42
2025.03.05 04:00:00,1.06126,1.06155,1.06036,1.0604,13504.78
2025.03.05 05:00:00,1.0604,1.06202,1.06018,1.0618,11071.1
2025.03.05 06:00:00,1.06181,1.06256,1.06152,1.06189,6288.54
2025.03.05 07:00:00,1.06188,1.06323,1.06186,1.06312,6472.38
2025.03.05 08:00:00,1.06313,1.06388,1.06241,1.06322,10099.06
2025.03.05 09:00:00,1.06321,1.06763,1.06294,1.06745,17656.7
2025.03.05 10:00:00,1.06743,1.06996,1.06585,1.06977,19048.43
2025.03.05 11:00:00,1.06981,1.0722,1.06954,1.07116,14821.57
2025.03.05 12:00:00,1.07115,1.0715,1.06834,1.06969,11238.82
2025.03.05 13:00:00,1.0697,1.06984,1.06764,1.06787,9407.38
2025.03.05 14:00:00,1.06787,1.0714,1.06784,1.06955,11187.33
2025.03.05 15:00:00,1.06959,1.07225,1.06867,1.07157,18575.1
2025.03.05 16:00:00,1.07157,1.07769,1.07137,1.07691,21821.66
2025.03.05 17:00:00,1.07684,1.07705,1.07408,1.07649,24794.17
2025.03.05 18:00:00,1.07651,1.07866,1.0761,1.07668,16997.66
2025.03.05 19:00:00,1.07666,1.07877,1.07622,1.07851,15062.21
2025.03.05 20:00:00,1.07852,1.07887,1.07637,1.07734,15032.53
2025.03.05 21:00:00,1.07736,1.07907,1.07697,1.079,10927.58
2025.03.05 22:00:00,1.079,1.07965,1.07876,1.0792,5461.92
2025.03.05 23:00:00,1.07921,1.07928,1.07854,1.07857,4872.9
2025.03.06 00:00:00,1.07854,1.07922,1.07853,1.07901,1255.23
2025.03.06 01:00:00,1.07904,1.0795,1.07869,1.07941,3083.16
2025.03.06 02:00:00,1.07942,1.08028,1.07871,1.07942,5883.28
2025.03.06 03:00:00,1.07942,1.082,1.07893,1.08151,7257.61
2025.03.06 04:00:00,1.0815,1.08191,1.07976,1.0805,8913.25
2025.03.06 05:00:00,1.0805,1.08051,1.07879,1.07893,8186.14
2025.03.06 06:00:00,1.07894,1.0804,1.0784,1.08033,6553.47
2025.03.06 07:00:00,1.08035,1.08116,1.07999,1.08102,6527.53
2025.03.06 08:00:00,1.08102,1.08199,1.07988,1.08025,7900.21
2025.03.06 09:00:00,1.08024,1.08221,1.07917,1.07989,15735.45
2025.03.06 10:00:00,1.07989,1.08167,1.07928,1.08012,18221.44
2025.03.06 11:00:00,1.08009,1.08065,1.07802,1.07995,15337.81
2025.03.06 12:00:00,1.07996,1.08034,1.07826,1.07916,13758.41
2025.03.06 13:00:00,1.07916,1.08007,1.0783,1.0799,10182.15
2025.03.06 14:00:00,1.0799,1.08067,1.0788,1.08,8370.01
2025.03.06 15:00:00,1.08,1.08452,1.07905,1.08257,21434.27
2025.03.06 16:00:00,1.08258,1.08409,1.08111,1.08369,23688.19
2025.03.06 17:00:00,1.08369,1.08534,1.08112,1.0817,24220.2
2025.03.06 18:00:00,1.08172,1.08381,1.08153,1.08174,17372.36
2025.03.06 19:00:00,1.08172,1.08222,1.07913,1.07969,15102.1
2025.03.06 20:00:00,1.07968,1.08017,1.07655,1.07836,13079.78
2025.03.06 21:00:00,1.07835,1.08113,1.07825,1.08014,9169.43
2025.03.06 22:00:00,1.08013,1.08032,1.07853,1.07863,8320.98
2025.03.06 23:00:00,1.07864,1.07902,1.07748,1.07818,3874.99
2025.03.07 00:00:00,1.0782,1.07908,1.07757,1.07877,1867.77
2025.03.07 01:00:00,1.07877,1.07961,1.07843,1.07871,2745.5
2025.03.07 02:00:00,1.07872,1.07952,1.07868,1.07875,4715.54
2025.03.07 03:00:00,1.07877,1.07928,1.0781,1.07898,6712.58
2025.03.07 04:00:00,1.07901,1.07992,1.07845,1.0799,6462.5
2025.03.07 05:00:00,1.0799,1.08146,1.07963,1.08057,5849.48
2025.03.07 06:00:00,1.08055,1.0813,1.08027,1.08128,4237.3
2025.03.07 07:00:00,1.08128,1.08174,1.08075,1.08131,5659.83
2025.03.07 08:00:00,1.08131,1.0825,1.08079,1.08232,6303.78
2025.03.07 09:00:00,1.08231,1.08406,1.08198,1.08295,10443.6
2025.03.07 10:00:00,1.08298,1.0855,1.08259,1.08507,11292.86
2025.03.07 11:00:00,1.08508,1.08714,1.08445,1.0861,10963.68
2025.03.07 12:00:00,1.08611,1.0867,1.08571,1.08605,9047.79
2025.03.07 13:00:00,1.08604,1.08604,1.08444,1.08492,10533.63
2025.03.07 14:00:00,1.08491,1.0857,1.08409,1.08542,10748.69
2025.03.07 15:00:00,1.08544,1.08884,1.0843,1.08447,24214.6
2025.03.07 16:00:00,1.08444,1.08818,1.0844,1.08534,22385.06
2025.03.07 17:00:00,1.08534,1.08862,1.08352,1.08699,23017.57
2025.03.07 18:00:00,1.08699,1.08725,1.08374,1.08585,13865.98
2025.03.07 19:00:00,1.08583,1.08642,1.08317,1.0843,15101.96
2025.03.07 20:00:00,1.08428,1.0844,1.08254,1.08398,9610.26
2025.03.07 21:00:00,1.08397,1.0844,1.0833,1.08425,7612.21
2025.03.07 22:00:00,1.08424,1.08491,1.08399,1.08472,4410.22
2025.03.07 23:00:00,1.08471,1.08511,1.08292,1.08292,4299.69
2025.03.09 23:00:00,1.08312,1.08399,1.08269,1.08388,539.25
2025.03.10 00:00:00,1.08388,1.08594,1.08381,1.0849,6575.98
2025.03.10 01:00:00,1.08491,1.08653,1.0848,1.086,5875.28
2025.03.10 02:00:00,1.08602,1.08671,1.08527,1.08641,5834
2025.03.10 03:00:00,1.0864,1.08711,1.08524,1.08528,6627.53
2025.03.10 04:00:00,1.08526,1.08557,1.08355,1.08368,8763.67
2025.03.10 05:00:00,1.08368,1.08384,1.08301,1.08314,6296.01
2025.03.10 06:00:00,1.08313,1.08376,1.083,1.08306,4318.38
2025.03.10 07:00:00,1.08303,1.08355,1.08278,1.0835,7363.21
2025.03.10 08:00:00,1.08351,1.08446,1.08342,1.08367,8445.64
2025.03.10 09:00:00,1.08374,1.08438,1.08107,1.08224,9723.32
2025.03.10 10:00:00,1.08227,1.08241,1.08051,1.08099,16026.56
2025.03.10 11:00:00,1.08099,1.08566,1.08085,1.0851,14739.28
2025.03.10 12:00:00,1.08517,1.08744,1.08504,1.08609,13548.39
2025.03.10 13:00:00,1.08609,1.08643,1.08122,1.08505,19103.57
2025.03.10 14:00:00,1.08505,1.08599,1.08418,1.08437,12167.26
2025.03.10 15:00:00,1.08438,1.08507,1.08332,1.08349,11624.58
2025.03.10 16:00:00,1.08349,1.08466,1.08313,1.0845,14175.1
2025.03.10 17:00:00,1.08451,1.08477,1.08206,1.08369,15212.4
2025.03.10 18:00:00,1.08368,1.08416,1.08278,1.08302,11253.37
2025.03.10 19:00:00,1.08301,1.08456,1.08256,1.08297,9026.76
2025.03.10 20:00:00,1.08295,1.08352,1.08175,1.08296,8093.57
2025.03.10 21:00:00,1.08296,1.08326,1.08175,1.08315,7317.95
2025.03.10 22:00:00,1.08316,1.08362,1.08254,1.08324,3404.7
2025.03.10 23:00:00,1.0832,1.08359,1.08293,1.08342,986.55
2025.03.11 00:00:00,1.08341,1.08413,1.08329,1.08344,2237.86
2025.03.11 01:00:00,1.08349,1.08432,1.08347,1.0839,2526.59
2025.03.11 02:00:00,1.0839,1.08533,1.08389,1.08513,4997.3
2025.03.11 03:00:00,1.08515,1.08584,1.08435,1.08579,7373.33
2025.03.11 04:00:00,1.08579,1.08604,1.085,1.08558,8479.94
2025.03.11 05:00:00,1.08559,1.08596,1.08487,1.08542,5992.42
2025.03.11 06:00:00,1.0854,1.08615,1.08503,1.08543,3888.28
2025.03.11 07:00:00,1.08543,1.08554,1.08354,1.08381,4624.28
2025.03.11 08:00:00,1.08383,1.08758,1.08363,1.08563,10113.33
2025.03.11 09:00:00,1.08562,1.09014,1.08551,1.08906,13116.6
2025.03.11 10:00:00,1.08906,1.09191,1.08846,1.0917,13980.4
2025.03.11 11:00:00,1.09167,1.09207,1.08959,1.09082,10499.74
2025.03.11 12:00:00,1.09083,1.09083,1.08821,1.08905,9820.8
2025.03.11 13:00:00,1.08903,1.09047,1.0881,1.09044,6964.51
2025.03.11 14:00:00,1.09044,1.09203,1.0902,1.09178,11073.83
2025.03.11 15:00:00,1.09179,1.09306,1.09112,1.09197,14488.02
2025.03.11 16:00:00,1.09195,1.09202,1.08949,1.0919,18012.85
2025.03.11 17:00:00,1.0919,1.09285,1.09121,1.0927,12826.99
2025.03.11 18:00:00,1.09269,1.09295,1.09177,1.09249,8843.81
2025.03.11 19:00:00,1.0925,1.0935,1.09237,1.09341,6586.97
2025.03.11 20:00:00,1.09343,1.09471,1.09251,1.09306,11576.93
2025.03.11 21:00:00,1.09305,1.09338,1.09195,1.09196,7215.24
2025.03.11 22:00:00,1.09199,1.09207,1.09098,1.09181,3342.9
2025.03.11 23:00:00,1.09174,1.09209,1.09068,1.0911,2631.85
2025.03.12 00:00:00,1.0911,1.09185,1.09104,1.09155,1878.75
2025.03.12 01:00:00,1.09154,1.09173,1.09129,1.09136,1401.96
2025.03.12 02:00:00,1.09137,1.09157,1.09054,1.09088,4368.34
2025.03.12 03:00:00,1.09088,1.09151,1.09058,1.09062,6654.48
2025.03.12 04:00:00,1.09062,1.09114,1.09033,1.09035,7964.78
2025.03.12 05:00:00,1.09035,1.09046,1.08959,1.0897,4994.19
2025.03.12 06:00:00,1.0897,1.09025,1.08957,1.08988,5119.05
2025.03.12 07:00:00,1.08987,1.09041,1.08949,1.09034,5430.5
2025.03.12 08:00:00,1.09033,1.09086,1.08917,1.08921,7339.73
2025.03.12 09:00:00,1.08919,1.0903,1.08872,1.09013,11290.33
2025.03.12 10:00:00,1.09012,1.09216,1.08975,1.09212,13795.8
2025.03.12 11:00:00,1.09214,1.09263,1.09132,1.09142,10773.57
2025.03.12 12:00:00,1.09142,1.09208,1.09044,1.0906,8809.78
2025.03.12 13:00:00,1.0906,1.09128,1.08992,1.09007,9828.28
2025.03.12 14:00:00,1.09007,1.09314,1.08761,1.0878,21718.74
2025.03.12 15:00:00,1.0878,1.08962,1.08755,1.08819,17732.83
2025.03.12 16:00:00,1.08819,1.09134,1.08809,1.09128,12981.9
2025.03.12 17:00:00,1.09127,1.09241,1.09098,1.09241,13106.34
2025.03.12 18:00:00,1.09242,1.09277,1.09055,1.09055,11699.9
2025.03.12 19:00:00,1.09055,1.0914,1.09031,1.09066,8875.59
2025.03.12 20:00:00,1.09067,1.09094,1.08795,1.08844,5963.42
2025.03.12 21:00:00,1.08846,1.08975,1.08829,1.089,5884.34
2025.03.12 22:00:00,1.08901,1.08934,1.0886,1.08874,3493.45
2025.03.12 23:00:00,1.08868,1.08899,1.08853,1.08859,889.15
2025.03.13 00:00:00,1.08858,1.08897,1.08846,1.08889,940.46
2025.03.13 01:00:00,1.08889,1.08897,1.08831,1.08852,1864.48
2025.03.13 02:00:00,1.08852,1.08916,1.08823,1.08913,3733.43
2025.03.13 03:00:00,1.08914,1.08929,1.08862,1.08889,6688.35
2025.03.13 04:00:00,1.08888,1.0897,1.08886,1.08951,5574.54
2025.03.13 05:00:00,1.08953,1.08955,1.08848,1.08849,4034.36
2025.03.13 06:00:00,1.08848,1.08933,1.08816,1.08933,4562.04
2025.03.13 07:00:00,1.08933,1.08933,1.0879,1.0885,4872.23
2025.03.13 08:00:00,1.08851,1.08854,1.08694,1.08745,7150.71
2025.03.13 09:00:00,1.08743,1.0885,1.08596,1.08652,11303.78
2025.03.13 10:00:00,1.08654,1.08837,1.08591,1.08731,14275.24
2025.03.13 11:00:00,1.08731,1.08852,1.08685,1.08792,8475.06
2025.03.13 12:00:00,1.08793,1.08827,1.08621,1.08698,7883.56
2025.03.13 13:00:00,1.087,1.08749,1.08451,1.0856,11224.75
2025.03.13 14:00:00,1.08559,1.08773,1.08259,1.08344,17101.82
2025.03.13 15:00:00,1.08346,1.0853,1.08222,1.08473,11316.42
2025.03.13 16:00:00,1.08471,1.08696,1.08459,1.08649,11618.56
2025.03.13 17:00:00,1.08649,1.08714,1.08539,1.08585,13224.74
2025.03.13 18:00:00,1.08584,1.08781,1.0855,1.08724,10050.01
2025.03.13 19:00:00,1.08724,1.08733,1.08542,1.08545,8664.15
2025.03.13 20:00:00,1.08545,1.08578,1.08518,1.08536,5844.56
2025.03.13 21:00:00,1.08536,1.08567,1.08475,1.08482,5032.15
2025.03.13 22:00:00,1.08482,1.08556,1.08462,1.08507,3062.77
2025.03.13 23:00:00,1.08506,1.08548,1.0844,1.08514,1849.77
2025.03.14 00:00:00,1.08514,1.08552,1.08508,1.08521,1403.1
2025.03.14 01:00:00,1.08522,1.0855,1.08499,1.08548,1336.63
2025.03.14 02:00:00,1.08543,1.08583,1.08482,1.08489,3333.03
2025.03.14 03:00:00,1.08489,1.08493,1.08403,1.08407,7914.84
2025.03.14 04:00:00,1.08407,1.08428,1.08341,1.08401,6818.33
2025.03.14 05:00:00,1.08402,1.08456,1.08374,1.08454,6511.49
2025.03.14 06:00:00,1.08452,1.08461,1.08374,1.08407,6322.81
2025.03.14 07:00:00,1.08408,1.08513,1.08406,1.08506,6793.93
2025.03.14 08:00:00,1.08506,1.08506,1.08348,1.0838,8058.29
2025.03.14 09:00:00,1.0838,1.0847,1.08304,1.08388,8903.15
2025.03.14 10:00:00,1.0839,1.08567,1.08351,1.08537,9066.91
2025.03.14 11:00:00,1.08537,1.0862,1.08468,1.0852,6677.88
2025.03.14 12:00:00,1.08519,1.09125,1.08514,1.08948,16574.75
2025.03.14 13:00:00,1.08947,1.09092,1.08872,1.08964,13631.96
2025.03.14 14:00:00,1.08963,1.09112,1.08898,1.08945,9772.79
2025.03.14 15:00:00,1.08948,1.08979,1.08699,1.08737,10649.97
2025.03.14 16:00:00,1.08736,1.08863,1.08652,1.08776,12037.86
2025.03.14 17:00:00,1.08776,1.08865,1.08666,1.08715,10032.95
2025.03.14 18:00:00,1.08716,1.08898,1.08703,1.08829,6510.89
2025.03.14 19:00:00,1.0883,1.08878,1.08789,1.08819,4264.25
2025.03.14 20:00:00,1.08821,1.08862,1.08732,1.08803,4317.74
2025.03.14 21:00:00,1.08801,1.08844,1.08781,1.08829,3267.1
2025.03.14 22:00:00,1.08828,1.08855,1.08742,1.08765,2882.8
2025.03.16 23:00:00,1.08766,1.08809,1.08759,1.08801,384.27
2025.03.17 00:00:00,1.08809,1.0885,1.08744,1.08812,3220.44
2025.03.17 01:00:00,1.08812,1.08849,1.0879,1.08792,2953.7
2025.03.17 02:00:00,1.08794,1.08826,1.08754,1.08793,3535.17
2025.03.17 03:00:00,1.08793,1.08901,1.08741,1.08824,4010.91
2025.03.17 04:00:00,1.08824,1.08855,1.08793,1.08811,3263.3
2025.03.17 05:00:00,1.08813,1.08861,1.08766,1.08833,3869.59
2025.03.17 06:00:00,1.08831,1.08936,1.08775,1.08818,3751
2025.03.17 07:00:00,1.0882,1.08821,1.08737,1.08775,3276.09
2025.03.17 08:00:00,1.08775,1.08841,1.08732,1.08776,4123.26
2025.03.17 09:00:00,1.08775,1.08842,1.08685,1.0876,8919.27
2025.03.17 10:00:00,1.08762,1.08867,1.08703,1.08835,20052.3
2025.03.17 11:00:00,1.08838,1.09003,1.08769,1.08996,9388.71
2025.03.17 12:00:00,1.08998,1.09096,1.08963,1.09075,6595.46
2025.03.17 13:00:00,1.09077,1.09119,1.0896,1.09019,5849.72
2025.03.17 14:00:00,1.09019,1.09087,1.0887,1.09016,11078.05
2025.03.17 15:00:00,1.09017,1.09063,1.08968,1.09047,8230.09
2025.03.17 16:00:00,1.09048,1.09184,1.09019,1.09158,9179
2025.03.17 17:00:00,1.09159,1.09297,1.09156,1.09214,8256.83
2025.03.17 18:00:00,1.09214,1.09259,1.09143,1.0921,5945.67
2025.03.17 19:00:00,1.09209,1.09237,1.09114,1.09139,4445.08
2025.03.17 20:00:00,1.09138,1.09264,1.09125,1.09254,3811.93
2025.03.17 21:00:00,1.09254,1.09254,1.09183,1.09204,2320.11
2025.03.17 22:00:00,1.09208,1.09276,1.09202,1.09213,2249.91
2025.03.17 23:00:00,1.0921,1.0922,1.09125,1.09212,1302.91
2025.03.18 00:00:00,1.09211,1.09226,1.09188,1.09209,1157.51
2025.03.18 01:00:00,1.09209,1.09216,1.09179,1.0918,751.42
2025.03.18 02:00:00,1.0918,1.09209,1.09147,1.09158,4051.99
2025.03.18 03:00:00,1.09157,1.09189,1.0912,1.09131,5368.37
2025.03.18 04:00:00,1.09131,1.0916,1.09078,1.09084,7098.87
2025.03.18 05:00:00,1.09085,1.09109,1.09062,1.09081,2750.71
2025.03.18 06:00:00,1.09082,1.09115,1.09078,1.09108,3222.51
2025.03.18 07:00:00,1.09106,1.09132,1.0907,1.09075,2980.8
2025.03.18 08:00:00,1.09076,1.09212,1.09033,1.09205,6230.31
2025.03.18 09:00:00,1.09206,1.09366,1.09161,1.09349,9793.17
2025.03.18 10:00:00,1.09351,1.09545,1.09327,1.09512,10222.21
2025.03.18 11:00:00,1.09515,1.0953,1.09393,1.09497,8558.12
2025.03.18 12:00:00,1.09498,1.09518,1.09316,1.09339,10110.58
2025.03.18 13:00:00,1.09343,1.0937,1.0914,1.09162,9919.01
2025.03.18 14:00:00,1.09162,1.09236,1.08924,1.09113,11510.6
2025.03.18 15:00:00,1.09114,1.09208,1.09013,1.09123,11992.75
2025.03.18 16:00:00,1.09124,1.09194,1.09068,1.09166,18883.42
2025.03.18 17:00:00,1.09171,1.09341,1.08964,1.09264,13764.9
2025.03.18 18:00:00,1.09264,1.09398,1.09234,1.09385,8987.72
2025.03.18 19:00:00,1.09385,1.09517,1.09385,1.09497,7580.24
2025.03.18 20:00:00,1.09499,1.09511,1.09404,1.0944,6002.87
2025.03.18 21:00:00,1.09439,1.09494,1.09415,1.09461,3959.1
2025.03.18 22:00:00,1.09461,1.09485,1.09426,1.09449,3178.14
2025.03.18 23:00:00,1.09434,1.09465,1.09395,1.0944,1087.3602
2025.03.19 00:00:00,1.09437,1.09458,1.09401,1.09415,1604.65
2025.03.19 01:00:00,1.09417,1.09434,1.09375,1.09385,752.85
2025.03.19 02:00:00,1.09386,1.09388,1.09316,1.09346,2842.79
2025.03.19 03:00:00,1.09346,1.09372,1.09333,1.09368,2321.96
2025.03.19 04:00:00,1.0937,1.09449,1.09354,1.09408,2623.28
2025.03.19 05:00:00,1.09411,1.09436,1.09326,1.09381,2302.81
2025.03.19 06:00:00,1.09378,1.09378,1.09279,1.09298,2517.52
2025.03.19 07:00:00,1.09296,1.0936,1.09295,1.09311,2362.49
2025.03.19 08:00:00,1.09312,1.09324,1.09203,1.09206,5584.59
2025.03.19 09:00:00,1.09206,1.0923,1.08731,1.08924,16775.65
2025.03.19 10:00:00,1.08928,1.09105,1.08921,1.0907,13431.63
2025.03.19 11:00:00,1.0907,1.09101,1.08954,1.09021,10463.26
2025.03.19 12:00:00,1.09021,1.0904,1.08912,1.08997,7721.18
2025.03.19 13:00:00,1.08997,1.09129,1.08935,1.09082,6253.31
2025.03.19 14:00:00,1.09085,1.09174,1.0899,1.09009,13216.96
2025.03.19 15:00:00,1.09012,1.09036,1.08925,1.08943,10537.39
2025.03.19 16:00:00,1.08942,1.09004,1.08817,1.08838,7015.66
2025.03.19 17:00:00,1.08837,1.08877,1.08753,1.08766,9712.33
2025.03.19 18:00:00,1.08769,1.08861,1.08758,1.0885,9698.42
2025.03.19 19:00:00,1.08848,1.08852,1.08603,1.08691,7406.09
2025.03.19 20:00:00,1.08692,1.0913,1.08632,1.09077,18618.04
2025.03.19 21:00:00,1.09073,1.09127,1.08848,1.08986,10508.68
2025.03.19 22:00:00,1.08986,1.09059,1.08955,1.09009,6706.07
2025.03.19 23:00:00,1.09004,1.0905,1.09001,1.0904,1514.25
2025.03.20 00:00:00,1.09041,1.09129,1.09032,1.09083,1465.54
2025.03.20 01:00:00,1.09083,1.09118,1.09048,1.09115,1259.59
2025.03.20 02:00:00,1.09116,1.09163,1.09035,1.09122,4459.95
2025.03.20 03:00:00,1.0912,1.09129,1.09034,1.09057,3872.43
2025.03.20 04:00:00,1.09055,1.09171,1.09053,1.0909,4789.1
2025.03.20 05:00:00,1.09089,1.0914,1.09069,1.09096,3660.98
2025.03.20 06:00:00,1.09095,1.09104,1.09003,1.09031,4054.69
2025.03.20 07:00:00,1.09032,1.09032,1.08906,1.08953,2724.45
2025.03.20 08:00:00,1.08953,1.08988,1.08895,1.08933,5683
2025.03.20 09:00:00,1.08932,1.08941,1.08647,1.08791,9760.7
2025.03.20 10:00:00,1.08795,1.08857,1.08629,1.08652,11034.74
2025.03.20 11:00:00,1.08651,1.08684,1.08381,1.08519,13631.05
2025.03.20 12:00:00,1.08524,1.08545,1.08332,1.08456,18614.64
2025.03.20 13:00:00,1.08455,1.08517,1.08392,1.08493,5548.32
2025.03.20 14:00:00,1.08494,1.08559,1.08307,1.08336,10249.42
2025.03.20 15:00:00,1.08335,1.0839,1.08145,1.08251,11712.27
2025.03.20 16:00:00,1.0825,1.08385,1.08224,1.08292,10702.49
2025.03.20 17:00:00,1.08292,1.08492,1.08231,1.08472,14014.03
2025.03.20 18:00:00,1.0847,1.0852,1.0842,1.08486,7025.68
2025.03.20 19:00:00,1.08483,1.08517,1.08389,1.08444,5755.85
2025.03.20 20:00:00,1.08444,1.08495,1.08417,1.08483,4775.14
2025.03.20 21:00:00,1.08481,1.08541,1.0847,1.08529,3464.93
2025.03.20 22:00:00,1.08529,1.08589,1.08493,1.08501,2119.42
2025.03.20 23:00:00,1.08494,1.08546,1.084,1.08539,1551.69
2025.03.21 00:00:00,1.08545,1.08585,1.08529,1.08568,2499.17
2025.03.21 01:00:00,1.08569,1.08574,1.08531,1.08532,1055.72
2025.03.21 02:00:00,1.08535,1.08586,1.08504,1.08529,5066.79
2025.03.21 03:00:00,1.08529,1.08555,1.08483,1.08522,5434.47
2025.03.21 04:00:00,1.08525,1.08549,1.08422,1.08441,6185.19
2025.03.21 05:00:00,1.08441,1.08462,1.08331,1.08345,10920.21
2025.03.21 06:00:00,1.08345,1.08364,1.08274,1.08301,6329.81
2025.03.21 07:00:00,1.083,1.08301,1.08197,1.08284,4665.58
2025.03.21 08:00:00,1.08284,1.08373,1.0824,1.0834,4897.28
2025.03.21 09:00:00,1.08338,1.08416,1.0827,1.08386,7522.18
2025.03.21 10:00:00,1.08386,1.08453,1.08239,1.08358,9427.01
2025.03.21 11:00:00,1.08357,1.08387,1.08246,1.08255,6184.61
2025.03.21 12:00:00,1.08258,1.08387,1.08257,1.08368,7057.23
2025.03.21 13:00:00,1.08367,1.08512,1.0835,1.08506,6038.7
2025.03.21 14:00:00,1.08505,1.08611,1.08295,1.08321,15241.21
2025.03.21 15:00:00,1.08319,1.08359,1.0825,1.08319,8907.2
2025.03.21 16:00:00,1.0832,1.08355,1.08186,1.08235,9648.86
2025.03.21 17:00:00,1.08237,1.0829,1.0797,1.08062,12867.36
2025.03.21 18:00:00,1.0806,1.08249,1.08042,1.08179,10148.34
2025.03.21 19:00:00,1.0818,1.08254,1.0805,1.08224,6688.67
2025.03.21 20:00:00,1.08225,1.08266,1.08146,1.08207,4834.2
2025.03.21 21:00:00,1.08209,1.08242,1.08151,1.08175,4339.37
2025.03.21 22:00:00,1.08174,1.08174,1.08115,1.08121,2906.13
2025.03.23 23:00:00,1.0813,1.08173,1.08115,1.0817,167.4
2025.03.24 00:00:00,1.08167,1.08296,1.0816,1.08195,3421.08
2025.03.24 01:00:00,1.08197,1.08367,1.08186,1.08358,2094.71
2025.03.24 02:00:00,1.08358,1.08398,1.08324,1.0837,6042.55
2025.03.24 03:00:00,1.0837,1.08374,1.08226,1.08259,8222.06
2025.03.24 04:00:00,1.0826,1.08319,1.08243,1.08248,4743.3
2025.03.24 05:00:00,1.08248,1.08292,1.08199,1.08202,5463.05
2025.03.24 06:00:00,1.08201,1.08242,1.08169,1.08227,3657.63
2025.03.24 07:00:00,1.08225,1.08307,1.0818,1.08289,4364.42
2025.03.24 08:00:00,1.0829,1.08444,1.08279,1.08396,5800.45
2025.03.24 09:00:00,1.08394,1.08499,1.08329,1.08379,7891.95
2025.03.24 10:00:00,1.08381,1.08579,1.08371,1.08427,11161.41
2025.03.24 11:00:00,1.08432,1.0845,1.08283,1.0839,8933.38
2025.03.24 12:00:00,1.08394,1.08547,1.08364,1.08478,7945.83
2025.03.24 13:00:00,1.08478,1.08492,1.08321,1.08323,6222.65
2025.03.24 14:00:00,1.08323,1.08344,1.08215,1.08296,8768.21
2025.03.24 15:00:00,1.08297,1.08303,1.07923,1.07933,10153.77
2025.03.24 16:00:00,1.07931,1.08201,1.07903,1.07991,16432.22
2025.03.24 17:00:00,1.07994,1.08051,1.07904,1.07936,12387.43
2025.03.24 18:00:00,1.07939,1.08069,1.07813,1.07917,10482.78
2025.03.24 19:00:00,1.07919,1.07962,1.07845,1.07874,5633.73
2025.03.24 20:00:00,1.07875,1.0813,1.07838,1.08048,6251.94
2025.03.24 21:00:00,1.08053,1.0807,1.0797,1.08021,2744.42
2025.03.24 22:00:00,1.0802,1.0806,1.07995,1.08004,2238.38
2025.03.24 23:00:00,1.08003,1.08014,1.07952,1.07995,2466.43
2025.03.25 00:00:00,1.07994,1.08024,1.07946,1.08021,1251.93
2025.03.25 01:00:00,1.08022,1.08033,1.08004,1.08022,1081.93
2025.03.25 02:00:00,1.08022,1.08025,1.07959,1.08001,2368.25
2025.03.25 03:00:00,1.08,1.08084,1.07998,1.08022,2991.64
2025.03.25 04:00:00,1.08021,1.08049,1.0794,1.07964,2899.52
2025.03.25 05:00:00,1.07964,1.08034,1.07957,1.08029,2883.88
2025.03.25 06:00:00,1.08031,1.08087,1.08025,1.08032,2653.81
2025.03.25 07:00:00,1.08031,1.0807,1.08009,1.08028,2215.82
2025.03.25 08:00:00,1.08029,1.08044,1.07927,1.07943,4670.92
2025.03.25 09:00:00,1.07944,1.08018,1.07849,1.07871,10453.61
2025.03.25 10:00:00,1.07873,1.07922,1.07767,1.07901,10732.9
2025.03.25 11:00:00,1.079,1.08039,1.07873,1.08005,8788.99
2025.03.25 12:00:00,1.08004,1.08243,1.07997,1.08199,19467.92
2025.03.25 13:00:00,1.08199,1.08275,1.08107,1.08176,11789.45
2025.03.25 14:00:00,1.08178,1.083,1.08156,1.08249,8632.43
2025.03.25 15:00:00,1.08248,1.08275,1.08136,1.08167,13875.31
2025.03.25 16:00:00,1.08167,1.08216,1.08017,1.08124,19024.57
2025.03.25 17:00:00,1.08125,1.08194,1.0797,1.0803,13566.34
2025.03.25 18:00:00,1.0803,1.0813,1.08018,1.08064,23734.19
2025.03.25 19:00:00,1.08065,1.08167,1.08058,1.08096,5404.13
2025.03.25 20:00:00,1.08093,1.08093,1.07969,1.07983,3173.49
2025.03.25 21:00:00,1.07985,1.08017,1.07906,1.07952,4490.32
2025.03.25 22:00:00,1.07951,1.07956,1.07898,1.07905,1845.84
2025.03.25 23:00:00,1.07905,1.07939,1.07885,1.07908,855.37
2025.03.26 00:00:00,1.0791,1.0794,1.07878,1.07883,2155.92
2025.03.26 01:00:00,1.07884,1.07889,1.07852,1.07888,935.14
2025.03.26 02:00:00,1.07889,1.07922,1.07835,1.07841,2790.02
2025.03.26 03:00:00,1.0784,1.07952,1.07777,1.07934,4896.79
2025.03.26 04:00:00,1.07934,1.0797,1.07902,1.07951,2424.25
2025.03.26 05:00:00,1.0795,1.0796,1.07837,1.07857,2334.45
2025.03.26 06:00:00,1.07858,1.07878,1.07809,1.07841,1891.78
2025.03.26 07:00:00,1.07839,1.07868,1.07777,1.0785,3455.15
2025.03.26 08:00:00,1.0785,1.07881,1.07821,1.07868,3930.83
2025.03.26 09:00:00,1.07868,1.07913,1.07811,1.0786,7015.51
2025.03.26 10:00:00,1.07859,1.07996,1.07851,1.0799,8468.07
2025.03.26 11:00:00,1.0799,1.08025,1.07928,1.07958,5727.86
2025.03.26 12:00:00,1.07957,1.08014,1.07865,1.07916,4875.51
2025.03.26 13:00:00,1.07915,1.07976,1.07886,1.07922,4889.83
2025.03.26 14:00:00,1.07922,1.07935,1.07817,1.07841,8344.59
2025.03.26 15:00:00,1.07843,1.07906,1.07675,1.07747,11987.56
2025.03.26 16:00:00,1.07745,1.07951,1.07729,1.07906,10819.57
2025.03.26 17:00:00,1.07905,1.07943,1.07673,1.07807,10692.35
2025.03.26 18:00:00,1.07807,1.07915,1.07767,1.07874,9996.24
2025.03.26 19:00:00,1.07875,1.07891,1.07516,1.07565,14202.9
2025.03.26 20:00:00,1.07563,1.07614,1.0753,1.07551,5834.5
2025.03.26 21:00:00,1.07552,1.07558,1.07437,1.07512,4627.67
2025.03.26 22:00:00,1.07512,1.07565,1.07503,1.07528,3130.97
2025.03.26 23:00:00,1.07524,1.07556,1.07344,1.07362,2805.16
2025.03.27 00:00:00,1.07363,1.07444,1.07328,1.0737,5022.12
2025.03.27 01:00:00,1.07368,1.07443,1.07354,1.07409,2002.98
2025.03.27 02:00:00,1.07411,1.07574,1.07407,1.07554,4032.99
2025.03.27 03:00:00,1.07555,1.07688,1.0755,1.07649,4564.65
2025.03.27 04:00:00,1.07649,1.07798,1.07649,1.07758,4209.4
2025.03.27 05:00:00,1.07758,1.07797,1.07727,1.0778,2381.54
2025.03.27 06:00:00,1.07782,1.07869,1.07769,1.07803,2611.3
2025.03.27 07:00:00,1.07802,1.07811,1.07636,1.07691,3494.3
2025.03.27 08:00:00,1.0769,1.07824,1.0768,1.07729,5414.72
2025.03.27 09:00:00,1.07729,1.07743,1.0754,1.07644,10581.96
2025.03.27 10:00:00,1.07646,1.07766,1.07554,1.07758,12036.52
2025.03.27 11:00:00,1.07756,1.0779,1.0761,1.07707,7204.84
2025.03.27 12:00:00,1.07706,1.07816,1.07665,1.07816,7309.98
2025.03.27 13:00:00,1.07815,1.07995,1.07786,1.07868,7090.47
2025.03.27 14:00:00,1.07868,1.07981,1.0783,1.07868,7463.95
2025.03.27 15:00:00,1.0787,1.07971,1.07762,1.07797,8797.01
2025.03.27 16:00:00,1.078,1.07945,1.07771,1.07891,9094.52
2025.03.27 17:00:00,1.07892,1.0821,1.07853,1.07995,12405.79
2025.03.27 18:00:00,1.07995,1.07998,1.07914,1.07989,8494.76
2025.03.27 19:00:00,1.07989,1.08085,1.07893,1.07895,5590.22
2025.03.27 20:00:00,1.07896,1.07981,1.07889,1.07908,3371.78
2025.03.27 21:00:00,1.07907,1.07996,1.07881,1.07947,2899.53
2025.03.27 22:00:00,1.07945,1.0802,1.07936,1.08007,1399.17
2025.03.27 23:00:00,1.08004,1.08004,1.07941,1.07969,1648.87
2025.03.28 00:00:00,1.07971,1.07987,1.07951,1.07963,1208.23
2025.03.28 01:00:00,1.07963,1.08012,1.0796,1.08006,957.19
2025.03.28 02:00:00,1.08005,1.08005,1.07879,1.07948,3829.58
2025.03.28 03:00:00,1.07949,1.07987,1.07913,1.07934,3665.54
2025.03.28 04:00:00,1.07936,1.07967,1.07901,1.07944,3003.68
2025.03.28 05:00:00,1.07944,1.07967,1.07907,1.07917,2063.47
2025.03.28 06:00:00,1.07917,1.07928,1.07845,1.07884,2824.69
2025.03.28 07:00:00,1.07884,1.07931,1.07861,1.07907,3014.22
2025.03.28 08:00:00,1.07906,1.0792,1.07824,1.07848,3001.98
2025.03.28 09:00:00,1.07848,1.07998,1.07815,1.0787,6526.07
2025.03.28 10:00:00,1.07867,1.07964,1.07751,1.07782,8263.81
2025.03.28 11:00:00,1.07782,1.07804,1.07687,1.07734,7445.81
2025.03.28 12:00:00,1.07735,1.07784,1.07674,1.07685,6668.43
2025.03.28 13:00:00,1.07686,1.07747,1.07644,1.07716,4792.6
2025.03.28 14:00:00,1.07717,1.07918,1.07651,1.07888,8379.1
2025.03.28 15:00:00,1.07887,1.08168,1.07847,1.08103,12748.46
2025.03.28 16:00:00,1.08103,1.08314,1.0809,1.08229,10655.36
2025.03.28 17:00:00,1.08229,1.08447,1.08189,1.08248,11618.05
2025.03.28 18:00:00,1.08249,1.0833,1.08199,1.08215,6994.44
2025.03.28 19:00:00,1.08215,1.08286,1.0812,1.08195,5778.49
2025.03.28 20:00:00,1.08193,1.08277,1.08135,1.08243,4601.02
2025.03.28 21:00:00,1.08244,1.08285,1.08229,1.08255,3890.4
2025.03.28 22:00:00,1.08254,1.08359,1.08237,1.08237,3431.22
2025.03.31 00:00:00,1.08228,1.0828,1.08139,1.0815,511.79
2025.03.31 01:00:00,1.08149,1.08221,1.08049,1.08205,5655.2
2025.03.31 02:00:00,1.08206,1.0829,1.08106,1.08234,5621.93
2025.03.31 03:00:00,1.08235,1.08415,1.0823,1.08415,5509.84
2025.03.31 04:00:00,1.08415,1.08454,1.0831,1.08324,7229.14
2025.03.31 05:00:00,1.08323,1.08458,1.08288,1.08404,4164.03
2025.03.31 06:00:00,1.08404,1.08414,1.08323,1.08327,4540.66
2025.03.31 07:00:00,1.08328,1.08358,1.0831,1.08341,3734.49
2025.03.31 08:00:00,1.08341,1.08427,1.08311,1.08342,4688.71
2025.03.31 09:00:00,1.08342,1.08447,1.08247,1.08371,10282.43
2025.03.31 10:00:00,1.08371,1.08492,1.08206,1.08313,12868.55
2025.03.31 11:00:00,1.08313,1.0834,1.08115,1.08273,9810.57
2025.03.31 12:00:00,1.08272,1.08303,1.08145,1.0816,6416.93
2025.03.31 13:00:00,1.08159,1.08208,1.08054,1.08182,8493.72
2025.03.31 14:00:00,1.08183,1.08291,1.0815,1.0819,8498.6
2025.03.31 15:00:00,1.08192,1.08208,1.08008,1.08034,8510.6
2025.03.31 16:00:00,1.08035,1.08212,1.08026,1.08078,10607.09
2025.03.31 17:00:00,1.08077,1.08085,1.07838,1.0802,14733.63
2025.03.31 18:00:00,1.08018,1.08163,1.07904,1.0794,15226.98
2025.03.31 19:00:00,1.07943,1.08158,1.07852,1.08117,8536.76
2025.03.31 20:00:00,1.08116,1.08174,1.08077,1.08146,4927.4
2025.03.31 21:00:00,1.08146,1.08177,1.08069,1.08145,4429.78
2025.03.31 22:00:00,1.08146,1.08197,1.08116,1.0814,4375.81
2025.03.31 23:00:00,1.08141,1.08186,1.08093,1.08151,3156.99
2025.04.01 00:00:00,1.08139,1.08191,1.08129,1.08184,1137.19
2025.04.01 01:00:00,1.0819,1.08193,1.08158,1.08179,1830.64
2025.04.01 02:00:00,1.08179,1.08195,1.08137,1.08173,1056.97
2025.04.01 03:00:00,1.08174,1.08264,1.08173,1.08253,3649.84
2025.04.01 04:00:00,1.08252,1.08267,1.08168,1.08204,4222.92
2025.04.01 05:00:00,1.08204,1.08281,1.08198,1.08239,3723.28
2025.04.01 06:00:00,1.0824,1.08278,1.08212,1.08265,2084.95
2025.04.01 07:00:00,1.08266,1.08299,1.08247,1.08249,1976.77
2025.04.01 08:00:00,1.0825,1.08251,1.08064,1.08069,4526.29
2025.04.01 09:00:00,1.0807,1.08104,1.07986,1.0808,6319.91
2025.04.01 10:00:00,1.08079,1.08123,1.07991,1.08016,9316.77
2025.04.01 11:00:00,1.08013,1.08178,1.08003,1.08176,7142.71
2025.04.01 12:00:00,1.08174,1.08291,1.08145,1.08172,6819.08
2025.04.01 13:00:00,1.08171,1.08184,1.079,1.0798,10192.63
2025.04.01 14:00:00,1.07979,1.07983,1.07782,1.0781,9226.03
2025.04.01 15:00:00,1.07811,1.07951,1.07809,1.07869,7863.03
2025.04.01 16:00:00,1.0787,1.07953,1.07791,1.07869,9501.27
2025.04.01 17:00:00,1.07861,1.08122,1.07836,1.08073,14376.57
2025.04.01 18:00:00,1.08074,1.08122,1.07984,1.07991,11207.07
2025.04.01 19:00:00,1.07991,1.0803,1.07924,1.07994,7441.05
2025.04.01 20:00:00,1.07997,1.08046,1.0791,1.07928,3303.99
2025.04.01 21:00:00,1.07928,1.07946,1.07851,1.07869,4111.29
2025.04.01 22:00:00,1.07871,1.07907,1.07853,1.07896,3355.57
2025.04.01 23:00:00,1.07895,1.08017,1.07884,1.07929,3411.7
2025.04.02 00:00:00,1.07911,1.07944,1.0785,1.07932,1209.42
2025.04.02 01:00:00,1.07931,1.08079,1.0792,1.07986,3573.99
2025.04.02 02:00:00,1.07988,1.07994,1.0794,1.0794,1687.45
2025.04.02 03:00:00,1.07947,1.0795,1.07887,1.07902,3103.47
2025.04.02 04:00:00,1.07903,1.07948,1.07869,1.07946,3262.81
2025.04.02 05:00:00,1.07946,1.08017,1.0794,1.07942,2613.37
2025.04.02 06:00:00,1.07944,1.07997,1.07935,1.07955,2096.22
2025.04.02 07:00:00,1.07955,1.07972,1.07923,1.07925,1524.12
2025.04.02 08:00:00,1.07926,1.07926,1.0786,1.07894,2980.3
2025.04.02 09:00:00,1.07895,1.07961,1.07874,1.07925,5799.31
2025.04.02 10:00:00,1.07925,1.07946,1.078,1.07915,6790.48
2025.04.02 11:00:00,1.07915,1.08017,1.07903,1.07974,6156.21
2025.04.02 12:00:00,1.07974,1.08081,1.07957,1.08058,5989.88
2025.04.02 13:00:00,1.0806,1.08065,1.07857,1.07946,7713.12
2025.04.02 14:00:00,1.07946,1.08061,1.07909,1.08022,6608.26
2025.04.02 15:00:00,1.08023,1.08195,1.07961,1.0819,7816.78
2025.04.02 16:00:00,1.08189,1.08291,1.08147,1.08262,9546.52
2025.04.02 17:00:00,1.08264,1.08614,1.08187,1.08582,14409.41
2025.04.02 18:00:00,1.08583,1.0873,1.08508,1.08673,12211.5
2025.04.02 19:00:00,1.08673,1.08675,1.08468,1.08519,9366.53
2025.04.02 20:00:00,1.08519,1.08594,1.08498,1.08515,5294.68
2025.04.02 21:00:00,1.08515,1.0859,1.08478,1.08538,4932.75
2025.04.02 22:00:00,1.08538,1.08559,1.08467,1.08496,4498.18
2025.04.02 23:00:00,1.08496,1.09242,1.08106,1.0849,21438.99
2025.04.03 00:00:00,1.08382,1.08549,1.08105,1.08262,4953.45
2025.04.03 01:00:00,1.08272,1.08391,1.08047,1.08384,10946.19
2025.04.03 02:00:00,1.08386,1.09108,1.08373,1.09041,13613.88
2025.04.03 03:00:00,1.09038,1.09072,1.08795,1.08905,13642.27
2025.04.03 04:00:00,1.08906,1.0923,1.08863,1.09128,12909.49
2025.04.03 05:00:00,1.09127,1.09244,1.09088,1.09122,10274.35
2025.04.03 06:00:00,1.09122,1.09209,1.09074,1.09147,6959.28
2025.04.03 07:00:00,1.09148,1.09162,1.09053,1.09066,5468.72
2025.04.03 08:00:00,1.09065,1.09517,1.09063,1.09441,9265.55
2025.04.03 09:00:00,1.09443,1.09898,1.09346,1.09892,17780.07
2025.04.03 10:00:00,1.09895,1.099,1.09426,1.09705,17575.24
2025.04.03 11:00:00,1.09704,1.10203,1.09702,1.1009,13277.61
2025.04.03 12:00:00,1.10094,1.1047,1.10035,1.10305,15681.8
2025.04.03 13:00:00,1.10307,1.11462,1.10277,1.10524,29532.96
2025.04.03 14:00:00,1.10526,1.1101,1.10386,1.10875,15953.72
2025.04.03 15:00:00,1.10876,1.11093,1.10727,1.10816,19471.87
2025.04.03 16:00:00,1.10818,1.11349,1.10701,1.1081,23012.56
2025.04.03 17:00:00,1.1086,1.11275,1.10797,1.11182,19993.39
2025.04.03 18:00:00,1.11183,1.1119,1.10409,1.10504,17428.22
2025.04.03 19:00:00,1.10508,1.10556,1.10326,1.10384,13305.12
2025.04.03 20:00:00,1.10382,1.10393,1.10178,1.10243,10359.55
2025.04.03 21:00:00,1.10242,1.10405,1.10196,1.10372,6158.37
2025.04.03 22:00:00,1.1037,1.10372,1.10157,1.10273,6218.85
2025.04.03 23:00:00,1.10272,1.10527,1.10219,1.1051,3322.35
2025.04.04 00:00:00,1.1051,1.1051,1.10476,1.10504,1688.49
2025.04.04 01:00:00,1.10509,1.10714,1.10486,1.10639,4017.36
2025.04.04 02:00:00,1.10639,1.10645,1.10417,1.1045,4895.94
2025.04.04 03:00:00,1.10448,1.1064,1.10364,1.10605,6762.1
2025.04.04 04:00:00,1.10602,1.10731,1.1057,1.10676,7795.13
2025.04.04 05:00:00,1.10676,1.10794,1.10604,1.10631,8343.11
2025.04.04 06:00:00,1.10633,1.10984,1.10572,1.10933,10549.49
2025.04.04 07:00:00,1.10932,1.10981,1.10818,1.10871,9553.57
2025.04.04 08:00:00,1.10872,1.11076,1.10783,1.10838,11873.54
2025.04.04 09:00:00,1.10838,1.10861,1.10497,1.10505,11883.75
2025.04.04 10:00:00,1.10504,1.10669,1.09995,1.10039,17725.86
2025.04.04 11:00:00,1.10039,1.10095,1.09749,1.09961,19419.08
2025.04.04 12:00:00,1.09961,1.09973,1.09712,1.09842,16213.82
2025.04.04 13:00:00,1.09841,1.10498,1.09642,1.10305,33456.5
2025.04.04 14:00:00,1.10303,1.10797,1.10217,1.106,34346.84
2025.04.04 15:00:00,1.10603,1.10898,1.10075,1.10194,38050.06
2025.04.04 16:00:00,1.10194,1.10478,1.10051,1.10057,32225.66
2025.04.04 17:00:00,1.10056,1.10145,1.09599,1.09859,31366.02
2025.04.04 18:00:00,1.09861,1.10168,1.09663,1.10136,33823.24
2025.04.04 19:00:00,1.10136,1.10196,1.09616,1.0971,21459.02
2025.04.04 20:00:00,1.09715,1.09765,1.09242,1.09473,26179.48
2025.04.04 21:00:00,1.0947,1.0967,1.0939,1.09443,16100.12
2025.04.04 22:00:00,1.09442,1.09643,1.09272,1.0943,15281.65
2025.04.04 23:00:00,1.0943,1.0966,1.09322,1.09573,7767.83
2025.04.07 00:00:00,1.08894,1.09204,1.08792,1.09148,1067.96
2025.04.07 01:00:00,1.09155,1.09943,1.09154,1.09821,9918.93
2025.04.07 02:00:00,1.09822,1.10006,1.0981,1.09832,16788.22
2025.04.07 03:00:00,1.09833,1.09837,1.09457,1.09665,16634.59
2025.04.07 04:00:00,1.09665,1.09801,1.09541,1.09676,20278.95
2025.04.07 05:00:00,1.09678,1.09678,1.09198,1.09347,12175.44
2025.04.07 06:00:00,1.09348,1.09543,1.09297,1.09502,7642.8
2025.04.07 07:00:00,1.09501,1.09873,1.09479,1.09847,5735.32
2025.04.07 08:00:00,1.09847,1.10203,1.09777,1.1018,11927.46
2025.04.07 09:00:00,1.1018,1.10229,1.09934,1.10027,22862.02
2025.04.07 10:00:00,1.10026,1.10498,1.09977,1.10003,30845.19
2025.04.07 11:00:00,1.10008,1.10216,1.09675,1.09917,25726.09
2025.04.07 12:00:00,1.09916,1.09963,1.09498,1.09624,20975.98
2025.04.07 13:00:00,1.09624,1.09906,1.09574,1.09587,17322.28
2025.04.07 14:00:00,1.09587,1.09693,1.09349,1.09692,20229.02
2025.04.07 15:00:00,1.09693,1.09912,1.0939,1.09735,23679.74
2025.04.07 16:00:00,1.09737,1.09768,1.09372,1.09412,22571.56
2025.04.07 17:00:00,1.09412,1.09823,1.09167,1.09219,49586.76
2025.04.07 18:00:00,1.0922,1.09361,1.09007,1.09112,33219.43
2025.04.07 19:00:00,1.09112,1.09325,1.09039,1.09318,18785.33
2025.04.07 20:00:00,1.0932,1.09499,1.09291,1.09387,16291.57
2025.04.07 21:00:00,1.09387,1.09524,1.09233,1.09334,13840.42
2025.04.07 22:00:00,1.09334,1.09478,1.09135,1.09158,13264.18
2025.04.07 23:00:00,1.0916,1.09195,1.09014,1.09054,4956.24
2025.04.08 00:00:00,1.09017,1.09115,1.09013,1.09099,1255.5
2025.04.08 01:00:00,1.09099,1.09203,1.09077,1.09166,4250.02
2025.04.08 02:00:00,1.09164,1.09189,1.09074,1.09146,3035.17
2025.04.08 03:00:00,1.09147,1.09499,1.09146,1.09397,9397.72
2025.04.08 04:00:00,1.09397,1.09615,1.09375,1.09594,11994.07
2025.04.08 05:00:00,1.09595,1.09802,1.09594,1.09709,9042.13
2025.04.08 06:00:00,1.0971,1.09717,1.09607,1.09633,4667.11
2025.04.08 07:00:00,1.09632,1.09794,1.09619,1.09758,5041.58
2025.04.08 08:00:00,1.09756,1.09756,1.09538,1.09681,6071.11
2025.04.08 09:00:00,1.09679,1.09916,1.09611,1.09765,13063.91
2025.04.08 10:00:00,1.09769,1.09803,1.09211,1.09233,23665.92
2025.04.08 11:00:00,1.09233,1.09486,1.09226,1.09362,15179.69
2025.04.08 12:00:00,1.09362,1.0937,1.0911,1.09193,14103.54
2025.04.08 13:00:00,1.09193,1.09391,1.09133,1.09273,13682.09
2025.04.08 14:00:00,1.09271,1.09445,1.09245,1.09339,14908.54
2025.04.08 15:00:00,1.09342,1.09684,1.09341,1.09483,14360.46
2025.04.08 16:00:00,1.0948,1.09556,1.09267,1.09357,19032.08
2025.04.08 17:00:00,1.09355,1.09357,1.08886,1.09099,22195.32
2025.04.08 18:00:00,1.091,1.09194,1.08956,1.09113,16673.48
2025.04.08 19:00:00,1.09115,1.09323,1.08984,1.09294,15545.92
2025.04.08 20:00:00,1.09293,1.09485,1.09259,1.09335,19800.42
2025.04.08 21:00:00,1.09335,1.09693,1.09294,1.0952,15837.56
2025.04.08 22:00:00,1.09518,1.09778,1.09507,1.0954,13647.2
2025.04.08 23:00:00,1.09539,1.09627,1.09388,1.09534,5044
2025.04.09 00:00:00,1.09514,1.09571,1.09458,1.09564,1802.34
2025.04.09 01:00:00,1.09565,1.09774,1.09546,1.09677,6089.06
2025.04.09 02:00:00,1.09678,1.09849,1.09662,1.09773,7010.69
2025.04.09 03:00:00,1.09771,1.10166,1.09709,1.10147,15290.63
2025.04.09 04:00:00,1.10146,1.10397,1.10137,1.102,20413.46
2025.04.09 05:00:00,1.102,1.10285,1.10093,1.10196,16690.23
2025.04.09 06:00:00,1.10197,1.10355,1.10125,1.10193,13802.44
2025.04.09 07:00:00,1.10192,1.10689,1.10186,1.10683,23229.65
2025.04.09 08:00:00,1.10683,1.10683,1.10289,1.10614,20057.31
2025.04.09 09:00:00,1.10615,1.10897,1.10425,1.10734,31157.78
2025.04.09 10:00:00,1.10727,1.10795,1.10091,1.1015,31961.42
2025.04.09 11:00:00,1.1015,1.10348,1.09976,1.10271,26043.68
2025.04.09 12:00:00,1.10273,1.105,1.1009,1.10438,17096.18
2025.04.09 13:00:00,1.10438,1.10577,1.10252,1.1033,18298.51
2025.04.09 14:00:00,1.10329,1.10567,1.10213,1.1035,34113.47
2025.04.09 15:00:00,1.10351,1.10948,1.10343,1.10753,27064.87
2025.04.09 16:00:00,1.10753,1.10816,1.10326,1.10448,27784.98
2025.04.09 17:00:00,1.10447,1.10512,1.10258,1.10404,19741.62
2025.04.09 18:00:00,1.10404,1.10691,1.10365,1.10381,15923.29
2025.04.09 19:00:00,1.10386,1.10423,1.10132,1.102,10402.23
2025.04.09 20:00:00,1.10201,1.10632,1.09454,1.09762,45177.73
2025.04.09 21:00:00,1.09763,1.09829,1.09132,1.09636,28832.81
2025.04.09 22:00:00,1.09637,1.09765,1.09322,1.0934,21449.14
2025.04.09 23:00:00,1.09346,1.0962,1.09285,1.09451,10422.07
2025.04.10 00:00:00,1.09451,1.09539,1.09449,1.09503,1704.24
2025.04.10 01:00:00,1.09515,1.09626,1.09466,1.09599,7218.25
2025.04.10 02:00:00,1.09601,1.09607,1.09427,1.09507,5494.34
2025.04.10 03:00:00,1.09504,1.09863,1.09499,1.0986,12859.82
2025.04.10 04:00:00,1.09861,1.09875,1.09691,1.09716,10922.91
2025.04.10 05:00:00,1.09715,1.09789,1.09612,1.09715,8648.88
2025.04.10 06:00:00,1.09716,1.09891,1.09702,1.09814,7791.32
2025.04.10 07:00:00,1.09813,1.09847,1.09773,1.09826,6023.14
2025.04.10 08:00:00,1.09826,1.09954,1.09777,1.09856,6649.29
2025.04.10 09:00:00,1.09851,1.09885,1.09624,1.09829,14660.79
2025.04.10 10:00:00,1.0983,1.10306,1.09672,1.10261,22219.33
2025.04.10 11:00:00,1.10264,1.10477,1.10159,1.10373,18336.65
2025.04.10 12:00:00,1.10373,1.10596,1.10334,1.10591,13394.93
2025.04.10 13:00:00,1.1059,1.10808,1.10547,1.10796,13001.77
2025.04.10 14:00:00,1.10794,1.10883,1.10669,1.107,12943.08
2025.04.10 15:00:00,1.107,1.11314,1.10677,1.10969,20827.54
2025.04.10 16:00:00,1.10969,1.11342,1.10907,1.11267,17327.14
2025.04.10 17:00:00,1.11268,1.11863,1.11243,1.11852,19464.41
2025.04.10 18:00:00,1.11854,1.12287,1.11534,1.11901,26013.5
2025.04.10 19:00:00,1.11907,1.121,1.11772,1.11965,23294.34
2025.04.10 20:00:00,1.11964,1.12108,1.11741,1.12097,17970.8
2025.04.10 21:00:00,1.12098,1.12414,1.1201,1.12153,14972.72
2025.04.10 22:00:00,1.12153,1.12194,1.11584,1.12069,18490.92
2025.04.10 23:00:00,1.1205,1.1205,1.11809,1.11969,7843.78
2025.04.11 00:00:00,1.11976,1.11995,1.11888,1.11888,2413
2025.04.11 01:00:00,1.11903,1.12346,1.11903,1.1234,8756.53
2025.04.11 02:00:00,1.12346,1.12623,1.1213,1.12576,12545.16
2025.04.11 03:00:00,1.12574,1.13852,1.1251,1.13098,26426.04
2025.04.11 04:00:00,1.13099,1.13227,1.12759,1.13054,25147.3
2025.04.11 05:00:00,1.13056,1.13227,1.12949,1.13022,18352.37
2025.04.11 06:00:00,1.13021,1.13541,1.1302,1.13407,13610.67
2025.04.11 07:00:00,1.13406,1.13408,1.13098,1.13221,10140.76
2025.04.11 08:00:00,1.1322,1.13232,1.12707,1.12849,11889.43
2025.04.11 09:00:00,1.12847,1.12902,1.12466,1.12868,16917.44
2025.04.11 10:00:00,1.12864,1.13688,1.12839,1.13642,23441.56
2025.04.11 11:00:00,1.13639,1.14736,1.13488,1.14269,35223.51
2025.04.11 12:00:00,1.1427,1.1427,1.13847,1.13853,24283.86
2025.04.11 13:00:00,1.13856,1.13856,1.13199,1.13365,25663.06
2025.04.11 14:00:00,1.13364,1.13711,1.13231,1.13289,19657.1
2025.04.11 15:00:00,1.13285,1.13988,1.13244,1.13952,27058.25
2025.04.11 16:00:00,1.13951,1.14121,1.1324,1.13604,35005.11
2025.04.11 17:00:00,1.13607,1.13816,1.13269,1.13401,41085.81
2025.04.11 18:00:00,1.13401,1.13497,1.13124,1.13247,23017.05
2025.04.11 19:00:00,1.13247,1.13267,1.12763,1.13056,22837.63
2025.04.11 20:00:00,1.13056,1.13267,1.1282,1.12851,16350.98
2025.04.11 21:00:00,1.12851,1.13211,1.12841,1.13123,14166.96
2025.04.11 22:00:00,1.13124,1.13435,1.1309,1.13415,9209.65
2025.04.11 23:00:00,1.13415,1.13617,1.13365,1.13554,7334.02
2025.04.14 00:00:00,1.13108,1.13225,1.13108,1.13178,426.94
2025.04.14 01:00:00,1.13177,1.13546,1.13174,1.13338,13478.76
2025.04.14 02:00:00,1.13339,1.13489,1.13236,1.1342,8082.35
2025.04.14 03:00:00,1.13419,1.13705,1.13407,1.13653,11945.48
2025.04.14 04:00:00,1.13654,1.14087,1.13642,1.13853,15092.65
2025.04.14 05:00:00,1.13852,1.1401,1.13708,1.13719,11848.32
2025.04.14 06:00:00,1.1372,1.13835,1.13575,1.13714,8390.33
2025.04.14 07:00:00,1.13721,1.13851,1.13654,1.13675,6260.39
2025.04.14 08:00:00,1.1368,1.13878,1.13526,1.1385,7315.63
2025.04.14 09:00:00,1.13854,1.14236,1.13763,1.14165,15434.01
2025.04.14 10:00:00,1.14166,1.14244,1.13832,1.13897,17464.55
2025.04.14 11:00:00,1.13899,1.14094,1.13787,1.13873,15250.13
2025.04.14 12:00:00,1.13873,1.14075,1.13864,1.13866,13042.55
2025.04.14 13:00:00,1.13865,1.13921,1.13714,1.13871,10716.62
2025.04.14 14:00:00,1.13871,1.14057,1.13722,1.13837,8208.31
2025.04.14 15:00:00,1.13837,1.13885,1.13343,1.13387,16524.69
2025.04.14 16:00:00,1.13386,1.13412,1.12956,1.1327,20990.86
2025.04.14 17:00:00,1.13268,1.1368,1.13198,1.13674,15688.97
2025.04.14 18:00:00,1.13673,1.13816,1.13526,1.1357,15556.01
2025.04.14 19:00:00,1.1357,1.13704,1.13299,1.13304,14633.19
2025.04.14 20:00:00,1.13307,1.13476,1.13282,1.13382,9975.17
2025.04.14 21:00:00,1.13382,1.13568,1.13375,1.13542,6408.03
2025.04.14 22:00:00,1.1354,1.13695,1.13497,1.13546,5713.91
2025.04.14 23:00:00,1.13545,1.13581,1.13431,1.13496,3219.46
2025.04.15 00:00:00,1.13495,1.13545,1.13423,1.13522,1349.98
2025.04.15 01:00:00,1.13528,1.1361,1.1345,1.13534,3518.92
2025.04.15 02:00:00,1.13533,1.1354,1.13333,1.1336,3172.15
2025.04.15 03:00:00,1.1336,1.13387,1.1317,1.13284,7889.67
2025.04.15 04:00:00,1.13284,1.1335,1.13157,1.13241,5607.89
2025.04.15 05:00:00,1.1324,1.13522,1.1324,1.13493,6937.89
2025.04.15 06:00:00,1.13492,1.13528,1.13431,1.13474,5001.09
2025.04.15 07:00:00,1.1347,1.1363,1.13447,1.13565,5050.24
2025.04.15 08:00:00,1.13564,1.13677,1.13487,1.13504,5600.73
2025.04.15 09:00:00,1.13508,1.13643,1.13277,1.13318,16682.93
2025.04.15 10:00:00,1.1332,1.13597,1.13203,1.13571,17523.52
2025.04.15 11:00:00,1.13569,1.13789,1.13434,1.13465,15132.93
2025.04.15 12:00:00,1.13461,1.13558,1.13328,1.13386,14401.27
2025.04.15 13:00:00,1.13384,1.1349,1.1332,1.13441,10389.53
2025.04.15 14:00:00,1.1344,1.13441,1.13139,1.13263,11202.11
2025.04.15 15:00:00,1.13265,1.13413,1.13085,1.13125,14549.27
2025.04.15 16:00:00,1.13124,1.13284,1.13051,1.13174,13750.28
2025.04.15 17:00:00,1.13173,1.13293,1.12853,1.13288,22334.59
2025.04.15 18:00:00,1.13288,1.13289,1.12821,1.12885,13576.12
2025.04.15 19:00:00,1.12888,1.12918,1.12639,1.12742,9144.72
2025.04.15 20:00:00,1.12743,1.12828,1.12667,1.12725,9046.34
2025.04.15 21:00:00,1.12726,1.12765,1.12662,1.12733,8366.31
2025.04.15 22:00:00,1.12732,1.12873,1.12714,1.12822,4317.42
2025.04.15 23:00:00,1.12826,1.12895,1.12793,1.12814,2259.79
2025.04.16 00:00:00,1.12814,1.12851,1.1279,1.12804,958.56
2025.04.16 01:00:00,1.12808,1.1299,1.12803,1.12953,4360.13
2025.04.16 02:00:00,1.12954,1.12983,1.12831,1.12932,4804.53
2025.04.16 03:00:00,1.1293,1.13215,1.12925,1.1317,10505.29
2025.04.16 04:00:00,1.13171,1.13304,1.13161,1.13233,10978.36
2025.04.16 05:00:00,1.13237,1.13317,1.13176,1.13275,10495.32
2025.04.16 06:00:00,1.13281,1.13433,1.13243,1.1343,6828.87
2025.04.16 07:00:00,1.13431,1.13477,1.13326,1.13459,6448.19
2025.04.16 08:00:00,1.13459,1.13853,1.13409,1.13804,10048.46
2025.04.16 09:00:00,1.13804,1.13827,1.13603,1.13605,12632.02
2025.04.16 10:00:00,1.13605,1.1392,1.13591,1.13868,13281.62
2025.04.16 11:00:00,1.1387,1.1388,1.13379,1.13694,23042.8
2025.04.16 12:00:00,1.13695,1.13775,1.13556,1.13598,16829.34
2025.04.16 13:00:00,1.13598,1.13741,1.13521,1.13579,10691.1
2025.04.16 14:00:00,1.13575,1.13737,1.13547,1.13631,8399.1
2025.04.16 15:00:00,1.13632,1.13653,1.13403,1.13513,13783.59
2025.04.16 16:00:00,1.13515,1.13737,1.13496,1.13664,14958.14
2025.04.16 17:00:00,1.13671,1.13841,1.13539,1.13837,14252.95
2025.04.16 18:00:00,1.13837,1.13865,1.1357,1.13813,15547.89
2025.04.16 19:00:00,1.13815,1.13868,1.137,1.13748,9316.02
2025.04.16 20:00:00,1.13747,1.13898,1.1359,1.1375,11490.72
2025.04.16 21:00:00,1.13749,1.13882,1.13648,1.13863,9199.29
2025.04.16 22:00:00,1.13861,1.14127,1.13846,1.13864,8816.55
2025.04.16 23:00:00,1.13864,1.13993,1.13816,1.13985,5225.51
2025.04.17 00:00:00,1.13978,1.14001,1.13908,1.13951,4307.46
2025.04.17 01:00:00,1.13953,1.13998,1.13946,1.13991,2741.13
2025.04.17 02:00:00,1.13991,1.1409,1.13938,1.13953,3599.67
2025.04.17 03:00:00,1.13955,1.13967,1.13648,1.1368,9306.07
2025.04.17 04:00:00,1.13677,1.1369,1.13551,1.13652,9326.47
2025.04.17 05:00:00,1.13654,1.13815,1.13648,1.1378,5147.03
2025.04.17 06:00:00,1.13781,1.13806,1.13637,1.1364,3348.57
2025.04.17 07:00:00,1.13639,1.13698,1.13601,1.1362,3016.17
2025.04.17 08:00:00,1.13619,1.1371,1.1344,1.13521,5337.73
2025.04.17 09:00:00,1.1352,1.13708,1.13433,1.13586,7889.56
2025.04.17 10:00:00,1.13587,1.13788,1.13528,1.13766,9941.17
2025.04.17 11:00:00,1.13769,1.13884,1.1368,1.13785,8108.65
2025.04.17 12:00:00,1.13784,1.13807,1.13699,1.13724,6873.91
2025.04.17 13:00:00,1.13725,1.13766,1.13573,1.13595,8724.34
2025.04.17 14:00:00,1.13598,1.13699,1.13556,1.13564,6822.34
2025.04.17 15:00:00,1.13562,1.13675,1.13349,1.13562,20656.1
2025.04.17 16:00:00,1.13565,1.13775,1.13509,1.1361,18513.41
2025.04.17 17:00:00,1.13612,1.13855,1.13383,1.13494,14874.63
2025.04.17 18:00:00,1.13493,1.13765,1.13477,1.13631,10254
2025.04.17 19:00:00,1.13633,1.1371,1.13399,1.13506,14215.15
2025.04.17 20:00:00,1.13505,1.13535,1.13408,1.13509,7240.71
2025.04.17 21:00:00,1.13514,1.13751,1.1343,1.13733,6238.66
2025.04.17 22:00:00,1.13732,1.1376,1.13682,1.13731,5283.78
2025.04.17 23:00:00,1.13731,1.13765,1.13617,1.13639,3945.15
2025.04.18 00:00:00,1.13615,1.13694,1.1358,1.1367,1868.94
2025.04.18 01:00:00,1.13671,1.1371,1.13648,1.13665,7055.86
2025.04.18 02:00:00,1.13665,1.13741,1.13662,1.13715,8037.79
2025.04.18 03:00:00,1.13717,1.13853,1.13637,1.13741,14405.06
2025.04.18 04:00:00,1.13738,1.13765,1.13674,1.13709,18707.24
2025.04.18 05:00:00,1.13709,1.13781,1.13694,1.13724,15225.86
2025.04.18 06:00:00,1.13724,1.13756,1.13693,1.13733,15005.37
2025.04.18 07:00:00,1.13731,1.13737,1.13688,1.13692,13398.72
2025.04.18 08:00:00,1.13691,1.1374,1.13647,1.13704,13899.83
2025.04.18 09:00:00,1.13703,1.13763,1.13614,1.13615,23597.8
2025.04.18 10:00:00,1.13615,1.13756,1.13578,1.13694,27544.572
2025.04.18 11:00:00,1.13693,1.13715,1.13668,1.13707,29592.3
2025.04.18 12:00:00,1.13707,1.13729,1.13673,1.13688,38239.6
2025.04.18 13:00:00,1.13688,1.13748,1.13683,1.13741,23388
2025.04.18 14:00:00,1.13741,1.13826,1.13715,1.13807,40247.83
2025.04.18 15:00:00,1.13807,1.13865,1.13801,1.13823,17486.06
2025.04.18 16:00:00,1.13822,1.13825,1.13769,1.1379,21577.46
2025.04.18 17:00:00,1.13791,1.13972,1.13783,1.1396,25323.89
2025.04.18 18:00:00,1.1396,1.13963,1.13873,1.13916,23821.35
2025.04.18 19:00:00,1.13914,1.13945,1.13868,1.13939,22900.27
2025.04.18 20:00:00,1.1394,1.13944,1.139,1.1392,12625.44
2025.04.18 21:00:00,1.13918,1.1395,1.13903,1.13939,5933.56
2025.04.18 22:00:00,1.13936,1.13965,1.13929,1.13935,2860
2025.04.18 23:00:00,1.13932,1.1394,1.13898,1.13901,2750.87
2025.04.21 00:00:00,1.13946,1.14245,1.13941,1.14245,1185.92
2025.04.21 01:00:00,1.14072,1.14381,1.13925,1.14323,10296.23
2025.04.21 02:00:00,1.14326,1.14582,1.14324,1.14488,10632.71
2025.04.21 03:00:00,1.14491,1.14859,1.14488,1.1466,15586.24
2025.04.21 04:00:00,1.14661,1.14786,1.14648,1.14766,7929.79
2025.04.21 05:00:00,1.14763,1.15319,1.14718,1.15045,12136.05
2025.04.21 06:00:00,1.15043,1.15248,1.15043,1.15148,5621.93
2025.04.21 07:00:00,1.15149,1.15173,1.14987,1.15171,6613.35
2025.04.21 08:00:00,1.15169,1.15344,1.15146,1.15312,7671.44
2025.04.21 09:00:00,1.15309,1.15342,1.15044,1.15155,7740.11
2025.04.21 10:00:00,1.15154,1.15672,1.15093,1.15552,12101.7
2025.04.21 11:00:00,1.15552,1.15643,1.15374,1.15578,14129.61
2025.04.21 12:00:00,1.15578,1.15729,1.15448,1.1547,11860.77
2025.04.21 13:00:00,1.15468,1.15482,1.15212,1.15233,8100.62
2025.04.21 14:00:00,1.15233,1.15474,1.15129,1.15428,8604.48
2025.04.21 15:00:00,1.15427,1.15498,1.15211,1.15424,11113.19
2025.04.21 16:00:00,1.15421,1.15427,1.15012,1.15189,13692.65
2025.04.21 17:00:00,1.15188,1.15246,1.14896,1.14975,13978.06
2025.04.21 18:00:00,1.14977,1.15077,1.14815,1.15069,10652.44
2025.04.21 19:00:00,1.1507,1.15131,1.15001,1.15092,6806.12
2025.04.21 20:00:00,1.15092,1.15144,1.14934,1.15137,6090.3
2025.04.21 21:00:00,1.15136,1.15252,1.15118,1.1522,4975.28
2025.04.21 22:00:00,1.1522,1.15267,1.15124,1.15126,5127.63
2025.04.21 23:00:00,1.15129,1.15159,1.15046,1.15128,3218.23
2025.04.22 00:00:00,1.15129,1.1514,1.15043,1.1509,1780.2
2025.04.22 01:00:00,1.15096,1.15249,1.15062,1.15228,2540.85
2025.04.22 02:00:00,1.15233,1.15235,1.15074,1.15137,3024.32
2025.04.22 03:00:00,1.15139,1.1514,1.14818,1.14902,8413.91
2025.04.22 04:00:00,1.14904,1.14982,1.14855,1.14944,10555.16
2025.04.22 05:00:00,1.14945,1.15203,1.14937,1.15203,6748.29
2025.04.22 06:00:00,1.15203,1.15406,1.15189,1.15346,11634.25
2025.04.22 07:00:00,1.15348,1.15399,1.1527,1.153,7212.07
2025.04.22 08:00:00,1.15298,1.1547,1.15181,1.15422,13261.87
2025.04.22 09:00:00,1.15422,1.15456,1.14959,1.15006,24298.11
2025.04.22 10:00:00,1.15007,1.1509,1.14831,1.15053,22123.82
2025.04.22 11:00:00,1.15054,1.15151,1.14944,1.14995,14821.51
2025.04.22 12:00:00,1.14995,1.15075,1.14876,1.14903,10005.71
2025.04.22 13:00:00,1.14904,1.15003,1.14879,1.14883,7553.84
2025.04.22 14:00:00,1.14882,1.15006,1.14837,1.14856,7532.76
2025.04.22 15:00:00,1.14856,1.14901,1.14613,1.147,12868.46
2025.04.22 16:00:00,1.147,1.1485,1.14558,1.14741,11793.8
2025.04.22 17:00:00,1.14741,1.1492,1.1461,1.1478,12822.75
2025.04.22 18:00:00,1.14779,1.14855,1.14635,1.14647,11941.2
2025.04.22 19:00:00,1.14652,1.14686,1.1433,1.14338,14381.13
2025.04.22 20:00:00,1.14338,1.14539,1.14306,1.14502,12002.23
2025.04.22 21:00:00,1.14501,1.14501,1.14226,1.14268,5826.69
2025.04.22 22:00:00,1.14269,1.14339,1.14196,1.14208,5742.53
2025.04.22 23:00:00,1.14209,1.14298,1.14172,1.14195,2930.96
2025.04.23 00:00:00,1.14195,1.14263,1.13618,1.13623,4955.35
2025.04.23 01:00:00,1.13664,1.13698,1.13077,1.13368,18454.86
2025.04.23 02:00:00,1.13372,1.13623,1.1329,1.13504,13156.71
2025.04.23 03:00:00,1.13502,1.13979,1.1349,1.13971,14753.43
2025.04.23 04:00:00,1.13974,1.14152,1.13841,1.1407,11350.97
2025.04.23 05:00:00,1.14068,1.14107,1.13901,1.14045,7726.46
2025.04.23 06:00:00,1.14044,1.14049,1.1373,1.13789,8201.18
2025.04.23 07:00:00,1.13788,1.13916,1.13705,1.13899,5317.52
2025.04.23 08:00:00,1.139,1.13996,1.13709,1.13764,7110.95
2025.04.23 09:00:00,1.13765,1.13962,1.13746,1.13848,13249.68
2025.04.23 10:00:00,1.13849,1.14087,1.13784,1.13853,14923.49
2025.04.23 11:00:00,1.13853,1.14151,1.13796,1.14128,10077.81
2025.04.23 12:00:00,1.14126,1.14399,1.14126,1.14179,10926.39
2025.04.23 13:00:00,1.14178,1.14193,1.139,1.14018,8598.11
2025.04.23 14:00:00,1.14018,1.14159,1.1386,1.14107,8701.28
2025.04.23 15:00:00,1.14106,1.14195,1.14018,1.14053,8944.44
2025.04.23 16:00:00,1.14051,1.14122,1.13329,1.13336,22412.07
2025.04.23 17:00:00,1.13336,1.13815,1.13277,1.1353,26373.05
2025.04.23 18:00:00,1.13532,1.13831,1.13437,1.13487,21284.17
2025.04.23 19:00:00,1.13489,1.13656,1.13365,1.13397,12370.65
2025.04.23 20:00:00,1.13397,1.13438,1.13247,1.13295,8132.7
2025.04.23 21:00:00,1.13294,1.13299,1.13151,1.13236,7695.71
2025.04.23 22:00:00,1.13233,1.1332,1.13179,1.13273,6037.04
2025.04.23 23:00:00,1.13273,1.13283,1.13102,1.13123,3896.49
2025.04.24 00:00:00,1.13122,1.13213,1.13109,1.13186,1162.89
2025.04.24 01:00:00,1.13184,1.13468,1.13183,1.13319,4616.65
2025.04.24 02:00:00,1.13318,1.13384,1.13259,1.13292,3815.05
2025.04.24 03:00:00,1.13293,1.13464,1.13212,1.13436,5982.37
2025.04.24 04:00:00,1.13434,1.13574,1.13397,1.13494,9058.43
2025.04.24 05:00:00,1.13496,1.13571,1.13461,1.1355,5993.78
2025.04.24 06:00:00,1.13551,1.13558,1.13361,1.13379,4134.65
2025.04.24 07:00:00,1.1338,1.13421,1.13321,1.13389,3599.82
2025.04.24 08:00:00,1.13391,1.13455,1.13304,1.13362,5692.9
2025.04.24 09:00:00,1.13361,1.13541,1.13356,1.1352,7058.96
2025.04.24 10:00:00,1.1352,1.13803,1.13515,1.13794,9165.36
2025.04.24 11:00:00,1.13797,1.13928,1.1363,1.13804,10761.13
2025.04.24 12:00:00,1.13802,1.13911,1.13749,1.13843,6755.86
2025.04.24 13:00:00,1.13843,1.13944,1.13759,1.13791,8190.92
2025.04.24 14:00:00,1.1379,1.13902,1.13683,1.13727,7483.6
2025.04.24 15:00:00,1.13726,1.13784,1.13577,1.13764,10336.59
2025.04.24 16:00:00,1.13765,1.13838,1.13632,1.13757,10288.1
2025.04.24 17:00:00,1.13756,1.13874,1.13628,1.13726,13346.02
2025.04.24 18:00:00,1.13725,1.13757,1.13475,1.13606,12247.25
2025.04.24 19:00:00,1.13609,1.13805,1.13576,1.13797,7813.32
2025.04.24 20:00:00,1.13798,1.13855,1.13674,1.13692,5274.48
2025.04.24 21:00:00,1.13693,1.13791,1.13636,1.13777,4761.49
2025.04.24 22:00:00,1.13778,1.13973,1.13774,1.13845,4591.33
2025.04.24 23:00:00,1.13845,1.13975,1.13818,1.13854,2800.8
2025.04.25 00:00:00,1.13854,1.13924,1.13813,1.13859,3627.14
2025.04.25 01:00:00,1.13869,1.13911,1.13829,1.1386,2040.66
2025.04.25 02:00:00,1.13865,1.13879,1.13703,1.13725,2085.09
2025.04.25 03:00:00,1.13725,1.13725,1.13467,1.13471,6285.11
2025.04.25 04:00:00,1.13472,1.13548,1.13424,1.13435,10353.09
2025.04.25 05:00:00,1.13438,1.13515,1.1341,1.13479,6930.85
2025.04.25 06:00:00,1.13478,1.13593,1.13249,1.13258,10300.12
2025.04.25 07:00:00,1.1326,1.13359,1.13155,1.13348,9009.94
2025.04.25 08:00:00,1.13348,1.13415,1.13251,1.13311,9545.01
2025.04.25 09:00:00,1.13311,1.13573,1.13214,1.13416,13421.9
2025.04.25 10:00:00,1.13416,1.1368,1.13416,1.13597,10785.18
2025.04.25 11:00:00,1.13597,1.13643,1.13397,1.13503,7285.26
2025.04.25 12:00:00,1.13502,1.13607,1.13447,1.13459,7376.9
2025.04.25 13:00:00,1.13467,1.13593,1.13339,1.13558,11084.02
2025.04.25 14:00:00,1.13559,1.13665,1.13457,1.13492,6058.25
2025.04.25 15:00:00,1.13492,1.13602,1.13491,1.13522,6210.03
2025.04.25 16:00:00,1.13525,1.13552,1.13327,1.13529,10564.26
2025.04.25 17:00:00,1.13532,1.13805,1.13523,1.13683,12458.07
2025.04.25 18:00:00,1.13684,1.13821,1.13577,1.138,6735.78
2025.04.25 19:00:00,1.13799,1.13885,1.1368,1.13687,4715.78
2025.04.25 20:00:00,1.13685,1.13824,1.13647,1.13765,5092.58
2025.04.25 21:00:00,1.13764,1.13807,1.1369,1.13794,3854.03
2025.04.25 22:00:00,1.13794,1.13809,1.13585,1.13592,4166.33
2025.04.25 23:00:00,1.13592,1.13641,1.13568,1.13628,2936.29
2025.04.28 00:00:00,1.13636,1.13636,1.13575,1.13583,175.97
2025.04.28 01:00:00,1.13597,1.13644,1.13398,1.13498,3766.63
2025.04.28 02:00:00,1.13498,1.13549,1.1341,1.13448,2671.7
2025.04.28 03:00:00,1.13449,1.13644,1.13445,1.13638,4133.59
2025.04.28 04:00:00,1.13635,1.13664,1.13495,1.1351,4497.19
2025.04.28 05:00:00,1.13511,1.1357,1.13432,1.13532,4021.1
2025.04.28 06:00:00,1.13531,1.13602,1.13512,1.13561,2080.2
2025.04.28 07:00:00,1.13556,1.13724,1.13523,1.13719,3461.05
2025.04.28 08:00:00,1.13719,1.13805,1.13714,1.13742,4769.17
2025.04.28 09:00:00,1.13741,1.13742,1.13292,1.13315,9329.42
2025.04.28 10:00:00,1.13314,1.13617,1.13307,1.13483,8780.69
2025.04.28 11:00:00,1.13481,1.13515,1.13352,1.13438,6052.35
2025.04.28 12:00:00,1.13435,1.13587,1.1342,1.13497,5868.32
2025.04.28 13:00:00,1.13497,1.13602,1.13458,1.13504,4413.55
2025.04.28 14:00:00,1.13505,1.13559,1.13407,1.13513,4522.08
2025.04.28 15:00:00,1.13517,1.13727,1.13501,1.13509,7416.67
2025.04.28 16:00:00,1.13511,1.13741,1.13393,1.13648,10601.63
2025.04.28 17:00:00,1.13648,1.14137,1.13572,1.13784,14906.01
2025.04.28 18:00:00,1.13784,1.13922,1.13708,1.13862,9601.38
2025.04.28 19:00:00,1.13859,1.14221,1.13849,1.14114,7590.67
2025.04.28 20:00:00,1.14116,1.14192,1.14002,1.14009,6585.61
2025.04.28 21:00:00,1.14009,1.14138,1.14001,1.14132,4259.03
2025.04.28 22:00:00,1.14134,1.14248,1.14128,1.14216,3101.71
2025.04.28 23:00:00,1.14219,1.14246,1.14179,1.14179,2499.85
2025.04.29 00:00:00,1.14179,1.14212,1.14169,1.14198,667.53
2025.04.29 01:00:00,1.14202,1.14218,1.14117,1.14124,2308.38
2025.04.29 02:00:00,1.14128,1.14217,1.14006,1.14075,2668.61
2025.04.29 03:00:00,1.14076,1.1416,1.13992,1.13996,4327.6
2025.04.29 04:00:00,1.13996,1.14085,1.13872,1.13922,5949.95
2025.04.29 05:00:00,1.13922,1.14199,1.13919,1.1398,6039.66
2025.04.29 06:00:00,1.13982,1.13998,1.13863,1.13903,4539.29
2025.04.29 07:00:00,1.13904,1.13936,1.13738,1.13778,3700.84
2025.04.29 08:00:00,1.13779,1.13881,1.13758,1.13866,4875.25
2025.04.29 09:00:00,1.13866,1.13992,1.13829,1.13893,6952.81
2025.04.29 10:00:00,1.13899,1.1412,1.13873,1.14035,8962.59
2025.04.29 11:00:00,1.14036,1.14081,1.13814,1.13852,8429.03
2025.04.29 12:00:00,1.13851,1.13973,1.13802,1.13802,5670.99
2025.04.29 13:00:00,1.13804,1.13851,1.13729,1.13776,6142.07
2025.04.29 14:00:00,1.13777,1.13868,1.13709,1.13744,7373.76
2025.04.29 15:00:00,1.13743,1.14144,1.137,1.14104,10808.48
2025.04.29 16:00:00,1.14103,1.14169,1.13899,1.1401,12406.57
2025.04.29 17:00:00,1.13976,1.14173,1.13787,1.13827,16609.51
2025.04.29 18:00:00,1.13829,1.14043,1.13821,1.13958,9302.81
2025.04.29 19:00:00,1.1396,1.14186,1.13951,1.1403,8605.45
2025.04.29 20:00:00,1.14031,1.14044,1.13835,1.13858,5039.28
2025.04.29 21:00:00,1.13856,1.13931,1.13758,1.13822,3956.34
2025.04.29 22:00:00,1.1382,1.13882,1.13759,1.13814,3634.57
2025.04.29 23:00:00,1.13813,1.13917,1.13804,1.13855,2389.57
2025.04.30 00:00:00,1.13823,1.13895,1.13783,1.13833,1900.73
2025.04.30 01:00:00,1.13832,1.13955,1.13832,1.13914,2050.22
2025.04.30 02:00:00,1.13921,1.13931,1.13856,1.13902,1602.52
2025.04.30 03:00:00,1.13904,1.13951,1.13766,1.13823,4988.98
2025.04.30 04:00:00,1.13824,1.13863,1.13568,1.13584,5276.11
2025.04.30 05:00:00,1.13583,1.13722,1.13547,1.13702,6655.75
2025.04.30 06:00:00,1.13704,1.13796,1.13665,1.13685,5432.65
2025.04.30 07:00:00,1.13685,1.13779,1.13662,1.13729,5032.19
2025.04.30 08:00:00,1.13729,1.13842,1.13714,1.13824,3395.44
2025.04.30 09:00:00,1.13825,1.13994,1.13657,1.13898,8556.37
2025.04.30 10:00:00,1.13897,1.13903,1.13733,1.13773,8156.97
2025.04.30 11:00:00,1.13779,1.1385,1.13622,1.13708,9549.91
2025.04.30 12:00:00,1.13709,1.13792,1.13599,1.13622,6520.73
2025.04.30 13:00:00,1.13623,1.13696,1.13607,1.13618,6359.9
2025.04.30 14:00:00,1.13617,1.13804,1.13558,1.1373,7404.08
2025.04.30 15:00:00,1.1373,1.13884,1.13647,1.13734,13448.27
2025.04.30 16:00:00,1.13734,1.13776,1.1361,1.13687,12730.73
2025.04.30 17:00:00,1.13686,1.13789,1.13497,1.13668,17542.99
2025.04.30 18:00:00,1.13668,1.13749,1.1323,1.13479,16228.17
2025.04.30 19:00:00,1.13482,1.13589,1.13449,1.13551,7017.47
2025.04.30 20:00:00,1.13552,1.13646,1.13449,1.13455,4899.02
2025.04.30 21:00:00,1.13455,1.13582,1.13429,1.13487,5861.1
2025.04.30 22:00:00,1.13486,1.13533,1.13281,1.13298,4243.34
2025.04.30 23:00:00,1.13295,1.13311,1.1317,1.13274,4955.88
2025.05.01 00:00:00,1.13272,1.1331,1.13234,1.13271,1105.82
2025.05.01 01:00:00,1.13255,1.13295,1.13218,1.13252,2928.21
2025.05.01 02:00:00,1.13254,1.13262,1.13186,1.13219,1771.29
2025.05.01 03:00:00,1.13221,1.13291,1.13205,1.13217,2661.69
2025.05.01 04:00:00,1.13215,1.13221,1.13027,1.13079,5473.03
2025.05.01 05:00:00,1.1308,1.13158,1.13056,1.1315,2925.14
2025.05.01 06:00:00,1.1315,1.13184,1.12997,1.13118,6244.71
2025.05.01 07:00:00,1.13119,1.1314,1.13023,1.13026,4568.75
2025.05.01 08:00:00,1.13025,1.13063,1.12878,1.12998,6149.89
2025.05.01 09:00:00,1.12997,1.13124,1.12979,1.13023,6891.22
2025.05.01 10:00:00,1.13022,1.13105,1.12874,1.13099,6891.86
2025.05.01 11:00:00,1.13098,1.13309,1.13097,1.13196,5601.76
2025.05.01 12:00:00,1.13195,1.13248,1.13133,1.13141,4835.41
2025.05.01 13:00:00,1.13141,1.1334,1.13117,1.1332,5618.19
2025.05.01 14:00:00,1.13321,1.13409,1.13162,1.13199,6065.94
2025.05.01 15:00:00,1.13199,1.13388,1.13078,1.1315,10194.5
2025.05.01 16:00:00,1.13151,1.13274,1.13109,1.13209,8737.72
2025.05.01 17:00:00,1.1319,1.13204,1.12702,1.12815,15802.14
2025.05.01 18:00:00,1.12815,1.129,1.12657,1.12789,10070.26
2025.05.01 19:00:00,1.12788,1.1292,1.12727,1.12906,9094.6
2025.05.01 20:00:00,1.12906,1.12912,1.12795,1.12828,3794.67
2025.05.01 21:00:00,1.12828,1.12933,1.12748,1.12853,4641.99
2025.05.01 22:00:00,1.12853,1.12921,1.12809,1.12883,4481.5
2025.05.01 23:00:00,1.12882,1.12936,1.12845,1.12878,2832.13
2025.05.02 00:00:00,1.12878,1.12889,1.12839,1.12857,930.79
2025.05.02 01:00:00,1.12858,1.12988,1.12858,1.12946,1868.04
2025.05.02 02:00:00,1.12948,1.12974,1.12908,1.12955,2734.49
2025.05.02 03:00:00,1.12955,1.12992,1.1274,1.12818,5395.17
2025.05.02 04:00:00,1.1282,1.12954,1.12783,1.12953,8250.09
2025.05.02 05:00:00,1.12955,1.13033,1.12927,1.12939,6492.42
2025.05.02 06:00:00,1.12938,1.13153,1.12938,1.13126,4032.18
2025.05.02 07:00:00,1.13127,1.13138,1.13009,1.1304,5699.39
2025.05.02 08:00:00,1.13041,1.13138,1.13021,1.13075,4795.95
2025.05.02 09:00:00,1.13076,1.1329,1.13057,1.13257,7613.29
2025.05.02 10:00:00,1.13257,1.13379,1.13175,1.13279,9246.78
2025.05.02 11:00:00,1.13278,1.13346,1.13159,1.13319,8350.29
2025.05.02 12:00:00,1.13319,1.1355,1.13253,1.13503,9748.91
2025.05.02 13:00:00,1.13503,1.13517,1.13274,1.13309,6093.3
2025.05.02 14:00:00,1.13307,1.13503,1.13239,1.13462,8530.25
2025.05.02 15:00:00,1.13464,1.13472,1.1304,1.13185,21648.47
2025.05.02 16:00:00,1.13184,1.13797,1.13144,1.13724,19912.04
2025.05.02 17:00:00,1.13726,1.13808,1.13574,1.13682,15722.56
2025.05.02 18:00:00,1.13683,1.13683,1.13203,1.13287,11684.33
2025.05.02 19:00:00,1.13291,1.13389,1.1317,1.13197,12078.03
2025.05.02 20:00:00,1.13197,1.132,1.12981,1.13038,8257.19
2025.05.02 21:00:00,1.13039,1.13084,1.12922,1.12995,6063.61
2025.05.02 22:00:00,1.12994,1.13087,1.12994,1.13043,4867.63
2025.05.02 23:00:00,1.13042,1.1305,1.12934,1.12946,2391.17
2025.05.05 00:00:00,1.12987,1.13069,1.12905,1.1298,478.33
2025.05.05 01:00:00,1.1298,1.13145,1.12974,1.13054,4021.26
2025.05.05 02:00:00,1.13058,1.13278,1.13017,1.1321,4333.66
2025.05.05 03:00:00,1.13212,1.13237,1.1314,1.13222,5727.03
2025.05.05 04:00:00,1.13221,1.13398,1.13221,1.13348,9335.58
2025.05.05 05:00:00,1.13348,1.13466,1.13314,1.1342,6391.44
2025.05.05 06:00:00,1.13422,1.13424,1.13281,1.13321,5078.86
2025.05.05 07:00:00,1.13321,1.1339,1.13284,1.13371,3864.44
2025.05.05 08:00:00,1.13371,1.13473,1.13299,1.13333,8179.97
2025.05.05 09:00:00,1.13329,1.13369,1.13178,1.1326,11006.98
2025.05.05 10:00:00,1.13259,1.13308,1.1313,1.13131,10386.88
2025.05.05 11:00:00,1.13127,1.13327,1.13111,1.13257,11751.3
2025.05.05 12:00:00,1.13262,1.13438,1.13261,1.13409,11335.44
2025.05.05 13:00:00,1.13409,1.13453,1.13327,1.13444,8101.98
2025.05.05 14:00:00,1.13441,1.13574,1.13399,1.13423,8383.07
2025.05.05 15:00:00,1.13422,1.13631,1.13399,1.13597,10769.34
2025.05.05 16:00:00,1.13596,1.13646,1.13519,1.13533,8866.04
2025.05.05 17:00:00,1.13531,1.13531,1.13304,1.13382,14361.21
2025.05.05 18:00:00,1.13382,1.13409,1.13123,1.13141,9595.36
2025.05.05 19:00:00,1.13141,1.13141,1.1299,1.1302,10594.11
2025.05.05 20:00:00,1.1302,1.1311,1.12973,1.12997,6206.67
2025.05.05 21:00:00,1.12995,1.13153,1.12969,1.13129,5946.76
2025.05.05 22:00:00,1.13129,1.13208,1.13105,1.13146,4110.7
2025.05.05 23:00:00,1.13147,1.132,1.13116,1.1313,2074.7
2025.05.06 00:00:00,1.13125,1.13167,1.13122,1.13143,1022.4
2025.05.06 01:00:00,1.13144,1.13194,1.13129,1.13141,1550.07
2025.05.06 02:00:00,1.13142,1.13161,1.13097,1.1312,1039.19
2025.05.06 03:00:00,1.13121,1.13121,1.12806,1.12858,6931.94
2025.05.06 04:00:00,1.12858,1.12964,1.12797,1.12933,10181.05
2025.05.06 05:00:00,1.12933,1.13136,1.12927,1.1307,7693.71
2025.05.06 06:00:00,1.13071,1.13172,1.13032,1.13149,6305
2025.05.06 07:00:00,1.13148,1.13271,1.13145,1.13242,4351.15
2025.05.06 08:00:00,1.13239,1.13253,1.13133,1.13181,4780.7
2025.05.06 09:00:00,1.13181,1.13352,1.13137,1.13259,8934.43
2025.05.06 10:00:00,1.13259,1.13477,1.1322,1.13387,12359.99
2025.05.06 11:00:00,1.13387,1.13494,1.13223,1.13272,9495.92
2025.05.06 12:00:00,1.1327,1.13296,1.13051,1.13116,7921.31
2025.05.06 13:00:00,1.13114,1.13272,1.13093,1.13256,6973.89
2025.05.06 14:00:00,1.13255,1.13348,1.13222,1.1327,6716.55
2025.05.06 15:00:00,1.13273,1.13436,1.13167,1.13402,7776.94
2025.05.06 16:00:00,1.13402,1.13574,1.13261,1.1353,10247.78
2025.05.06 17:00:00,1.13531,1.13694,1.13407,1.1341,13569.28
2025.05.06 18:00:00,1.1341,1.13497,1.13353,1.13433,7137.21
2025.05.06 19:00:00,1.13434,1.13555,1.13306,1.13486,6601.68
2025.05.06 20:00:00,1.13487,1.13702,1.13487,1.13642,6108.62
2025.05.06 21:00:00,1.13642,1.13721,1.13546,1.13713,3962.45
2025.05.06 22:00:00,1.13712,1.13808,1.13666,1.13724,3713.3
2025.05.06 23:00:00,1.13724,1.13794,1.13654,1.1367,3668.28
2025.05.07 00:00:00,1.13671,1.1372,1.13633,1.13715,694.62
2025.05.07 01:00:00,1.13717,1.13737,1.13258,1.13423,12462.29
2025.05.07 02:00:00,1.13423,1.13453,1.1333,1.13397,6989.7
2025.05.07 03:00:00,1.13396,1.13512,1.13248,1.13407,11238.61
2025.05.07 04:00:00,1.13406,1.13514,1.13263,1.13444,12883.17
2025.05.07 05:00:00,1.13446,1.13493,1.13354,1.13406,9513.17
2025.05.07 06:00:00,1.13409,1.13472,1.13363,1.13455,4332.02
2025.05.07 07:00:00,1.13456,1.13513,1.13427,1.13434,3990.39
2025.05.07 08:00:00,1.13434,1.13669,1.13428,1.1365,6743.62
2025.05.07 09:00:00,1.13651,1.1378,1.13594,1.13737,7624.49
2025.05.07 10:00:00,1.13737,1.13737,1.13548,1.1362,8085.97
2025.05.07 11:00:00,1.13621,1.13737,1.1354,1.13578,7441.77
2025.05.07 12:00:00,1.13579,1.13617,1.13469,1.13567,7363.78
2025.05.07 13:00:00,1.13565,1.13667,1.13559,1.13655,4997.37
2025.05.07 14:00:00,1.13658,1.13727,1.13559,1.13572,5501.44
2025.05.07 15:00:00,1.13573,1.13664,1.13556,1.1359,6595.87
2025.05.07 16:00:00,1.13589,1.13681,1.13527,1.13666,9065.04
2025.05.07 17:00:00,1.13666,1.13708,1.13542,1.13671,9709.5
2025.05.07 18:00:00,1.13668,1.13695,1.13413,1.13468,9981.5
2025.05.07 19:00:00,1.1347,1.1354,1.13368,1.13487,6826.11
2025.05.07 20:00:00,1.13488,1.13494,1.13347,1.13407,6616.52
2025.05.07 21:00:00,1.13407,1.1365,1.132,1.13336,20822.48
2025.05.07 22:00:00,1.13338,1.13344,1.13005,1.13065,14341.55
2025.05.07 23:00:00,1.13067,1.13081,1.12917,1.12998,3882.63
2025.05.08 00:00:00,1.12999,1.13141,1.12998,1.13114,1166.57
2025.05.08 01:00:00,1.13113,1.13116,1.12995,1.13008,4482.07
2025.05.08 02:00:00,1.1301,1.131,1.1301,1.13027,1929.32
2025.05.08 03:00:00,1.13032,1.13223,1.13019,1.13099,4617
2025.05.08 04:00:00,1.131,1.13326,1.13078,1.13315,10453.31
2025.05.08 05:00:00,1.13315,1.13352,1.13222,1.13225,6872.75
2025.05.08 06:00:00,1.13227,1.13361,1.13223,1.1327,4884.76
2025.05.08 07:00:00,1.13271,1.13308,1.13177,1.13178,3632.87
2025.05.08 08:00:00,1.13178,1.13181,1.12967,1.13035,7352.45
2025.05.08 09:00:00,1.13033,1.13074,1.12766,1.12821,13931.84
2025.05.08 10:00:00,1.12823,1.12975,1.12701,1.12971,12316.81
2025.05.08 11:00:00,1.12971,1.13029,1.12832,1.12877,8205.77
2025.05.08 12:00:00,1.12876,1.12979,1.12828,1.12846,6994.52
2025.05.08 13:00:00,1.12845,1.12994,1.1275,1.1287,6744.51
2025.05.08 14:00:00,1.12871,1.13048,1.1285,1.12957,7756.67
2025.05.08 15:00:00,1.12957,1.13202,1.12927,1.12995,10469.52
2025.05.08 16:00:00,1.12997,1.13115,1.12949,1.13062,11321.7
2025.05.08 17:00:00,1.13062,1.13162,1.12758,1.1278,11668.22
2025.05.08 18:00:00,1.12783,1.12895,1.12343,1.12477,23722.42
2025.05.08 19:00:00,1.12477,1.12495,1.12202,1.12259,14688.63
2025.05.08 20:00:00,1.12258,1.12295,1.12123,1.12265,10289.5
2025.05.08 21:00:00,1.12265,1.12305,1.12194,1.12245,5300.3
2025.05.08 22:00:00,1.12243,1.12282,1.12118,1.12259,6273.92
2025.05.08 23:00:00,1.12258,1.12297,1.12197,1.12254,2960.17
2025.05.09 00:00:00,1.12254,1.12271,1.12206,1.12261,805.74
2025.05.09 01:00:00,1.12261,1.12328,1.12254,1.12315,1887.51
2025.05.09 02:00:00,1.12317,1.1232,1.12219,1.12267,2577.02
2025.05.09 03:00:00,1.12268,1.12332,1.12128,1.12267,5284.92
2025.05.09 04:00:00,1.12266,1.1229,1.12106,1.1212,7079.85
2025.05.09 05:00:00,1.12118,1.1219,1.11964,1.1218,9655.01
2025.05.09 06:00:00,1.1218,1.12275,1.12179,1.12223,8589
2025.05.09 07:00:00,1.12226,1.12296,1.12226,1.12277,5815.83
2025.05.09 08:00:00,1.12276,1.12364,1.1218,1.12357,6469.25
2025.05.09 09:00:00,1.12356,1.12474,1.1232,1.124,6627.39
2025.05.09 10:00:00,1.12399,1.12581,1.12368,1.12515,8716.05
2025.05.09 11:00:00,1.12511,1.1259,1.1242,1.12563,6948.03
2025.05.09 12:00:00,1.12561,1.12596,1.12448,1.12459,7228.53
2025.05.09 13:00:00,1.12461,1.12511,1.12421,1.12454,6505.16
2025.05.09 14:00:00,1.12452,1.12605,1.12435,1.12542,10815.5
2025.05.09 15:00:00,1.12542,1.12566,1.1247,1.12538,7056.57
2025.05.09 16:00:00,1.12537,1.12681,1.12531,1.12582,7138.8
2025.05.09 17:00:00,1.12582,1.12928,1.12556,1.12675,10845.68
2025.05.09 18:00:00,1.12675,1.12729,1.12599,1.12695,6999.85
2025.05.09 19:00:00,1.12695,1.12752,1.12573,1.12585,3980.49
2025.05.09 20:00:00,1.12582,1.1265,1.12526,1.12619,3657.93
2025.05.09 21:00:00,1.12616,1.12661,1.12545,1.12589,3883.3
2025.05.09 22:00:00,1.12588,1.12599,1.12484,1.1257,4214.28
2025.05.09 23:00:00,1.12565,1.12574,1.12456,1.1246,2252.69
2025.05.12 00:00:00,1.119,1.12242,1.119,1.12107,1070.64
2025.05.12 01:00:00,1.12103,1.12312,1.12083,1.1225,5620.6
2025.05.12 02:00:00,1.12249,1.12363,1.12227,1.12276,4005.78
2025.05.12 03:00:00,1.12281,1.12389,1.12249,1.12386,7078.32
2025.05.12 04:00:00,1.12383,1.12426,1.12223,1.12256,7887.07
2025.05.12 05:00:00,1.12256,1.12375,1.12248,1.12282,4606.5
2025.05.12 06:00:00,1.12281,1.1234,1.12249,1.12328,4012.2
2025.05.12 07:00:00,1.12327,1.12344,1.1226,1.12272,2749.01
2025.05.12 08:00:00,1.12274,1.12298,1.12136,1.12219,5043.47
2025.05.12 09:00:00,1.12219,1.12355,1.1216,1.12179,8298.49
2025.05.12 10:00:00,1.12179,1.1219,1.10977,1.11048,33297.16
2025.05.12 11:00:00,1.11047,1.11452,1.10822,1.11375,28749.15
2025.05.12 12:00:00,1.11372,1.11416,1.11146,1.11184,12743.46
2025.05.12 13:00:00,1.11183,1.11184,1.10718,1.10794,15930.83
2025.05.12 14:00:00,1.10794,1.11174,1.10768,1.11111,15166.85
2025.05.12 15:00:00,1.1111,1.11263,1.11004,1.11132,10967.69
2025.05.12 16:00:00,1.11133,1.11346,1.11098,1.11186,12009.81
2025.05.12 17:00:00,1.11186,1.11342,1.11072,1.11114,15955.45
2025.05.12 18:00:00,1.11114,1.11237,1.11003,1.11049,9237.22
2025.05.12 19:00:00,1.11051,1.11108,1.10835,1.10844,7650.26
2025.05.12 20:00:00,1.10846,1.10883,1.10723,1.10789,7048.96
2025.05.12 21:00:00,1.10788,1.10912,1.10651,1.10892,8213.16
2025.05.12 22:00:00,1.10891,1.10965,1.10822,1.10919,4693.47
2025.05.12 23:00:00,1.10919,1.10945,1.10844,1.10844,2592.18
2025.05.13 00:00:00,1.10845,1.10904,1.10833,1.1088,1290.45
2025.05.13 01:00:00,1.1088,1.10944,1.10875,1.10933,3900.17
2025.05.13 02:00:00,1.10939,1.10999,1.10892,1.10953,2948.59
2025.05.13 03:00:00,1.10954,1.11065,1.10948,1.11043,5694.95
2025.05.13 04:00:00,1.11043,1.11091,1.10995,1.11063,10268.33
2025.05.13 05:00:00,1.11065,1.11112,1.10992,1.11024,5584.58
2025.05.13 06:00:00,1.11025,1.11168,1.10988,1.11161,4459.85
2025.05.13 07:00:00,1.11163,1.1117,1.11088,1.11166,3211.91
2025.05.13 08:00:00,1.11167,1.11195,1.11085,1.11103,4285.28
2025.05.13 09:00:00,1.11104,1.11183,1.11012,1.11113,12119.32
2025.05.13 10:00:00,1.11111,1.11242,1.11026,1.11156,13933.94
2025.05.13 11:00:00,1.11156,1.11175,1.11025,1.11119,9260.61
2025.05.13 12:00:00,1.11118,1.11149,1.11026,1.11068,8792.66
2025.05.13 13:00:00,1.11067,1.11095,1.10968,1.11045,6610.4
2025.05.13 14:00:00,1.11045,1.1112,1.1103,1.11068,5852.72
2025.05.13 15:00:00,1.11069,1.1131,1.11064,1.11304,11211.38
2025.05.13 16:00:00,1.11305,1.11484,1.11272,1.11354,14869.22
2025.05.13 17:00:00,1.11353,1.11641,1.113,1.11612,13276.98
2025.05.13 18:00:00,1.11614,1.11776,1.11567,1.11749,10626.17
2025.05.13 19:00:00,1.1175,1.11825,1.11645,1.11757,6828.34
2025.05.13 20:00:00,1.11759,1.11796,1.11674,1.11769,4654.28
2025.05.13 21:00:00,1.11769,1.11859,1.1175,1.11847,3601.4
2025.05.13 22:00:00,1.11849,1.11917,1.11825,1.11897,3572.96
2025.05.13 23:00:00,1.11896,1.11946,1.11835,1.11844,2737.52
2025.05.14 00:00:00,1.11844,1.11877,1.11813,1.11856,531.12
2025.05.14 01:00:00,1.11855,1.11971,1.11855,1.1197,2805.95
2025.05.14 02:00:00,1.11969,1.11969,1.11846,1.11856,1713.63
2025.05.14 03:00:00,1.11858,1.11964,1.1182,1.11921,5218.66
2025.05.14 04:00:00,1.11921,1.11976,1.11833,1.1188,10331.78
2025.05.14 05:00:00,1.11883,1.11923,1.11827,1.11885,8636.34
2025.05.14 06:00:00,1.11886,1.11959,1.11841,1.11952,4450.76
2025.05.14 07:00:00,1.11952,1.12006,1.11879,1.11885,4997.01
2025.05.14 08:00:00,1.11885,1.11924,1.11844,1.11861,4668.81
2025.05.14 09:00:00,1.1186,1.11984,1.11798,1.11879,7103.35
2025.05.14 10:00:00,1.11879,1.12164,1.11814,1.12148,9780.92
2025.05.14 11:00:00,1.12147,1.1252,1.12125,1.12384,20587.06
2025.05.14 12:00:00,1.1239,1.12655,1.12309,1.1252,15115.12
2025.05.14 13:00:00,1.12521,1.12528,1.1227,1.12308,8635.61
2025.05.14 14:00:00,1.12306,1.12345,1.12133,1.12172,7310.23
2025.05.14 15:00:00,1.12172,1.12352,1.12095,1.1225,12834.54
2025.05.14 16:00:00,1.12251,1.12347,1.121,1.12198,15389.31
2025.05.14 17:00:00,1.12196,1.12235,1.12025,1.12119,13789.4
2025.05.14 18:00:00,1.12118,1.12147,1.11973,1.12048,13100.44
2025.05.14 19:00:00,1.12049,1.1213,1.11755,1.1189,13313.87
2025.05.14 20:00:00,1.11887,1.11968,1.11813,1.11891,5258.85
2025.05.14 21:00:00,1.11892,1.11899,1.11719,1.11781,4679.1
2025.05.14 22:00:00,1.1178,1.1178,1.11654,1.11672,4642.71
2025.05.14 23:00:00,1.11672,1.11749,1.11645,1.1173,1810.31
2025.05.15 00:00:00,1.11694,1.11773,1.11669,1.11762,1184.01
2025.05.15 01:00:00,1.11765,1.11841,1.11762,1.11824,1843.47
2025.05.15 02:00:00,1.11827,1.1188,1.11802,1.11812,2307.66
2025.05.15 03:00:00,1.11811,1.11941,1.11758,1.11911,5966.87
2025.05.15 04:00:00,1.11912,1.11994,1.11905,1.11932,7848.33
2025.05.15 05:00:00,1.11933,1.11962,1.11885,1.11945,6052.96
2025.05.15 06:00:00,1.11944,1.12012,1.11921,1.11965,5987.54
2025.05.15 07:00:00,1.11965,1.11996,1.11915,1.11927,3777.47
2025.05.15 08:00:00,1.11925,1.1199,1.11853,1.11929,6195.88
2025.05.15 09:00:00,1.11929,1.12279,1.11892,1.12269,9309.87
2025.05.15 10:00:00,1.1227,1.12278,1.11913,1.11971,8328.91
2025.05.15 11:00:00,1.1197,1.12112,1.11922,1.12096,7408.76
2025.05.15 12:00:00,1.12096,1.1213,1.12007,1.12022,7187.11
2025.05.15 13:00:00,1.12023,1.12113,1.11979,1.12002,4838.39
2025.05.15 14:00:00,1.12001,1.12029,1.1179,1.11825,6794.99
2025.05.15 15:00:00,1.11828,1.12135,1.11818,1.12096,12559.27
2025.05.15 16:00:00,1.12099,1.12236,1.11949,1.12007,12583.89
2025.05.15 17:00:00,1.12007,1.12106,1.11756,1.1186,11468.67
2025.05.15 18:00:00,1.1186,1.11969,1.11727,1.11879,8990.39
2025.05.15 19:00:00,1.11879,1.11906,1.11724,1.11807,5585.39
2025.05.15 20:00:00,1.11805,1.11888,1.117,1.1171,5416.46
2025.05.15 21:00:00,1.11709,1.11794,1.11707,1.11767,3704.82
2025.05.15 22:00:00,1.11769,1.11861,1.11724,1.11836,3557.67
2025.05.15 23:00:00,1.11835,1.11874,1.11819,1.11854,2052.03
2025.05.16 00:00:00,1.11862,1.1189,1.11796,1.11877,681.75
2025.05.16 01:00:00,1.11879,1.11928,1.1185,1.11915,2549.92
2025.05.16 02:00:00,1.11916,1.11937,1.11893,1.11918,1801.57
2025.05.16 03:00:00,1.11915,1.1208,1.11902,1.12046,7078.03
2025.05.16 04:00:00,1.12048,1.12086,1.11981,1.1203,5805.49
2025.05.16 05:00:00,1.12033,1.12083,1.11991,1.1202,5580.21
2025.05.16 06:00:00,1.12018,1.12056,1.11987,1.12002,4009.72
2025.05.16 07:00:00,1.12004,1.12041,1.11961,1.1203,3148
2025.05.16 08:00:00,1.1203,1.12185,1.12009,1.12153,7174.05
2025.05.16 09:00:00,1.12153,1.12195,1.12071,1.12121,7276.17
2025.05.16 10:00:00,1.1212,1.12169,1.12059,1.12084,8383.54
2025.05.16 11:00:00,1.12084,1.1209,1.11968,1.11987,6820.21
2025.05.16 12:00:00,1.11987,1.12087,1.11916,1.11944,6045.87
2025.05.16 13:00:00,1.11943,1.11999,1.11878,1.11996,6376.54
2025.05.16 14:00:00,1.11995,1.12078,1.11901,1.11944,5582.48
2025.05.16 15:00:00,1.11942,1.11987,1.11908,1.11969,6401.49
2025.05.16 16:00:00,1.11968,1.12058,1.11879,1.11998,7942.43
2025.05.16 17:00:00,1.12,1.12021,1.11514,1.11544,14309.07
2025.05.16 18:00:00,1.11544,1.11585,1.11399,1.11403,9571.47
2025.05.16 19:00:00,1.11401,1.11476,1.11308,1.11446,7121.1
2025.05.16 20:00:00,1.11447,1.11475,1.11392,1.11448,4206.32
2025.05.16 21:00:00,1.1145,1.1155,1.11429,1.11523,4851.47
2025.05.16 22:00:00,1.11524,1.11584,1.11476,1.11489,3445.34
2025.05.16 23:00:00,1.11488,1.11657,1.11446,1.11612,3901.27
2025.05.19 00:00:00,1.11749,1.11835,1.11713,1.11731,712.485
2025.05.19 01:00:00,1.11736,1.11938,1.11711,1.11901,3909.21
2025.05.19 02:00:00,1.11899,1.11939,1.11815,1.11884,3254.4
2025.05.19 03:00:00,1.11885,1.11985,1.11799,1.11972,8165.62
2025.05.19 04:00:00,1.1197,1.11988,1.11729,1.11759,6364.38
2025.05.19 05:00:00,1.11759,1.1188,1.11721,1.1182,5737.83
2025.05.19 06:00:00,1.11821,1.11852,1.11784,1.1181,3447.64
2025.05.19 07:00:00,1.11809,1.11872,1.1177,1.11836,3009.71
2025.05.19 08:00:00,1.11837,1.11881,1.11761,1.11849,4957.09
2025.05.19 09:00:00,1.11847,1.12123,1.11816,1.12091,9183.57
2025.05.19 10:00:00,1.12091,1.12448,1.12055,1.12383,12845.64
2025.05.19 11:00:00,1.12386,1.12591,1.12357,1.12569,10530.04
2025.05.19 12:00:00,1.1257,1.12803,1.12548,1.12796,12401.02
2025.05.19 13:00:00,1.12798,1.12879,1.12683,1.12781,9100.2
2025.05.19 14:00:00,1.12782,1.12799,1.12617,1.12727,8115.46
2025.05.19 15:00:00,1.12728,1.12733,1.12564,1.12567,7373.59
2025.05.19 16:00:00,1.12566,1.12648,1.1247,1.12513,13985.74
2025.05.19 17:00:00,1.12516,1.12576,1.12413,1.12534,11461.22
2025.05.19 18:00:00,1.12536,1.12596,1.12333,1.1236,7968.49
2025.05.19 19:00:00,1.1236,1.12397,1.12294,1.1235,5242.41
2025.05.19 20:00:00,1.12349,1.12386,1.12239,1.12301,3854.07
2025.05.19 21:00:00,1.12301,1.12366,1.12244,1.12347,3963.21
2025.05.19 22:00:00,1.12347,1.12418,1.12327,1.124,2137.36
2025.05.19 23:00:00,1.12399,1.12447,1.12388,1.12406,1786.67
2025.05.20 00:00:00,1.12373,1.12434,1.12348,1.1243,311.64
2025.05.20 01:00:00,1.1243,1.12437,1.12349,1.12351,869.88
2025.05.20 02:00:00,1.12352,1.1236,1.12314,1.12321,908.11
2025.05.20 03:00:00,1.1232,1.12322,1.12178,1.12276,5611.74
2025.05.20 04:00:00,1.12275,1.12512,1.12275,1.12381,7573.42
2025.05.20 05:00:00,1.12385,1.12461,1.12259,1.12319,4480.42
2025.05.20 06:00:00,1.12316,1.12473,1.12291,1.12449,4205.75
2025.05.20 07:00:00,1.12448,1.12504,1.12403,1.1242,3415.5
2025.05.20 08:00:00,1.1242,1.12583,1.12417,1.12544,6133.88
2025.05.20 09:00:00,1.12543,1.12622,1.12505,1.12574,8933.68
2025.05.20 10:00:00,1.12573,1.12778,1.12529,1.12762,10494.45
2025.05.20 11:00:00,1.1276,1.12762,1.12473,1.12582,7665.76
2025.05.20 12:00:00,1.12582,1.12669,1.12497,1.1255,6912.9
2025.05.20 13:00:00,1.12551,1.12577,1.12429,1.12443,7782.68
2025.05.20 14:00:00,1.12446,1.12516,1.12436,1.12457,6967.29
2025.05.20 15:00:00,1.12458,1.12471,1.12235,1.12342,5934.47
2025.05.20 16:00:00,1.12342,1.12495,1.12246,1.12456,8046.85
2025.05.20 17:00:00,1.12459,1.12692,1.12455,1.12684,9380.38
2025.05.20 18:00:00,1.12684,1.12697,1.12494,1.12528,6609.95
2025.05.20 19:00:00,1.12528,1.12577,1.1245,1.12564,5740.15
2025.05.20 20:00:00,1.12565,1.12774,1.12547,1.12737,4385.16
2025.05.20 21:00:00,1.12736,1.12801,1.12711,1.12723,5272.81
2025.05.20 22:00:00,1.12724,1.12825,1.12718,1.12804,3884.45
2025.05.20 23:00:00,1.12806,1.12858,1.12782,1.12818,2187.05
2025.05.21 00:00:00,1.12814,1.12844,1.12798,1.12824,773.5
2025.05.21 01:00:00,1.12824,1.1287,1.12801,1.12809,1510.91
2025.05.21 02:00:00,1.12808,1.129,1.12804,1.12881,1264.35
2025.05.21 03:00:00,1.12881,1.13012,1.12875,1.12951,4582.05
2025.05.21 04:00:00,1.12952,1.13026,1.12866,1.12985,4300.16
2025.05.21 05:00:00,1.12985,1.13259,1.12969,1.13219,6905.74
2025.05.21 06:00:00,1.13218,1.13398,1.13187,1.1334,5297.85
2025.05.21 07:00:00,1.13339,1.13365,1.13253,1.13287,3304.43
2025.05.21 08:00:00,1.13289,1.13378,1.13265,1.13316,4542.86
2025.05.21 09:00:00,1.13316,1.1353,1.13221,1.13326,8609.41
2025.05.21 10:00:00,1.13324,1.13338,1.1314,1.13233,8782.77
2025.05.21 11:00:00,1.13231,1.13337,1.13121,1.13225,6671.3
2025.05.21 12:00:00,1.13227,1.13348,1.13145,1.13347,6252.22
2025.05.21 13:00:00,1.13346,1.1362,1.13314,1.13386,7525.83
2025.05.21 14:00:00,1.13385,1.13445,1.13188,1.13235,6497.61
2025.05.21 15:00:00,1.13235,1.13347,1.13172,1.13344,7892.52
2025.05.21 16:00:00,1.13345,1.13389,1.13235,1.13368,8069.45
2025.05.21 17:00:00,1.13367,1.13543,1.13322,1.13406,10341.37
2025.05.21 18:00:00,1.13407,1.13483,1.13326,1.13424,8393.98
2025.05.21 19:00:00,1.13426,1.13521,1.13389,1.13403,6006.96
2025.05.21 20:00:00,1.13403,1.13628,1.13374,1.13479,17284.14
2025.05.21 21:00:00,1.1348,1.13487,1.13315,1.1333,8326.38
2025.05.21 22:00:00,1.1333,1.13391,1.13181,1.13188,9215.51
2025.05.21 23:00:00,1.13187,1.13317,1.13154,1.13279,3624.03
2025.05.22 00:00:00,1.13274,1.13292,1.1325,1.13281,1471.43
2025.05.22 01:00:00,1.13282,1.13298,1.1315,1.1315,4565.2
2025.05.22 02:00:00,1.13149,1.13322,1.13107,1.13318,2415.27
2025.05.22 03:00:00,1.13318,1.13434,1.13258,1.13272,6907
2025.05.22 04:00:00,1.1327,1.13405,1.13172,1.13376,8683.01
2025.05.22 05:00:00,1.13376,1.13448,1.13282,1.13385,6658.89
2025.05.22 06:00:00,1.13387,1.13419,1.13304,1.1333,5816.42
2025.05.22 07:00:00,1.1333,1.13343,1.13245,1.13331,4501.3
2025.05.22 08:00:00,1.1333,1.13352,1.13249,1.13332,5158.71
2025.05.22 09:00:00,1.13332,1.13417,1.13173,1.13225,10394.66
2025.05.22 10:00:00,1.13224,1.13246,1.12953,1.1321,12862.98
2025.05.22 11:00:00,1.13209,1.13347,1.13013,1.13018,10570.21
2025.05.22 12:00:00,1.13017,1.13033,1.12908,1.12942,9272.77
2025.05.22 13:00:00,1.12943,1.12996,1.12902,1.1292,6252.12
2025.05.22 14:00:00,1.12921,1.13129,1.12918,1.13085,8163.56
2025.05.22 15:00:00,1.13086,1.13148,1.12847,1.12948,8833.92
2025.05.22 16:00:00,1.12952,1.13089,1.12815,1.12831,10556.61
2025.05.22 17:00:00,1.1283,1.12977,1.12749,1.12773,10465.21
2025.05.22 18:00:00,1.12774,1.12883,1.12657,1.12803,11136.1
2025.05.22 19:00:00,1.12801,1.12878,1.12682,1.12691,8103.67
2025.05.22 20:00:00,1.12694,1.12707,1.12558,1.12679,6571.18
2025.05.22 21:00:00,1.12678,1.12806,1.12672,1.12779,3643.85
2025.05.22 22:00:00,1.12781,1.12856,1.12777,1.12784,3749.96
2025.05.22 23:00:00,1.12786,1.12832,1.12773,1.12782,1950.19
2025.05.23 00:00:00,1.1278,1.12808,1.12768,1.12791,814.98
2025.05.23 01:00:00,1.12793,1.12871,1.12791,1.12861,1350.55
2025.05.23 02:00:00,1.12862,1.12888,1.12808,1.12819,961.78
2025.05.23 03:00:00,1.12818,1.13002,1.12787,1.12968,4413.49
2025.05.23 04:00:00,1.12969,1.13186,1.12951,1.13139,6375.32
2025.05.23 05:00:00,1.13142,1.13178,1.1308,1.13148,4975.21
2025.05.23 06:00:00,1.13146,1.13173,1.13109,1.13112,2799.86
2025.05.23 07:00:00,1.13112,1.13207,1.13077,1.13178,3830.17
2025.05.23 08:00:00,1.13178,1.13256,1.1308,1.13229,5205.16
2025.05.23 09:00:00,1.13222,1.13266,1.131,1.13119,7611.37
2025.05.23 10:00:00,1.13121,1.13439,1.13094,1.13395,8010.32
2025.05.23 11:00:00,1.13394,1.13446,1.13327,1.13418,4745.9
2025.05.23 12:00:00,1.13418,1.13539,1.13383,1.13489,5717.65
2025.05.23 13:00:00,1.13492,1.13576,1.13443,1.13486,5209.58
2025.05.23 14:00:00,1.13488,1.13754,1.12984,1.13212,17644.64
2025.05.23 15:00:00,1.13213,1.13499,1.12973,1.13332,16211.65
2025.05.23 16:00:00,1.13333,1.13378,1.13131,1.13145,11647.97
2025.05.23 17:00:00,1.13142,1.13461,1.13106,1.13449,10264.26
2025.05.23 18:00:00,1.13447,1.13593,1.13315,1.13491,9035.73
2025.05.23 19:00:00,1.13495,1.13597,1.1341,1.13582,5524.26
2025.05.23 20:00:00,1.1358,1.13671,1.13515,1.13605,4621.51
2025.05.23 21:00:00,1.13604,1.13691,1.13554,1.13592,5097.8
2025.05.23 22:00:00,1.13593,1.13654,1.13552,1.13633,3450.98
2025.05.23 23:00:00,1.13633,1.13681,1.1359,1.13592,2332.97
2025.05.26 00:00:00,1.13617,1.13679,1.13585,1.1367,361.47
2025.05.26 01:00:00,1.13668,1.13793,1.13621,1.13738,9155.92
2025.05.26 02:00:00,1.13741,1.13816,1.13696,1.13744,3208.77
2025.05.26 03:00:00,1.13747,1.13977,1.13743,1.13968,11923.63
2025.05.26 04:00:00,1.13967,1.14156,1.13878,1.14124,10702.33
2025.05.26 05:00:00,1.14122,1.14185,1.14079,1.14094,7144.82
2025.05.26 06:00:00,1.14095,1.14124,1.14049,1.14114,4969.26
2025.05.26 07:00:00,1.14114,1.14131,1.14031,1.14091,3746.42
2025.05.26 08:00:00,1.14092,1.14183,1.14004,1.14168,6476.05
2025.05.26 09:00:00,1.14166,1.14183,1.14077,1.1409,6887.92
2025.05.26 10:00:00,1.14087,1.14121,1.13883,1.13889,7942.21
2025.05.26 11:00:00,1.13893,1.13952,1.13827,1.13844,5680.79
2025.05.26 12:00:00,1.13845,1.13856,1.13757,1.13788,4013.72
2025.05.26 13:00:00,1.1379,1.13861,1.13762,1.1384,6150.07
2025.05.26 14:00:00,1.13841,1.13868,1.13739,1.13768,3878.21
2025.05.26 15:00:00,1.13769,1.13821,1.13688,1.1375,4237.1
2025.05.26 16:00:00,1.1375,1.13832,1.1373,1.13815,4212.35
2025.05.26 17:00:00,1.13816,1.13848,1.13764,1.1384,4749.53
2025.05.26 18:00:00,1.1384,1.13854,1.13769,1.13809,4211.05
2025.05.26 19:00:00,1.1381,1.13831,1.13757,1.13831,2670.83
2025.05.26 20:00:00,1.13832,1.13837,1.13782,1.13805,1136.68
2025.05.26 21:00:00,1.13803,1.1383,1.13798,1.13806,747.21
2025.05.26 22:00:00,1.13807,1.13853,1.13802,1.13852,816.84
2025.05.26 23:00:00,1.13852,1.13881,1.13838,1.13838,1362.01
2025.05.27 00:00:00,1.13837,1.13849,1.13786,1.13843,817.41
2025.05.27 01:00:00,1.13849,1.13946,1.13848,1.139,2239.31
2025.05.27 02:00:00,1.13898,1.13913,1.13868,1.13883,1495.55
2025.05.27 03:00:00,1.13885,1.1403,1.13878,1.13999,4647.1
2025.05.27 04:00:00,1.14001,1.14071,1.1391,1.1395,5901.84
2025.05.27 05:00:00,1.13951,1.14029,1.13905,1.13924,4822.77
2025.05.27 06:00:00,1.13924,1.14009,1.139,1.13934,3687.8
2025.05.27 07:00:00,1.13935,1.13977,1.13775,1.13782,3711.85
2025.05.27 08:00:00,1.13783,1.1379,1.13667,1.13784,8370.16
2025.05.27 09:00:00,1.13783,1.13927,1.13639,1.1365,11200.34
2025.05.27 10:00:00,1.1365,1.13709,1.1337,1.13406,10526.87
2025.05.27 11:00:00,1.13407,1.13576,1.13387,1.13484,6662.04
2025.05.27 12:00:00,1.13483,1.13578,1.13446,1.13483,6479.82
2025.05.27 13:00:00,1.13483,1.13517,1.13405,1.13437,6517.28
2025.05.27 14:00:00,1.13436,1.13542,1.1341,1.13509,6411.4
2025.05.27 15:00:00,1.13511,1.13678,1.13509,1.13665,6280.91
2025.05.27 16:00:00,1.13662,1.13753,1.13554,1.1358,7376.89
2025.05.27 17:00:00,1.13582,1.13612,1.1338,1.13411,10120.13
2025.05.27 18:00:00,1.13411,1.13412,1.1323,1.13251,8334.02
2025.05.27 19:00:00,1.13252,1.13352,1.13232,1.13315,7483.52
2025.05.27 20:00:00,1.13315,1.13367,1.13301,1.13327,5569.4
2025.05.27 21:00:00,1.13328,1.13386,1.13283,1.1337,6238.58
2025.05.27 22:00:00,1.13369,1.13386,1.13298,1.13307,6540.63
2025.05.27 23:00:00,1.13306,1.13325,1.1326,1.13291,4439.292
2025.05.28 00:00:00,1.13242,1.13313,1.13242,1.133,1508.29
2025.05.28 01:00:00,1.133,1.13367,1.13283,1.13362,1137.47
2025.05.28 02:00:00,1.13362,1.13378,1.13311,1.13366,1497.15
2025.05.28 03:00:00,1.13367,1.13454,1.1334,1.13344,5181.85
2025.05.28 04:00:00,1.13343,1.13387,1.1315,1.13171,10023.91
2025.05.28 05:00:00,1.13172,1.13256,1.13005,1.13052,8728.87
2025.05.28 06:00:00,1.13053,1.13129,1.13004,1.13072,6400.26
2025.05.28 07:00:00,1.13072,1.13104,1.13025,1.13059,4537.77
2025.05.28 08:00:00,1.13058,1.13147,1.12953,1.13147,6603.27
2025.05.28 09:00:00,1.13146,1.13167,1.13034,1.13044,8336.32
2025.05.28 10:00:00,1.13043,1.13309,1.13029,1.13264,7559.43
2025.05.28 11:00:00,1.13264,1.13343,1.13179,1.1332,6461.79
2025.05.28 12:00:00,1.13322,1.13403,1.13279,1.13334,6758.18
2025.05.28 13:00:00,1.13334,1.13406,1.13238,1.13257,5902.02
2025.05.28 14:00:00,1.13256,1.13286,1.13164,1.13177,6848.77
2025.05.28 15:00:00,1.13177,1.13245,1.13073,1.13109,8224.85
2025.05.28 16:00:00,1.1311,1.13135,1.12969,1.13087,12313.91
2025.05.28 17:00:00,1.13086,1.13246,1.13007,1.13021,10398.81
2025.05.28 18:00:00,1.13022,1.13086,1.12837,1.12844,12221.25
2025.05.28 19:00:00,1.12848,1.12966,1.12839,1.1294,7081.06
2025.05.28 20:00:00,1.1294,1.13007,1.12905,1.12911,5020.99
2025.05.28 21:00:00,1.1291,1.12979,1.12841,1.12934,6618.97
2025.05.28 22:00:00,1.12933,1.12956,1.12875,1.12892,5480.81
2025.05.28 23:00:00,1.12893,1.12957,1.12889,1.12915,4865.52
2025.05.29 00:00:00,1.12914,1.12946,1.12898,1.1294,952.29
2025.05.29 01:00:00,1.12936,1.12969,1.12901,1.12912,2683.96
2025.05.29 02:00:00,1.12916,1.12919,1.12103,1.12296,13237.49
2025.05.29 03:00:00,1.12294,1.12505,1.1223,1.12344,19008.36
2025.05.29 04:00:00,1.12343,1.12531,1.12233,1.12515,11179.18
2025.05.29 05:00:00,1.12516,1.12568,1.12415,1.12457,6967.92
2025.05.29 06:00:00,1.12456,1.12561,1.12424,1.12484,5763.21
2025.05.29 07:00:00,1.12484,1.12547,1.12439,1.12475,3636.85
2025.05.29 08:00:00,1.12476,1.12504,1.12309,1.12434,6573.04
2025.05.29 09:00:00,1.12435,1.12737,1.12422,1.12711,10025.92
2025.05.29 10:00:00,1.12711,1.12826,1.12709,1.12755,9351.81
2025.05.29 11:00:00,1.12755,1.12789,1.12619,1.12718,6495.67
2025.05.29 12:00:00,1.12719,1.12839,1.12714,1.12778,5115.15
2025.05.29 13:00:00,1.12778,1.12911,1.12763,1.12863,5526.39
2025.05.29 14:00:00,1.12862,1.12905,1.12679,1.12709,6056.12
2025.05.29 15:00:00,1.12708,1.13498,1.12708,1.13494,14270.48
2025.05.29 16:00:00,1.13496,1.136,1.13391,1.13511,10263.47
2025.05.29 17:00:00,1.13517,1.13692,1.13429,1.13499,9155.7
2025.05.29 18:00:00,1.13499,1.13705,1.13486,1.13694,9528.07
2025.05.29 19:00:00,1.13694,1.13797,1.13668,1.13711,9156.34
2025.05.29 20:00:00,1.13711,1.13843,1.13615,1.13769,6476.22
2025.05.29 21:00:00,1.13769,1.13843,1.1374,1.13749,4439.1
2025.05.29 22:00:00,1.13748,1.13781,1.13658,1.13665,4638.13
2025.05.29 23:00:00,1.13667,1.137,1.13606,1.13649,1928.29
2025.05.30 00:00:00,1.13647,1.13709,1.13647,1.1367,1394.49
2025.05.30 01:00:00,1.1368,1.13771,1.13666,1.13706,4479.5
2025.05.30 02:00:00,1.13711,1.13791,1.1369,1.13765,2872.15
2025.05.30 03:00:00,1.13768,1.13845,1.13644,1.13722,8761.2
2025.05.30 04:00:00,1.13723,1.13897,1.13521,1.13545,10324.21
2025.05.30 05:00:00,1.13547,1.13588,1.13482,1.13492,6512.85
2025.05.30 06:00:00,1.1349,1.13568,1.13456,1.13494,6464.94
2025.05.30 07:00:00,1.13496,1.13533,1.13453,1.13457,4509.16
2025.05.30 08:00:00,1.13458,1.13544,1.13429,1.13509,4977.71
2025.05.30 09:00:00,1.13512,1.13519,1.1336,1.13463,8060.82
2025.05.30 10:00:00,1.13462,1.13478,1.13276,1.13375,9968.58
2025.05.30 11:00:00,1.13379,1.13445,1.13231,1.13238,6909.73
2025.05.30 12:00:00,1.13237,1.13319,1.13233,1.13254,6040.59
2025.05.30 13:00:00,1.13254,1.13346,1.13245,1.13273,5428.74
2025.05.30 14:00:00,1.13274,1.13385,1.13233,1.1338,5753.01
2025.05.30 15:00:00,1.13378,1.13584,1.13346,1.1346,12918.38
2025.05.30 16:00:00,1.13463,1.13478,1.13123,1.13172,10314.19
2025.05.30 17:00:00,1.13172,1.13545,1.13134,1.1352,10970.56
2025.05.30 18:00:00,1.13521,1.13584,1.13433,1.13461,11295.17
2025.05.30 19:00:00,1.13461,1.13548,1.13433,1.13502,8828.47
2025.05.30 20:00:00,1.13504,1.13669,1.13496,1.13571,6179.76
2025.05.30 21:00:00,1.13569,1.13648,1.13546,1.13585,5361.45
2025.05.30 22:00:00,1.13584,1.13604,1.13492,1.13563,7283.26
2025.05.30 23:00:00,1.13562,1.13562,1.13447,1.13453,3768.52
2025.06.02 00:00:00,1.13439,1.13509,1.13435,1.13468,533.07
2025.06.02 01:00:00,1.13477,1.13572,1.13446,1.13547,5011.12
2025.06.02 02:00:00,1.13551,1.13602,1.13506,1.13526,3724.41
2025.06.02 03:00:00,1.13527,1.13746,1.13524,1.13685,7055.38
2025.06.02 04:00:00,1.13684,1.13819,1.13675,1.137,8217.27
2025.06.02 05:00:00,1.13698,1.13734,1.13618,1.13642,4708.12
2025.06.02 06:00:00,1.13641,1.13656,1.13541,1.13616,3412.22
2025.06.02 07:00:00,1.13617,1.13666,1.13596,1.13654,3804.12
2025.06.02 08:00:00,1.13655,1.13803,1.13635,1.13792,6414.76
2025.06.02 09:00:00,1.13793,1.14067,1.13782,1.14012,7277.15
2025.06.02 10:00:00,1.14011,1.14367,1.13985,1.14236,7447.4
2025.06.02 11:00:00,1.14237,1.14276,1.14127,1.142,7158.18
2025.06.02 12:00:00,1.142,1.14368,1.14191,1.14231,7003.64
2025.06.02 13:00:00,1.14233,1.1428,1.1413,1.14151,5161.09
2025.06.02 14:00:00,1.14152,1.14263,1.14092,1.14141,5823.44
2025.06.02 15:00:00,1.1414,1.14288,1.14111,1.14181,5765.78
2025.06.02 16:00:00,1.14182,1.14228,1.14042,1.14191,7659.83
2025.06.02 17:00:00,1.14202,1.14498,1.14202,1.14347,9296.52
2025.06.02 18:00:00,1.14347,1.14385,1.14239,1.14304,9079.1
2025.06.02 19:00:00,1.14305,1.14317,1.14116,1.14184,6587.56
2025.06.02 20:00:00,1.14183,1.14257,1.14159,1.14225,5241.39
2025.06.02 21:00:00,1.14225,1.14424,1.14189,1.14414,5013.21
2025.06.02 22:00:00,1.14414,1.14455,1.14335,1.14451,6697.92
2025.06.02 23:00:00,1.14451,1.14463,1.144,1.14419,2785.31
2025.06.03 00:00:00,1.14383,1.14415,1.14367,1.14386,3133.08
2025.06.03 01:00:00,1.14398,1.14457,1.14377,1.14447,1677.75
2025.06.03 02:00:00,1.14448,1.14538,1.14446,1.14531,3078.76
2025.06.03 03:00:00,1.1453,1.14544,1.14387,1.14432,5910.62
2025.06.03 04:00:00,1.1443,1.14432,1.14267,1.14277,8406.61
2025.06.03 05:00:00,1.14276,1.14304,1.14186,1.14255,5184.73
2025.06.03 06:00:00,1.14253,1.14271,1.14158,1.14196,4659.64
2025.06.03 07:00:00,1.14196,1.14254,1.14167,1.14251,3402.61
2025.06.03 08:00:00,1.14252,1.14273,1.14119,1.14218,4878.22
2025.06.03 09:00:00,1.14217,1.14312,1.14152,1.14286,6343.25
2025.06.03 10:00:00,1.14285,1.14322,1.14141,1.14157,7402.23
2025.06.03 11:00:00,1.14157,1.14184,1.14053,1.14113,6314.94
2025.06.03 12:00:00,1.14114,1.1418,1.14016,1.14117,4936.17
2025.06.03 13:00:00,1.14116,1.14125,1.13962,1.13976,4624.84
2025.06.03 14:00:00,1.13977,1.13991,1.13862,1.13904,5469.4
2025.06.03 15:00:00,1.13906,1.13939,1.13771,1.13817,6093.4
2025.06.03 16:00:00,1.13819,1.1395,1.13769,1.13876,8183.41
2025.06.03 17:00:00,1.13875,1.13932,1.13639,1.13918,11157.17
2025.06.03 18:00:00,1.13916,1.1393,1.13706,1.13718,7228.5
2025.06.03 19:00:00,1.1372,1.13833,1.13674,1.13732,5126.94
2025.06.03 20:00:00,1.13734,1.13817,1.13727,1.13781,4357.1
2025.06.03 21:00:00,1.13779,1.13779,1.13691,1.13746,3081.19
2025.06.03 22:00:00,1.13746,1.13761,1.13675,1.13684,2608.57
2025.06.03 23:00:00,1.13684,1.13741,1.13681,1.13699,1392
2025.06.04 00:00:00,1.13693,1.13765,1.1369,1.13741,1377.38
2025.06.04 01:00:00,1.13741,1.13749,1.13706,1.1374,1513.3395
2025.06.04 02:00:00,1.13741,1.13859,1.13739,1.1384,2931.41
2025.06.04 03:00:00,1.13838,1.1389,1.13783,1.13826,9376.15
2025.06.04 04:00:00,1.13825,1.13931,1.13714,1.13857,13061.08
2025.06.04 05:00:00,1.13855,1.13878,1.13734,1.13759,6567.64
2025.06.04 06:00:00,1.13757,1.13808,1.13654,1.13676,5974.31
2025.06.04 07:00:00,1.13677,1.13791,1.13647,1.13664,6778.67
2025.06.04 08:00:00,1.13667,1.13715,1.13568,1.13622,7659.92
2025.06.04 09:00:00,1.13624,1.13781,1.13572,1.13777,9846.87
2025.06.04 10:00:00,1.13777,1.13969,1.13756,1.13865,7242.87
2025.06.04 11:00:00,1.13864,1.14039,1.13828,1.13995,5880.96
2025.06.04 12:00:00,1.13994,1.13995,1.13813,1.13827,4904.03
2025.06.04 13:00:00,1.13828,1.13855,1.13747,1.13819,4773.43
2025.06.04 14:00:00,1.13819,1.13872,1.13769,1.13791,4444.63
2025.06.04 15:00:00,1.13792,1.14109,1.13792,1.14091,10636.22
2025.06.04 16:00:00,1.14091,1.14134,1.13928,1.13987,8151.49
2025.06.04 17:00:00,1.14004,1.14344,1.14004,1.14326,10894.49
2025.06.04 18:00:00,1.14325,1.14337,1.14168,1.14233,9120.51
2025.06.04 19:00:00,1.14234,1.14343,1.14197,1.14329,4369.07
2025.06.04 20:00:00,1.14332,1.14334,1.14233,1.14247,2957.52
2025.06.04 21:00:00,1.14247,1.14281,1.14201,1.14203,3080.51
2025.06.04 22:00:00,1.14202,1.14216,1.14121,1.14122,3272.29
2025.06.04 23:00:00,1.14122,1.14226,1.14101,1.14144,2707.46
2025.06.05 00:00:00,1.14143,1.14184,1.14123,1.14173,1039.47
2025.06.05 01:00:00,1.14173,1.14228,1.1417,1.14196,918.48
2025.06.05 02:00:00,1.14197,1.14285,1.14186,1.14205,1621.69
2025.06.05 03:00:00,1.14209,1.14293,1.14164,1.14288,4291.29
2025.06.05 04:00:00,1.1429,1.14347,1.14132,1.14164,6976.27
2025.06.05 05:00:00,1.14164,1.14195,1.14102,1.14176,4564.29
2025.06.05 06:00:00,1.14176,1.14225,1.14087,1.14104,6240.68
2025.06.05 07:00:00,1.14103,1.14143,1.14076,1.14102,4517.97
2025.06.05 08:00:00,1.14103,1.14136,1.14045,1.14059,5126.32
2025.06.05 09:00:00,1.14061,1.1417,1.1405,1.14089,7425.42
2025.06.05 10:00:00,1.1409,1.1425,1.14068,1.14118,7457.84
2025.06.05 11:00:00,1.1412,1.14192,1.14089,1.14127,5839.55
2025.06.05 12:00:00,1.14127,1.14216,1.14094,1.14185,5198.34
2025.06.05 13:00:00,1.14185,1.14326,1.14175,1.1424,4352.22
2025.06.05 14:00:00,1.14242,1.14283,1.14159,1.1426,4645.39
2025.06.05 15:00:00,1.1426,1.14485,1.14129,1.14293,14083.85
2025.06.05 16:00:00,1.14292,1.14948,1.14181,1.14803,18158.66
2025.06.05 17:00:00,1.14807,1.14821,1.14542,1.14578,14288.82
2025.06.05 18:00:00,1.14577,1.14589,1.14349,1.14389,9434.95
2025.06.05 19:00:00,1.14391,1.14478,1.14316,1.14478,6709.97
2025.06.05 20:00:00,1.14477,1.14481,1.14319,1.14429,4079.16
2025.06.05 21:00:00,1.14428,1.14441,1.1431,1.1442,5049.08
2025.06.05 22:00:00,1.14419,1.1448,1.14336,1.14379,8619.49
2025.06.05 23:00:00,1.1438,1.14451,1.14352,1.14444,4057.18
2025.06.06 00:00:00,1.14438,1.14495,1.14409,1.14422,1680.88
2025.06.06 01:00:00,1.14423,1.14517,1.14423,1.14514,2477.79
2025.06.06 02:00:00,1.14515,1.14536,1.14464,1.14533,2142.82
2025.06.06 03:00:00,1.14532,1.14572,1.14497,1.145,4599.96
2025.06.06 04:00:00,1.145,1.14521,1.14412,1.14423,7471.66
2025.06.06 05:00:00,1.14422,1.14434,1.14328,1.14376,6831.19
2025.06.06 06:00:00,1.14375,1.14437,1.14359,1.14401,3587.31
2025.06.06 07:00:00,1.144,1.14421,1.1437,1.14396,2362.89
2025.06.06 08:00:00,1.14396,1.14401,1.14306,1.14355,3908.81
2025.06.06 09:00:00,1.14355,1.14424,1.14245,1.14354,5575.99
2025.06.06 10:00:00,1.14353,1.14367,1.14214,1.14267,9053.53
2025.06.06 11:00:00,1.14266,1.14292,1.14115,1.14142,6059.21
2025.06.06 12:00:00,1.14141,1.14211,1.14108,1.14192,4703.7
2025.06.06 13:00:00,1.14195,1.14243,1.14173,1.14226,5457.14
2025.06.06 14:00:00,1.14227,1.14288,1.14169,1.14178,5541.67
2025.06.06 15:00:00,1.14178,1.14312,1.13849,1.13967,17022.89
2025.06.06 16:00:00,1.13966,1.14022,1.13715,1.13902,16164.24
2025.06.06 17:00:00,1.13904,1.14163,1.13806,1.13893,13586.92
2025.06.06 18:00:00,1.13893,1.14022,1.1381,1.13965,10538.8
2025.06.06 19:00:00,1.13963,1.14014,1.13858,1.1387,7171.38
2025.06.06 20:00:00,1.1387,1.13977,1.13844,1.1393,5207.28
2025.06.06 21:00:00,1.13932,1.13994,1.13925,1.13969,3446.84
2025.06.06 22:00:00,1.1397,1.14019,1.13924,1.1396,2881.13
2025.06.06 23:00:00,1.13958,1.13976,1.13907,1.13935,1748.95
2025.06.09 00:00:00,1.13952,1.13953,1.13903,1.1393,296.93
2025.06.09 01:00:00,1.13925,1.14067,1.13925,1.14063,2122.89
2025.06.09 02:00:00,1.14065,1.14111,1.14034,1.14061,2364.57
2025.06.09 03:00:00,1.14063,1.14088,1.13927,1.13936,4882.5
2025.06.09 04:00:00,1.13939,1.14171,1.13938,1.14149,6132.82
2025.06.09 05:00:00,1.14151,1.14253,1.14141,1.14171,5099.73
2025.06.09 06:00:00,1.14169,1.14209,1.14118,1.14119,3781.89
2025.06.09 07:00:00,1.14118,1.14187,1.14108,1.1418,2795.69
2025.06.09 08:00:00,1.14181,1.1424,1.14119,1.14217,3987.72
2025.06.09 09:00:00,1.1422,1.14295,1.14176,1.14271,6011.75
2025.06.09 10:00:00,1.1427,1.14285,1.14193,1.14222,7018.43
2025.06.09 11:00:00,1.14222,1.14359,1.14183,1.14282,6725.58
2025.06.09 12:00:00,1.14282,1.14391,1.14257,1.1426,5339.73
2025.06.09 13:00:00,1.14259,1.14289,1.14159,1.14194,3173.41
2025.06.09 14:00:00,1.14193,1.1423,1.14055,1.14172,5219.83
2025.06.09 15:00:00,1.14174,1.1418,1.13943,1.14001,6369.96
2025.06.09 16:00:00,1.14002,1.14043,1.13864,1.14017,7572.94
2025.06.09 17:00:00,1.14016,1.14088,1.13935,1.14078,5872.04
2025.06.09 18:00:00,1.14079,1.14254,1.14076,1.14242,4743.84
2025.06.09 19:00:00,1.14243,1.14255,1.14152,1.14245,2993.26
2025.06.09 20:00:00,1.14245,1.1426,1.14193,1.14221,2333.27
2025.06.09 21:00:00,1.14219,1.14307,1.14191,1.14278,2809.11
2025.06.09 22:00:00,1.14277,1.14292,1.14224,1.14228,2765.24
2025.06.09 23:00:00,1.14226,1.14268,1.14183,1.14183,1232.7
2025.06.10 00:00:00,1.14183,1.14228,1.14171,1.14202,659.66
2025.06.10 01:00:00,1.14201,1.14234,1.14198,1.14228,582.14
2025.06.10 02:00:00,1.14226,1.14283,1.14199,1.14261,758.53
2025.06.10 03:00:00,1.1426,1.14355,1.14216,1.14241,2837.37
2025.06.10 04:00:00,1.14242,1.1428,1.1395,1.13967,5392.15
2025.06.10 05:00:00,1.13963,1.14005,1.13859,1.13989,5728.58
2025.06.10 06:00:00,1.13988,1.14049,1.13914,1.14029,4579.98
2025.06.10 07:00:00,1.14029,1.14039,1.13913,1.13994,3100.17
2025.06.10 08:00:00,1.13995,1.14136,1.13975,1.1405,7105.22
2025.06.10 09:00:00,1.14052,1.14146,1.13919,1.13944,7522.54
2025.06.10 10:00:00,1.13944,1.13996,1.13729,1.1392,8639.48
2025.06.10 11:00:00,1.1392,1.14113,1.13912,1.14081,7319.84
2025.06.10 12:00:00,1.1408,1.14185,1.14035,1.14167,5756.11
2025.06.10 13:00:00,1.14169,1.1425,1.14114,1.14235,4542.57
2025.06.10 14:00:00,1.14234,1.14341,1.14192,1.1429,5151.52
2025.06.10 15:00:00,1.14291,1.14404,1.14247,1.14321,4951.02
2025.06.10 16:00:00,1.14318,1.14475,1.14304,1.14427,6662.78
2025.06.10 17:00:00,1.14427,1.14447,1.14202,1.14257,6453.43
2025.06.10 18:00:00,1.14257,1.14277,1.14156,1.14223,5900.25
2025.06.10 19:00:00,1.14223,1.14264,1.14159,1.14234,3312.6
2025.06.10 20:00:00,1.14235,1.14287,1.1417,1.14229,2416.4
2025.06.10 21:00:00,1.14226,1.1425,1.14163,1.14201,3617.07
2025.06.10 22:00:00,1.14201,1.14364,1.14189,1.14258,3653.95
2025.06.10 23:00:00,1.14257,1.14296,1.14191,1.14217,2910.46
2025.06.11 00:00:00,1.14207,1.14274,1.14207,1.14247,3069.63
2025.06.11 01:00:00,1.14253,1.14291,1.14221,1.14283,1224.69
2025.06.11 02:00:00,1.14284,1.14393,1.14219,1.14372,2786.43
2025.06.11 03:00:00,1.14375,1.14387,1.14202,1.14209,4121.7
2025.06.11 04:00:00,1.14209,1.14269,1.14061,1.14083,3309.29
2025.06.11 05:00:00,1.14085,1.14179,1.14071,1.14152,3035.92
2025.06.11 06:00:00,1.14152,1.14174,1.14114,1.14161,1952.01
2025.06.11 07:00:00,1.14162,1.14177,1.14119,1.14156,3078.05
2025.06.11 08:00:00,1.14155,1.14229,1.14134,1.14221,3109.97
2025.06.11 09:00:00,1.14219,1.14233,1.1407,1.14098,4612.68
2025.06.11 10:00:00,1.14101,1.14236,1.14052,1.14195,6102.98
2025.06.11 11:00:00,1.14195,1.14384,1.14182,1.14307,4069.1
2025.06.11 12:00:00,1.14307,1.14457,1.14297,1.14347,3950.6
2025.06.11 13:00:00,1.14351,1.14424,1.1433,1.14382,3298.22
2025.06.11 14:00:00,1.14383,1.14404,1.14264,1.14325,4045.87
2025.06.11 15:00:00,1.14327,1.14893,1.14281,1.14606,13427.81
2025.06.11 16:00:00,1.14606,1.14735,1.14527,1.14701,8961.77
2025.06.11 17:00:00,1.14702,1.14866,1.14671,1.14816,7410.16
2025.06.11 18:00:00,1.14816,1.14903,1.14745,1.14892,7524.09
2025.06.11 19:00:00,1.14891,1.14961,1.1482,1.14896,4839.2
2025.06.11 20:00:00,1.14897,1.14988,1.14881,1.14973,3086.02
2025.06.11 21:00:00,1.14975,1.14994,1.14835,1.14862,5163.9
2025.06.11 22:00:00,1.1486,1.14867,1.14792,1.14827,2591.37
2025.06.11 23:00:00,1.14828,1.14893,1.148,1.14872,2496.91
2025.06.12 00:00:00,1.14854,1.1488,1.14837,1.14877,1049.87
2025.06.12 01:00:00,1.14879,1.15084,1.14866,1.15055,2345.12
2025.06.12 02:00:00,1.15057,1.15129,1.15042,1.15099,3535.35
2025.06.12 03:00:00,1.15102,1.15264,1.15017,1.15211,4872.25
2025.06.12 04:00:00,1.15211,1.15291,1.15146,1.15186,4892
2025.06.12 05:00:00,1.15186,1.15191,1.15065,1.15112,3693.28
2025.06.12 06:00:00,1.15111,1.1522,1.15103,1.15196,2970.73
2025.06.12 07:00:00,1.15196,1.15196,1.15119,1.15154,2992.05
2025.06.12 08:00:00,1.15151,1.15326,1.15106,1.15278,4471.79
2025.06.12 09:00:00,1.15277,1.15313,1.15112,1.15222,6729.85
2025.06.12 10:00:00,1.15223,1.15278,1.15056,1.15263,7484.53
2025.06.12 11:00:00,1.15262,1.15471,1.1523,1.15443,6879.44
2025.06.12 12:00:00,1.15442,1.15885,1.154,1.1572,7637.23
2025.06.12 13:00:00,1.15719,1.16105,1.15666,1.15929,11217.57
2025.06.12 14:00:00,1.15928,1.16065,1.15837,1.15894,7703.81
2025.06.12 15:00:00,1.15894,1.16311,1.15879,1.16098,11529.52
2025.06.12 16:00:00,1.16097,1.16171,1.15793,1.15848,10076.37
2025.06.12 17:00:00,1.15848,1.15901,1.15788,1.15819,7821.95
2025.06.12 18:00:00,1.15818,1.15849,1.15673,1.15768,8826.26
2025.06.12 19:00:00,1.15769,1.15793,1.15667,1.15759,6894.95
2025.06.12 20:00:00,1.15759,1.15779,1.15636,1.1575,3950.42
2025.06.12 21:00:00,1.15749,1.15805,1.15699,1.15775,2679.77
2025.06.12 22:00:00,1.15777,1.15806,1.15746,1.1576,2921.7
2025.06.12 23:00:00,1.15759,1.15876,1.15755,1.15834,2270.34
2025.06.13 00:00:00,1.15807,1.1588,1.15762,1.1588,938.79
2025.06.13 01:00:00,1.15882,1.15926,1.15867,1.15895,1402.06
2025.06.13 02:00:00,1.15898,1.16093,1.15865,1.16084,2531.91
2025.06.13 03:00:00,1.16083,1.16143,1.15392,1.15585,21146.46
2025.06.13 04:00:00,1.15585,1.15603,1.15374,1.15482,12006.16
2025.06.13 05:00:00,1.15481,1.15584,1.15369,1.15449,7190.46
2025.06.13 06:00:00,1.15448,1.1546,1.15275,1.1537,7586.83
2025.06.13 07:00:00,1.15371,1.15409,1.15141,1.1525,5628.98
2025.06.13 08:00:00,1.15252,1.15368,1.15117,1.15293,7172.58
2025.06.13 09:00:00,1.15296,1.15462,1.15237,1.15419,14109.44
2025.06.13 10:00:00,1.15418,1.15603,1.15351,1.15355,10176.33
2025.06.13 11:00:00,1.15354,1.15468,1.15253,1.15283,6538.81
2025.06.13 12:00:00,1.15283,1.15357,1.15183,1.15234,6794.47
2025.06.13 13:00:00,1.15233,1.15294,1.1489,1.15046,8323.78
2025.06.13 14:00:00,1.15047,1.15107,1.14907,1.151,9199.09
2025.06.13 15:00:00,1.15098,1.15226,1.15064,1.15162,6888.78
2025.06.13 16:00:00,1.15162,1.15275,1.15011,1.15227,7957.91
2025.06.13 17:00:00,1.15229,1.15462,1.15207,1.15444,8333.02
2025.06.13 18:00:00,1.15442,1.15694,1.1538,1.1556,8210.25
2025.06.13 19:00:00,1.1556,1.15659,1.15522,1.15542,5376.56
2025.06.13 20:00:00,1.15543,1.15553,1.1537,1.1549,4299.7
2025.06.13 21:00:00,1.15492,1.15508,1.15334,1.15412,6178.09
2025.06.13 22:00:00,1.15408,1.15516,1.15366,1.15499,3706.96
2025.06.13 23:00:00,1.15497,1.15529,1.15377,1.15457,3947.2
2025.06.16 00:00:00,1.15309,1.15355,1.15258,1.15309,602.93
2025.06.16 01:00:00,1.1531,1.15469,1.15256,1.15404,8971.95
2025.06.16 02:00:00,1.15405,1.15415,1.15273,1.15376,4055.47
2025.06.16 03:00:00,1.15376,1.15463,1.15306,1.15345,6128.43
2025.06.16 04:00:00,1.15345,1.15437,1.15317,1.15322,6894.68
2025.06.16 05:00:00,1.15325,1.15361,1.15261,1.15303,6215.62
2025.06.16 06:00:00,1.15302,1.15348,1.15238,1.15272,5729.45
2025.06.16 07:00:00,1.15273,1.15371,1.15273,1.15358,3189.28
2025.06.16 08:00:00,1.15362,1.15622,1.1536,1.15568,6644.58
2025.06.16 09:00:00,1.1557,1.15758,1.15397,1.15734,11145.88
2025.06.16 10:00:00,1.15735,1.15865,1.15669,1.15786,7996.51
2025.06.16 11:00:00,1.15789,1.15846,1.15752,1.15785,6915.57
2025.06.16 12:00:00,1.15784,1.15845,1.15761,1.15839,7058.68
2025.06.16 13:00:00,1.15841,1.15858,1.15722,1.15751,4864.18
2025.06.16 14:00:00,1.15751,1.15837,1.15696,1.15728,4152.69
2025.06.16 15:00:00,1.15729,1.15846,1.15707,1.15838,6318.18
2025.06.16 16:00:00,1.15838,1.16049,1.15838,1.1601,8792.59
2025.06.16 17:00:00,1.16012,1.16147,1.15894,1.15911,9218.75
2025.06.16 18:00:00,1.15914,1.15949,1.15789,1.15799,7278.5
2025.06.16 19:00:00,1.15801,1.15859,1.15783,1.15838,4305.61
2025.06.16 20:00:00,1.1584,1.1585,1.15723,1.15778,3629.55
2025.06.16 21:00:00,1.15778,1.15812,1.15736,1.15796,5734.08
2025.06.16 22:00:00,1.15795,1.15797,1.15547,1.15554,3864.38
2025.06.16 23:00:00,1.15552,1.15634,1.15543,1.15589,1882.45
2025.06.17 00:00:00,1.15589,1.15635,1.15565,1.15623,1594.56
2025.06.17 01:00:00,1.15623,1.15636,1.15532,1.15556,3367.21
2025.06.17 02:00:00,1.15556,1.15618,1.15489,1.15534,3048.29
2025.06.17 03:00:00,1.15536,1.15543,1.15423,1.15495,8388.73
2025.06.17 04:00:00,1.15497,1.15601,1.15494,1.15542,5415.31
2025.06.17 05:00:00,1.15542,1.15606,1.15455,1.15586,4930.83
2025.06.17 06:00:00,1.15583,1.15638,1.15548,1.15619,6953.05
2025.06.17 07:00:00,1.1562,1.15671,1.15592,1.15607,4670.26
2025.06.17 08:00:00,1.15608,1.15654,1.15523,1.1558,5705.13
2025.06.17 09:00:00,1.15579,1.15723,1.15526,1.15622,7587.31
2025.06.17 10:00:00,1.1562,1.15636,1.15453,1.15578,9338.81
2025.06.17 11:00:00,1.15578,1.15597,1.15499,1.15516,4779.16
2025.06.17 12:00:00,1.15514,1.15609,1.155,1.15567,5300.71
2025.06.17 13:00:00,1.15566,1.15686,1.1555,1.1568,4144.06
2025.06.17 14:00:00,1.15674,1.15735,1.15574,1.15617,4742.44
2025.06.17 15:00:00,1.15618,1.15796,1.15476,1.15503,8929.99
2025.06.17 16:00:00,1.15504,1.15694,1.15504,1.15586,7437.73
2025.06.17 17:00:00,1.15588,1.15608,1.15105,1.15265,9292.64
2025.06.17 18:00:00,1.15267,1.15353,1.15184,1.15341,8385.33
2025.06.17 19:00:00,1.15339,1.15391,1.14986,1.15026,6837.06
2025.06.17 20:00:00,1.15026,1.15084,1.14781,1.14863,11922.31
2025.06.17 21:00:00,1.14864,1.14903,1.14749,1.14795,6780.19
2025.06.17 22:00:00,1.14792,1.14886,1.1477,1.14843,5590.46
2025.06.17 23:00:00,1.14844,1.14855,1.14745,1.14794,2825.61
2025.06.18 00:00:00,1.14794,1.14858,1.14763,1.14813,1001.85
2025.06.18 01:00:00,1.14815,1.14835,1.14743,1.14745,1516.48
2025.06.18 02:00:00,1.1475,1.14825,1.14749,1.14816,1482.73
2025.06.18 03:00:00,1.14817,1.14967,1.14807,1.1492,6793
2025.06.18 04:00:00,1.1492,1.15006,1.14893,1.14966,9571.19
2025.06.18 05:00:00,1.14966,1.15011,1.14931,1.14975,3843.43
2025.06.18 06:00:00,1.14975,1.15049,1.14959,1.14997,2964.76
2025.06.18 07:00:00,1.15,1.15079,1.14965,1.15056,3170.43
2025.06.18 08:00:00,1.15054,1.15071,1.15003,1.15041,3002.73
2025.06.18 09:00:00,1.15042,1.15151,1.15005,1.15102,8714.35
2025.06.18 10:00:00,1.15104,1.15234,1.15091,1.15132,6079.45
2025.06.18 11:00:00,1.15131,1.15161,1.14983,1.15018,4693.09
2025.06.18 12:00:00,1.15018,1.15105,1.14967,1.15035,4311.49
2025.06.18 13:00:00,1.15036,1.15108,1.14917,1.14935,3509.39
2025.06.18 14:00:00,1.14933,1.15085,1.1492,1.15074,4234.17
2025.06.18 15:00:00,1.15072,1.15168,1.15011,1.15059,5546.34
2025.06.18 16:00:00,1.15057,1.15087,1.14879,1.14886,6907.28
2025.06.18 17:00:00,1.14885,1.1523,1.1484,1.15072,13467.61
2025.06.18 18:00:00,1.15073,1.153,1.15056,1.15203,7038.79
2025.06.18 19:00:00,1.15202,1.15249,1.15014,1.1503,4162.12
2025.06.18 20:00:00,1.1503,1.1509,1.14878,1.14969,4859.49
2025.06.18 21:00:00,1.14968,1.15289,1.14737,1.14749,23027.38
2025.06.18 22:00:00,1.1475,1.14875,1.14608,1.14742,18231.45
2025.06.18 23:00:00,1.14741,1.1484,1.14719,1.14776,3771.28
2025.06.19 00:00:00,1.14777,1.14824,1.14738,1.14818,1085.64
2025.06.19 01:00:00,1.14819,1.14887,1.14747,1.148,1738.68
2025.06.19 02:00:00,1.14802,1.14816,1.14707,1.14758,2304.37
2025.06.19 03:00:00,1.14758,1.14835,1.14739,1.14808,6868.1
2025.06.19 04:00:00,1.14808,1.14818,1.14518,1.14529,9403.25
2025.06.19 05:00:00,1.14528,1.14579,1.14502,1.1455,5102.16
2025.06.19 06:00:00,1.1455,1.14682,1.14531,1.14657,3314.21
2025.06.19 07:00:00,1.1466,1.14692,1.1463,1.1469,2331.6
2025.06.19 08:00:00,1.1469,1.14691,1.14507,1.14563,4254.81
2025.06.19 09:00:00,1.14564,1.14676,1.14461,1.14666,5540.81
2025.06.19 10:00:00,1.14667,1.14768,1.146,1.14614,6588.49
2025.06.19 11:00:00,1.14613,1.14792,1.14564,1.14765,8583.86
2025.06.19 12:00:00,1.14767,1.14797,1.14693,1.14754,4733.09
2025.06.19 13:00:00,1.14753,1.1479,1.14693,1.14733,4297.31
2025.06.19 14:00:00,1.14735,1.14874,1.14675,1.1481,5143.92
2025.06.19 15:00:00,1.14807,1.1486,1.14695,1.14775,5742.01
2025.06.19 16:00:00,1.14774,1.14844,1.14713,1.14726,5242.63
2025.06.19 17:00:00,1.14725,1.14806,1.14617,1.14684,5369.11
2025.06.19 18:00:00,1.14685,1.14722,1.14583,1.14597,3779.13
2025.06.19 19:00:00,1.14596,1.14613,1.14545,1.14563,2006.92
2025.06.19 20:00:00,1.14562,1.14829,1.14552,1.14789,1790.37
2025.06.19 21:00:00,1.14787,1.14868,1.14772,1.14848,1281.35
2025.06.19 22:00:00,1.14849,1.14999,1.14841,1.14974,2306.03
2025.06.19 23:00:00,1.14974,1.14992,1.1492,1.14942,2215.1
2025.06.20 00:00:00,1.14942,1.14972,1.14917,1.14939,706.74
2025.06.20 01:00:00,1.1494,1.15001,1.14914,1.14972,2605.8
2025.06.20 02:00:00,1.14978,1.15125,1.14966,1.15113,2594.61
2025.06.20 03:00:00,1.15112,1.15238,1.15105,1.15225,4979.46
2025.06.20 04:00:00,1.15227,1.1523,1.15129,1.15131,6419.07
2025.06.20 05:00:00,1.15131,1.15215,1.15108,1.15179,4879.31
2025.06.20 06:00:00,1.1518,1.15302,1.15151,1.15293,5261.47
2025.06.20 07:00:00,1.15292,1.15323,1.1524,1.15267,4028.52
2025.06.20 08:00:00,1.15267,1.15289,1.1519,1.15271,4798.52
2025.06.20 09:00:00,1.15271,1.15295,1.15138,1.15164,7787.17
2025.06.20 10:00:00,1.15165,1.15193,1.15099,1.15163,6242.74
2025.06.20 11:00:00,1.15162,1.15266,1.15114,1.15226,4055.94
2025.06.20 12:00:00,1.15224,1.15283,1.15194,1.15268,3434.34
2025.06.20 13:00:00,1.15267,1.15349,1.15225,1.1524,3093.21
2025.06.20 14:00:00,1.1524,1.15259,1.15117,1.15211,4863.45
2025.06.20 15:00:00,1.1521,1.15267,1.15055,1.15125,7991.22
2025.06.20 16:00:00,1.15127,1.15213,1.15089,1.15182,6117.76
2025.06.20 17:00:00,1.15181,1.15191,1.1495,1.15135,6906.44
2025.06.20 18:00:00,1.15136,1.15287,1.1511,1.15195,6394.15
2025.06.20 19:00:00,1.15196,1.1537,1.15191,1.15358,3981.15
2025.06.20 20:00:00,1.1536,1.15439,1.15317,1.15321,3798.45
2025.06.20 21:00:00,1.1532,1.15369,1.15269,1.15286,2842.06
2025.06.20 22:00:00,1.15285,1.15316,1.15153,1.15156,2602.2
2025.06.20 23:00:00,1.15155,1.15227,1.15137,1.15189,2019.94
2025.06.23 00:00:00,1.14602,1.14742,1.14544,1.14711,890.45
2025.06.23 01:00:00,1.14702,1.14943,1.14702,1.14885,7017.69
2025.06.23 02:00:00,1.14892,1.15073,1.14857,1.14995,2505.53
2025.06.23 03:00:00,1.14995,1.15056,1.14808,1.14892,6508.21
2025.06.23 04:00:00,1.14893,1.14925,1.1472,1.14918,6848.83
2025.06.23 05:00:00,1.1492,1.15066,1.1492,1.14994,6803.56
2025.06.23 06:00:00,1.14996,1.15034,1.14919,1.14939,4286.85
2025.06.23 07:00:00,1.14937,1.14963,1.1485,1.14905,3392.7
2025.06.23 08:00:00,1.14906,1.15142,1.14905,1.1513,5605.11
2025.06.23 09:00:00,1.15129,1.15211,1.15034,1.15071,6856.1
2025.06.23 10:00:00,1.1507,1.1516,1.14905,1.14986,8515.96
2025.06.23 11:00:00,1.14985,1.15019,1.14802,1.14815,6660.77
2025.06.23 12:00:00,1.14815,1.14828,1.14533,1.1472,9420.61
2025.06.23 13:00:00,1.14718,1.14819,1.14593,1.14624,7365.54
2025.06.23 14:00:00,1.14622,1.14744,1.14603,1.14727,5676.84
2025.06.23 15:00:00,1.14726,1.14779,1.1457,1.14674,5369.44
2025.06.23 16:00:00,1.14673,1.14938,1.14645,1.14895,9985.3
2025.06.23 17:00:00,1.14893,1.15404,1.14892,1.15307,18914.82
2025.06.23 18:00:00,1.15308,1.15519,1.15286,1.15371,10292.89
2025.06.23 19:00:00,1.15371,1.15573,1.15177,1.15447,9245.83
2025.06.23 20:00:00,1.15447,1.15734,1.15405,1.15691,9215.38
2025.06.23 21:00:00,1.1569,1.15778,1.15659,1.15741,6119.55
2025.06.23 22:00:00,1.15739,1.15787,1.15702,1.15782,3372.05
2025.06.23 23:00:00,1.15783,1.15814,1.15741,1.15741,2127.65
2025.06.24 00:00:00,1.1574,1.15779,1.1574,1.15757,1853.39
2025.06.24 01:00:00,1.15757,1.16023,1.1574,1.15921,6200.34
2025.06.24 02:00:00,1.15928,1.16082,1.15864,1.15979,5882.9
2025.06.24 03:00:00,1.15977,1.16088,1.15894,1.15989,7692.86
2025.06.24 04:00:00,1.15989,1.16055,1.15897,1.15906,6954.22
2025.06.24 05:00:00,1.15907,1.16013,1.15865,1.16,3462.68
2025.06.24 06:00:00,1.16004,1.16096,1.15998,1.16056,3357.96
2025.06.24 07:00:00,1.16056,1.1614,1.16019,1.16063,4078.05
2025.06.24 08:00:00,1.16062,1.16138,1.16012,1.16107,5355.95
2025.06.24 09:00:00,1.16105,1.16221,1.16012,1.16051,10082.76
2025.06.24 10:00:00,1.1605,1.16104,1.15798,1.15918,11375.33
2025.06.24 11:00:00,1.15909,1.15995,1.15853,1.15924,6218.5
2025.06.24 12:00:00,1.15924,1.16178,1.15918,1.16095,5665.14
2025.06.24 13:00:00,1.16094,1.16095,1.15941,1.15966,3564.63
2025.06.24 14:00:00,1.15967,1.1615,1.15963,1.16084,4271.68
2025.06.24 15:00:00,1.16082,1.16111,1.15938,1.16003,5453.59
2025.06.24 16:00:00,1.16004,1.16029,1.1582,1.15915,7119.14
2025.06.24 17:00:00,1.15916,1.16417,1.15905,1.16167,12459.53
2025.06.24 18:00:00,1.16165,1.16365,1.16065,1.16071,9924.9
2025.06.24 19:00:00,1.16072,1.16248,1.16049,1.16238,5645.25
2025.06.24 20:00:00,1.16238,1.16324,1.16223,1.16259,5055.57
2025.06.24 21:00:00,1.16259,1.16288,1.16197,1.16234,3112.69
2025.06.24 22:00:00,1.16234,1.16248,1.16118,1.16124,2287.93
2025.06.24 23:00:00,1.16125,1.16156,1.16079,1.16089,2289.53
2025.06.25 00:00:00,1.16081,1.16135,1.1605,1.16079,1735.13
2025.06.25 01:00:00,1.1608,1.16111,1.16042,1.16074,1438.1
2025.06.25 02:00:00,1.16077,1.16153,1.16073,1.16121,1053.85
2025.06.25 03:00:00,1.1612,1.16267,1.1611,1.1625,3346.9
2025.06.25 04:00:00,1.16252,1.16314,1.16173,1.16283,6057.86
2025.06.25 05:00:00,1.16287,1.16292,1.16173,1.16205,5048.06
2025.06.25 06:00:00,1.16203,1.16231,1.16109,1.16116,3550.74
2025.06.25 07:00:00,1.16117,1.16177,1.16113,1.16136,2184.1
2025.06.25 08:00:00,1.16135,1.16203,1.16092,1.16189,6915.78
2025.06.25 09:00:00,1.1619,1.16224,1.16034,1.16071,4848.2
2025.06.25 10:00:00,1.16071,1.1609,1.15898,1.15987,4741.2
2025.06.25 11:00:00,1.15988,1.16112,1.15929,1.16099,4640.51
2025.06.25 12:00:00,1.16098,1.1611,1.1592,1.16005,3874.8
2025.06.25 13:00:00,1.16007,1.16081,1.15971,1.16035,3105.19
2025.06.25 14:00:00,1.16035,1.16132,1.15967,1.15993,3325.63
2025.06.25 15:00:00,1.15991,1.16051,1.15901,1.15928,4719.48
2025.06.25 16:00:00,1.15926,1.16075,1.15902,1.16008,4442.62
2025.06.25 17:00:00,1.16006,1.16234,1.16006,1.1621,7327.86
2025.06.25 18:00:00,1.16209,1.16296,1.16166,1.16198,5461.08
2025.06.25 19:00:00,1.16196,1.16357,1.16195,1.16306,5250.73
2025.06.25 20:00:00,1.16308,1.16442,1.16268,1.16425,3040.4
2025.06.25 21:00:00,1.16424,1.16611,1.16418,1.16608,4606.55
2025.06.25 22:00:00,1.1661,1.1665,1.16564,1.16582,2427.41
2025.06.25 23:00:00,1.16583,1.1661,1.16509,1.16583,3042.54
2025.06.26 00:00:00,1.16574,1.16579,1.16533,1.16553,1283.51
2025.06.26 01:00:00,1.16555,1.16602,1.16553,1.1659,1073.37
2025.06.26 02:00:00,1.16594,1.16845,1.16591,1.16831,2466.74
2025.06.26 03:00:00,1.16832,1.16887,1.16801,1.16819,2971.36
2025.06.26 04:00:00,1.1682,1.16877,1.16673,1.16863,3515.16
2025.06.26 05:00:00,1.16864,1.1695,1.16821,1.16902,3678.74
2025.06.26 06:00:00,1.16905,1.17174,1.16887,1.16945,4326.72
2025.06.26 07:00:00,1.16945,1.16947,1.16785,1.16797,3429.91
2025.06.26 08:00:00,1.16795,1.16859,1.16753,1.16849,3492.85
2025.06.26 09:00:00,1.16849,1.17003,1.16716,1.16993,7268.38
2025.06.26 10:00:00,1.16993,1.17132,1.16913,1.17101,6727.94
2025.06.26 11:00:00,1.17101,1.17449,1.17068,1.17275,7510.34
2025.06.26 12:00:00,1.17276,1.17288,1.17126,1.17251,5033.92
2025.06.26 13:00:00,1.17249,1.17309,1.17134,1.17148,3796.93
2025.06.26 14:00:00,1.17148,1.17155,1.16938,1.16946,5081.29
2025.06.26 15:00:00,1.16949,1.17127,1.16898,1.17066,10043.43
2025.06.26 16:00:00,1.17068,1.17209,1.16943,1.17169,8369.73
2025.06.26 17:00:00,1.17169,1.17189,1.17059,1.17081,8508.95
2025.06.26 18:00:00,1.17082,1.17173,1.16903,1.17167,6683.56
2025.06.26 19:00:00,1.17168,1.17401,1.171,1.17292,4559.6
2025.06.26 20:00:00,1.17291,1.1732,1.17205,1.17248,4063.06
2025.06.26 21:00:00,1.17247,1.17287,1.17178,1.17204,2091.82
2025.06.26 22:00:00,1.17205,1.17205,1.1704,1.17044,2843.26
2025.06.26 23:00:00,1.17044,1.17084,1.16939,1.16999,2253.43
2025.06.27 00:00:00,1.17,1.1702,1.16902,1.16956,2550.99
2025.06.27 01:00:00,1.16951,1.1698,1.16806,1.16829,2025.76
2025.06.27 02:00:00,1.16828,1.1698,1.16828,1.1693,1908.86
2025.06.27 03:00:00,1.16931,1.1698,1.1688,1.16917,5244.91
2025.06.27 04:00:00,1.16916,1.17041,1.16859,1.17011,4660.53
2025.06.27 05:00:00,1.17012,1.17055,1.16859,1.16996,4089.95
2025.06.27 06:00:00,1.16999,1.17093,1.16952,1.16959,3640.82
2025.06.27 07:00:00,1.16958,1.1698,1.16847,1.16849,2340.72
2025.06.27 08:00:00,1.1685,1.16935,1.16848,1.16889,2125.22
2025.06.27 09:00:00,1.16888,1.17188,1.16837,1.17186,4847.17
2025.06.27 10:00:00,1.17184,1.17269,1.17068,1.17145,4543.34
2025.06.27 11:00:00,1.17147,1.1726,1.17085,1.17094,3967.23
2025.06.27 12:00:00,1.17096,1.17111,1.17014,1.17091,3322.82
2025.06.27 13:00:00,1.17091,1.17153,1.17011,1.17137,3399.68
2025.06.27 14:00:00,1.17138,1.17201,1.17106,1.1714,3384.56
2025.06.27 15:00:00,1.17141,1.17494,1.17029,1.17468,9272.23
2025.06.27 16:00:00,1.17469,1.17539,1.17155,1.17278,7984.77
2025.06.27 17:00:00,1.17276,1.17383,1.17054,1.17182,7850.74
2025.06.27 18:00:00,1.17183,1.17302,1.17113,1.17235,4963.89
2025.06.27 19:00:00,1.17233,1.17321,1.17172,1.17222,3854.29
2025.06.27 20:00:00,1.17223,1.17239,1.16952,1.1702,6020.51
2025.06.27 21:00:00,1.17018,1.17056,1.16879,1.16995,5000.04
2025.06.27 22:00:00,1.16995,1.17089,1.16989,1.17066,3058.2
2025.06.27 23:00:00,1.17063,1.17205,1.17058,1.17162,2957.04
2025.06.30 00:00:00,1.17287,1.17312,1.17218,1.17309,356.08
2025.06.30 01:00:00,1.17304,1.17325,1.17215,1.17296,3094.31
2025.06.30 02:00:00,1.17297,1.17385,1.17259,1.17263,2946.9
2025.06.30 03:00:00,1.17264,1.17281,1.17158,1.17179,4293.88
2025.06.30 04:00:00,1.1718,1.17347,1.17149,1.17203,5007.99
2025.06.30 05:00:00,1.172,1.17314,1.17179,1.17191,4363.41
2025.06.30 06:00:00,1.17189,1.17219,1.17115,1.17121,2257.62
2025.06.30 07:00:00,1.17123,1.17317,1.1712,1.17302,2256.44
2025.06.30 08:00:00,1.17301,1.17384,1.17232,1.1726,3931.45
2025.06.30 09:00:00,1.17262,1.17506,1.17207,1.17432,5336.28
2025.06.30 10:00:00,1.17431,1.17431,1.17245,1.17246,6119.4
2025.06.30 11:00:00,1.17243,1.17303,1.17135,1.17294,5368.86
2025.06.30 12:00:00,1.17291,1.17328,1.17172,1.17195,4147.36
2025.06.30 13:00:00,1.17194,1.17247,1.17165,1.17245,3379.98
2025.06.30 14:00:00,1.17245,1.17316,1.17224,1.17224,3098.52
2025.06.30 15:00:00,1.17227,1.17251,1.17075,1.17133,9118.63
2025.06.30 16:00:00,1.17133,1.17214,1.17119,1.17213,6819.25
2025.06.30 17:00:00,1.17211,1.17509,1.17107,1.17385,9954.51
2025.06.30 18:00:00,1.17385,1.17716,1.17334,1.17697,8121.88
2025.06.30 19:00:00,1.17694,1.17698,1.17488,1.17624,5988.3
2025.06.30 20:00:00,1.17622,1.17705,1.17603,1.17657,3069.32
2025.06.30 21:00:00,1.17657,1.178,1.17646,1.17757,2690.71
2025.06.30 22:00:00,1.17755,1.17805,1.17723,1.17795,2186.99
2025.06.30 23:00:00,1.17796,1.17881,1.17774,1.17869,2344.93
2025.07.01 00:00:00,1.17865,1.17866,1.17778,1.17796,1494.26
2025.07.01 01:00:00,1.178,1.17907,1.17775,1.17857,2449.4
2025.07.01 02:00:00,1.17855,1.17874,1.17832,1.17863,1600.13
2025.07.01 03:00:00,1.17862,1.17978,1.17861,1.17973,5062.68
2025.07.01 04:00:00,1.17974,1.18076,1.17793,1.17801,5180.05
2025.07.01 05:00:00,1.17799,1.17895,1.17776,1.17879,3275.36
2025.07.01 06:00:00,1.17878,1.17938,1.17866,1.17892,2740.84
2025.07.01 07:00:00,1.17894,1.17937,1.17826,1.17862,3325.21
2025.07.01 08:00:00,1.17862,1.17894,1.17801,1.17865,2117.01
2025.07.01 09:00:00,1.17864,1.17865,1.17758,1.17793,4334.61
2025.07.01 10:00:00,1.17793,1.17878,1.17673,1.17858,5221.62
2025.07.01 11:00:00,1.17856,1.18172,1.17743,1.18043,8357.1
2025.07.01 12:00:00,1.18041,1.18298,1.17966,1.18136,8142.59
2025.07.01 13:00:00,1.18137,1.18232,1.18109,1.18112,3960.2
2025.07.01 14:00:00,1.18113,1.18192,1.18058,1.18139,3900.67
2025.07.01 15:00:00,1.18137,1.18174,1.18023,1.18036,4750.43
2025.07.01 16:00:00,1.18037,1.18118,1.17931,1.18016,7535.15
2025.07.01 17:00:00,1.18017,1.18028,1.17751,1.17796,12609.16
2025.07.01 18:00:00,1.17794,1.17795,1.17689,1.17758,6764.83
2025.07.01 19:00:00,1.17757,1.17758,1.17611,1.17652,4929.38
2025.07.01 20:00:00,1.17654,1.17836,1.17654,1.17827,5368.36
2025.07.01 21:00:00,1.17826,1.17835,1.17749,1.17807,2182.56
2025.07.01 22:00:00,1.17806,1.17913,1.17792,1.17909,6142.5
2025.07.01 23:00:00,1.17908,1.18068,1.17906,1.18059,3444.82
2025.07.02 00:00:00,1.18053,1.18053,1.17993,1.18034,3747.1
2025.07.02 01:00:00,1.18033,1.18064,1.1802,1.18025,1155.93
2025.07.02 02:00:00,1.18026,1.18068,1.17992,1.1805,943.21
2025.07.02 03:00:00,1.18048,1.18081,1.17991,1.18076,2184.31
2025.07.02 04:00:00,1.18077,1.18098,1.17918,1.17934,5901.81
2025.07.02 05:00:00,1.17936,1.18015,1.1788,1.18002,5875.85
2025.07.02 06:00:00,1.18001,1.18027,1.17962,1.18002,1880.53
2025.07.02 07:00:00,1.18001,1.18011,1.17957,1.17963,874.99
2025.07.02 08:00:00,1.17962,1.17981,1.17846,1.17871,2067.72
2025.07.02 09:00:00,1.17875,1.17934,1.17734,1.17813,6478.56
2025.07.02 10:00:00,1.17812,1.17834,1.17708,1.17738,4775
2025.07.02 11:00:00,1.17737,1.17814,1.17698,1.17755,5094.79
2025.07.02 12:00:00,1.17756,1.17775,1.1767,1.17701,3895.01
2025.07.02 13:00:00,1.17702,1.17808,1.17645,1.17673,3537.57
2025.07.02 14:00:00,1.17673,1.17711,1.17467,1.17494,4326.5
2025.07.02 15:00:00,1.17494,1.17883,1.1747,1.17562,16329.24
2025.07.02 16:00:00,1.17561,1.17774,1.17546,1.17596,8728.05
2025.07.02 17:00:00,1.17596,1.17706,1.17508,1.17674,9408.44
2025.07.02 18:00:00,1.17672,1.17898,1.17658,1.17891,9389.94
2025.07.02 19:00:00,1.17891,1.17938,1.17855,1.17884,5984.94
2025.07.02 20:00:00,1.17885,1.18,1.17884,1.17953,3399.93
2025.07.02 21:00:00,1.17951,1.18,1.17931,1.17994,2284.73
2025.07.02 22:00:00,1.17992,1.18031,1.17952,1.18021,2202.25
2025.07.02 23:00:00,1.18021,1.18023,1.17954,1.17983,1469.7
2025.07.03 00:00:00,1.17981,1.17985,1.17869,1.17938,1587.67
2025.07.03 01:00:00,1.17932,1.17999,1.17932,1.17979,1259.83
2025.07.03 02:00:00,1.1798,1.1802,1.17969,1.17985,814.71
2025.07.03 03:00:00,1.17985,1.18087,1.17977,1.18064,4750.89
2025.07.03 04:00:00,1.18067,1.181,1.18038,1.18042,2380
2025.07.03 05:00:00,1.18044,1.18047,1.17945,1.17977,1747.32
2025.07.03 06:00:00,1.17977,1.17991,1.1789,1.17916,1817.53
2025.07.03 07:00:00,1.17914,1.17931,1.17876,1.17891,1203.79
2025.07.03 08:00:00,1.17891,1.1796,1.17868,1.17959,2895.29
2025.07.03 09:00:00,1.1796,1.18027,1.17913,1.18021,5578.03
2025.07.03 10:00:00,1.18021,1.18099,1.17942,1.18012,6569.42
2025.07.03 11:00:00,1.18013,1.18082,1.17953,1.17977,4775.02
2025.07.03 12:00:00,1.1798,1.1798,1.17884,1.17921,4815.15
2025.07.03 13:00:00,1.17921,1.18,1.17869,1.1793,3837.87
2025.07.03 14:00:00,1.1793,1.17967,1.1783,1.17847,3420.85
2025.07.03 15:00:00,1.17848,1.17897,1.17169,1.17382,20293.9
2025.07.03 16:00:00,1.17382,1.17794,1.17339,1.17735,13803.58
2025.07.03 17:00:00,1.17737,1.17897,1.1751,1.17532,11511.8
2025.07.03 18:00:00,1.17531,1.17661,1.17491,1.17568,6804.57
2025.07.03 19:00:00,1.1757,1.17579,1.17399,1.17522,3987.34
2025.07.03 20:00:00,1.17519,1.17582,1.17503,1.17539,1312.89
2025.07.03 21:00:00,1.17537,1.17562,1.17478,1.17486,1071.44
2025.07.03 22:00:00,1.17486,1.17522,1.17442,1.17476,551.82
2025.07.03 23:00:00,1.17475,1.17595,1.17464,1.17564,1322.68
2025.07.04 00:00:00,1.1756,1.17582,1.17524,1.17567,721.36
2025.07.04 01:00:00,1.17567,1.17593,1.17535,1.17593,1316.37
2025.07.04 02:00:00,1.17593,1.17712,1.17557,1.17688,2100.2
2025.07.04 03:00:00,1.1769,1.17705,1.17633,1.17669,4216.72
2025.07.04 04:00:00,1.17671,1.17694,1.17561,1.17594,4440.74
2025.07.04 05:00:00,1.17594,1.17706,1.17594,1.17652,1744.13
2025.07.04 06:00:00,1.17652,1.17725,1.17645,1.17701,1538.35
2025.07.04 07:00:00,1.177,1.178,1.17693,1.17799,2271.75
2025.07.04 08:00:00,1.178,1.17854,1.17797,1.17839,1900.3
2025.07.04 09:00:00,1.17839,1.17847,1.17741,1.1781,4669.05
2025.07.04 10:00:00,1.1781,1.17826,1.17675,1.17696,5072.63
2025.07.04 11:00:00,1.17698,1.17774,1.17679,1.17744,3924.57
2025.07.04 12:00:00,1.17742,1.17819,1.1772,1.17782,3602.61
2025.07.04 13:00:00,1.1778,1.17808,1.17748,1.17776,2741.34
2025.07.04 14:00:00,1.17777,1.1782,1.17683,1.17687,2904.32
2025.07.04 15:00:00,1.17689,1.17716,1.17636,1.17666,2819.63
2025.07.04 16:00:00,1.17663,1.17808,1.17663,1.17793,1863.84
2025.07.04 17:00:00,1.17794,1.17873,1.17751,1.17784,2738.63
2025.07.04 18:00:00,1.17782,1.17843,1.17758,1.17783,1874.45
2025.07.04 19:00:00,1.17783,1.17815,1.17735,1.17742,2172.49
2025.07.04 20:00:00,1.17742,1.17776,1.17718,1.17755,8500.21
2025.07.04 21:00:00,1.17755,1.17792,1.17739,1.17788,3299.1
2025.07.04 22:00:00,1.17788,1.17797,1.17725,1.17748,6165.81
2025.07.04 23:00:00,1.17747,1.17829,1.17719,1.17719,15666.42
2025.07.07 00:00:00,1.17793,1.17825,1.17775,1.17789,505.89
2025.07.07 01:00:00,1.17792,1.17816,1.17732,1.17796,1205.5
2025.07.07 02:00:00,1.178,1.17821,1.1775,1.178,932.99
2025.07.07 03:00:00,1.17805,1.17901,1.17787,1.17799,2879.09
2025.07.07 04:00:00,1.17797,1.17805,1.17698,1.17718,2665.43
2025.07.07 05:00:00,1.1772,1.17753,1.17644,1.17673,2531.83
2025.07.07 06:00:00,1.17671,1.17741,1.17663,1.17689,2297.57
2025.07.07 07:00:00,1.17689,1.17723,1.17639,1.17659,2185.47
2025.07.07 08:00:00,1.1766,1.17737,1.17633,1.17712,2018.79
2025.07.07 09:00:00,1.17711,1.17733,1.17499,1.17557,4808.21
2025.07.07 10:00:00,1.17559,1.17585,1.17452,1.17456,7316.01
2025.07.07 11:00:00,1.17455,1.17473,1.17232,1.17241,6687.16
2025.07.07 12:00:00,1.1724,1.17345,1.1722,1.17339,3319.92
2025.07.07 13:00:00,1.1734,1.17359,1.1723,1.17275,4354.48
2025.07.07 14:00:00,1.17274,1.17341,1.17247,1.17294,3836.39
2025.07.07 15:00:00,1.17293,1.1731,1.17179,1.17223,3404.11
2025.07.07 16:00:00,1.17223,1.17408,1.17219,1.17351,5842.7
2025.07.07 17:00:00,1.17351,1.17453,1.17329,1.17386,4664.9
2025.07.07 18:00:00,1.17387,1.17403,1.17302,1.17327,3672.67
2025.07.07 19:00:00,1.1733,1.17396,1.16873,1.16939,8230.96
2025.07.07 20:00:00,1.16942,1.17134,1.16868,1.17067,8827.87
2025.07.07 21:00:00,1.17066,1.17198,1.17,1.17187,10899.46
2025.07.07 22:00:00,1.17186,1.17237,1.17162,1.17193,7953.24
2025.07.07 23:00:00,1.17193,1.17212,1.17065,1.17077,4201.92
2025.07.08 00:00:00,1.17075,1.17101,1.17063,1.17088,740.52
2025.07.08 01:00:00,1.17088,1.17374,1.17088,1.1735,1829.29
2025.07.08 02:00:00,1.17352,1.17386,1.17315,1.17363,1692.3
2025.07.08 03:00:00,1.17365,1.17478,1.17364,1.17434,6026.82
2025.07.08 04:00:00,1.17434,1.17445,1.17305,1.17381,3379.34
2025.07.08 05:00:00,1.1738,1.17484,1.17361,1.17381,4152.03
2025.07.08 06:00:00,1.17382,1.17487,1.17367,1.17467,2616.88
2025.07.08 07:00:00,1.17467,1.175,1.17405,1.17413,2859.65
2025.07.08 08:00:00,1.17413,1.17446,1.17335,1.17346,4015.16
2025.07.08 09:00:00,1.17346,1.17446,1.17315,1.17417,4063.9
2025.07.08 10:00:00,1.17419,1.1765,1.17417,1.17599,4509.46
2025.07.08 11:00:00,1.17598,1.17605,1.17474,1.17487,4389.15
2025.07.08 12:00:00,1.17487,1.17504,1.17387,1.17418,2732.33
2025.07.08 13:00:00,1.1742,1.17422,1.17232,1.17278,3233.27
2025.07.08 14:00:00,1.17278,1.17383,1.17212,1.17218,3931.87
2025.07.08 15:00:00,1.17217,1.17244,1.17138,1.17208,6976.02
2025.07.08 16:00:00,1.17207,1.1722,1.16936,1.17049,9313.46
2025.07.08 17:00:00,1.17049,1.17064,1.16825,1.1692,16454.56
2025.07.08 18:00:00,1.1692,1.17125,1.16895,1.17067,5614.37
2025.07.08 19:00:00,1.17067,1.17129,1.16962,1.17085,6430.01
2025.07.08 20:00:00,1.17084,1.17258,1.17074,1.17242,5014.02
2025.07.08 21:00:00,1.17244,1.17285,1.17182,1.17252,2796.86
2025.07.08 22:00:00,1.17255,1.17296,1.17194,1.17243,2455.55
2025.07.08 23:00:00,1.17242,1.17287,1.17224,1.17246,2313.94
2025.07.09 00:00:00,1.17241,1.17243,1.17135,1.17202,3852.28
2025.07.09 01:00:00,1.17201,1.17291,1.17201,1.17284,957.85
2025.07.09 02:00:00,1.17288,1.17288,1.17217,1.17233,876.45
2025.07.09 03:00:00,1.17233,1.17258,1.17173,1.17242,5687.95
2025.07.09 04:00:00,1.17243,1.17254,1.17168,1.17204,5981.07
2025.07.09 05:00:00,1.17203,1.17253,1.17047,1.17111,5533.36
2025.07.09 06:00:00,1.17111,1.17116,1.17027,1.17038,4065.27
2025.07.09 07:00:00,1.17035,1.17136,1.17015,1.17122,2463.81
2025.07.09 08:00:00,1.17121,1.17213,1.17107,1.17166,1997.66
2025.07.09 09:00:00,1.17167,1.17284,1.17124,1.17258,3710.84
2025.07.09 10:00:00,1.1726,1.17283,1.17042,1.17076,5665.36
2025.07.09 11:00:00,1.17073,1.17199,1.17021,1.17133,5348.66
2025.07.09 12:00:00,1.17133,1.17197,1.17073,1.17133,3784.51
2025.07.09 13:00:00,1.17133,1.17175,1.17015,1.17018,4078.21
2025.07.09 14:00:00,1.17017,1.17064,1.16895,1.16909,3113.21
2025.07.09 15:00:00,1.16911,1.17168,1.16911,1.17152,6867.34
2025.07.09 16:00:00,1.17153,1.17224,1.17005,1.17033,6007.25
2025.07.09 17:00:00,1.17034,1.17245,1.17027,1.17147,6569.63
2025.07.09 18:00:00,1.17146,1.17163,1.17049,1.1706,3421.22
2025.07.09 19:00:00,1.17062,1.17089,1.17007,1.17048,1911.33
2025.07.09 20:00:00,1.17048,1.17108,1.17037,1.17089,1906.93
2025.07.09 21:00:00,1.1709,1.17178,1.1705,1.17132,2862.62
2025.07.09 22:00:00,1.17133,1.17232,1.17128,1.1719,1721.21
2025.07.09 23:00:00,1.17188,1.17237,1.17117,1.172,1480.65
2025.07.10 00:00:00,1.172,1.17215,1.17123,1.17214,1273.06
2025.07.10 01:00:00,1.17212,1.17249,1.17211,1.17243,526.06
2025.07.10 02:00:00,1.17244,1.17396,1.17228,1.17378,999.54
2025.07.10 03:00:00,1.17375,1.17494,1.17354,1.17436,4514.88
2025.07.10 04:00:00,1.17436,1.17443,1.17378,1.17406,2960.97
2025.07.10 05:00:00,1.17406,1.17445,1.17372,1.17389,3612.63
2025.07.10 06:00:00,1.1739,1.17399,1.17336,1.17338,2362.71
2025.07.10 07:00:00,1.17339,1.17359,1.17302,1.17349,1485.76
2025.07.10 08:00:00,1.17348,1.17408,1.17345,1.17391,1838.78
2025.07.10 09:00:00,1.17392,1.17433,1.17292,1.17327,3820.24
2025.07.10 10:00:00,1.17325,1.17378,1.1726,1.17331,4530.68
2025.07.10 11:00:00,1.17329,1.17341,1.17259,1.17276,9430.85
2025.07.10 12:00:00,1.17277,1.17343,1.17277,1.17308,8361.76
2025.07.10 13:00:00,1.17311,1.1734,1.17273,1.17282,3921.99
2025.07.10 14:00:00,1.17282,1.17293,1.17079,1.17114,4340.08
2025.07.10 15:00:00,1.17117,1.1714,1.17015,1.17063,6914.16
2025.07.10 16:00:00,1.17065,1.17146,1.16866,1.16925,6889.83
2025.07.10 17:00:00,1.16925,1.16938,1.16623,1.16796,12272.29
2025.07.10 18:00:00,1.16796,1.16884,1.16739,1.16872,9694.28
2025.07.10 19:00:00,1.16873,1.16902,1.16822,1.16854,8631.84
2025.07.10 20:00:00,1.16854,1.16913,1.16815,1.16891,3418.17
2025.07.10 21:00:00,1.1689,1.16947,1.16877,1.1692,1815.59
2025.07.10 22:00:00,1.16919,1.16989,1.16897,1.16955,1873.48
2025.07.10 23:00:00,1.16955,1.17005,1.16944,1.17002,1385.3356
2025.07.11 00:00:00,1.16997,1.17033,1.16954,1.17031,1475.0228
2025.07.11 01:00:00,1.17031,1.17071,1.17021,1.17055,1029.19
2025.07.11 02:00:00,1.17055,1.1706,1.16996,1.17018,1180.81
2025.07.11 03:00:00,1.17016,1.17047,1.16645,1.16746,9518.13
2025.07.11 04:00:00,1.16746,1.16858,1.16685,1.1675,4993.55
2025.07.11 05:00:00,1.1675,1.16779,1.16708,1.1671,2282.56
2025.07.11 06:00:00,1.16711,1.16843,1.16702,1.16817,1507.88
2025.07.11 07:00:00,1.16815,1.16826,1.16691,1.16761,1953.62
2025.07.11 08:00:00,1.16761,1.16841,1.16749,1.1678,2975.79
2025.07.11 09:00:00,1.16783,1.16846,1.167,1.16747,4464.02
2025.07.11 10:00:00,1.16745,1.16958,1.16745,1.16889,4280.75
2025.07.11 11:00:00,1.1689,1.16922,1.16794,1.16821,4687.73
2025.07.11 12:00:00,1.1682,1.16954,1.16812,1.1695,3381.08
2025.07.11 13:00:00,1.16948,1.16967,1.16873,1.16924,4286.39
2025.07.11 14:00:00,1.16924,1.17011,1.16862,1.16878,4816.38
2025.07.11 15:00:00,1.16876,1.17,1.16823,1.16885,5389.82
2025.07.11 16:00:00,1.16885,1.17138,1.16864,1.16886,7010.55
2025.07.11 17:00:00,1.16886,1.16943,1.16741,1.16919,5841.75
2025.07.11 18:00:00,1.16919,1.1704,1.16892,1.16961,4241.83
2025.07.11 19:00:00,1.16958,1.16978,1.16887,1.16913,3722.33
2025.07.11 20:00:00,1.16914,1.16947,1.16863,1.16932,2293.52
2025.07.11 21:00:00,1.16935,1.16958,1.16883,1.16883,2628.8
2025.07.11 22:00:00,1.16885,1.16919,1.16856,1.16878,2738.3
2025.07.11 23:00:00,1.1688,1.16936,1.16787,1.16852,2597.58
2025.07.14 00:00:00,1.16658,1.16736,1.16611,1.16677,863.65
2025.07.14 01:00:00,1.16676,1.16843,1.16629,1.16644,3111.15
2025.07.14 02:00:00,1.16643,1.16826,1.1663,1.16822,2034.37
2025.07.14 03:00:00,1.16822,1.16939,1.16817,1.16932,3424.47
2025.07.14 04:00:00,1.16932,1.16978,1.16838,1.16846,3092.12
2025.07.14 05:00:00,1.16846,1.16901,1.16725,1.16744,3180.86
2025.07.14 06:00:00,1.16745,1.16847,1.16732,1.16809,2402.34
2025.07.14 07:00:00,1.16808,1.16816,1.16747,1.16748,1553.78
2025.07.14 08:00:00,1.16747,1.16783,1.16648,1.16693,2771.11
2025.07.14 09:00:00,1.16694,1.167,1.16541,1.16635,3650.55
2025.07.14 10:00:00,1.16635,1.16874,1.16628,1.16857,4273.53
2025.07.14 11:00:00,1.16855,1.16887,1.168,1.16823,4632.02
2025.07.14 12:00:00,1.16823,1.16919,1.16793,1.16909,3731.49
2025.07.14 13:00:00,1.16911,1.1695,1.16878,1.16946,3148.13
2025.07.14 14:00:00,1.16948,1.1697,1.16863,1.16887,3896.23
2025.07.14 15:00:00,1.16885,1.16917,1.168,1.16855,3484
2025.07.14 16:00:00,1.16855,1.16865,1.16746,1.16818,3625.15
2025.07.14 17:00:00,1.16817,1.16942,1.16783,1.16833,4238.26
2025.07.14 18:00:00,1.16835,1.16958,1.16668,1.1671,5050.28
2025.07.14 19:00:00,1.1671,1.16756,1.16602,1.16623,4337.81
2025.07.14 20:00:00,1.16621,1.16667,1.1659,1.16627,1955.08
2025.07.14 21:00:00,1.16626,1.16729,1.16626,1.16701,8525.84
2025.07.14 22:00:00,1.16698,1.16718,1.16645,1.16678,8382.34
2025.07.14 23:00:00,1.16679,1.16689,1.16628,1.1664,1372.2
2025.07.15 00:00:00,1.16635,1.16646,1.166,1.16631,1386.053
2025.07.15 01:00:00,1.16631,1.16676,1.16631,1.16663,543.48
2025.07.15 02:00:00,1.16663,1.16669,1.16602,1.1665,1121.4
2025.07.15 03:00:00,1.1665,1.16772,1.16646,1.1672,3444.81
2025.07.15 04:00:00,1.16721,1.16743,1.16658,1.16687,3718.25
2025.07.15 05:00:00,1.16691,1.16748,1.16649,1.16742,5545.21
2025.07.15 06:00:00,1.16743,1.16775,1.16729,1.16756,3025.19
2025.07.15 07:00:00,1.16758,1.16799,1.16738,1.16758,978.75
2025.07.15 08:00:00,1.1676,1.16861,1.16758,1.16855,1947.79
2025.07.15 09:00:00,1.16855,1.16879,1.16742,1.16777,4228.21
2025.07.15 10:00:00,1.16775,1.16925,1.16716,1.16903,4466.72
2025.07.15 11:00:00,1.16902,1.16912,1.16816,1.16863,2968.18
2025.07.15 12:00:00,1.16867,1.1691,1.16811,1.16849,2750.65
2025.07.15 13:00:00,1.1685,1.16873,1.16762,1.16838,2426.83
2025.07.15 14:00:00,1.16837,1.16841,1.16675,1.16695,2816.54
2025.07.15 15:00:00,1.16694,1.1691,1.16621,1.16778,13065.57
2025.07.15 16:00:00,1.16778,1.1679,1.1639,1.16429,13824.79
2025.07.15 17:00:00,1.1643,1.16441,1.16151,1.16183,24844.82
2025.07.15 18:00:00,1.16185,1.16186,1.16007,1.16178,7390.87
2025.07.15 19:00:00,1.16179,1.16203,1.15937,1.1596,5970.94
2025.07.15 20:00:00,1.15961,1.1601,1.15927,1.15967,2389.85
2025.07.15 21:00:00,1.15964,1.16052,1.15954,1.1603,7696.37
2025.07.15 22:00:00,1.1603,1.16034,1.15991,1.16008,2275.31
2025.07.15 23:00:00,1.16007,1.16038,1.15992,1.16005,909.24
2025.07.16 00:00:00,1.15999,1.16002,1.1597,1.15988,771.95
2025.07.16 01:00:00,1.15991,1.16042,1.15979,1.16042,1056.23
2025.07.16 02:00:00,1.16039,1.16077,1.16028,1.1607,628.01
2025.07.16 03:00:00,1.16073,1.16132,1.16023,1.16077,3881.37
2025.07.16 04:00:00,1.16078,1.16152,1.16062,1.16134,2552.02
2025.07.16 05:00:00,1.16134,1.16136,1.1607,1.16101,1687.41
2025.07.16 06:00:00,1.16105,1.16152,1.16058,1.16108,2229.58
2025.07.16 07:00:00,1.16109,1.16197,1.161,1.16195,3306.68
2025.07.16 08:00:00,1.16195,1.16206,1.16144,1.16204,2479.86
2025.07.16 09:00:00,1.16202,1.16277,1.16185,1.16274,4518.23
2025.07.16 10:00:00,1.16274,1.16281,1.16127,1.16184,4535.67
2025.07.16 11:00:00,1.16182,1.16256,1.16178,1.16253,3300.9
2025.07.16 12:00:00,1.16252,1.16264,1.1613,1.16154,2879.59
2025.07.16 13:00:00,1.16156,1.16188,1.1609,1.16169,2546.17
2025.07.16 14:00:00,1.1617,1.16209,1.16008,1.16034,5577.97
2025.07.16 15:00:00,1.16036,1.16127,1.15928,1.15984,10990.01
2025.07.16 16:00:00,1.15983,1.16028,1.15631,1.15723,10090.84
2025.07.16 17:00:00,1.15725,1.16058,1.15623,1.15925,15633.31
2025.07.16 18:00:00,1.15923,1.17212,1.15921,1.16286,35512.49
2025.07.16 19:00:00,1.16281,1.16561,1.16155,1.1639,15394.84
2025.07.16 20:00:00,1.16391,1.16584,1.16361,1.16413,6564.58
2025.07.16 21:00:00,1.16414,1.16444,1.16272,1.16279,3760.32
2025.07.16 22:00:00,1.16282,1.16369,1.16203,1.16357,3313.57
2025.07.16 23:00:00,1.16356,1.16425,1.16333,1.16377,1901.1
2025.07.17 00:00:00,1.1639,1.16394,1.16328,1.16349,2122.04
2025.07.17 01:00:00,1.16345,1.16424,1.16334,1.16362,1423.06
2025.07.17 02:00:00,1.16363,1.16398,1.16332,1.16353,3000.69
2025.07.17 03:00:00,1.16353,1.16361,1.16172,1.16237,11046.83
2025.07.17 04:00:00,1.16238,1.16288,1.16136,1.16276,10133.84
2025.07.17 05:00:00,1.16276,1.16277,1.16166,1.1618,5839.07
2025.07.17 06:00:00,1.16182,1.16194,1.16138,1.16188,3468.26
2025.07.17 07:00:00,1.16189,1.16243,1.16159,1.16242,2589.5
2025.07.17 08:00:00,1.16241,1.16271,1.16166,1.16168,3107.19
2025.07.17 09:00:00,1.16168,1.16176,1.15733,1.15829,8315.45
2025.07.17 10:00:00,1.15833,1.15965,1.15739,1.15905,5351.42
2025.07.17 11:00:00,1.15905,1.16052,1.15895,1.1601,3905.55
2025.07.17 12:00:00,1.16012,1.16044,1.15887,1.15907,2938.34
2025.07.17 13:00:00,1.15905,1.15912,1.15834,1.15858,2091.33
2025.07.17 14:00:00,1.15859,1.15898,1.157,1.15744,2610.52
2025.07.17 15:00:00,1.15743,1.15924,1.15566,1.1587,12759.97
2025.07.17 16:00:00,1.15872,1.15983,1.15802,1.15863,6521.78
2025.07.17 17:00:00,1.15864,1.15926,1.15777,1.15878,5232.72
2025.07.17 18:00:00,1.15877,1.16024,1.15853,1.15962,4692.73
2025.07.17 19:00:00,1.15962,1.16018,1.15833,1.1586,3572.6
2025.07.17 20:00:00,1.15859,1.15906,1.15821,1.15849,2587.31
2025.07.17 21:00:00,1.15849,1.15878,1.15799,1.15843,2286.78
2025.07.17 22:00:00,1.15842,1.15996,1.15842,1.15975,2434.54
2025.07.17 23:00:00,1.15974,1.16001,1.1594,1.15955,1131.78
2025.07.18 00:00:00,1.15956,1.15987,1.15901,1.15975,696.494
2025.07.18 01:00:00,1.15976,1.16191,1.15973,1.16167,1942.124
2025.07.18 02:00:00,1.1617,1.16196,1.16143,1.1615,1944.55
2025.07.18 03:00:00,1.16151,1.16275,1.16143,1.16244,3234.31
2025.07.18 04:00:00,1.16247,1.1634,1.162,1.16288,3261.77
2025.07.18 05:00:00,1.16288,1.16311,1.1624,1.16291,2373.69
2025.07.18 06:00:00,1.16291,1.16317,1.1622,1.16237,1210.46
2025.07.18 07:00:00,1.16237,1.16239,1.1618,1.16192,1183.34
2025.07.18 08:00:00,1.1619,1.16205,1.16121,1.16167,1719.77
2025.07.18 09:00:00,1.16168,1.16223,1.16119,1.16203,3367.98
2025.07.18 10:00:00,1.16204,1.16312,1.16199,1.16288,3708.78
2025.07.18 11:00:00,1.16287,1.16456,1.16281,1.16355,4220.88
2025.07.18 12:00:00,1.16356,1.16428,1.16332,1.16335,3355.28
2025.07.18 13:00:00,1.16333,1.16419,1.16319,1.164,2929.61
2025.07.18 14:00:00,1.16399,1.16478,1.16395,1.16442,3686.21
2025.07.18 15:00:00,1.16442,1.16584,1.16431,1.1656,5892.17
2025.07.18 16:00:00,1.16561,1.16677,1.16478,1.16659,7061.26
2025.07.18 17:00:00,1.16661,1.16716,1.16442,1.16478,11000.27
2025.07.18 18:00:00,1.16478,1.16576,1.16427,1.16445,4985.71
2025.07.18 19:00:00,1.16446,1.16487,1.16262,1.16284,4647.18
2025.07.18 20:00:00,1.16283,1.16296,1.16177,1.16267,2652.49
2025.07.18 21:00:00,1.16269,1.1628,1.16193,1.16216,1799.01
2025.07.18 22:00:00,1.16217,1.1623,1.1617,1.16223,1463.32
2025.07.18 23:00:00,1.16219,1.1628,1.16189,1.16207,1899.99
2025.07.21 00:00:00,1.16236,1.16338,1.16231,1.16328,986.24
2025.07.21 01:00:00,1.16336,1.1634,1.16221,1.16259,2894.03
2025.07.21 02:00:00,1.1626,1.16316,1.16244,1.16294,935.11
2025.07.21 03:00:00,1.16296,1.16362,1.16188,1.16191,1976.98
2025.07.21 04:00:00,1.16187,1.16252,1.16156,1.16173,2517.38
2025.07.21 05:00:00,1.16171,1.16241,1.16145,1.16215,2599.64
2025.07.21 06:00:00,1.16216,1.16255,1.16199,1.16253,2601.96
2025.07.21 07:00:00,1.16251,1.163,1.1623,1.1629,3231.23
2025.07.21 08:00:00,1.16289,1.16351,1.16276,1.16333,2703.34
2025.07.21 09:00:00,1.16334,1.16427,1.16291,1.16411,3268.07
2025.07.21 10:00:00,1.16413,1.16472,1.16354,1.16434,10295.96
2025.07.21 11:00:00,1.16433,1.16522,1.16363,1.16422,10018.55
2025.07.21 12:00:00,1.16424,1.16485,1.16383,1.16446,3034.2
2025.07.21 13:00:00,1.16449,1.1646,1.16336,1.16456,2890.69
2025.07.21 14:00:00,1.16455,1.16698,1.16444,1.16676,3813.81
2025.07.21 15:00:00,1.16674,1.16733,1.16624,1.1665,4793.39
2025.07.21 16:00:00,1.16648,1.16654,1.16577,1.16648,3418.34
2025.07.21 17:00:00,1.16645,1.16984,1.16639,1.16965,7323.6
2025.07.21 18:00:00,1.16963,1.17166,1.16954,1.17045,6409.46
2025.07.21 19:00:00,1.17045,1.17055,1.16954,1.16999,3493.76
2025.07.21 20:00:00,1.16998,1.17015,1.16858,1.16908,2490.65
2025.07.21 21:00:00,1.16907,1.1695,1.16868,1.16935,1940.29
2025.07.21 22:00:00,1.16936,1.1696,1.16891,1.16894,1798.33
2025.07.21 23:00:00,1.16893,1.16966,1.16881,1.16908,1328.63
2025.07.22 00:00:00,1.16908,1.16942,1.1689,1.169,1066.32
2025.07.22 01:00:00,1.16899,1.16946,1.16899,1.16942,888.55
2025.07.22 02:00:00,1.16942,1.16957,1.16904,1.16945,695.94
2025.07.22 03:00:00,1.1695,1.16953,1.16832,1.16884,3152.11
2025.07.22 04:00:00,1.16885,1.16902,1.16823,1.16879,2065.17
2025.07.22 05:00:00,1.1688,1.16955,1.16878,1.16906,1961.5
2025.07.22 06:00:00,1.1691,1.1691,1.16851,1.16871,1127.82
2025.07.22 07:00:00,1.16873,1.16944,1.16858,1.16882,1434.87
2025.07.22 08:00:00,1.16883,1.16921,1.1683,1.16871,1767.24
2025.07.22 09:00:00,1.16867,1.16922,1.16839,1.16907,2833.33
2025.07.22 10:00:00,1.16907,1.16921,1.16815,1.16857,4344.97
2025.07.22 11:00:00,1.16857,1.17033,1.16837,1.16984,4250.51
2025.07.22 12:00:00,1.16984,1.17068,1.16932,1.17051,3238.58
2025.07.22 13:00:00,1.17052,1.17092,1.16995,1.17017,2696.95
2025.07.22 14:00:00,1.17019,1.17037,1.16942,1.17014,3872.5
2025.07.22 15:00:00,1.17013,1.17047,1.16829,1.16905,4856.28
2025.07.22 16:00:00,1.16906,1.17044,1.16788,1.1704,7224.08
2025.07.22 17:00:00,1.1704,1.17265,1.16907,1.17224,8997.14
2025.07.22 18:00:00,1.17222,1.17488,1.17144,1.17477,7266.43
2025.07.22 19:00:00,1.1748,1.17607,1.17446,1.17548,4401.49
2025.07.22 20:00:00,1.17549,1.17554,1.17431,1.17458,2345.36
2025.07.22 21:00:00,1.17458,1.17481,1.17417,1.17477,1954.38
2025.07.22 22:00:00,1.17477,1.17525,1.17448,1.17514,1590.23
2025.07.22 23:00:00,1.17513,1.17547,1.1745,1.17538,1598.32
2025.07.23 00:00:00,1.17537,1.1754,1.17481,1.17485,752.25
2025.07.23 01:00:00,1.17485,1.17509,1.17463,1.17479,1088.91
2025.07.23 02:00:00,1.17482,1.17559,1.17361,1.17378,2356.76
2025.07.23 03:00:00,1.17377,1.17479,1.17335,1.1747,4829.72
2025.07.23 04:00:00,1.17472,1.17488,1.17303,1.1737,3003.92
2025.07.23 05:00:00,1.17369,1.17419,1.17328,1.17347,3978.39
2025.07.23 06:00:00,1.17346,1.1746,1.17338,1.17387,2515.38
2025.07.23 07:00:00,1.17389,1.17397,1.17319,1.17347,1990.95
2025.07.23 08:00:00,1.1735,1.17375,1.17273,1.17303,2398.36
2025.07.23 09:00:00,1.17302,1.17424,1.173,1.17422,4392.83
2025.07.23 10:00:00,1.17421,1.17527,1.17339,1.17419,5126.35
2025.07.23 11:00:00,1.17419,1.17479,1.17308,1.17327,3909.79
2025.07.23 12:00:00,1.17325,1.17393,1.173,1.17357,4364.39
2025.07.23 13:00:00,1.17356,1.17363,1.17229,1.17259,4049.77
2025.07.23 14:00:00,1.17257,1.17312,1.17232,1.17257,4569.29
2025.07.23 15:00:00,1.17257,1.17328,1.17198,1.1725,4509.69
2025.07.23 16:00:00,1.17249,1.17302,1.17109,1.1726,6040.18
2025.07.23 17:00:00,1.1726,1.17376,1.17233,1.17335,5513.35
2025.07.23 18:00:00,1.17335,1.17579,1.17214,1.17466,7255.19
2025.07.23 19:00:00,1.17467,1.17606,1.17429,1.17509,10993.93
2025.07.23 20:00:00,1.17512,1.17647,1.17452,1.17596,4977.35
2025.07.23 21:00:00,1.17596,1.17737,1.17596,1.17712,3309.93
2025.07.23 22:00:00,1.17714,1.17749,1.1768,1.17732,1747.84
2025.07.23 23:00:00,1.17733,1.17751,1.17662,1.17678,2184.89
2025.07.24 00:00:00,1.17679,1.1774,1.17672,1.17686,2234
2025.07.24 01:00:00,1.17686,1.17747,1.17676,1.17731,1398.91
2025.07.24 02:00:00,1.17734,1.17789,1.17728,1.17733,836.4
2025.07.24 03:00:00,1.17732,1.17736,1.17621,1.1767,3131.23
2025.07.24 04:00:00,1.17668,1.17793,1.17668,1.17748,5864.71
2025.07.24 05:00:00,1.17751,1.17783,1.17707,1.17765,3870.95
2025.07.24 06:00:00,1.17765,1.178,1.17737,1.1775,2374.64
2025.07.24 07:00:00,1.17748,1.17777,1.17728,1.1774,1390.5
2025.07.24 08:00:00,1.1774,1.17781,1.17703,1.17706,1640.79
2025.07.24 09:00:00,1.17707,1.17728,1.1757,1.1757,4062.17
2025.07.24 10:00:00,1.1757,1.17693,1.1755,1.17612,5629.94
2025.07.24 11:00:00,1.17617,1.17679,1.17554,1.17579,4053.45
2025.07.24 12:00:00,1.17578,1.17592,1.17464,1.17522,3431.6
2025.07.24 13:00:00,1.17522,1.17545,1.17433,1.1749,2442.73
2025.07.24 14:00:00,1.17491,1.17563,1.17454,1.17558,3421.34
2025.07.24 15:00:00,1.17558,1.17584,1.1732,1.1736,6389.9
2025.07.24 16:00:00,1.17361,1.17767,1.17303,1.17711,10783.67
2025.07.24 17:00:00,1.1771,1.17887,1.17615,1.17658,8465.18
2025.07.24 18:00:00,1.17662,1.17782,1.17552,1.17645,6553.92
2025.07.24 19:00:00,1.17647,1.17723,1.17568,1.17624,3619.36
2025.07.24 20:00:00,1.17625,1.17779,1.17603,1.17697,3086.76
2025.07.24 21:00:00,1.17695,1.17709,1.17622,1.17658,1774.38
2025.07.24 22:00:00,1.17659,1.177,1.17579,1.17581,1579.57
2025.07.24 23:00:00,1.1758,1.17599,1.1745,1.17465,2487.63
2025.07.25 00:00:00,1.17465,1.17498,1.1735,1.17466,1681.37
2025.07.25 01:00:00,1.17467,1.17528,1.17442,1.17517,1134.86
2025.07.25 02:00:00,1.17517,1.17572,1.17497,1.17545,872.66
2025.07.25 03:00:00,1.17548,1.17585,1.17487,1.17543,2558.1
2025.07.25 04:00:00,1.17544,1.17583,1.17391,1.1743,3526.46
2025.07.25 05:00:00,1.17429,1.17436,1.17339,1.17391,2029.99
2025.07.25 06:00:00,1.17389,1.17451,1.17365,1.17425,2522.91
2025.07.25 07:00:00,1.17423,1.17461,1.17344,1.17399,1528.76
2025.07.25 08:00:00,1.17399,1.17491,1.17371,1.17468,2982.49
2025.07.25 09:00:00,1.17464,1.17609,1.17415,1.17476,4391.25
2025.07.25 10:00:00,1.17476,1.17592,1.17475,1.17524,5844.48
2025.07.25 11:00:00,1.17524,1.17578,1.17413,1.1743,6630.83
2025.07.25 12:00:00,1.1743,1.17434,1.17327,1.17349,3917.96
2025.07.25 13:00:00,1.17348,1.17373,1.17244,1.17283,3575.49
2025.07.25 14:00:00,1.17279,1.17307,1.17112,1.17208,6406.98
2025.07.25 15:00:00,1.17211,1.17271,1.17114,1.17181,4569.43
2025.07.25 16:00:00,1.17182,1.17301,1.17028,1.17214,12851.29
2025.07.25 17:00:00,1.17218,1.17353,1.17214,1.17294,5934.28
2025.07.25 18:00:00,1.17292,1.17386,1.17219,1.17287,4006.55
2025.07.25 19:00:00,1.17292,1.17305,1.17202,1.17287,3261.61
2025.07.25 20:00:00,1.17286,1.17393,1.17286,1.17361,2194.87
2025.07.25 21:00:00,1.17363,1.17466,1.17355,1.17454,2476.65
2025.07.25 22:00:00,1.17453,1.17469,1.17412,1.17436,1278.99
2025.07.25 23:00:00,1.17436,1.17437,1.17374,1.17396,1937.3
2025.07.28 00:00:00,1.17552,1.17639,1.17515,1.17608,630.93
2025.07.28 01:00:00,1.17608,1.17686,1.17507,1.17549,2393.18
2025.07.28 02:00:00,1.1755,1.17603,1.17537,1.17554,1376.09
2025.07.28 03:00:00,1.17554,1.177,1.17546,1.17637,3202.23
2025.07.28 04:00:00,1.17639,1.17697,1.17473,1.17523,3172.79
2025.07.28 05:00:00,1.17523,1.1757,1.17463,1.17548,1766.46
2025.07.28 06:00:00,1.17547,1.17569,1.17508,1.17562,1377.46
2025.07.28 07:00:00,1.17563,1.17579,1.17455,1.1747,1736.1
2025.07.28 08:00:00,1.1747,1.17476,1.17397,1.17405,1643.73
2025.07.28 09:00:00,1.17405,1.17444,1.1711,1.17211,6575.39
2025.07.28 10:00:00,1.17212,1.17238,1.16703,1.16745,8366.75
2025.07.28 11:00:00,1.16745,1.16902,1.1671,1.1679,5014.66
2025.07.28 12:00:00,1.16789,1.16841,1.1658,1.16668,5214.74
2025.07.28 13:00:00,1.16668,1.16719,1.16549,1.16579,4310.73
2025.07.28 14:00:00,1.1658,1.16582,1.16435,1.1651,8612.39
2025.07.28 15:00:00,1.16511,1.16649,1.16481,1.16577,7219.31
2025.07.28 16:00:00,1.16578,1.1662,1.16256,1.1633,6878.97
2025.07.28 17:00:00,1.16329,1.16472,1.16307,1.16371,7548
2025.07.28 18:00:00,1.1637,1.16389,1.16078,1.16086,6101.53
2025.07.28 19:00:00,1.16088,1.16107,1.15983,1.15991,3449.84
2025.07.28 20:00:00,1.15989,1.16014,1.15892,1.15921,3301.48
2025.07.28 21:00:00,1.1592,1.15947,1.15851,1.15947,3172.03
2025.07.28 22:00:00,1.15945,1.1596,1.15889,1.15915,1501.65
2025.07.28 23:00:00,1.15915,1.15941,1.1585,1.15876,1597.48
2025.07.29 00:00:00,1.15867,1.15903,1.15861,1.15886,1112.25
2025.07.29 01:00:00,1.15888,1.1594,1.15868,1.15935,905.97
2025.07.29 02:00:00,1.15936,1.15965,1.15893,1.15963,629.67
2025.07.29 03:00:00,1.1596,1.15974,1.15841,1.15848,1881.81
2025.07.29 04:00:00,1.15848,1.15982,1.15848,1.15909,4628.69
2025.07.29 05:00:00,1.1591,1.15989,1.1591,1.15971,3912.86
2025.07.29 06:00:00,1.15969,1.15983,1.15814,1.15829,1950.84
2025.07.29 07:00:00,1.15827,1.15889,1.15746,1.15885,1877.1
2025.07.29 08:00:00,1.1588,1.15902,1.15768,1.15785,2025.19
2025.07.29 09:00:00,1.15788,1.15857,1.15314,1.15336,8793.95
2025.07.29 10:00:00,1.15338,1.15548,1.15265,1.15547,8696.8
2025.07.29 11:00:00,1.15545,1.15693,1.15523,1.1569,4931.79
2025.07.29 12:00:00,1.15692,1.15846,1.15631,1.15766,3997.62
2025.07.29 13:00:00,1.15765,1.15884,1.15726,1.1574,3544.26
2025.07.29 14:00:00,1.15741,1.15749,1.15372,1.15399,6940.89
2025.07.29 15:00:00,1.15399,1.1542,1.15248,1.15248,5770.6
2025.07.29 16:00:00,1.15247,1.15468,1.15188,1.15457,7202.23
2025.07.29 17:00:00,1.15457,1.15515,1.15215,1.15228,13559.65
2025.07.29 18:00:00,1.15229,1.15409,1.15217,1.15333,6506.29
2025.07.29 19:00:00,1.15335,1.15493,1.15335,1.15413,3542.69
2025.07.29 20:00:00,1.15413,1.15605,1.15399,1.15416,4006.84
2025.07.29 21:00:00,1.15417,1.15503,1.15375,1.15503,3147.49
2025.07.29 22:00:00,1.15503,1.15574,1.15489,1.15498,5090.23
2025.07.29 23:00:00,1.155,1.15524,1.15438,1.15453,1602.94
2025.07.30 00:00:00,1.15444,1.15477,1.15441,1.15476,1374.76
2025.07.30 01:00:00,1.15479,1.15507,1.1546,1.15495,822.55
2025.07.30 02:00:00,1.15494,1.15509,1.15465,1.15506,567.09
2025.07.30 03:00:00,1.15506,1.15677,1.15504,1.15671,6807.01
2025.07.30 04:00:00,1.15672,1.15725,1.15602,1.15641,11160.78
2025.07.30 05:00:00,1.15641,1.15682,1.15606,1.15638,5257.61
2025.07.30 06:00:00,1.15639,1.15705,1.15579,1.15616,4777.49
2025.07.30 07:00:00,1.15615,1.15618,1.15503,1.15512,3603.5
2025.07.30 08:00:00,1.1551,1.15594,1.15483,1.15499,4037.85
2025.07.30 09:00:00,1.155,1.15604,1.15399,1.15562,5073.77
2025.07.30 10:00:00,1.15564,1.15685,1.1551,1.1553,4971.52
2025.07.30 11:00:00,1.15531,1.15592,1.15485,1.15564,3213.95
2025.07.30 12:00:00,1.15565,1.15605,1.15448,1.15516,4061.88
2025.07.30 13:00:00,1.15519,1.15549,1.15321,1.15393,4211.43
2025.07.30 14:00:00,1.15393,1.15406,1.15218,1.15308,10313.53
2025.07.30 15:00:00,1.15311,1.15345,1.14689,1.14728,17076.36
2025.07.30 16:00:00,1.14728,1.14808,1.1458,1.14692,11858.82
2025.07.30 17:00:00,1.14692,1.14819,1.14649,1.14804,6588.68
2025.07.30 18:00:00,1.14802,1.14849,1.14634,1.14686,5023.54
2025.07.30 19:00:00,1.14688,1.14741,1.14645,1.14737,3493.4
2025.07.30 20:00:00,1.14739,1.14821,1.14739,1.14806,2986.62
2025.07.30 21:00:00,1.14802,1.15031,1.1424,1.14242,15657.91
2025.07.30 22:00:00,1.14239,1.14359,1.14141,1.14238,11818.68
2025.07.30 23:00:00,1.14238,1.14294,1.14008,1.1404,6663.18
2025.07.31 00:00:00,1.1404,1.14092,1.14014,1.14064,2310.93
2025.07.31 01:00:00,1.14065,1.14244,1.14038,1.14226,1769.28
2025.07.31 02:00:00,1.14227,1.14305,1.14193,1.14278,1372.15
2025.07.31 03:00:00,1.14278,1.14375,1.14277,1.14342,2871.11
2025.07.31 04:00:00,1.1434,1.14379,1.14233,1.14306,2866.05
2025.07.31 05:00:00,1.14307,1.14316,1.14212,1.14289,2196.94
2025.07.31 06:00:00,1.14291,1.14342,1.14073,1.14233,3437.43
2025.07.31 07:00:00,1.14232,1.14363,1.14193,1.14355,1982.21
2025.07.31 08:00:00,1.14353,1.14426,1.14308,1.14362,2559.94
2025.07.31 09:00:00,1.14362,1.14606,1.14352,1.14583,5001.14
2025.07.31 10:00:00,1.14582,1.14582,1.1433,1.14484,5682.56
2025.07.31 11:00:00,1.14484,1.14548,1.14381,1.14499,5210.69
2025.07.31 12:00:00,1.145,1.14509,1.14325,1.1433,3417.57
2025.07.31 13:00:00,1.14328,1.14415,1.14207,1.14395,3912.74
2025.07.31 14:00:00,1.14398,1.14506,1.1436,1.14486,4161.44
2025.07.31 15:00:00,1.14489,1.1451,1.14247,1.14285,8865.34
2025.07.31 16:00:00,1.14288,1.14296,1.14058,1.14113,7374.88
2025.07.31 17:00:00,1.14112,1.14495,1.14073,1.14449,8825.53
2025.07.31 18:00:00,1.14445,1.14497,1.14278,1.14301,7096.2
2025.07.31 19:00:00,1.14299,1.14328,1.14215,1.14225,3921.57
2025.07.31 20:00:00,1.14223,1.14245,1.14151,1.14195,2750.11
2025.07.31 21:00:00,1.14195,1.1433,1.14154,1.14265,2284.99
2025.07.31 22:00:00,1.14262,1.14317,1.14121,1.14121,2747.5
2025.07.31 23:00:00,1.14122,1.14181,1.14093,1.14139,2911.43
2025.08.01 00:00:00,1.14126,1.14182,1.14123,1.14162,826.11
2025.08.01 01:00:00,1.14161,1.14227,1.14147,1.14176,1118.49
2025.08.01 02:00:00,1.14173,1.14259,1.14112,1.14217,4414.7
2025.08.01 03:00:00,1.14217,1.14288,1.14153,1.14243,2706.62
2025.08.01 04:00:00,1.14242,1.14285,1.14047,1.14071,3411.46
2025.08.01 05:00:00,1.1407,1.14148,1.14059,1.1411,2755.02
2025.08.01 06:00:00,1.14109,1.14222,1.14102,1.14181,1500.96
2025.08.01 07:00:00,1.14182,1.14214,1.14154,1.14189,1483.79
2025.08.01 08:00:00,1.14187,1.14344,1.14159,1.14307,1621.6
2025.08.01 09:00:00,1.14305,1.1438,1.1426,1.14292,2940.55
2025.08.01 10:00:00,1.14293,1.1434,1.14124,1.14185,4151.9
2025.08.01 11:00:00,1.14184,1.14204,1.14052,1.14062,3383.12
2025.08.01 12:00:00,1.14063,1.14125,1.13929,1.14005,3276.5
2025.08.01 13:00:00,1.14008,1.14174,1.14008,1.14119,3432.26
2025.08.01 14:00:00,1.14119,1.14223,1.14043,1.14045,4424.91
2025.08.01 15:00:00,1.14045,1.15584,1.13915,1.15451,26416.17
2025.08.01 16:00:00,1.15453,1.15831,1.15367,1.15606,25290.6
2025.08.01 17:00:00,1.15615,1.15879,1.15509,1.15559,23796.71
2025.08.01 18:00:00,1.15557,1.15649,1.15358,1.15544,7825.55
2025.08.01 19:00:00,1.15541,1.15648,1.15379,1.1539,5103.06
2025.08.01 20:00:00,1.15391,1.15391,1.15163,1.15265,5271.16
2025.08.01 21:00:00,1.15264,1.15479,1.15215,1.15256,4499.53
2025.08.01 22:00:00,1.15258,1.1582,1.15236,1.15687,8478.83
2025.08.01 23:00:00,1.15687,1.15969,1.15686,1.1583,5848.63
2025.08.04 00:00:00,1.1591,1.15957,1.15891,1.159,1459.72
2025.08.04 01:00:00,1.15901,1.15963,1.15781,1.15834,3114.75
2025.08.04 02:00:00,1.15836,1.15899,1.15779,1.15876,1867.66
2025.08.04 03:00:00,1.15876,1.15887,1.15559,1.15579,4337.48
2025.08.04 04:00:00,1.15579,1.1572,1.15501,1.15711,4427.51
2025.08.04 05:00:00,1.1571,1.15781,1.15676,1.15755,2324.74
2025.08.04 06:00:00,1.15759,1.15858,1.15759,1.15792,2188.47
2025.08.04 07:00:00,1.1579,1.15853,1.15744,1.15744,2378.23
2025.08.04 08:00:00,1.15747,1.15821,1.1567,1.15702,2343.04
2025.08.04 09:00:00,1.15703,1.15831,1.15632,1.15716,6288.34
2025.08.04 10:00:00,1.15716,1.15785,1.15505,1.15636,6976.73
2025.08.04 11:00:00,1.15638,1.1565,1.15497,1.15579,7664.92
2025.08.04 12:00:00,1.15579,1.15772,1.15555,1.15641,5506.98
2025.08.04 13:00:00,1.15642,1.15771,1.15548,1.15739,4178.44
2025.08.04 14:00:00,1.15737,1.15863,1.15647,1.15666,5699.96
2025.08.04 15:00:00,1.15668,1.15882,1.15603,1.15751,6617.23
2025.08.04 16:00:00,1.15752,1.15885,1.15728,1.15757,6387.41
2025.08.04 17:00:00,1.15756,1.15871,1.15568,1.15639,10774.25
2025.08.04 18:00:00,1.15638,1.15765,1.1561,1.15667,7465.95
2025.08.04 19:00:00,1.15669,1.15751,1.15567,1.1572,3328.02
2025.08.04 20:00:00,1.15722,1.15739,1.15642,1.1573,2394.97
2025.08.04 21:00:00,1.1573,1.15776,1.15639,1.15652,3013.79
2025.08.04 22:00:00,1.1565,1.15725,1.15627,1.15678,2019.97
2025.08.04 23:00:00,1.15679,1.1576,1.15653,1.15691,1435.48
2025.08.05 00:00:00,1.1569,1.15713,1.1567,1.15675,904.66
2025.08.05 01:00:00,1.15675,1.15813,1.1567,1.15792,1592.16
2025.08.05 02:00:00,1.15793,1.15854,1.15777,1.15838,937.72
2025.08.05 03:00:00,1.1584,1.15876,1.15705,1.15717,5181.2
2025.08.05 04:00:00,1.15717,1.15739,1.15593,1.15636,5226.44
2025.08.05 05:00:00,1.15637,1.15641,1.15556,1.15602,3344.94
2025.08.05 06:00:00,1.15602,1.15613,1.15539,1.15552,2103.9
2025.08.05 07:00:00,1.1555,1.15601,1.15539,1.15583,2154.27
2025.08.05 08:00:00,1.15583,1.15583,1.15445,1.15481,3993.74
2025.08.05 09:00:00,1.15479,1.15611,1.15428,1.15509,3706.97
2025.08.05 10:00:00,1.15509,1.15621,1.15333,1.15459,6060.64
2025.08.05 11:00:00,1.15457,1.15489,1.15312,1.15365,5771.9
2025.08.05 12:00:00,1.15367,1.15463,1.15298,1.1542,3977.63
2025.08.05 13:00:00,1.15419,1.15455,1.15341,1.15442,5238.54
2025.08.05 14:00:00,1.1544,1.15478,1.15277,1.15391,3396.79
2025.08.05 15:00:00,1.15392,1.15483,1.153,1.15372,6058.77
2025.08.05 16:00:00,1.15373,1.15543,1.1532,1.15366,7436.07
2025.08.05 17:00:00,1.15417,1.15662,1.15337,1.1565,12764.7
2025.08.05 18:00:00,1.15651,1.15846,1.15629,1.15793,5959.36
2025.08.05 19:00:00,1.15792,1.1586,1.15771,1.15827,3363.32
2025.08.05 20:00:00,1.15827,1.1583,1.15754,1.15782,1960.57
2025.08.05 21:00:00,1.1578,1.15796,1.15702,1.15735,2933.61
2025.08.05 22:00:00,1.15735,1.15749,1.15661,1.15725,1766.95
2025.08.05 23:00:00,1.15724,1.15774,1.15713,1.15748,1376.44
2025.08.06 00:00:00,1.15741,1.15752,1.15708,1.15733,1044.81
2025.08.06 01:00:00,1.15729,1.15775,1.15708,1.1576,795.04
2025.08.06 02:00:00,1.15758,1.15813,1.1573,1.15784,786.19
2025.08.06 03:00:00,1.15781,1.15852,1.15729,1.15738,1608.74
2025.08.06 04:00:00,1.15736,1.15736,1.15645,1.1567,2355.07
2025.08.06 05:00:00,1.15669,1.15718,1.15642,1.15691,2824.75
2025.08.06 06:00:00,1.15692,1.15817,1.15692,1.15799,2904.11
2025.08.06 07:00:00,1.15799,1.1586,1.15777,1.15829,1457.82
2025.08.06 08:00:00,1.15826,1.15835,1.15743,1.15784,2730.23
2025.08.06 09:00:00,1.15783,1.15882,1.15765,1.15785,5200.64
2025.08.06 10:00:00,1.15784,1.1582,1.15711,1.15809,3416.62
2025.08.06 11:00:00,1.15808,1.15833,1.15705,1.15747,3420.41
2025.08.06 12:00:00,1.15747,1.15879,1.1574,1.15848,2743.05
2025.08.06 13:00:00,1.15848,1.16107,1.15841,1.16069,4991.35
2025.08.06 14:00:00,1.1607,1.16148,1.15977,1.1604,3470.26
2025.08.06 15:00:00,1.16039,1.16284,1.16001,1.16234,4924.17
2025.08.06 16:00:00,1.16235,1.16359,1.16173,1.16357,7673.99
2025.08.06 17:00:00,1.1636,1.16375,1.16221,1.16272,6970.55
2025.08.06 18:00:00,1.16271,1.16469,1.16224,1.16462,9323.96
2025.08.06 19:00:00,1.16461,1.16483,1.16306,1.16344,4093.17
2025.08.06 20:00:00,1.16344,1.1655,1.16327,1.1649,3461.04
2025.08.06 21:00:00,1.1649,1.16683,1.1648,1.16622,3458.99
2025.08.06 22:00:00,1.16623,1.16639,1.16524,1.16564,1669.94
2025.08.06 23:00:00,1.16564,1.16601,1.165,1.16594,3225.6
2025.08.07 00:00:00,1.16583,1.16599,1.1653,1.16555,2100.77
2025.08.07 01:00:00,1.16564,1.16658,1.16563,1.16635,2174.23
2025.08.07 02:00:00,1.16633,1.16638,1.16592,1.1663,627.97
2025.08.07 03:00:00,1.16628,1.16638,1.16509,1.16525,5281.75
2025.08.07 04:00:00,1.16525,1.16626,1.16495,1.16577,3157.96
2025.08.07 05:00:00,1.16577,1.16651,1.16558,1.16572,1827.07
2025.08.07 06:00:00,1.16573,1.16651,1.16531,1.16643,4770.78
2025.08.07 07:00:00,1.16643,1.16763,1.16628,1.16712,2678.72
2025.08.07 08:00:00,1.16712,1.16763,1.16681,1.16747,1630.33
2025.08.07 09:00:00,1.16751,1.16796,1.16678,1.16758,4240.07
2025.08.07 10:00:00,1.16761,1.16911,1.16732,1.16897,3908.06
2025.08.07 11:00:00,1.16893,1.16986,1.16755,1.16824,6777.63
2025.08.07 12:00:00,1.16828,1.16846,1.16703,1.16705,3064.35
2025.08.07 13:00:00,1.16707,1.16717,1.16615,1.167,4012.27
2025.08.07 14:00:00,1.16702,1.16766,1.16341,1.16445,10744.9
2025.08.07 15:00:00,1.16442,1.16625,1.16374,1.16511,9739.3
2025.08.07 16:00:00,1.1651,1.16585,1.16376,1.16427,10581.85
2025.08.07 17:00:00,1.16425,1.16495,1.1614,1.16241,18532.21
2025.08.07 18:00:00,1.16242,1.16418,1.16108,1.16396,16079.51
2025.08.07 19:00:00,1.16396,1.16446,1.1635,1.16382,3082.71
2025.08.07 20:00:00,1.16382,1.16396,1.16318,1.16331,3387.47
2025.08.07 21:00:00,1.16332,1.16371,1.16213,1.16219,2861.09
2025.08.07 22:00:00,1.16222,1.16564,1.16189,1.16543,6627.55
2025.08.07 23:00:00,1.16546,1.16713,1.16544,1.16646,2457.09
2025.08.08 00:00:00,1.16639,1.16697,1.16597,1.16652,1765.46
2025.08.08 01:00:00,1.16652,1.16745,1.16641,1.16724,2467.02
2025.08.08 02:00:00,1.16729,1.16781,1.16703,1.16768,1629.06
2025.08.08 03:00:00,1.16768,1.16792,1.16673,1.16726,8139.23
2025.08.08 04:00:00,1.1673,1.16737,1.16549,1.16573,6503.57
2025.08.08 05:00:00,1.16572,1.1665,1.16571,1.16607,2512.33
2025.08.08 06:00:00,1.16605,1.1661,1.16548,1.16597,1598.06
2025.08.08 07:00:00,1.16596,1.16634,1.16576,1.16582,1074.6
2025.08.08 08:00:00,1.16581,1.16599,1.16388,1.1641,2723.37
2025.08.08 09:00:00,1.16412,1.16526,1.16407,1.165,3378.37
2025.08.08 10:00:00,1.16501,1.16644,1.16485,1.1659,4368.83
2025.08.08 11:00:00,1.16592,1.16627,1.16344,1.16369,4333.73
2025.08.08 12:00:00,1.16367,1.16436,1.16295,1.16415,4827.28
2025.08.08 13:00:00,1.16416,1.16473,1.16287,1.16356,2965.53
2025.08.08 14:00:00,1.16356,1.16491,1.1635,1.16437,3793.51
2025.08.08 15:00:00,1.16434,1.16539,1.16375,1.16417,4604.68
2025.08.08 16:00:00,1.16417,1.16551,1.16413,1.16488,4464.58
2025.08.08 17:00:00,1.16484,1.16627,1.16461,1.16559,6185.6
2025.08.08 18:00:00,1.16558,1.16677,1.16543,1.16598,3412.39
2025.08.08 19:00:00,1.16598,1.1663,1.16496,1.16562,2567
2025.08.08 20:00:00,1.16561,1.16667,1.16534,1.16589,2678.32
2025.08.08 21:00:00,1.1659,1.16628,1.16479,1.16559,4153.75
2025.08.08 22:00:00,1.16557,1.1656,1.16363,1.16425,2219.46
2025.08.08 23:00:00,1.16425,1.16433,1.16368,1.16368,2491.11
2025.08.11 00:00:00,1.16444,1.16494,1.16427,1.16453,649.04
2025.08.11 01:00:00,1.16452,1.16508,1.16426,1.16466,1303.17
2025.08.11 02:00:00,1.16466,1.16507,1.16444,1.16475,1018.83
2025.08.11 03:00:00,1.16474,1.16483,1.16417,1.16473,1835.72
2025.08.11 04:00:00,1.16472,1.16586,1.16453,1.16586,1950.23
2025.08.11 05:00:00,1.16588,1.16682,1.16588,1.16656,3821.63
2025.08.11 06:00:00,1.16656,1.16754,1.16647,1.16713,2408.23
2025.08.11 07:00:00,1.16712,1.16753,1.16709,1.16718,1206.61
2025.08.11 08:00:00,1.16717,1.16725,1.16671,1.16691,3098.83
2025.08.11 09:00:00,1.16691,1.16737,1.16629,1.16642,3422.1
2025.08.11 10:00:00,1.16639,1.16657,1.1646,1.1647,5605.7
2025.08.11 11:00:00,1.16469,1.16604,1.16439,1.16551,3933.53
2025.08.11 12:00:00,1.16548,1.1658,1.16383,1.1641,3533.03
2025.08.11 13:00:00,1.16411,1.16476,1.16406,1.16468,2987.91
2025.08.11 14:00:00,1.16467,1.16469,1.1623,1.16285,4724.25
2025.08.11 15:00:00,1.16286,1.1631,1.1614,1.16202,19347.33
2025.08.11 16:00:00,1.16202,1.16275,1.16159,1.16194,18159.94
2025.08.11 17:00:00,1.16195,1.16201,1.15901,1.15957,6851.61
2025.08.11 18:00:00,1.15959,1.16069,1.159,1.16064,14791.27
2025.08.11 19:00:00,1.16064,1.16117,1.16018,1.16073,4410.82
2025.08.11 20:00:00,1.16075,1.16123,1.15986,1.16108,4002.52
2025.08.11 21:00:00,1.1611,1.16141,1.1607,1.16122,4370.85
2025.08.11 22:00:00,1.16124,1.16126,1.1602,1.16048,2870.5
2025.08.11 23:00:00,1.16047,1.16194,1.16041,1.16149,2787.86
2025.08.12 00:00:00,1.16145,1.16164,1.16078,1.16151,1453.17
2025.08.12 01:00:00,1.16151,1.16183,1.16102,1.16127,902.55
2025.08.12 02:00:00,1.1613,1.16175,1.16123,1.1616,662.62
2025.08.12 03:00:00,1.16162,1.16196,1.16116,1.16151,5778
2025.08.12 04:00:00,1.16152,1.16253,1.16142,1.1619,2126.81
2025.08.12 05:00:00,1.1619,1.16254,1.16175,1.16228,1688.44
2025.08.12 06:00:00,1.1623,1.16242,1.16183,1.16207,1120.94
2025.08.12 07:00:00,1.16205,1.16278,1.16156,1.16275,1732.51
2025.08.12 08:00:00,1.16274,1.1629,1.16128,1.16137,9317.41
2025.08.12 09:00:00,1.16136,1.16183,1.16079,1.16092,7242.34
2025.08.12 10:00:00,1.16092,1.16239,1.16078,1.16203,4414
2025.08.12 11:00:00,1.16203,1.16222,1.16116,1.16144,3215.98
2025.08.12 12:00:00,1.16144,1.16182,1.16003,1.16064,3143.59
2025.08.12 13:00:00,1.16062,1.16129,1.16056,1.161,3116.43
2025.08.12 14:00:00,1.16101,1.16109,1.15986,1.16051,3596.48
2025.08.12 15:00:00,1.16053,1.16556,1.16011,1.16422,16601.11
2025.08.12 16:00:00,1.1642,1.16675,1.16176,1.16521,18329.38
2025.08.12 17:00:00,1.16522,1.16625,1.16417,1.16579,9031.25
2025.08.12 18:00:00,1.16577,1.16971,1.16559,1.16721,10249.02
2025.08.12 19:00:00,1.16721,1.16858,1.16655,1.16795,4777.43
2025.08.12 20:00:00,1.16794,1.16803,1.16708,1.16731,4101.75
2025.08.12 21:00:00,1.16733,1.16785,1.16646,1.16686,2409.43
2025.08.12 22:00:00,1.16686,1.16756,1.16644,1.16745,4034.63
2025.08.12 23:00:00,1.16744,1.1677,1.16716,1.16739,1862.46
2025.08.13 00:00:00,1.16739,1.16743,1.16689,1.16729,1066.24
2025.08.13 01:00:00,1.1673,1.16776,1.16729,1.16763,1275.42
2025.08.13 02:00:00,1.16763,1.16791,1.16749,1.16775,648.44
2025.08.13 03:00:00,1.16774,1.16807,1.16706,1.16798,3952.87
2025.08.13 04:00:00,1.16798,1.16862,1.16762,1.16772,3761.38
2025.08.13 05:00:00,1.16771,1.16858,1.16703,1.16816,4114.61
2025.08.13 06:00:00,1.16816,1.16875,1.16795,1.16838,1544.23
2025.08.13 07:00:00,1.16836,1.16859,1.16812,1.16838,1677.84
2025.08.13 08:00:00,1.16838,1.1685,1.16766,1.16788,4578.46
2025.08.13 09:00:00,1.16793,1.16969,1.16786,1.1692,4539.55
2025.08.13 10:00:00,1.1692,1.17126,1.16918,1.17079,8273.02
2025.08.13 11:00:00,1.17079,1.17206,1.1707,1.1714,6242.21
2025.08.13 12:00:00,1.17139,1.17301,1.17139,1.17292,3551.95
2025.08.13 13:00:00,1.17292,1.17299,1.17162,1.17164,3438.02
2025.08.13 14:00:00,1.17164,1.1719,1.17078,1.17187,3328.84
2025.08.13 15:00:00,1.17188,1.17215,1.16972,1.16987,5028.24
2025.08.13 16:00:00,1.16986,1.17069,1.16928,1.17045,4846.35
2025.08.13 17:00:00,1.17043,1.17234,1.17025,1.17198,7333.22
2025.08.13 18:00:00,1.17198,1.17225,1.17084,1.17134,4083.8
2025.08.13 19:00:00,1.17136,1.17149,1.17063,1.17066,3175.65
2025.08.13 20:00:00,1.17067,1.17107,1.17028,1.17039,2064.91
2025.08.13 21:00:00,1.1704,1.17044,1.16957,1.17004,1964.43
2025.08.13 22:00:00,1.17002,1.17038,1.16973,1.16993,1510.48
2025.08.13 23:00:00,1.16992,1.17068,1.1699,1.17051,1607.95
2025.08.14 00:00:00,1.17051,1.17069,1.16993,1.17046,2084.1
2025.08.14 01:00:00,1.17045,1.17081,1.17038,1.17081,1046.19
2025.08.14 02:00:00,1.1708,1.17123,1.17073,1.1712,1000.38
2025.08.14 03:00:00,1.1712,1.17148,1.17091,1.17112,3277.4
2025.08.14 04:00:00,1.17111,1.1715,1.17091,1.17128,4859.42
2025.08.14 05:00:00,1.17128,1.17128,1.16988,1.17047,7082.1
2025.08.14 06:00:00,1.17047,1.17051,1.16996,1.17033,3573.13
2025.08.14 07:00:00,1.17033,1.17064,1.17014,1.17036,2255.61
2025.08.14 08:00:00,1.17036,1.17037,1.16969,1.17013,2231.32
2025.08.14 09:00:00,1.17013,1.17063,1.16847,1.16848,7392.98
2025.08.14 10:00:00,1.1685,1.16926,1.16777,1.16798,6407.43
2025.08.14 11:00:00,1.16796,1.16851,1.16678,1.16682,4725.38
2025.08.14 12:00:00,1.16683,1.16867,1.16683,1.16817,5736.3
2025.08.14 13:00:00,1.16815,1.16972,1.16813,1.16952,5365.16
2025.08.14 14:00:00,1.16951,1.16963,1.16826,1.16879,6000.73
2025.08.14 15:00:00,1.1688,1.16922,1.16492,1.16637,32191.06
2025.08.14 16:00:00,1.16638,1.16713,1.16491,1.165,9781.49
2025.08.14 17:00:00,1.16502,1.16661,1.16376,1.16607,7024.74
2025.08.14 18:00:00,1.16609,1.1662,1.16373,1.1643,6420.59
2025.08.14 19:00:00,1.1643,1.1645,1.16309,1.16342,4397.46
2025.08.14 20:00:00,1.16343,1.16436,1.16312,1.16367,3552.54
2025.08.14 21:00:00,1.1637,1.16424,1.16329,1.16413,1988.31
2025.08.14 22:00:00,1.16416,1.16503,1.16415,1.1648,2171.5
2025.08.14 23:00:00,1.16481,1.16502,1.16446,1.16473,1434.72
2025.08.15 00:00:00,1.1647,1.16508,1.16465,1.16508,792.83
2025.08.15 01:00:00,1.16507,1.16528,1.16482,1.16499,786.78
2025.08.15 02:00:00,1.16499,1.16527,1.16458,1.16504,997.9
2025.08.15 03:00:00,1.16506,1.1653,1.16467,1.1652,1609.82
2025.08.15 04:00:00,1.16523,1.16579,1.1648,1.16527,3769.74
2025.08.15 05:00:00,1.16528,1.16576,1.16492,1.16566,3689.33
2025.08.15 06:00:00,1.16568,1.16644,1.16564,1.16599,1381.24
2025.08.15 07:00:00,1.166,1.16635,1.16589,1.16629,931.08
2025.08.15 08:00:00,1.16628,1.16712,1.16611,1.16709,1493.25
2025.08.15 09:00:00,1.1671,1.16746,1.16651,1.16717,3608.65
2025.08.15 10:00:00,1.16715,1.1684,1.16715,1.16826,3512.74
2025.08.15 11:00:00,1.16825,1.16849,1.16763,1.16822,3639.85
2025.08.15 12:00:00,1.1682,1.16898,1.16801,1.16874,3573.64
2025.08.15 13:00:00,1.16876,1.16912,1.16804,1.16856,2837.4
2025.08.15 14:00:00,1.16856,1.16918,1.16814,1.16874,2482.02
2025.08.15 15:00:00,1.16874,1.16998,1.16732,1.16939,8455.31
2025.08.15 16:00:00,1.1694,1.1708,1.16815,1.17027,9262.55
2025.08.15 17:00:00,1.17025,1.17151,1.17004,1.17117,10392.65
2025.08.15 18:00:00,1.17114,1.1715,1.17031,1.17066,4550.06
2025.08.15 19:00:00,1.17066,1.17081,1.16997,1.17037,1877.54
2025.08.15 20:00:00,1.17039,1.17059,1.16992,1.17042,1928.3
2025.08.15 21:00:00,1.1704,1.17065,1.16984,1.17024,1559.66
2025.08.15 22:00:00,1.17023,1.17035,1.16998,1.17009,1945.64
2025.08.15 23:00:00,1.1701,1.17079,1.17,1.17026,3101.88
2025.08.18 00:00:00,1.17101,1.17144,1.17092,1.17134,465.24
2025.08.18 01:00:00,1.17134,1.17157,1.17097,1.17131,1343.25
2025.08.18 02:00:00,1.17135,1.17143,1.17038,1.17059,1017.88
2025.08.18 03:00:00,1.17061,1.17106,1.17001,1.17012,4007.7
2025.08.18 04:00:00,1.17012,1.17045,1.16935,1.1703,3222.56
2025.08.18 05:00:00,1.17031,1.17052,1.16974,1.17012,1437.18
2025.08.18 06:00:00,1.17012,1.17044,1.16997,1.17033,1434.81
2025.08.18 07:00:00,1.17034,1.17102,1.17025,1.17082,2412.6
2025.08.18 08:00:00,1.17082,1.17089,1.17012,1.17059,2221.57
2025.08.18 09:00:00,1.17056,1.17076,1.16933,1.16964,4077.03
2025.08.18 10:00:00,1.16967,1.17033,1.16802,1.16813,3728.73
2025.08.18 11:00:00,1.16809,1.16872,1.1671,1.16818,5110.64
2025.08.18 12:00:00,1.16821,1.16858,1.16729,1.16801,2844.55
2025.08.18 13:00:00,1.16798,1.16829,1.16773,1.16808,1921
2025.08.18 14:00:00,1.16807,1.16882,1.16714,1.16747,4252.97
2025.08.18 15:00:00,1.1675,1.16788,1.16662,1.16763,3218.31
2025.08.18 16:00:00,1.16763,1.16777,1.16695,1.16777,4063.9
2025.08.18 17:00:00,1.16775,1.16843,1.16604,1.16641,5225.45
2025.08.18 18:00:00,1.16639,1.16744,1.16608,1.16673,3382.56
2025.08.18 19:00:00,1.16673,1.16673,1.16561,1.16577,3015.1
2025.08.18 20:00:00,1.16578,1.16664,1.16566,1.16626,2652.91
2025.08.18 21:00:00,1.16625,1.16678,1.16585,1.16599,1621.46
2025.08.18 22:00:00,1.16598,1.16703,1.16598,1.16672,1874.25
2025.08.18 23:00:00,1.16669,1.16693,1.16596,1.16602,1968.57
2025.08.19 00:00:00,1.16598,1.16617,1.16575,1.16613,898.38
2025.08.19 01:00:00,1.16613,1.16746,1.16599,1.16694,1420.26
2025.08.19 02:00:00,1.16695,1.16695,1.16618,1.16679,1109.49
2025.08.19 03:00:00,1.16678,1.16699,1.16556,1.16583,3724.06
2025.08.19 04:00:00,1.16585,1.16622,1.1639,1.1649,4892.63
2025.08.19 05:00:00,1.16491,1.16559,1.16467,1.16528,2731.09
2025.08.19 06:00:00,1.1653,1.16586,1.16504,1.16549,1579.55
2025.08.19 07:00:00,1.16549,1.16616,1.16534,1.16604,1914.93
2025.08.19 08:00:00,1.16605,1.16656,1.16537,1.16551,1617.41
2025.08.19 09:00:00,1.1655,1.16745,1.16511,1.16742,4084.01
2025.08.19 10:00:00,1.16743,1.1684,1.16735,1.16834,4794.29
2025.08.19 11:00:00,1.16835,1.16842,1.16715,1.16749,2930.34
2025.08.19 12:00:00,1.1675,1.16821,1.16724,1.16802,2250.78
2025.08.19 13:00:00,1.168,1.16919,1.16792,1.16887,2220.93
2025.08.19 14:00:00,1.16886,1.16928,1.16798,1.16855,2903.12
2025.08.19 15:00:00,1.16856,1.16879,1.16729,1.16754,4144.59
2025.08.19 16:00:00,1.16752,1.16781,1.1668,1.16762,4340.34
2025.08.19 17:00:00,1.1676,1.16775,1.16637,1.16719,5191.19
2025.08.19 18:00:00,1.16719,1.16753,1.16575,1.16586,4409.84
2025.08.19 19:00:00,1.16586,1.1663,1.16544,1.16563,2797.76
2025.08.19 20:00:00,1.16565,1.16607,1.16529,1.16544,1938.57
2025.08.19 21:00:00,1.16545,1.16546,1.16421,1.16472,2083.83
2025.08.19 22:00:00,1.16473,1.16481,1.16424,1.16463,1204.47
2025.08.19 23:00:00,1.16463,1.1648,1.16446,1.16464,1670.08
2025.08.20 00:00:00,1.16459,1.16493,1.16426,1.16449,2324.9
2025.08.20 01:00:00,1.16445,1.16489,1.16443,1.16484,692.49
2025.08.20 02:00:00,1.16485,1.16485,1.16408,1.16415,846.84
2025.08.20 03:00:00,1.16413,1.16423,1.16312,1.16387,2757.2
2025.08.20 04:00:00,1.16385,1.16421,1.16271,1.16274,2839.53
2025.08.20 05:00:00,1.16272,1.16294,1.16221,1.16262,4229.88
2025.08.20 06:00:00,1.16262,1.16362,1.16262,1.16329,1765.07
2025.08.20 07:00:00,1.16329,1.16381,1.16322,1.16343,1241.81
2025.08.20 08:00:00,1.16344,1.16401,1.16322,1.16391,1754.74
2025.08.20 09:00:00,1.16391,1.16424,1.16231,1.16335,6311.95
2025.08.20 10:00:00,1.16336,1.16467,1.16334,1.16445,4578.4
2025.08.20 11:00:00,1.16447,1.16465,1.16314,1.16375,4770.33
2025.08.20 12:00:00,1.16374,1.16461,1.16349,1.1645,2544.75
2025.08.20 13:00:00,1.16448,1.16575,1.16435,1.16467,4013.35
2025.08.20 14:00:00,1.16469,1.165,1.164,1.16417,2111.09
2025.08.20 15:00:00,1.16419,1.16736,1.16419,1.1671,4901.83
2025.08.20 16:00:00,1.16708,1.16718,1.16559,1.16587,4454.58
2025.08.20 17:00:00,1.16587,1.16689,1.16484,1.1663,5858.73
2025.08.20 18:00:00,1.16631,1.16631,1.16462,1.16479,4097.69
2025.08.20 19:00:00,1.16479,1.16617,1.16477,1.16598,2393.74
2025.08.20 20:00:00,1.16597,1.16723,1.16591,1.16713,2306.45
2025.08.20 21:00:00,1.16714,1.16714,1.16546,1.16547,3016.34
2025.08.20 22:00:00,1.16547,1.16583,1.16523,1.16527,2016.07
2025.08.20 23:00:00,1.16528,1.16528,1.16469,1.16506,1303.96
2025.08.21 00:00:00,1.16505,1.16529,1.1648,1.16497,1547.95
2025.08.21 01:00:00,1.16498,1.16551,1.16494,1.16525,538.71
2025.08.21 02:00:00,1.16522,1.16534,1.16481,1.16507,926.49
2025.08.21 03:00:00,1.16507,1.16516,1.16409,1.16467,3043.72
2025.08.21 04:00:00,1.16468,1.16505,1.1641,1.1646,2926.65
2025.08.21 05:00:00,1.16458,1.16493,1.16431,1.16465,3055.63
2025.08.21 06:00:00,1.16465,1.16485,1.16415,1.1646,936.45
2025.08.21 07:00:00,1.16461,1.1648,1.16428,1.16453,1077.23
2025.08.21 08:00:00,1.16455,1.16496,1.16415,1.16492,2277.33
2025.08.21 09:00:00,1.16495,1.16497,1.16258,1.16297,3765.43
2025.08.21 10:00:00,1.16298,1.16613,1.16249,1.16579,5158.01
2025.08.21 11:00:00,1.1658,1.16593,1.16499,1.16547,4131.59
2025.08.21 12:00:00,1.16548,1.16626,1.16537,1.16548,2789.04
2025.08.21 13:00:00,1.16546,1.16565,1.16481,1.16491,2912.11
2025.08.21 14:00:00,1.16492,1.16572,1.16394,1.16403,4915.15
2025.08.21 15:00:00,1.16404,1.16562,1.16368,1.16466,6613.21
2025.08.21 16:00:00,1.16465,1.16498,1.16154,1.16205,10139.6
2025.08.21 17:00:00,1.16206,1.16293,1.16061,1.16156,10713.62
2025.08.21 18:00:00,1.16154,1.16256,1.1601,1.16042,9162.5
2025.08.21 19:00:00,1.16041,1.16117,1.16013,1.16108,3426.53
2025.08.21 20:00:00,1.16109,1.16185,1.16109,1.16148,2435.8
2025.08.21 21:00:00,1.16147,1.16168,1.1607,1.16096,2427.31
2025.08.21 22:00:00,1.16097,1.16101,1.16036,1.16048,1512.69
2025.08.21 23:00:00,1.16047,1.16084,1.16032,1.16052,1556.15
2025.08.22 00:00:00,1.16047,1.16106,1.16032,1.16065,2660.08
2025.08.22 01:00:00,1.16065,1.16134,1.16056,1.16129,639.45
2025.08.22 02:00:00,1.16132,1.16145,1.1609,1.16122,1406.42
2025.08.22 03:00:00,1.16122,1.16164,1.16104,1.16147,2153.18
2025.08.22 04:00:00,1.16148,1.16157,1.16038,1.1608,1980.64
2025.08.22 05:00:00,1.16079,1.16142,1.16049,1.16087,1452.21
2025.08.22 06:00:00,1.16086,1.16087,1.15888,1.15895,3208.06
2025.08.22 07:00:00,1.15897,1.15938,1.15828,1.15845,1950.12
2025.08.22 08:00:00,1.15842,1.15888,1.15832,1.15867,1842.11
2025.08.22 09:00:00,1.15864,1.1595,1.15833,1.15884,3157.94
2025.08.22 10:00:00,1.15886,1.15988,1.15882,1.15946,5363.89
2025.08.22 11:00:00,1.15944,1.15995,1.15914,1.15994,2683.13
2025.08.22 12:00:00,1.15992,1.16023,1.15951,1.15964,2854.03
2025.08.22 13:00:00,1.15963,1.15999,1.15932,1.15959,2070.33
2025.08.22 14:00:00,1.15961,1.16062,1.15948,1.16043,3445.25
2025.08.22 15:00:00,1.16045,1.16136,1.16045,1.16085,3042.75
2025.08.22 16:00:00,1.16083,1.16189,1.15973,1.15996,4883.54
2025.08.22 17:00:00,1.15996,1.17199,1.15996,1.1718,28427.457
2025.08.22 18:00:00,1.1718,1.17321,1.17122,1.17122,11007.61
2025.08.22 19:00:00,1.1712,1.17264,1.17118,1.17218,6606.71
2025.08.22 20:00:00,1.17221,1.17425,1.17221,1.17367,6794.4
2025.08.22 21:00:00,1.17367,1.17391,1.1721,1.17212,3432.49
2025.08.22 22:00:00,1.17214,1.17225,1.17149,1.17199,1901.81
2025.08.22 23:00:00,1.17199,1.17268,1.17147,1.17148,2521.648
2025.08.25 00:00:00,1.17203,1.17259,1.17203,1.17218,454.146
2025.08.25 01:00:00,1.17218,1.17229,1.17107,1.17127,1522.348
2025.08.25 02:00:00,1.17125,1.17142,1.17074,1.17083,816
2025.08.25 03:00:00,1.17077,1.17082,1.16954,1.16978,2510.33
2025.08.25 04:00:00,1.16978,1.17033,1.16935,1.16962,2563.53
2025.08.25 05:00:00,1.16964,1.17,1.16938,1.16971,1789.15
2025.08.25 06:00:00,1.1697,1.17076,1.1697,1.17066,1687.16
2025.08.25 07:00:00,1.17068,1.17078,1.17035,1.17057,1303.56
2025.08.25 08:00:00,1.17057,1.17057,1.1698,1.17005,1454.2
2025.08.25 09:00:00,1.17007,1.17204,1.17007,1.17147,4170.28
2025.08.25 10:00:00,1.17148,1.17179,1.16945,1.16975,3221.05
2025.08.25 11:00:00,1.16973,1.17108,1.16971,1.1704,3321.38
2025.08.25 12:00:00,1.17039,1.17044,1.16897,1.1693,2427.9
2025.08.25 13:00:00,1.16933,1.1697,1.16851,1.16876,2578.74
2025.08.25 14:00:00,1.16878,1.17028,1.16873,1.17024,2843.06
2025.08.25 15:00:00,1.17025,1.17033,1.16937,1.16998,2705.37
2025.08.25 16:00:00,1.16996,1.17089,1.16946,1.17028,3525.46
2025.08.25 17:00:00,1.17026,1.17055,1.16892,1.169,5231.57
2025.08.25 18:00:00,1.16901,1.16915,1.16652,1.16692,6691.14
2025.08.25 19:00:00,1.16692,1.16693,1.1651,1.16546,4037.32
2025.08.25 20:00:00,1.16548,1.16558,1.16409,1.16465,3117.8
2025.08.25 21:00:00,1.16467,1.16483,1.16189,1.16204,3637.12
2025.08.25 22:00:00,1.16204,1.16213,1.16028,1.16096,3970.97
2025.08.25 23:00:00,1.16094,1.16255,1.16091,1.16161,4211.71
2025.08.26 00:00:00,1.1616,1.16196,1.16145,1.16187,2204.37
2025.08.26 01:00:00,1.1619,1.16226,1.1618,1.16204,1008.56
2025.08.26 02:00:00,1.16204,1.16212,1.16123,1.16144,1164.51
2025.08.26 03:00:00,1.16145,1.166,1.161,1.16479,11413.24
2025.08.26 04:00:00,1.16478,1.16501,1.16347,1.16417,4904.27
2025.08.26 05:00:00,1.16415,1.16472,1.16323,1.16364,3201.43
2025.08.26 06:00:00,1.16364,1.16364,1.16238,1.16256,2417.33
2025.08.26 07:00:00,1.16254,1.1632,1.16236,1.16315,2918.24
2025.08.26 08:00:00,1.16316,1.16443,1.16294,1.1641,3409.49
2025.08.26 09:00:00,1.16409,1.1641,1.16132,1.16223,6892.91
2025.08.26 10:00:00,1.16221,1.16286,1.16021,1.16215,9701.06
2025.08.26 11:00:00,1.16215,1.16249,1.16057,1.16178,7820.31
2025.08.26 12:00:00,1.16178,1.16435,1.16176,1.16422,6247.73
2025.08.26 13:00:00,1.16423,1.16474,1.16368,1.16449,4091.85
2025.08.26 14:00:00,1.16449,1.16605,1.16412,1.16537,5343.7
2025.08.26 15:00:00,1.16539,1.16599,1.16447,1.16461,9728.47
2025.08.26 16:00:00,1.16458,1.16565,1.1637,1.16505,7692.8
2025.08.26 17:00:00,1.16505,1.16652,1.16435,1.16545,7395.11
2025.08.26 18:00:00,1.16545,1.16636,1.16486,1.16553,6238
2025.08.26 19:00:00,1.16556,1.16615,1.16484,1.16488,2740.84
2025.08.26 20:00:00,1.1649,1.16527,1.16374,1.16377,2666.12
2025.08.26 21:00:00,1.16377,1.16473,1.16333,1.16435,2659.63
2025.08.26 22:00:00,1.16436,1.16485,1.16397,1.16405,2351.2
2025.08.26 23:00:00,1.16403,1.1643,1.16333,1.16419,2108.7
2025.08.27 00:00:00,1.16417,1.1647,1.16405,1.16446,2494.05
2025.08.27 01:00:00,1.1645,1.16475,1.16408,1.16428,1075.5
2025.08.27 02:00:00,1.16428,1.16436,1.16366,1.16368,1497.38
2025.08.27 03:00:00,1.1637,1.16415,1.16336,1.16367,1958.83
2025.08.27 04:00:00,1.16366,1.16406,1.16307,1.16337,3463.38
2025.08.27 05:00:00,1.16336,1.1634,1.16247,1.16311,2282.6
2025.08.27 06:00:00,1.16312,1.16328,1.16215,1.16251,2189.28
2025.08.27 07:00:00,1.16251,1.16253,1.16119,1.1614,2076.04
2025.08.27 08:00:00,1.16139,1.16203,1.16133,1.16202,2038.53
2025.08.27 09:00:00,1.16199,1.16239,1.16143,1.16207,4517.24
2025.08.27 10:00:00,1.16208,1.16219,1.15961,1.16035,5431.3
2025.08.27 11:00:00,1.16032,1.16034,1.15771,1.15886,6133.73
2025.08.27 12:00:00,1.15888,1.15951,1.15862,1.159,3159.31
2025.08.27 13:00:00,1.159,1.15923,1.15787,1.15794,3225.17
2025.08.27 14:00:00,1.15792,1.15897,1.1574,1.15859,3844.4
2025.08.27 15:00:00,1.15859,1.15982,1.15842,1.15861,5634.66
2025.08.27 16:00:00,1.15862,1.16037,1.15841,1.15978,9748.19
2025.08.27 17:00:00,1.15976,1.16027,1.15822,1.15922,8670.16
2025.08.27 18:00:00,1.15922,1.16122,1.1592,1.16105,5909.64
2025.08.27 19:00:00,1.16105,1.16406,1.16105,1.16381,5805.96
2025.08.27 20:00:00,1.16381,1.16428,1.16324,1.16377,3177.46
2025.08.27 21:00:00,1.16377,1.16381,1.16278,1.16305,3659.36
2025.08.27 22:00:00,1.16304,1.1635,1.1629,1.16336,5811.22
2025.08.27 23:00:00,1.16337,1.1639,1.16314,1.16381,2717.74
2025.08.28 00:00:00,1.1638,1.16384,1.16321,1.16368,905.49
2025.08.28 01:00:00,1.16368,1.16438,1.16368,1.16431,1090.78
2025.08.28 02:00:00,1.16432,1.16477,1.16424,1.16473,775.29
2025.08.28 03:00:00,1.16474,1.16493,1.16426,1.16455,1904.01
2025.08.28 04:00:00,1.16456,1.16503,1.16414,1.1645,1949.62
2025.08.28 05:00:00,1.16451,1.16546,1.16446,1.16525,3553.09
2025.08.28 06:00:00,1.16527,1.16542,1.1642,1.16428,1558.96
2025.08.28 07:00:00,1.16429,1.1644,1.16387,1.16397,1241.49
2025.08.28 08:00:00,1.16397,1.16407,1.16358,1.16373,1721.47
2025.08.28 09:00:00,1.1637,1.16449,1.16337,1.16428,4149.4
2025.08.28 10:00:00,1.16429,1.16494,1.16337,1.16437,4857.68
2025.08.28 11:00:00,1.16434,1.16454,1.16289,1.16422,4167.89
2025.08.28 12:00:00,1.16425,1.16544,1.16424,1.16485,3275.34
2025.08.28 13:00:00,1.16485,1.16746,1.1648,1.16714,4110.91
2025.08.28 14:00:00,1.16712,1.16735,1.16592,1.16663,3677.89
2025.08.28 15:00:00,1.16665,1.16869,1.16621,1.16694,11080.81
2025.08.28 16:00:00,1.16695,1.16771,1.16584,1.1672,8819.18
2025.08.28 17:00:00,1.16719,1.1686,1.1666,1.16703,10142.37
2025.08.28 18:00:00,1.16704,1.16752,1.16613,1.1672,5851.7
2025.08.28 19:00:00,1.1672,1.16899,1.16716,1.16893,3050.09
2025.08.28 20:00:00,1.16893,1.16972,1.16868,1.16878,3071.41
2025.08.28 21:00:00,1.16879,1.16901,1.16847,1.16889,1805.22
2025.08.28 22:00:00,1.16891,1.16901,1.16821,1.16825,1400.85
2025.08.28 23:00:00,1.16824,1.16834,1.16777,1.16827,1416.12
2025.08.29 00:00:00,1.16817,1.16817,1.16772,1.16782,1505.42
2025.08.29 01:00:00,1.16777,1.16806,1.16732,1.16738,1796.48
2025.08.29 02:00:00,1.16737,1.16818,1.16737,1.16785,862.22
2025.08.29 03:00:00,1.16786,1.16821,1.16725,1.16747,1658.01
2025.08.29 04:00:00,1.16748,1.16762,1.1656,1.16587,4123.71
2025.08.29 05:00:00,1.16588,1.16649,1.16587,1.16617,3454.23
2025.08.29 06:00:00,1.16619,1.16648,1.16597,1.16624,1729.78
2025.08.29 07:00:00,1.16623,1.16647,1.16583,1.16646,1598.24
2025.08.29 08:00:00,1.16645,1.16701,1.16614,1.16698,1815.78
2025.08.29 09:00:00,1.16696,1.16704,1.16611,1.16672,3112.81
2025.08.29 10:00:00,1.16673,1.16768,1.16627,1.16757,3904.2
2025.08.29 11:00:00,1.16757,1.16901,1.16695,1.16756,5292.38
2025.08.29 12:00:00,1.16755,1.16826,1.16688,1.16729,5333.96
2025.08.29 13:00:00,1.16728,1.16744,1.16649,1.16677,4819.73
2025.08.29 14:00:00,1.16676,1.16679,1.1661,1.16627,3251.68
2025.08.29 15:00:00,1.16628,1.16639,1.16507,1.16585,7091
2025.08.29 16:00:00,1.16584,1.1673,1.16535,1.16686,7656.09
2025.08.29 17:00:00,1.16686,1.1705,1.16686,1.17044,11420.37
2025.08.29 18:00:00,1.17044,1.17089,1.16943,1.16943,6756.25
2025.08.29 19:00:00,1.16944,1.17069,1.16936,1.17015,4248.98
2025.08.29 20:00:00,1.17013,1.17029,1.16961,1.16963,2256.07
2025.08.29 21:00:00,1.16964,1.16993,1.16932,1.16984,2529.69
2025.08.29 22:00:00,1.16983,1.16994,1.16928,1.16982,2909.29
2025.08.29 23:00:00,1.16983,1.17005,1.16805,1.16826,3988.16
2025.09.01 00:00:00,1.16935,1.16959,1.16865,1.16878,551.41
2025.09.01 01:00:00,1.16881,1.16905,1.16845,1.16885,1003.95
2025.09.01 02:00:00,1.16886,1.16903,1.16867,1.169,674.29
2025.09.01 03:00:00,1.16899,1.16979,1.16898,1.1697,1272.15
2025.09.01 04:00:00,1.16971,1.16972,1.16879,1.16946,1972.38
2025.09.01 05:00:00,1.16946,1.17136,1.16946,1.17116,2404.55
2025.09.01 06:00:00,1.17117,1.17142,1.17043,1.1708,1422.41
2025.09.01 07:00:00,1.17081,1.17099,1.17046,1.17083,1024.23
2025.09.01 08:00:00,1.17082,1.17154,1.1708,1.17143,1596.76
2025.09.01 09:00:00,1.17142,1.17333,1.17133,1.17251,4122.93
2025.09.01 10:00:00,1.1725,1.17278,1.17151,1.17251,4365.12
2025.09.01 11:00:00,1.1725,1.17362,1.17158,1.17353,5658.29
2025.09.01 12:00:00,1.17351,1.17362,1.17186,1.17194,3524.84
2025.09.01 13:00:00,1.17193,1.17261,1.17179,1.17195,2781.02
2025.09.01 14:00:00,1.17196,1.1729,1.17129,1.17143,2836.34
2025.09.01 15:00:00,1.17142,1.17178,1.17063,1.17075,3429.13
2025.09.01 16:00:00,1.17074,1.17161,1.17051,1.17078,3640.99
2025.09.01 17:00:00,1.17076,1.17142,1.17053,1.17109,4112.73
2025.09.01 18:00:00,1.17108,1.17113,1.16994,1.16995,3195.97
2025.09.01 19:00:00,1.16996,1.17046,1.16964,1.17046,1413.11
2025.09.01 20:00:00,1.17046,1.1705,1.17011,1.17041,557.43
2025.09.01 21:00:00,1.17041,1.17074,1.17037,1.17073,620.28
2025.09.01 22:00:00,1.17073,1.17136,1.17073,1.17127,548.59
2025.09.01 23:00:00,1.17126,1.17134,1.17105,1.17106,619.56
2025.09.02 00:00:00,1.17106,1.17106,1.1706,1.17084,1238.78
2025.09.02 01:00:00,1.17073,1.17133,1.17069,1.17107,1336.49
2025.09.02 02:00:00,1.17108,1.1718,1.17105,1.17147,702.22
2025.09.02 03:00:00,1.17148,1.17156,1.17029,1.17044,6188
2025.09.02 04:00:00,1.17044,1.17068,1.16992,1.17036,5732.26
2025.09.02 05:00:00,1.17034,1.17039,1.1692,1.16982,4191.96
2025.09.02 06:00:00,1.16983,1.16992,1.1693,1.16951,2187.08
2025.09.02 07:00:00,1.16951,1.16961,1.16899,1.16931,1728.29
2025.09.02 08:00:00,1.16932,1.1697,1.1687,1.16943,2863.91
2025.09.02 09:00:00,1.16944,1.17061,1.16944,1.17031,2990.83
2025.09.02 10:00:00,1.17031,1.17064,1.16426,1.16458,12511.83
2025.09.02 11:00:00,1.16459,1.16555,1.16336,1.16446,11682.58
2025.09.02 12:00:00,1.16444,1.16481,1.16237,1.16375,10866.35
2025.09.02 13:00:00,1.16377,1.16419,1.16267,1.16318,9636.28
2025.09.02 14:00:00,1.16316,1.16495,1.16279,1.16463,19847.27
2025.09.02 15:00:00,1.16467,1.16531,1.16127,1.16172,11539.25
2025.09.02 16:00:00,1.16172,1.16513,1.1615,1.16495,10652.95
2025.09.02 17:00:00,1.165,1.16825,1.165,1.16623,15812.07
2025.09.02 18:00:00,1.16622,1.16684,1.16492,1.16525,7787.06
2025.09.02 19:00:00,1.16526,1.16548,1.16428,1.16439,3965.81
2025.09.02 20:00:00,1.16442,1.16482,1.16413,1.16422,2565.68
2025.09.02 21:00:00,1.1642,1.16434,1.16294,1.16334,3365.91
2025.09.02 22:00:00,1.16335,1.16413,1.16319,1.16412,5041.36
2025.09.02 23:00:00,1.16413,1.16432,1.16374,1.16395,2729.84
2025.09.03 00:00:00,1.16395,1.16422,1.16373,1.16412,2312.67
2025.09.03 01:00:00,1.16411,1.16438,1.16365,1.1637,1471.43
2025.09.03 02:00:00,1.16372,1.16378,1.16325,1.16327,4551.04
2025.09.03 03:00:00,1.16327,1.16361,1.16288,1.1633,3548.03
2025.09.03 04:00:00,1.1633,1.16353,1.16262,1.16301,8723.45
2025.09.03 05:00:00,1.16303,1.16353,1.16247,1.16272,6213.78
2025.09.03 06:00:00,1.16274,1.16301,1.1623,1.16234,4153.38
2025.09.03 07:00:00,1.16234,1.16317,1.16218,1.16317,5471.49
2025.09.03 08:00:00,1.16316,1.16344,1.1626,1.163,4500.24
2025.09.03 09:00:00,1.163,1.16429,1.16284,1.1633,4462.24
2025.09.03 10:00:00,1.16328,1.1636,1.16081,1.16356,11932.4
2025.09.03 11:00:00,1.16357,1.16575,1.16354,1.16562,7482.6
2025.09.03 12:00:00,1.16564,1.16646,1.16518,1.16562,5100.95
2025.09.03 13:00:00,1.16563,1.16577,1.16394,1.16433,3766.5
2025.09.03 14:00:00,1.16432,1.16542,1.16398,1.16516,3804.99
2025.09.03 15:00:00,1.16517,1.16588,1.16446,1.16483,5299.8
2025.09.03 16:00:00,1.16482,1.16538,1.16384,1.16492,9264.82
2025.09.03 17:00:00,1.16488,1.16801,1.16488,1.16636,12424.72
2025.09.03 18:00:00,1.16636,1.1682,1.16629,1.1675,5821.82
2025.09.03 19:00:00,1.16749,1.16774,1.16666,1.16751,3651.47
2025.09.03 20:00:00,1.16754,1.1677,1.16587,1.1661,3082.92
2025.09.03 21:00:00,1.16607,1.16678,1.1658,1.16617,3777.49
2025.09.03 22:00:00,1.16616,1.16626,1.16556,1.16582,2196.07
2025.09.03 23:00:00,1.1658,1.16643,1.16556,1.16612,1613.82
2025.09.04 00:00:00,1.16612,1.16625,1.16582,1.16602,2438.45
2025.09.04 01:00:00,1.16605,1.1663,1.1659,1.166,855.22
2025.09.04 02:00:00,1.16601,1.16621,1.16566,1.16608,1181.23
2025.09.04 03:00:00,1.16611,1.16621,1.16545,1.16585,4432.02
2025.09.04 04:00:00,1.16588,1.16694,1.16522,1.16582,4810.01
2025.09.04 05:00:00,1.16582,1.16588,1.16509,1.16528,2247.69
2025.09.04 06:00:00,1.16529,1.16556,1.16502,1.16531,1578.16
2025.09.04 07:00:00,1.16531,1.16548,1.16502,1.16514,1062.42
2025.09.04 08:00:00,1.16516,1.16552,1.16485,1.16551,1371.76
2025.09.04 09:00:00,1.16551,1.16612,1.16498,1.16518,3142.92
2025.09.04 10:00:00,1.16517,1.16583,1.16439,1.16505,4097.71
2025.09.04 11:00:00,1.16504,1.16593,1.1648,1.16572,3936.26
2025.09.04 12:00:00,1.16571,1.16594,1.16395,1.16427,3327.39
2025.09.04 13:00:00,1.16428,1.16596,1.16428,1.16527,3545.93
2025.09.04 14:00:00,1.16525,1.16528,1.16391,1.16427,2737.57
2025.09.04 15:00:00,1.16429,1.16582,1.16298,1.16457,9160.51
2025.09.04 16:00:00,1.16458,1.16557,1.16374,1.16495,9350.06
2025.09.04 17:00:00,1.16492,1.16515,1.16315,1.16346,13064.54
2025.09.04 18:00:00,1.16347,1.16499,1.16311,1.16473,4609.7
2025.09.04 19:00:00,1.16475,1.16481,1.16338,1.16394,3007.31
2025.09.04 20:00:00,1.16394,1.164,1.16343,1.16374,1958.93
2025.09.04 21:00:00,1.16375,1.16477,1.16365,1.16438,1752.71
2025.09.04 22:00:00,1.16438,1.16519,1.16437,1.16508,1994.22
2025.09.04 23:00:00,1.16507,1.16522,1.16483,1.16494,1071.57
2025.09.05 00:00:00,1.16493,1.165,1.16461,1.16479,1233.2
2025.09.05 01:00:00,1.16479,1.16531,1.16476,1.16488,1683.76
2025.09.05 02:00:00,1.16493,1.16577,1.16485,1.16567,1297.47
2025.09.05 03:00:00,1.16566,1.16607,1.16522,1.16594,3994.01
2025.09.05 04:00:00,1.16595,1.16718,1.16595,1.16704,2718.53
2025.09.05 05:00:00,1.16705,1.16745,1.16683,1.16683,1526.35
2025.09.05 06:00:00,1.16679,1.16731,1.1666,1.16713,2123.24
2025.09.05 07:00:00,1.16713,1.16717,1.16648,1.16668,1539.84
2025.09.05 08:00:00,1.1667,1.16775,1.16663,1.16765,1055.23
2025.09.05 09:00:00,1.16766,1.16775,1.16649,1.1669,4596.82
2025.09.05 10:00:00,1.16691,1.16786,1.16663,1.16777,4456.26
2025.09.05 11:00:00,1.16775,1.16843,1.16749,1.16828,3228.53
2025.09.05 12:00:00,1.1683,1.16923,1.16814,1.16877,2841.69
2025.09.05 13:00:00,1.16877,1.16963,1.16867,1.16914,2937.52
2025.09.05 14:00:00,1.16913,1.16916,1.16775,1.1687,4619.88
2025.09.05 15:00:00,1.1687,1.175,1.16862,1.17341,19334.42
2025.09.05 16:00:00,1.17341,1.17502,1.17136,1.17487,15289.13
2025.09.05 17:00:00,1.17489,1.17592,1.17227,1.17365,12116.81
2025.09.05 18:00:00,1.17363,1.17592,1.17346,1.17583,7178.81
2025.09.05 19:00:00,1.17582,1.17593,1.17364,1.17389,4498.21
2025.09.05 20:00:00,1.17387,1.17391,1.17246,1.17257,3997.66
2025.09.05 21:00:00,1.17256,1.17263,1.17144,1.17169,2654.57
2025.09.05 22:00:00,1.17169,1.1723,1.17129,1.17176,2739.23
2025.09.05 23:00:00,1.17178,1.17219,1.17139,1.17141,1834.01
2025.09.08 00:00:00,1.17111,1.17186,1.17102,1.1717,398.4
2025.09.08 01:00:00,1.17168,1.17197,1.17036,1.17057,2703.5466
2025.09.08 02:00:00,1.17059,1.17158,1.17057,1.17121,2152.16
2025.09.08 03:00:00,1.17122,1.1713,1.17046,1.17128,2959.14
2025.09.08 04:00:00,1.17129,1.17173,1.17074,1.17127,3214.04
2025.09.08 05:00:00,1.17128,1.17162,1.17101,1.1715,3063.33
2025.09.08 06:00:00,1.17149,1.17157,1.17079,1.17092,1654.3
2025.09.08 07:00:00,1.17092,1.17142,1.17059,1.1713,1658.13
2025.09.08 08:00:00,1.17129,1.17208,1.17122,1.17147,2403.91
2025.09.08 09:00:00,1.1715,1.17277,1.17118,1.17267,5038.61
2025.09.08 10:00:00,1.17268,1.17338,1.17202,1.17328,5174.98
2025.09.08 11:00:00,1.17326,1.17427,1.17258,1.1731,4026.77
2025.09.08 12:00:00,1.17311,1.17313,1.17207,1.17236,3195.58
2025.09.08 13:00:00,1.17236,1.17288,1.17198,1.17257,3471.24
2025.09.08 14:00:00,1.17256,1.17317,1.17245,1.17289,2562.18
2025.09.08 15:00:00,1.1729,1.17415,1.17228,1.17377,4518.69
2025.09.08 16:00:00,1.17377,1.17561,1.17363,1.1751,5441.73
2025.09.08 17:00:00,1.1751,1.17543,1.17397,1.17452,6605.74
2025.09.08 18:00:00,1.17454,1.17522,1.17431,1.17503,4114.45
2025.09.08 19:00:00,1.17503,1.17518,1.17349,1.17403,3770.76
2025.09.08 20:00:00,1.17402,1.17469,1.17348,1.17395,2198.76
2025.09.08 21:00:00,1.17394,1.17624,1.17394,1.17611,2187.75
2025.09.08 22:00:00,1.1761,1.17654,1.17594,1.17624,2440.08
2025.09.08 23:00:00,1.17623,1.17636,1.17595,1.17629,1344.84
2025.09.09 00:00:00,1.1762,1.17629,1.17585,1.17609,821.72
2025.09.09 01:00:00,1.17611,1.17649,1.17611,1.17619,1092.6
2025.09.09 02:00:00,1.17622,1.17728,1.17622,1.17684,1005.33
2025.09.09 03:00:00,1.17685,1.17742,1.17653,1.17714,3045.56
2025.09.09 04:00:00,1.17714,1.17779,1.17659,1.17749,3571.64
2025.09.09 05:00:00,1.1775,1.17768,1.17677,1.17685,3085.15
2025.09.09 06:00:00,1.17687,1.17699,1.17634,1.17638,992.72
2025.09.09 07:00:00,1.17639,1.17757,1.17635,1.17726,1298.92
2025.09.09 08:00:00,1.17726,1.17799,1.17711,1.17786,2377
2025.09.09 09:00:00,1.17789,1.17798,1.1756,1.17647,4695.13
2025.09.09 10:00:00,1.17648,1.17681,1.17479,1.17527,5083
2025.09.09 11:00:00,1.17525,1.17621,1.17441,1.17593,6868.74
2025.09.09 12:00:00,1.17595,1.17722,1.17593,1.17675,5131.87
2025.09.09 13:00:00,1.17675,1.17712,1.17524,1.17538,5111.22
2025.09.09 14:00:00,1.17542,1.17544,1.1741,1.1742,4111.93
2025.09.09 15:00:00,1.17422,1.17449,1.17275,1.17371,6149.43
2025.09.09 16:00:00,1.17372,1.17489,1.17339,1.17414,6795.86
2025.09.09 17:00:00,1.17416,1.17626,1.17227,1.17307,20943.9
2025.09.09 18:00:00,1.17308,1.17315,1.17156,1.1722,11207.62
2025.09.09 19:00:00,1.1722,1.17297,1.17186,1.1719,6809.44
2025.09.09 20:00:00,1.1719,1.17235,1.17083,1.17094,7555.58
2025.09.09 21:00:00,1.17093,1.17145,1.17041,1.17062,7448.97
2025.09.09 22:00:00,1.17063,1.17089,1.17036,1.17065,2255
2025.09.09 23:00:00,1.17063,1.17117,1.17044,1.17078,1867.51
2025.09.10 00:00:00,1.17073,1.17119,1.1706,1.17094,2838.88
2025.09.10 01:00:00,1.17093,1.17134,1.17084,1.17118,1345.93
2025.09.10 02:00:00,1.17115,1.17119,1.16972,1.1702,2068.92
2025.09.10 03:00:00,1.1702,1.17023,1.16959,1.16969,2239.88
2025.09.10 04:00:00,1.16971,1.17026,1.16891,1.16991,4208.76
2025.09.10 05:00:00,1.16994,1.1708,1.16992,1.17069,2730.62
2025.09.10 06:00:00,1.17072,1.171,1.17065,1.1708,1473.57
2025.09.10 07:00:00,1.1708,1.17154,1.17073,1.17149,2312.41
2025.09.10 08:00:00,1.17147,1.17157,1.17049,1.17083,2549.06
2025.09.10 09:00:00,1.17085,1.17184,1.16916,1.16976,5522.43
2025.09.10 10:00:00,1.16977,1.17077,1.16824,1.17028,6520.86
2025.09.10 11:00:00,1.17028,1.17035,1.1691,1.16997,4292.56
2025.09.10 12:00:00,1.16996,1.1717,1.16981,1.17133,3702.6
2025.09.10 13:00:00,1.17131,1.17145,1.16963,1.17002,3171.29
2025.09.10 14:00:00,1.17001,1.17068,1.1695,1.17046,3374.8
2025.09.10 15:00:00,1.17045,1.17272,1.1691,1.17002,12719
2025.09.10 16:00:00,1.17001,1.17246,1.16956,1.172,10349.1
2025.09.10 17:00:00,1.17198,1.17306,1.17151,1.17277,7758.97
2025.09.10 18:00:00,1.17276,1.173,1.17131,1.17146,4226.66
2025.09.10 19:00:00,1.17145,1.17161,1.17023,1.17053,4224.68
2025.09.10 20:00:00,1.17053,1.17113,1.17015,1.17058,2552.79
2025.09.10 21:00:00,1.17055,1.17121,1.17025,1.17047,1893.64
2025.09.10 22:00:00,1.17044,1.17046,1.16933,1.17002,2424.42
2025.09.10 23:00:00,1.17001,1.17013,1.16932,1.16946,1460.38
2025.09.11 00:00:00,1.16945,1.16993,1.16937,1.16986,3150.38
2025.09.11 01:00:00,1.16987,1.17032,1.16979,1.17028,585.05
2025.09.11 02:00:00,1.17028,1.17067,1.17011,1.17024,847.1
2025.09.11 03:00:00,1.17023,1.17023,1.16936,1.16939,1906.57
2025.09.11 04:00:00,1.16937,1.17025,1.16927,1.16973,2076.27
2025.09.11 05:00:00,1.16971,1.16988,1.16937,1.16964,1339.01
2025.09.11 06:00:00,1.16963,1.17001,1.16946,1.16956,1275.43
2025.09.11 07:00:00,1.16955,1.16993,1.16937,1.16993,1273.64
2025.09.11 08:00:00,1.16992,1.16994,1.16891,1.16899,1685.77
2025.09.11 09:00:00,1.16897,1.16966,1.16836,1.16905,4227.29
2025.09.11 10:00:00,1.16906,1.16963,1.16864,1.16926,5169.88
2025.09.11 11:00:00,1.16927,1.16951,1.16886,1.1692,3589.08
2025.09.11 12:00:00,1.16918,1.16931,1.16772,1.16858,3637.63
2025.09.11 13:00:00,1.16859,1.16882,1.16798,1.1683,2986.25
2025.09.11 14:00:00,1.16827,1.1691,1.16781,1.16835,5725.87
2025.09.11 15:00:00,1.16836,1.17208,1.16589,1.17149,18657.54
2025.09.11 16:00:00,1.17147,1.17409,1.17137,1.17392,15424.64
2025.09.11 17:00:00,1.1739,1.17442,1.17255,1.17278,8054.89
2025.09.11 18:00:00,1.17277,1.1746,1.1726,1.17315,6203.45
2025.09.11 19:00:00,1.17316,1.17396,1.17305,1.17363,3933.2
2025.09.11 20:00:00,1.17363,1.1739,1.17277,1.17316,3178.73
2025.09.11 21:00:00,1.17315,1.17383,1.17306,1.17355,2449.98
2025.09.11 22:00:00,1.17355,1.17389,1.17336,1.17366,3609.11
2025.09.11 23:00:00,1.17368,1.17397,1.17331,1.17337,2653.05
2025.09.12 00:00:00,1.17326,1.17358,1.17306,1.17347,2531.56
2025.09.12 01:00:00,1.1735,1.17405,1.17345,1.17386,925.69
2025.09.12 02:00:00,1.17389,1.17398,1.17327,1.17329,861.89
2025.09.12 03:00:00,1.17329,1.17343,1.17268,1.1733,3528.89
2025.09.12 04:00:00,1.17329,1.17344,1.17253,1.17254,3031.68
2025.09.12 05:00:00,1.17257,1.1729,1.17237,1.17266,2077.08
2025.09.12 06:00:00,1.17266,1.1727,1.17227,1.17249,1635.81
2025.09.12 07:00:00,1.1725,1.1727,1.17206,1.17254,1870.04
2025.09.12 08:00:00,1.17255,1.17334,1.17238,1.17304,1782.45
2025.09.12 09:00:00,1.17307,1.17404,1.17218,1.17392,5330.28
2025.09.12 10:00:00,1.17394,1.17475,1.17368,1.17407,5500.69
2025.09.12 11:00:00,1.17406,1.17409,1.17154,1.17172,5983.42
2025.09.12 12:00:00,1.17172,1.17251,1.17125,1.17219,7310.2
2025.09.12 13:00:00,1.17221,1.17347,1.17217,1.17337,4199.47
2025.09.12 14:00:00,1.17337,1.17354,1.17204,1.17211,5915.03
2025.09.12 15:00:00,1.17213,1.17227,1.17013,1.17121,8582.36
2025.09.12 16:00:00,1.17122,1.17164,1.17033,1.17123,6269.08
2025.09.12 17:00:00,1.17123,1.1728,1.17117,1.1725,8666.96
2025.09.12 18:00:00,1.17252,1.17278,1.17133,1.1714,4956.14
2025.09.12 19:00:00,1.1714,1.17317,1.17099,1.17269,2995.94
2025.09.12 20:00:00,1.17268,1.17378,1.17268,1.1732,2265.23
2025.09.12 21:00:00,1.1732,1.17416,1.1732,1.17409,2347.98
2025.09.12 22:00:00,1.17411,1.17414,1.17338,1.17363,1824.67
2025.09.12 23:00:00,1.17363,1.17365,1.17286,1.17301,2576.64
2025.09.15 00:00:00,1.17303,1.17339,1.17279,1.17288,329.1
2025.09.15 01:00:00,1.1729,1.17344,1.17276,1.1728,1221.9
2025.09.15 02:00:00,1.1728,1.1731,1.17249,1.17253,636.96
2025.09.15 03:00:00,1.17256,1.17276,1.17218,1.17268,1011.54
2025.09.15 04:00:00,1.17267,1.17294,1.17225,1.17276,1787.05
2025.09.15 05:00:00,1.17275,1.17292,1.17244,1.17274,1199.89
2025.09.15 06:00:00,1.17275,1.17342,1.17269,1.17312,1196.33
2025.09.15 07:00:00,1.17312,1.17353,1.17308,1.1734,913.65
2025.09.15 08:00:00,1.17341,1.17343,1.17278,1.17284,1024.08
2025.09.15 09:00:00,1.17284,1.17298,1.1716,1.1725,3201.09
2025.09.15 10:00:00,1.17249,1.17441,1.17241,1.17335,4138.37
2025.09.15 11:00:00,1.17333,1.17435,1.17298,1.17369,4443.65
2025.09.15 12:00:00,1.17369,1.17516,1.17359,1.17463,4050.38
2025.09.15 13:00:00,1.17461,1.17626,1.17461,1.17528,3364.72
2025.09.15 14:00:00,1.17527,1.1763,1.17527,1.17608,3613.8
2025.09.15 15:00:00,1.1761,1.17708,1.1761,1.17693,5182
2025.09.15 16:00:00,1.17692,1.17731,1.17575,1.17588,6561.47
2025.09.15 17:00:00,1.17588,1.17603,1.17508,1.17577,6093.4
2025.09.15 18:00:00,1.17578,1.1772,1.17563,1.17712,4570.64
2025.09.15 19:00:00,1.17712,1.17744,1.17564,1.17581,3066.15
2025.09.15 20:00:00,1.1758,1.17728,1.17579,1.17709,2945.69
2025.09.15 21:00:00,1.17711,1.17721,1.17662,1.17693,6331.77
2025.09.15 22:00:00,1.17694,1.17719,1.17642,1.17657,5566.73
2025.09.15 23:00:00,1.17656,1.17686,1.17598,1.17609,3916.59
2025.09.16 00:00:00,1.17606,1.17656,1.17602,1.17651,1198.2
2025.09.16 01:00:00,1.17651,1.17653,1.17615,1.17627,1154.81
2025.09.16 02:00:00,1.1763,1.17657,1.17626,1.17628,701.66
2025.09.16 03:00:00,1.17627,1.17661,1.17572,1.17619,2008.14
2025.09.16 04:00:00,1.17618,1.17691,1.1758,1.17674,2504.45
2025.09.16 05:00:00,1.17673,1.17773,1.17673,1.17764,2444.28
2025.09.16 06:00:00,1.17765,1.17866,1.17739,1.17802,3383.77
2025.09.16 07:00:00,1.17802,1.17802,1.17739,1.17769,2023.57
2025.09.16 08:00:00,1.17767,1.17802,1.17735,1.17782,1751.48
2025.09.16 09:00:00,1.1778,1.17912,1.17778,1.17871,6567.91
2025.09.16 10:00:00,1.17871,1.18017,1.17862,1.17944,7019.66
2025.09.16 11:00:00,1.17943,1.18037,1.179,1.17946,6438.05
2025.09.16 12:00:00,1.1795,1.18179,1.17947,1.1814,6184.55
2025.09.16 13:00:00,1.1814,1.18153,1.18038,1.18082,5402.72
2025.09.16 14:00:00,1.18083,1.18213,1.18011,1.18141,6245.13
