Time (UTC),Open,High,Low,Close,Volume 
2024.01.19 00:00:00,0.61193,0.61262,0.61183,0.6121,2308.33
2024.01.19 01:00:00,0.61212,0.61218,0.61089,0.61134,2532.54
2024.01.19 02:00:00,0.61131,0.61141,0.61057,0.61098,2097.13
2024.01.19 03:00:00,0.61095,0.61098,0.61035,0.61044,1682.05
2024.01.19 04:00:00,0.61046,0.61054,0.60979,0.60982,1320.58
2024.01.19 05:00:00,0.60983,0.60992,0.6091,0.60926,1940.69
2024.01.19 06:00:00,0.60926,0.60966,0.60891,0.60947,2278.51
2024.01.19 07:00:00,0.60948,0.61073,0.60925,0.61034,4010.96
2024.01.19 08:00:00,0.61033,0.61082,0.60989,0.61066,4742.35
2024.01.19 09:00:00,0.61064,0.61192,0.61049,0.6119,3508.72
2024.01.19 10:00:00,0.61189,0.61237,0.61131,0.61166,5606.37
2024.01.19 11:00:00,0.61167,0.61207,0.61146,0.61193,2755.4
2024.01.19 12:00:00,0.61195,0.61204,0.61127,0.61144,2164.81
2024.01.19 13:00:00,0.61145,0.61184,0.6105,0.61075,5786.99
2024.01.19 14:00:00,0.61077,0.61092,0.60959,0.61046,6919.38
2024.01.19 15:00:00,0.61048,0.61114,0.609,0.60997,10766.62
2024.01.19 16:00:00,0.60997,0.61052,0.60957,0.61004,4976.52
2024.01.19 17:00:00,0.61007,0.61109,0.60974,0.61086,7305.75
2024.01.19 18:00:00,0.61084,0.61084,0.61026,0.61049,4594.85
2024.01.19 19:00:00,0.6105,0.61126,0.61047,0.6112,4204.92
2024.01.19 20:00:00,0.61121,0.61148,0.61097,0.61132,3189
2024.01.19 21:00:00,0.6113,0.61174,0.61105,0.61105,1435.76
2024.01.21 22:00:00,0.6112,0.61163,0.61054,0.61105,936.54
2024.01.21 23:00:00,0.61115,0.61194,0.61114,0.61172,1846.42
2024.01.22 00:00:00,0.61173,0.61313,0.61129,0.61311,2480.76
2024.01.22 01:00:00,0.61311,0.61386,0.61237,0.61264,3275.63
2024.01.22 02:00:00,0.61263,0.61311,0.61212,0.61292,3282.86
2024.01.22 03:00:00,0.61293,0.61294,0.6122,0.61229,3000.37
2024.01.22 04:00:00,0.61231,0.61236,0.61126,0.61148,2608.97
2024.01.22 05:00:00,0.61144,0.61155,0.6108,0.61094,3329.13
2024.01.22 06:00:00,0.61095,0.61116,0.6104,0.61081,4569.39
2024.01.22 07:00:00,0.61081,0.61115,0.6101,0.61076,3857.52
2024.01.22 08:00:00,0.61074,0.61121,0.61,0.61026,5383.5
2024.01.22 09:00:00,0.61025,0.61099,0.60991,0.61074,2895.15
2024.01.22 10:00:00,0.61074,0.61181,0.61051,0.61153,2628.15
2024.01.22 11:00:00,0.61152,0.61198,0.61144,0.61153,4226.77
2024.01.22 12:00:00,0.61152,0.61235,0.61141,0.61193,4491.36
2024.01.22 13:00:00,0.61192,0.61204,0.61097,0.61157,4653.99
2024.01.22 14:00:00,0.61154,0.61175,0.6108,0.61146,5039.27
2024.01.22 15:00:00,0.61147,0.61153,0.61033,0.6104,5848.67
2024.01.22 16:00:00,0.6104,0.61041,0.60961,0.61005,4089.73
2024.01.22 17:00:00,0.61005,0.61027,0.60945,0.6099,2559.18
2024.01.22 18:00:00,0.60996,0.60996,0.60828,0.60861,2903.41
2024.01.22 19:00:00,0.60863,0.60871,0.60795,0.60817,2403.2
2024.01.22 20:00:00,0.60822,0.60823,0.60732,0.60745,2603.06
2024.01.22 21:00:00,0.60745,0.60768,0.60711,0.60763,1112.72
2024.01.22 22:00:00,0.60763,0.6077,0.60662,0.60731,2578.83
2024.01.22 23:00:00,0.60734,0.60748,0.60649,0.60729,3208.9
2024.01.23 00:00:00,0.60728,0.60821,0.60725,0.60811,1624.04
2024.01.23 01:00:00,0.6081,0.60859,0.60734,0.60852,3130.9
2024.01.23 02:00:00,0.60852,0.60983,0.608,0.60907,5471.72
2024.01.23 03:00:00,0.6091,0.6098,0.6085,0.60942,6855.05
2024.01.23 04:00:00,0.60942,0.6102,0.60921,0.60999,2363.26
2024.01.23 05:00:00,0.60999,0.61063,0.60979,0.61039,2293.76
2024.01.23 06:00:00,0.61041,0.61158,0.60996,0.6114,4493.62
2024.01.23 07:00:00,0.61143,0.61167,0.60996,0.61013,5228.17
2024.01.23 08:00:00,0.61012,0.6102,0.60913,0.60916,6786.27
2024.01.23 09:00:00,0.60916,0.60933,0.60853,0.60894,4212.73
2024.01.23 10:00:00,0.60894,0.60895,0.60793,0.60841,3194.1
2024.01.23 11:00:00,0.6084,0.60867,0.60768,0.60793,2982.1
2024.01.23 12:00:00,0.60793,0.60879,0.60781,0.60859,3120.76
2024.01.23 13:00:00,0.60862,0.61002,0.60862,0.60931,5834.84
2024.01.23 14:00:00,0.6093,0.60932,0.60786,0.60802,5903
2024.01.23 15:00:00,0.60803,0.60887,0.60696,0.60726,7968.14
2024.01.23 16:00:00,0.60727,0.6077,0.60665,0.60694,4579.62
2024.01.23 17:00:00,0.60693,0.60714,0.60615,0.60687,3400.96
2024.01.23 18:00:00,0.60688,0.6077,0.60669,0.60746,4312.44
2024.01.23 19:00:00,0.60747,0.60853,0.60739,0.60817,4952.81
2024.01.23 20:00:00,0.60818,0.60883,0.60775,0.60875,4363.73
2024.01.23 21:00:00,0.60874,0.61075,0.60854,0.61013,4381.74
2024.01.23 22:00:00,0.61008,0.61029,0.60935,0.60987,1430.35
2024.01.23 23:00:00,0.60991,0.6103,0.60986,0.61021,1867.97
2024.01.24 00:00:00,0.6102,0.61025,0.60949,0.6099,2941.54
2024.01.24 01:00:00,0.60989,0.61064,0.60949,0.61023,3393.56
2024.01.24 02:00:00,0.61022,0.61025,0.60884,0.60903,3810.84
2024.01.24 03:00:00,0.60903,0.60987,0.60885,0.60954,2542.6
2024.01.24 04:00:00,0.60955,0.61018,0.60941,0.61015,1669.65
2024.01.24 05:00:00,0.61015,0.61043,0.60941,0.61027,2518.51
2024.01.24 06:00:00,0.61027,0.61074,0.61004,0.61059,2874.43
2024.01.24 07:00:00,0.61059,0.61169,0.61019,0.61117,4283.88
2024.01.24 08:00:00,0.61115,0.61275,0.61115,0.61264,4510.84
2024.01.24 09:00:00,0.61266,0.61416,0.61254,0.61342,7012.29
2024.01.24 10:00:00,0.61339,0.61368,0.61267,0.61305,3877.83
2024.01.24 11:00:00,0.61306,0.61329,0.61264,0.61292,4393.35
2024.01.24 12:00:00,0.61292,0.61318,0.61249,0.6126,5730.36
2024.01.24 13:00:00,0.61259,0.61465,0.61255,0.61444,5687.32
2024.01.24 14:00:00,0.61444,0.61484,0.6127,0.61313,10725.51
2024.01.24 15:00:00,0.61315,0.6137,0.61217,0.61281,12137.46
2024.01.24 16:00:00,0.61282,0.61302,0.61189,0.6125,8989.22
2024.01.24 17:00:00,0.61248,0.61321,0.61233,0.61308,3550.36
2024.01.24 18:00:00,0.61308,0.61312,0.61143,0.6117,4910.83
2024.01.24 19:00:00,0.6117,0.61179,0.61075,0.61121,6865.51
2024.01.24 20:00:00,0.6112,0.61176,0.61101,0.61146,4568.05
2024.01.24 21:00:00,0.61145,0.6115,0.61075,0.61098,2457.04
2024.01.24 22:00:00,0.6109,0.61133,0.60994,0.61077,1221.65
2024.01.24 23:00:00,0.61071,0.61144,0.6105,0.61075,1889.38
2024.01.25 00:00:00,0.61074,0.61086,0.60995,0.61064,2877.97
2024.01.25 01:00:00,0.61064,0.61116,0.61019,0.61098,4565.43
2024.01.25 02:00:00,0.611,0.61141,0.61046,0.61083,4631.88
2024.01.25 03:00:00,0.61083,0.61128,0.61083,0.61109,2309.81
2024.01.25 04:00:00,0.61106,0.61106,0.61047,0.61056,1901
2024.01.25 05:00:00,0.6106,0.61092,0.61033,0.61054,1148.7
2024.01.25 06:00:00,0.61053,0.61135,0.61039,0.61111,1948.35
2024.01.25 07:00:00,0.61111,0.61173,0.61101,0.61146,2920.95
2024.01.25 08:00:00,0.61144,0.61198,0.61085,0.61184,4529.1
2024.01.25 09:00:00,0.61185,0.61252,0.61157,0.61236,7196.31
2024.01.25 10:00:00,0.61236,0.61292,0.61227,0.6126,6531.94
2024.01.25 11:00:00,0.61261,0.61269,0.61213,0.61239,5372.07
2024.01.25 12:00:00,0.61241,0.61248,0.61127,0.61141,6008.94
2024.01.25 13:00:00,0.6114,0.61322,0.61053,0.6131,13038.32
2024.01.25 14:00:00,0.61307,0.61314,0.6117,0.61275,12548.19
2024.01.25 15:00:00,0.61275,0.61311,0.61114,0.61145,12793.18
2024.01.25 16:00:00,0.61145,0.61188,0.61091,0.61124,9352.21
2024.01.25 17:00:00,0.61124,0.61173,0.61057,0.61142,6101.46
2024.01.25 18:00:00,0.61141,0.61222,0.61051,0.61059,7052.26
2024.01.25 19:00:00,0.61057,0.61126,0.61013,0.6111,3455.15
2024.01.25 20:00:00,0.61109,0.61135,0.61075,0.61106,4480.66
2024.01.25 21:00:00,0.61104,0.61113,0.61082,0.61095,1262.75
2024.01.25 22:00:00,0.61084,0.61133,0.61076,0.61108,955.8
2024.01.25 23:00:00,0.61106,0.61106,0.61069,0.61075,1648.14
2024.01.26 00:00:00,0.61077,0.61083,0.60997,0.6105,2130.4
2024.01.26 01:00:00,0.61049,0.61121,0.61039,0.61056,3224.08
2024.01.26 02:00:00,0.61055,0.61133,0.61041,0.61083,3630.06
2024.01.26 03:00:00,0.61083,0.6112,0.61055,0.61069,1549.41
2024.01.26 04:00:00,0.61073,0.61093,0.61039,0.61048,898.26
2024.01.26 05:00:00,0.61047,0.61101,0.61044,0.61072,1702.88
2024.01.26 06:00:00,0.61071,0.61075,0.60994,0.61009,2280.31
2024.01.26 07:00:00,0.61012,0.61034,0.60935,0.60957,4303.65
2024.01.26 08:00:00,0.60957,0.60995,0.60923,0.60984,7167.28
2024.01.26 09:00:00,0.60987,0.61057,0.60918,0.61021,3952.67
2024.01.26 10:00:00,0.61022,0.61103,0.61022,0.61091,2638.18
2024.01.26 11:00:00,0.61093,0.61146,0.6109,0.61104,1627.57
2024.01.26 12:00:00,0.61106,0.61131,0.61021,0.6103,2920.57
2024.01.26 13:00:00,0.61032,0.61203,0.60977,0.61133,10685.43
2024.01.26 14:00:00,0.61132,0.61167,0.61038,0.61086,6288.37
2024.01.26 15:00:00,0.61086,0.61086,0.60974,0.61048,9438.81
2024.01.26 16:00:00,0.61046,0.61049,0.60987,0.6102,3601.19
2024.01.26 17:00:00,0.6102,0.61036,0.60957,0.60977,4878.52
2024.01.26 18:00:00,0.60978,0.60994,0.60907,0.60924,5254.3
2024.01.26 19:00:00,0.60925,0.60972,0.60916,0.60946,3483.94
2024.01.26 20:00:00,0.60946,0.60957,0.60904,0.60912,2940.9
2024.01.26 21:00:00,0.60908,0.60927,0.60891,0.60896,2035.27
2024.01.28 22:00:00,0.60898,0.6094,0.60883,0.60888,708
2024.01.28 23:00:00,0.60888,0.6094,0.60853,0.609,4236.62
2024.01.29 00:00:00,0.609,0.60965,0.60874,0.60959,2777.85
2024.01.29 01:00:00,0.60963,0.61073,0.60956,0.61036,3572.37
2024.01.29 02:00:00,0.61034,0.61034,0.60954,0.60989,1741.42
2024.01.29 03:00:00,0.60988,0.6102,0.60939,0.60961,1114.8
2024.01.29 04:00:00,0.60962,0.61009,0.60956,0.60965,1283.76
2024.01.29 05:00:00,0.60966,0.60986,0.60929,0.60971,1879.65
2024.01.29 06:00:00,0.6097,0.61019,0.60967,0.61002,2426.55
2024.01.29 07:00:00,0.61002,0.61166,0.60987,0.61111,3680.7
2024.01.29 08:00:00,0.6111,0.61161,0.61076,0.61145,3433.2
2024.01.29 09:00:00,0.61145,0.61173,0.61119,0.61143,3884.06
2024.01.29 10:00:00,0.61142,0.61177,0.61115,0.61167,2004.21
2024.01.29 11:00:00,0.61168,0.61215,0.61118,0.61124,2841.05
2024.01.29 12:00:00,0.61124,0.61206,0.6112,0.61131,2558.44
2024.01.29 13:00:00,0.61131,0.61158,0.61095,0.61127,3292.14
2024.01.29 14:00:00,0.61126,0.61142,0.61004,0.61055,3920.99
2024.01.29 15:00:00,0.61054,0.61125,0.60997,0.61091,5612.84
2024.01.29 16:00:00,0.61093,0.61116,0.61057,0.61092,3638.31
2024.01.29 17:00:00,0.61092,0.61116,0.61047,0.6105,2303.7
2024.01.29 18:00:00,0.6105,0.61064,0.61029,0.61053,2576.29
2024.01.29 19:00:00,0.61054,0.61157,0.61037,0.61146,2793.55
2024.01.29 20:00:00,0.61147,0.61433,0.61147,0.61333,8524.96
2024.01.29 21:00:00,0.61336,0.61336,0.61258,0.6133,1719.75
2024.01.29 22:00:00,0.6133,0.6133,0.61254,0.61315,983.28
2024.01.29 23:00:00,0.61312,0.6135,0.6131,0.61328,1092.77
2024.01.30 00:00:00,0.61329,0.6144,0.6132,0.61414,3032.12
2024.01.30 01:00:00,0.61413,0.61416,0.61313,0.61347,2939.19
2024.01.30 02:00:00,0.61346,0.61373,0.61313,0.61349,2100.44
2024.01.30 03:00:00,0.61347,0.61398,0.61326,0.61379,1033.35
2024.01.30 04:00:00,0.61379,0.61449,0.61347,0.61368,2581.28
2024.01.30 05:00:00,0.6137,0.61489,0.61369,0.61407,3285.3
2024.01.30 06:00:00,0.61408,0.61423,0.61361,0.61386,2998.2
2024.01.30 07:00:00,0.61388,0.61475,0.61371,0.6146,4940.03
2024.01.30 08:00:00,0.61463,0.61467,0.61281,0.6132,5693.22
2024.01.30 09:00:00,0.61323,0.61365,0.61259,0.6133,2448.3
2024.01.30 10:00:00,0.61329,0.61341,0.61281,0.61286,3389.67
2024.01.30 11:00:00,0.61288,0.61305,0.6124,0.61253,2112.64
2024.01.30 12:00:00,0.61251,0.61287,0.61212,0.61226,1623.72
2024.01.30 13:00:00,0.61228,0.61237,0.61144,0.61205,4716.06
2024.01.30 14:00:00,0.61204,0.61366,0.61204,0.61329,5638.31
2024.01.30 15:00:00,0.6133,0.61365,0.61049,0.61142,12158.83
2024.01.30 16:00:00,0.61141,0.61267,0.6111,0.61263,8358.96
2024.01.30 17:00:00,0.61262,0.61304,0.61201,0.61219,4635.73
2024.01.30 18:00:00,0.61218,0.61267,0.61192,0.6126,3727.25
2024.01.30 19:00:00,0.6126,0.61345,0.61255,0.61336,3868.28
2024.01.30 20:00:00,0.61336,0.61346,0.61299,0.61334,3570.32
2024.01.30 21:00:00,0.61336,0.61367,0.61302,0.61355,2120.1
2024.01.30 22:00:00,0.61354,0.61354,0.61251,0.61315,1538.74
2024.01.30 23:00:00,0.61317,0.61351,0.613,0.61312,1340.04
2024.01.31 00:00:00,0.61313,0.61351,0.61241,0.61324,2830.72
2024.01.31 01:00:00,0.61324,0.61331,0.61222,0.61231,4199.37
2024.01.31 02:00:00,0.6123,0.6123,0.61116,0.61163,3082.38
2024.01.31 03:00:00,0.61164,0.61197,0.61115,0.61136,2642.59
2024.01.31 04:00:00,0.61135,0.61186,0.61118,0.61171,1671.75
2024.01.31 05:00:00,0.61168,0.61169,0.61107,0.61127,1473
2024.01.31 06:00:00,0.61126,0.6114,0.61078,0.61102,2335.2
2024.01.31 07:00:00,0.61101,0.61233,0.61093,0.61227,3329.95
2024.01.31 08:00:00,0.61227,0.61306,0.61205,0.6127,3724.95
2024.01.31 09:00:00,0.61271,0.61357,0.6125,0.61251,3870.75
2024.01.31 10:00:00,0.61251,0.61255,0.61166,0.61166,2480.45
2024.01.31 11:00:00,0.6117,0.61243,0.61165,0.61179,1813.45
2024.01.31 12:00:00,0.61179,0.6124,0.61179,0.6121,3040.65
2024.01.31 13:00:00,0.61211,0.61419,0.6118,0.61393,11777.73
2024.01.31 14:00:00,0.61392,0.61734,0.61364,0.61664,15628.67
2024.01.31 15:00:00,0.61665,0.61727,0.61513,0.61554,11785.15
2024.01.31 16:00:00,0.61551,0.61566,0.61408,0.61442,7251.4
2024.01.31 17:00:00,0.61442,0.61453,0.61376,0.61392,3834.75
2024.01.31 18:00:00,0.61392,0.61439,0.61359,0.61417,5180.45
2024.01.31 19:00:00,0.61417,0.61646,0.61231,0.61468,30181.58
2024.01.31 20:00:00,0.61473,0.61477,0.61011,0.61126,22801.57
2024.01.31 21:00:00,0.61128,0.61195,0.61103,0.61159,4043.45
2024.01.31 22:00:00,0.61129,0.61171,0.61107,0.61139,1914.97
2024.01.31 23:00:00,0.6114,0.61187,0.61106,0.61125,2135.43
2024.02.01 00:00:00,0.61124,0.61265,0.61099,0.61206,4665.63
2024.02.01 01:00:00,0.61205,0.61255,0.61159,0.61239,6755.09
2024.02.01 02:00:00,0.61239,0.61409,0.61233,0.61355,4555.96
2024.02.01 03:00:00,0.61354,0.61379,0.61308,0.61315,2805.17
2024.02.01 04:00:00,0.61317,0.61345,0.61207,0.61223,2346
2024.02.01 05:00:00,0.61222,0.61222,0.61081,0.61091,3129.79
2024.02.01 06:00:00,0.61089,0.61115,0.61034,0.61051,3853.05
2024.02.01 07:00:00,0.6105,0.6106,0.60949,0.61015,4309.05
2024.02.01 08:00:00,0.61015,0.6102,0.60896,0.60927,5236.83
2024.02.01 09:00:00,0.60928,0.60976,0.609,0.60929,3532.5
2024.02.01 10:00:00,0.60932,0.60958,0.60795,0.60842,3259.18
2024.02.01 11:00:00,0.60842,0.60906,0.60801,0.60886,2762.83
2024.02.01 12:00:00,0.60886,0.60933,0.60836,0.60914,3570.08
2024.02.01 13:00:00,0.60913,0.6105,0.60846,0.60924,8309.75
2024.02.01 14:00:00,0.60925,0.61094,0.60906,0.61082,7268.5
2024.02.01 15:00:00,0.61078,0.61185,0.60877,0.61165,17931.85
2024.02.01 16:00:00,0.61165,0.61362,0.61164,0.6132,11922.97
2024.02.01 17:00:00,0.61321,0.61399,0.61312,0.61342,7266.24
2024.02.01 18:00:00,0.6134,0.61386,0.61286,0.61367,8457.5
2024.02.01 19:00:00,0.61368,0.61411,0.61348,0.61354,4095.91
2024.02.01 20:00:00,0.61355,0.6139,0.61347,0.61387,3179.69
2024.02.01 21:00:00,0.61383,0.61442,0.61361,0.6143,2229.77
2024.02.01 22:00:00,0.61424,0.61428,0.61327,0.61419,1037.48
2024.02.01 23:00:00,0.61417,0.61461,0.61413,0.61442,1387.82
2024.02.02 00:00:00,0.61441,0.61516,0.6144,0.61449,2867.44
2024.02.02 01:00:00,0.61451,0.61499,0.61438,0.61494,4366.07
2024.02.02 02:00:00,0.61495,0.6157,0.61495,0.61567,2416.34
2024.02.02 03:00:00,0.61567,0.61571,0.61488,0.61519,1547.58
2024.02.02 04:00:00,0.61521,0.61535,0.61478,0.61507,1195.5
2024.02.02 05:00:00,0.61505,0.61519,0.61476,0.61506,3228.05
2024.02.02 06:00:00,0.61509,0.61529,0.61466,0.6148,3084.36
2024.02.02 07:00:00,0.61479,0.61513,0.61454,0.61459,2763.07
2024.02.02 08:00:00,0.61457,0.61548,0.61442,0.61448,4522.9
2024.02.02 09:00:00,0.61449,0.61542,0.61445,0.61532,2922.17
2024.02.02 10:00:00,0.61531,0.61599,0.61528,0.61561,3139.15
2024.02.02 11:00:00,0.61561,0.61581,0.61544,0.61578,2371.69
2024.02.02 12:00:00,0.6158,0.61602,0.61548,0.61569,2874.83
2024.02.02 13:00:00,0.61567,0.61599,0.60907,0.60939,13576.74
2024.02.02 14:00:00,0.60938,0.60962,0.60833,0.60898,13296.26
2024.02.02 15:00:00,0.60891,0.60898,0.60618,0.60736,10840.98
2024.02.02 16:00:00,0.60736,0.60742,0.60605,0.60638,4665.45
2024.02.02 17:00:00,0.60638,0.60686,0.60583,0.60626,5783.27
2024.02.02 18:00:00,0.60628,0.60692,0.60599,0.60669,6952.04
2024.02.02 19:00:00,0.60671,0.60731,0.60645,0.60708,4634.21
2024.02.02 20:00:00,0.60709,0.60753,0.60695,0.60724,4092.3
2024.02.02 21:00:00,0.60723,0.60728,0.60626,0.60642,2760.63
2024.02.04 22:00:00,0.60636,0.60685,0.60602,0.60608,1730.9
2024.02.04 23:00:00,0.60623,0.60662,0.60491,0.60622,3113.22
2024.02.05 00:00:00,0.60619,0.60635,0.60474,0.60506,5213.26
2024.02.05 01:00:00,0.60507,0.60617,0.60474,0.60614,3345.08
2024.02.05 02:00:00,0.60617,0.60654,0.60597,0.60631,2842.73
2024.02.05 03:00:00,0.60632,0.60718,0.60599,0.60704,2929.11
2024.02.05 04:00:00,0.60703,0.60721,0.60677,0.60709,2401.33
2024.02.05 05:00:00,0.60709,0.60766,0.60664,0.60742,3996.32
2024.02.05 06:00:00,0.60743,0.60781,0.60719,0.60757,2650.7
2024.02.05 07:00:00,0.60757,0.60814,0.60736,0.6076,2560.54
2024.02.05 08:00:00,0.60763,0.60784,0.60639,0.60676,5630.56
2024.02.05 09:00:00,0.60677,0.60765,0.60617,0.60629,3566.03
2024.02.05 10:00:00,0.6063,0.60654,0.60568,0.60623,4480.48
2024.02.05 11:00:00,0.60626,0.60681,0.6062,0.60634,3419.28
2024.02.05 12:00:00,0.60634,0.60638,0.60529,0.60529,2883.7
2024.02.05 13:00:00,0.60528,0.6056,0.60503,0.6053,3713.27
2024.02.05 14:00:00,0.60534,0.60574,0.60503,0.60561,6403.11
2024.02.05 15:00:00,0.6056,0.6056,0.60379,0.60444,10879.07
2024.02.05 16:00:00,0.60444,0.6049,0.60414,0.60473,6464.78
2024.02.05 17:00:00,0.60475,0.60568,0.60469,0.60547,3471.06
2024.02.05 18:00:00,0.60545,0.60608,0.60533,0.60567,3480.91
2024.02.05 19:00:00,0.60569,0.60573,0.6051,0.60512,3779.18
2024.02.05 20:00:00,0.60513,0.6054,0.60476,0.60535,3800.35
2024.02.05 21:00:00,0.60535,0.60551,0.60523,0.60536,1272.86
2024.02.05 22:00:00,0.60509,0.6056,0.60419,0.60543,2006.89
2024.02.05 23:00:00,0.6054,0.60555,0.60513,0.60523,1377.44
2024.02.06 00:00:00,0.60525,0.6057,0.60514,0.60551,1958.34
2024.02.06 01:00:00,0.6055,0.60663,0.60532,0.60653,4072.11
2024.02.06 02:00:00,0.60655,0.60685,0.60636,0.60637,2696.67
2024.02.06 03:00:00,0.60638,0.60687,0.60579,0.6062,5318.26
2024.02.06 04:00:00,0.60619,0.60751,0.60606,0.6071,3413.69
2024.02.06 05:00:00,0.60711,0.60767,0.6066,0.60698,5154.42
2024.02.06 06:00:00,0.60696,0.60729,0.60651,0.60715,2530.75
2024.02.06 07:00:00,0.60714,0.60765,0.60697,0.60697,3275.52
2024.02.06 08:00:00,0.60698,0.60704,0.60528,0.60544,4235.86
2024.02.06 09:00:00,0.60543,0.60602,0.60526,0.60535,2875.72
2024.02.06 10:00:00,0.60534,0.60565,0.60464,0.60491,2184.29
2024.02.06 11:00:00,0.60491,0.60524,0.60465,0.60519,2155.65
2024.02.06 12:00:00,0.60519,0.6059,0.60476,0.6059,2653.99
2024.02.06 13:00:00,0.60589,0.60651,0.60513,0.60523,4282.85
2024.02.06 14:00:00,0.60522,0.60633,0.60512,0.60598,5053.2
2024.02.06 15:00:00,0.60596,0.60711,0.60538,0.60651,9140.28
2024.02.06 16:00:00,0.60651,0.60738,0.60618,0.60712,5196.4
2024.02.06 17:00:00,0.60711,0.60804,0.60692,0.60777,4475.41
2024.02.06 18:00:00,0.60776,0.60813,0.60706,0.60794,4646.7
2024.02.06 19:00:00,0.60797,0.60802,0.60716,0.60751,4380.98
2024.02.06 20:00:00,0.60756,0.6082,0.60754,0.60812,2469.42
2024.02.06 21:00:00,0.60813,0.60989,0.60774,0.60951,2397.32
2024.02.06 22:00:00,0.60936,0.60981,0.60896,0.60976,979.3
2024.02.06 23:00:00,0.60975,0.61061,0.6096,0.60985,2176.77
2024.02.07 00:00:00,0.60984,0.61002,0.60918,0.60952,2049.15
2024.02.07 01:00:00,0.60953,0.61107,0.60953,0.61087,3409.8
2024.02.07 02:00:00,0.61086,0.61105,0.6104,0.61067,2273.1
2024.02.07 03:00:00,0.61068,0.61111,0.61055,0.61056,1615.6
2024.02.07 04:00:00,0.61054,0.61056,0.60986,0.60996,2083.85
2024.02.07 05:00:00,0.60998,0.6104,0.6099,0.61019,2503.2
2024.02.07 06:00:00,0.61018,0.61054,0.60982,0.61035,3114.15
2024.02.07 07:00:00,0.61035,0.6114,0.61013,0.61046,5733.8
2024.02.07 08:00:00,0.61047,0.61068,0.60996,0.61007,5346.82
2024.02.07 09:00:00,0.61008,0.61074,0.60984,0.61039,6625.53
2024.02.07 10:00:00,0.61039,0.61056,0.60981,0.60996,2890.5
2024.02.07 11:00:00,0.60996,0.61169,0.60994,0.61105,3916.79
2024.02.07 12:00:00,0.61105,0.61148,0.61058,0.6113,4326.06
2024.02.07 13:00:00,0.61133,0.61186,0.61099,0.61135,4417.01
2024.02.07 14:00:00,0.61134,0.61244,0.61102,0.61152,9084.39
2024.02.07 15:00:00,0.61154,0.61189,0.61032,0.61107,7532.86
2024.02.07 16:00:00,0.61106,0.61125,0.61052,0.6109,6774.92
2024.02.07 17:00:00,0.61091,0.61091,0.61034,0.61051,2285.17
2024.02.07 18:00:00,0.6105,0.61125,0.61023,0.61056,5625.19
2024.02.07 19:00:00,0.61055,0.61099,0.61017,0.61079,2501.86
2024.02.07 20:00:00,0.61079,0.6109,0.61055,0.61084,2209.13
2024.02.07 21:00:00,0.61081,0.61146,0.6106,0.61113,1482.3
2024.02.07 22:00:00,0.61114,0.61133,0.61073,0.61117,1417.59
2024.02.07 23:00:00,0.6112,0.61129,0.61061,0.61086,2410.62
2024.02.08 00:00:00,0.61085,0.61168,0.61083,0.61135,1520.1
2024.02.08 01:00:00,0.61134,0.61196,0.61108,0.6117,3468.07
2024.02.08 02:00:00,0.6117,0.61234,0.61161,0.61169,3971.05
2024.02.08 03:00:00,0.61167,0.61185,0.61143,0.61147,2678.08
2024.02.08 04:00:00,0.61148,0.61169,0.61102,0.61113,3108.58
2024.02.08 05:00:00,0.61111,0.61133,0.61077,0.61102,3460.52
2024.02.08 06:00:00,0.61103,0.61137,0.61066,0.61118,2687.18
2024.02.08 07:00:00,0.61117,0.61144,0.61063,0.61098,4103.18
2024.02.08 08:00:00,0.611,0.61111,0.60988,0.61049,2854.49
2024.02.08 09:00:00,0.61049,0.61103,0.61015,0.61079,4196.78
2024.02.08 10:00:00,0.61081,0.61094,0.60976,0.60988,6252.49
2024.02.08 11:00:00,0.60989,0.60989,0.6088,0.60915,3189.08
2024.02.08 12:00:00,0.60916,0.60933,0.60823,0.60877,3271.34
2024.02.08 13:00:00,0.60877,0.60931,0.60786,0.60832,5744.57
2024.02.08 14:00:00,0.60827,0.60903,0.60827,0.60875,5446.66
2024.02.08 15:00:00,0.60876,0.60912,0.60839,0.60873,6343.23
2024.02.08 16:00:00,0.60872,0.60909,0.60832,0.60905,3415.54
2024.02.08 17:00:00,0.60904,0.60944,0.60893,0.60922,2706.98
2024.02.08 18:00:00,0.60923,0.61009,0.60907,0.60924,4270.34
2024.02.08 19:00:00,0.60926,0.60942,0.60877,0.60912,2981.95
2024.02.08 20:00:00,0.60913,0.60949,0.60907,0.60924,3067.05
2024.02.08 21:00:00,0.60923,0.60968,0.60913,0.60961,842.7
2024.02.08 22:00:00,0.60961,0.60978,0.60917,0.6096,885.11
2024.02.08 23:00:00,0.60959,0.6113,0.60941,0.61127,2484.6
2024.02.09 00:00:00,0.61127,0.61215,0.61061,0.61123,5247.37
2024.02.09 01:00:00,0.61122,0.61267,0.61122,0.61238,4867.61
2024.02.09 02:00:00,0.61238,0.61267,0.61206,0.61255,3157.07
2024.02.09 03:00:00,0.61254,0.61289,0.61219,0.61244,1814.36
2024.02.09 04:00:00,0.61244,0.61252,0.61181,0.61191,3215.57
2024.02.09 05:00:00,0.61189,0.61228,0.61162,0.61179,2122.88
2024.02.09 06:00:00,0.61181,0.61264,0.61148,0.61255,1675.99
2024.02.09 07:00:00,0.61255,0.61343,0.61255,0.61287,3884.54
2024.02.09 08:00:00,0.61288,0.61412,0.61283,0.61384,4814.84
2024.02.09 09:00:00,0.61382,0.61499,0.61376,0.61424,6024.31
2024.02.09 10:00:00,0.61423,0.61423,0.61364,0.61394,3079.03
2024.02.09 11:00:00,0.61395,0.61416,0.61348,0.61389,2511.65
2024.02.09 12:00:00,0.61387,0.61428,0.61316,0.61327,2529.01
2024.02.09 13:00:00,0.61326,0.61582,0.61315,0.61423,10687.43
2024.02.09 14:00:00,0.61422,0.61501,0.61328,0.61433,7157.95
2024.02.09 15:00:00,0.61433,0.61462,0.61382,0.61432,5385.99
2024.02.09 16:00:00,0.61432,0.61454,0.61374,0.61388,3595.37
2024.02.09 17:00:00,0.61389,0.61432,0.61371,0.61432,3168.25
2024.02.09 18:00:00,0.61431,0.61481,0.6143,0.61475,2376.5
2024.02.09 19:00:00,0.61475,0.6151,0.61466,0.61481,2325.37
2024.02.09 20:00:00,0.61479,0.61507,0.61456,0.61505,3059.9
2024.02.09 21:00:00,0.61504,0.61537,0.61441,0.61441,2304.02
2024.02.11 22:00:00,0.61394,0.61496,0.61364,0.61408,1523.73
2024.02.11 23:00:00,0.61419,0.61493,0.61345,0.61472,3524.4
2024.02.12 00:00:00,0.6147,0.61515,0.61452,0.6149,2235.27
2024.02.12 01:00:00,0.61492,0.61492,0.61337,0.61351,2925.67
2024.02.12 02:00:00,0.61351,0.61398,0.61335,0.61379,1391.17
2024.02.12 03:00:00,0.61376,0.61389,0.61237,0.61274,2124.29
2024.02.12 04:00:00,0.61275,0.61311,0.61268,0.61281,1656.15
2024.02.12 05:00:00,0.6128,0.61321,0.61264,0.61289,2300.7
2024.02.12 06:00:00,0.61288,0.61314,0.6128,0.61308,2946.09
2024.02.12 07:00:00,0.61308,0.61425,0.61298,0.61386,5444.32
2024.02.12 08:00:00,0.61384,0.61384,0.61207,0.61217,6372.14
2024.02.12 09:00:00,0.61217,0.61263,0.61199,0.61223,2752.11
2024.02.12 10:00:00,0.61224,0.61271,0.61201,0.61271,2312.92
2024.02.12 11:00:00,0.61271,0.61297,0.61226,0.61249,3738.26
2024.02.12 12:00:00,0.61249,0.61322,0.61226,0.61315,1759.82
2024.02.12 13:00:00,0.61315,0.61332,0.61218,0.61241,3216.36
2024.02.12 14:00:00,0.61241,0.61317,0.61221,0.61302,4807.8
2024.02.12 15:00:00,0.61302,0.61311,0.61229,0.61295,4220.47
2024.02.12 16:00:00,0.61294,0.61372,0.61278,0.61354,2789.38
2024.02.12 17:00:00,0.61356,0.61393,0.61353,0.6139,2109.63
2024.02.12 18:00:00,0.6139,0.61391,0.61333,0.6135,4014.23
2024.02.12 19:00:00,0.6135,0.61365,0.61266,0.61276,3808.56
2024.02.12 20:00:00,0.61279,0.61316,0.61279,0.61314,3106.36
2024.02.12 21:00:00,0.61312,0.6132,0.61265,0.61296,921.35
2024.02.12 22:00:00,0.6129,0.61308,0.61209,0.61272,1621.25
2024.02.12 23:00:00,0.61273,0.61296,0.61265,0.61266,964.08
2024.02.13 00:00:00,0.61269,0.61287,0.61198,0.6127,2327.48
2024.02.13 01:00:00,0.6127,0.61282,0.61212,0.61255,2236.7
2024.02.13 02:00:00,0.61253,0.61263,0.61006,0.61013,3607.81
2024.02.13 03:00:00,0.61011,0.61021,0.60956,0.60972,2287.94
2024.02.13 04:00:00,0.60971,0.61003,0.60953,0.60981,1494.73
2024.02.13 05:00:00,0.6098,0.61069,0.60979,0.61037,1630.2
2024.02.13 06:00:00,0.61037,0.61099,0.61037,0.61074,1635.67
2024.02.13 07:00:00,0.61076,0.61111,0.61016,0.61071,6033.97
2024.02.13 08:00:00,0.61072,0.611,0.61004,0.61032,5362.01
2024.02.13 09:00:00,0.61033,0.61046,0.60969,0.61018,2845
2024.02.13 10:00:00,0.61019,0.61085,0.61013,0.6108,2497.35
2024.02.13 11:00:00,0.61082,0.61143,0.61081,0.61124,2068.35
2024.02.13 12:00:00,0.61125,0.61194,0.61111,0.61163,2492.59
2024.02.13 13:00:00,0.61164,0.61243,0.6058,0.60607,16555.62
2024.02.13 14:00:00,0.60608,0.60737,0.6054,0.60561,15619.21
2024.02.13 15:00:00,0.60564,0.60682,0.60538,0.60608,7989.42
2024.02.13 16:00:00,0.60608,0.60655,0.60566,0.60593,7218.6
2024.02.13 17:00:00,0.60592,0.60596,0.60543,0.60565,4525.58
2024.02.13 18:00:00,0.60566,0.6058,0.60514,0.60522,3767.01
2024.02.13 19:00:00,0.60521,0.60546,0.60492,0.60494,3832.56
2024.02.13 20:00:00,0.60496,0.60592,0.60493,0.60585,3788.2
2024.02.13 21:00:00,0.60583,0.60624,0.6058,0.606,1685.72
2024.02.13 22:00:00,0.60599,0.60622,0.6052,0.60613,2662.67
2024.02.13 23:00:00,0.60614,0.6062,0.60553,0.60566,1702.75
2024.02.14 00:00:00,0.60566,0.60581,0.60506,0.60547,2246.46
2024.02.14 01:00:00,0.60546,0.60603,0.6052,0.60603,2608.5
2024.02.14 02:00:00,0.60604,0.60648,0.60598,0.60614,1795.9
2024.02.14 03:00:00,0.60612,0.6073,0.60586,0.60702,2398.71
2024.02.14 04:00:00,0.60702,0.60745,0.60697,0.60726,2069.47
2024.02.14 05:00:00,0.60727,0.60771,0.60724,0.60765,1917.06
2024.02.14 06:00:00,0.60766,0.60828,0.60765,0.60823,1472.24
2024.02.14 07:00:00,0.60823,0.6087,0.60726,0.60825,5620.56
2024.02.14 08:00:00,0.60826,0.60828,0.60694,0.60768,6947.14
2024.02.14 09:00:00,0.60769,0.60818,0.60749,0.60786,5832.42
2024.02.14 10:00:00,0.60785,0.60793,0.6073,0.60782,5649.45
2024.02.14 11:00:00,0.60782,0.60803,0.6073,0.6078,5203.41
2024.02.14 12:00:00,0.60781,0.60801,0.60747,0.60784,4070.58
2024.02.14 13:00:00,0.60787,0.60865,0.60725,0.6074,3203.87
2024.02.14 14:00:00,0.60738,0.60851,0.60723,0.60768,6759.5
2024.02.14 15:00:00,0.60769,0.60837,0.60741,0.60823,6092.68
2024.02.14 16:00:00,0.60824,0.60894,0.60811,0.60877,4319.39
2024.02.14 17:00:00,0.60876,0.60881,0.60826,0.60863,3820.01
2024.02.14 18:00:00,0.60863,0.60916,0.6085,0.60861,2720.52
2024.02.14 19:00:00,0.60861,0.60876,0.60827,0.60835,2533.34
2024.02.14 20:00:00,0.60836,0.60853,0.60822,0.60838,2313.01
2024.02.14 21:00:00,0.60838,0.60861,0.60816,0.60848,1584.26
2024.02.14 22:00:00,0.60844,0.60857,0.60759,0.60822,728.98
2024.02.14 23:00:00,0.60829,0.60908,0.60823,0.60887,1647.46
2024.02.15 00:00:00,0.60888,0.6094,0.60838,0.60892,2865.1
2024.02.15 01:00:00,0.60891,0.6091,0.60797,0.60828,4829.89
2024.02.15 02:00:00,0.60828,0.60892,0.60797,0.60872,3136.44
2024.02.15 03:00:00,0.60874,0.60892,0.60817,0.60823,2815.51
2024.02.15 04:00:00,0.60825,0.60842,0.60803,0.60822,2113.87
2024.02.15 05:00:00,0.60823,0.60853,0.60819,0.60828,1735.88
2024.02.15 06:00:00,0.60826,0.60878,0.60817,0.60862,1626.45
2024.02.15 07:00:00,0.6086,0.60923,0.60811,0.60864,4555.2
2024.02.15 08:00:00,0.60863,0.60896,0.60829,0.60853,4154.77
2024.02.15 09:00:00,0.60853,0.6088,0.60814,0.60854,3038.4
2024.02.15 10:00:00,0.60854,0.60931,0.6085,0.60918,1850.55
2024.02.15 11:00:00,0.6092,0.60982,0.60914,0.60943,2353.66
2024.02.15 12:00:00,0.60943,0.60995,0.60921,0.60973,1978.68
2024.02.15 13:00:00,0.60971,0.61236,0.60946,0.61158,9575.08
2024.02.15 14:00:00,0.61158,0.61255,0.61062,0.61211,8417.67
2024.02.15 15:00:00,0.6121,0.61269,0.61124,0.61126,7289.17
2024.02.15 16:00:00,0.61125,0.61134,0.61002,0.61021,5951.21
2024.02.15 17:00:00,0.61024,0.61068,0.61019,0.61034,2715.89
2024.02.15 18:00:00,0.61032,0.61115,0.61027,0.61107,2952.09
2024.02.15 19:00:00,0.61107,0.61166,0.61099,0.61121,3481.72
2024.02.15 20:00:00,0.61121,0.61121,0.61031,0.61055,3506.34
2024.02.15 21:00:00,0.61055,0.61073,0.61042,0.61051,1701.49
2024.02.15 22:00:00,0.61052,0.6108,0.61014,0.61057,638.46
2024.02.15 23:00:00,0.61057,0.6115,0.61056,0.61102,1612.76
2024.02.16 00:00:00,0.61104,0.61114,0.60928,0.60942,7077.6
2024.02.16 01:00:00,0.60942,0.60982,0.60883,0.60969,3783.73
2024.02.16 02:00:00,0.60968,0.60972,0.60904,0.60937,2923.31
2024.02.16 03:00:00,0.60936,0.60964,0.60913,0.60948,1929.52
2024.02.16 04:00:00,0.60948,0.60992,0.60927,0.60978,1186.65
2024.02.16 05:00:00,0.60975,0.60998,0.60942,0.60945,1401.6
2024.02.16 06:00:00,0.60946,0.60999,0.60941,0.6098,1783.5
2024.02.16 07:00:00,0.60979,0.61029,0.60923,0.61019,3705.79
2024.02.16 08:00:00,0.61019,0.61071,0.60939,0.61056,3246.37
2024.02.16 09:00:00,0.61055,0.61105,0.61043,0.61087,2135.92
2024.02.16 10:00:00,0.61087,0.61122,0.61068,0.61114,1808.92
2024.02.16 11:00:00,0.61113,0.61142,0.6108,0.61081,1594.83
2024.02.16 12:00:00,0.61083,0.61131,0.6104,0.61045,2194.5
2024.02.16 13:00:00,0.61046,0.61085,0.60857,0.60966,9545.28
2024.02.16 14:00:00,0.60968,0.61007,0.60893,0.6099,8119.15
2024.02.16 15:00:00,0.60994,0.6117,0.60974,0.61139,8949.2
2024.02.16 16:00:00,0.61142,0.61201,0.61114,0.6116,4631.02
2024.02.16 17:00:00,0.61162,0.61275,0.61137,0.61274,2838.54
2024.02.16 18:00:00,0.61274,0.6133,0.61237,0.61321,2780.09
2024.02.16 19:00:00,0.61321,0.61354,0.61274,0.61279,2343.47
2024.02.16 20:00:00,0.61278,0.61281,0.61243,0.61246,3945.43
2024.02.16 21:00:00,0.61244,0.61276,0.61222,0.61223,2137.53
2024.02.18 22:00:00,0.6119,0.61233,0.61187,0.61213,485.51
2024.02.18 23:00:00,0.61219,0.61355,0.61218,0.61339,3328.21
2024.02.19 00:00:00,0.61341,0.6142,0.61338,0.61381,3577.6
2024.02.19 01:00:00,0.61381,0.61445,0.61331,0.61337,3522.86
2024.02.19 02:00:00,0.61334,0.61361,0.61319,0.6135,2152.27
2024.02.19 03:00:00,0.61351,0.61408,0.61349,0.61373,1495.5
2024.02.19 04:00:00,0.61373,0.61407,0.6137,0.61397,1128.9
2024.02.19 05:00:00,0.614,0.61417,0.6138,0.61399,3261.35
2024.02.19 06:00:00,0.61399,0.61492,0.61376,0.61474,2219.27
2024.02.19 07:00:00,0.61477,0.6152,0.61457,0.61489,2392.77
2024.02.19 08:00:00,0.61489,0.61519,0.61469,0.61479,3884.42
2024.02.19 09:00:00,0.61481,0.61498,0.61439,0.61451,3494.66
2024.02.19 10:00:00,0.61451,0.61451,0.61385,0.61408,2446.2
2024.02.19 11:00:00,0.61407,0.61435,0.61368,0.61373,2677.57
2024.02.19 12:00:00,0.61372,0.61403,0.61366,0.61387,2360.7
2024.02.19 13:00:00,0.61386,0.61482,0.61386,0.61465,1765.62
2024.02.19 14:00:00,0.61464,0.61466,0.61412,0.61438,3465.24
2024.02.19 15:00:00,0.61438,0.61459,0.6141,0.61418,3770.94
2024.02.19 16:00:00,0.61418,0.61438,0.61403,0.61427,955.82
2024.02.19 17:00:00,0.61428,0.61454,0.61424,0.61446,1137.3
2024.02.19 18:00:00,0.61446,0.61464,0.61444,0.6145,636.75
2024.02.19 19:00:00,0.61449,0.61488,0.61449,0.61475,455.4
2024.02.19 20:00:00,0.61475,0.61494,0.61472,0.61492,1827.87
2024.02.19 21:00:00,0.61493,0.61512,0.61476,0.61485,850.22
2024.02.19 22:00:00,0.61483,0.61488,0.6145,0.61469,1360.64
2024.02.19 23:00:00,0.61469,0.61488,0.61406,0.61419,2260.47
2024.02.20 00:00:00,0.61422,0.61443,0.61351,0.61367,3670.05
2024.02.20 01:00:00,0.61368,0.61429,0.61313,0.61362,3899.81
2024.02.20 02:00:00,0.6136,0.61364,0.61286,0.61319,3392.33
2024.02.20 03:00:00,0.61318,0.61387,0.61315,0.61375,1532.1
2024.02.20 04:00:00,0.61373,0.61406,0.6137,0.61392,2574.3
2024.02.20 05:00:00,0.61392,0.614,0.6135,0.61373,2960.25
2024.02.20 06:00:00,0.61373,0.61409,0.6135,0.61395,2021.55
2024.02.20 07:00:00,0.61395,0.6143,0.61359,0.61389,2706.17
2024.02.20 08:00:00,0.61388,0.61532,0.61383,0.61518,2898.3
2024.02.20 09:00:00,0.61517,0.61646,0.61507,0.61644,5542.59
2024.02.20 10:00:00,0.61646,0.6171,0.61598,0.61696,5872.49
2024.02.20 11:00:00,0.61697,0.61701,0.61636,0.61678,3599.46
2024.02.20 12:00:00,0.61679,0.61786,0.61671,0.61722,3798.9
2024.02.20 13:00:00,0.61723,0.6188,0.61706,0.61862,6863.17
2024.02.20 14:00:00,0.61863,0.61905,0.61787,0.61798,8826.21
2024.02.20 15:00:00,0.61798,0.61836,0.61698,0.61814,7418.65
2024.02.20 16:00:00,0.61815,0.61817,0.61725,0.61757,5336.65
2024.02.20 17:00:00,0.61757,0.61757,0.61695,0.61726,4210.67
2024.02.20 18:00:00,0.61722,0.61733,0.61677,0.6169,5092.41
2024.02.20 19:00:00,0.6169,0.61722,0.61646,0.61676,3759
2024.02.20 20:00:00,0.61675,0.61701,0.61663,0.61685,2962.46
2024.02.20 21:00:00,0.61683,0.61685,0.61618,0.61635,2648.55
2024.02.20 22:00:00,0.61633,0.61652,0.6155,0.61614,1207.08
2024.02.20 23:00:00,0.61615,0.61682,0.61609,0.61665,2424.6
2024.02.21 00:00:00,0.61666,0.61705,0.61645,0.61698,2433.24
2024.02.21 01:00:00,0.617,0.61767,0.61648,0.61765,3499.24
2024.02.21 02:00:00,0.61764,0.61848,0.61763,0.61835,3092.69
2024.02.21 03:00:00,0.61836,0.61901,0.61834,0.6189,1848.75
2024.02.21 04:00:00,0.61889,0.61892,0.61852,0.61874,1422.45
2024.02.21 05:00:00,0.61876,0.61976,0.61856,0.61905,2335.82
2024.02.21 06:00:00,0.61905,0.61921,0.61825,0.61859,3016.27
2024.02.21 07:00:00,0.61861,0.61932,0.61855,0.61892,3723.51
2024.02.21 08:00:00,0.61893,0.61938,0.61804,0.61814,4618.68
2024.02.21 09:00:00,0.61815,0.61884,0.618,0.61831,3728.42
2024.02.21 10:00:00,0.6183,0.61894,0.61825,0.61878,2033.85
2024.02.21 11:00:00,0.61877,0.61887,0.61791,0.61823,2649.45
2024.02.21 12:00:00,0.61824,0.61841,0.61764,0.61769,4938.16
2024.02.21 13:00:00,0.6177,0.61855,0.61766,0.61814,4369.85
2024.02.21 14:00:00,0.61814,0.61858,0.61796,0.61818,5662.65
2024.02.21 15:00:00,0.61819,0.61833,0.61686,0.61691,5156.85
2024.02.21 16:00:00,0.61692,0.61752,0.61682,0.61726,3645.67
2024.02.21 17:00:00,0.61727,0.6173,0.61656,0.61681,2426.33
2024.02.21 18:00:00,0.61679,0.6172,0.61617,0.61702,3887.42
2024.02.21 19:00:00,0.61702,0.61799,0.61646,0.61765,6017.18
2024.02.21 20:00:00,0.61764,0.61799,0.61719,0.61797,4439.65
2024.02.21 21:00:00,0.61798,0.61813,0.61752,0.61793,2820.99
2024.02.21 22:00:00,0.61788,0.61792,0.61719,0.61772,1434.93
2024.02.21 23:00:00,0.61772,0.61831,0.61772,0.61805,3665.6
2024.02.22 00:00:00,0.61804,0.6198,0.61786,0.61961,2524.27
2024.02.22 01:00:00,0.61961,0.61974,0.6186,0.61865,3158.68
2024.02.22 02:00:00,0.61865,0.61903,0.61762,0.61892,3449.09
2024.02.22 03:00:00,0.61894,0.61904,0.61837,0.61866,1537.35
2024.02.22 04:00:00,0.61865,0.6193,0.61844,0.61927,1975.26
2024.02.22 05:00:00,0.61928,0.6198,0.61921,0.61948,2618.45
2024.02.22 06:00:00,0.61949,0.62048,0.61947,0.6203,2846.7
2024.02.22 07:00:00,0.62032,0.62158,0.62018,0.62139,4365
2024.02.22 08:00:00,0.62141,0.62175,0.62072,0.62105,8220.44
2024.02.22 09:00:00,0.62104,0.62105,0.62013,0.62061,5468.87
2024.02.22 10:00:00,0.6206,0.62123,0.62037,0.62094,2465.1
2024.02.22 11:00:00,0.62094,0.62096,0.62032,0.62044,3819.75
2024.02.22 12:00:00,0.62044,0.62078,0.61971,0.61981,3681.45
2024.02.22 13:00:00,0.61984,0.61994,0.61824,0.61835,7522.35
2024.02.22 14:00:00,0.61836,0.6193,0.61777,0.61887,5940.8
2024.02.22 15:00:00,0.61886,0.61892,0.61781,0.61849,6407.96
2024.02.22 16:00:00,0.6185,0.61883,0.61823,0.61857,5183.79
2024.02.22 17:00:00,0.61858,0.61956,0.61827,0.6193,1921.74
2024.02.22 18:00:00,0.61928,0.61993,0.61886,0.61962,2214.99
2024.02.22 19:00:00,0.6196,0.62001,0.61955,0.61987,1373.02
2024.02.22 20:00:00,0.61991,0.62006,0.61957,0.61988,1697.4
2024.02.22 21:00:00,0.61989,0.62031,0.61918,0.61936,1864.98
2024.02.22 22:00:00,0.61936,0.61943,0.61887,0.61918,1148.53
2024.02.22 23:00:00,0.61917,0.6195,0.61913,0.61938,1297.93
2024.02.23 00:00:00,0.61937,0.6202,0.61868,0.61908,2892.88
2024.02.23 01:00:00,0.61907,0.62016,0.61905,0.61964,2856.52
2024.02.23 02:00:00,0.61968,0.62011,0.61931,0.61999,1521.45
2024.02.23 03:00:00,0.62,0.62036,0.61986,0.62027,1045.05
2024.02.23 04:00:00,0.62026,0.62035,0.62004,0.62018,1044.07
2024.02.23 05:00:00,0.62021,0.62025,0.61969,0.61992,988.65
2024.02.23 06:00:00,0.61992,0.62045,0.61962,0.62029,1539.82
2024.02.23 07:00:00,0.62027,0.62052,0.61984,0.6201,4660.63
2024.02.23 08:00:00,0.62012,0.6205,0.6189,0.61905,1863.9
2024.02.23 09:00:00,0.61905,0.6191,0.61803,0.61823,1715.85
2024.02.23 10:00:00,0.61823,0.61891,0.61823,0.61884,1864.05
2024.02.23 11:00:00,0.61881,0.61948,0.61863,0.61938,1898.77
2024.02.23 12:00:00,0.61938,0.62102,0.61934,0.62072,2175.88
2024.02.23 13:00:00,0.62071,0.62109,0.61989,0.62005,5218.94
2024.02.23 14:00:00,0.62006,0.62021,0.6196,0.61977,4369.17
2024.02.23 15:00:00,0.61976,0.61976,0.61865,0.61908,4926.67
2024.02.23 16:00:00,0.61908,0.61972,0.61852,0.61958,5032.04
2024.02.23 17:00:00,0.61957,0.6199,0.61946,0.61959,2111.12
2024.02.23 18:00:00,0.61957,0.61989,0.61945,0.61965,700.12
2024.02.23 19:00:00,0.61964,0.61964,0.61923,0.61951,1558.9
2024.02.23 20:00:00,0.61948,0.61959,0.61896,0.61958,2253.65
2024.02.23 21:00:00,0.61959,0.61977,0.61948,0.6196,1334.95
2024.02.25 22:00:00,0.6193,0.61964,0.61872,0.6192,764.44
2024.02.25 23:00:00,0.6192,0.61945,0.6184,0.61845,2768.41
2024.02.26 00:00:00,0.61844,0.61876,0.61638,0.61646,3406.62
2024.02.26 01:00:00,0.61645,0.61726,0.61626,0.6167,2809.95
2024.02.26 02:00:00,0.61668,0.61712,0.61664,0.61691,2414.7
2024.02.26 03:00:00,0.6169,0.61704,0.61668,0.61674,1461.45
2024.02.26 04:00:00,0.61674,0.61704,0.61652,0.61697,1321.35
2024.02.26 05:00:00,0.61698,0.61706,0.61664,0.61666,1334.17
2024.02.26 06:00:00,0.61664,0.61729,0.61641,0.61672,2176.2
2024.02.26 07:00:00,0.61674,0.61707,0.61661,0.61676,2679.3
2024.02.26 08:00:00,0.61675,0.61706,0.61621,0.61673,2474.02
2024.02.26 09:00:00,0.61674,0.61699,0.61641,0.61699,2296.05
2024.02.26 10:00:00,0.61701,0.61777,0.61701,0.61739,2707.35
2024.02.26 11:00:00,0.6174,0.61815,0.61717,0.61771,3147.51
2024.02.26 12:00:00,0.6177,0.6182,0.61761,0.61767,4085.42
2024.02.26 13:00:00,0.61768,0.61848,0.61761,0.61818,3380.69
2024.02.26 14:00:00,0.61819,0.61826,0.61652,0.61674,3410.02
2024.02.26 15:00:00,0.61674,0.61735,0.61645,0.61722,2764.2
2024.02.26 16:00:00,0.61722,0.61741,0.61679,0.61739,2172.3
2024.02.26 17:00:00,0.61741,0.61742,0.61702,0.61721,1036.95
2024.02.26 18:00:00,0.61718,0.61736,0.61688,0.61716,1461.67
2024.02.26 19:00:00,0.61717,0.61731,0.617,0.61709,643.5
2024.02.26 20:00:00,0.61712,0.61773,0.61712,0.61716,852
2024.02.26 21:00:00,0.61713,0.61736,0.61711,0.61722,927.75
2024.02.26 22:00:00,0.61718,0.61733,0.61667,0.61682,1336.54
2024.02.26 23:00:00,0.61684,0.61716,0.61635,0.61661,1516.89
2024.02.27 00:00:00,0.6166,0.61662,0.61569,0.61592,1465.64
2024.02.27 01:00:00,0.61591,0.61617,0.61548,0.61603,1819.67
2024.02.27 02:00:00,0.61603,0.61624,0.61509,0.61543,2307.92
2024.02.27 03:00:00,0.61546,0.61603,0.61517,0.61599,2184.13
2024.02.27 04:00:00,0.616,0.61662,0.61587,0.61613,2180.57
2024.02.27 05:00:00,0.61612,0.61655,0.6159,0.61633,1729.05
2024.02.27 06:00:00,0.61634,0.61688,0.61619,0.61659,1615.65
2024.02.27 07:00:00,0.6166,0.61736,0.61655,0.61709,3141.59
2024.02.27 08:00:00,0.61712,0.61751,0.61672,0.61685,2727.9
2024.02.27 09:00:00,0.61685,0.61706,0.61652,0.61662,2933.4
2024.02.27 10:00:00,0.61661,0.61668,0.61599,0.61639,2746.2
2024.02.27 11:00:00,0.61639,0.61652,0.61594,0.61648,2045.25
2024.02.27 12:00:00,0.61651,0.61751,0.6165,0.61684,2312.84
2024.02.27 13:00:00,0.61683,0.61702,0.6162,0.61665,3936.55
2024.02.27 14:00:00,0.61661,0.6169,0.61617,0.61662,2877.15
2024.02.27 15:00:00,0.61661,0.61712,0.61567,0.61701,6836.29
2024.02.27 16:00:00,0.61701,0.61759,0.61693,0.61711,2777.67
2024.02.27 17:00:00,0.61712,0.61713,0.61647,0.617,2243.72
2024.02.27 18:00:00,0.61699,0.61775,0.61688,0.61739,1439.94
2024.02.27 19:00:00,0.61738,0.61739,0.61682,0.61702,1292.44
2024.02.27 20:00:00,0.61703,0.61713,0.61668,0.61672,1182.77
2024.02.27 21:00:00,0.61672,0.6171,0.61671,0.61693,976.87
2024.02.27 22:00:00,0.61693,0.61721,0.61672,0.61704,1428.75
2024.02.27 23:00:00,0.61705,0.61739,0.61686,0.61691,683.54
2024.02.28 00:00:00,0.6169,0.61774,0.6165,0.61734,2691.73
2024.02.28 01:00:00,0.61742,0.61746,0.61181,0.61226,6611.14
2024.02.28 02:00:00,0.61223,0.61235,0.61107,0.61129,3592.25
2024.02.28 03:00:00,0.61128,0.61151,0.61025,0.61072,3253.13
2024.02.28 04:00:00,0.61071,0.61147,0.61045,0.61119,2404.72
2024.02.28 05:00:00,0.61118,0.61138,0.61049,0.61133,1763.4
2024.02.28 06:00:00,0.61134,0.61149,0.61004,0.61039,2166.3
2024.02.28 07:00:00,0.61043,0.61124,0.61,0.61082,3821.97
2024.02.28 08:00:00,0.61085,0.61092,0.60992,0.6103,3220.96
2024.02.28 09:00:00,0.61029,0.61048,0.60927,0.60927,3017.62
2024.02.28 10:00:00,0.60926,0.61,0.60925,0.60991,2866.85
2024.02.28 11:00:00,0.6099,0.61029,0.60947,0.60991,2506.8
2024.02.28 12:00:00,0.60989,0.61005,0.6091,0.60914,2027.4
2024.02.28 13:00:00,0.60915,0.61027,0.60909,0.60951,4300.8
2024.02.28 14:00:00,0.6095,0.6098,0.60892,0.60899,4944.6
2024.02.28 15:00:00,0.60897,0.60945,0.60868,0.60882,3597.98
2024.02.28 16:00:00,0.60881,0.60902,0.60816,0.60901,2114.19
2024.02.28 17:00:00,0.60901,0.60938,0.60875,0.60904,3618.8
2024.02.28 18:00:00,0.60904,0.60947,0.60891,0.60932,1944.7
2024.02.28 19:00:00,0.60928,0.60971,0.60908,0.60921,1374.3
2024.02.28 20:00:00,0.60921,0.60994,0.60913,0.60973,1631.4
2024.02.28 21:00:00,0.60974,0.60979,0.6095,0.60971,1278.6
2024.02.28 22:00:00,0.6097,0.60997,0.60931,0.60984,2153.3
2024.02.28 23:00:00,0.60985,0.61009,0.60934,0.60959,1289.96
2024.02.29 00:00:00,0.60961,0.60963,0.60889,0.60906,2161.64
2024.02.29 01:00:00,0.60905,0.61031,0.60905,0.60969,2914
2024.02.29 02:00:00,0.6097,0.61059,0.60968,0.61054,2567.55
2024.02.29 03:00:00,0.61056,0.61076,0.61017,0.61053,1929.22
2024.02.29 04:00:00,0.61052,0.61096,0.61024,0.61033,2496.1
2024.02.29 05:00:00,0.61035,0.61065,0.60972,0.61023,2685.62
2024.02.29 06:00:00,0.6102,0.61037,0.60996,0.61016,2613.02
2024.02.29 07:00:00,0.61014,0.61033,0.60939,0.60966,3287.1
2024.02.29 08:00:00,0.60964,0.60981,0.60881,0.60961,3558.15
2024.02.29 09:00:00,0.60962,0.60968,0.60877,0.60888,3013.07
2024.02.29 10:00:00,0.60887,0.60904,0.60811,0.6082,3621.86
2024.02.29 11:00:00,0.6082,0.60882,0.60795,0.60814,3956.15
2024.02.29 12:00:00,0.60815,0.60828,0.60773,0.60779,3515.79
2024.02.29 13:00:00,0.60778,0.6098,0.60766,0.60944,7952.02
2024.02.29 14:00:00,0.60944,0.61057,0.60912,0.61056,5741.4
2024.02.29 15:00:00,0.61056,0.61116,0.60859,0.60908,7349.73
2024.02.29 16:00:00,0.60909,0.60937,0.60846,0.6089,5151.92
2024.02.29 17:00:00,0.6089,0.60895,0.60773,0.60807,4931.72
2024.02.29 18:00:00,0.60807,0.60883,0.608,0.60871,1502.35
2024.02.29 19:00:00,0.60869,0.60882,0.60815,0.60816,2220.75
2024.02.29 20:00:00,0.60818,0.60893,0.60818,0.60876,1332.75
2024.02.29 21:00:00,0.60875,0.60875,0.60847,0.60864,635.14
2024.02.29 22:00:00,0.60852,0.60879,0.60743,0.60846,2153.11
2024.02.29 23:00:00,0.60846,0.60881,0.60795,0.60866,1832.31
2024.03.01 00:00:00,0.60866,0.60885,0.60826,0.6087,1299.97
2024.03.01 01:00:00,0.60869,0.60955,0.60854,0.60943,2533.5
2024.03.01 02:00:00,0.60945,0.60949,0.60901,0.60913,2151.06
2024.03.01 03:00:00,0.60914,0.60969,0.60914,0.60959,1175.55
2024.03.01 04:00:00,0.60958,0.60966,0.609,0.60913,807.82
2024.03.01 05:00:00,0.60916,0.60925,0.60893,0.60901,789.55
2024.03.01 06:00:00,0.60901,0.60937,0.60895,0.60935,1435.79
2024.03.01 07:00:00,0.60934,0.60959,0.60856,0.6086,2522.85
2024.03.01 08:00:00,0.60861,0.60894,0.60808,0.60825,3560.65
2024.03.01 09:00:00,0.60825,0.60925,0.6082,0.60911,2957.55
2024.03.01 10:00:00,0.60913,0.6098,0.60904,0.60966,2859.66
2024.03.01 11:00:00,0.60967,0.6099,0.60917,0.60958,3378.99
2024.03.01 12:00:00,0.60957,0.60958,0.60867,0.60869,2163
2024.03.01 13:00:00,0.60869,0.60896,0.60819,0.60862,4508.36
2024.03.01 14:00:00,0.60861,0.60949,0.60783,0.60792,4874.08
2024.03.01 15:00:00,0.60794,0.61117,0.60794,0.61082,11613.26
2024.03.01 16:00:00,0.61081,0.61097,0.61001,0.61031,3844.8
2024.03.01 17:00:00,0.6103,0.61073,0.61022,0.61047,1626.75
2024.03.01 18:00:00,0.61047,0.61062,0.60983,0.61039,1692.45
2024.03.01 19:00:00,0.61041,0.61077,0.61041,0.61053,1423.35
2024.03.01 20:00:00,0.61053,0.6108,0.61031,0.61074,1196.4
2024.03.01 21:00:00,0.61074,0.61076,0.61033,0.61046,1254.44
2024.03.03 22:00:00,0.61064,0.61094,0.61027,0.61057,851.26
2024.03.03 23:00:00,0.61061,0.61089,0.61016,0.61023,3552.76
2024.03.04 00:00:00,0.61025,0.61111,0.61016,0.61063,1636.6
2024.03.04 01:00:00,0.61066,0.61072,0.60943,0.60965,2243.91
2024.03.04 02:00:00,0.60964,0.61026,0.60934,0.61006,1171.12
2024.03.04 03:00:00,0.61006,0.61014,0.60979,0.6099,767.1
2024.03.04 04:00:00,0.60991,0.60996,0.60949,0.60965,664.5
2024.03.04 05:00:00,0.60965,0.60994,0.60952,0.60961,691.05
2024.03.04 06:00:00,0.60961,0.6102,0.60955,0.61001,1386.18
2024.03.04 07:00:00,0.61003,0.61038,0.60952,0.61035,2852.79
2024.03.04 08:00:00,0.61036,0.61036,0.60901,0.60915,3735.37
2024.03.04 09:00:00,0.60916,0.61078,0.60914,0.61049,1894.45
2024.03.04 10:00:00,0.61046,0.61059,0.61013,0.61032,1121.25
2024.03.04 11:00:00,0.61033,0.61033,0.60989,0.61008,1766.64
2024.03.04 12:00:00,0.61009,0.61034,0.60974,0.60974,1616.98
2024.03.04 13:00:00,0.60972,0.60978,0.60878,0.60951,3407.9
2024.03.04 14:00:00,0.60952,0.61052,0.60913,0.61043,3380.72
2024.03.04 15:00:00,0.61043,0.61048,0.60962,0.60974,4323.81
2024.03.04 16:00:00,0.60975,0.61029,0.60958,0.60992,2532.9
2024.03.04 17:00:00,0.60991,0.60998,0.60947,0.6095,1998.45
2024.03.04 18:00:00,0.60951,0.60963,0.60917,0.60918,628.2
2024.03.04 19:00:00,0.60919,0.60949,0.60913,0.60938,761.1
2024.03.04 20:00:00,0.6094,0.60974,0.60939,0.60949,859.45
2024.03.04 21:00:00,0.60945,0.60947,0.60905,0.60929,706.12
2024.03.04 22:00:00,0.60926,0.60969,0.60919,0.60937,1866.19
2024.03.04 23:00:00,0.60942,0.60975,0.60926,0.60942,1043.91
2024.03.05 00:00:00,0.60943,0.60966,0.60909,0.60935,1433.32
2024.03.05 01:00:00,0.60934,0.60962,0.60894,0.60925,2785.27
2024.03.05 02:00:00,0.60926,0.60931,0.60828,0.6085,2777.12
2024.03.05 03:00:00,0.60849,0.60944,0.60849,0.60906,1427.77
2024.03.05 04:00:00,0.60907,0.60914,0.60851,0.60871,1652.94
2024.03.05 05:00:00,0.60871,0.60891,0.60813,0.60818,1951.79
2024.03.05 06:00:00,0.60816,0.60836,0.60727,0.6075,2469.92
2024.03.05 07:00:00,0.60749,0.60783,0.60728,0.60763,2132.7
2024.03.05 08:00:00,0.60764,0.60783,0.60708,0.60717,2171.55
2024.03.05 09:00:00,0.60716,0.60804,0.60705,0.60746,3018.29
2024.03.05 10:00:00,0.60746,0.60845,0.60737,0.6082,2346.75
2024.03.05 11:00:00,0.60821,0.60836,0.60806,0.60808,1574.85
2024.03.05 12:00:00,0.60807,0.60807,0.60753,0.6076,2479.14
2024.03.05 13:00:00,0.6076,0.60862,0.60756,0.60838,4270.65
2024.03.05 14:00:00,0.60838,0.60886,0.60821,0.60868,4953.09
2024.03.05 15:00:00,0.60865,0.61096,0.60865,0.61017,9135.62
2024.03.05 16:00:00,0.61018,0.61023,0.60843,0.60883,3652.02
2024.03.05 17:00:00,0.60883,0.6093,0.60872,0.60905,2483.85
2024.03.05 18:00:00,0.60906,0.60922,0.60848,0.60864,3090.77
2024.03.05 19:00:00,0.60863,0.60881,0.60818,0.60844,3808.05
2024.03.05 20:00:00,0.60845,0.6086,0.6081,0.60854,3737.4
2024.03.05 21:00:00,0.60854,0.60864,0.60833,0.60855,1133.4
2024.03.05 22:00:00,0.60856,0.60886,0.6082,0.60834,2839.51
2024.03.05 23:00:00,0.60835,0.60908,0.60832,0.60866,1631.67
2024.03.06 00:00:00,0.60865,0.60865,0.60717,0.6074,2273.02
2024.03.06 01:00:00,0.60744,0.60778,0.60684,0.60769,2358.82
2024.03.06 02:00:00,0.60769,0.60872,0.60763,0.60862,1720.5
2024.03.06 03:00:00,0.60861,0.60902,0.60846,0.6088,1408.6
2024.03.06 04:00:00,0.60878,0.60925,0.60867,0.60905,1103.77
2024.03.06 05:00:00,0.60907,0.60968,0.60904,0.60934,780.15
2024.03.06 06:00:00,0.60936,0.60979,0.60913,0.60919,1290.22
2024.03.06 07:00:00,0.60922,0.60998,0.60922,0.60946,3301.72
2024.03.06 08:00:00,0.60945,0.60988,0.60928,0.60982,2751.89
2024.03.06 09:00:00,0.60983,0.61029,0.60962,0.61023,1724.25
2024.03.06 10:00:00,0.61024,0.61034,0.60961,0.6097,1728.84
2024.03.06 11:00:00,0.6097,0.61038,0.60967,0.61027,1369.05
2024.03.06 12:00:00,0.6103,0.61085,0.61,0.61,1878.89
2024.03.06 13:00:00,0.60998,0.61161,0.60996,0.61142,6813.95
2024.03.06 14:00:00,0.61141,0.61219,0.61125,0.61195,5069.71
2024.03.06 15:00:00,0.61192,0.61293,0.61134,0.61264,6765.1
2024.03.06 16:00:00,0.61263,0.61438,0.61234,0.61393,4649.25
2024.03.06 17:00:00,0.61393,0.6143,0.61309,0.61323,3358.68
2024.03.06 18:00:00,0.61319,0.61388,0.61306,0.61341,3038.77
2024.03.06 19:00:00,0.61341,0.61343,0.61266,0.61286,2965.96
2024.03.06 20:00:00,0.61287,0.61298,0.61257,0.61289,2437.15
2024.03.06 21:00:00,0.61288,0.61296,0.61277,0.61283,1427.27
2024.03.06 22:00:00,0.61282,0.61308,0.61227,0.61281,1567.85
2024.03.06 23:00:00,0.61284,0.61309,0.61253,0.61277,2323.14
2024.03.07 00:00:00,0.61277,0.61339,0.61277,0.61326,2181.4
2024.03.07 01:00:00,0.61327,0.61371,0.61297,0.61319,3592.69
2024.03.07 02:00:00,0.61319,0.61375,0.61265,0.61368,2051.85
2024.03.07 03:00:00,0.61365,0.61437,0.61334,0.61412,1912.95
2024.03.07 04:00:00,0.61413,0.61498,0.61405,0.61476,1902.15
2024.03.07 05:00:00,0.61474,0.61491,0.61409,0.61411,2621.25
2024.03.07 06:00:00,0.61409,0.61467,0.61392,0.61456,2636.62
2024.03.07 07:00:00,0.61458,0.61512,0.6145,0.61494,2738.55
2024.03.07 08:00:00,0.61498,0.61567,0.61432,0.61551,3401.25
2024.03.07 09:00:00,0.61552,0.61571,0.61495,0.61548,3513.48
2024.03.07 10:00:00,0.61549,0.61626,0.61537,0.61621,2354.37
2024.03.07 11:00:00,0.61621,0.61627,0.61578,0.61581,2005.65
2024.03.07 12:00:00,0.61581,0.61629,0.61577,0.61608,2852.59
2024.03.07 13:00:00,0.61606,0.61728,0.61569,0.61653,7585.21
2024.03.07 14:00:00,0.61652,0.61681,0.61599,0.6165,7093.8
2024.03.07 15:00:00,0.61649,0.61705,0.61558,0.61664,5388.02
2024.03.07 16:00:00,0.61663,0.61757,0.61658,0.61709,3946.5
2024.03.07 17:00:00,0.61709,0.61721,0.61664,0.61706,2019.75
2024.03.07 18:00:00,0.61707,0.61748,0.61703,0.61712,2278.07
2024.03.07 19:00:00,0.61713,0.61744,0.61699,0.61744,1455.16
2024.03.07 20:00:00,0.61742,0.61747,0.61712,0.61731,1463.17
2024.03.07 21:00:00,0.61729,0.61744,0.6172,0.61732,605.8
2024.03.07 22:00:00,0.61728,0.61738,0.61693,0.61713,972.61
2024.03.07 23:00:00,0.61718,0.61782,0.61716,0.6178,851.44
2024.03.08 00:00:00,0.61779,0.61837,0.61754,0.61775,1625.77
2024.03.08 01:00:00,0.61774,0.61804,0.61608,0.61669,2756.7
2024.03.08 02:00:00,0.61668,0.61737,0.61637,0.61684,2382.22
2024.03.08 03:00:00,0.61683,0.61728,0.61649,0.61717,2456.47
2024.03.08 04:00:00,0.61721,0.61766,0.61716,0.61722,1679.47
2024.03.08 05:00:00,0.61721,0.61758,0.61708,0.61757,1300.35
2024.03.08 06:00:00,0.61756,0.61763,0.61708,0.6175,1913.7
2024.03.08 07:00:00,0.61751,0.61813,0.61707,0.61797,2599.05
2024.03.08 08:00:00,0.61797,0.61817,0.61741,0.61793,3068.12
2024.03.08 09:00:00,0.61792,0.61885,0.61777,0.61844,3399.14
2024.03.08 10:00:00,0.61844,0.61876,0.61826,0.61851,2307.9
2024.03.08 11:00:00,0.6185,0.61869,0.61817,0.61845,1851.9
2024.03.08 12:00:00,0.61845,0.61862,0.61811,0.61831,2185.58
2024.03.08 13:00:00,0.61835,0.62163,0.61715,0.6197,13251.2
2024.03.08 14:00:00,0.61969,0.62074,0.61944,0.62018,9257.13
2024.03.08 15:00:00,0.6202,0.6205,0.61852,0.61918,6087.68
2024.03.08 16:00:00,0.61918,0.61924,0.61732,0.61774,5905.2
2024.03.08 17:00:00,0.61775,0.6183,0.61736,0.61758,4817.55
2024.03.08 18:00:00,0.61755,0.6176,0.61696,0.61717,2016.6
2024.03.08 19:00:00,0.61718,0.61778,0.61687,0.61773,1851.07
2024.03.08 20:00:00,0.61774,0.61783,0.61715,0.61741,1819.27
2024.03.08 21:00:00,0.61742,0.61774,0.61741,0.61749,2059.16
2024.03.10 21:00:00,0.61733,0.61777,0.61693,0.61747,467.53
2024.03.10 22:00:00,0.61751,0.61765,0.617,0.61704,1303.52
2024.03.10 23:00:00,0.61705,0.61796,0.61704,0.6179,1454.55
2024.03.11 00:00:00,0.61791,0.61809,0.61737,0.6176,3184.26
2024.03.11 01:00:00,0.61758,0.61821,0.61745,0.61761,2499.15
2024.03.11 02:00:00,0.61761,0.61762,0.6168,0.61689,1669.2
2024.03.11 03:00:00,0.6169,0.61758,0.61676,0.61717,2549.16
2024.03.11 04:00:00,0.61717,0.61736,0.61693,0.61727,1592.43
2024.03.11 05:00:00,0.61728,0.61758,0.61718,0.61744,1454.09
2024.03.11 06:00:00,0.61744,0.61776,0.61728,0.61773,1309.05
2024.03.11 07:00:00,0.61773,0.61788,0.61666,0.6176,2998.65
2024.03.11 08:00:00,0.61759,0.61773,0.61662,0.61688,3601.95
2024.03.11 09:00:00,0.61687,0.6181,0.61686,0.61787,2072.55
2024.03.11 10:00:00,0.61786,0.6181,0.61768,0.61782,1720.5
2024.03.11 11:00:00,0.61782,0.61801,0.61752,0.61778,1473
2024.03.11 12:00:00,0.61778,0.61798,0.61676,0.61677,5295.06
2024.03.11 13:00:00,0.61675,0.61733,0.61617,0.61623,5545.75
2024.03.11 14:00:00,0.61625,0.61686,0.616,0.61683,4250.4
2024.03.11 15:00:00,0.61683,0.61697,0.61622,0.61669,3812.55
2024.03.11 16:00:00,0.61671,0.61715,0.61652,0.617,2021.29
2024.03.11 17:00:00,0.61701,0.61724,0.61634,0.61643,2754.82
2024.03.11 18:00:00,0.61643,0.61674,0.61625,0.61667,1018.42
2024.03.11 19:00:00,0.61666,0.61675,0.61648,0.61667,1039.8
2024.03.11 20:00:00,0.61667,0.61704,0.6166,0.61695,547.35
2024.03.11 21:00:00,0.6169,0.6171,0.61622,0.61681,2242.32
2024.03.11 22:00:00,0.6168,0.61701,0.61654,0.61663,1346.15
2024.03.11 23:00:00,0.61664,0.61699,0.61657,0.61696,1294.96
2024.03.12 00:00:00,0.61696,0.61724,0.61648,0.61663,2278.35
2024.03.12 01:00:00,0.61665,0.61719,0.61648,0.61695,2952.3
2024.03.12 02:00:00,0.61694,0.61737,0.61638,0.61724,2760.92
2024.03.12 03:00:00,0.61723,0.61755,0.61704,0.6174,1407.75
2024.03.12 04:00:00,0.61738,0.61738,0.61692,0.61704,1454.7
2024.03.12 05:00:00,0.61704,0.61744,0.61672,0.61685,2377.41
2024.03.12 06:00:00,0.61685,0.61709,0.61657,0.61699,2517.34
2024.03.12 07:00:00,0.61699,0.61718,0.6166,0.617,3516.82
2024.03.12 08:00:00,0.61698,0.617,0.61606,0.61627,2826.67
2024.03.12 09:00:00,0.61624,0.6166,0.61593,0.61624,1913.85
2024.03.12 10:00:00,0.61623,0.61651,0.6159,0.61645,1896.25
2024.03.12 11:00:00,0.61644,0.61666,0.61608,0.6163,2499.6
2024.03.12 12:00:00,0.61629,0.61839,0.61367,0.61617,16065.48
2024.03.12 13:00:00,0.61618,0.61618,0.61351,0.61454,15014.1
2024.03.12 14:00:00,0.61456,0.61478,0.61367,0.6143,6876.48
2024.03.12 15:00:00,0.61431,0.61487,0.61378,0.61481,3674.8
2024.03.12 16:00:00,0.61482,0.61483,0.61423,0.61455,2465.1
2024.03.12 17:00:00,0.61456,0.61478,0.61396,0.61448,3124.28
2024.03.12 18:00:00,0.61446,0.61517,0.61421,0.61512,1307.85
2024.03.12 19:00:00,0.61512,0.61524,0.61495,0.61509,1443.99
2024.03.12 20:00:00,0.6151,0.61523,0.61494,0.61494,534.59
2024.03.12 21:00:00,0.61483,0.61505,0.61428,0.6149,2073.87
2024.03.12 22:00:00,0.61488,0.61505,0.61464,0.61477,937.94
2024.03.12 23:00:00,0.61476,0.61504,0.61474,0.61486,784.5
2024.03.13 00:00:00,0.61484,0.61511,0.61448,0.61469,1787.55
2024.03.13 01:00:00,0.61469,0.61494,0.61448,0.61477,3242.7
2024.03.13 02:00:00,0.61477,0.61596,0.61474,0.61582,2184.6
2024.03.13 03:00:00,0.61582,0.61645,0.6156,0.61615,1911.75
2024.03.13 04:00:00,0.61614,0.61636,0.61601,0.61613,2003.85
2024.03.13 05:00:00,0.61612,0.61669,0.61585,0.61662,2482.2
2024.03.13 06:00:00,0.61662,0.61694,0.616,0.61626,2656.37
2024.03.13 07:00:00,0.61626,0.61665,0.61566,0.61649,3829.34
2024.03.13 08:00:00,0.61651,0.61686,0.61595,0.61602,4557.6
2024.03.13 09:00:00,0.61602,0.61605,0.61514,0.6152,5292.14
2024.03.13 10:00:00,0.61519,0.61532,0.61484,0.61517,2009.55
2024.03.13 11:00:00,0.61519,0.61574,0.61512,0.6156,1415.4
2024.03.13 12:00:00,0.61559,0.61577,0.61491,0.61537,3187.6
2024.03.13 13:00:00,0.61538,0.61595,0.61538,0.61569,3341.32
2024.03.13 14:00:00,0.61568,0.61629,0.6153,0.61598,5031.61
2024.03.13 15:00:00,0.61597,0.61637,0.61552,0.61558,4130.96
2024.03.13 16:00:00,0.61557,0.61608,0.61549,0.61597,2944.12
2024.03.13 17:00:00,0.61597,0.61678,0.61593,0.61648,2991.6
2024.03.13 18:00:00,0.61645,0.61661,0.6159,0.61591,1337.13
2024.03.13 19:00:00,0.61592,0.61597,0.6154,0.61544,1772.1
2024.03.13 20:00:00,0.61544,0.6158,0.61538,0.61569,1209.82
2024.03.13 21:00:00,0.61569,0.61581,0.61517,0.61572,2555.48
2024.03.13 22:00:00,0.6157,0.6159,0.6155,0.61552,2517.92
2024.03.13 23:00:00,0.61552,0.61642,0.6155,0.6164,1348.27
2024.03.14 00:00:00,0.61639,0.61679,0.61606,0.61661,1321.65
2024.03.14 01:00:00,0.61663,0.61746,0.61661,0.61741,2089.59
2024.03.14 02:00:00,0.6174,0.61747,0.61608,0.61609,1653.75
2024.03.14 03:00:00,0.61608,0.61617,0.61562,0.6157,1663.19
2024.03.14 04:00:00,0.6157,0.61608,0.61535,0.61595,1128
2024.03.14 05:00:00,0.61593,0.61611,0.61566,0.61572,1546.42
2024.03.14 06:00:00,0.61573,0.61615,0.61562,0.6158,1788.54
2024.03.14 07:00:00,0.61579,0.61627,0.61553,0.61616,2177.42
2024.03.14 08:00:00,0.61617,0.6164,0.61575,0.61593,3480.64
2024.03.14 09:00:00,0.61594,0.61678,0.61586,0.61677,2005.05
2024.03.14 10:00:00,0.61679,0.61714,0.6166,0.61686,2598.77
2024.03.14 11:00:00,0.61689,0.61728,0.61674,0.61702,2683.5
2024.03.14 12:00:00,0.61701,0.6173,0.61534,0.61582,9213.61
2024.03.14 13:00:00,0.61582,0.61616,0.61431,0.61488,8918.11
2024.03.14 14:00:00,0.61488,0.61496,0.61322,0.61343,6340.95
2024.03.14 15:00:00,0.61342,0.61358,0.61222,0.61307,5879.32
2024.03.14 16:00:00,0.61307,0.61387,0.6129,0.61347,3916.92
2024.03.14 17:00:00,0.61347,0.6136,0.61267,0.61304,3959.04
2024.03.14 18:00:00,0.61303,0.6133,0.61287,0.61304,1765.67
2024.03.14 19:00:00,0.61304,0.61312,0.61211,0.61312,1811.65
2024.03.14 20:00:00,0.61313,0.61331,0.61294,0.61297,1070.25
2024.03.14 21:00:00,0.6129,0.61319,0.61277,0.61297,1745.51
2024.03.14 22:00:00,0.61294,0.61304,0.61228,0.6124,987
2024.03.14 23:00:00,0.61239,0.61266,0.61223,0.61231,1605.85
2024.03.15 00:00:00,0.61232,0.61241,0.61055,0.6106,3417.39
2024.03.15 01:00:00,0.61059,0.61095,0.61024,0.61029,2555.55
2024.03.15 02:00:00,0.61029,0.61029,0.60951,0.60989,1714.05
2024.03.15 03:00:00,0.60989,0.61024,0.60953,0.61008,1898.7
2024.03.15 04:00:00,0.61009,0.61021,0.60976,0.61021,1347
2024.03.15 05:00:00,0.61021,0.61029,0.60958,0.60988,2058.8
2024.03.15 06:00:00,0.60987,0.61046,0.60974,0.6103,2338.65
2024.03.15 07:00:00,0.6103,0.61066,0.60965,0.60966,2927.1
2024.03.15 08:00:00,0.60968,0.6098,0.60897,0.60914,5112.19
2024.03.15 09:00:00,0.60916,0.60971,0.60914,0.60965,2047.35
2024.03.15 10:00:00,0.60965,0.60979,0.60928,0.60956,2290.95
2024.03.15 11:00:00,0.60957,0.61022,0.60936,0.60988,1806.07
2024.03.15 12:00:00,0.60989,0.6103,0.60896,0.60959,4779.3
2024.03.15 13:00:00,0.6096,0.61032,0.6093,0.60938,3523.22
2024.03.15 14:00:00,0.60937,0.61032,0.60921,0.6093,5246.55
2024.03.15 15:00:00,0.60933,0.60942,0.6084,0.60884,3528.85
2024.03.15 16:00:00,0.60884,0.60905,0.60825,0.60832,2920.77
2024.03.15 17:00:00,0.60834,0.60853,0.60802,0.60834,2316.99
2024.03.15 18:00:00,0.60836,0.60892,0.60823,0.60878,1515.15
2024.03.15 19:00:00,0.60876,0.60888,0.60836,0.60841,903.45
2024.03.15 20:00:00,0.60842,0.6086,0.60819,0.60824,1159.85
2024.03.17 21:00:00,0.60854,0.60863,0.60801,0.60851,598.03
2024.03.17 22:00:00,0.60847,0.60883,0.60826,0.60855,1055.35
2024.03.17 23:00:00,0.60854,0.60869,0.60824,0.60866,1877.85
2024.03.18 00:00:00,0.60866,0.60873,0.60814,0.60844,2360
2024.03.18 01:00:00,0.60843,0.60903,0.60799,0.60894,3415.57
2024.03.18 02:00:00,0.60901,0.60973,0.60898,0.60946,2841
2024.03.18 03:00:00,0.60943,0.60986,0.6093,0.60932,1970.47
2024.03.18 04:00:00,0.6093,0.60954,0.60921,0.6093,1499.19
2024.03.18 05:00:00,0.60931,0.60941,0.60905,0.60927,2055.23
2024.03.18 06:00:00,0.60925,0.60938,0.60872,0.60887,1321.97
2024.03.18 07:00:00,0.60888,0.60959,0.60864,0.60952,2844.15
2024.03.18 08:00:00,0.6095,0.60995,0.60927,0.60985,2015.47
2024.03.18 09:00:00,0.60984,0.60998,0.60943,0.60958,1164.6
2024.03.18 10:00:00,0.60957,0.60957,0.60893,0.60908,2206.95
2024.03.18 11:00:00,0.60906,0.60956,0.609,0.60938,2778.6
2024.03.18 12:00:00,0.60937,0.60957,0.60883,0.60903,3039.45
2024.03.18 13:00:00,0.60904,0.60942,0.60883,0.60892,3471.45
2024.03.18 14:00:00,0.60891,0.60928,0.60847,0.60866,3304.65
2024.03.18 15:00:00,0.60866,0.6088,0.60823,0.60841,3662.71
2024.03.18 16:00:00,0.6084,0.60841,0.60792,0.608,3952.72
2024.03.18 17:00:00,0.60801,0.60821,0.60772,0.60796,2076.6
2024.03.18 18:00:00,0.60795,0.60819,0.60776,0.60785,1722.01
2024.03.18 19:00:00,0.60786,0.60822,0.60786,0.60807,1150.6
2024.03.18 20:00:00,0.60807,0.6085,0.60807,0.60845,1229.58
2024.03.18 21:00:00,0.60845,0.60851,0.60805,0.60841,1720.32
2024.03.18 22:00:00,0.60841,0.60861,0.60825,0.6083,1126.96
2024.03.18 23:00:00,0.60829,0.60841,0.60808,0.60814,861.66
2024.03.19 00:00:00,0.60815,0.60817,0.60708,0.6074,1771.12
2024.03.19 01:00:00,0.60739,0.60744,0.60653,0.6068,2745.22
2024.03.19 02:00:00,0.60679,0.608,0.60679,0.60747,2067.75
2024.03.19 03:00:00,0.60747,0.60824,0.6063,0.60697,5675.45
2024.03.19 04:00:00,0.60697,0.60734,0.6061,0.60619,3587.83
2024.03.19 05:00:00,0.60618,0.60623,0.60502,0.60514,2627.17
2024.03.19 06:00:00,0.60515,0.60558,0.60471,0.60488,3238.65
2024.03.19 07:00:00,0.6049,0.60535,0.60451,0.60529,3367.05
2024.03.19 08:00:00,0.6053,0.60531,0.60412,0.60474,4105.2
2024.03.19 09:00:00,0.60475,0.60486,0.60336,0.60379,4661.93
2024.03.19 10:00:00,0.6038,0.60456,0.60367,0.60441,2373.15
2024.03.19 11:00:00,0.6044,0.60529,0.60431,0.60516,1615.42
2024.03.19 12:00:00,0.60517,0.60525,0.60461,0.60513,3416.4
2024.03.19 13:00:00,0.60514,0.60551,0.60431,0.60451,3339.37
2024.03.19 14:00:00,0.6045,0.60561,0.60438,0.60561,2091.15
2024.03.19 15:00:00,0.60559,0.60559,0.60472,0.60476,3092.35
2024.03.19 16:00:00,0.60476,0.60531,0.60452,0.60521,2641.33
2024.03.19 17:00:00,0.60523,0.60565,0.60503,0.60532,2732.2
2024.03.19 18:00:00,0.60532,0.60542,0.60494,0.60495,1007.4
2024.03.19 19:00:00,0.60494,0.60551,0.6049,0.60537,1213.8
2024.03.19 20:00:00,0.60536,0.60537,0.60506,0.60509,352.5
2024.03.19 21:00:00,0.60506,0.60538,0.60469,0.6053,1206.87
2024.03.19 22:00:00,0.60532,0.60552,0.60489,0.60518,2082.37
2024.03.19 23:00:00,0.60519,0.60527,0.60465,0.60466,1126.29
2024.03.20 00:00:00,0.60468,0.60481,0.60367,0.60464,3280.33
2024.03.20 01:00:00,0.60465,0.6052,0.60447,0.60476,2033.55
2024.03.20 02:00:00,0.60475,0.60552,0.60463,0.60548,1662.6
2024.03.20 03:00:00,0.6055,0.60554,0.60507,0.6051,2302.15
2024.03.20 04:00:00,0.60509,0.6051,0.60393,0.60395,2455
2024.03.20 05:00:00,0.60394,0.60436,0.6039,0.60411,2005.42
2024.03.20 06:00:00,0.60415,0.60469,0.60398,0.60428,3441.04
2024.03.20 07:00:00,0.60428,0.60498,0.60419,0.60438,2941.82
2024.03.20 08:00:00,0.60437,0.60437,0.60328,0.60365,2294.55
2024.03.20 09:00:00,0.60363,0.60367,0.60242,0.6027,2224.78
2024.03.20 10:00:00,0.60272,0.60307,0.60254,0.60282,1779.9
2024.03.20 11:00:00,0.60283,0.60317,0.60283,0.60307,1449.9
2024.03.20 12:00:00,0.60306,0.60333,0.60275,0.60299,2777.25
2024.03.20 13:00:00,0.60298,0.60315,0.60263,0.60304,2559.89
2024.03.20 14:00:00,0.60303,0.60368,0.60298,0.60329,2499.45
2024.03.20 15:00:00,0.60328,0.60387,0.60328,0.60332,2512.93
2024.03.20 16:00:00,0.60332,0.60387,0.60332,0.60385,1879.81
2024.03.20 17:00:00,0.60385,0.60429,0.60358,0.60359,1910.4
2024.03.20 18:00:00,0.60314,0.60794,0.60255,0.6077,23693.36
2024.03.20 19:00:00,0.60772,0.60848,0.6068,0.60829,7718.58
2024.03.20 20:00:00,0.60829,0.60831,0.60767,0.60806,2308.79
2024.03.20 21:00:00,0.60805,0.60807,0.60489,0.60641,2382.22
2024.03.20 22:00:00,0.60641,0.60925,0.60641,0.60923,3590.05
2024.03.20 23:00:00,0.60924,0.60924,0.60866,0.60894,2138.55
2024.03.21 00:00:00,0.60894,0.60913,0.60802,0.60882,5064.32
2024.03.21 01:00:00,0.60884,0.60977,0.60875,0.60899,4192.57
2024.03.21 02:00:00,0.609,0.60947,0.60862,0.60928,2272.07
2024.03.21 03:00:00,0.60927,0.61008,0.60912,0.60952,2326.65
2024.03.21 04:00:00,0.60951,0.60965,0.60925,0.60937,1879.8
2024.03.21 05:00:00,0.60937,0.60964,0.60913,0.60934,2406.2
2024.03.21 06:00:00,0.60934,0.60979,0.60917,0.60952,2538.31
2024.03.21 07:00:00,0.60951,0.61065,0.60943,0.60955,3357.9
2024.03.21 08:00:00,0.60954,0.60954,0.60824,0.60853,6993.45
2024.03.21 09:00:00,0.60855,0.60867,0.60798,0.60853,5224.26
2024.03.21 10:00:00,0.60856,0.60938,0.60846,0.60879,3088.72
2024.03.21 11:00:00,0.60878,0.60881,0.60753,0.60763,4346.7
2024.03.21 12:00:00,0.60765,0.60814,0.60717,0.60734,8012.83
2024.03.21 13:00:00,0.60735,0.60736,0.60568,0.60593,7192.14
2024.03.21 14:00:00,0.60596,0.60603,0.6049,0.60534,6508.35
2024.03.21 15:00:00,0.60534,0.60536,0.60433,0.60436,5667.97
2024.03.21 16:00:00,0.60437,0.60496,0.60426,0.60437,3227.85
2024.03.21 17:00:00,0.60437,0.60448,0.60385,0.60407,2008.32
2024.03.21 18:00:00,0.60408,0.60419,0.60392,0.60405,1492.17
2024.03.21 19:00:00,0.60404,0.60421,0.60379,0.60413,1442.4
2024.03.21 20:00:00,0.60413,0.60441,0.60402,0.60431,1132.33
2024.03.21 21:00:00,0.60415,0.60453,0.6041,0.60426,2185
2024.03.21 22:00:00,0.60426,0.60462,0.60418,0.60441,952.71
2024.03.21 23:00:00,0.60441,0.60464,0.60431,0.60455,1062.9
2024.03.22 00:00:00,0.60455,0.60515,0.60446,0.6049,1720.35
2024.03.22 01:00:00,0.60489,0.60504,0.60275,0.60284,4520.24
2024.03.22 02:00:00,0.60284,0.60319,0.60152,0.6017,3700.35
2024.03.22 03:00:00,0.6017,0.60185,0.60127,0.60137,3063.35
2024.03.22 04:00:00,0.60137,0.60138,0.60103,0.60114,1976.55
2024.03.22 05:00:00,0.60114,0.60178,0.60107,0.6016,2353.42
2024.03.22 06:00:00,0.6016,0.60179,0.6009,0.60102,3301.5
2024.03.22 07:00:00,0.60101,0.6015,0.60048,0.60074,4154.02
2024.03.22 08:00:00,0.60072,0.60105,0.60027,0.60083,3891.75
2024.03.22 09:00:00,0.60083,0.60122,0.60031,0.6005,2894.32
2024.03.22 10:00:00,0.60051,0.60055,0.60017,0.6003,2321.79
2024.03.22 11:00:00,0.60028,0.60065,0.59984,0.60013,2386.9
2024.03.22 12:00:00,0.60013,0.60145,0.60013,0.60102,4394.73
2024.03.22 13:00:00,0.60103,0.60145,0.60043,0.60135,5745.08
2024.03.22 14:00:00,0.60135,0.60162,0.60031,0.60034,4292.09
2024.03.22 15:00:00,0.60033,0.60047,0.59918,0.59958,3946.37
2024.03.22 16:00:00,0.59957,0.59992,0.59926,0.59951,2695.5
2024.03.22 17:00:00,0.59951,0.59979,0.59937,0.59961,1488.15
2024.03.22 18:00:00,0.5996,0.59963,0.59919,0.5992,753.9
2024.03.22 19:00:00,0.5992,0.59922,0.59891,0.59917,1304.86
2024.03.22 20:00:00,0.59916,0.59937,0.59906,0.59914,1962.3
2024.03.24 21:00:00,0.59959,0.59997,0.59874,0.5993,619.17
2024.03.24 22:00:00,0.5993,0.59938,0.59854,0.59887,1676.75
2024.03.24 23:00:00,0.59885,0.59945,0.5988,0.59892,2270.31
2024.03.25 00:00:00,0.59892,0.59955,0.5986,0.59924,3385.65
2024.03.25 01:00:00,0.59924,0.60063,0.59906,0.60035,5415.9
2024.03.25 02:00:00,0.60036,0.60126,0.60024,0.60102,2964.15
2024.03.25 03:00:00,0.601,0.60103,0.59953,0.59962,2742.14
2024.03.25 04:00:00,0.59961,0.59985,0.5995,0.59972,1602.89
2024.03.25 05:00:00,0.5997,0.59984,0.59944,0.59967,1312.95
2024.03.25 06:00:00,0.59966,0.59969,0.59915,0.59946,1541.1
2024.03.25 07:00:00,0.59947,0.60003,0.59882,0.59951,3206.4
2024.03.25 08:00:00,0.59954,0.60055,0.59935,0.60024,2436.6
2024.03.25 09:00:00,0.60024,0.60056,0.59985,0.60023,2959.8
2024.03.25 10:00:00,0.60022,0.60081,0.60021,0.60058,2386.42
2024.03.25 11:00:00,0.60058,0.60085,0.60034,0.60054,2692.95
2024.03.25 12:00:00,0.60056,0.60082,0.60014,0.6002,3379.73
2024.03.25 13:00:00,0.60019,0.60117,0.60011,0.60083,2559
2024.03.25 14:00:00,0.60083,0.60102,0.6003,0.60054,3097.8
2024.03.25 15:00:00,0.60052,0.60052,0.60005,0.60011,2739.3
2024.03.25 16:00:00,0.60011,0.60032,0.60002,0.60022,1861.2
2024.03.25 17:00:00,0.60022,0.60041,0.59996,0.60024,1875.15
2024.03.25 18:00:00,0.60024,0.60036,0.60001,0.60005,974.25
2024.03.25 19:00:00,0.60007,0.60017,0.59995,0.60014,1115.85
2024.03.25 20:00:00,0.60013,0.60042,0.60011,0.60028,857.7
2024.03.25 21:00:00,0.60019,0.6005,0.60004,0.60037,1436.62
2024.03.25 22:00:00,0.60036,0.60041,0.60002,0.60004,845.55
2024.03.25 23:00:00,0.60003,0.60028,0.59999,0.59999,1172.7
2024.03.26 00:00:00,0.6,0.60069,0.59958,0.60064,2331.45
2024.03.26 01:00:00,0.60064,0.60134,0.60047,0.60078,5012.1
2024.03.26 02:00:00,0.60077,0.60137,0.60066,0.60085,2558.92
2024.03.26 03:00:00,0.60085,0.60106,0.6001,0.60034,1916.55
2024.03.26 04:00:00,0.60035,0.60066,0.60028,0.60047,906.3
2024.03.26 05:00:00,0.60045,0.60093,0.60029,0.60075,2562.23
2024.03.26 06:00:00,0.60073,0.60165,0.60073,0.6015,2083.35
2024.03.26 07:00:00,0.60147,0.60173,0.60116,0.60132,2363.85
2024.03.26 08:00:00,0.6013,0.60176,0.60098,0.60167,4092.66
2024.03.26 09:00:00,0.60167,0.60284,0.60161,0.60243,3131.05
2024.03.26 10:00:00,0.60242,0.60306,0.60239,0.60269,2479.15
2024.03.26 11:00:00,0.60269,0.60297,0.60222,0.60226,3158.44
2024.03.26 12:00:00,0.60227,0.60236,0.60146,0.60176,4631.48
2024.03.26 13:00:00,0.60175,0.60204,0.60115,0.60187,3721.5
2024.03.26 14:00:00,0.60183,0.60199,0.60081,0.60096,3551.43
2024.03.26 15:00:00,0.60095,0.60127,0.60062,0.60093,2828.54
2024.03.26 16:00:00,0.60091,0.60108,0.60075,0.60075,2200.65
2024.03.26 17:00:00,0.60075,0.60118,0.60052,0.60052,1667.72
2024.03.26 18:00:00,0.60053,0.6008,0.60039,0.6005,1401
2024.03.26 19:00:00,0.6005,0.60064,0.59997,0.60001,1663.35
2024.03.26 20:00:00,0.6,0.60043,0.6,0.60029,1002.52
2024.03.26 21:00:00,0.60025,0.60049,0.60023,0.60041,1128.9
2024.03.26 22:00:00,0.60045,0.60048,0.60015,0.60021,1052.77
2024.03.26 23:00:00,0.60022,0.60075,0.60016,0.60068,1009.57
2024.03.27 00:00:00,0.60068,0.60071,0.59961,0.59989,3538.37
2024.03.27 01:00:00,0.59988,0.60004,0.59874,0.59931,3728.09
2024.03.27 02:00:00,0.5993,0.5994,0.5989,0.59902,1918.35
2024.03.27 03:00:00,0.59902,0.59949,0.59879,0.59922,3336.38
2024.03.27 04:00:00,0.59921,0.59997,0.59921,0.59991,2261.49
2024.03.27 05:00:00,0.5999,0.59997,0.59973,0.59976,1431.6
2024.03.27 06:00:00,0.59975,0.60029,0.59966,0.60014,2165.7
2024.03.27 07:00:00,0.60012,0.60065,0.59995,0.60039,2779.15
2024.03.27 08:00:00,0.60039,0.6005,0.59955,0.59976,3307
2024.03.27 09:00:00,0.59975,0.60102,0.59969,0.60012,6110.59
2024.03.27 10:00:00,0.60013,0.6007,0.60001,0.60051,2835.08
2024.03.27 11:00:00,0.60052,0.60093,0.59991,0.60001,2787.55
2024.03.27 12:00:00,0.59999,0.60005,0.5994,0.59947,3664.71
2024.03.27 13:00:00,0.59947,0.60023,0.5993,0.60012,2919.15
2024.03.27 14:00:00,0.60014,0.60084,0.59978,0.60026,3787.37
2024.03.27 15:00:00,0.60027,0.6005,0.59986,0.59992,2792.7
2024.03.27 16:00:00,0.59991,0.60005,0.59954,0.59985,2122.05
2024.03.27 17:00:00,0.59984,0.60009,0.59955,0.59965,1541.1
2024.03.27 18:00:00,0.59965,0.59996,0.59963,0.59988,968.25
2024.03.27 19:00:00,0.5999,0.60023,0.59975,0.60009,738.75
2024.03.27 20:00:00,0.6001,0.60042,0.6001,0.60037,594.9
2024.03.27 21:00:00,0.60032,0.60049,0.60017,0.60028,1084.38
2024.03.27 22:00:00,0.60029,0.60047,0.59888,0.59895,1786.55
2024.03.27 23:00:00,0.59899,0.59937,0.59877,0.59919,1637.85
2024.03.28 00:00:00,0.59921,0.59928,0.59798,0.59903,2862.77
2024.03.28 01:00:00,0.59902,0.59954,0.59848,0.59904,3082.6
2024.03.28 02:00:00,0.59904,0.60039,0.59903,0.59968,3828.76
2024.03.28 03:00:00,0.59965,0.6,0.59884,0.59894,2860.2
2024.03.28 04:00:00,0.59894,0.59929,0.59878,0.59914,1066.8
2024.03.28 05:00:00,0.59915,0.59966,0.59893,0.59927,1485.75
2024.03.28 06:00:00,0.59926,0.59934,0.59848,0.59899,2113.69
2024.03.28 07:00:00,0.599,0.59903,0.5975,0.59755,3753.91
2024.03.28 08:00:00,0.59756,0.59769,0.59631,0.59635,3723.42
2024.03.28 09:00:00,0.59634,0.59634,0.5956,0.5958,2312.1
2024.03.28 10:00:00,0.59578,0.59664,0.59578,0.59646,2904.9
2024.03.28 11:00:00,0.59646,0.59684,0.5961,0.5961,2670.37
2024.03.28 12:00:00,0.59609,0.59731,0.59593,0.59726,4554.53
2024.03.28 13:00:00,0.59727,0.59803,0.59702,0.59787,4901.15
2024.03.28 14:00:00,0.59798,0.59842,0.59734,0.59797,4829.51
2024.03.28 15:00:00,0.59796,0.59834,0.59726,0.59809,5196.6
2024.03.28 16:00:00,0.5981,0.59872,0.59763,0.59812,2730.15
2024.03.28 17:00:00,0.59811,0.5984,0.5978,0.59787,2244.75
2024.03.28 18:00:00,0.59787,0.59808,0.59729,0.59751,1621.5
2024.03.28 19:00:00,0.59748,0.59754,0.59726,0.59737,1536
2024.03.28 20:00:00,0.59735,0.59736,0.5971,0.59722,1334.7
2024.03.28 21:00:00,0.59711,0.59758,0.59697,0.59729,557.35
2024.03.28 22:00:00,0.59723,0.59761,0.5969,0.59725,1195.4
2024.03.28 23:00:00,0.59729,0.59747,0.59722,0.5973,774.55
2024.03.29 00:00:00,0.59729,0.59782,0.59717,0.59747,827
2024.03.29 01:00:00,0.59743,0.59761,0.59693,0.59714,765.73
2024.03.29 02:00:00,0.59712,0.59732,0.59706,0.59728,264
2024.03.29 03:00:00,0.59728,0.59755,0.59713,0.59734,436.42
2024.03.29 04:00:00,0.59733,0.59747,0.59707,0.5971,227.7
2024.03.29 05:00:00,0.59712,0.59726,0.59686,0.59699,247.2
2024.03.29 06:00:00,0.59698,0.597,0.59662,0.59676,260.85
2024.03.29 07:00:00,0.59676,0.59712,0.59668,0.59682,465.15
2024.03.29 08:00:00,0.59689,0.59712,0.59685,0.59707,213.6
2024.03.29 09:00:00,0.59709,0.59725,0.59705,0.59705,181.2
2024.03.29 10:00:00,0.59708,0.59789,0.59708,0.59781,377.1
2024.03.29 11:00:00,0.59781,0.59791,0.59758,0.59763,292.64
2024.03.29 12:00:00,0.59764,0.59879,0.59672,0.59822,940.15
2024.03.29 13:00:00,0.59819,0.59843,0.59795,0.59843,529.9
2024.03.29 14:00:00,0.59842,0.5987,0.59824,0.59824,540.7
2024.03.29 15:00:00,0.59823,0.59833,0.59814,0.5983,335.97
2024.03.29 16:00:00,0.59829,0.59829,0.598,0.59801,148.8
2024.03.29 17:00:00,0.59803,0.59808,0.59791,0.59804,265.69
2024.03.29 18:00:00,0.59802,0.59812,0.59797,0.59808,204.15
2024.03.29 19:00:00,0.59808,0.59844,0.59751,0.59785,835.75
2024.03.29 20:00:00,0.59782,0.59835,0.59667,0.59774,2584.76
2024.03.31 21:00:00,0.59796,0.59828,0.59745,0.5979,777.3
2024.03.31 22:00:00,0.59787,0.59895,0.59756,0.59813,1914.79
2024.03.31 23:00:00,0.59811,0.59873,0.59796,0.59855,1927.8
2024.04.01 00:00:00,0.59857,0.59922,0.59855,0.59896,3299.1
2024.04.01 01:00:00,0.59896,0.59921,0.59831,0.59839,2116.2
2024.04.01 02:00:00,0.59839,0.59849,0.59812,0.59835,2690.14
2024.04.01 03:00:00,0.59836,0.59837,0.5977,0.5983,1884.75
2024.04.01 04:00:00,0.59832,0.5984,0.59777,0.59802,873
2024.04.01 05:00:00,0.59803,0.59805,0.59731,0.5977,1228.1
2024.04.01 06:00:00,0.59769,0.59811,0.59738,0.59788,1912.95
2024.04.01 07:00:00,0.5979,0.59846,0.59779,0.59819,1932.75
2024.04.01 08:00:00,0.59819,0.59836,0.59806,0.59823,1496.7
2024.04.01 09:00:00,0.59822,0.59835,0.59799,0.59802,1614.65
2024.04.01 10:00:00,0.59802,0.59804,0.59748,0.59769,1975.11
2024.04.01 11:00:00,0.59768,0.59775,0.59745,0.59749,1895.4
2024.04.01 12:00:00,0.5975,0.59754,0.59638,0.597,2564.65
2024.04.01 13:00:00,0.59699,0.59714,0.59609,0.59625,3802.42
2024.04.01 14:00:00,0.59623,0.59626,0.5947,0.59499,5894.82
2024.04.01 15:00:00,0.59499,0.59509,0.59394,0.5941,3391.93
2024.04.01 16:00:00,0.59411,0.59447,0.59392,0.59426,1168.95
2024.04.01 17:00:00,0.59425,0.59461,0.59422,0.59458,793.2
2024.04.01 18:00:00,0.59459,0.59468,0.59441,0.59458,1853.83
2024.04.01 19:00:00,0.5946,0.59501,0.5946,0.59498,1823.62
2024.04.01 20:00:00,0.59499,0.59528,0.5949,0.59527,661.12
2024.04.01 21:00:00,0.59528,0.59545,0.59502,0.59537,556.57
2024.04.01 22:00:00,0.59528,0.59542,0.59495,0.59495,1031.13
2024.04.01 23:00:00,0.59494,0.59536,0.59476,0.5951,1244.85
2024.04.02 00:00:00,0.59509,0.59525,0.59467,0.59492,3028.48
2024.04.02 01:00:00,0.59493,0.59545,0.59434,0.59529,3928.52
2024.04.02 02:00:00,0.5953,0.59537,0.59467,0.59511,2609.76
2024.04.02 03:00:00,0.59512,0.59525,0.59461,0.59462,1372.87
2024.04.02 04:00:00,0.59461,0.59474,0.59436,0.59459,1953.58
2024.04.02 05:00:00,0.59458,0.59482,0.5943,0.59444,1854.8
2024.04.02 06:00:00,0.59443,0.59501,0.59432,0.59478,5540.09
2024.04.02 07:00:00,0.59477,0.59521,0.5945,0.59507,5510.7
2024.04.02 08:00:00,0.59505,0.59574,0.59491,0.59554,3480.05
2024.04.02 09:00:00,0.59552,0.59594,0.59549,0.59584,2839.65
2024.04.02 10:00:00,0.59581,0.59588,0.59545,0.59576,2463.9
2024.04.02 11:00:00,0.59576,0.596,0.5954,0.59592,4605.37
2024.04.02 12:00:00,0.59591,0.59601,0.59513,0.5955,5025.9
2024.04.02 13:00:00,0.59548,0.59636,0.59537,0.59607,6964.29
2024.04.02 14:00:00,0.59607,0.59729,0.59575,0.59618,5418.39
2024.04.02 15:00:00,0.59618,0.59658,0.59589,0.59653,2930.55
2024.04.02 16:00:00,0.5965,0.59665,0.59603,0.59613,1347.29
2024.04.02 17:00:00,0.59614,0.59663,0.59597,0.59657,1905.97
2024.04.02 18:00:00,0.59658,0.59662,0.59613,0.59632,1674.3
2024.04.02 19:00:00,0.59629,0.59693,0.59625,0.59689,1035.6
2024.04.02 20:00:00,0.59689,0.59726,0.59685,0.59703,1180.58
2024.04.02 21:00:00,0.59697,0.59727,0.59651,0.59716,1189.99
2024.04.02 22:00:00,0.59717,0.5974,0.59686,0.59695,1076.57
2024.04.02 23:00:00,0.59696,0.59705,0.59674,0.59679,1524.24
2024.04.03 00:00:00,0.59681,0.5969,0.5959,0.5959,2342.12
2024.04.03 01:00:00,0.59592,0.59604,0.59519,0.59586,3307.98
2024.04.03 02:00:00,0.59584,0.59616,0.59568,0.59584,1640.7
2024.04.03 03:00:00,0.59584,0.59707,0.59584,0.59697,1236.75
2024.04.03 04:00:00,0.59698,0.59772,0.59685,0.59719,1612.8
2024.04.03 05:00:00,0.5972,0.59762,0.59705,0.59742,1978.45
2024.04.03 06:00:00,0.59743,0.59745,0.59687,0.59725,2972.47
2024.04.03 07:00:00,0.59724,0.59745,0.59657,0.59663,4319.99
2024.04.03 08:00:00,0.59662,0.59683,0.59595,0.59649,3632.92
2024.04.03 09:00:00,0.59649,0.59695,0.59627,0.59642,2565
2024.04.03 10:00:00,0.59641,0.59687,0.59615,0.59682,1271.04
2024.04.03 11:00:00,0.59681,0.59712,0.59675,0.59696,2004.88
2024.04.03 12:00:00,0.59695,0.59733,0.5963,0.59665,4843.62
2024.04.03 13:00:00,0.59664,0.59709,0.59626,0.59641,4624.21
2024.04.03 14:00:00,0.59643,0.59908,0.59643,0.59872,7777.16
2024.04.03 15:00:00,0.59873,0.59987,0.5986,0.59977,4470.54
2024.04.03 16:00:00,0.59979,0.60075,0.59904,0.60035,5375.62
2024.04.03 17:00:00,0.60034,0.60106,0.59996,0.6008,2133.11
2024.04.03 18:00:00,0.60078,0.60096,0.60062,0.60096,1000.5
2024.04.03 19:00:00,0.60097,0.60106,0.6004,0.60062,2163.09
2024.04.03 20:00:00,0.60061,0.60094,0.60059,0.60087,521.12
2024.04.03 21:00:00,0.60079,0.60086,0.60012,0.60065,1058.71
2024.04.03 22:00:00,0.60065,0.60128,0.6006,0.60118,826.5
2024.04.03 23:00:00,0.60117,0.60158,0.60113,0.60137,1928.57
2024.04.04 00:00:00,0.60137,0.60236,0.60117,0.6023,3461.84
2024.04.04 01:00:00,0.60231,0.60254,0.60198,0.60215,3101.55
2024.04.04 02:00:00,0.60215,0.60221,0.60179,0.60205,2153.24
2024.04.04 03:00:00,0.60206,0.60265,0.60205,0.60254,1474.05
2024.04.04 04:00:00,0.60254,0.60295,0.6025,0.6027,1792.35
2024.04.04 05:00:00,0.60271,0.60341,0.6027,0.60325,1479.45
2024.04.04 06:00:00,0.60327,0.60381,0.60323,0.60359,3100.15
2024.04.04 07:00:00,0.60359,0.60414,0.60318,0.60341,4466.31
2024.04.04 08:00:00,0.6034,0.60384,0.60333,0.6037,3016.61
2024.04.04 09:00:00,0.60371,0.60421,0.60352,0.60395,1628.25
2024.04.04 10:00:00,0.60394,0.60447,0.60393,0.6042,2124.9
2024.04.04 11:00:00,0.6042,0.60427,0.6033,0.60338,2372.27
2024.04.04 12:00:00,0.60339,0.60435,0.6025,0.60414,5168.38
2024.04.04 13:00:00,0.60416,0.60456,0.60365,0.60394,4993.34
2024.04.04 14:00:00,0.60397,0.60443,0.60349,0.60401,4476.07
2024.04.04 15:00:00,0.60402,0.60422,0.60393,0.60393,3140.02
2024.04.04 16:00:00,0.60393,0.60429,0.60392,0.60411,1840.86
2024.04.04 17:00:00,0.60411,0.60461,0.60397,0.6043,1410.72
2024.04.04 18:00:00,0.6043,0.6043,0.60308,0.60358,4298.18
2024.04.04 19:00:00,0.60361,0.60361,0.60188,0.602,6079.59
2024.04.04 20:00:00,0.60201,0.60255,0.60195,0.60243,1421.31
2024.04.04 21:00:00,0.60243,0.60281,0.60213,0.60267,2021.69
2024.04.04 22:00:00,0.60266,0.60282,0.60209,0.60211,1282.83
2024.04.04 23:00:00,0.60213,0.6029,0.60213,0.60261,1636.7
2024.04.05 00:00:00,0.60262,0.60306,0.6022,0.60291,3848.17
2024.04.05 01:00:00,0.60289,0.60309,0.60123,0.60148,4682.09
2024.04.05 02:00:00,0.60149,0.60169,0.60064,0.60085,4071.45
2024.04.05 03:00:00,0.60084,0.60129,0.60068,0.60129,2270.55
2024.04.05 04:00:00,0.60128,0.60138,0.60063,0.60075,1754.1
2024.04.05 05:00:00,0.60076,0.60121,0.60069,0.60104,2006.17
2024.04.05 06:00:00,0.60103,0.60137,0.60054,0.6012,3468.44
2024.04.05 07:00:00,0.60123,0.60208,0.60123,0.60197,3409.05
2024.04.05 08:00:00,0.60196,0.60212,0.60129,0.60182,2433.37
2024.04.05 09:00:00,0.6018,0.60231,0.60164,0.60202,1428.9
2024.04.05 10:00:00,0.60201,0.60226,0.60188,0.6021,1837.5
2024.04.05 11:00:00,0.60211,0.60232,0.60184,0.60214,1277.17
2024.04.05 12:00:00,0.60211,0.60267,0.59878,0.59957,9729.86
2024.04.05 13:00:00,0.59958,0.59988,0.5985,0.59947,8220.99
2024.04.05 14:00:00,0.59946,0.60125,0.59913,0.6008,7245.52
2024.04.05 15:00:00,0.60081,0.60179,0.60056,0.60177,5920.59
2024.04.05 16:00:00,0.60179,0.60194,0.60127,0.60147,3704.25
2024.04.05 17:00:00,0.60147,0.6016,0.60109,0.60126,3152.57
2024.04.05 18:00:00,0.60127,0.60157,0.6011,0.60124,3003.3
2024.04.05 19:00:00,0.60124,0.60167,0.60099,0.60145,3246.67
2024.04.05 20:00:00,0.60145,0.60149,0.60099,0.60113,3532.74
2024.04.07 21:00:00,0.60059,0.60099,0.59961,0.6008,583.07
2024.04.07 22:00:00,0.60079,0.60087,0.60032,0.6006,1504.23
2024.04.07 23:00:00,0.60058,0.60108,0.60027,0.60034,1813.3
2024.04.08 00:00:00,0.60035,0.60074,0.59994,0.60048,3094.35
2024.04.08 01:00:00,0.60046,0.60101,0.60038,0.60096,4396.5
2024.04.08 02:00:00,0.60097,0.60179,0.60078,0.60156,3656.25
2024.04.08 03:00:00,0.60155,0.60166,0.6003,0.60076,2672.7
2024.04.08 04:00:00,0.60076,0.60126,0.60059,0.60126,1898.85
2024.04.08 05:00:00,0.60126,0.60168,0.60118,0.60131,2265.3
2024.04.08 06:00:00,0.60131,0.60168,0.60097,0.60151,3130.71
2024.04.08 07:00:00,0.60151,0.60156,0.60105,0.60136,3345.14
2024.04.08 08:00:00,0.60136,0.60155,0.60086,0.60117,3370.27
2024.04.08 09:00:00,0.60117,0.60195,0.60103,0.6019,1934.1
2024.04.08 10:00:00,0.6019,0.60277,0.60178,0.60266,1770.32
2024.04.08 11:00:00,0.60267,0.60268,0.60185,0.6019,2170.04
2024.04.08 12:00:00,0.6019,0.60225,0.60145,0.60221,3181.12
2024.04.08 13:00:00,0.60222,0.60381,0.60222,0.6036,4771.22
2024.04.08 14:00:00,0.60361,0.60361,0.60256,0.6031,4951.57
2024.04.08 15:00:00,0.60309,0.60327,0.6028,0.60289,3041.37
2024.04.08 16:00:00,0.6029,0.60291,0.60258,0.60287,1884.3
2024.04.08 17:00:00,0.60286,0.60356,0.60281,0.60327,1369.5
2024.04.08 18:00:00,0.60325,0.60349,0.60304,0.60319,1523.62
2024.04.08 19:00:00,0.60318,0.60348,0.60315,0.60319,1038.6
2024.04.08 20:00:00,0.60319,0.60346,0.60306,0.60309,928.8
2024.04.08 21:00:00,0.60284,0.60328,0.6025,0.60306,751.63
2024.04.08 22:00:00,0.603,0.6035,0.60295,0.60317,741.31
2024.04.08 23:00:00,0.60317,0.60367,0.60316,0.60341,1164.75
2024.04.09 00:00:00,0.60341,0.60433,0.60335,0.60401,2071.65
2024.04.09 01:00:00,0.60401,0.60472,0.60388,0.6045,3250.42
2024.04.09 02:00:00,0.6045,0.60486,0.60396,0.60411,2442.37
2024.04.09 03:00:00,0.6041,0.60416,0.60339,0.60363,1401.3
2024.04.09 04:00:00,0.60363,0.60442,0.60362,0.60417,987.45
2024.04.09 05:00:00,0.60415,0.60438,0.6039,0.60405,1246.5
2024.04.09 06:00:00,0.60404,0.6042,0.60342,0.60346,2709
2024.04.09 07:00:00,0.60346,0.60371,0.60337,0.60367,2692.95
2024.04.09 08:00:00,0.6037,0.60425,0.60343,0.60422,1240.05
2024.04.09 09:00:00,0.60422,0.60516,0.60413,0.60514,2062.05
2024.04.09 10:00:00,0.60512,0.60565,0.60506,0.60542,1861.05
2024.04.09 11:00:00,0.60543,0.6056,0.60516,0.60539,1903.2
2024.04.09 12:00:00,0.60537,0.60677,0.60522,0.60651,3576.67
2024.04.09 13:00:00,0.60651,0.60741,0.60631,0.6071,5105.71
2024.04.09 14:00:00,0.60712,0.60763,0.60528,0.60556,5929.01
2024.04.09 15:00:00,0.60555,0.60585,0.60511,0.60539,4634.18
2024.04.09 16:00:00,0.6054,0.60574,0.60526,0.60528,1380.6
2024.04.09 17:00:00,0.60528,0.60536,0.60488,0.60506,3299.53
2024.04.09 18:00:00,0.60503,0.60532,0.6049,0.60529,1264.42
2024.04.09 19:00:00,0.60528,0.60608,0.60495,0.60595,3152.17
2024.04.09 20:00:00,0.60594,0.60616,0.60587,0.60587,771.45
2024.04.09 21:00:00,0.6058,0.60595,0.60483,0.60583,4318.91
2024.04.09 22:00:00,0.60584,0.60629,0.60569,0.60621,522.4
2024.04.09 23:00:00,0.60623,0.6066,0.60613,0.60648,948.6
2024.04.10 00:00:00,0.6065,0.6068,0.60605,0.60612,2304.94
2024.04.10 01:00:00,0.60611,0.60632,0.60552,0.6057,4222.07
2024.04.10 02:00:00,0.60563,0.60772,0.60481,0.60704,5562.83
2024.04.10 03:00:00,0.60704,0.60756,0.60704,0.60736,2618.4
2024.04.10 04:00:00,0.60736,0.60761,0.60724,0.60731,2069.86
2024.04.10 05:00:00,0.60729,0.60772,0.60674,0.60685,2636.49
2024.04.10 06:00:00,0.60684,0.60726,0.60664,0.6072,3182.12
2024.04.10 07:00:00,0.60719,0.60732,0.60653,0.60708,2331.23
2024.04.10 08:00:00,0.60709,0.60743,0.6067,0.60734,1590
2024.04.10 09:00:00,0.60736,0.60757,0.6072,0.60736,1398.9
2024.04.10 10:00:00,0.60736,0.60778,0.60726,0.60765,1564.65
2024.04.10 11:00:00,0.60765,0.60793,0.60748,0.6078,1809.63
2024.04.10 12:00:00,0.60781,0.60823,0.60047,0.60152,17406.51
2024.04.10 13:00:00,0.60153,0.6016,0.59882,0.59938,17623.75
2024.04.10 14:00:00,0.59939,0.60014,0.59869,0.59891,7450.64
2024.04.10 15:00:00,0.59891,0.59908,0.59761,0.59771,5538.82
2024.04.10 16:00:00,0.5977,0.59776,0.59657,0.5974,4234.72
2024.04.10 17:00:00,0.59739,0.59863,0.59681,0.59809,8642.08
2024.04.10 18:00:00,0.59807,0.59835,0.59669,0.5968,5337.15
2024.04.10 19:00:00,0.5968,0.59778,0.59671,0.59762,2791.9
2024.04.10 20:00:00,0.59763,0.59763,0.59727,0.59733,621
2024.04.10 21:00:00,0.5973,0.59768,0.597,0.59758,5723.52
2024.04.10 22:00:00,0.59759,0.59793,0.59718,0.59782,1046.99
2024.04.10 23:00:00,0.59782,0.59794,0.5973,0.59744,1996.2
2024.04.11 00:00:00,0.59745,0.59774,0.5971,0.59747,4676.25
2024.04.11 01:00:00,0.59746,0.59831,0.59735,0.59806,4231.95
2024.04.11 02:00:00,0.59808,0.59834,0.59781,0.59811,1960.99
2024.04.11 03:00:00,0.59812,0.59845,0.598,0.59818,1624.19
2024.04.11 04:00:00,0.59816,0.5986,0.59812,0.59854,930
2024.04.11 05:00:00,0.59856,0.599,0.59849,0.59864,1870.35
2024.04.11 06:00:00,0.59863,0.59863,0.59799,0.59852,3714
2024.04.11 07:00:00,0.5985,0.59898,0.59786,0.59888,4707.94
2024.04.11 08:00:00,0.59888,0.5992,0.59827,0.59866,3825.76
2024.04.11 09:00:00,0.59867,0.59896,0.59838,0.59888,4181.81
2024.04.11 10:00:00,0.59888,0.59902,0.5986,0.599,3804.43
2024.04.11 11:00:00,0.599,0.59917,0.59848,0.59856,3610.19
2024.04.11 12:00:00,0.59855,0.60067,0.59712,0.60066,15926.67
2024.04.11 13:00:00,0.60066,0.60145,0.59938,0.59941,11566.25
2024.04.11 14:00:00,0.5994,0.59942,0.597,0.59735,7596.21
2024.04.11 15:00:00,0.59735,0.5982,0.59688,0.5982,3767.17
2024.04.11 16:00:00,0.59819,0.59869,0.59766,0.59849,3494.37
2024.04.11 17:00:00,0.59852,0.59965,0.5982,0.59948,5287.92
2024.04.11 18:00:00,0.5995,0.60026,0.59943,0.5995,3085.13
2024.04.11 19:00:00,0.5995,0.6001,0.5994,0.59994,1375.6
2024.04.11 20:00:00,0.59995,0.59995,0.59951,0.59962,647.75
2024.04.11 21:00:00,0.59958,0.5999,0.59925,0.59967,1078.69
2024.04.11 22:00:00,0.59968,0.60054,0.59965,0.60018,812.45
2024.04.11 23:00:00,0.60017,0.60034,0.59994,0.6001,828
2024.04.12 00:00:00,0.60008,0.6004,0.59953,0.60039,1878.67
2024.04.12 01:00:00,0.60044,0.60099,0.60019,0.60084,3025.2
2024.04.12 02:00:00,0.60083,0.60093,0.60041,0.60055,1860.45
2024.04.12 03:00:00,0.60055,0.60061,0.59954,0.59968,1515.47
2024.04.12 04:00:00,0.59967,0.59978,0.59933,0.59938,1266.75
2024.04.12 05:00:00,0.59938,0.5996,0.59902,0.59906,1744.72
2024.04.12 06:00:00,0.59907,0.59909,0.59738,0.59767,5104.75
2024.04.12 07:00:00,0.59769,0.5982,0.59693,0.59817,4017.16
2024.04.12 08:00:00,0.59818,0.59837,0.5974,0.5974,2301.45
2024.04.12 09:00:00,0.59742,0.59761,0.59653,0.59708,2706.25
2024.04.12 10:00:00,0.59709,0.59709,0.59562,0.59574,2449.35
2024.04.12 11:00:00,0.59577,0.59649,0.59568,0.59617,2695.75
2024.04.12 12:00:00,0.59619,0.59634,0.59484,0.59522,4959.7
2024.04.12 13:00:00,0.59522,0.59531,0.59405,0.59451,6423.74
2024.04.12 14:00:00,0.59451,0.59474,0.59351,0.5943,6413.91
2024.04.12 15:00:00,0.59429,0.59508,0.59398,0.59479,4206.79
2024.04.12 16:00:00,0.59478,0.59481,0.59366,0.59386,3515.47
2024.04.12 17:00:00,0.59385,0.59427,0.5935,0.59402,3375.15
2024.04.12 18:00:00,0.59401,0.59417,0.59343,0.59346,2310.55
2024.04.12 19:00:00,0.59347,0.59372,0.59336,0.59348,1332.3
2024.04.12 20:00:00,0.59349,0.59375,0.59332,0.59332,1667.85
2024.04.14 21:00:00,0.59355,0.59379,0.59326,0.59376,666.85
2024.04.14 22:00:00,0.59375,0.59467,0.59358,0.59432,2968.55
2024.04.14 23:00:00,0.59434,0.59495,0.59376,0.59436,1773.25
2024.04.15 00:00:00,0.59437,0.59464,0.59335,0.59342,4584.98
2024.04.15 01:00:00,0.59344,0.59411,0.59268,0.59392,3837.03
2024.04.15 02:00:00,0.5939,0.59456,0.5939,0.5943,2888.56
2024.04.15 03:00:00,0.59431,0.59533,0.59407,0.59512,2327.55
2024.04.15 04:00:00,0.59513,0.59514,0.59429,0.59472,3273.87
2024.04.15 05:00:00,0.59471,0.59512,0.59441,0.59498,1828.05
2024.04.15 06:00:00,0.59498,0.59516,0.59416,0.59425,3672.32
2024.04.15 07:00:00,0.59423,0.59424,0.5932,0.59383,4628.36
2024.04.15 08:00:00,0.5938,0.59446,0.59357,0.594,3647.47
2024.04.15 09:00:00,0.594,0.59462,0.59395,0.59434,1717.95
2024.04.15 10:00:00,0.59435,0.59459,0.59389,0.59415,3348.9
2024.04.15 11:00:00,0.59415,0.59457,0.59384,0.59407,2364.6
2024.04.15 12:00:00,0.59406,0.59414,0.59224,0.59349,6474.24
2024.04.15 13:00:00,0.59351,0.59408,0.59205,0.59228,5181.16
2024.04.15 14:00:00,0.59227,0.59232,0.59122,0.59176,8030.42
2024.04.15 15:00:00,0.59177,0.5928,0.59152,0.59253,3372.3
2024.04.15 16:00:00,0.59255,0.5928,0.59171,0.59183,2377.35
2024.04.15 17:00:00,0.59182,0.59203,0.59069,0.59099,3185.55
2024.04.15 18:00:00,0.59098,0.59104,0.59051,0.59058,2582.58
2024.04.15 19:00:00,0.59058,0.59065,0.59024,0.59029,1713.33
2024.04.15 20:00:00,0.59034,0.59034,0.58981,0.5903,598.75
2024.04.15 21:00:00,0.59018,0.59048,0.59014,0.59028,957
2024.04.15 22:00:00,0.59027,0.59055,0.59018,0.59029,902.87
2024.04.15 23:00:00,0.59029,0.59056,0.59014,0.5902,1172.55
2024.04.16 00:00:00,0.59019,0.5907,0.58901,0.58915,3745.44
2024.04.16 01:00:00,0.58914,0.58949,0.58805,0.58856,5878.37
2024.04.16 02:00:00,0.58857,0.58886,0.58729,0.58773,4493.05
2024.04.16 03:00:00,0.58772,0.58799,0.58735,0.58799,2301.3
2024.04.16 04:00:00,0.58796,0.58866,0.58777,0.58856,2012.1
2024.04.16 05:00:00,0.58856,0.58955,0.58849,0.58914,2494.2
2024.04.16 06:00:00,0.58914,0.58928,0.58816,0.58878,4381.02
2024.04.16 07:00:00,0.58878,0.5892,0.58851,0.58875,4159.27
2024.04.16 08:00:00,0.58877,0.58925,0.5886,0.58876,3104.77
2024.04.16 09:00:00,0.58877,0.58956,0.58845,0.58865,3718.43
2024.04.16 10:00:00,0.58867,0.58873,0.58793,0.58831,2205.22
2024.04.16 11:00:00,0.58831,0.58953,0.58826,0.58935,1983.6
2024.04.16 12:00:00,0.58934,0.58936,0.58812,0.58855,3802.21
2024.04.16 13:00:00,0.58855,0.58856,0.58727,0.58742,8738.78
2024.04.16 14:00:00,0.58744,0.58879,0.58727,0.58806,5996.02
2024.04.16 15:00:00,0.58806,0.58896,0.58804,0.5885,4150.05
2024.04.16 16:00:00,0.58849,0.58872,0.58797,0.58863,2846.4
2024.04.16 17:00:00,0.58864,0.58866,0.58679,0.5884,8046.86
2024.04.16 18:00:00,0.58841,0.58953,0.5879,0.5889,7719.95
2024.04.16 19:00:00,0.58891,0.58897,0.58798,0.58838,2815.55
2024.04.16 20:00:00,0.58835,0.58842,0.58774,0.58791,1201.8
2024.04.16 21:00:00,0.58791,0.58814,0.58751,0.58789,1420.71
2024.04.16 22:00:00,0.58794,0.59002,0.58591,0.58919,4052.05
2024.04.16 23:00:00,0.58921,0.58962,0.58896,0.58912,2126.47
2024.04.17 00:00:00,0.58912,0.59005,0.58911,0.58989,4178.32
2024.04.17 01:00:00,0.58987,0.59055,0.58932,0.59033,4675.8
2024.04.17 02:00:00,0.59034,0.59073,0.59006,0.59048,2314.65
2024.04.17 03:00:00,0.59049,0.59081,0.59039,0.5905,1986.75
2024.04.17 04:00:00,0.59051,0.5908,0.59001,0.59018,1150.2
2024.04.17 05:00:00,0.59018,0.59019,0.58922,0.58964,3412.05
2024.04.17 06:00:00,0.58963,0.59171,0.58939,0.59165,4875.45
2024.04.17 07:00:00,0.59165,0.59165,0.59032,0.59032,4617.3
2024.04.17 08:00:00,0.59032,0.59139,0.59023,0.5908,2715.85
2024.04.17 09:00:00,0.59079,0.59095,0.59022,0.59078,2705.86
2024.04.17 10:00:00,0.5908,0.59134,0.59067,0.59081,1459.8
2024.04.17 11:00:00,0.59079,0.59133,0.59064,0.59079,2096.1
2024.04.17 12:00:00,0.59076,0.59096,0.59017,0.59042,3428.64
2024.04.17 13:00:00,0.59041,0.59128,0.59037,0.59098,4012.5
2024.04.17 14:00:00,0.591,0.59102,0.5899,0.58998,4606.95
2024.04.17 15:00:00,0.58998,0.59075,0.58986,0.59004,4174.23
2024.04.17 16:00:00,0.59006,0.5903,0.58937,0.58994,4438.8
2024.04.17 17:00:00,0.58995,0.59167,0.58988,0.59153,4800.29
2024.04.17 18:00:00,0.59153,0.59247,0.5915,0.59158,3626.85
2024.04.17 19:00:00,0.59156,0.59167,0.59107,0.59156,3191.25
2024.04.17 20:00:00,0.59156,0.59185,0.59151,0.59162,1070.85
2024.04.17 21:00:00,0.59151,0.59171,0.59065,0.59156,947.95
2024.04.17 22:00:00,0.5916,0.59187,0.59145,0.59169,1037.4
2024.04.17 23:00:00,0.5917,0.5918,0.59114,0.5913,1381.62
2024.04.18 00:00:00,0.59128,0.59139,0.59056,0.59131,2491.46
2024.04.18 01:00:00,0.59133,0.59204,0.59122,0.59166,3673.43
2024.04.18 02:00:00,0.59166,0.5928,0.5915,0.5925,3157.32
2024.04.18 03:00:00,0.59249,0.59283,0.59212,0.59253,2606.82
2024.04.18 04:00:00,0.59254,0.59258,0.59195,0.59199,909.45
2024.04.18 05:00:00,0.592,0.59235,0.59149,0.59229,2569.56
2024.04.18 06:00:00,0.59228,0.59325,0.59211,0.59294,3570.14
2024.04.18 07:00:00,0.59294,0.59322,0.59213,0.59298,3327.75
2024.04.18 08:00:00,0.59297,0.59324,0.59268,0.59297,3345.6
2024.04.18 09:00:00,0.59298,0.59309,0.5924,0.59263,2432.71
2024.04.18 10:00:00,0.59262,0.59294,0.59232,0.5927,2536.62
2024.04.18 11:00:00,0.59269,0.59308,0.59243,0.59282,1877.1
2024.04.18 12:00:00,0.59282,0.59287,0.59181,0.59236,7116.22
2024.04.18 13:00:00,0.59236,0.59278,0.59095,0.59133,8643.43
2024.04.18 14:00:00,0.59134,0.59195,0.59092,0.59127,5610.11
2024.04.18 15:00:00,0.59127,0.59224,0.59112,0.59164,3802.8
2024.04.18 16:00:00,0.59163,0.5918,0.59077,0.59088,2763.6
2024.04.18 17:00:00,0.59088,0.59092,0.58985,0.59018,2742.44
2024.04.18 18:00:00,0.59016,0.59053,0.58991,0.59029,2035.5
2024.04.18 19:00:00,0.59029,0.5907,0.59015,0.59018,2703.88
2024.04.18 20:00:00,0.59021,0.59028,0.58986,0.59014,811.1
2024.04.18 21:00:00,0.59009,0.5904,0.58984,0.59023,2027.81
2024.04.18 22:00:00,0.59018,0.59038,0.58998,0.59002,471.3
2024.04.18 23:00:00,0.59002,0.5903,0.5898,0.59014,818.85
2024.04.19 00:00:00,0.59017,0.59036,0.58935,0.58944,3534.89
2024.04.19 01:00:00,0.58944,0.58962,0.58601,0.58654,11551.57
2024.04.19 02:00:00,0.58656,0.58664,0.58517,0.58616,8878
2024.04.19 03:00:00,0.58614,0.58804,0.586,0.58778,7604.91
2024.04.19 04:00:00,0.58776,0.58844,0.58774,0.58827,4368.2
2024.04.19 05:00:00,0.58826,0.58845,0.58771,0.58783,3184.42
2024.04.19 06:00:00,0.58784,0.58899,0.58762,0.5889,5412.49
2024.04.19 07:00:00,0.58891,0.58974,0.58891,0.5895,5429.96
2024.04.19 08:00:00,0.58953,0.58953,0.58878,0.58901,5063.63
2024.04.19 09:00:00,0.58902,0.5898,0.58897,0.58935,3123.89
2024.04.19 10:00:00,0.58934,0.58934,0.58828,0.58854,4060.7
2024.04.19 11:00:00,0.58852,0.58866,0.58812,0.58846,2546.27
2024.04.19 12:00:00,0.58848,0.59001,0.58823,0.58939,3710.62
2024.04.19 13:00:00,0.58938,0.59015,0.58904,0.58944,4975.05
2024.04.19 14:00:00,0.58944,0.59057,0.58921,0.58968,6117.16
2024.04.19 15:00:00,0.58965,0.59003,0.58921,0.58932,4432.75
2024.04.19 16:00:00,0.58931,0.58955,0.58822,0.58913,3358.53
2024.04.19 17:00:00,0.58912,0.58935,0.58884,0.58911,3226.86
2024.04.19 18:00:00,0.58912,0.58912,0.58836,0.58858,2802.52
2024.04.19 19:00:00,0.58857,0.58879,0.58838,0.58857,1997.1
2024.04.19 20:00:00,0.58857,0.58881,0.58834,0.58862,1810.2
2024.04.21 21:00:00,0.58808,0.58928,0.58808,0.58892,457.04
2024.04.21 22:00:00,0.58891,0.58941,0.58868,0.58923,1814.87
2024.04.21 23:00:00,0.58922,0.59002,0.58915,0.58991,1055.32
2024.04.22 00:00:00,0.58991,0.59116,0.58977,0.59055,2696.55
2024.04.22 01:00:00,0.59054,0.59256,0.59054,0.59249,4724.25
2024.04.22 02:00:00,0.59248,0.59282,0.59173,0.59195,3232.05
2024.04.22 03:00:00,0.59195,0.59213,0.59092,0.59129,2681.99
2024.04.22 04:00:00,0.59129,0.59149,0.59108,0.59109,1582.33
2024.04.22 05:00:00,0.5911,0.59125,0.59062,0.59086,3287.26
2024.04.22 06:00:00,0.59086,0.59128,0.59061,0.59078,3101.7
2024.04.22 07:00:00,0.59075,0.59104,0.59024,0.59069,4545.84
2024.04.22 08:00:00,0.59068,0.59087,0.59031,0.59064,2158.35
2024.04.22 09:00:00,0.59062,0.59107,0.59053,0.5906,2167.2
2024.04.22 10:00:00,0.59059,0.59103,0.59056,0.59092,1726.5
2024.04.22 11:00:00,0.59091,0.59091,0.59034,0.59068,2656.55
2024.04.22 12:00:00,0.59068,0.5912,0.59058,0.59068,2090.32
2024.04.22 13:00:00,0.59068,0.59073,0.58941,0.58994,3588.76
2024.04.22 14:00:00,0.58995,0.59086,0.5898,0.59054,3770.74
2024.04.22 15:00:00,0.59054,0.59091,0.59024,0.59084,3816.72
2024.04.22 16:00:00,0.59085,0.59129,0.5908,0.59115,2130.89
2024.04.22 17:00:00,0.59115,0.59191,0.59111,0.59177,2078.7
2024.04.22 18:00:00,0.59176,0.59222,0.59164,0.59205,1793.12
2024.04.22 19:00:00,0.59206,0.59207,0.59151,0.59183,1371
2024.04.22 20:00:00,0.59182,0.59208,0.59158,0.59183,463.57
2024.04.22 21:00:00,0.59182,0.59186,0.59133,0.5918,929.5
2024.04.22 22:00:00,0.59179,0.59205,0.59171,0.59194,500.55
2024.04.22 23:00:00,0.59195,0.59213,0.59168,0.5921,796.5
2024.04.23 00:00:00,0.59209,0.59253,0.59165,0.59253,2312.37
2024.04.23 01:00:00,0.59251,0.59278,0.59164,0.59181,3317.85
2024.04.23 02:00:00,0.59181,0.59249,0.59178,0.59221,2184.6
2024.04.23 03:00:00,0.59221,0.59223,0.59162,0.59173,1977.22
2024.04.23 04:00:00,0.59174,0.59206,0.59158,0.5917,784.34
2024.04.23 05:00:00,0.59169,0.59169,0.59108,0.59132,1525.2
2024.04.23 06:00:00,0.59134,0.59153,0.59112,0.59117,1788.15
2024.04.23 07:00:00,0.59115,0.59188,0.59046,0.59084,4553.07
2024.04.23 08:00:00,0.59083,0.59141,0.59059,0.59066,3006.29
2024.04.23 09:00:00,0.59066,0.59067,0.5902,0.59052,2216.02
2024.04.23 10:00:00,0.59051,0.59098,0.59048,0.59086,1396.2
2024.04.23 11:00:00,0.59086,0.5916,0.59065,0.5913,2218.42
2024.04.23 12:00:00,0.59131,0.59159,0.59109,0.5915,3094.57
2024.04.23 13:00:00,0.59151,0.59395,0.5912,0.59386,6496.48
2024.04.23 14:00:00,0.59384,0.59478,0.59315,0.5933,7381.97
2024.04.23 15:00:00,0.59329,0.59365,0.59279,0.59328,3127.12
2024.04.23 16:00:00,0.5933,0.5941,0.59316,0.59385,1684.8
2024.04.23 17:00:00,0.59385,0.59426,0.59379,0.59402,1843.2
2024.04.23 18:00:00,0.59402,0.5942,0.59364,0.59369,1488.07
2024.04.23 19:00:00,0.59371,0.59376,0.59303,0.59303,1273.05
2024.04.23 20:00:00,0.59304,0.59327,0.59303,0.5931,332.25
2024.04.23 21:00:00,0.59308,0.59337,0.59259,0.59326,1751.8
2024.04.23 22:00:00,0.5932,0.59345,0.59315,0.5934,794.57
2024.04.23 23:00:00,0.59344,0.59372,0.59323,0.5935,502.65
2024.04.24 00:00:00,0.59348,0.59428,0.59348,0.59421,1708.12
2024.04.24 01:00:00,0.59421,0.59505,0.59378,0.59417,5066.43
2024.04.24 02:00:00,0.59415,0.59517,0.59402,0.59458,4201.05
2024.04.24 03:00:00,0.59459,0.5946,0.59406,0.59415,2418.89
2024.04.24 04:00:00,0.59413,0.59459,0.59397,0.59452,1795.23
2024.04.24 05:00:00,0.5945,0.59468,0.59423,0.59447,1959.3
2024.04.24 06:00:00,0.59447,0.59473,0.59352,0.59366,3571.61
2024.04.24 07:00:00,0.59368,0.59377,0.5932,0.59362,2790.32
2024.04.24 08:00:00,0.59363,0.59384,0.59343,0.59372,2240.52
2024.04.24 09:00:00,0.59372,0.59417,0.59336,0.59338,1228.35
2024.04.24 10:00:00,0.59339,0.59386,0.59315,0.59327,1931.76
2024.04.24 11:00:00,0.59327,0.59343,0.59298,0.59339,2598.61
2024.04.24 12:00:00,0.5934,0.59352,0.59238,0.59274,4946.46
2024.04.24 13:00:00,0.59275,0.59382,0.59246,0.59327,4405.86
2024.04.24 14:00:00,0.59327,0.59351,0.59223,0.59271,4880.19
2024.04.24 15:00:00,0.59271,0.59287,0.592,0.59214,2870.39
2024.04.24 16:00:00,0.59213,0.59278,0.59213,0.59276,2103.13
2024.04.24 17:00:00,0.59278,0.59351,0.59272,0.59341,1966.9
2024.04.24 18:00:00,0.59343,0.59344,0.59263,0.59295,3208.3
2024.04.24 19:00:00,0.59294,0.59389,0.59285,0.59373,1914.9
2024.04.24 20:00:00,0.59372,0.59372,0.59328,0.59352,573.7
2024.04.24 21:00:00,0.5935,0.59354,0.59277,0.59342,3376.45
2024.04.24 22:00:00,0.59337,0.59354,0.59322,0.59336,612.15
2024.04.24 23:00:00,0.59338,0.59356,0.59333,0.59355,291.75
2024.04.25 00:00:00,0.59358,0.5941,0.59357,0.59385,1395.15
2024.04.25 01:00:00,0.59384,0.59423,0.59315,0.59403,3035.7
2024.04.25 02:00:00,0.59402,0.59455,0.59392,0.59428,1686
2024.04.25 03:00:00,0.59428,0.59438,0.59347,0.59388,1452.3
2024.04.25 04:00:00,0.59386,0.59426,0.59384,0.59418,595.05
2024.04.25 05:00:00,0.59419,0.59451,0.59397,0.59428,1050.62
2024.04.25 06:00:00,0.59429,0.59542,0.594,0.59528,2598.15
2024.04.25 07:00:00,0.59528,0.59587,0.59476,0.59576,3361.97
2024.04.25 08:00:00,0.59577,0.59643,0.59574,0.59625,1920.15
2024.04.25 09:00:00,0.59626,0.59626,0.59559,0.59574,3351
2024.04.25 10:00:00,0.59575,0.59592,0.59547,0.5958,1763.25
2024.04.25 11:00:00,0.59578,0.59633,0.59566,0.59596,1535.1
2024.04.25 12:00:00,0.59595,0.59688,0.59269,0.5929,10775.36
2024.04.25 13:00:00,0.59291,0.59349,0.59196,0.59258,8310.75
2024.04.25 14:00:00,0.59259,0.59418,0.59217,0.59352,5926.27
2024.04.25 15:00:00,0.5935,0.59419,0.59333,0.59395,3086.8
2024.04.25 16:00:00,0.59395,0.59461,0.5935,0.59444,3775.94
2024.04.25 17:00:00,0.59446,0.59501,0.59434,0.59489,2923.35
2024.04.25 18:00:00,0.59488,0.5949,0.59424,0.59445,3459.15
2024.04.25 19:00:00,0.59445,0.59522,0.59444,0.59475,2358.15
2024.04.25 20:00:00,0.59475,0.59514,0.59467,0.59475,1248.45
2024.04.25 21:00:00,0.5947,0.59505,0.59416,0.59475,1514
2024.04.25 22:00:00,0.59468,0.5954,0.59448,0.59533,645.89
2024.04.25 23:00:00,0.59532,0.59607,0.5953,0.59565,1322.73
2024.04.26 00:00:00,0.59567,0.59635,0.59556,0.59627,1666.5
2024.04.26 01:00:00,0.59629,0.59679,0.59609,0.59656,2417.42
2024.04.26 02:00:00,0.59654,0.59671,0.59571,0.59608,1921.42
2024.04.26 03:00:00,0.59609,0.5962,0.59528,0.5956,2937.62
2024.04.26 04:00:00,0.59563,0.59565,0.59539,0.5956,2150.02
2024.04.26 05:00:00,0.59559,0.59657,0.59555,0.5963,1863.6
2024.04.26 06:00:00,0.59631,0.59694,0.59613,0.59631,2806.75
2024.04.26 07:00:00,0.59633,0.5964,0.5955,0.59591,3445.57
2024.04.26 08:00:00,0.59591,0.59683,0.59585,0.59609,5247.75
2024.04.26 09:00:00,0.59608,0.59613,0.5952,0.59557,2137.93
2024.04.26 10:00:00,0.59558,0.5956,0.59483,0.59485,2513.55
2024.04.26 11:00:00,0.59484,0.59522,0.59456,0.5949,2164.68
2024.04.26 12:00:00,0.5949,0.5964,0.59456,0.59537,8498.59
2024.04.26 13:00:00,0.59539,0.59584,0.59492,0.59558,6123.06
2024.04.26 14:00:00,0.59557,0.59592,0.59368,0.59374,6406.44
2024.04.26 15:00:00,0.59374,0.5941,0.59286,0.59367,4577.32
2024.04.26 16:00:00,0.59369,0.59416,0.59356,0.59406,1858.8
2024.04.26 17:00:00,0.59406,0.59428,0.59406,0.59417,760.95
2024.04.26 18:00:00,0.59417,0.59476,0.59416,0.59476,1760.09
2024.04.26 19:00:00,0.59475,0.59477,0.59408,0.59416,2700.35
2024.04.26 20:00:00,0.59416,0.5943,0.59373,0.59384,1186.65
2024.04.28 21:00:00,0.59479,0.59494,0.59396,0.59418,881.91
2024.04.28 22:00:00,0.59425,0.59465,0.59413,0.5943,1302.03
2024.04.28 23:00:00,0.59428,0.59474,0.59428,0.59471,956.4
2024.04.29 00:00:00,0.59472,0.59505,0.59415,0.59492,1941.22
2024.04.29 01:00:00,0.59492,0.5961,0.59476,0.59602,4812.81
2024.04.29 02:00:00,0.59602,0.59672,0.59583,0.5963,3581.5
2024.04.29 03:00:00,0.59629,0.59642,0.59592,0.5962,1695.58
2024.04.29 04:00:00,0.5962,0.59822,0.59609,0.59738,7721.72
2024.04.29 05:00:00,0.59738,0.59773,0.59709,0.59723,5010.15
2024.04.29 06:00:00,0.59724,0.59751,0.59593,0.59598,4251.7
2024.04.29 07:00:00,0.59598,0.59677,0.59573,0.59649,6470.4
2024.04.29 08:00:00,0.59649,0.59699,0.59592,0.59634,3061.2
2024.04.29 09:00:00,0.59635,0.5976,0.59621,0.59747,2518.95
2024.04.29 10:00:00,0.59746,0.59747,0.59699,0.59733,1504.87
2024.04.29 11:00:00,0.59735,0.59796,0.59723,0.59739,2195.04
2024.04.29 12:00:00,0.59741,0.59783,0.59645,0.59652,3184.66
2024.04.29 13:00:00,0.59653,0.59686,0.59597,0.59622,4535.53
2024.04.29 14:00:00,0.59623,0.59699,0.59591,0.59689,4867.18
2024.04.29 15:00:00,0.59689,0.59731,0.59683,0.59716,2554.2
2024.04.29 16:00:00,0.59715,0.59827,0.59712,0.59789,2386.72
2024.04.29 17:00:00,0.59791,0.59843,0.59783,0.59799,1827.6
2024.04.29 18:00:00,0.59797,0.59813,0.59757,0.59796,1205.85
2024.04.29 19:00:00,0.59795,0.59799,0.59718,0.59792,1692
2024.04.29 20:00:00,0.59793,0.59803,0.59767,0.59768,549.75
2024.04.29 21:00:00,0.59759,0.59786,0.59692,0.5976,1501.28
2024.04.29 22:00:00,0.5976,0.5979,0.59751,0.59769,515.31
2024.04.29 23:00:00,0.59771,0.5978,0.5969,0.59696,1107.4
2024.04.30 00:00:00,0.59695,0.59729,0.59654,0.59679,2552.39
2024.04.30 01:00:00,0.59681,0.59726,0.59599,0.59602,3295.95
2024.04.30 02:00:00,0.59604,0.59604,0.59557,0.59577,2137.8
2024.04.30 03:00:00,0.59578,0.59582,0.59463,0.59491,2038.65
2024.04.30 04:00:00,0.59491,0.59505,0.59473,0.59485,855.6
2024.04.30 05:00:00,0.59485,0.59488,0.59328,0.59351,2107.95
2024.04.30 06:00:00,0.5935,0.59393,0.59294,0.59386,2937.9
2024.04.30 07:00:00,0.59387,0.59403,0.59353,0.59387,2514
2024.04.30 08:00:00,0.5939,0.5943,0.59318,0.59428,1846.95
2024.04.30 09:00:00,0.59428,0.59503,0.59425,0.59489,2539.35
2024.04.30 10:00:00,0.5949,0.59526,0.59472,0.5948,2098.35
2024.04.30 11:00:00,0.5948,0.5948,0.59435,0.59454,1456.8
2024.04.30 12:00:00,0.59455,0.59472,0.59152,0.59166,7945.27
2024.04.30 13:00:00,0.5917,0.59246,0.59071,0.59092,6839.87
2024.04.30 14:00:00,0.59097,0.59225,0.59079,0.59155,9568.21
2024.04.30 15:00:00,0.59157,0.59194,0.59067,0.59094,4230.82
2024.04.30 16:00:00,0.59095,0.59118,0.59015,0.59045,2580.01
2024.04.30 17:00:00,0.59045,0.59059,0.59003,0.59028,2048.25
2024.04.30 18:00:00,0.59028,0.59048,0.58948,0.58969,1862.5
2024.04.30 19:00:00,0.58969,0.58998,0.58908,0.58919,2221.48
2024.04.30 20:00:00,0.58919,0.58932,0.58854,0.58869,1499.01
2024.04.30 21:00:00,0.58855,0.58916,0.58855,0.5889,1622.62
2024.04.30 22:00:00,0.58889,0.58899,0.58737,0.58766,2332.59
2024.04.30 23:00:00,0.58765,0.58842,0.58744,0.5877,1261.9
2024.05.01 00:00:00,0.58772,0.58848,0.58762,0.58838,2036.85
2024.05.01 01:00:00,0.58836,0.5889,0.58831,0.5889,1033.35
2024.05.01 02:00:00,0.58889,0.58889,0.58851,0.58866,2174.43
2024.05.01 03:00:00,0.58867,0.58872,0.58829,0.58849,449.7
2024.05.01 04:00:00,0.58849,0.58882,0.58844,0.58861,505.5
2024.05.01 05:00:00,0.58859,0.58911,0.5883,0.58887,1642.64
2024.05.01 06:00:00,0.58888,0.58895,0.58815,0.58836,1766.4
2024.05.01 07:00:00,0.58836,0.58872,0.5881,0.58862,1380.46
2024.05.01 08:00:00,0.58862,0.58899,0.58832,0.58898,1210.35
2024.05.01 09:00:00,0.58897,0.5892,0.58872,0.58902,1581
2024.05.01 10:00:00,0.58903,0.58917,0.58868,0.58882,1162.35
2024.05.01 11:00:00,0.58881,0.58955,0.58869,0.58941,1076.4
2024.05.01 12:00:00,0.58942,0.59007,0.58935,0.58976,3314.25
2024.05.01 13:00:00,0.58975,0.59025,0.58952,0.58976,2783.92
2024.05.01 14:00:00,0.58983,0.59062,0.58945,0.59011,6841.78
2024.05.01 15:00:00,0.59012,0.59052,0.58992,0.59007,3333.44
2024.05.01 16:00:00,0.59005,0.59006,0.58965,0.58968,2062.05
2024.05.01 17:00:00,0.58969,0.58996,0.58941,0.58988,1566.45
2024.05.01 18:00:00,0.5898,0.59395,0.58921,0.59347,23588.58
2024.05.01 19:00:00,0.59346,0.59372,0.5907,0.59074,13000.65
2024.05.01 20:00:00,0.59073,0.59364,0.59068,0.59285,5150.06
2024.05.01 21:00:00,0.5928,0.5928,0.59164,0.59245,1490.52
2024.05.01 22:00:00,0.59245,0.59343,0.59245,0.59279,2349.42
2024.05.01 23:00:00,0.59278,0.59309,0.59237,0.59284,2510.8
2024.05.02 00:00:00,0.59285,0.59307,0.59192,0.59206,3706.26
2024.05.02 01:00:00,0.59206,0.59254,0.5914,0.59241,2369.53
2024.05.02 02:00:00,0.5924,0.5931,0.5924,0.59287,2985.85
2024.05.02 03:00:00,0.59287,0.59294,0.5923,0.59251,1730.85
2024.05.02 04:00:00,0.5925,0.59288,0.5924,0.59268,1776.75
2024.05.02 05:00:00,0.59267,0.59338,0.59258,0.59321,1154.85
2024.05.02 06:00:00,0.59323,0.59383,0.59284,0.59349,4688.62
2024.05.02 07:00:00,0.59349,0.59471,0.59335,0.59384,4445.85
2024.05.02 08:00:00,0.59384,0.59415,0.59315,0.59336,4617.45
2024.05.02 09:00:00,0.59336,0.59403,0.59276,0.593,3347.29
2024.05.02 10:00:00,0.59299,0.59301,0.59217,0.59232,2659.35
2024.05.02 11:00:00,0.59233,0.59293,0.59201,0.59292,2558.25
2024.05.02 12:00:00,0.59293,0.59408,0.59267,0.59287,7659.57
2024.05.02 13:00:00,0.59286,0.59322,0.59193,0.59224,7666.2
2024.05.02 14:00:00,0.59224,0.59303,0.59155,0.59278,9336.36
2024.05.02 15:00:00,0.59278,0.59423,0.59269,0.59407,4494.07
2024.05.02 16:00:00,0.59407,0.59518,0.59383,0.59491,3390
2024.05.02 17:00:00,0.59492,0.59569,0.5948,0.59541,3100.65
2024.05.02 18:00:00,0.59541,0.59675,0.59533,0.59669,2696.85
2024.05.02 19:00:00,0.59669,0.59669,0.59589,0.59608,2168.56
2024.05.02 20:00:00,0.59608,0.59627,0.59587,0.59613,1470.52
2024.05.02 21:00:00,0.59595,0.59613,0.59521,0.59612,1715.7
2024.05.02 22:00:00,0.59612,0.59655,0.59596,0.59628,1285.06
2024.05.02 23:00:00,0.59628,0.5965,0.59614,0.59633,1091.95
2024.05.03 00:00:00,0.59634,0.59695,0.59556,0.5969,2579.02
2024.05.03 01:00:00,0.59688,0.59784,0.59668,0.59745,2991.45
2024.05.03 02:00:00,0.59743,0.59743,0.5964,0.59654,2180.87
2024.05.03 03:00:00,0.59655,0.59693,0.59639,0.59688,2000.77
2024.05.03 04:00:00,0.5969,0.597,0.59648,0.59679,1144.5
2024.05.03 05:00:00,0.59677,0.59773,0.59674,0.59745,1810.05
2024.05.03 06:00:00,0.59744,0.59744,0.59631,0.59644,3414
2024.05.03 07:00:00,0.59644,0.59748,0.59622,0.59718,2833.53
2024.05.03 08:00:00,0.59717,0.5981,0.59708,0.59801,2352.48
2024.05.03 09:00:00,0.59802,0.5982,0.59759,0.59789,2114.7
2024.05.03 10:00:00,0.59787,0.59813,0.59771,0.59813,1612.5
2024.05.03 11:00:00,0.59814,0.59868,0.59804,0.59842,2420.99
2024.05.03 12:00:00,0.59845,0.60442,0.59839,0.60373,16564.75
2024.05.03 13:00:00,0.60374,0.60411,0.60222,0.6026,15297.87
2024.05.03 14:00:00,0.60262,0.60478,0.60031,0.60133,19600.89
2024.05.03 15:00:00,0.60133,0.60253,0.60112,0.60184,6221.85
2024.05.03 16:00:00,0.60185,0.60207,0.60096,0.60115,3594.16
2024.05.03 17:00:00,0.60115,0.60146,0.60081,0.60131,1370.24
2024.05.03 18:00:00,0.6013,0.60164,0.60128,0.60157,1473.6
2024.05.03 19:00:00,0.60155,0.60188,0.60129,0.60132,2264.2
2024.05.03 20:00:00,0.60132,0.60132,0.60094,0.60097,1069.87
2024.05.05 21:00:00,0.60114,0.60127,0.59973,0.60079,970.75
2024.05.05 22:00:00,0.60077,0.60131,0.6006,0.60108,1191.21
2024.05.05 23:00:00,0.60108,0.6013,0.60062,0.60065,1457.72
2024.05.06 00:00:00,0.60063,0.60074,0.59997,0.60047,2608.27
2024.05.06 01:00:00,0.60049,0.60113,0.60015,0.6008,3250.59
2024.05.06 02:00:00,0.60083,0.60118,0.60034,0.60055,2322.7
2024.05.06 03:00:00,0.60055,0.60067,0.5999,0.60003,2339.87
2024.05.06 04:00:00,0.6,0.60008,0.59952,0.59991,1387.43
2024.05.06 05:00:00,0.5999,0.60028,0.59972,0.60022,1783.5
2024.05.06 06:00:00,0.60024,0.60128,0.60018,0.60103,1942.74
2024.05.06 07:00:00,0.60103,0.60175,0.60098,0.60134,1868.55
2024.05.06 08:00:00,0.60131,0.60199,0.60095,0.60184,1452.6
2024.05.06 09:00:00,0.60186,0.60192,0.60156,0.60189,1027.2
2024.05.06 10:00:00,0.60192,0.60233,0.60175,0.60186,1744.05
2024.05.06 11:00:00,0.60184,0.60214,0.60176,0.60214,1232.8
2024.05.06 12:00:00,0.60214,0.60315,0.60207,0.60269,2624.85
2024.05.06 13:00:00,0.60268,0.60276,0.60178,0.60187,3650.62
2024.05.06 14:00:00,0.60191,0.60221,0.60103,0.60109,2199.1
2024.05.06 15:00:00,0.60109,0.60127,0.60082,0.60121,1352.7
2024.05.06 16:00:00,0.60118,0.60126,0.6007,0.60113,1603.04
2024.05.06 17:00:00,0.60112,0.60142,0.60108,0.60136,1206.52
2024.05.06 18:00:00,0.60137,0.60149,0.60122,0.6013,985.15
2024.05.06 19:00:00,0.60129,0.60136,0.60074,0.60085,1339.5
2024.05.06 20:00:00,0.60087,0.60112,0.60064,0.60077,617.35
2024.05.06 21:00:00,0.60062,0.60117,0.60061,0.60087,1248.67
2024.05.06 22:00:00,0.60087,0.60105,0.60057,0.6006,528
2024.05.06 23:00:00,0.60062,0.60099,0.60057,0.60085,651.6
2024.05.07 00:00:00,0.60086,0.60233,0.60086,0.60217,2447.49
2024.05.07 01:00:00,0.60217,0.60245,0.60093,0.60117,3170.17
2024.05.07 02:00:00,0.60117,0.60118,0.60049,0.60069,3493.26
2024.05.07 03:00:00,0.6007,0.60145,0.60067,0.60141,1511.02
2024.05.07 04:00:00,0.60142,0.60163,0.60045,0.60093,3541.98
2024.05.07 05:00:00,0.60094,0.60142,0.60081,0.60099,2840.85
2024.05.07 06:00:00,0.60098,0.60102,0.59994,0.60047,3408
2024.05.07 07:00:00,0.60049,0.60097,0.60044,0.60075,3211.87
2024.05.07 08:00:00,0.60074,0.60095,0.6002,0.6009,3222.9
2024.05.07 09:00:00,0.60091,0.60105,0.6,0.60026,3041.97
2024.05.07 10:00:00,0.60027,0.60079,0.60014,0.60072,2618.32
2024.05.07 11:00:00,0.60073,0.6012,0.60068,0.60081,1903.8
2024.05.07 12:00:00,0.60082,0.60172,0.60063,0.60151,2236.95
2024.05.07 13:00:00,0.60152,0.60184,0.60121,0.6013,3773.85
2024.05.07 14:00:00,0.6013,0.60204,0.60127,0.60179,2772.82
2024.05.07 15:00:00,0.6018,0.60189,0.60096,0.60097,2778.67
2024.05.07 16:00:00,0.60095,0.60135,0.60062,0.60072,2045.84
2024.05.07 17:00:00,0.60072,0.60084,0.6,0.60004,1610.02
2024.05.07 18:00:00,0.60003,0.60003,0.59949,0.5998,1872.75
2024.05.07 19:00:00,0.59979,0.60028,0.59975,0.60022,1003.35
2024.05.07 20:00:00,0.60021,0.60027,0.60011,0.60016,713.85
2024.05.07 21:00:00,0.59993,0.6004,0.59978,0.60008,1604
2024.05.07 22:00:00,0.60009,0.60018,0.59978,0.59989,703.8
2024.05.07 23:00:00,0.59992,0.59993,0.59953,0.5996,821.55
2024.05.08 00:00:00,0.5996,0.60023,0.59917,0.5993,2714.57
2024.05.08 01:00:00,0.59933,0.59946,0.59847,0.59855,3832.14
2024.05.08 02:00:00,0.59854,0.59887,0.59828,0.59878,2131.2
2024.05.08 03:00:00,0.5988,0.59899,0.59856,0.59895,1746.75
2024.05.08 04:00:00,0.59894,0.59939,0.59872,0.59918,1138.65
2024.05.08 05:00:00,0.59918,0.59929,0.59875,0.59888,1161
2024.05.08 06:00:00,0.59891,0.5996,0.59885,0.59907,2001.3
2024.05.08 07:00:00,0.59905,0.59945,0.59874,0.59882,2968.95
2024.05.08 08:00:00,0.59881,0.59892,0.59812,0.59822,2563.8
2024.05.08 09:00:00,0.59823,0.59898,0.59806,0.59877,2068.07
2024.05.08 10:00:00,0.59877,0.59902,0.59862,0.59893,1186.65
2024.05.08 11:00:00,0.59892,0.59913,0.59854,0.59862,2411.32
2024.05.08 12:00:00,0.59866,0.59877,0.59831,0.59869,2459.1
2024.05.08 13:00:00,0.59869,0.5996,0.59869,0.5992,2804.69
2024.05.08 14:00:00,0.5992,0.59995,0.59911,0.59965,3991.87
2024.05.08 15:00:00,0.59964,0.6003,0.59925,0.6002,2537.7
2024.05.08 16:00:00,0.60019,0.60031,0.59976,0.5999,1159.95
2024.05.08 17:00:00,0.59994,0.60021,0.59973,0.60007,1030.65
2024.05.08 18:00:00,0.60005,0.60021,0.59978,0.59979,829.95
2024.05.08 19:00:00,0.5998,0.59999,0.59962,0.59997,780.07
2024.05.08 20:00:00,0.59998,0.60039,0.5998,0.60029,566.55
2024.05.08 21:00:00,0.60024,0.60046,0.59951,0.60041,1011.03
2024.05.08 22:00:00,0.60041,0.60072,0.60025,0.6006,653.75
2024.05.08 23:00:00,0.6006,0.60063,0.6002,0.60031,707.25
2024.05.09 00:00:00,0.6003,0.60035,0.59923,0.59935,2102.33
2024.05.09 01:00:00,0.59936,0.60085,0.5993,0.60054,2559.59
2024.05.09 02:00:00,0.60054,0.60054,0.60005,0.60027,1804.2
2024.05.09 03:00:00,0.60028,0.60077,0.60021,0.60059,1532.69
2024.05.09 04:00:00,0.6006,0.60082,0.60021,0.60025,1071.75
2024.05.09 05:00:00,0.60025,0.60043,0.6001,0.60026,1019.55
2024.05.09 06:00:00,0.60025,0.60025,0.59922,0.59943,1587.3
2024.05.09 07:00:00,0.59943,0.59984,0.59921,0.5998,1798.2
2024.05.09 08:00:00,0.59978,0.60006,0.59921,0.59953,2363.96
2024.05.09 09:00:00,0.59953,0.59996,0.59944,0.59979,1299
2024.05.09 10:00:00,0.59979,0.60047,0.59971,0.59991,1314
2024.05.09 11:00:00,0.59992,0.60035,0.59956,0.60006,2287.35
2024.05.09 12:00:00,0.60007,0.60202,0.6,0.6015,5362.78
2024.05.09 13:00:00,0.60151,0.60167,0.60052,0.60133,4317.9
2024.05.09 14:00:00,0.60134,0.6025,0.60133,0.60199,3599.72
2024.05.09 15:00:00,0.60201,0.60244,0.60158,0.6017,2194.5
2024.05.09 16:00:00,0.60172,0.60222,0.60169,0.60218,1744.5
2024.05.09 17:00:00,0.60217,0.60266,0.60206,0.60249,1920.71
2024.05.09 18:00:00,0.60248,0.60333,0.60236,0.60327,1351.42
2024.05.09 19:00:00,0.60328,0.60338,0.6031,0.60331,1071.6
2024.05.09 20:00:00,0.60329,0.60349,0.60326,0.60336,1092.42
2024.05.09 21:00:00,0.60334,0.60335,0.60246,0.60315,1104.7
2024.05.09 22:00:00,0.60317,0.60394,0.60317,0.6038,951.41
2024.05.09 23:00:00,0.60381,0.60395,0.60344,0.60348,788.02
2024.05.10 00:00:00,0.60349,0.60362,0.60277,0.60285,1769.44
2024.05.10 01:00:00,0.60286,0.60323,0.60252,0.60253,1849.5
2024.05.10 02:00:00,0.60255,0.60255,0.60137,0.60166,1796.4
2024.05.10 03:00:00,0.60168,0.60217,0.60149,0.60208,1094.85
2024.05.10 04:00:00,0.60209,0.60236,0.60208,0.60225,406.8
2024.05.10 05:00:00,0.60225,0.6027,0.60201,0.60245,1368.3
2024.05.10 06:00:00,0.60242,0.60298,0.60207,0.60245,2115.75
2024.05.10 07:00:00,0.60242,0.60258,0.60153,0.60191,3127.8
2024.05.10 08:00:00,0.60191,0.6023,0.60153,0.6016,1908.75
2024.05.10 09:00:00,0.60161,0.60208,0.60146,0.60195,1937.55
2024.05.10 10:00:00,0.60192,0.60195,0.60144,0.60163,1298.85
2024.05.10 11:00:00,0.60164,0.60172,0.60128,0.60131,1902.92
2024.05.10 12:00:00,0.6013,0.60215,0.60128,0.60162,4292.32
2024.05.10 13:00:00,0.60163,0.6034,0.6016,0.6032,2933.17
2024.05.10 14:00:00,0.60319,0.60325,0.60084,0.60132,5475.55
2024.05.10 15:00:00,0.6013,0.60178,0.60093,0.60177,3843.27
2024.05.10 16:00:00,0.60177,0.60208,0.60139,0.60193,2498.84
2024.05.10 17:00:00,0.60194,0.60209,0.60173,0.60192,1218.97
2024.05.10 18:00:00,0.60192,0.60197,0.60159,0.60192,1046.09
2024.05.10 19:00:00,0.6019,0.60224,0.60186,0.60211,582.75
2024.05.10 20:00:00,0.60207,0.60214,0.60177,0.60185,444.39
2024.05.12 21:00:00,0.60121,0.60172,0.60048,0.60122,1097.33
2024.05.12 22:00:00,0.60123,0.6022,0.60092,0.60176,1013.2
2024.05.12 23:00:00,0.60178,0.60224,0.60166,0.60166,913.63
2024.05.13 00:00:00,0.60165,0.6022,0.60141,0.60149,1636.6
2024.05.13 01:00:00,0.60145,0.60172,0.60067,0.60091,4238.02
2024.05.13 02:00:00,0.60092,0.60173,0.60085,0.60154,2636.39
2024.05.13 03:00:00,0.60155,0.60155,0.59998,0.60094,2289.81
2024.05.13 04:00:00,0.60095,0.60101,0.60051,0.60062,684.3
2024.05.13 05:00:00,0.60062,0.60113,0.60057,0.60071,1821.9
2024.05.13 06:00:00,0.6007,0.60093,0.60049,0.60071,2282.4
2024.05.13 07:00:00,0.6007,0.60109,0.60061,0.6008,2149.5
2024.05.13 08:00:00,0.6008,0.60142,0.60057,0.60115,1899.75
2024.05.13 09:00:00,0.60114,0.60147,0.60089,0.60104,1554.3
2024.05.13 10:00:00,0.60103,0.60109,0.60088,0.60105,874.5
2024.05.13 11:00:00,0.60106,0.60214,0.60103,0.60198,1322.85
2024.05.13 12:00:00,0.60198,0.60261,0.60198,0.60255,2355.3
2024.05.13 13:00:00,0.60254,0.60306,0.6023,0.60243,3372.15
2024.05.13 14:00:00,0.60244,0.60266,0.60179,0.60243,1966.2
2024.05.13 15:00:00,0.60243,0.60244,0.60134,0.60168,4171.44
2024.05.13 16:00:00,0.60167,0.60198,0.60156,0.60163,2627.17
2024.05.13 17:00:00,0.60161,0.60177,0.60116,0.60177,955.2
2024.05.13 18:00:00,0.60175,0.6019,0.60156,0.60172,735.97
2024.05.13 19:00:00,0.6017,0.60172,0.60152,0.60163,1019.25
2024.05.13 20:00:00,0.60164,0.60187,0.60151,0.60159,819.6
2024.05.13 21:00:00,0.60143,0.6017,0.6009,0.60149,2161.27
2024.05.13 22:00:00,0.60152,0.60192,0.6014,0.6019,493.24
2024.05.13 23:00:00,0.60192,0.60253,0.6019,0.60228,1525.74
2024.05.14 00:00:00,0.60229,0.60242,0.60125,0.60158,1585.8
2024.05.14 01:00:00,0.60157,0.60179,0.60101,0.6014,2015.4
2024.05.14 02:00:00,0.60139,0.60148,0.60094,0.60147,1381.05
2024.05.14 03:00:00,0.60147,0.60175,0.60133,0.60157,1011.45
2024.05.14 04:00:00,0.60157,0.60168,0.60137,0.60144,715.2
2024.05.14 05:00:00,0.60143,0.60176,0.60121,0.6017,1366.35
2024.05.14 06:00:00,0.60172,0.60217,0.60148,0.60198,1883.7
2024.05.14 07:00:00,0.602,0.60274,0.60197,0.6026,2065.95
2024.05.14 08:00:00,0.60261,0.60263,0.60189,0.60236,2176.52
2024.05.14 09:00:00,0.60235,0.60291,0.60227,0.60236,2032.74
2024.05.14 10:00:00,0.60236,0.60242,0.60187,0.60202,1406.31
2024.05.14 11:00:00,0.60203,0.6024,0.6018,0.60191,1152.83
2024.05.14 12:00:00,0.6019,0.60269,0.59937,0.6022,9753.13
2024.05.14 13:00:00,0.60219,0.60366,0.60189,0.6036,6849.74
2024.05.14 14:00:00,0.60357,0.60375,0.60291,0.60363,6090.42
2024.05.14 15:00:00,0.60364,0.60376,0.60313,0.60329,3013.2
2024.05.14 16:00:00,0.60331,0.60344,0.60305,0.60339,1663.57
2024.05.14 17:00:00,0.6034,0.60349,0.6032,0.60336,864.82
2024.05.14 18:00:00,0.60335,0.60398,0.6033,0.60394,1705.04
2024.05.14 19:00:00,0.60394,0.60422,0.60394,0.60397,960.9
2024.05.14 20:00:00,0.60395,0.60411,0.60381,0.60406,570.6
2024.05.14 21:00:00,0.60397,0.60398,0.60314,0.60379,1252.9
2024.05.14 22:00:00,0.60383,0.60408,0.60376,0.60404,495.45
2024.05.14 23:00:00,0.60403,0.60429,0.60392,0.60418,525.45
2024.05.15 00:00:00,0.60418,0.60501,0.60413,0.60432,1473.3
2024.05.15 01:00:00,0.60435,0.60482,0.60427,0.60457,1805.48
2024.05.15 02:00:00,0.60459,0.60541,0.60445,0.60522,1145.7
2024.05.15 03:00:00,0.6052,0.60606,0.60515,0.60566,1633.77
2024.05.15 04:00:00,0.60565,0.60574,0.60549,0.60562,600.3
2024.05.15 05:00:00,0.60563,0.6064,0.60555,0.6061,932.85
2024.05.15 06:00:00,0.6061,0.60614,0.60562,0.60608,1160.55
2024.05.15 07:00:00,0.60609,0.60637,0.60569,0.60585,2168.4
2024.05.15 08:00:00,0.60584,0.6066,0.6058,0.60629,1760.24
2024.05.15 09:00:00,0.60627,0.60644,0.60589,0.60639,1455.45
2024.05.15 10:00:00,0.6064,0.6064,0.60566,0.6059,690.45
2024.05.15 11:00:00,0.6059,0.6064,0.60575,0.60619,1116.22
2024.05.15 12:00:00,0.60619,0.61013,0.60556,0.60831,12110.8
2024.05.15 13:00:00,0.60832,0.60872,0.60565,0.60614,10468.69
2024.05.15 14:00:00,0.60615,0.60906,0.60584,0.6088,5399.35
2024.05.15 15:00:00,0.6088,0.61076,0.60858,0.61011,4348.74
2024.05.15 16:00:00,0.61012,0.61153,0.60937,0.61148,3732.1
2024.05.15 17:00:00,0.61148,0.61241,0.61142,0.61235,2388.04
2024.05.15 18:00:00,0.61235,0.61236,0.61148,0.61207,1665.67
2024.05.15 19:00:00,0.61206,0.61227,0.61166,0.61224,2030.4
2024.05.15 20:00:00,0.61224,0.6123,0.61199,0.61211,1062.12
2024.05.15 21:00:00,0.61193,0.61206,0.61124,0.61187,1304.87
2024.05.15 22:00:00,0.61187,0.61252,0.61187,0.61235,901.32
2024.05.15 23:00:00,0.61236,0.61315,0.6122,0.61285,1103.01
2024.05.16 00:00:00,0.61286,0.61401,0.61241,0.61381,2379.83
2024.05.16 01:00:00,0.61378,0.61378,0.61188,0.61233,3171.42
2024.05.16 02:00:00,0.61233,0.61278,0.6116,0.61261,2643.3
2024.05.16 03:00:00,0.61261,0.61307,0.61242,0.61271,1557.88
2024.05.16 04:00:00,0.61272,0.61273,0.61225,0.61231,1431.66
2024.05.16 05:00:00,0.6123,0.61249,0.61182,0.61185,1238.85
2024.05.16 06:00:00,0.61183,0.61192,0.61092,0.61121,2294.72
2024.05.16 07:00:00,0.61122,0.61176,0.61085,0.61126,1965.15
2024.05.16 08:00:00,0.61126,0.61166,0.61087,0.61121,2125.05
2024.05.16 09:00:00,0.61122,0.61135,0.61035,0.61109,1666.2
2024.05.16 10:00:00,0.6111,0.61126,0.61067,0.61089,855.6
2024.05.16 11:00:00,0.61088,0.6111,0.61032,0.61038,1695.52
2024.05.16 12:00:00,0.61038,0.6114,0.61005,0.61034,5348.1
2024.05.16 13:00:00,0.61032,0.61064,0.60949,0.61011,4398.06
2024.05.16 14:00:00,0.61011,0.61158,0.6098,0.61151,3877.12
2024.05.16 15:00:00,0.61151,0.6122,0.6114,0.61211,1754.4
2024.05.16 16:00:00,0.6121,0.61211,0.6115,0.6119,1180.5
2024.05.16 17:00:00,0.61189,0.61209,0.61162,0.61193,1481.33
2024.05.16 18:00:00,0.61195,0.61218,0.61166,0.6121,687.6
2024.05.16 19:00:00,0.61209,0.61217,0.61182,0.61187,1976.65
2024.05.16 20:00:00,0.61188,0.61219,0.61176,0.61207,657.6
2024.05.16 21:00:00,0.61192,0.6121,0.61111,0.612,1069.9
2024.05.16 22:00:00,0.612,0.61233,0.61197,0.61226,439.05
2024.05.16 23:00:00,0.61225,0.61265,0.61223,0.61234,1062.45
2024.05.17 00:00:00,0.61237,0.61259,0.61159,0.61167,2580.67
2024.05.17 01:00:00,0.6117,0.61185,0.61073,0.61116,2529.82
2024.05.17 02:00:00,0.61119,0.61135,0.61051,0.61095,1479.67
2024.05.17 03:00:00,0.61096,0.61125,0.61087,0.6111,878.55
2024.05.17 04:00:00,0.6111,0.61118,0.61085,0.6111,795.37
2024.05.17 05:00:00,0.61109,0.61197,0.61106,0.61192,1513.57
2024.05.17 06:00:00,0.61191,0.61226,0.61157,0.61183,1629.9
2024.05.17 07:00:00,0.61185,0.61223,0.61119,0.61133,1505.7
2024.05.17 08:00:00,0.61133,0.61148,0.61026,0.61062,1996.2
2024.05.17 09:00:00,0.61063,0.61084,0.61036,0.61069,1053.15
2024.05.17 10:00:00,0.61068,0.61072,0.61024,0.61046,835.2
2024.05.17 11:00:00,0.61047,0.61078,0.61007,0.61067,1031.4
2024.05.17 12:00:00,0.61063,0.61124,0.61051,0.61117,1638.66
2024.05.17 13:00:00,0.61117,0.61197,0.611,0.61185,4005.9
2024.05.17 14:00:00,0.61186,0.61347,0.61184,0.6132,7293.45
2024.05.17 15:00:00,0.6132,0.61345,0.61263,0.6129,5534.47
2024.05.17 16:00:00,0.6129,0.61333,0.61282,0.61324,2558.4
2024.05.17 17:00:00,0.61323,0.61365,0.61319,0.61338,2020.65
2024.05.17 18:00:00,0.61339,0.61386,0.61323,0.61383,2098.25
2024.05.17 19:00:00,0.61383,0.61392,0.61348,0.61353,1741.95
2024.05.17 20:00:00,0.61353,0.6136,0.61333,0.61334,1351.15
2024.05.19 21:00:00,0.61309,0.61337,0.61264,0.61327,167.7
2024.05.19 22:00:00,0.61333,0.61357,0.61318,0.61319,729.29
2024.05.19 23:00:00,0.61319,0.61372,0.61313,0.61346,1241.47
2024.05.20 00:00:00,0.61348,0.61352,0.61273,0.6128,5113.2
2024.05.20 01:00:00,0.61279,0.61321,0.61251,0.61302,2903.29
2024.05.20 02:00:00,0.61302,0.61319,0.61209,0.61246,2003.7
2024.05.20 03:00:00,0.61245,0.61282,0.61225,0.61277,1658.7
2024.05.20 04:00:00,0.61279,0.61331,0.61274,0.61298,2983.12
2024.05.20 05:00:00,0.61299,0.61367,0.61292,0.61333,2030.26
2024.05.20 06:00:00,0.61331,0.61349,0.61247,0.61247,2710.05
2024.05.20 07:00:00,0.61248,0.61278,0.61184,0.61212,2217.6
2024.05.20 08:00:00,0.61211,0.6122,0.61161,0.61187,1764.07
2024.05.20 09:00:00,0.61187,0.61223,0.61162,0.61217,1521.15
2024.05.20 10:00:00,0.61216,0.61241,0.61164,0.61173,1114.5
2024.05.20 11:00:00,0.61174,0.61193,0.61125,0.61127,1793.25
2024.05.20 12:00:00,0.61128,0.61132,0.60961,0.61012,4980.42
2024.05.20 13:00:00,0.61009,0.61141,0.61009,0.61133,3888.3
2024.05.20 14:00:00,0.61131,0.61186,0.61102,0.61137,3694.75
2024.05.20 15:00:00,0.61136,0.61158,0.61079,0.6111,2722.8
2024.05.20 16:00:00,0.6111,0.61142,0.61096,0.61119,1164.76
2024.05.20 17:00:00,0.61119,0.6116,0.61097,0.61115,1861.5
2024.05.20 18:00:00,0.61116,0.61119,0.6105,0.6108,1167.6
2024.05.20 19:00:00,0.61077,0.61084,0.61056,0.61067,606.6
2024.05.20 20:00:00,0.61068,0.6107,0.61044,0.61045,663.3
2024.05.20 21:00:00,0.61044,0.61065,0.60996,0.6106,1181.41
2024.05.20 22:00:00,0.61061,0.61072,0.61049,0.61063,470.87
2024.05.20 23:00:00,0.61064,0.61083,0.61056,0.61065,239.25
2024.05.21 00:00:00,0.61065,0.61102,0.61055,0.61073,1116.15
2024.05.21 01:00:00,0.61073,0.61081,0.60977,0.60985,2012.24
2024.05.21 02:00:00,0.60984,0.60986,0.60888,0.60946,2202
2024.05.21 03:00:00,0.60946,0.61008,0.60926,0.60966,1054.2
2024.05.21 04:00:00,0.60963,0.61013,0.60962,0.61004,612.6
2024.05.21 05:00:00,0.61004,0.61022,0.60979,0.60992,853.05
2024.05.21 06:00:00,0.60993,0.61042,0.60957,0.60972,1718.55
2024.05.21 07:00:00,0.60973,0.61083,0.60967,0.60993,1731.6
2024.05.21 08:00:00,0.60993,0.61043,0.60983,0.61027,1546.2
2024.05.21 09:00:00,0.61026,0.61071,0.61001,0.61019,1237.8
2024.05.21 10:00:00,0.61019,0.61051,0.60994,0.61012,1016.7
2024.05.21 11:00:00,0.61014,0.61052,0.60977,0.61042,1001.55
2024.05.21 12:00:00,0.61044,0.61044,0.60948,0.60995,2631.3
2024.05.21 13:00:00,0.60996,0.61068,0.60871,0.61002,7093.72
2024.05.21 14:00:00,0.61002,0.61042,0.60987,0.61008,3100.65
2024.05.21 15:00:00,0.61006,0.61024,0.60931,0.60941,2371.8
2024.05.21 16:00:00,0.60939,0.60961,0.60903,0.60935,1832.55
2024.05.21 17:00:00,0.60935,0.60951,0.60902,0.60948,1191.75
2024.05.21 18:00:00,0.60949,0.60959,0.60916,0.60922,908.98
2024.05.21 19:00:00,0.60921,0.60967,0.60921,0.60964,550.95
2024.05.21 20:00:00,0.60961,0.60961,0.60905,0.60905,370.8
2024.05.21 21:00:00,0.60892,0.60944,0.60843,0.60931,1664.15
2024.05.21 22:00:00,0.60933,0.60948,0.6092,0.60934,206.38
2024.05.21 23:00:00,0.60934,0.6096,0.60921,0.60921,370.82
2024.05.22 00:00:00,0.60922,0.6102,0.60922,0.60991,860.4
2024.05.22 01:00:00,0.6099,0.6105,0.60955,0.60986,1959.05
2024.05.22 02:00:00,0.60974,0.61519,0.60913,0.61369,4403.42
2024.05.22 03:00:00,0.61367,0.6139,0.61204,0.61244,1644
2024.05.22 04:00:00,0.61243,0.61251,0.61139,0.61174,947.4
2024.05.22 05:00:00,0.61172,0.61284,0.61155,0.61282,1563.75
2024.05.22 06:00:00,0.61285,0.61294,0.6115,0.61178,1917.6
2024.05.22 07:00:00,0.61179,0.61179,0.61094,0.61168,1386
2024.05.22 08:00:00,0.6117,0.61183,0.6111,0.61139,1702.55
2024.05.22 09:00:00,0.61138,0.612,0.61088,0.61193,1956.87
2024.05.22 10:00:00,0.61193,0.61244,0.61193,0.61204,2556.4
2024.05.22 11:00:00,0.61205,0.61213,0.61043,0.61077,3313.3
2024.05.22 12:00:00,0.61078,0.61142,0.61068,0.61124,3113.4
2024.05.22 13:00:00,0.61123,0.61215,0.61123,0.61182,3481.9
2024.05.22 14:00:00,0.61183,0.61192,0.61067,0.61075,5184.6
2024.05.22 15:00:00,0.61076,0.61122,0.61017,0.61042,2818.05
2024.05.22 16:00:00,0.61044,0.61103,0.61036,0.6108,1882.05
2024.05.22 17:00:00,0.6108,0.61094,0.6098,0.60996,2534.7
2024.05.22 18:00:00,0.60994,0.61001,0.60829,0.60844,5377.35
2024.05.22 19:00:00,0.60842,0.60903,0.60815,0.60903,1729.2
2024.05.22 20:00:00,0.60903,0.60954,0.60898,0.60946,856.8
2024.05.22 21:00:00,0.60932,0.60941,0.60898,0.60932,830.3
2024.05.22 22:00:00,0.60927,0.61048,0.60926,0.61045,1033.5
2024.05.22 23:00:00,0.61044,0.61047,0.60988,0.6099,663.15
2024.05.23 00:00:00,0.60989,0.61094,0.60983,0.61036,1802.7
2024.05.23 01:00:00,0.61034,0.61125,0.61015,0.61094,2766.3
2024.05.23 02:00:00,0.61096,0.6112,0.61019,0.61099,2314.57
2024.05.23 03:00:00,0.61098,0.612,0.61082,0.61196,1538.72
2024.05.23 04:00:00,0.61195,0.61223,0.61185,0.6119,1104
2024.05.23 05:00:00,0.61187,0.61201,0.61128,0.61143,1614.45
2024.05.23 06:00:00,0.61145,0.61195,0.61108,0.61118,2648.55
2024.05.23 07:00:00,0.61122,0.61141,0.61051,0.61082,3235
2024.05.23 08:00:00,0.61084,0.61154,0.61076,0.61148,1820.85
2024.05.23 09:00:00,0.61146,0.61294,0.61125,0.61285,1985.77
2024.05.23 10:00:00,0.61285,0.61304,0.61253,0.61268,1224.15
2024.05.23 11:00:00,0.61271,0.61305,0.61233,0.61282,1864.72
2024.05.23 12:00:00,0.61282,0.61315,0.61238,0.61272,3979.1
2024.05.23 13:00:00,0.61273,0.61334,0.61011,0.61086,9059.54
2024.05.23 14:00:00,0.61086,0.61214,0.61064,0.6113,10733.45
2024.05.23 15:00:00,0.61132,0.61163,0.61062,0.61132,3626.01
2024.05.23 16:00:00,0.61133,0.61163,0.61056,0.61066,2387.86
2024.05.23 17:00:00,0.61065,0.61065,0.60961,0.60981,3748.82
2024.05.23 18:00:00,0.60982,0.6101,0.60918,0.60943,2954.62
2024.05.23 19:00:00,0.60941,0.6099,0.60932,0.60977,1507.65
2024.05.23 20:00:00,0.60977,0.60998,0.60971,0.6098,477.75
2024.05.23 21:00:00,0.60977,0.60989,0.60916,0.60983,654.75
2024.05.23 22:00:00,0.60986,0.61002,0.60975,0.60981,882.57
2024.05.23 23:00:00,0.60982,0.60999,0.60954,0.60954,669.45
2024.05.24 00:00:00,0.60953,0.60966,0.60894,0.60935,2845.17
2024.05.24 01:00:00,0.60936,0.61006,0.60871,0.60944,3265.94
2024.05.24 02:00:00,0.60943,0.60943,0.60872,0.60922,2102.8
2024.05.24 03:00:00,0.60921,0.60958,0.60911,0.60943,1066.2
2024.05.24 04:00:00,0.60942,0.60984,0.60931,0.60974,976.2
2024.05.24 05:00:00,0.60973,0.60978,0.60902,0.60961,1583.46
2024.05.24 06:00:00,0.60963,0.60996,0.60909,0.60918,3727.71
2024.05.24 07:00:00,0.6092,0.61039,0.60919,0.6102,2543.12
2024.05.24 08:00:00,0.61019,0.61067,0.60991,0.61051,1578.15
2024.05.24 09:00:00,0.61051,0.61084,0.61028,0.61052,1361.85
2024.05.24 10:00:00,0.61053,0.61133,0.61047,0.61105,1603.05
2024.05.24 11:00:00,0.61104,0.61115,0.61074,0.61091,1247.7
2024.05.24 12:00:00,0.61094,0.61138,0.6104,0.61102,3878.76
2024.05.24 13:00:00,0.61103,0.61128,0.61067,0.61082,4043.99
2024.05.24 14:00:00,0.61083,0.61193,0.6108,0.61174,5285.17
2024.05.24 15:00:00,0.61173,0.61233,0.61156,0.61181,3449.4
2024.05.24 16:00:00,0.61182,0.6126,0.61156,0.61179,2764.67
2024.05.24 17:00:00,0.6118,0.61254,0.61169,0.61253,2037
2024.05.24 18:00:00,0.61253,0.61256,0.61204,0.61215,1613.7
2024.05.24 19:00:00,0.61216,0.61228,0.61188,0.61227,1030.05
2024.05.24 20:00:00,0.61228,0.61246,0.61202,0.61202,903.02
2024.05.26 21:00:00,0.61103,0.61204,0.61074,0.61197,1056.02
2024.05.26 22:00:00,0.61198,0.61265,0.61188,0.61244,700
2024.05.26 23:00:00,0.61242,0.61251,0.61195,0.61203,1080.9
2024.05.27 00:00:00,0.61204,0.61236,0.61198,0.6122,1620
2024.05.27 01:00:00,0.61223,0.61289,0.61223,0.61277,1775.1
2024.05.27 02:00:00,0.61276,0.61299,0.6126,0.61289,938.7
2024.05.27 03:00:00,0.61289,0.61308,0.6126,0.61289,750.45
2024.05.27 04:00:00,0.6129,0.61309,0.61275,0.61298,501.67
2024.05.27 05:00:00,0.61296,0.61297,0.6126,0.6129,2298.6
2024.05.27 06:00:00,0.61291,0.61301,0.61246,0.61291,1740.15
2024.05.27 07:00:00,0.61292,0.61341,0.61276,0.61295,1285.8
2024.05.27 08:00:00,0.61296,0.61354,0.61263,0.61347,1204.65
2024.05.27 09:00:00,0.61344,0.61404,0.61343,0.61402,1078.05
2024.05.27 10:00:00,0.61402,0.61449,0.61399,0.61446,1163.25
2024.05.27 11:00:00,0.61446,0.61457,0.61404,0.61416,1220.7
2024.05.27 12:00:00,0.61418,0.61466,0.61365,0.61462,2157
2024.05.27 13:00:00,0.61464,0.61512,0.61453,0.61474,2670.92
2024.05.27 14:00:00,0.61476,0.61505,0.61442,0.61493,3059.51
2024.05.27 15:00:00,0.61494,0.61526,0.6149,0.61521,2545.35
2024.05.27 16:00:00,0.6152,0.61526,0.61474,0.61482,1469.7
2024.05.27 17:00:00,0.6148,0.61503,0.61473,0.61494,640.2
2024.05.27 18:00:00,0.61497,0.61501,0.61484,0.61489,483
2024.05.27 19:00:00,0.61489,0.61531,0.61481,0.61524,207.15
2024.05.27 20:00:00,0.61524,0.61524,0.61453,0.61453,1021.14
2024.05.27 21:00:00,0.61454,0.61504,0.61444,0.61498,1062.15
2024.05.27 22:00:00,0.61498,0.61512,0.6149,0.61506,412.07
2024.05.27 23:00:00,0.61506,0.61529,0.61503,0.61509,1206.97
2024.05.28 00:00:00,0.61511,0.61599,0.61506,0.61558,2073.45
2024.05.28 01:00:00,0.61555,0.61639,0.61549,0.6161,3434.4
2024.05.28 02:00:00,0.61609,0.61633,0.61594,0.6162,2456.1
2024.05.28 03:00:00,0.61622,0.61653,0.61588,0.61615,1807.8
2024.05.28 04:00:00,0.61616,0.61624,0.6158,0.61587,1429.03
2024.05.28 05:00:00,0.61587,0.61607,0.61563,0.61574,1375.5
2024.05.28 06:00:00,0.61574,0.61609,0.61567,0.61572,2331.9
2024.05.28 07:00:00,0.61573,0.61653,0.61569,0.61643,2090.55
2024.05.28 08:00:00,0.61643,0.61645,0.61556,0.616,1927.95
2024.05.28 09:00:00,0.616,0.61627,0.61577,0.61597,1712.52
2024.05.28 10:00:00,0.61597,0.61609,0.61558,0.61591,1209.75
2024.05.28 11:00:00,0.61591,0.61663,0.61591,0.61626,1463.85
2024.05.28 12:00:00,0.61625,0.61676,0.6161,0.6167,2424.15
2024.05.28 13:00:00,0.61669,0.61697,0.61525,0.61544,5302.65
2024.05.28 14:00:00,0.61546,0.61586,0.61469,0.6155,6477.34
2024.05.28 15:00:00,0.61551,0.61556,0.61487,0.61546,3001.12
2024.05.28 16:00:00,0.61544,0.61554,0.61489,0.61504,2052.6
2024.05.28 17:00:00,0.61504,0.61514,0.61398,0.61421,3513.45
2024.05.28 18:00:00,0.61418,0.61445,0.61371,0.61404,2840.85
2024.05.28 19:00:00,0.61404,0.6144,0.614,0.61434,1353.75
2024.05.28 20:00:00,0.61435,0.61436,0.61399,0.61399,374.55
2024.05.28 21:00:00,0.61389,0.61433,0.61364,0.61401,2118.33
2024.05.28 22:00:00,0.61407,0.61436,0.6138,0.61427,843.18
2024.05.28 23:00:00,0.61425,0.61437,0.61384,0.61397,1099.65
2024.05.29 00:00:00,0.61397,0.61411,0.61327,0.61339,3143.49
2024.05.29 01:00:00,0.61342,0.61472,0.61315,0.61402,4519.28
2024.05.29 02:00:00,0.61402,0.61431,0.61296,0.61296,2660.25
2024.05.29 03:00:00,0.61295,0.61352,0.61288,0.61344,1227.6
2024.05.29 04:00:00,0.61343,0.61343,0.61276,0.61301,762.75
2024.05.29 05:00:00,0.61301,0.61317,0.61246,0.61282,1946.7
2024.05.29 06:00:00,0.61282,0.6138,0.61276,0.61357,2967.9
2024.05.29 07:00:00,0.61356,0.61447,0.61355,0.61387,3241.95
2024.05.29 08:00:00,0.61389,0.61403,0.61351,0.61375,3098.55
2024.05.29 09:00:00,0.61374,0.61393,0.61355,0.61376,1388.85
2024.05.29 10:00:00,0.61374,0.61374,0.61277,0.61322,1544.7
2024.05.29 11:00:00,0.61317,0.61318,0.61216,0.61271,2523.15
2024.05.29 12:00:00,0.61273,0.61342,0.6125,0.613,3872.37
2024.05.29 13:00:00,0.61301,0.61316,0.61205,0.61244,5206.86
2024.05.29 14:00:00,0.61244,0.61251,0.61167,0.61212,5878.8
2024.05.29 15:00:00,0.61212,0.61227,0.61137,0.61155,4361.4
2024.05.29 16:00:00,0.61156,0.61191,0.61109,0.61173,2987.4
2024.05.29 17:00:00,0.61173,0.61193,0.61113,0.61182,2846.88
2024.05.29 18:00:00,0.61181,0.61214,0.6114,0.61145,1985.55
2024.05.29 19:00:00,0.61144,0.61202,0.61143,0.61171,1475.25
2024.05.29 20:00:00,0.61172,0.61173,0.61138,0.61141,561.15
2024.05.29 21:00:00,0.61131,0.61162,0.6112,0.61152,483.35
2024.05.29 22:00:00,0.61155,0.61156,0.6112,0.6113,601.1
2024.05.29 23:00:00,0.6113,0.61136,0.61101,0.61124,1322.25
2024.05.30 00:00:00,0.61122,0.61124,0.61028,0.6106,3619.45
2024.05.30 01:00:00,0.61062,0.61141,0.6105,0.61058,2751.45
2024.05.30 02:00:00,0.61059,0.61101,0.61025,0.6107,2700.6
2024.05.30 03:00:00,0.61071,0.61071,0.61019,0.61035,4159.71
2024.05.30 04:00:00,0.61034,0.61084,0.60999,0.61038,2997.15
2024.05.30 05:00:00,0.61037,0.61038,0.60898,0.60939,2871.45
2024.05.30 06:00:00,0.60937,0.60991,0.60884,0.60961,3735.15
2024.05.30 07:00:00,0.60961,0.61024,0.60941,0.61011,3184.95
2024.05.30 08:00:00,0.61012,0.61092,0.60961,0.61076,3475.8
2024.05.30 09:00:00,0.61075,0.61117,0.60981,0.61017,2636.7
2024.05.30 10:00:00,0.61018,0.61088,0.60983,0.61055,2065.05
2024.05.30 11:00:00,0.61058,0.61156,0.61028,0.61108,2139
2024.05.30 12:00:00,0.61107,0.61202,0.61047,0.61171,6524.4
2024.05.30 13:00:00,0.61172,0.61238,0.61139,0.61211,7615.5
2024.05.30 14:00:00,0.61215,0.61257,0.61182,0.61241,6552.24
2024.05.30 15:00:00,0.61241,0.61309,0.61207,0.61258,3109.8
2024.05.30 16:00:00,0.61257,0.61288,0.61245,0.61278,1899.45
2024.05.30 17:00:00,0.61278,0.61293,0.61237,0.61245,1540.2
2024.05.30 18:00:00,0.61243,0.61245,0.61205,0.61215,1369.2
2024.05.30 19:00:00,0.61214,0.61219,0.61117,0.61153,2715.45
2024.05.30 20:00:00,0.61152,0.61152,0.61123,0.61132,496.35
2024.05.30 21:00:00,0.6112,0.61175,0.61094,0.61133,1475.79
2024.05.30 22:00:00,0.61141,0.6118,0.61129,0.61165,668.25
2024.05.30 23:00:00,0.61164,0.6117,0.61131,0.61152,601.05
2024.05.31 00:00:00,0.61149,0.61249,0.61139,0.61242,2683.65
2024.05.31 01:00:00,0.61242,0.61274,0.61181,0.61209,3549.9
2024.05.31 02:00:00,0.61209,0.61267,0.61172,0.61231,2690.7
2024.05.31 03:00:00,0.6123,0.61285,0.61209,0.61263,2473.59
2024.05.31 04:00:00,0.61263,0.61268,0.61196,0.61237,2689.35
2024.05.31 05:00:00,0.61237,0.61294,0.6123,0.61277,2499.9
2024.05.31 06:00:00,0.61278,0.61319,0.61268,0.6127,2398.17
2024.05.31 07:00:00,0.6127,0.6127,0.61155,0.61184,3119.55
2024.05.31 08:00:00,0.61183,0.61304,0.61176,0.6126,2062.8
2024.05.31 09:00:00,0.61259,0.61311,0.61218,0.61301,1815.9
2024.05.31 10:00:00,0.61303,0.61366,0.61282,0.61358,2096.88
2024.05.31 11:00:00,0.6136,0.61396,0.61309,0.61326,2154.15
2024.05.31 12:00:00,0.61326,0.6156,0.61288,0.61552,7929.9
2024.05.31 13:00:00,0.61551,0.61597,0.61486,0.61575,8653.09
2024.05.31 14:00:00,0.61575,0.61653,0.61426,0.61433,10460.64
2024.05.31 15:00:00,0.61433,0.61438,0.61331,0.61346,6412.35
2024.05.31 16:00:00,0.61345,0.61382,0.61292,0.61351,4008.6
2024.05.31 17:00:00,0.6135,0.61397,0.61342,0.61376,2093.1
2024.05.31 18:00:00,0.61376,0.614,0.61349,0.61385,1897.5
2024.05.31 19:00:00,0.61384,0.6147,0.61378,0.61467,2432.7
2024.05.31 20:00:00,0.61466,0.61473,0.61425,0.61425,1255.95
2024.06.02 21:00:00,0.6126,0.61409,0.6126,0.61399,2423.98
2024.06.02 22:00:00,0.61398,0.61475,0.61378,0.6146,1055.25
2024.06.02 23:00:00,0.61459,0.6149,0.61454,0.61476,1110.9
2024.06.03 00:00:00,0.61475,0.61555,0.61457,0.61536,2611.35
2024.06.03 01:00:00,0.61536,0.61585,0.61519,0.61562,3008.47
2024.06.03 02:00:00,0.61563,0.61572,0.61502,0.61517,2632.65
2024.06.03 03:00:00,0.61516,0.61521,0.61419,0.61437,2382
2024.06.03 04:00:00,0.61436,0.6148,0.61433,0.6147,968.55
2024.06.03 05:00:00,0.61467,0.61488,0.61414,0.61421,2237.7
2024.06.03 06:00:00,0.61423,0.61443,0.61333,0.61387,3369.11
2024.06.03 07:00:00,0.61385,0.61406,0.61345,0.61347,2946.45
2024.06.03 08:00:00,0.61346,0.61478,0.61341,0.6141,2815.95
2024.06.03 09:00:00,0.61411,0.61411,0.61342,0.61368,2375.85
2024.06.03 10:00:00,0.61371,0.61477,0.6136,0.61464,2137.95
2024.06.03 11:00:00,0.61463,0.61581,0.61463,0.61567,3426.75
2024.06.03 12:00:00,0.61568,0.61629,0.61542,0.61602,4976.25
2024.06.03 13:00:00,0.61603,0.61641,0.61574,0.61601,5227.65
2024.06.03 14:00:00,0.61602,0.61888,0.61602,0.61765,10228.27
2024.06.03 15:00:00,0.61765,0.61837,0.61755,0.61822,6048.45
2024.06.03 16:00:00,0.61823,0.61847,0.61751,0.61757,4555.35
2024.06.03 17:00:00,0.61756,0.61761,0.61685,0.61736,5440.2
2024.06.03 18:00:00,0.61738,0.61793,0.61726,0.61784,4076.4
2024.06.03 19:00:00,0.61783,0.61821,0.61769,0.61819,1480.35
2024.06.03 20:00:00,0.61822,0.61927,0.6182,0.61919,1078.17
2024.06.03 21:00:00,0.61916,0.61916,0.61881,0.61901,838.29
2024.06.03 22:00:00,0.61895,0.61937,0.61892,0.61894,595.57
2024.06.03 23:00:00,0.61896,0.61938,0.6189,0.61917,786.15
2024.06.04 00:00:00,0.61917,0.61979,0.61886,0.61895,2188.2
2024.06.04 01:00:00,0.61896,0.61902,0.61796,0.61804,4445.85
2024.06.04 02:00:00,0.61802,0.6187,0.61785,0.61863,3225.15
2024.06.04 03:00:00,0.61865,0.61891,0.61847,0.61878,1710.15
2024.06.04 04:00:00,0.61879,0.61942,0.6187,0.61905,1692
2024.06.04 05:00:00,0.61906,0.61925,0.61823,0.61835,2133.6
2024.06.04 06:00:00,0.61837,0.61862,0.61772,0.61822,3654.9
2024.06.04 07:00:00,0.61821,0.61864,0.61764,0.61811,4463.7
2024.06.04 08:00:00,0.61811,0.61811,0.61675,0.61703,4404.08
2024.06.04 09:00:00,0.61702,0.61707,0.61598,0.61624,5210.1
2024.06.04 10:00:00,0.61624,0.61629,0.61553,0.61609,3543
2024.06.04 11:00:00,0.6161,0.61676,0.61582,0.6164,3669.15
2024.06.04 12:00:00,0.61639,0.61737,0.61634,0.61715,4914.6
2024.06.04 13:00:00,0.61716,0.61742,0.61669,0.61679,7595.52
2024.06.04 14:00:00,0.6168,0.61813,0.61623,0.6176,12906.87
2024.06.04 15:00:00,0.61761,0.61802,0.6171,0.61718,5395.95
2024.06.04 16:00:00,0.61719,0.61761,0.61703,0.61727,3450.3
2024.06.04 17:00:00,0.61726,0.6181,0.61699,0.61776,3438
2024.06.04 18:00:00,0.61776,0.61816,0.61751,0.61804,2944.32
2024.06.04 19:00:00,0.61804,0.61806,0.61751,0.6178,2007.15
2024.06.04 20:00:00,0.6178,0.61796,0.6176,0.61764,635.55
2024.06.04 21:00:00,0.61757,0.61774,0.617,0.61768,2553.75
2024.06.04 22:00:00,0.61768,0.61775,0.61745,0.61766,397.5
2024.06.04 23:00:00,0.61764,0.61769,0.6172,0.61742,641.25
2024.06.05 00:00:00,0.61742,0.61844,0.61709,0.61808,1957.35
2024.06.05 01:00:00,0.6181,0.61883,0.61758,0.61878,3706.35
2024.06.05 02:00:00,0.61877,0.61911,0.61844,0.61878,2103.3
2024.06.05 03:00:00,0.61878,0.61881,0.61835,0.61851,1476.87
2024.06.05 04:00:00,0.6185,0.61876,0.61819,0.61873,749.64
2024.06.05 05:00:00,0.61871,0.61876,0.61757,0.61809,1951.95
2024.06.05 06:00:00,0.61809,0.61873,0.61763,0.61853,2803.8
2024.06.05 07:00:00,0.61852,0.61925,0.61834,0.61889,3759.81
2024.06.05 08:00:00,0.61887,0.61978,0.6184,0.61851,3189.72
2024.06.05 09:00:00,0.61851,0.6186,0.61802,0.61827,2274.54
2024.06.05 10:00:00,0.61826,0.61836,0.61767,0.61808,2221.5
2024.06.05 11:00:00,0.61808,0.61843,0.61754,0.61835,2103.6
2024.06.05 12:00:00,0.61836,0.619,0.61818,0.6188,3741.78
2024.06.05 13:00:00,0.61878,0.6194,0.61846,0.61927,5777.04
2024.06.05 14:00:00,0.61922,0.61925,0.617,0.61745,11767.65
2024.06.05 15:00:00,0.61746,0.61868,0.61729,0.6183,5504.25
2024.06.05 16:00:00,0.61829,0.61865,0.61775,0.61837,2603.55
2024.06.05 17:00:00,0.61836,0.61891,0.61811,0.61886,2841.9
2024.06.05 18:00:00,0.61887,0.61937,0.61874,0.61914,1872
2024.06.05 19:00:00,0.61912,0.61947,0.61901,0.61937,1477.95
2024.06.05 20:00:00,0.61937,0.61938,0.61909,0.61914,699.9
2024.06.05 21:00:00,0.61914,0.61923,0.61858,0.6191,1510.57
2024.06.05 22:00:00,0.61911,0.61957,0.61908,0.61947,631.89
2024.06.05 23:00:00,0.61947,0.61969,0.61934,0.61957,665.1
2024.06.06 00:00:00,0.61959,0.62062,0.61959,0.62055,2384.25
2024.06.06 01:00:00,0.62056,0.62148,0.62049,0.62091,4748.85
2024.06.06 02:00:00,0.62093,0.62096,0.62018,0.62036,2459.55
2024.06.06 03:00:00,0.62033,0.62046,0.61976,0.62001,2222.1
2024.06.06 04:00:00,0.62,0.62005,0.61933,0.61951,1171.2
2024.06.06 05:00:00,0.61952,0.61952,0.61906,0.61907,1489.65
2024.06.06 06:00:00,0.6191,0.61955,0.61877,0.61953,2652.3
2024.06.06 07:00:00,0.61952,0.61963,0.61869,0.61879,2279.85
2024.06.06 08:00:00,0.61879,0.61879,0.61784,0.61857,2154.36
2024.06.06 09:00:00,0.61857,0.61873,0.61825,0.61864,1695.9
2024.06.06 10:00:00,0.61865,0.61879,0.61831,0.61849,1114.05
2024.06.06 11:00:00,0.6185,0.61858,0.61784,0.61787,1774.8
2024.06.06 12:00:00,0.61788,0.61923,0.61767,0.61796,10297.29
2024.06.06 13:00:00,0.61797,0.61938,0.61733,0.61884,7970.91
2024.06.06 14:00:00,0.61883,0.61909,0.61792,0.61851,5846.31
2024.06.06 15:00:00,0.61848,0.6198,0.61848,0.61943,2958.3
2024.06.06 16:00:00,0.61943,0.61957,0.619,0.61956,1992.6
2024.06.06 17:00:00,0.61953,0.62046,0.61949,0.6203,1708.95
2024.06.06 18:00:00,0.62028,0.62045,0.61967,0.62031,2080.5
2024.06.06 19:00:00,0.62031,0.62048,0.61995,0.62006,3114
2024.06.06 20:00:00,0.62007,0.62023,0.61973,0.61974,792.45
2024.06.06 21:00:00,0.61969,0.62007,0.61903,0.61971,1360.06
2024.06.06 22:00:00,0.61973,0.62017,0.61972,0.61989,580.2
2024.06.06 23:00:00,0.61991,0.62006,0.61944,0.6196,483.6
2024.06.07 00:00:00,0.61958,0.61976,0.61903,0.61949,1713.15
2024.06.07 01:00:00,0.61949,0.6196,0.61892,0.61921,1704.54
2024.06.07 02:00:00,0.61921,0.6196,0.61882,0.61945,1657.2
2024.06.07 03:00:00,0.61945,0.62015,0.6193,0.6197,1266.3
2024.06.07 04:00:00,0.6197,0.62031,0.61961,0.61982,1056.15
2024.06.07 05:00:00,0.61982,0.61985,0.61924,0.61951,1607.7
2024.06.07 06:00:00,0.6195,0.61988,0.61919,0.61963,3263.55
2024.06.07 07:00:00,0.61963,0.62007,0.61924,0.61931,2374.65
2024.06.07 08:00:00,0.6193,0.6193,0.61877,0.61922,3661.95
2024.06.07 09:00:00,0.61923,0.61937,0.61881,0.61892,2272.47
2024.06.07 10:00:00,0.61891,0.61901,0.61853,0.6186,1905.15
2024.06.07 11:00:00,0.61859,0.61956,0.61853,0.61932,2847.45
2024.06.07 12:00:00,0.61931,0.61954,0.6136,0.61384,12860.84
2024.06.07 13:00:00,0.61383,0.61425,0.61184,0.61232,11530.56
2024.06.07 14:00:00,0.61232,0.61268,0.61141,0.61185,9920.55
2024.06.07 15:00:00,0.61184,0.61186,0.61049,0.61103,7187.85
2024.06.07 16:00:00,0.61104,0.61153,0.6108,0.61116,4564.65
2024.06.07 17:00:00,0.61117,0.61136,0.61071,0.61117,4272.45
2024.06.07 18:00:00,0.61119,0.61132,0.61075,0.611,4680.15
2024.06.07 19:00:00,0.61101,0.61106,0.6104,0.61042,3655.8
2024.06.07 20:00:00,0.61043,0.6107,0.61014,0.61015,1602.3
2024.06.09 21:00:00,0.61025,0.61066,0.61008,0.61029,888.69
2024.06.09 22:00:00,0.61028,0.61049,0.60999,0.61038,1187.85
2024.06.09 23:00:00,0.61041,0.61078,0.61032,0.6105,882.9
2024.06.10 00:00:00,0.6105,0.61074,0.60994,0.61015,4428.41
2024.06.10 01:00:00,0.61017,0.61059,0.60991,0.61053,2084.85
2024.06.10 02:00:00,0.61052,0.61075,0.61031,0.61063,945.45
2024.06.10 03:00:00,0.61065,0.61068,0.61016,0.61027,790.8
2024.06.10 04:00:00,0.61025,0.61075,0.61025,0.61074,1243.95
2024.06.10 05:00:00,0.61074,0.61084,0.61026,0.61077,1130.7
2024.06.10 06:00:00,0.61078,0.61099,0.61035,0.61071,2379.6
2024.06.10 07:00:00,0.61071,0.61115,0.6105,0.61104,3411.45
2024.06.10 08:00:00,0.61104,0.61145,0.61058,0.61064,1841.97
2024.06.10 09:00:00,0.61063,0.61119,0.61034,0.61062,2025.75
2024.06.10 10:00:00,0.61064,0.61084,0.6104,0.61047,1882.2
2024.06.10 11:00:00,0.61045,0.61114,0.61034,0.61097,2333.46
2024.06.10 12:00:00,0.61097,0.61167,0.61059,0.61066,2901.3
2024.06.10 13:00:00,0.61065,0.61093,0.61017,0.61087,3756.9
2024.06.10 14:00:00,0.61088,0.61167,0.61063,0.61121,3406.05
2024.06.10 15:00:00,0.61123,0.61238,0.61116,0.61236,3042.45
2024.06.10 16:00:00,0.61235,0.61249,0.61184,0.61201,2573.85
2024.06.10 17:00:00,0.61201,0.61242,0.61167,0.61227,2158.8
2024.06.10 18:00:00,0.61229,0.6124,0.61191,0.61212,2415.15
2024.06.10 19:00:00,0.61212,0.61264,0.61212,0.6125,966.45
2024.06.10 20:00:00,0.61249,0.61278,0.61238,0.61273,358.35
2024.06.10 21:00:00,0.61268,0.61272,0.6124,0.61257,1027.44
2024.06.10 22:00:00,0.61257,0.61324,0.61257,0.61318,601.47
2024.06.10 23:00:00,0.61316,0.61317,0.61255,0.61281,1021.95
2024.06.11 00:00:00,0.61281,0.61303,0.61253,0.61278,2775.15
2024.06.11 01:00:00,0.61278,0.61282,0.61174,0.61211,3476.55
2024.06.11 02:00:00,0.6121,0.61232,0.61179,0.61199,1854.27
2024.06.11 03:00:00,0.61198,0.61225,0.61177,0.61198,2028.3
2024.06.11 04:00:00,0.61197,0.61233,0.61187,0.61202,1426.65
2024.06.11 05:00:00,0.612,0.61246,0.612,0.61231,921.75
2024.06.11 06:00:00,0.61229,0.61304,0.61212,0.61291,2226.9
2024.06.11 07:00:00,0.61289,0.61289,0.61218,0.61254,2795.1
2024.06.11 08:00:00,0.61255,0.61275,0.61206,0.61249,2473.65
2024.06.11 09:00:00,0.61251,0.61283,0.6123,0.61256,3132.45
2024.06.11 10:00:00,0.61256,0.61298,0.61242,0.6128,4073.85
2024.06.11 11:00:00,0.61282,0.61285,0.61173,0.61227,2979.9
2024.06.11 12:00:00,0.61227,0.61302,0.61202,0.61295,4384.8
2024.06.11 13:00:00,0.61296,0.61333,0.61183,0.61218,5232.6
2024.06.11 14:00:00,0.61217,0.61294,0.61182,0.61256,4295.4
2024.06.11 15:00:00,0.61257,0.61331,0.61228,0.61306,3244.8
2024.06.11 16:00:00,0.61307,0.61368,0.61299,0.61352,1758.3
2024.06.11 17:00:00,0.61351,0.61413,0.6134,0.61402,3559.96
2024.06.11 18:00:00,0.61402,0.61455,0.6139,0.61455,1917.9
2024.06.11 19:00:00,0.61454,0.61496,0.61448,0.6145,2368.2
2024.06.11 20:00:00,0.61449,0.6146,0.61432,0.61432,1337.22
2024.06.11 21:00:00,0.61402,0.61424,0.61375,0.61407,2308.05
2024.06.11 22:00:00,0.6141,0.61443,0.61406,0.61429,334.95
2024.06.11 23:00:00,0.6143,0.61471,0.6143,0.6145,458.7
2024.06.12 00:00:00,0.6145,0.61451,0.61343,0.61372,1586.85
2024.06.12 01:00:00,0.61371,0.61466,0.61356,0.61442,2670.18
2024.06.12 02:00:00,0.61441,0.61471,0.61415,0.61461,2186.4
2024.06.12 03:00:00,0.61461,0.6148,0.61436,0.61445,661.2
2024.06.12 04:00:00,0.61444,0.61451,0.61417,0.61421,597.45
2024.06.12 05:00:00,0.61421,0.61489,0.61412,0.61483,1638
2024.06.12 06:00:00,0.61485,0.6149,0.61384,0.61387,3033.54
2024.06.12 07:00:00,0.61387,0.61466,0.61369,0.61455,2779.89
2024.06.12 08:00:00,0.61454,0.6147,0.61404,0.61425,3110.07
2024.06.12 09:00:00,0.61424,0.61467,0.61415,0.61446,1295.55
2024.06.12 10:00:00,0.61447,0.61458,0.61426,0.61447,1051.5
2024.06.12 11:00:00,0.61447,0.6147,0.6141,0.6143,2961.45
2024.06.12 12:00:00,0.6143,0.62127,0.61416,0.62091,14923.38
2024.06.12 13:00:00,0.62092,0.62186,0.62041,0.62135,11919.84
2024.06.12 14:00:00,0.62136,0.6221,0.62021,0.62156,9134.83
2024.06.12 15:00:00,0.62157,0.62215,0.62134,0.62164,5616
2024.06.12 16:00:00,0.62166,0.62203,0.6213,0.62156,2987.7
2024.06.12 17:00:00,0.62156,0.62164,0.62083,0.62108,3605.1
2024.06.12 18:00:00,0.62105,0.62124,0.61845,0.61951,25592.31
2024.06.12 19:00:00,0.61949,0.61982,0.61745,0.618,9190.35
2024.06.12 20:00:00,0.61801,0.61856,0.61784,0.61846,1570.05
2024.06.12 21:00:00,0.61837,0.61883,0.6181,0.61846,1034.82
2024.06.12 22:00:00,0.61843,0.61867,0.61815,0.61822,778.12
2024.06.12 23:00:00,0.61822,0.61865,0.6182,0.61858,574.2
2024.06.13 00:00:00,0.61856,0.6187,0.61787,0.61811,2940.9
2024.06.13 01:00:00,0.6181,0.61839,0.61691,0.6172,3569.88
2024.06.13 02:00:00,0.61722,0.61734,0.61688,0.61723,2489.85
2024.06.13 03:00:00,0.61723,0.61761,0.61717,0.61755,1680.27
2024.06.13 04:00:00,0.61756,0.61776,0.61676,0.61681,846.75
2024.06.13 05:00:00,0.61681,0.61692,0.61648,0.61667,2362.05
2024.06.13 06:00:00,0.61664,0.61702,0.6165,0.6166,2183.25
2024.06.13 07:00:00,0.61659,0.61782,0.61657,0.6174,3279.9
2024.06.13 08:00:00,0.6174,0.61789,0.61728,0.61787,2995.5
2024.06.13 09:00:00,0.61787,0.61816,0.61752,0.61775,1709.55
2024.06.13 10:00:00,0.61776,0.61797,0.6173,0.61734,2227.65
2024.06.13 11:00:00,0.61735,0.61744,0.61682,0.61683,1778.55
2024.06.13 12:00:00,0.61686,0.61984,0.61666,0.618,10036.3
2024.06.13 13:00:00,0.61801,0.61842,0.61707,0.61723,8430.3
2024.06.13 14:00:00,0.61725,0.61745,0.61614,0.61692,6957.06
2024.06.13 15:00:00,0.61693,0.61752,0.61649,0.61711,6713.55
2024.06.13 16:00:00,0.61712,0.61715,0.61597,0.61626,4849.05
2024.06.13 17:00:00,0.61626,0.61695,0.61626,0.61683,5831.63
2024.06.13 18:00:00,0.61681,0.61743,0.61671,0.61716,2666.15
2024.06.13 19:00:00,0.61714,0.61723,0.61688,0.61697,1791.3
2024.06.13 20:00:00,0.61697,0.61701,0.61662,0.6167,1446.3
2024.06.13 21:00:00,0.6167,0.61699,0.61637,0.61675,1126.32
2024.06.13 22:00:00,0.61675,0.61677,0.61614,0.61615,730.35
2024.06.13 23:00:00,0.61613,0.61633,0.61581,0.61583,818.06
2024.06.14 00:00:00,0.61585,0.61601,0.61477,0.61481,2147.51
2024.06.14 01:00:00,0.61477,0.6157,0.61472,0.61562,2065.57
2024.06.14 02:00:00,0.61561,0.61592,0.61527,0.61573,2266.05
2024.06.14 03:00:00,0.61571,0.6162,0.61486,0.61517,3153.75
2024.06.14 04:00:00,0.61517,0.61552,0.6149,0.61503,1641.3
2024.06.14 05:00:00,0.61503,0.61535,0.61465,0.61468,1894.35
2024.06.14 06:00:00,0.61467,0.61481,0.61354,0.61381,5381.14
2024.06.14 07:00:00,0.61381,0.61417,0.61328,0.61412,4858.5
2024.06.14 08:00:00,0.61412,0.6143,0.61319,0.61339,3859.5
2024.06.14 09:00:00,0.6134,0.6135,0.6123,0.613,5061.54
2024.06.14 10:00:00,0.613,0.6137,0.61206,0.61333,4295.7
2024.06.14 11:00:00,0.61334,0.61398,0.61298,0.6135,3648.45
2024.06.14 12:00:00,0.61354,0.61381,0.61227,0.61294,6725.1
2024.06.14 13:00:00,0.61293,0.61315,0.61155,0.61193,9162.9
2024.06.14 14:00:00,0.61184,0.61319,0.61174,0.61311,9535.65
2024.06.14 15:00:00,0.61312,0.61412,0.61292,0.61397,5608.89
2024.06.14 16:00:00,0.61397,0.61426,0.61351,0.61411,3178.2
2024.06.14 17:00:00,0.61411,0.61426,0.61364,0.61375,2629.95
2024.06.14 18:00:00,0.61376,0.61381,0.61317,0.61374,2471.85
2024.06.14 19:00:00,0.61373,0.61411,0.61361,0.61409,1424.4
2024.06.14 20:00:00,0.61409,0.61418,0.61387,0.61405,1179.9
2024.06.16 21:00:00,0.61197,0.61381,0.61197,0.61349,1091.1
2024.06.16 22:00:00,0.61349,0.61404,0.61344,0.61394,1773.54
2024.06.16 23:00:00,0.61394,0.61399,0.61346,0.61359,937.35
2024.06.17 00:00:00,0.61359,0.61375,0.61303,0.61305,3862.05
2024.06.17 01:00:00,0.61306,0.61308,0.61243,0.61287,2734.35
2024.06.17 02:00:00,0.61286,0.61318,0.61262,0.61273,2903.55
2024.06.17 03:00:00,0.61274,0.61285,0.6125,0.61269,1804.37
2024.06.17 04:00:00,0.61271,0.61275,0.61234,0.61247,840
2024.06.17 05:00:00,0.61246,0.61251,0.61188,0.61201,2998.35
2024.06.17 06:00:00,0.61201,0.61201,0.61082,0.61124,7301.04
2024.06.17 07:00:00,0.61123,0.61218,0.61123,0.61158,7717.2
2024.06.17 08:00:00,0.61159,0.61221,0.61149,0.6121,3939.45
2024.06.17 09:00:00,0.61209,0.61243,0.61194,0.61226,2889.75
2024.06.17 10:00:00,0.61226,0.61236,0.61174,0.61232,2095.65
2024.06.17 11:00:00,0.61233,0.61243,0.61103,0.61106,3462.45
2024.06.17 12:00:00,0.61108,0.61133,0.61043,0.61092,4528.8
2024.06.17 13:00:00,0.61093,0.61158,0.61093,0.61151,5531.4
2024.06.17 14:00:00,0.61152,0.61162,0.61086,0.61129,4612.24
2024.06.17 15:00:00,0.61131,0.61201,0.61119,0.61156,2374.76
2024.06.17 16:00:00,0.61156,0.61232,0.61145,0.61218,2793
2024.06.17 17:00:00,0.61218,0.61291,0.61215,0.61288,1938.15
2024.06.17 18:00:00,0.6129,0.61337,0.61288,0.61314,3198
2024.06.17 19:00:00,0.61314,0.61321,0.61273,0.61303,1271.1
2024.06.17 20:00:00,0.61303,0.61319,0.61289,0.6131,470.85
2024.06.17 21:00:00,0.61305,0.61305,0.61188,0.61283,854.59
2024.06.17 22:00:00,0.61283,0.61345,0.61283,0.6134,609
2024.06.17 23:00:00,0.61341,0.61358,0.61307,0.61342,1233
2024.06.18 00:00:00,0.61341,0.61394,0.61316,0.61353,1764.15
2024.06.18 01:00:00,0.61353,0.61365,0.61242,0.61252,2636.25
2024.06.18 02:00:00,0.61251,0.61282,0.6124,0.61245,2400.6
2024.06.18 03:00:00,0.61244,0.61249,0.6118,0.61188,1412.7
2024.06.18 04:00:00,0.61189,0.61205,0.61134,0.6116,2926.8
2024.06.18 05:00:00,0.61159,0.61214,0.61133,0.61198,3752.25
2024.06.18 06:00:00,0.612,0.61238,0.61151,0.61214,3690.48
2024.06.18 07:00:00,0.61212,0.61235,0.61001,0.61008,4543.97
2024.06.18 08:00:00,0.61006,0.61057,0.60968,0.6105,6217.8
2024.06.18 09:00:00,0.6105,0.61101,0.61024,0.61044,6678.6
2024.06.18 10:00:00,0.61046,0.61079,0.6103,0.61038,5490.15
2024.06.18 11:00:00,0.6104,0.61047,0.60981,0.60994,2094.6
2024.06.18 12:00:00,0.60993,0.61183,0.60979,0.61139,7004.55
2024.06.18 13:00:00,0.61143,0.61296,0.61131,0.61285,7455.15
2024.06.18 14:00:00,0.61285,0.61397,0.6126,0.61279,7956.15
2024.06.18 15:00:00,0.61279,0.61386,0.61262,0.61366,5442.21
2024.06.18 16:00:00,0.61369,0.6147,0.6136,0.61439,2814.6
2024.06.18 17:00:00,0.61438,0.61481,0.61396,0.61406,3882.15
2024.06.18 18:00:00,0.61407,0.61457,0.61386,0.61449,2620.15
2024.06.18 19:00:00,0.61448,0.61458,0.61429,0.61452,2752.05
2024.06.18 20:00:00,0.61452,0.61465,0.61429,0.61429,1199.1
2024.06.18 21:00:00,0.61414,0.61439,0.61385,0.61413,2225.58
2024.06.18 22:00:00,0.61413,0.61452,0.6141,0.61434,605.77
2024.06.18 23:00:00,0.61434,0.61442,0.61395,0.61396,502.95
2024.06.19 00:00:00,0.61396,0.61415,0.61365,0.61385,1610.1
2024.06.19 01:00:00,0.61383,0.61407,0.61353,0.61399,2957.25
2024.06.19 02:00:00,0.614,0.61401,0.61353,0.61357,1955.7
2024.06.19 03:00:00,0.61357,0.61376,0.61332,0.61333,1761.75
2024.06.19 04:00:00,0.61332,0.61335,0.61305,0.61314,1367.55
2024.06.19 05:00:00,0.61313,0.61369,0.61294,0.6135,2162.25
2024.06.19 06:00:00,0.6135,0.61392,0.61309,0.61315,3476.19
2024.06.19 07:00:00,0.61316,0.61386,0.61316,0.61372,4036.35
2024.06.19 08:00:00,0.61373,0.61406,0.61351,0.6138,2746.2
2024.06.19 09:00:00,0.61379,0.61413,0.61347,0.61356,2017.05
2024.06.19 10:00:00,0.61356,0.61381,0.61337,0.61365,1479.6
2024.06.19 11:00:00,0.61367,0.61371,0.61332,0.61345,1509.45
2024.06.19 12:00:00,0.61344,0.61353,0.61296,0.6134,1977.75
2024.06.19 13:00:00,0.61342,0.61352,0.6131,0.61326,2290.95
2024.06.19 14:00:00,0.61325,0.61363,0.61318,0.61356,2704.8
2024.06.19 15:00:00,0.61356,0.61376,0.61316,0.61336,2094
2024.06.19 16:00:00,0.61334,0.61345,0.61304,0.61304,775.05
2024.06.19 17:00:00,0.61303,0.61303,0.61291,0.61293,423.15
2024.06.19 18:00:00,0.61294,0.61297,0.61277,0.61286,215.7
2024.06.19 19:00:00,0.61282,0.61304,0.61282,0.61301,437.4
2024.06.19 20:00:00,0.61301,0.61315,0.6128,0.61308,540.15
2024.06.19 21:00:00,0.61304,0.61326,0.61205,0.61312,636.45
2024.06.19 22:00:00,0.61313,0.61474,0.61282,0.61427,1579.55
2024.06.19 23:00:00,0.61424,0.61432,0.61374,0.61374,1387.47
2024.06.20 00:00:00,0.61373,0.61382,0.61302,0.61313,2735.4
2024.06.20 01:00:00,0.61314,0.61368,0.6128,0.61346,2822.4
2024.06.20 02:00:00,0.61349,0.6135,0.61247,0.61294,2581.5
2024.06.20 03:00:00,0.61297,0.61348,0.61292,0.61337,1273.05
2024.06.20 04:00:00,0.6134,0.6136,0.6132,0.61331,664.65
2024.06.20 05:00:00,0.6133,0.61339,0.61284,0.61315,1092
2024.06.20 06:00:00,0.61317,0.61342,0.61295,0.61321,2011.74
2024.06.20 07:00:00,0.61323,0.61371,0.61298,0.613,3455.22
2024.06.20 08:00:00,0.61302,0.61304,0.6125,0.6126,2507.13
2024.06.20 09:00:00,0.6126,0.61301,0.61232,0.61275,2392.95
2024.06.20 10:00:00,0.61276,0.61306,0.61265,0.61265,1999.8
2024.06.20 11:00:00,0.61266,0.61316,0.61232,0.6124,2982
2024.06.20 12:00:00,0.61238,0.61358,0.61226,0.61249,5508.45
2024.06.20 13:00:00,0.6125,0.61281,0.61205,0.6125,5989.35
2024.06.20 14:00:00,0.61252,0.61318,0.61206,0.61269,4778.85
2024.06.20 15:00:00,0.61267,0.61284,0.61188,0.6119,4742.7
2024.06.20 16:00:00,0.61189,0.61201,0.61112,0.6116,4583.46
2024.06.20 17:00:00,0.61159,0.61185,0.61143,0.61183,3920.7
2024.06.20 18:00:00,0.61183,0.61282,0.61183,0.61243,2289.9
2024.06.20 19:00:00,0.61242,0.61248,0.612,0.61233,2297.1
2024.06.20 20:00:00,0.61231,0.61232,0.61184,0.61188,925.35
2024.06.20 21:00:00,0.61183,0.61207,0.61146,0.61202,1060.68
2024.06.20 22:00:00,0.61203,0.61212,0.61167,0.61178,683.85
2024.06.20 23:00:00,0.61178,0.61242,0.61177,0.61216,761.85
2024.06.21 00:00:00,0.61217,0.61252,0.61152,0.61157,1497.9
2024.06.21 01:00:00,0.61156,0.61233,0.61156,0.61218,3236.4
2024.06.21 02:00:00,0.6122,0.61251,0.612,0.61227,2572.35
2024.06.21 03:00:00,0.61228,0.6125,0.61208,0.61245,1854.9
2024.06.21 04:00:00,0.61243,0.61258,0.61231,0.61254,635.7
2024.06.21 05:00:00,0.61254,0.61269,0.61228,0.61241,1528.44
2024.06.21 06:00:00,0.61242,0.61262,0.61231,0.61261,2298.3
2024.06.21 07:00:00,0.61261,0.61263,0.61178,0.61205,3851.02
2024.06.21 08:00:00,0.61202,0.61299,0.61196,0.61275,3286.95
2024.06.21 09:00:00,0.61273,0.61293,0.61219,0.6125,2834.64
2024.06.21 10:00:00,0.61252,0.61273,0.6121,0.61243,3061.8
2024.06.21 11:00:00,0.61245,0.61313,0.61245,0.61313,2880.15
2024.06.21 12:00:00,0.61312,0.61341,0.61264,0.61294,3867.75
2024.06.21 13:00:00,0.61294,0.61301,0.61084,0.61179,6711.24
2024.06.21 14:00:00,0.61181,0.61214,0.61123,0.61143,7298.49
2024.06.21 15:00:00,0.61144,0.61174,0.61087,0.61171,5728.8
2024.06.21 16:00:00,0.61171,0.612,0.61145,0.61182,2780.14
2024.06.21 17:00:00,0.61182,0.61192,0.61159,0.61181,2033.7
2024.06.21 18:00:00,0.61179,0.61229,0.6117,0.61221,2383.5
2024.06.21 19:00:00,0.61221,0.61229,0.61191,0.612,2494.2
2024.06.21 20:00:00,0.61199,0.61208,0.61167,0.61176,1571.55
2024.06.23 21:00:00,0.61115,0.61149,0.6106,0.61113,443.61
2024.06.23 22:00:00,0.61107,0.6117,0.61098,0.61168,1280.82
2024.06.23 23:00:00,0.6117,0.61179,0.61098,0.61102,1053.45
2024.06.24 00:00:00,0.61103,0.61147,0.61088,0.61117,3277.35
2024.06.24 01:00:00,0.61117,0.61131,0.61044,0.61091,2899.05
2024.06.24 02:00:00,0.61089,0.61127,0.61069,0.61094,1497.15
2024.06.24 03:00:00,0.61093,0.61124,0.61091,0.61105,1972.8
2024.06.24 04:00:00,0.61104,0.61124,0.61095,0.61114,1020.45
2024.06.24 05:00:00,0.61118,0.61158,0.61118,0.61143,954.6
2024.06.24 06:00:00,0.61144,0.61164,0.61124,0.61151,2547.45
2024.06.24 07:00:00,0.61153,0.61218,0.61131,0.61216,2360.4
2024.06.24 08:00:00,0.61215,0.61286,0.61212,0.61274,2969.91
2024.06.24 09:00:00,0.61275,0.61292,0.61245,0.61257,5060.55
2024.06.24 10:00:00,0.61258,0.61281,0.6121,0.61238,4173.84
2024.06.24 11:00:00,0.61237,0.61251,0.61194,0.61199,1580.1
2024.06.24 12:00:00,0.61198,0.61213,0.61137,0.61212,3416.26
2024.06.24 13:00:00,0.61212,0.6135,0.61211,0.61342,4076.95
2024.06.24 14:00:00,0.61341,0.61399,0.6128,0.61286,5953.88
2024.06.24 15:00:00,0.61287,0.61304,0.61226,0.61239,2611.2
2024.06.24 16:00:00,0.6124,0.61262,0.61228,0.61235,1757.55
2024.06.24 17:00:00,0.61235,0.61238,0.61184,0.61213,2681.85
2024.06.24 18:00:00,0.61212,0.61304,0.61207,0.61291,2060.55
2024.06.24 19:00:00,0.61292,0.61296,0.61249,0.61253,2508.75
2024.06.24 20:00:00,0.61251,0.61269,0.61235,0.61235,1304.4
2024.06.24 21:00:00,0.61128,0.61258,0.61112,0.61217,2269.8
2024.06.24 22:00:00,0.61216,0.61248,0.61184,0.61184,1643.55
2024.06.24 23:00:00,0.61185,0.61198,0.61164,0.61189,674.4
2024.06.25 00:00:00,0.61187,0.61226,0.61187,0.61203,1993.8
2024.06.25 01:00:00,0.61203,0.61241,0.61195,0.61212,2641.8
2024.06.25 02:00:00,0.61211,0.61232,0.61196,0.61206,1705.2
2024.06.25 03:00:00,0.61206,0.61256,0.61196,0.61221,1018.95
2024.06.25 04:00:00,0.61223,0.61233,0.6118,0.61223,751.95
2024.06.25 05:00:00,0.61222,0.61267,0.61217,0.6123,1203.3
2024.06.25 06:00:00,0.61231,0.613,0.61223,0.61278,1963.8
2024.06.25 07:00:00,0.61278,0.61279,0.61224,0.61255,3903.6
2024.06.25 08:00:00,0.61252,0.6129,0.61246,0.61266,2320.2
2024.06.25 09:00:00,0.61267,0.61272,0.61214,0.61229,1867.8
2024.06.25 10:00:00,0.61229,0.61287,0.61218,0.61275,3182.7
2024.06.25 11:00:00,0.61274,0.61275,0.6116,0.61198,3774.22
2024.06.25 12:00:00,0.61199,0.61244,0.61155,0.61177,5077.65
2024.06.25 13:00:00,0.61177,0.61207,0.61092,0.6113,3954
2024.06.25 14:00:00,0.61134,0.6115,0.6109,0.61098,6221.07
2024.06.25 15:00:00,0.61098,0.61146,0.61078,0.61126,2816.55
2024.06.25 16:00:00,0.61128,0.61132,0.61073,0.61096,2247.45
2024.06.25 17:00:00,0.61096,0.61172,0.61086,0.61157,1818.3
2024.06.25 18:00:00,0.6116,0.61201,0.61155,0.61188,2003.55
2024.06.25 19:00:00,0.61187,0.61227,0.61175,0.61204,1452.6
2024.06.25 20:00:00,0.61203,0.61209,0.61182,0.61208,749.1
2024.06.25 21:00:00,0.61199,0.61205,0.61089,0.61185,1693.95
2024.06.25 22:00:00,0.61183,0.61207,0.61161,0.61182,1315.56
2024.06.25 23:00:00,0.61182,0.6119,0.6117,0.6117,516.15
2024.06.26 00:00:00,0.61172,0.61178,0.61127,0.61172,1745.85
2024.06.26 01:00:00,0.61171,0.61274,0.61121,0.61164,4983.94
2024.06.26 02:00:00,0.61164,0.61199,0.61105,0.61115,2977.65
2024.06.26 03:00:00,0.61115,0.61177,0.61109,0.61134,1801.35
2024.06.26 04:00:00,0.61133,0.61179,0.61118,0.61121,1591.8
2024.06.26 05:00:00,0.61123,0.61191,0.6112,0.61184,1393.05
2024.06.26 06:00:00,0.61185,0.61202,0.6112,0.61124,3637.35
2024.06.26 07:00:00,0.61123,0.61143,0.61082,0.61125,2978.4
2024.06.26 08:00:00,0.61126,0.61133,0.61031,0.61038,2226.85
2024.06.26 09:00:00,0.61037,0.61096,0.61036,0.61042,2124
2024.06.26 10:00:00,0.61041,0.61043,0.6092,0.60941,3172.8
2024.06.26 11:00:00,0.60939,0.60958,0.60911,0.60949,5898.15
2024.06.26 12:00:00,0.60949,0.60978,0.6087,0.60879,5464.5
2024.06.26 13:00:00,0.60877,0.60923,0.60759,0.6081,9211.65
2024.06.26 14:00:00,0.60814,0.60902,0.60799,0.60856,7957.86
2024.06.26 15:00:00,0.60856,0.60862,0.60763,0.6077,4748.74
2024.06.26 16:00:00,0.60769,0.60812,0.60757,0.6079,1942.8
2024.06.26 17:00:00,0.60787,0.60846,0.60775,0.6084,2528.7
2024.06.26 18:00:00,0.6084,0.6084,0.60765,0.60768,2136
2024.06.26 19:00:00,0.60767,0.60839,0.60737,0.60835,1448.25
2024.06.26 20:00:00,0.60834,0.60842,0.60809,0.60816,1072.95
2024.06.26 21:00:00,0.60808,0.60849,0.60747,0.60837,1398.68
2024.06.26 22:00:00,0.60841,0.60867,0.60824,0.60824,1122.96
2024.06.26 23:00:00,0.60825,0.60828,0.60779,0.60796,916.2
2024.06.27 00:00:00,0.60794,0.608,0.60682,0.60702,3003.3
2024.06.27 01:00:00,0.60703,0.60787,0.60698,0.60779,2242.87
2024.06.27 02:00:00,0.60783,0.60813,0.60771,0.6079,2428.95
2024.06.27 03:00:00,0.60791,0.60855,0.60786,0.60843,809.7
2024.06.27 04:00:00,0.60843,0.60875,0.60822,0.60867,1063.95
2024.06.27 05:00:00,0.60867,0.6091,0.60848,0.60887,1125.6
2024.06.27 06:00:00,0.60888,0.60965,0.60877,0.60941,2627.4
2024.06.27 07:00:00,0.60941,0.60961,0.60904,0.60919,3644.22
2024.06.27 08:00:00,0.60918,0.60965,0.60884,0.60954,2561.1
2024.06.27 09:00:00,0.60956,0.61031,0.60944,0.61021,3877.35
2024.06.27 10:00:00,0.61023,0.61045,0.60994,0.61019,4198.2
2024.06.27 11:00:00,0.6102,0.61024,0.60928,0.6094,3549.6
2024.06.27 12:00:00,0.60941,0.61081,0.60939,0.6106,6240.66
2024.06.27 13:00:00,0.61059,0.61064,0.60976,0.61005,5235.47
2024.06.27 14:00:00,0.61003,0.61056,0.60929,0.60933,6281.87
2024.06.27 15:00:00,0.60932,0.60944,0.60846,0.60871,3596.25
2024.06.27 16:00:00,0.60871,0.60898,0.60863,0.60888,1622.85
2024.06.27 17:00:00,0.60886,0.60897,0.60866,0.60868,1951.95
2024.06.27 18:00:00,0.60869,0.60869,0.60818,0.60842,1903.5
2024.06.27 19:00:00,0.60842,0.60858,0.60827,0.60829,1128.3
2024.06.27 20:00:00,0.60831,0.6085,0.60811,0.60811,527.55
2024.06.27 21:00:00,0.60808,0.60846,0.60797,0.60806,642.24
2024.06.27 22:00:00,0.6081,0.60827,0.60797,0.60797,571.5
2024.06.27 23:00:00,0.60798,0.60845,0.60789,0.60834,618.15
2024.06.28 00:00:00,0.60836,0.60858,0.6073,0.60732,2499.3
2024.06.28 01:00:00,0.60731,0.60748,0.60604,0.6063,4548.81
2024.06.28 02:00:00,0.60628,0.60735,0.60605,0.60707,2436.22
2024.06.28 03:00:00,0.60707,0.60707,0.6064,0.60654,1775.9
2024.06.28 04:00:00,0.60654,0.60654,0.60572,0.60591,2286.45
2024.06.28 05:00:00,0.60588,0.60627,0.60587,0.60612,1557.6
2024.06.28 06:00:00,0.60613,0.60682,0.60603,0.6065,1918.35
2024.06.28 07:00:00,0.60649,0.60687,0.60593,0.60674,3619.42
2024.06.28 08:00:00,0.60674,0.6072,0.60664,0.60698,2505.9
2024.06.28 09:00:00,0.607,0.60807,0.60674,0.60796,2225.25
2024.06.28 10:00:00,0.60794,0.60838,0.60774,0.60834,2733.07
2024.06.28 11:00:00,0.60835,0.60844,0.60766,0.60783,2661.6
2024.06.28 12:00:00,0.60782,0.60955,0.60776,0.60917,7865.43
2024.06.28 13:00:00,0.60916,0.61007,0.609,0.60908,6867.37
2024.06.28 14:00:00,0.60915,0.60975,0.60856,0.60941,8861.43
2024.06.28 15:00:00,0.60938,0.60967,0.60876,0.60928,5997
2024.06.28 16:00:00,0.60927,0.60961,0.60899,0.60948,3422.7
2024.06.28 17:00:00,0.60949,0.61044,0.60945,0.60968,2366.1
2024.06.28 18:00:00,0.60967,0.60996,0.60921,0.60942,1917.3
2024.06.28 19:00:00,0.60942,0.60942,0.60864,0.60908,2467.5
2024.06.28 20:00:00,0.60908,0.60919,0.60887,0.60905,1856.4
2024.06.30 21:00:00,0.60896,0.60962,0.60846,0.60886,744.97
2024.06.30 22:00:00,0.60884,0.60995,0.60872,0.60991,1640.61
2024.06.30 23:00:00,0.60991,0.61034,0.60974,0.6098,1381.95
2024.07.01 00:00:00,0.60981,0.61016,0.6094,0.60979,3558.6
2024.07.01 01:00:00,0.60978,0.6103,0.60952,0.61001,3351.69
2024.07.01 02:00:00,0.61002,0.61011,0.60976,0.61002,1315.8
2024.07.01 03:00:00,0.61003,0.61011,0.60973,0.60989,850.05
2024.07.01 04:00:00,0.60987,0.60996,0.60959,0.60973,707.4
2024.07.01 05:00:00,0.60972,0.6101,0.60964,0.60973,1787.17
2024.07.01 06:00:00,0.60971,0.61059,0.60969,0.61016,3650.17
2024.07.01 07:00:00,0.61019,0.61047,0.6098,0.60988,3771.3
2024.07.01 08:00:00,0.60987,0.61069,0.60971,0.61039,2892.75
2024.07.01 09:00:00,0.61037,0.61037,0.60967,0.60982,2289.18
2024.07.01 10:00:00,0.60981,0.60981,0.60943,0.60948,2029.2
2024.07.01 11:00:00,0.60945,0.60972,0.60921,0.60955,1982.4
2024.07.01 12:00:00,0.60952,0.60954,0.60794,0.6086,4529.1
2024.07.01 13:00:00,0.60861,0.60953,0.60835,0.60918,5322.22
2024.07.01 14:00:00,0.60919,0.61075,0.60696,0.60698,8148.65
2024.07.01 15:00:00,0.60697,0.60706,0.60647,0.60695,9016.2
2024.07.01 16:00:00,0.60696,0.60755,0.60674,0.60719,9375.75
2024.07.01 17:00:00,0.60721,0.60754,0.60709,0.60723,4714.65
2024.07.01 18:00:00,0.60725,0.60725,0.60664,0.60697,2989.5
2024.07.01 19:00:00,0.60697,0.60752,0.60694,0.60746,3148.65
2024.07.01 20:00:00,0.60747,0.60772,0.60746,0.60752,1350.3
2024.07.01 21:00:00,0.60744,0.60774,0.60687,0.60763,893.62
2024.07.01 22:00:00,0.60763,0.60764,0.60667,0.6067,1311.23
2024.07.01 23:00:00,0.60668,0.60676,0.60634,0.60638,882.03
2024.07.02 00:00:00,0.60638,0.60679,0.60557,0.6056,2954.1
2024.07.02 01:00:00,0.60559,0.6061,0.60497,0.60582,4256.7
2024.07.02 02:00:00,0.60581,0.60585,0.60497,0.60508,2339.7
2024.07.02 03:00:00,0.60508,0.6054,0.60473,0.60536,1523.7
2024.07.02 04:00:00,0.60538,0.60561,0.60515,0.60538,1632
2024.07.02 05:00:00,0.60538,0.6057,0.60513,0.60543,2293.95
2024.07.02 06:00:00,0.6054,0.60554,0.605,0.60517,3645.15
2024.07.02 07:00:00,0.60516,0.60533,0.60472,0.60519,5746.65
2024.07.02 08:00:00,0.60521,0.60567,0.60506,0.60566,4280.85
2024.07.02 09:00:00,0.60567,0.60567,0.60527,0.60534,3007.65
2024.07.02 10:00:00,0.60536,0.60561,0.60524,0.60541,2353.65
2024.07.02 11:00:00,0.60542,0.60585,0.60508,0.60582,2781.15
2024.07.02 12:00:00,0.60584,0.6066,0.60584,0.60634,4980.54
2024.07.02 13:00:00,0.60633,0.60786,0.6063,0.60752,6003.15
2024.07.02 14:00:00,0.60754,0.60777,0.60619,0.60703,10502.03
2024.07.02 15:00:00,0.60703,0.60717,0.60664,0.60699,9442.35
2024.07.02 16:00:00,0.60698,0.60712,0.60677,0.60701,3342.6
2024.07.02 17:00:00,0.60702,0.60757,0.60697,0.60745,1692.75
2024.07.02 18:00:00,0.60744,0.60789,0.60739,0.60788,1939.65
2024.07.02 19:00:00,0.60788,0.60822,0.60773,0.60815,2545.2
2024.07.02 20:00:00,0.60818,0.60818,0.6077,0.60771,1286.2
2024.07.02 21:00:00,0.60762,0.60764,0.60733,0.60757,524.31
2024.07.02 22:00:00,0.60758,0.60831,0.60757,0.6083,617.91
2024.07.02 23:00:00,0.60829,0.60834,0.60807,0.60812,543.9
2024.07.03 00:00:00,0.60812,0.60855,0.60795,0.60815,2240.85
2024.07.03 01:00:00,0.60813,0.60814,0.60756,0.60801,2888.85
2024.07.03 02:00:00,0.608,0.60828,0.60754,0.60765,1413.9
2024.07.03 03:00:00,0.60764,0.60824,0.60763,0.60805,907.35
2024.07.03 04:00:00,0.60804,0.60821,0.60764,0.60765,1231.2
2024.07.03 05:00:00,0.60762,0.60769,0.60713,0.60732,2012.1
2024.07.03 06:00:00,0.60732,0.60799,0.60706,0.6079,2876.25
2024.07.03 07:00:00,0.6079,0.60844,0.60786,0.6081,2517.6
2024.07.03 08:00:00,0.60807,0.60814,0.6076,0.60762,1606.65
2024.07.03 09:00:00,0.60763,0.60764,0.60705,0.60717,1758
2024.07.03 10:00:00,0.60716,0.6076,0.60693,0.60711,1543.5
2024.07.03 11:00:00,0.60711,0.60724,0.60692,0.60715,1579.05
2024.07.03 12:00:00,0.60714,0.60829,0.60697,0.60795,4280.79
2024.07.03 13:00:00,0.60794,0.60962,0.60791,0.6093,3675.75
2024.07.03 14:00:00,0.60931,0.61286,0.60931,0.61157,12185.56
2024.07.03 15:00:00,0.61158,0.61171,0.61065,0.61115,6774.24
2024.07.03 16:00:00,0.61114,0.61158,0.61087,0.61114,3867.45
2024.07.03 17:00:00,0.61114,0.61114,0.61014,0.61034,2325
2024.07.03 18:00:00,0.6103,0.61046,0.6098,0.60988,2316.99
2024.07.03 19:00:00,0.60986,0.61027,0.60984,0.61012,1273.2
2024.07.03 20:00:00,0.61012,0.61031,0.60988,0.60992,597.51
2024.07.03 21:00:00,0.6098,0.61039,0.60973,0.61004,786.79
2024.07.03 22:00:00,0.61003,0.61051,0.60999,0.61048,452.85
2024.07.03 23:00:00,0.6105,0.61074,0.61028,0.6107,720.9
2024.07.04 00:00:00,0.6107,0.61144,0.61056,0.61139,1534.65
2024.07.04 01:00:00,0.61139,0.61179,0.61081,0.6113,4113.3
2024.07.04 02:00:00,0.6113,0.61136,0.61074,0.61086,1760.4
2024.07.04 03:00:00,0.61087,0.61095,0.61071,0.61084,1359.9
2024.07.04 04:00:00,0.61084,0.611,0.61064,0.61081,665.25
2024.07.04 05:00:00,0.6108,0.61131,0.61066,0.61123,1212.3
2024.07.04 06:00:00,0.61122,0.61154,0.61106,0.61153,1457.85
2024.07.04 07:00:00,0.61153,0.61167,0.61097,0.6113,2131.53
2024.07.04 08:00:00,0.61133,0.61181,0.61118,0.61165,1975.8
2024.07.04 09:00:00,0.61165,0.61181,0.6113,0.61156,1795.65
2024.07.04 10:00:00,0.61158,0.612,0.61153,0.61196,1263.75
2024.07.04 11:00:00,0.61197,0.61223,0.61186,0.61193,1187.85
2024.07.04 12:00:00,0.61192,0.61221,0.61155,0.61175,1453.5
2024.07.04 13:00:00,0.61174,0.61189,0.6115,0.6118,1762.65
2024.07.04 14:00:00,0.6118,0.61195,0.61143,0.61157,1675.35
2024.07.04 15:00:00,0.61156,0.61195,0.6115,0.61174,1810.05
2024.07.04 16:00:00,0.61174,0.61192,0.61163,0.61192,721.5
2024.07.04 17:00:00,0.61192,0.61197,0.6117,0.61174,441
2024.07.04 18:00:00,0.61172,0.61174,0.61167,0.61167,226.35
2024.07.04 19:00:00,0.61164,0.61174,0.61164,0.61167,546.75
2024.07.04 20:00:00,0.61168,0.61173,0.61115,0.61136,395.85
2024.07.04 21:00:00,0.61142,0.61179,0.61107,0.6117,945.09
2024.07.04 22:00:00,0.61172,0.61176,0.61139,0.61154,449.4
2024.07.04 23:00:00,0.61154,0.61162,0.6112,0.61124,484.5
2024.07.05 00:00:00,0.61125,0.61203,0.61124,0.61169,2543.4
2024.07.05 01:00:00,0.61168,0.61217,0.61152,0.61213,3906.45
2024.07.05 02:00:00,0.61212,0.61212,0.61179,0.61186,1090.65
2024.07.05 03:00:00,0.61185,0.61231,0.61181,0.61224,3049.5
2024.07.05 04:00:00,0.61223,0.61239,0.61189,0.6119,1244.4
2024.07.05 05:00:00,0.6119,0.612,0.6115,0.61197,2063.25
2024.07.05 06:00:00,0.61193,0.61214,0.61141,0.61146,3377.55
2024.07.05 07:00:00,0.61146,0.61192,0.61133,0.61181,2123.4
2024.07.05 08:00:00,0.61179,0.61211,0.61168,0.61201,1721.25
2024.07.05 09:00:00,0.61202,0.61236,0.61185,0.61231,1436.25
2024.07.05 10:00:00,0.61229,0.61245,0.61213,0.61242,1326
2024.07.05 11:00:00,0.61243,0.61253,0.612,0.61214,1475.55
2024.07.05 12:00:00,0.61213,0.61416,0.61047,0.61287,12065.12
2024.07.05 13:00:00,0.61286,0.61386,0.61163,0.6122,10728.14
2024.07.05 14:00:00,0.61219,0.61339,0.61144,0.61316,8932.65
2024.07.05 15:00:00,0.61315,0.61399,0.61275,0.6137,4527.9
2024.07.05 16:00:00,0.61372,0.61389,0.61322,0.61341,3471.15
2024.07.05 17:00:00,0.61341,0.61399,0.61328,0.61388,2611.65
2024.07.05 18:00:00,0.6139,0.61454,0.61386,0.61452,2257.05
2024.07.05 19:00:00,0.61453,0.61484,0.61442,0.61477,2141.1
2024.07.05 20:00:00,0.61477,0.6148,0.61438,0.61439,1210.95
2024.07.07 21:00:00,0.61357,0.6142,0.61326,0.61352,1146.21
2024.07.07 22:00:00,0.61354,0.61473,0.61352,0.61399,2171.91
2024.07.07 23:00:00,0.61401,0.61436,0.6139,0.61403,1024.65
2024.07.08 00:00:00,0.61401,0.61416,0.61352,0.6136,3235.38
2024.07.08 01:00:00,0.61358,0.61451,0.61342,0.61449,2699.1
2024.07.08 02:00:00,0.61449,0.61451,0.61426,0.61439,1568.7
2024.07.08 03:00:00,0.6144,0.61532,0.6142,0.61494,1522.05
2024.07.08 04:00:00,0.61495,0.61496,0.61456,0.6147,1423.05
2024.07.08 05:00:00,0.61469,0.61474,0.61397,0.61412,1956.9
2024.07.08 06:00:00,0.61411,0.61438,0.61371,0.61377,3259.2
2024.07.08 07:00:00,0.61376,0.61431,0.61364,0.61406,2814.75
2024.07.08 08:00:00,0.61407,0.61424,0.61334,0.61336,2745.6
2024.07.08 09:00:00,0.61336,0.61372,0.61321,0.61357,2340.9
2024.07.08 10:00:00,0.61356,0.61369,0.61297,0.61313,1747.5
2024.07.08 11:00:00,0.61313,0.61367,0.61308,0.61351,1221
2024.07.08 12:00:00,0.61351,0.61412,0.61347,0.61402,3809.85
2024.07.08 13:00:00,0.61407,0.61421,0.6136,0.61395,3470.25
2024.07.08 14:00:00,0.61391,0.61416,0.61364,0.61374,3760.35
2024.07.08 15:00:00,0.61374,0.61377,0.61315,0.61322,3325.95
2024.07.08 16:00:00,0.61321,0.61341,0.613,0.6133,1247.1
2024.07.08 17:00:00,0.61329,0.6134,0.61309,0.61328,1257.9
2024.07.08 18:00:00,0.61327,0.61327,0.61252,0.61271,1083
2024.07.08 19:00:00,0.6127,0.61277,0.6123,0.61258,873.75
2024.07.08 20:00:00,0.61256,0.61266,0.61245,0.61247,458.25
2024.07.08 21:00:00,0.61242,0.61278,0.61179,0.61259,903.39
2024.07.08 22:00:00,0.61259,0.61272,0.6124,0.61272,693.69
2024.07.08 23:00:00,0.61273,0.61314,0.61267,0.61301,571.65
2024.07.09 00:00:00,0.61303,0.61326,0.61229,0.61233,2287.95
2024.07.09 01:00:00,0.61235,0.61286,0.61213,0.61223,2136.09
2024.07.09 02:00:00,0.61222,0.61223,0.61159,0.6117,2308.05
2024.07.09 03:00:00,0.61169,0.61216,0.61169,0.61198,1272.6
2024.07.09 04:00:00,0.61199,0.61265,0.61199,0.61252,993.9
2024.07.09 05:00:00,0.61253,0.61274,0.61229,0.61244,1023.3
2024.07.09 06:00:00,0.61243,0.61262,0.61195,0.61234,1988.85
2024.07.09 07:00:00,0.61235,0.61266,0.61191,0.61196,2821.8
2024.07.09 08:00:00,0.61199,0.61222,0.61142,0.6115,1888.5
2024.07.09 09:00:00,0.61147,0.61178,0.61139,0.6116,1899.45
2024.07.09 10:00:00,0.6116,0.61203,0.61137,0.61192,1056.75
2024.07.09 11:00:00,0.6119,0.61192,0.61143,0.61153,1995.75
2024.07.09 12:00:00,0.61154,0.61187,0.6113,0.61186,2529.3
2024.07.09 13:00:00,0.61187,0.61287,0.61177,0.61282,3070.95
2024.07.09 14:00:00,0.61282,0.61318,0.61161,0.61222,7861.95
2024.07.09 15:00:00,0.61223,0.61227,0.61117,0.61202,3867.9
2024.07.09 16:00:00,0.61203,0.61216,0.61183,0.6121,1884
2024.07.09 17:00:00,0.61209,0.6126,0.61208,0.61229,2962.5
2024.07.09 18:00:00,0.6123,0.61253,0.61212,0.61244,1559.85
2024.07.09 19:00:00,0.61244,0.61266,0.6123,0.6126,2079.24
2024.07.09 20:00:00,0.61259,0.61268,0.6124,0.6124,811.5
2024.07.09 21:00:00,0.61222,0.61258,0.61199,0.61241,1832.07
2024.07.09 22:00:00,0.61241,0.61264,0.6124,0.61261,750.75
2024.07.09 23:00:00,0.61261,0.6128,0.61258,0.61265,353.85
2024.07.10 00:00:00,0.61265,0.61315,0.61243,0.61249,1792.8
2024.07.10 01:00:00,0.6125,0.61298,0.61248,0.61271,2424.6
2024.07.10 02:00:00,0.61276,0.61288,0.60745,0.60797,8380.8
2024.07.10 03:00:00,0.60796,0.60941,0.60784,0.60936,3707.1
2024.07.10 04:00:00,0.60936,0.6096,0.60895,0.60912,1600.5
2024.07.10 05:00:00,0.60912,0.60943,0.60887,0.60887,2554.65
2024.07.10 06:00:00,0.60886,0.60928,0.60847,0.60911,2235.75
2024.07.10 07:00:00,0.60913,0.60934,0.60718,0.60736,2986.65
2024.07.10 08:00:00,0.60736,0.6074,0.60645,0.607,3442.35
2024.07.10 09:00:00,0.607,0.6073,0.60694,0.60703,3077.25
2024.07.10 10:00:00,0.60703,0.60726,0.60668,0.6071,2534.7
2024.07.10 11:00:00,0.60711,0.60781,0.60695,0.60772,2837.55
2024.07.10 12:00:00,0.6077,0.60822,0.60765,0.60787,4672.05
2024.07.10 13:00:00,0.60788,0.60844,0.60786,0.6083,5513.64
2024.07.10 14:00:00,0.60832,0.60886,0.60797,0.608,6525.15
2024.07.10 15:00:00,0.60801,0.60842,0.60796,0.60808,3675.45
2024.07.10 16:00:00,0.60809,0.60838,0.60808,0.60823,2779.5
2024.07.10 17:00:00,0.60822,0.60844,0.60768,0.60787,3053.7
2024.07.10 18:00:00,0.60787,0.60787,0.60746,0.60775,2427.9
2024.07.10 19:00:00,0.60773,0.60824,0.60761,0.60816,1951.05
2024.07.10 20:00:00,0.60815,0.60818,0.60795,0.60811,516.45
2024.07.10 21:00:00,0.60815,0.60821,0.60784,0.60796,622.56
2024.07.10 22:00:00,0.60796,0.60849,0.6078,0.60824,695.1
2024.07.10 23:00:00,0.60825,0.60889,0.60825,0.6087,1385.1
2024.07.11 00:00:00,0.6087,0.60914,0.60867,0.60886,2174.55
2024.07.11 01:00:00,0.60887,0.60921,0.60818,0.60912,2342.1
2024.07.11 02:00:00,0.60912,0.60963,0.60907,0.60936,1299.48
2024.07.11 03:00:00,0.60938,0.60983,0.60926,0.60976,1131.9
2024.07.11 04:00:00,0.60976,0.6098,0.60953,0.60956,801.45
2024.07.11 05:00:00,0.60954,0.60969,0.60938,0.60944,2072.1
2024.07.11 06:00:00,0.60943,0.60957,0.60907,0.60916,2722.05
2024.07.11 07:00:00,0.60915,0.60925,0.60885,0.60914,2219.7
2024.07.11 08:00:00,0.60913,0.60937,0.60867,0.60919,2449.79
2024.07.11 09:00:00,0.60918,0.60924,0.6088,0.60908,2513.55
2024.07.11 10:00:00,0.60906,0.60909,0.60839,0.60851,1847.7
2024.07.11 11:00:00,0.60851,0.60867,0.60819,0.60866,1458.75
2024.07.11 12:00:00,0.60865,0.61341,0.60822,0.61241,17880.07
2024.07.11 13:00:00,0.61241,0.6131,0.61044,0.61209,20975.93
2024.07.11 14:00:00,0.6121,0.61261,0.61035,0.61168,12495.1
2024.07.11 15:00:00,0.61169,0.6118,0.61061,0.6111,9829.95
2024.07.11 16:00:00,0.61111,0.61116,0.61008,0.61033,4860.9
2024.07.11 17:00:00,0.61034,0.61037,0.6091,0.60935,8618.62
2024.07.11 18:00:00,0.60933,0.60996,0.6093,0.60971,5019.75
2024.07.11 19:00:00,0.60972,0.60978,0.60931,0.60939,4998
2024.07.11 20:00:00,0.60937,0.60956,0.60929,0.60943,948.15
2024.07.11 21:00:00,0.60937,0.60983,0.60911,0.60947,1304.07
2024.07.11 22:00:00,0.60946,0.60946,0.60861,0.60864,1722.3
2024.07.11 23:00:00,0.60864,0.60959,0.60816,0.60946,4427.7
2024.07.12 00:00:00,0.60946,0.60947,0.60799,0.60809,4967.85
2024.07.12 01:00:00,0.60809,0.60873,0.60759,0.6086,4556.55
2024.07.12 02:00:00,0.60862,0.60956,0.60844,0.60936,2886
2024.07.12 03:00:00,0.60935,0.60992,0.60935,0.6098,2177.7
2024.07.12 04:00:00,0.6098,0.61026,0.60975,0.61008,1770.76
2024.07.12 05:00:00,0.61007,0.61041,0.60983,0.61007,3631.5
2024.07.12 06:00:00,0.61007,0.61031,0.60944,0.60948,2778.45
2024.07.12 07:00:00,0.60949,0.61027,0.60941,0.61026,2274.15
2024.07.12 08:00:00,0.61027,0.61097,0.61024,0.61093,2651.85
2024.07.12 09:00:00,0.61096,0.61113,0.61051,0.61076,1959
2024.07.12 10:00:00,0.61076,0.61095,0.61049,0.61093,1556.55
2024.07.12 11:00:00,0.61094,0.61109,0.61075,0.61088,2003.1
2024.07.12 12:00:00,0.61088,0.61152,0.60957,0.61114,13649.56
2024.07.12 13:00:00,0.61115,0.61237,0.61115,0.61167,9117.9
2024.07.12 14:00:00,0.61179,0.61241,0.61155,0.61211,8938.8
2024.07.12 15:00:00,0.6121,0.61257,0.61202,0.61214,4155.3
2024.07.12 16:00:00,0.61213,0.61244,0.61168,0.61183,2289.22
2024.07.12 17:00:00,0.61184,0.61211,0.61143,0.612,2947.65
2024.07.12 18:00:00,0.612,0.61226,0.61183,0.61215,3961.65
2024.07.12 19:00:00,0.61213,0.6123,0.61163,0.61171,2861.4
2024.07.12 20:00:00,0.61171,0.61184,0.61156,0.61179,1617.45
2024.07.14 21:00:00,0.61049,0.61119,0.6103,0.61087,972.16
2024.07.14 22:00:00,0.61106,0.61111,0.60924,0.60947,2505.26
2024.07.14 23:00:00,0.60949,0.60969,0.60928,0.60952,1526.67
2024.07.15 00:00:00,0.6095,0.6099,0.60904,0.60967,2943
2024.07.15 01:00:00,0.60968,0.60987,0.60917,0.60943,3197.76
2024.07.15 02:00:00,0.60945,0.60969,0.60904,0.60935,1917.45
2024.07.15 03:00:00,0.60936,0.61004,0.60935,0.60979,1165.2
2024.07.15 04:00:00,0.60978,0.60998,0.60968,0.60992,882
2024.07.15 05:00:00,0.60991,0.6102,0.60986,0.60989,924.6
2024.07.15 06:00:00,0.60989,0.6099,0.60849,0.6092,3577.5
2024.07.15 07:00:00,0.60922,0.6094,0.60882,0.60924,3675.75
2024.07.15 08:00:00,0.60924,0.60994,0.60921,0.60994,1789.8
2024.07.15 09:00:00,0.60991,0.61003,0.6092,0.60934,2336.1
2024.07.15 10:00:00,0.60935,0.60962,0.60916,0.60931,2520.45
2024.07.15 11:00:00,0.60931,0.60957,0.60879,0.60894,3378.6
2024.07.15 12:00:00,0.60896,0.60924,0.60806,0.60871,5052.9
2024.07.15 13:00:00,0.60871,0.60976,0.60868,0.60961,4475.07
2024.07.15 14:00:00,0.60964,0.60973,0.60874,0.60928,5067.75
2024.07.15 15:00:00,0.60929,0.60961,0.60908,0.60919,3706.8
2024.07.15 16:00:00,0.60917,0.60992,0.60858,0.60894,5577.15
2024.07.15 17:00:00,0.60894,0.60896,0.60728,0.60753,4593.9
2024.07.15 18:00:00,0.60753,0.60796,0.60738,0.60787,2389.95
2024.07.15 19:00:00,0.60788,0.60793,0.60724,0.60778,2258.1
2024.07.15 20:00:00,0.60779,0.60782,0.60734,0.60734,515.62
2024.07.15 21:00:00,0.60722,0.60777,0.60722,0.60745,1715.16
2024.07.15 22:00:00,0.60745,0.60745,0.60707,0.60726,714.53
2024.07.15 23:00:00,0.60726,0.60764,0.60722,0.60756,575.55
2024.07.16 00:00:00,0.60757,0.60762,0.60627,0.6064,2163.15
2024.07.16 01:00:00,0.60642,0.60664,0.60605,0.60622,2737.8
2024.07.16 02:00:00,0.60624,0.60629,0.60517,0.6056,1918.65
2024.07.16 03:00:00,0.60561,0.60597,0.60556,0.60581,1190.45
2024.07.16 04:00:00,0.60581,0.60595,0.60533,0.60535,921.6
2024.07.16 05:00:00,0.60535,0.60536,0.60478,0.60506,1367.85
2024.07.16 06:00:00,0.60503,0.60584,0.60481,0.60567,2489.4
2024.07.16 07:00:00,0.60568,0.60608,0.6056,0.60593,2217.3
2024.07.16 08:00:00,0.60594,0.60608,0.60556,0.6058,2440.2
2024.07.16 09:00:00,0.6058,0.60678,0.60562,0.60666,2951.25
2024.07.16 10:00:00,0.60666,0.60687,0.60649,0.60656,1669.65
2024.07.16 11:00:00,0.60654,0.60698,0.60651,0.60683,2361.9
2024.07.16 12:00:00,0.60682,0.60733,0.60422,0.6048,7456.29
2024.07.16 13:00:00,0.60481,0.60486,0.60389,0.60464,6474.15
2024.07.16 14:00:00,0.60465,0.60484,0.60358,0.60416,5815.5
2024.07.16 15:00:00,0.60415,0.60447,0.60399,0.60427,4971.36
2024.07.16 16:00:00,0.60426,0.60442,0.60371,0.60394,4776.39
2024.07.16 17:00:00,0.60394,0.60453,0.60393,0.60448,1743.26
2024.07.16 18:00:00,0.60446,0.60481,0.60439,0.6048,2490.91
2024.07.16 19:00:00,0.60482,0.60521,0.60461,0.60517,2199.45
2024.07.16 20:00:00,0.60517,0.60525,0.60484,0.60487,1208.55
2024.07.16 21:00:00,0.60479,0.60508,0.60408,0.60506,6516.66
2024.07.16 22:00:00,0.60503,0.60691,0.60334,0.60658,2769.61
2024.07.16 23:00:00,0.60657,0.60706,0.60546,0.60701,2480.1
2024.07.17 00:00:00,0.60701,0.60795,0.60683,0.60752,2789.1
2024.07.17 01:00:00,0.60751,0.60816,0.60723,0.60794,2505.3
2024.07.17 02:00:00,0.60796,0.60805,0.60755,0.6076,1333.65
2024.07.17 03:00:00,0.60761,0.60762,0.6066,0.6067,1176.45
2024.07.17 04:00:00,0.60671,0.60717,0.60658,0.60665,614.85
2024.07.17 05:00:00,0.60666,0.60694,0.60648,0.60658,1158.75
2024.07.17 06:00:00,0.60658,0.60748,0.60648,0.60718,4015.05
2024.07.17 07:00:00,0.60721,0.60826,0.60697,0.60761,4788.97
2024.07.17 08:00:00,0.60762,0.60922,0.60749,0.60906,6069.18
2024.07.17 09:00:00,0.60906,0.60959,0.60857,0.60952,5684.7
2024.07.17 10:00:00,0.60954,0.60971,0.60878,0.60892,2373.3
2024.07.17 11:00:00,0.60891,0.60929,0.6086,0.60865,2805.3
2024.07.17 12:00:00,0.60863,0.60864,0.60761,0.60849,3602.1
2024.07.17 13:00:00,0.60848,0.60888,0.60793,0.60861,9183.15
2024.07.17 14:00:00,0.60861,0.60861,0.60707,0.60731,8638.98
2024.07.17 15:00:00,0.60731,0.60738,0.60682,0.60704,5717.55
2024.07.17 16:00:00,0.60704,0.60723,0.60659,0.60716,4069.95
2024.07.17 17:00:00,0.60714,0.60735,0.60694,0.60721,2556.9
2024.07.17 18:00:00,0.60718,0.60786,0.60715,0.60742,4882.72
2024.07.17 19:00:00,0.60742,0.60781,0.60732,0.60774,1634.1
2024.07.17 20:00:00,0.60775,0.60825,0.60763,0.6082,908.85
2024.07.17 21:00:00,0.60814,0.60827,0.60635,0.60791,1743.24
2024.07.17 22:00:00,0.60793,0.6082,0.60784,0.60794,1085.1
2024.07.17 23:00:00,0.60797,0.60827,0.60763,0.60795,2493.15
2024.07.18 00:00:00,0.60796,0.60803,0.60721,0.60729,3194.1
2024.07.18 01:00:00,0.60728,0.60784,0.60638,0.60711,4896.84
2024.07.18 02:00:00,0.60712,0.60807,0.60679,0.60805,2675.85
2024.07.18 03:00:00,0.60806,0.60816,0.607,0.60705,1961.62
2024.07.18 04:00:00,0.60707,0.60721,0.60686,0.60709,1238.7
2024.07.18 05:00:00,0.6071,0.60782,0.60692,0.6074,1731.6
2024.07.18 06:00:00,0.60739,0.60759,0.60688,0.60711,2698.65
2024.07.18 07:00:00,0.60708,0.60754,0.60662,0.60722,4090.35
2024.07.18 08:00:00,0.60722,0.60774,0.60694,0.60705,2317.35
2024.07.18 09:00:00,0.60704,0.60711,0.60666,0.60691,1338.6
2024.07.18 10:00:00,0.6069,0.60748,0.60682,0.60735,1703.85
2024.07.18 11:00:00,0.60738,0.60739,0.6068,0.60682,1433.55
2024.07.18 12:00:00,0.60683,0.60752,0.60675,0.6073,5678.07
2024.07.18 13:00:00,0.60729,0.6076,0.60684,0.60708,7269.45
2024.07.18 14:00:00,0.60709,0.60744,0.60664,0.60713,9256.65
2024.07.18 15:00:00,0.60713,0.60714,0.60627,0.60631,6580.2
2024.07.18 16:00:00,0.6063,0.60665,0.60605,0.60631,3212.25
2024.07.18 17:00:00,0.60634,0.60638,0.60568,0.60573,1834.65
2024.07.18 18:00:00,0.60574,0.60576,0.6045,0.60474,2484.6
2024.07.18 19:00:00,0.60473,0.60502,0.60433,0.60461,4166.85
2024.07.18 20:00:00,0.60461,0.60483,0.60436,0.60436,531.09
2024.07.18 21:00:00,0.60418,0.60481,0.60418,0.60447,1266.6
2024.07.18 22:00:00,0.60448,0.60467,0.60424,0.60436,919.09
2024.07.18 23:00:00,0.60438,0.6045,0.60421,0.60421,512.97
2024.07.19 00:00:00,0.6042,0.60421,0.60333,0.60337,3027.15
2024.07.19 01:00:00,0.60337,0.60353,0.6025,0.60268,3978.75
2024.07.19 02:00:00,0.60269,0.60342,0.60265,0.60338,2660.25
2024.07.19 03:00:00,0.60334,0.60342,0.6027,0.60277,1748.4
2024.07.19 04:00:00,0.60277,0.6029,0.60215,0.60221,902.25
2024.07.19 05:00:00,0.60222,0.60315,0.60212,0.60307,2054.1
2024.07.19 06:00:00,0.60308,0.60388,0.60276,0.60352,3184.95
2024.07.19 07:00:00,0.60353,0.60392,0.60249,0.60301,4660.29
2024.07.19 08:00:00,0.603,0.603,0.60244,0.60256,2398.92
2024.07.19 09:00:00,0.60257,0.60271,0.60208,0.60211,1701.9
2024.07.19 10:00:00,0.60211,0.60252,0.60171,0.60235,2056.65
2024.07.19 11:00:00,0.60235,0.60258,0.60211,0.6025,2545.8
2024.07.19 12:00:00,0.60249,0.60251,0.60187,0.60191,5490.75
2024.07.19 13:00:00,0.6019,0.60234,0.60152,0.60207,8770.65
2024.07.19 14:00:00,0.60206,0.60224,0.60167,0.60175,7343.55
2024.07.19 15:00:00,0.60177,0.60217,0.60124,0.6017,4580.25
2024.07.19 16:00:00,0.60169,0.6018,0.60115,0.6012,2558.55
2024.07.19 17:00:00,0.60121,0.60139,0.60092,0.60132,3140.34
2024.07.19 18:00:00,0.6013,0.6014,0.6006,0.60089,3146.4
2024.07.19 19:00:00,0.60089,0.60106,0.60053,0.60071,2454.6
2024.07.19 20:00:00,0.60072,0.60087,0.60049,0.60086,1311.6
2024.07.21 21:00:00,0.60063,0.60167,0.60055,0.60105,2186.87
2024.07.21 22:00:00,0.60104,0.60265,0.60099,0.6025,1084.66
2024.07.21 23:00:00,0.60249,0.60274,0.60231,0.60231,1904.76
2024.07.22 00:00:00,0.6023,0.60231,0.60115,0.60141,1935
2024.07.22 01:00:00,0.60141,0.60173,0.60052,0.60057,2322.6
2024.07.22 02:00:00,0.60058,0.60063,0.59984,0.60032,3201.15
2024.07.22 03:00:00,0.60034,0.60046,0.59976,0.59986,1087.74
2024.07.22 04:00:00,0.59989,0.59997,0.59922,0.59927,1050.3
2024.07.22 05:00:00,0.59926,0.59954,0.59906,0.59932,1483.5
2024.07.22 06:00:00,0.5993,0.60024,0.59905,0.59982,3677.4
2024.07.22 07:00:00,0.59983,0.59995,0.59952,0.59974,2539.35
2024.07.22 08:00:00,0.59974,0.60027,0.59951,0.60001,1719
2024.07.22 09:00:00,0.6,0.6004,0.59975,0.60026,2274
2024.07.22 10:00:00,0.60025,0.60032,0.59974,0.5999,1773.15
2024.07.22 11:00:00,0.5999,0.60007,0.59931,0.59939,1986.75
2024.07.22 12:00:00,0.5994,0.59941,0.59838,0.59856,3795.75
2024.07.22 13:00:00,0.59855,0.59863,0.59766,0.59784,5440.95
2024.07.22 14:00:00,0.59784,0.59787,0.59715,0.5978,7032.15
2024.07.22 15:00:00,0.59783,0.59807,0.59734,0.59752,5717.1
2024.07.22 16:00:00,0.5975,0.59765,0.5973,0.59736,1494.3
2024.07.22 17:00:00,0.59737,0.59793,0.59737,0.59784,1793.4
2024.07.22 18:00:00,0.59787,0.59788,0.59757,0.59762,1955.4
2024.07.22 19:00:00,0.59761,0.59788,0.59739,0.59787,1099.2
2024.07.22 20:00:00,0.59785,0.5979,0.59769,0.5978,435.21
2024.07.22 21:00:00,0.59759,0.59812,0.59714,0.59787,2677.25
2024.07.22 22:00:00,0.59782,0.59797,0.59765,0.59781,936.3
2024.07.22 23:00:00,0.59781,0.59785,0.59749,0.59762,722.25
2024.07.23 00:00:00,0.59761,0.598,0.59666,0.59672,1955.85
2024.07.23 01:00:00,0.59672,0.59765,0.59648,0.597,2413.8
2024.07.23 02:00:00,0.59701,0.59708,0.5966,0.59689,1529.1
2024.07.23 03:00:00,0.59688,0.59741,0.59672,0.59687,1197.6
2024.07.23 04:00:00,0.59687,0.59699,0.59653,0.59654,1659
2024.07.23 05:00:00,0.59653,0.59685,0.59645,0.59683,1312.05
2024.07.23 06:00:00,0.59682,0.59684,0.5963,0.59636,2344.05
2024.07.23 07:00:00,0.59638,0.59675,0.59608,0.59631,2852.7
2024.07.23 08:00:00,0.5963,0.59649,0.59597,0.59634,2389.5
2024.07.23 09:00:00,0.59634,0.5965,0.59608,0.5964,1861.2
2024.07.23 10:00:00,0.59641,0.59654,0.596,0.59646,1273.35
2024.07.23 11:00:00,0.59646,0.59664,0.59588,0.59621,1796.4
2024.07.23 12:00:00,0.59623,0.59651,0.59571,0.59605,2207.25
2024.07.23 13:00:00,0.59602,0.59621,0.59539,0.59559,2445.15
2024.07.23 14:00:00,0.59558,0.59595,0.59512,0.59523,6464.54
2024.07.23 15:00:00,0.59522,0.59599,0.59522,0.5958,3209.7
2024.07.23 16:00:00,0.59581,0.59588,0.59516,0.59529,2427.6
2024.07.23 17:00:00,0.59528,0.59582,0.59514,0.59525,2626.2
2024.07.23 18:00:00,0.59525,0.59538,0.59502,0.59527,1340.7
2024.07.23 19:00:00,0.59526,0.59544,0.59515,0.5953,1079.85
2024.07.23 20:00:00,0.5953,0.59562,0.59517,0.59556,598.8
2024.07.23 21:00:00,0.59551,0.59574,0.5951,0.59563,2072.2
2024.07.23 22:00:00,0.5956,0.5956,0.59522,0.59545,1520.28
2024.07.23 23:00:00,0.59545,0.59553,0.5951,0.59515,980.85
2024.07.24 00:00:00,0.59515,0.59521,0.59414,0.59444,2602.8
2024.07.24 01:00:00,0.59444,0.59472,0.59361,0.59362,2258.25
2024.07.24 02:00:00,0.59363,0.5937,0.59316,0.59336,1484.85
2024.07.24 03:00:00,0.59336,0.59339,0.59251,0.59292,1497.75
2024.07.24 04:00:00,0.5929,0.59293,0.59134,0.59176,2687.25
2024.07.24 05:00:00,0.59179,0.59276,0.59177,0.5927,1960.65
2024.07.24 06:00:00,0.59269,0.59314,0.59254,0.5927,3268.2
2024.07.24 07:00:00,0.5927,0.59354,0.59266,0.59296,3571.3
2024.07.24 08:00:00,0.59298,0.59303,0.59242,0.59257,3080.1
2024.07.24 09:00:00,0.59259,0.59329,0.59241,0.59321,2764.8
2024.07.24 10:00:00,0.59322,0.59344,0.59296,0.5932,1803.45
2024.07.24 11:00:00,0.59321,0.59412,0.59305,0.594,1720.5
2024.07.24 12:00:00,0.59401,0.59478,0.59356,0.59466,3209.25
2024.07.24 13:00:00,0.59467,0.59495,0.59364,0.59375,5632.86
2024.07.24 14:00:00,0.59374,0.5949,0.59371,0.59461,6506.1
2024.07.24 15:00:00,0.59461,0.59491,0.59442,0.5945,3066
2024.07.24 16:00:00,0.59448,0.5945,0.59391,0.59432,2277.15
2024.07.24 17:00:00,0.59434,0.59457,0.59362,0.59363,2064
2024.07.24 18:00:00,0.59362,0.59364,0.59248,0.59248,3604.8
2024.07.24 19:00:00,0.59248,0.59316,0.59236,0.59256,2705.7
2024.07.24 20:00:00,0.59255,0.59299,0.59251,0.59296,1610.17
2024.07.24 21:00:00,0.59285,0.59302,0.59251,0.59295,2662.6
2024.07.24 22:00:00,0.5929,0.5931,0.59261,0.59272,1181.98
2024.07.24 23:00:00,0.59273,0.59288,0.59241,0.5925,1536.24
2024.07.25 00:00:00,0.5925,0.59256,0.5914,0.59186,5082.43
2024.07.25 01:00:00,0.59186,0.59237,0.59155,0.59219,3790.65
2024.07.25 02:00:00,0.59219,0.59238,0.59174,0.59214,3531.15
2024.07.25 03:00:00,0.59217,0.59228,0.59157,0.59179,2616.6
2024.07.25 04:00:00,0.59179,0.59193,0.59125,0.5913,1784.25
2024.07.25 05:00:00,0.5913,0.59167,0.59127,0.59155,2017.65
2024.07.25 06:00:00,0.59153,0.5918,0.59104,0.59138,2562.22
2024.07.25 07:00:00,0.59139,0.59183,0.59043,0.59156,5318.4
2024.07.25 08:00:00,0.59156,0.59267,0.59096,0.59116,5326.59
2024.07.25 09:00:00,0.59116,0.59136,0.5906,0.59076,4765.95
2024.07.25 10:00:00,0.59075,0.59078,0.59007,0.59029,4359.6
2024.07.25 11:00:00,0.59031,0.59054,0.58947,0.58949,2593.59
2024.07.25 12:00:00,0.58948,0.59009,0.58802,0.58928,8711.07
2024.07.25 13:00:00,0.58928,0.5906,0.58895,0.59037,8668.53
2024.07.25 14:00:00,0.59035,0.59084,0.58972,0.59031,9016.93
2024.07.25 15:00:00,0.59032,0.59076,0.58969,0.59003,4690.95
2024.07.25 16:00:00,0.59004,0.59052,0.58987,0.59048,3216.45
2024.07.25 17:00:00,0.59047,0.5908,0.58929,0.58949,4891.35
2024.07.25 18:00:00,0.5895,0.58952,0.58905,0.58906,4662.09
2024.07.25 19:00:00,0.58905,0.58959,0.58876,0.58892,3339.3
2024.07.25 20:00:00,0.58889,0.5889,0.5883,0.58866,1846.35
2024.07.25 21:00:00,0.5883,0.58903,0.58829,0.58853,2215.69
2024.07.25 22:00:00,0.58852,0.58873,0.58841,0.58848,1066.41
2024.07.25 23:00:00,0.58848,0.58894,0.58846,0.58886,963.6
2024.07.26 00:00:00,0.58886,0.5892,0.58864,0.58871,3918.15
2024.07.26 01:00:00,0.58871,0.58946,0.58845,0.5892,3061.5
2024.07.26 02:00:00,0.5892,0.58936,0.58853,0.58866,3180.15
2024.07.26 03:00:00,0.58867,0.58872,0.58826,0.58856,1600.65
2024.07.26 04:00:00,0.58859,0.58918,0.58859,0.58884,804.6
2024.07.26 05:00:00,0.58885,0.58918,0.58884,0.58903,1292.7
2024.07.26 06:00:00,0.58904,0.58946,0.58894,0.58934,1391.85
2024.07.26 07:00:00,0.58933,0.59005,0.58909,0.58995,2608.65
2024.07.26 08:00:00,0.58996,0.59041,0.58938,0.59024,2112.45
2024.07.26 09:00:00,0.59022,0.59022,0.58959,0.58964,1379.7
2024.07.26 10:00:00,0.58966,0.5897,0.58929,0.58959,1359.9
2024.07.26 11:00:00,0.58957,0.58957,0.58913,0.58946,1594.5
2024.07.26 12:00:00,0.58946,0.58984,0.58825,0.58944,7922.1
2024.07.26 13:00:00,0.58943,0.59052,0.58941,0.58999,9440.85
2024.07.26 14:00:00,0.59002,0.59015,0.58874,0.58899,9776.4
2024.07.26 15:00:00,0.58901,0.5895,0.58879,0.58942,3712.8
2024.07.26 16:00:00,0.58942,0.58986,0.58933,0.5898,3448.2
2024.07.26 17:00:00,0.58983,0.58985,0.58899,0.58926,2274
2024.07.26 18:00:00,0.58925,0.58946,0.58879,0.589,2054.25
2024.07.26 19:00:00,0.58895,0.58924,0.58875,0.58881,3403.65
2024.07.26 20:00:00,0.58879,0.58899,0.58865,0.58872,1124.1
2024.07.28 21:00:00,0.58873,0.58932,0.58863,0.58909,424.95
2024.07.28 22:00:00,0.58909,0.58951,0.58862,0.58868,2145.6
2024.07.28 23:00:00,0.5887,0.58952,0.58858,0.58879,2002.65
2024.07.29 00:00:00,0.58878,0.58994,0.58866,0.58972,2618.25
2024.07.29 01:00:00,0.58972,0.58999,0.58937,0.58979,2221.05
2024.07.29 02:00:00,0.58979,0.59001,0.5895,0.5896,1520.25
2024.07.29 03:00:00,0.58957,0.58977,0.58945,0.58976,1009.8
2024.07.29 04:00:00,0.58977,0.58979,0.58843,0.58852,1532.25
2024.07.29 05:00:00,0.58854,0.58908,0.58837,0.58846,1188
2024.07.29 06:00:00,0.58844,0.58922,0.58844,0.58904,1860.75
2024.07.29 07:00:00,0.58904,0.58907,0.58779,0.58809,2559.9
2024.07.29 08:00:00,0.58811,0.58811,0.58743,0.58782,2284.95
2024.07.29 09:00:00,0.58782,0.58827,0.58765,0.5882,1181.4
2024.07.29 10:00:00,0.5882,0.58861,0.58808,0.5882,1142.4
2024.07.29 11:00:00,0.58818,0.58818,0.5872,0.58722,1611.52
2024.07.29 12:00:00,0.58721,0.58743,0.58676,0.58676,2203.65
2024.07.29 13:00:00,0.58676,0.58705,0.58647,0.5867,3333
2024.07.29 14:00:00,0.58673,0.58684,0.58574,0.58655,5307.15
2024.07.29 15:00:00,0.58656,0.58726,0.58651,0.58696,4529.4
2024.07.29 16:00:00,0.58696,0.58766,0.58668,0.58741,4172.55
2024.07.29 17:00:00,0.58743,0.58771,0.58713,0.58754,2428.05
2024.07.29 18:00:00,0.58755,0.58761,0.58723,0.58749,2323.05
2024.07.29 19:00:00,0.58751,0.58793,0.58748,0.58762,2504.1
2024.07.29 20:00:00,0.5876,0.58762,0.58742,0.58754,480.45
2024.07.29 21:00:00,0.58748,0.58774,0.5864,0.58762,604.8
2024.07.29 22:00:00,0.58766,0.58816,0.58758,0.58813,1098.3
2024.07.29 23:00:00,0.58814,0.58814,0.5876,0.58762,945.75
2024.07.30 00:00:00,0.58761,0.58776,0.58714,0.58767,2048.85
2024.07.30 01:00:00,0.58766,0.58794,0.58674,0.58689,2490.9
2024.07.30 02:00:00,0.58689,0.58825,0.58686,0.58801,1394.25
2024.07.30 03:00:00,0.58803,0.58869,0.58789,0.58865,1009.5
2024.07.30 04:00:00,0.58866,0.58938,0.58864,0.58908,1393.5
2024.07.30 05:00:00,0.58906,0.58926,0.5889,0.589,1344.45
2024.07.30 06:00:00,0.58898,0.58992,0.58887,0.58986,2629.95
2024.07.30 07:00:00,0.58986,0.59009,0.58899,0.5892,2417.07
2024.07.30 08:00:00,0.58922,0.59,0.58917,0.58949,2326.5
2024.07.30 09:00:00,0.58951,0.58962,0.58926,0.5895,1507.5
2024.07.30 10:00:00,0.5895,0.58953,0.58905,0.58916,1396.95
2024.07.30 11:00:00,0.58915,0.58916,0.58871,0.58874,958.2
2024.07.30 12:00:00,0.58875,0.58878,0.58833,0.58865,1905.75
2024.07.30 13:00:00,0.58867,0.58949,0.58863,0.5894,3837.9
2024.07.30 14:00:00,0.58942,0.58989,0.58859,0.5897,6147.43
2024.07.30 15:00:00,0.58972,0.58978,0.58931,0.58963,3878.99
2024.07.30 16:00:00,0.58964,0.59051,0.5895,0.59001,2453.85
2024.07.30 17:00:00,0.59001,0.59051,0.58957,0.59,4334.1
2024.07.30 18:00:00,0.59002,0.59042,0.58986,0.59002,2012.64
2024.07.30 19:00:00,0.59,0.59035,0.58972,0.59014,2216.76
2024.07.30 20:00:00,0.59013,0.59038,0.58978,0.59022,1594.65
2024.07.30 21:00:00,0.59019,0.59037,0.58911,0.59026,3592.65
2024.07.30 22:00:00,0.59027,0.59061,0.59026,0.59041,1442.1
2024.07.30 23:00:00,0.59042,0.5907,0.59006,0.59023,1299.9
2024.07.31 00:00:00,0.59025,0.59079,0.58978,0.5904,3348.45
2024.07.31 01:00:00,0.59041,0.59248,0.58874,0.59074,9888.8
2024.07.31 02:00:00,0.59073,0.59137,0.59044,0.59062,4671.12
2024.07.31 03:00:00,0.59061,0.59143,0.59031,0.59031,3748.8
2024.07.31 04:00:00,0.59034,0.59069,0.59002,0.59067,4896.75
2024.07.31 05:00:00,0.59068,0.59079,0.58962,0.59057,2871.3
2024.07.31 06:00:00,0.59059,0.59263,0.59043,0.59259,5007.81
2024.07.31 07:00:00,0.59258,0.59282,0.59147,0.59237,7003.44
2024.07.31 08:00:00,0.59236,0.59238,0.59055,0.5915,5582.7
2024.07.31 09:00:00,0.59149,0.59179,0.59098,0.5917,2335.2
2024.07.31 10:00:00,0.59169,0.59188,0.5911,0.59179,1966.2
2024.07.31 11:00:00,0.59181,0.59239,0.59161,0.59195,1949.7
2024.07.31 12:00:00,0.59192,0.59342,0.59175,0.59328,4916.52
2024.07.31 13:00:00,0.59328,0.59479,0.5932,0.59469,4341.65
2024.07.31 14:00:00,0.59472,0.59472,0.59333,0.59394,6491.88
2024.07.31 15:00:00,0.59394,0.59472,0.5935,0.59463,3736.63
2024.07.31 16:00:00,0.59461,0.59465,0.59395,0.59434,2227.2
2024.07.31 17:00:00,0.59434,0.59497,0.59401,0.59485,2011.35
2024.07.31 18:00:00,0.59485,0.59601,0.59323,0.59523,12097.92
2024.07.31 19:00:00,0.59522,0.59613,0.59454,0.59516,5884.38
2024.07.31 20:00:00,0.59516,0.59535,0.5949,0.59496,1830.75
2024.07.31 21:00:00,0.59446,0.59522,0.59445,0.59504,3061.2
2024.07.31 22:00:00,0.59499,0.59565,0.59492,0.59524,803.98
2024.07.31 23:00:00,0.59526,0.59547,0.59487,0.5951,895.35
2024.08.01 00:00:00,0.59509,0.59607,0.59494,0.59578,3362.1
2024.08.01 01:00:00,0.59577,0.59625,0.5952,0.5953,4215.3
2024.08.01 02:00:00,0.5953,0.59614,0.59442,0.59557,5563.8
2024.08.01 03:00:00,0.59556,0.59572,0.59484,0.59504,4220.94
2024.08.01 04:00:00,0.59506,0.59567,0.59504,0.59529,2257.8
2024.08.01 05:00:00,0.59531,0.59549,0.59472,0.59543,4783.6
2024.08.01 06:00:00,0.59541,0.59544,0.5942,0.59483,4344.54
2024.08.01 07:00:00,0.59483,0.59536,0.59454,0.59475,3330.9
2024.08.01 08:00:00,0.59476,0.5948,0.59381,0.59386,3690.18
2024.08.01 09:00:00,0.59386,0.59441,0.59374,0.59415,2005.35
2024.08.01 10:00:00,0.59417,0.59472,0.59403,0.59416,1627.05
2024.08.01 11:00:00,0.59415,0.59466,0.594,0.59444,2849.61
2024.08.01 12:00:00,0.59447,0.59586,0.59434,0.59568,6333.54
2024.08.01 13:00:00,0.59569,0.59756,0.59517,0.59752,4271.85
2024.08.01 14:00:00,0.59741,0.59817,0.59606,0.59611,9521.03
2024.08.01 15:00:00,0.5961,0.59614,0.59538,0.59598,5054.71
2024.08.01 16:00:00,0.59599,0.59638,0.59519,0.59557,4095.3
2024.08.01 17:00:00,0.59558,0.59576,0.59493,0.59531,4336.5
2024.08.01 18:00:00,0.59531,0.59541,0.59421,0.59459,3612.3
2024.08.01 19:00:00,0.59457,0.59506,0.59406,0.59491,2872.65
2024.08.01 20:00:00,0.5949,0.595,0.59425,0.59482,1633.35
2024.08.01 21:00:00,0.59466,0.59486,0.59402,0.59459,2263.78
2024.08.01 22:00:00,0.5946,0.59475,0.59398,0.59407,1960.08
2024.08.01 23:00:00,0.59407,0.59443,0.59335,0.59351,1816.35
2024.08.02 00:00:00,0.59353,0.59379,0.59301,0.59367,4239.51
2024.08.02 01:00:00,0.59366,0.59503,0.59349,0.59439,2867.25
2024.08.02 02:00:00,0.5944,0.59493,0.59373,0.59488,3199.65
2024.08.02 03:00:00,0.59489,0.59497,0.59441,0.59456,2018.55
2024.08.02 04:00:00,0.59456,0.5956,0.59448,0.59517,1944.6
2024.08.02 05:00:00,0.59517,0.59558,0.59474,0.59552,3475.44
2024.08.02 06:00:00,0.59552,0.59603,0.59521,0.59567,4904.53
2024.08.02 07:00:00,0.59568,0.59576,0.59474,0.59482,5847.9
2024.08.02 08:00:00,0.59483,0.59524,0.59415,0.59451,3492.3
2024.08.02 09:00:00,0.5945,0.59502,0.59416,0.59501,2324.25
2024.08.02 10:00:00,0.59502,0.59527,0.59451,0.59516,2274.6
2024.08.02 11:00:00,0.59515,0.59568,0.59503,0.59521,2518.95
2024.08.02 12:00:00,0.59521,0.59813,0.59426,0.5969,15020.63
2024.08.02 13:00:00,0.5969,0.59843,0.59644,0.59802,10791.64
2024.08.02 14:00:00,0.59802,0.59836,0.59691,0.59701,9977.59
2024.08.02 15:00:00,0.59703,0.59756,0.59637,0.59706,8834.52
2024.08.02 16:00:00,0.59706,0.59706,0.59605,0.59628,7930.35
2024.08.02 17:00:00,0.5963,0.59654,0.59554,0.59571,5688
2024.08.02 18:00:00,0.59572,0.59667,0.59566,0.59593,3510.3
2024.08.02 19:00:00,0.59593,0.59659,0.59578,0.59649,3029.92
2024.08.02 20:00:00,0.59649,0.59654,0.59557,0.59557,2620.05
2024.08.04 21:00:00,0.59526,0.59574,0.59395,0.59547,1164.9
2024.08.04 22:00:00,0.59546,0.59564,0.59394,0.59504,5708.19
2024.08.04 23:00:00,0.59505,0.59514,0.59424,0.5946,5025.12
2024.08.05 00:00:00,0.59461,0.5958,0.59373,0.59507,8351.55
2024.08.05 01:00:00,0.59507,0.59549,0.59443,0.5949,8824.34
2024.08.05 02:00:00,0.5949,0.59573,0.5945,0.59534,5935.22
2024.08.05 03:00:00,0.59535,0.5957,0.59493,0.59514,4761.3
2024.08.05 04:00:00,0.59516,0.59538,0.59323,0.59427,7941.87
2024.08.05 05:00:00,0.59428,0.59442,0.59013,0.59028,12313.65
2024.08.05 06:00:00,0.59027,0.59128,0.58493,0.58934,21422.97
2024.08.05 07:00:00,0.58933,0.59304,0.58933,0.59257,14639.04
2024.08.05 08:00:00,0.59257,0.59364,0.59187,0.59246,10223.69
2024.08.05 09:00:00,0.59246,0.59401,0.5922,0.59318,7442.28
2024.08.05 10:00:00,0.5932,0.59402,0.59249,0.59387,5183.73
2024.08.05 11:00:00,0.59389,0.59407,0.59295,0.59375,5762.19
2024.08.05 12:00:00,0.59376,0.59433,0.59311,0.59326,15400.65
2024.08.05 13:00:00,0.59325,0.59708,0.593,0.59545,25053.95
2024.08.05 14:00:00,0.59545,0.59651,0.59262,0.59304,26866.16
2024.08.05 15:00:00,0.59303,0.59395,0.59203,0.59287,17436.66
2024.08.05 16:00:00,0.59285,0.59373,0.59232,0.59255,12481.34
2024.08.05 17:00:00,0.59255,0.59344,0.5925,0.59291,9313.14
2024.08.05 18:00:00,0.59292,0.59368,0.59254,0.59258,4840.47
2024.08.05 19:00:00,0.59258,0.59367,0.59256,0.59342,3318.27
2024.08.05 20:00:00,0.59341,0.59398,0.59304,0.59398,2416.8
2024.08.05 21:00:00,0.59356,0.59377,0.59307,0.59375,2421.1
2024.08.05 22:00:00,0.5937,0.59447,0.59356,0.59438,2645.95
2024.08.05 23:00:00,0.59438,0.5957,0.59438,0.59495,5550.7
2024.08.06 00:00:00,0.59498,0.59799,0.59483,0.59742,9548.41
2024.08.06 01:00:00,0.59745,0.59762,0.59478,0.59534,8736.9
2024.08.06 02:00:00,0.59534,0.59561,0.59484,0.59511,6423.85
2024.08.06 03:00:00,0.59512,0.59548,0.59444,0.5945,4846.47
2024.08.06 04:00:00,0.59447,0.59466,0.59219,0.59289,6420.15
2024.08.06 05:00:00,0.5929,0.59335,0.59239,0.59279,7531.75
2024.08.06 06:00:00,0.59276,0.59295,0.59195,0.5928,9566.7
2024.08.06 07:00:00,0.59279,0.5932,0.59157,0.59172,11703.66
2024.08.06 08:00:00,0.59172,0.59331,0.59145,0.593,6558.75
2024.08.06 09:00:00,0.59299,0.59299,0.59167,0.59206,7783.86
2024.08.06 10:00:00,0.59208,0.59232,0.59145,0.59194,6401.16
2024.08.06 11:00:00,0.59195,0.59224,0.59137,0.59175,5628.96
2024.08.06 12:00:00,0.59177,0.59251,0.59128,0.5913,7967.55
2024.08.06 13:00:00,0.59129,0.59376,0.59126,0.59367,9666.45
2024.08.06 14:00:00,0.59366,0.59523,0.59329,0.59409,11493.69
2024.08.06 15:00:00,0.59409,0.59533,0.59399,0.59497,8829.75
2024.08.06 16:00:00,0.59498,0.59591,0.59479,0.59578,5435.68
2024.08.06 17:00:00,0.59576,0.59604,0.59527,0.59559,4706.7
2024.08.06 18:00:00,0.59558,0.59633,0.59548,0.59582,3114.9
2024.08.06 19:00:00,0.59582,0.596,0.59514,0.59539,4726.74
2024.08.06 20:00:00,0.59539,0.59554,0.59516,0.59528,1959.75
2024.08.06 21:00:00,0.59484,0.59557,0.59484,0.59522,3687.01
2024.08.06 22:00:00,0.59517,0.59921,0.59514,0.59846,6625.24
2024.08.06 23:00:00,0.59846,0.59864,0.59653,0.5973,5394.06
2024.08.07 00:00:00,0.59731,0.5998,0.59706,0.59968,8908.74
2024.08.07 01:00:00,0.59969,0.60121,0.59938,0.59949,10876.34
2024.08.07 02:00:00,0.59948,0.60097,0.59931,0.60012,8153.76
2024.08.07 03:00:00,0.60014,0.6013,0.59981,0.60113,4985.31
2024.08.07 04:00:00,0.60114,0.60174,0.60066,0.60076,4340.94
2024.08.07 05:00:00,0.60077,0.60164,0.60076,0.60145,4375.71
2024.08.07 06:00:00,0.60142,0.60154,0.60018,0.60082,6404.88
2024.08.07 07:00:00,0.60083,0.60152,0.60014,0.60096,8146.16
2024.08.07 08:00:00,0.60097,0.60197,0.60076,0.6015,4806.9
2024.08.07 09:00:00,0.60151,0.60197,0.60109,0.60179,4426.44
2024.08.07 10:00:00,0.60178,0.60248,0.60143,0.60222,3041.85
2024.08.07 11:00:00,0.60221,0.60239,0.60157,0.60177,2831.76
2024.08.07 12:00:00,0.60179,0.60244,0.60151,0.60195,4608.09
2024.08.07 13:00:00,0.60195,0.60212,0.60084,0.60115,4656.12
2024.08.07 14:00:00,0.60113,0.60176,0.60062,0.60161,5295.8
2024.08.07 15:00:00,0.60163,0.60226,0.60085,0.60114,4687.93
2024.08.07 16:00:00,0.60115,0.6014,0.6005,0.60088,4573.5
2024.08.07 17:00:00,0.60088,0.60088,0.59989,0.59994,5213.55
2024.08.07 18:00:00,0.59994,0.60017,0.59889,0.59906,5643.45
2024.08.07 19:00:00,0.59904,0.5998,0.59903,0.59953,2728.35
2024.08.07 20:00:00,0.59954,0.59964,0.59919,0.5993,1437.6
2024.08.07 21:00:00,0.59901,0.5994,0.59879,0.59922,2068.36
2024.08.07 22:00:00,0.59924,0.59957,0.5989,0.59914,3033.78
2024.08.07 23:00:00,0.59915,0.59933,0.59815,0.59891,4178.97
2024.08.08 00:00:00,0.59891,0.59981,0.5986,0.59947,5780.16
2024.08.08 01:00:00,0.59946,0.60012,0.59934,0.59976,5228.04
2024.08.08 02:00:00,0.59977,0.60094,0.59974,0.60031,4237.95
2024.08.08 03:00:00,0.6003,0.60048,0.59892,0.60042,3914.22
2024.08.08 04:00:00,0.60044,0.60082,0.59969,0.60008,3783.9
2024.08.08 05:00:00,0.60009,0.60019,0.59964,0.59991,3475.8
2024.08.08 06:00:00,0.59994,0.60067,0.59966,0.60037,3770.07
2024.08.08 07:00:00,0.60038,0.60043,0.59906,0.59934,5073.61
2024.08.08 08:00:00,0.59935,0.59991,0.5993,0.59974,3016.65
2024.08.08 09:00:00,0.59974,0.60001,0.59875,0.59914,3079.5
2024.08.08 10:00:00,0.59914,0.5994,0.59892,0.59925,2566.95
2024.08.08 11:00:00,0.59927,0.59963,0.59899,0.59925,2484.3
2024.08.08 12:00:00,0.59925,0.59992,0.59782,0.5981,7694.25
2024.08.08 13:00:00,0.59812,0.59871,0.59768,0.59841,9109.62
2024.08.08 14:00:00,0.59845,0.60057,0.59836,0.5998,8607.27
2024.08.08 15:00:00,0.5998,0.60024,0.59952,0.60009,5782.17
2024.08.08 16:00:00,0.60009,0.60057,0.59955,0.5997,3647.11
2024.08.08 17:00:00,0.5997,0.60053,0.59944,0.60016,3896.17
2024.08.08 18:00:00,0.60015,0.60091,0.60009,0.60087,2058.9
2024.08.08 19:00:00,0.60087,0.60088,0.60044,0.60063,2906.25
2024.08.08 20:00:00,0.60066,0.60137,0.60063,0.60126,1041.9
2024.08.08 21:00:00,0.60108,0.60128,0.60018,0.6012,1620.42
2024.08.08 22:00:00,0.60127,0.60143,0.60061,0.60079,1978.29
2024.08.08 23:00:00,0.60079,0.60114,0.60049,0.60053,1616.64
2024.08.09 00:00:00,0.60051,0.6007,0.60014,0.60055,3184.59
2024.08.09 01:00:00,0.60055,0.60237,0.60055,0.60206,3459.3
2024.08.09 02:00:00,0.60206,0.60327,0.60168,0.60302,3159.84
2024.08.09 03:00:00,0.60301,0.60327,0.60264,0.60325,2452.2
2024.08.09 04:00:00,0.60324,0.60345,0.60247,0.60252,2951.85
2024.08.09 05:00:00,0.60252,0.60337,0.60181,0.60254,4236.39
2024.08.09 06:00:00,0.60253,0.60296,0.60223,0.60279,4753.69
2024.08.09 07:00:00,0.60279,0.60309,0.60195,0.60208,3362.55
2024.08.09 08:00:00,0.60208,0.60258,0.60195,0.60253,2510.67
2024.08.09 09:00:00,0.60252,0.60254,0.60171,0.60209,2224.65
2024.08.09 10:00:00,0.60209,0.60221,0.6013,0.60133,2207.55
2024.08.09 11:00:00,0.60132,0.60171,0.6012,0.60156,2187.87
2024.08.09 12:00:00,0.60156,0.60158,0.60059,0.6009,3532.2
2024.08.09 13:00:00,0.60089,0.60157,0.60053,0.60091,5013.3
2024.08.09 14:00:00,0.60093,0.6021,0.60087,0.60197,7866.3
2024.08.09 15:00:00,0.60193,0.60217,0.60094,0.60112,5564.4
2024.08.09 16:00:00,0.60113,0.60113,0.60038,0.60066,3869.85
2024.08.09 17:00:00,0.60068,0.60084,0.60015,0.60019,3392.4
2024.08.09 18:00:00,0.60019,0.60019,0.59939,0.59997,3324.45
2024.08.09 19:00:00,0.59995,0.60016,0.5998,0.6001,1277.25
2024.08.09 20:00:00,0.60009,0.60019,0.59956,0.59966,1533.3
2024.08.11 21:00:00,0.59975,0.59985,0.59945,0.59963,322.74
2024.08.11 22:00:00,0.5997,0.59988,0.59905,0.59941,1813.43
2024.08.11 23:00:00,0.5994,0.59968,0.5989,0.59922,1691.35
2024.08.12 00:00:00,0.59923,0.60115,0.59915,0.60073,3066.6
2024.08.12 01:00:00,0.60075,0.60158,0.60074,0.60101,3040.05
2024.08.12 02:00:00,0.60103,0.60112,0.60069,0.60082,2637.67
2024.08.12 03:00:00,0.60081,0.60115,0.60081,0.60105,974.85
2024.08.12 04:00:00,0.60106,0.60154,0.60094,0.60125,909.9
2024.08.12 05:00:00,0.60124,0.60153,0.60103,0.60113,1196.1
2024.08.12 06:00:00,0.60114,0.60187,0.60111,0.60136,3194.34
2024.08.12 07:00:00,0.60137,0.60267,0.60063,0.60259,3852.24
2024.08.12 08:00:00,0.6026,0.60311,0.60215,0.60274,2712.01
2024.08.12 09:00:00,0.60276,0.60305,0.60241,0.60304,1743.8
2024.08.12 10:00:00,0.60302,0.60308,0.60255,0.60275,1570.65
2024.08.12 11:00:00,0.60275,0.603,0.60251,0.6029,1293.42
2024.08.12 12:00:00,0.60291,0.60324,0.60196,0.60215,3315.21
2024.08.12 13:00:00,0.60216,0.60296,0.602,0.6022,3592.8
2024.08.12 14:00:00,0.60222,0.60283,0.60186,0.60263,3395.55
2024.08.12 15:00:00,0.60261,0.60296,0.60159,0.60199,4034.79
2024.08.12 16:00:00,0.602,0.60201,0.60138,0.60141,2312.9
2024.08.12 17:00:00,0.6014,0.60223,0.60125,0.60195,2511.75
2024.08.12 18:00:00,0.60196,0.60217,0.60177,0.60206,1386.6
2024.08.12 19:00:00,0.60206,0.60224,0.60175,0.60181,3213.6
2024.08.12 20:00:00,0.60178,0.60178,0.60155,0.60156,1324.8
2024.08.12 21:00:00,0.60141,0.60196,0.60137,0.60175,1427.76
2024.08.12 22:00:00,0.60174,0.60256,0.60168,0.60229,2170.32
2024.08.12 23:00:00,0.6023,0.60247,0.602,0.60221,1326.9
2024.08.13 00:00:00,0.60222,0.60252,0.60168,0.60231,2807.25
2024.08.13 01:00:00,0.6023,0.60276,0.6018,0.60268,3183.75
2024.08.13 02:00:00,0.6027,0.60302,0.60258,0.60274,1453.35
2024.08.13 03:00:00,0.60274,0.60335,0.60258,0.60285,2647.05
2024.08.13 04:00:00,0.60286,0.6037,0.60286,0.60345,1357.8
2024.08.13 05:00:00,0.60343,0.60362,0.603,0.60343,1341.06
2024.08.13 06:00:00,0.60348,0.60382,0.60283,0.60356,3300.39
2024.08.13 07:00:00,0.60355,0.6044,0.60345,0.60425,2149.44
2024.08.13 08:00:00,0.60424,0.60452,0.60382,0.60382,1773.75
2024.08.13 09:00:00,0.60383,0.60418,0.6033,0.60408,1819.59
2024.08.13 10:00:00,0.60409,0.60426,0.60343,0.60358,1791.45
2024.08.13 11:00:00,0.60357,0.60435,0.60345,0.60412,1854.53
2024.08.13 12:00:00,0.60409,0.60564,0.60374,0.60524,5355.94
2024.08.13 13:00:00,0.60525,0.60633,0.60457,0.60596,7197.09
2024.08.13 14:00:00,0.60595,0.60628,0.60507,0.60563,5314.83
2024.08.13 15:00:00,0.60564,0.60594,0.6052,0.60581,3394.5
2024.08.13 16:00:00,0.60579,0.60705,0.60575,0.60688,2655.15
2024.08.13 17:00:00,0.60687,0.60715,0.60655,0.60691,2953.2
2024.08.13 18:00:00,0.60692,0.60798,0.60692,0.60797,2295.15
2024.08.13 19:00:00,0.60797,0.60812,0.6077,0.60778,2116.35
2024.08.13 20:00:00,0.60778,0.60781,0.60742,0.60742,4207.29
2024.08.13 21:00:00,0.60738,0.60771,0.60615,0.60739,3598.86
2024.08.13 22:00:00,0.60739,0.60759,0.60708,0.60752,2289.9
2024.08.13 23:00:00,0.60753,0.60809,0.60753,0.6078,936.15
2024.08.14 00:00:00,0.60781,0.60835,0.60779,0.60795,3304.35
2024.08.14 01:00:00,0.60795,0.608,0.60679,0.60739,4784.81
2024.08.14 02:00:00,0.60732,0.60732,0.60226,0.60332,9880.67
2024.08.14 03:00:00,0.60334,0.60335,0.60097,0.60129,7279.86
2024.08.14 04:00:00,0.60128,0.60134,0.60038,0.60067,3820.54
2024.08.14 05:00:00,0.60067,0.60187,0.60022,0.60173,3831.09
2024.08.14 06:00:00,0.60176,0.60182,0.60076,0.60158,5578.42
2024.08.14 07:00:00,0.60159,0.60204,0.60112,0.60126,3506.55
2024.08.14 08:00:00,0.60126,0.60138,0.60036,0.60115,3472.98
2024.08.14 09:00:00,0.60114,0.60172,0.60091,0.60169,1827.74
2024.08.14 10:00:00,0.6017,0.60232,0.6009,0.60224,1813.89
2024.08.14 11:00:00,0.60226,0.60238,0.60159,0.60174,2453.85
2024.08.14 12:00:00,0.60172,0.60284,0.60026,0.60096,9733.26
2024.08.14 13:00:00,0.60095,0.60216,0.60034,0.60164,7100.45
2024.08.14 14:00:00,0.60162,0.60305,0.601,0.60271,6920.82
2024.08.14 15:00:00,0.60269,0.60277,0.60152,0.60194,4208.15
2024.08.14 16:00:00,0.60194,0.60199,0.60086,0.60113,2631.24
2024.08.14 17:00:00,0.60113,0.60123,0.59994,0.60009,2486.77
2024.08.14 18:00:00,0.60009,0.60018,0.59944,0.59991,1494.3
2024.08.14 19:00:00,0.59988,0.59995,0.59955,0.59977,1298.55
2024.08.14 20:00:00,0.59976,0.59989,0.59955,0.59982,732.3
2024.08.14 21:00:00,0.59979,0.6001,0.59971,0.59994,1277.7
2024.08.14 22:00:00,0.59999,0.60023,0.59966,0.59985,1069.26
2024.08.14 23:00:00,0.59985,0.60005,0.59924,0.5998,1251.39
2024.08.15 00:00:00,0.59977,0.60013,0.59926,0.59949,2999.37
2024.08.15 01:00:00,0.59949,0.59959,0.5983,0.59923,7119.08
2024.08.15 02:00:00,0.59922,0.60018,0.59899,0.5998,3496.47
2024.08.15 03:00:00,0.59981,0.60068,0.59978,0.60029,2275.23
2024.08.15 04:00:00,0.60031,0.6007,0.60022,0.60043,1993.98
2024.08.15 05:00:00,0.60043,0.60086,0.60013,0.60049,2090.49
2024.08.15 06:00:00,0.60053,0.60088,0.60036,0.60061,1900.5
2024.08.15 07:00:00,0.60062,0.60083,0.60008,0.60065,2069.03
2024.08.15 08:00:00,0.60067,0.60071,0.59982,0.59986,1868.17
2024.08.15 09:00:00,0.59985,0.60082,0.5997,0.60079,1777.2
2024.08.15 10:00:00,0.60081,0.60121,0.6006,0.60069,1172.64
2024.08.15 11:00:00,0.6007,0.60143,0.60066,0.60129,1363.95
2024.08.15 12:00:00,0.60129,0.60136,0.59811,0.59861,8104.77
2024.08.15 13:00:00,0.59862,0.59967,0.59739,0.59964,8708.39
2024.08.15 14:00:00,0.59966,0.60099,0.59886,0.60091,6676.16
2024.08.15 15:00:00,0.60092,0.60124,0.60041,0.60049,4039.95
2024.08.15 16:00:00,0.6005,0.60106,0.59985,0.6,2542.89
2024.08.15 17:00:00,0.60001,0.60017,0.59863,0.59865,2418.96
2024.08.15 18:00:00,0.59867,0.59917,0.59858,0.59903,1965.6
2024.08.15 19:00:00,0.59903,0.59935,0.5987,0.59879,1722
2024.08.15 20:00:00,0.59879,0.59883,0.59823,0.59835,881.67
2024.08.15 21:00:00,0.59836,0.59878,0.59826,0.59867,1556.34
2024.08.15 22:00:00,0.59866,0.59878,0.59805,0.59835,1627.01
2024.08.15 23:00:00,0.59835,0.59856,0.59781,0.59796,964.05
2024.08.16 00:00:00,0.598,0.59887,0.59795,0.59882,2617.95
2024.08.16 01:00:00,0.59883,0.60026,0.59848,0.60013,2414.52
2024.08.16 02:00:00,0.60013,0.60038,0.59994,0.60023,2709.6
2024.08.16 03:00:00,0.60023,0.601,0.60011,0.60079,1434.15
2024.08.16 04:00:00,0.60081,0.60144,0.60068,0.60141,733.35
2024.08.16 05:00:00,0.60141,0.60252,0.60129,0.60191,2487.6
2024.08.16 06:00:00,0.60194,0.60197,0.60151,0.60165,1826.85
2024.08.16 07:00:00,0.60164,0.60182,0.60111,0.60152,2302.14
2024.08.16 08:00:00,0.60153,0.60183,0.60136,0.60183,1520.25
2024.08.16 09:00:00,0.60183,0.60272,0.6018,0.60236,1382.25
2024.08.16 10:00:00,0.60235,0.60259,0.60197,0.60241,1463.1
2024.08.16 11:00:00,0.6024,0.60281,0.60187,0.60276,2144.46
2024.08.16 12:00:00,0.60275,0.60281,0.6019,0.60232,3028.44
2024.08.16 13:00:00,0.60234,0.60331,0.60225,0.60287,3353.94
2024.08.16 14:00:00,0.60288,0.60288,0.60145,0.60215,5146.02
2024.08.16 15:00:00,0.60215,0.60341,0.60215,0.60336,2696.55
2024.08.16 16:00:00,0.60336,0.60422,0.6032,0.60405,1786.77
2024.08.16 17:00:00,0.60408,0.60478,0.60393,0.60471,1730.82
2024.08.16 18:00:00,0.60471,0.60551,0.60458,0.6053,1377.6
2024.08.16 19:00:00,0.6053,0.60541,0.60496,0.6052,2156.7
2024.08.16 20:00:00,0.60518,0.60548,0.60503,0.60511,2224.65
2024.08.18 21:00:00,0.60368,0.60489,0.60366,0.60456,691.74
2024.08.18 22:00:00,0.60457,0.60568,0.60457,0.60536,1509.15
2024.08.18 23:00:00,0.60537,0.60595,0.60528,0.60564,1151.1
2024.08.19 00:00:00,0.60569,0.60615,0.60541,0.60555,2485.2
2024.08.19 01:00:00,0.60561,0.60695,0.60549,0.6069,3343.65
2024.08.19 02:00:00,0.60691,0.60721,0.60611,0.60705,2377.65
2024.08.19 03:00:00,0.60704,0.60801,0.60673,0.60785,2402.73
2024.08.19 04:00:00,0.60784,0.60859,0.6077,0.60802,2368.98
2024.08.19 05:00:00,0.60804,0.60836,0.60728,0.60798,3531.29
2024.08.19 06:00:00,0.60798,0.60826,0.60728,0.60741,3368.34
2024.08.19 07:00:00,0.6074,0.6079,0.60694,0.60717,2974.68
2024.08.19 08:00:00,0.60716,0.60756,0.60664,0.60712,2689.95
2024.08.19 09:00:00,0.60711,0.60727,0.60664,0.6068,1401
2024.08.19 10:00:00,0.60678,0.60732,0.60672,0.60687,1353.6
2024.08.19 11:00:00,0.60687,0.60769,0.60687,0.60765,1556.55
2024.08.19 12:00:00,0.60766,0.60794,0.60706,0.60731,1991.83
2024.08.19 13:00:00,0.6073,0.60792,0.6068,0.60792,2528.55
2024.08.19 14:00:00,0.60793,0.60979,0.60792,0.60921,4460.13
2024.08.19 15:00:00,0.6092,0.60976,0.60899,0.60925,3617.4
2024.08.19 16:00:00,0.60924,0.60961,0.60895,0.60936,2301.75
2024.08.19 17:00:00,0.60935,0.61062,0.60915,0.6106,1960.05
2024.08.19 18:00:00,0.6106,0.61112,0.61046,0.61094,1639.5
2024.08.19 19:00:00,0.61094,0.61117,0.61062,0.61096,1249.32
2024.08.19 20:00:00,0.61097,0.61165,0.61081,0.61111,2049.72
2024.08.19 21:00:00,0.61098,0.61133,0.61056,0.61102,2362.26
2024.08.19 22:00:00,0.61103,0.61153,0.61083,0.6115,513.16
2024.08.19 23:00:00,0.6115,0.61169,0.61132,0.61169,1120.17
2024.08.20 00:00:00,0.6117,0.61195,0.61123,0.61183,2586.02
2024.08.20 01:00:00,0.6119,0.61246,0.61131,0.61218,3307.95
2024.08.20 02:00:00,0.61217,0.61247,0.6112,0.61141,3011.65
2024.08.20 03:00:00,0.61143,0.61153,0.61107,0.6114,2194.8
2024.08.20 04:00:00,0.6114,0.61198,0.6114,0.61183,1734.6
2024.08.20 05:00:00,0.61182,0.61217,0.61164,0.61194,1409.4
2024.08.20 06:00:00,0.61193,0.61322,0.6119,0.61273,2834.07
2024.08.20 07:00:00,0.61273,0.61342,0.61235,0.61309,3001.11
2024.08.20 08:00:00,0.61311,0.61382,0.61298,0.61356,3561.9
2024.08.20 09:00:00,0.61356,0.61387,0.6131,0.61344,2735.73
2024.08.20 10:00:00,0.61344,0.61429,0.61344,0.61403,2519.4
2024.08.20 11:00:00,0.61404,0.61426,0.61358,0.61414,2097.45
2024.08.20 12:00:00,0.61416,0.6144,0.61322,0.61439,3465.56
2024.08.20 13:00:00,0.61438,0.61442,0.6137,0.61429,5631.57
2024.08.20 14:00:00,0.61429,0.61525,0.61379,0.61495,5470.26
2024.08.20 15:00:00,0.61494,0.61494,0.61392,0.61429,5025.99
2024.08.20 16:00:00,0.61433,0.61492,0.61401,0.61445,2283.45
2024.08.20 17:00:00,0.61444,0.61463,0.61411,0.61463,1661.79
2024.08.20 18:00:00,0.61461,0.61568,0.61461,0.61551,2086.35
2024.08.20 19:00:00,0.61548,0.61568,0.6153,0.61532,2136.69
2024.08.20 20:00:00,0.6153,0.61561,0.61524,0.61524,1865.7
2024.08.20 21:00:00,0.61497,0.61542,0.61483,0.61532,2156.85
2024.08.20 22:00:00,0.61533,0.61573,0.61521,0.61559,1297.5
2024.08.20 23:00:00,0.61559,0.61581,0.61548,0.61558,852.72
2024.08.21 00:00:00,0.61558,0.61634,0.61537,0.61625,2185.05
2024.08.21 01:00:00,0.61623,0.61623,0.61472,0.61507,3185.1
2024.08.21 02:00:00,0.61509,0.61539,0.61472,0.61478,1937.25
2024.08.21 03:00:00,0.6148,0.6153,0.61461,0.61476,1032.45
2024.08.21 04:00:00,0.61475,0.61484,0.61382,0.61422,1615.14
2024.08.21 05:00:00,0.61421,0.61475,0.61421,0.61444,1276.05
2024.08.21 06:00:00,0.61443,0.61455,0.61383,0.6143,2777.07
2024.08.21 07:00:00,0.6143,0.61465,0.61319,0.6136,2739
2024.08.21 08:00:00,0.61362,0.61411,0.61348,0.6138,2475.99
2024.08.21 09:00:00,0.6138,0.61423,0.61366,0.61391,1584.24
2024.08.21 10:00:00,0.61392,0.61429,0.61362,0.61418,1334.55
2024.08.21 11:00:00,0.61419,0.61422,0.61349,0.61401,1376.1
2024.08.21 12:00:00,0.61402,0.61468,0.61392,0.61454,2021.4
2024.08.21 13:00:00,0.61454,0.61494,0.61411,0.61453,4244.85
2024.08.21 14:00:00,0.61452,0.61533,0.61337,0.61471,15770.67
2024.08.21 15:00:00,0.61471,0.61653,0.61462,0.61601,5228.34
2024.08.21 16:00:00,0.61599,0.61609,0.61527,0.61555,2521.95
2024.08.21 17:00:00,0.61555,0.61653,0.61552,0.61637,2023.8
2024.08.21 18:00:00,0.61637,0.61778,0.61618,0.61678,3405.54
2024.08.21 19:00:00,0.61676,0.61679,0.61568,0.61588,2088.6
2024.08.21 20:00:00,0.61589,0.61591,0.61534,0.61558,1476.87
2024.08.21 21:00:00,0.61534,0.61586,0.6152,0.61544,1361.58
2024.08.21 22:00:00,0.61541,0.61622,0.61534,0.61615,1668
2024.08.21 23:00:00,0.6162,0.61638,0.61601,0.61614,1057.74
2024.08.22 00:00:00,0.61614,0.61649,0.61536,0.61541,2596.74
2024.08.22 01:00:00,0.61542,0.61552,0.61462,0.61492,3312
2024.08.22 02:00:00,0.61493,0.61505,0.61432,0.61479,2147.7
2024.08.22 03:00:00,0.61481,0.61496,0.61472,0.61495,1043.7
2024.08.22 04:00:00,0.61495,0.61528,0.61475,0.6151,1515
2024.08.22 05:00:00,0.6151,0.61551,0.61481,0.61531,1323.15
2024.08.22 06:00:00,0.6153,0.61614,0.61526,0.61579,2394.3
2024.08.22 07:00:00,0.61579,0.61671,0.61577,0.6165,2813.7
2024.08.22 08:00:00,0.61649,0.61693,0.61602,0.61606,2289.75
2024.08.22 09:00:00,0.61605,0.61623,0.6154,0.61592,1932.15
2024.08.22 10:00:00,0.61594,0.61596,0.61527,0.61553,1934.4
2024.08.22 11:00:00,0.61552,0.6156,0.61458,0.61509,2392.95
2024.08.22 12:00:00,0.6151,0.61594,0.61431,0.61576,4521.45
2024.08.22 13:00:00,0.61577,0.61578,0.61347,0.61412,6723.15
2024.08.22 14:00:00,0.61413,0.61453,0.61275,0.61436,6629.8
2024.08.22 15:00:00,0.61434,0.61437,0.61349,0.61387,3740.55
2024.08.22 16:00:00,0.61387,0.61427,0.61351,0.61376,2847.72
2024.08.22 17:00:00,0.61378,0.61385,0.61316,0.61324,2479.35
2024.08.22 18:00:00,0.61326,0.61418,0.61325,0.61412,2075.85
2024.08.22 19:00:00,0.61412,0.61429,0.61333,0.61359,2576.1
2024.08.22 20:00:00,0.61361,0.61411,0.61307,0.61351,838.08
2024.08.22 21:00:00,0.61316,0.61398,0.61289,0.61364,2618.37
2024.08.22 22:00:00,0.61364,0.61422,0.61346,0.61402,1078.95
2024.08.22 23:00:00,0.61402,0.61453,0.61401,0.6141,851.55
2024.08.23 00:00:00,0.61411,0.61484,0.61402,0.61453,2387.4
2024.08.23 01:00:00,0.61451,0.61542,0.61444,0.61533,2128.05
2024.08.23 02:00:00,0.61533,0.61549,0.61462,0.61494,2152.5
2024.08.23 03:00:00,0.61496,0.61533,0.61488,0.61495,1011
2024.08.23 04:00:00,0.61494,0.61533,0.61491,0.61529,1442.25
2024.08.23 05:00:00,0.61529,0.61551,0.61511,0.61533,1236.3
2024.08.23 06:00:00,0.61537,0.61597,0.61509,0.61554,2018.7
2024.08.23 07:00:00,0.61555,0.61572,0.61472,0.61515,2897.1
2024.08.23 08:00:00,0.61516,0.61549,0.61493,0.61531,2106.3
2024.08.23 09:00:00,0.6153,0.61593,0.61521,0.61553,1590.3
2024.08.23 10:00:00,0.61555,0.61582,0.61525,0.61562,1361.22
2024.08.23 11:00:00,0.61564,0.61603,0.61551,0.61574,1391.73
2024.08.23 12:00:00,0.61574,0.61604,0.61521,0.61592,2648.7
2024.08.23 13:00:00,0.61592,0.61625,0.6152,0.61616,3243
2024.08.23 14:00:00,0.61617,0.62099,0.61611,0.62041,21173.77
2024.08.23 15:00:00,0.62041,0.62226,0.62026,0.62111,8305.08
2024.08.23 16:00:00,0.6211,0.62151,0.62043,0.62143,5742.57
2024.08.23 17:00:00,0.62144,0.62283,0.62133,0.62269,3695.79
2024.08.23 18:00:00,0.62268,0.62341,0.62255,0.62275,2492.4
2024.08.23 19:00:00,0.62272,0.62336,0.62248,0.62325,2107.95
2024.08.23 20:00:00,0.62328,0.62362,0.62315,0.62319,2498.44
2024.08.25 21:00:00,0.62231,0.62312,0.62194,0.62258,1004.03
2024.08.25 22:00:00,0.62259,0.62313,0.62204,0.62239,2931.54
2024.08.25 23:00:00,0.62236,0.62264,0.62204,0.62233,2278.88
2024.08.26 00:00:00,0.62234,0.62323,0.6222,0.62273,3292.24
2024.08.26 01:00:00,0.62273,0.62315,0.62223,0.62234,2998.44
2024.08.26 02:00:00,0.62236,0.623,0.62214,0.62217,1800.3
2024.08.26 03:00:00,0.62218,0.62229,0.62128,0.62155,1655.07
2024.08.26 04:00:00,0.62156,0.62188,0.62131,0.62144,1488.23
2024.08.26 05:00:00,0.62143,0.6216,0.62094,0.62137,1578.14
2024.08.26 06:00:00,0.62137,0.62166,0.62083,0.62097,2940.73
2024.08.26 07:00:00,0.62095,0.62114,0.62027,0.62081,3453.95
2024.08.26 08:00:00,0.62082,0.62129,0.62054,0.62067,2566.36
2024.08.26 09:00:00,0.62065,0.62083,0.6204,0.6205,1936.72
2024.08.26 10:00:00,0.62052,0.62085,0.62025,0.62076,2017.38
2024.08.26 11:00:00,0.62076,0.62088,0.61967,0.62002,2611.93
2024.08.26 12:00:00,0.61999,0.62073,0.6198,0.62052,4937.91
2024.08.26 13:00:00,0.62052,0.62097,0.62014,0.62054,5661.16
2024.08.26 14:00:00,0.62051,0.62153,0.62011,0.62124,6063.15
2024.08.26 15:00:00,0.62124,0.62137,0.62024,0.62031,3845.63
2024.08.26 16:00:00,0.62032,0.62135,0.62026,0.62131,2421.43
2024.08.26 17:00:00,0.62131,0.62164,0.62072,0.62103,1718.55
2024.08.26 18:00:00,0.62101,0.62111,0.62062,0.62097,1608.69
2024.08.26 19:00:00,0.62095,0.62115,0.62052,0.62068,1180.57
2024.08.26 20:00:00,0.6207,0.62071,0.6201,0.6201,961.41
2024.08.26 21:00:00,0.61944,0.62056,0.61944,0.62044,2108.95
2024.08.26 22:00:00,0.62042,0.62071,0.62028,0.62054,2681.73
2024.08.26 23:00:00,0.62054,0.62082,0.62044,0.62045,705.61
2024.08.27 00:00:00,0.62047,0.62066,0.61943,0.61964,2193.41
2024.08.27 01:00:00,0.61963,0.62157,0.6194,0.62131,2609.06
2024.08.27 02:00:00,0.62131,0.62133,0.62064,0.62115,1937.52
2024.08.27 03:00:00,0.62112,0.62159,0.62099,0.62157,1542.93
2024.08.27 04:00:00,0.62158,0.62195,0.62135,0.62189,1690.84
2024.08.27 05:00:00,0.62188,0.62249,0.62185,0.62225,2414.3
2024.08.27 06:00:00,0.62225,0.62268,0.62165,0.62167,2852.99
2024.08.27 07:00:00,0.62168,0.62222,0.6212,0.62141,3894.86
2024.08.27 08:00:00,0.6214,0.62225,0.62136,0.6218,3267.87
2024.08.27 09:00:00,0.62178,0.62249,0.62166,0.62224,3547.27
2024.08.27 10:00:00,0.62223,0.62267,0.62204,0.6225,1989.9
2024.08.27 11:00:00,0.6225,0.62344,0.62242,0.62298,3185.05
2024.08.27 12:00:00,0.62299,0.62319,0.62243,0.62248,4321.35
2024.08.27 13:00:00,0.62249,0.62288,0.62208,0.62267,5095.1
2024.08.27 14:00:00,0.62264,0.6236,0.62221,0.62323,6516.03
2024.08.27 15:00:00,0.62323,0.6237,0.62299,0.62345,4308.42
2024.08.27 16:00:00,0.62344,0.62382,0.6233,0.6235,2350.74
2024.08.27 17:00:00,0.62351,0.62469,0.62342,0.62463,2102.7
2024.08.27 18:00:00,0.62464,0.62544,0.6246,0.62495,2910.3
2024.08.27 19:00:00,0.62493,0.62513,0.6246,0.6251,1985.1
2024.08.27 20:00:00,0.62513,0.62534,0.625,0.62507,1386
2024.08.27 21:00:00,0.62507,0.62523,0.62462,0.62508,1445.58
2024.08.27 22:00:00,0.62512,0.62529,0.6246,0.62465,1425.07
2024.08.27 23:00:00,0.62463,0.62471,0.62417,0.62422,1037.55
2024.08.28 00:00:00,0.62423,0.62515,0.62416,0.62471,2034
2024.08.28 01:00:00,0.62472,0.62493,0.6236,0.62386,4657.8
2024.08.28 02:00:00,0.62384,0.62464,0.62378,0.62404,2547
2024.08.28 03:00:00,0.62405,0.62501,0.62398,0.62497,1770.9
2024.08.28 04:00:00,0.62496,0.62524,0.62443,0.6246,1696.95
2024.08.28 05:00:00,0.6246,0.62476,0.62292,0.62317,3199.95
2024.08.28 06:00:00,0.62318,0.62358,0.62237,0.62346,3225.45
2024.08.28 07:00:00,0.62345,0.6242,0.6234,0.62384,2951.1
2024.08.28 08:00:00,0.62383,0.6246,0.6238,0.62438,2727.57
2024.08.28 09:00:00,0.6244,0.62479,0.62412,0.62465,2378.4
2024.08.28 10:00:00,0.62464,0.62477,0.62402,0.62429,2598.15
2024.08.28 11:00:00,0.62428,0.62474,0.62376,0.62394,2202.9
2024.08.28 12:00:00,0.62395,0.62401,0.62326,0.62348,5067.45
2024.08.28 13:00:00,0.62348,0.62395,0.62325,0.62342,5638.65
2024.08.28 14:00:00,0.62344,0.62499,0.6234,0.62482,6744.45
2024.08.28 15:00:00,0.62483,0.62484,0.62404,0.62407,5288.09
2024.08.28 16:00:00,0.62407,0.62407,0.6229,0.6235,2614.8
2024.08.28 17:00:00,0.6235,0.62369,0.62289,0.62293,3328.35
2024.08.28 18:00:00,0.62291,0.62405,0.62281,0.62395,2289.75
2024.08.28 19:00:00,0.62395,0.62451,0.62394,0.62408,2218.8
2024.08.28 20:00:00,0.62408,0.62457,0.62402,0.62437,2043.3
2024.08.28 21:00:00,0.62428,0.62431,0.6238,0.62421,395.13
2024.08.28 22:00:00,0.62424,0.62466,0.62415,0.62457,1487.73
2024.08.28 23:00:00,0.62458,0.62507,0.62454,0.62465,808.62
2024.08.29 00:00:00,0.62467,0.62645,0.62464,0.62601,2789.55
2024.08.29 01:00:00,0.62603,0.62917,0.62603,0.62831,6313.35
2024.08.29 02:00:00,0.62836,0.62853,0.62753,0.62772,2025.3
2024.08.29 03:00:00,0.62771,0.62896,0.62749,0.62873,1929
2024.08.29 04:00:00,0.62877,0.62945,0.62877,0.62918,2072.55
2024.08.29 05:00:00,0.62918,0.62949,0.62885,0.62923,2734.65
2024.08.29 06:00:00,0.62923,0.62985,0.628,0.62841,3867.15
2024.08.29 07:00:00,0.62843,0.62865,0.62775,0.62818,4072.2
2024.08.29 08:00:00,0.62817,0.62819,0.62701,0.62741,5148.6
2024.08.29 09:00:00,0.62742,0.62821,0.62742,0.628,2963.7
2024.08.29 10:00:00,0.628,0.62826,0.62771,0.62791,3100.72
2024.08.29 11:00:00,0.62789,0.62801,0.62735,0.62757,1802.4
2024.08.29 12:00:00,0.62756,0.62764,0.62543,0.62574,6888.55
2024.08.29 13:00:00,0.62576,0.62598,0.62489,0.62535,7767.07
2024.08.29 14:00:00,0.62538,0.62581,0.62474,0.62549,6735.07
2024.08.29 15:00:00,0.62549,0.62656,0.62514,0.62655,3926.69
2024.08.29 16:00:00,0.62655,0.62707,0.62631,0.62641,2569.05
2024.08.29 17:00:00,0.62641,0.62703,0.62629,0.62692,2926.8
2024.08.29 18:00:00,0.62693,0.62698,0.62557,0.626,3452.1
2024.08.29 19:00:00,0.626,0.62638,0.62552,0.62566,2443.65
2024.08.29 20:00:00,0.62566,0.62594,0.62564,0.62567,1260.15
2024.08.29 21:00:00,0.62552,0.62583,0.62537,0.62565,1315.02
2024.08.29 22:00:00,0.62565,0.62607,0.62544,0.62601,1488.21
2024.08.29 23:00:00,0.62602,0.62646,0.62592,0.62623,677.1
2024.08.30 00:00:00,0.62624,0.62724,0.62618,0.62708,1987.35
2024.08.30 01:00:00,0.62707,0.62739,0.62651,0.62671,3421.19
2024.08.30 02:00:00,0.6267,0.62689,0.62621,0.6265,2027.05
2024.08.30 03:00:00,0.62648,0.62685,0.62618,0.62645,2020.5
2024.08.30 04:00:00,0.62644,0.62645,0.62577,0.62605,1678.95
2024.08.30 05:00:00,0.62606,0.62636,0.62588,0.62599,3043.95
2024.08.30 06:00:00,0.62603,0.62632,0.62513,0.62565,2806.8
2024.08.30 07:00:00,0.62565,0.62648,0.62495,0.6263,3604.95
2024.08.30 08:00:00,0.62629,0.62702,0.62612,0.62612,2312.25
2024.08.30 09:00:00,0.62611,0.62662,0.62593,0.62641,2346
2024.08.30 10:00:00,0.62641,0.62643,0.62564,0.62579,1671.6
2024.08.30 11:00:00,0.62582,0.6261,0.62561,0.62561,1705.5
2024.08.30 12:00:00,0.62562,0.62644,0.62415,0.62485,5969.52
2024.08.30 13:00:00,0.62486,0.62524,0.62401,0.62501,5936.02
2024.08.30 14:00:00,0.62502,0.62616,0.62497,0.62562,8605.27
2024.08.30 15:00:00,0.62561,0.62562,0.62359,0.62407,5465.07
2024.08.30 16:00:00,0.62407,0.62431,0.62294,0.62357,4320.82
2024.08.30 17:00:00,0.62358,0.62425,0.62346,0.62406,2311.8
2024.08.30 18:00:00,0.62407,0.62496,0.62405,0.62496,1627.5
2024.08.30 19:00:00,0.62494,0.62509,0.62443,0.62497,2242.16
2024.08.30 20:00:00,0.62497,0.62541,0.62474,0.62484,2305.35
2024.09.01 21:00:00,0.62369,0.62462,0.62338,0.62446,583.96
2024.09.01 22:00:00,0.62445,0.62528,0.62445,0.62509,1097.2
2024.09.01 23:00:00,0.62508,0.6251,0.6245,0.62462,979.5
2024.09.02 00:00:00,0.6246,0.62508,0.62435,0.62481,2501.47
2024.09.02 01:00:00,0.62485,0.62521,0.62393,0.62398,2723.61
2024.09.02 02:00:00,0.62395,0.62397,0.62299,0.62349,3144.33
2024.09.02 03:00:00,0.6235,0.62395,0.62313,0.62372,1763.7
2024.09.02 04:00:00,0.62372,0.62373,0.6231,0.62325,926.25
2024.09.02 05:00:00,0.62326,0.62401,0.62321,0.62324,1235.7
2024.09.02 06:00:00,0.62322,0.62388,0.62319,0.6234,1845.75
2024.09.02 07:00:00,0.62339,0.62363,0.6224,0.6228,2909.96
2024.09.02 08:00:00,0.62279,0.62346,0.62274,0.62321,2138.4
2024.09.02 09:00:00,0.6232,0.62345,0.62285,0.623,1488.52
2024.09.02 10:00:00,0.62301,0.62301,0.62231,0.62247,1119.97
2024.09.02 11:00:00,0.62247,0.6226,0.62208,0.62236,1862.1
2024.09.02 12:00:00,0.62236,0.62286,0.6223,0.62285,2027.4
2024.09.02 13:00:00,0.62285,0.62314,0.62253,0.6226,2991.3
2024.09.02 14:00:00,0.62259,0.62342,0.62206,0.62311,3735.3
2024.09.02 15:00:00,0.6231,0.62326,0.62275,0.62286,1408.65
2024.09.02 16:00:00,0.62285,0.62286,0.62242,0.62277,1289.85
2024.09.02 17:00:00,0.62275,0.62309,0.62275,0.62307,507.75
2024.09.02 18:00:00,0.62307,0.62329,0.62307,0.62317,233.1
2024.09.02 19:00:00,0.62317,0.62358,0.62311,0.62358,678.9
2024.09.02 20:00:00,0.62357,0.62358,0.62293,0.62304,498.9
2024.09.02 21:00:00,0.62305,0.62337,0.62261,0.62321,729.54
2024.09.02 22:00:00,0.62319,0.62339,0.62251,0.62251,785.25
2024.09.02 23:00:00,0.62253,0.62297,0.62227,0.62293,636
2024.09.03 00:00:00,0.62295,0.62354,0.62187,0.62236,3226.5
2024.09.03 01:00:00,0.62236,0.62275,0.62142,0.62225,3175.2
2024.09.03 02:00:00,0.62226,0.62247,0.62163,0.62172,2422.42
2024.09.03 03:00:00,0.62171,0.62171,0.61962,0.61988,7081.8
2024.09.03 04:00:00,0.61988,0.61996,0.61844,0.61901,4239.93
2024.09.03 05:00:00,0.61901,0.61947,0.61884,0.61934,5061.37
2024.09.03 06:00:00,0.61936,0.61936,0.61833,0.6191,4535.55
2024.09.03 07:00:00,0.61912,0.62027,0.61905,0.61962,4898.67
2024.09.03 08:00:00,0.61961,0.61995,0.61929,0.61945,2665.35
2024.09.03 09:00:00,0.61945,0.61953,0.6186,0.6186,2417.7
2024.09.03 10:00:00,0.61859,0.61874,0.61827,0.61854,2414.61
2024.09.03 11:00:00,0.61853,0.61892,0.61845,0.61855,1967.85
2024.09.03 12:00:00,0.61854,0.62006,0.61848,0.61948,3536.25
2024.09.03 13:00:00,0.6195,0.62051,0.61933,0.61993,7483.5
2024.09.03 14:00:00,0.61995,0.62077,0.61814,0.61869,10570.85
2024.09.03 15:00:00,0.61866,0.61892,0.61834,0.61881,6000.3
2024.09.03 16:00:00,0.61881,0.61945,0.61864,0.6188,6393.9
2024.09.03 17:00:00,0.6188,0.61897,0.6181,0.61817,7001.4
2024.09.03 18:00:00,0.61817,0.61869,0.61796,0.6186,5511.6
2024.09.03 19:00:00,0.61859,0.61902,0.61841,0.61858,4421.7
2024.09.03 20:00:00,0.61858,0.61885,0.61839,0.61864,2479.31
2024.09.03 21:00:00,0.61858,0.61873,0.61828,0.61845,1378.41
2024.09.03 22:00:00,0.61846,0.61898,0.61816,0.61863,1890.11
2024.09.03 23:00:00,0.61867,0.61898,0.6183,0.61858,1942.72
2024.09.04 00:00:00,0.61857,0.61882,0.617,0.61701,4283.25
2024.09.04 01:00:00,0.617,0.61818,0.617,0.6177,4143.82
2024.09.04 02:00:00,0.61771,0.61816,0.61687,0.61782,3094.95
2024.09.04 03:00:00,0.61784,0.61817,0.61745,0.61779,1700.25
2024.09.04 04:00:00,0.6178,0.61852,0.6178,0.61839,1234.5
2024.09.04 05:00:00,0.6184,0.61856,0.61804,0.6182,2109.6
2024.09.04 06:00:00,0.61821,0.61857,0.6173,0.61857,3415.95
2024.09.04 07:00:00,0.61857,0.61861,0.61785,0.61825,4030.8
2024.09.04 08:00:00,0.61826,0.61886,0.61782,0.61783,3351.45
2024.09.04 09:00:00,0.61784,0.61903,0.61773,0.61874,2111.85
2024.09.04 10:00:00,0.61874,0.61882,0.61841,0.61871,1653.3
2024.09.04 11:00:00,0.61872,0.6191,0.61849,0.61871,2335.95
2024.09.04 12:00:00,0.61872,0.61905,0.61783,0.61901,3717.22
2024.09.04 13:00:00,0.619,0.62,0.61889,0.61977,5657.25
2024.09.04 14:00:00,0.61977,0.62163,0.61976,0.62074,13883.82
2024.09.04 15:00:00,0.62072,0.6209,0.61961,0.61978,5696.55
2024.09.04 16:00:00,0.61977,0.62035,0.61952,0.62011,3330.45
2024.09.04 17:00:00,0.6201,0.62033,0.619,0.61908,4548.3
2024.09.04 18:00:00,0.61908,0.61977,0.61903,0.61924,4262.1
2024.09.04 19:00:00,0.61922,0.62,0.61914,0.61979,3534.9
2024.09.04 20:00:00,0.61978,0.62004,0.61967,0.61984,2206.35
2024.09.04 21:00:00,0.61978,0.61993,0.61866,0.61978,801.51
2024.09.04 22:00:00,0.61977,0.61996,0.61966,0.61975,715.62
2024.09.04 23:00:00,0.61977,0.61977,0.61844,0.61857,1256.77
2024.09.05 00:00:00,0.61857,0.61872,0.61778,0.61843,2497.35
2024.09.05 01:00:00,0.61843,0.62006,0.61826,0.61948,2599.47
2024.09.05 02:00:00,0.61951,0.61987,0.61935,0.61959,1566.3
2024.09.05 03:00:00,0.61956,0.6201,0.61954,0.61986,1512.15
2024.09.05 04:00:00,0.61988,0.62018,0.61952,0.62008,1409.85
2024.09.05 05:00:00,0.62007,0.6204,0.61992,0.62023,1160.4
2024.09.05 06:00:00,0.62026,0.62085,0.62008,0.62022,3003.6
2024.09.05 07:00:00,0.62019,0.62036,0.61949,0.61974,3425.4
2024.09.05 08:00:00,0.61975,0.62058,0.61944,0.62034,2788.34
2024.09.05 09:00:00,0.62033,0.62055,0.62003,0.62013,2122.35
2024.09.05 10:00:00,0.62011,0.62094,0.61999,0.62085,1413.45
2024.09.05 11:00:00,0.62087,0.62109,0.62033,0.62067,2298.81
2024.09.05 12:00:00,0.62069,0.62215,0.62065,0.6217,7744.8
2024.09.05 13:00:00,0.62172,0.62248,0.62168,0.62243,4900.01
2024.09.05 14:00:00,0.62244,0.62244,0.62016,0.62046,8524.65
2024.09.05 15:00:00,0.62046,0.62111,0.6203,0.62103,4633.95
2024.09.05 16:00:00,0.62103,0.6219,0.62101,0.62165,3479.25
2024.09.05 17:00:00,0.62163,0.6222,0.62144,0.62215,2683.5
2024.09.05 18:00:00,0.62217,0.62259,0.62197,0.62207,2064.3
2024.09.05 19:00:00,0.62208,0.62214,0.62171,0.62198,1820.34
2024.09.05 20:00:00,0.62197,0.62246,0.6219,0.62225,1669.83
2024.09.05 21:00:00,0.62221,0.62232,0.62144,0.62221,1154.97
2024.09.05 22:00:00,0.6222,0.62244,0.62205,0.62214,622.77
2024.09.05 23:00:00,0.62215,0.62242,0.62209,0.62233,789.75
2024.09.06 00:00:00,0.62232,0.62251,0.62204,0.62219,2035.65
2024.09.06 01:00:00,0.62217,0.62227,0.62149,0.62202,1856.82
2024.09.06 02:00:00,0.62203,0.62224,0.62134,0.6214,2047.26
2024.09.06 03:00:00,0.6214,0.62179,0.62134,0.62142,796.65
2024.09.06 04:00:00,0.6214,0.62195,0.62124,0.62173,1633.11
2024.09.06 05:00:00,0.62172,0.62197,0.62091,0.62116,2346.99
2024.09.06 06:00:00,0.62119,0.62247,0.62116,0.62244,2389.95
2024.09.06 07:00:00,0.62245,0.62271,0.62205,0.62267,3823.05
2024.09.06 08:00:00,0.62269,0.6229,0.6221,0.62271,2907.76
2024.09.06 09:00:00,0.62269,0.62296,0.62219,0.62295,2192.85
2024.09.06 10:00:00,0.62294,0.62295,0.62259,0.62262,1639.8
2024.09.06 11:00:00,0.62265,0.62276,0.62207,0.62227,2153.67
2024.09.06 12:00:00,0.62228,0.62538,0.62027,0.62353,13642.67
2024.09.06 13:00:00,0.62352,0.6238,0.61916,0.61994,14171.46
2024.09.06 14:00:00,0.61994,0.62119,0.61948,0.61992,12499.95
2024.09.06 15:00:00,0.61994,0.62233,0.61735,0.61765,17421.54
2024.09.06 16:00:00,0.61764,0.61764,0.61555,0.61633,7184.04
2024.09.06 17:00:00,0.61635,0.6176,0.61582,0.61713,7186.5
2024.09.06 18:00:00,0.61714,0.61747,0.61665,0.61721,6036
2024.09.06 19:00:00,0.61726,0.61757,0.61704,0.61743,3373.35
2024.09.06 20:00:00,0.61743,0.61744,0.61704,0.61711,2921.1
2024.09.08 21:00:00,0.61724,0.61766,0.61656,0.61671,637.06
2024.09.08 22:00:00,0.61671,0.61757,0.6167,0.61719,1224.57
2024.09.08 23:00:00,0.61719,0.61757,0.61689,0.6169,1601.52
2024.09.09 00:00:00,0.6169,0.61768,0.61686,0.61715,2671.8
2024.09.09 01:00:00,0.61716,0.61844,0.61716,0.61829,3756.57
2024.09.09 02:00:00,0.6183,0.61856,0.61816,0.61832,2685.52
2024.09.09 03:00:00,0.61831,0.61841,0.61717,0.61722,1867.94
2024.09.09 04:00:00,0.61722,0.61747,0.61669,0.61677,1284.6
2024.09.09 05:00:00,0.61675,0.61676,0.61596,0.61612,1294.57
2024.09.09 06:00:00,0.61614,0.61621,0.61523,0.61525,3628.59
2024.09.09 07:00:00,0.61524,0.61539,0.61442,0.61512,3893.85
2024.09.09 08:00:00,0.61512,0.61518,0.61336,0.61353,2844.58
2024.09.09 09:00:00,0.61353,0.61411,0.61348,0.61383,2385.3
2024.09.09 10:00:00,0.61384,0.61384,0.61239,0.6131,2124.6
2024.09.09 11:00:00,0.6131,0.61376,0.61302,0.61361,1509.07
2024.09.09 12:00:00,0.61362,0.61401,0.6132,0.61347,2491.56
2024.09.09 13:00:00,0.61347,0.61467,0.61341,0.61464,4504.05
2024.09.09 14:00:00,0.61465,0.61476,0.61369,0.61418,5313.15
2024.09.09 15:00:00,0.61419,0.6149,0.61375,0.61477,4805.17
2024.09.09 16:00:00,0.61478,0.61565,0.61469,0.61547,2132.25
2024.09.09 17:00:00,0.61549,0.61581,0.61494,0.61495,2082.6
2024.09.09 18:00:00,0.61493,0.61505,0.61426,0.6143,3177.74
2024.09.09 19:00:00,0.61429,0.61436,0.6138,0.6143,2188.65
2024.09.09 20:00:00,0.61428,0.61476,0.61413,0.61439,1460.7
2024.09.09 21:00:00,0.61429,0.61469,0.61366,0.61447,1037.79
2024.09.09 22:00:00,0.61444,0.61502,0.61435,0.61472,778.65
2024.09.09 23:00:00,0.61469,0.61471,0.61409,0.61413,1132.5
2024.09.10 00:00:00,0.61417,0.61421,0.61315,0.61319,2756.08
2024.09.10 01:00:00,0.61319,0.61383,0.61316,0.61382,2305.7
2024.09.10 02:00:00,0.61383,0.61392,0.61327,0.61367,1997.7
2024.09.10 03:00:00,0.61368,0.61442,0.61368,0.61424,1199.99
2024.09.10 04:00:00,0.61425,0.61486,0.61424,0.61481,1181.77
2024.09.10 05:00:00,0.61482,0.61553,0.61468,0.61539,1439.02
2024.09.10 06:00:00,0.61541,0.61582,0.61512,0.61555,2179.87
2024.09.10 07:00:00,0.61555,0.61559,0.61488,0.61498,3790.14
2024.09.10 08:00:00,0.61499,0.61537,0.61467,0.61495,2091.15
2024.09.10 09:00:00,0.61496,0.61612,0.61465,0.61584,2950.79
2024.09.10 10:00:00,0.61585,0.61625,0.61556,0.61613,1707.07
2024.09.10 11:00:00,0.61614,0.61648,0.61531,0.61541,1749.02
2024.09.10 12:00:00,0.61541,0.61605,0.61516,0.61536,3259.33
2024.09.10 13:00:00,0.61534,0.61557,0.61416,0.61463,4676.25
2024.09.10 14:00:00,0.61459,0.61492,0.61417,0.61487,6218.33
2024.09.10 15:00:00,0.61487,0.61578,0.61479,0.61534,4587.29
2024.09.10 16:00:00,0.61535,0.61535,0.6147,0.61494,3619.65
2024.09.10 17:00:00,0.61494,0.61532,0.61485,0.6151,2809.95
2024.09.10 18:00:00,0.61511,0.61575,0.61503,0.61549,2135.85
2024.09.10 19:00:00,0.6155,0.61558,0.61521,0.61534,2636.25
2024.09.10 20:00:00,0.61535,0.61547,0.61483,0.61488,1907.07
2024.09.10 21:00:00,0.61486,0.61502,0.614,0.61463,2462.77
2024.09.10 22:00:00,0.61459,0.61504,0.61454,0.615,510.67
2024.09.10 23:00:00,0.61498,0.61536,0.61479,0.61491,700.63
2024.09.11 00:00:00,0.6149,0.61499,0.61402,0.6141,2061.75
2024.09.11 01:00:00,0.61412,0.61496,0.61355,0.61476,5482.06
2024.09.11 02:00:00,0.61475,0.61537,0.61444,0.61449,3996.65
2024.09.11 03:00:00,0.6145,0.6145,0.61401,0.61408,1877.6
2024.09.11 04:00:00,0.61409,0.61426,0.6136,0.61412,2294.89
2024.09.11 05:00:00,0.61412,0.6148,0.6141,0.6146,3453.7
2024.09.11 06:00:00,0.6146,0.61542,0.61438,0.61528,4322.68
2024.09.11 07:00:00,0.61528,0.61566,0.61463,0.61479,5938.18
2024.09.11 08:00:00,0.61478,0.6151,0.6145,0.61456,2730
2024.09.11 09:00:00,0.61456,0.61495,0.61416,0.61424,3626.55
2024.09.11 10:00:00,0.61421,0.61482,0.61396,0.61481,4401.37
2024.09.11 11:00:00,0.61481,0.61506,0.61435,0.61482,4217.89
2024.09.11 12:00:00,0.61482,0.61483,0.61138,0.61264,15232.43
2024.09.11 13:00:00,0.61263,0.61364,0.61201,0.61207,10753.71
2024.09.11 14:00:00,0.61207,0.61214,0.61059,0.61151,11514.48
2024.09.11 15:00:00,0.61153,0.61248,0.61132,0.61203,7207.77
2024.09.11 16:00:00,0.61203,0.61255,0.61185,0.61236,6015.3
2024.09.11 17:00:00,0.61239,0.61316,0.61229,0.61293,6280.77
2024.09.11 18:00:00,0.61294,0.61387,0.61288,0.61312,4628.41
2024.09.11 19:00:00,0.61311,0.61365,0.613,0.6134,3651.15
2024.09.11 20:00:00,0.61342,0.61379,0.61334,0.6136,2664.42
2024.09.11 21:00:00,0.61356,0.61377,0.61225,0.61365,2263.54
2024.09.11 22:00:00,0.61368,0.614,0.61357,0.61368,897.58
2024.09.11 23:00:00,0.61368,0.61373,0.61307,0.61315,767.46
2024.09.12 00:00:00,0.61316,0.61379,0.613,0.6131,2779.37
2024.09.12 01:00:00,0.61308,0.61352,0.61287,0.61328,3097.74
2024.09.12 02:00:00,0.61329,0.61367,0.61278,0.61318,2530.62
2024.09.12 03:00:00,0.61318,0.61445,0.61313,0.61441,1253.43
2024.09.12 04:00:00,0.61441,0.6151,0.61434,0.61508,2036.7
2024.09.12 05:00:00,0.61508,0.61556,0.61498,0.61547,1278.75
2024.09.12 06:00:00,0.61551,0.61585,0.61477,0.61488,2316.75
2024.09.12 07:00:00,0.61489,0.61494,0.61364,0.61366,5467.75
2024.09.12 08:00:00,0.61365,0.61389,0.6129,0.61313,5109.53
2024.09.12 09:00:00,0.61313,0.61369,0.61307,0.61346,2690.32
2024.09.12 10:00:00,0.61344,0.61368,0.61313,0.61356,3226.02
2024.09.12 11:00:00,0.61356,0.61373,0.61317,0.61321,2079.6
2024.09.12 12:00:00,0.6132,0.61472,0.61312,0.61407,9117.67
2024.09.12 13:00:00,0.61407,0.61477,0.61341,0.61417,8049.97
2024.09.12 14:00:00,0.61415,0.61525,0.61383,0.61492,7580.6
2024.09.12 15:00:00,0.61494,0.61537,0.61459,0.61514,4510.95
2024.09.12 16:00:00,0.61513,0.61599,0.61496,0.61585,3298.17
2024.09.12 17:00:00,0.61586,0.6173,0.61577,0.61709,4859.4
2024.09.12 18:00:00,0.61709,0.61739,0.61664,0.61728,5678.08
2024.09.12 19:00:00,0.6173,0.61802,0.61723,0.61802,5703.45
2024.09.12 20:00:00,0.61802,0.61842,0.61771,0.61782,2732.55
2024.09.12 21:00:00,0.61781,0.6182,0.61573,0.61809,1056.66
2024.09.12 22:00:00,0.61808,0.61855,0.61803,0.61831,659.1
2024.09.12 23:00:00,0.6183,0.61879,0.61822,0.61869,936.08
2024.09.13 00:00:00,0.61868,0.61914,0.61847,0.61908,2866.28
2024.09.13 01:00:00,0.6191,0.61934,0.61775,0.618,3552.58
2024.09.13 02:00:00,0.61802,0.6186,0.61782,0.618,2312.62
2024.09.13 03:00:00,0.61795,0.6184,0.61782,0.6181,2496.66
2024.09.13 04:00:00,0.61812,0.61864,0.61806,0.61826,1492.71
2024.09.13 05:00:00,0.61824,0.61841,0.61796,0.61803,1946.1
2024.09.13 06:00:00,0.61802,0.61829,0.61747,0.61803,4087.65
2024.09.13 07:00:00,0.61804,0.61863,0.61749,0.61852,4799.67
2024.09.13 08:00:00,0.61853,0.61859,0.6179,0.61824,4825.41
2024.09.13 09:00:00,0.61827,0.61913,0.61812,0.61826,3777.06
2024.09.13 10:00:00,0.61823,0.6183,0.61712,0.61726,3919.77
2024.09.13 11:00:00,0.61729,0.61737,0.61621,0.61643,2105.07
2024.09.13 12:00:00,0.61643,0.61715,0.61627,0.61702,3092.03
2024.09.13 13:00:00,0.61701,0.61766,0.6168,0.61749,4503.04
2024.09.13 14:00:00,0.61748,0.61751,0.61635,0.6166,6848.25
2024.09.13 15:00:00,0.61661,0.61672,0.61615,0.61654,3070.65
2024.09.13 16:00:00,0.61654,0.61655,0.61585,0.61625,3746.67
2024.09.13 17:00:00,0.61626,0.61633,0.61596,0.61609,2450.45
2024.09.13 18:00:00,0.6161,0.61627,0.61546,0.6157,2182.94
2024.09.13 19:00:00,0.6157,0.61581,0.61516,0.61568,2388.3
2024.09.13 20:00:00,0.61567,0.61578,0.61558,0.61562,3489.9
2024.09.15 21:00:00,0.61559,0.61586,0.61544,0.6157,400.85
2024.09.15 22:00:00,0.61577,0.61641,0.61577,0.61626,1747.12
2024.09.15 23:00:00,0.61627,0.61656,0.6161,0.61626,1553.14
2024.09.16 00:00:00,0.61627,0.61641,0.61611,0.61622,1295.7
2024.09.16 01:00:00,0.61621,0.61634,0.6154,0.61546,1922.91
2024.09.16 02:00:00,0.61545,0.61609,0.61538,0.61602,1739.7
2024.09.16 03:00:00,0.61603,0.61786,0.61578,0.61782,2127.69
2024.09.16 04:00:00,0.6178,0.61808,0.61724,0.61747,2368.98
2024.09.16 05:00:00,0.61746,0.61761,0.61713,0.61735,1254
2024.09.16 06:00:00,0.61734,0.61804,0.61715,0.61785,3710.85
2024.09.16 07:00:00,0.61786,0.61826,0.61747,0.61815,3710.52
2024.09.16 08:00:00,0.61819,0.61933,0.61804,0.61895,2948.1
2024.09.16 09:00:00,0.61895,0.61927,0.61858,0.61869,3828.9
2024.09.16 10:00:00,0.61869,0.61934,0.61868,0.61885,2073.07
2024.09.16 11:00:00,0.61883,0.61974,0.61835,0.61966,1819.05
2024.09.16 12:00:00,0.61969,0.61992,0.61859,0.6188,4099.8
2024.09.16 13:00:00,0.61881,0.61923,0.61829,0.61887,5025.47
2024.09.16 14:00:00,0.61888,0.61898,0.61831,0.6185,4134.63
2024.09.16 15:00:00,0.61847,0.61863,0.618,0.6184,4048.71
2024.09.16 16:00:00,0.61841,0.61906,0.61809,0.61905,3155.7
2024.09.16 17:00:00,0.61905,0.61906,0.61845,0.61899,2071.95
2024.09.16 18:00:00,0.619,0.61911,0.61853,0.61876,2414.85
2024.09.16 19:00:00,0.61876,0.61941,0.61836,0.61931,1855.8
2024.09.16 20:00:00,0.6193,0.62012,0.61927,0.62002,1170.81
2024.09.16 21:00:00,0.61995,0.62024,0.61929,0.62,2181.8
2024.09.16 22:00:00,0.61999,0.62011,0.61931,0.61959,1138.46
2024.09.16 23:00:00,0.61959,0.61965,0.61887,0.61952,1208.92
2024.09.17 00:00:00,0.61951,0.61965,0.61826,0.61829,1540.05
2024.09.17 01:00:00,0.61828,0.61919,0.61828,0.619,1956.82
2024.09.17 02:00:00,0.61898,0.6196,0.61884,0.61943,1512.75
2024.09.17 03:00:00,0.61941,0.61943,0.61884,0.61894,1284.9
2024.09.17 04:00:00,0.61893,0.61896,0.61863,0.61883,609.45
2024.09.17 05:00:00,0.61884,0.61908,0.61853,0.61856,1014.67
2024.09.17 06:00:00,0.61855,0.61989,0.61853,0.6194,2651.41
2024.09.17 07:00:00,0.61936,0.62048,0.61936,0.62037,3940.5
2024.09.17 08:00:00,0.62036,0.62079,0.62019,0.62071,1773.07
2024.09.17 09:00:00,0.62072,0.62105,0.62029,0.62038,3591
2024.09.17 10:00:00,0.62039,0.62055,0.61993,0.61996,1908.42
2024.09.17 11:00:00,0.61997,0.62054,0.61964,0.62031,1668.44
2024.09.17 12:00:00,0.62031,0.62035,0.61817,0.61848,7208.35
2024.09.17 13:00:00,0.61851,0.61895,0.61776,0.61798,6426.03
2024.09.17 14:00:00,0.61803,0.61963,0.61799,0.61911,5984.25
2024.09.17 15:00:00,0.61914,0.61917,0.6181,0.61819,3893.59
2024.09.17 16:00:00,0.61819,0.61842,0.61776,0.61822,3689.76
2024.09.17 17:00:00,0.61821,0.61841,0.61755,0.61822,4554
2024.09.17 18:00:00,0.61821,0.61897,0.61808,0.61891,2509.5
2024.09.17 19:00:00,0.6189,0.6191,0.61839,0.61851,2472.69
2024.09.17 20:00:00,0.61851,0.61879,0.61832,0.61842,1848.22
2024.09.17 21:00:00,0.61838,0.6186,0.61796,0.61836,1497
2024.09.17 22:00:00,0.61836,0.61894,0.61832,0.61885,1374.59
2024.09.17 23:00:00,0.61886,0.61943,0.61882,0.61916,737.53
2024.09.18 00:00:00,0.61917,0.62006,0.6191,0.61989,3330.15
2024.09.18 01:00:00,0.6199,0.62052,0.61984,0.62044,3596.17
2024.09.18 02:00:00,0.62045,0.62063,0.61996,0.62056,2031.53
2024.09.18 03:00:00,0.62059,0.62065,0.62015,0.62018,1030.94
2024.09.18 04:00:00,0.62018,0.62027,0.61945,0.61948,1205.9
2024.09.18 05:00:00,0.61948,0.62,0.61935,0.61999,1150.8
2024.09.18 06:00:00,0.61999,0.62066,0.61998,0.62033,3061.44
2024.09.18 07:00:00,0.62033,0.62143,0.62033,0.62143,6838.56
2024.09.18 08:00:00,0.62141,0.62183,0.62117,0.62171,4002.14
2024.09.18 09:00:00,0.62172,0.62249,0.62157,0.62245,2933.85
2024.09.18 10:00:00,0.62245,0.62278,0.62229,0.62237,2609.82
2024.09.18 11:00:00,0.62237,0.62276,0.62214,0.62225,4514.56
2024.09.18 12:00:00,0.62226,0.62244,0.62177,0.62206,2790.44
2024.09.18 13:00:00,0.62207,0.62313,0.62201,0.62209,4055.39
2024.09.18 14:00:00,0.62212,0.62215,0.62042,0.62077,5188.94
2024.09.18 15:00:00,0.62076,0.62102,0.62005,0.62018,3254.55
2024.09.18 16:00:00,0.62016,0.62113,0.62013,0.62112,4306.92
2024.09.18 17:00:00,0.62109,0.6217,0.62085,0.6213,5995.14
2024.09.18 18:00:00,0.62108,0.62672,0.62066,0.62326,26585.29
2024.09.18 19:00:00,0.62323,0.62324,0.61875,0.61904,17571.33
2024.09.18 20:00:00,0.61903,0.62086,0.61892,0.62082,60312.21
2024.09.18 21:00:00,0.62084,0.62084,0.61875,0.62058,3000.39
2024.09.18 22:00:00,0.62058,0.62205,0.62046,0.6218,1806.68
2024.09.18 23:00:00,0.62181,0.62189,0.62009,0.62092,2401.29
2024.09.19 00:00:00,0.62094,0.62139,0.61852,0.61858,5591.95
2024.09.19 01:00:00,0.61857,0.61985,0.61807,0.61985,5748.6
2024.09.19 02:00:00,0.61984,0.62227,0.61984,0.62201,6418.77
2024.09.19 03:00:00,0.62199,0.62273,0.62183,0.62204,6791.25
2024.09.19 04:00:00,0.62205,0.62205,0.6204,0.6214,2841.9
2024.09.19 05:00:00,0.62143,0.62201,0.62141,0.62185,2839.5
2024.09.19 06:00:00,0.62185,0.62389,0.6215,0.62379,6876.37
2024.09.19 07:00:00,0.6238,0.62514,0.62359,0.62451,6740.53
2024.09.19 08:00:00,0.62451,0.62621,0.62444,0.62565,4470.24
2024.09.19 09:00:00,0.62562,0.62682,0.62557,0.62674,5419.8
2024.09.19 10:00:00,0.62675,0.62683,0.6262,0.62648,2848.63
2024.09.19 11:00:00,0.62648,0.62676,0.62464,0.62509,5662.02
2024.09.19 12:00:00,0.62509,0.62529,0.62284,0.62287,8110.02
2024.09.19 13:00:00,0.62286,0.62422,0.62205,0.62256,7981.62
2024.09.19 14:00:00,0.62254,0.6235,0.62176,0.62335,8986.79
2024.09.19 15:00:00,0.62335,0.62401,0.62295,0.62398,6565.77
2024.09.19 16:00:00,0.62399,0.62451,0.6239,0.62425,3921.77
2024.09.19 17:00:00,0.62426,0.62494,0.62403,0.62486,3319.09
2024.09.19 18:00:00,0.62488,0.62516,0.62449,0.62482,3722.84
2024.09.19 19:00:00,0.62481,0.62491,0.62407,0.62446,4488.3
2024.09.19 20:00:00,0.62443,0.62446,0.62377,0.62381,4610.34
2024.09.19 21:00:00,0.62372,0.6241,0.62317,0.62374,3305.37
2024.09.19 22:00:00,0.62382,0.62416,0.62373,0.62388,1981.03
2024.09.19 23:00:00,0.6239,0.62393,0.62352,0.62359,830.08
2024.09.20 00:00:00,0.62359,0.62383,0.62316,0.62336,2448.87
2024.09.20 01:00:00,0.62338,0.62363,0.62246,0.62335,3045.78
2024.09.20 02:00:00,0.6234,0.62414,0.62322,0.6241,2776.97
2024.09.20 03:00:00,0.62409,0.62499,0.62407,0.62436,4033.69
2024.09.20 04:00:00,0.62436,0.62471,0.62403,0.62408,1865.85
2024.09.20 05:00:00,0.6241,0.62432,0.62351,0.62414,3040.5
2024.09.20 06:00:00,0.62417,0.62599,0.62417,0.62483,5826.8
2024.09.20 07:00:00,0.6248,0.62542,0.62387,0.62408,5269.19
2024.09.20 08:00:00,0.62406,0.62427,0.62335,0.62367,4170.24
2024.09.20 09:00:00,0.62366,0.62395,0.62299,0.62315,2982.99
2024.09.20 10:00:00,0.62315,0.62336,0.62279,0.62287,2446.99
2024.09.20 11:00:00,0.62288,0.62294,0.62209,0.62281,3199.72
2024.09.20 12:00:00,0.62282,0.62436,0.62282,0.6242,5231.4
2024.09.20 13:00:00,0.62418,0.62423,0.62161,0.62179,7575.67
2024.09.20 14:00:00,0.62178,0.62273,0.62119,0.62207,9672.91
2024.09.20 15:00:00,0.62207,0.62339,0.62096,0.62328,10772.17
2024.09.20 16:00:00,0.6233,0.62495,0.62309,0.62475,7949.54
2024.09.20 17:00:00,0.62475,0.6248,0.62371,0.62387,4808.43
2024.09.20 18:00:00,0.62386,0.6243,0.62338,0.62427,4075.85
2024.09.20 19:00:00,0.62426,0.62438,0.62383,0.62386,5479.95
2024.09.20 20:00:00,0.62388,0.62397,0.62355,0.62365,4323.3
2024.09.22 21:00:00,0.62225,0.62368,0.62225,0.62337,618.12
2024.09.22 22:00:00,0.62337,0.62398,0.62321,0.62371,1499.71
2024.09.22 23:00:00,0.62373,0.62403,0.62337,0.6235,1002.13
2024.09.23 00:00:00,0.6235,0.62373,0.623,0.62349,1645.32
2024.09.23 01:00:00,0.62347,0.6238,0.62292,0.62337,2785.94
2024.09.23 02:00:00,0.62334,0.62361,0.62292,0.62356,2103
2024.09.23 03:00:00,0.62357,0.62437,0.62349,0.62373,1575.37
2024.09.23 04:00:00,0.62374,0.6247,0.62366,0.62451,1096.35
2024.09.23 05:00:00,0.62451,0.62486,0.62414,0.62451,1433.39
2024.09.23 06:00:00,0.62454,0.62482,0.62407,0.62422,3073.18
2024.09.23 07:00:00,0.62421,0.62421,0.62251,0.62279,7792.07
2024.09.23 08:00:00,0.62278,0.62366,0.62247,0.62358,5079.3
2024.09.23 09:00:00,0.62359,0.62468,0.62358,0.62453,2558.69
2024.09.23 10:00:00,0.62456,0.62543,0.62452,0.62491,2613.75
2024.09.23 11:00:00,0.62491,0.62576,0.62488,0.6257,3026.3
2024.09.23 12:00:00,0.62569,0.62618,0.62486,0.62602,3900.44
2024.09.23 13:00:00,0.62602,0.62711,0.62574,0.62623,7417.8
2024.09.23 14:00:00,0.62621,0.62687,0.62573,0.6268,8901.22
2024.09.23 15:00:00,0.62682,0.62734,0.62628,0.62697,5460.45
2024.09.23 16:00:00,0.62695,0.62699,0.62625,0.62679,4604.02
2024.09.23 17:00:00,0.62681,0.6277,0.62648,0.62739,2555.1
2024.09.23 18:00:00,0.62738,0.62799,0.62715,0.62777,1948.42
2024.09.23 19:00:00,0.62776,0.62776,0.62732,0.62737,2056.05
2024.09.23 20:00:00,0.62738,0.62738,0.62636,0.62661,1120.05
2024.09.23 21:00:00,0.62655,0.62688,0.62607,0.62658,2307.66
2024.09.23 22:00:00,0.62661,0.62677,0.62641,0.62644,1219.9
2024.09.23 23:00:00,0.62644,0.6268,0.62618,0.62664,833.17
2024.09.24 00:00:00,0.62665,0.62687,0.62598,0.62629,2395.71
2024.09.24 01:00:00,0.62629,0.62726,0.62588,0.6266,6455.91
2024.09.24 02:00:00,0.62657,0.62662,0.62588,0.62645,3416.91
2024.09.24 03:00:00,0.62647,0.62723,0.62647,0.6266,2207.97
2024.09.24 04:00:00,0.62659,0.62777,0.62615,0.62755,3595.33
2024.09.24 05:00:00,0.62755,0.62806,0.62674,0.62678,7327.05
2024.09.24 06:00:00,0.62677,0.62717,0.62588,0.62705,7062.99
2024.09.24 07:00:00,0.62705,0.62725,0.62598,0.6262,5420.4
2024.09.24 08:00:00,0.62622,0.62738,0.6261,0.62707,4156.95
2024.09.24 09:00:00,0.62706,0.62787,0.62694,0.62765,2540.47
2024.09.24 10:00:00,0.62765,0.62799,0.62759,0.62782,2017.72
2024.09.24 11:00:00,0.62782,0.62841,0.62723,0.62838,2680.2
2024.09.24 12:00:00,0.62841,0.63021,0.62837,0.6301,4732.57
2024.09.24 13:00:00,0.63011,0.63198,0.63009,0.63162,6009.45
2024.09.24 14:00:00,0.63162,0.63258,0.63139,0.63203,10259.11
2024.09.24 15:00:00,0.63206,0.63275,0.6317,0.63184,4413.75
2024.09.24 16:00:00,0.63187,0.6332,0.63185,0.63279,4054.14
2024.09.24 17:00:00,0.63278,0.63306,0.63253,0.633,3394.02
2024.09.24 18:00:00,0.63301,0.63335,0.63283,0.63329,4359.3
2024.09.24 19:00:00,0.63329,0.63405,0.63324,0.63401,3165
2024.09.24 20:00:00,0.63401,0.63424,0.6338,0.63394,1492.2
2024.09.24 21:00:00,0.63391,0.63391,0.63325,0.63356,1454.33
2024.09.24 22:00:00,0.63355,0.63466,0.63355,0.63461,1295.6
2024.09.24 23:00:00,0.63462,0.63521,0.63449,0.63516,1160.55
2024.09.25 00:00:00,0.63518,0.63537,0.63477,0.63534,3320.77
2024.09.25 01:00:00,0.63534,0.63553,0.63389,0.6344,4592.48
2024.09.25 02:00:00,0.6344,0.6347,0.63369,0.63376,2725.41
2024.09.25 03:00:00,0.63379,0.63383,0.63321,0.63353,1988.85
2024.09.25 04:00:00,0.63354,0.6336,0.6331,0.63325,1179.9
2024.09.25 05:00:00,0.63324,0.63372,0.63263,0.63276,2354.55
2024.09.25 06:00:00,0.63278,0.63302,0.63221,0.63258,3926.4
2024.09.25 07:00:00,0.63259,0.63293,0.63173,0.63211,3913.2
2024.09.25 08:00:00,0.63211,0.6325,0.63152,0.63185,3139.8
2024.09.25 09:00:00,0.63187,0.63189,0.63073,0.63101,2017.65
2024.09.25 10:00:00,0.63101,0.63151,0.63079,0.63145,1870.05
2024.09.25 11:00:00,0.63147,0.63166,0.63113,0.63159,1775.25
2024.09.25 12:00:00,0.63158,0.63184,0.63072,0.63117,3506.4
2024.09.25 13:00:00,0.63119,0.63229,0.6311,0.6313,6523.8
2024.09.25 14:00:00,0.63133,0.63133,0.62993,0.63016,5962.8
2024.09.25 15:00:00,0.63016,0.63045,0.62769,0.62778,5661.15
2024.09.25 16:00:00,0.62778,0.62793,0.6269,0.62693,3608.77
2024.09.25 17:00:00,0.62693,0.62725,0.62621,0.62716,3901.05
2024.09.25 18:00:00,0.62716,0.62734,0.6263,0.62644,2981.97
2024.09.25 19:00:00,0.62643,0.62694,0.62613,0.6262,3552.75
2024.09.25 20:00:00,0.6262,0.62653,0.6259,0.62608,4213.8
2024.09.25 21:00:00,0.62608,0.62657,0.62592,0.62627,1764.96
2024.09.25 22:00:00,0.6263,0.62639,0.62586,0.62588,3125.89
2024.09.25 23:00:00,0.62588,0.62603,0.62549,0.6255,1816.78
2024.09.26 00:00:00,0.6255,0.62649,0.6254,0.62618,4007.1
2024.09.26 01:00:00,0.62618,0.62693,0.62521,0.62642,7192.5
2024.09.26 02:00:00,0.62642,0.62693,0.62592,0.62685,3893.49
2024.09.26 03:00:00,0.62683,0.62706,0.6263,0.62684,2103.15
2024.09.26 04:00:00,0.62684,0.62687,0.62617,0.62641,1745.4
2024.09.26 05:00:00,0.6264,0.62803,0.62621,0.62796,3629.25
2024.09.26 06:00:00,0.62795,0.62831,0.62755,0.62824,3421.8
2024.09.26 07:00:00,0.62824,0.62872,0.62787,0.6282,4731.3
2024.09.26 08:00:00,0.62819,0.62879,0.62763,0.6282,3895.35
2024.09.26 09:00:00,0.62821,0.62891,0.62818,0.62864,2718.6
2024.09.26 10:00:00,0.62863,0.63061,0.62841,0.63057,3563.7
2024.09.26 11:00:00,0.63059,0.63114,0.63029,0.63058,3588.69
2024.09.26 12:00:00,0.63064,0.63152,0.62978,0.63132,8741.4
2024.09.26 13:00:00,0.63135,0.63161,0.6299,0.63023,10263
2024.09.26 14:00:00,0.63021,0.63162,0.62945,0.63143,10744.41
2024.09.26 15:00:00,0.63141,0.63317,0.63119,0.63261,8153.6
2024.09.26 16:00:00,0.6326,0.63264,0.6316,0.63188,5669.88
2024.09.26 17:00:00,0.63186,0.6327,0.63177,0.63259,5884.8
2024.09.26 18:00:00,0.6326,0.63301,0.63228,0.63267,3943.87
2024.09.26 19:00:00,0.63266,0.6331,0.63241,0.63279,4148.48
2024.09.26 20:00:00,0.63279,0.63286,0.63241,0.63272,5154.33
2024.09.26 21:00:00,0.63259,0.6328,0.63163,0.63264,1338.24
2024.09.26 22:00:00,0.63262,0.63281,0.63254,0.63277,1524.75
2024.09.26 23:00:00,0.63276,0.63347,0.63223,0.63302,1262.25
2024.09.27 00:00:00,0.63299,0.63301,0.63165,0.63194,3252.75
2024.09.27 01:00:00,0.63193,0.63239,0.63024,0.63092,4179.96
2024.09.27 02:00:00,0.63092,0.63101,0.63029,0.63059,2315.25
2024.09.27 03:00:00,0.63057,0.63109,0.6303,0.63067,2717.4
2024.09.27 04:00:00,0.63067,0.63073,0.63006,0.63041,1320.6
2024.09.27 05:00:00,0.63042,0.63071,0.62955,0.63025,4177.32
2024.09.27 06:00:00,0.63023,0.63145,0.62975,0.6309,10494.43
2024.09.27 07:00:00,0.6309,0.63092,0.6301,0.63045,6854.67
2024.09.27 08:00:00,0.63046,0.63101,0.63016,0.63086,3383.1
2024.09.27 09:00:00,0.63087,0.63167,0.63056,0.63139,3066.6
2024.09.27 10:00:00,0.6314,0.632,0.63095,0.63134,2720.55
2024.09.27 11:00:00,0.63133,0.63226,0.63133,0.63197,3210.82
2024.09.27 12:00:00,0.63196,0.63557,0.63181,0.63542,9191.42
2024.09.27 13:00:00,0.63542,0.63571,0.63409,0.63555,8917.92
2024.09.27 14:00:00,0.63553,0.63671,0.63535,0.63645,8073.91
2024.09.27 15:00:00,0.63642,0.63645,0.63393,0.63415,6890.95
2024.09.27 16:00:00,0.63416,0.63479,0.63346,0.63461,5309.17
2024.09.27 17:00:00,0.63463,0.63475,0.63389,0.6347,3930.6
2024.09.27 18:00:00,0.63471,0.63532,0.634,0.6353,3873.27
2024.09.27 19:00:00,0.6353,0.6353,0.63439,0.63451,4905.3
2024.09.27 20:00:00,0.63451,0.63452,0.63392,0.63401,5770.65
2024.09.29 21:00:00,0.63343,0.63396,0.63329,0.6336,586.47
2024.09.29 22:00:00,0.63361,0.63543,0.6336,0.63495,1732.21
2024.09.29 23:00:00,0.63499,0.63502,0.63437,0.6349,1403.65
2024.09.30 00:00:00,0.63491,0.63642,0.63482,0.6362,2955.45
2024.09.30 01:00:00,0.63619,0.63744,0.6358,0.63636,6003.39
2024.09.30 02:00:00,0.63636,0.63667,0.63548,0.63624,5418.6
2024.09.30 03:00:00,0.63625,0.63687,0.63609,0.6368,2820.29
2024.09.30 04:00:00,0.63681,0.63732,0.63664,0.63709,1662.9
2024.09.30 05:00:00,0.63712,0.63767,0.63661,0.63663,3389.25
2024.09.30 06:00:00,0.63667,0.63696,0.63603,0.6364,4404.87
2024.09.30 07:00:00,0.63642,0.63684,0.63599,0.63607,4266.81
2024.09.30 08:00:00,0.63609,0.63642,0.63511,0.63578,5048.4
2024.09.30 09:00:00,0.63578,0.63595,0.63528,0.63536,4409.62
2024.09.30 10:00:00,0.63536,0.63554,0.63463,0.63486,4028.39
2024.09.30 11:00:00,0.63488,0.63558,0.63466,0.6352,2815.27
2024.09.30 12:00:00,0.6352,0.63559,0.63458,0.63521,4092.45
2024.09.30 13:00:00,0.63523,0.63663,0.63508,0.63599,5956.39
2024.09.30 14:00:00,0.63597,0.6367,0.63511,0.63607,9492.1
2024.09.30 15:00:00,0.63606,0.63676,0.63567,0.63621,7087.42
2024.09.30 16:00:00,0.63624,0.63744,0.63612,0.63729,4825.35
2024.09.30 17:00:00,0.63727,0.63784,0.63711,0.63724,3309.3
2024.09.30 18:00:00,0.63721,0.63735,0.63369,0.63529,10883.73
2024.09.30 19:00:00,0.63528,0.63566,0.63415,0.63526,5003.85
2024.09.30 20:00:00,0.63527,0.6353,0.63473,0.63473,1752.15
2024.09.30 21:00:00,0.6347,0.63481,0.63405,0.6344,1139.96
2024.09.30 22:00:00,0.63439,0.63476,0.63417,0.63419,934.63
2024.09.30 23:00:00,0.63421,0.63483,0.63417,0.63444,998.4
2024.10.01 00:00:00,0.63444,0.63471,0.63367,0.63424,3488.4
2024.10.01 01:00:00,0.63424,0.63459,0.6332,0.63413,3676.47
2024.10.01 02:00:00,0.63413,0.63414,0.63222,0.63248,2826.12
2024.10.01 03:00:00,0.63251,0.63269,0.63191,0.63214,2504.02
2024.10.01 04:00:00,0.63215,0.63327,0.63208,0.6332,1514.47
2024.10.01 05:00:00,0.6332,0.63377,0.6331,0.63335,2071.8
2024.10.01 06:00:00,0.63336,0.63361,0.63289,0.63314,2972.41
2024.10.01 07:00:00,0.63314,0.63353,0.63078,0.6311,6045.57
2024.10.01 08:00:00,0.63113,0.63161,0.63047,0.63124,4991.1
2024.10.01 09:00:00,0.63125,0.63248,0.63124,0.63231,4362.3
2024.10.01 10:00:00,0.6323,0.63232,0.63063,0.63108,3606.15
2024.10.01 11:00:00,0.63109,0.63176,0.63082,0.63167,3859.8
2024.10.01 12:00:00,0.63166,0.63197,0.63073,0.63088,4939.65
2024.10.01 13:00:00,0.63084,0.63154,0.62927,0.62965,10788.08
2024.10.01 14:00:00,0.62965,0.63112,0.62869,0.62923,17416.89
2024.10.01 15:00:00,0.62926,0.62933,0.62739,0.6283,8736.39
2024.10.01 16:00:00,0.6283,0.62857,0.62711,0.62773,7469.34
2024.10.01 17:00:00,0.6277,0.62881,0.62643,0.6286,7453.74
2024.10.01 18:00:00,0.62859,0.62975,0.62858,0.6297,4607.84
2024.10.01 19:00:00,0.62972,0.63013,0.62937,0.62948,3213.66
2024.10.01 20:00:00,0.62952,0.62957,0.62792,0.62795,3339.09
2024.10.01 21:00:00,0.62785,0.62831,0.62756,0.62774,1862.36
2024.10.01 22:00:00,0.62775,0.62833,0.62759,0.62797,2051.66
2024.10.01 23:00:00,0.62799,0.6287,0.62776,0.62818,1369.92
2024.10.02 00:00:00,0.62819,0.62899,0.62809,0.62879,2539.86
2024.10.02 01:00:00,0.62884,0.6305,0.62884,0.63019,4279.05
2024.10.02 02:00:00,0.6302,0.631,0.62993,0.63081,2847.3
2024.10.02 03:00:00,0.63081,0.6313,0.63047,0.63066,4291.08
2024.10.02 04:00:00,0.63066,0.63117,0.62956,0.6298,3191.31
2024.10.02 05:00:00,0.6298,0.6301,0.62839,0.62875,6228.81
2024.10.02 06:00:00,0.62875,0.62927,0.62835,0.62888,4380.75
2024.10.02 07:00:00,0.62887,0.62921,0.62848,0.62864,4421.4
2024.10.02 08:00:00,0.62862,0.62932,0.62834,0.62847,3379.5
2024.10.02 09:00:00,0.62847,0.62852,0.62788,0.62843,2548.8
2024.10.02 10:00:00,0.62844,0.62894,0.62827,0.62862,3036.67
2024.10.02 11:00:00,0.62862,0.62881,0.62829,0.62851,2517.45
2024.10.02 12:00:00,0.6285,0.62869,0.62767,0.62778,5771.64
2024.10.02 13:00:00,0.62778,0.62839,0.62664,0.62706,6947.4
2024.10.02 14:00:00,0.62705,0.62797,0.62607,0.62622,7499.97
2024.10.02 15:00:00,0.62622,0.62752,0.62605,0.62745,5526.87
2024.10.02 16:00:00,0.62745,0.62787,0.62667,0.62672,3675.3
2024.10.02 17:00:00,0.62673,0.62692,0.626,0.62667,2670.3
2024.10.02 18:00:00,0.62666,0.62695,0.62577,0.62591,2595.3
2024.10.02 19:00:00,0.6259,0.62663,0.6258,0.62652,2027.7
2024.10.02 20:00:00,0.62651,0.62655,0.62617,0.6262,1639.35
2024.10.02 21:00:00,0.62615,0.62639,0.62572,0.62613,2213.1
2024.10.02 22:00:00,0.62614,0.62631,0.62591,0.62597,1055.22
2024.10.02 23:00:00,0.62601,0.62622,0.62579,0.62579,1271.4
2024.10.03 00:00:00,0.62579,0.62579,0.62432,0.62452,3285.03
2024.10.03 01:00:00,0.62453,0.62484,0.62349,0.62456,5941.2
2024.10.03 02:00:00,0.62454,0.62509,0.62369,0.62464,2742.45
2024.10.03 03:00:00,0.62461,0.62477,0.62383,0.62429,1971.9
2024.10.03 04:00:00,0.62428,0.62446,0.62366,0.62373,1208.85
2024.10.03 05:00:00,0.62372,0.624,0.62274,0.62339,3485.62
2024.10.03 06:00:00,0.62338,0.6245,0.62329,0.62401,5447.25
2024.10.03 07:00:00,0.624,0.6242,0.62311,0.62337,5896.05
2024.10.03 08:00:00,0.6234,0.62343,0.62221,0.62225,4476.24
2024.10.03 09:00:00,0.62223,0.62238,0.62161,0.62199,3151.65
2024.10.03 10:00:00,0.62198,0.6221,0.6215,0.62209,2856
2024.10.03 11:00:00,0.6221,0.62261,0.62154,0.62234,2924.7
2024.10.03 12:00:00,0.62233,0.62246,0.62149,0.62192,6038.7
2024.10.03 13:00:00,0.62193,0.62314,0.62171,0.62286,7655.88
2024.10.03 14:00:00,0.62287,0.62298,0.62109,0.62174,15524.27
2024.10.03 15:00:00,0.62176,0.62231,0.62143,0.62149,6688.8
2024.10.03 16:00:00,0.62149,0.62243,0.62146,0.6219,3855.6
2024.10.03 17:00:00,0.62192,0.62217,0.62156,0.62177,4514.25
2024.10.03 18:00:00,0.62173,0.62188,0.62106,0.62109,2598.45
2024.10.03 19:00:00,0.6211,0.62163,0.62098,0.62143,3863.1
2024.10.03 20:00:00,0.62143,0.62144,0.62103,0.62121,1796.1
2024.10.03 21:00:00,0.62115,0.62127,0.62048,0.62115,914.58
2024.10.03 22:00:00,0.62111,0.62187,0.62106,0.62152,1364.67
2024.10.03 23:00:00,0.62153,0.62176,0.6214,0.62161,842.4
2024.10.04 00:00:00,0.62163,0.62186,0.62092,0.62134,2852.1
2024.10.04 01:00:00,0.62135,0.62151,0.62075,0.6213,3791.1
2024.10.04 02:00:00,0.6213,0.62191,0.62122,0.6215,3422.7
2024.10.04 03:00:00,0.62151,0.62159,0.62066,0.62106,3496.65
2024.10.04 04:00:00,0.62105,0.62123,0.62074,0.62092,1398.3
2024.10.04 05:00:00,0.62093,0.62135,0.62092,0.62115,2726.85
2024.10.04 06:00:00,0.62119,0.62125,0.62044,0.62052,2819.4
2024.10.04 07:00:00,0.62051,0.62055,0.62004,0.62029,3791.09
2024.10.04 08:00:00,0.62028,0.62045,0.61973,0.62021,2745.36
2024.10.04 09:00:00,0.62022,0.62029,0.61946,0.62026,2490.86
2024.10.04 10:00:00,0.62025,0.62057,0.62002,0.62012,1971.99
2024.10.04 11:00:00,0.62011,0.62073,0.61997,0.62057,2173.65
2024.10.04 12:00:00,0.62057,0.62087,0.61499,0.61535,12616.91
2024.10.04 13:00:00,0.61535,0.61664,0.61472,0.6159,12117.34
2024.10.04 14:00:00,0.61593,0.61719,0.61564,0.61647,10039.95
2024.10.04 15:00:00,0.61646,0.61666,0.61476,0.61552,7395.93
2024.10.04 16:00:00,0.61553,0.61566,0.61452,0.61556,4291.64
2024.10.04 17:00:00,0.61555,0.61618,0.61541,0.61587,3044.22
2024.10.04 18:00:00,0.61587,0.61619,0.61547,0.61615,1839.6
2024.10.04 19:00:00,0.61615,0.61647,0.61609,0.61614,1873.5
2024.10.04 20:00:00,0.61616,0.61619,0.61568,0.61568,1631.55
2024.10.06 21:00:00,0.61468,0.6163,0.61468,0.61583,1326.21
2024.10.06 22:00:00,0.61547,0.61729,0.61537,0.61615,3210.3
2024.10.06 23:00:00,0.61614,0.61615,0.61562,0.61581,1900.29
2024.10.07 00:00:00,0.6158,0.61652,0.61547,0.6161,3097.8
2024.10.07 01:00:00,0.61611,0.61679,0.61581,0.61639,4744.8
2024.10.07 02:00:00,0.61639,0.61695,0.61626,0.61648,3542.4
2024.10.07 03:00:00,0.61647,0.61676,0.61617,0.61654,2061.75
2024.10.07 04:00:00,0.61653,0.61688,0.61606,0.61618,1007.7
2024.10.07 05:00:00,0.61618,0.61619,0.61559,0.6157,1376.7
2024.10.07 06:00:00,0.61567,0.61617,0.61516,0.61551,3579.15
2024.10.07 07:00:00,0.6155,0.61587,0.6145,0.61474,3862.95
2024.10.07 08:00:00,0.61475,0.6153,0.61407,0.61416,3627.75
2024.10.07 09:00:00,0.61415,0.61455,0.61355,0.61421,3079.47
2024.10.07 10:00:00,0.61421,0.61457,0.61364,0.61365,2913.6
2024.10.07 11:00:00,0.61364,0.61489,0.61338,0.61479,3796.5
2024.10.07 12:00:00,0.61481,0.61544,0.61419,0.61446,4740.67
2024.10.07 13:00:00,0.61443,0.61497,0.61378,0.61403,7312.5
2024.10.07 14:00:00,0.61404,0.61422,0.61171,0.61231,8681.38
2024.10.07 15:00:00,0.6123,0.61276,0.61202,0.61222,7378.8
2024.10.07 16:00:00,0.61221,0.61266,0.61197,0.61247,3303.9
2024.10.07 17:00:00,0.61248,0.61313,0.61248,0.61264,2178.59
2024.10.07 18:00:00,0.61262,0.61268,0.61132,0.61141,4567.05
2024.10.07 19:00:00,0.61141,0.61217,0.61121,0.61214,5170.5
2024.10.07 20:00:00,0.61216,0.6126,0.61209,0.61239,3501.9
2024.10.07 21:00:00,0.61231,0.61269,0.6111,0.61258,1239.87
2024.10.07 22:00:00,0.61258,0.61303,0.61243,0.61254,1311.51
2024.10.07 23:00:00,0.61254,0.61308,0.6122,0.61272,2340.15
2024.10.08 00:00:00,0.61273,0.61445,0.61273,0.61422,3744.45
2024.10.08 01:00:00,0.61422,0.61445,0.61337,0.61414,5741.7
2024.10.08 02:00:00,0.61414,0.61414,0.61068,0.61237,10827.09
2024.10.08 03:00:00,0.61237,0.61339,0.61223,0.61244,5493.03
2024.10.08 04:00:00,0.61244,0.61277,0.61218,0.6125,1838.85
2024.10.08 05:00:00,0.61248,0.61292,0.6118,0.6121,5034
2024.10.08 06:00:00,0.61212,0.61233,0.61158,0.6121,5150.25
2024.10.08 07:00:00,0.61211,0.6132,0.61107,0.61308,5313.52
2024.10.08 08:00:00,0.61309,0.61313,0.61165,0.61231,3295.5
2024.10.08 09:00:00,0.61232,0.61253,0.61154,0.6118,2684.02
2024.10.08 10:00:00,0.6118,0.61201,0.61135,0.61177,2089.5
2024.10.08 11:00:00,0.61175,0.61274,0.61159,0.61257,3136.95
2024.10.08 12:00:00,0.61256,0.6128,0.61131,0.61212,4834.67
2024.10.08 13:00:00,0.61213,0.61282,0.61123,0.61167,6345.37
2024.10.08 14:00:00,0.61166,0.6126,0.611,0.6114,5527.8
2024.10.08 15:00:00,0.61139,0.61224,0.61085,0.61204,4164.15
2024.10.08 16:00:00,0.61205,0.61249,0.61173,0.61206,2842.2
2024.10.08 17:00:00,0.61204,0.61216,0.61115,0.61189,3655.35
2024.10.08 18:00:00,0.61189,0.61238,0.6118,0.6122,3443.4
2024.10.08 19:00:00,0.6122,0.61362,0.61208,0.61353,2362.95
2024.10.08 20:00:00,0.61353,0.61377,0.61335,0.61375,2061.49
2024.10.08 21:00:00,0.61376,0.61402,0.6131,0.61376,1815.36
2024.10.08 22:00:00,0.61372,0.61419,0.61351,0.61393,1113.42
2024.10.08 23:00:00,0.61395,0.61395,0.61266,0.61302,834.3
2024.10.09 00:00:00,0.61299,0.61377,0.61258,0.61336,2734.47
2024.10.09 01:00:00,0.61334,0.61347,0.60948,0.61063,12063.91
2024.10.09 02:00:00,0.61061,0.6111,0.60975,0.60999,6142.98
2024.10.09 03:00:00,0.60997,0.61002,0.60744,0.6087,5681.49
2024.10.09 04:00:00,0.60875,0.60947,0.60795,0.60837,3011.07
2024.10.09 05:00:00,0.60836,0.61109,0.60836,0.60979,13144.25
2024.10.09 06:00:00,0.6098,0.61046,0.60876,0.60882,5291.25
2024.10.09 07:00:00,0.60882,0.60887,0.60772,0.60851,4084.95
2024.10.09 08:00:00,0.60853,0.60913,0.60759,0.60812,2795.25
2024.10.09 09:00:00,0.60813,0.60893,0.60813,0.60868,2129.7
2024.10.09 10:00:00,0.60867,0.60871,0.60767,0.6077,2374.65
2024.10.09 11:00:00,0.60768,0.60808,0.60671,0.607,2277.45
2024.10.09 12:00:00,0.60701,0.60757,0.60608,0.60647,3468.6
2024.10.09 13:00:00,0.60646,0.60703,0.60579,0.6069,5385.6
2024.10.09 14:00:00,0.60691,0.60723,0.60523,0.60558,5284.36
2024.10.09 15:00:00,0.60557,0.60679,0.60555,0.60637,4250.25
2024.10.09 16:00:00,0.60636,0.60639,0.60586,0.60602,2665.92
2024.10.09 17:00:00,0.60603,0.60608,0.60537,0.60541,1864.17
2024.10.09 18:00:00,0.60541,0.60596,0.60534,0.60536,2057.52
2024.10.09 19:00:00,0.60536,0.60603,0.60536,0.60577,1882.95
2024.10.09 20:00:00,0.60577,0.60643,0.60554,0.60622,1330.44
2024.10.09 21:00:00,0.60614,0.60614,0.60527,0.60591,1879.77
2024.10.09 22:00:00,0.60591,0.60654,0.60584,0.60605,1339.17
2024.10.09 23:00:00,0.60607,0.60741,0.60607,0.60682,106.05
2024.10.10 00:00:00,0.60681,0.60706,0.60637,0.60668,2335.2
2024.10.10 01:00:00,0.60667,0.60821,0.60656,0.60789,5952.9
2024.10.10 02:00:00,0.60789,0.6089,0.60728,0.60821,5601
2024.10.10 03:00:00,0.6082,0.60912,0.60807,0.60873,3179.55
2024.10.10 04:00:00,0.60872,0.60911,0.60829,0.60907,1728.15
2024.10.10 05:00:00,0.60908,0.60921,0.6083,0.60849,2996.7
2024.10.10 06:00:00,0.60848,0.60886,0.60805,0.60831,3012.15
2024.10.10 07:00:00,0.60828,0.60847,0.60766,0.60773,2813.7
2024.10.10 08:00:00,0.60773,0.60773,0.607,0.60751,2324.1
2024.10.10 09:00:00,0.60753,0.60782,0.60725,0.60778,1549.35
2024.10.10 10:00:00,0.60778,0.60816,0.6076,0.60777,2228.55
2024.10.10 11:00:00,0.60778,0.60781,0.60693,0.60722,2113.42
2024.10.10 12:00:00,0.6072,0.60974,0.6053,0.60859,18196.15
2024.10.10 13:00:00,0.60857,0.60931,0.60725,0.60792,13514.37
2024.10.10 14:00:00,0.60793,0.60855,0.60706,0.60749,8965.8
2024.10.10 15:00:00,0.60751,0.60876,0.60729,0.60847,4956.15
2024.10.10 16:00:00,0.60848,0.60885,0.60695,0.60715,5478.94
2024.10.10 17:00:00,0.60717,0.60856,0.60654,0.60834,6733.38
2024.10.10 18:00:00,0.60834,0.60868,0.60803,0.60808,5804.92
2024.10.10 19:00:00,0.60807,0.60896,0.60785,0.60894,2758.05
2024.10.10 20:00:00,0.60894,0.60943,0.60892,0.60921,1754.88
2024.10.10 21:00:00,0.60921,0.60946,0.60827,0.60938,11487.45
2024.10.10 22:00:00,0.60937,0.60954,0.60905,0.60931,850.35
2024.10.10 23:00:00,0.60933,0.60968,0.60928,0.6095,1270.35
2024.10.11 00:00:00,0.60951,0.60986,0.60925,0.60959,2286.67
2024.10.11 01:00:00,0.60963,0.61057,0.6094,0.60961,2646.75
2024.10.11 02:00:00,0.60957,0.6101,0.60917,0.60998,1683
2024.10.11 03:00:00,0.61001,0.61041,0.60981,0.61033,1402.2
2024.10.11 04:00:00,0.61032,0.61046,0.61007,0.61018,1278.45
2024.10.11 05:00:00,0.61019,0.61037,0.60946,0.60965,880.95
2024.10.11 06:00:00,0.60964,0.60967,0.60869,0.60942,2310.15
2024.10.11 07:00:00,0.60939,0.60995,0.60908,0.6099,2073.9
2024.10.11 08:00:00,0.60993,0.61017,0.60965,0.60973,1836
2024.10.11 09:00:00,0.6097,0.61006,0.60896,0.60907,1546.12
2024.10.11 10:00:00,0.60906,0.60932,0.60887,0.60932,1639.5
2024.10.11 11:00:00,0.60934,0.60947,0.60835,0.60892,1835.25
2024.10.11 12:00:00,0.60893,0.61049,0.60833,0.60903,5941.89
2024.10.11 13:00:00,0.60903,0.60997,0.60837,0.60988,4477.92
2024.10.11 14:00:00,0.60979,0.61037,0.60973,0.60985,5703.27
2024.10.11 15:00:00,0.60983,0.61133,0.60977,0.611,2891.25
2024.10.11 16:00:00,0.61101,0.61155,0.6109,0.61138,1639.65
2024.10.11 17:00:00,0.6114,0.61172,0.61125,0.61157,1542.9
2024.10.11 18:00:00,0.61156,0.61194,0.61146,0.61148,794.85
2024.10.11 19:00:00,0.61148,0.61148,0.61097,0.61101,695.7
2024.10.11 20:00:00,0.61102,0.61116,0.61072,0.61088,1311
2024.10.13 21:00:00,0.60906,0.61032,0.60899,0.60979,1318.11
2024.10.13 22:00:00,0.60979,0.6101,0.609,0.6091,1913.95
2024.10.13 23:00:00,0.60913,0.60973,0.60871,0.609,1595.1
2024.10.14 00:00:00,0.60899,0.61025,0.60881,0.60955,2733.12
2024.10.14 01:00:00,0.60955,0.60987,0.60879,0.60913,5900.1
2024.10.14 02:00:00,0.60911,0.60913,0.60822,0.609,4149.15
2024.10.14 03:00:00,0.60898,0.60991,0.6088,0.60916,2753.82
2024.10.14 04:00:00,0.60918,0.60943,0.60905,0.60922,770.4
2024.10.14 05:00:00,0.60921,0.60962,0.60904,0.60955,2074.2
2024.10.14 06:00:00,0.60956,0.61009,0.60937,0.60945,2920.65
2024.10.14 07:00:00,0.60944,0.60964,0.60869,0.60886,2990.25
2024.10.14 08:00:00,0.60885,0.60926,0.60847,0.60889,2405.85
2024.10.14 09:00:00,0.60891,0.60934,0.60834,0.60838,1400.25
2024.10.14 10:00:00,0.60836,0.60849,0.60783,0.6079,1516.05
2024.10.14 11:00:00,0.60789,0.60805,0.60759,0.60798,1793.55
2024.10.14 12:00:00,0.60794,0.60826,0.60718,0.60739,2959.95
2024.10.14 13:00:00,0.60738,0.60988,0.60698,0.60932,6091.29
2024.10.14 14:00:00,0.60932,0.60972,0.60849,0.60924,5764.65
2024.10.14 15:00:00,0.60925,0.60942,0.6086,0.60889,3511.35
2024.10.14 16:00:00,0.6089,0.60896,0.60845,0.60884,1739.39
2024.10.14 17:00:00,0.60884,0.60896,0.6084,0.60883,1509
2024.10.14 18:00:00,0.60883,0.60902,0.60837,0.60876,1531.1
2024.10.14 19:00:00,0.60873,0.60931,0.60807,0.60905,4091.46
2024.10.14 20:00:00,0.60906,0.60957,0.60902,0.60951,1602.12
2024.10.14 21:00:00,0.60919,0.60954,0.60848,0.60946,1130.31
2024.10.14 22:00:00,0.60953,0.60956,0.60913,0.6094,736.65
2024.10.14 23:00:00,0.60941,0.6095,0.60883,0.60896,908.79
2024.10.15 00:00:00,0.60896,0.60921,0.60841,0.60909,2816.82
2024.10.15 01:00:00,0.60908,0.60934,0.60837,0.60877,2701.77
2024.10.15 02:00:00,0.60876,0.6093,0.60868,0.60894,2919.3
2024.10.15 03:00:00,0.60895,0.60926,0.60848,0.60884,2334.75
2024.10.15 04:00:00,0.60884,0.60884,0.60818,0.60834,1607.25
2024.10.15 05:00:00,0.60834,0.60835,0.60756,0.6079,2714.1
2024.10.15 06:00:00,0.60787,0.60839,0.60747,0.60821,3840.9
2024.10.15 07:00:00,0.60824,0.60825,0.60732,0.60784,3270.75
2024.10.15 08:00:00,0.60785,0.60895,0.60757,0.60891,2411.7
2024.10.15 09:00:00,0.60892,0.60942,0.60868,0.60913,2231.4
2024.10.15 10:00:00,0.60915,0.60924,0.60847,0.60871,2203.8
2024.10.15 11:00:00,0.60872,0.6094,0.60869,0.60905,2205.45
2024.10.15 12:00:00,0.60906,0.60981,0.60897,0.60975,4230.45
2024.10.15 13:00:00,0.60972,0.61055,0.60937,0.60955,3865.8
2024.10.15 14:00:00,0.60954,0.61017,0.60864,0.60907,6008.77
2024.10.15 15:00:00,0.60905,0.60917,0.60837,0.60851,5009.4
2024.10.15 16:00:00,0.60852,0.60867,0.6079,0.60806,2458.5
2024.10.15 17:00:00,0.60805,0.60806,0.60736,0.60748,2291.85
2024.10.15 18:00:00,0.60747,0.60823,0.60745,0.60779,2233.93
2024.10.15 19:00:00,0.6078,0.60806,0.60774,0.60789,1939.65
2024.10.15 20:00:00,0.60791,0.60838,0.60772,0.60821,1650.15
2024.10.15 21:00:00,0.60815,0.60879,0.60587,0.60619,3548.41
2024.10.15 22:00:00,0.6063,0.60731,0.60535,0.60607,2634.73
2024.10.15 23:00:00,0.60608,0.60626,0.60514,0.60515,1892.25
2024.10.16 00:00:00,0.60514,0.60549,0.60394,0.60488,4941.39
2024.10.16 01:00:00,0.60489,0.60639,0.60478,0.60621,4761
2024.10.16 02:00:00,0.60624,0.60656,0.60583,0.60639,4326.75
2024.10.16 03:00:00,0.60639,0.60731,0.60638,0.60651,3049.76
2024.10.16 04:00:00,0.60649,0.60664,0.60599,0.60617,1554.45
2024.10.16 05:00:00,0.60616,0.60642,0.60578,0.60635,2202
2024.10.16 06:00:00,0.60636,0.60654,0.60569,0.60634,5726.4
2024.10.16 07:00:00,0.60631,0.60702,0.606,0.60674,3774.75
2024.10.16 08:00:00,0.60672,0.60688,0.60629,0.60685,2826.6
2024.10.16 09:00:00,0.60686,0.60765,0.60674,0.60721,2350.8
2024.10.16 10:00:00,0.6072,0.60754,0.60681,0.6069,2000.25
2024.10.16 11:00:00,0.60692,0.60778,0.60676,0.60772,2296.2
2024.10.16 12:00:00,0.60773,0.60793,0.60639,0.60669,3589.35
2024.10.16 13:00:00,0.60671,0.60742,0.60647,0.60666,4271.73
2024.10.16 14:00:00,0.60665,0.6067,0.6057,0.60647,5376.24
2024.10.16 15:00:00,0.60646,0.60646,0.60542,0.60556,3808.2
2024.10.16 16:00:00,0.60558,0.60591,0.60526,0.60589,1999.8
2024.10.16 17:00:00,0.6059,0.60613,0.60571,0.60576,1471.5
2024.10.16 18:00:00,0.60575,0.6061,0.60559,0.60573,1628.25
2024.10.16 19:00:00,0.60572,0.60582,0.60544,0.6058,1411.35
2024.10.16 20:00:00,0.60582,0.60583,0.60561,0.60562,981.3
2024.10.16 21:00:00,0.60528,0.60575,0.60501,0.60567,561.84
2024.10.16 22:00:00,0.60569,0.60572,0.60539,0.60554,866.22
2024.10.16 23:00:00,0.60553,0.60588,0.6053,0.60578,685.05
2024.10.17 00:00:00,0.60577,0.60665,0.60571,0.60645,4715.57
2024.10.17 01:00:00,0.60647,0.60723,0.60635,0.60704,3675.9
2024.10.17 02:00:00,0.60707,0.60753,0.60595,0.60668,3617.1
2024.10.17 03:00:00,0.60668,0.60672,0.60556,0.60595,2635.24
2024.10.17 04:00:00,0.60595,0.6063,0.60589,0.60601,1420.65
2024.10.17 05:00:00,0.60599,0.60662,0.60598,0.60659,2117.25
2024.10.17 06:00:00,0.60656,0.60658,0.60576,0.60584,2602.02
2024.10.17 07:00:00,0.60584,0.60584,0.60442,0.60519,3675.45
2024.10.17 08:00:00,0.60514,0.60544,0.60468,0.60517,2335.5
2024.10.17 09:00:00,0.60518,0.60628,0.60515,0.60608,2220.3
2024.10.17 10:00:00,0.60607,0.60699,0.60606,0.6069,2058.6
2024.10.17 11:00:00,0.60688,0.60738,0.60687,0.60688,1686
2024.10.17 12:00:00,0.60687,0.60691,0.60487,0.60633,9312.04
2024.10.17 13:00:00,0.60632,0.60663,0.60533,0.60628,9992.55
2024.10.17 14:00:00,0.60629,0.60639,0.60538,0.60602,7405.2
2024.10.17 15:00:00,0.60602,0.607,0.60575,0.60616,5040.45
2024.10.17 16:00:00,0.60617,0.60628,0.60549,0.60609,3172.95
2024.10.17 17:00:00,0.6061,0.60648,0.60579,0.60627,1830.45
2024.10.17 18:00:00,0.60625,0.6063,0.60579,0.60583,1747.8
2024.10.17 19:00:00,0.60582,0.60602,0.60565,0.60593,1873.35
2024.10.17 20:00:00,0.6059,0.60598,0.60566,0.60591,1493.7
2024.10.17 21:00:00,0.60571,0.60599,0.60538,0.60575,1371.84
2024.10.17 22:00:00,0.60574,0.60618,0.60551,0.60554,916.49
2024.10.17 23:00:00,0.60553,0.606,0.60527,0.60596,1086.15
2024.10.18 00:00:00,0.60596,0.60628,0.6056,0.60577,2330.25
2024.10.18 01:00:00,0.60577,0.60656,0.60577,0.60617,3246.15
2024.10.18 02:00:00,0.60619,0.60721,0.60574,0.60645,4208.31
2024.10.18 03:00:00,0.60645,0.6066,0.60588,0.60606,2149.2
2024.10.18 04:00:00,0.60607,0.60622,0.60581,0.6059,1266.27
2024.10.18 05:00:00,0.60591,0.60633,0.60573,0.60628,2648.77
2024.10.18 06:00:00,0.60627,0.60713,0.60592,0.60663,4227.15
2024.10.18 07:00:00,0.60664,0.60712,0.60637,0.60666,2624.7
2024.10.18 08:00:00,0.60667,0.60712,0.60655,0.60693,1802.1
2024.10.18 09:00:00,0.60693,0.60732,0.60677,0.60707,2347.35
2024.10.18 10:00:00,0.60708,0.6076,0.6067,0.60746,2656.5
2024.10.18 11:00:00,0.60746,0.60762,0.60711,0.60727,3266.25
2024.10.18 12:00:00,0.60728,0.60761,0.60699,0.60736,4242.75
2024.10.18 13:00:00,0.60736,0.60796,0.60716,0.60734,4052.4
2024.10.18 14:00:00,0.60732,0.60747,0.60667,0.60693,4219.65
2024.10.18 15:00:00,0.60694,0.60707,0.60633,0.60638,3694.05
2024.10.18 16:00:00,0.60637,0.60746,0.60629,0.60733,1977.15
2024.10.18 17:00:00,0.60733,0.60737,0.60647,0.60666,1892.55
2024.10.18 18:00:00,0.60667,0.6071,0.6065,0.60675,1593.9
2024.10.18 19:00:00,0.60674,0.60706,0.60641,0.60697,1773.9
2024.10.18 20:00:00,0.60697,0.60733,0.60681,0.60697,1453.2
2024.10.20 21:00:00,0.60653,0.60704,0.60635,0.60679,502.11
2024.10.20 22:00:00,0.60679,0.60774,0.60672,0.6074,1222.8
2024.10.20 23:00:00,0.60739,0.60765,0.60723,0.60758,859.65
2024.10.21 00:00:00,0.6076,0.60781,0.60698,0.60737,2638.8
2024.10.21 01:00:00,0.60737,0.60825,0.6073,0.60777,4994.1
2024.10.21 02:00:00,0.60779,0.60837,0.60768,0.60778,3770.7
2024.10.21 03:00:00,0.60777,0.60824,0.60777,0.60812,3261.6
2024.10.21 04:00:00,0.60812,0.60818,0.60699,0.60719,2397.6
2024.10.21 05:00:00,0.60716,0.60744,0.60674,0.60708,2798.1
2024.10.21 06:00:00,0.60708,0.60708,0.60543,0.60556,4031.55
2024.10.21 07:00:00,0.60557,0.60669,0.60552,0.60632,3684.45
2024.10.21 08:00:00,0.60632,0.60656,0.60589,0.60592,2339.55
2024.10.21 09:00:00,0.60589,0.60613,0.60507,0.60516,2267.55
2024.10.21 10:00:00,0.60515,0.60531,0.60488,0.60508,2255.7
2024.10.21 11:00:00,0.60509,0.60566,0.60506,0.60555,2932.35
2024.10.21 12:00:00,0.60556,0.6066,0.60543,0.60605,4088.85
2024.10.21 13:00:00,0.60604,0.60617,0.60544,0.60574,5011.35
2024.10.21 14:00:00,0.60573,0.60584,0.60413,0.60419,4180.97
2024.10.21 15:00:00,0.60419,0.60419,0.60295,0.60323,4923.15
2024.10.21 16:00:00,0.60321,0.60341,0.6027,0.60337,3270.45
2024.10.21 17:00:00,0.60336,0.60352,0.60321,0.60342,3971.55
2024.10.21 18:00:00,0.60344,0.60354,0.60296,0.603,4618.8
2024.10.21 19:00:00,0.60301,0.60336,0.60285,0.60321,3944.25
2024.10.21 20:00:00,0.60322,0.60333,0.60288,0.60304,1199.4
2024.10.21 21:00:00,0.6028,0.60308,0.60255,0.60288,1563.96
2024.10.21 22:00:00,0.60282,0.60317,0.60256,0.60257,914.95
2024.10.21 23:00:00,0.60256,0.60262,0.60213,0.60226,986.7
2024.10.22 00:00:00,0.60227,0.60294,0.60207,0.60256,2300.4
2024.10.22 01:00:00,0.6026,0.60388,0.60252,0.60378,3661.68
2024.10.22 02:00:00,0.60379,0.60418,0.60373,0.60391,3034.2
2024.10.22 03:00:00,0.60389,0.60506,0.60386,0.60498,2686.2
2024.10.22 04:00:00,0.605,0.60569,0.60488,0.60561,1211.7
2024.10.22 05:00:00,0.60561,0.60594,0.60507,0.60515,3047.55
2024.10.22 06:00:00,0.60514,0.60592,0.60509,0.60519,3040.95
2024.10.22 07:00:00,0.60517,0.60573,0.60508,0.60535,3140.4
2024.10.22 08:00:00,0.60533,0.60595,0.60497,0.60498,2543.4
2024.10.22 09:00:00,0.60498,0.60552,0.60461,0.60492,2634.6
2024.10.22 10:00:00,0.60491,0.60582,0.60484,0.60532,2505.45
2024.10.22 11:00:00,0.60533,0.60544,0.60501,0.60514,2610.9
2024.10.22 12:00:00,0.60514,0.60574,0.6051,0.60533,4894.5
2024.10.22 13:00:00,0.60531,0.60608,0.60501,0.60526,7077.15
2024.10.22 14:00:00,0.60528,0.60534,0.60423,0.6047,8727.52
2024.10.22 15:00:00,0.6047,0.60484,0.60419,0.60431,3316.35
2024.10.22 16:00:00,0.6043,0.60469,0.60404,0.60467,2116.2
2024.10.22 17:00:00,0.60469,0.60532,0.60451,0.60526,2589.15
2024.10.22 18:00:00,0.60525,0.60535,0.60446,0.60447,2222.62
2024.10.22 19:00:00,0.60447,0.60478,0.60431,0.60431,2301
2024.10.22 20:00:00,0.60431,0.60438,0.60399,0.60425,1694.7
2024.10.22 21:00:00,0.60419,0.60452,0.604,0.60445,1943.72
2024.10.22 22:00:00,0.60445,0.60445,0.60407,0.60421,875.25
2024.10.22 23:00:00,0.60423,0.60448,0.60407,0.60431,686.55
2024.10.23 00:00:00,0.60431,0.60453,0.60318,0.60332,2595.9
2024.10.23 01:00:00,0.60334,0.60411,0.60281,0.60411,4106.4
2024.10.23 02:00:00,0.60411,0.60503,0.6041,0.60481,3786.15
2024.10.23 03:00:00,0.60483,0.60525,0.60415,0.60421,2447.55
2024.10.23 04:00:00,0.6042,0.60436,0.60364,0.60374,1561.05
2024.10.23 05:00:00,0.60377,0.60389,0.60345,0.60375,2378.4
2024.10.23 06:00:00,0.60377,0.60379,0.60301,0.60316,2759.7
2024.10.23 07:00:00,0.60318,0.60322,0.60259,0.6027,2401.8
2024.10.23 08:00:00,0.6027,0.60307,0.60255,0.60274,2068.2
2024.10.23 09:00:00,0.60272,0.60281,0.60226,0.60228,2267.85
2024.10.23 10:00:00,0.60227,0.60272,0.60201,0.60211,1760.25
2024.10.23 11:00:00,0.60215,0.60224,0.60082,0.60087,2642.4
2024.10.23 12:00:00,0.60087,0.60116,0.60028,0.601,3151.65
2024.10.23 13:00:00,0.60101,0.60126,0.60057,0.60073,4311.33
2024.10.23 14:00:00,0.60075,0.60111,0.6003,0.6006,5325.59
2024.10.23 15:00:00,0.60059,0.60076,0.60015,0.60047,4149
2024.10.23 16:00:00,0.60045,0.60048,0.59978,0.60003,2803.55
2024.10.23 17:00:00,0.60001,0.60003,0.59926,0.59941,2633.7
2024.10.23 18:00:00,0.59944,0.59996,0.59908,0.59977,2982.12
2024.10.23 19:00:00,0.59975,0.60057,0.59975,0.60055,3065.85
2024.10.23 20:00:00,0.60055,0.6007,0.60033,0.60045,1415.1
2024.10.23 21:00:00,0.60036,0.60097,0.60003,0.60027,1777.76
2024.10.23 22:00:00,0.60024,0.60038,0.59985,0.59989,1274.4
2024.10.23 23:00:00,0.59987,0.60062,0.59983,0.60051,909.64
2024.10.24 00:00:00,0.60051,0.60116,0.59995,0.60106,2776.2
2024.10.24 01:00:00,0.60106,0.60127,0.60074,0.60101,4060.2
2024.10.24 02:00:00,0.601,0.60147,0.60079,0.60126,3068.25
2024.10.24 03:00:00,0.60127,0.60153,0.60114,0.60118,1956.15
2024.10.24 04:00:00,0.60119,0.60161,0.60106,0.60155,1510.95
2024.10.24 05:00:00,0.60154,0.60156,0.60121,0.60135,3095.7
2024.10.24 06:00:00,0.60133,0.60215,0.60118,0.60187,3348.6
2024.10.24 07:00:00,0.60188,0.60279,0.6017,0.60236,4214.79
2024.10.24 08:00:00,0.60239,0.60313,0.60214,0.60271,3239.85
2024.10.24 09:00:00,0.6027,0.60286,0.60244,0.60259,2175.45
2024.10.24 10:00:00,0.6026,0.60306,0.60244,0.6028,2718.45
2024.10.24 11:00:00,0.60279,0.60317,0.6025,0.60274,2858.7
2024.10.24 12:00:00,0.60275,0.6031,0.60183,0.60235,6201.87
2024.10.24 13:00:00,0.60235,0.60251,0.60092,0.60137,6122.55
2024.10.24 14:00:00,0.60138,0.60187,0.60055,0.6008,7809.15
2024.10.24 15:00:00,0.60078,0.60122,0.60029,0.60065,3999.3
2024.10.24 16:00:00,0.60066,0.60109,0.60013,0.60088,3031.05
2024.10.24 17:00:00,0.60085,0.602,0.60082,0.60132,2781.9
2024.10.24 18:00:00,0.60132,0.60184,0.60122,0.6017,2683.65
2024.10.24 19:00:00,0.60169,0.60185,0.6013,0.60165,3120.06
2024.10.24 20:00:00,0.60166,0.60168,0.60128,0.60147,1430.25
2024.10.24 21:00:00,0.60141,0.60167,0.60113,0.60141,727.19
2024.10.24 22:00:00,0.60141,0.60154,0.60073,0.60073,879.82
2024.10.24 23:00:00,0.60073,0.60091,0.6006,0.60073,823.65
2024.10.25 00:00:00,0.60074,0.60075,0.60003,0.60036,2742.6
2024.10.25 01:00:00,0.60036,0.60064,0.60005,0.60047,2905.8
2024.10.25 02:00:00,0.60046,0.60101,0.60027,0.60054,2808.15
2024.10.25 03:00:00,0.60055,0.60055,0.59888,0.59928,2615.99
2024.10.25 04:00:00,0.59928,0.59938,0.59869,0.59917,2285.85
2024.10.25 05:00:00,0.59916,0.59988,0.59913,0.59964,2864.92
2024.10.25 06:00:00,0.59964,0.6003,0.59925,0.60006,3236.4
2024.10.25 07:00:00,0.60008,0.60024,0.59956,0.59973,3724.65
2024.10.25 08:00:00,0.59974,0.59998,0.59944,0.59979,2404.35
2024.10.25 09:00:00,0.59982,0.60061,0.59975,0.60029,2574.9
2024.10.25 10:00:00,0.60031,0.60043,0.59996,0.60024,2906.78
2024.10.25 11:00:00,0.60025,0.60082,0.59992,0.60046,1981.2
2024.10.25 12:00:00,0.60047,0.60121,0.59983,0.60109,3765.87
2024.10.25 13:00:00,0.60108,0.60131,0.60053,0.60063,3881.62
2024.10.25 14:00:00,0.60059,0.60111,0.60005,0.60052,5649.75
2024.10.25 15:00:00,0.60051,0.60075,0.59914,0.59919,5624.1
2024.10.25 16:00:00,0.59918,0.59918,0.59835,0.59845,4591.01
2024.10.25 17:00:00,0.59844,0.59844,0.59776,0.59782,3128.38
2024.10.25 18:00:00,0.59782,0.59819,0.59751,0.59785,3795.45
2024.10.25 19:00:00,0.59785,0.59806,0.59742,0.59743,4062.75
2024.10.25 20:00:00,0.59743,0.59775,0.59737,0.59755,2201.83
2024.10.27 21:00:00,0.59736,0.5985,0.59697,0.59785,1136.09
2024.10.27 22:00:00,0.59786,0.59794,0.59736,0.59761,2228.94
2024.10.27 23:00:00,0.59762,0.5984,0.59762,0.5978,1500.3
2024.10.28 00:00:00,0.5978,0.59821,0.59712,0.59714,2991.6
2024.10.28 01:00:00,0.59713,0.59762,0.5967,0.59694,3935.4
2024.10.28 02:00:00,0.59694,0.59724,0.59688,0.59697,3197.1
2024.10.28 03:00:00,0.59695,0.59712,0.59614,0.59616,2190.41
2024.10.28 04:00:00,0.59614,0.59659,0.59575,0.59643,2007.75
2024.10.28 05:00:00,0.59641,0.59651,0.59583,0.59624,1629.45
2024.10.28 06:00:00,0.59625,0.59694,0.5962,0.59677,2102.85
2024.10.28 07:00:00,0.59677,0.59742,0.59671,0.59703,2667.9
2024.10.28 08:00:00,0.59701,0.59757,0.59678,0.59751,3912.3
2024.10.28 09:00:00,0.59755,0.59778,0.59714,0.59746,2490.45
2024.10.28 10:00:00,0.59746,0.59849,0.59744,0.59834,2057.85
2024.10.28 11:00:00,0.59834,0.59873,0.59824,0.59862,2087.25
2024.10.28 12:00:00,0.59861,0.59907,0.59849,0.59892,3862.2
2024.10.28 13:00:00,0.59894,0.59973,0.59885,0.59953,3072.52
2024.10.28 14:00:00,0.59953,0.59954,0.59876,0.59923,3310.49
2024.10.28 15:00:00,0.59921,0.59925,0.59779,0.59785,3993.28
2024.10.28 16:00:00,0.59785,0.59827,0.59759,0.59777,3150
2024.10.28 17:00:00,0.59778,0.598,0.59732,0.59749,2960.22
2024.10.28 18:00:00,0.59748,0.59801,0.59736,0.59773,1740.75
2024.10.28 19:00:00,0.59772,0.59824,0.59754,0.59807,2193.6
2024.10.28 20:00:00,0.59807,0.59813,0.59793,0.59799,855
2024.10.28 21:00:00,0.59785,0.59819,0.59775,0.59789,665.55
2024.10.28 22:00:00,0.59787,0.598,0.59763,0.59795,2030.94
2024.10.28 23:00:00,0.59796,0.59886,0.59788,0.59883,2359.47
2024.10.29 00:00:00,0.59881,0.59893,0.59755,0.5977,3520.41
2024.10.29 01:00:00,0.59772,0.59837,0.59768,0.59805,3416.7
2024.10.29 02:00:00,0.59808,0.59828,0.59767,0.59796,2542.2
2024.10.29 03:00:00,0.59796,0.59805,0.59677,0.59691,2512.05
2024.10.29 04:00:00,0.59689,0.59714,0.59671,0.59709,1931.7
2024.10.29 05:00:00,0.5971,0.5974,0.59688,0.59714,3045.9
2024.10.29 06:00:00,0.59715,0.59785,0.59701,0.59775,1766.4
2024.10.29 07:00:00,0.59773,0.59783,0.59742,0.59743,1797.6
2024.10.29 08:00:00,0.59744,0.59811,0.59683,0.59783,4024.5
2024.10.29 09:00:00,0.59782,0.59828,0.59763,0.59789,2530.65
2024.10.29 10:00:00,0.59787,0.59803,0.59755,0.5978,1900.8
2024.10.29 11:00:00,0.59781,0.5979,0.59681,0.59683,2171.1
2024.10.29 12:00:00,0.59681,0.59681,0.59567,0.59595,4479.15
2024.10.29 13:00:00,0.59595,0.59638,0.59565,0.59618,5114.1
2024.10.29 14:00:00,0.5962,0.5976,0.5962,0.59663,11486.64
2024.10.29 15:00:00,0.59661,0.59668,0.5953,0.596,7309.27
2024.10.29 16:00:00,0.59602,0.59645,0.5955,0.59587,4761.33
2024.10.29 17:00:00,0.59585,0.59678,0.59579,0.59619,4515.45
2024.10.29 18:00:00,0.59619,0.59662,0.59596,0.59657,2457.3
2024.10.29 19:00:00,0.59657,0.59671,0.59625,0.59657,2138.55
2024.10.29 20:00:00,0.59658,0.59734,0.59656,0.59722,1264.2
2024.10.29 21:00:00,0.59719,0.59719,0.59664,0.5969,1759.29
2024.10.29 22:00:00,0.59692,0.59732,0.59689,0.59702,1459.7
2024.10.29 23:00:00,0.59704,0.59728,0.59682,0.59689,997.49
2024.10.30 00:00:00,0.59688,0.59747,0.59561,0.59706,3896.94
2024.10.30 01:00:00,0.59705,0.59779,0.59695,0.5972,3904.8
2024.10.30 02:00:00,0.59718,0.59741,0.59659,0.59661,2312.4
2024.10.30 03:00:00,0.59659,0.59659,0.59503,0.59548,3135.15
2024.10.30 04:00:00,0.59548,0.59599,0.59526,0.59575,1818.45
2024.10.30 05:00:00,0.59574,0.59593,0.59535,0.59591,2234.7
2024.10.30 06:00:00,0.59591,0.59699,0.59588,0.59689,2386.5
2024.10.30 07:00:00,0.59689,0.59792,0.59674,0.59783,2117.4
2024.10.30 08:00:00,0.59785,0.60014,0.59785,0.59978,5975.69
2024.10.30 09:00:00,0.59985,0.59992,0.59857,0.59891,5577.75
2024.10.30 10:00:00,0.59893,0.59961,0.59874,0.5989,2256
2024.10.30 11:00:00,0.59891,0.59891,0.59813,0.59834,2297.25
2024.10.30 12:00:00,0.59833,0.59854,0.59686,0.59746,8413.68
2024.10.30 13:00:00,0.59746,0.59922,0.59709,0.59884,6832.8
2024.10.30 14:00:00,0.59882,0.59945,0.59754,0.59765,7209.23
2024.10.30 15:00:00,0.59766,0.59853,0.59713,0.5985,6556.65
2024.10.30 16:00:00,0.5985,0.59859,0.59789,0.59825,3804.15
2024.10.30 17:00:00,0.59823,0.59843,0.59779,0.5982,3208.95
2024.10.30 18:00:00,0.59818,0.59863,0.5981,0.59831,2028.6
2024.10.30 19:00:00,0.5983,0.5983,0.59768,0.59778,2549.85
2024.10.30 20:00:00,0.59778,0.59791,0.59709,0.59724,1963.74
2024.10.30 21:00:00,0.5972,0.59755,0.59647,0.59735,2115.66
2024.10.30 22:00:00,0.59734,0.59737,0.5968,0.59709,2237.39
2024.10.30 23:00:00,0.5971,0.5974,0.59695,0.59706,1049.1
2024.10.31 00:00:00,0.59707,0.59745,0.5964,0.59653,2486.94
2024.10.31 01:00:00,0.5965,0.59815,0.59649,0.59744,4270.35
2024.10.31 02:00:00,0.59743,0.59792,0.59735,0.5976,3304.95
2024.10.31 03:00:00,0.59759,0.59764,0.59693,0.59714,3076.57
2024.10.31 04:00:00,0.59713,0.59742,0.59694,0.59732,1710.9
2024.10.31 05:00:00,0.59732,0.598,0.59721,0.59784,1579.95
2024.10.31 06:00:00,0.59784,0.5979,0.59755,0.59764,2635.2
2024.10.31 07:00:00,0.59764,0.59825,0.59739,0.59815,3089.55
2024.10.31 08:00:00,0.59816,0.5983,0.5975,0.5975,2996.85
2024.10.31 09:00:00,0.5975,0.59764,0.59693,0.5972,1976.7
2024.10.31 10:00:00,0.5972,0.59778,0.59684,0.59707,1945.05
2024.10.31 11:00:00,0.59706,0.59739,0.59652,0.59739,1868.85
2024.10.31 12:00:00,0.5974,0.59802,0.59632,0.59774,7878.02
2024.10.31 13:00:00,0.59772,0.59772,0.59446,0.59466,7689.48
2024.10.31 14:00:00,0.59467,0.59575,0.59429,0.59467,9110.25
2024.10.31 15:00:00,0.59467,0.59521,0.59396,0.59499,9124.73
2024.10.31 16:00:00,0.59499,0.59612,0.59492,0.59572,6245.85
2024.10.31 17:00:00,0.59572,0.59633,0.59568,0.59616,5057.78
2024.10.31 18:00:00,0.59615,0.59691,0.59606,0.59681,3692.27
2024.10.31 19:00:00,0.59684,0.59763,0.59679,0.59758,3170.55
2024.10.31 20:00:00,0.59757,0.59789,0.59742,0.59759,3367.25
2024.10.31 21:00:00,0.59751,0.59787,0.59733,0.59774,1746.48
2024.10.31 22:00:00,0.59778,0.59798,0.5975,0.5976,939.47
2024.10.31 23:00:00,0.59763,0.59785,0.59694,0.59703,1108.12
2024.11.01 00:00:00,0.59702,0.5971,0.59628,0.5968,2850.37
2024.11.01 01:00:00,0.5968,0.59778,0.5965,0.59701,4040.4
2024.11.01 02:00:00,0.59701,0.59731,0.59636,0.59731,4119
2024.11.01 03:00:00,0.59733,0.59785,0.59716,0.59762,2583.75
2024.11.01 04:00:00,0.59761,0.59831,0.59756,0.59817,913.05
2024.11.01 05:00:00,0.59818,0.59826,0.59693,0.59712,2040.75
2024.11.01 06:00:00,0.59713,0.59735,0.59655,0.59675,2094.15
2024.11.01 07:00:00,0.59676,0.59703,0.59645,0.59656,2703.45
2024.11.01 08:00:00,0.59654,0.59733,0.59628,0.59705,3443.61
2024.11.01 09:00:00,0.59708,0.59736,0.59645,0.59658,1709.85
2024.11.01 10:00:00,0.5966,0.59675,0.59637,0.59669,1930.65
2024.11.01 11:00:00,0.59669,0.5972,0.59627,0.59711,2744.55
2024.11.01 12:00:00,0.59713,0.59987,0.59626,0.59913,10132.78
2024.11.01 13:00:00,0.59912,0.59933,0.59829,0.59866,7644
2024.11.01 14:00:00,0.59865,0.59899,0.59758,0.59817,8478.81
2024.11.01 15:00:00,0.59814,0.59824,0.59752,0.59794,6206.85
2024.11.01 16:00:00,0.59794,0.59812,0.59746,0.59769,4024.5
2024.11.01 17:00:00,0.59768,0.59777,0.59626,0.59638,2850.9
2024.11.01 18:00:00,0.59637,0.59681,0.59613,0.59635,3683.85
2024.11.01 19:00:00,0.59634,0.59662,0.59581,0.59603,3810.77
2024.11.01 20:00:00,0.59605,0.5963,0.59588,0.59612,1629.15
2024.11.03 22:00:00,0.59958,0.59981,0.59744,0.59744,1744.38
2024.11.03 23:00:00,0.59745,0.59911,0.59728,0.59857,4466.16
2024.11.04 00:00:00,0.59859,0.59962,0.5981,0.59951,3211.92
2024.11.04 01:00:00,0.5995,0.60039,0.59924,0.59957,5446.06
2024.11.04 02:00:00,0.59955,0.60025,0.59936,0.60003,3881.7
2024.11.04 03:00:00,0.60004,0.6015,0.60004,0.60104,3734.97
2024.11.04 04:00:00,0.60105,0.60106,0.60051,0.60071,1963.35
2024.11.04 05:00:00,0.6007,0.60079,0.59996,0.60039,2784.3
2024.11.04 06:00:00,0.60038,0.60052,0.59949,0.5996,2997.6
2024.11.04 07:00:00,0.59959,0.59959,0.59855,0.59858,3831.75
2024.11.04 08:00:00,0.59856,0.59893,0.59846,0.59876,3921.3
2024.11.04 09:00:00,0.59874,0.59891,0.5982,0.59887,2797.5
2024.11.04 10:00:00,0.59886,0.59899,0.59796,0.59847,2364.9
2024.11.04 11:00:00,0.59846,0.59945,0.59836,0.59939,2702.1
2024.11.04 12:00:00,0.59939,0.5995,0.59865,0.599,2908.65
2024.11.04 13:00:00,0.59901,0.59938,0.59823,0.59893,4117.2
2024.11.04 14:00:00,0.59894,0.59962,0.59881,0.59928,6715.65
2024.11.04 15:00:00,0.59928,0.5998,0.59892,0.59899,7866.45
2024.11.04 16:00:00,0.59899,0.59906,0.59733,0.59756,6839.78
2024.11.04 17:00:00,0.59757,0.5981,0.5972,0.59802,4378.95
2024.11.04 18:00:00,0.59801,0.59816,0.59726,0.59787,5361.73
2024.11.04 19:00:00,0.59789,0.59801,0.59733,0.59741,2606.68
2024.11.04 20:00:00,0.5974,0.59768,0.59712,0.59718,2704.5
2024.11.04 21:00:00,0.59719,0.59729,0.59702,0.59722,1399.5
2024.11.04 22:00:00,0.5971,0.59771,0.59673,0.59744,1382.64
2024.11.04 23:00:00,0.59743,0.59759,0.59704,0.59727,1161.82
2024.11.05 00:00:00,0.59727,0.59733,0.59662,0.59702,1512.67
2024.11.05 01:00:00,0.59702,0.59782,0.59666,0.59759,3593.7
2024.11.05 02:00:00,0.59759,0.59797,0.59747,0.59747,3201.15
2024.11.05 03:00:00,0.59746,0.59793,0.59693,0.59708,3278.85
2024.11.05 04:00:00,0.59707,0.59814,0.59703,0.59776,2091.45
2024.11.05 05:00:00,0.59775,0.59856,0.59768,0.5983,2171.1
2024.11.05 06:00:00,0.5983,0.59873,0.59807,0.59869,2468.34
2024.11.05 07:00:00,0.5987,0.59958,0.59864,0.59936,2905.77
2024.11.05 08:00:00,0.59936,0.60011,0.59933,0.60001,3339.45
2024.11.05 09:00:00,0.60001,0.60022,0.5996,0.5998,3153.15
2024.11.05 10:00:00,0.5998,0.60003,0.59962,0.59987,2932.8
2024.11.05 11:00:00,0.59985,0.60037,0.59973,0.59996,3117.15
2024.11.05 12:00:00,0.59996,0.60013,0.59954,0.59969,2273.55
2024.11.05 13:00:00,0.59968,0.60006,0.59939,0.5997,4556.7
2024.11.05 14:00:00,0.59971,0.60104,0.5995,0.60072,6877.65
2024.11.05 15:00:00,0.60073,0.60073,0.59945,0.59978,11977.2
2024.11.05 16:00:00,0.59977,0.60046,0.59965,0.59975,5966.29
2024.11.05 17:00:00,0.59977,0.60009,0.59959,0.59991,4966.2
2024.11.05 18:00:00,0.59992,0.6003,0.59951,0.5996,5179.42
2024.11.05 19:00:00,0.59959,0.5999,0.59931,0.59963,4587.45
2024.11.05 20:00:00,0.59963,0.59965,0.59918,0.59937,3011.55
2024.11.05 21:00:00,0.59938,0.6014,0.59919,0.60051,4872.93
2024.11.05 22:00:00,0.60022,0.6008,0.59887,0.59986,2839.04
2024.11.05 23:00:00,0.59987,0.60189,0.5994,0.60152,4612.67
2024.11.06 00:00:00,0.60154,0.60204,0.59647,0.5966,15068.29
2024.11.06 01:00:00,0.59661,0.59787,0.59565,0.5972,19493.81
2024.11.06 02:00:00,0.5972,0.5975,0.59373,0.59393,20915.55
2024.11.06 03:00:00,0.59392,0.59543,0.59147,0.59186,22932.63
2024.11.06 04:00:00,0.59187,0.59367,0.59162,0.59359,15086.25
2024.11.06 05:00:00,0.59359,0.59541,0.59304,0.59363,24147.21
2024.11.06 06:00:00,0.59361,0.59379,0.59115,0.59203,13463.67
2024.11.06 07:00:00,0.59204,0.59389,0.59183,0.59312,17478.82
2024.11.06 08:00:00,0.59312,0.59707,0.59291,0.59658,14195.14
2024.11.06 09:00:00,0.59657,0.59721,0.59541,0.59683,9916.49
2024.11.06 10:00:00,0.59683,0.59745,0.59609,0.59633,8933.52
2024.11.06 11:00:00,0.59632,0.59635,0.59342,0.59397,10435.79
2024.11.06 12:00:00,0.59396,0.59521,0.59347,0.59444,30826.5
2024.11.06 13:00:00,0.59444,0.59505,0.59355,0.59401,12998.85
2024.11.06 14:00:00,0.59402,0.59435,0.59318,0.59364,10419.67
2024.11.06 15:00:00,0.59367,0.59573,0.59367,0.59495,15459.91
2024.11.06 16:00:00,0.59495,0.59534,0.59393,0.59431,8299.85
2024.11.06 17:00:00,0.59431,0.59505,0.59368,0.59413,6374.31
2024.11.06 18:00:00,0.59412,0.59597,0.59398,0.59555,6277.34
2024.11.06 19:00:00,0.59556,0.59562,0.59475,0.59487,10434.77
2024.11.06 20:00:00,0.59487,0.59522,0.5943,0.5943,3307.8
2024.11.06 21:00:00,0.59431,0.59431,0.59345,0.59376,1825.34
2024.11.06 22:00:00,0.59373,0.59399,0.59307,0.59375,1526.94
2024.11.06 23:00:00,0.59376,0.59442,0.59375,0.59376,1629.7
2024.11.07 00:00:00,0.59375,0.5941,0.59305,0.59335,4071.59
2024.11.07 01:00:00,0.59333,0.59503,0.5932,0.5949,5244.72
2024.11.07 02:00:00,0.59489,0.5973,0.59489,0.59719,5404.8
2024.11.07 03:00:00,0.5972,0.59845,0.59695,0.5983,3210.75
2024.11.07 04:00:00,0.59828,0.59881,0.59794,0.59806,2492.08
2024.11.07 05:00:00,0.59804,0.5988,0.59802,0.59856,3157.6
2024.11.07 06:00:00,0.59853,0.59893,0.59806,0.59892,2693.25
2024.11.07 07:00:00,0.59892,0.5998,0.59871,0.59909,4657.05
2024.11.07 08:00:00,0.5991,0.60026,0.59904,0.59989,7727.4
2024.11.07 09:00:00,0.5999,0.6,0.59902,0.59913,5138.7
2024.11.07 10:00:00,0.59913,0.59933,0.59867,0.5988,3778.8
2024.11.07 11:00:00,0.59879,0.5991,0.59844,0.59872,4846.03
2024.11.07 12:00:00,0.59873,0.60043,0.59853,0.6004,10597.65
2024.11.07 13:00:00,0.6004,0.60187,0.59983,0.60172,13225.17
2024.11.07 14:00:00,0.60173,0.60314,0.60116,0.60272,9035.7
2024.11.07 15:00:00,0.60271,0.60372,0.6024,0.6033,10491
2024.11.07 16:00:00,0.60329,0.60356,0.60156,0.60189,9063.05
2024.11.07 17:00:00,0.60188,0.60253,0.6014,0.60244,3958.5
2024.11.07 18:00:00,0.60244,0.6026,0.6018,0.6018,3627.9
2024.11.07 19:00:00,0.60178,0.60252,0.60049,0.6017,18185.94
2024.11.07 20:00:00,0.6017,0.60323,0.60156,0.60236,11492.64
2024.11.07 21:00:00,0.60236,0.60261,0.60208,0.60237,2633.85
2024.11.07 22:00:00,0.60228,0.60263,0.6021,0.60243,1732.51
2024.11.07 23:00:00,0.60237,0.60243,0.6018,0.60212,2178.61
2024.11.08 00:00:00,0.60212,0.60238,0.60168,0.60191,2346.78
2024.11.08 01:00:00,0.60193,0.60205,0.60118,0.60146,5611.84
2024.11.08 02:00:00,0.60147,0.6017,0.60059,0.60075,4934.63
2024.11.08 03:00:00,0.60074,0.60133,0.60008,0.60012,2969.62
2024.11.08 04:00:00,0.60011,0.60126,0.59991,0.60115,2418.9
2024.11.08 05:00:00,0.60115,0.60141,0.60048,0.60076,2611.2
2024.11.08 06:00:00,0.60078,0.60108,0.60029,0.60106,2682.15
2024.11.08 07:00:00,0.60106,0.60133,0.6005,0.60089,5682.6
2024.11.08 08:00:00,0.60087,0.60107,0.59896,0.6001,12592.32
2024.11.08 09:00:00,0.60011,0.6012,0.60001,0.60077,6948.75
2024.11.08 10:00:00,0.60076,0.601,0.59997,0.60049,5451.99
2024.11.08 11:00:00,0.60051,0.60081,0.59977,0.60005,4464.15
2024.11.08 12:00:00,0.60005,0.6001,0.59899,0.59942,6184.5
2024.11.08 13:00:00,0.59941,0.59947,0.59758,0.59784,7404.45
2024.11.08 14:00:00,0.59786,0.5986,0.59768,0.59834,10176.88
2024.11.08 15:00:00,0.59828,0.59874,0.59774,0.59794,14890.58
2024.11.08 16:00:00,0.59794,0.59797,0.59595,0.59597,11623.64
2024.11.08 17:00:00,0.59599,0.59605,0.59468,0.596,9761.02
2024.11.08 18:00:00,0.596,0.59649,0.59518,0.59567,8327.08
2024.11.08 19:00:00,0.59567,0.5961,0.59533,0.59596,3522.85
2024.11.08 20:00:00,0.59596,0.59646,0.5956,0.59642,6605.43
2024.11.08 21:00:00,0.59644,0.59688,0.59634,0.59663,5442.87
2024.11.10 22:00:00,0.59631,0.59666,0.59374,0.59601,698.51
2024.11.10 23:00:00,0.59607,0.59678,0.59593,0.59638,2162.29
2024.11.11 00:00:00,0.59637,0.59694,0.59602,0.59644,2696.4
2024.11.11 01:00:00,0.59645,0.59716,0.59643,0.59665,5049.45
2024.11.11 02:00:00,0.59666,0.59719,0.59639,0.59702,2935.64
2024.11.11 03:00:00,0.59704,0.59755,0.59698,0.59738,1878.9
2024.11.11 04:00:00,0.5974,0.59749,0.59683,0.59733,1981.35
2024.11.11 05:00:00,0.59736,0.59771,0.59713,0.59715,2767.2
2024.11.11 06:00:00,0.59714,0.59744,0.59683,0.59741,2200.2
2024.11.11 07:00:00,0.59741,0.59761,0.59615,0.59649,5835.27
2024.11.11 08:00:00,0.59649,0.59663,0.5956,0.59616,5670.6
2024.11.11 09:00:00,0.59616,0.59707,0.59611,0.59696,7637.46
2024.11.11 10:00:00,0.59695,0.59717,0.59659,0.59666,4224.52
2024.11.11 11:00:00,0.59664,0.59701,0.5963,0.59685,5793.3
2024.11.11 12:00:00,0.59685,0.59699,0.59645,0.59656,4916.17
2024.11.11 13:00:00,0.59655,0.59665,0.59515,0.5956,4940.79
2024.11.11 14:00:00,0.59561,0.59646,0.5953,0.59564,5908.65
2024.11.11 15:00:00,0.59565,0.59613,0.59534,0.59578,7077.37
2024.11.11 16:00:00,0.59578,0.59631,0.59558,0.59591,3747.14
2024.11.11 17:00:00,0.5959,0.59627,0.59557,0.59575,1837.87
2024.11.11 18:00:00,0.59571,0.59599,0.5954,0.5959,2709.89
2024.11.11 19:00:00,0.5959,0.59622,0.59576,0.5959,2212.8
2024.11.11 20:00:00,0.5959,0.59619,0.59586,0.59616,1309.8
2024.11.11 21:00:00,0.59616,0.59638,0.59603,0.59633,805.65
2024.11.11 22:00:00,0.59625,0.59654,0.5955,0.59618,1331.05
2024.11.11 23:00:00,0.59616,0.59692,0.59608,0.59689,1183.92
2024.11.12 00:00:00,0.59688,0.59689,0.59598,0.59661,1703.1
2024.11.12 01:00:00,0.59661,0.59721,0.59584,0.59643,6077.52
2024.11.12 02:00:00,0.59643,0.59651,0.5955,0.59584,5867.25
2024.11.12 03:00:00,0.59585,0.59634,0.59536,0.59546,3531.92
2024.11.12 04:00:00,0.59546,0.59587,0.59536,0.5958,2016.3
2024.11.12 05:00:00,0.59581,0.59596,0.59518,0.59521,3900.9
2024.11.12 06:00:00,0.5952,0.59575,0.59496,0.59563,3793.35
2024.11.12 07:00:00,0.59564,0.59589,0.59504,0.59528,6408.72
2024.11.12 08:00:00,0.59527,0.59563,0.5941,0.5954,6214.35
2024.11.12 09:00:00,0.59539,0.59539,0.59396,0.59458,4128.75
2024.11.12 10:00:00,0.59457,0.59484,0.59381,0.59418,4695.3
2024.11.12 11:00:00,0.59418,0.59483,0.59416,0.59445,4439.7
2024.11.12 12:00:00,0.59444,0.5952,0.59416,0.59495,5108.85
2024.11.12 13:00:00,0.59494,0.59545,0.59421,0.59476,7916.47
2024.11.12 14:00:00,0.59477,0.59477,0.59357,0.59396,9865.95
2024.11.12 15:00:00,0.59395,0.59409,0.59295,0.59316,7999.05
2024.11.12 16:00:00,0.59317,0.59327,0.59158,0.59166,6342
2024.11.12 17:00:00,0.59165,0.59182,0.59092,0.59126,6041.7
2024.11.12 18:00:00,0.59127,0.59222,0.59124,0.59217,4855.19
2024.11.12 19:00:00,0.59217,0.59259,0.59198,0.59216,2623.65
2024.11.12 20:00:00,0.59215,0.59292,0.59215,0.59268,4169.85
2024.11.12 21:00:00,0.59269,0.59301,0.59236,0.59253,2280.15
2024.11.12 22:00:00,0.59247,0.59274,0.59197,0.59212,1362.76
2024.11.12 23:00:00,0.59214,0.59241,0.5919,0.59222,1535.88
2024.11.13 00:00:00,0.59222,0.59233,0.59169,0.59188,3508.65
2024.11.13 01:00:00,0.59188,0.59332,0.59185,0.59306,5198.55
2024.11.13 02:00:00,0.59307,0.59319,0.59249,0.59291,2872.2
2024.11.13 03:00:00,0.59292,0.59316,0.59238,0.59272,2259.15
2024.11.13 04:00:00,0.59273,0.59312,0.59263,0.59285,1935.3
2024.11.13 05:00:00,0.59286,0.59293,0.5923,0.59271,2643.8
2024.11.13 06:00:00,0.5927,0.59291,0.59215,0.5925,3465.22
2024.11.13 07:00:00,0.59247,0.59297,0.59213,0.59232,4236.3
2024.11.13 08:00:00,0.59233,0.59286,0.59185,0.59265,4920.07
2024.11.13 09:00:00,0.59264,0.59338,0.59227,0.59321,3795.45
2024.11.13 10:00:00,0.59322,0.59322,0.59237,0.59247,3217.95
2024.11.13 11:00:00,0.59246,0.59317,0.59218,0.59307,3984.45
2024.11.13 12:00:00,0.59308,0.59331,0.59255,0.59267,4175.1
2024.11.13 13:00:00,0.59265,0.59469,0.59197,0.59366,13787.59
2024.11.13 14:00:00,0.59364,0.59384,0.5901,0.59034,13888.13
2024.11.13 15:00:00,0.59034,0.59044,0.58869,0.59009,15719.42
2024.11.13 16:00:00,0.59009,0.59015,0.58839,0.58852,11230.43
2024.11.13 17:00:00,0.58853,0.58905,0.588,0.58824,6919.74
2024.11.13 18:00:00,0.58825,0.58878,0.58776,0.58855,3845.35
2024.11.13 19:00:00,0.58853,0.58905,0.58826,0.58829,2751.75
2024.11.13 20:00:00,0.58829,0.58847,0.58757,0.58769,2938.8
2024.11.13 21:00:00,0.58768,0.58805,0.58765,0.58791,1448.84
2024.11.13 22:00:00,0.58785,0.5884,0.58769,0.58816,1447.64
2024.11.13 23:00:00,0.58823,0.58838,0.58792,0.58826,2107.04
2024.11.14 00:00:00,0.58827,0.58838,0.58756,0.58793,2907.37
2024.11.14 01:00:00,0.58792,0.58792,0.58678,0.58701,5454.61
2024.11.14 02:00:00,0.58701,0.58723,0.58639,0.58653,3107.1
2024.11.14 03:00:00,0.58651,0.58696,0.58607,0.58626,2608.05
2024.11.14 04:00:00,0.58624,0.58626,0.58568,0.58585,2604.15
2024.11.14 05:00:00,0.58587,0.5861,0.58534,0.58603,2922.67
2024.11.14 06:00:00,0.58602,0.58663,0.5858,0.58594,2997.9
2024.11.14 07:00:00,0.58591,0.58711,0.58565,0.58661,4847.25
2024.11.14 08:00:00,0.58659,0.58703,0.58625,0.58646,5578.8
2024.11.14 09:00:00,0.58645,0.58677,0.58554,0.58571,4536.8
2024.11.14 10:00:00,0.58569,0.58594,0.58504,0.58578,4223.7
2024.11.14 11:00:00,0.58577,0.58643,0.58496,0.5863,5349.75
2024.11.14 12:00:00,0.58632,0.58697,0.58609,0.58634,4327.2
2024.11.14 13:00:00,0.58635,0.58756,0.58535,0.58615,12509.54
2024.11.14 14:00:00,0.58613,0.58827,0.58608,0.58714,11561.85
2024.11.14 15:00:00,0.58716,0.58795,0.58647,0.58772,14277.99
2024.11.14 16:00:00,0.58772,0.58809,0.587,0.5871,7864.12
2024.11.14 17:00:00,0.58709,0.58769,0.58682,0.58761,6138.52
2024.11.14 18:00:00,0.5876,0.58767,0.5866,0.58668,4027.35
2024.11.14 19:00:00,0.58666,0.58717,0.5865,0.58653,4132.69
2024.11.14 20:00:00,0.58654,0.58657,0.58388,0.58452,10707.26
2024.11.14 21:00:00,0.58451,0.58498,0.58432,0.58483,3298.35
2024.11.14 22:00:00,0.58482,0.58524,0.58443,0.58475,2501.43
2024.11.14 23:00:00,0.58471,0.58498,0.58443,0.58489,1984.73
2024.11.15 00:00:00,0.5849,0.58511,0.58397,0.58431,3548.64
2024.11.15 01:00:00,0.58432,0.58525,0.58423,0.58491,4098.6
2024.11.15 02:00:00,0.5849,0.58614,0.58489,0.58607,4238.7
2024.11.15 03:00:00,0.58608,0.58659,0.58555,0.58561,3098.77
2024.11.15 04:00:00,0.5856,0.58636,0.58556,0.58596,1488.15
2024.11.15 05:00:00,0.58595,0.58615,0.58568,0.58581,2389.65
2024.11.15 06:00:00,0.5858,0.58657,0.5853,0.58635,3310.57
2024.11.15 07:00:00,0.58636,0.5869,0.58602,0.5864,3884.85
2024.11.15 08:00:00,0.58639,0.58706,0.58571,0.5868,5198.55
2024.11.15 09:00:00,0.58681,0.58757,0.58658,0.58698,5113.01
2024.11.15 10:00:00,0.58697,0.58751,0.58659,0.58737,4073.02
2024.11.15 11:00:00,0.58737,0.58757,0.58684,0.58731,3450.09
2024.11.15 12:00:00,0.58728,0.58758,0.58657,0.58725,3021.79
2024.11.15 13:00:00,0.58727,0.588,0.58588,0.58635,13630.94
2024.11.15 14:00:00,0.58634,0.58667,0.58469,0.58517,16708.65
2024.11.15 15:00:00,0.58516,0.58635,0.58482,0.58617,16548.74
2024.11.15 16:00:00,0.58619,0.58678,0.58581,0.58614,12760.42
2024.11.15 17:00:00,0.58614,0.58696,0.58614,0.58655,7073.92
2024.11.15 18:00:00,0.58655,0.58687,0.58599,0.58667,5838.48
2024.11.15 19:00:00,0.58668,0.58677,0.58578,0.58586,7514.82
2024.11.15 20:00:00,0.58585,0.5859,0.58517,0.58584,4956
2024.11.15 21:00:00,0.58583,0.58664,0.58566,0.58642,4362.45
2024.11.17 22:00:00,0.58629,0.58639,0.58592,0.58602,576.7
2024.11.17 23:00:00,0.586,0.58649,0.58588,0.58634,2246.23
2024.11.18 00:00:00,0.58633,0.58747,0.58612,0.58741,3376.34
2024.11.18 01:00:00,0.58743,0.58754,0.5862,0.58655,6484.7
2024.11.18 02:00:00,0.58653,0.58695,0.58624,0.58652,3552.81
2024.11.18 03:00:00,0.58653,0.58673,0.58511,0.58539,2357.71
2024.11.18 04:00:00,0.58539,0.58614,0.58526,0.58601,1662.3
2024.11.18 05:00:00,0.58601,0.58637,0.58536,0.58597,2912.81
2024.11.18 06:00:00,0.58598,0.58598,0.58554,0.58557,2067.9
2024.11.18 07:00:00,0.58556,0.58556,0.58428,0.58464,4517.11
2024.11.18 08:00:00,0.58465,0.58492,0.5842,0.58435,5743.95
2024.11.18 09:00:00,0.58434,0.58519,0.58398,0.5848,5740.12
2024.11.18 10:00:00,0.58478,0.5848,0.58417,0.58439,3541.95
2024.11.18 11:00:00,0.58438,0.58443,0.58358,0.58386,2454.37
2024.11.18 12:00:00,0.58387,0.58418,0.58366,0.58386,3304.42
2024.11.18 13:00:00,0.58386,0.58502,0.58366,0.58498,4600.05
2024.11.18 14:00:00,0.58498,0.58582,0.58477,0.58567,7827.82
2024.11.18 15:00:00,0.58569,0.58687,0.58568,0.58657,8403.16
2024.11.18 16:00:00,0.58656,0.58809,0.58653,0.58804,6463.39
2024.11.18 17:00:00,0.58805,0.58884,0.5877,0.58863,4839.22
2024.11.18 18:00:00,0.58864,0.58943,0.58853,0.58938,3484.27
2024.11.18 19:00:00,0.58939,0.58977,0.58881,0.58892,3204.05
2024.11.18 20:00:00,0.58895,0.58941,0.58886,0.5894,2456.85
2024.11.18 21:00:00,0.58938,0.5894,0.58908,0.58923,1367.4
2024.11.18 22:00:00,0.58918,0.58927,0.58871,0.589,770.23
2024.11.18 23:00:00,0.589,0.58921,0.58872,0.58896,1310.06
2024.11.19 00:00:00,0.58895,0.58902,0.58776,0.58809,3382.44
2024.11.19 01:00:00,0.5881,0.58923,0.58787,0.58911,3683.01
2024.11.19 02:00:00,0.58912,0.58944,0.58853,0.58869,5002.96
2024.11.19 03:00:00,0.58868,0.5898,0.58867,0.58979,4076.59
2024.11.19 04:00:00,0.58979,0.5901,0.58864,0.58867,2597.91
2024.11.19 05:00:00,0.58866,0.58892,0.58846,0.58883,2618.34
2024.11.19 06:00:00,0.58883,0.58978,0.58871,0.58954,3967.57
2024.11.19 07:00:00,0.58953,0.58963,0.58862,0.58938,4295.46
2024.11.19 08:00:00,0.58936,0.5899,0.58843,0.58867,8973.51
2024.11.19 09:00:00,0.58866,0.58881,0.58738,0.58785,10664.25
2024.11.19 10:00:00,0.58785,0.58909,0.58775,0.58854,6711.85
2024.11.19 11:00:00,0.58855,0.58885,0.58796,0.5881,4871.69
2024.11.19 12:00:00,0.58811,0.589,0.58806,0.589,5290.72
2024.11.19 13:00:00,0.58897,0.59036,0.58891,0.58947,9075
2024.11.19 14:00:00,0.58945,0.59001,0.58893,0.58939,13650.6
2024.11.19 15:00:00,0.5894,0.59025,0.58873,0.59011,8681.3
2024.11.19 16:00:00,0.59011,0.59074,0.5899,0.59051,5944.64
2024.11.19 17:00:00,0.59051,0.59116,0.59014,0.59017,4895.9
2024.11.19 18:00:00,0.59015,0.59094,0.5897,0.59087,2803.81
2024.11.19 19:00:00,0.59088,0.59114,0.59054,0.59105,2873.39
2024.11.19 20:00:00,0.59104,0.59127,0.59085,0.59098,2165.85
2024.11.19 21:00:00,0.59097,0.59128,0.59096,0.5911,1036.19
2024.11.19 22:00:00,0.59106,0.59124,0.5905,0.59123,962.13
2024.11.19 23:00:00,0.59121,0.59198,0.59116,0.59186,1377.97
2024.11.20 00:00:00,0.59186,0.59215,0.59138,0.59142,2467.69
2024.11.20 01:00:00,0.59143,0.59163,0.59068,0.59139,3464.69
2024.11.20 02:00:00,0.5914,0.5915,0.59099,0.59106,2282.1
2024.11.20 03:00:00,0.59106,0.5914,0.59026,0.59056,1847.85
2024.11.20 04:00:00,0.59058,0.59092,0.59039,0.59081,1207.35
2024.11.20 05:00:00,0.59079,0.591,0.59025,0.59029,1633.65
2024.11.20 06:00:00,0.59029,0.59063,0.58988,0.58993,3145.42
2024.11.20 07:00:00,0.58994,0.59041,0.58923,0.58929,4785.75
2024.11.20 08:00:00,0.5893,0.58942,0.58858,0.58863,4037.85
2024.11.20 09:00:00,0.58862,0.58912,0.58819,0.58848,3891.3
2024.11.20 10:00:00,0.58849,0.58879,0.58765,0.58786,2982.75
2024.11.20 11:00:00,0.58785,0.588,0.58729,0.58779,2918.32
2024.11.20 12:00:00,0.5878,0.58843,0.58764,0.58817,3491.57
2024.11.20 13:00:00,0.58816,0.58855,0.58768,0.5879,5290.08
2024.11.20 14:00:00,0.5879,0.58794,0.58636,0.58642,4830.58
2024.11.20 15:00:00,0.58644,0.5873,0.58638,0.58708,8412.92
2024.11.20 16:00:00,0.58707,0.58734,0.58635,0.58701,6072.8
2024.11.20 17:00:00,0.58699,0.58781,0.58675,0.58728,3281.4
2024.11.20 18:00:00,0.58723,0.58742,0.58659,0.58707,2599.95
2024.11.20 19:00:00,0.58709,0.58738,0.58691,0.58702,2267.25
2024.11.20 20:00:00,0.58701,0.58731,0.58677,0.58726,2133.15
2024.11.20 21:00:00,0.58725,0.58765,0.5872,0.58755,1510.65
2024.11.20 22:00:00,0.5875,0.58767,0.58662,0.58751,1181.93
2024.11.20 23:00:00,0.58753,0.58796,0.58752,0.58794,801.45
2024.11.21 00:00:00,0.58796,0.58822,0.58754,0.58788,2048.17
2024.11.21 01:00:00,0.58789,0.58857,0.58778,0.58798,3896.07
2024.11.21 02:00:00,0.58799,0.58813,0.58777,0.58782,2229.62
2024.11.21 03:00:00,0.58782,0.58795,0.58725,0.58789,1840.11
2024.11.21 04:00:00,0.58788,0.58801,0.58763,0.58776,1541.1
2024.11.21 05:00:00,0.58775,0.58783,0.58696,0.58698,2828.28
2024.11.21 06:00:00,0.58699,0.58768,0.58647,0.58686,4389.87
2024.11.21 07:00:00,0.58688,0.58703,0.58594,0.58637,6906.15
2024.11.21 08:00:00,0.58636,0.5876,0.58612,0.58746,4699.8
2024.11.21 09:00:00,0.58745,0.58749,0.586,0.58621,6493.65
2024.11.21 10:00:00,0.58622,0.58714,0.58613,0.58654,2882.97
2024.11.21 11:00:00,0.58655,0.58738,0.58627,0.58697,4304.25
2024.11.21 12:00:00,0.58697,0.58797,0.58681,0.58753,4919.62
2024.11.21 13:00:00,0.58751,0.58793,0.58633,0.58774,9550.65
2024.11.21 14:00:00,0.58774,0.5879,0.58696,0.58774,9006.58
2024.11.21 15:00:00,0.58775,0.58839,0.58642,0.58646,10187.85
2024.11.21 16:00:00,0.58645,0.58659,0.58501,0.58505,9869.25
2024.11.21 17:00:00,0.58506,0.58655,0.58493,0.58647,8310.15
2024.11.21 18:00:00,0.58649,0.58667,0.58607,0.58654,5930.16
2024.11.21 19:00:00,0.58653,0.5867,0.58588,0.58656,4899.18
2024.11.21 20:00:00,0.58658,0.58674,0.58626,0.58637,3975.6
2024.11.21 21:00:00,0.58638,0.58647,0.58579,0.5859,1743.97
2024.11.21 22:00:00,0.58585,0.58597,0.5849,0.58584,733.75
2024.11.21 23:00:00,0.5859,0.58599,0.58557,0.5856,1768.32
2024.11.22 00:00:00,0.58559,0.58571,0.58499,0.58526,4031.72
2024.11.22 01:00:00,0.58526,0.58557,0.58453,0.58459,3320.01
2024.11.22 02:00:00,0.58458,0.58476,0.58285,0.58397,3732.42
2024.11.22 03:00:00,0.58397,0.58479,0.58382,0.58431,2760.43
2024.11.22 04:00:00,0.58431,0.58441,0.58363,0.58376,1916.95
2024.11.22 05:00:00,0.58375,0.58375,0.58259,0.58296,4228.25
2024.11.22 06:00:00,0.58296,0.58348,0.58285,0.58337,3650.1
2024.11.22 07:00:00,0.58336,0.58408,0.58304,0.58392,3809.02
2024.11.22 08:00:00,0.58392,0.58544,0.58392,0.58425,7308.46
2024.11.22 09:00:00,0.58427,0.5843,0.5822,0.58325,13934.56
2024.11.22 10:00:00,0.58325,0.5845,0.58263,0.58423,7429.78
2024.11.22 11:00:00,0.58423,0.58428,0.58345,0.58382,6371.2
2024.11.22 12:00:00,0.58383,0.58435,0.5837,0.58385,5823.82
2024.11.22 13:00:00,0.58384,0.5844,0.58381,0.58415,6479.02
2024.11.22 14:00:00,0.58417,0.58437,0.58275,0.58299,8964.84
2024.11.22 15:00:00,0.58297,0.58376,0.58242,0.58264,13921.81
2024.11.22 16:00:00,0.58264,0.58271,0.5816,0.58245,7577.7
2024.11.22 17:00:00,0.58245,0.58307,0.58239,0.58304,3597.37
2024.11.22 18:00:00,0.58307,0.58338,0.58297,0.58302,3069.3
2024.11.22 19:00:00,0.58303,0.58308,0.58274,0.58282,2511.9
2024.11.22 20:00:00,0.58283,0.58319,0.58242,0.58307,1870.65
2024.11.22 21:00:00,0.58307,0.5835,0.583,0.58334,4051.65
2024.11.24 22:00:00,0.58525,0.58584,0.5849,0.58573,1632.62
2024.11.24 23:00:00,0.58541,0.58688,0.5849,0.58605,5975.03
2024.11.25 00:00:00,0.58604,0.58655,0.58574,0.5861,3238.6
2024.11.25 01:00:00,0.58609,0.58668,0.58589,0.58615,3784.64
2024.11.25 02:00:00,0.58615,0.58664,0.58581,0.58611,3892.79
2024.11.25 03:00:00,0.5861,0.58652,0.58517,0.58523,3079.76
2024.11.25 04:00:00,0.58523,0.58578,0.58483,0.58542,2515.46
2024.11.25 05:00:00,0.58544,0.58546,0.58472,0.58521,2861.42
2024.11.25 06:00:00,0.58521,0.58624,0.58496,0.5862,3515.75
2024.11.25 07:00:00,0.58621,0.58625,0.5845,0.58455,6260.94
2024.11.25 08:00:00,0.58454,0.58467,0.58359,0.58405,5788.44
2024.11.25 09:00:00,0.58405,0.58526,0.58398,0.58503,5690.55
2024.11.25 10:00:00,0.58505,0.58553,0.58481,0.58503,4958.4
2024.11.25 11:00:00,0.58504,0.58529,0.58459,0.5846,3181.57
2024.11.25 12:00:00,0.58461,0.5849,0.58381,0.5848,5357.85
2024.11.25 13:00:00,0.58481,0.58674,0.58481,0.58654,9412.49
2024.11.25 14:00:00,0.58654,0.58662,0.58525,0.5854,11066.47
2024.11.25 15:00:00,0.58542,0.58574,0.58438,0.58467,7674.46
2024.11.25 16:00:00,0.5847,0.58489,0.5835,0.58386,7812.43
2024.11.25 17:00:00,0.58385,0.58418,0.58372,0.58402,3734.5
2024.11.25 18:00:00,0.58401,0.58502,0.58398,0.58496,3567.9
2024.11.25 19:00:00,0.58498,0.58519,0.58469,0.58493,3147.28
2024.11.25 20:00:00,0.58494,0.58503,0.58446,0.58449,2228.92
2024.11.25 21:00:00,0.58447,0.58472,0.5843,0.58447,1391.85
2024.11.25 22:00:00,0.5844,0.58461,0.58398,0.58418,1051.95
2024.11.25 23:00:00,0.58415,0.58469,0.57979,0.581,6011.11
2024.11.26 00:00:00,0.58103,0.58212,0.57965,0.5808,9146.21
2024.11.26 01:00:00,0.58081,0.58249,0.58025,0.58176,8988.09
2024.11.26 02:00:00,0.58177,0.58257,0.5816,0.58241,5159.17
2024.11.26 03:00:00,0.5824,0.58383,0.58234,0.58382,3636.24
2024.11.26 04:00:00,0.58384,0.58464,0.58372,0.58407,2055.96
2024.11.26 05:00:00,0.58406,0.58441,0.5838,0.58404,3481.95
2024.11.26 06:00:00,0.58405,0.58466,0.58376,0.58402,4683.49
2024.11.26 07:00:00,0.58404,0.58437,0.58325,0.58326,7487.6
2024.11.26 08:00:00,0.58325,0.58428,0.58315,0.58376,5460.88
2024.11.26 09:00:00,0.58377,0.58473,0.58377,0.58426,5144.29
2024.11.26 10:00:00,0.58425,0.58542,0.58412,0.58536,3025.33
2024.11.26 11:00:00,0.58534,0.58563,0.58478,0.58514,3471.45
2024.11.26 12:00:00,0.58513,0.58655,0.58483,0.5858,5737.74
2024.11.26 13:00:00,0.58581,0.586,0.58427,0.58438,8693.85
2024.11.26 14:00:00,0.58437,0.58447,0.58278,0.58309,12261.17
2024.11.26 15:00:00,0.58317,0.58352,0.58202,0.58285,16636.61
2024.11.26 16:00:00,0.58286,0.58306,0.58203,0.58236,7749.63
2024.11.26 17:00:00,0.58234,0.58234,0.58175,0.58204,3990.57
2024.11.26 18:00:00,0.58203,0.5822,0.5815,0.58202,3344.77
2024.11.26 19:00:00,0.58208,0.58287,0.58151,0.58264,4953.3
2024.11.26 20:00:00,0.58262,0.58296,0.58227,0.58272,3744.6
2024.11.26 21:00:00,0.58273,0.58338,0.5827,0.58335,2516.95
2024.11.26 22:00:00,0.58329,0.58341,0.5826,0.58329,955.85
2024.11.26 23:00:00,0.58327,0.58368,0.58326,0.58357,1543.93
2024.11.27 00:00:00,0.58358,0.5839,0.58289,0.58317,3872.46
2024.11.27 01:00:00,0.58317,0.58813,0.58263,0.5874,8983.52
2024.11.27 02:00:00,0.5874,0.58768,0.5845,0.58584,7149.58
2024.11.27 03:00:00,0.58584,0.58719,0.58567,0.58669,2815.8
2024.11.27 04:00:00,0.58669,0.58694,0.58626,0.58626,1988.68
2024.11.27 05:00:00,0.58625,0.58661,0.58596,0.58643,2383.07
2024.11.27 06:00:00,0.58643,0.58714,0.5864,0.58697,3071.4
2024.11.27 07:00:00,0.58701,0.5888,0.58699,0.58853,6765.3
2024.11.27 08:00:00,0.58853,0.59006,0.58828,0.58847,12240.88
2024.11.27 09:00:00,0.58847,0.58914,0.58818,0.58907,6705.88
2024.11.27 10:00:00,0.58908,0.58946,0.58874,0.58922,4484.47
2024.11.27 11:00:00,0.58923,0.58925,0.58792,0.58866,4168.59
2024.11.27 12:00:00,0.58867,0.5888,0.58815,0.58858,5369.09
2024.11.27 13:00:00,0.58859,0.59047,0.58829,0.59045,9098.04
2024.11.27 14:00:00,0.59044,0.59076,0.5898,0.59031,11396.72
2024.11.27 15:00:00,0.59038,0.59053,0.58916,0.59039,12831.69
2024.11.27 16:00:00,0.59037,0.59078,0.58955,0.59004,8997.39
2024.11.27 17:00:00,0.59004,0.59064,0.58943,0.59024,5267.77
2024.11.27 18:00:00,0.59024,0.59065,0.58996,0.59003,3382.03
2024.11.27 19:00:00,0.59004,0.59026,0.58948,0.58971,2570.55
2024.11.27 20:00:00,0.58971,0.58971,0.58931,0.58966,2585.25
2024.11.27 21:00:00,0.58965,0.58975,0.58928,0.58928,1288.87
2024.11.27 22:00:00,0.58926,0.58946,0.58862,0.58904,3321.14
2024.11.27 23:00:00,0.58905,0.58968,0.58905,0.58921,999.91
2024.11.28 00:00:00,0.58922,0.59003,0.58907,0.58971,1724.77
2024.11.28 01:00:00,0.5897,0.59047,0.58932,0.59014,3711.2
2024.11.28 02:00:00,0.59016,0.5902,0.58885,0.58939,4657.47
2024.11.28 03:00:00,0.58938,0.58949,0.58878,0.58901,2200.2
2024.11.28 04:00:00,0.58902,0.58932,0.58868,0.58929,2083.2
2024.11.28 05:00:00,0.58931,0.58957,0.58911,0.58922,2433.45
2024.11.28 06:00:00,0.58923,0.58926,0.5887,0.58879,2536.65
2024.11.28 07:00:00,0.58878,0.58912,0.58813,0.58847,3483.26
2024.11.28 08:00:00,0.58846,0.58913,0.58799,0.58896,5302.59
2024.11.28 09:00:00,0.58895,0.5893,0.58858,0.58891,5667.98
2024.11.28 10:00:00,0.58891,0.58924,0.58843,0.58906,2886.97
2024.11.28 11:00:00,0.58906,0.5897,0.58854,0.58874,2583.15
2024.11.28 12:00:00,0.58876,0.58888,0.58835,0.58856,2246.4
2024.11.28 13:00:00,0.58855,0.5889,0.58829,0.5888,3685.72
2024.11.28 14:00:00,0.5888,0.589,0.58856,0.58878,3155.95
2024.11.28 15:00:00,0.58878,0.58906,0.58807,0.58848,3414.37
2024.11.28 16:00:00,0.58848,0.58913,0.58834,0.5891,1953
2024.11.28 17:00:00,0.58909,0.5892,0.58882,0.58905,665.1
2024.11.28 18:00:00,0.58905,0.58921,0.58883,0.58894,184.95
2024.11.28 19:00:00,0.58895,0.58915,0.58886,0.5891,176.4
2024.11.28 20:00:00,0.58911,0.5892,0.58893,0.58915,334.8
2024.11.28 21:00:00,0.58914,0.58917,0.5886,0.5886,553.05
2024.11.28 22:00:00,0.58846,0.58922,0.58807,0.58858,1582.8
2024.11.28 23:00:00,0.58859,0.58961,0.58857,0.58954,1713.3
2024.11.29 00:00:00,0.58953,0.59043,0.58923,0.58996,2363.55
2024.11.29 01:00:00,0.58995,0.59072,0.58984,0.59029,7050.95
2024.11.29 02:00:00,0.59028,0.59056,0.58976,0.58989,3987.11
2024.11.29 03:00:00,0.58992,0.5914,0.58976,0.5913,2859.52
2024.11.29 04:00:00,0.59131,0.59158,0.59098,0.59119,2490.24
2024.11.29 05:00:00,0.5912,0.59148,0.59092,0.59101,3119.7
2024.11.29 06:00:00,0.59099,0.59195,0.59076,0.5918,4135.8
2024.11.29 07:00:00,0.59179,0.59284,0.59167,0.59207,5659.05
2024.11.29 08:00:00,0.59205,0.59211,0.59114,0.59125,6333.48
2024.11.29 09:00:00,0.59125,0.59209,0.59079,0.59134,5728.72
2024.11.29 10:00:00,0.59134,0.59151,0.59083,0.59091,5543.04
2024.11.29 11:00:00,0.5909,0.59169,0.59066,0.59143,3988.35
2024.11.29 12:00:00,0.59143,0.59158,0.5904,0.59089,5741.49
2024.11.29 13:00:00,0.59091,0.59162,0.59075,0.59161,5001.6
2024.11.29 14:00:00,0.59161,0.59237,0.59073,0.59233,5638.74
2024.11.29 15:00:00,0.59234,0.59267,0.5912,0.59151,9152.9
2024.11.29 16:00:00,0.59153,0.59161,0.5907,0.59102,7197.29
2024.11.29 17:00:00,0.59102,0.59221,0.59098,0.59217,4393.1
2024.11.29 18:00:00,0.59217,0.59258,0.59204,0.59217,3285.75
2024.11.29 19:00:00,0.59217,0.59274,0.59216,0.59273,2186.74
2024.11.29 20:00:00,0.59271,0.59279,0.59256,0.59264,1011.73
2024.11.29 21:00:00,0.59264,0.59264,0.59192,0.59195,3826.29
2024.12.01 22:00:00,0.59082,0.59148,0.59082,0.59116,972.39
2024.12.01 23:00:00,0.59118,0.59127,0.58992,0.59053,3057.63
2024.12.02 00:00:00,0.59052,0.59062,0.58959,0.58987,4888.44
2024.12.02 01:00:00,0.58987,0.59041,0.58944,0.58998,6640.8
2024.12.02 02:00:00,0.58997,0.59002,0.58895,0.58946,5814.83
2024.12.02 03:00:00,0.58948,0.58961,0.58906,0.5895,4154.85
2024.12.02 04:00:00,0.5895,0.58984,0.5892,0.58947,2997.07
2024.12.02 05:00:00,0.58948,0.58982,0.58907,0.58951,3982.35
2024.12.02 06:00:00,0.5895,0.59082,0.58942,0.59058,3332.85
2024.12.02 07:00:00,0.5906,0.59087,0.59008,0.5901,6828.3
2024.12.02 08:00:00,0.5901,0.59026,0.58934,0.59009,7551.75
2024.12.02 09:00:00,0.59009,0.5908,0.59008,0.59041,5273.85
2024.12.02 10:00:00,0.59042,0.59109,0.59016,0.5907,5053.35
2024.12.02 11:00:00,0.5907,0.59087,0.59024,0.59037,3445.41
2024.12.02 12:00:00,0.59036,0.59062,0.58837,0.58877,5146.08
2024.12.02 13:00:00,0.58877,0.58887,0.58764,0.58803,8664.6
2024.12.02 14:00:00,0.58804,0.58835,0.58656,0.58686,8894.34
2024.12.02 15:00:00,0.58677,0.58725,0.58634,0.58686,11694.51
2024.12.02 16:00:00,0.58685,0.58812,0.58646,0.58742,10551.43
2024.12.02 17:00:00,0.58743,0.58799,0.58717,0.58763,4353.6
2024.12.02 18:00:00,0.58763,0.5882,0.58742,0.58813,3251.64
2024.12.02 19:00:00,0.58814,0.58851,0.58803,0.5883,3831.9
2024.12.02 20:00:00,0.5883,0.58938,0.58801,0.5885,5176.23
2024.12.02 21:00:00,0.58849,0.58882,0.58826,0.58854,2523.87
2024.12.02 22:00:00,0.58837,0.58875,0.58703,0.58841,3131.87
2024.12.02 23:00:00,0.5884,0.58868,0.58826,0.58832,1681.17
2024.12.03 00:00:00,0.58832,0.58845,0.58737,0.58796,2830.95
2024.12.03 01:00:00,0.58797,0.58858,0.58712,0.58727,5577.6
2024.12.03 02:00:00,0.58726,0.58732,0.58641,0.58679,5038.35
2024.12.03 03:00:00,0.58678,0.58776,0.58668,0.58754,3022.8
2024.12.03 04:00:00,0.58753,0.58791,0.58742,0.58746,1608
2024.12.03 05:00:00,0.58745,0.5878,0.58719,0.58772,2595.84
2024.12.03 06:00:00,0.58773,0.5882,0.5873,0.58771,3553.95
2024.12.03 07:00:00,0.58772,0.58886,0.58759,0.58864,4892.25
2024.12.03 08:00:00,0.58865,0.59031,0.58858,0.5902,9485.7
2024.12.03 09:00:00,0.5902,0.59045,0.58931,0.58954,6141.14
2024.12.03 10:00:00,0.58955,0.58969,0.58865,0.58873,4898.4
2024.12.03 11:00:00,0.58872,0.58926,0.58865,0.58917,3372.6
2024.12.03 12:00:00,0.58919,0.58926,0.58788,0.58804,4819.95
2024.12.03 13:00:00,0.58803,0.58926,0.58785,0.589,5302.95
2024.12.03 14:00:00,0.58902,0.58936,0.58848,0.58878,7414.5
2024.12.03 15:00:00,0.58874,0.58874,0.5867,0.58774,11463.01
2024.12.03 16:00:00,0.58775,0.58807,0.58711,0.58804,5403.48
2024.12.03 17:00:00,0.58806,0.58883,0.58781,0.58873,3246
2024.12.03 18:00:00,0.58871,0.58917,0.58854,0.5891,2719.87
2024.12.03 19:00:00,0.58911,0.58918,0.58742,0.58744,2229.42
2024.12.03 20:00:00,0.58743,0.58831,0.58728,0.58785,2064.67
2024.12.03 21:00:00,0.58784,0.58819,0.58771,0.58806,1380.75
2024.12.03 22:00:00,0.588,0.58806,0.58722,0.58796,522.57
2024.12.03 23:00:00,0.58796,0.58821,0.58784,0.58812,853.37
2024.12.04 00:00:00,0.58813,0.58841,0.58699,0.58708,2776.05
2024.12.04 01:00:00,0.5871,0.58741,0.58633,0.58643,5773.35
2024.12.04 02:00:00,0.58643,0.58678,0.58481,0.58483,6439.89
2024.12.04 03:00:00,0.58482,0.58489,0.58307,0.58416,6257.67
2024.12.04 04:00:00,0.58414,0.58573,0.58373,0.58552,4270.32
2024.12.04 05:00:00,0.58553,0.58605,0.58519,0.58578,2467.65
2024.12.04 06:00:00,0.58576,0.58641,0.58519,0.58585,3753.6
2024.12.04 07:00:00,0.58588,0.58592,0.58535,0.58562,4859.55
2024.12.04 08:00:00,0.58562,0.58571,0.58444,0.58448,6134.97
2024.12.04 09:00:00,0.58445,0.58459,0.58388,0.5842,5693.67
2024.12.04 10:00:00,0.5842,0.58437,0.58359,0.58375,3742.5
2024.12.04 11:00:00,0.58374,0.58441,0.58355,0.58389,4636.8
2024.12.04 12:00:00,0.58388,0.58393,0.58294,0.58315,5238.39
2024.12.04 13:00:00,0.58314,0.5841,0.58286,0.5836,8663.77
2024.12.04 14:00:00,0.58359,0.58431,0.58315,0.58373,9644.11
2024.12.04 15:00:00,0.58373,0.58617,0.58373,0.58599,17109.67
2024.12.04 16:00:00,0.58601,0.58659,0.58562,0.5862,7602.01
2024.12.04 17:00:00,0.58619,0.58676,0.586,0.58656,4397.1
2024.12.04 18:00:00,0.58654,0.58682,0.58522,0.5855,2844.15
2024.12.04 19:00:00,0.58553,0.58674,0.5852,0.58598,4909.12
2024.12.04 20:00:00,0.58602,0.58613,0.58544,0.58596,3871.57
2024.12.04 21:00:00,0.58594,0.58598,0.58475,0.58492,1440.59
2024.12.04 22:00:00,0.5849,0.58507,0.58467,0.58483,958.25
2024.12.04 23:00:00,0.58482,0.58578,0.58474,0.58566,1644.51
2024.12.05 00:00:00,0.58566,0.58625,0.58516,0.5855,3208.27
2024.12.05 01:00:00,0.58551,0.58652,0.58545,0.58635,3853.72
2024.12.05 02:00:00,0.58634,0.58704,0.58619,0.58651,2373.6
2024.12.05 03:00:00,0.5865,0.58698,0.58638,0.58695,2577.9
2024.12.05 04:00:00,0.58696,0.58702,0.58629,0.58646,1981.35
2024.12.05 05:00:00,0.58644,0.58726,0.58643,0.58723,2637.9
2024.12.05 06:00:00,0.58723,0.58726,0.58677,0.58699,1849.65
2024.12.05 07:00:00,0.58701,0.5878,0.58699,0.58761,3427.92
2024.12.05 08:00:00,0.5876,0.58807,0.58692,0.58695,5866.65
2024.12.05 09:00:00,0.58695,0.5872,0.58632,0.5864,4210.8
2024.12.05 10:00:00,0.58638,0.58659,0.5861,0.58628,2918.85
2024.12.05 11:00:00,0.58628,0.5867,0.58596,0.58642,2669.4
2024.12.05 12:00:00,0.58642,0.58651,0.58519,0.586,5042.1
2024.12.05 13:00:00,0.58602,0.58687,0.58562,0.58657,8486.63
2024.12.05 14:00:00,0.58655,0.58811,0.58636,0.5874,8813.82
2024.12.05 15:00:00,0.5874,0.58746,0.58581,0.58702,7885.03
2024.12.05 16:00:00,0.58702,0.58748,0.58682,0.58691,6577.65
2024.12.05 17:00:00,0.58692,0.58735,0.58669,0.58712,4518.1
2024.12.05 18:00:00,0.58712,0.58733,0.58617,0.58728,3390.9
2024.12.05 19:00:00,0.5873,0.5887,0.58728,0.58836,2787.9
2024.12.05 20:00:00,0.58836,0.58869,0.58814,0.58846,2151.45
2024.12.05 21:00:00,0.58846,0.58872,0.58829,0.58842,1216.8
2024.12.05 22:00:00,0.58837,0.58858,0.58795,0.58828,665.25
2024.12.05 23:00:00,0.58828,0.58887,0.5881,0.58823,1196.25
2024.12.06 00:00:00,0.58824,0.58829,0.58754,0.58772,2679.84
2024.12.06 01:00:00,0.5877,0.58827,0.58622,0.5864,4609.2
2024.12.06 02:00:00,0.58639,0.58731,0.5862,0.58699,4512
2024.12.06 03:00:00,0.58701,0.58749,0.58665,0.58671,3431.55
2024.12.06 04:00:00,0.5867,0.58677,0.58575,0.58602,2499.81
2024.12.06 05:00:00,0.58603,0.58606,0.58545,0.58594,3384.9
2024.12.06 06:00:00,0.58595,0.58603,0.58549,0.58578,2878.27
2024.12.06 07:00:00,0.58579,0.58605,0.58542,0.58589,3390
2024.12.06 08:00:00,0.58588,0.58591,0.5848,0.58506,5045.55
2024.12.06 09:00:00,0.58508,0.58544,0.58481,0.58514,3579.2
2024.12.06 10:00:00,0.58514,0.58521,0.58425,0.58475,3112.8
2024.12.06 11:00:00,0.58476,0.58506,0.58413,0.58433,3389.1
2024.12.06 12:00:00,0.58432,0.58506,0.58423,0.58447,5195.55
2024.12.06 13:00:00,0.58445,0.5876,0.58396,0.58692,14188.8
2024.12.06 14:00:00,0.58692,0.587,0.58469,0.58508,13741.42
2024.12.06 15:00:00,0.58507,0.58514,0.58263,0.58329,11925.2
2024.12.06 16:00:00,0.58328,0.58367,0.58271,0.58298,7901.89
2024.12.06 17:00:00,0.58296,0.58299,0.58212,0.58258,4639.5
2024.12.06 18:00:00,0.58258,0.58327,0.58241,0.58252,3488.1
2024.12.06 19:00:00,0.58254,0.58291,0.58208,0.58284,2753.01
2024.12.06 20:00:00,0.58286,0.58329,0.58281,0.58326,2269.93
2024.12.06 21:00:00,0.58327,0.58337,0.58247,0.58247,3442.95
2024.12.08 22:00:00,0.58343,0.58384,0.58306,0.58334,1300.36
2024.12.08 23:00:00,0.58337,0.58396,0.58311,0.58378,2399.56
2024.12.09 00:00:00,0.58377,0.58379,0.58251,0.58312,3395.61
2024.12.09 01:00:00,0.58313,0.58356,0.58297,0.58322,3126.6
2024.12.09 02:00:00,0.58322,0.58373,0.58291,0.58315,2693.97
2024.12.09 03:00:00,0.58317,0.5832,0.58133,0.58137,2859.59
2024.12.09 04:00:00,0.58136,0.5814,0.58077,0.58079,1967.92
2024.12.09 05:00:00,0.58078,0.58103,0.58039,0.58081,2478
2024.12.09 06:00:00,0.58082,0.58126,0.58064,0.58106,3324.6
2024.12.09 07:00:00,0.58105,0.58424,0.58075,0.58409,6649.05
2024.12.09 08:00:00,0.58407,0.5859,0.58364,0.58588,6623.1
2024.12.09 09:00:00,0.58589,0.58679,0.58576,0.58596,6168.54
2024.12.09 10:00:00,0.58596,0.58681,0.58595,0.58623,4354.35
2024.12.09 11:00:00,0.58621,0.58659,0.58599,0.5861,2838.9
2024.12.09 12:00:00,0.58608,0.58633,0.5855,0.58602,3315.3
2024.12.09 13:00:00,0.58603,0.58798,0.58583,0.58784,5546.47
2024.12.09 14:00:00,0.58787,0.58804,0.58693,0.58739,6613.2
2024.12.09 15:00:00,0.58737,0.58876,0.58716,0.5884,8057.24
2024.12.09 16:00:00,0.58842,0.58875,0.58763,0.58785,6728.61
2024.12.09 17:00:00,0.58785,0.58823,0.58743,0.58743,4662.9
2024.12.09 18:00:00,0.58742,0.58763,0.58712,0.58734,2955.16
2024.12.09 19:00:00,0.58734,0.58734,0.5865,0.58677,2822.1
2024.12.09 20:00:00,0.58679,0.58689,0.58599,0.58635,2606.55
2024.12.09 21:00:00,0.58635,0.58652,0.58618,0.58636,1136.32
2024.12.09 22:00:00,0.5863,0.58663,0.58612,0.58643,1210.37
2024.12.09 23:00:00,0.58644,0.58659,0.58574,0.58575,2072.04
2024.12.10 00:00:00,0.58576,0.58577,0.58464,0.5851,2166.56
2024.12.10 01:00:00,0.5851,0.5851,0.58379,0.58462,5151.33
2024.12.10 02:00:00,0.58463,0.58525,0.58366,0.58377,3964.17
2024.12.10 03:00:00,0.58377,0.58386,0.58215,0.58304,6774.94
2024.12.10 04:00:00,0.58304,0.58354,0.58256,0.58263,3784.2
2024.12.10 05:00:00,0.58264,0.58354,0.5823,0.5834,3830.85
2024.12.10 06:00:00,0.58341,0.58364,0.58273,0.58324,2775.66
2024.12.10 07:00:00,0.58322,0.58349,0.58187,0.58192,3748.28
2024.12.10 08:00:00,0.58192,0.58259,0.58143,0.58228,4768.2
2024.12.10 09:00:00,0.58226,0.58291,0.58181,0.58206,4311.52
2024.12.10 10:00:00,0.58206,0.5829,0.58204,0.58248,4147.8
2024.12.10 11:00:00,0.58249,0.58252,0.58193,0.58228,3812.92
2024.12.10 12:00:00,0.58229,0.58237,0.5814,0.58223,4245.8
2024.12.10 13:00:00,0.58222,0.58229,0.58152,0.58167,6425.55
2024.12.10 14:00:00,0.58168,0.5821,0.58081,0.58091,6495.48
2024.12.10 15:00:00,0.58092,0.58105,0.57946,0.57969,9188.58
2024.12.10 16:00:00,0.57969,0.57998,0.5791,0.5799,6484.87
2024.12.10 17:00:00,0.57991,0.5801,0.5793,0.57942,3250.2
2024.12.10 18:00:00,0.57944,0.58031,0.57938,0.58016,4114.2
2024.12.10 19:00:00,0.58017,0.58055,0.58001,0.58006,2669.7
2024.12.10 20:00:00,0.58006,0.58026,0.57975,0.57977,2470.87
2024.12.10 21:00:00,0.57979,0.58015,0.57978,0.57985,1113.9
2024.12.10 22:00:00,0.57978,0.58012,0.57947,0.58011,596.04
2024.12.10 23:00:00,0.5801,0.58036,0.58006,0.58007,1035.84
2024.12.11 00:00:00,0.58008,0.5803,0.57971,0.5798,2267.55
2024.12.11 01:00:00,0.57979,0.58011,0.5796,0.57998,4462.27
2024.12.11 02:00:00,0.57998,0.58049,0.57966,0.58023,4507.65
2024.12.11 03:00:00,0.58021,0.58079,0.58014,0.58018,2723.7
2024.12.11 04:00:00,0.58018,0.58023,0.57884,0.57926,1911
2024.12.11 05:00:00,0.57927,0.57946,0.57864,0.57922,2399.1
2024.12.11 06:00:00,0.57922,0.57939,0.57885,0.57924,2669.55
2024.12.11 07:00:00,0.57924,0.57939,0.57656,0.57673,10316.54
2024.12.11 08:00:00,0.57672,0.57818,0.57633,0.57774,7373.1
2024.12.11 09:00:00,0.57774,0.5779,0.57661,0.57703,7775.55
2024.12.11 10:00:00,0.57704,0.57719,0.5761,0.5769,4232.4
2024.12.11 11:00:00,0.57691,0.57748,0.57653,0.57744,3498.6
2024.12.11 12:00:00,0.57745,0.57842,0.57726,0.57771,5410.5
2024.12.11 13:00:00,0.57771,0.58006,0.57765,0.57925,12609.03
2024.12.11 14:00:00,0.57924,0.57966,0.57821,0.57866,11844.27
2024.12.11 15:00:00,0.57868,0.57951,0.57797,0.57862,12972.69
2024.12.11 16:00:00,0.57864,0.57971,0.5783,0.57956,6934.53
2024.12.11 17:00:00,0.57957,0.57961,0.57817,0.57828,3969.6
2024.12.11 18:00:00,0.57828,0.57941,0.57806,0.57814,6012.35
2024.12.11 19:00:00,0.57813,0.57902,0.57801,0.57855,4096.86
2024.12.11 20:00:00,0.57856,0.57883,0.57831,0.57861,2356.65
2024.12.11 21:00:00,0.57861,0.57873,0.57827,0.57832,1287
2024.12.11 22:00:00,0.57827,0.57865,0.57793,0.57855,1198.04
2024.12.11 23:00:00,0.57855,0.57931,0.57845,0.57931,2022.56
2024.12.12 00:00:00,0.57902,0.58039,0.57846,0.57974,3554.97
2024.12.12 01:00:00,0.57997,0.58079,0.57993,0.58057,3348.9
2024.12.12 02:00:00,0.58058,0.58067,0.57994,0.58015,3835.59
2024.12.12 03:00:00,0.58017,0.58089,0.58011,0.58061,3552.15
2024.12.12 04:00:00,0.58059,0.58084,0.58032,0.58063,1774.2
2024.12.12 05:00:00,0.58064,0.58084,0.58034,0.5806,3046.2
2024.12.12 06:00:00,0.58061,0.58101,0.58052,0.581,2638.88
2024.12.12 07:00:00,0.581,0.58172,0.58056,0.58076,5753.24
2024.12.12 08:00:00,0.58076,0.58095,0.58008,0.58049,6949.2
2024.12.12 09:00:00,0.58091,0.58095,0.5806,0.58069,2529
2024.12.12 10:00:00,0.58084,0.5811,0.57983,0.57993,3605.55
2024.12.12 11:00:00,0.57996,0.58068,0.57921,0.57962,6032.85
2024.12.12 12:00:00,0.57963,0.57965,0.57897,0.57905,3756
2024.12.12 13:00:00,0.57904,0.58018,0.57845,0.57969,10129.48
2024.12.12 14:00:00,0.57971,0.58014,0.57834,0.57965,12734.92
2024.12.12 15:00:00,0.57966,0.5798,0.57708,0.57804,11207.07
2024.12.12 16:00:00,0.57804,0.57894,0.57795,0.57881,6818.55
2024.12.12 17:00:00,0.57879,0.57936,0.57791,0.57831,4579.5
2024.12.12 18:00:00,0.57827,0.5784,0.57738,0.57742,4367
2024.12.12 19:00:00,0.57742,0.57768,0.57657,0.57657,4767.45
2024.12.12 20:00:00,0.57658,0.5769,0.57619,0.57634,2742.6
2024.12.12 21:00:00,0.57634,0.57684,0.57627,0.57678,1654.2
2024.12.12 22:00:00,0.57677,0.57695,0.57591,0.57625,1542.02
2024.12.12 23:00:00,0.57626,0.57712,0.57608,0.57694,1713.15
2024.12.13 00:00:00,0.57693,0.57717,0.57621,0.57661,3463.95
2024.12.13 01:00:00,0.57661,0.57699,0.57596,0.57633,3711.45
2024.12.13 02:00:00,0.57634,0.57644,0.57573,0.57595,3783.45
2024.12.13 03:00:00,0.57596,0.57663,0.57594,0.57635,2681.55
2024.12.13 04:00:00,0.57635,0.57675,0.57622,0.57672,1271.7
2024.12.13 05:00:00,0.57673,0.57681,0.57602,0.57651,2209.87
2024.12.13 06:00:00,0.57651,0.57669,0.57561,0.57661,2485.95
2024.12.13 07:00:00,0.5766,0.57665,0.57582,0.57651,5269.74
2024.12.13 08:00:00,0.57651,0.57681,0.57552,0.57606,5172.45
2024.12.13 09:00:00,0.57607,0.57664,0.57583,0.57627,3685.95
2024.12.13 10:00:00,0.57626,0.5769,0.57601,0.57639,3186.66
2024.12.13 11:00:00,0.57638,0.57673,0.57627,0.57632,2867.4
2024.12.13 12:00:00,0.57631,0.57744,0.57608,0.57731,4088.85
2024.12.13 13:00:00,0.5773,0.5778,0.57714,0.57751,4434.84
2024.12.13 14:00:00,0.57749,0.57749,0.57617,0.57627,4643.7
2024.12.13 15:00:00,0.57626,0.57628,0.5754,0.57589,6964.8
2024.12.13 16:00:00,0.57588,0.57633,0.57552,0.57581,7239.6
2024.12.13 17:00:00,0.57582,0.57594,0.57534,0.57566,5202.46
2024.12.13 18:00:00,0.57567,0.57598,0.57545,0.57569,3771.44
2024.12.13 19:00:00,0.57569,0.57599,0.5755,0.5757,2055.75
2024.12.13 20:00:00,0.57571,0.57581,0.57537,0.57579,1726.5
2024.12.13 21:00:00,0.57578,0.57627,0.57567,0.57579,2813.22
2024.12.15 22:00:00,0.57556,0.57652,0.57528,0.57597,814.69
2024.12.15 23:00:00,0.57605,0.57742,0.57601,0.5769,3188.21
2024.12.16 00:00:00,0.57689,0.5773,0.57655,0.57666,4511.64
2024.12.16 01:00:00,0.57665,0.57748,0.57662,0.57733,3908.84
2024.12.16 02:00:00,0.57735,0.57773,0.57697,0.57721,2892.6
2024.12.16 03:00:00,0.57722,0.57767,0.57706,0.57763,2702.17
2024.12.16 04:00:00,0.57764,0.5783,0.57764,0.57797,2104.2
2024.12.16 05:00:00,0.57798,0.57822,0.57781,0.57801,2145
2024.12.16 06:00:00,0.57802,0.57827,0.57744,0.57764,2244.45
2024.12.16 07:00:00,0.57765,0.5782,0.57748,0.57784,2338.07
2024.12.16 08:00:00,0.57783,0.5786,0.57773,0.57782,4762.89
2024.12.16 09:00:00,0.57781,0.57847,0.57741,0.57756,2251.65
2024.12.16 10:00:00,0.57757,0.5776,0.57644,0.57645,2502.6
2024.12.16 11:00:00,0.57646,0.57671,0.57614,0.5766,2057.7
2024.12.16 12:00:00,0.57662,0.57718,0.57643,0.57699,2971.8
2024.12.16 13:00:00,0.57699,0.57745,0.57686,0.57731,5013.9
2024.12.16 14:00:00,0.57732,0.57757,0.57585,0.57658,5938.77
2024.12.16 15:00:00,0.57659,0.57826,0.57641,0.57815,7945.2
2024.12.16 16:00:00,0.57815,0.57836,0.57753,0.57796,6417.24
2024.12.16 17:00:00,0.57795,0.57852,0.57772,0.57795,3574.95
2024.12.16 18:00:00,0.57795,0.57828,0.57761,0.57821,2203.05
2024.12.16 19:00:00,0.57822,0.57838,0.57751,0.57792,2409.45
2024.12.16 20:00:00,0.57792,0.57803,0.57761,0.57787,1579.57
2024.12.16 21:00:00,0.57788,0.57815,0.5776,0.5781,977.25
2024.12.16 22:00:00,0.57802,0.57829,0.57673,0.57781,1249.24
2024.12.16 23:00:00,0.57782,0.57915,0.57782,0.5791,1569.11
2024.12.17 00:00:00,0.57912,0.57925,0.5782,0.57831,2751
2024.12.17 01:00:00,0.5783,0.57832,0.57743,0.57783,3109.2
2024.12.17 02:00:00,0.57783,0.57818,0.57748,0.57758,2472.15
2024.12.17 03:00:00,0.57756,0.57783,0.57702,0.57711,1994.85
2024.12.17 04:00:00,0.57714,0.57747,0.57676,0.57678,1448.25
2024.12.17 05:00:00,0.5768,0.577,0.57635,0.57636,2169.33
2024.12.17 06:00:00,0.57636,0.57663,0.57563,0.57601,2933.16
2024.12.17 07:00:00,0.57601,0.57691,0.57596,0.57628,2928.52
2024.12.17 08:00:00,0.57626,0.57636,0.57548,0.5758,3206.79
2024.12.17 09:00:00,0.5758,0.57629,0.57562,0.57582,4179.9
2024.12.17 10:00:00,0.57585,0.57603,0.57538,0.57595,3789.3
2024.12.17 11:00:00,0.57597,0.57607,0.57561,0.57585,3678.9
2024.12.17 12:00:00,0.57584,0.57622,0.5757,0.57605,5280.3
2024.12.17 13:00:00,0.57606,0.57656,0.57565,0.57643,9530.85
2024.12.17 14:00:00,0.57644,0.57677,0.5756,0.57596,15951.12
2024.12.17 15:00:00,0.57596,0.57628,0.57539,0.57589,16611.33
2024.12.17 16:00:00,0.57591,0.57605,0.57512,0.5757,9498.09
2024.12.17 17:00:00,0.57569,0.57628,0.57537,0.57598,6219
2024.12.17 18:00:00,0.57597,0.57615,0.57564,0.57573,4437.3
2024.12.17 19:00:00,0.57574,0.5759,0.57539,0.5754,2361.3
2024.12.17 20:00:00,0.57546,0.57547,0.57495,0.57515,2025.9
2024.12.17 21:00:00,0.57516,0.5755,0.57503,0.57527,1091.85
2024.12.17 22:00:00,0.57523,0.57556,0.57512,0.57534,1469.41
2024.12.17 23:00:00,0.57535,0.57579,0.57516,0.57577,879.46
2024.12.18 00:00:00,0.57577,0.57583,0.57538,0.57563,1352.85
2024.12.18 01:00:00,0.57561,0.57575,0.57457,0.57483,4542.89
2024.12.18 02:00:00,0.57485,0.57515,0.57421,0.57484,2451.6
2024.12.18 03:00:00,0.57484,0.57487,0.57389,0.57389,2175.75
2024.12.18 04:00:00,0.57389,0.57389,0.5734,0.5735,1846.87
2024.12.18 05:00:00,0.57348,0.57407,0.57306,0.57394,2086.05
2024.12.18 06:00:00,0.57394,0.57477,0.5738,0.57456,2240.76
2024.12.18 07:00:00,0.57458,0.57471,0.57365,0.57371,3133.81
2024.12.18 08:00:00,0.5737,0.57374,0.57302,0.57337,3066.82
2024.12.18 09:00:00,0.57338,0.57347,0.57225,0.5724,2677.57
2024.12.18 10:00:00,0.57241,0.573,0.5724,0.57296,2627.19
2024.12.18 11:00:00,0.57297,0.57303,0.57267,0.57287,2247.75
2024.12.18 12:00:00,0.57288,0.57338,0.57279,0.57323,2526.3
2024.12.18 13:00:00,0.57323,0.57355,0.57308,0.5734,3182.1
2024.12.18 14:00:00,0.5734,0.57369,0.57314,0.57347,7980.3
2024.12.18 15:00:00,0.57348,0.5735,0.57197,0.57201,11964.63
2024.12.18 16:00:00,0.57201,0.57211,0.57152,0.5717,8047.65
2024.12.18 17:00:00,0.57171,0.57226,0.57159,0.5719,3654.75
2024.12.18 18:00:00,0.5719,0.57242,0.5719,0.57205,3222.64
2024.12.18 19:00:00,0.57205,0.57216,0.56632,0.56651,31080.26
2024.12.18 20:00:00,0.56648,0.56672,0.56531,0.56579,20465.25
2024.12.18 21:00:00,0.56577,0.56621,0.56193,0.56224,11577.69
2024.12.18 22:00:00,0.5622,0.5623,0.56145,0.56192,2780.42
2024.12.18 23:00:00,0.56193,0.56342,0.56125,0.5616,7246.97
2024.12.19 00:00:00,0.56161,0.56267,0.56075,0.5623,7264.47
2024.12.19 01:00:00,0.56232,0.56295,0.56202,0.56235,12117.15
2024.12.19 02:00:00,0.56236,0.56284,0.56184,0.5628,4533.86
2024.12.19 03:00:00,0.56279,0.56305,0.56213,0.56299,3946.8
2024.12.19 04:00:00,0.56298,0.56305,0.56241,0.56292,2300.4
2024.12.19 05:00:00,0.56291,0.56315,0.56228,0.56241,2458.29
2024.12.19 06:00:00,0.56241,0.56361,0.56216,0.56346,4894.62
2024.12.19 07:00:00,0.56344,0.56443,0.56344,0.56401,5962.5
2024.12.19 08:00:00,0.56399,0.56501,0.56375,0.56485,5915.25
2024.12.19 09:00:00,0.56484,0.56582,0.56458,0.56574,5074.35
2024.12.19 10:00:00,0.56576,0.56612,0.56539,0.56567,3596.25
2024.12.19 11:00:00,0.56568,0.566,0.56547,0.56565,2977.17
2024.12.19 12:00:00,0.56564,0.56579,0.56508,0.56521,6184.35
2024.12.19 13:00:00,0.56521,0.56585,0.56497,0.56525,9606.07
2024.12.19 14:00:00,0.56524,0.56618,0.56502,0.5658,11510.81
2024.12.19 15:00:00,0.56582,0.566,0.56488,0.56491,11319.22
2024.12.19 16:00:00,0.56492,0.56568,0.56414,0.56414,7742.12
2024.12.19 17:00:00,0.56414,0.56502,0.56398,0.56405,4372.42
2024.12.19 18:00:00,0.56406,0.56437,0.5634,0.56433,4566.67
2024.12.19 19:00:00,0.56433,0.56459,0.56345,0.56348,4048.2
2024.12.19 20:00:00,0.56352,0.56372,0.56325,0.56344,3578.26
2024.12.19 21:00:00,0.56345,0.56345,0.5629,0.56294,1367.55
2024.12.19 22:00:00,0.56288,0.5631,0.56265,0.56298,1092.74
2024.12.19 23:00:00,0.56297,0.56299,0.5624,0.5626,1528.38
2024.12.20 00:00:00,0.56259,0.56274,0.56169,0.56184,3289.01
2024.12.20 01:00:00,0.56183,0.56325,0.56123,0.5629,3444.45
2024.12.20 02:00:00,0.56292,0.56312,0.56234,0.56273,3644.37
2024.12.20 03:00:00,0.56274,0.56314,0.56203,0.56233,3810.99
2024.12.20 04:00:00,0.56234,0.56259,0.56209,0.56232,2005.95
2024.12.20 05:00:00,0.56232,0.56268,0.56207,0.56242,2098.5
2024.12.20 06:00:00,0.56241,0.56379,0.562,0.56358,5093.55
2024.12.20 07:00:00,0.56359,0.56404,0.56315,0.56395,4220.1
2024.12.20 08:00:00,0.56396,0.56456,0.56374,0.56394,6004.62
2024.12.20 09:00:00,0.56394,0.56401,0.56324,0.56354,4628.25
2024.12.20 10:00:00,0.56354,0.56387,0.56309,0.56322,3834.9
2024.12.20 11:00:00,0.5632,0.56326,0.56269,0.56284,3303.75
2024.12.20 12:00:00,0.56284,0.56394,0.56279,0.56351,4681.65
2024.12.20 13:00:00,0.56349,0.56496,0.5632,0.56387,10829.2
2024.12.20 14:00:00,0.56386,0.56411,0.56328,0.56376,13344.37
2024.12.20 15:00:00,0.56377,0.56534,0.56362,0.56447,27019.35
2024.12.20 16:00:00,0.56446,0.56643,0.56416,0.56623,11488.95
2024.12.20 17:00:00,0.56623,0.56721,0.5661,0.56626,9004.74
2024.12.20 18:00:00,0.56625,0.5663,0.56562,0.56592,6181.35
2024.12.20 19:00:00,0.5659,0.56682,0.56581,0.56661,3900.45
2024.12.20 20:00:00,0.56662,0.56665,0.56559,0.56561,5083.74
2024.12.20 21:00:00,0.56561,0.56582,0.56468,0.56468,8085.9
2024.12.22 22:00:00,0.56496,0.56496,0.56401,0.56428,882.65
2024.12.22 23:00:00,0.56446,0.56565,0.56443,0.56517,3758.8
2024.12.23 00:00:00,0.56518,0.56525,0.56444,0.5645,4302.46
2024.12.23 01:00:00,0.56452,0.56569,0.56413,0.56549,3056.92
2024.12.23 02:00:00,0.56549,0.56598,0.56534,0.56585,1942.05
2024.12.23 03:00:00,0.56584,0.56593,0.56517,0.56527,1122.6
2024.12.23 04:00:00,0.56526,0.5658,0.56504,0.56576,1128.75
2024.12.23 05:00:00,0.56575,0.56589,0.56553,0.56584,1719.15
2024.12.23 06:00:00,0.56584,0.56598,0.5653,0.56562,1604.85
2024.12.23 07:00:00,0.56561,0.56562,0.56447,0.5646,2644.42
2024.12.23 08:00:00,0.5646,0.56543,0.56445,0.56535,4291.8
2024.12.23 09:00:00,0.56535,0.56606,0.56534,0.56568,5299.05
2024.12.23 10:00:00,0.56568,0.5658,0.56465,0.56466,5893.06
2024.12.23 11:00:00,0.56467,0.56511,0.56429,0.56464,3183.15
2024.12.23 12:00:00,0.56466,0.56473,0.56389,0.5642,4554.6
2024.12.23 13:00:00,0.5642,0.56428,0.56346,0.56349,6013.63
2024.12.23 14:00:00,0.56351,0.56421,0.56347,0.56404,6451.13
2024.12.23 15:00:00,0.56399,0.56425,0.56314,0.56397,10535.68
2024.12.23 16:00:00,0.56397,0.56477,0.5634,0.56466,6664.15
2024.12.23 17:00:00,0.56466,0.56512,0.56459,0.56464,4656.07
2024.12.23 18:00:00,0.56461,0.56532,0.56461,0.56497,3830.01
2024.12.23 19:00:00,0.56498,0.56522,0.56465,0.56514,3634.95
2024.12.23 20:00:00,0.56514,0.56538,0.56467,0.5649,2375.1
2024.12.23 21:00:00,0.56491,0.56512,0.56469,0.56472,1939.49
2024.12.23 22:00:00,0.56472,0.5648,0.56411,0.56412,1800.1
2024.12.23 23:00:00,0.56416,0.56495,0.56413,0.56452,1260.13
2024.12.24 00:00:00,0.56448,0.56464,0.564,0.56414,1608.75
2024.12.24 01:00:00,0.56415,0.56436,0.56385,0.56417,1888.2
2024.12.24 02:00:00,0.56418,0.56484,0.56394,0.56405,2387.09
2024.12.24 03:00:00,0.56407,0.56426,0.56349,0.56415,1715.17
2024.12.24 04:00:00,0.56415,0.56448,0.56405,0.56444,1127.25
2024.12.24 05:00:00,0.56445,0.56475,0.56432,0.56465,1182.3
2024.12.24 06:00:00,0.56465,0.56496,0.56442,0.56485,688.05
2024.12.24 07:00:00,0.56487,0.56518,0.56427,0.56432,2526.45
2024.12.24 08:00:00,0.56432,0.56492,0.56419,0.5645,3327.36
2024.12.24 09:00:00,0.56448,0.56454,0.56387,0.56392,4339.09
2024.12.24 10:00:00,0.5639,0.56424,0.56369,0.56401,2473.35
2024.12.24 11:00:00,0.56401,0.56413,0.56368,0.56381,2453.97
2024.12.24 12:00:00,0.56383,0.56403,0.56349,0.56366,3425.4
2024.12.24 13:00:00,0.56366,0.56482,0.5636,0.56462,6643.8
2024.12.24 14:00:00,0.5646,0.56481,0.56416,0.56435,8372.55
2024.12.24 15:00:00,0.56436,0.56459,0.56358,0.56358,5334.21
2024.12.24 16:00:00,0.56355,0.564,0.56331,0.56357,4672.69
2024.12.24 17:00:00,0.56356,0.56424,0.56344,0.56351,3370.35
2024.12.24 18:00:00,0.56349,0.56446,0.56349,0.56445,1949.7
2024.12.24 19:00:00,0.56438,0.56507,0.5634,0.56347,1085.49
2024.12.24 20:00:00,0.56377,0.5646,0.56326,0.56434,1118.79
2024.12.24 21:00:00,0.56381,0.56625,0.5626,0.56305,3412.77
2024.12.24 22:00:00,0.56216,0.56216,0.56168,0.56168,1.8
2024.12.24 23:00:00,0.56174,0.56446,0.56152,0.56249,48.9
2024.12.25 00:00:00,0.56249,0.56426,0.56249,0.56309,27.3
2024.12.25 01:00:00,0.56423,0.56423,0.56249,0.56421,21.9
2024.12.25 02:00:00,0.56305,0.56425,0.56305,0.56306,9.9
2024.12.25 03:00:00,0.56514,0.56515,0.56308,0.56308,27
2024.12.25 04:00:00,0.56421,0.56421,0.56308,0.56308,5.4
2024.12.25 05:00:00,0.56421,0.56421,0.56266,0.56266,6.3
2024.12.25 06:00:00,0.56309,0.56418,0.56308,0.56308,69.6
2024.12.25 07:00:00,0.56309,0.56316,0.56279,0.56286,18.9
2024.12.25 22:00:00,0.56309,0.56484,0.56208,0.56398,492.6
2024.12.25 23:00:00,0.56374,0.56534,0.56344,0.565,7653.6
2024.12.26 00:00:00,0.56501,0.56546,0.56481,0.5652,4264.95
2024.12.26 01:00:00,0.5652,0.56534,0.56473,0.56517,5460.3
2024.12.26 02:00:00,0.56518,0.56565,0.56501,0.56553,2845.65
2024.12.26 03:00:00,0.56554,0.56594,0.5654,0.5654,2087.7
2024.12.26 04:00:00,0.5654,0.5654,0.56486,0.5649,1897.5
2024.12.26 05:00:00,0.56489,0.56541,0.56461,0.56464,2972.91
2024.12.26 06:00:00,0.56463,0.56469,0.56379,0.5639,2125.2
2024.12.26 07:00:00,0.5639,0.5644,0.56346,0.56433,2118.09
2024.12.26 08:00:00,0.56432,0.56441,0.56333,0.56363,1934.85
2024.12.26 09:00:00,0.56362,0.56373,0.56331,0.56351,2213.61
2024.12.26 10:00:00,0.56351,0.56412,0.56337,0.56394,2731.74
2024.12.26 11:00:00,0.56395,0.564,0.56365,0.5639,2404.56
2024.12.26 12:00:00,0.56391,0.56392,0.563,0.56316,4785.87
2024.12.26 13:00:00,0.56316,0.56386,0.56305,0.56308,5755.23
2024.12.26 14:00:00,0.56307,0.5634,0.56239,0.56264,5814.9
2024.12.26 15:00:00,0.56264,0.56277,0.56214,0.56224,6067.35
2024.12.26 16:00:00,0.56224,0.56294,0.56215,0.56292,4846.74
2024.12.26 17:00:00,0.56291,0.56306,0.5622,0.56246,4234.05
2024.12.26 18:00:00,0.56241,0.56336,0.56241,0.563,5564.91
2024.12.26 19:00:00,0.56299,0.56299,0.56229,0.56237,3164.16
2024.12.26 20:00:00,0.56236,0.56245,0.56205,0.56235,1688.1
2024.12.26 21:00:00,0.56237,0.56239,0.56219,0.56224,1205.2
2024.12.26 22:00:00,0.56225,0.56265,0.56198,0.56211,1852.95
2024.12.26 23:00:00,0.56214,0.56263,0.56208,0.56244,1103.34
2024.12.27 00:00:00,0.56244,0.56274,0.56198,0.56212,2302.8
2024.12.27 01:00:00,0.56211,0.56246,0.56192,0.56208,2453.7
2024.12.27 02:00:00,0.56206,0.56229,0.56177,0.56213,3219.75
2024.12.27 03:00:00,0.56212,0.56238,0.56136,0.56154,2486.55
2024.12.27 04:00:00,0.56153,0.56177,0.56135,0.56156,1524.15
2024.12.27 05:00:00,0.56155,0.56217,0.56154,0.56183,2203.5
2024.12.27 06:00:00,0.56182,0.56267,0.5618,0.56262,2308.2
2024.12.27 07:00:00,0.56263,0.56323,0.56258,0.56317,3742.86
2024.12.27 08:00:00,0.56316,0.56366,0.56286,0.56303,4524.81
2024.12.27 09:00:00,0.56301,0.56305,0.56238,0.56265,4196.23
2024.12.27 10:00:00,0.56266,0.56288,0.56233,0.56276,4550.79
2024.12.27 11:00:00,0.56278,0.56377,0.56273,0.5636,5341.63
2024.12.27 12:00:00,0.5636,0.5643,0.56341,0.56382,6360.14
2024.12.27 13:00:00,0.56382,0.56401,0.56325,0.56391,10507.95
2024.12.27 14:00:00,0.56391,0.56393,0.56295,0.56298,15695.47
2024.12.27 15:00:00,0.56297,0.56389,0.56212,0.56359,18392.25
2024.12.27 16:00:00,0.5636,0.56392,0.56285,0.56285,6781.57
2024.12.27 17:00:00,0.56281,0.56282,0.56218,0.56255,4333.8
2024.12.27 18:00:00,0.56253,0.56327,0.56253,0.5632,2763.82
2024.12.27 19:00:00,0.56319,0.56376,0.56305,0.56365,3708.67
2024.12.27 20:00:00,0.56365,0.56365,0.56315,0.56337,2278.8
2024.12.27 21:00:00,0.56339,0.56349,0.56232,0.56232,6491.84
2024.12.29 22:00:00,0.56269,0.5636,0.56243,0.56359,1062.52
2024.12.29 23:00:00,0.56359,0.56462,0.56359,0.56385,2086.15
2024.12.30 00:00:00,0.56386,0.56422,0.56338,0.56405,1572.12
2024.12.30 01:00:00,0.56406,0.56463,0.56353,0.56417,1412.25
2024.12.30 02:00:00,0.56418,0.56484,0.56411,0.56478,1126.95
2024.12.30 03:00:00,0.56477,0.56583,0.56468,0.56571,1252.35
2024.12.30 04:00:00,0.56569,0.56585,0.5653,0.56555,1841.25
2024.12.30 05:00:00,0.56555,0.56578,0.56532,0.56552,3129.9
2024.12.30 06:00:00,0.56553,0.56593,0.56551,0.56584,2273.55
2024.12.30 07:00:00,0.56584,0.56633,0.56531,0.56629,3624
2024.12.30 08:00:00,0.56627,0.56627,0.56464,0.56472,4140.09
2024.12.30 09:00:00,0.56471,0.5656,0.56462,0.56534,2761.65
2024.12.30 10:00:00,0.56533,0.56588,0.56518,0.56561,3509.25
2024.12.30 11:00:00,0.56561,0.56641,0.56558,0.56616,4185.75
2024.12.30 12:00:00,0.56615,0.56635,0.5656,0.56581,2983.2
2024.12.30 13:00:00,0.56581,0.56594,0.56392,0.56401,4467.3
2024.12.30 14:00:00,0.56401,0.56467,0.56345,0.56432,10914.15
2024.12.30 15:00:00,0.56434,0.56455,0.56276,0.56368,13796.58
2024.12.30 16:00:00,0.56367,0.56386,0.56314,0.56369,9415.05
2024.12.30 17:00:00,0.56369,0.56425,0.5635,0.56423,2895.75
2024.12.30 18:00:00,0.56424,0.56489,0.56411,0.56475,5261.4
2024.12.30 19:00:00,0.56475,0.56481,0.56401,0.56401,4467.28
2024.12.30 20:00:00,0.564,0.56441,0.56389,0.56389,2323.87
2024.12.30 21:00:00,0.5639,0.56401,0.56365,0.5638,991.87
2024.12.30 22:00:00,0.5638,0.56397,0.56332,0.56371,2147.18
2024.12.30 23:00:00,0.56371,0.56389,0.56324,0.56384,953.66
2024.12.31 00:00:00,0.56383,0.56394,0.5632,0.56392,1307.37
2024.12.31 01:00:00,0.56392,0.56462,0.56374,0.56414,12742.19
2024.12.31 02:00:00,0.56415,0.56419,0.56336,0.56347,3283.8
2024.12.31 03:00:00,0.56348,0.56357,0.56267,0.56274,3060.45
2024.12.31 04:00:00,0.56276,0.563,0.56266,0.56286,1963.95
2024.12.31 05:00:00,0.56286,0.56326,0.56275,0.56285,1509.43
2024.12.31 06:00:00,0.56286,0.56286,0.56196,0.56243,2603.17
2024.12.31 07:00:00,0.56242,0.56354,0.56216,0.56332,2882.55
2024.12.31 08:00:00,0.56332,0.56335,0.56231,0.5628,3414
2024.12.31 09:00:00,0.56281,0.56305,0.56237,0.56285,2449.32
2024.12.31 10:00:00,0.56287,0.56287,0.56196,0.56224,4784.92
2024.12.31 11:00:00,0.56224,0.5624,0.56168,0.56189,2253.49
2024.12.31 12:00:00,0.5619,0.56198,0.561,0.56103,3886.76
2024.12.31 13:00:00,0.56102,0.56109,0.56026,0.56093,6094.2
2024.12.31 14:00:00,0.56094,0.56107,0.56037,0.56073,7321.94
2024.12.31 15:00:00,0.56075,0.56124,0.56006,0.56029,10856.59
2024.12.31 16:00:00,0.56029,0.56048,0.55912,0.55928,8131.85
2024.12.31 17:00:00,0.5593,0.55941,0.55874,0.55922,4696.84
2024.12.31 18:00:00,0.55922,0.5597,0.55902,0.5595,4612.35
2024.12.31 19:00:00,0.5595,0.55985,0.55923,0.5593,7757.75
2024.12.31 20:00:00,0.5593,0.55983,0.5593,0.55942,14520
2024.12.31 21:00:00,0.55943,0.55966,0.5593,0.55935,10135.5
2025.01.01 22:00:00,0.55941,0.56012,0.55886,0.56009,602.52
2025.01.01 23:00:00,0.56008,0.56035,0.55927,0.55971,4016.03
2025.01.02 00:00:00,0.55971,0.56052,0.55924,0.56028,4149.59
2025.01.02 01:00:00,0.56029,0.56157,0.56006,0.56144,6445.95
2025.01.02 02:00:00,0.56144,0.56208,0.56113,0.56207,5671.12
2025.01.02 03:00:00,0.56206,0.56208,0.56135,0.56158,3770.7
2025.01.02 04:00:00,0.56157,0.562,0.56153,0.5616,2952.22
2025.01.02 05:00:00,0.5616,0.56164,0.56112,0.56141,3430.57
2025.01.02 06:00:00,0.5614,0.56146,0.56088,0.56123,3146.25
2025.01.02 07:00:00,0.56123,0.56137,0.56073,0.56078,4541.1
2025.01.02 08:00:00,0.56077,0.56152,0.56037,0.56149,6257.55
2025.01.02 09:00:00,0.56149,0.56241,0.56137,0.56183,5403.45
2025.01.02 10:00:00,0.56184,0.5621,0.56078,0.56087,6262.34
2025.01.02 11:00:00,0.56086,0.56148,0.56065,0.56133,2832
2025.01.02 12:00:00,0.56134,0.56151,0.5607,0.56076,3139.65
2025.01.02 13:00:00,0.56078,0.56135,0.56017,0.56107,7115.79
2025.01.02 14:00:00,0.56108,0.56156,0.56036,0.56063,7993.77
2025.01.02 15:00:00,0.56063,0.56132,0.5601,0.56018,8942.55
2025.01.02 16:00:00,0.56017,0.56026,0.55904,0.55984,9060
2025.01.02 17:00:00,0.55984,0.56031,0.55919,0.55936,5747.14
2025.01.02 18:00:00,0.55933,0.55951,0.55876,0.55914,3589.28
2025.01.02 19:00:00,0.55915,0.55941,0.55864,0.55871,2764.05
2025.01.02 20:00:00,0.5587,0.55964,0.5587,0.55925,2169
2025.01.02 21:00:00,0.55926,0.5596,0.55922,0.55935,1296
2025.01.02 22:00:00,0.55927,0.55963,0.55862,0.55951,1674.68
2025.01.02 23:00:00,0.55954,0.55963,0.55904,0.55926,951.47
2025.01.03 00:00:00,0.55928,0.56075,0.55926,0.56068,1638.9
2025.01.03 01:00:00,0.56069,0.56069,0.55976,0.55999,2882.1
2025.01.03 02:00:00,0.55999,0.56054,0.5599,0.56034,1913.7
2025.01.03 03:00:00,0.56034,0.56065,0.56019,0.56041,1534.5
2025.01.03 04:00:00,0.56038,0.56064,0.56011,0.56059,1556.25
2025.01.03 05:00:00,0.56061,0.56104,0.56049,0.56062,1676.25
2025.01.03 06:00:00,0.56061,0.56099,0.56052,0.56088,1757.85
2025.01.03 07:00:00,0.56088,0.56102,0.55925,0.56013,4743.15
2025.01.03 08:00:00,0.56013,0.56052,0.5594,0.55966,3774.6
2025.01.03 09:00:00,0.55965,0.5607,0.55965,0.56007,3290.62
2025.01.03 10:00:00,0.56006,0.56025,0.55976,0.55995,2821.8
2025.01.03 11:00:00,0.55995,0.56082,0.55994,0.56059,1684.5
2025.01.03 12:00:00,0.56058,0.56075,0.56016,0.56061,2026.95
2025.01.03 13:00:00,0.5606,0.56087,0.56017,0.56045,2708.55
2025.01.03 14:00:00,0.56045,0.56124,0.56029,0.56106,3975.9
2025.01.03 15:00:00,0.56104,0.56106,0.5593,0.55997,11235
2025.01.03 16:00:00,0.55995,0.56067,0.5599,0.56025,4586.1
2025.01.03 17:00:00,0.56024,0.56132,0.56024,0.56065,5041.42
2025.01.03 18:00:00,0.56065,0.56105,0.56038,0.56061,4856.47
2025.01.03 19:00:00,0.56059,0.56127,0.56042,0.56081,1858.61
2025.01.03 20:00:00,0.5608,0.56128,0.56065,0.56082,844.05
2025.01.03 21:00:00,0.5608,0.56138,0.56079,0.56097,4495.95
2025.01.05 22:00:00,0.5611,0.56136,0.56081,0.56109,742.07
2025.01.05 23:00:00,0.56109,0.56198,0.56088,0.56164,2613.46
2025.01.06 00:00:00,0.56165,0.56285,0.56145,0.5626,2668.95
2025.01.06 01:00:00,0.56261,0.56338,0.56156,0.56186,5389.77
2025.01.06 02:00:00,0.56183,0.56267,0.56166,0.56208,3054
2025.01.06 03:00:00,0.56208,0.56228,0.56135,0.56213,2349.9
2025.01.06 04:00:00,0.56214,0.56239,0.56184,0.56212,1800
2025.01.06 05:00:00,0.56211,0.56276,0.56203,0.56234,2357.7
2025.01.06 06:00:00,0.56233,0.56284,0.56217,0.56252,1921.2
2025.01.06 07:00:00,0.56251,0.56287,0.56225,0.56259,2228.85
2025.01.06 08:00:00,0.56258,0.56417,0.56238,0.5641,4208.55
2025.01.06 09:00:00,0.56411,0.56432,0.5634,0.56353,5208.24
2025.01.06 10:00:00,0.56354,0.56359,0.56304,0.56305,2384.7
2025.01.06 11:00:00,0.56304,0.56743,0.56259,0.56741,12636.6
2025.01.06 12:00:00,0.5674,0.56764,0.56616,0.56733,9131
2025.01.06 13:00:00,0.56733,0.56842,0.56715,0.56743,7185.68
2025.01.06 14:00:00,0.56746,0.56798,0.56396,0.56556,15381.91
2025.01.06 15:00:00,0.56557,0.56582,0.56365,0.56403,11822.69
2025.01.06 16:00:00,0.56402,0.56476,0.56359,0.56435,7025.47
2025.01.06 17:00:00,0.56434,0.56442,0.56342,0.56395,3839.4
2025.01.06 18:00:00,0.56391,0.564,0.56322,0.56324,4122.37
2025.01.06 19:00:00,0.56325,0.56377,0.56307,0.56375,3004.72
2025.01.06 20:00:00,0.56376,0.56406,0.56372,0.56403,2483.07
2025.01.06 21:00:00,0.56404,0.56446,0.5639,0.56416,1424.54
2025.01.06 22:00:00,0.56408,0.56438,0.56384,0.56386,983.75
2025.01.06 23:00:00,0.56388,0.56408,0.56366,0.5637,983.15
2025.01.07 00:00:00,0.56373,0.56454,0.56351,0.56454,1903.65
2025.01.07 01:00:00,0.56452,0.56486,0.56406,0.56464,2767.05
2025.01.07 02:00:00,0.56462,0.56524,0.56462,0.56507,2684.1
2025.01.07 03:00:00,0.56505,0.56628,0.56474,0.56612,1947.6
2025.01.07 04:00:00,0.56615,0.56647,0.56581,0.56585,1449.6
2025.01.07 05:00:00,0.56585,0.56696,0.56578,0.56666,2276.1
2025.01.07 06:00:00,0.56667,0.56695,0.56618,0.56629,2721.9
2025.01.07 07:00:00,0.56629,0.56759,0.56614,0.56754,4250.22
2025.01.07 08:00:00,0.56755,0.56865,0.56752,0.56865,5091.05
2025.01.07 09:00:00,0.56864,0.56923,0.56842,0.56858,5064.75
2025.01.07 10:00:00,0.56857,0.56887,0.56825,0.56844,4604.25
2025.01.07 11:00:00,0.56844,0.56845,0.5675,0.56775,3291.07
2025.01.07 12:00:00,0.56776,0.56801,0.56685,0.56711,4330.29
2025.01.07 13:00:00,0.5671,0.5678,0.56697,0.56702,3660.17
2025.01.07 14:00:00,0.56704,0.56704,0.56644,0.56665,15403.37
2025.01.07 15:00:00,0.5666,0.5666,0.56404,0.56468,15234.7
2025.01.07 16:00:00,0.56469,0.56481,0.56363,0.56418,10228.89
2025.01.07 17:00:00,0.56415,0.56506,0.5641,0.56451,5533.65
2025.01.07 18:00:00,0.56453,0.56479,0.56365,0.5639,4761.63
2025.01.07 19:00:00,0.5639,0.56429,0.56377,0.56402,2799
2025.01.07 20:00:00,0.56402,0.56407,0.56318,0.56342,2018.4
2025.01.07 21:00:00,0.56341,0.56351,0.56324,0.56336,1202.25
2025.01.07 22:00:00,0.5633,0.56353,0.56314,0.56318,1099.54
2025.01.07 23:00:00,0.56318,0.56348,0.56314,0.56334,1086.7
2025.01.08 00:00:00,0.56336,0.56413,0.56284,0.56303,3099.37
2025.01.08 01:00:00,0.56305,0.56332,0.5625,0.5632,2969.55
2025.01.08 02:00:00,0.56321,0.56342,0.56299,0.56312,2124.67
2025.01.08 03:00:00,0.56312,0.5635,0.56289,0.56326,1619.99
2025.01.08 04:00:00,0.56323,0.56354,0.56295,0.56326,1446.12
2025.01.08 05:00:00,0.56327,0.56386,0.56312,0.56379,1714.92
2025.01.08 06:00:00,0.5638,0.56412,0.56339,0.56364,1928.77
2025.01.08 07:00:00,0.56363,0.56368,0.56264,0.56278,3641.55
2025.01.08 08:00:00,0.56278,0.56306,0.56181,0.56182,3861.75
2025.01.08 09:00:00,0.56181,0.56245,0.56173,0.5619,3452.54
2025.01.08 10:00:00,0.56191,0.56193,0.56102,0.56152,2674.65
2025.01.08 11:00:00,0.5615,0.56156,0.5589,0.56008,7154.79
2025.01.08 12:00:00,0.56006,0.56034,0.55892,0.55927,5703.99
2025.01.08 13:00:00,0.55928,0.56011,0.55912,0.56001,8308.93
2025.01.08 14:00:00,0.56002,0.56048,0.55938,0.55968,7062.29
2025.01.08 15:00:00,0.55968,0.56081,0.55968,0.56057,6807.71
2025.01.08 16:00:00,0.56057,0.56117,0.56005,0.56107,4671.98
2025.01.08 17:00:00,0.56109,0.56121,0.5599,0.56025,3039.3
2025.01.08 18:00:00,0.56026,0.561,0.5601,0.56023,4548.84
2025.01.08 19:00:00,0.56022,0.56124,0.56013,0.56032,3123.45
2025.01.08 20:00:00,0.56034,0.561,0.56021,0.56077,2063.1
2025.01.08 21:00:00,0.56077,0.56109,0.56063,0.56068,1201.95
2025.01.08 22:00:00,0.56068,0.56083,0.5604,0.56049,2161.54
2025.01.08 23:00:00,0.5605,0.56074,0.56041,0.56043,1051.89
2025.01.09 00:00:00,0.56044,0.56062,0.55943,0.5599,2110.26
2025.01.09 01:00:00,0.55987,0.56019,0.5596,0.55969,2110.65
2025.01.09 02:00:00,0.55968,0.56049,0.55967,0.56012,1669.95
2025.01.09 03:00:00,0.56013,0.56048,0.55965,0.55965,1743.65
2025.01.09 04:00:00,0.55965,0.55983,0.55925,0.55963,2011.05
2025.01.09 05:00:00,0.55961,0.56001,0.55951,0.55989,1760.1
2025.01.09 06:00:00,0.55989,0.55992,0.55916,0.55932,2493.84
2025.01.09 07:00:00,0.55932,0.5597,0.55764,0.5578,4989.44
2025.01.09 08:00:00,0.55782,0.55916,0.55715,0.55909,4860.22
2025.01.09 09:00:00,0.5591,0.55955,0.55875,0.55888,3803.43
2025.01.09 10:00:00,0.55889,0.55944,0.55864,0.55918,3274.05
2025.01.09 11:00:00,0.55918,0.55971,0.55894,0.5594,3154.5
2025.01.09 12:00:00,0.55941,0.55971,0.55893,0.5592,3409.89
2025.01.09 13:00:00,0.5592,0.56011,0.55902,0.55954,9259.2
2025.01.09 14:00:00,0.55953,0.56015,0.55941,0.56005,3955.66
2025.01.09 15:00:00,0.56005,0.56005,0.55894,0.55921,5909.55
2025.01.09 16:00:00,0.55922,0.55961,0.55899,0.55954,2544.75
2025.01.09 17:00:00,0.55956,0.55981,0.55941,0.55968,2525.22
2025.01.09 18:00:00,0.55968,0.55994,0.55946,0.55989,1077.07
2025.01.09 19:00:00,0.55989,0.5603,0.5597,0.55986,692.64
2025.01.09 20:00:00,0.5599,0.56019,0.55987,0.56,595.33
2025.01.09 21:00:00,0.55999,0.55999,0.55972,0.55989,442.95
2025.01.09 22:00:00,0.5598,0.56002,0.55912,0.55985,845.17
2025.01.09 23:00:00,0.55985,0.5601,0.5592,0.55926,1219.18
2025.01.10 00:00:00,0.55927,0.55969,0.55912,0.55923,1640.4
2025.01.10 01:00:00,0.55922,0.56025,0.55912,0.56005,2158.95
2025.01.10 02:00:00,0.56005,0.56006,0.55955,0.55969,1500.75
2025.01.10 03:00:00,0.55969,0.55975,0.55919,0.55932,1660.95
2025.01.10 04:00:00,0.55931,0.55947,0.55872,0.55901,1218.45
2025.01.10 05:00:00,0.559,0.5594,0.5587,0.55878,2002.8
2025.01.10 06:00:00,0.55877,0.55881,0.55824,0.55826,1641.45
2025.01.10 07:00:00,0.55826,0.55913,0.55822,0.55896,2853.15
2025.01.10 08:00:00,0.55896,0.5592,0.55801,0.55822,3771.09
2025.01.10 09:00:00,0.55821,0.55823,0.55762,0.55766,3540.15
2025.01.10 10:00:00,0.55768,0.558,0.55746,0.55789,2600.77
2025.01.10 11:00:00,0.55787,0.5584,0.55787,0.55813,3106.12
2025.01.10 12:00:00,0.55815,0.55875,0.558,0.55859,5285.25
2025.01.10 13:00:00,0.55858,0.55879,0.55422,0.55555,15803.7
2025.01.10 14:00:00,0.55554,0.55704,0.55498,0.55637,16218
2025.01.10 15:00:00,0.55637,0.55729,0.55545,0.55616,23485.95
2025.01.10 16:00:00,0.55616,0.55616,0.55492,0.55537,10990.35
2025.01.10 17:00:00,0.55536,0.55651,0.55505,0.55628,5101.44
2025.01.10 18:00:00,0.55628,0.55639,0.55563,0.55611,4268.61
2025.01.10 19:00:00,0.55612,0.55613,0.55558,0.55585,5105.1
2025.01.10 20:00:00,0.55586,0.55589,0.55531,0.55562,4381.05
2025.01.10 21:00:00,0.5556,0.55572,0.5547,0.5548,4047.77
2025.01.12 22:00:00,0.55514,0.55565,0.55491,0.55527,1174.2
2025.01.12 23:00:00,0.55539,0.55668,0.5552,0.55627,2129.97
2025.01.13 00:00:00,0.55627,0.55668,0.55607,0.55646,1971.72
2025.01.13 01:00:00,0.55646,0.55692,0.55627,0.55658,4515.9
2025.01.13 02:00:00,0.55659,0.55718,0.55652,0.55692,3196.05
2025.01.13 03:00:00,0.5569,0.55717,0.55582,0.55599,2773.42
2025.01.13 04:00:00,0.55601,0.55617,0.55477,0.55499,2312.92
2025.01.13 05:00:00,0.55499,0.55572,0.55484,0.55532,2026.62
2025.01.13 06:00:00,0.55531,0.55558,0.55496,0.55516,2142.45
2025.01.13 07:00:00,0.55518,0.55572,0.55477,0.55539,3088.8
2025.01.13 08:00:00,0.55538,0.55635,0.55503,0.55525,5415
2025.01.13 09:00:00,0.55525,0.5555,0.5541,0.55432,6321.94
2025.01.13 10:00:00,0.55432,0.55498,0.5543,0.55476,3176.25
2025.01.13 11:00:00,0.55475,0.55513,0.55446,0.55474,5317.8
2025.01.13 12:00:00,0.55475,0.5557,0.55428,0.55556,8774.85
2025.01.13 13:00:00,0.55557,0.55629,0.55524,0.55559,6076.65
2025.01.13 14:00:00,0.5556,0.55579,0.55487,0.55575,15429.15
2025.01.13 15:00:00,0.55575,0.5558,0.55478,0.55501,9344.64
2025.01.13 16:00:00,0.555,0.55571,0.55442,0.55534,4368.6
2025.01.13 17:00:00,0.55535,0.55588,0.55522,0.55583,5640.45
2025.01.13 18:00:00,0.55582,0.55631,0.55545,0.55614,3204
2025.01.13 19:00:00,0.55613,0.55614,0.5557,0.55571,1957.2
2025.01.13 20:00:00,0.5557,0.55663,0.5557,0.5566,1498.57
2025.01.13 21:00:00,0.55661,0.55829,0.55654,0.55821,3105.89
2025.01.13 22:00:00,0.5582,0.55988,0.55748,0.55953,2993.84
2025.01.13 23:00:00,0.55954,0.5617,0.5592,0.56011,4676.7
2025.01.14 00:00:00,0.56011,0.56045,0.5595,0.55983,3465.39
2025.01.14 01:00:00,0.55985,0.56101,0.55958,0.56093,3565.47
2025.01.14 02:00:00,0.56095,0.56095,0.55956,0.56042,2898
2025.01.14 03:00:00,0.56042,0.56115,0.56007,0.56065,2339.1
2025.01.14 04:00:00,0.56064,0.56109,0.56047,0.56073,1587.45
2025.01.14 05:00:00,0.56075,0.56087,0.56011,0.56041,2354.4
2025.01.14 06:00:00,0.56042,0.56139,0.56032,0.56133,3266.25
2025.01.14 07:00:00,0.56133,0.56188,0.561,0.56185,4099.2
2025.01.14 08:00:00,0.56183,0.56308,0.56183,0.56196,9502.2
2025.01.14 09:00:00,0.56195,0.56197,0.5609,0.56103,5454.87
2025.01.14 10:00:00,0.56103,0.56138,0.56072,0.56091,2959.35
2025.01.14 11:00:00,0.5609,0.56091,0.55944,0.55998,3072.21
2025.01.14 12:00:00,0.55999,0.56009,0.55881,0.5591,3698.7
2025.01.14 13:00:00,0.5591,0.56124,0.55833,0.55907,9668.79
2025.01.14 14:00:00,0.55907,0.56022,0.55853,0.55943,9630.48
2025.01.14 15:00:00,0.55941,0.56103,0.5594,0.56033,8288.49
2025.01.14 16:00:00,0.56033,0.56094,0.55931,0.55948,8090.1
2025.01.14 17:00:00,0.55947,0.55947,0.55875,0.55905,4028.01
2025.01.14 18:00:00,0.55901,0.55987,0.55896,0.55981,2264.76
2025.01.14 19:00:00,0.55981,0.5602,0.55957,0.55972,1781.77
2025.01.14 20:00:00,0.55973,0.56019,0.55957,0.55984,3148.83
2025.01.14 21:00:00,0.55986,0.56044,0.55983,0.56032,1344.6
2025.01.14 22:00:00,0.56027,0.56044,0.55973,0.56028,1744.24
2025.01.14 23:00:00,0.56022,0.56055,0.55994,0.56019,1170.28
2025.01.15 00:00:00,0.56018,0.56026,0.55965,0.55982,1732.2
2025.01.15 01:00:00,0.5598,0.56048,0.55977,0.56026,2134.5
2025.01.15 02:00:00,0.56026,0.56037,0.55976,0.56013,2253.89
2025.01.15 03:00:00,0.56014,0.56064,0.55999,0.56056,1226.85
2025.01.15 04:00:00,0.56055,0.56067,0.56038,0.56061,1285.8
2025.01.15 05:00:00,0.56059,0.56064,0.55969,0.5597,1707
2025.01.15 06:00:00,0.55969,0.56028,0.55959,0.56003,1330.5
2025.01.15 07:00:00,0.56002,0.56187,0.55989,0.56165,3927.27
2025.01.15 08:00:00,0.56166,0.5625,0.56109,0.56112,4401.39
2025.01.15 09:00:00,0.5611,0.56204,0.56107,0.56183,2950.35
2025.01.15 10:00:00,0.56182,0.56188,0.56106,0.56132,3344.7
2025.01.15 11:00:00,0.56132,0.56163,0.56086,0.56098,2981.47
2025.01.15 12:00:00,0.56095,0.56102,0.55996,0.5603,2817.17
2025.01.15 13:00:00,0.56029,0.56506,0.56012,0.5646,11347.57
2025.01.15 14:00:00,0.5646,0.56465,0.56326,0.56354,14233.23
2025.01.15 15:00:00,0.56355,0.56384,0.56188,0.56227,9879.15
2025.01.15 16:00:00,0.56226,0.56246,0.56045,0.56108,7281.54
2025.01.15 17:00:00,0.5611,0.56167,0.56101,0.56122,3718.65
2025.01.15 18:00:00,0.56112,0.56148,0.56101,0.56131,2671.44
2025.01.15 19:00:00,0.56133,0.5617,0.56107,0.56169,2020.65
2025.01.15 20:00:00,0.56167,0.56199,0.5615,0.56189,1474.35
2025.01.15 21:00:00,0.5619,0.56196,0.56137,0.56144,1770.3
2025.01.15 22:00:00,0.56143,0.56162,0.5601,0.56132,1101.03
2025.01.15 23:00:00,0.56148,0.56282,0.56144,0.56273,1632.03
2025.01.16 00:00:00,0.56272,0.56326,0.56185,0.56306,2854.86
2025.01.16 01:00:00,0.56307,0.56309,0.56185,0.56197,2527.13
2025.01.16 02:00:00,0.56199,0.56221,0.5612,0.5613,2413.2
2025.01.16 03:00:00,0.56131,0.56136,0.5607,0.56081,1874.4
2025.01.16 04:00:00,0.56084,0.56144,0.56045,0.5606,1374.45
2025.01.16 05:00:00,0.5606,0.56067,0.55983,0.56,2319.15
2025.01.16 06:00:00,0.56001,0.56065,0.55995,0.5606,2051.25
2025.01.16 07:00:00,0.5606,0.56114,0.56021,0.561,3333.09
2025.01.16 08:00:00,0.56101,0.5611,0.56,0.56058,4908.45
2025.01.16 09:00:00,0.56059,0.56074,0.56024,0.5603,2767.71
2025.01.16 10:00:00,0.56031,0.56062,0.55993,0.56021,2734.8
2025.01.16 11:00:00,0.5602,0.5604,0.56003,0.56027,2129.7
2025.01.16 12:00:00,0.56025,0.56027,0.55859,0.55885,3540.85
2025.01.16 13:00:00,0.55888,0.55962,0.55817,0.55912,14787.7
2025.01.16 14:00:00,0.55913,0.55953,0.55874,0.5594,9844.95
2025.01.16 15:00:00,0.5594,0.56146,0.55914,0.56137,11630.13
2025.01.16 16:00:00,0.5614,0.56233,0.56079,0.56155,11238.44
2025.01.16 17:00:00,0.56155,0.56228,0.56113,0.56127,7035.06
2025.01.16 18:00:00,0.56123,0.56151,0.56078,0.56093,2780.69
2025.01.16 19:00:00,0.56091,0.56127,0.56078,0.56087,3461.23
2025.01.16 20:00:00,0.56088,0.56088,0.56044,0.56051,2236.64
2025.01.16 21:00:00,0.5605,0.56068,0.56034,0.5606,1959.28
2025.01.16 22:00:00,0.56053,0.56064,0.56024,0.56035,577.49
2025.01.16 23:00:00,0.56036,0.56075,0.56016,0.56071,948.46
2025.01.17 00:00:00,0.56071,0.56135,0.56037,0.56093,1653.22
2025.01.17 01:00:00,0.56095,0.56125,0.56065,0.56099,1761.6
2025.01.17 02:00:00,0.561,0.5615,0.56079,0.56087,2725.49
2025.01.17 03:00:00,0.56087,0.56111,0.56032,0.56044,1321.81
2025.01.17 04:00:00,0.56044,0.56044,0.55894,0.55923,1456.04
2025.01.17 05:00:00,0.55925,0.55947,0.55895,0.55923,2032.2
2025.01.17 06:00:00,0.55923,0.55925,0.55832,0.55888,1813.95
2025.01.17 07:00:00,0.55888,0.55945,0.55855,0.55932,4006.57
2025.01.17 08:00:00,0.55931,0.56016,0.55931,0.55984,4618.95
2025.01.17 09:00:00,0.55986,0.56034,0.5594,0.55972,2846.55
2025.01.17 10:00:00,0.55974,0.56005,0.5596,0.55975,2700.75
2025.01.17 11:00:00,0.55976,0.56013,0.55949,0.55964,3453
2025.01.17 12:00:00,0.55963,0.5597,0.55839,0.55853,7440.97
2025.01.17 13:00:00,0.55854,0.55876,0.55718,0.55749,6814.87
2025.01.17 14:00:00,0.55749,0.55944,0.55627,0.55933,17948.67
2025.01.17 15:00:00,0.5593,0.56145,0.55911,0.56031,12801.69
2025.01.17 16:00:00,0.56031,0.56043,0.55917,0.55943,5295.72
2025.01.17 17:00:00,0.55943,0.55965,0.55893,0.5591,4492.47
2025.01.17 18:00:00,0.55909,0.55947,0.55871,0.55891,2280.14
2025.01.17 19:00:00,0.55891,0.5592,0.5583,0.55849,1879.79
2025.01.17 20:00:00,0.55851,0.55888,0.55822,0.55869,2550.06
2025.01.17 21:00:00,0.55868,0.55868,0.55769,0.55769,3937.5
2025.01.19 22:00:00,0.55918,0.55929,0.55847,0.559,525.23
2025.01.19 23:00:00,0.55902,0.55903,0.55788,0.55885,2224.31
2025.01.20 00:00:00,0.55886,0.55964,0.55878,0.55953,2981.25
2025.01.20 01:00:00,0.55951,0.56025,0.55918,0.56013,2855.1
2025.01.20 02:00:00,0.56013,0.5606,0.55982,0.56058,2446.35
2025.01.20 03:00:00,0.56059,0.5613,0.56016,0.56129,2252.09
2025.01.20 04:00:00,0.5613,0.56136,0.56085,0.56101,1353.37
2025.01.20 05:00:00,0.561,0.56125,0.56054,0.56055,2233.35
2025.01.20 06:00:00,0.56054,0.56123,0.56005,0.56082,3082.71
2025.01.20 07:00:00,0.56081,0.56214,0.5605,0.56212,4427.18
2025.01.20 08:00:00,0.56214,0.5622,0.56082,0.5609,7008.67
2025.01.20 09:00:00,0.56091,0.56096,0.5597,0.56001,4124.39
2025.01.20 10:00:00,0.56002,0.5604,0.55986,0.55998,2287.01
2025.01.20 11:00:00,0.55999,0.56054,0.55991,0.56046,2227.63
2025.01.20 12:00:00,0.56048,0.56084,0.56004,0.56065,2445.1
2025.01.20 13:00:00,0.56065,0.56596,0.56019,0.56588,18448.36
2025.01.20 14:00:00,0.56589,0.56795,0.56492,0.56709,31908.94
2025.01.20 15:00:00,0.56708,0.56775,0.56489,0.56544,17588.78
2025.01.20 16:00:00,0.56543,0.56618,0.56514,0.56556,4193.73
2025.01.20 17:00:00,0.56555,0.56627,0.56335,0.56544,7226.14
2025.01.20 18:00:00,0.56544,0.56622,0.56512,0.56621,1595.9
2025.01.20 19:00:00,0.56621,0.56777,0.56596,0.56752,1275.21
2025.01.20 20:00:00,0.56751,0.56837,0.56719,0.56738,3013.27
2025.01.20 21:00:00,0.56737,0.56751,0.56697,0.56703,3156.48
2025.01.20 22:00:00,0.567,0.56721,0.56677,0.56702,517.33
2025.01.20 23:00:00,0.56702,0.5683,0.567,0.56804,3248.57
2025.01.21 00:00:00,0.56806,0.56887,0.56224,0.56322,10705.19
2025.01.21 01:00:00,0.56319,0.56567,0.5621,0.56388,12450.4
2025.01.21 02:00:00,0.56389,0.56559,0.56389,0.56529,7412.46
2025.01.21 03:00:00,0.56527,0.56674,0.56527,0.56547,5667.1
2025.01.21 04:00:00,0.56548,0.56608,0.56512,0.5654,2273.56
2025.01.21 05:00:00,0.56541,0.56564,0.56394,0.56401,2939.98
2025.01.21 06:00:00,0.56401,0.56447,0.56347,0.56362,3743.79
2025.01.21 07:00:00,0.56363,0.56463,0.56331,0.56395,4165.95
2025.01.21 08:00:00,0.56392,0.56401,0.56296,0.5637,4460.4
2025.01.21 09:00:00,0.5637,0.56388,0.56247,0.56312,6232.55
2025.01.21 10:00:00,0.5631,0.56328,0.56245,0.56249,4489.92
2025.01.21 11:00:00,0.56248,0.56258,0.56162,0.56224,4544.24
2025.01.21 12:00:00,0.56225,0.5629,0.56204,0.5626,4384.5
2025.01.21 13:00:00,0.56261,0.56404,0.56236,0.56384,6665.09
2025.01.21 14:00:00,0.56385,0.56508,0.56356,0.56438,10202.17
2025.01.21 15:00:00,0.56435,0.56599,0.56401,0.56557,10147.05
2025.01.21 16:00:00,0.56556,0.56658,0.56537,0.56652,7579.71
2025.01.21 17:00:00,0.56655,0.567,0.56636,0.56643,3536.99
2025.01.21 18:00:00,0.56643,0.56734,0.56628,0.56691,2742.66
2025.01.21 19:00:00,0.5669,0.56706,0.56628,0.5666,2222.32
2025.01.21 20:00:00,0.5666,0.56709,0.56645,0.56707,2128.14
2025.01.21 21:00:00,0.56708,0.568,0.56703,0.56753,2254.89
2025.01.21 22:00:00,0.56747,0.5677,0.5661,0.56718,7739.23
2025.01.21 23:00:00,0.56721,0.56752,0.56557,0.56598,6587.85
2025.01.22 00:00:00,0.56599,0.56683,0.56599,0.56655,3470.12
2025.01.22 01:00:00,0.56653,0.56653,0.56534,0.56541,3158.02
2025.01.22 02:00:00,0.56541,0.56563,0.56497,0.56544,4109.02
2025.01.22 03:00:00,0.56546,0.56588,0.5654,0.56556,2041.5
2025.01.22 04:00:00,0.56557,0.56631,0.56544,0.56599,1661.99
2025.01.22 05:00:00,0.56598,0.5662,0.56543,0.56607,1943.54
2025.01.22 06:00:00,0.56605,0.56618,0.56486,0.5651,2954.35
2025.01.22 07:00:00,0.56511,0.56581,0.56497,0.56543,4471.32
2025.01.22 08:00:00,0.56545,0.56692,0.56539,0.56692,5218.87
2025.01.22 09:00:00,0.56692,0.568,0.56674,0.56798,5395.35
2025.01.22 10:00:00,0.56798,0.56863,0.5678,0.56807,5319.23
2025.01.22 11:00:00,0.56806,0.56875,0.56734,0.56752,3356.01
2025.01.22 12:00:00,0.56753,0.56768,0.5668,0.56759,3908.92
2025.01.22 13:00:00,0.5676,0.56821,0.56678,0.56737,6274.64
2025.01.22 14:00:00,0.56736,0.56763,0.56646,0.56681,9492.97
2025.01.22 15:00:00,0.5668,0.56694,0.56623,0.56647,7825.42
2025.01.22 16:00:00,0.56646,0.56675,0.5659,0.56667,6509.07
2025.01.22 17:00:00,0.56667,0.56686,0.56644,0.56668,3747.89
2025.01.22 18:00:00,0.56669,0.56716,0.56642,0.56678,3244.2
2025.01.22 19:00:00,0.56677,0.56718,0.56672,0.56689,2244.45
2025.01.22 20:00:00,0.56689,0.56706,0.56638,0.5665,1850.96
2025.01.22 21:00:00,0.5665,0.56659,0.56616,0.5663,2240.97
2025.01.22 22:00:00,0.56619,0.56637,0.56593,0.56606,947.98
2025.01.22 23:00:00,0.56606,0.56635,0.56585,0.56618,1389.21
2025.01.23 00:00:00,0.5662,0.5666,0.56611,0.5664,1563.2
2025.01.23 01:00:00,0.5664,0.56716,0.56634,0.56647,3257.85
2025.01.23 02:00:00,0.56647,0.56712,0.56617,0.56674,2358.75
2025.01.23 03:00:00,0.56673,0.56686,0.56621,0.56641,2587.1
2025.01.23 04:00:00,0.56641,0.567,0.5664,0.56682,1448.1
2025.01.23 05:00:00,0.56683,0.56694,0.56643,0.56643,2046.6
2025.01.23 06:00:00,0.56643,0.56688,0.56618,0.56618,2048.1
2025.01.23 07:00:00,0.56618,0.56639,0.56574,0.56611,3583.95
2025.01.23 08:00:00,0.56612,0.56615,0.56491,0.56497,4721.17
2025.01.23 09:00:00,0.56499,0.56581,0.56497,0.56574,3840.3
2025.01.23 10:00:00,0.56576,0.56622,0.56567,0.56583,3513.75
2025.01.23 11:00:00,0.56582,0.56623,0.56553,0.56562,2799.89
2025.01.23 12:00:00,0.56562,0.56614,0.56511,0.56602,3545.1
2025.01.23 13:00:00,0.56604,0.56657,0.5656,0.56636,6112.91
2025.01.23 14:00:00,0.56636,0.56707,0.56631,0.56672,6137.77
2025.01.23 15:00:00,0.56677,0.5668,0.56563,0.5661,7679.77
2025.01.23 16:00:00,0.56609,0.56838,0.56461,0.56754,15295.42
2025.01.23 17:00:00,0.56753,0.56854,0.56723,0.56831,5553.41
2025.01.23 18:00:00,0.56828,0.56839,0.56744,0.56757,4145.44
2025.01.23 19:00:00,0.56755,0.56787,0.56732,0.56766,2801.39
2025.01.23 20:00:00,0.56762,0.56803,0.56729,0.56739,2970.92
2025.01.23 21:00:00,0.56736,0.56755,0.56711,0.56732,1251.3
2025.01.23 22:00:00,0.56699,0.56773,0.56696,0.56752,1620.16
2025.01.23 23:00:00,0.56752,0.56755,0.56729,0.56744,1152.27
2025.01.24 00:00:00,0.56743,0.56764,0.5671,0.56728,1865.21
2025.01.24 01:00:00,0.56729,0.56778,0.56709,0.56763,2575.66
2025.01.24 02:00:00,0.56765,0.57076,0.56761,0.5707,7436.83
2025.01.24 03:00:00,0.5707,0.57079,0.56951,0.57055,6533.99
2025.01.24 04:00:00,0.57053,0.57101,0.56995,0.57024,4937.4
2025.01.24 05:00:00,0.57024,0.57101,0.57014,0.57098,3385.8
2025.01.24 06:00:00,0.57098,0.57189,0.57078,0.57132,5367.66
2025.01.24 07:00:00,0.57131,0.57153,0.57044,0.57075,6882.94
2025.01.24 08:00:00,0.57075,0.57184,0.57051,0.57125,7517.39
2025.01.24 09:00:00,0.57125,0.57213,0.57099,0.57125,6274.2
2025.01.24 10:00:00,0.57126,0.57134,0.57063,0.5711,4686.2
2025.01.24 11:00:00,0.57108,0.57132,0.57072,0.57076,3653.34
2025.01.24 12:00:00,0.57075,0.57096,0.57005,0.57035,4260.15
2025.01.24 13:00:00,0.57036,0.57062,0.56988,0.57006,6567
2025.01.24 14:00:00,0.57005,0.57149,0.5698,0.57061,7144
2025.01.24 15:00:00,0.57062,0.57222,0.57038,0.57186,9807.01
2025.01.24 16:00:00,0.57185,0.57203,0.5714,0.57177,7728.02
2025.01.24 17:00:00,0.57176,0.5723,0.57158,0.57159,4028.49
2025.01.24 18:00:00,0.57158,0.57171,0.57105,0.57109,2575.52
2025.01.24 19:00:00,0.57111,0.5713,0.57099,0.57124,1773.36
2025.01.24 20:00:00,0.57124,0.57143,0.57094,0.57115,3321.22
2025.01.24 21:00:00,0.57113,0.57132,0.57003,0.5701,4808.25
2025.01.26 22:00:00,0.56943,0.5701,0.56942,0.56962,1113.05
2025.01.26 23:00:00,0.56973,0.57002,0.56905,0.56935,2936.18
2025.01.27 00:00:00,0.56934,0.56969,0.569,0.56916,2083.65
2025.01.27 01:00:00,0.56914,0.56964,0.56788,0.56795,4852.71
2025.01.27 02:00:00,0.56795,0.56841,0.56777,0.56829,3847.35
2025.01.27 03:00:00,0.56829,0.56935,0.56818,0.5689,3741.07
2025.01.27 04:00:00,0.56891,0.56902,0.56822,0.56856,1762.12
2025.01.27 05:00:00,0.56854,0.56891,0.56825,0.56878,3098.61
2025.01.27 06:00:00,0.56878,0.56897,0.56807,0.5684,3184.9
2025.01.27 07:00:00,0.56837,0.56868,0.56764,0.56769,5594.23
2025.01.27 08:00:00,0.56769,0.56909,0.56761,0.56905,5718.66
2025.01.27 09:00:00,0.56906,0.56947,0.56864,0.56908,17247.81
2025.01.27 10:00:00,0.56909,0.57007,0.56906,0.56967,7207.57
2025.01.27 11:00:00,0.56967,0.5703,0.5695,0.56982,6081.67
2025.01.27 12:00:00,0.56983,0.57048,0.56969,0.5701,6119.92
2025.01.27 13:00:00,0.57008,0.57039,0.569,0.5693,7739.42
2025.01.27 14:00:00,0.5693,0.56956,0.56854,0.56874,7933.15
2025.01.27 15:00:00,0.56872,0.56874,0.56766,0.56842,8835.92
2025.01.27 16:00:00,0.56841,0.56867,0.56804,0.56808,6315.15
2025.01.27 17:00:00,0.56808,0.56835,0.56774,0.56806,4179.31
2025.01.27 18:00:00,0.56807,0.56845,0.56785,0.56822,3516.96
2025.01.27 19:00:00,0.56822,0.56892,0.56807,0.56887,3641.21
2025.01.27 20:00:00,0.56886,0.56919,0.56868,0.56907,3262.92
2025.01.27 21:00:00,0.56907,0.56952,0.56902,0.56914,2792.1
2025.01.27 22:00:00,0.56905,0.56906,0.5685,0.56895,1628.36
2025.01.27 23:00:00,0.56896,0.56904,0.56589,0.5664,12161.54
2025.01.28 00:00:00,0.56641,0.56709,0.56603,0.56653,4820.44
2025.01.28 01:00:00,0.56654,0.56722,0.56538,0.56581,4772.17
2025.01.28 02:00:00,0.56579,0.56667,0.56539,0.56644,4838.24
2025.01.28 03:00:00,0.56643,0.56663,0.56583,0.56583,3661.02
2025.01.28 04:00:00,0.56584,0.56589,0.56521,0.56581,2995.2
2025.01.28 05:00:00,0.56582,0.56613,0.56572,0.56593,1609.48
2025.01.28 06:00:00,0.56592,0.56648,0.56578,0.56585,1863.44
2025.01.28 07:00:00,0.56585,0.56643,0.56562,0.56591,5042.4
2025.01.28 08:00:00,0.56589,0.56614,0.56537,0.56597,7251.83
2025.01.28 09:00:00,0.56599,0.56653,0.56572,0.56601,8930.92
2025.01.28 10:00:00,0.56603,0.56637,0.56541,0.56546,4728.45
2025.01.28 11:00:00,0.56543,0.56581,0.56535,0.56539,2166.3
2025.01.28 12:00:00,0.5654,0.56551,0.56497,0.56509,3001.89
2025.01.28 13:00:00,0.56507,0.56549,0.56478,0.56493,3812.4
2025.01.28 14:00:00,0.56493,0.56611,0.56493,0.56546,7406.1
2025.01.28 15:00:00,0.56549,0.56653,0.56544,0.56575,6123.15
2025.01.28 16:00:00,0.56574,0.56634,0.56569,0.56603,5254.12
2025.01.28 17:00:00,0.56603,0.56653,0.56595,0.56628,2895.15
2025.01.28 18:00:00,0.56627,0.56702,0.56616,0.56636,2575.8
2025.01.28 19:00:00,0.56636,0.5669,0.56604,0.56681,2060.32
2025.01.28 20:00:00,0.56681,0.56692,0.56659,0.56681,1567.42
2025.01.28 21:00:00,0.56681,0.56681,0.5665,0.56655,1526.47
2025.01.28 22:00:00,0.5665,0.5667,0.56624,0.56634,1021.95
2025.01.28 23:00:00,0.56635,0.56666,0.56624,0.56632,1036.14
2025.01.29 00:00:00,0.56631,0.56671,0.56536,0.56599,3461.8
2025.01.29 01:00:00,0.56599,0.56621,0.56548,0.56569,2059.5
2025.01.29 02:00:00,0.56569,0.56625,0.56562,0.56582,2538.27
2025.01.29 03:00:00,0.56583,0.56608,0.56548,0.56576,2046
2025.01.29 04:00:00,0.56574,0.56627,0.56574,0.56611,1336.2
2025.01.29 05:00:00,0.56609,0.56669,0.56603,0.56649,1484.77
2025.01.29 06:00:00,0.56651,0.56679,0.5664,0.56653,5188.72
2025.01.29 07:00:00,0.56654,0.56663,0.56552,0.5657,3568.27
2025.01.29 08:00:00,0.56572,0.56613,0.56554,0.56575,3072.84
2025.01.29 09:00:00,0.56575,0.56581,0.5645,0.56462,2960.55
2025.01.29 10:00:00,0.56462,0.56494,0.56428,0.56473,2484.45
2025.01.29 11:00:00,0.56474,0.56492,0.56434,0.56468,2199.6
2025.01.29 12:00:00,0.56468,0.56478,0.56399,0.56457,3642.67
2025.01.29 13:00:00,0.56456,0.56472,0.56337,0.56364,5160.15
2025.01.29 14:00:00,0.56367,0.56437,0.56363,0.56433,7122.22
2025.01.29 15:00:00,0.56435,0.56549,0.5641,0.56525,6402.45
2025.01.29 16:00:00,0.56526,0.56567,0.5649,0.56508,8469.88
2025.01.29 17:00:00,0.56507,0.56596,0.56504,0.56539,6298.5
2025.01.29 18:00:00,0.56537,0.56561,0.56509,0.56528,2512.05
2025.01.29 19:00:00,0.56518,0.56596,0.56352,0.56542,13321.6
2025.01.29 20:00:00,0.56539,0.56606,0.56467,0.56524,6199.2
2025.01.29 21:00:00,0.56524,0.56583,0.56503,0.56572,2336.02
2025.01.29 22:00:00,0.56569,0.56607,0.56485,0.56599,2054.78
2025.01.29 23:00:00,0.56599,0.56661,0.56572,0.56647,1916.39
2025.01.30 00:00:00,0.56647,0.56672,0.56615,0.56623,1304.62
2025.01.30 01:00:00,0.56621,0.56624,0.56575,0.56601,1665.3
2025.01.30 02:00:00,0.566,0.5664,0.56572,0.56585,1877.08
2025.01.30 03:00:00,0.56586,0.56607,0.56541,0.56544,1971.9
2025.01.30 04:00:00,0.56545,0.56554,0.56466,0.5648,1183.05
2025.01.30 05:00:00,0.5648,0.56486,0.56447,0.56455,2410.65
2025.01.30 06:00:00,0.56456,0.56464,0.56407,0.56431,1702.12
2025.01.30 07:00:00,0.56434,0.56443,0.5638,0.56438,2430.33
2025.01.30 08:00:00,0.56441,0.56504,0.56424,0.56504,3792.38
2025.01.30 09:00:00,0.56506,0.56528,0.56458,0.56496,9031.05
2025.01.30 10:00:00,0.56497,0.56506,0.56447,0.56462,14893.36
2025.01.30 11:00:00,0.56461,0.56489,0.56445,0.56473,3952.95
2025.01.30 12:00:00,0.56474,0.56522,0.56431,0.56502,4972.72
2025.01.30 13:00:00,0.56502,0.56592,0.56445,0.5657,10534.53
2025.01.30 14:00:00,0.5657,0.56601,0.56499,0.56521,10464.9
2025.01.30 15:00:00,0.56521,0.56577,0.56511,0.56527,7162.3
2025.01.30 16:00:00,0.56526,0.56561,0.56506,0.5651,4609.05
2025.01.30 17:00:00,0.56511,0.56513,0.56457,0.56505,3090.22
2025.01.30 18:00:00,0.56506,0.56555,0.56497,0.56548,1829.55
2025.01.30 19:00:00,0.56547,0.56583,0.56536,0.5655,2517.22
2025.01.30 20:00:00,0.56549,0.56565,0.56217,0.5638,7790.38
2025.01.30 21:00:00,0.5638,0.56425,0.56306,0.56339,6663.48
2025.01.30 22:00:00,0.56336,0.56336,0.56235,0.56294,1406.85
2025.01.30 23:00:00,0.56295,0.56357,0.56264,0.56345,2068.67
2025.01.31 00:00:00,0.56345,0.56364,0.56252,0.56266,1885.35
2025.01.31 01:00:00,0.56263,0.56355,0.56232,0.56349,2244.37
2025.01.31 02:00:00,0.56351,0.56459,0.56322,0.5643,3112.59
2025.01.31 03:00:00,0.5643,0.5644,0.56379,0.56399,2741.97
2025.01.31 04:00:00,0.56399,0.56442,0.56378,0.56435,1845.75
2025.01.31 05:00:00,0.56434,0.56477,0.56411,0.56446,2809.95
2025.01.31 06:00:00,0.56447,0.56523,0.56431,0.56502,2194.17
2025.01.31 07:00:00,0.56502,0.56595,0.56496,0.56589,4271.4
2025.01.31 08:00:00,0.56588,0.56619,0.56484,0.56495,4433.91
2025.01.31 09:00:00,0.56496,0.56548,0.56466,0.56514,4476.75
2025.01.31 10:00:00,0.56513,0.56522,0.5644,0.56443,3255.15
2025.01.31 11:00:00,0.56441,0.56452,0.5639,0.56405,2253.3
2025.01.31 12:00:00,0.56404,0.56462,0.56404,0.56452,2205.75
2025.01.31 13:00:00,0.56453,0.56512,0.56429,0.56464,6418.89
2025.01.31 14:00:00,0.56465,0.5647,0.56349,0.56415,7057.05
2025.01.31 15:00:00,0.56415,0.56583,0.56383,0.56531,10788.41
2025.01.31 16:00:00,0.56532,0.56661,0.56491,0.56642,5115.63
2025.01.31 17:00:00,0.56643,0.56836,0.56551,0.56755,11201.92
2025.01.31 18:00:00,0.56756,0.56767,0.56356,0.56419,10746.72
2025.01.31 19:00:00,0.56416,0.56431,0.5633,0.56393,7323.46
2025.01.31 20:00:00,0.56391,0.56465,0.56351,0.56405,5824.59
2025.01.31 21:00:00,0.56404,0.56485,0.56301,0.56352,11044.14
2025.02.02 22:00:00,0.55816,0.55934,0.55743,0.55768,1524.6
2025.02.02 23:00:00,0.55781,0.55892,0.55665,0.55683,13048.82
2025.02.03 00:00:00,0.55682,0.558,0.55397,0.55459,13146.83
2025.02.03 01:00:00,0.55459,0.55584,0.55392,0.55404,9296.2
2025.02.03 02:00:00,0.55404,0.55405,0.55205,0.55265,9473.67
2025.02.03 03:00:00,0.55264,0.55267,0.55158,0.55249,4229.96
2025.02.03 04:00:00,0.55248,0.55469,0.55243,0.55386,6152.41
2025.02.03 05:00:00,0.55386,0.55462,0.55373,0.55409,4265.55
2025.02.03 06:00:00,0.55408,0.5555,0.55395,0.55537,4305.45
2025.02.03 07:00:00,0.55537,0.55586,0.55491,0.55514,6751.54
2025.02.03 08:00:00,0.55515,0.5567,0.555,0.55592,7708.81
2025.02.03 09:00:00,0.55592,0.55676,0.55571,0.55595,4618.38
2025.02.03 10:00:00,0.55595,0.55663,0.55581,0.55606,3334.5
2025.02.03 11:00:00,0.55603,0.55636,0.5553,0.55625,3609.52
2025.02.03 12:00:00,0.55625,0.55741,0.5562,0.55685,4798.5
2025.02.03 13:00:00,0.55686,0.55853,0.55685,0.55729,9671.54
2025.02.03 14:00:00,0.55732,0.55779,0.55624,0.55645,12025.12
2025.02.03 15:00:00,0.55646,0.56082,0.55546,0.56029,35124.69
2025.02.03 16:00:00,0.56028,0.56055,0.55832,0.55864,16302.81
2025.02.03 17:00:00,0.55864,0.56026,0.55744,0.55913,8908.3
2025.02.03 18:00:00,0.55913,0.55943,0.55843,0.55882,7967.41
2025.02.03 19:00:00,0.5588,0.55967,0.5588,0.55909,3123.52
2025.02.03 20:00:00,0.5591,0.5598,0.55906,0.55937,2676.82
2025.02.03 21:00:00,0.55935,0.56404,0.55923,0.5628,7721.73
2025.02.03 22:00:00,0.56274,0.56318,0.55962,0.56285,1402.55
2025.02.03 23:00:00,0.56284,0.56405,0.5625,0.56268,4174.41
2025.02.04 00:00:00,0.56268,0.56315,0.56168,0.56182,3329.37
2025.02.04 01:00:00,0.56182,0.56193,0.56085,0.56171,5142.15
2025.02.04 02:00:00,0.56174,0.56195,0.5613,0.56161,2672.37
2025.02.04 03:00:00,0.56159,0.56173,0.5604,0.56047,2561.92
2025.02.04 04:00:00,0.56049,0.56052,0.55971,0.55975,1636.41
2025.02.04 05:00:00,0.55973,0.55973,0.55814,0.55902,8583.87
2025.02.04 06:00:00,0.55904,0.56021,0.55896,0.56017,2781
2025.02.04 07:00:00,0.56015,0.56104,0.55992,0.56063,4870.63
2025.02.04 08:00:00,0.56065,0.56094,0.56003,0.56047,7181.55
2025.02.04 09:00:00,0.56046,0.56106,0.56045,0.56068,3845.85
2025.02.04 10:00:00,0.56069,0.56127,0.56052,0.56122,3157.42
2025.02.04 11:00:00,0.56121,0.5613,0.56052,0.56054,2672.71
2025.02.04 12:00:00,0.56053,0.56085,0.56026,0.56079,3342.9
2025.02.04 13:00:00,0.56079,0.56149,0.56054,0.56149,4914.22
2025.02.04 14:00:00,0.5615,0.56305,0.5615,0.56283,6596.4
2025.02.04 15:00:00,0.56284,0.56482,0.56278,0.56415,12440.38
2025.02.04 16:00:00,0.56414,0.56509,0.56414,0.56474,5430.9
2025.02.04 17:00:00,0.56472,0.56488,0.56387,0.56449,4817.31
2025.02.04 18:00:00,0.56448,0.56524,0.56441,0.56509,2429.25
2025.02.04 19:00:00,0.56508,0.56544,0.56486,0.5653,2947.13
2025.02.04 20:00:00,0.5653,0.56538,0.5649,0.56512,2729.41
2025.02.04 21:00:00,0.56513,0.56532,0.56469,0.56497,2402.25
2025.02.04 22:00:00,0.56495,0.56497,0.56448,0.5649,1116.21
2025.02.04 23:00:00,0.56488,0.56511,0.56461,0.56461,1196.15
2025.02.05 00:00:00,0.56462,0.56571,0.56462,0.56543,1671.96
2025.02.05 01:00:00,0.56543,0.56615,0.56467,0.56474,3922.87
2025.02.05 02:00:00,0.56474,0.5658,0.56454,0.56558,4411.26
2025.02.05 03:00:00,0.56559,0.56617,0.56536,0.56579,2023.05
2025.02.05 04:00:00,0.56579,0.56592,0.56534,0.56555,1604.62
2025.02.05 05:00:00,0.56553,0.56587,0.5653,0.56556,2123.25
2025.02.05 06:00:00,0.56555,0.5669,0.56538,0.566,2830.14
2025.02.05 07:00:00,0.566,0.56744,0.56571,0.56704,4236.14
2025.02.05 08:00:00,0.56701,0.5683,0.56692,0.56815,6821.01
2025.02.05 09:00:00,0.56815,0.56867,0.56812,0.56817,5543.8
2025.02.05 10:00:00,0.56817,0.56921,0.56811,0.56895,4298.85
2025.02.05 11:00:00,0.56897,0.56905,0.56837,0.56859,3164.64
2025.02.05 12:00:00,0.56859,0.56873,0.5683,0.56856,3446.7
2025.02.05 13:00:00,0.56855,0.56889,0.56774,0.5679,9188.63
2025.02.05 14:00:00,0.56791,0.56866,0.56761,0.56821,6618.09
2025.02.05 15:00:00,0.56872,0.5702,0.56839,0.5696,12222.15
2025.02.05 16:00:00,0.56959,0.56991,0.56909,0.56953,6386.57
2025.02.05 17:00:00,0.56954,0.56976,0.56883,0.56924,3020.69
2025.02.05 18:00:00,0.56921,0.56938,0.56896,0.56902,3162.57
2025.02.05 19:00:00,0.56902,0.56907,0.5685,0.56858,2475.61
2025.02.05 20:00:00,0.56859,0.5689,0.56835,0.5688,1450.87
2025.02.05 21:00:00,0.5688,0.56885,0.56854,0.5687,1261.94
2025.02.05 22:00:00,0.56868,0.56868,0.56584,0.56849,1468.43
2025.02.05 23:00:00,0.56851,0.56897,0.5684,0.56871,1088.77
2025.02.06 00:00:00,0.56873,0.56907,0.56829,0.5685,2047.33
2025.02.06 01:00:00,0.5685,0.56895,0.56842,0.56868,3757.17
2025.02.06 02:00:00,0.5687,0.56874,0.56744,0.56754,2261.55
2025.02.06 03:00:00,0.56755,0.56765,0.56685,0.56712,2648.55
2025.02.06 04:00:00,0.56713,0.56733,0.56655,0.56658,1001.7
2025.02.06 05:00:00,0.56661,0.56689,0.56641,0.56645,1195.8
2025.02.06 06:00:00,0.56646,0.5667,0.56636,0.56651,1881.6
2025.02.06 07:00:00,0.56651,0.56661,0.56565,0.56581,3029.85
2025.02.06 08:00:00,0.5658,0.56607,0.56517,0.56558,3067.87
2025.02.06 09:00:00,0.56557,0.56586,0.56513,0.5656,3037.2
2025.02.06 10:00:00,0.56561,0.56616,0.5656,0.56593,2932.5
2025.02.06 11:00:00,0.5659,0.56634,0.56571,0.56595,2372.02
2025.02.06 12:00:00,0.56593,0.56625,0.56565,0.56592,6674.46
2025.02.06 13:00:00,0.56593,0.56618,0.56525,0.56567,5200.8
2025.02.06 14:00:00,0.56569,0.56641,0.56547,0.56551,4911
2025.02.06 15:00:00,0.56551,0.56712,0.56542,0.56695,6840.75
2025.02.06 16:00:00,0.56696,0.56751,0.56669,0.56669,4246.32
2025.02.06 17:00:00,0.56669,0.56751,0.56658,0.56746,2384.62
2025.02.06 18:00:00,0.56748,0.56789,0.5671,0.56756,3119.77
2025.02.06 19:00:00,0.56756,0.56763,0.56704,0.56713,1663.95
2025.02.06 20:00:00,0.56712,0.56764,0.5671,0.56761,1079.4
2025.02.06 21:00:00,0.56759,0.56771,0.56735,0.56735,1296.9
2025.02.06 22:00:00,0.5673,0.56756,0.56686,0.56724,901.89
2025.02.06 23:00:00,0.56728,0.56763,0.56709,0.56734,1059.9
2025.02.07 00:00:00,0.56733,0.56778,0.56725,0.56761,1306.2
2025.02.07 01:00:00,0.56761,0.56852,0.56755,0.5684,2185.8
2025.02.07 02:00:00,0.56841,0.56896,0.56836,0.5687,2248.05
2025.02.07 03:00:00,0.5687,0.56872,0.56793,0.56812,2460.45
2025.02.07 04:00:00,0.56813,0.56816,0.5675,0.5677,948.3
2025.02.07 05:00:00,0.56772,0.5678,0.56728,0.56748,1493.1
2025.02.07 06:00:00,0.56748,0.5675,0.56718,0.56741,1862.17
2025.02.07 07:00:00,0.56741,0.56812,0.56736,0.56785,2628.82
2025.02.07 08:00:00,0.56783,0.56894,0.56771,0.56883,2328.6
2025.02.07 09:00:00,0.56884,0.5689,0.56852,0.56858,1913.85
2025.02.07 10:00:00,0.56862,0.56864,0.56771,0.56774,2589.45
2025.02.07 11:00:00,0.56773,0.56775,0.56731,0.56748,2044.65
2025.02.07 12:00:00,0.56746,0.56752,0.56711,0.56737,2288.85
2025.02.07 13:00:00,0.56737,0.56945,0.56542,0.56666,12064.62
2025.02.07 14:00:00,0.56665,0.56824,0.56636,0.56778,7790.94
2025.02.07 15:00:00,0.56778,0.56788,0.56447,0.56599,12462.45
2025.02.07 16:00:00,0.566,0.56631,0.56459,0.56491,13912.77
2025.02.07 17:00:00,0.56492,0.56628,0.56401,0.56521,12103.99
2025.02.07 18:00:00,0.5652,0.56619,0.56517,0.56542,2984.77
2025.02.07 19:00:00,0.5654,0.56608,0.56537,0.56581,2465.24
2025.02.07 20:00:00,0.5658,0.56606,0.56538,0.56577,1960.05
2025.02.07 21:00:00,0.56577,0.56594,0.56533,0.56586,4024.5
2025.02.09 22:00:00,0.56332,0.56465,0.56332,0.56399,2038.2
2025.02.09 23:00:00,0.56399,0.56509,0.56397,0.56445,4051.99
2025.02.10 00:00:00,0.56444,0.5652,0.56443,0.56495,3316.9
2025.02.10 01:00:00,0.56498,0.56518,0.56382,0.56402,3257.85
2025.02.10 02:00:00,0.56402,0.56443,0.56388,0.56421,2639.62
2025.02.10 03:00:00,0.56422,0.56524,0.56418,0.56519,2372.94
2025.02.10 04:00:00,0.56517,0.56562,0.56517,0.56553,1572.3
2025.02.10 05:00:00,0.56557,0.56613,0.56546,0.5657,1812.22
2025.02.10 06:00:00,0.5657,0.56627,0.56556,0.56617,1627.12
2025.02.10 07:00:00,0.56619,0.56634,0.56534,0.56552,3247.35
2025.02.10 08:00:00,0.56551,0.56555,0.56485,0.5652,3864.3
2025.02.10 09:00:00,0.56518,0.56623,0.56516,0.56574,3068.25
2025.02.10 10:00:00,0.56573,0.56603,0.56549,0.56576,2313.45
2025.02.10 11:00:00,0.56575,0.56612,0.56521,0.56523,2779.5
2025.02.10 12:00:00,0.56523,0.56533,0.56472,0.5649,2494.65
2025.02.10 13:00:00,0.56491,0.56592,0.56486,0.56569,2833.5
2025.02.10 14:00:00,0.56569,0.5658,0.5651,0.56543,5285.39
2025.02.10 15:00:00,0.56545,0.56587,0.56543,0.5656,4809.15
2025.02.10 16:00:00,0.56559,0.56572,0.56456,0.56497,5031.75
2025.02.10 17:00:00,0.56496,0.56511,0.56426,0.56473,3000.6
2025.02.10 18:00:00,0.56471,0.56471,0.5641,0.56415,2662.65
2025.02.10 19:00:00,0.56415,0.56445,0.56403,0.56419,1632.6
2025.02.10 20:00:00,0.56421,0.5643,0.56404,0.56423,2685.82
2025.02.10 21:00:00,0.56422,0.56431,0.56396,0.56402,2246.61
2025.02.10 22:00:00,0.56387,0.56458,0.56367,0.56402,2275.78
2025.02.10 23:00:00,0.564,0.56412,0.56282,0.56335,2301.23
2025.02.11 00:00:00,0.56336,0.56362,0.56291,0.56358,1119.15
2025.02.11 01:00:00,0.56359,0.56391,0.56346,0.56369,1310.32
2025.02.11 02:00:00,0.56369,0.56387,0.56302,0.56309,1904.1
2025.02.11 03:00:00,0.56308,0.56387,0.56298,0.56387,1426.5
2025.02.11 04:00:00,0.56385,0.56434,0.56378,0.56428,920.4
2025.02.11 05:00:00,0.56429,0.56462,0.56425,0.56449,1159.95
2025.02.11 06:00:00,0.56446,0.56503,0.56443,0.5647,1666.2
2025.02.11 07:00:00,0.56471,0.56512,0.56437,0.56477,3064.05
2025.02.11 08:00:00,0.56477,0.56542,0.56476,0.565,4387.2
2025.02.11 09:00:00,0.56501,0.56519,0.5645,0.56461,3171.07
2025.02.11 10:00:00,0.56461,0.56494,0.56399,0.56406,1894.35
2025.02.11 11:00:00,0.56405,0.56437,0.56405,0.56431,1703.17
2025.02.11 12:00:00,0.56431,0.56498,0.5641,0.56469,2401.73
2025.02.11 13:00:00,0.5647,0.56477,0.56419,0.56458,4047.52
2025.02.11 14:00:00,0.56459,0.56542,0.56455,0.56507,4706.65
2025.02.11 15:00:00,0.56507,0.56528,0.56462,0.56498,5817.72
2025.02.11 16:00:00,0.56497,0.56584,0.56496,0.56546,3760.12
2025.02.11 17:00:00,0.56544,0.56557,0.56519,0.56519,2161.8
2025.02.11 18:00:00,0.56521,0.56547,0.56473,0.56475,2130.65
2025.02.11 19:00:00,0.56475,0.56607,0.5646,0.56513,2595.3
2025.02.11 20:00:00,0.56513,0.56589,0.56513,0.56569,2113.95
2025.02.11 21:00:00,0.56569,0.56571,0.56521,0.56531,963.95
2025.02.11 22:00:00,0.56528,0.56549,0.56504,0.56528,1272
2025.02.11 23:00:00,0.56527,0.56588,0.56521,0.56574,730.17
2025.02.12 00:00:00,0.56574,0.56588,0.56527,0.56579,1218.41
2025.02.12 01:00:00,0.56579,0.56645,0.56533,0.56645,2739.75
2025.02.12 02:00:00,0.56645,0.56714,0.56642,0.56682,1946.02
2025.02.12 03:00:00,0.56682,0.56693,0.5659,0.56629,2287.12
2025.02.12 04:00:00,0.56627,0.56645,0.56527,0.56532,1701.67
2025.02.12 05:00:00,0.56532,0.5655,0.56514,0.5654,1713.45
2025.02.12 06:00:00,0.5654,0.56551,0.56485,0.56489,1804.05
2025.02.12 07:00:00,0.56488,0.56536,0.56479,0.56513,2773.65
2025.02.12 08:00:00,0.56515,0.56541,0.56421,0.56428,4204.11
2025.02.12 09:00:00,0.56427,0.56454,0.56389,0.56404,2604.82
2025.02.12 10:00:00,0.56404,0.56411,0.56344,0.56374,2436.24
2025.02.12 11:00:00,0.56373,0.56438,0.56369,0.56406,2638.65
2025.02.12 12:00:00,0.56406,0.5643,0.56383,0.56414,2456.62
2025.02.12 13:00:00,0.56412,0.56424,0.56033,0.56063,12221.36
2025.02.12 14:00:00,0.56064,0.56194,0.56001,0.56187,9267.14
2025.02.12 15:00:00,0.56188,0.56356,0.56137,0.56312,12867.15
2025.02.12 16:00:00,0.56311,0.5641,0.56201,0.56394,7135.29
2025.02.12 17:00:00,0.56395,0.56617,0.56391,0.56586,8033.92
2025.02.12 18:00:00,0.56581,0.56619,0.56432,0.5644,4831.11
2025.02.12 19:00:00,0.56439,0.56461,0.56417,0.56454,1864.35
2025.02.12 20:00:00,0.56456,0.56479,0.56437,0.56448,2454
2025.02.12 21:00:00,0.56448,0.56466,0.56388,0.56406,2663.68
2025.02.12 22:00:00,0.56405,0.56421,0.56298,0.56401,2451.9
2025.02.12 23:00:00,0.56403,0.5641,0.56383,0.56403,727.19
2025.02.13 00:00:00,0.56402,0.56461,0.56382,0.56392,993.67
2025.02.13 01:00:00,0.5639,0.56437,0.56356,0.56436,2799
2025.02.13 02:00:00,0.56438,0.56441,0.56385,0.56386,2006.92
2025.02.13 03:00:00,0.56385,0.56506,0.56377,0.56494,1624.05
2025.02.13 04:00:00,0.56495,0.56588,0.56493,0.56562,1849.95
2025.02.13 05:00:00,0.56561,0.56614,0.56559,0.56589,1826.85
2025.02.13 06:00:00,0.56587,0.56594,0.56527,0.5653,2737.79
2025.02.13 07:00:00,0.5653,0.56562,0.56466,0.56491,3271.72
2025.02.13 08:00:00,0.56492,0.56495,0.56356,0.56381,4405.35
2025.02.13 09:00:00,0.5638,0.56396,0.56332,0.56367,2875.05
2025.02.13 10:00:00,0.56367,0.5641,0.56351,0.56366,2415
2025.02.13 11:00:00,0.56367,0.56395,0.56292,0.56338,3902.79
2025.02.13 12:00:00,0.56337,0.56339,0.56264,0.56311,3744.45
2025.02.13 13:00:00,0.56311,0.56383,0.56241,0.56304,6563.26
2025.02.13 14:00:00,0.56306,0.56355,0.56224,0.56353,7680.9
2025.02.13 15:00:00,0.56355,0.56559,0.56353,0.56535,9887.51
2025.02.13 16:00:00,0.56536,0.56584,0.56481,0.565,4683.9
2025.02.13 17:00:00,0.565,0.56563,0.56486,0.565,2224.27
2025.02.13 18:00:00,0.56505,0.56534,0.56327,0.56479,8338.07
2025.02.13 19:00:00,0.56479,0.56675,0.56477,0.56614,4282.34
2025.02.13 20:00:00,0.56613,0.56791,0.56602,0.5676,2769.3
2025.02.13 21:00:00,0.56759,0.56775,0.56725,0.56756,1590.45
2025.02.13 22:00:00,0.56749,0.56784,0.56565,0.56782,2310.54
2025.02.13 23:00:00,0.5678,0.568,0.56754,0.56786,1631.01
2025.02.14 00:00:00,0.56785,0.56821,0.56752,0.568,1829.92
2025.02.14 01:00:00,0.56801,0.56877,0.56796,0.56851,2998.26
2025.02.14 02:00:00,0.56852,0.56936,0.5681,0.56915,2326.65
2025.02.14 03:00:00,0.56917,0.5693,0.56871,0.56902,1755.97
2025.02.14 04:00:00,0.56901,0.56914,0.56841,0.56861,1852.35
2025.02.14 05:00:00,0.56862,0.56881,0.56822,0.56843,2201.98
2025.02.14 06:00:00,0.56843,0.56899,0.56832,0.5687,2694.67
2025.02.14 07:00:00,0.56868,0.56948,0.56852,0.56911,4118.02
2025.02.14 08:00:00,0.56911,0.57039,0.56908,0.56987,6752.68
2025.02.14 09:00:00,0.56986,0.571,0.56979,0.57075,5790.69
2025.02.14 10:00:00,0.57074,0.57089,0.56995,0.57001,5220.01
2025.02.14 11:00:00,0.57002,0.5704,0.56984,0.57031,4040.4
2025.02.14 12:00:00,0.57033,0.57078,0.56986,0.57065,4083.75
2025.02.14 13:00:00,0.57064,0.57201,0.57056,0.57175,7847.72
2025.02.14 14:00:00,0.57173,0.573,0.57165,0.57289,7521.9
2025.02.14 15:00:00,0.57289,0.57313,0.57214,0.57271,8366.37
2025.02.14 16:00:00,0.57274,0.57344,0.57267,0.57326,4324.93
2025.02.14 17:00:00,0.57328,0.57372,0.57285,0.57353,2844.47
2025.02.14 18:00:00,0.57354,0.57359,0.57308,0.57326,1835.9
2025.02.14 19:00:00,0.57328,0.57378,0.5732,0.57371,2114.52
2025.02.14 20:00:00,0.57371,0.57377,0.57328,0.57339,1976.23
2025.02.14 21:00:00,0.57341,0.57377,0.57256,0.57261,2957.37
2025.02.16 22:00:00,0.57152,0.57249,0.57147,0.57204,1337.49
2025.02.16 23:00:00,0.57207,0.57325,0.57207,0.57322,4277
2025.02.17 00:00:00,0.57321,0.57363,0.57286,0.57346,1983.15
2025.02.17 01:00:00,0.57347,0.57498,0.57325,0.57446,2416.95
2025.02.17 02:00:00,0.57446,0.57446,0.57354,0.57384,3021.3
2025.02.17 03:00:00,0.57383,0.57399,0.57331,0.57364,2216.43
2025.02.17 04:00:00,0.5736,0.57408,0.5732,0.57391,1502.85
2025.02.17 05:00:00,0.57393,0.57429,0.57329,0.57353,2552.4
2025.02.17 06:00:00,0.57352,0.57416,0.57343,0.57378,2156.85
2025.02.17 07:00:00,0.57379,0.57402,0.57313,0.57334,2761.05
2025.02.17 08:00:00,0.57336,0.5735,0.57274,0.57304,2766.6
2025.02.17 09:00:00,0.57304,0.57358,0.57299,0.5734,2575.94
2025.02.17 10:00:00,0.57339,0.57344,0.57304,0.5734,2538.9
2025.02.17 11:00:00,0.57337,0.57373,0.57313,0.57373,1654.95
2025.02.17 12:00:00,0.57374,0.57375,0.5732,0.57331,1828.65
2025.02.17 13:00:00,0.57332,0.57364,0.57323,0.57347,1576.2
2025.02.17 14:00:00,0.57348,0.5737,0.57331,0.5736,1864.8
2025.02.17 15:00:00,0.57359,0.57392,0.57341,0.57352,1623.75
2025.02.17 16:00:00,0.5735,0.57388,0.57332,0.57357,1429.95
2025.02.17 17:00:00,0.57356,0.57392,0.57356,0.57383,912.3
2025.02.17 18:00:00,0.57385,0.57396,0.5737,0.57375,734.77
2025.02.17 19:00:00,0.57376,0.57376,0.57344,0.57346,735.07
2025.02.17 20:00:00,0.57346,0.5739,0.57346,0.57385,588.3
2025.02.17 21:00:00,0.57386,0.57388,0.57348,0.57348,778.87
2025.02.17 22:00:00,0.57355,0.5736,0.57311,0.57316,905.95
2025.02.17 23:00:00,0.57317,0.57337,0.57273,0.57304,770.81
2025.02.18 00:00:00,0.57305,0.57318,0.5722,0.57229,1625.02
2025.02.18 01:00:00,0.57229,0.57232,0.57088,0.5713,3459.3
2025.02.18 02:00:00,0.57131,0.57161,0.57113,0.57118,2714.82
2025.02.18 03:00:00,0.57119,0.57194,0.57064,0.57088,5927.09
2025.02.18 04:00:00,0.57087,0.57092,0.57029,0.57062,2666.68
2025.02.18 05:00:00,0.57062,0.57083,0.57027,0.57081,2456.47
2025.02.18 06:00:00,0.5708,0.5711,0.57035,0.57109,2693.7
2025.02.18 07:00:00,0.57108,0.5719,0.57077,0.57103,2973
2025.02.18 08:00:00,0.57103,0.57138,0.5706,0.57075,4110
2025.02.18 09:00:00,0.57075,0.57108,0.57063,0.57093,2508.75
2025.02.18 10:00:00,0.57095,0.57111,0.57045,0.57059,2003.7
2025.02.18 11:00:00,0.57061,0.57095,0.57043,0.57077,1632.6
2025.02.18 12:00:00,0.57078,0.57092,0.56992,0.57001,3057.82
2025.02.18 13:00:00,0.57,0.57014,0.56936,0.56976,4656.07
2025.02.18 14:00:00,0.56978,0.57028,0.56951,0.57002,4680.3
2025.02.18 15:00:00,0.57003,0.5706,0.56994,0.57015,4603.55
2025.02.18 16:00:00,0.57015,0.57059,0.5701,0.57042,3711.6
2025.02.18 17:00:00,0.5704,0.57042,0.56958,0.56989,2223.82
2025.02.18 18:00:00,0.56981,0.57011,0.56961,0.5699,1903.64
2025.02.18 19:00:00,0.56989,0.57033,0.56975,0.57011,1317.22
2025.02.18 20:00:00,0.57011,0.57025,0.56996,0.57023,1606.87
2025.02.18 21:00:00,0.57022,0.57056,0.57004,0.57004,2200.2
2025.02.18 22:00:00,0.56954,0.57062,0.56953,0.57034,2031.84
2025.02.18 23:00:00,0.57027,0.57074,0.57025,0.57033,1157.79
2025.02.19 00:00:00,0.57034,0.57081,0.56975,0.56979,2405.61
2025.02.19 01:00:00,0.56983,0.57107,0.56773,0.56937,6054.94
2025.02.19 02:00:00,0.56936,0.57231,0.5683,0.57196,6570.19
2025.02.19 03:00:00,0.57196,0.57232,0.57137,0.57183,2816.11
2025.02.19 04:00:00,0.57182,0.57193,0.5714,0.57191,1256.17
2025.02.19 05:00:00,0.5719,0.57241,0.57179,0.57237,1959.45
2025.02.19 06:00:00,0.57235,0.57292,0.57226,0.57258,2318.7
2025.02.19 07:00:00,0.57259,0.57314,0.57227,0.57263,3268.12
2025.02.19 08:00:00,0.57264,0.57303,0.57215,0.5725,2979.9
2025.02.19 09:00:00,0.57251,0.57292,0.57225,0.57241,2545.8
2025.02.19 10:00:00,0.5724,0.57242,0.57151,0.57162,3138.27
2025.02.19 11:00:00,0.57162,0.5719,0.57091,0.5712,3476.69
2025.02.19 12:00:00,0.57119,0.57143,0.5709,0.57132,2835.3
2025.02.19 13:00:00,0.57133,0.57172,0.57105,0.57138,4346.29
2025.02.19 14:00:00,0.57136,0.5715,0.5708,0.57113,4899.3
2025.02.19 15:00:00,0.57113,0.57245,0.57093,0.57096,6616.2
2025.02.19 16:00:00,0.57096,0.57097,0.56984,0.56988,4155.28
2025.02.19 17:00:00,0.5699,0.57028,0.5696,0.56993,2708.1
2025.02.19 18:00:00,0.56989,0.57021,0.56954,0.56994,1648.04
2025.02.19 19:00:00,0.56995,0.57087,0.56986,0.57034,2321.63
2025.02.19 20:00:00,0.5703,0.57043,0.57015,0.57027,1823.4
2025.02.19 21:00:00,0.57025,0.57064,0.57005,0.57032,1603.21
2025.02.19 22:00:00,0.57031,0.57077,0.57018,0.5703,1098.58
2025.02.19 23:00:00,0.5703,0.57056,0.56986,0.57002,1117.2
2025.02.20 00:00:00,0.57003,0.57083,0.56995,0.57071,2454.98
2025.02.20 01:00:00,0.57076,0.57139,0.56931,0.5696,3864.67
2025.02.20 02:00:00,0.5696,0.57096,0.56935,0.57091,4852.65
2025.02.20 03:00:00,0.57092,0.5716,0.57038,0.57137,2783.79
2025.02.20 04:00:00,0.57139,0.57181,0.57126,0.57176,1425.45
2025.02.20 05:00:00,0.57177,0.57213,0.57175,0.572,1652.02
2025.02.20 06:00:00,0.572,0.57267,0.57185,0.57194,2522.4
2025.02.20 07:00:00,0.57193,0.57231,0.57183,0.57201,2922.45
2025.02.20 08:00:00,0.57203,0.57303,0.57195,0.5729,3573.89
2025.02.20 09:00:00,0.5729,0.57306,0.57248,0.57283,3507
2025.02.20 10:00:00,0.57283,0.57313,0.57263,0.57296,2966.1
2025.02.20 11:00:00,0.57296,0.5732,0.57205,0.57229,2238.97
2025.02.20 12:00:00,0.57227,0.57291,0.57227,0.57243,4298.54
2025.02.20 13:00:00,0.57242,0.57388,0.57237,0.57321,6915.89
2025.02.20 14:00:00,0.57319,0.57517,0.57291,0.5744,7894.27
2025.02.20 15:00:00,0.57438,0.57558,0.57394,0.57547,7258.06
2025.02.20 16:00:00,0.57547,0.57585,0.57519,0.5754,4236.11
2025.02.20 17:00:00,0.5754,0.57668,0.57529,0.57614,3214.29
2025.02.20 18:00:00,0.57612,0.57658,0.57597,0.57651,2138.8
2025.02.20 19:00:00,0.57651,0.57661,0.57587,0.57628,1994.72
2025.02.20 20:00:00,0.57629,0.57647,0.57603,0.57642,1608
2025.02.20 21:00:00,0.57641,0.57651,0.57609,0.5762,2624.1
2025.02.20 22:00:00,0.57619,0.5763,0.57551,0.57585,1341.04
2025.02.20 23:00:00,0.57585,0.57719,0.57583,0.57641,2206.47
2025.02.21 00:00:00,0.57641,0.5766,0.57582,0.57644,1566
2025.02.21 01:00:00,0.57641,0.57663,0.5757,0.57584,3486.21
2025.02.21 02:00:00,0.57586,0.57713,0.57586,0.57693,4622.77
2025.02.21 03:00:00,0.57695,0.57699,0.57653,0.5768,3301.27
2025.02.21 04:00:00,0.57681,0.57686,0.57629,0.57646,1305
2025.02.21 05:00:00,0.57647,0.57661,0.57584,0.57593,2342.14
2025.02.21 06:00:00,0.57594,0.57621,0.57553,0.57555,2464.35
2025.02.21 07:00:00,0.57556,0.57629,0.57556,0.57617,3686.4
2025.02.21 08:00:00,0.57619,0.57641,0.57565,0.57578,5360.77
2025.02.21 09:00:00,0.57582,0.57595,0.57533,0.57563,3058.48
2025.02.21 10:00:00,0.57564,0.57592,0.5755,0.57575,2405.7
2025.02.21 11:00:00,0.57573,0.57601,0.5756,0.57569,1548.15
2025.02.21 12:00:00,0.57569,0.57583,0.57531,0.57539,2297.97
2025.02.21 13:00:00,0.57539,0.57565,0.57516,0.57554,3134.1
2025.02.21 14:00:00,0.57554,0.57662,0.57528,0.57612,6021.6
2025.02.21 15:00:00,0.57611,0.57632,0.57459,0.57494,7735.35
2025.02.21 16:00:00,0.57496,0.57522,0.5747,0.57496,4203.87
2025.02.21 17:00:00,0.57496,0.57523,0.57466,0.57477,3178.14
2025.02.21 18:00:00,0.57476,0.5748,0.57379,0.57394,4037.9
2025.02.21 19:00:00,0.57391,0.57421,0.57346,0.57367,3676.08
2025.02.21 20:00:00,0.57364,0.5742,0.57361,0.5742,3826.69
2025.02.21 21:00:00,0.5742,0.57425,0.57361,0.57363,3106.35
2025.02.23 22:00:00,0.57405,0.57535,0.57335,0.57471,1685.67
2025.02.23 23:00:00,0.57464,0.57556,0.57455,0.57487,2387.2
2025.02.24 00:00:00,0.57489,0.57561,0.57476,0.57525,4617.7
2025.02.24 01:00:00,0.57525,0.57539,0.57417,0.57507,7468.05
2025.02.24 02:00:00,0.57505,0.57685,0.575,0.5765,6438.03
2025.02.24 03:00:00,0.57652,0.57695,0.57602,0.57616,3981.61
2025.02.24 04:00:00,0.57615,0.57625,0.57574,0.57594,1649.72
2025.02.24 05:00:00,0.57591,0.57598,0.57555,0.57563,2340.96
2025.02.24 06:00:00,0.57563,0.57597,0.57537,0.57592,2800.05
2025.02.24 07:00:00,0.57591,0.57606,0.57465,0.57504,4160.85
2025.02.24 08:00:00,0.57506,0.57516,0.57435,0.57485,4852.27
2025.02.24 09:00:00,0.57482,0.57521,0.57435,0.57453,3951.45
2025.02.24 10:00:00,0.57452,0.57461,0.57385,0.57454,2621.02
2025.02.24 11:00:00,0.57454,0.57468,0.57417,0.57445,2369.25
2025.02.24 12:00:00,0.57446,0.57472,0.57415,0.57456,2125.35
2025.02.24 13:00:00,0.57458,0.57507,0.57455,0.57469,3065.1
2025.02.24 14:00:00,0.57469,0.57492,0.57312,0.5734,7219.05
2025.02.24 15:00:00,0.57342,0.57418,0.57334,0.57407,9690.67
2025.02.24 16:00:00,0.57407,0.57458,0.57391,0.57435,4719.14
2025.02.24 17:00:00,0.57436,0.57465,0.57384,0.57423,2874.9
2025.02.24 18:00:00,0.57417,0.57487,0.57416,0.57452,1947.82
2025.02.24 19:00:00,0.57452,0.57471,0.57407,0.57417,2206.35
2025.02.24 20:00:00,0.57418,0.57428,0.57301,0.57314,3932.1
2025.02.24 21:00:00,0.57311,0.57328,0.57289,0.57323,1944.45
2025.02.24 22:00:00,0.57315,0.57321,0.57265,0.57302,922.6
2025.02.24 23:00:00,0.57302,0.57303,0.57247,0.57256,1428.42
2025.02.25 00:00:00,0.57256,0.57298,0.57217,0.57245,2553.95
2025.02.25 01:00:00,0.57247,0.57271,0.57217,0.57266,2453.23
2025.02.25 02:00:00,0.57265,0.57335,0.57239,0.57325,3630.01
2025.02.25 03:00:00,0.57326,0.57346,0.57318,0.57319,2493.36
2025.02.25 04:00:00,0.57319,0.57371,0.57318,0.57331,1525.64
2025.02.25 05:00:00,0.57333,0.57381,0.5733,0.5737,1773.51
2025.02.25 06:00:00,0.57369,0.5738,0.57306,0.57333,2451.31
2025.02.25 07:00:00,0.57331,0.57336,0.57239,0.57245,3317.67
2025.02.25 08:00:00,0.57242,0.57281,0.57192,0.57238,3859.95
2025.02.25 09:00:00,0.57239,0.57266,0.57135,0.57141,3891.45
2025.02.25 10:00:00,0.57142,0.57145,0.57076,0.57081,2844
2025.02.25 11:00:00,0.57082,0.57213,0.57078,0.57212,2306.25
2025.02.25 12:00:00,0.57211,0.57251,0.57179,0.57215,3951.07
2025.02.25 13:00:00,0.57215,0.57302,0.57204,0.57259,5622.67
2025.02.25 14:00:00,0.57258,0.57276,0.57207,0.5721,6039.75
2025.02.25 15:00:00,0.5721,0.57229,0.5714,0.57149,11676.15
2025.02.25 16:00:00,0.5715,0.57176,0.57117,0.57143,6096.48
2025.02.25 17:00:00,0.57144,0.57153,0.57059,0.57152,3384.7
2025.02.25 18:00:00,0.57153,0.57224,0.57149,0.57182,3037.5
2025.02.25 19:00:00,0.57182,0.57216,0.57175,0.57201,2438.25
2025.02.25 20:00:00,0.57201,0.57245,0.57188,0.57218,2293.72
2025.02.25 21:00:00,0.5722,0.57263,0.57216,0.57231,1637.55
2025.02.25 22:00:00,0.57198,0.57249,0.57164,0.57248,1160.36
2025.02.25 23:00:00,0.57248,0.57321,0.57248,0.57295,1910.53
2025.02.26 00:00:00,0.57295,0.57323,0.57242,0.57248,3570.07
2025.02.26 01:00:00,0.57246,0.57258,0.57143,0.57172,3822.15
2025.02.26 02:00:00,0.57173,0.57212,0.57101,0.57141,3937.02
2025.02.26 03:00:00,0.57142,0.57166,0.57104,0.57109,2792.31
2025.02.26 04:00:00,0.57108,0.57154,0.57095,0.57106,3259.35
2025.02.26 05:00:00,0.57105,0.57117,0.57059,0.57072,3547.05
2025.02.26 06:00:00,0.57071,0.57111,0.57051,0.57101,2452.95
2025.02.26 07:00:00,0.57102,0.57188,0.57081,0.57083,4684.2
2025.02.26 08:00:00,0.57082,0.57136,0.57074,0.57117,4906.76
2025.02.26 09:00:00,0.57117,0.57124,0.57046,0.57052,2869.65
2025.02.26 10:00:00,0.57052,0.57068,0.56996,0.57003,2625.09
2025.02.26 11:00:00,0.57002,0.57002,0.56938,0.5696,2854.5
2025.02.26 12:00:00,0.5696,0.56974,0.56878,0.56891,3036.52
2025.02.26 13:00:00,0.56891,0.56988,0.56879,0.5692,4358.55
2025.02.26 14:00:00,0.56918,0.56961,0.5689,0.56948,5751.3
2025.02.26 15:00:00,0.56946,0.57054,0.56905,0.57035,8396.55
2025.02.26 16:00:00,0.57039,0.57098,0.57034,0.57086,5434.2
2025.02.26 17:00:00,0.57085,0.5721,0.57024,0.57031,9923.02
2025.02.26 18:00:00,0.57032,0.57099,0.56977,0.56992,4265.08
2025.02.26 19:00:00,0.56992,0.57022,0.56938,0.56991,3788.54
2025.02.26 20:00:00,0.56992,0.56992,0.56921,0.5694,2912.85
2025.02.26 21:00:00,0.5694,0.5695,0.56889,0.56933,3241.57
2025.02.26 22:00:00,0.56912,0.56977,0.56875,0.56934,1024.03
2025.02.26 23:00:00,0.5694,0.5701,0.56932,0.56978,1327.34
2025.02.27 00:00:00,0.56977,0.56977,0.56929,0.56937,2821.03
2025.02.27 01:00:00,0.56938,0.5698,0.56904,0.56939,3693.61
2025.02.27 02:00:00,0.5694,0.56954,0.56873,0.56879,4536.55
2025.02.27 03:00:00,0.56881,0.56922,0.56827,0.56841,2817.44
2025.02.27 04:00:00,0.56843,0.56848,0.56745,0.56757,2019.6
2025.02.27 05:00:00,0.56755,0.56791,0.56727,0.56781,2416.2
2025.02.27 06:00:00,0.56781,0.56831,0.5678,0.56825,2636.7
2025.02.27 07:00:00,0.56823,0.56893,0.56796,0.56835,3018.52
2025.02.27 08:00:00,0.56834,0.56872,0.56793,0.56834,4412.1
2025.02.27 09:00:00,0.56835,0.56861,0.56803,0.5686,3878.7
2025.02.27 10:00:00,0.56859,0.56862,0.56791,0.56823,2819.32
2025.02.27 11:00:00,0.56824,0.56873,0.56806,0.56812,2949.15
2025.02.27 12:00:00,0.56813,0.56873,0.56794,0.56824,3398.55
2025.02.27 13:00:00,0.56824,0.56865,0.56584,0.5659,10063.89
2025.02.27 14:00:00,0.56591,0.56646,0.56446,0.56484,9975.32
2025.02.27 15:00:00,0.56484,0.56506,0.56416,0.56456,10009.36
2025.02.27 16:00:00,0.56456,0.56488,0.56378,0.56447,5518.8
2025.02.27 17:00:00,0.56446,0.5647,0.56375,0.56386,3938.26
2025.02.27 18:00:00,0.56383,0.56466,0.56383,0.56463,2517.42
2025.02.27 19:00:00,0.56464,0.5647,0.56357,0.56366,2769.9
2025.02.27 20:00:00,0.56365,0.56378,0.56313,0.56335,2811.79
2025.02.27 21:00:00,0.56336,0.5634,0.56288,0.56305,1373.54
2025.02.27 22:00:00,0.563,0.56301,0.5625,0.5626,2583.82
2025.02.27 23:00:00,0.56258,0.56327,0.56246,0.56253,1652.6
2025.02.28 00:00:00,0.56253,0.56281,0.56212,0.56237,3040.41
2025.02.28 01:00:00,0.56238,0.56275,0.56128,0.56129,4923.97
2025.02.28 02:00:00,0.56128,0.56157,0.56051,0.56058,4649.55
2025.02.28 03:00:00,0.56059,0.56064,0.56008,0.56018,4352.1
2025.02.28 04:00:00,0.56021,0.56048,0.55983,0.55998,2011.57
2025.02.28 05:00:00,0.55997,0.56033,0.5598,0.56004,2509.8
2025.02.28 06:00:00,0.56003,0.56019,0.55966,0.55992,3067.95
2025.02.28 07:00:00,0.55994,0.56028,0.55968,0.56004,3567.15
2025.02.28 08:00:00,0.56003,0.56043,0.55986,0.56022,3806.25
2025.02.28 09:00:00,0.56024,0.56082,0.55997,0.56008,2348.09
2025.02.28 10:00:00,0.56008,0.56017,0.55968,0.55986,2128.05
2025.02.28 11:00:00,0.55987,0.56029,0.55974,0.56026,1777.65
2025.02.28 12:00:00,0.56027,0.56056,0.56,0.5602,2611.05
2025.02.28 13:00:00,0.56022,0.56066,0.56007,0.56019,4923.01
2025.02.28 14:00:00,0.56021,0.56035,0.55965,0.55998,5970.74
2025.02.28 15:00:00,0.55999,0.56098,0.55992,0.56033,7725.22
2025.02.28 16:00:00,0.56031,0.56044,0.55956,0.55993,6327.66
2025.02.28 17:00:00,0.55994,0.56048,0.55966,0.55971,4575.6
2025.02.28 18:00:00,0.5597,0.55986,0.55864,0.55873,6907
2025.02.28 19:00:00,0.55871,0.55916,0.55847,0.55882,4573.68
2025.02.28 20:00:00,0.55885,0.55959,0.55874,0.55953,3063.75
2025.02.28 21:00:00,0.55952,0.55981,0.55931,0.55967,2521.04
2025.03.02 22:00:00,0.55985,0.56004,0.55978,0.55994,624.21
2025.03.02 23:00:00,0.55997,0.56081,0.55989,0.56032,3310.61
2025.03.03 00:00:00,0.5603,0.56083,0.55977,0.5605,3318.57
2025.03.03 01:00:00,0.56051,0.56132,0.56042,0.56104,4248.3
2025.03.03 02:00:00,0.56103,0.56118,0.56064,0.56082,2313.16
2025.03.03 03:00:00,0.56082,0.56084,0.55989,0.56015,3044.55
2025.03.03 04:00:00,0.56014,0.56051,0.56011,0.56019,2090.4
2025.03.03 05:00:00,0.56019,0.56032,0.55991,0.5602,1585.8
2025.03.03 06:00:00,0.5602,0.56026,0.5593,0.55976,3280.12
2025.03.03 07:00:00,0.55975,0.56042,0.5596,0.5601,3741.01
2025.03.03 08:00:00,0.56008,0.56036,0.5597,0.56029,4386.57
2025.03.03 09:00:00,0.56031,0.56091,0.56027,0.56076,4832.47
2025.03.03 10:00:00,0.56069,0.56071,0.56024,0.56038,525
2025.03.03 11:00:00,0.56045,0.56079,0.56023,0.56042,3572.7
2025.03.03 12:00:00,0.56043,0.56107,0.5604,0.56081,5437.65
2025.03.03 13:00:00,0.56081,0.56139,0.56044,0.56135,4886.53
2025.03.03 14:00:00,0.56134,0.56274,0.56128,0.56242,6481.5
2025.03.03 15:00:00,0.56235,0.56349,0.56194,0.56258,11404.94
2025.03.03 16:00:00,0.56257,0.56347,0.5624,0.56335,5280.22
2025.03.03 17:00:00,0.56335,0.56361,0.56306,0.56347,3247.5
2025.03.03 18:00:00,0.56343,0.56399,0.56246,0.5626,5051.28
2025.03.03 19:00:00,0.56259,0.56287,0.5614,0.56163,7247.15
2025.03.03 20:00:00,0.56165,0.56209,0.56021,0.56147,10392.24
2025.03.03 21:00:00,0.5615,0.56192,0.56144,0.56158,2717.55
2025.03.03 22:00:00,0.56112,0.56153,0.56038,0.56144,1094.32
2025.03.03 23:00:00,0.56145,0.56187,0.56085,0.56118,1717.26
2025.03.04 00:00:00,0.56117,0.5613,0.56039,0.56106,3226.44
2025.03.04 01:00:00,0.56107,0.56205,0.56081,0.56113,5145.56
2025.03.04 02:00:00,0.56113,0.56131,0.56021,0.56022,3973.5
2025.03.04 03:00:00,0.5602,0.56085,0.56004,0.56024,3990.59
2025.03.04 04:00:00,0.56024,0.56057,0.5597,0.56016,3033.14
2025.03.04 05:00:00,0.56015,0.56066,0.55949,0.56064,5984.75
2025.03.04 06:00:00,0.56063,0.56093,0.56045,0.56082,2944.95
2025.03.04 07:00:00,0.56082,0.56144,0.56072,0.56101,5501.4
2025.03.04 08:00:00,0.561,0.56195,0.56066,0.56184,6336.67
2025.03.04 09:00:00,0.56184,0.56318,0.5618,0.56244,4692.52
2025.03.04 10:00:00,0.56243,0.56276,0.56206,0.5626,4796.02
2025.03.04 11:00:00,0.56259,0.56367,0.56242,0.56355,5540.68
2025.03.04 12:00:00,0.56355,0.56431,0.56329,0.56381,6193.65
2025.03.04 13:00:00,0.56379,0.56404,0.56245,0.56304,6590.87
2025.03.04 14:00:00,0.56303,0.5634,0.56141,0.56144,10368.81
2025.03.04 15:00:00,0.56143,0.56202,0.56086,0.56181,11071.03
2025.03.04 16:00:00,0.56181,0.56208,0.56109,0.56185,8616.82
2025.03.04 17:00:00,0.56186,0.56242,0.56164,0.56202,7295.36
2025.03.04 18:00:00,0.56202,0.56311,0.56191,0.5631,8065.31
2025.03.04 19:00:00,0.5631,0.56441,0.56308,0.56434,5936.08
2025.03.04 20:00:00,0.56437,0.56569,0.56437,0.56483,6741.71
2025.03.04 21:00:00,0.56487,0.56651,0.56474,0.56647,6228.05
2025.03.04 22:00:00,0.56641,0.56641,0.56522,0.56585,1051.21
2025.03.04 23:00:00,0.56592,0.56685,0.56592,0.566,2093.86
2025.03.05 00:00:00,0.56599,0.56614,0.56445,0.56524,3214.08
2025.03.05 01:00:00,0.56524,0.56634,0.56503,0.56521,5371.62
2025.03.05 02:00:00,0.56522,0.5654,0.56398,0.56401,4495.79
2025.03.05 03:00:00,0.56401,0.56482,0.56371,0.56479,4052.38
2025.03.05 04:00:00,0.56479,0.56531,0.56458,0.5646,3005.22
2025.03.05 05:00:00,0.56462,0.56513,0.56443,0.56503,2827.26
2025.03.05 06:00:00,0.56503,0.56607,0.56493,0.56571,5185.2
2025.03.05 07:00:00,0.56573,0.5671,0.56573,0.56665,8514.3
2025.03.05 08:00:00,0.56664,0.56786,0.56644,0.56784,6219.6
2025.03.05 09:00:00,0.56784,0.56843,0.56782,0.56791,5506.05
2025.03.05 10:00:00,0.56791,0.5681,0.56739,0.56808,4405.11
2025.03.05 11:00:00,0.56809,0.56826,0.56768,0.568,3819.15
2025.03.05 12:00:00,0.56802,0.56891,0.5678,0.56787,4874.97
2025.03.05 13:00:00,0.56788,0.56951,0.56713,0.5694,10078.47
2025.03.05 14:00:00,0.56939,0.57148,0.5691,0.57116,10241.74
2025.03.05 15:00:00,0.57115,0.57154,0.5699,0.5701,16374.64
2025.03.05 16:00:00,0.57009,0.57153,0.56985,0.57037,11502.23
2025.03.05 17:00:00,0.57038,0.57147,0.57014,0.57121,7958.15
2025.03.05 18:00:00,0.57116,0.57172,0.57049,0.57121,8187.76
2025.03.05 19:00:00,0.57121,0.57295,0.57117,0.57276,3165.52
2025.03.05 20:00:00,0.57275,0.57313,0.57254,0.57298,2905.79
2025.03.05 21:00:00,0.57296,0.57307,0.5725,0.57255,2135.54
2025.03.05 22:00:00,0.57254,0.57256,0.57224,0.57243,986.23
2025.03.05 23:00:00,0.57244,0.57313,0.5724,0.57272,2126.43
2025.03.06 00:00:00,0.57271,0.57287,0.57196,0.57199,3279.12
2025.03.06 01:00:00,0.572,0.57424,0.57199,0.57403,4709.34
2025.03.06 02:00:00,0.57402,0.57456,0.57303,0.5735,7325.95
2025.03.06 03:00:00,0.57351,0.57351,0.57287,0.57296,3435
2025.03.06 04:00:00,0.57297,0.57386,0.57288,0.57378,1900.5
2025.03.06 05:00:00,0.57377,0.57386,0.57308,0.57342,3059.48
2025.03.06 06:00:00,0.57345,0.57408,0.57323,0.57349,3117.6
2025.03.06 07:00:00,0.5735,0.57419,0.57297,0.573,6030.04
2025.03.06 08:00:00,0.573,0.57441,0.57267,0.57365,6871.2
2025.03.06 09:00:00,0.57364,0.57387,0.57263,0.57339,5667.98
2025.03.06 10:00:00,0.57338,0.57369,0.57314,0.57334,3635.4
2025.03.06 11:00:00,0.57334,0.57379,0.57292,0.57365,3142.05
2025.03.06 12:00:00,0.57366,0.57393,0.57322,0.57361,4191.67
2025.03.06 13:00:00,0.57362,0.57458,0.57316,0.57367,9915.09
2025.03.06 14:00:00,0.57367,0.57433,0.57337,0.57411,11501.55
2025.03.06 15:00:00,0.57409,0.57524,0.57404,0.57463,14237.37
2025.03.06 16:00:00,0.57463,0.57592,0.57459,0.5748,10747.8
2025.03.06 17:00:00,0.5748,0.57503,0.57389,0.57421,8270.78
2025.03.06 18:00:00,0.57417,0.57461,0.57352,0.57382,5540.11
2025.03.06 19:00:00,0.57382,0.57442,0.57356,0.57397,4669.37
2025.03.06 20:00:00,0.57397,0.57421,0.5733,0.57333,4726.49
2025.03.06 21:00:00,0.57335,0.57355,0.57307,0.57307,1528.88
2025.03.06 22:00:00,0.57282,0.5734,0.57271,0.57317,1254.75
2025.03.06 23:00:00,0.57322,0.574,0.57314,0.57352,1509.87
2025.03.07 00:00:00,0.57352,0.57409,0.57329,0.57342,1861.05
2025.03.07 01:00:00,0.57343,0.57385,0.57262,0.57299,3232.24
2025.03.07 02:00:00,0.573,0.5731,0.57211,0.57211,2747.32
2025.03.07 03:00:00,0.57209,0.57255,0.57155,0.57163,2254.95
2025.03.07 04:00:00,0.57164,0.57183,0.57136,0.5716,1348.92
2025.03.07 05:00:00,0.57159,0.57161,0.57109,0.57126,1759.94
2025.03.07 06:00:00,0.5713,0.57152,0.57057,0.57145,2435.55
2025.03.07 07:00:00,0.57145,0.57247,0.57131,0.57202,3001.2
2025.03.07 08:00:00,0.57204,0.5731,0.5718,0.57275,3502.5
2025.03.07 09:00:00,0.57275,0.57314,0.57264,0.57269,2924.1
2025.03.07 10:00:00,0.57268,0.57271,0.5722,0.5723,2819.85
2025.03.07 11:00:00,0.57229,0.57234,0.57106,0.57118,2417.25
2025.03.07 12:00:00,0.57121,0.57167,0.57073,0.57106,3713.77
2025.03.07 13:00:00,0.57107,0.57264,0.57043,0.57061,11335.7
2025.03.07 14:00:00,0.57062,0.5716,0.56948,0.57134,10924.57
2025.03.07 15:00:00,0.57131,0.57225,0.57069,0.57162,9710.86
2025.03.07 16:00:00,0.57164,0.5717,0.57039,0.57077,5929.34
2025.03.07 17:00:00,0.57078,0.57113,0.56947,0.56972,7304.78
2025.03.07 18:00:00,0.56973,0.5702,0.56919,0.57006,4266.36
2025.03.07 19:00:00,0.57008,0.57105,0.57,0.57088,2993.3
2025.03.07 20:00:00,0.57087,0.57137,0.57079,0.5712,3106.5
2025.03.07 21:00:00,0.5712,0.5715,0.57047,0.57078,4634.43
2025.03.09 21:00:00,0.57131,0.57131,0.56866,0.571,835.42
2025.03.09 22:00:00,0.57099,0.57143,0.57043,0.5708,3388.58
2025.03.09 23:00:00,0.57079,0.57131,0.57042,0.5708,4201.54
2025.03.10 00:00:00,0.57078,0.57179,0.57054,0.57158,4661.14
2025.03.10 01:00:00,0.57159,0.57227,0.57156,0.57201,3811.12
2025.03.10 02:00:00,0.57199,0.57219,0.57084,0.57091,5212.61
2025.03.10 03:00:00,0.5709,0.57149,0.57037,0.57114,2323
2025.03.10 04:00:00,0.57115,0.57154,0.57111,0.57127,2298.67
2025.03.10 05:00:00,0.57127,0.57191,0.57116,0.57184,2247.36
2025.03.10 06:00:00,0.57185,0.57269,0.5718,0.57239,2401.94
2025.03.10 07:00:00,0.5724,0.57308,0.57226,0.57303,3903.15
2025.03.10 08:00:00,0.57304,0.57315,0.57245,0.57271,5388.09
2025.03.10 09:00:00,0.5727,0.57418,0.57261,0.57394,4272.22
2025.03.10 10:00:00,0.57397,0.57421,0.57343,0.57344,3528.9
2025.03.10 11:00:00,0.57345,0.57369,0.57263,0.57345,4888.58
2025.03.10 12:00:00,0.57343,0.57421,0.57337,0.5737,5013.69
2025.03.10 13:00:00,0.57371,0.57407,0.57323,0.57323,5787.45
2025.03.10 14:00:00,0.57321,0.57346,0.57229,0.57292,6522.15
2025.03.10 15:00:00,0.57292,0.57322,0.57221,0.57232,7646.91
2025.03.10 16:00:00,0.57232,0.57266,0.57188,0.57192,5511
2025.03.10 17:00:00,0.57192,0.57208,0.57096,0.57098,4131.63
2025.03.10 18:00:00,0.57094,0.57098,0.56934,0.56941,3988.75
2025.03.10 19:00:00,0.56942,0.57038,0.56901,0.56982,4475.25
2025.03.10 20:00:00,0.56981,0.57008,0.56921,0.56971,2434.95
2025.03.10 21:00:00,0.56965,0.56987,0.56952,0.56964,683.85
2025.03.10 22:00:00,0.56956,0.56991,0.56872,0.56872,1263.05
2025.03.10 23:00:00,0.56874,0.56946,0.56856,0.56944,1774.45
2025.03.11 00:00:00,0.56942,0.5702,0.56893,0.5691,2465.82
2025.03.11 01:00:00,0.5691,0.56912,0.56792,0.56877,4355.92
2025.03.11 02:00:00,0.56876,0.56989,0.56869,0.56928,5139.37
2025.03.11 03:00:00,0.5693,0.56963,0.56869,0.56919,3086.54
2025.03.11 04:00:00,0.56917,0.56956,0.56885,0.56947,1692.45
2025.03.11 05:00:00,0.56947,0.5695,0.56796,0.56804,4077.22
2025.03.11 06:00:00,0.56806,0.56872,0.56771,0.56841,4309.8
2025.03.11 07:00:00,0.56841,0.57048,0.56832,0.57013,5016
2025.03.11 08:00:00,0.57014,0.57058,0.56986,0.57042,4593.6
2025.03.11 09:00:00,0.57043,0.57116,0.57035,0.57082,4054.5
2025.03.11 10:00:00,0.57081,0.57081,0.56978,0.57001,3290.55
2025.03.11 11:00:00,0.57001,0.57045,0.56966,0.57045,3324.6
2025.03.11 12:00:00,0.5704,0.57119,0.57033,0.57058,5052.45
2025.03.11 13:00:00,0.57058,0.57136,0.57027,0.57105,6388.65
2025.03.11 14:00:00,0.571,0.57111,0.56926,0.56965,12000.57
2025.03.11 15:00:00,0.56963,0.57115,0.56955,0.57087,7211.1
2025.03.11 16:00:00,0.57089,0.57115,0.57056,0.57073,5838.31
2025.03.11 17:00:00,0.57072,0.57102,0.57026,0.57091,5481.45
2025.03.11 18:00:00,0.57084,0.57263,0.57084,0.57209,7860.13
2025.03.11 19:00:00,0.57208,0.5724,0.57158,0.57158,4005.89
2025.03.11 20:00:00,0.57156,0.57156,0.57101,0.5715,1585.48
2025.03.11 21:00:00,0.57148,0.57155,0.57072,0.57123,1331.73
2025.03.11 22:00:00,0.57128,0.57166,0.57114,0.57139,1492.84
2025.03.11 23:00:00,0.57138,0.57152,0.57105,0.57109,1500.5
2025.03.12 00:00:00,0.57111,0.57141,0.57048,0.5708,1652.52
2025.03.12 01:00:00,0.5708,0.57125,0.57071,0.5708,3511.43
2025.03.12 02:00:00,0.57079,0.57106,0.57024,0.57036,2157.61
2025.03.12 03:00:00,0.57038,0.57062,0.56997,0.57004,1536.15
2025.03.12 04:00:00,0.57005,0.57065,0.56984,0.57041,945.75
2025.03.12 05:00:00,0.5704,0.57067,0.57013,0.57066,1542.82
2025.03.12 06:00:00,0.57066,0.57078,0.56993,0.56998,2586.45
2025.03.12 07:00:00,0.56999,0.57097,0.56974,0.57074,2895.82
2025.03.12 08:00:00,0.57072,0.57177,0.5704,0.57177,4511.4
2025.03.12 09:00:00,0.57178,0.57202,0.57087,0.57087,3429.6
2025.03.12 10:00:00,0.57087,0.57115,0.57061,0.57102,1591.5
2025.03.12 11:00:00,0.57104,0.57149,0.57046,0.57057,3404.1
2025.03.12 12:00:00,0.57056,0.57379,0.56981,0.57065,13177.44
2025.03.12 13:00:00,0.57065,0.5717,0.57008,0.57039,9595.61
2025.03.12 14:00:00,0.57039,0.57137,0.56988,0.57124,6715.95
2025.03.12 15:00:00,0.57124,0.57231,0.57115,0.57216,5515.95
2025.03.12 16:00:00,0.57216,0.57301,0.57208,0.57251,5167.7
2025.03.12 17:00:00,0.57252,0.57325,0.57231,0.57236,4306.74
2025.03.12 18:00:00,0.57232,0.57292,0.57232,0.57272,3391.35
2025.03.12 19:00:00,0.57271,0.57311,0.5725,0.57278,3608.3
2025.03.12 20:00:00,0.57281,0.57315,0.57273,0.57278,2057.62
2025.03.12 21:00:00,0.57279,0.57298,0.57147,0.57295,1024.59
2025.03.12 22:00:00,0.57299,0.57342,0.57281,0.57332,711.47
2025.03.12 23:00:00,0.57332,0.5737,0.57322,0.5737,1229.28
2025.03.13 00:00:00,0.57368,0.57414,0.57351,0.57377,1450.46
2025.03.13 01:00:00,0.57378,0.57406,0.57319,0.5734,3359.1
2025.03.13 02:00:00,0.5734,0.57382,0.5733,0.57353,2058.9
2025.03.13 03:00:00,0.57355,0.57367,0.57303,0.57305,1757.55
2025.03.13 04:00:00,0.57303,0.57321,0.57266,0.57279,1672.27
2025.03.13 05:00:00,0.57279,0.57279,0.57207,0.57227,2097.15
2025.03.13 06:00:00,0.57227,0.57228,0.57083,0.57098,2735.17
2025.03.13 07:00:00,0.57097,0.57122,0.57023,0.57066,3815.1
2025.03.13 08:00:00,0.57066,0.57137,0.57047,0.5705,3698.4
2025.03.13 09:00:00,0.5705,0.57065,0.56961,0.57018,3058.62
2025.03.13 10:00:00,0.57019,0.57023,0.5697,0.56995,3131.92
2025.03.13 11:00:00,0.56994,0.57005,0.56943,0.56968,4833.29
2025.03.13 12:00:00,0.56966,0.57129,0.56837,0.5687,8412.39
2025.03.13 13:00:00,0.56871,0.56932,0.5682,0.56897,5178
2025.03.13 14:00:00,0.56896,0.5708,0.56889,0.57072,5813.4
2025.03.13 15:00:00,0.57073,0.57138,0.57031,0.57072,6962.32
2025.03.13 16:00:00,0.57072,0.5714,0.57052,0.57081,5067.3
2025.03.13 17:00:00,0.5708,0.57086,0.56953,0.56955,3282.48
2025.03.13 18:00:00,0.56954,0.57056,0.56953,0.57032,2351.02
2025.03.13 19:00:00,0.5703,0.57047,0.57009,0.57014,2691.15
2025.03.13 20:00:00,0.57015,0.57044,0.56948,0.5697,1663.85
2025.03.13 21:00:00,0.56968,0.56992,0.5689,0.56971,1567.53
2025.03.13 22:00:00,0.56972,0.5702,0.56962,0.56999,676.32
2025.03.13 23:00:00,0.57003,0.57027,0.56981,0.57017,1098.65
2025.03.14 00:00:00,0.57016,0.57039,0.56956,0.57007,1587.24
2025.03.14 01:00:00,0.57008,0.57116,0.57006,0.57088,2340.88
2025.03.14 02:00:00,0.57087,0.57099,0.57008,0.57042,2756.7
2025.03.14 03:00:00,0.5704,0.57091,0.57032,0.57086,1759.95
2025.03.14 04:00:00,0.57088,0.57114,0.57064,0.57092,1066.05
2025.03.14 05:00:00,0.5709,0.57139,0.57062,0.57133,1341.45
2025.03.14 06:00:00,0.57135,0.57167,0.57115,0.57127,1968.3
2025.03.14 07:00:00,0.57126,0.57231,0.57109,0.57223,3104.55
2025.03.14 08:00:00,0.57221,0.57289,0.57204,0.5728,2587.35
2025.03.14 09:00:00,0.57279,0.57281,0.57183,0.57188,2656.89
2025.03.14 10:00:00,0.57186,0.57247,0.57173,0.57219,5276.29
2025.03.14 11:00:00,0.57219,0.57288,0.57196,0.57261,3989.25
2025.03.14 12:00:00,0.57262,0.57418,0.57259,0.57382,3876.75
2025.03.14 13:00:00,0.57383,0.57407,0.5734,0.57389,4087.14
2025.03.14 14:00:00,0.57384,0.57425,0.57327,0.57418,5527.98
2025.03.14 15:00:00,0.57419,0.57482,0.57391,0.57395,3975.72
2025.03.14 16:00:00,0.57394,0.57467,0.57385,0.57455,2328.15
2025.03.14 17:00:00,0.57455,0.57492,0.57441,0.57454,1764.49
2025.03.14 18:00:00,0.57452,0.5748,0.57452,0.57465,1453
2025.03.14 19:00:00,0.57463,0.57505,0.5746,0.57496,1471.42
2025.03.14 20:00:00,0.57497,0.5755,0.57422,0.57423,4305.75
2025.03.16 21:00:00,0.57411,0.57484,0.57406,0.57447,658.93
2025.03.16 22:00:00,0.57447,0.57623,0.57443,0.5753,5316.33
2025.03.16 23:00:00,0.57531,0.57557,0.57504,0.57508,4692.63
2025.03.17 00:00:00,0.57507,0.57538,0.57456,0.57511,2278.14
2025.03.17 01:00:00,0.5751,0.57626,0.57501,0.57588,2910.45
2025.03.17 02:00:00,0.57586,0.57606,0.57568,0.57579,1939.95
2025.03.17 03:00:00,0.57577,0.5759,0.57549,0.57589,1245.52
2025.03.17 04:00:00,0.5759,0.57626,0.57555,0.57585,1665.6
2025.03.17 05:00:00,0.57582,0.57584,0.57532,0.57566,1294.2
2025.03.17 06:00:00,0.57566,0.57617,0.57565,0.57615,2128.5
2025.03.17 07:00:00,0.57612,0.57692,0.57612,0.57683,2967.75
2025.03.17 08:00:00,0.57684,0.57765,0.57676,0.57735,2865.9
2025.03.17 09:00:00,0.57735,0.57797,0.57708,0.57792,2555.85
2025.03.17 10:00:00,0.57791,0.5788,0.57784,0.57845,2075.21
2025.03.17 11:00:00,0.57844,0.5789,0.57831,0.57879,1508.4
2025.03.17 12:00:00,0.57878,0.57923,0.57817,0.57866,5073.84
2025.03.17 13:00:00,0.57871,0.57991,0.57865,0.57965,4329.51
2025.03.17 14:00:00,0.57965,0.58028,0.57956,0.58005,3874.5
2025.03.17 15:00:00,0.58003,0.58123,0.58003,0.58091,2722.39
2025.03.17 16:00:00,0.5809,0.58169,0.58089,0.58155,2500.85
2025.03.17 17:00:00,0.58154,0.58211,0.5814,0.58193,1779.91
2025.03.17 18:00:00,0.58192,0.58256,0.58183,0.5825,1815.51
2025.03.17 19:00:00,0.58247,0.58254,0.58196,0.58217,1401.79
2025.03.17 20:00:00,0.58221,0.58248,0.58184,0.58188,2374.9
2025.03.17 21:00:00,0.58189,0.58189,0.58099,0.58161,1294.8
2025.03.17 22:00:00,0.58159,0.5826,0.58156,0.58254,906.13
2025.03.17 23:00:00,0.58254,0.58269,0.58216,0.58221,967.92
2025.03.18 00:00:00,0.58223,0.5825,0.582,0.58232,1572.14
2025.03.18 01:00:00,0.58231,0.58298,0.5822,0.58226,1877.85
2025.03.18 02:00:00,0.58228,0.58238,0.58185,0.58193,1717.5
2025.03.18 03:00:00,0.58192,0.58196,0.58115,0.58129,2376.3
2025.03.18 04:00:00,0.58131,0.5818,0.58122,0.58179,1263.48
2025.03.18 05:00:00,0.5818,0.58206,0.58155,0.58172,1197.45
2025.03.18 06:00:00,0.58173,0.58209,0.58115,0.58206,1993.35
2025.03.18 07:00:00,0.58207,0.58271,0.58199,0.58226,2894.7
2025.03.18 08:00:00,0.58224,0.58308,0.58223,0.58287,3074.1
2025.03.18 09:00:00,0.58287,0.58293,0.58232,0.58247,2908.8
2025.03.18 10:00:00,0.58248,0.58262,0.5817,0.58172,3585.45
2025.03.18 11:00:00,0.58175,0.58197,0.58116,0.58134,2859
2025.03.18 12:00:00,0.58136,0.58171,0.58089,0.58118,4087.05
2025.03.18 13:00:00,0.58117,0.58157,0.58051,0.58111,5767.92
2025.03.18 14:00:00,0.58112,0.58112,0.58007,0.58013,10122.93
2025.03.18 15:00:00,0.58014,0.58125,0.57975,0.58094,6177.24
2025.03.18 16:00:00,0.58093,0.58152,0.58075,0.58137,4876.35
2025.03.18 17:00:00,0.58137,0.58195,0.58131,0.58173,4472.69
2025.03.18 18:00:00,0.5817,0.58189,0.58136,0.58175,2358.9
2025.03.18 19:00:00,0.58174,0.58198,0.58158,0.58185,1529.85
2025.03.18 20:00:00,0.58186,0.58204,0.58181,0.58188,1421.55
2025.03.18 21:00:00,0.5818,0.5819,0.58117,0.58144,801.75
2025.03.18 22:00:00,0.58153,0.58194,0.58136,0.58179,1036.23
2025.03.18 23:00:00,0.58181,0.58197,0.58168,0.58176,1090.03
2025.03.19 00:00:00,0.58177,0.5819,0.58149,0.58158,3358.2
2025.03.19 01:00:00,0.58159,0.58164,0.58121,0.58134,3770.85
2025.03.19 02:00:00,0.58136,0.58183,0.58124,0.58155,3496.95
2025.03.19 03:00:00,0.58155,0.58165,0.58094,0.58116,1479.9
2025.03.19 04:00:00,0.58115,0.58125,0.58083,0.58087,1218.75
2025.03.19 05:00:00,0.58088,0.58131,0.58088,0.58125,1031.1
2025.03.19 06:00:00,0.58126,0.58138,0.58062,0.58069,2652.21
2025.03.19 07:00:00,0.58071,0.58077,0.57866,0.57884,7634.7
2025.03.19 08:00:00,0.57883,0.5796,0.57835,0.57856,3695.17
2025.03.19 09:00:00,0.57855,0.57893,0.57783,0.57879,3056.32
2025.03.19 10:00:00,0.5788,0.5788,0.57813,0.57851,2031.15
2025.03.19 11:00:00,0.57852,0.57933,0.57824,0.5791,2700.75
2025.03.19 12:00:00,0.5791,0.57931,0.57869,0.5788,5938.9
2025.03.19 13:00:00,0.57881,0.57886,0.57756,0.57785,5823.75
2025.03.19 14:00:00,0.57785,0.57892,0.57775,0.57834,3441.3
2025.03.19 15:00:00,0.57833,0.57852,0.57811,0.57816,4104.9
2025.03.19 16:00:00,0.57815,0.57869,0.57815,0.57842,2704.42
2025.03.19 17:00:00,0.57843,0.57843,0.57752,0.57787,2089.94
2025.03.19 18:00:00,0.57788,0.58086,0.57782,0.5807,8855.58
2025.03.19 19:00:00,0.58067,0.58159,0.57995,0.58064,5217.56
2025.03.19 20:00:00,0.58063,0.58162,0.58062,0.58146,2119.11
2025.03.19 21:00:00,0.58137,0.58239,0.58008,0.58165,1496.56
2025.03.19 22:00:00,0.58175,0.58251,0.58156,0.58156,1515.41
2025.03.19 23:00:00,0.58158,0.58204,0.5813,0.58186,3017.6
2025.03.20 00:00:00,0.58186,0.58201,0.57973,0.58027,5196.79
2025.03.20 01:00:00,0.58026,0.58043,0.57892,0.57921,5150.35
2025.03.20 02:00:00,0.57923,0.58006,0.57862,0.57899,3329.25
2025.03.20 03:00:00,0.579,0.57979,0.57884,0.57957,1878.58
2025.03.20 04:00:00,0.57958,0.57963,0.57909,0.5792,1429.12
2025.03.20 05:00:00,0.57918,0.57918,0.57836,0.57858,1244.1
2025.03.20 06:00:00,0.57857,0.57882,0.57767,0.57786,2044.96
2025.03.20 07:00:00,0.57786,0.57786,0.57649,0.57705,4528.11
2025.03.20 08:00:00,0.57708,0.5774,0.57548,0.57595,3973.05
2025.03.20 09:00:00,0.57594,0.57615,0.57435,0.57461,4082.17
2025.03.20 10:00:00,0.5746,0.57472,0.57342,0.5739,3548.4
2025.03.20 11:00:00,0.57391,0.57406,0.57352,0.57365,2522.17
2025.03.20 12:00:00,0.57365,0.57394,0.57333,0.57358,4654.65
2025.03.20 13:00:00,0.57357,0.57372,0.57225,0.5731,7181.8
2025.03.20 14:00:00,0.57309,0.57419,0.57302,0.57406,4531.95
2025.03.20 15:00:00,0.57408,0.57492,0.57387,0.57489,3570.89
2025.03.20 16:00:00,0.57489,0.5751,0.57435,0.57442,3012.9
2025.03.20 17:00:00,0.5744,0.57491,0.57412,0.57484,1896.11
2025.03.20 18:00:00,0.57483,0.57571,0.57477,0.57563,1338.82
2025.03.20 19:00:00,0.57561,0.5762,0.57556,0.57604,1602.45
2025.03.20 20:00:00,0.57605,0.57606,0.57557,0.57567,2073.86
2025.03.20 21:00:00,0.57563,0.57563,0.57493,0.57542,688.21
2025.03.20 22:00:00,0.57543,0.57597,0.5752,0.57564,1869.54
2025.03.20 23:00:00,0.57565,0.57618,0.57564,0.57603,1383.57
2025.03.21 00:00:00,0.57601,0.57657,0.57569,0.57622,1890.78
2025.03.21 01:00:00,0.57621,0.57627,0.57557,0.57588,2570.73
2025.03.21 02:00:00,0.57588,0.57605,0.57532,0.57547,2018.39
2025.03.21 03:00:00,0.57548,0.57571,0.57473,0.57505,1451.92
2025.03.21 04:00:00,0.57507,0.57528,0.57464,0.57484,861.45
2025.03.21 05:00:00,0.57482,0.57518,0.57468,0.57498,1710.45
2025.03.21 06:00:00,0.575,0.57587,0.57489,0.57561,1959.45
2025.03.21 07:00:00,0.57562,0.57607,0.57533,0.57578,2098.65
2025.03.21 08:00:00,0.57577,0.57608,0.57528,0.57588,3312.15
2025.03.21 09:00:00,0.57588,0.57613,0.57528,0.57533,3028.79
2025.03.21 10:00:00,0.57535,0.57575,0.57532,0.57572,2386.01
2025.03.21 11:00:00,0.57572,0.57615,0.57563,0.57606,3077.38
2025.03.21 12:00:00,0.57605,0.5767,0.57552,0.57557,4694.6
2025.03.21 13:00:00,0.57556,0.57557,0.57429,0.57473,4949.29
2025.03.21 14:00:00,0.57475,0.57501,0.57444,0.5746,3668.3
2025.03.21 15:00:00,0.57463,0.57475,0.57242,0.57292,4102.64
2025.03.21 16:00:00,0.57289,0.57364,0.57261,0.57357,4330.57
2025.03.21 17:00:00,0.57358,0.57386,0.57316,0.57352,1954.35
2025.03.21 18:00:00,0.57354,0.57373,0.57332,0.57341,1611.9
2025.03.21 19:00:00,0.57343,0.57352,0.57311,0.57344,1398.75
2025.03.21 20:00:00,0.57343,0.57343,0.573,0.5732,2778.6
2025.03.23 21:00:00,0.57283,0.57382,0.57265,0.57337,645.31
2025.03.23 22:00:00,0.57337,0.57425,0.57336,0.57385,1616.86
2025.03.23 23:00:00,0.57383,0.57449,0.57369,0.5744,1770.6
2025.03.24 00:00:00,0.57438,0.57492,0.57423,0.57464,1504.5
2025.03.24 01:00:00,0.57463,0.57465,0.57308,0.57322,2409.6
2025.03.24 02:00:00,0.57321,0.57344,0.57267,0.57271,2350.95
2025.03.24 03:00:00,0.57271,0.57315,0.57206,0.57212,2091.84
2025.03.24 04:00:00,0.57213,0.57241,0.57184,0.57222,1528.1
2025.03.24 05:00:00,0.57222,0.57222,0.5718,0.57198,2471.55
2025.03.24 06:00:00,0.57198,0.57305,0.57196,0.57289,2297.91
2025.03.24 07:00:00,0.57288,0.57361,0.57284,0.57326,3475.84
2025.03.24 08:00:00,0.57327,0.57398,0.57317,0.57326,4637.4
2025.03.24 09:00:00,0.57328,0.57428,0.57316,0.57414,2384.62
2025.03.24 10:00:00,0.57414,0.57475,0.57396,0.57417,3405.75
2025.03.24 11:00:00,0.57417,0.57422,0.57328,0.57329,2591.57
2025.03.24 12:00:00,0.57328,0.57346,0.57229,0.57251,3800.47
2025.03.24 13:00:00,0.57251,0.57306,0.57185,0.57186,4469.25
2025.03.24 14:00:00,0.57185,0.57358,0.5718,0.57245,5904.25
2025.03.24 15:00:00,0.57246,0.5725,0.57171,0.57183,4207.15
2025.03.24 16:00:00,0.57182,0.57213,0.57099,0.57128,4059.37
2025.03.24 17:00:00,0.57128,0.57159,0.57092,0.57128,1940.89
2025.03.24 18:00:00,0.57128,0.57267,0.57099,0.57233,2689.05
2025.03.24 19:00:00,0.57235,0.57269,0.57223,0.57244,1185.37
2025.03.24 20:00:00,0.57243,0.57293,0.57236,0.57272,1092.6
2025.03.24 21:00:00,0.57248,0.57303,0.57131,0.5725,1333.35
2025.03.24 22:00:00,0.57249,0.5727,0.57231,0.57239,1208.58
2025.03.24 23:00:00,0.5724,0.57269,0.57237,0.5726,821.11
2025.03.25 00:00:00,0.57259,0.5726,0.57187,0.57211,1989.15
2025.03.25 01:00:00,0.57211,0.57281,0.57201,0.57244,3118.8
2025.03.25 02:00:00,0.57244,0.57265,0.57197,0.57212,2291.1
2025.03.25 03:00:00,0.57212,0.57231,0.57178,0.5722,1705.2
2025.03.25 04:00:00,0.57222,0.57241,0.57209,0.57219,1274.4
2025.03.25 05:00:00,0.57217,0.57283,0.57216,0.57252,1155.3
2025.03.25 06:00:00,0.57253,0.57261,0.57218,0.57218,1091.1
2025.03.25 07:00:00,0.57217,0.5724,0.57126,0.57174,2304.71
2025.03.25 08:00:00,0.57174,0.57183,0.57107,0.57145,3905.85
2025.03.25 09:00:00,0.57144,0.57261,0.57134,0.57241,2766.3
2025.03.25 10:00:00,0.5724,0.57431,0.57232,0.57427,3804.6
2025.03.25 11:00:00,0.57426,0.57493,0.57409,0.57437,4402.8
2025.03.25 12:00:00,0.57437,0.57501,0.57434,0.57462,4367.11
2025.03.25 13:00:00,0.57462,0.57487,0.57409,0.5742,4262.24
2025.03.25 14:00:00,0.57423,0.57452,0.57314,0.57388,7233.12
2025.03.25 15:00:00,0.57388,0.57406,0.57344,0.57355,4866.04
2025.03.25 16:00:00,0.57354,0.57393,0.57345,0.5737,2566.11
2025.03.25 17:00:00,0.57373,0.5742,0.57355,0.57372,2345.88
2025.03.25 18:00:00,0.57368,0.57374,0.57304,0.57309,1557.99
2025.03.25 19:00:00,0.57309,0.57335,0.5727,0.57327,1753.25
2025.03.25 20:00:00,0.57326,0.57336,0.5729,0.5732,964.58
2025.03.25 21:00:00,0.57313,0.57335,0.5728,0.57319,962.88
2025.03.25 22:00:00,0.57325,0.57341,0.57302,0.57307,1005.14
2025.03.25 23:00:00,0.57306,0.57322,0.57294,0.57322,434.4
2025.03.26 00:00:00,0.57324,0.57345,0.57211,0.57217,2237.89
2025.03.26 01:00:00,0.57217,0.57372,0.57135,0.57355,4519.23
2025.03.26 02:00:00,0.57355,0.57461,0.57323,0.57455,2011.69
2025.03.26 03:00:00,0.57454,0.57498,0.57432,0.57453,2543.51
2025.03.26 04:00:00,0.57455,0.5748,0.57425,0.57461,1614.14
2025.03.26 05:00:00,0.57459,0.57505,0.57427,0.57487,2445.67
2025.03.26 06:00:00,0.57487,0.57547,0.57486,0.57518,2236.89
2025.03.26 07:00:00,0.57518,0.5755,0.57485,0.57527,3419.05
2025.03.26 08:00:00,0.57529,0.5755,0.57481,0.57543,3242.36
2025.03.26 09:00:00,0.57543,0.57622,0.57526,0.57565,2030.15
2025.03.26 10:00:00,0.57566,0.57622,0.57559,0.57593,2536.72
2025.03.26 11:00:00,0.57594,0.57612,0.57532,0.57536,2467.1
2025.03.26 12:00:00,0.57534,0.57561,0.57451,0.57497,3761.96
2025.03.26 13:00:00,0.57498,0.57547,0.57413,0.57419,6051.97
2025.03.26 14:00:00,0.57416,0.57484,0.57411,0.57468,4151.1
2025.03.26 15:00:00,0.57468,0.57505,0.57348,0.57409,5589.88
2025.03.26 16:00:00,0.57408,0.57434,0.57362,0.57395,3059.32
2025.03.26 17:00:00,0.57394,0.57403,0.57256,0.5728,4367.82
2025.03.26 18:00:00,0.57274,0.57312,0.57237,0.57238,2714.97
2025.03.26 19:00:00,0.57237,0.57264,0.57207,0.5725,1896.45
2025.03.26 20:00:00,0.57251,0.57283,0.57238,0.57283,1181.99
2025.03.26 21:00:00,0.57274,0.57307,0.57212,0.57237,1584.82
2025.03.26 22:00:00,0.57235,0.57276,0.5713,0.57135,2655.49
2025.03.26 23:00:00,0.57136,0.57194,0.57112,0.57171,2213.37
2025.03.27 00:00:00,0.57171,0.57269,0.57169,0.57251,2311.95
2025.03.27 01:00:00,0.57251,0.5734,0.57251,0.57294,3660.28
2025.03.27 02:00:00,0.57295,0.5744,0.57288,0.5739,3485.02
2025.03.27 03:00:00,0.57389,0.57419,0.57348,0.57351,2016.28
2025.03.27 04:00:00,0.57353,0.57447,0.57346,0.57417,1464.3
2025.03.27 05:00:00,0.57417,0.57453,0.57325,0.57363,2232.82
2025.03.27 06:00:00,0.57363,0.57497,0.57359,0.57458,3417.75
2025.03.27 07:00:00,0.57459,0.5746,0.57369,0.57369,3886.68
2025.03.27 08:00:00,0.5737,0.57472,0.57359,0.57472,3932.1
2025.03.27 09:00:00,0.5747,0.57512,0.57386,0.57401,3275.4
2025.03.27 10:00:00,0.57403,0.57432,0.57365,0.57432,2540.37
2025.03.27 11:00:00,0.5743,0.57494,0.57418,0.57463,2503.8
2025.03.27 12:00:00,0.57464,0.57504,0.57427,0.57447,3856.59
2025.03.27 13:00:00,0.57448,0.57471,0.57335,0.57366,5039.25
2025.03.27 14:00:00,0.57366,0.57451,0.57334,0.5743,4587.75
2025.03.27 15:00:00,0.57431,0.57551,0.57404,0.57459,5792.1
2025.03.27 16:00:00,0.5746,0.57508,0.57396,0.57408,4218.3
2025.03.27 17:00:00,0.57408,0.57471,0.5738,0.57385,2911.65
2025.03.27 18:00:00,0.57377,0.57428,0.57358,0.57358,2360.02
2025.03.27 19:00:00,0.57358,0.57405,0.57349,0.57364,1653.9
2025.03.27 20:00:00,0.57364,0.57391,0.57354,0.57387,946.05
2025.03.27 21:00:00,0.5738,0.57424,0.57344,0.57352,956.94
2025.03.27 22:00:00,0.57363,0.57384,0.57339,0.57339,5709.14
2025.03.27 23:00:00,0.57341,0.57376,0.57326,0.57346,1600.46
2025.03.28 00:00:00,0.57346,0.57346,0.57252,0.57283,2474.71
2025.03.28 01:00:00,0.57282,0.57282,0.57205,0.57213,2477.77
2025.03.28 02:00:00,0.57213,0.57247,0.57185,0.57202,1833.75
2025.03.28 03:00:00,0.57201,0.57223,0.57109,0.57144,2184.9
2025.03.28 04:00:00,0.57144,0.57161,0.57122,0.57132,1304.82
2025.03.28 05:00:00,0.57136,0.57168,0.57123,0.57156,1221.6
2025.03.28 06:00:00,0.57155,0.57171,0.57112,0.57123,1698.25
2025.03.28 07:00:00,0.57122,0.57232,0.5711,0.57196,2941.95
2025.03.28 08:00:00,0.57195,0.57245,0.57169,0.57185,3323.55
2025.03.28 09:00:00,0.57187,0.57214,0.57132,0.57178,2390.25
2025.03.28 10:00:00,0.57179,0.5721,0.57143,0.57154,2924.97
2025.03.28 11:00:00,0.57152,0.57181,0.57124,0.57152,2091.3
2025.03.28 12:00:00,0.57154,0.57268,0.57116,0.57251,4360.93
2025.03.28 13:00:00,0.5725,0.57347,0.57233,0.57318,5557.5
2025.03.28 14:00:00,0.57312,0.57359,0.57212,0.57227,6574.16
2025.03.28 15:00:00,0.57225,0.57327,0.57225,0.57277,5265.6
2025.03.28 16:00:00,0.57279,0.57293,0.57203,0.5722,3072.29
2025.03.28 17:00:00,0.5722,0.57221,0.57149,0.57177,2528.83
2025.03.28 18:00:00,0.57177,0.57198,0.57131,0.57136,2203.19
2025.03.28 19:00:00,0.57136,0.57168,0.57108,0.57137,1553.02
2025.03.28 20:00:00,0.57136,0.57174,0.57097,0.57097,2955.15
2025.03.30 21:00:00,0.57147,0.57167,0.57029,0.57041,448.72
2025.03.30 22:00:00,0.5704,0.57069,0.56974,0.57024,2521.08
2025.03.30 23:00:00,0.57024,0.57068,0.56933,0.57057,3435.21
2025.03.31 00:00:00,0.57059,0.57063,0.56969,0.57045,4609.65
2025.03.31 01:00:00,0.57046,0.5716,0.57045,0.57093,3864.37
2025.03.31 02:00:00,0.57091,0.57142,0.57058,0.57095,2757.15
2025.03.31 03:00:00,0.57095,0.57106,0.5706,0.57074,2200.2
2025.03.31 04:00:00,0.57075,0.57084,0.57044,0.57059,1455.3
2025.03.31 05:00:00,0.57057,0.57135,0.57051,0.57094,1976.4
2025.03.31 06:00:00,0.57094,0.57182,0.57061,0.57157,4137.3
2025.03.31 07:00:00,0.57157,0.5722,0.5698,0.56989,5386.8
2025.03.31 08:00:00,0.56988,0.56995,0.56866,0.56884,4261.55
2025.03.31 09:00:00,0.56883,0.56915,0.56828,0.56845,2335.25
2025.03.31 10:00:00,0.56844,0.5688,0.56803,0.56865,2463.82
2025.03.31 11:00:00,0.56866,0.56912,0.56855,0.56861,1996.2
2025.03.31 12:00:00,0.56861,0.56862,0.56694,0.56695,3178.45
2025.03.31 13:00:00,0.56693,0.56746,0.56613,0.56651,4680.36
2025.03.31 14:00:00,0.5665,0.56654,0.56482,0.56631,6858.48
2025.03.31 15:00:00,0.56629,0.567,0.56622,0.56633,6177.24
2025.03.31 16:00:00,0.56634,0.56741,0.56626,0.56694,3537.3
2025.03.31 17:00:00,0.56694,0.56744,0.56688,0.5669,2423.47
2025.03.31 18:00:00,0.56688,0.56774,0.56686,0.56758,2275.86
2025.03.31 19:00:00,0.56756,0.56796,0.56743,0.56769,1751.7
2025.03.31 20:00:00,0.56771,0.56792,0.56745,0.5678,1099.35
2025.03.31 21:00:00,0.56769,0.56797,0.5668,0.5678,721.19
2025.03.31 22:00:00,0.56783,0.56783,0.56715,0.56715,576.03
2025.03.31 23:00:00,0.56716,0.56736,0.56681,0.56684,963.15
2025.04.01 00:00:00,0.56685,0.56729,0.56667,0.56708,2303.17
2025.04.01 01:00:00,0.56707,0.56712,0.56624,0.56703,2683.05
2025.04.01 02:00:00,0.56701,0.56789,0.56696,0.56761,4464.17
2025.04.01 03:00:00,0.56761,0.56822,0.56701,0.56727,3611.01
2025.04.01 04:00:00,0.56727,0.56882,0.56723,0.56873,1741.05
2025.04.01 05:00:00,0.56875,0.56875,0.56723,0.56727,3695.7
2025.04.01 06:00:00,0.56727,0.56775,0.56671,0.56736,4008.09
2025.04.01 07:00:00,0.56735,0.56735,0.5664,0.56727,4797.9
2025.04.01 08:00:00,0.56726,0.56791,0.56709,0.56785,2779.15
2025.04.01 09:00:00,0.56784,0.56853,0.56784,0.56813,2307.82
2025.04.01 10:00:00,0.56814,0.56827,0.56721,0.56743,5011.93
2025.04.01 11:00:00,0.56742,0.56773,0.56709,0.5674,3934.05
2025.04.01 12:00:00,0.56737,0.56832,0.56736,0.56775,4245.64
2025.04.01 13:00:00,0.56774,0.5681,0.56753,0.56767,3698.61
2025.04.01 14:00:00,0.56767,0.57035,0.56759,0.57001,8431.38
2025.04.01 15:00:00,0.56999,0.57041,0.56978,0.57014,6259.24
2025.04.01 16:00:00,0.57013,0.5703,0.56916,0.56966,4424.77
2025.04.01 17:00:00,0.56966,0.56989,0.56937,0.56937,2395.8
2025.04.01 18:00:00,0.56936,0.56939,0.56884,0.56889,1899.15
2025.04.01 19:00:00,0.56892,0.56988,0.56889,0.56988,1593.45
2025.04.01 20:00:00,0.56988,0.57026,0.56964,0.56994,1156.21
2025.04.01 21:00:00,0.56973,0.5702,0.56911,0.56988,2313.99
2025.04.01 22:00:00,0.57002,0.57111,0.56989,0.57073,1683.16
2025.04.01 23:00:00,0.57075,0.57141,0.57035,0.57111,1159.95
2025.04.02 00:00:00,0.5711,0.57113,0.57032,0.57048,2191.53
2025.04.02 01:00:00,0.57048,0.57166,0.57019,0.57155,2295.3
2025.04.02 02:00:00,0.57156,0.5723,0.57146,0.57191,2460.82
2025.04.02 03:00:00,0.57193,0.57237,0.57188,0.57202,1740.97
2025.04.02 04:00:00,0.57201,0.57241,0.5719,0.5721,1090.2
2025.04.02 05:00:00,0.57211,0.57221,0.57166,0.57213,1688.55
2025.04.02 06:00:00,0.57214,0.57323,0.57206,0.57257,3049.65
2025.04.02 07:00:00,0.57255,0.57367,0.57238,0.57362,2676.11
2025.04.02 08:00:00,0.57361,0.57401,0.57346,0.57395,2237.55
2025.04.02 09:00:00,0.57397,0.57465,0.5739,0.57459,1992.9
2025.04.02 10:00:00,0.57458,0.57459,0.57353,0.57392,3878.44
2025.04.02 11:00:00,0.57391,0.57454,0.57378,0.57447,2224.95
2025.04.02 12:00:00,0.57449,0.57461,0.57365,0.57455,3786.05
2025.04.02 13:00:00,0.57454,0.57457,0.57388,0.57419,4537.62
2025.04.02 14:00:00,0.57418,0.57455,0.57334,0.57403,6308.44
2025.04.02 15:00:00,0.57403,0.57425,0.57346,0.57386,4645.75
2025.04.02 16:00:00,0.57385,0.57391,0.57305,0.57343,3086.34
2025.04.02 17:00:00,0.57343,0.57416,0.57328,0.57342,2125.8
2025.04.02 18:00:00,0.57343,0.57385,0.57309,0.57347,2062.05
2025.04.02 19:00:00,0.57347,0.57407,0.57347,0.5738,1499.7
2025.04.02 20:00:00,0.57379,0.5779,0.57083,0.57424,16957.27
2025.04.02 21:00:00,0.57149,0.5747,0.56929,0.57153,1332.24
2025.04.02 22:00:00,0.57154,0.57215,0.5681,0.57037,9408.29
2025.04.02 23:00:00,0.5704,0.57319,0.56999,0.5726,8874.26
2025.04.03 00:00:00,0.57259,0.57402,0.5719,0.57329,9881.07
2025.04.03 01:00:00,0.57331,0.57445,0.573,0.57311,10922.09
2025.04.03 02:00:00,0.57311,0.5742,0.5727,0.57413,5707.05
2025.04.03 03:00:00,0.57412,0.57443,0.57342,0.57357,4728
2025.04.03 04:00:00,0.57356,0.57366,0.57283,0.57309,5063.24
2025.04.03 05:00:00,0.5731,0.57664,0.57308,0.57569,5834.92
2025.04.03 06:00:00,0.57568,0.57766,0.57477,0.57759,8734.87
2025.04.03 07:00:00,0.5776,0.57797,0.57638,0.57683,7950.59
2025.04.03 08:00:00,0.57686,0.57992,0.57676,0.57958,4938.45
2025.04.03 09:00:00,0.5796,0.58072,0.57924,0.5804,6536.56
2025.04.03 10:00:00,0.58041,0.58243,0.58019,0.58048,10831.89
2025.04.03 11:00:00,0.58049,0.58295,0.58014,0.58245,6802.32
2025.04.03 12:00:00,0.58246,0.58337,0.58161,0.58298,10329.22
2025.04.03 13:00:00,0.58299,0.58527,0.58231,0.5832,12082.54
2025.04.03 14:00:00,0.5832,0.58501,0.58259,0.58403,9749.46
2025.04.03 15:00:00,0.58405,0.58408,0.58084,0.58124,9096.02
2025.04.03 16:00:00,0.58127,0.5819,0.58087,0.58101,6306.99
2025.04.03 17:00:00,0.58099,0.58099,0.57994,0.58019,3449.09
2025.04.03 18:00:00,0.58015,0.58022,0.57933,0.58008,2688.72
2025.04.03 19:00:00,0.58014,0.58014,0.57829,0.57837,3435.14
2025.04.03 20:00:00,0.57838,0.57934,0.57824,0.57922,2303.75
2025.04.03 21:00:00,0.57922,0.57943,0.57816,0.57874,608.44
2025.04.03 22:00:00,0.57883,0.57967,0.57868,0.57931,1911.87
2025.04.03 23:00:00,0.57931,0.57934,0.57812,0.5787,2862.44
2025.04.04 00:00:00,0.5787,0.57965,0.57822,0.57907,4064.4
2025.04.04 01:00:00,0.57907,0.5792,0.57755,0.57769,3827.17
2025.04.04 02:00:00,0.57771,0.57776,0.57393,0.57421,6090.23
2025.04.04 03:00:00,0.5742,0.57435,0.57252,0.57333,6308.86
2025.04.04 04:00:00,0.57334,0.5734,0.57138,0.57157,5463.15
2025.04.04 05:00:00,0.57159,0.5729,0.57144,0.57267,4771.37
2025.04.04 06:00:00,0.57266,0.57309,0.57137,0.57166,7390.04
2025.04.04 07:00:00,0.57165,0.57241,0.56868,0.56886,8284.11
2025.04.04 08:00:00,0.56885,0.56978,0.56807,0.56896,10500.37
2025.04.04 09:00:00,0.56895,0.56947,0.56805,0.56892,8535.63
2025.04.04 10:00:00,0.56892,0.56923,0.56606,0.5662,17972.39
2025.04.04 11:00:00,0.56621,0.56732,0.56127,0.5642,24656.68
2025.04.04 12:00:00,0.56422,0.56547,0.56272,0.56418,23134.98
2025.04.04 13:00:00,0.56418,0.56576,0.56185,0.56277,19886.94
2025.04.04 14:00:00,0.56275,0.56381,0.55884,0.56127,18154.19
2025.04.04 15:00:00,0.56127,0.56323,0.55715,0.55922,22088.78
2025.04.04 16:00:00,0.55922,0.55969,0.55634,0.55688,11963.49
2025.04.04 17:00:00,0.55691,0.55864,0.55509,0.55828,12537.38
2025.04.04 18:00:00,0.55825,0.55917,0.55709,0.55762,8243.73
2025.04.04 19:00:00,0.55762,0.56086,0.55718,0.55866,6905.85
2025.04.04 20:00:00,0.55868,0.55967,0.55802,0.55931,6305.91
2025.04.06 21:00:00,0.5576,0.55788,0.55692,0.55747,366.6
2025.04.06 22:00:00,0.55751,0.55758,0.55371,0.55496,21127.02
2025.04.06 23:00:00,0.55496,0.55729,0.5538,0.55397,16571.83
2025.04.07 00:00:00,0.55398,0.55561,0.55195,0.55534,16125.55
2025.04.07 01:00:00,0.55535,0.55838,0.55475,0.55742,13768.18
2025.04.07 02:00:00,0.55746,0.55795,0.55573,0.55624,9027.47
2025.04.07 03:00:00,0.55624,0.55828,0.55575,0.55809,7014.59
2025.04.07 04:00:00,0.55807,0.55822,0.5564,0.55686,5829.79
2025.04.07 05:00:00,0.55687,0.56014,0.55591,0.55644,10139.46
2025.04.07 06:00:00,0.55643,0.5571,0.55515,0.55683,12243.61
2025.04.07 07:00:00,0.55683,0.55896,0.55666,0.55815,14397.2
2025.04.07 08:00:00,0.55816,0.55911,0.55617,0.55633,12454.57
2025.04.07 09:00:00,0.55633,0.55777,0.55524,0.55734,10751.33
2025.04.07 10:00:00,0.55732,0.55984,0.55709,0.5584,18455.86
2025.04.07 11:00:00,0.55844,0.55932,0.5574,0.55816,17282.81
2025.04.07 12:00:00,0.55817,0.56168,0.55768,0.561,21338.04
2025.04.07 13:00:00,0.56099,0.56102,0.55821,0.55921,19611.38
2025.04.07 14:00:00,0.55921,0.56436,0.55404,0.5547,37175.66
2025.04.07 15:00:00,0.5547,0.55628,0.55262,0.55342,26557.2
2025.04.07 16:00:00,0.5534,0.55344,0.5506,0.55094,15811.54
2025.04.07 17:00:00,0.55093,0.55528,0.55093,0.55485,18641.54
2025.04.07 18:00:00,0.55489,0.55526,0.55278,0.55279,12488.52
2025.04.07 19:00:00,0.55274,0.55428,0.55254,0.55306,8447.97
2025.04.07 20:00:00,0.55308,0.55408,0.55301,0.55357,4483.39
2025.04.07 21:00:00,0.55349,0.55446,0.55265,0.55418,330.48
2025.04.07 22:00:00,0.55438,0.55469,0.55348,0.55367,1714.29
2025.04.07 23:00:00,0.55366,0.55413,0.55293,0.55357,2888.49
2025.04.08 00:00:00,0.55357,0.55583,0.5534,0.55421,7088.33
2025.04.08 01:00:00,0.5542,0.55718,0.5533,0.55691,10963.1
2025.04.08 02:00:00,0.55689,0.5585,0.55655,0.55763,5714.76
2025.04.08 03:00:00,0.55764,0.55788,0.55687,0.55706,3945.57
2025.04.08 04:00:00,0.55704,0.56082,0.557,0.56065,5363.34
2025.04.08 05:00:00,0.56062,0.56086,0.5588,0.56072,5394.95
2025.04.08 06:00:00,0.56072,0.56131,0.55965,0.56095,8524.92
2025.04.08 07:00:00,0.56098,0.56232,0.55956,0.55957,9237.12
2025.04.08 08:00:00,0.55956,0.56063,0.55912,0.56013,6204.93
2025.04.08 09:00:00,0.5601,0.56012,0.55813,0.55884,6420.41
2025.04.08 10:00:00,0.5588,0.5599,0.55854,0.55898,5167.78
2025.04.08 11:00:00,0.55899,0.55994,0.55857,0.55994,8499.33
2025.04.08 12:00:00,0.55995,0.56211,0.55987,0.56117,9820.43
2025.04.08 13:00:00,0.56116,0.56254,0.56041,0.56147,14613.73
2025.04.08 14:00:00,0.56147,0.56195,0.55804,0.55814,12143.83
2025.04.08 15:00:00,0.55814,0.55888,0.55668,0.55741,10693.29
2025.04.08 16:00:00,0.55741,0.55791,0.55549,0.55568,11176.35
2025.04.08 17:00:00,0.55568,0.55629,0.55459,0.55562,12377.47
2025.04.08 18:00:00,0.55563,0.5563,0.55444,0.55475,10234.99
2025.04.08 19:00:00,0.55467,0.55508,0.55303,0.55386,6293.28
2025.04.08 20:00:00,0.55385,0.55423,0.55201,0.55309,3925.19
2025.04.08 21:00:00,0.55309,0.5539,0.55186,0.55275,1283.21
2025.04.08 22:00:00,0.55275,0.55314,0.55158,0.55209,5766.15
2025.04.08 23:00:00,0.55209,0.5524,0.55068,0.55138,4839.13
2025.04.09 00:00:00,0.55139,0.55267,0.54851,0.55253,10852.51
2025.04.09 01:00:00,0.55253,0.55414,0.5525,0.5534,12264.11
2025.04.09 02:00:00,0.55335,0.55601,0.55301,0.55331,10934.16
2025.04.09 03:00:00,0.55331,0.55475,0.55231,0.55281,7555.93
2025.04.09 04:00:00,0.55278,0.555,0.55134,0.55445,12743.12
2025.04.09 05:00:00,0.55447,0.55457,0.55241,0.55375,13159.84
2025.04.09 06:00:00,0.55377,0.55648,0.55367,0.55541,20843.67
2025.04.09 07:00:00,0.55539,0.55632,0.55345,0.55627,21667.67
2025.04.09 08:00:00,0.55625,0.55642,0.5547,0.5561,12427.02
2025.04.09 09:00:00,0.5561,0.55629,0.55503,0.55521,7094.47
2025.04.09 10:00:00,0.55523,0.55771,0.55491,0.5569,7452.37
2025.04.09 11:00:00,0.55692,0.55719,0.5541,0.5552,19039.26
2025.04.09 12:00:00,0.5552,0.55819,0.55483,0.55802,14899.83
2025.04.09 13:00:00,0.55803,0.55928,0.55727,0.55908,13575.63
2025.04.09 14:00:00,0.55907,0.5592,0.55484,0.55508,13299.44
2025.04.09 15:00:00,0.5551,0.55665,0.55479,0.55584,9150.96
2025.04.09 16:00:00,0.55588,0.55742,0.55552,0.55705,6024.84
2025.04.09 17:00:00,0.55709,0.56557,0.55657,0.56397,29833.19
2025.04.09 18:00:00,0.56396,0.56677,0.56277,0.56462,25448.47
2025.04.09 19:00:00,0.56457,0.5665,0.56359,0.56386,14835.78
2025.04.09 20:00:00,0.56388,0.5646,0.56275,0.56392,10735.83
2025.04.09 21:00:00,0.56353,0.56452,0.56353,0.56424,1377.24
2025.04.09 22:00:00,0.56457,0.56633,0.56424,0.56462,7938.29
2025.04.09 23:00:00,0.56464,0.56487,0.56342,0.56356,4654.31
2025.04.10 00:00:00,0.56356,0.56546,0.56352,0.5644,8857.19
2025.04.10 01:00:00,0.5644,0.56509,0.56275,0.56311,9421.12
2025.04.10 02:00:00,0.56313,0.56619,0.56308,0.56605,5684.14
2025.04.10 03:00:00,0.56606,0.56887,0.56581,0.56855,5796
2025.04.10 04:00:00,0.56856,0.56962,0.56784,0.56948,5203.16
2025.04.10 05:00:00,0.56949,0.57041,0.56903,0.56981,4915.86
2025.04.10 06:00:00,0.56982,0.57094,0.56839,0.56958,7828.65
2025.04.10 07:00:00,0.56958,0.56982,0.56635,0.56809,14234.33
2025.04.10 08:00:00,0.56808,0.56826,0.56605,0.56728,12061.09
2025.04.10 09:00:00,0.56726,0.56873,0.56661,0.56781,9032.65
2025.04.10 10:00:00,0.56781,0.56982,0.56781,0.56894,11559.1
2025.04.10 11:00:00,0.56895,0.57047,0.56877,0.57032,9170.74
2025.04.10 12:00:00,0.57031,0.57363,0.56967,0.57037,16138.61
2025.04.10 13:00:00,0.57038,0.57204,0.56988,0.57058,16344.01
2025.04.10 14:00:00,0.57056,0.57403,0.5693,0.57394,13144.61
2025.04.10 15:00:00,0.57394,0.57511,0.57176,0.572,16683.8
2025.04.10 16:00:00,0.57199,0.57283,0.57055,0.57249,13752.42
2025.04.10 17:00:00,0.57247,0.57479,0.57163,0.57472,11006.4
2025.04.10 18:00:00,0.57471,0.57651,0.57445,0.57519,9413.14
2025.04.10 19:00:00,0.57512,0.57577,0.57239,0.57402,14253.81
2025.04.10 20:00:00,0.57401,0.57524,0.57322,0.57369,4380.07
2025.04.10 21:00:00,0.57354,0.57406,0.57249,0.5736,1863.55
2025.04.10 22:00:00,0.5736,0.57523,0.5735,0.57489,4494.47
2025.04.10 23:00:00,0.5749,0.57497,0.57377,0.57464,6478.54
2025.04.11 00:00:00,0.57463,0.57747,0.57424,0.57548,16653.12
2025.04.11 01:00:00,0.57549,0.57867,0.57505,0.57778,20406.83
2025.04.11 02:00:00,0.57777,0.57964,0.5768,0.57882,13173.83
2025.04.11 03:00:00,0.57882,0.57992,0.5782,0.57946,9661.28
2025.04.11 04:00:00,0.57947,0.57989,0.57657,0.57664,9744.34
2025.04.11 05:00:00,0.57663,0.57796,0.57583,0.57727,9129.24
2025.04.11 06:00:00,0.5773,0.57769,0.57531,0.57621,11945.35
2025.04.11 07:00:00,0.57618,0.57977,0.57606,0.57955,13611.78
2025.04.11 08:00:00,0.57953,0.58118,0.57852,0.58098,15324.19
2025.04.11 09:00:00,0.58095,0.58228,0.58031,0.58147,10504.51
2025.04.11 10:00:00,0.58146,0.58146,0.578,0.5797,10267.85
2025.04.11 11:00:00,0.57971,0.58135,0.5796,0.57994,9769.87
2025.04.11 12:00:00,0.57994,0.58256,0.57943,0.582,18457.37
2025.04.11 13:00:00,0.582,0.58395,0.57984,0.58015,23222.98
2025.04.11 14:00:00,0.58015,0.5806,0.5784,0.57926,22075.83
2025.04.11 15:00:00,0.57927,0.57976,0.57761,0.57938,17460.68
2025.04.11 16:00:00,0.57936,0.58031,0.57791,0.57994,11103.19
2025.04.11 17:00:00,0.57996,0.58142,0.57939,0.58061,10694.54
2025.04.11 18:00:00,0.58061,0.58232,0.58052,0.58192,8146.53
2025.04.11 19:00:00,0.58192,0.58322,0.58183,0.58286,5396.41
2025.04.11 20:00:00,0.58283,0.58331,0.58192,0.5823,4514.26
2025.04.13 21:00:00,0.58141,0.58326,0.58138,0.58311,1518.75
2025.04.13 22:00:00,0.58311,0.58369,0.5823,0.58289,8630.77
2025.04.13 23:00:00,0.58291,0.58431,0.58252,0.58343,6057.58
2025.04.14 00:00:00,0.58345,0.58532,0.58335,0.58432,7723.66
2025.04.14 01:00:00,0.58433,0.58597,0.58373,0.58391,8999.9
2025.04.14 02:00:00,0.5839,0.58499,0.58317,0.58463,6820.51
2025.04.14 03:00:00,0.58461,0.58485,0.58305,0.58428,3874.05
2025.04.14 04:00:00,0.58433,0.58541,0.58414,0.58536,2122.78
2025.04.14 05:00:00,0.58536,0.58597,0.58498,0.58541,2468.85
2025.04.14 06:00:00,0.58543,0.58883,0.58509,0.58847,7293.32
2025.04.14 07:00:00,0.58844,0.5888,0.58701,0.58738,8705.49
2025.04.14 08:00:00,0.58739,0.58912,0.58717,0.58838,5145.22
2025.04.14 09:00:00,0.58836,0.58893,0.58692,0.58709,4070.56
2025.04.14 10:00:00,0.58709,0.58762,0.58642,0.5871,3710.55
2025.04.14 11:00:00,0.58715,0.58772,0.58587,0.58622,3077.5
2025.04.14 12:00:00,0.58625,0.58639,0.58426,0.58452,7813.67
2025.04.14 13:00:00,0.58454,0.5858,0.583,0.58562,14573.51
2025.04.14 14:00:00,0.58563,0.58837,0.58556,0.58812,12764.48
2025.04.14 15:00:00,0.58812,0.5886,0.58648,0.5865,10321.3
2025.04.14 16:00:00,0.58651,0.58749,0.58624,0.58632,8791.23
2025.04.14 17:00:00,0.58634,0.58811,0.5863,0.58763,6901.83
2025.04.14 18:00:00,0.58762,0.58867,0.58762,0.58863,4177.83
2025.04.14 19:00:00,0.58861,0.58898,0.58811,0.58836,3799.76
2025.04.14 20:00:00,0.58837,0.58842,0.58726,0.58749,2762.47
2025.04.14 21:00:00,0.58741,0.58763,0.58604,0.58677,374.4
2025.04.14 22:00:00,0.58694,0.58777,0.58682,0.58734,2539.36
2025.04.14 23:00:00,0.58733,0.58776,0.58607,0.58641,2512.02
2025.04.15 00:00:00,0.58642,0.58839,0.58642,0.58839,6021
2025.04.15 01:00:00,0.58839,0.59,0.58831,0.58902,6100.77
2025.04.15 02:00:00,0.58902,0.59145,0.58902,0.59089,5966.62
2025.04.15 03:00:00,0.59088,0.59133,0.59012,0.59102,3135.12
2025.04.15 04:00:00,0.59103,0.59278,0.59098,0.59223,3795.24
2025.04.15 05:00:00,0.59221,0.59274,0.59046,0.59059,4396.2
2025.04.15 06:00:00,0.59059,0.59121,0.59025,0.59105,8101.17
2025.04.15 07:00:00,0.59104,0.59202,0.59075,0.5916,7097.4
2025.04.15 08:00:00,0.59157,0.59163,0.59022,0.59057,5621.4
2025.04.15 09:00:00,0.59057,0.59182,0.59027,0.59102,3402.7
2025.04.15 10:00:00,0.59099,0.59248,0.59092,0.5923,2951.54
2025.04.15 11:00:00,0.59231,0.59248,0.59138,0.59227,4047.51
2025.04.15 12:00:00,0.59227,0.59383,0.59216,0.59325,7085.98
2025.04.15 13:00:00,0.59325,0.59436,0.59318,0.59348,10042.34
2025.04.15 14:00:00,0.59349,0.59372,0.59169,0.59298,9656.11
2025.04.15 15:00:00,0.59298,0.59319,0.59116,0.59145,6365.82
2025.04.15 16:00:00,0.59146,0.59198,0.59034,0.59063,4299.55
2025.04.15 17:00:00,0.59062,0.591,0.58992,0.59038,3382.64
2025.04.15 18:00:00,0.59037,0.59037,0.58912,0.58964,3348.7
2025.04.15 19:00:00,0.58964,0.59043,0.58958,0.58983,1877.5
2025.04.15 20:00:00,0.58984,0.59034,0.58951,0.58976,1643.77
2025.04.15 21:00:00,0.58969,0.59,0.58892,0.58895,2532.81
2025.04.15 22:00:00,0.58904,0.59012,0.58893,0.59008,3315.05
2025.04.15 23:00:00,0.5901,0.59016,0.58856,0.58937,3771.99
2025.04.16 00:00:00,0.58937,0.59092,0.58892,0.58949,6114.41
2025.04.16 01:00:00,0.58952,0.59077,0.58952,0.59003,5545.89
2025.04.16 02:00:00,0.59005,0.59087,0.58931,0.58991,6646.77
2025.04.16 03:00:00,0.5899,0.59118,0.58983,0.59118,4077.54
2025.04.16 04:00:00,0.59116,0.59214,0.59096,0.592,3310.72
2025.04.16 05:00:00,0.59201,0.59274,0.59129,0.59243,6399.9
2025.04.16 06:00:00,0.59244,0.5925,0.59093,0.59174,6262.23
2025.04.16 07:00:00,0.59176,0.5926,0.59117,0.59177,5117.85
2025.04.16 08:00:00,0.5918,0.59299,0.59103,0.59203,12583.39
2025.04.16 09:00:00,0.59202,0.59234,0.59094,0.59117,10176.54
2025.04.16 10:00:00,0.59118,0.5918,0.59072,0.59127,5364.58
2025.04.16 11:00:00,0.59127,0.59171,0.59101,0.59135,3186.78
2025.04.16 12:00:00,0.59135,0.59194,0.58991,0.59037,8562.45
2025.04.16 13:00:00,0.59037,0.59113,0.58998,0.59104,11091.21
2025.04.16 14:00:00,0.59104,0.59187,0.59008,0.59185,9808.59
2025.04.16 15:00:00,0.59187,0.59302,0.5918,0.59269,5922.9
2025.04.16 16:00:00,0.5927,0.59296,0.59236,0.59261,3928.65
2025.04.16 17:00:00,0.59262,0.5928,0.59095,0.59105,8689.09
2025.04.16 18:00:00,0.59106,0.59274,0.59102,0.59252,7090.59
2025.04.16 19:00:00,0.59252,0.59324,0.5923,0.59299,4359.75
2025.04.16 20:00:00,0.59295,0.59367,0.59277,0.59338,2808.07
2025.04.16 21:00:00,0.59326,0.59344,0.59195,0.59321,2308.37
2025.04.16 22:00:00,0.59321,0.59429,0.593,0.59376,2081.03
2025.04.16 23:00:00,0.59377,0.59429,0.59336,0.5935,2602.28
2025.04.17 00:00:00,0.59351,0.59366,0.59192,0.59208,6585.64
2025.04.17 01:00:00,0.59207,0.59209,0.59083,0.59123,7242.15
2025.04.17 02:00:00,0.59122,0.5925,0.59117,0.59199,5048.59
2025.04.17 03:00:00,0.59201,0.59246,0.59128,0.59131,2880.38
2025.04.17 04:00:00,0.59135,0.59151,0.59066,0.59093,2778.48
2025.04.17 05:00:00,0.59095,0.59159,0.59018,0.5908,2656.97
2025.04.17 06:00:00,0.59077,0.59086,0.58994,0.59007,4490.94
2025.04.17 07:00:00,0.59006,0.59195,0.59005,0.59169,4637.85
2025.04.17 08:00:00,0.59168,0.59261,0.5914,0.59252,3459.3
2025.04.17 09:00:00,0.59252,0.59319,0.59242,0.59271,2879.25
2025.04.17 10:00:00,0.59271,0.59345,0.59257,0.5932,3886.74
2025.04.17 11:00:00,0.59322,0.59402,0.59314,0.5937,4498.95
2025.04.17 12:00:00,0.59371,0.59604,0.59369,0.59599,9047.4
2025.04.17 13:00:00,0.59599,0.59697,0.59509,0.59682,6716.1
2025.04.17 14:00:00,0.59681,0.59724,0.59564,0.59574,6583.05
2025.04.17 15:00:00,0.59574,0.59716,0.59569,0.59673,4625.1
2025.04.17 16:00:00,0.59674,0.59751,0.59628,0.59698,5392.11
2025.04.17 17:00:00,0.59699,0.59722,0.59652,0.59705,2392.05
2025.04.17 18:00:00,0.59706,0.59774,0.5967,0.59751,2727.12
2025.04.17 19:00:00,0.59745,0.59759,0.59705,0.59714,2350.65
2025.04.17 20:00:00,0.59714,0.59742,0.59691,0.59709,1790.65
2025.04.17 21:00:00,0.59709,0.59709,0.59432,0.59624,561.52
2025.04.17 22:00:00,0.59625,0.59676,0.59625,0.59669,2834.55
2025.04.17 23:00:00,0.59668,0.59738,0.59662,0.59699,5951.4
2025.04.18 00:00:00,0.59697,0.5973,0.59657,0.59702,12138.84
2025.04.18 01:00:00,0.59701,0.59707,0.59603,0.59626,19651.91
2025.04.18 02:00:00,0.59626,0.59656,0.593,0.59338,23145.55
2025.04.18 03:00:00,0.59337,0.59384,0.59244,0.59334,24154.8
2025.04.18 04:00:00,0.59336,0.59376,0.59321,0.59359,25676.63
2025.04.18 05:00:00,0.59358,0.59362,0.5924,0.59311,15861.63
2025.04.18 06:00:00,0.59311,0.59368,0.59259,0.59364,21799.75
2025.04.18 07:00:00,0.59363,0.59434,0.59247,0.59268,14730.73
2025.04.18 08:00:00,0.59266,0.59291,0.59239,0.59253,25717.87
2025.04.18 09:00:00,0.59253,0.59342,0.59243,0.59309,22496.11
2025.04.18 10:00:00,0.5931,0.59365,0.59283,0.59304,25409.56
2025.04.18 11:00:00,0.59299,0.59315,0.59288,0.59302,19586.76
2025.04.18 12:00:00,0.59304,0.59317,0.59276,0.59307,17070.95
2025.04.18 13:00:00,0.59307,0.59312,0.59281,0.59309,16109
2025.04.18 14:00:00,0.59309,0.59316,0.59295,0.59307,18681.89
2025.04.18 15:00:00,0.59307,0.59317,0.59285,0.59312,16497.63
2025.04.18 16:00:00,0.59312,0.59318,0.59297,0.59315,9767.76
2025.04.18 17:00:00,0.59315,0.59378,0.59306,0.59372,17716.63
2025.04.18 18:00:00,0.59373,0.59393,0.59327,0.59345,18595.63
2025.04.18 19:00:00,0.59345,0.59371,0.59309,0.5932,12523.73
2025.04.18 20:00:00,0.59321,0.594,0.59298,0.59301,12487.5
2025.04.20 21:00:00,0.59179,0.59253,0.5915,0.59253,303.72
2025.04.20 22:00:00,0.59318,0.5955,0.59318,0.59503,8298.22
2025.04.20 23:00:00,0.59506,0.59598,0.59494,0.59589,5202.87
2025.04.21 00:00:00,0.5959,0.597,0.59582,0.59602,4634.04
2025.04.21 01:00:00,0.59603,0.59666,0.59586,0.59663,3229.47
2025.04.21 02:00:00,0.59661,0.59818,0.5964,0.59786,3782.39
2025.04.21 03:00:00,0.59785,0.60037,0.59783,0.60013,3685.39
2025.04.21 04:00:00,0.60013,0.60013,0.59869,0.59973,2457.12
2025.04.21 05:00:00,0.59972,0.60134,0.59951,0.60112,2622.82
2025.04.21 06:00:00,0.60111,0.60132,0.59946,0.60001,4688.66
2025.04.21 07:00:00,0.60002,0.6017,0.59979,0.60139,6086.33
2025.04.21 08:00:00,0.6014,0.60168,0.6008,0.6015,6262.93
2025.04.21 09:00:00,0.60149,0.60185,0.60097,0.60104,5245.95
2025.04.21 10:00:00,0.60103,0.60121,0.60019,0.60071,3860.73
2025.04.21 11:00:00,0.60073,0.60161,0.60025,0.60094,3670.09
2025.04.21 12:00:00,0.60092,0.60177,0.60022,0.60166,3835.36
2025.04.21 13:00:00,0.60165,0.60183,0.60035,0.6007,4997.55
2025.04.21 14:00:00,0.6007,0.60124,0.60038,0.60046,6025.77
2025.04.21 15:00:00,0.60048,0.60048,0.59955,0.59987,3681.13
2025.04.21 16:00:00,0.59986,0.60022,0.59976,0.60002,2192.55
2025.04.21 17:00:00,0.60004,0.60006,0.59925,0.5998,2019.15
2025.04.21 18:00:00,0.5998,0.60051,0.59952,0.60038,2149.63
2025.04.21 19:00:00,0.60034,0.60135,0.59998,0.60007,2503.12
2025.04.21 20:00:00,0.60009,0.60025,0.59973,0.59993,1076.6
2025.04.21 21:00:00,0.5999,0.59999,0.59853,0.59924,598.62
2025.04.21 22:00:00,0.59927,0.60011,0.59927,0.5997,1640.64
2025.04.21 23:00:00,0.59972,0.60013,0.5994,0.59996,2667.96
2025.04.22 00:00:00,0.59998,0.60025,0.59801,0.59874,6046.27
2025.04.22 01:00:00,0.59874,0.60025,0.59874,0.59955,5839
2025.04.22 02:00:00,0.59958,0.60079,0.59926,0.60076,4163.64
2025.04.22 03:00:00,0.60076,0.602,0.60068,0.60167,3699.87
2025.04.22 04:00:00,0.60169,0.60231,0.60162,0.60201,2603.08
2025.04.22 05:00:00,0.602,0.60288,0.60097,0.60245,5283.04
2025.04.22 06:00:00,0.60247,0.60276,0.59993,0.60006,6541.62
2025.04.22 07:00:00,0.60008,0.60135,0.59997,0.60061,5541.52
2025.04.22 08:00:00,0.60062,0.60111,0.60025,0.60043,4056.3
2025.04.22 09:00:00,0.60041,0.60091,0.60014,0.60046,3779.32
2025.04.22 10:00:00,0.60046,0.60093,0.6,0.60003,3334.51
2025.04.22 11:00:00,0.60005,0.60008,0.59927,0.59949,3222.28
2025.04.22 12:00:00,0.5995,0.59984,0.59849,0.59917,5068.85
2025.04.22 13:00:00,0.59917,0.59948,0.59845,0.59923,5470.86
2025.04.22 14:00:00,0.59922,0.60013,0.59859,0.59962,5012.91
2025.04.22 15:00:00,0.59965,0.60001,0.59892,0.59922,4560.69
2025.04.22 16:00:00,0.59923,0.59989,0.59871,0.59878,5785.81
2025.04.22 17:00:00,0.59879,0.59926,0.59793,0.59848,5210.68
2025.04.22 18:00:00,0.59848,0.59871,0.59765,0.59778,2211.72
2025.04.22 19:00:00,0.59777,0.59801,0.59649,0.59676,2892.3
2025.04.22 20:00:00,0.59676,0.59706,0.59629,0.59637,1311.14
2025.04.22 21:00:00,0.59637,0.59702,0.5956,0.59595,1541.88
2025.04.22 22:00:00,0.59594,0.59603,0.59362,0.59505,8273.17
2025.04.22 23:00:00,0.59507,0.59654,0.595,0.59586,6158.06
2025.04.23 00:00:00,0.59589,0.59829,0.59587,0.59828,6184.35
2025.04.23 01:00:00,0.59829,0.59873,0.59743,0.5978,5721.39
2025.04.23 02:00:00,0.59781,0.59801,0.59662,0.59712,3925.65
2025.04.23 03:00:00,0.59713,0.59743,0.59608,0.59709,3402
2025.04.23 04:00:00,0.59708,0.59835,0.59654,0.598,3849.3
2025.04.23 05:00:00,0.59802,0.59863,0.59737,0.59832,4467.52
2025.04.23 06:00:00,0.59832,0.59974,0.59813,0.59944,5862.15
2025.04.23 07:00:00,0.59945,0.59973,0.59808,0.59846,5722.2
2025.04.23 08:00:00,0.59846,0.59894,0.59767,0.59866,4521.9
2025.04.23 09:00:00,0.59868,0.59971,0.59867,0.59947,3021.75
2025.04.23 10:00:00,0.59946,0.59951,0.59811,0.59867,2982.6
2025.04.23 11:00:00,0.59866,0.59933,0.59796,0.59881,3358.2
2025.04.23 12:00:00,0.5988,0.59988,0.59854,0.59966,3916.85
2025.04.23 13:00:00,0.59966,0.60133,0.59732,0.59813,11771.28
2025.04.23 14:00:00,0.59821,0.59964,0.59746,0.59828,15614.99
2025.04.23 15:00:00,0.59831,0.5986,0.59621,0.59625,10450.12
2025.04.23 16:00:00,0.59626,0.59628,0.59517,0.59591,5481.77
2025.04.23 17:00:00,0.59592,0.59635,0.59553,0.59599,4444.64
2025.04.23 18:00:00,0.596,0.59626,0.59506,0.59548,4079.69
2025.04.23 19:00:00,0.59549,0.59568,0.59467,0.59503,3242.29
2025.04.23 20:00:00,0.59502,0.5951,0.59434,0.59438,1663.65
2025.04.23 21:00:00,0.59439,0.59453,0.59413,0.59449,956.25
2025.04.23 22:00:00,0.59456,0.59565,0.59443,0.59497,2491.74
2025.04.23 23:00:00,0.59495,0.59561,0.59487,0.595,2321.39
2025.04.24 00:00:00,0.59501,0.59549,0.59437,0.59497,3193.5
2025.04.24 01:00:00,0.59496,0.5954,0.59431,0.59474,4631.4
2025.04.24 02:00:00,0.59473,0.59622,0.59436,0.59622,2716.29
2025.04.24 03:00:00,0.59622,0.59626,0.59487,0.59521,2474.1
2025.04.24 04:00:00,0.59524,0.59578,0.59491,0.5954,2209.5
2025.04.24 05:00:00,0.59539,0.59549,0.5941,0.59429,3281.85
2025.04.24 06:00:00,0.5943,0.59632,0.59425,0.59615,3822.9
2025.04.24 07:00:00,0.59616,0.59724,0.59613,0.59723,3805.2
2025.04.24 08:00:00,0.59726,0.59805,0.59706,0.59742,3906.9
2025.04.24 09:00:00,0.5974,0.59821,0.59721,0.59756,3159.75
2025.04.24 10:00:00,0.59754,0.59822,0.59752,0.59765,2554.2
2025.04.24 11:00:00,0.59765,0.5982,0.59729,0.59736,2758.5
2025.04.24 12:00:00,0.59737,0.59816,0.59722,0.59733,4604.99
2025.04.24 13:00:00,0.59736,0.59805,0.59725,0.59785,4987.94
2025.04.24 14:00:00,0.59786,0.59917,0.59786,0.59866,6273.45
2025.04.24 15:00:00,0.59865,0.59912,0.59764,0.59834,4632.45
2025.04.24 16:00:00,0.59834,0.5994,0.59823,0.59933,4008.75
2025.04.24 17:00:00,0.59932,0.59957,0.59846,0.59868,3019.72
2025.04.24 18:00:00,0.59869,0.59913,0.5985,0.59905,1996.8
2025.04.24 19:00:00,0.59906,0.59984,0.59893,0.59957,1544.7
2025.04.24 20:00:00,0.59954,0.59999,0.59938,0.59957,1031.77
2025.04.24 21:00:00,0.59942,0.59946,0.59717,0.59889,4701.96
2025.04.24 22:00:00,0.59889,0.60005,0.59877,0.5994,1002.53
2025.04.24 23:00:00,0.59941,0.59945,0.59866,0.59872,1574.7
2025.04.25 00:00:00,0.59872,0.59899,0.5983,0.59851,2741.4
2025.04.25 01:00:00,0.59851,0.59905,0.59802,0.59818,3843.3
2025.04.25 02:00:00,0.5982,0.59868,0.59806,0.59852,1994.85
2025.04.25 03:00:00,0.59852,0.59993,0.59825,0.59854,4863.64
2025.04.25 04:00:00,0.59854,0.59865,0.59772,0.5978,2744.25
2025.04.25 05:00:00,0.59779,0.59799,0.59634,0.59671,3241.5
2025.04.25 06:00:00,0.5967,0.59731,0.59597,0.59722,4546.5
2025.04.25 07:00:00,0.59723,0.59828,0.59698,0.59733,6505.2
2025.04.25 08:00:00,0.59734,0.59775,0.5961,0.59633,4469.1
2025.04.25 09:00:00,0.59634,0.59646,0.59503,0.59505,3894.79
2025.04.25 10:00:00,0.59508,0.59569,0.59479,0.5955,5406.63
2025.04.25 11:00:00,0.59553,0.59602,0.59507,0.59553,3071.7
2025.04.25 12:00:00,0.59553,0.59603,0.59537,0.59563,3157.8
2025.04.25 13:00:00,0.59564,0.59589,0.59505,0.59554,5483.1
2025.04.25 14:00:00,0.59558,0.59685,0.59552,0.59617,6430.17
2025.04.25 15:00:00,0.59618,0.59675,0.59581,0.59666,4403.92
2025.04.25 16:00:00,0.59665,0.59688,0.59639,0.59652,2859
2025.04.25 17:00:00,0.5965,0.59694,0.59614,0.59639,3441.15
2025.04.25 18:00:00,0.5964,0.59699,0.59635,0.59695,1768.95
2025.04.25 19:00:00,0.59693,0.59698,0.59638,0.59642,1680.6
2025.04.25 20:00:00,0.59643,0.59655,0.59597,0.5961,3901.22
2025.04.27 21:00:00,0.59471,0.59648,0.59467,0.59592,241.06
2025.04.27 22:00:00,0.59588,0.5965,0.59517,0.59537,2365.99
2025.04.27 23:00:00,0.59538,0.59553,0.59477,0.59486,2092.24
2025.04.28 00:00:00,0.59487,0.59552,0.59484,0.59535,2491.77
2025.04.28 01:00:00,0.59534,0.59601,0.59457,0.59465,2654.65
2025.04.28 02:00:00,0.59464,0.59522,0.59437,0.59476,2290.41
2025.04.28 03:00:00,0.59477,0.59583,0.59427,0.59542,1865.92
2025.04.28 04:00:00,0.59541,0.59672,0.59537,0.5967,1914.89
2025.04.28 05:00:00,0.59672,0.59698,0.59638,0.5967,2706.37
2025.04.28 06:00:00,0.59671,0.59674,0.59417,0.59446,3727.95
2025.04.28 07:00:00,0.59447,0.59482,0.59345,0.59357,3678.75
2025.04.28 08:00:00,0.59353,0.59397,0.59279,0.5938,3426.37
2025.04.28 09:00:00,0.59379,0.5958,0.5937,0.59514,3215.4
2025.04.28 10:00:00,0.59515,0.59558,0.59469,0.59484,3096.37
2025.04.28 11:00:00,0.59483,0.5951,0.59439,0.5946,3135.86
2025.04.28 12:00:00,0.59462,0.59583,0.59456,0.59473,4796.83
2025.04.28 13:00:00,0.59476,0.5965,0.59462,0.59592,7921.26
2025.04.28 14:00:00,0.59593,0.59819,0.59567,0.59769,7245
2025.04.28 15:00:00,0.59773,0.59789,0.59608,0.59627,6361.95
2025.04.28 16:00:00,0.59628,0.59705,0.59617,0.59683,4565.32
2025.04.28 17:00:00,0.59684,0.59684,0.59615,0.59622,3148.2
2025.04.28 18:00:00,0.59621,0.59699,0.59616,0.5967,2417.39
2025.04.28 19:00:00,0.59667,0.59799,0.59665,0.59776,2324.91
2025.04.28 20:00:00,0.59776,0.59789,0.59752,0.59778,1096.05
2025.04.28 21:00:00,0.5977,0.59774,0.59675,0.59757,944.47
2025.04.28 22:00:00,0.59761,0.59794,0.59713,0.59737,1330.71
2025.04.28 23:00:00,0.59734,0.59764,0.59688,0.59701,2469.82
2025.04.29 00:00:00,0.59701,0.59701,0.59592,0.59617,3064.44
2025.04.29 01:00:00,0.59616,0.59665,0.59599,0.59652,3286.27
2025.04.29 02:00:00,0.59651,0.59864,0.59609,0.59614,5295.66
2025.04.29 03:00:00,0.59614,0.59617,0.59501,0.59535,3304.74
2025.04.29 04:00:00,0.59536,0.59564,0.59461,0.59501,1467.6
2025.04.29 05:00:00,0.59502,0.59544,0.59473,0.59542,1981.05
2025.04.29 06:00:00,0.59542,0.5969,0.59534,0.59624,3335.1
2025.04.29 07:00:00,0.59627,0.59771,0.59596,0.59764,4475.4
2025.04.29 08:00:00,0.59764,0.59784,0.59649,0.59662,4277.99
2025.04.29 09:00:00,0.59661,0.59682,0.59561,0.59564,3105.22
2025.04.29 10:00:00,0.59565,0.59606,0.59482,0.59482,2706.3
2025.04.29 11:00:00,0.59485,0.59546,0.59474,0.59496,2510.76
2025.04.29 12:00:00,0.59498,0.59596,0.59497,0.59559,3650.25
2025.04.29 13:00:00,0.5956,0.59567,0.59343,0.59386,6133.9
2025.04.29 14:00:00,0.59405,0.59427,0.59264,0.59317,6130.21
2025.04.29 15:00:00,0.59317,0.59445,0.59309,0.59379,3746.27
2025.04.29 16:00:00,0.5938,0.59495,0.59377,0.59418,3329.37
2025.04.29 17:00:00,0.59418,0.59464,0.59378,0.5943,2456.25
2025.04.29 18:00:00,0.59428,0.59437,0.59352,0.59387,2144.98
2025.04.29 19:00:00,0.59384,0.59433,0.59339,0.59369,1719.37
2025.04.29 20:00:00,0.59368,0.59398,0.59262,0.59296,870.93
2025.04.29 21:00:00,0.59294,0.59347,0.59257,0.59296,1218.68
2025.04.29 22:00:00,0.59296,0.59351,0.59283,0.59314,871.14
2025.04.29 23:00:00,0.59315,0.59389,0.59304,0.5938,1092.54
2025.04.30 00:00:00,0.59377,0.59389,0.59268,0.59286,2196.9
2025.04.30 01:00:00,0.59285,0.59427,0.59266,0.59293,4507.73
2025.04.30 02:00:00,0.59293,0.59358,0.59234,0.59273,3564.45
2025.04.30 03:00:00,0.59273,0.5932,0.59232,0.59299,2827.05
2025.04.30 04:00:00,0.59299,0.59362,0.59284,0.59334,2359.65
2025.04.30 05:00:00,0.59335,0.59444,0.5932,0.59435,1545.75
2025.04.30 06:00:00,0.59436,0.59495,0.59355,0.59381,3790.2
2025.04.30 07:00:00,0.59381,0.59383,0.59177,0.59243,4449.67
2025.04.30 08:00:00,0.59244,0.59279,0.59161,0.59187,3583.95
2025.04.30 09:00:00,0.59187,0.59285,0.59187,0.5925,2489.7
2025.04.30 10:00:00,0.59249,0.59265,0.59164,0.59198,2652.15
2025.04.30 11:00:00,0.59197,0.59243,0.59157,0.59209,2202.9
2025.04.30 12:00:00,0.5921,0.59238,0.59023,0.591,7042.39
2025.04.30 13:00:00,0.59101,0.59165,0.59018,0.59049,8072.5
2025.04.30 14:00:00,0.59048,0.59377,0.58979,0.59338,9138.89
2025.04.30 15:00:00,0.59335,0.59366,0.59231,0.59311,5829.72
2025.04.30 16:00:00,0.59314,0.59337,0.59269,0.59308,4053.14
2025.04.30 17:00:00,0.59307,0.59397,0.593,0.5933,3187.42
2025.04.30 18:00:00,0.59331,0.59456,0.59317,0.59374,4522.17
2025.04.30 19:00:00,0.59373,0.59459,0.5937,0.59389,2652.9
2025.04.30 20:00:00,0.59389,0.59408,0.59327,0.59333,2355.4
2025.04.30 21:00:00,0.59323,0.5934,0.59148,0.59336,1278.89
2025.04.30 22:00:00,0.59349,0.59403,0.59331,0.59367,1211.34
2025.04.30 23:00:00,0.59368,0.59404,0.5931,0.59353,1508.6
2025.05.01 00:00:00,0.59353,0.59444,0.59348,0.5944,2404.71
2025.05.01 01:00:00,0.59441,0.59442,0.59326,0.5935,2630.7
2025.05.01 02:00:00,0.59351,0.59507,0.59343,0.59465,1657.83
2025.05.01 03:00:00,0.59464,0.59472,0.59339,0.59421,2727.75
2025.05.01 04:00:00,0.59422,0.59446,0.59365,0.59408,2080.42
2025.05.01 05:00:00,0.59411,0.59418,0.59235,0.59275,2529.07
2025.05.01 06:00:00,0.59275,0.59373,0.59258,0.5933,3468.59
2025.05.01 07:00:00,0.59329,0.59329,0.59223,0.5924,3865.28
2025.05.01 08:00:00,0.59239,0.59339,0.59228,0.59275,2612.1
2025.05.01 09:00:00,0.59275,0.59326,0.59152,0.5916,2197.35
2025.05.01 10:00:00,0.5916,0.593,0.59123,0.59297,2429.57
2025.05.01 11:00:00,0.59296,0.59329,0.59221,0.59239,2283
2025.05.01 12:00:00,0.59238,0.59275,0.59157,0.59166,5007.22
2025.05.01 13:00:00,0.59164,0.59247,0.59135,0.59194,5231.1
2025.05.01 14:00:00,0.59197,0.5922,0.59038,0.59081,8758.48
2025.05.01 15:00:00,0.59079,0.59155,0.58943,0.5899,4511.1
2025.05.01 16:00:00,0.5899,0.5903,0.58933,0.59024,2414.25
2025.05.01 17:00:00,0.59024,0.59059,0.58969,0.58993,1813.65
2025.05.01 18:00:00,0.58991,0.59134,0.58955,0.59064,2390.4
2025.05.01 19:00:00,0.59065,0.59117,0.5905,0.5907,1576.05
2025.05.01 20:00:00,0.59071,0.59089,0.59031,0.5905,1088.69
2025.05.01 21:00:00,0.59045,0.59068,0.59004,0.59045,1323.81
2025.05.01 22:00:00,0.5907,0.59085,0.59035,0.59049,1329.89
2025.05.01 23:00:00,0.59052,0.59146,0.5903,0.59118,1079.7
2025.05.02 00:00:00,0.59119,0.59245,0.59069,0.59235,4745.61
2025.05.02 01:00:00,0.59237,0.59264,0.59157,0.59223,5772.75
2025.05.02 02:00:00,0.59224,0.59311,0.59223,0.59252,4628.92
2025.05.02 03:00:00,0.59251,0.59355,0.59223,0.59315,3914.6
2025.05.02 04:00:00,0.59316,0.59367,0.59213,0.59315,4242.82
2025.05.02 05:00:00,0.59316,0.5936,0.59278,0.59314,2539.35
2025.05.02 06:00:00,0.59313,0.59379,0.59226,0.59332,4242.97
2025.05.02 07:00:00,0.59331,0.59411,0.59202,0.59203,3521.21
2025.05.02 08:00:00,0.59203,0.59251,0.59135,0.59245,2954.02
2025.05.02 09:00:00,0.59246,0.59486,0.59208,0.59434,3913.11
2025.05.02 10:00:00,0.59435,0.59441,0.5934,0.59382,2764.2
2025.05.02 11:00:00,0.59383,0.59461,0.59375,0.59407,2241.9
2025.05.02 12:00:00,0.59405,0.59568,0.59301,0.59497,8507.51
2025.05.02 13:00:00,0.59496,0.59742,0.59479,0.59676,9597
2025.05.02 14:00:00,0.59672,0.59772,0.59653,0.5972,8154.3
2025.05.02 15:00:00,0.5972,0.5973,0.59513,0.5953,7057.44
2025.05.02 16:00:00,0.59531,0.59606,0.59503,0.5951,5908.49
2025.05.02 17:00:00,0.5951,0.59529,0.5944,0.59472,3049.1
2025.05.02 18:00:00,0.59473,0.59503,0.59392,0.59422,2363.08
2025.05.02 19:00:00,0.59425,0.59477,0.59422,0.59447,1463.4
2025.05.02 20:00:00,0.59446,0.59481,0.59411,0.5943,1360.62
2025.05.04 21:00:00,0.59388,0.59527,0.59365,0.59418,3173.26
2025.05.04 22:00:00,0.59418,0.59598,0.59412,0.59564,2517.66
2025.05.04 23:00:00,0.59565,0.59571,0.59489,0.5949,2503.34
2025.05.05 00:00:00,0.5949,0.59503,0.59404,0.59479,2840.92
2025.05.05 01:00:00,0.59479,0.59832,0.59479,0.59754,6969.88
2025.05.05 02:00:00,0.59755,0.59842,0.59699,0.59804,4417.93
2025.05.05 03:00:00,0.59806,0.59809,0.5968,0.59685,1952.02
2025.05.05 04:00:00,0.59685,0.59749,0.59677,0.59739,1985.17
2025.05.05 05:00:00,0.5974,0.59932,0.59732,0.59854,4890.8
2025.05.05 06:00:00,0.59857,0.59862,0.5967,0.59708,3958.47
2025.05.05 07:00:00,0.59707,0.59744,0.59615,0.59621,3029.55
2025.05.05 08:00:00,0.59619,0.598,0.59612,0.59698,3361.42
2025.05.05 09:00:00,0.59699,0.5985,0.59699,0.59841,3199.57
2025.05.05 10:00:00,0.59841,0.59865,0.59778,0.59798,2272.24
2025.05.05 11:00:00,0.59794,0.59899,0.59791,0.59848,2498.67
2025.05.05 12:00:00,0.59846,0.59955,0.59835,0.5991,4100.61
2025.05.05 13:00:00,0.59908,0.59942,0.59786,0.59786,4704.52
2025.05.05 14:00:00,0.59786,0.5985,0.59727,0.59834,5641.61
2025.05.05 15:00:00,0.59834,0.59834,0.59681,0.59714,3727.14
2025.05.05 16:00:00,0.59713,0.59732,0.59625,0.59633,2087.79
2025.05.05 17:00:00,0.59634,0.59656,0.59609,0.5962,1676.47
2025.05.05 18:00:00,0.59619,0.59654,0.59591,0.59643,1217.4
2025.05.05 19:00:00,0.59643,0.59716,0.59629,0.59651,1504.26
2025.05.05 20:00:00,0.59652,0.59692,0.59613,0.59659,1300.95
2025.05.05 21:00:00,0.5966,0.59689,0.59609,0.59635,1526.49
2025.05.05 22:00:00,0.59658,0.59667,0.59593,0.59601,694.05
2025.05.05 23:00:00,0.596,0.59629,0.5959,0.59602,969.75
2025.05.06 00:00:00,0.59606,0.59626,0.59435,0.59475,2301
2025.05.06 01:00:00,0.59474,0.59554,0.59434,0.5951,4332.82
2025.05.06 02:00:00,0.59508,0.59666,0.59507,0.59641,3701.25
2025.05.06 03:00:00,0.59642,0.59704,0.59589,0.59694,4110.11
2025.05.06 04:00:00,0.59696,0.59831,0.59696,0.59813,2598.07
2025.05.06 05:00:00,0.59812,0.59833,0.59686,0.59712,3193.72
2025.05.06 06:00:00,0.59713,0.59808,0.59656,0.59807,3609.78
2025.05.06 07:00:00,0.59806,0.59902,0.59791,0.59856,5103.37
2025.05.06 08:00:00,0.59856,0.59904,0.59778,0.59781,4061.4
2025.05.06 09:00:00,0.59779,0.59785,0.59634,0.59681,3945.26
2025.05.06 10:00:00,0.59681,0.59789,0.59673,0.59788,2322.3
2025.05.06 11:00:00,0.59786,0.59838,0.59758,0.59836,2743.65
2025.05.06 12:00:00,0.59838,0.59891,0.59784,0.59881,3378.16
2025.05.06 13:00:00,0.5988,0.59919,0.5979,0.59914,4221.22
2025.05.06 14:00:00,0.59916,0.60009,0.59888,0.59944,5934.73
2025.05.06 15:00:00,0.59944,0.60042,0.5992,0.6002,4108.5
2025.05.06 16:00:00,0.60019,0.60083,0.5995,0.59994,4434.67
2025.05.06 17:00:00,0.59998,0.60086,0.59968,0.59998,2683.41
2025.05.06 18:00:00,0.59996,0.60077,0.59979,0.60066,2705.47
2025.05.06 19:00:00,0.60066,0.60129,0.60043,0.60103,1863
2025.05.06 20:00:00,0.60101,0.60126,0.60035,0.60054,1365.39
2025.05.06 21:00:00,0.60055,0.60084,0.59957,0.60064,1592.73
2025.05.06 22:00:00,0.60064,0.60213,0.60031,0.60102,7628.95
2025.05.06 23:00:00,0.60104,0.6018,0.6007,0.60116,6073.4
2025.05.07 00:00:00,0.60115,0.60191,0.60022,0.60154,6082.27
2025.05.07 01:00:00,0.60155,0.60223,0.59958,0.6005,7987.8
2025.05.07 02:00:00,0.60049,0.60049,0.59882,0.59968,6314.07
2025.05.07 03:00:00,0.59969,0.60045,0.59959,0.60031,3811.64
2025.05.07 04:00:00,0.60031,0.601,0.59986,0.59996,2979.52
2025.05.07 05:00:00,0.59996,0.60073,0.59957,0.60066,4467.44
2025.05.07 06:00:00,0.60067,0.60122,0.60016,0.60042,4210.19
2025.05.07 07:00:00,0.6004,0.60049,0.59937,0.60032,4123.05
2025.05.07 08:00:00,0.60031,0.60043,0.59925,0.59925,3492.9
2025.05.07 09:00:00,0.59925,0.59947,0.59799,0.59839,3033.43
2025.05.07 10:00:00,0.59841,0.59919,0.59827,0.59913,2136.07
2025.05.07 11:00:00,0.59915,0.59939,0.59831,0.59858,2480.76
2025.05.07 12:00:00,0.59856,0.59872,0.59797,0.59828,3035.11
2025.05.07 13:00:00,0.59828,0.59902,0.59779,0.599,3506.85
2025.05.07 14:00:00,0.599,0.59908,0.59792,0.59833,3708
2025.05.07 15:00:00,0.59833,0.5984,0.5972,0.59749,3911.91
2025.05.07 16:00:00,0.59746,0.59761,0.59662,0.59746,3433.69
2025.05.07 17:00:00,0.59747,0.5975,0.59651,0.59679,2698.35
2025.05.07 18:00:00,0.59674,0.59804,0.59561,0.59609,12131.43
2025.05.07 19:00:00,0.59607,0.59621,0.59374,0.59444,7267.85
2025.05.07 20:00:00,0.59441,0.59455,0.59343,0.59393,1708.27
2025.05.07 21:00:00,0.59387,0.59471,0.5933,0.59403,1286.84
2025.05.07 22:00:00,0.59406,0.59431,0.59369,0.59375,2163.22
2025.05.07 23:00:00,0.59376,0.59421,0.59366,0.59383,1640.04
2025.05.08 00:00:00,0.59386,0.59522,0.59377,0.59483,2862.9
2025.05.08 01:00:00,0.59482,0.5967,0.59472,0.5961,6319.1
2025.05.08 02:00:00,0.59612,0.59729,0.59612,0.59651,3679.27
2025.05.08 03:00:00,0.59651,0.59741,0.59651,0.59669,2532.9
2025.05.08 04:00:00,0.59669,0.59732,0.59661,0.5967,1986.22
2025.05.08 05:00:00,0.59669,0.5968,0.59518,0.59564,4240.18
2025.05.08 06:00:00,0.59565,0.59593,0.59246,0.59248,7407.53
2025.05.08 07:00:00,0.59249,0.59287,0.59168,0.59259,5328.96
2025.05.08 08:00:00,0.59257,0.59303,0.59176,0.59198,3935.17
2025.05.08 09:00:00,0.59198,0.59271,0.59141,0.59205,3362.19
2025.05.08 10:00:00,0.59204,0.59359,0.59167,0.59274,2961.6
2025.05.08 11:00:00,0.59272,0.59306,0.59199,0.59245,4070.02
2025.05.08 12:00:00,0.59247,0.5935,0.5923,0.59297,4782.75
2025.05.08 13:00:00,0.59297,0.59382,0.59285,0.59379,5538.3
2025.05.08 14:00:00,0.5938,0.59431,0.59228,0.5924,5352.83
2025.05.08 15:00:00,0.59238,0.5931,0.5919,0.59205,7694.17
2025.05.08 16:00:00,0.59205,0.59207,0.59073,0.59135,4537.27
2025.05.08 17:00:00,0.59131,0.59145,0.59024,0.59081,2757.15
2025.05.08 18:00:00,0.59078,0.59092,0.59004,0.5901,1859.92
2025.05.08 19:00:00,0.59009,0.59059,0.59003,0.59028,2211.59
2025.05.08 20:00:00,0.59027,0.59067,0.59015,0.5904,1133.4
2025.05.08 21:00:00,0.59031,0.59031,0.58986,0.59003,713.62
2025.05.08 22:00:00,0.59019,0.59072,0.5901,0.59067,1502.11
2025.05.08 23:00:00,0.59066,0.59068,0.58968,0.58994,1206.06
2025.05.09 00:00:00,0.58993,0.59031,0.58887,0.5892,3152.85
2025.05.09 01:00:00,0.58918,0.5895,0.58831,0.5887,4239.07
2025.05.09 02:00:00,0.58869,0.58888,0.58702,0.58878,5127.53
2025.05.09 03:00:00,0.58877,0.58958,0.58874,0.58938,3135.15
2025.05.09 04:00:00,0.58939,0.58984,0.58898,0.58975,2462.1
2025.05.09 05:00:00,0.58973,0.58985,0.58904,0.58976,1978.49
2025.05.09 06:00:00,0.58978,0.58982,0.589,0.58918,2919.52
2025.05.09 07:00:00,0.58918,0.59053,0.58889,0.59022,3055.5
2025.05.09 08:00:00,0.59021,0.59037,0.5891,0.58993,2003.83
2025.05.09 09:00:00,0.58992,0.58999,0.58878,0.58892,1734.06
2025.05.09 10:00:00,0.58892,0.58902,0.58842,0.58871,2004.89
2025.05.09 11:00:00,0.58871,0.58965,0.5886,0.58933,2949.15
2025.05.09 12:00:00,0.58934,0.58996,0.58902,0.5898,3319.49
2025.05.09 13:00:00,0.5898,0.59117,0.5898,0.591,4072.05
2025.05.09 14:00:00,0.591,0.59202,0.59053,0.59094,5241.87
2025.05.09 15:00:00,0.59093,0.59181,0.59038,0.59179,3512.17
2025.05.09 16:00:00,0.59181,0.59198,0.59109,0.59122,2567.4
2025.05.09 17:00:00,0.59122,0.59177,0.59105,0.59155,1523.1
2025.05.09 18:00:00,0.59154,0.59171,0.59122,0.5914,1238.4
2025.05.09 19:00:00,0.59141,0.59153,0.59104,0.59134,1377.75
2025.05.09 20:00:00,0.59134,0.59142,0.59057,0.59071,4370.68
2025.05.11 21:00:00,0.59206,0.59231,0.59078,0.59176,612.81
2025.05.11 22:00:00,0.59177,0.59241,0.59142,0.59174,5163.21
2025.05.11 23:00:00,0.59173,0.59257,0.59144,0.59177,3991.75
2025.05.12 00:00:00,0.59179,0.59232,0.59096,0.59215,5544.04
2025.05.12 01:00:00,0.59217,0.59309,0.59202,0.59231,6622.36
2025.05.12 02:00:00,0.59228,0.59259,0.59181,0.59257,4448.25
2025.05.12 03:00:00,0.59257,0.59335,0.59252,0.59328,3140.97
2025.05.12 04:00:00,0.59327,0.59341,0.59218,0.59257,2148.35
2025.05.12 05:00:00,0.5926,0.59325,0.59222,0.59304,2927.59
2025.05.12 06:00:00,0.59305,0.59342,0.59204,0.59206,4600.74
2025.05.12 07:00:00,0.59204,0.59399,0.58754,0.58816,17822.45
2025.05.12 08:00:00,0.58816,0.58937,0.58747,0.5889,10816.25
2025.05.12 09:00:00,0.5889,0.58943,0.58829,0.58886,6271.51
2025.05.12 10:00:00,0.58883,0.58884,0.58619,0.58638,8934.93
2025.05.12 11:00:00,0.58638,0.58816,0.58618,0.58806,5359.32
2025.05.12 12:00:00,0.58805,0.58809,0.58721,0.58768,4384.36
2025.05.12 13:00:00,0.58769,0.58908,0.58754,0.58796,4509.48
2025.05.12 14:00:00,0.58796,0.58804,0.58633,0.58667,6228.46
2025.05.12 15:00:00,0.58665,0.58699,0.58596,0.58619,4399.42
2025.05.12 16:00:00,0.58619,0.58632,0.58532,0.58542,3287.74
2025.05.12 17:00:00,0.58545,0.58554,0.5848,0.58503,2956.66
2025.05.12 18:00:00,0.58508,0.58563,0.58462,0.58553,1768.72
2025.05.12 19:00:00,0.58553,0.58617,0.58533,0.58575,1806.6
2025.05.12 20:00:00,0.58577,0.58598,0.58537,0.58539,898.05
2025.05.12 21:00:00,0.58537,0.58554,0.58473,0.58549,1418.34
2025.05.12 22:00:00,0.58555,0.5858,0.58522,0.58572,1085.35
2025.05.12 23:00:00,0.58572,0.58643,0.58538,0.58605,1255.05
2025.05.13 00:00:00,0.58605,0.58647,0.5851,0.58523,2635.68
2025.05.13 01:00:00,0.58525,0.58596,0.58465,0.58546,5277.43
2025.05.13 02:00:00,0.58547,0.58698,0.58545,0.58688,3630.37
2025.05.13 03:00:00,0.58687,0.58807,0.58659,0.5879,2943.97
2025.05.13 04:00:00,0.5879,0.58886,0.58775,0.58886,2463.9
2025.05.13 05:00:00,0.58887,0.58932,0.58828,0.58879,2988.15
2025.05.13 06:00:00,0.58881,0.58989,0.58829,0.5895,4057.95
2025.05.13 07:00:00,0.5895,0.58987,0.58879,0.58904,3869.85
2025.05.13 08:00:00,0.58905,0.58923,0.58834,0.58901,2760.6
2025.05.13 09:00:00,0.58901,0.5897,0.58866,0.58939,2622.45
2025.05.13 10:00:00,0.58939,0.58983,0.58869,0.58954,2588.78
2025.05.13 11:00:00,0.58955,0.58972,0.58909,0.5891,1610.02
2025.05.13 12:00:00,0.58908,0.59123,0.58889,0.59123,6425.79
2025.05.13 13:00:00,0.59122,0.59163,0.59008,0.59039,7786.25
2025.05.13 14:00:00,0.59036,0.5932,0.59028,0.59285,7151.4
2025.05.13 15:00:00,0.59285,0.59367,0.59235,0.59356,4275.69
2025.05.13 16:00:00,0.59356,0.59395,0.59302,0.59355,2512.14
2025.05.13 17:00:00,0.59355,0.59397,0.59338,0.5938,1647.06
2025.05.13 18:00:00,0.59379,0.59407,0.59358,0.59398,2065.72
2025.05.13 19:00:00,0.59396,0.59418,0.59366,0.59373,1579.65
2025.05.13 20:00:00,0.59375,0.59414,0.59353,0.59353,1237.72
2025.05.13 21:00:00,0.59337,0.59405,0.5928,0.59337,1035.69
2025.05.13 22:00:00,0.59333,0.59403,0.59332,0.59383,1219.8
2025.05.13 23:00:00,0.59383,0.59409,0.59345,0.59357,1783.98
2025.05.14 00:00:00,0.59356,0.59449,0.5934,0.59432,2822.7
2025.05.14 01:00:00,0.59432,0.5949,0.59371,0.59438,4836.11
2025.05.14 02:00:00,0.59439,0.59473,0.59389,0.59457,3085.22
2025.05.14 03:00:00,0.59459,0.59465,0.59412,0.59452,2602.38
2025.05.14 04:00:00,0.59453,0.59473,0.59399,0.59405,1968
2025.05.14 05:00:00,0.59406,0.59459,0.59379,0.59379,2045.17
2025.05.14 06:00:00,0.5938,0.5942,0.59315,0.59356,3371.25
2025.05.14 07:00:00,0.59357,0.59502,0.59344,0.59495,4968.29
2025.05.14 08:00:00,0.59495,0.59685,0.59482,0.59593,8258.57
2025.05.14 09:00:00,0.59594,0.59683,0.59549,0.59612,6167.15
2025.05.14 10:00:00,0.59611,0.59615,0.59487,0.59511,3908.69
2025.05.14 11:00:00,0.59511,0.59514,0.59412,0.59464,2928.33
2025.05.14 12:00:00,0.59466,0.59492,0.59386,0.59423,4681.95
2025.05.14 13:00:00,0.59423,0.59425,0.59332,0.59362,5650.5
2025.05.14 14:00:00,0.59362,0.59362,0.59218,0.59265,7112.54
2025.05.14 15:00:00,0.59265,0.59265,0.59099,0.59154,5002.2
2025.05.14 16:00:00,0.59154,0.59193,0.5898,0.59057,4192.25
2025.05.14 17:00:00,0.59057,0.591,0.59033,0.59086,2582.01
2025.05.14 18:00:00,0.59086,0.59092,0.5896,0.58972,2568.53
2025.05.14 19:00:00,0.58972,0.58983,0.58926,0.58967,2513.32
2025.05.14 20:00:00,0.58968,0.58994,0.58944,0.58979,1239.82
2025.05.14 21:00:00,0.58978,0.59039,0.58856,0.58975,2234.02
2025.05.14 22:00:00,0.58991,0.59016,0.5896,0.58974,858.21
2025.05.14 23:00:00,0.58974,0.58983,0.58912,0.58959,1244.97
2025.05.15 00:00:00,0.58959,0.59021,0.58923,0.58986,2695.54
2025.05.15 01:00:00,0.58985,0.59155,0.58983,0.5905,5576.5
2025.05.15 02:00:00,0.59049,0.59082,0.58998,0.5906,3638.17
2025.05.15 03:00:00,0.5906,0.59094,0.59035,0.59046,3359.56
2025.05.15 04:00:00,0.59045,0.59071,0.58915,0.58919,2654.32
2025.05.15 05:00:00,0.58921,0.58979,0.58821,0.58942,3635.03
2025.05.15 06:00:00,0.58943,0.59098,0.58927,0.59094,4405.87
2025.05.15 07:00:00,0.59094,0.59101,0.58856,0.58873,4385.98
2025.05.15 08:00:00,0.58872,0.58949,0.58849,0.5891,3141.73
2025.05.15 09:00:00,0.58908,0.58916,0.58845,0.58848,2285.77
2025.05.15 10:00:00,0.58849,0.58861,0.58761,0.58781,2301.45
2025.05.15 11:00:00,0.58782,0.58815,0.58702,0.58739,3340.13
2025.05.15 12:00:00,0.5874,0.58856,0.58656,0.58822,5937.13
2025.05.15 13:00:00,0.5882,0.58868,0.58683,0.58721,5786.22
2025.05.15 14:00:00,0.58721,0.58786,0.58606,0.58664,6171.57
2025.05.15 15:00:00,0.58662,0.58726,0.58603,0.58719,4193.47
2025.05.15 16:00:00,0.5872,0.58746,0.58669,0.58716,1940.41
2025.05.15 17:00:00,0.58717,0.58764,0.58676,0.58683,1675.35
2025.05.15 18:00:00,0.58684,0.58743,0.58668,0.58722,1100.4
2025.05.15 19:00:00,0.58728,0.58757,0.58704,0.58753,1144.86
2025.05.15 20:00:00,0.58753,0.5878,0.58728,0.58748,1015.8
2025.05.15 21:00:00,0.58748,0.58748,0.58605,0.58731,1244.79
2025.05.15 22:00:00,0.58736,0.58759,0.58718,0.58754,890.1
2025.05.15 23:00:00,0.58755,0.58769,0.5871,0.58719,1277.99
2025.05.16 00:00:00,0.58719,0.58779,0.58647,0.5867,2682.07
2025.05.16 01:00:00,0.58668,0.58742,0.58655,0.58721,3460.91
2025.05.16 02:00:00,0.58719,0.58906,0.5868,0.58896,3035.7
2025.05.16 03:00:00,0.58896,0.59049,0.58861,0.59001,2821.2
2025.05.16 04:00:00,0.59,0.59071,0.58968,0.59041,1912.72
2025.05.16 05:00:00,0.5904,0.59142,0.59027,0.59119,2728.57
2025.05.16 06:00:00,0.59118,0.59128,0.59053,0.59083,3627.66
2025.05.16 07:00:00,0.59082,0.59177,0.59057,0.59137,2645.25
2025.05.16 08:00:00,0.59135,0.59157,0.59058,0.59078,3732.22
2025.05.16 09:00:00,0.59079,0.59104,0.59012,0.59039,2411.69
2025.05.16 10:00:00,0.5904,0.59055,0.58993,0.59034,2356.65
2025.05.16 11:00:00,0.59035,0.59058,0.5898,0.58991,2106.82
2025.05.16 12:00:00,0.5899,0.58995,0.58896,0.5896,3165.15
2025.05.16 13:00:00,0.58961,0.58991,0.58902,0.58965,3433.75
2025.05.16 14:00:00,0.58966,0.58982,0.58751,0.58764,7623.74
2025.05.16 15:00:00,0.58765,0.58767,0.58673,0.58701,4376.1
2025.05.16 16:00:00,0.58701,0.58753,0.58661,0.58744,2792.17
2025.05.16 17:00:00,0.58745,0.58773,0.58729,0.58745,1439.7
2025.05.16 18:00:00,0.58746,0.58793,0.58727,0.58791,1674
2025.05.16 19:00:00,0.5879,0.5881,0.5875,0.58768,1281.07
2025.05.16 20:00:00,0.5877,0.58812,0.58756,0.58764,3211.24
2025.05.18 21:00:00,0.58781,0.58849,0.58729,0.58747,485.55
2025.05.18 22:00:00,0.58754,0.58917,0.5875,0.58883,2181.15
2025.05.18 23:00:00,0.58883,0.58904,0.58838,0.58855,1610.55
2025.05.19 00:00:00,0.58857,0.58942,0.58825,0.5892,3405.15
2025.05.19 01:00:00,0.58919,0.58953,0.58852,0.58897,3600.6
2025.05.19 02:00:00,0.58898,0.58987,0.58879,0.58935,2741.7
2025.05.19 03:00:00,0.58933,0.58948,0.58883,0.58892,2748.9
2025.05.19 04:00:00,0.58894,0.5891,0.58832,0.58848,2039.31
2025.05.19 05:00:00,0.58849,0.58876,0.58797,0.58825,1912.31
2025.05.19 06:00:00,0.58825,0.58967,0.58804,0.58948,3573.9
2025.05.19 07:00:00,0.58949,0.5903,0.58897,0.58966,5914.12
2025.05.19 08:00:00,0.58966,0.59005,0.58887,0.58989,3267
2025.05.19 09:00:00,0.5899,0.59133,0.58975,0.59127,3806.02
2025.05.19 10:00:00,0.59128,0.59178,0.59087,0.59135,3582.9
2025.05.19 11:00:00,0.59135,0.59174,0.59105,0.59151,3211.8
2025.05.19 12:00:00,0.59149,0.59161,0.5905,0.59055,3061.35
2025.05.19 13:00:00,0.59054,0.59159,0.59026,0.59122,5425.35
2025.05.19 14:00:00,0.59122,0.59254,0.59093,0.59238,4983.93
2025.05.19 15:00:00,0.59238,0.59322,0.59223,0.59245,2968.49
2025.05.19 16:00:00,0.59245,0.59265,0.59212,0.59234,3136.19
2025.05.19 17:00:00,0.59234,0.5926,0.59193,0.59197,2589.35
2025.05.19 18:00:00,0.59196,0.59218,0.59167,0.59204,1756.27
2025.05.19 19:00:00,0.59202,0.59291,0.59198,0.59287,959.25
2025.05.19 20:00:00,0.59286,0.59312,0.5928,0.593,1131.37
2025.05.19 21:00:00,0.59294,0.59295,0.5922,0.59255,1523.51
2025.05.19 22:00:00,0.59255,0.59315,0.5925,0.59271,1840.52
2025.05.19 23:00:00,0.59272,0.59303,0.59262,0.59281,1444.7
2025.05.20 00:00:00,0.5928,0.59287,0.59207,0.59222,2677.86
2025.05.20 01:00:00,0.5922,0.59281,0.5918,0.59201,4495.11
2025.05.20 02:00:00,0.59202,0.59217,0.59126,0.59174,2973.86
2025.05.20 03:00:00,0.59174,0.59237,0.5917,0.59219,2534.09
2025.05.20 04:00:00,0.59218,0.59223,0.59119,0.59192,4480.2
2025.05.20 05:00:00,0.59191,0.59316,0.59103,0.5916,6926.28
2025.05.20 06:00:00,0.59161,0.59243,0.59136,0.59181,4886.4
2025.05.20 07:00:00,0.59182,0.5931,0.59181,0.59258,5149.65
2025.05.20 08:00:00,0.59256,0.59264,0.59178,0.59185,6046.95
2025.05.20 09:00:00,0.59187,0.59218,0.59139,0.5916,4221.9
2025.05.20 10:00:00,0.5916,0.59169,0.59061,0.59077,3610.35
2025.05.20 11:00:00,0.59078,0.59125,0.59075,0.59077,2258.62
2025.05.20 12:00:00,0.59077,0.59089,0.58938,0.59006,4514.77
2025.05.20 13:00:00,0.59006,0.59091,0.58975,0.59065,8896.22
2025.05.20 14:00:00,0.59068,0.59132,0.59035,0.59111,8640.07
2025.05.20 15:00:00,0.59112,0.59114,0.59022,0.59073,4208.91
2025.05.20 16:00:00,0.59073,0.59183,0.59049,0.59172,2582.17
2025.05.20 17:00:00,0.59171,0.59207,0.59165,0.59193,2432.55
2025.05.20 18:00:00,0.59193,0.5921,0.59125,0.5914,2404.2
2025.05.20 19:00:00,0.59138,0.59205,0.59121,0.59199,1678.65
2025.05.20 20:00:00,0.59201,0.59253,0.59193,0.59251,1072.35
2025.05.20 21:00:00,0.59239,0.59248,0.59139,0.59217,1318.88
2025.05.20 22:00:00,0.59217,0.59264,0.59209,0.59247,1776.3
2025.05.20 23:00:00,0.59247,0.59283,0.59241,0.59271,1111.05
2025.05.21 00:00:00,0.59271,0.59399,0.59259,0.59381,2303.85
2025.05.21 01:00:00,0.5938,0.59415,0.5932,0.59351,3476.55
2025.05.21 02:00:00,0.59349,0.59462,0.59346,0.59387,5888.26
2025.05.21 03:00:00,0.59385,0.59488,0.59366,0.59467,3578.64
2025.05.21 04:00:00,0.5947,0.59514,0.59407,0.59489,2783.74
2025.05.21 05:00:00,0.59488,0.59538,0.5945,0.59459,3321.54
2025.05.21 06:00:00,0.59459,0.59545,0.59433,0.59456,7179.21
2025.05.21 07:00:00,0.59457,0.59462,0.59301,0.59357,8101.94
2025.05.21 08:00:00,0.59356,0.59395,0.59234,0.59279,4586.47
2025.05.21 09:00:00,0.59277,0.59313,0.59249,0.59287,3717.9
2025.05.21 10:00:00,0.59288,0.59515,0.5927,0.59389,6756.29
2025.05.21 11:00:00,0.59389,0.59441,0.59336,0.59354,5409.22
2025.05.21 12:00:00,0.59356,0.59449,0.59329,0.5941,8784.28
2025.05.21 13:00:00,0.59411,0.59469,0.59369,0.59455,9822.17
2025.05.21 14:00:00,0.59456,0.59597,0.59449,0.59565,9504.59
2025.05.21 15:00:00,0.59564,0.59641,0.59529,0.59636,7941.97
2025.05.21 16:00:00,0.59637,0.59675,0.5961,0.59628,3843.9
2025.05.21 17:00:00,0.59628,0.5966,0.59478,0.59514,7738.8
2025.05.21 18:00:00,0.59515,0.5953,0.5943,0.59437,4608.45
2025.05.21 19:00:00,0.59435,0.5949,0.59367,0.59367,4818
2025.05.21 20:00:00,0.59366,0.59396,0.59338,0.59384,2025.15
2025.05.21 21:00:00,0.5938,0.59401,0.59236,0.59343,1061.19
2025.05.21 22:00:00,0.59348,0.59357,0.5929,0.59303,1753.36
2025.05.21 23:00:00,0.59303,0.59345,0.59295,0.59326,1703.7
2025.05.22 00:00:00,0.59328,0.59413,0.59278,0.59333,3739.2
2025.05.22 01:00:00,0.59334,0.59395,0.59222,0.59248,5036.85
2025.05.22 02:00:00,0.59246,0.59333,0.592,0.59283,3499.86
2025.05.22 03:00:00,0.59285,0.59303,0.59206,0.59251,2943.83
2025.05.22 04:00:00,0.59252,0.5934,0.59248,0.59315,2498.59
2025.05.22 05:00:00,0.59316,0.59324,0.59221,0.59255,3207
2025.05.22 06:00:00,0.59255,0.59288,0.59205,0.59232,4339.72
2025.05.22 07:00:00,0.59231,0.59297,0.59185,0.59289,5247.45
2025.05.22 08:00:00,0.59288,0.59379,0.59186,0.59187,5328.6
2025.05.22 09:00:00,0.59187,0.59192,0.59022,0.59041,4989.23
2025.05.22 10:00:00,0.59041,0.59041,0.58939,0.58989,4029.2
2025.05.22 11:00:00,0.58991,0.59099,0.5898,0.59058,3287.02
2025.05.22 12:00:00,0.59058,0.59087,0.59003,0.59083,5303.25
2025.05.22 13:00:00,0.59084,0.59144,0.58976,0.58985,7136.1
2025.05.22 14:00:00,0.58985,0.59086,0.58983,0.59037,7266
2025.05.22 15:00:00,0.59036,0.59079,0.58954,0.5905,5519.09
2025.05.22 16:00:00,0.59052,0.59098,0.59014,0.5902,2835.22
2025.05.22 17:00:00,0.5902,0.59026,0.58966,0.59011,3845.16
2025.05.22 18:00:00,0.59012,0.59042,0.58997,0.59009,2109.07
2025.05.22 19:00:00,0.59006,0.59034,0.58975,0.58991,1437
2025.05.22 20:00:00,0.5899,0.58995,0.58949,0.58982,863.76
2025.05.22 21:00:00,0.58971,0.58986,0.58896,0.58946,2535.09
2025.05.22 22:00:00,0.58946,0.59,0.58944,0.58986,1249.4
2025.05.22 23:00:00,0.58988,0.58998,0.58952,0.5897,1012.49
2025.05.23 00:00:00,0.58968,0.59041,0.58954,0.59041,2529.15
2025.05.23 01:00:00,0.59041,0.59132,0.59014,0.59112,2867.55
2025.05.23 02:00:00,0.59113,0.59135,0.59062,0.59118,2820.05
2025.05.23 03:00:00,0.59116,0.5918,0.59116,0.59152,1730.69
2025.05.23 04:00:00,0.59152,0.59214,0.59145,0.59159,1967.7
2025.05.23 05:00:00,0.59158,0.59199,0.59127,0.59186,2282.55
2025.05.23 06:00:00,0.59182,0.592,0.59126,0.59168,2770.8
2025.05.23 07:00:00,0.59169,0.59469,0.59156,0.59429,4982.56
2025.05.23 08:00:00,0.5943,0.59452,0.5937,0.5943,3274.35
2025.05.23 09:00:00,0.59429,0.59574,0.59424,0.59552,2981.25
2025.05.23 10:00:00,0.59554,0.59589,0.59532,0.59558,2630.62
2025.05.23 11:00:00,0.59557,0.59686,0.59497,0.59526,9375.82
2025.05.23 12:00:00,0.59527,0.5965,0.59408,0.59606,9886.53
2025.05.23 13:00:00,0.59608,0.59642,0.59478,0.59511,8782.83
2025.05.23 14:00:00,0.59512,0.59736,0.5949,0.59724,6954.77
2025.05.23 15:00:00,0.59724,0.59774,0.59681,0.59739,4918.81
2025.05.23 16:00:00,0.59738,0.59851,0.59717,0.59814,3147.52
2025.05.23 17:00:00,0.59814,0.59889,0.59802,0.5985,2126.42
2025.05.23 18:00:00,0.59849,0.59888,0.59845,0.59858,2048.27
2025.05.23 19:00:00,0.59856,0.59891,0.59833,0.59875,1828.65
2025.05.23 20:00:00,0.59875,0.59893,0.59822,0.59824,2063.13
2025.05.25 21:00:00,0.59842,0.59845,0.59776,0.59825,367.57
2025.05.25 22:00:00,0.59825,0.59953,0.59822,0.59913,4200.9
2025.05.25 23:00:00,0.59912,0.59961,0.59896,0.59912,4132.95
2025.05.26 00:00:00,0.59911,0.59965,0.59892,0.59949,4442.79
2025.05.26 01:00:00,0.59948,0.60258,0.59941,0.60251,5550.54
2025.05.26 02:00:00,0.6025,0.60311,0.6021,0.60239,5454.08
2025.05.26 03:00:00,0.60237,0.60242,0.60157,0.60215,3312.82
2025.05.26 04:00:00,0.60214,0.60263,0.60157,0.60222,2280.07
2025.05.26 05:00:00,0.60222,0.60293,0.6015,0.60281,2625.31
2025.05.26 06:00:00,0.60284,0.60287,0.60217,0.60241,4517.68
2025.05.26 07:00:00,0.60239,0.60261,0.60144,0.60164,3869.07
2025.05.26 08:00:00,0.60166,0.60219,0.60132,0.60174,3114.74
2025.05.26 09:00:00,0.60176,0.6018,0.60102,0.60119,1910.54
2025.05.26 10:00:00,0.6012,0.60168,0.60116,0.60146,1996.79
2025.05.26 11:00:00,0.60146,0.60166,0.60095,0.60126,2193.49
2025.05.26 12:00:00,0.60128,0.60147,0.60081,0.60103,1972.94
2025.05.26 13:00:00,0.60102,0.60166,0.60073,0.60127,1553.7
2025.05.26 14:00:00,0.6013,0.6013,0.60084,0.60106,2185.86
2025.05.26 15:00:00,0.60105,0.60115,0.60042,0.60057,2135.38
2025.05.26 16:00:00,0.60058,0.60059,0.60025,0.60032,1369.8
2025.05.26 17:00:00,0.60032,0.60038,0.59999,0.60006,489.45
2025.05.26 18:00:00,0.60007,0.60019,0.59987,0.59997,516.75
2025.05.26 19:00:00,0.59994,0.6001,0.59994,0.60006,426.9
2025.05.26 20:00:00,0.60007,0.6002,0.59978,0.5998,944.7
2025.05.26 21:00:00,0.59974,0.59996,0.59897,0.59928,1950.71
2025.05.26 22:00:00,0.59928,0.60023,0.59928,0.59967,1712.49
2025.05.26 23:00:00,0.59968,0.59979,0.59927,0.59937,1771.5
2025.05.27 00:00:00,0.59937,0.60054,0.59937,0.60033,3706.65
2025.05.27 01:00:00,0.60033,0.60062,0.59939,0.59952,3531
2025.05.27 02:00:00,0.59949,0.5996,0.59853,0.59873,2579.85
2025.05.27 03:00:00,0.59873,0.59912,0.59851,0.59881,2060.62
2025.05.27 04:00:00,0.59883,0.59962,0.59783,0.59786,2818.42
2025.05.27 05:00:00,0.59786,0.59821,0.59701,0.59821,4892.56
2025.05.27 06:00:00,0.5982,0.59953,0.59769,0.59774,4949.9
2025.05.27 07:00:00,0.59776,0.59823,0.59592,0.5961,5943.54
2025.05.27 08:00:00,0.59611,0.59674,0.59561,0.59583,4372.83
2025.05.27 09:00:00,0.59582,0.59661,0.59554,0.59586,3827.77
2025.05.27 10:00:00,0.59586,0.59586,0.59492,0.59506,3473.97
2025.05.27 11:00:00,0.59505,0.59582,0.59501,0.59552,2464.95
2025.05.27 12:00:00,0.59552,0.59676,0.59502,0.59676,4855.41
2025.05.27 13:00:00,0.59675,0.59714,0.5954,0.59548,5189.69
2025.05.27 14:00:00,0.59545,0.59565,0.59405,0.59455,7362.15
2025.05.27 15:00:00,0.59457,0.59473,0.59407,0.59419,4345.35
2025.05.27 16:00:00,0.5942,0.59487,0.59397,0.59474,3212.77
2025.05.27 17:00:00,0.59475,0.59494,0.59443,0.59476,2542.87
2025.05.27 18:00:00,0.59476,0.59492,0.59441,0.59487,3339.3
2025.05.27 19:00:00,0.59487,0.59499,0.5946,0.59471,1975.35
2025.05.27 20:00:00,0.59471,0.59499,0.59448,0.59473,1296.45
2025.05.27 21:00:00,0.59467,0.59489,0.59396,0.59466,1302.81
2025.05.27 22:00:00,0.59465,0.59515,0.59465,0.59481,860.84
2025.05.27 23:00:00,0.59484,0.59504,0.5946,0.59476,810.44
2025.05.28 00:00:00,0.59475,0.59503,0.5944,0.5945,2092.2
2025.05.28 01:00:00,0.5945,0.59484,0.59233,0.593,5858.19
2025.05.28 02:00:00,0.59294,0.59673,0.59244,0.59506,7401.48
2025.05.28 03:00:00,0.59508,0.59791,0.59507,0.59753,5164.33
2025.05.28 04:00:00,0.59753,0.59778,0.59472,0.59478,4605.8
2025.05.28 05:00:00,0.59476,0.59614,0.59423,0.59609,4584.75
2025.05.28 06:00:00,0.59607,0.59659,0.59502,0.59597,4552.66
2025.05.28 07:00:00,0.59597,0.59774,0.59592,0.59688,4342.95
2025.05.28 08:00:00,0.5969,0.59773,0.59638,0.59745,3797.19
2025.05.28 09:00:00,0.59748,0.59758,0.59691,0.59696,3021.75
2025.05.28 10:00:00,0.59696,0.59771,0.59663,0.59676,2427.25
2025.05.28 11:00:00,0.59676,0.59684,0.59616,0.59628,2455.65
2025.05.28 12:00:00,0.59629,0.59662,0.59541,0.59554,3047.7
2025.05.28 13:00:00,0.59551,0.59566,0.59437,0.59483,6264.75
2025.05.28 14:00:00,0.59485,0.5966,0.59477,0.59575,8801.14
2025.05.28 15:00:00,0.59575,0.59596,0.59476,0.595,4999.65
2025.05.28 16:00:00,0.595,0.59577,0.59498,0.59563,2826.75
2025.05.28 17:00:00,0.59562,0.5964,0.59559,0.59605,2795.1
2025.05.28 18:00:00,0.59601,0.59648,0.59571,0.59606,2260.79
2025.05.28 19:00:00,0.59604,0.59626,0.59574,0.59582,2650.94
2025.05.28 20:00:00,0.59582,0.59675,0.59576,0.59666,2658.77
2025.05.28 21:00:00,0.59662,0.59664,0.59623,0.59652,1008.37
2025.05.28 22:00:00,0.59651,0.5973,0.59641,0.5973,2177.42
2025.05.28 23:00:00,0.5973,0.5976,0.59455,0.59553,8101.05
2025.05.29 00:00:00,0.59555,0.59627,0.59472,0.59531,8465.35
2025.05.29 01:00:00,0.59532,0.59539,0.59306,0.59401,7446.12
2025.05.29 02:00:00,0.59402,0.59434,0.59247,0.59329,5275.95
2025.05.29 03:00:00,0.59326,0.59418,0.59277,0.59384,4017.13
2025.05.29 04:00:00,0.59379,0.59434,0.59335,0.59417,2514.67
2025.05.29 05:00:00,0.59416,0.59432,0.59308,0.59355,2958.81
2025.05.29 06:00:00,0.59353,0.59599,0.59317,0.5952,5390.29
2025.05.29 07:00:00,0.5952,0.5967,0.59514,0.59668,5075.25
2025.05.29 08:00:00,0.59668,0.59706,0.59577,0.59598,2899.95
2025.05.29 09:00:00,0.59597,0.59721,0.59593,0.59671,2663.92
2025.05.29 10:00:00,0.5967,0.5974,0.59662,0.59689,3109.8
2025.05.29 11:00:00,0.59691,0.59703,0.59578,0.59598,3728.85
2025.05.29 12:00:00,0.596,0.59893,0.59597,0.59877,7860.36
2025.05.29 13:00:00,0.59877,0.59917,0.59684,0.5971,9695.25
2025.05.29 14:00:00,0.59713,0.59815,0.59651,0.59764,6838.6
2025.05.29 15:00:00,0.59765,0.59827,0.59759,0.59781,4522.74
2025.05.29 16:00:00,0.59779,0.59844,0.59751,0.5981,2946.9
2025.05.29 17:00:00,0.59811,0.59857,0.59754,0.59809,2610
2025.05.29 18:00:00,0.59807,0.59858,0.59803,0.59833,1862.55
2025.05.29 19:00:00,0.59831,0.5984,0.59771,0.59781,2239.17
2025.05.29 20:00:00,0.59783,0.59785,0.59639,0.59639,2105.9
2025.05.29 21:00:00,0.59638,0.5977,0.59628,0.59681,1763.91
2025.05.29 22:00:00,0.59684,0.59783,0.59656,0.59738,1429.55
2025.05.29 23:00:00,0.59743,0.59804,0.59743,0.59758,1471.93
2025.05.30 00:00:00,0.5976,0.59841,0.59729,0.59822,4003.79
2025.05.30 01:00:00,0.59823,0.59893,0.59629,0.59639,7397.68
2025.05.30 02:00:00,0.59638,0.59671,0.59595,0.59626,3706.11
2025.05.30 03:00:00,0.59625,0.59672,0.59615,0.59647,2040.56
2025.05.30 04:00:00,0.59648,0.59712,0.59647,0.59699,1991.55
2025.05.30 05:00:00,0.59698,0.59809,0.59683,0.59785,2846.4
2025.05.30 06:00:00,0.59786,0.59789,0.59669,0.59671,2996.25
2025.05.30 07:00:00,0.5967,0.59671,0.59512,0.59576,5086.8
2025.05.30 08:00:00,0.59577,0.59609,0.59505,0.59508,3526.35
2025.05.30 09:00:00,0.59506,0.59569,0.59468,0.59545,2759.85
2025.05.30 10:00:00,0.59545,0.59613,0.59539,0.59557,2953.65
2025.05.30 11:00:00,0.59556,0.59586,0.59529,0.59569,2717.15
2025.05.30 12:00:00,0.59571,0.59683,0.59542,0.59599,8524.77
2025.05.30 13:00:00,0.59598,0.5961,0.59474,0.59507,6084.6
2025.05.30 14:00:00,0.59513,0.59716,0.59475,0.597,9240.9
2025.05.30 15:00:00,0.59699,0.59735,0.59649,0.59698,7011.21
2025.05.30 16:00:00,0.59695,0.59741,0.59588,0.59617,5508.06
2025.05.30 17:00:00,0.59618,0.59763,0.59616,0.59709,2303.85
2025.05.30 18:00:00,0.59711,0.59764,0.597,0.59727,3039
2025.05.30 19:00:00,0.59727,0.59757,0.59697,0.59738,3666.15
2025.05.30 20:00:00,0.59736,0.59763,0.5954,0.5954,3249.45
2025.06.01 21:00:00,0.59566,0.59692,0.59562,0.59669,721.11
2025.06.01 22:00:00,0.5967,0.59743,0.59661,0.59739,4261.21
2025.06.01 23:00:00,0.59743,0.59794,0.59718,0.59729,1727.47
2025.06.02 00:00:00,0.59729,0.59961,0.59726,0.59924,3151.5
2025.06.02 01:00:00,0.59927,0.60088,0.5992,0.59956,4926.07
2025.06.02 02:00:00,0.59957,0.60075,0.59949,0.60007,2572.8
2025.06.02 03:00:00,0.60006,0.60017,0.59896,0.5993,2185.35
2025.06.02 04:00:00,0.59934,0.59956,0.59904,0.59945,2692.91
2025.06.02 05:00:00,0.59945,0.60042,0.59924,0.59971,2047.41
2025.06.02 06:00:00,0.59973,0.60079,0.59909,0.60038,3099.14
2025.06.02 07:00:00,0.60039,0.60269,0.60034,0.60201,5037.72
2025.06.02 08:00:00,0.602,0.60228,0.60139,0.60142,4797.75
2025.06.02 09:00:00,0.60143,0.60221,0.60134,0.60189,3069.3
2025.06.02 10:00:00,0.60191,0.60246,0.60162,0.60178,3089.4
2025.06.02 11:00:00,0.60179,0.60213,0.60096,0.60132,2912.19
2025.06.02 12:00:00,0.60132,0.60219,0.60115,0.60184,4101.59
2025.06.02 13:00:00,0.60184,0.60187,0.60049,0.60134,4854.44
2025.06.02 14:00:00,0.6013,0.60381,0.60124,0.60344,7113.34
2025.06.02 15:00:00,0.60342,0.60383,0.60282,0.60325,5250.15
2025.06.02 16:00:00,0.60324,0.60331,0.60197,0.60229,3156.75
2025.06.02 17:00:00,0.60227,0.60247,0.60197,0.60226,1763.17
2025.06.02 18:00:00,0.60225,0.60342,0.60195,0.60338,1774.5
2025.06.02 19:00:00,0.60339,0.6043,0.60324,0.60423,2001.6
2025.06.02 20:00:00,0.60422,0.60435,0.60336,0.60336,1302.9
2025.06.02 21:00:00,0.60325,0.60345,0.60251,0.6031,1798.87
2025.06.02 22:00:00,0.6032,0.6037,0.60303,0.60354,1481.5
2025.06.02 23:00:00,0.60353,0.60479,0.60352,0.60476,1329.97
2025.06.03 00:00:00,0.60475,0.60542,0.6042,0.60514,2685.71
2025.06.03 01:00:00,0.60513,0.60535,0.60375,0.6039,5270.53
2025.06.03 02:00:00,0.60389,0.60395,0.6011,0.60131,4134.42
2025.06.03 03:00:00,0.60125,0.60201,0.601,0.60139,3007.13
2025.06.03 04:00:00,0.60138,0.60143,0.6009,0.60141,2345.54
2025.06.03 05:00:00,0.60147,0.60149,0.59995,0.60088,3121.49
2025.06.03 06:00:00,0.6009,0.60092,0.59903,0.60018,4092.82
2025.06.03 07:00:00,0.60016,0.60051,0.59952,0.59983,4113.75
2025.06.03 08:00:00,0.59981,0.6003,0.59922,0.59982,3471.45
2025.06.03 09:00:00,0.5998,0.60101,0.59961,0.60053,2406.22
2025.06.03 10:00:00,0.60051,0.60053,0.59952,0.59967,2904.82
2025.06.03 11:00:00,0.59969,0.60011,0.59931,0.59973,2047.95
2025.06.03 12:00:00,0.59976,0.59989,0.59872,0.59937,2912.85
2025.06.03 13:00:00,0.59937,0.60046,0.59936,0.59979,4859.85
2025.06.03 14:00:00,0.5998,0.60112,0.59881,0.6004,7840.5
2025.06.03 15:00:00,0.6004,0.60064,0.59944,0.5997,3969.9
2025.06.03 16:00:00,0.59972,0.60017,0.59931,0.59986,2373.97
2025.06.03 17:00:00,0.59989,0.60068,0.59988,0.60043,1732.95
2025.06.03 18:00:00,0.60041,0.60045,0.59988,0.60042,1398.82
2025.06.03 19:00:00,0.60036,0.60051,0.59971,0.59981,1252.2
2025.06.03 20:00:00,0.5998,0.60028,0.59939,0.59939,916.97
2025.06.03 21:00:00,0.59936,0.5996,0.59878,0.59959,1014.62
2025.06.03 22:00:00,0.59959,0.60035,0.59955,0.60017,772.87
2025.06.03 23:00:00,0.60017,0.60056,0.60004,0.60048,806.4
2025.06.04 00:00:00,0.60049,0.60069,0.59979,0.60015,2425.78
2025.06.04 01:00:00,0.60015,0.60136,0.59952,0.6005,5825.74
2025.06.04 02:00:00,0.6005,0.60136,0.59996,0.6002,2721.52
2025.06.04 03:00:00,0.60019,0.60064,0.59973,0.60012,2350.5
2025.06.04 04:00:00,0.60013,0.60047,0.59954,0.59959,2277.27
2025.06.04 05:00:00,0.5996,0.59995,0.59914,0.59959,2618.25
2025.06.04 06:00:00,0.5996,0.60046,0.59934,0.60024,4175.09
2025.06.04 07:00:00,0.60022,0.60141,0.6001,0.60016,3510.3
2025.06.04 08:00:00,0.60017,0.6016,0.59973,0.60128,2864.25
2025.06.04 09:00:00,0.60126,0.60159,0.60097,0.60103,2370.97
2025.06.04 10:00:00,0.60104,0.60166,0.60096,0.60114,2617.57
2025.06.04 11:00:00,0.60113,0.60166,0.60097,0.60127,3123.03
2025.06.04 12:00:00,0.60128,0.60235,0.6012,0.60225,5869.42
2025.06.04 13:00:00,0.60224,0.60241,0.60156,0.60161,4671.07
2025.06.04 14:00:00,0.60162,0.60336,0.60162,0.60309,7723.53
2025.06.04 15:00:00,0.60309,0.6032,0.60232,0.60299,4402.79
2025.06.04 16:00:00,0.603,0.60376,0.60286,0.60365,2478.37
2025.06.04 17:00:00,0.60364,0.60389,0.6034,0.60354,1948.2
2025.06.04 18:00:00,0.60353,0.60366,0.60307,0.60307,2724.58
2025.06.04 19:00:00,0.60308,0.60331,0.60278,0.60278,1696.87
2025.06.04 20:00:00,0.60275,0.60297,0.60255,0.60259,1206.6
2025.06.04 21:00:00,0.60247,0.6028,0.60222,0.60246,965.77
2025.06.04 22:00:00,0.60247,0.60326,0.60239,0.60291,832.07
2025.06.04 23:00:00,0.60297,0.60323,0.6025,0.6025,1245.15
2025.06.05 00:00:00,0.60252,0.60372,0.6025,0.60351,2501.86
2025.06.05 01:00:00,0.60353,0.60424,0.60295,0.60322,4314.66
2025.06.05 02:00:00,0.60318,0.60368,0.60275,0.60356,2799.3
2025.06.05 03:00:00,0.60357,0.60432,0.60291,0.60298,3496.31
2025.06.05 04:00:00,0.60296,0.60325,0.60259,0.60313,2505.45
2025.06.05 05:00:00,0.60313,0.60323,0.6026,0.60265,2937.3
2025.06.05 06:00:00,0.60266,0.60359,0.60256,0.6031,3367.2
2025.06.05 07:00:00,0.6031,0.60445,0.60297,0.60336,4324.86
2025.06.05 08:00:00,0.60336,0.60415,0.6031,0.60397,2124.22
2025.06.05 09:00:00,0.60399,0.6051,0.60392,0.6046,2774.76
2025.06.05 10:00:00,0.6046,0.60549,0.60452,0.60472,2537.94
2025.06.05 11:00:00,0.60472,0.60506,0.60433,0.60455,2459.81
2025.06.05 12:00:00,0.60454,0.60617,0.60437,0.60543,8247.54
2025.06.05 13:00:00,0.60543,0.60797,0.60508,0.60661,9988.35
2025.06.05 14:00:00,0.60661,0.60665,0.6054,0.60564,9266.55
2025.06.05 15:00:00,0.60564,0.60566,0.60392,0.60427,5880.97
2025.06.05 16:00:00,0.60425,0.60444,0.6039,0.60429,3538.35
2025.06.05 17:00:00,0.6043,0.60465,0.60407,0.60455,1992.45
2025.06.05 18:00:00,0.60455,0.60455,0.60371,0.60398,2355.07
2025.06.05 19:00:00,0.60396,0.6042,0.60343,0.60369,2887.82
2025.06.05 20:00:00,0.60369,0.60387,0.60332,0.60332,1171.32
2025.06.05 21:00:00,0.60327,0.60339,0.60312,0.60329,1738.11
2025.06.05 22:00:00,0.60339,0.60389,0.60324,0.60375,1320.67
2025.06.05 23:00:00,0.60381,0.60432,0.60372,0.60409,1517.4
2025.06.06 00:00:00,0.60408,0.60484,0.60407,0.6043,2653.42
2025.06.06 01:00:00,0.60429,0.60501,0.60403,0.60413,3653.17
2025.06.06 02:00:00,0.60415,0.60417,0.60257,0.60334,3095.98
2025.06.06 03:00:00,0.60333,0.60425,0.60326,0.60412,2225.25
2025.06.06 04:00:00,0.60411,0.60493,0.60407,0.60476,1413.66
2025.06.06 05:00:00,0.60475,0.60476,0.60389,0.6042,1459.05
2025.06.06 06:00:00,0.60422,0.60426,0.60351,0.60366,2805.9
2025.06.06 07:00:00,0.60366,0.60451,0.60356,0.604,2910.6
2025.06.06 08:00:00,0.60401,0.60401,0.60231,0.60254,2993.69
2025.06.06 09:00:00,0.60253,0.60308,0.60214,0.60269,2276.7
2025.06.06 10:00:00,0.60271,0.60347,0.60262,0.60337,2144.7
2025.06.06 11:00:00,0.60341,0.60376,0.60301,0.60302,2442.48
2025.06.06 12:00:00,0.60301,0.60432,0.60174,0.60243,12267.54
2025.06.06 13:00:00,0.60243,0.60267,0.60081,0.60149,13044.07
2025.06.06 14:00:00,0.6015,0.60287,0.60096,0.60126,9813.87
2025.06.06 15:00:00,0.60125,0.60189,0.60061,0.60176,5468.07
2025.06.06 16:00:00,0.60176,0.6019,0.60084,0.60096,3427.87
2025.06.06 17:00:00,0.60096,0.60183,0.60092,0.60172,2519.55
2025.06.06 18:00:00,0.60171,0.60233,0.60169,0.60212,3282.9
2025.06.06 19:00:00,0.6021,0.60227,0.60176,0.60187,2560.94
2025.06.06 20:00:00,0.60186,0.60216,0.60101,0.60115,2076.36
2025.06.08 21:00:00,0.60114,0.60216,0.60019,0.60201,534.15
2025.06.08 22:00:00,0.60212,0.60241,0.60175,0.60235,2549.16
2025.06.08 23:00:00,0.60236,0.60276,0.60208,0.60215,2287.2
2025.06.09 00:00:00,0.60214,0.60248,0.60131,0.60168,3514.04
2025.06.09 01:00:00,0.6017,0.60355,0.6017,0.60327,4773.42
2025.06.09 02:00:00,0.60323,0.60411,0.60317,0.60324,4034.56
2025.06.09 03:00:00,0.60325,0.60377,0.60321,0.60353,2542.27
2025.06.09 04:00:00,0.60351,0.60373,0.60308,0.60361,2116.57
2025.06.09 05:00:00,0.6036,0.60384,0.60313,0.60362,2970.57
2025.06.09 06:00:00,0.60362,0.60478,0.60346,0.60453,3094.72
2025.06.09 07:00:00,0.60451,0.60496,0.60446,0.60479,3936.8
2025.06.09 08:00:00,0.60482,0.60651,0.60482,0.60577,3554.69
2025.06.09 09:00:00,0.60579,0.60644,0.60576,0.60602,2987.7
2025.06.09 10:00:00,0.606,0.60623,0.60532,0.60544,3638.68
2025.06.09 11:00:00,0.60544,0.60563,0.60462,0.60493,5154.93
2025.06.09 12:00:00,0.60496,0.60498,0.60371,0.60403,4604.99
2025.06.09 13:00:00,0.60402,0.60412,0.60354,0.60385,3999.22
2025.06.09 14:00:00,0.60386,0.60472,0.60384,0.60436,5101.35
2025.06.09 15:00:00,0.60435,0.60564,0.60432,0.60546,3293.7
2025.06.09 16:00:00,0.60545,0.60549,0.60505,0.60516,1851.67
2025.06.09 17:00:00,0.60518,0.60539,0.60487,0.60513,1457.32
2025.06.09 18:00:00,0.60512,0.60571,0.60505,0.60545,1419.82
2025.06.09 19:00:00,0.60544,0.60557,0.60503,0.60516,1323.69
2025.06.09 20:00:00,0.60515,0.60515,0.60459,0.60461,958.27
2025.06.09 21:00:00,0.6043,0.6046,0.6039,0.60423,1367.25
2025.06.09 22:00:00,0.60432,0.60496,0.60423,0.60477,2920.83
2025.06.09 23:00:00,0.60477,0.60515,0.60453,0.60487,1177.55
2025.06.10 00:00:00,0.60488,0.60581,0.60481,0.60534,2969.62
2025.06.10 01:00:00,0.60535,0.60582,0.60346,0.60363,4303.91
2025.06.10 02:00:00,0.60362,0.60416,0.60274,0.60392,5149.27
2025.06.10 03:00:00,0.60392,0.60548,0.60365,0.60546,3699.52
2025.06.10 04:00:00,0.60548,0.60563,0.60469,0.60491,2681.11
2025.06.10 05:00:00,0.60491,0.60526,0.60354,0.6043,6013.41
2025.06.10 06:00:00,0.60429,0.60485,0.60337,0.60339,6528.3
2025.06.10 07:00:00,0.60337,0.60397,0.6029,0.60326,5528.85
2025.06.10 08:00:00,0.60326,0.60449,0.60324,0.60441,3840.6
2025.06.10 09:00:00,0.60436,0.60479,0.60379,0.60467,3223.03
2025.06.10 10:00:00,0.60468,0.60518,0.60457,0.60478,2520.3
2025.06.10 11:00:00,0.60478,0.60543,0.60458,0.60512,2693.02
2025.06.10 12:00:00,0.60514,0.60556,0.60467,0.60468,4058.83
2025.06.10 13:00:00,0.60465,0.6057,0.60457,0.60559,3891.9
2025.06.10 14:00:00,0.60559,0.60571,0.6045,0.60465,4388.84
2025.06.10 15:00:00,0.60464,0.60465,0.60375,0.60425,3310.56
2025.06.10 16:00:00,0.60425,0.60442,0.60386,0.60426,1750.2
2025.06.10 17:00:00,0.60427,0.60437,0.60383,0.60411,1302.52
2025.06.10 18:00:00,0.60412,0.60422,0.60375,0.60418,1811.7
2025.06.10 19:00:00,0.60417,0.60511,0.60405,0.60494,1788.97
2025.06.10 20:00:00,0.60496,0.6052,0.60474,0.60513,1145.55
2025.06.10 21:00:00,0.60501,0.60523,0.60397,0.60505,1456.9
2025.06.10 22:00:00,0.60505,0.60556,0.60489,0.60541,2187.68
2025.06.10 23:00:00,0.60542,0.60616,0.60521,0.6059,2725.08
2025.06.11 00:00:00,0.60592,0.60613,0.60458,0.60471,3491.53
2025.06.11 01:00:00,0.60475,0.60516,0.6033,0.60339,2734.65
2025.06.11 02:00:00,0.60338,0.60378,0.6029,0.60295,2361.6
2025.06.11 03:00:00,0.60293,0.60348,0.60247,0.60348,1917.9
2025.06.11 04:00:00,0.60349,0.60389,0.60317,0.60331,1925.62
2025.06.11 05:00:00,0.60332,0.60396,0.60316,0.60351,2035.05
2025.06.11 06:00:00,0.6035,0.60363,0.6024,0.60306,2915.55
2025.06.11 07:00:00,0.60305,0.60364,0.60246,0.60319,2801.25
2025.06.11 08:00:00,0.60316,0.6035,0.60284,0.60322,3034.79
2025.06.11 09:00:00,0.60322,0.60417,0.60309,0.60362,2418.6
2025.06.11 10:00:00,0.60364,0.60385,0.60301,0.60315,1972.87
2025.06.11 11:00:00,0.60315,0.60317,0.60249,0.60281,1993.87
2025.06.11 12:00:00,0.6028,0.60656,0.6023,0.60517,9138.84
2025.06.11 13:00:00,0.60515,0.60532,0.60348,0.60409,7737.89
2025.06.11 14:00:00,0.60408,0.60479,0.60399,0.60401,4796.55
2025.06.11 15:00:00,0.604,0.60452,0.60355,0.60449,3670.95
2025.06.11 16:00:00,0.6045,0.60463,0.60373,0.60421,2765.84
2025.06.11 17:00:00,0.60421,0.60495,0.60413,0.60419,2349.45
2025.06.11 18:00:00,0.60423,0.60434,0.60298,0.60335,3570.75
2025.06.11 19:00:00,0.60335,0.60345,0.60235,0.60274,1976.83
2025.06.11 20:00:00,0.60275,0.60299,0.60256,0.60276,1193.25
2025.06.11 21:00:00,0.60261,0.60287,0.60213,0.60275,1790.85
2025.06.11 22:00:00,0.60272,0.60351,0.60261,0.60339,2200.01
2025.06.11 23:00:00,0.6034,0.60378,0.60313,0.6035,3006.66
2025.06.12 00:00:00,0.60356,0.60378,0.60287,0.60321,4531.57
2025.06.12 01:00:00,0.60319,0.60365,0.60172,0.60214,5725.37
2025.06.12 02:00:00,0.60214,0.60251,0.60157,0.60211,3516.45
2025.06.12 03:00:00,0.60213,0.60415,0.60196,0.60387,3052.35
2025.06.12 04:00:00,0.60387,0.60406,0.60309,0.60329,3207.66
2025.06.12 05:00:00,0.60326,0.60421,0.60307,0.60406,4416.31
2025.06.12 06:00:00,0.60407,0.60427,0.60271,0.60278,7440.9
2025.06.12 07:00:00,0.60275,0.60277,0.60054,0.60135,5471.7
2025.06.12 08:00:00,0.60134,0.60349,0.60126,0.60336,3858.15
2025.06.12 09:00:00,0.60336,0.60419,0.60303,0.6034,4754.25
2025.06.12 10:00:00,0.60339,0.60518,0.60314,0.60494,5772.15
2025.06.12 11:00:00,0.60493,0.60587,0.60479,0.60523,4184.7
2025.06.12 12:00:00,0.60525,0.6071,0.60503,0.60631,6729.21
2025.06.12 13:00:00,0.60631,0.60662,0.60513,0.60559,5433.2
2025.06.12 14:00:00,0.6056,0.60641,0.60551,0.60628,5466.33
2025.06.12 15:00:00,0.60629,0.60661,0.60572,0.60607,4660.57
2025.06.12 16:00:00,0.60608,0.60638,0.60576,0.60614,3179.7
2025.06.12 17:00:00,0.60613,0.60641,0.60557,0.60608,2136.82
2025.06.12 18:00:00,0.60609,0.60637,0.60591,0.60637,1314.45
2025.06.12 19:00:00,0.60633,0.60649,0.60615,0.6064,1175.55
2025.06.12 20:00:00,0.6064,0.60689,0.60631,0.60681,1067.85
2025.06.12 21:00:00,0.60681,0.60683,0.60654,0.60655,1202.7
2025.06.12 22:00:00,0.60664,0.60686,0.60649,0.60658,878.69
2025.06.12 23:00:00,0.60659,0.60679,0.60634,0.60645,1740.99
2025.06.13 00:00:00,0.60644,0.60655,0.60089,0.60138,13496.85
2025.06.13 01:00:00,0.60136,0.60328,0.60038,0.60285,10893.37
2025.06.13 02:00:00,0.60285,0.6044,0.60215,0.60234,6925.84
2025.06.13 03:00:00,0.60234,0.60297,0.60139,0.60246,5431.65
2025.06.13 04:00:00,0.60244,0.60264,0.60062,0.60074,3837.42
2025.06.13 05:00:00,0.60075,0.602,0.60044,0.60111,4927.15
2025.06.13 06:00:00,0.60112,0.60216,0.60052,0.60137,6462
2025.06.13 07:00:00,0.60136,0.60214,0.60061,0.60134,7820.9
2025.06.13 08:00:00,0.60133,0.60259,0.60114,0.60186,5201.7
2025.06.13 09:00:00,0.60186,0.60213,0.60073,0.60099,4357.71
2025.06.13 10:00:00,0.601,0.60117,0.59947,0.59987,5092.09
2025.06.13 11:00:00,0.59986,0.60117,0.59955,0.60059,3778.95
2025.06.13 12:00:00,0.60059,0.60101,0.60029,0.60076,4340.76
2025.06.13 13:00:00,0.60075,0.60191,0.59985,0.60169,6847.56
2025.06.13 14:00:00,0.60169,0.60323,0.60166,0.60285,7777.68
2025.06.13 15:00:00,0.60284,0.60384,0.60258,0.60342,5014.87
2025.06.13 16:00:00,0.60343,0.60412,0.60341,0.6037,2734.64
2025.06.13 17:00:00,0.60367,0.60369,0.60228,0.60263,3108.96
2025.06.13 18:00:00,0.60264,0.60289,0.60113,0.60178,3649.72
2025.06.13 19:00:00,0.60176,0.60214,0.60152,0.60211,2503.2
2025.06.13 20:00:00,0.6021,0.60216,0.60085,0.60128,2392.65
2025.06.15 21:00:00,0.60013,0.60136,0.60003,0.60086,4214.49
2025.06.15 22:00:00,0.60086,0.60164,0.60062,0.60107,17087.91
2025.06.15 23:00:00,0.60109,0.60176,0.60057,0.60168,2891.59
2025.06.16 00:00:00,0.60168,0.60255,0.6014,0.60222,3028.42
2025.06.16 01:00:00,0.6022,0.6024,0.6013,0.60186,4713.27
2025.06.16 02:00:00,0.60189,0.60236,0.60122,0.6017,3675.78
2025.06.16 03:00:00,0.60169,0.60209,0.60034,0.60094,4582.84
2025.06.16 04:00:00,0.60094,0.60155,0.60093,0.60151,3006.07
2025.06.16 05:00:00,0.60151,0.60305,0.60151,0.60267,4761.07
2025.06.16 06:00:00,0.60267,0.60313,0.60169,0.60294,6067.21
2025.06.16 07:00:00,0.60293,0.60342,0.60244,0.60286,4392
2025.06.16 08:00:00,0.60286,0.60405,0.60264,0.60383,2946.6
2025.06.16 09:00:00,0.60384,0.60428,0.60364,0.60424,3090.22
2025.06.16 10:00:00,0.60424,0.60477,0.60394,0.60435,2178.9
2025.06.16 11:00:00,0.60434,0.60539,0.60429,0.60528,1952.04
2025.06.16 12:00:00,0.60529,0.60592,0.60506,0.60579,6444.42
2025.06.16 13:00:00,0.60583,0.60753,0.60564,0.60734,6920.14
2025.06.16 14:00:00,0.60736,0.60875,0.60714,0.60736,7162.68
2025.06.16 15:00:00,0.60736,0.60778,0.60696,0.60709,4340.54
2025.06.16 16:00:00,0.60708,0.60808,0.60708,0.60782,3122.9
2025.06.16 17:00:00,0.60784,0.60787,0.60707,0.6071,2259.9
2025.06.16 18:00:00,0.6071,0.60732,0.60688,0.60691,1909.34
2025.06.16 19:00:00,0.6069,0.60704,0.60579,0.60586,2489.9
2025.06.16 20:00:00,0.60587,0.60632,0.60572,0.60589,1495.96
2025.06.16 21:00:00,0.60584,0.606,0.60459,0.60532,1477.49
2025.06.16 22:00:00,0.60532,0.60597,0.60514,0.60541,2897.48
2025.06.16 23:00:00,0.60541,0.60614,0.60471,0.60521,2403.84
2025.06.17 00:00:00,0.60522,0.6053,0.60449,0.60524,4399.2
2025.06.17 01:00:00,0.60526,0.60622,0.6049,0.60586,4408.65
2025.06.17 02:00:00,0.60589,0.60649,0.60538,0.60643,3631.8
2025.06.17 03:00:00,0.60641,0.60688,0.60603,0.60677,3567.67
2025.06.17 04:00:00,0.60679,0.60717,0.60656,0.60671,2218.35
2025.06.17 05:00:00,0.60672,0.60694,0.60613,0.60623,2881.5
2025.06.17 06:00:00,0.60623,0.60715,0.60587,0.60671,3889.5
2025.06.17 07:00:00,0.6067,0.60742,0.60637,0.60694,4376.25
2025.06.17 08:00:00,0.60695,0.60745,0.60669,0.60672,2808.15
2025.06.17 09:00:00,0.6067,0.60736,0.60616,0.60622,2969.98
2025.06.17 10:00:00,0.60622,0.60727,0.60621,0.60715,2045.92
2025.06.17 11:00:00,0.60716,0.60793,0.60696,0.60736,2526.15
2025.06.17 12:00:00,0.60734,0.60771,0.60597,0.60603,4599.46
2025.06.17 13:00:00,0.60603,0.60747,0.606,0.60708,4400.77
2025.06.17 14:00:00,0.60709,0.60723,0.60437,0.60464,7396.06
2025.06.17 15:00:00,0.60463,0.6054,0.6044,0.60536,4163.4
2025.06.17 16:00:00,0.60538,0.60591,0.60344,0.60357,3823.85
2025.06.17 17:00:00,0.60358,0.6038,0.60154,0.60194,5643.9
2025.06.17 18:00:00,0.60193,0.60228,0.60097,0.60133,4343.4
2025.06.17 19:00:00,0.60133,0.60161,0.60106,0.60148,2768.49
2025.06.17 20:00:00,0.60147,0.6016,0.60098,0.60112,2187.72
2025.06.17 21:00:00,0.60112,0.60182,0.601,0.60179,1420.91
2025.06.17 22:00:00,0.60189,0.60189,0.60087,0.60091,1169.57
2025.06.17 23:00:00,0.60093,0.6019,0.60088,0.60181,2140.59
2025.06.18 00:00:00,0.6018,0.60255,0.60159,0.60196,5510.4
2025.06.18 01:00:00,0.60199,0.60303,0.60195,0.60238,5436.34
2025.06.18 02:00:00,0.60237,0.60282,0.60198,0.60261,3429.6
2025.06.18 03:00:00,0.60259,0.60289,0.60233,0.60256,2565.3
2025.06.18 04:00:00,0.60255,0.60351,0.60229,0.60338,3178.8
2025.06.18 05:00:00,0.60338,0.60368,0.60295,0.60306,3561.45
2025.06.18 06:00:00,0.60304,0.60391,0.60297,0.60339,5675.7
2025.06.18 07:00:00,0.6034,0.60392,0.60266,0.60275,3191.85
2025.06.18 08:00:00,0.60276,0.60313,0.60229,0.60263,2451.75
2025.06.18 09:00:00,0.60263,0.60315,0.60244,0.60292,2460.9
2025.06.18 10:00:00,0.60292,0.60302,0.60172,0.60187,3828.47
2025.06.18 11:00:00,0.60187,0.60273,0.6018,0.60257,2080.82
2025.06.18 12:00:00,0.60258,0.60326,0.60234,0.60266,3817.94
2025.06.18 13:00:00,0.60267,0.60313,0.60202,0.60264,5418.66
2025.06.18 14:00:00,0.60263,0.60455,0.60245,0.60392,10148.1
2025.06.18 15:00:00,0.60392,0.60491,0.60381,0.60439,5508.08
2025.06.18 16:00:00,0.6044,0.60482,0.60378,0.60382,4407.27
2025.06.18 17:00:00,0.6038,0.60405,0.60301,0.60353,2314.83
2025.06.18 18:00:00,0.60362,0.60564,0.60221,0.60225,17205.61
2025.06.18 19:00:00,0.60225,0.60316,0.60162,0.60249,8888.56
2025.06.18 20:00:00,0.60247,0.60306,0.60233,0.60264,1939.5
2025.06.18 21:00:00,0.60264,0.60293,0.60179,0.6026,915.24
2025.06.18 22:00:00,0.60261,0.60325,0.60247,0.60289,2129.64
2025.06.18 23:00:00,0.60288,0.60319,0.60271,0.60275,2731.47
2025.06.19 00:00:00,0.60274,0.603,0.60181,0.60187,3504.13
2025.06.19 01:00:00,0.60185,0.6019,0.59938,0.59942,7081.72
2025.06.19 02:00:00,0.5994,0.60008,0.5982,0.59932,5651.32
2025.06.19 03:00:00,0.59931,0.60006,0.59929,0.59952,3314.12
2025.06.19 04:00:00,0.59952,0.59999,0.59918,0.59957,2914.75
2025.06.19 05:00:00,0.59958,0.59958,0.59691,0.59736,4341.3
2025.06.19 06:00:00,0.59735,0.59752,0.5964,0.59724,5423.32
2025.06.19 07:00:00,0.59722,0.59808,0.59661,0.59696,6132.38
2025.06.19 08:00:00,0.59696,0.59874,0.59684,0.59845,4377.59
2025.06.19 09:00:00,0.5985,0.59885,0.59746,0.59749,4501.19
2025.06.19 10:00:00,0.5975,0.59801,0.59713,0.59726,4139.84
2025.06.19 11:00:00,0.59729,0.59834,0.59679,0.59802,4524.14
2025.06.19 12:00:00,0.59803,0.59836,0.597,0.59721,4178.92
2025.06.19 13:00:00,0.5972,0.59807,0.59694,0.59728,4657.2
2025.06.19 14:00:00,0.59726,0.59762,0.59585,0.59653,6009.45
2025.06.19 15:00:00,0.59654,0.59718,0.59641,0.59679,2843.55
2025.06.19 16:00:00,0.59679,0.59695,0.59648,0.59654,2632.65
2025.06.19 17:00:00,0.59654,0.59837,0.59653,0.59828,1638
2025.06.19 18:00:00,0.59827,0.5986,0.59816,0.59851,2221.35
2025.06.19 19:00:00,0.5985,0.59923,0.59847,0.59914,1470.75
2025.06.19 20:00:00,0.59914,0.59928,0.59875,0.59914,1187.25
2025.06.19 21:00:00,0.59723,0.59906,0.59676,0.59888,1181.52
2025.06.19 22:00:00,0.59888,0.59948,0.59877,0.59935,2764.35
2025.06.19 23:00:00,0.59936,0.60003,0.59925,0.59994,2228.25
2025.06.20 00:00:00,0.59993,0.60059,0.59986,0.60025,5130.15
2025.06.20 01:00:00,0.60026,0.60042,0.59896,0.59896,6122.13
2025.06.20 02:00:00,0.59895,0.59945,0.59866,0.59923,3289.67
2025.06.20 03:00:00,0.59923,0.60056,0.59914,0.60041,3095.62
2025.06.20 04:00:00,0.60041,0.60074,0.60018,0.60051,3113.4
2025.06.20 05:00:00,0.60056,0.60073,0.5998,0.6007,3840.64
2025.06.20 06:00:00,0.60071,0.60088,0.59924,0.59941,5454.36
2025.06.20 07:00:00,0.5994,0.5999,0.59905,0.59958,3492.15
2025.06.20 08:00:00,0.59959,0.59986,0.59921,0.59948,2500.55
2025.06.20 09:00:00,0.59947,0.60009,0.5994,0.59986,1816.2
2025.06.20 10:00:00,0.59986,0.59999,0.59909,0.59913,1669.65
2025.06.20 11:00:00,0.59913,0.59973,0.59861,0.5991,2504.55
2025.06.20 12:00:00,0.5991,0.59982,0.59867,0.59917,5341.61
2025.06.20 13:00:00,0.59918,0.5993,0.5979,0.59797,4212.3
2025.06.20 14:00:00,0.59796,0.59812,0.59635,0.59708,5762.43
2025.06.20 15:00:00,0.59708,0.59782,0.59642,0.59668,4650.9
2025.06.20 16:00:00,0.59666,0.59765,0.59662,0.59737,2471.25
2025.06.20 17:00:00,0.59736,0.59763,0.59682,0.59719,2044.8
2025.06.20 18:00:00,0.59718,0.59746,0.59687,0.59692,2618.55
2025.06.20 19:00:00,0.59692,0.59708,0.59635,0.59647,2413.44
2025.06.20 20:00:00,0.59645,0.59672,0.59626,0.59643,3016.65
2025.06.22 21:00:00,0.59441,0.5947,0.59392,0.59395,579.27
2025.06.22 22:00:00,0.59395,0.59586,0.59277,0.59567,4849.81
2025.06.22 23:00:00,0.59567,0.5966,0.59566,0.59606,3310.14
2025.06.23 00:00:00,0.59608,0.59645,0.5945,0.59529,5533.98
2025.06.23 01:00:00,0.59532,0.59579,0.59372,0.59449,6035.28
2025.06.23 02:00:00,0.59451,0.59529,0.59359,0.59371,4857.29
2025.06.23 03:00:00,0.59371,0.59392,0.59177,0.59226,5007.45
2025.06.23 04:00:00,0.59224,0.5927,0.59156,0.59213,2786.1
2025.06.23 05:00:00,0.59209,0.59244,0.59151,0.59235,4823.1
2025.06.23 06:00:00,0.59233,0.59324,0.59198,0.59301,5413.5
2025.06.23 07:00:00,0.59302,0.59348,0.59267,0.59281,4541.25
2025.06.23 08:00:00,0.59281,0.59287,0.59114,0.59129,3358.87
2025.06.23 09:00:00,0.59128,0.59131,0.58875,0.58909,4481.24
2025.06.23 10:00:00,0.58906,0.58941,0.58868,0.58882,3657.67
2025.06.23 11:00:00,0.58879,0.58981,0.58826,0.58977,3257.29
2025.06.23 12:00:00,0.58977,0.59001,0.58886,0.58971,5707.75
2025.06.23 13:00:00,0.58971,0.59158,0.58919,0.5913,5534.23
2025.06.23 14:00:00,0.59131,0.59494,0.59128,0.59444,10592.63
2025.06.23 15:00:00,0.59444,0.59545,0.59374,0.59382,6409.57
2025.06.23 16:00:00,0.59384,0.59517,0.59264,0.59399,6976.47
2025.06.23 17:00:00,0.594,0.59673,0.59379,0.59658,7021.72
2025.06.23 18:00:00,0.59656,0.5974,0.59646,0.59733,4092.81
2025.06.23 19:00:00,0.59732,0.59775,0.59711,0.5975,2478.99
2025.06.23 20:00:00,0.59751,0.59802,0.59732,0.59732,1866.3
2025.06.23 21:00:00,0.59735,0.59755,0.59651,0.59727,1117.32
2025.06.23 22:00:00,0.59723,0.59914,0.5972,0.59856,3047.46
2025.06.23 23:00:00,0.59861,0.60012,0.59827,0.5993,3622.91
2025.06.24 00:00:00,0.5993,0.59992,0.59876,0.59965,6960.42
2025.06.24 01:00:00,0.59965,0.60015,0.59912,0.59943,5135.69
2025.06.24 02:00:00,0.59943,0.60094,0.59891,0.60088,3966.3
2025.06.24 03:00:00,0.60091,0.60131,0.60042,0.60059,2105.4
2025.06.24 04:00:00,0.60057,0.60169,0.60015,0.60145,2505.27
2025.06.24 05:00:00,0.60145,0.60146,0.60073,0.60134,2700.59
2025.06.24 06:00:00,0.60138,0.60336,0.60124,0.60299,5231.24
2025.06.24 07:00:00,0.60298,0.60307,0.60088,0.60131,6748.11
2025.06.24 08:00:00,0.60134,0.60245,0.60121,0.60223,4244.24
2025.06.24 09:00:00,0.60222,0.60389,0.6022,0.6032,2730.36
2025.06.24 10:00:00,0.60318,0.60337,0.60291,0.60299,1846.2
2025.06.24 11:00:00,0.603,0.60389,0.60296,0.60309,2374.05
2025.06.24 12:00:00,0.6031,0.6034,0.6022,0.60233,3784.8
2025.06.24 13:00:00,0.60234,0.60264,0.60087,0.60106,5760.99
2025.06.24 14:00:00,0.60105,0.60407,0.60105,0.60226,7693.23
2025.06.24 15:00:00,0.60226,0.60337,0.60131,0.60135,5456.31
2025.06.24 16:00:00,0.60136,0.60205,0.60097,0.60203,2412.3
2025.06.24 17:00:00,0.60204,0.60242,0.60174,0.60208,2040.45
2025.06.24 18:00:00,0.60209,0.60222,0.60169,0.60178,1662.3
2025.06.24 19:00:00,0.60174,0.60204,0.60109,0.60112,1747.5
2025.06.24 20:00:00,0.60113,0.60128,0.60046,0.60046,1477.23
2025.06.24 21:00:00,0.60043,0.60067,0.59996,0.60043,2387.43
2025.06.24 22:00:00,0.60052,0.60077,0.60035,0.60054,1324.21
2025.06.24 23:00:00,0.60056,0.60108,0.60056,0.60106,1088.74
2025.06.25 00:00:00,0.60105,0.60208,0.60093,0.60187,2360.55
2025.06.25 01:00:00,0.60187,0.60295,0.60132,0.6027,4808.99
2025.06.25 02:00:00,0.60268,0.60329,0.60233,0.60322,2763.97
2025.06.25 03:00:00,0.60325,0.60392,0.60287,0.6029,2738.25
2025.06.25 04:00:00,0.60293,0.60308,0.60259,0.60285,1801.19
2025.06.25 05:00:00,0.60284,0.60291,0.60226,0.60255,2148.2
2025.06.25 06:00:00,0.60257,0.60278,0.60211,0.60222,3069.27
2025.06.25 07:00:00,0.60224,0.60313,0.60192,0.60227,3067.3
2025.06.25 08:00:00,0.60228,0.6026,0.60182,0.60239,2828.84
2025.06.25 09:00:00,0.60237,0.60237,0.60138,0.6019,2051.69
2025.06.25 10:00:00,0.60191,0.6022,0.60164,0.60193,1273.2
2025.06.25 11:00:00,0.60193,0.60231,0.60171,0.60185,2049.45
2025.06.25 12:00:00,0.60185,0.60196,0.60115,0.60134,3176.45
2025.06.25 13:00:00,0.60131,0.60193,0.60096,0.60143,3420.9
2025.06.25 14:00:00,0.60143,0.60276,0.60141,0.60203,5035.27
2025.06.25 15:00:00,0.60204,0.60226,0.60167,0.60185,2520.75
2025.06.25 16:00:00,0.60183,0.6029,0.60183,0.60273,1748.1
2025.06.25 17:00:00,0.60272,0.60318,0.60232,0.60291,2011.49
2025.06.25 18:00:00,0.60293,0.60381,0.60285,0.60367,1804.95
2025.06.25 19:00:00,0.60368,0.60421,0.60365,0.60376,1973.37
2025.06.25 20:00:00,0.60378,0.60393,0.60338,0.60364,1488.6
2025.06.25 21:00:00,0.60364,0.60364,0.60261,0.60339,1180.49
2025.06.25 22:00:00,0.60342,0.60417,0.60336,0.60408,2649.47
2025.06.25 23:00:00,0.60408,0.60555,0.60406,0.60528,2641.37
2025.06.26 00:00:00,0.6053,0.6057,0.60481,0.60482,2295.75
2025.06.26 01:00:00,0.60481,0.60481,0.60286,0.60421,3732.15
2025.06.26 02:00:00,0.60421,0.60599,0.60385,0.60572,3616.57
2025.06.26 03:00:00,0.60574,0.60654,0.60552,0.60606,4207.81
2025.06.26 04:00:00,0.6061,0.60611,0.60474,0.60492,2765.68
2025.06.26 05:00:00,0.60492,0.6051,0.6042,0.605,2550.15
2025.06.26 06:00:00,0.605,0.60532,0.6042,0.60515,5541.3
2025.06.26 07:00:00,0.60514,0.6059,0.60457,0.60541,5229.74
2025.06.26 08:00:00,0.60541,0.60731,0.60521,0.6068,4586.4
2025.06.26 09:00:00,0.60679,0.60685,0.60553,0.60613,4601.92
2025.06.26 10:00:00,0.60612,0.6067,0.60567,0.60588,2641.5
2025.06.26 11:00:00,0.60588,0.60597,0.60473,0.60495,3268.2
2025.06.26 12:00:00,0.60496,0.60614,0.60479,0.60556,5948.4
2025.06.26 13:00:00,0.60556,0.60665,0.60482,0.6066,6842.32
2025.06.26 14:00:00,0.60662,0.60735,0.60598,0.60636,7683.31
2025.06.26 15:00:00,0.60638,0.60673,0.60586,0.60667,5004.96
2025.06.26 16:00:00,0.60667,0.60745,0.6062,0.60677,3245.09
2025.06.26 17:00:00,0.60676,0.60731,0.6067,0.60708,2228.32
2025.06.26 18:00:00,0.60706,0.60741,0.60672,0.60714,2203.72
2025.06.26 19:00:00,0.60716,0.60725,0.60606,0.60623,2207.55
2025.06.26 20:00:00,0.60623,0.60631,0.60528,0.60532,1591.84
2025.06.26 21:00:00,0.60532,0.60548,0.6032,0.60547,2244.9
2025.06.26 22:00:00,0.60545,0.60583,0.60532,0.60553,903.02
2025.06.26 23:00:00,0.60554,0.60628,0.60552,0.60587,1492.03
2025.06.27 00:00:00,0.60587,0.60676,0.60587,0.60664,3380.55
2025.06.27 01:00:00,0.60665,0.60707,0.60592,0.60697,4314.29
2025.06.27 02:00:00,0.60695,0.60732,0.60649,0.60718,2771.25
2025.06.27 03:00:00,0.60718,0.60759,0.6066,0.60663,2414.92
2025.06.27 04:00:00,0.60664,0.60677,0.60584,0.60587,2062.19
2025.06.27 05:00:00,0.60591,0.60643,0.60564,0.60639,2344.5
2025.06.27 06:00:00,0.6064,0.60733,0.606,0.6073,3557.4
2025.06.27 07:00:00,0.60731,0.60778,0.60666,0.60686,3248.4
2025.06.27 08:00:00,0.60687,0.60762,0.60672,0.60713,2955
2025.06.27 09:00:00,0.60717,0.60724,0.60619,0.60668,3337.71
2025.06.27 10:00:00,0.60669,0.60677,0.60536,0.60577,3500.89
2025.06.27 11:00:00,0.60578,0.60636,0.60575,0.60633,3362.68
2025.06.27 12:00:00,0.60632,0.60731,0.6057,0.60692,6426.26
2025.06.27 13:00:00,0.6069,0.60723,0.60516,0.60536,8012.44
2025.06.27 14:00:00,0.60536,0.60621,0.60521,0.60567,7926.52
2025.06.27 15:00:00,0.60568,0.60651,0.60516,0.60597,6278.17
2025.06.27 16:00:00,0.60597,0.60653,0.60575,0.6062,3232.75
2025.06.27 17:00:00,0.60621,0.60634,0.60414,0.60478,4701.74
2025.06.27 18:00:00,0.60479,0.60504,0.60365,0.60449,7232.06
2025.06.27 19:00:00,0.60447,0.60531,0.60447,0.6052,2786.55
2025.06.27 20:00:00,0.60519,0.60568,0.60504,0.60504,2356.05
2025.06.29 21:00:00,0.60466,0.60565,0.60423,0.6055,780.99
2025.06.29 22:00:00,0.60548,0.60656,0.60545,0.60627,4330.32
2025.06.29 23:00:00,0.60628,0.60674,0.60613,0.60619,1801.35
2025.06.30 00:00:00,0.60617,0.60705,0.60585,0.60632,2950.65
2025.06.30 01:00:00,0.60632,0.60772,0.60607,0.60672,4145.89
2025.06.30 02:00:00,0.60672,0.60737,0.60628,0.6063,4720.1
2025.06.30 03:00:00,0.60629,0.6069,0.60618,0.60648,2890.15
2025.06.30 04:00:00,0.60647,0.6074,0.60638,0.60734,1775.4
2025.06.30 05:00:00,0.60735,0.6085,0.60729,0.60827,3208.97
2025.06.30 06:00:00,0.60828,0.60844,0.60756,0.60816,5143.8
2025.06.30 07:00:00,0.60815,0.60817,0.60621,0.60646,4426.19
2025.06.30 08:00:00,0.60643,0.60691,0.60635,0.60687,2622.82
2025.06.30 09:00:00,0.60686,0.60715,0.60589,0.60593,3025.5
2025.06.30 10:00:00,0.60592,0.60636,0.60566,0.60617,2401.25
2025.06.30 11:00:00,0.60618,0.60655,0.60605,0.60617,2020.59
2025.06.30 12:00:00,0.60616,0.6063,0.60574,0.60593,3497.4
2025.06.30 13:00:00,0.60593,0.60665,0.60567,0.60664,3725.1
2025.06.30 14:00:00,0.60666,0.60806,0.60607,0.60704,8313.75
2025.06.30 15:00:00,0.60703,0.60902,0.60674,0.60898,5797.8
2025.06.30 16:00:00,0.60897,0.60902,0.60811,0.60896,3300.88
2025.06.30 17:00:00,0.60894,0.60935,0.60834,0.60856,2490.6
2025.06.30 18:00:00,0.60857,0.60945,0.60854,0.60934,2528.25
2025.06.30 19:00:00,0.60932,0.6096,0.60923,0.60947,1877.55
2025.06.30 20:00:00,0.60946,0.60983,0.6094,0.60947,1315.77
2025.06.30 21:00:00,0.60933,0.60937,0.60778,0.60911,2175.13
2025.06.30 22:00:00,0.60908,0.60971,0.60907,0.60949,1514.06
2025.06.30 23:00:00,0.6095,0.60961,0.60904,0.60908,1158.7
2025.07.01 00:00:00,0.60906,0.6096,0.60895,0.60928,2046.9
2025.07.01 01:00:00,0.60927,0.60947,0.60788,0.60805,3176.17
2025.07.01 02:00:00,0.60803,0.60871,0.60748,0.60866,2784.6
2025.07.01 03:00:00,0.60866,0.60904,0.60838,0.60861,2318.4
2025.07.01 04:00:00,0.60863,0.6095,0.60838,0.60926,2563.5
2025.07.01 05:00:00,0.60926,0.61009,0.60919,0.60987,3715.95
2025.07.01 06:00:00,0.60989,0.61006,0.60914,0.6099,5713.5
2025.07.01 07:00:00,0.6099,0.61129,0.6097,0.61125,3981
2025.07.01 08:00:00,0.61122,0.61194,0.61034,0.61149,3425.4
2025.07.01 09:00:00,0.61148,0.61195,0.61085,0.61133,3456.52
2025.07.01 10:00:00,0.61136,0.612,0.61128,0.61141,2283.07
2025.07.01 11:00:00,0.61141,0.61161,0.61086,0.61123,2412.6
2025.07.01 12:00:00,0.61123,0.61139,0.60996,0.60999,3525.82
2025.07.01 13:00:00,0.61,0.61047,0.60946,0.60974,4814.85
2025.07.01 14:00:00,0.60974,0.61003,0.60833,0.60922,9529.47
2025.07.01 15:00:00,0.60921,0.60923,0.60804,0.60863,5073.75
2025.07.01 16:00:00,0.60864,0.60867,0.60807,0.60828,2817.75
2025.07.01 17:00:00,0.60829,0.60914,0.60815,0.60908,2131.2
2025.07.01 18:00:00,0.60906,0.60918,0.60868,0.6089,1567.35
2025.07.01 19:00:00,0.6089,0.60935,0.60863,0.6093,2130.18
2025.07.01 20:00:00,0.6093,0.60986,0.6093,0.60983,1097.47
2025.07.01 21:00:00,0.60969,0.60977,0.60849,0.60941,1550.1
2025.07.01 22:00:00,0.60944,0.6101,0.6094,0.60995,918.74
2025.07.01 23:00:00,0.60996,0.61004,0.60974,0.60989,869.1
2025.07.02 00:00:00,0.6099,0.6105,0.60979,0.61047,2074.2
2025.07.02 01:00:00,0.61048,0.61059,0.60909,0.60937,3036.45
2025.07.02 02:00:00,0.60937,0.60997,0.60899,0.60981,2107.2
2025.07.02 03:00:00,0.60982,0.61024,0.60954,0.61021,1751.39
2025.07.02 04:00:00,0.61023,0.61047,0.60998,0.6102,1593.22
2025.07.02 05:00:00,0.61019,0.61022,0.60934,0.60934,2082.9
2025.07.02 06:00:00,0.60935,0.60946,0.60843,0.6086,3283.05
2025.07.02 07:00:00,0.60859,0.60862,0.60783,0.60787,3578.4
2025.07.02 08:00:00,0.60787,0.60811,0.60739,0.60751,2368.57
2025.07.02 09:00:00,0.60752,0.6077,0.60711,0.60722,2241.3
2025.07.02 10:00:00,0.60723,0.60775,0.60714,0.60723,2217.6
2025.07.02 11:00:00,0.6072,0.60755,0.60589,0.60594,3678.13
2025.07.02 12:00:00,0.60592,0.60754,0.60495,0.60545,12070.11
2025.07.02 13:00:00,0.60546,0.60686,0.60511,0.60536,7634.7
2025.07.02 14:00:00,0.60536,0.60687,0.60526,0.60674,6571.5
2025.07.02 15:00:00,0.60673,0.60761,0.60659,0.60755,3784.27
2025.07.02 16:00:00,0.60754,0.608,0.60722,0.60776,2506.37
2025.07.02 17:00:00,0.60776,0.6085,0.60774,0.60806,2335.5
2025.07.02 18:00:00,0.60804,0.60919,0.60796,0.60867,2206.08
2025.07.02 19:00:00,0.60867,0.60922,0.60859,0.60918,1700.55
2025.07.02 20:00:00,0.60917,0.60918,0.60859,0.6089,1079.1
2025.07.02 21:00:00,0.6089,0.6089,0.60782,0.60859,1520.57
2025.07.02 22:00:00,0.60857,0.60919,0.60822,0.60911,1246.85
2025.07.02 23:00:00,0.60911,0.60917,0.60861,0.60883,1064.47
2025.07.03 00:00:00,0.60883,0.60925,0.60853,0.60887,2865.75
2025.07.03 01:00:00,0.60887,0.60891,0.60811,0.6083,2472.15
2025.07.03 02:00:00,0.60828,0.60828,0.60711,0.6074,2582.31
2025.07.03 03:00:00,0.60741,0.60749,0.60651,0.60664,1732.5
2025.07.03 04:00:00,0.60663,0.60701,0.60654,0.60696,1311.3
2025.07.03 05:00:00,0.60697,0.60715,0.60646,0.60705,1983.29
2025.07.03 06:00:00,0.60704,0.60757,0.60694,0.60755,2473.65
2025.07.03 07:00:00,0.60756,0.60812,0.6072,0.60742,3163.2
2025.07.03 08:00:00,0.60743,0.6082,0.6074,0.60767,2020.35
2025.07.03 09:00:00,0.60766,0.6078,0.60694,0.60714,2642.11
2025.07.03 10:00:00,0.60714,0.60762,0.607,0.60712,1630.2
2025.07.03 11:00:00,0.60711,0.60751,0.60662,0.60671,2019.45
2025.07.03 12:00:00,0.60673,0.60696,0.60298,0.60407,11584.31
2025.07.03 13:00:00,0.60411,0.6072,0.60367,0.60688,8980.49
2025.07.03 14:00:00,0.60682,0.60767,0.60546,0.60571,8953.64
2025.07.03 15:00:00,0.60571,0.60686,0.6056,0.60662,5186.1
2025.07.03 16:00:00,0.60662,0.60676,0.60597,0.60671,3214.8
2025.07.03 17:00:00,0.60672,0.60691,0.60643,0.60651,1000.35
2025.07.03 18:00:00,0.60649,0.60662,0.60639,0.60649,673.94
2025.07.03 19:00:00,0.60648,0.60666,0.60622,0.60648,849.73
2025.07.03 20:00:00,0.60647,0.60713,0.60636,0.60693,1500.9
2025.07.03 21:00:00,0.60576,0.60687,0.60576,0.60676,1446.05
2025.07.03 22:00:00,0.60676,0.60706,0.60661,0.60695,927.6
2025.07.03 23:00:00,0.60694,0.60793,0.60694,0.60782,875.1
2025.07.04 00:00:00,0.6078,0.60816,0.60757,0.60789,2378.55
2025.07.04 01:00:00,0.60792,0.6081,0.60648,0.60659,3607.8
2025.07.04 02:00:00,0.60659,0.60722,0.60656,0.60676,2129.85
2025.07.04 03:00:00,0.60678,0.60723,0.60665,0.60694,1975.2
2025.07.04 04:00:00,0.60692,0.60723,0.60631,0.60717,1845.37
2025.07.04 05:00:00,0.6072,0.60777,0.607,0.60704,1488.15
2025.07.04 06:00:00,0.60703,0.60789,0.60644,0.60745,2612.92
2025.07.04 07:00:00,0.60746,0.60767,0.60567,0.60603,3453.15
2025.07.04 08:00:00,0.60604,0.60672,0.60601,0.60646,2627.1
2025.07.04 09:00:00,0.60646,0.60669,0.60621,0.6064,2072.85
2025.07.04 10:00:00,0.60639,0.60673,0.60606,0.60622,1968.86
2025.07.04 11:00:00,0.6062,0.60662,0.60615,0.60626,1664.4
2025.07.04 12:00:00,0.60627,0.6064,0.60564,0.60574,2267.02
2025.07.04 13:00:00,0.60572,0.60602,0.60538,0.60573,2507.29
2025.07.04 14:00:00,0.6057,0.6061,0.605,0.60523,5281.84
2025.07.04 15:00:00,0.60523,0.60559,0.60498,0.60539,2650.05
2025.07.04 16:00:00,0.60538,0.60563,0.60523,0.6054,1606.86
2025.07.04 17:00:00,0.60541,0.60547,0.60533,0.60541,390.9
2025.07.04 18:00:00,0.60543,0.60549,0.60539,0.60546,8843.97
2025.07.04 19:00:00,0.60544,0.60563,0.60511,0.60514,8897.33
2025.07.04 20:00:00,0.60512,0.60575,0.60506,0.60543,29931.97
2025.07.06 21:00:00,0.60499,0.60618,0.60499,0.6057,522.51
2025.07.06 22:00:00,0.60573,0.60581,0.60515,0.60544,1439.15
2025.07.06 23:00:00,0.60546,0.60559,0.60467,0.60489,1673.19
2025.07.07 00:00:00,0.60489,0.60521,0.60393,0.60404,3788.9
2025.07.07 01:00:00,0.60405,0.60439,0.603,0.60324,4459.42
2025.07.07 02:00:00,0.60323,0.60359,0.60196,0.60223,3574.35
2025.07.07 03:00:00,0.60221,0.60282,0.6019,0.6019,3106.33
2025.07.07 04:00:00,0.6019,0.60225,0.60089,0.60094,2968.5
2025.07.07 05:00:00,0.60094,0.60165,0.60054,0.6014,3047.3
2025.07.07 06:00:00,0.6014,0.60143,0.60035,0.60112,3332.4
2025.07.07 07:00:00,0.60112,0.60162,0.60049,0.6005,3668.25
2025.07.07 08:00:00,0.60048,0.60079,0.59911,0.59916,4112.6
2025.07.07 09:00:00,0.59917,0.59981,0.5988,0.59977,2560.95
2025.07.07 10:00:00,0.59976,0.59994,0.59945,0.59977,2119.65
2025.07.07 11:00:00,0.59975,0.60041,0.59954,0.59995,3289.11
2025.07.07 12:00:00,0.59996,0.60027,0.59923,0.59965,2856.59
2025.07.07 13:00:00,0.59966,0.60134,0.59947,0.60126,3360.45
2025.07.07 14:00:00,0.60125,0.60164,0.60089,0.60143,3593.55
2025.07.07 15:00:00,0.60144,0.60158,0.60091,0.60115,2699.4
2025.07.07 16:00:00,0.60118,0.60154,0.59917,0.59936,5889.56
2025.07.07 17:00:00,0.59936,0.60047,0.59916,0.59983,3947.85
2025.07.07 18:00:00,0.59981,0.60033,0.59898,0.60014,3385.24
2025.07.07 19:00:00,0.60015,0.60052,0.59989,0.60009,2029.78
2025.07.07 20:00:00,0.6001,0.6001,0.59917,0.59931,946.65
2025.07.07 21:00:00,0.5993,0.59981,0.59898,0.59959,1873.99
2025.07.07 22:00:00,0.59967,0.60034,0.5996,0.60021,912.12
2025.07.07 23:00:00,0.60021,0.60075,0.60001,0.60068,1548.15
2025.07.08 00:00:00,0.60069,0.60162,0.60067,0.60092,3281.75
2025.07.08 01:00:00,0.60091,0.60134,0.60032,0.60079,4722.28
2025.07.08 02:00:00,0.60081,0.60206,0.60065,0.60151,3153.41
2025.07.08 03:00:00,0.60151,0.60203,0.60129,0.60133,1881.15
2025.07.08 04:00:00,0.60132,0.60349,0.60117,0.6016,5101.93
2025.07.08 05:00:00,0.60161,0.60192,0.60083,0.60154,4502.58
2025.07.08 06:00:00,0.60151,0.60216,0.60115,0.60125,4057.2
2025.07.08 07:00:00,0.60125,0.60284,0.6012,0.60261,2989.8
2025.07.08 08:00:00,0.60261,0.60261,0.60168,0.6019,3578.7
2025.07.08 09:00:00,0.60189,0.60229,0.60123,0.60132,2194.95
2025.07.08 10:00:00,0.60134,0.60157,0.60101,0.60119,2085.07
2025.07.08 11:00:00,0.60119,0.60196,0.60113,0.60116,2811.8
2025.07.08 12:00:00,0.60115,0.6013,0.60052,0.60105,5411.84
2025.07.08 13:00:00,0.60102,0.60106,0.59921,0.59954,6100.18
2025.07.08 14:00:00,0.59954,0.59955,0.59789,0.59837,8934.16
2025.07.08 15:00:00,0.5984,0.59959,0.5983,0.59918,6447.45
2025.07.08 16:00:00,0.5992,0.59976,0.59842,0.59946,6141
2025.07.08 17:00:00,0.59946,0.60035,0.59937,0.60018,6337.8
2025.07.08 18:00:00,0.60018,0.6004,0.59963,0.59991,4321.5
2025.07.08 19:00:00,0.59989,0.59998,0.59933,0.59953,2187.75
2025.07.08 20:00:00,0.59951,0.59993,0.59944,0.59973,1446.6
2025.07.08 21:00:00,0.5996,0.59978,0.59886,0.59963,1560.5
2025.07.08 22:00:00,0.59961,0.60003,0.59953,0.59977,1343.31
2025.07.08 23:00:00,0.59976,0.59983,0.59911,0.59925,1323
2025.07.09 00:00:00,0.59924,0.59942,0.59865,0.59912,2970.22
2025.07.09 01:00:00,0.59914,0.6002,0.59866,0.59973,3451.74
2025.07.09 02:00:00,0.59978,0.6014,0.5978,0.59871,4955.02
2025.07.09 03:00:00,0.59869,0.59872,0.59755,0.5985,2890.35
2025.07.09 04:00:00,0.59851,0.60034,0.59838,0.60012,2034.6
2025.07.09 05:00:00,0.60014,0.60073,0.59982,0.60008,2410.92
2025.07.09 06:00:00,0.60007,0.60086,0.59928,0.60076,3615.9
2025.07.09 07:00:00,0.60074,0.601,0.59901,0.59931,3689.1
2025.07.09 08:00:00,0.5993,0.60035,0.59889,0.59997,3379.2
2025.07.09 09:00:00,0.59996,0.60026,0.59963,0.59998,2313.9
2025.07.09 10:00:00,0.59998,0.60031,0.59899,0.59905,2273.54
2025.07.09 11:00:00,0.59905,0.5992,0.59814,0.59816,1913.85
2025.07.09 12:00:00,0.59815,0.59967,0.59808,0.59949,3689.77
2025.07.09 13:00:00,0.59953,0.60031,0.59914,0.5999,5057.4
2025.07.09 14:00:00,0.59991,0.60082,0.59905,0.5992,5700.39
2025.07.09 15:00:00,0.59918,0.59953,0.59877,0.59904,3073.89
2025.07.09 16:00:00,0.59903,0.59951,0.59898,0.59923,1987.8
2025.07.09 17:00:00,0.59921,0.60015,0.59913,0.59935,2231.25
2025.07.09 18:00:00,0.59936,0.60035,0.59913,0.59978,2401.68
2025.07.09 19:00:00,0.59978,0.60067,0.59972,0.60044,1301.02
2025.07.09 20:00:00,0.60045,0.60048,0.59953,0.59961,1242.67
2025.07.09 21:00:00,0.59959,0.60043,0.59908,0.59983,2810.72
2025.07.09 22:00:00,0.60009,0.60035,0.59979,0.59994,1341.42
2025.07.09 23:00:00,0.59992,0.60001,0.59966,0.59985,887.68
2025.07.10 00:00:00,0.59983,0.6011,0.59969,0.60055,3220.98
2025.07.10 01:00:00,0.60054,0.60091,0.60008,0.60061,2324.85
2025.07.10 02:00:00,0.60062,0.60102,0.60045,0.60083,1821.99
2025.07.10 03:00:00,0.60082,0.60104,0.60041,0.60042,1389.51
2025.07.10 04:00:00,0.60041,0.60071,0.60003,0.60064,1393.5
2025.07.10 05:00:00,0.60066,0.60089,0.60039,0.60068,1758.52
2025.07.10 06:00:00,0.60068,0.60145,0.60065,0.60138,2436.97
2025.07.10 07:00:00,0.60138,0.602,0.60117,0.60139,4495.2
2025.07.10 08:00:00,0.60139,0.60151,0.60097,0.60126,1930.5
2025.07.10 09:00:00,0.60127,0.60215,0.60123,0.60188,1766.7
2025.07.10 10:00:00,0.6019,0.60246,0.60178,0.60231,1476.9
2025.07.10 11:00:00,0.6023,0.60247,0.6009,0.60122,2381.09
2025.07.10 12:00:00,0.60124,0.60146,0.60031,0.60071,3141.74
2025.07.10 13:00:00,0.60071,0.60118,0.59962,0.59999,3641.17
2025.07.10 14:00:00,0.60002,0.6008,0.59961,0.60048,7150.95
2025.07.10 15:00:00,0.60049,0.60194,0.60047,0.60184,4194
2025.07.10 16:00:00,0.60182,0.60247,0.60177,0.60211,2466.9
2025.07.10 17:00:00,0.6021,0.60246,0.602,0.6023,2187.52
2025.07.10 18:00:00,0.60229,0.60304,0.60227,0.60281,2004.45
2025.07.10 19:00:00,0.60279,0.60331,0.60271,0.60325,1375.65
2025.07.10 20:00:00,0.60324,0.60358,0.60308,0.6033,1049.32
2025.07.10 21:00:00,0.6033,0.60338,0.60268,0.60329,2076.73
2025.07.10 22:00:00,0.60331,0.60406,0.6031,0.60392,513.83
2025.07.10 23:00:00,0.60393,0.60428,0.6039,0.60402,967.95
2025.07.11 00:00:00,0.60402,0.60414,0.6007,0.6016,8517.07
2025.07.11 01:00:00,0.60159,0.60351,0.60085,0.60292,5599.02
2025.07.11 02:00:00,0.60293,0.60321,0.6017,0.60171,4000.72
2025.07.11 03:00:00,0.60172,0.60247,0.60163,0.60214,2695.95
2025.07.11 04:00:00,0.60215,0.60221,0.60107,0.60146,2329.05
2025.07.11 05:00:00,0.60148,0.60198,0.60133,0.60135,2529.84
2025.07.11 06:00:00,0.60134,0.60199,0.60089,0.6015,4549.53
2025.07.11 07:00:00,0.60151,0.60263,0.60151,0.60236,3221.55
2025.07.11 08:00:00,0.60237,0.6024,0.60096,0.6011,3352.72
2025.07.11 09:00:00,0.6011,0.60173,0.60096,0.60151,3008.55
2025.07.11 10:00:00,0.6015,0.60236,0.60148,0.602,2636.85
2025.07.11 11:00:00,0.602,0.60236,0.60126,0.60134,2252.25
2025.07.11 12:00:00,0.60133,0.602,0.60046,0.60125,5114.39
2025.07.11 13:00:00,0.60125,0.60204,0.60047,0.60048,7026.63
2025.07.11 14:00:00,0.60049,0.60104,0.60004,0.6004,7062.45
2025.07.11 15:00:00,0.6004,0.6011,0.60033,0.60087,3584.58
2025.07.11 16:00:00,0.60087,0.60099,0.60024,0.60066,3638.7
2025.07.11 17:00:00,0.60067,0.60101,0.60059,0.6008,2165.25
2025.07.11 18:00:00,0.60083,0.60116,0.60069,0.60086,2378.09
2025.07.11 19:00:00,0.60086,0.60092,0.60035,0.60048,1721.7
2025.07.11 20:00:00,0.60047,0.60082,0.6001,0.60059,2664
2025.07.13 21:00:00,0.59938,0.6006,0.59908,0.5991,471.57
2025.07.13 22:00:00,0.59909,0.60055,0.59909,0.59969,2105.1
2025.07.13 23:00:00,0.5997,0.60064,0.59953,0.60052,1743.34
2025.07.14 00:00:00,0.60051,0.60143,0.60027,0.60067,3367.32
2025.07.14 01:00:00,0.6007,0.60086,0.5984,0.59874,4714.48
2025.07.14 02:00:00,0.59873,0.59881,0.59815,0.59847,2155.27
2025.07.14 03:00:00,0.59848,0.59903,0.59821,0.59869,2067.04
2025.07.14 04:00:00,0.59868,0.59868,0.59798,0.59807,2230.45
2025.07.14 05:00:00,0.59808,0.59878,0.59788,0.59808,2440.95
2025.07.14 06:00:00,0.59807,0.59855,0.59785,0.59811,3373.71
2025.07.14 07:00:00,0.59812,0.59923,0.59746,0.59902,3179.62
2025.07.14 08:00:00,0.59899,0.59931,0.5987,0.59881,2252.62
2025.07.14 09:00:00,0.59881,0.59935,0.5985,0.59903,1902
2025.07.14 10:00:00,0.59902,0.5996,0.59879,0.5993,1494.6
2025.07.14 11:00:00,0.5993,0.59948,0.59879,0.59892,1732.5
2025.07.14 12:00:00,0.59891,0.59925,0.59807,0.59839,2345.4
2025.07.14 13:00:00,0.59839,0.59871,0.59791,0.59858,2848.2
2025.07.14 14:00:00,0.59858,0.59861,0.59747,0.59776,3245.4
2025.07.14 15:00:00,0.59778,0.59888,0.59706,0.59708,3582.33
2025.07.14 16:00:00,0.59709,0.59747,0.59682,0.59727,3291.3
2025.07.14 17:00:00,0.59728,0.59762,0.59715,0.59729,1431.52
2025.07.14 18:00:00,0.59729,0.59774,0.59725,0.59752,1214.1
2025.07.14 19:00:00,0.59752,0.59779,0.59718,0.59744,1152.3
2025.07.14 20:00:00,0.59745,0.59751,0.59704,0.59704,625.09
2025.07.14 21:00:00,0.59697,0.59741,0.59655,0.59702,1743.63
2025.07.14 22:00:00,0.59711,0.59733,0.59705,0.59718,2464.5
2025.07.14 23:00:00,0.59721,0.59724,0.59679,0.59701,625.65
2025.07.15 00:00:00,0.59702,0.59812,0.59696,0.59778,2170.05
2025.07.15 01:00:00,0.59777,0.59852,0.59727,0.59813,2560.42
2025.07.15 02:00:00,0.59814,0.59824,0.5975,0.59772,2418.81
2025.07.15 03:00:00,0.59771,0.59788,0.59754,0.59767,1556.1
2025.07.15 04:00:00,0.59768,0.59793,0.59744,0.59759,1961.41
2025.07.15 05:00:00,0.59759,0.59844,0.59748,0.59825,2115.45
2025.07.15 06:00:00,0.59822,0.59848,0.59806,0.59828,2230.65
2025.07.15 07:00:00,0.59828,0.59947,0.59784,0.59935,2662.05
2025.07.15 08:00:00,0.59934,0.59995,0.59923,0.59953,1840.95
2025.07.15 09:00:00,0.59953,0.59994,0.59929,0.59966,1873.35
2025.07.15 10:00:00,0.59967,0.60012,0.59967,0.6,2100.29
2025.07.15 11:00:00,0.6,0.60012,0.59903,0.5992,2268.97
2025.07.15 12:00:00,0.5992,0.60056,0.59867,0.59986,7627.28
2025.07.15 13:00:00,0.59985,0.59994,0.5967,0.59685,9550.71
2025.07.15 14:00:00,0.59684,0.59686,0.59462,0.595,9711.75
2025.07.15 15:00:00,0.59504,0.59507,0.59384,0.59487,4873.72
2025.07.15 16:00:00,0.59487,0.59507,0.59381,0.59415,5333.47
2025.07.15 17:00:00,0.59415,0.59446,0.59407,0.59439,3676.8
2025.07.15 18:00:00,0.59438,0.59507,0.59426,0.59467,3760.95
2025.07.15 19:00:00,0.59464,0.59475,0.59423,0.59429,2079.15
2025.07.15 20:00:00,0.59428,0.5945,0.5941,0.59449,1211.4
2025.07.15 21:00:00,0.59449,0.5948,0.594,0.59454,1225.47
2025.07.15 22:00:00,0.59453,0.59466,0.59433,0.59459,818.23
2025.07.15 23:00:00,0.59457,0.59552,0.59448,0.59537,942.15
2025.07.16 00:00:00,0.59539,0.59658,0.59523,0.59609,3000.75
2025.07.16 01:00:00,0.59609,0.59634,0.59524,0.59535,4169.45
2025.07.16 02:00:00,0.59532,0.59532,0.59441,0.59457,1889.77
2025.07.16 03:00:00,0.59458,0.59517,0.59445,0.59452,1426.8
2025.07.16 04:00:00,0.59454,0.59501,0.59439,0.59495,1136.4
2025.07.16 05:00:00,0.59497,0.59513,0.59478,0.59493,1366.2
2025.07.16 06:00:00,0.59492,0.5955,0.59472,0.59507,2681.1
2025.07.16 07:00:00,0.59509,0.59527,0.59416,0.59458,2210.4
2025.07.16 08:00:00,0.59458,0.59482,0.59395,0.59419,2066.4
2025.07.16 09:00:00,0.59418,0.59418,0.59365,0.59412,1823.55
2025.07.16 10:00:00,0.59413,0.59446,0.59378,0.59428,1552.8
2025.07.16 11:00:00,0.59425,0.59448,0.59383,0.59412,1575.72
2025.07.16 12:00:00,0.59412,0.59485,0.59356,0.5939,4406.54
2025.07.16 13:00:00,0.59387,0.59417,0.5918,0.59217,4867.84
2025.07.16 14:00:00,0.59218,0.59288,0.59122,0.59226,6638.5
2025.07.16 15:00:00,0.59226,0.59693,0.59221,0.59381,22391.15
2025.07.16 16:00:00,0.59379,0.59492,0.5931,0.59433,10117.62
2025.07.16 17:00:00,0.59434,0.59549,0.59427,0.59445,4536.75
2025.07.16 18:00:00,0.59446,0.5946,0.59365,0.59378,2974.59
2025.07.16 19:00:00,0.59377,0.59466,0.59374,0.59454,1986.3
2025.07.16 20:00:00,0.59452,0.59473,0.59435,0.59463,1039.65
2025.07.16 21:00:00,0.59454,0.59486,0.59321,0.59436,1022.37
2025.07.16 22:00:00,0.59444,0.59473,0.59427,0.59436,1152.61
2025.07.16 23:00:00,0.59436,0.59466,0.59422,0.59437,894.3
2025.07.17 00:00:00,0.59437,0.59446,0.59294,0.59334,2046.3
2025.07.17 01:00:00,0.59336,0.59416,0.59274,0.59342,4547.27
2025.07.17 02:00:00,0.59342,0.59342,0.59137,0.59153,3517.93
2025.07.17 03:00:00,0.59156,0.59248,0.59114,0.59241,2158.27
2025.07.17 04:00:00,0.59242,0.59284,0.59202,0.59277,1396.2
2025.07.17 05:00:00,0.59275,0.59335,0.59262,0.59263,2600.24
2025.07.17 06:00:00,0.5926,0.59283,0.59105,0.59158,6946.42
2025.07.17 07:00:00,0.59159,0.5916,0.59093,0.59146,3660.9
2025.07.17 08:00:00,0.59146,0.59261,0.59123,0.59248,2645.25
2025.07.17 09:00:00,0.59249,0.59269,0.59178,0.59189,2381.55
2025.07.17 10:00:00,0.5919,0.59206,0.59141,0.59157,2463.45
2025.07.17 11:00:00,0.59157,0.59165,0.5907,0.59082,3344.32
2025.07.17 12:00:00,0.59082,0.59213,0.59045,0.59169,6198.52
2025.07.17 13:00:00,0.59169,0.59238,0.59108,0.59231,5467.56
2025.07.17 14:00:00,0.59231,0.59249,0.59168,0.592,5239.57
2025.07.17 15:00:00,0.592,0.5932,0.59197,0.5928,3734.7
2025.07.17 16:00:00,0.5928,0.59314,0.59204,0.59234,3725.92
2025.07.17 17:00:00,0.59236,0.59271,0.59229,0.59244,3502.1
2025.07.17 18:00:00,0.59242,0.59269,0.59228,0.59244,1925.24
2025.07.17 19:00:00,0.59241,0.59313,0.59241,0.59303,1507.37
2025.07.17 20:00:00,0.59304,0.59315,0.59291,0.59312,986.1
2025.07.17 21:00:00,0.59312,0.59327,0.59176,0.59319,1208.05
2025.07.17 22:00:00,0.59319,0.59417,0.59313,0.594,1323.65
2025.07.17 23:00:00,0.59405,0.5944,0.59398,0.5943,1703.07
2025.07.18 00:00:00,0.59429,0.59556,0.5942,0.59526,4001.06
2025.07.18 01:00:00,0.59527,0.59606,0.59518,0.59557,4000.65
2025.07.18 02:00:00,0.59555,0.59631,0.59501,0.59617,2979.82
2025.07.18 03:00:00,0.59616,0.59632,0.59541,0.59548,2611.86
2025.07.18 04:00:00,0.59549,0.59551,0.59503,0.59532,2236.35
2025.07.18 05:00:00,0.5953,0.59533,0.59474,0.59513,2384.31
2025.07.18 06:00:00,0.59512,0.59572,0.59473,0.59555,2536.2
2025.07.18 07:00:00,0.59557,0.5959,0.59523,0.59588,2696.1
2025.07.18 08:00:00,0.59588,0.59668,0.59588,0.59648,3582.3
2025.07.18 09:00:00,0.5965,0.59692,0.5964,0.59664,2242.2
2025.07.18 10:00:00,0.59662,0.59752,0.59641,0.59746,1558.5
2025.07.18 11:00:00,0.59746,0.59775,0.59709,0.59738,2825.85
2025.07.18 12:00:00,0.59739,0.59818,0.59731,0.59791,3345.49
2025.07.18 13:00:00,0.59791,0.59907,0.59779,0.59859,4990.65
2025.07.18 14:00:00,0.59863,0.599,0.59744,0.59745,6586.15
2025.07.18 15:00:00,0.59746,0.59799,0.59732,0.59757,3533.6
2025.07.18 16:00:00,0.59758,0.59773,0.59643,0.59654,3329.17
2025.07.18 17:00:00,0.59653,0.59662,0.59599,0.59635,1999.42
2025.07.18 18:00:00,0.59638,0.59646,0.59603,0.59609,1313.4
2025.07.18 19:00:00,0.59612,0.59616,0.5958,0.59609,930.3
2025.07.18 20:00:00,0.59608,0.59616,0.59534,0.59534,2436.45
2025.07.20 21:00:00,0.59684,0.5969,0.59593,0.59657,1265.52
2025.07.20 22:00:00,0.5966,0.59664,0.59409,0.59466,3865
2025.07.20 23:00:00,0.59465,0.59519,0.59445,0.59513,2082.87
2025.07.21 00:00:00,0.59513,0.59543,0.59391,0.59427,2421.74
2025.07.21 01:00:00,0.59426,0.59489,0.59382,0.59434,2704.13
2025.07.21 02:00:00,0.59432,0.59475,0.59398,0.59462,1992.75
2025.07.21 03:00:00,0.59461,0.59512,0.59461,0.59493,1568.02
2025.07.21 04:00:00,0.5949,0.59518,0.59484,0.5951,1131.64
2025.07.21 05:00:00,0.59509,0.59581,0.59501,0.59559,1626.43
2025.07.21 06:00:00,0.59561,0.59667,0.59553,0.59632,2349
2025.07.21 07:00:00,0.59633,0.59668,0.59519,0.59556,2852.46
2025.07.21 08:00:00,0.59558,0.59659,0.59536,0.59631,2098.8
2025.07.21 09:00:00,0.59632,0.59637,0.59554,0.59555,1388.4
2025.07.21 10:00:00,0.59554,0.5962,0.59521,0.59613,1564.57
2025.07.21 11:00:00,0.59616,0.59713,0.59601,0.59708,2394.6
2025.07.21 12:00:00,0.59707,0.5976,0.59684,0.597,2439.9
2025.07.21 13:00:00,0.59701,0.59704,0.59626,0.59647,2557.19
2025.07.21 14:00:00,0.59645,0.5979,0.59643,0.5974,4821.79
2025.07.21 15:00:00,0.59739,0.59846,0.59735,0.59769,3242.4
2025.07.21 16:00:00,0.59768,0.59795,0.59746,0.59786,2458.95
2025.07.21 17:00:00,0.59786,0.59796,0.59723,0.59739,2115.45
2025.07.21 18:00:00,0.59739,0.59772,0.59723,0.59746,1912.2
2025.07.21 19:00:00,0.59746,0.59757,0.59696,0.59697,1659.51
2025.07.21 20:00:00,0.59698,0.59708,0.5967,0.59676,1186.44
2025.07.21 21:00:00,0.59661,0.59713,0.59636,0.59655,1676.03
2025.07.21 22:00:00,0.59658,0.5968,0.59649,0.59675,431.69
2025.07.21 23:00:00,0.59673,0.59712,0.59657,0.59683,688.2
2025.07.22 00:00:00,0.59683,0.59694,0.5957,0.59599,2458.5
2025.07.22 01:00:00,0.596,0.59649,0.59557,0.59583,2340.99
2025.07.22 02:00:00,0.59584,0.59664,0.59583,0.59616,1792.05
2025.07.22 03:00:00,0.59618,0.5962,0.59574,0.59591,1450.05
2025.07.22 04:00:00,0.59593,0.59637,0.59571,0.59581,1332
2025.07.22 05:00:00,0.59583,0.59593,0.59498,0.59502,2047.2
2025.07.22 06:00:00,0.59502,0.59523,0.59435,0.59445,4817.55
2025.07.22 07:00:00,0.59448,0.59487,0.59403,0.59412,8110.05
2025.07.22 08:00:00,0.59413,0.59489,0.59405,0.59449,6472.95
2025.07.22 09:00:00,0.59451,0.59525,0.59451,0.59525,3544.48
2025.07.22 10:00:00,0.59525,0.59561,0.59476,0.59487,2306.82
2025.07.22 11:00:00,0.59484,0.59583,0.59468,0.59577,2779.05
2025.07.22 12:00:00,0.59577,0.59664,0.59576,0.59643,3088.5
2025.07.22 13:00:00,0.59643,0.59733,0.59643,0.59703,6259.84
2025.07.22 14:00:00,0.59705,0.59916,0.59648,0.59888,7262.49
2025.07.22 15:00:00,0.59886,0.59999,0.59865,0.59991,7173.28
2025.07.22 16:00:00,0.59993,0.60039,0.59972,0.6001,3286.45
2025.07.22 17:00:00,0.60012,0.60014,0.59962,0.59976,3110.47
2025.07.22 18:00:00,0.59975,0.59997,0.59949,0.59988,2258.47
2025.07.22 19:00:00,0.59985,0.60026,0.59966,0.60022,1585.68
2025.07.22 20:00:00,0.60022,0.60028,0.60001,0.60001,1068.6
2025.07.22 21:00:00,0.6,0.6,0.59786,0.59948,3747.28
2025.07.22 22:00:00,0.59949,0.59996,0.59936,0.59986,1114.04
2025.07.22 23:00:00,0.59987,0.60081,0.5997,0.59977,2339.43
2025.07.23 00:00:00,0.59976,0.60068,0.59938,0.60056,3710.25
2025.07.23 01:00:00,0.60057,0.6008,0.5999,0.60052,3494.79
2025.07.23 02:00:00,0.60051,0.60076,0.59969,0.59993,3236.15
2025.07.23 03:00:00,0.59994,0.60137,0.59992,0.60061,2903.17
2025.07.23 04:00:00,0.60063,0.60179,0.60063,0.60149,1842.82
2025.07.23 05:00:00,0.60149,0.60191,0.60131,0.60148,2382.75
2025.07.23 06:00:00,0.60147,0.60224,0.60134,0.60222,4905.67
2025.07.23 07:00:00,0.60221,0.60335,0.60218,0.60308,4158.15
2025.07.23 08:00:00,0.60309,0.60344,0.60288,0.60314,3641.85
2025.07.23 09:00:00,0.60314,0.60388,0.60289,0.6038,1996.5
2025.07.23 10:00:00,0.6038,0.60458,0.60368,0.60404,1750.8
2025.07.23 11:00:00,0.60404,0.60471,0.60383,0.60433,3191.1
2025.07.23 12:00:00,0.60433,0.60456,0.60322,0.60339,2899.95
2025.07.23 13:00:00,0.6034,0.60398,0.60301,0.60362,4529.46
2025.07.23 14:00:00,0.60362,0.60432,0.60317,0.60385,4202.88
2025.07.23 15:00:00,0.60384,0.60441,0.60298,0.60368,5238.07
2025.07.23 16:00:00,0.60367,0.60408,0.60261,0.60281,5924.28
2025.07.23 17:00:00,0.60282,0.60371,0.60282,0.60362,3209.92
2025.07.23 18:00:00,0.60362,0.60445,0.60361,0.60415,1919.55
2025.07.23 19:00:00,0.60415,0.60462,0.60412,0.60438,2137.39
2025.07.23 20:00:00,0.60437,0.60471,0.60433,0.60449,1165.2
2025.07.23 21:00:00,0.60442,0.60442,0.60365,0.60421,1519.48
2025.07.23 22:00:00,0.60421,0.60471,0.60407,0.6045,1280.1
2025.07.23 23:00:00,0.60453,0.60511,0.60451,0.60469,1180.95
2025.07.24 00:00:00,0.60467,0.60476,0.60411,0.60443,2776.05
2025.07.24 01:00:00,0.60443,0.60588,0.60442,0.60508,3803.7
2025.07.24 02:00:00,0.60507,0.60548,0.60452,0.60546,2455.29
2025.07.24 03:00:00,0.60548,0.6059,0.60512,0.60514,2107.8
2025.07.24 04:00:00,0.60513,0.60545,0.60481,0.60538,1692
2025.07.24 05:00:00,0.60538,0.60586,0.60505,0.60554,1946.7
2025.07.24 06:00:00,0.60554,0.60575,0.60441,0.60456,4965.9
2025.07.24 07:00:00,0.60456,0.6052,0.60441,0.60479,3158.85
2025.07.24 08:00:00,0.60481,0.60573,0.60452,0.60555,2292.45
2025.07.24 09:00:00,0.60554,0.60555,0.60471,0.60512,2095.08
2025.07.24 10:00:00,0.60514,0.60522,0.60413,0.60426,1645.42
2025.07.24 11:00:00,0.60427,0.60507,0.60411,0.60507,1718.55
2025.07.24 12:00:00,0.60506,0.6054,0.60424,0.60428,3503.25
2025.07.24 13:00:00,0.60427,0.60494,0.60396,0.60447,6181.84
2025.07.24 14:00:00,0.60449,0.60558,0.60408,0.60446,4430.4
2025.07.24 15:00:00,0.60448,0.60453,0.60352,0.60396,3725.23
2025.07.24 16:00:00,0.60394,0.60414,0.60338,0.60384,2580.15
2025.07.24 17:00:00,0.60384,0.60437,0.60378,0.60413,2336.02
2025.07.24 18:00:00,0.60412,0.60419,0.60384,0.60404,1865.4
2025.07.24 19:00:00,0.60404,0.60414,0.60348,0.6035,1659.75
2025.07.24 20:00:00,0.60351,0.60359,0.60259,0.60268,1962.94
2025.07.24 21:00:00,0.60269,0.60292,0.60241,0.60279,1536.33
2025.07.24 22:00:00,0.60296,0.60311,0.60259,0.60305,927.3
2025.07.24 23:00:00,0.60306,0.60367,0.60306,0.60352,1107.87
2025.07.25 00:00:00,0.60353,0.60388,0.60311,0.60344,1958.07
2025.07.25 01:00:00,0.60344,0.60358,0.60247,0.60259,3271.05
2025.07.25 02:00:00,0.60261,0.60267,0.60201,0.60232,2418.15
2025.07.25 03:00:00,0.60232,0.60282,0.6021,0.60274,1580.1
2025.07.25 04:00:00,0.60275,0.60303,0.60147,0.60199,2439.65
2025.07.25 05:00:00,0.602,0.60307,0.6019,0.60264,2760.32
2025.07.25 06:00:00,0.60262,0.60286,0.60191,0.60241,3016.95
2025.07.25 07:00:00,0.60242,0.60251,0.60107,0.60114,4083.54
2025.07.25 08:00:00,0.60115,0.60148,0.60057,0.60098,3526.68
2025.07.25 09:00:00,0.60096,0.60106,0.60035,0.60096,1936.8
2025.07.25 10:00:00,0.60096,0.60136,0.60073,0.60126,1600.2
2025.07.25 11:00:00,0.60125,0.60158,0.60051,0.60143,2169.6
2025.07.25 12:00:00,0.60145,0.60146,0.60024,0.60039,2430.66
2025.07.25 13:00:00,0.6004,0.60109,0.59975,0.60086,8910.67
2025.07.25 14:00:00,0.60085,0.60148,0.60057,0.60075,4766.03
2025.07.25 15:00:00,0.60072,0.60092,0.60022,0.60054,4136.1
2025.07.25 16:00:00,0.60055,0.60102,0.60018,0.60098,3189.67
2025.07.25 17:00:00,0.60096,0.60132,0.60085,0.60112,2266.8
2025.07.25 18:00:00,0.60112,0.60152,0.60107,0.60141,1516.2
2025.07.25 19:00:00,0.6014,0.60157,0.60126,0.60147,815.4
2025.07.25 20:00:00,0.60147,0.60163,0.60125,0.60139,1652.25
2025.07.27 21:00:00,0.6009,0.6016,0.60074,0.6015,601.05
2025.07.27 22:00:00,0.60147,0.60227,0.60146,0.60187,1680.96
2025.07.27 23:00:00,0.6019,0.60225,0.60177,0.60182,1215.75
2025.07.28 00:00:00,0.60181,0.60265,0.60181,0.60265,4248.75
2025.07.28 01:00:00,0.60264,0.60325,0.60123,0.60131,3792.25
2025.07.28 02:00:00,0.60129,0.60211,0.60107,0.60198,2284.42
2025.07.28 03:00:00,0.60199,0.60213,0.60109,0.60139,1736.02
2025.07.28 04:00:00,0.60139,0.6015,0.60077,0.60103,2814.47
2025.07.28 05:00:00,0.60101,0.60125,0.60063,0.60081,2250.37
2025.07.28 06:00:00,0.6008,0.60092,0.5994,0.59993,3149.25
2025.07.28 07:00:00,0.59993,0.60037,0.59714,0.59728,5546.99
2025.07.28 08:00:00,0.59728,0.59806,0.59676,0.59755,4203.9
2025.07.28 09:00:00,0.59755,0.59799,0.59712,0.59756,2678.25
2025.07.28 10:00:00,0.59757,0.59827,0.59735,0.59768,3081.21
2025.07.28 11:00:00,0.5977,0.59839,0.59725,0.59811,4181
2025.07.28 12:00:00,0.59813,0.59848,0.59783,0.59848,5352.15
2025.07.28 13:00:00,0.59847,0.59882,0.59705,0.59727,4798.95
2025.07.28 14:00:00,0.59725,0.59866,0.59722,0.59796,5048.84
2025.07.28 15:00:00,0.59796,0.59827,0.59704,0.59719,4087.35
2025.07.28 16:00:00,0.59718,0.59729,0.59678,0.5971,2448.15
2025.07.28 17:00:00,0.59711,0.5973,0.59661,0.59679,1800
2025.07.28 18:00:00,0.59678,0.59704,0.59662,0.59686,1393.65
2025.07.28 19:00:00,0.59687,0.59717,0.59665,0.59715,1144.2
2025.07.28 20:00:00,0.59714,0.59732,0.5968,0.59687,998.25
2025.07.28 21:00:00,0.59684,0.59707,0.59624,0.59698,1413.9
2025.07.28 22:00:00,0.59698,0.59736,0.59692,0.59727,739.8
2025.07.28 23:00:00,0.59723,0.59734,0.597,0.59716,630
2025.07.29 00:00:00,0.59716,0.59719,0.59609,0.59623,1959.1
2025.07.29 01:00:00,0.59623,0.5972,0.59622,0.59682,2326.65
2025.07.29 02:00:00,0.59683,0.59759,0.59682,0.59745,2187.6
2025.07.29 03:00:00,0.59741,0.59756,0.59646,0.59671,1519.12
2025.07.29 04:00:00,0.59671,0.59691,0.59625,0.59686,1682.85
2025.07.29 05:00:00,0.59687,0.59715,0.59662,0.59699,1350.15
2025.07.29 06:00:00,0.59702,0.59709,0.59502,0.59509,4213.35
2025.07.29 07:00:00,0.5951,0.59537,0.59452,0.59485,4344.91
2025.07.29 08:00:00,0.59484,0.59608,0.59456,0.59592,2855.7
2025.07.29 09:00:00,0.59593,0.59636,0.5957,0.59581,2343.3
2025.07.29 10:00:00,0.5958,0.59632,0.59556,0.59563,2374.2
2025.07.29 11:00:00,0.59563,0.59569,0.59458,0.59473,3081.22
2025.07.29 12:00:00,0.5947,0.595,0.59448,0.59452,3348.67
2025.07.29 13:00:00,0.59452,0.59525,0.59426,0.59507,3181.56
2025.07.29 14:00:00,0.59507,0.5958,0.59421,0.59507,6851.15
2025.07.29 15:00:00,0.59506,0.59569,0.59487,0.59525,4356.6
2025.07.29 16:00:00,0.59526,0.59561,0.59498,0.59523,2685.22
2025.07.29 17:00:00,0.59522,0.59611,0.59516,0.59531,3332.55
2025.07.29 18:00:00,0.59531,0.59576,0.59516,0.59573,1737.75
2025.07.29 19:00:00,0.59573,0.59595,0.59557,0.59562,1831.8
2025.07.29 20:00:00,0.59561,0.59571,0.59533,0.59543,788.19
2025.07.29 21:00:00,0.59534,0.59547,0.59476,0.59541,2397.18
2025.07.29 22:00:00,0.59542,0.59577,0.59524,0.59525,634.72
2025.07.29 23:00:00,0.59525,0.59547,0.59513,0.5954,782.39
2025.07.30 00:00:00,0.59541,0.59667,0.59541,0.59662,3747.6
2025.07.30 01:00:00,0.59662,0.59705,0.59581,0.59648,6449.17
2025.07.30 02:00:00,0.59648,0.59693,0.59631,0.59665,3657
2025.07.30 03:00:00,0.59667,0.5971,0.59634,0.59657,2830.62
2025.07.30 04:00:00,0.59658,0.59663,0.59601,0.59609,1961.1
2025.07.30 05:00:00,0.59608,0.59664,0.59587,0.59615,2853.15
2025.07.30 06:00:00,0.59612,0.59653,0.59562,0.59622,3896.1
2025.07.30 07:00:00,0.59621,0.59659,0.59558,0.59566,3989.22
2025.07.30 08:00:00,0.59567,0.59593,0.5951,0.59576,2860.05
2025.07.30 09:00:00,0.59576,0.59604,0.59527,0.59564,3997.05
2025.07.30 10:00:00,0.59564,0.5957,0.59456,0.59481,2859
2025.07.30 11:00:00,0.59479,0.59502,0.59421,0.59457,2708.92
2025.07.30 12:00:00,0.59456,0.59467,0.5924,0.59261,6479.23
2025.07.30 13:00:00,0.5926,0.59265,0.59102,0.59135,8814.52
2025.07.30 14:00:00,0.59135,0.59199,0.59128,0.59188,5456.54
2025.07.30 15:00:00,0.59188,0.59197,0.59085,0.59102,4425.6
2025.07.30 16:00:00,0.59105,0.59156,0.5909,0.59151,3036
2025.07.30 17:00:00,0.59152,0.59227,0.59152,0.59208,2952
2025.07.30 18:00:00,0.59207,0.59289,0.58917,0.58917,15693.98
2025.07.30 19:00:00,0.58916,0.58962,0.58881,0.58923,8187.68
2025.07.30 20:00:00,0.58925,0.59002,0.58921,0.5894,2921.32
2025.07.30 21:00:00,0.58937,0.58965,0.58908,0.58945,2172.89
2025.07.30 22:00:00,0.58945,0.59054,0.58945,0.59047,1875.72
2025.07.30 23:00:00,0.59048,0.59086,0.59019,0.59068,1539.82
2025.07.31 00:00:00,0.59068,0.59103,0.59026,0.59052,3989.85
2025.07.31 01:00:00,0.59054,0.59069,0.58973,0.59065,6965.35
2025.07.31 02:00:00,0.59065,0.59142,0.59052,0.59132,3843.45
2025.07.31 03:00:00,0.59132,0.59156,0.59068,0.59151,3263.4
2025.07.31 04:00:00,0.59153,0.5926,0.59123,0.59255,3788.17
2025.07.31 05:00:00,0.59254,0.59299,0.59207,0.59283,2785.2
2025.07.31 06:00:00,0.59282,0.59367,0.59259,0.59311,6633.6
2025.07.31 07:00:00,0.59309,0.59309,0.59155,0.59201,6410.42
2025.07.31 08:00:00,0.59202,0.59203,0.59093,0.59132,5875.91
2025.07.31 09:00:00,0.59132,0.59135,0.59046,0.59048,1942.35
2025.07.31 10:00:00,0.59047,0.59066,0.58951,0.59004,3266.25
2025.07.31 11:00:00,0.59005,0.59099,0.58981,0.59081,3145.05
2025.07.31 12:00:00,0.59079,0.59096,0.58971,0.59001,5913.55
2025.07.31 13:00:00,0.59,0.5904,0.58897,0.58914,5761.65
2025.07.31 14:00:00,0.58915,0.59034,0.58899,0.59009,9721.57
2025.07.31 15:00:00,0.5901,0.59037,0.58919,0.58926,7327.79
2025.07.31 16:00:00,0.58926,0.58975,0.58902,0.58951,5825.1
2025.07.31 17:00:00,0.58951,0.58971,0.58884,0.58892,4630.2
2025.07.31 18:00:00,0.58894,0.58961,0.58877,0.58935,3703.8
2025.07.31 19:00:00,0.58934,0.58976,0.58898,0.58898,2175.6
2025.07.31 20:00:00,0.58899,0.58926,0.58877,0.58892,2485.5
2025.07.31 21:00:00,0.58873,0.58945,0.58836,0.58899,1172.85
2025.07.31 22:00:00,0.58905,0.58922,0.58838,0.58887,1833.08
2025.07.31 23:00:00,0.5889,0.58938,0.58846,0.58866,2192.84
2025.08.01 00:00:00,0.58864,0.58923,0.58822,0.58897,4268.09
2025.08.01 01:00:00,0.58895,0.58921,0.58755,0.58764,6609.05
2025.08.01 02:00:00,0.58763,0.58816,0.5874,0.58761,2225.1
2025.08.01 03:00:00,0.58762,0.58848,0.58762,0.58813,1921.5
2025.08.01 04:00:00,0.58813,0.58833,0.5879,0.58809,1141.8
2025.08.01 05:00:00,0.58808,0.58822,0.58776,0.58809,3374.99
2025.08.01 06:00:00,0.58811,0.58836,0.58718,0.58737,3223.2
2025.08.01 07:00:00,0.58739,0.5876,0.5866,0.58676,4175.92
2025.08.01 08:00:00,0.58677,0.58695,0.58637,0.58641,2349.15
2025.08.01 09:00:00,0.58639,0.58685,0.58583,0.5862,1952.58
2025.08.01 10:00:00,0.58621,0.58666,0.58609,0.58641,1577.4
2025.08.01 11:00:00,0.5864,0.58718,0.58631,0.58634,2576.1
2025.08.01 12:00:00,0.58634,0.59224,0.58562,0.59205,14571.47
2025.08.01 13:00:00,0.59207,0.59286,0.59032,0.59067,13522.87
2025.08.01 14:00:00,0.59067,0.5918,0.58969,0.59027,11825.19
2025.08.01 15:00:00,0.59026,0.59126,0.58954,0.59094,5602.38
2025.08.01 16:00:00,0.59093,0.59128,0.5902,0.5904,3919.05
2025.08.01 17:00:00,0.59039,0.59044,0.5889,0.5894,8189.17
2025.08.01 18:00:00,0.5894,0.59062,0.58903,0.58931,6312.3
2025.08.01 19:00:00,0.58931,0.59153,0.58916,0.59092,7209.97
2025.08.01 20:00:00,0.59092,0.59219,0.59088,0.59104,4033.05
2025.08.03 21:00:00,0.59063,0.59094,0.59039,0.59085,347.17
2025.08.03 22:00:00,0.59092,0.59196,0.59059,0.59085,1995.79
2025.08.03 23:00:00,0.59081,0.59169,0.59079,0.59138,2608.2
2025.08.04 00:00:00,0.59138,0.59152,0.59023,0.59102,6666.22
2025.08.04 01:00:00,0.59101,0.59224,0.59034,0.59208,6067.33
2025.08.04 02:00:00,0.59209,0.59219,0.59125,0.59135,3611.55
2025.08.04 03:00:00,0.59135,0.59209,0.59135,0.59176,2316.3
2025.08.04 04:00:00,0.59175,0.59208,0.59139,0.59142,1576.33
2025.08.04 05:00:00,0.59142,0.59151,0.59068,0.59112,1938.22
2025.08.04 06:00:00,0.59111,0.59172,0.59064,0.59129,3156.45
2025.08.04 07:00:00,0.5913,0.59156,0.59038,0.59063,5047.01
2025.08.04 08:00:00,0.59064,0.59117,0.59033,0.5911,3470.55
2025.08.04 09:00:00,0.59111,0.59192,0.59079,0.59118,2764.05
2025.08.04 10:00:00,0.59118,0.59176,0.59062,0.59175,2097.67
2025.08.04 11:00:00,0.59176,0.59214,0.59139,0.592,3091.05
2025.08.04 12:00:00,0.59204,0.59247,0.59155,0.59184,4267.12
2025.08.04 13:00:00,0.59184,0.593,0.59175,0.59228,4438.33
2025.08.04 14:00:00,0.59229,0.59261,0.59103,0.59122,5187.9
2025.08.04 15:00:00,0.5912,0.5914,0.59028,0.59052,4367.85
2025.08.04 16:00:00,0.5905,0.59074,0.59019,0.59048,3003.67
2025.08.04 17:00:00,0.59047,0.59052,0.58998,0.59032,1693.2
2025.08.04 18:00:00,0.59034,0.59056,0.58982,0.5899,2387.92
2025.08.04 19:00:00,0.58992,0.59047,0.58992,0.59032,1552.2
2025.08.04 20:00:00,0.59034,0.59078,0.59019,0.59063,1018.65
2025.08.04 21:00:00,0.59051,0.5907,0.58944,0.59064,2705.34
2025.08.04 22:00:00,0.59067,0.59117,0.5905,0.59107,2016.89
2025.08.04 23:00:00,0.59108,0.59162,0.59101,0.59158,827.24
2025.08.05 00:00:00,0.59158,0.59222,0.59107,0.5913,2643.75
2025.08.05 01:00:00,0.59131,0.59153,0.59035,0.59055,3066.75
2025.08.05 02:00:00,0.59055,0.59055,0.58958,0.58987,2474.85
2025.08.05 03:00:00,0.58987,0.5901,0.58934,0.58941,1258.56
2025.08.05 04:00:00,0.58941,0.59002,0.58908,0.58987,1333.65
2025.08.05 05:00:00,0.58986,0.58988,0.58912,0.58941,2203.17
2025.08.05 06:00:00,0.58941,0.59024,0.58871,0.58906,4547.55
2025.08.05 07:00:00,0.58907,0.5902,0.58862,0.58923,3021.01
2025.08.05 08:00:00,0.58922,0.5893,0.58837,0.58863,3097.95
2025.08.05 09:00:00,0.58864,0.58947,0.5885,0.58917,2005.59
2025.08.05 10:00:00,0.58917,0.58955,0.58892,0.58915,1967.55
2025.08.05 11:00:00,0.58915,0.58916,0.58809,0.58899,4265.09
2025.08.05 12:00:00,0.589,0.5896,0.58879,0.58916,6206.47
2025.08.05 13:00:00,0.58918,0.59005,0.58887,0.58906,6333.29
2025.08.05 14:00:00,0.58905,0.59027,0.58857,0.58903,11547.6
2025.08.05 15:00:00,0.58903,0.59,0.58903,0.58984,7147.27
2025.08.05 16:00:00,0.58983,0.59044,0.58972,0.58996,2497.05
2025.08.05 17:00:00,0.58995,0.59019,0.58973,0.5898,1513.5
2025.08.05 18:00:00,0.58979,0.58987,0.58911,0.58928,1715.54
2025.08.05 19:00:00,0.58927,0.58952,0.58907,0.58942,1548.81
2025.08.05 20:00:00,0.58943,0.59017,0.58931,0.59007,1196.1
2025.08.05 21:00:00,0.59008,0.59008,0.58861,0.58993,2535
2025.08.05 22:00:00,0.58994,0.59067,0.589,0.59012,2657.08
2025.08.05 23:00:00,0.59012,0.59111,0.58998,0.59073,1781.46
2025.08.06 00:00:00,0.5907,0.5915,0.59065,0.59104,2718.22
2025.08.06 01:00:00,0.59103,0.59123,0.59043,0.5911,2591.1
2025.08.06 02:00:00,0.5911,0.59192,0.59096,0.59178,1916.47
2025.08.06 03:00:00,0.59179,0.59233,0.59179,0.59216,1297.5
2025.08.06 04:00:00,0.59213,0.59263,0.59208,0.59245,1087.5
2025.08.06 05:00:00,0.59245,0.59249,0.59151,0.59169,1381.27
2025.08.06 06:00:00,0.5917,0.59225,0.59162,0.59187,2677.05
2025.08.06 07:00:00,0.59188,0.59251,0.59155,0.59239,3074.85
2025.08.06 08:00:00,0.5924,0.59243,0.59153,0.59186,2455.35
2025.08.06 09:00:00,0.59186,0.59232,0.59174,0.59213,2080.8
2025.08.06 10:00:00,0.59212,0.59342,0.59203,0.59329,2488.5
2025.08.06 11:00:00,0.59329,0.59355,0.59284,0.59319,2644.2
2025.08.06 12:00:00,0.59319,0.59342,0.5925,0.59328,3439.8
2025.08.06 13:00:00,0.59328,0.59373,0.59281,0.59304,4548.15
2025.08.06 14:00:00,0.59306,0.59306,0.59209,0.59252,4382.19
2025.08.06 15:00:00,0.5925,0.59378,0.59223,0.59366,5345.1
2025.08.06 16:00:00,0.59366,0.59373,0.59281,0.59303,3231.54
2025.08.06 17:00:00,0.59302,0.59376,0.59293,0.59352,2719.65
2025.08.06 18:00:00,0.59353,0.59409,0.59345,0.59356,2344.8
2025.08.06 19:00:00,0.59358,0.59379,0.5932,0.59334,1522.19
2025.08.06 20:00:00,0.59335,0.59343,0.59275,0.5928,1106.1
2025.08.06 21:00:00,0.5928,0.59294,0.59237,0.59282,1446.7
2025.08.06 22:00:00,0.59285,0.59336,0.59277,0.59321,1305.52
2025.08.06 23:00:00,0.59321,0.5934,0.59265,0.5927,1035.67
2025.08.07 00:00:00,0.5927,0.59299,0.59225,0.59276,1941.15
2025.08.07 01:00:00,0.59277,0.59439,0.59273,0.59397,2099.52
2025.08.07 02:00:00,0.59396,0.59437,0.59345,0.5939,1577.7
2025.08.07 03:00:00,0.5939,0.59444,0.59355,0.5944,1371.3
2025.08.07 04:00:00,0.59439,0.5951,0.59434,0.59488,1573.27
2025.08.07 05:00:00,0.59488,0.59499,0.59421,0.59499,1684.85
2025.08.07 06:00:00,0.59499,0.59586,0.59475,0.59545,3402.85
2025.08.07 07:00:00,0.59546,0.59634,0.59526,0.59634,2127.97
2025.08.07 08:00:00,0.59632,0.5967,0.59517,0.5957,3692.32
2025.08.07 09:00:00,0.5957,0.59581,0.59505,0.59506,2279.32
2025.08.07 10:00:00,0.59505,0.59559,0.59491,0.59552,2729.02
2025.08.07 11:00:00,0.59552,0.59604,0.59449,0.59501,3583.2
2025.08.07 12:00:00,0.59502,0.59587,0.59487,0.59543,4163.84
2025.08.07 13:00:00,0.59544,0.59607,0.59504,0.59513,5577.04
2025.08.07 14:00:00,0.59511,0.59524,0.59343,0.59359,7969.58
2025.08.07 15:00:00,0.59358,0.59445,0.59313,0.59427,3497.25
2025.08.07 16:00:00,0.59426,0.59471,0.594,0.59439,1736.85
2025.08.07 17:00:00,0.59441,0.59475,0.59414,0.59455,3390.71
2025.08.07 18:00:00,0.59457,0.59473,0.5938,0.59404,3128.53
2025.08.07 19:00:00,0.59402,0.59565,0.59388,0.59563,4364.11
2025.08.07 20:00:00,0.59564,0.59635,0.59564,0.59602,2417.47
2025.08.07 21:00:00,0.59591,0.59603,0.59319,0.59591,2118.33
2025.08.07 22:00:00,0.59589,0.5965,0.59586,0.59635,3120.9
2025.08.07 23:00:00,0.59637,0.59716,0.59628,0.59684,1631.07
2025.08.08 00:00:00,0.59683,0.59705,0.59601,0.59624,2301.07
2025.08.08 01:00:00,0.59624,0.59657,0.59532,0.5959,2880.15
2025.08.08 02:00:00,0.5959,0.59676,0.59583,0.59644,1993.2
2025.08.08 03:00:00,0.59644,0.59646,0.59573,0.59601,2492.4
2025.08.08 04:00:00,0.59602,0.59643,0.59573,0.5958,1728.75
2025.08.08 05:00:00,0.59581,0.59594,0.59528,0.5956,1645.65
2025.08.08 06:00:00,0.59559,0.5961,0.59559,0.59589,1999.2
2025.08.08 07:00:00,0.59588,0.59665,0.59584,0.59626,2740.2
2025.08.08 08:00:00,0.59625,0.59681,0.5949,0.59519,2952.29
2025.08.08 09:00:00,0.59519,0.59577,0.5951,0.59554,2655.03
2025.08.08 10:00:00,0.59554,0.59589,0.59533,0.59576,1609.5
2025.08.08 11:00:00,0.59574,0.59578,0.59526,0.59538,1696.57
2025.08.08 12:00:00,0.59538,0.59555,0.59479,0.59519,2905.65
2025.08.08 13:00:00,0.59519,0.59626,0.59518,0.59561,3549.75
2025.08.08 14:00:00,0.59561,0.59606,0.59499,0.59516,3957.14
2025.08.08 15:00:00,0.59513,0.59576,0.59509,0.59533,1825.95
2025.08.08 16:00:00,0.59534,0.59555,0.59498,0.5951,1589.85
2025.08.08 17:00:00,0.59511,0.59591,0.595,0.59542,1669.5
2025.08.08 18:00:00,0.59545,0.59587,0.59527,0.59554,2013.45
2025.08.08 19:00:00,0.59554,0.59554,0.5947,0.59493,1593.75
2025.08.08 20:00:00,0.59493,0.59536,0.59472,0.59497,3139.8
2025.08.10 21:00:00,0.59516,0.59549,0.59452,0.59469,1262.25
2025.08.10 22:00:00,0.59467,0.59519,0.59465,0.59516,911.4
2025.08.10 23:00:00,0.59516,0.59526,0.59464,0.59469,647.09
2025.08.11 00:00:00,0.59469,0.59494,0.59437,0.59463,1698.82
2025.08.11 01:00:00,0.59462,0.59541,0.59456,0.5953,1634.39
2025.08.11 02:00:00,0.59531,0.59559,0.595,0.59506,2111.06
2025.08.11 03:00:00,0.59506,0.5957,0.59477,0.59562,1409.25
2025.08.11 04:00:00,0.59562,0.59586,0.59505,0.5951,1239
2025.08.11 05:00:00,0.59512,0.59525,0.59488,0.59521,1276.99
2025.08.11 06:00:00,0.59522,0.59562,0.59466,0.59469,1768.54
2025.08.11 07:00:00,0.59469,0.59472,0.59389,0.59403,2006.97
2025.08.11 08:00:00,0.59402,0.59465,0.59401,0.59452,2030.77
2025.08.11 09:00:00,0.59452,0.59467,0.59376,0.59402,1855.2
2025.08.11 10:00:00,0.59404,0.59436,0.59398,0.59416,1227.9
2025.08.11 11:00:00,0.59415,0.59419,0.59277,0.5932,2368.8
2025.08.11 12:00:00,0.59322,0.59336,0.59247,0.59299,2417.32
2025.08.11 13:00:00,0.59302,0.59349,0.59279,0.59341,3460.8
2025.08.11 14:00:00,0.5934,0.59344,0.59257,0.59293,5778
2025.08.11 15:00:00,0.59293,0.5935,0.59262,0.59337,3229.95
2025.08.11 16:00:00,0.59339,0.59384,0.59322,0.59338,3215.1
2025.08.11 17:00:00,0.59337,0.59365,0.59291,0.59358,1843.95
2025.08.11 18:00:00,0.59359,0.59388,0.59343,0.59378,1684.05
2025.08.11 19:00:00,0.59379,0.59381,0.59324,0.59353,1480.95
2025.08.11 20:00:00,0.59352,0.59398,0.59349,0.59372,1190.4
2025.08.11 21:00:00,0.59364,0.59383,0.59238,0.59372,1945.26
2025.08.11 22:00:00,0.59372,0.59382,0.59353,0.59374,1288.63
2025.08.11 23:00:00,0.59379,0.59404,0.59373,0.59385,1316.7
2025.08.12 00:00:00,0.59384,0.59437,0.59378,0.59416,2733
2025.08.12 01:00:00,0.59415,0.59458,0.59359,0.59414,3586.72
2025.08.12 02:00:00,0.59416,0.59451,0.59379,0.59413,2268.89
2025.08.12 03:00:00,0.59411,0.59439,0.59362,0.59363,1248.47
2025.08.12 04:00:00,0.59362,0.59385,0.59283,0.59382,2259.36
2025.08.12 05:00:00,0.59382,0.59391,0.59255,0.59292,2878.5
2025.08.12 06:00:00,0.59292,0.59325,0.59263,0.59268,3276.3
2025.08.12 07:00:00,0.59271,0.59362,0.59264,0.59334,2196.6
2025.08.12 08:00:00,0.59338,0.5934,0.59214,0.5922,2115.75
2025.08.12 09:00:00,0.5922,0.59232,0.59177,0.59203,2244.45
2025.08.12 10:00:00,0.59203,0.59262,0.59185,0.59188,1322.32
2025.08.12 11:00:00,0.59185,0.59193,0.59127,0.59176,1246.65
2025.08.12 12:00:00,0.59178,0.59449,0.59177,0.59367,8497.47
2025.08.12 13:00:00,0.59364,0.59437,0.59216,0.59317,12025.3
2025.08.12 14:00:00,0.59318,0.59436,0.59305,0.59423,9438.03
2025.08.12 15:00:00,0.59423,0.59656,0.59411,0.59555,5607.41
2025.08.12 16:00:00,0.59554,0.59597,0.59517,0.59558,3222.87
2025.08.12 17:00:00,0.5956,0.59561,0.59514,0.59548,2731.53
2025.08.12 18:00:00,0.59544,0.59584,0.59521,0.59539,1409.85
2025.08.12 19:00:00,0.59539,0.59549,0.59512,0.59533,1127.55
2025.08.12 20:00:00,0.59533,0.5955,0.59521,0.59521,885.3
2025.08.12 21:00:00,0.59501,0.59592,0.59426,0.59525,1417.05
2025.08.12 22:00:00,0.5953,0.59553,0.59525,0.59547,1297.04
2025.08.12 23:00:00,0.59546,0.59576,0.59537,0.5957,765.54
2025.08.13 00:00:00,0.59571,0.59578,0.59503,0.59517,3140.82
2025.08.13 01:00:00,0.59516,0.59542,0.59446,0.59457,4099.76
2025.08.13 02:00:00,0.59457,0.59609,0.5945,0.59587,2512.05
2025.08.13 03:00:00,0.59585,0.59597,0.59556,0.59579,2066.62
2025.08.13 04:00:00,0.59578,0.59601,0.59562,0.59573,2035.72
2025.08.13 05:00:00,0.59573,0.59575,0.59529,0.59561,2129.92
2025.08.13 06:00:00,0.5956,0.59767,0.59554,0.59741,2563.8
2025.08.13 07:00:00,0.59741,0.5986,0.59739,0.59826,3085.48
2025.08.13 08:00:00,0.59827,0.59879,0.59819,0.5984,2731.65
2025.08.13 09:00:00,0.59841,0.59956,0.59833,0.59943,2339.31
2025.08.13 10:00:00,0.59942,0.59946,0.59866,0.59869,1754.85
2025.08.13 11:00:00,0.59868,0.59886,0.59827,0.59871,2632.05
2025.08.13 12:00:00,0.59872,0.59884,0.59746,0.59771,3364.65
2025.08.13 13:00:00,0.59773,0.5982,0.59751,0.59801,3141.45
2025.08.13 14:00:00,0.59801,0.59883,0.59772,0.59816,4358.1
2025.08.13 15:00:00,0.59815,0.59816,0.59738,0.59753,2509.25
2025.08.13 16:00:00,0.59755,0.59795,0.59749,0.59752,1628.85
2025.08.13 17:00:00,0.59751,0.59758,0.59708,0.59709,1499.62
2025.08.13 18:00:00,0.59709,0.59719,0.59696,0.5971,928.05
2025.08.13 19:00:00,0.59709,0.59746,0.59707,0.5973,1551.41
2025.08.13 20:00:00,0.5973,0.59774,0.59706,0.59706,863.55
2025.08.13 21:00:00,0.59699,0.59756,0.59657,0.59741,1394.71
2025.08.13 22:00:00,0.59735,0.59758,0.59723,0.59757,780.43
2025.08.13 23:00:00,0.59757,0.59802,0.59749,0.59796,630.23
2025.08.14 00:00:00,0.59794,0.59857,0.59794,0.59835,2629.95
2025.08.14 01:00:00,0.59835,0.59906,0.59835,0.5987,3667.27
2025.08.14 02:00:00,0.59869,0.5987,0.5975,0.5979,2813.85
2025.08.14 03:00:00,0.5979,0.59791,0.59728,0.59736,2274.52
2025.08.14 04:00:00,0.59736,0.59792,0.59715,0.59769,1641.14
2025.08.14 05:00:00,0.59768,0.59771,0.59665,0.59676,1645.05
2025.08.14 06:00:00,0.59676,0.5972,0.59565,0.59568,3683.05
2025.08.14 07:00:00,0.59569,0.59617,0.59495,0.59533,3468.67
2025.08.14 08:00:00,0.59535,0.59588,0.59475,0.59477,2017.65
2025.08.14 09:00:00,0.59479,0.59555,0.59478,0.59497,1975.5
2025.08.14 10:00:00,0.59497,0.59546,0.59475,0.59499,1863.6
2025.08.14 11:00:00,0.595,0.59524,0.59465,0.59487,7843.2
2025.08.14 12:00:00,0.5949,0.59519,0.59289,0.59307,13405.05
2025.08.14 13:00:00,0.59306,0.59308,0.59174,0.59192,9650.9
2025.08.14 14:00:00,0.59192,0.59313,0.59153,0.5928,13764.13
2025.08.14 15:00:00,0.59279,0.59285,0.5911,0.59144,6891.97
2025.08.14 16:00:00,0.59146,0.59155,0.59083,0.59124,3529.8
2025.08.14 17:00:00,0.59125,0.59185,0.59124,0.59153,3792
2025.08.14 18:00:00,0.59154,0.59162,0.59109,0.59144,3817.64
2025.08.14 19:00:00,0.59142,0.59208,0.59137,0.59197,4085.24
2025.08.14 20:00:00,0.59195,0.59198,0.59156,0.59156,2450.25
2025.08.14 21:00:00,0.59148,0.5922,0.59096,0.59187,1218.45
2025.08.14 22:00:00,0.59187,0.59214,0.59166,0.59187,788.7
2025.08.14 23:00:00,0.59189,0.5922,0.59183,0.59202,794.1
2025.08.15 00:00:00,0.592,0.59221,0.5917,0.59206,1541.1
2025.08.15 01:00:00,0.59207,0.59246,0.59168,0.59206,2023.57
2025.08.15 02:00:00,0.59206,0.59213,0.59071,0.59163,1940.47
2025.08.15 03:00:00,0.59165,0.59246,0.59165,0.59233,1738.57
2025.08.15 04:00:00,0.59231,0.59242,0.5919,0.59206,1504.35
2025.08.15 05:00:00,0.59205,0.59219,0.59177,0.59213,1471.48
2025.08.15 06:00:00,0.59212,0.59255,0.59156,0.59224,1967.85
2025.08.15 07:00:00,0.59222,0.59284,0.59221,0.59281,1710
2025.08.15 08:00:00,0.59281,0.59297,0.59251,0.5927,1489.05
2025.08.15 09:00:00,0.59269,0.59292,0.59223,0.59235,1484.85
2025.08.15 10:00:00,0.59235,0.59283,0.59216,0.59275,1354.2
2025.08.15 11:00:00,0.59274,0.59308,0.59242,0.59273,1363.42
2025.08.15 12:00:00,0.59271,0.59331,0.59174,0.59292,3719.04
2025.08.15 13:00:00,0.59296,0.59344,0.59257,0.59293,4411.95
2025.08.15 14:00:00,0.59293,0.59386,0.59274,0.59325,4030.64
2025.08.15 15:00:00,0.59324,0.59364,0.59276,0.59282,3162.72
2025.08.15 16:00:00,0.59282,0.59301,0.59239,0.59269,2016.58
2025.08.15 17:00:00,0.5927,0.5927,0.59219,0.59247,1527.52
2025.08.15 18:00:00,0.59247,0.5925,0.59202,0.59232,1247.68
2025.08.15 19:00:00,0.59233,0.59248,0.59217,0.59238,820.2
2025.08.15 20:00:00,0.59237,0.59266,0.59113,0.59189,2035.65
2025.08.17 21:00:00,0.59196,0.59231,0.59169,0.59231,235.2
2025.08.17 22:00:00,0.59204,0.59286,0.59202,0.59284,777.8
2025.08.17 23:00:00,0.59284,0.59297,0.59248,0.59282,824.55
2025.08.18 00:00:00,0.59282,0.5936,0.59277,0.59312,1751.85
2025.08.18 01:00:00,0.5931,0.59377,0.59293,0.59363,2044.07
2025.08.18 02:00:00,0.59364,0.59364,0.59277,0.59296,1458.26
2025.08.18 03:00:00,0.59294,0.59341,0.59294,0.5933,1177.8
2025.08.18 04:00:00,0.5933,0.59409,0.59305,0.59391,1492.65
2025.08.18 05:00:00,0.5939,0.59422,0.59364,0.59371,1647.5
2025.08.18 06:00:00,0.59372,0.59404,0.59325,0.59347,2433.59
2025.08.18 07:00:00,0.59347,0.59393,0.59325,0.59335,2713.5
2025.08.18 08:00:00,0.59333,0.5942,0.59292,0.59398,2406.74
2025.08.18 09:00:00,0.594,0.59407,0.5935,0.59369,1878.52
2025.08.18 10:00:00,0.5937,0.59406,0.59361,0.59365,1529.1
2025.08.18 11:00:00,0.59365,0.59392,0.59323,0.59335,1598.32
2025.08.18 12:00:00,0.59336,0.59371,0.59292,0.59314,2159.99
2025.08.18 13:00:00,0.59312,0.59318,0.59256,0.5926,2253.74
2025.08.18 14:00:00,0.59261,0.59289,0.59112,0.59129,4043.62
2025.08.18 15:00:00,0.59129,0.59236,0.59094,0.59228,5594.01
2025.08.18 16:00:00,0.59227,0.59247,0.59187,0.59197,4042.17
2025.08.18 17:00:00,0.59196,0.5924,0.59192,0.59196,3895.65
2025.08.18 18:00:00,0.59195,0.59226,0.59178,0.59198,5385
2025.08.18 19:00:00,0.59199,0.59247,0.59196,0.59239,2640.9
2025.08.18 20:00:00,0.59238,0.59253,0.5921,0.59215,1333.05
2025.08.18 21:00:00,0.59212,0.59212,0.59113,0.59193,2028.86
2025.08.18 22:00:00,0.59197,0.59268,0.59195,0.59221,1354.83
2025.08.18 23:00:00,0.5922,0.5925,0.5916,0.59227,1083.45
2025.08.19 00:00:00,0.59226,0.59283,0.59221,0.59268,2060.32
2025.08.19 01:00:00,0.59269,0.59284,0.59162,0.59221,4087.78
2025.08.19 02:00:00,0.59219,0.59253,0.59191,0.59253,3348.07
2025.08.19 03:00:00,0.59254,0.59287,0.59219,0.5922,2541.9
2025.08.19 04:00:00,0.59217,0.59272,0.59203,0.59251,1419.45
2025.08.19 05:00:00,0.59252,0.59271,0.59165,0.59169,2049.71
2025.08.19 06:00:00,0.59168,0.59272,0.59148,0.59257,3383.92
2025.08.19 07:00:00,0.59259,0.59302,0.59186,0.5921,3861.14
2025.08.19 08:00:00,0.5921,0.5922,0.59139,0.59179,2085.3
2025.08.19 09:00:00,0.59181,0.59239,0.5918,0.59236,1758.45
2025.08.19 10:00:00,0.59236,0.5929,0.5921,0.59231,2168.7
2025.08.19 11:00:00,0.5923,0.59265,0.59195,0.59252,2390.6
2025.08.19 12:00:00,0.59253,0.59288,0.59192,0.59215,2560.79
2025.08.19 13:00:00,0.59213,0.59221,0.59132,0.59197,4396.33
2025.08.19 14:00:00,0.59193,0.59205,0.59079,0.59093,3757.42
2025.08.19 15:00:00,0.59095,0.59095,0.58992,0.58997,2985.61
2025.08.19 16:00:00,0.58999,0.59044,0.58979,0.58994,2652.67
2025.08.19 17:00:00,0.58994,0.59034,0.58975,0.59014,2557.5
2025.08.19 18:00:00,0.59015,0.59015,0.58926,0.58935,2793.15
2025.08.19 19:00:00,0.58935,0.58966,0.58921,0.5895,2181.45
2025.08.19 20:00:00,0.5895,0.58963,0.58908,0.58922,1529.1
2025.08.19 21:00:00,0.58918,0.58961,0.58851,0.58921,2505.72
2025.08.19 22:00:00,0.58934,0.58956,0.58916,0.58954,611.87
2025.08.19 23:00:00,0.58952,0.58968,0.58918,0.58967,770.01
2025.08.20 00:00:00,0.58966,0.58976,0.58895,0.58925,2441.4
2025.08.20 01:00:00,0.58923,0.58952,0.58832,0.58876,3058.57
2025.08.20 02:00:00,0.58876,0.58876,0.58229,0.58316,7745.57
2025.08.20 03:00:00,0.58314,0.58375,0.582,0.58271,4254.45
2025.08.20 04:00:00,0.58272,0.5837,0.58264,0.58271,2585.77
2025.08.20 05:00:00,0.58275,0.58352,0.58219,0.58344,3195.75
2025.08.20 06:00:00,0.58346,0.5835,0.58231,0.58276,5726.52
2025.08.20 07:00:00,0.58279,0.58318,0.58171,0.5823,3819.07
2025.08.20 08:00:00,0.58231,0.58298,0.58147,0.58291,3269.07
2025.08.20 09:00:00,0.58291,0.58315,0.58232,0.58306,3569.91
2025.08.20 10:00:00,0.58305,0.5831,0.58244,0.58265,2497.72
2025.08.20 11:00:00,0.58263,0.58293,0.58214,0.58216,2718.07
2025.08.20 12:00:00,0.58217,0.58403,0.58216,0.58363,5625.37
2025.08.20 13:00:00,0.58362,0.58363,0.58193,0.58202,4747.8
2025.08.20 14:00:00,0.58203,0.58283,0.58183,0.58279,6100.09
2025.08.20 15:00:00,0.58277,0.58334,0.58191,0.58206,3347.13
2025.08.20 16:00:00,0.58207,0.58296,0.58207,0.58283,1624.8
2025.08.20 17:00:00,0.58282,0.58338,0.58279,0.58327,1637.1
2025.08.20 18:00:00,0.58328,0.58331,0.58247,0.58247,1982.7
2025.08.20 19:00:00,0.58245,0.58306,0.58245,0.58255,2174.09
2025.08.20 20:00:00,0.58257,0.58258,0.58204,0.58217,887.11
2025.08.20 21:00:00,0.58215,0.58248,0.58121,0.58183,1926.93
2025.08.20 22:00:00,0.58189,0.58244,0.58188,0.58235,1527.62
2025.08.20 23:00:00,0.58236,0.58279,0.58198,0.58271,829.35
2025.08.21 00:00:00,0.58272,0.58282,0.58158,0.58206,2668.4
2025.08.21 01:00:00,0.58206,0.58324,0.5818,0.58302,3316.19
2025.08.21 02:00:00,0.58303,0.58307,0.58179,0.58185,2520.59
2025.08.21 03:00:00,0.58186,0.58218,0.58143,0.58166,1926.74
2025.08.21 04:00:00,0.58166,0.582,0.58158,0.58168,1142.76
2025.08.21 05:00:00,0.58169,0.58234,0.58126,0.58234,1718.62
2025.08.21 06:00:00,0.58233,0.58249,0.58176,0.58197,2350.43
2025.08.21 07:00:00,0.58198,0.58223,0.58133,0.58198,3682.71
2025.08.21 08:00:00,0.58197,0.58247,0.58169,0.58236,1985.32
2025.08.21 09:00:00,0.58238,0.58294,0.58226,0.58264,1552.8
2025.08.21 10:00:00,0.58263,0.58286,0.58237,0.58268,1368.6
2025.08.21 11:00:00,0.58268,0.58304,0.58202,0.58204,2055.97
2025.08.21 12:00:00,0.58205,0.58309,0.58165,0.58198,4270.93
2025.08.21 13:00:00,0.58198,0.58265,0.58157,0.58205,4226.31
2025.08.21 14:00:00,0.58207,0.58278,0.58152,0.58194,4923.43
2025.08.21 15:00:00,0.58194,0.58242,0.58102,0.58157,4513.68
2025.08.21 16:00:00,0.58156,0.58173,0.58113,0.58165,3019.34
2025.08.21 17:00:00,0.58166,0.58238,0.58166,0.58202,2980.5
2025.08.21 18:00:00,0.58203,0.58232,0.58176,0.58178,2206.55
2025.08.21 19:00:00,0.58179,0.58192,0.58143,0.58158,1559
2025.08.21 20:00:00,0.58156,0.58187,0.58138,0.58157,970.24
2025.08.21 21:00:00,0.58158,0.58207,0.58117,0.58166,1907.55
2025.08.21 22:00:00,0.58169,0.58221,0.58158,0.58194,688.52
2025.08.21 23:00:00,0.582,0.58221,0.58188,0.58209,885.95
2025.08.22 00:00:00,0.58207,0.5822,0.58126,0.58142,1804.05
2025.08.22 01:00:00,0.58143,0.58199,0.58094,0.58153,2253.3
2025.08.22 02:00:00,0.58153,0.58205,0.58131,0.58172,2215.95
2025.08.22 03:00:00,0.58171,0.58198,0.58118,0.58122,1587.15
2025.08.22 04:00:00,0.58124,0.58143,0.5805,0.58061,2075.61
2025.08.22 05:00:00,0.58061,0.58074,0.5801,0.5801,1215.75
2025.08.22 06:00:00,0.58007,0.58078,0.57995,0.58041,1703.62
2025.08.22 07:00:00,0.58042,0.5813,0.58037,0.58093,1841.4
2025.08.22 08:00:00,0.58091,0.58138,0.5806,0.58128,2492.32
2025.08.22 09:00:00,0.58127,0.58132,0.58031,0.5804,1442.47
2025.08.22 10:00:00,0.5804,0.58051,0.58012,0.58043,1182.21
2025.08.22 11:00:00,0.58044,0.58076,0.58026,0.5807,1422.9
2025.08.22 12:00:00,0.58071,0.5811,0.58071,0.58088,1640.47
2025.08.22 13:00:00,0.58086,0.58178,0.5808,0.58094,2800.86
2025.08.22 14:00:00,0.58098,0.58699,0.58098,0.58678,17107
2025.08.22 15:00:00,0.58679,0.58758,0.5859,0.58598,6262.23
2025.08.22 16:00:00,0.58597,0.58696,0.58597,0.58665,4791.9
2025.08.22 17:00:00,0.58666,0.58739,0.58664,0.58696,4407.82
2025.08.22 18:00:00,0.58695,0.58718,0.58654,0.5866,2366.17
2025.08.22 19:00:00,0.58661,0.58668,0.58631,0.5865,1409.1
2025.08.22 20:00:00,0.58651,0.58693,0.5865,0.58651,1336.2
2025.08.24 21:00:00,0.5864,0.58683,0.58603,0.58675,1375.95
2025.08.24 22:00:00,0.58676,0.587,0.58583,0.58636,1109.89
2025.08.24 23:00:00,0.58637,0.58663,0.5863,0.58639,997.05
2025.08.25 00:00:00,0.5864,0.5865,0.5858,0.58639,1827.6
2025.08.25 01:00:00,0.5864,0.58661,0.58518,0.58533,2038.95
2025.08.25 02:00:00,0.58533,0.58598,0.58518,0.58587,1574.08
2025.08.25 03:00:00,0.58588,0.58645,0.58588,0.58622,1435.2
2025.08.25 04:00:00,0.58623,0.58669,0.58623,0.58648,777.15
2025.08.25 05:00:00,0.58648,0.58686,0.58641,0.58662,1052.55
2025.08.25 06:00:00,0.58664,0.58803,0.58664,0.58744,2430.15
2025.08.25 07:00:00,0.58743,0.5875,0.58632,0.58637,2516.75
2025.08.25 08:00:00,0.58636,0.58726,0.58636,0.58661,1977
2025.08.25 09:00:00,0.58661,0.58671,0.58573,0.58595,1322.85
2025.08.25 10:00:00,0.58595,0.58613,0.58563,0.58593,1356.22
2025.08.25 11:00:00,0.58591,0.58726,0.58588,0.58721,1591.2
2025.08.25 12:00:00,0.58722,0.58725,0.58639,0.58639,1851
2025.08.25 13:00:00,0.5864,0.58734,0.58618,0.58714,3308.4
2025.08.25 14:00:00,0.58715,0.58771,0.58695,0.58727,3822.89
2025.08.25 15:00:00,0.58726,0.58749,0.58639,0.58656,3278.08
2025.08.25 16:00:00,0.58656,0.58672,0.58612,0.58628,2201.32
2025.08.25 17:00:00,0.58627,0.58627,0.58561,0.58573,2646.45
2025.08.25 18:00:00,0.58573,0.58582,0.58484,0.58495,3633.82
2025.08.25 19:00:00,0.58496,0.58504,0.58451,0.5846,3048.46
2025.08.25 20:00:00,0.58458,0.58513,0.58458,0.58469,3720.3
2025.08.25 21:00:00,0.58457,0.58547,0.58451,0.5848,2197.35
2025.08.25 22:00:00,0.58487,0.58506,0.58473,0.58502,1279.61
2025.08.25 23:00:00,0.58502,0.58513,0.58472,0.58479,864.61
2025.08.26 00:00:00,0.5848,0.58606,0.58457,0.58549,8892.82
2025.08.26 01:00:00,0.5855,0.58573,0.58381,0.58387,3127.05
2025.08.26 02:00:00,0.58384,0.58459,0.58384,0.58422,2769.74
2025.08.26 03:00:00,0.58422,0.58422,0.58282,0.58293,2208.45
2025.08.26 04:00:00,0.58289,0.58404,0.58288,0.58404,1621.5
2025.08.26 05:00:00,0.58404,0.58427,0.58387,0.5841,1613.1
2025.08.26 06:00:00,0.5841,0.58454,0.58326,0.5841,2168.25
2025.08.26 07:00:00,0.5841,0.58452,0.58346,0.58423,3094.95
2025.08.26 08:00:00,0.58422,0.58452,0.58374,0.58391,3265.34
2025.08.26 09:00:00,0.58392,0.58478,0.58389,0.58474,1997.85
2025.08.26 10:00:00,0.58474,0.58508,0.58458,0.58498,1322.55
2025.08.26 11:00:00,0.58499,0.5857,0.58491,0.58552,1890.15
2025.08.26 12:00:00,0.58553,0.58586,0.585,0.58541,3901.65
2025.08.26 13:00:00,0.58542,0.58561,0.5847,0.58555,5664.21
2025.08.26 14:00:00,0.58556,0.5863,0.58528,0.58584,10974.01
2025.08.26 15:00:00,0.58584,0.58638,0.58583,0.58633,3706.09
2025.08.26 16:00:00,0.58634,0.58678,0.58612,0.58624,2067.6
2025.08.26 17:00:00,0.58626,0.58648,0.58607,0.5861,2002.05
2025.08.26 18:00:00,0.5861,0.58629,0.5858,0.58594,1582.56
2025.08.26 19:00:00,0.58597,0.58625,0.58587,0.58591,1901.21
2025.08.26 20:00:00,0.58588,0.58607,0.58578,0.58603,1049.97
2025.08.26 21:00:00,0.586,0.58613,0.5819,0.58572,2726.03
2025.08.26 22:00:00,0.58565,0.58633,0.58548,0.58612,986.4
2025.08.26 23:00:00,0.58612,0.58615,0.58564,0.58566,514.65
2025.08.27 00:00:00,0.58566,0.58602,0.58523,0.58537,1425.9
2025.08.27 01:00:00,0.58538,0.58576,0.58488,0.5855,3218.28
2025.08.27 02:00:00,0.5855,0.58558,0.58491,0.58524,1951.65
2025.08.27 03:00:00,0.58522,0.58537,0.58462,0.5847,1542.48
2025.08.27 04:00:00,0.58468,0.58476,0.58423,0.58438,1206.3
2025.08.27 05:00:00,0.58437,0.58465,0.58429,0.58445,1132.8
2025.08.27 06:00:00,0.58445,0.58482,0.58421,0.58441,1806.3
2025.08.27 07:00:00,0.58441,0.58451,0.5831,0.58337,4252.35
2025.08.27 08:00:00,0.58334,0.58338,0.58247,0.58285,3884.4
2025.08.27 09:00:00,0.58285,0.58319,0.58243,0.58288,2089.95
2025.08.27 10:00:00,0.58287,0.58287,0.58199,0.58205,1796.7
2025.08.27 11:00:00,0.58206,0.5825,0.58179,0.58214,1736.4
2025.08.27 12:00:00,0.58214,0.58299,0.58214,0.58253,2467.35
2025.08.27 13:00:00,0.58253,0.58322,0.58229,0.58294,3235.95
2025.08.27 14:00:00,0.58294,0.58381,0.58251,0.58376,5378.77
2025.08.27 15:00:00,0.58377,0.5847,0.58376,0.58463,3582.9
2025.08.27 16:00:00,0.58462,0.58619,0.58457,0.58608,3054.44
2025.08.27 17:00:00,0.58608,0.58647,0.58587,0.58632,3557.7
2025.08.27 18:00:00,0.58631,0.58632,0.5857,0.58604,2281.71
2025.08.27 19:00:00,0.58602,0.5862,0.58571,0.58607,1676.09
2025.08.27 20:00:00,0.58608,0.5861,0.58566,0.58582,1149.45
2025.08.27 21:00:00,0.58577,0.58577,0.58403,0.58559,1732.09
2025.08.27 22:00:00,0.58558,0.58583,0.58556,0.5858,1976.34
2025.08.27 23:00:00,0.5858,0.58607,0.58579,0.58604,891.15
2025.08.28 00:00:00,0.58602,0.58631,0.58567,0.58589,2782.49
2025.08.28 01:00:00,0.58589,0.58627,0.58547,0.58561,2260.95
2025.08.28 02:00:00,0.5856,0.5864,0.58555,0.58638,2713.2
2025.08.28 03:00:00,0.58639,0.58674,0.58618,0.58638,2491.65
2025.08.28 04:00:00,0.58638,0.5864,0.58581,0.58592,1975.05
2025.08.28 05:00:00,0.58592,0.58598,0.58531,0.58581,2656.12
2025.08.28 06:00:00,0.58581,0.58635,0.5857,0.58593,3672.6
2025.08.28 07:00:00,0.58594,0.58621,0.5855,0.58615,3513.75
2025.08.28 08:00:00,0.58615,0.58672,0.58546,0.58662,2471.85
2025.08.28 09:00:00,0.58663,0.58689,0.58627,0.58643,1924.05
2025.08.28 10:00:00,0.58643,0.58744,0.5863,0.58734,2434.2
2025.08.28 11:00:00,0.58734,0.58756,0.58694,0.58728,1892.7
2025.08.28 12:00:00,0.58729,0.58779,0.58675,0.58731,3890.37
2025.08.28 13:00:00,0.5873,0.58753,0.58653,0.58687,5125.05
2025.08.28 14:00:00,0.58689,0.58851,0.5867,0.58781,6596.69
2025.08.28 15:00:00,0.58781,0.58847,0.58762,0.58827,3182.52
2025.08.28 16:00:00,0.58827,0.58895,0.58815,0.58876,1756.05
2025.08.28 17:00:00,0.58877,0.58915,0.58863,0.58882,2710.95
2025.08.28 18:00:00,0.58882,0.58891,0.58862,0.58867,2730.51
2025.08.28 19:00:00,0.58866,0.58876,0.58839,0.58845,1027.79
2025.08.28 20:00:00,0.58844,0.58854,0.58822,0.58832,843.45
2025.08.28 21:00:00,0.58831,0.58831,0.58784,0.58814,656.82
2025.08.28 22:00:00,0.58816,0.58828,0.58796,0.58801,1690.4
2025.08.28 23:00:00,0.58801,0.58839,0.58801,0.58825,746.47
2025.08.29 00:00:00,0.58826,0.58875,0.58821,0.58873,2174.95
2025.08.29 01:00:00,0.58873,0.58916,0.58813,0.58906,2858.69
2025.08.29 02:00:00,0.58906,0.58943,0.58892,0.58893,2089.5
2025.08.29 03:00:00,0.58894,0.58907,0.58832,0.58895,1599.68
2025.08.29 04:00:00,0.58895,0.5892,0.58878,0.5892,1099.02
2025.08.29 05:00:00,0.58922,0.58925,0.58869,0.58908,1095.9
2025.08.29 06:00:00,0.58909,0.5894,0.5885,0.58868,2330.1
2025.08.29 07:00:00,0.58868,0.58972,0.58852,0.58962,3008.7
2025.08.29 08:00:00,0.58964,0.58975,0.58897,0.58933,3102.37
2025.08.29 09:00:00,0.58935,0.58948,0.58843,0.58856,3256.72
2025.08.29 10:00:00,0.58855,0.58894,0.58847,0.58853,2131.86
2025.08.29 11:00:00,0.58852,0.58871,0.5884,0.58848,1134.75
2025.08.29 12:00:00,0.58851,0.58876,0.58802,0.5887,3787.26
2025.08.29 13:00:00,0.58871,0.58931,0.58829,0.58906,3770.92
2025.08.29 14:00:00,0.58908,0.59053,0.58901,0.59004,6373.35
2025.08.29 15:00:00,0.59003,0.59014,0.58937,0.58992,4040.1
2025.08.29 16:00:00,0.5899,0.59019,0.5898,0.5901,2317.71
2025.08.29 17:00:00,0.59009,0.59009,0.5897,0.58988,1147.04
2025.08.29 18:00:00,0.58989,0.59005,0.58971,0.59,991.35
2025.08.29 19:00:00,0.59,0.59005,0.58975,0.5899,1866.97
2025.08.29 20:00:00,0.58991,0.59002,0.58927,0.58945,2752.14
2025.08.31 21:00:00,0.58822,0.5896,0.58822,0.58936,887.16
2025.08.31 22:00:00,0.58935,0.58989,0.58934,0.58943,857.41
2025.08.31 23:00:00,0.58945,0.58965,0.58923,0.58957,707.83
2025.09.01 00:00:00,0.58958,0.59063,0.58956,0.59063,1234.5
2025.09.01 01:00:00,0.59064,0.59064,0.58957,0.59048,2309.1
2025.09.01 02:00:00,0.59047,0.59135,0.5903,0.59078,2419.72
2025.09.01 03:00:00,0.59078,0.59083,0.59036,0.59056,1442.62
2025.09.01 04:00:00,0.59057,0.59061,0.5899,0.59001,1250.75
2025.09.01 05:00:00,0.59,0.59034,0.58993,0.59008,1245.3
2025.09.01 06:00:00,0.59006,0.59024,0.58946,0.58967,1902.07
2025.09.01 07:00:00,0.58969,0.59018,0.58894,0.59012,2481.3
2025.09.01 08:00:00,0.59011,0.5914,0.59009,0.59132,2724.15
2025.09.01 09:00:00,0.59132,0.59137,0.59066,0.591,1925.25
2025.09.01 10:00:00,0.591,0.59119,0.59052,0.59065,1294.05
2025.09.01 11:00:00,0.59064,0.59082,0.59027,0.59048,1222.35
2025.09.01 12:00:00,0.59045,0.5905,0.58982,0.59002,2059.35
2025.09.01 13:00:00,0.59003,0.59021,0.58961,0.58987,1821.45
2025.09.01 14:00:00,0.58986,0.59041,0.58973,0.59041,2992.12
2025.09.01 15:00:00,0.59038,0.59038,0.58993,0.59001,2206.94
2025.09.01 16:00:00,0.59001,0.59023,0.58963,0.59008,1326.31
2025.09.01 17:00:00,0.59006,0.59008,0.58978,0.58993,553.05
2025.09.01 18:00:00,0.58991,0.59007,0.58985,0.58998,625.2
2025.09.01 19:00:00,0.58999,0.5904,0.58998,0.59038,816.14
2025.09.01 20:00:00,0.59037,0.59039,0.58982,0.58982,751.68
2025.09.01 21:00:00,0.58982,0.59006,0.58904,0.58993,1714.88
2025.09.01 22:00:00,0.59003,0.59032,0.58992,0.59025,1136.62
2025.09.01 23:00:00,0.59026,0.59064,0.59013,0.59043,549.15
2025.09.02 00:00:00,0.59044,0.59075,0.59002,0.59028,2154.88
2025.09.02 01:00:00,0.59026,0.59026,0.5893,0.58944,2507.68
2025.09.02 02:00:00,0.58942,0.58945,0.58883,0.58928,1951.35
2025.09.02 03:00:00,0.58928,0.58936,0.58849,0.58868,1111.5
2025.09.02 04:00:00,0.5887,0.58877,0.58807,0.5884,1163.1
2025.09.02 05:00:00,0.58841,0.58869,0.58819,0.58824,1354.8
2025.09.02 06:00:00,0.58829,0.58885,0.58825,0.58859,1589.47
2025.09.02 07:00:00,0.58859,0.58884,0.58489,0.58517,10613.89
2025.09.02 08:00:00,0.58518,0.58646,0.58488,0.58572,18450.6
2025.09.02 09:00:00,0.58571,0.58584,0.5848,0.58565,5135.17
2025.09.02 10:00:00,0.58565,0.58584,0.58521,0.58553,4338.6
2025.09.02 11:00:00,0.58553,0.58583,0.58485,0.58544,3570.57
2025.09.02 12:00:00,0.58544,0.58589,0.58375,0.58403,8918.52
2025.09.02 13:00:00,0.58405,0.58589,0.58384,0.58561,8405.31
2025.09.02 14:00:00,0.58566,0.58701,0.58562,0.58672,7588.56
2025.09.02 15:00:00,0.58672,0.5868,0.58566,0.5862,4539.45
2025.09.02 16:00:00,0.58618,0.58667,0.58592,0.58649,3016.57
2025.09.02 17:00:00,0.58651,0.58671,0.58607,0.58608,1901.1
2025.09.02 18:00:00,0.58607,0.58624,0.58564,0.58583,1864.57
2025.09.02 19:00:00,0.58581,0.58644,0.58581,0.5864,1606.26
2025.09.02 20:00:00,0.58641,0.58663,0.5863,0.5865,795.45
2025.09.02 21:00:00,0.58642,0.58642,0.58514,0.58623,1127.04
2025.09.02 22:00:00,0.58616,0.5866,0.58612,0.58623,1169.1
2025.09.02 23:00:00,0.58623,0.58643,0.58601,0.58608,973.77
2025.09.03 00:00:00,0.58605,0.58616,0.58531,0.58565,3305.17
2025.09.03 01:00:00,0.58563,0.58616,0.58544,0.58582,3635.31
2025.09.03 02:00:00,0.58582,0.58632,0.58539,0.58564,2854.5
2025.09.03 03:00:00,0.58562,0.58605,0.58561,0.58581,2564.25
2025.09.03 04:00:00,0.5858,0.58622,0.58573,0.58608,1846.87
2025.09.03 05:00:00,0.58609,0.58616,0.58492,0.58524,2711.77
2025.09.03 06:00:00,0.58526,0.58573,0.58513,0.58528,3603.9
2025.09.03 07:00:00,0.58529,0.58585,0.58409,0.58572,6950.4
2025.09.03 08:00:00,0.58571,0.5867,0.58569,0.58622,6514.95
2025.09.03 09:00:00,0.5862,0.58657,0.58581,0.58634,3379.05
2025.09.03 10:00:00,0.58632,0.58661,0.58557,0.58602,2230.35
2025.09.03 11:00:00,0.586,0.5866,0.5859,0.58647,1878.6
2025.09.03 12:00:00,0.58647,0.58693,0.58591,0.58671,2967.21
2025.09.03 13:00:00,0.58673,0.58701,0.58611,0.58641,4408.56
2025.09.03 14:00:00,0.5864,0.58811,0.5864,0.58748,9163.87
2025.09.03 15:00:00,0.58747,0.58816,0.58732,0.58791,5692.57
2025.09.03 16:00:00,0.58791,0.58804,0.58757,0.58795,2731.35
2025.09.03 17:00:00,0.58797,0.58833,0.58745,0.58759,2609.7
2025.09.03 18:00:00,0.58757,0.58797,0.58743,0.58751,2101.12
2025.09.03 19:00:00,0.58751,0.58756,0.58732,0.5874,1660.57
2025.09.03 20:00:00,0.58741,0.58804,0.58737,0.58776,1159.28
2025.09.03 21:00:00,0.58773,0.58775,0.58681,0.58772,2085.94
2025.09.03 22:00:00,0.58774,0.58779,0.5876,0.58766,880.05
2025.09.03 23:00:00,0.58767,0.58803,0.58762,0.58803,510.9
2025.09.04 00:00:00,0.58805,0.58839,0.58786,0.58828,2308.27
2025.09.04 01:00:00,0.58829,0.58897,0.58789,0.58807,3858.75
2025.09.04 02:00:00,0.58808,0.58812,0.58745,0.5876,2250.67
2025.09.04 03:00:00,0.58761,0.58768,0.58719,0.58729,1306.05
2025.09.04 04:00:00,0.58728,0.58749,0.5868,0.58682,1268.7
2025.09.04 05:00:00,0.58681,0.58681,0.58643,0.58666,1839.72
2025.09.04 06:00:00,0.58669,0.58691,0.58652,0.58665,2352.3
2025.09.04 07:00:00,0.58662,0.58684,0.58613,0.58642,4290
2025.09.04 08:00:00,0.58642,0.58685,0.58634,0.58683,2053.35
2025.09.04 09:00:00,0.58686,0.58692,0.58571,0.58589,2422.35
2025.09.04 10:00:00,0.5859,0.58633,0.58576,0.58591,2232.75
2025.09.04 11:00:00,0.58589,0.58591,0.58538,0.58556,1552.2
2025.09.04 12:00:00,0.58558,0.58645,0.58452,0.58556,6182.61
2025.09.04 13:00:00,0.58556,0.58586,0.58507,0.58522,9326.4
2025.09.04 14:00:00,0.58522,0.58523,0.58325,0.58355,5715.57
2025.09.04 15:00:00,0.58356,0.58379,0.58327,0.58361,2632.35
2025.09.04 16:00:00,0.58361,0.58391,0.58324,0.58357,1921.72
2025.09.04 17:00:00,0.58356,0.58388,0.58354,0.58359,1340.4
2025.09.04 18:00:00,0.5836,0.58417,0.58357,0.58387,1145.25
2025.09.04 19:00:00,0.58387,0.58454,0.58386,0.58451,1039.5
2025.09.04 20:00:00,0.58452,0.58468,0.58428,0.58431,654.45
2025.09.04 21:00:00,0.58427,0.58459,0.58338,0.58457,996
2025.09.04 22:00:00,0.58457,0.58478,0.58452,0.58466,1255.17
2025.09.04 23:00:00,0.58467,0.58505,0.58458,0.58503,809.55
2025.09.05 00:00:00,0.58504,0.58565,0.58495,0.58563,1725.75
2025.09.05 01:00:00,0.58566,0.58643,0.58556,0.58635,1380.3
2025.09.05 02:00:00,0.58635,0.58646,0.58599,0.58614,1084.44
2025.09.05 03:00:00,0.58611,0.58642,0.58589,0.58638,1098.9
2025.09.05 04:00:00,0.5864,0.5864,0.58584,0.5859,721.8
2025.09.05 05:00:00,0.58591,0.5867,0.58587,0.5865,1348.35
2025.09.05 06:00:00,0.58652,0.58696,0.58624,0.58657,2160.15
2025.09.05 07:00:00,0.58658,0.58766,0.5865,0.58763,1723.5
2025.09.05 08:00:00,0.58761,0.58794,0.58749,0.58767,1270.65
2025.09.05 09:00:00,0.58766,0.58785,0.58738,0.58761,1233.13
2025.09.05 10:00:00,0.58762,0.58777,0.58745,0.58745,1200.97
2025.09.05 11:00:00,0.58745,0.58764,0.58715,0.58724,1264.19
2025.09.05 12:00:00,0.58725,0.59077,0.58718,0.59012,10515.15
2025.09.05 13:00:00,0.5901,0.59175,0.58978,0.59162,8325.22
2025.09.05 14:00:00,0.59163,0.59164,0.58914,0.58941,7966.77
2025.09.05 15:00:00,0.58943,0.59087,0.58934,0.59075,4856.85
2025.09.05 16:00:00,0.59074,0.5909,0.58991,0.59002,3820.08
2025.09.05 17:00:00,0.59002,0.59003,0.58914,0.58922,3113.92
2025.09.05 18:00:00,0.58924,0.5893,0.58871,0.5889,1396.08
2025.09.05 19:00:00,0.58891,0.58913,0.58868,0.58889,1585.09
2025.09.05 20:00:00,0.58889,0.58945,0.58882,0.58908,2972.7
2025.09.07 21:00:00,0.58904,0.58918,0.58787,0.58902,525.34
2025.09.07 22:00:00,0.589,0.58927,0.58823,0.58826,1341.15
2025.09.07 23:00:00,0.58827,0.58889,0.58823,0.58877,1781.39
2025.09.08 00:00:00,0.58877,0.58911,0.58818,0.58902,2407.77
2025.09.08 01:00:00,0.58904,0.59001,0.5887,0.58985,2682.3
2025.09.08 02:00:00,0.58986,0.59008,0.58944,0.5898,2560.95
2025.09.08 03:00:00,0.58979,0.5904,0.58967,0.58989,2114.17
2025.09.08 04:00:00,0.58987,0.59013,0.58948,0.59013,1242
2025.09.08 05:00:00,0.59008,0.5905,0.59002,0.59028,1300.65
2025.09.08 06:00:00,0.59034,0.59153,0.59032,0.59153,2331.82
2025.09.08 07:00:00,0.59152,0.59273,0.59146,0.59258,2756.45
2025.09.08 08:00:00,0.59256,0.59306,0.59218,0.5923,2533.33
2025.09.08 09:00:00,0.5923,0.59255,0.59181,0.59226,2411.7
2025.09.08 10:00:00,0.59225,0.59317,0.59209,0.59304,2206.5
2025.09.08 11:00:00,0.593,0.5938,0.59295,0.59367,1267.95
2025.09.08 12:00:00,0.59368,0.59411,0.59312,0.59398,2049.75
2025.09.08 13:00:00,0.59396,0.59452,0.59381,0.5939,2851.65
2025.09.08 14:00:00,0.5939,0.59408,0.59321,0.59347,3181.93
2025.09.08 15:00:00,0.59346,0.59397,0.59341,0.59389,3087.07
2025.09.08 16:00:00,0.59389,0.59397,0.59293,0.59324,2674.8
2025.09.08 17:00:00,0.59323,0.59324,0.59285,0.59305,2040.4
2025.09.08 18:00:00,0.59306,0.59413,0.59306,0.59402,1518.15
2025.09.08 19:00:00,0.594,0.59423,0.59391,0.59407,1250.43
2025.09.08 20:00:00,0.59406,0.59412,0.59385,0.59393,859.35
2025.09.08 21:00:00,0.5939,0.59392,0.5931,0.5938,1516.07
2025.09.08 22:00:00,0.59377,0.59413,0.59377,0.594,818.96
2025.09.08 23:00:00,0.59401,0.59445,0.594,0.59444,878.39
2025.09.09 00:00:00,0.59444,0.59488,0.59425,0.59444,1840.2
2025.09.09 01:00:00,0.59445,0.59459,0.59369,0.59456,1983.67
2025.09.09 02:00:00,0.59455,0.59488,0.59435,0.59455,1546.04
2025.09.09 03:00:00,0.59454,0.59456,0.594,0.59433,1042.65
2025.09.09 04:00:00,0.59433,0.59506,0.59421,0.59491,972.3
2025.09.09 05:00:00,0.5949,0.59556,0.59482,0.59546,2037.75
2025.09.09 06:00:00,0.59547,0.59561,0.59443,0.59463,2478.15
2025.09.09 07:00:00,0.59464,0.59512,0.59397,0.59447,4243.11
2025.09.09 08:00:00,0.59447,0.59507,0.59416,0.59505,4898.29
2025.09.09 09:00:00,0.59505,0.59581,0.59505,0.59567,1686
2025.09.09 10:00:00,0.59568,0.59592,0.5954,0.59545,1554.01
2025.09.09 11:00:00,0.59546,0.59547,0.59485,0.5949,1188.15
2025.09.09 12:00:00,0.59489,0.595,0.59392,0.59418,2895.52
2025.09.09 13:00:00,0.59417,0.59508,0.59382,0.59449,3236.17
2025.09.09 14:00:00,0.5945,0.5957,0.59333,0.59336,9058.38
2025.09.09 15:00:00,0.59337,0.59341,0.59251,0.59293,4616.21
2025.09.09 16:00:00,0.59293,0.59342,0.59267,0.59296,2423.39
2025.09.09 17:00:00,0.59296,0.59307,0.59247,0.59253,2331.75
2025.09.09 18:00:00,0.59254,0.5927,0.59224,0.59238,1162.8
2025.09.09 19:00:00,0.59237,0.59252,0.59225,0.59238,1223.1
2025.09.09 20:00:00,0.59239,0.59263,0.59232,0.5925,1167.9
2025.09.09 21:00:00,0.59246,0.59302,0.59217,0.59246,1582.15
2025.09.09 22:00:00,0.59244,0.59289,0.59238,0.59271,834.59
2025.09.09 23:00:00,0.59271,0.59275,0.59217,0.5926,945.9
2025.09.10 00:00:00,0.5926,0.5929,0.5923,0.59266,1671.15
2025.09.10 01:00:00,0.59266,0.59286,0.59208,0.59269,4427.7
2025.09.10 02:00:00,0.59269,0.59353,0.5925,0.59351,1761.3
2025.09.10 03:00:00,0.59352,0.59423,0.59348,0.5941,1509.9
2025.09.10 04:00:00,0.5941,0.59487,0.59404,0.59485,1118.1
2025.09.10 05:00:00,0.59484,0.59496,0.59425,0.59444,1533.45
2025.09.10 06:00:00,0.59448,0.59512,0.59378,0.59395,3823.9
2025.09.10 07:00:00,0.59394,0.59463,0.59336,0.59423,4049.99
2025.09.10 08:00:00,0.59424,0.59427,0.59329,0.59386,2122.2
2025.09.10 09:00:00,0.59386,0.59498,0.59381,0.59476,1835.25
2025.09.10 10:00:00,0.59475,0.59475,0.59375,0.59388,1656.57
2025.09.10 11:00:00,0.59388,0.59424,0.59355,0.59412,1433.1
2025.09.10 12:00:00,0.59412,0.59572,0.59369,0.59437,7504.74
2025.09.10 13:00:00,0.59437,0.59563,0.59397,0.59553,6078.44
2025.09.10 14:00:00,0.59556,0.59635,0.59551,0.59589,4559.06
2025.09.10 15:00:00,0.5959,0.59604,0.59514,0.59533,3047.85
2025.09.10 16:00:00,0.59533,0.59537,0.59452,0.59464,2538.45
2025.09.10 17:00:00,0.59464,0.59505,0.59457,0.59488,2200.5
2025.09.10 18:00:00,0.59488,0.59517,0.59449,0.5946,1460.25
2025.09.10 19:00:00,0.5946,0.59473,0.59398,0.59436,1922.79
2025.09.10 20:00:00,0.59436,0.59445,0.59362,0.59362,1219.38
2025.09.10 21:00:00,0.59362,0.59397,0.5928,0.59358,3244.46
2025.09.10 22:00:00,0.59368,0.59444,0.59368,0.59442,1407.34
2025.09.10 23:00:00,0.59441,0.59468,0.59399,0.59424,933.6
2025.09.11 00:00:00,0.5942,0.59433,0.59355,0.5936,1415.85
2025.09.11 01:00:00,0.59359,0.59459,0.59332,0.59432,1738.49
2025.09.11 02:00:00,0.59431,0.59438,0.59341,0.59352,1151.91
2025.09.11 03:00:00,0.59351,0.59392,0.59343,0.59385,899.85
2025.09.11 04:00:00,0.59383,0.59388,0.59342,0.59369,849
2025.09.11 05:00:00,0.5937,0.59371,0.59311,0.59317,1329.45
2025.09.11 06:00:00,0.59318,0.59355,0.59289,0.59332,3800.75
2025.09.11 07:00:00,0.59334,0.59353,0.5928,0.59314,4511.24
2025.09.11 08:00:00,0.59314,0.59337,0.59261,0.59275,3080.13
2025.09.11 09:00:00,0.59276,0.59289,0.5922,0.59283,2298.43
2025.09.11 10:00:00,0.59283,0.5931,0.59261,0.59272,1839.67
2025.09.11 11:00:00,0.59271,0.59317,0.59236,0.59254,1727.92
2025.09.11 12:00:00,0.59253,0.59454,0.59133,0.59433,8100.15
2025.09.11 13:00:00,0.59435,0.59541,0.59383,0.5953,8141.88
2025.09.11 14:00:00,0.59529,0.59636,0.59511,0.59618,5021.83
2025.09.11 15:00:00,0.59618,0.59716,0.59588,0.59709,2355.6
2025.09.11 16:00:00,0.59709,0.59751,0.59698,0.59719,1712.44
2025.09.11 17:00:00,0.59718,0.59736,0.59696,0.59712,2455.8
2025.09.11 18:00:00,0.59713,0.59747,0.59707,0.59731,1322.25
2025.09.11 19:00:00,0.59729,0.5977,0.59722,0.59755,1631.13
2025.09.11 20:00:00,0.59756,0.59793,0.5974,0.5974,2872.15
2025.09.11 21:00:00,0.5974,0.5974,0.59641,0.59731,2781.81
2025.09.11 22:00:00,0.59727,0.59767,0.59727,0.59759,1040.97
2025.09.11 23:00:00,0.59758,0.59782,0.59757,0.59767,763.95
2025.09.12 00:00:00,0.59764,0.59777,0.59692,0.59762,1935.52
2025.09.12 01:00:00,0.59765,0.5977,0.59688,0.59699,2382.67
2025.09.12 02:00:00,0.597,0.59718,0.59686,0.59711,1324.5
2025.09.12 03:00:00,0.59712,0.59728,0.59684,0.59702,1140.9
2025.09.12 04:00:00,0.59699,0.59715,0.59659,0.59678,875.55
2025.09.12 05:00:00,0.5968,0.59699,0.59668,0.59678,1452
2025.09.12 06:00:00,0.59679,0.5968,0.5961,0.59664,1647.15
2025.09.12 07:00:00,0.59667,0.5974,0.59662,0.59686,3383.25
2025.09.12 08:00:00,0.59684,0.59685,0.59496,0.59513,3970.72
2025.09.12 09:00:00,0.59512,0.59561,0.595,0.59546,1942.04
2025.09.12 10:00:00,0.59548,0.59586,0.59539,0.59539,2007.6
2025.09.12 11:00:00,0.59539,0.59561,0.59489,0.59505,1851.6
2025.09.12 12:00:00,0.59505,0.59515,0.59397,0.59456,2993.25
2025.09.12 13:00:00,0.59454,0.59528,0.5944,0.59516,2721
2025.09.12 14:00:00,0.59513,0.59583,0.5948,0.59529,3716.87
2025.09.12 15:00:00,0.59528,0.59538,0.59451,0.5946,2190.48
2025.09.12 16:00:00,0.59459,0.59545,0.59435,0.5952,1089.82
2025.09.12 17:00:00,0.59518,0.5958,0.59516,0.59557,1200.9
2025.09.12 18:00:00,0.59558,0.59605,0.59548,0.59605,665.4
2025.09.12 19:00:00,0.59603,0.59608,0.59555,0.59568,976.5
2025.09.12 20:00:00,0.59567,0.59567,0.59518,0.59518,2629.12
2025.09.14 21:00:00,0.59379,0.59544,0.59378,0.59518,3016.75
2025.09.14 22:00:00,0.5952,0.59559,0.59505,0.59529,753.45
2025.09.14 23:00:00,0.59532,0.59537,0.59509,0.59534,963.3
2025.09.15 00:00:00,0.59536,0.59565,0.59493,0.59538,1684.95
2025.09.15 01:00:00,0.59539,0.59616,0.59524,0.5961,2281.33
2025.09.15 02:00:00,0.59608,0.59616,0.59561,0.59565,1557.75
2025.09.15 03:00:00,0.59569,0.59655,0.59566,0.59623,2470.21
2025.09.15 04:00:00,0.59623,0.59658,0.59603,0.5963,1914.27
2025.09.15 05:00:00,0.5963,0.59634,0.5957,0.59579,1027.44
2025.09.15 06:00:00,0.59581,0.596,0.595,0.59563,2223.21
2025.09.15 07:00:00,0.5956,0.59643,0.59538,0.59623,2792.01
2025.09.15 08:00:00,0.59623,0.59637,0.59572,0.59592,1851
2025.09.15 09:00:00,0.59594,0.59634,0.59549,0.59552,1857.6
2025.09.15 10:00:00,0.59553,0.59617,0.59541,0.5957,1427.54
2025.09.15 11:00:00,0.5957,0.59619,0.59567,0.5961,1207.35
2025.09.15 12:00:00,0.59612,0.5968,0.59612,0.59655,2371.8
2025.09.15 13:00:00,0.59654,0.59665,0.59587,0.59597,3029.47
2025.09.15 14:00:00,0.59598,0.59623,0.59562,0.59603,2970.07
2025.09.15 15:00:00,0.59602,0.59716,0.59592,0.59702,1952.4
2025.09.15 16:00:00,0.597,0.59713,0.59634,0.59645,1480.65
2025.09.15 17:00:00,0.59645,0.59742,0.59633,0.59734,1844.1
2025.09.15 18:00:00,0.59735,0.59743,0.59709,0.59712,1204.5
2025.09.15 19:00:00,0.59711,0.59719,0.59691,0.59698,1635
2025.09.15 20:00:00,0.59698,0.59711,0.59679,0.59698,703.35
2025.09.15 21:00:00,0.59697,0.597,0.59533,0.59682,2052.1
2025.09.15 22:00:00,0.59687,0.59706,0.59674,0.59678,1462.39
2025.09.15 23:00:00,0.59679,0.59688,0.59666,0.59673,864.75
2025.09.16 00:00:00,0.59671,0.59715,0.59597,0.59618,1510.73
2025.09.16 01:00:00,0.59619,0.59639,0.59585,0.59626,2207
2025.09.16 02:00:00,0.59626,0.5965,0.59551,0.5961,2201.59
2025.09.16 03:00:00,0.59611,0.59702,0.59588,0.59664,1829.07
2025.09.16 04:00:00,0.59665,0.59668,0.59594,0.59619,1468.95
2025.09.16 05:00:00,0.5962,0.59701,0.59604,0.59693,1718.64
2025.09.16 06:00:00,0.59694,0.59749,0.59677,0.59707,2325
2025.09.16 07:00:00,0.59705,0.59805,0.59704,0.59712,2628.92
2025.09.16 08:00:00,0.59709,0.59746,0.59654,0.59668,2274.44
2025.09.16 09:00:00,0.59668,0.59754,0.59665,0.59722,2187.75
2025.09.16 10:00:00,0.59723,0.59745,0.59679,0.59713,1855.35
2025.09.16 11:00:00,0.59714,0.59802,0.59691,0.59767,2018.85
2025.09.16 12:00:00,0.5977,0.59784,0.59655,0.59709,3691.64
2025.09.16 13:00:00,0.5971,0.59819,0.59706,0.59749,4808.35
2025.09.16 14:00:00,0.59749,0.59831,0.59715,0.59799,5215.65
2025.09.16 15:00:00,0.59799,0.59801,0.59708,0.59783,2929.5
2025.09.16 16:00:00,0.59783,0.59871,0.59776,0.59854,1735.65
2025.09.16 17:00:00,0.59852,0.59896,0.59837,0.59878,1535.25
2025.09.16 18:00:00,0.59877,0.59905,0.59862,0.5988,900.51
2025.09.16 19:00:00,0.59878,0.59887,0.59845,0.59849,1573.67
2025.09.16 20:00:00,0.59847,0.599,0.59846,0.59855,1363.35
2025.09.16 21:00:00,0.59851,0.59869,0.59671,0.59866,2877.75
2025.09.16 22:00:00,0.59865,0.59891,0.59858,0.59877,1160.24
2025.09.16 23:00:00,0.59876,0.599,0.59867,0.5988,1230.46
2025.09.17 00:00:00,0.59883,0.59895,0.59802,0.59814,1880.7
2025.09.17 01:00:00,0.59818,0.59828,0.59754,0.59786,2573.01
2025.09.17 02:00:00,0.59785,0.59798,0.59743,0.59793,1923.28
2025.09.17 03:00:00,0.59791,0.59807,0.59759,0.59766,1506.6
2025.09.17 04:00:00,0.59767,0.59791,0.59756,0.59778,1117.05
2025.09.17 05:00:00,0.59779,0.59809,0.59751,0.59763,1160.49
2025.09.17 06:00:00,0.59764,0.59767,0.59677,0.59707,2286.75
2025.09.17 07:00:00,0.59705,0.59723,0.59667,0.59705,1945.35
2025.09.17 08:00:00,0.59704,0.59753,0.59675,0.59724,1560.54
2025.09.17 09:00:00,0.59725,0.59777,0.59703,0.59754,1237.95
2025.09.17 10:00:00,0.59753,0.59775,0.59701,0.59736,1283.25
2025.09.17 11:00:00,0.59736,0.59838,0.59733,0.59798,1784.39
2025.09.17 12:00:00,0.59798,0.5986,0.59788,0.59853,3319.6
2025.09.17 13:00:00,0.59853,0.5986,0.59804,0.5983,3856.5
2025.09.17 14:00:00,0.59832,0.59853,0.59726,0.59729,3757.2
2025.09.17 15:00:00,0.59728,0.59734,0.59682,0.59698,1944.49
2025.09.17 16:00:00,0.59697,0.59735,0.59674,0.59687,1333.05
2025.09.17 17:00:00,0.5969,0.59749,0.59675,0.59724,1026.45
2025.09.17 18:00:00,0.59725,0.6007,0.59475,0.59597,20748.84
2025.09.17 19:00:00,0.59597,0.59799,0.59575,0.59681,10961.74
2025.09.17 20:00:00,0.59682,0.59691,0.596,0.59622,3258.04
2025.09.17 21:00:00,0.59474,0.59632,0.59454,0.59625,1206.3
2025.09.17 22:00:00,0.5963,0.59644,0.59396,0.59486,2798.42
2025.09.17 23:00:00,0.59487,0.5949,0.59317,0.59335,3074.09
2025.09.18 00:00:00,0.59336,0.5935,0.59206,0.59207,3869.32
2025.09.18 01:00:00,0.59207,0.59284,0.59106,0.59201,7474.31
2025.09.18 02:00:00,0.59203,0.59337,0.59194,0.593,3099.97
2025.09.18 03:00:00,0.593,0.59328,0.59246,0.59253,2358.64
2025.09.18 04:00:00,0.59255,0.59265,0.59103,0.59116,2812.71
2025.09.18 05:00:00,0.59115,0.59141,0.59048,0.59068,3399.42
2025.09.18 06:00:00,0.5907,0.59075,0.5895,0.58952,4265.88
2025.09.18 07:00:00,0.58953,0.59163,0.58935,0.59104,3773.25
2025.09.18 08:00:00,0.59103,0.59105,0.58923,0.58925,3454.42
2025.09.18 09:00:00,0.58923,0.59104,0.58913,0.59063,4008.75
2025.09.18 10:00:00,0.59062,0.59068,0.58988,0.59048,4444.05
2025.09.18 11:00:00,0.59047,0.59091,0.59005,0.59052,2780.93
2025.09.18 12:00:00,0.59051,0.59054,0.58914,0.58915,5014.35
2025.09.18 13:00:00,0.58915,0.5892,0.58718,0.58815,23352.39
2025.09.18 14:00:00,0.58816,0.58882,0.58739,0.58818,18447.24
2025.09.18 15:00:00,0.58819,0.58865,0.58731,0.5876,5930.76
2025.09.18 16:00:00,0.58757,0.5882,0.58745,0.58813,2392.59
2025.09.18 17:00:00,0.58812,0.58863,0.58803,0.5882,2100.24
2025.09.18 18:00:00,0.58818,0.58835,0.58794,0.58819,1797.21
2025.09.18 19:00:00,0.58819,0.58843,0.58807,0.58815,1393.29
2025.09.18 20:00:00,0.58812,0.58838,0.58793,0.58808,1239.82
2025.09.18 21:00:00,0.58799,0.58834,0.58711,0.5883,1427.51
2025.09.18 22:00:00,0.58832,0.58848,0.58814,0.58829,1359.51
2025.09.18 23:00:00,0.58827,0.58911,0.58826,0.5889,972.72
2025.09.19 00:00:00,0.58893,0.58913,0.58792,0.58842,2863.94
2025.09.19 01:00:00,0.58845,0.58855,0.58742,0.58758,2490.35
2025.09.19 02:00:00,0.58757,0.58841,0.58746,0.58807,1929.97
2025.09.19 03:00:00,0.58806,0.5886,0.5877,0.58796,3917.54
2025.09.19 04:00:00,0.58797,0.58828,0.58676,0.58706,2163.03
2025.09.19 05:00:00,0.58706,0.58732,0.58665,0.58689,1789.77
2025.09.19 06:00:00,0.58688,0.58688,0.5854,0.58616,5552.87
2025.09.19 07:00:00,0.58618,0.58799,0.58608,0.58711,4563.63
2025.09.19 08:00:00,0.58711,0.58766,0.5866,0.58763,3459.03
2025.09.19 09:00:00,0.58765,0.58796,0.58739,0.58751,2703.66
2025.09.19 10:00:00,0.58751,0.58799,0.58733,0.58744,1657.35
2025.09.19 11:00:00,0.58746,0.58752,0.58602,0.5861,2583.17
2025.09.19 12:00:00,0.5861,0.58631,0.5855,0.5858,3718.79
2025.09.19 13:00:00,0.58578,0.58672,0.58574,0.58599,3708.79
2025.09.19 14:00:00,0.58598,0.5863,0.58559,0.5861,5016.09
2025.09.19 15:00:00,0.58609,0.58614,0.58534,0.5857,3044.04
2025.09.19 16:00:00,0.58569,0.58585,0.58549,0.58584,2229.9
2025.09.19 17:00:00,0.58584,0.58595,0.58565,0.58572,878.64
2025.09.19 18:00:00,0.58573,0.58576,0.58551,0.58571,630.85
2025.09.19 19:00:00,0.5857,0.58593,0.58566,0.58572,968.96
2025.09.19 20:00:00,0.58572,0.58574,0.58533,0.58539,1659.36
2025.09.21 21:00:00,0.58544,0.58632,0.58534,0.58564,1037.7
2025.09.21 22:00:00,0.58564,0.58601,0.58557,0.58565,1034.91
2025.09.21 23:00:00,0.58564,0.58567,0.58498,0.58499,612.71
2025.09.22 00:00:00,0.58498,0.58576,0.58464,0.58492,2182.78
2025.09.22 01:00:00,0.58492,0.58538,0.58466,0.58521,4868.56
2025.09.22 02:00:00,0.58522,0.58572,0.58477,0.58561,2400.66
2025.09.22 03:00:00,0.58559,0.58622,0.58559,0.58599,1549.92
2025.09.22 04:00:00,0.58598,0.58609,0.58559,0.58591,928.35
2025.09.22 05:00:00,0.58589,0.58596,0.58551,0.58561,1663.1
2025.09.22 06:00:00,0.5856,0.58586,0.5851,0.58512,2438.8
2025.09.22 07:00:00,0.58514,0.58521,0.58423,0.58445,3286.08
2025.09.22 08:00:00,0.58444,0.5859,0.5844,0.58587,4446.66
2025.09.22 09:00:00,0.58586,0.58618,0.58569,0.58602,4204.05
2025.09.22 10:00:00,0.58601,0.58632,0.58574,0.58578,2247.72
2025.09.22 11:00:00,0.58577,0.58624,0.58572,0.58614,1321.25
2025.09.22 12:00:00,0.58617,0.58656,0.58557,0.58621,3155.03
2025.09.22 13:00:00,0.58622,0.5865,0.58519,0.586,3899.41
2025.09.22 14:00:00,0.58598,0.58602,0.58509,0.58591,2845.98
2025.09.22 15:00:00,0.58591,0.58627,0.58558,0.58609,2442.84
2025.09.22 16:00:00,0.58606,0.58659,0.58597,0.58631,1393.38
2025.09.22 17:00:00,0.58632,0.58683,0.58631,0.58679,1112.76
2025.09.22 18:00:00,0.58677,0.58694,0.58672,0.58691,749.22
2025.09.22 19:00:00,0.58687,0.5871,0.58686,0.58691,1263.99
2025.09.22 20:00:00,0.58692,0.58697,0.58641,0.58645,1393.91
2025.09.22 21:00:00,0.5864,0.58667,0.58453,0.58659,1473.69
2025.09.22 22:00:00,0.58657,0.58691,0.58657,0.58681,933.74
2025.09.22 23:00:00,0.58682,0.58688,0.58666,0.58682,458.99
2025.09.23 00:00:00,0.58685,0.58689,0.58621,0.58638,1197.95
2025.09.23 01:00:00,0.58637,0.58645,0.58557,0.58613,2062.27
2025.09.23 02:00:00,0.58612,0.5862,0.58489,0.58559,1689.36
2025.09.23 03:00:00,0.58559,0.5857,0.5851,0.58545,1233.45
2025.09.23 04:00:00,0.58546,0.58551,0.58474,0.58476,1177.38
2025.09.23 05:00:00,0.58475,0.58529,0.58449,0.58511,1828.58
2025.09.23 06:00:00,0.5851,0.58596,0.58478,0.58557,2302.89
2025.09.23 07:00:00,0.58558,0.5856,0.5845,0.58501,3290.42
2025.09.23 08:00:00,0.58499,0.5863,0.58496,0.5862,2237.83
2025.09.23 09:00:00,0.5862,0.58682,0.58601,0.58639,1927.38
2025.09.23 10:00:00,0.5864,0.58688,0.58619,0.58666,1799.37
2025.09.23 11:00:00,0.58663,0.58676,0.58623,0.58633,1423.36
2025.09.23 12:00:00,0.5863,0.58655,0.58595,0.58622,2742.43
2025.09.23 13:00:00,0.58623,0.58683,0.58515,0.5856,5093.8
2025.09.23 14:00:00,0.58561,0.58596,0.58519,0.58585,5114.91
2025.09.23 15:00:00,0.58585,0.58594,0.58531,0.58558,2258.76
2025.09.23 16:00:00,0.58558,0.58619,0.58515,0.58581,3388.56
2025.09.23 17:00:00,0.58583,0.58622,0.58553,0.58559,2965.14
2025.09.23 18:00:00,0.58557,0.58592,0.5853,0.5854,2163.15
2025.09.23 19:00:00,0.5854,0.58597,0.58535,0.5858,1374.87
2025.09.23 20:00:00,0.58581,0.58598,0.58535,0.58565,682.08
2025.09.23 21:00:00,0.58565,0.58586,0.58371,0.58586,702.69
2025.09.23 22:00:00,0.58586,0.58605,0.58559,0.58579,1167.06
2025.09.23 23:00:00,0.58578,0.58591,0.58551,0.58563,867.9
2025.09.24 00:00:00,0.58564,0.5857,0.58519,0.5855,1591.47
2025.09.24 01:00:00,0.58551,0.58622,0.58491,0.58593,3478.58
2025.09.24 02:00:00,0.58595,0.5866,0.58586,0.58606,3182.68
2025.09.24 03:00:00,0.58605,0.58628,0.5856,0.58568,1376.28
2025.09.24 04:00:00,0.58565,0.58611,0.58542,0.58593,1179.33
2025.09.24 05:00:00,0.58595,0.58614,0.58509,0.58566,1272.75
2025.09.24 06:00:00,0.58568,0.58597,0.5849,0.58495,2394.87
2025.09.24 07:00:00,0.58493,0.58574,0.58483,0.58537,2230.77
2025.09.24 08:00:00,0.58537,0.58552,0.58414,0.58465,2674.63
2025.09.24 09:00:00,0.58466,0.58486,0.58406,0.58433,2031.9
2025.09.24 10:00:00,0.58432,0.58433,0.58367,0.58385,1274.7
2025.09.24 11:00:00,0.58384,0.58386,0.58329,0.58334,2548.86
2025.09.24 12:00:00,0.58333,0.58414,0.5824,0.5828,5685.76
2025.09.24 13:00:00,0.5828,0.58282,0.58155,0.58188,8224.38
2025.09.24 14:00:00,0.58189,0.58189,0.58086,0.58169,7744.5
2025.09.24 15:00:00,0.5817,0.58182,0.58119,0.58128,2581.05
2025.09.24 16:00:00,0.58126,0.58134,0.5808,0.58099,2375.48
2025.09.24 17:00:00,0.58099,0.58153,0.58095,0.58126,1246.91
2025.09.24 18:00:00,0.58124,0.5813,0.5809,0.58098,1496.72
2025.09.24 19:00:00,0.58098,0.58137,0.58092,0.58132,1116.36
2025.09.24 20:00:00,0.5813,0.58143,0.58117,0.58141,1323.51
2025.09.24 21:00:00,0.58132,0.58168,0.58088,0.58148,1685.07
2025.09.24 22:00:00,0.58147,0.58161,0.58137,0.58154,1502.6
2025.09.24 23:00:00,0.58153,0.58172,0.58145,0.58147,776.85
2025.09.25 00:00:00,0.58146,0.58189,0.58118,0.58149,2366.06
2025.09.25 01:00:00,0.5815,0.58172,0.58071,0.58131,2058.19
2025.09.25 02:00:00,0.58133,0.58218,0.58133,0.58216,1876.5
2025.09.25 03:00:00,0.58214,0.58274,0.58196,0.5827,1538.76
2025.09.25 04:00:00,0.58271,0.58281,0.58223,0.58237,1208.21
2025.09.25 05:00:00,0.5824,0.58241,0.58175,0.58192,1542.82
2025.09.25 06:00:00,0.58194,0.58223,0.58157,0.58201,2241.69
2025.09.25 07:00:00,0.58201,0.58218,0.58157,0.58158,2768.02
2025.09.25 08:00:00,0.5816,0.58277,0.58146,0.58275,2703.76
2025.09.25 09:00:00,0.58275,0.58309,0.5822,0.58244,2665.41
2025.09.25 10:00:00,0.58241,0.5827,0.58168,0.58175,3144.48
2025.09.25 11:00:00,0.58174,0.58177,0.58102,0.58109,3818.27
2025.09.25 12:00:00,0.58108,0.58126,0.57901,0.57945,9544.24
2025.09.25 13:00:00,0.57945,0.5796,0.57714,0.57728,7684.59
2025.09.25 14:00:00,0.57728,0.57782,0.57691,0.57772,7840.57
2025.09.25 15:00:00,0.57772,0.57775,0.57698,0.57751,4976.52
2025.09.25 16:00:00,0.57752,0.5778,0.577,0.57708,2869.93
2025.09.25 17:00:00,0.57707,0.57712,0.57623,0.57638,3723.36
2025.09.25 18:00:00,0.57641,0.57648,0.57583,0.57624,4007.43
2025.09.25 19:00:00,0.57624,0.57657,0.57621,0.57637,2163.13
2025.09.25 20:00:00,0.57636,0.57681,0.57631,0.57665,1402.86
2025.09.25 21:00:00,0.57665,0.57691,0.57565,0.57642,1923.12
2025.09.25 22:00:00,0.57658,0.57693,0.57653,0.57658,2109.83
2025.09.25 23:00:00,0.57658,0.57659,0.57609,0.57624,1796.25
2025.09.26 00:00:00,0.57622,0.57655,0.57553,0.57647,2529.32
2025.09.26 01:00:00,0.57649,0.57673,0.576,0.57614,3514.89
2025.09.26 02:00:00,0.57614,0.57686,0.57612,0.57668,2468.17
2025.09.26 03:00:00,0.57666,0.5769,0.57663,0.57668,1262.5
2025.09.26 04:00:00,0.57668,0.57704,0.57637,0.57688,1570.51
2025.09.26 05:00:00,0.57689,0.57704,0.57661,0.57677,1857.81
2025.09.26 06:00:00,0.57677,0.57705,0.57639,0.5769,2638.62
2025.09.26 07:00:00,0.5769,0.577,0.57565,0.57609,4566.67
2025.09.26 08:00:00,0.57611,0.57675,0.57606,0.57645,2660.13
2025.09.26 09:00:00,0.57643,0.57652,0.57592,0.576,2018.47
2025.09.26 10:00:00,0.57601,0.57608,0.57538,0.57571,2274.02
2025.09.26 11:00:00,0.57571,0.57627,0.57561,0.57588,2582.26
2025.09.26 12:00:00,0.57586,0.57691,0.5758,0.5766,4715.27
2025.09.26 13:00:00,0.57661,0.57725,0.5761,0.57651,6130.72
2025.09.26 14:00:00,0.57652,0.57713,0.57632,0.57676,8322.11
2025.09.26 15:00:00,0.57676,0.57725,0.5765,0.57671,5115.96
2025.09.26 16:00:00,0.57671,0.57732,0.5765,0.57712,2654.68
2025.09.26 17:00:00,0.57711,0.57736,0.577,0.57718,1587.42
2025.09.26 18:00:00,0.57716,0.57751,0.57699,0.57739,2023.54
2025.09.26 19:00:00,0.57739,0.5775,0.57716,0.57747,1196.85
2025.09.26 20:00:00,0.57749,0.57756,0.57719,0.57727,1187.24
2025.09.28 21:00:00,0.57642,0.5779,0.5761,0.57759,486.8
2025.09.28 22:00:00,0.57759,0.57759,0.57722,0.57736,486.98
2025.09.28 23:00:00,0.57737,0.57774,0.57731,0.5777,566.51
2025.09.29 00:00:00,0.57768,0.57806,0.57755,0.57783,1735.48
2025.09.29 01:00:00,0.57781,0.57792,0.577,0.57755,2080.73
2025.09.29 02:00:00,0.57753,0.57859,0.57734,0.57848,1758.67
2025.09.29 03:00:00,0.57849,0.57858,0.57804,0.5784,1486.49
2025.09.29 04:00:00,0.57841,0.57915,0.57819,0.57905,1069.49
2025.09.29 05:00:00,0.57902,0.57921,0.57881,0.57901,1621.95
2025.09.29 06:00:00,0.579,0.57912,0.57854,0.57863,3022.88
2025.09.29 07:00:00,0.57862,0.57945,0.57842,0.57932,3120.67
2025.09.29 08:00:00,0.57933,0.57956,0.57875,0.57904,2456.88
2025.09.29 09:00:00,0.57905,0.57919,0.57849,0.57865,2619.4
2025.09.29 10:00:00,0.57867,0.57882,0.57823,0.57836,2414.49
2025.09.29 11:00:00,0.57836,0.57861,0.57796,0.57855,1977.29
2025.09.29 12:00:00,0.57856,0.57901,0.57804,0.57876,4964.87
2025.09.29 13:00:00,0.57879,0.57896,0.57798,0.57811,5673.65
2025.09.29 14:00:00,0.5781,0.57889,0.5779,0.57848,6548.24
2025.09.29 15:00:00,0.57849,0.57883,0.57826,0.57844,3528.44
2025.09.29 16:00:00,0.57845,0.5786,0.57801,0.57814,1644.58
2025.09.29 17:00:00,0.57816,0.57826,0.5778,0.5778,1508.9
2025.09.29 18:00:00,0.57779,0.5783,0.57779,0.57826,819.61
2025.09.29 19:00:00,0.57826,0.57828,0.57773,0.57785,1050.08
2025.09.29 20:00:00,0.57785,0.57795,0.57757,0.57764,688.79
2025.09.29 21:00:00,0.57765,0.57775,0.5764,0.57747,1489.72
2025.09.29 22:00:00,0.57745,0.57787,0.57723,0.57769,1254.16
2025.09.29 23:00:00,0.57769,0.57803,0.57769,0.57796,550.62
2025.09.30 00:00:00,0.57797,0.578,0.5773,0.57786,2041.59
2025.09.30 01:00:00,0.57788,0.57865,0.57784,0.57789,2669.6
2025.09.30 02:00:00,0.57789,0.57899,0.57756,0.57899,2367.04
2025.09.30 03:00:00,0.57898,0.5794,0.57853,0.5789,1684.66
2025.09.30 04:00:00,0.57891,0.57931,0.57842,0.57909,3836.46
2025.09.30 05:00:00,0.57908,0.57925,0.57838,0.57857,3037.65
2025.09.30 06:00:00,0.57861,0.58017,0.57857,0.57959,4143.98
2025.09.30 07:00:00,0.57958,0.58028,0.5788,0.57996,5407.42
2025.09.30 08:00:00,0.57997,0.58067,0.57985,0.57998,6025.73
2025.09.30 09:00:00,0.57999,0.58004,0.57923,0.57956,4030.1
2025.09.30 10:00:00,0.57955,0.57972,0.57925,0.57933,2745.22
2025.09.30 11:00:00,0.57934,0.57949,0.57891,0.57943,1567.73
2025.09.30 12:00:00,0.57945,0.57999,0.57936,0.57957,2450.04
2025.09.30 13:00:00,0.57958,0.58039,0.57879,0.58018,4329.54
2025.09.30 14:00:00,0.58015,0.58073,0.57988,0.58061,4878.16
2025.09.30 15:00:00,0.58061,0.58062,0.5795,0.57976,5069.31
2025.09.30 16:00:00,0.57976,0.58023,0.57949,0.58006,2530.98
2025.09.30 17:00:00,0.58006,0.58018,0.57974,0.57976,1739.33
2025.09.30 18:00:00,0.57974,0.5799,0.57932,0.57969,1468.38
2025.09.30 19:00:00,0.57968,0.57984,0.57956,0.57973,1045
2025.09.30 20:00:00,0.57975,0.57975,0.57918,0.57925,1299.05
2025.09.30 21:00:00,0.57916,0.5798,0.57884,0.5793,2835.25
2025.09.30 22:00:00,0.5793,0.57973,0.57929,0.57949,1449.18
2025.09.30 23:00:00,0.5795,0.57989,0.57943,0.5795,1065.32
2025.10.01 00:00:00,0.5795,0.5795,0.57895,0.57907,1806.95
2025.10.01 01:00:00,0.57908,0.57922,0.57857,0.57909,2391.18
2025.10.01 02:00:00,0.5791,0.57918,0.57858,0.57908,1731.7
2025.10.01 03:00:00,0.57909,0.57913,0.57861,0.57905,1566.68
2025.10.01 04:00:00,0.57905,0.58021,0.57904,0.58018,2257.65
2025.10.01 05:00:00,0.58019,0.58077,0.57985,0.58,2384.42
2025.10.01 06:00:00,0.58,0.58091,0.57991,0.58078,3832.32
2025.10.01 07:00:00,0.58077,0.58144,0.58041,0.58102,6052.69
2025.10.01 08:00:00,0.58102,0.58204,0.58102,0.58149,4135.29
2025.10.01 09:00:00,0.58148,0.58174,0.58097,0.58107,3889.21
2025.10.01 10:00:00,0.58106,0.58114,0.58027,0.58073,3308.91
2025.10.01 11:00:00,0.58073,0.58173,0.5807,0.58136,3626.92
2025.10.01 12:00:00,0.58138,0.5828,0.58058,0.58248,10479.3
2025.10.01 13:00:00,0.5825,0.58308,0.58194,0.58254,6213.53
2025.10.01 14:00:00,0.58253,0.58297,0.58133,0.58177,9164.96
2025.10.01 15:00:00,0.58177,0.58194,0.58076,0.58095,5248.93
2025.10.01 16:00:00,0.58094,0.58136,0.5808,0.58132,1809.71
2025.10.01 17:00:00,0.58135,0.58165,0.58111,0.58112,1291.27
2025.10.01 18:00:00,0.5811,0.58199,0.58109,0.58175,2044.41
2025.10.01 19:00:00,0.58174,0.58187,0.58145,0.5816,1012.69
2025.10.01 20:00:00,0.5816,0.58166,0.58122,0.58159,1015.06
2025.10.01 21:00:00,0.5816,0.58171,0.57877,0.58148,4221.4
2025.10.01 22:00:00,0.5815,0.58188,0.5815,0.58172,948.67
2025.10.01 23:00:00,0.58174,0.58212,0.5817,0.58206,1341.27
2025.10.02 00:00:00,0.58204,0.58206,0.58116,0.58149,3505.58
2025.10.02 01:00:00,0.5815,0.5834,0.58125,0.5834,2625.79
2025.10.02 02:00:00,0.58338,0.58354,0.58275,0.5829,1669.62
2025.10.02 03:00:00,0.58291,0.58295,0.58238,0.58269,1036.81
2025.10.02 04:00:00,0.5827,0.58299,0.5824,0.58295,951.32
2025.10.02 05:00:00,0.58295,0.58344,0.58293,0.58324,1928.5
2025.10.02 06:00:00,0.58327,0.58389,0.58321,0.58365,4743.23
2025.10.02 07:00:00,0.58364,0.58426,0.58356,0.58394,4031.22
2025.10.02 08:00:00,0.58394,0.58412,0.58358,0.58391,3759.16
2025.10.02 09:00:00,0.5839,0.584,0.58344,0.58357,2946.9
2025.10.02 10:00:00,0.58357,0.58359,0.58295,0.58315,3456.46
2025.10.02 11:00:00,0.58312,0.58317,0.5825,0.58262,2764.1
2025.10.02 12:00:00,0.58263,0.5829,0.58193,0.58214,3890.08
2025.10.02 13:00:00,0.58218,0.58261,0.58081,0.58106,6937.18
2025.10.02 14:00:00,0.58107,0.58146,0.5806,0.58081,6475.97
2025.10.02 15:00:00,0.58082,0.58112,0.58023,0.58108,5490.95
2025.10.02 16:00:00,0.58108,0.58189,0.58095,0.58187,1868.61
2025.10.02 17:00:00,0.58184,0.58199,0.58156,0.58172,1227.62
2025.10.02 18:00:00,0.5817,0.58205,0.58166,0.58201,1218.34
2025.10.02 19:00:00,0.58202,0.58215,0.58164,0.58171,759.91
2025.10.02 20:00:00,0.58171,0.58196,0.58151,0.58156,997.86
2025.10.02 21:00:00,0.58151,0.58179,0.57967,0.58179,1225.5
2025.10.02 22:00:00,0.58181,0.58193,0.58155,0.58161,1088.56
2025.10.02 23:00:00,0.5816,0.5819,0.58158,0.58188,446.31
2025.10.03 00:00:00,0.5819,0.58219,0.58161,0.58199,1206.93
2025.10.03 01:00:00,0.58201,0.58249,0.58153,0.58238,2007.55
2025.10.03 02:00:00,0.58239,0.58241,0.58171,0.58181,1052.42
2025.10.03 03:00:00,0.5818,0.5821,0.58175,0.58194,1143.68
2025.10.03 04:00:00,0.58194,0.58221,0.58135,0.58143,1124.35
2025.10.03 05:00:00,0.58143,0.58206,0.58134,0.58178,1648.29
2025.10.03 06:00:00,0.58179,0.58272,0.58175,0.58187,2090.59
2025.10.03 07:00:00,0.58187,0.58312,0.58187,0.583,2301.41
2025.10.03 08:00:00,0.583,0.58332,0.58292,0.58312,4564.9
2025.10.03 09:00:00,0.58311,0.58341,0.5825,0.58339,2839.92
2025.10.03 10:00:00,0.5834,0.58344,0.58304,0.58321,1888.3
2025.10.03 11:00:00,0.58322,0.5836,0.58292,0.58335,2146.7
2025.10.03 12:00:00,0.58336,0.58357,0.5829,0.58337,2917.84
2025.10.03 13:00:00,0.58338,0.58342,0.58246,0.58259,4000.33
2025.10.03 14:00:00,0.58258,0.58333,0.58242,0.58279,7332.7
2025.10.03 15:00:00,0.5828,0.5838,0.58258,0.58363,4001.02
2025.10.03 16:00:00,0.58363,0.58372,0.58321,0.58332,1528.09
2025.10.03 17:00:00,0.5833,0.58351,0.58262,0.58292,1901.58
2025.10.03 18:00:00,0.58293,0.58325,0.58254,0.5832,1285.39
2025.10.03 19:00:00,0.58318,0.58347,0.58315,0.58332,1279.18
2025.10.03 20:00:00,0.58332,0.58344,0.58297,0.58303,2735
2025.10.05 21:00:00,0.58151,0.58185,0.5805,0.58159,1167.63
2025.10.05 22:00:00,0.58153,0.58194,0.58143,0.5817,3596.13
2025.10.05 23:00:00,0.58171,0.58248,0.58151,0.58232,2522.71
2025.10.06 00:00:00,0.58232,0.58283,0.58208,0.5828,2238.59
2025.10.06 01:00:00,0.58281,0.58334,0.58234,0.58334,1726.31
2025.10.06 02:00:00,0.58331,0.58385,0.58314,0.58365,1239.41
2025.10.06 03:00:00,0.58364,0.58401,0.58339,0.58347,1236.6
2025.10.06 04:00:00,0.58346,0.58368,0.583,0.58301,1739.3
2025.10.06 05:00:00,0.58301,0.58322,0.58285,0.58305,1276.25
2025.10.06 06:00:00,0.58307,0.58346,0.5826,0.58341,3160.78
2025.10.06 07:00:00,0.5834,0.58393,0.58253,0.5827,5315.14
2025.10.06 08:00:00,0.58269,0.58292,0.58163,0.58202,3923.46
2025.10.06 09:00:00,0.582,0.58207,0.58109,0.58153,2495.13
2025.10.06 10:00:00,0.58151,0.58169,0.581,0.58152,2363.02
2025.10.06 11:00:00,0.58153,0.5821,0.5812,0.58194,1825.8
2025.10.06 12:00:00,0.58193,0.58314,0.58179,0.58311,3497.97
2025.10.06 13:00:00,0.5831,0.58395,0.58277,0.58365,3684.82
2025.10.06 14:00:00,0.58365,0.58415,0.58356,0.58376,3241.34
2025.10.06 15:00:00,0.58378,0.58403,0.58347,0.58365,1744.75
2025.10.06 16:00:00,0.58366,0.58392,0.58339,0.58391,1088.57
2025.10.06 17:00:00,0.5839,0.58417,0.58387,0.58393,1110.26
2025.10.06 18:00:00,0.58395,0.58424,0.58394,0.58407,905.91
2025.10.06 19:00:00,0.58407,0.58446,0.58403,0.58416,881.57
2025.10.06 20:00:00,0.58416,0.58433,0.58397,0.58415,799.52
2025.10.06 21:00:00,0.58416,0.58416,0.58262,0.58389,2251.51
2025.10.06 22:00:00,0.58389,0.58404,0.58367,0.58383,2187.86
2025.10.06 23:00:00,0.58383,0.58419,0.58369,0.58397,900.73
2025.10.07 00:00:00,0.58404,0.58409,0.58282,0.58291,2543.95
2025.10.07 01:00:00,0.58291,0.58348,0.58237,0.58316,2163.19
2025.10.07 02:00:00,0.58318,0.58378,0.58315,0.5833,1150.13
2025.10.07 03:00:00,0.58334,0.58364,0.58292,0.58307,1210.57
2025.10.07 04:00:00,0.58305,0.58317,0.58247,0.58262,904.51
2025.10.07 05:00:00,0.5826,0.58266,0.58191,0.58205,1136.86
2025.10.07 06:00:00,0.58206,0.58206,0.5812,0.58168,3232.43
2025.10.07 07:00:00,0.58167,0.58167,0.58045,0.58066,3357.52
2025.10.07 08:00:00,0.58065,0.58099,0.58049,0.5807,2549.15
2025.10.07 09:00:00,0.58069,0.58132,0.58059,0.58129,1983.87
2025.10.07 10:00:00,0.5813,0.5813,0.58094,0.58096,1769.93
2025.10.07 11:00:00,0.58095,0.58107,0.58026,0.58049,2575.07
2025.10.07 12:00:00,0.58049,0.58082,0.5801,0.58075,2642.54
2025.10.07 13:00:00,0.58075,0.58162,0.58056,0.58105,3634.57
2025.10.07 14:00:00,0.58104,0.58116,0.58045,0.58065,4136.1
2025.10.07 15:00:00,0.58064,0.58103,0.58038,0.58045,5067.57
2025.10.07 16:00:00,0.58046,0.58086,0.58025,0.58045,2572.05
2025.10.07 17:00:00,0.58045,0.58087,0.58032,0.58039,2417.28
2025.10.07 18:00:00,0.5804,0.58042,0.57975,0.57991,1788.57
2025.10.07 19:00:00,0.57991,0.57993,0.57936,0.57965,1532.99
2025.10.07 20:00:00,0.57966,0.57991,0.57961,0.57985,699.14
2025.10.07 21:00:00,0.57979,0.57999,0.57883,0.57994,1990.09
2025.10.07 22:00:00,0.57992,0.5801,0.57983,0.58,1134.07
2025.10.07 23:00:00,0.58001,0.58008,0.57961,0.57967,1422.66
2025.10.08 00:00:00,0.57966,0.57987,0.57913,0.57948,2267.66
2025.10.08 01:00:00,0.57947,0.57947,0.57384,0.57508,9419.2
2025.10.08 02:00:00,0.57508,0.5751,0.57411,0.57472,3499.53
2025.10.08 03:00:00,0.57473,0.57491,0.57393,0.57486,2165.68
2025.10.08 04:00:00,0.57486,0.57502,0.57405,0.57437,2046.28
2025.10.08 05:00:00,0.57436,0.57457,0.5738,0.57401,2506.41
2025.10.08 06:00:00,0.57401,0.57465,0.57365,0.57413,5447.33
2025.10.08 07:00:00,0.57409,0.57576,0.57399,0.57508,4826.06
2025.10.08 08:00:00,0.57506,0.57662,0.57498,0.57567,4897.73
2025.10.08 09:00:00,0.57568,0.57683,0.57566,0.57611,2837.13
2025.10.08 10:00:00,0.57612,0.57753,0.576,0.57733,2427.46
2025.10.08 11:00:00,0.57733,0.57774,0.57711,0.57767,4086.04
2025.10.08 12:00:00,0.57768,0.57808,0.57738,0.57784,4865.3
2025.10.08 13:00:00,0.57784,0.57868,0.57747,0.57751,5102.54
2025.10.08 14:00:00,0.5775,0.57827,0.57733,0.5782,4122.24
2025.10.08 15:00:00,0.57821,0.57834,0.57755,0.57764,3410.27
2025.10.08 16:00:00,0.57764,0.57769,0.57721,0.57768,2207.9
2025.10.08 17:00:00,0.57767,0.5779,0.57737,0.57753,1486.52
2025.10.08 18:00:00,0.57755,0.57825,0.5774,0.57815,3507.33
2025.10.08 19:00:00,0.5782,0.57852,0.57818,0.57846,1020.59
2025.10.08 20:00:00,0.57846,0.57869,0.57835,0.57867,914.45
2025.10.08 21:00:00,0.57862,0.57869,0.57783,0.57824,1799.51
2025.10.08 22:00:00,0.57825,0.57884,0.57825,0.57872,1331.36
2025.10.08 23:00:00,0.57873,0.57873,0.57813,0.57831,1652.39
2025.10.09 00:00:00,0.57835,0.5793,0.5783,0.57908,1779.26
2025.10.09 01:00:00,0.57909,0.57999,0.57908,0.57926,3228.81
2025.10.09 02:00:00,0.57925,0.58049,0.57889,0.58044,1865.32
2025.10.09 03:00:00,0.58043,0.58047,0.57973,0.57997,1464.84
2025.10.09 04:00:00,0.57997,0.5806,0.57994,0.58035,781.87
2025.10.09 05:00:00,0.58034,0.58057,0.57946,0.57949,1211.29
2025.10.09 06:00:00,0.57947,0.57963,0.57635,0.57686,4677.74
2025.10.09 07:00:00,0.57688,0.57764,0.5764,0.57699,4327.14
2025.10.09 08:00:00,0.577,0.57704,0.57601,0.57674,4247.87
2025.10.09 09:00:00,0.57676,0.57797,0.57674,0.57785,4001.09
2025.10.09 10:00:00,0.57788,0.57821,0.57749,0.57792,3026.97
2025.10.09 11:00:00,0.57791,0.57823,0.57719,0.57794,1915.28
2025.10.09 12:00:00,0.57794,0.57863,0.5776,0.5781,4708.58
2025.10.09 13:00:00,0.57812,0.57868,0.57617,0.5766,6796
2025.10.09 14:00:00,0.57659,0.57659,0.57468,0.57506,8063.54
2025.10.09 15:00:00,0.57505,0.57515,0.57374,0.57434,4607.07
2025.10.09 16:00:00,0.57437,0.57477,0.57381,0.57404,3283.64
2025.10.09 17:00:00,0.57404,0.5745,0.57386,0.57443,2658.46
2025.10.09 18:00:00,0.57443,0.57447,0.57335,0.57375,1578.63
2025.10.09 19:00:00,0.57376,0.57436,0.57371,0.57427,1224.2
2025.10.09 20:00:00,0.57426,0.57476,0.57426,0.57443,1043.53
2025.10.09 21:00:00,0.57431,0.57467,0.57388,0.57443,1661.78
2025.10.09 22:00:00,0.57435,0.57486,0.57416,0.57469,645.6
2025.10.09 23:00:00,0.57468,0.5752,0.5742,0.57514,903.63
2025.10.10 00:00:00,0.57515,0.5753,0.57451,0.57526,1866.05
2025.10.10 01:00:00,0.57527,0.57571,0.57511,0.57514,1774.89
2025.10.10 02:00:00,0.57513,0.57562,0.57497,0.57539,1422.75
2025.10.10 03:00:00,0.5754,0.57568,0.57525,0.57562,1076.96
2025.10.10 04:00:00,0.57562,0.57576,0.57515,0.57552,1283.07
2025.10.10 05:00:00,0.57551,0.57577,0.57531,0.57534,1803.33
2025.10.10 06:00:00,0.57532,0.57552,0.57406,0.57478,3045.84
2025.10.10 07:00:00,0.5748,0.57518,0.57394,0.57502,3262.74
2025.10.10 08:00:00,0.57504,0.5758,0.57486,0.5756,2247.78
2025.10.10 09:00:00,0.5756,0.57567,0.57484,0.57494,1785.43
2025.10.10 10:00:00,0.57494,0.5754,0.57471,0.57481,1475.61
2025.10.10 11:00:00,0.57482,0.57509,0.57471,0.5749,1580.14
2025.10.10 12:00:00,0.57491,0.57555,0.57483,0.57519,2400.2
2025.10.10 13:00:00,0.57518,0.57524,0.5745,0.57485,3006.04
2025.10.10 14:00:00,0.57489,0.57511,0.57375,0.57389,5227.82
2025.10.10 15:00:00,0.57391,0.57408,0.57226,0.57312,16298.02
2025.10.10 16:00:00,0.57311,0.57327,0.57194,0.57215,6876.87
2025.10.10 17:00:00,0.57215,0.57241,0.57165,0.57221,2598.15
2025.10.10 18:00:00,0.57222,0.57277,0.57201,0.57222,3042.59
2025.10.10 19:00:00,0.57223,0.57276,0.57214,0.57235,2475.47
2025.10.10 20:00:00,0.57235,0.57266,0.57154,0.5721,5339.39
2025.10.12 21:00:00,0.57376,0.57405,0.57171,0.57302,2760.91
2025.10.12 22:00:00,0.57304,0.5745,0.57284,0.57329,4573.62
2025.10.12 23:00:00,0.5733,0.5734,0.57249,0.57253,3634.86
2025.10.13 00:00:00,0.57253,0.57367,0.57219,0.57344,3581.41
2025.10.13 01:00:00,0.57348,0.57445,0.57335,0.57403,3635.36
2025.10.13 02:00:00,0.57403,0.57448,0.57378,0.57386,1573.27
2025.10.13 03:00:00,0.57382,0.57424,0.57315,0.57345,1234.82
2025.10.13 04:00:00,0.57344,0.57396,0.57338,0.57381,975.8
2025.10.13 05:00:00,0.57381,0.57397,0.57355,0.57362,1415.5
2025.10.13 06:00:00,0.57362,0.5741,0.57319,0.5733,3102.37
2025.10.13 07:00:00,0.57329,0.57402,0.57293,0.57357,4971.85
2025.10.13 08:00:00,0.57356,0.57384,0.57241,0.57308,5960.02
2025.10.13 09:00:00,0.57309,0.57361,0.57305,0.57336,1852.4
2025.10.13 10:00:00,0.57335,0.57336,0.57281,0.57301,1547.05
2025.10.13 11:00:00,0.57301,0.5734,0.5719,0.57202,4208.66
2025.10.13 12:00:00,0.57204,0.57252,0.57186,0.57212,2587.26
2025.10.13 13:00:00,0.57215,0.57314,0.57206,0.5731,3770.84
2025.10.13 14:00:00,0.57309,0.57311,0.57186,0.57249,4077.97
2025.10.13 15:00:00,0.57249,0.57331,0.5724,0.57311,2050.92
2025.10.13 16:00:00,0.57311,0.57354,0.57283,0.57339,2090.62
2025.10.13 17:00:00,0.57338,0.57349,0.57298,0.57313,1343.87
2025.10.13 18:00:00,0.57312,0.57349,0.57271,0.57289,1138.72
2025.10.13 19:00:00,0.57289,0.57305,0.57263,0.57264,882.53
2025.10.13 20:00:00,0.57265,0.57277,0.57245,0.57246,758.98
2025.10.13 21:00:00,0.57231,0.57272,0.57193,0.57237,1273.11
2025.10.13 22:00:00,0.57235,0.57275,0.57235,0.57255,605.01
2025.10.13 23:00:00,0.57256,0.57261,0.57155,0.57164,1585.14
2025.10.14 00:00:00,0.57163,0.57242,0.57138,0.57221,2792.27
2025.10.14 01:00:00,0.57221,0.5726,0.57194,0.5722,2721.88
2025.10.14 02:00:00,0.57221,0.57246,0.57169,0.57169,1553.95
2025.10.14 03:00:00,0.57168,0.57185,0.57064,0.57107,1852.16
2025.10.14 04:00:00,0.57107,0.57122,0.57022,0.57069,3703.76
2025.10.14 05:00:00,0.5707,0.5707,0.56951,0.56993,2769.73
2025.10.14 06:00:00,0.56991,0.57,0.56878,0.5694,4184.71
2025.10.14 07:00:00,0.56942,0.56955,0.56844,0.56893,5466.62
2025.10.14 08:00:00,0.56893,0.56956,0.56882,0.56906,3338.69
2025.10.14 09:00:00,0.56904,0.56921,0.56846,0.56854,2341.79
2025.10.14 10:00:00,0.56854,0.56868,0.56823,0.56866,2480.62
2025.10.14 11:00:00,0.56871,0.56908,0.56838,0.5688,3966.09
2025.10.14 12:00:00,0.5688,0.56935,0.56867,0.56913,5390.1
2025.10.14 13:00:00,0.56914,0.57,0.56908,0.56973,9769.11
2025.10.14 14:00:00,0.56974,0.57131,0.56972,0.57116,5390.81
2025.10.14 15:00:00,0.57116,0.5719,0.57079,0.57171,3870.43
2025.10.14 16:00:00,0.57172,0.57235,0.57122,0.57186,5323.62
2025.10.14 17:00:00,0.57185,0.57194,0.57142,0.57179,3099.88
2025.10.14 18:00:00,0.5718,0.5719,0.57154,0.57164,1730.52
2025.10.14 19:00:00,0.57165,0.57184,0.57096,0.57116,2885.18
2025.10.14 20:00:00,0.57116,0.57153,0.57076,0.57148,852.37
2025.10.14 21:00:00,0.57148,0.57148,0.57086,0.57138,1469.92
2025.10.14 22:00:00,0.57142,0.57171,0.57136,0.5714,1456.49
2025.10.14 23:00:00,0.5714,0.57162,0.57115,0.57119,871.24
2025.10.15 00:00:00,0.57117,0.57131,0.57053,0.57111,2126.2
2025.10.15 01:00:00,0.57113,0.57211,0.57099,0.57188,2753.8
2025.10.15 02:00:00,0.5719,0.57272,0.57185,0.57189,1904.11
2025.10.15 03:00:00,0.57188,0.57242,0.5718,0.57216,1276.76
2025.10.15 04:00:00,0.57216,0.57223,0.57178,0.57202,966.8
2025.10.15 05:00:00,0.57204,0.5722,0.57167,0.57167,1425.14
2025.10.15 06:00:00,0.57167,0.57296,0.57145,0.57271,2935.95
2025.10.15 07:00:00,0.57272,0.57314,0.57219,0.57224,3859.91
2025.10.15 08:00:00,0.57227,0.57283,0.5722,0.5726,2221.05
2025.10.15 09:00:00,0.57259,0.57285,0.5721,0.57285,1531.47
2025.10.15 10:00:00,0.57286,0.57292,0.57235,0.57282,1948.99
2025.10.15 11:00:00,0.5728,0.57297,0.57223,0.57229,1093.91
2025.10.15 12:00:00,0.57231,0.5726,0.57156,0.57168,2642.54
2025.10.15 13:00:00,0.57166,0.57227,0.57134,0.5721,3978.37
2025.10.15 14:00:00,0.5721,0.57235,0.57159,0.57229,3079.91
2025.10.15 15:00:00,0.57231,0.57301,0.572,0.57223,2953.13
2025.10.15 16:00:00,0.57223,0.57225,0.57181,0.57206,2415.95
2025.10.15 17:00:00,0.57207,0.57207,0.57053,0.57114,4516.67
2025.10.15 18:00:00,0.57116,0.57185,0.57112,0.5718,1263.43
2025.10.15 19:00:00,0.5718,0.5721,0.57179,0.57209,1104.32
2025.10.15 20:00:00,0.57209,0.57237,0.57206,0.57231,1038.16
2025.10.15 21:00:00,0.57204,0.57226,0.57137,0.57173,2131.44
2025.10.15 22:00:00,0.57177,0.57223,0.57172,0.57203,1633.17
2025.10.15 23:00:00,0.57203,0.57211,0.5711,0.57149,1909.21
2025.10.16 00:00:00,0.57149,0.57334,0.57125,0.57291,5203.87
2025.10.16 01:00:00,0.57292,0.57549,0.57285,0.5749,4937.98
2025.10.16 02:00:00,0.57492,0.57541,0.57447,0.57466,3614.43
2025.10.16 03:00:00,0.57465,0.57476,0.57393,0.57404,2667.84
2025.10.16 04:00:00,0.57403,0.57446,0.57393,0.57434,1493.31
2025.10.16 05:00:00,0.57432,0.57461,0.57398,0.57415,2161.87
2025.10.16 06:00:00,0.57419,0.5749,0.574,0.57415,4108.55
2025.10.16 07:00:00,0.57416,0.57434,0.57335,0.57379,5040.1
2025.10.16 08:00:00,0.57379,0.5745,0.57363,0.5737,2387.57
2025.10.16 09:00:00,0.57371,0.57379,0.5731,0.5737,2712.01
2025.10.16 10:00:00,0.5737,0.57398,0.57359,0.57368,2433.99
2025.10.16 11:00:00,0.57369,0.57396,0.5734,0.57391,2777.27
2025.10.16 12:00:00,0.57392,0.57405,0.57336,0.57374,3305.87
2025.10.16 13:00:00,0.57375,0.57382,0.57229,0.5723,4012.57
2025.10.16 14:00:00,0.5723,0.57401,0.57227,0.57392,3894.4
2025.10.16 15:00:00,0.5739,0.57395,0.57293,0.57301,4709.85
2025.10.16 16:00:00,0.573,0.57359,0.57234,0.57308,4752.5
2025.10.16 17:00:00,0.57309,0.57367,0.57271,0.57289,3454.34
2025.10.16 18:00:00,0.57288,0.57307,0.57178,0.57257,2532.26
2025.10.16 19:00:00,0.5726,0.5726,0.57213,0.57242,1444.49
2025.10.16 20:00:00,0.57241,0.57251,0.57222,0.5723,1158
2025.10.16 21:00:00,0.57226,0.57271,0.57186,0.57238,824.39
2025.10.16 22:00:00,0.57243,0.57286,0.57225,0.57258,2114.31
2025.10.16 23:00:00,0.57258,0.5727,0.57217,0.57257,1925.93
2025.10.17 00:00:00,0.57257,0.57302,0.57222,0.57275,2504.87
2025.10.17 01:00:00,0.57275,0.57347,0.57188,0.57193,2284.29
2025.10.17 02:00:00,0.57193,0.5726,0.57154,0.57217,2045.08
2025.10.17 03:00:00,0.57218,0.57285,0.57207,0.57266,1368.53
2025.10.17 04:00:00,0.57266,0.57355,0.57266,0.57323,1396.9
2025.10.17 05:00:00,0.57324,0.57355,0.57297,0.57348,2264.23
2025.10.17 06:00:00,0.57346,0.57369,0.57301,0.57324,3163.32
2025.10.17 07:00:00,0.57323,0.57323,0.57121,0.57202,7743
2025.10.17 08:00:00,0.57203,0.57227,0.57135,0.57197,3461.78
2025.10.17 09:00:00,0.57195,0.57273,0.5719,0.57271,2473.04
2025.10.17 10:00:00,0.57272,0.57325,0.57228,0.57315,2500.9
2025.10.17 11:00:00,0.57318,0.57426,0.57266,0.57288,5269.84
2025.10.17 12:00:00,0.57289,0.57322,0.57114,0.57165,4381.81
2025.10.17 13:00:00,0.57164,0.57195,0.57119,0.57151,5620
2025.10.17 14:00:00,0.57151,0.57187,0.57115,0.57173,5886.61
2025.10.17 15:00:00,0.57173,0.57216,0.5713,0.57204,3859.86
2025.10.17 16:00:00,0.57203,0.57263,0.57199,0.57227,2225.54
2025.10.17 17:00:00,0.57227,0.57282,0.57205,0.57253,4335.5
2025.10.17 18:00:00,0.57254,0.57343,0.57249,0.57326,2363.13
2025.10.17 19:00:00,0.5733,0.57382,0.5733,0.57377,1486.04
2025.10.17 20:00:00,0.57378,0.57382,0.5722,0.5722,1827.71
2025.10.19 21:00:00,0.57248,0.57336,0.57173,0.57191,1536.85
2025.10.19 22:00:00,0.57189,0.57342,0.57189,0.57337,1301.87
2025.10.19 23:00:00,0.57335,0.57337,0.57289,0.57302,938.64
2025.10.20 00:00:00,0.57299,0.57365,0.57279,0.57359,2116.51
2025.10.20 01:00:00,0.57359,0.57429,0.57321,0.57345,2682.31
2025.10.20 02:00:00,0.57345,0.57425,0.57343,0.5736,1731.96
2025.10.20 03:00:00,0.57361,0.57392,0.57345,0.57363,1387.96
2025.10.20 04:00:00,0.57363,0.57378,0.57332,0.57352,1669.44
2025.10.20 05:00:00,0.5735,0.57422,0.57344,0.57394,1602.04
2025.10.20 06:00:00,0.57391,0.57391,0.57301,0.5733,4745.37
2025.10.20 07:00:00,0.57331,0.57372,0.57287,0.57328,3167.73
2025.10.20 08:00:00,0.57327,0.57395,0.57311,0.57382,2441.51
2025.10.20 09:00:00,0.57382,0.5739,0.57296,0.57307,2267.92
2025.10.20 10:00:00,0.57304,0.57315,0.57267,0.57279,1708.94
2025.10.20 11:00:00,0.57278,0.57303,0.57249,0.57288,1845.55
2025.10.20 12:00:00,0.5729,0.57339,0.57265,0.57325,2525.87
2025.10.20 13:00:00,0.57325,0.574,0.57298,0.57365,3918.27
2025.10.20 14:00:00,0.57369,0.5747,0.57358,0.57426,3328.49
2025.10.20 15:00:00,0.57426,0.57528,0.57415,0.57492,2967.42
2025.10.20 16:00:00,0.57493,0.57514,0.57471,0.57481,1567.29
2025.10.20 17:00:00,0.57481,0.57505,0.57455,0.57461,1108.46
2025.10.20 18:00:00,0.57461,0.57472,0.57445,0.57456,1059.8
2025.10.20 19:00:00,0.57457,0.57481,0.57441,0.57443,532.67
2025.10.20 20:00:00,0.57441,0.57445,0.57427,0.57429,482.34
2025.10.20 21:00:00,0.57427,0.57473,0.5729,0.57417,1487.6
2025.10.20 22:00:00,0.57422,0.57469,0.57422,0.57452,1221.89
2025.10.20 23:00:00,0.57453,0.57461,0.57414,0.57428,1089.09
2025.10.21 00:00:00,0.57427,0.57517,0.57418,0.57501,1380.37
2025.10.21 01:00:00,0.57501,0.57505,0.57394,0.57406,1915.97
2025.10.21 02:00:00,0.57408,0.57423,0.57316,0.57324,2327.15
2025.10.21 03:00:00,0.57323,0.57351,0.57289,0.57304,1496.99
2025.10.21 04:00:00,0.57303,0.57303,0.57252,0.5729,1415.63
2025.10.21 05:00:00,0.57295,0.57299,0.57172,0.57188,2368.09
2025.10.21 06:00:00,0.57188,0.57239,0.57149,0.57221,3430.07
2025.10.21 07:00:00,0.57223,0.57248,0.57152,0.57164,4611.35
2025.10.21 08:00:00,0.57164,0.57169,0.57094,0.5715,5757.17
2025.10.21 09:00:00,0.57149,0.57202,0.57129,0.57149,3229.02
2025.10.21 10:00:00,0.57149,0.57173,0.57108,0.57161,3008.34
2025.10.21 11:00:00,0.57162,0.57251,0.57159,0.57225,2977.52
2025.10.21 12:00:00,0.57227,0.57292,0.57205,0.57291,3606.43
2025.10.21 13:00:00,0.57288,0.57303,0.57189,0.57219,4757.83
2025.10.21 14:00:00,0.57218,0.57369,0.572,0.57356,5119.27
2025.10.21 15:00:00,0.57357,0.57461,0.57354,0.57449,3534.41
2025.10.21 16:00:00,0.57447,0.57494,0.57399,0.57421,3075.05
2025.10.21 17:00:00,0.57421,0.57437,0.57385,0.57428,1797
2025.10.21 18:00:00,0.57428,0.57451,0.57412,0.57434,914.09
2025.10.21 19:00:00,0.57435,0.57465,0.57417,0.57445,1112.38
2025.10.21 20:00:00,0.57444,0.57444,0.57398,0.57403,768.25
2025.10.21 21:00:00,0.57376,0.57408,0.57308,0.5738,1356.63
2025.10.21 22:00:00,0.57381,0.57428,0.57381,0.57406,1270.17
2025.10.21 23:00:00,0.57407,0.57431,0.57387,0.57413,1227.42
2025.10.22 00:00:00,0.57414,0.57466,0.57405,0.57405,2651.44
2025.10.22 01:00:00,0.57407,0.57446,0.57382,0.57419,2080.14
2025.10.22 02:00:00,0.5742,0.57496,0.5742,0.57466,1563.27
2025.10.22 03:00:00,0.57468,0.57496,0.57444,0.57469,1418.59
2025.10.22 04:00:00,0.5747,0.57516,0.5747,0.57514,1021.26
2025.10.22 05:00:00,0.57515,0.57567,0.57515,0.57555,1384.41
2025.10.22 06:00:00,0.57554,0.57606,0.57518,0.57577,3132.51
2025.10.22 07:00:00,0.57577,0.57588,0.57491,0.57515,4331.78
2025.10.22 08:00:00,0.57514,0.57514,0.57439,0.57471,3171.95
2025.10.22 09:00:00,0.5747,0.57494,0.57445,0.57456,2193.42
2025.10.22 10:00:00,0.57457,0.57472,0.57391,0.57396,2724.37
2025.10.22 11:00:00,0.57393,0.57412,0.57374,0.57381,2454.05
2025.10.22 12:00:00,0.57381,0.57442,0.57381,0.5742,3055.81
2025.10.22 13:00:00,0.57416,0.57457,0.57399,0.57433,3821.95
2025.10.22 14:00:00,0.57432,0.57475,0.57374,0.5742,4216.28
2025.10.22 15:00:00,0.5742,0.57516,0.57417,0.57503,3407.68
2025.10.22 16:00:00,0.57504,0.57504,0.57399,0.57476,5260.62
2025.10.22 17:00:00,0.57475,0.57479,0.57349,0.57362,2866.53
2025.10.22 18:00:00,0.57362,0.57407,0.57343,0.57376,2655.99
2025.10.22 19:00:00,0.57374,0.57404,0.57358,0.57398,1869.05
2025.10.22 20:00:00,0.57399,0.57404,0.57376,0.57376,1272.05
2025.10.22 21:00:00,0.5736,0.57413,0.57323,0.57393,1280.5
2025.10.22 22:00:00,0.57394,0.57415,0.57373,0.57377,1146.05
2025.10.22 23:00:00,0.57378,0.5738,0.57353,0.57356,1086.56
2025.10.23 00:00:00,0.57354,0.57401,0.57331,0.57401,1658.45
2025.10.23 01:00:00,0.57402,0.57422,0.57337,0.57338,2139.51
2025.10.23 02:00:00,0.57338,0.57346,0.57294,0.57313,1659.49
2025.10.23 03:00:00,0.57312,0.57344,0.57239,0.57245,1100.33
2025.10.23 04:00:00,0.57245,0.57305,0.57245,0.573,1352.62
2025.10.23 05:00:00,0.57299,0.57346,0.57281,0.57331,1130.88
2025.10.23 06:00:00,0.57332,0.57416,0.57332,0.57398,2217.47
2025.10.23 07:00:00,0.57398,0.57471,0.57398,0.57461,2024.77
2025.10.23 08:00:00,0.5746,0.5751,0.57445,0.57446,1914.98
2025.10.23 09:00:00,0.57448,0.57497,0.57445,0.57479,1920.58
2025.10.23 10:00:00,0.57479,0.5749,0.57414,0.57424,1153.06
2025.10.23 11:00:00,0.57423,0.57435,0.574,0.57411,1227.25
2025.10.23 12:00:00,0.57412,0.57482,0.57386,0.57441,2176.85
2025.10.23 13:00:00,0.5744,0.57497,0.57437,0.57463,2708.39
2025.10.23 14:00:00,0.57464,0.57535,0.57451,0.57504,3828.95
2025.10.23 15:00:00,0.57504,0.57521,0.57446,0.57491,6111.29
2025.10.23 16:00:00,0.57491,0.57511,0.5747,0.57473,2573.36
2025.10.23 17:00:00,0.57472,0.5754,0.5744,0.57534,1934.48
2025.10.23 18:00:00,0.57535,0.5754,0.57514,0.57536,1717.73
2025.10.23 19:00:00,0.5754,0.57549,0.57519,0.5752,1131.03
2025.10.23 20:00:00,0.57519,0.57527,0.57493,0.57493,1002.52
2025.10.23 21:00:00,0.57493,0.57521,0.57432,0.57505,2170.53
2025.10.23 22:00:00,0.57506,0.57554,0.57501,0.57518,1439.28
2025.10.23 23:00:00,0.57519,0.57561,0.57519,0.57544,1232.1
2025.10.24 00:00:00,0.57543,0.57586,0.5753,0.57557,1852.08
2025.10.24 01:00:00,0.57559,0.57573,0.57467,0.57498,2808.68
2025.10.24 02:00:00,0.57497,0.57546,0.57447,0.57451,2638.04
2025.10.24 03:00:00,0.57452,0.57528,0.57449,0.57514,1890.76
2025.10.24 04:00:00,0.57514,0.5752,0.57468,0.57475,648.67
2025.10.24 05:00:00,0.57476,0.57476,0.5743,0.5744,1474.81
2025.10.24 06:00:00,0.57443,0.57544,0.5743,0.57544,2587.58
2025.10.24 07:00:00,0.57545,0.57563,0.57495,0.57502,6293.01
2025.10.24 08:00:00,0.57501,0.57511,0.5741,0.57432,6400.97
2025.10.24 09:00:00,0.5743,0.5744,0.57396,0.57404,2728.72
2025.10.24 10:00:00,0.57404,0.57445,0.57404,0.57418,1272.6
2025.10.24 11:00:00,0.57417,0.57423,0.57383,0.57422,1911.76
2025.10.24 12:00:00,0.57423,0.57775,0.57419,0.57578,8559.94
2025.10.24 13:00:00,0.57578,0.57618,0.57466,0.57539,8051.8
2025.10.24 14:00:00,0.57539,0.57552,0.57377,0.57385,9699.13
2025.10.24 15:00:00,0.57384,0.57477,0.57383,0.57455,4485.86
2025.10.24 16:00:00,0.57455,0.57475,0.57425,0.5746,1102.88
2025.10.24 17:00:00,0.57463,0.57494,0.57458,0.57463,848.87
2025.10.24 18:00:00,0.57465,0.57477,0.57458,0.57463,791.77
2025.10.24 19:00:00,0.57464,0.57486,0.57463,0.57479,950.54
2025.10.24 20:00:00,0.57479,0.57502,0.57446,0.57456,1112.12
2025.10.26 21:00:00,0.57753,0.57761,0.57513,0.57705,1681.68
2025.10.26 22:00:00,0.57704,0.57709,0.57624,0.57624,1932.64
2025.10.26 23:00:00,0.57623,0.5763,0.57583,0.5759,1471.5
2025.10.27 00:00:00,0.57589,0.5765,0.57577,0.57609,2626.62
2025.10.27 01:00:00,0.57609,0.57698,0.57595,0.57604,2602.49
2025.10.27 02:00:00,0.57603,0.57616,0.57575,0.57603,1284.93
2025.10.27 03:00:00,0.57604,0.5763,0.57555,0.57559,1841.3
2025.10.27 04:00:00,0.57556,0.57565,0.57528,0.57563,1399.5
2025.10.27 05:00:00,0.57564,0.57605,0.57557,0.57602,995.53
2025.10.27 06:00:00,0.57604,0.57704,0.57604,0.57633,2140.33
2025.10.27 07:00:00,0.57632,0.57632,0.57514,0.5752,3311.26
2025.10.27 08:00:00,0.57518,0.57652,0.57514,0.57586,3937.63
2025.10.27 09:00:00,0.57586,0.57665,0.5756,0.57628,3547.56
2025.10.27 10:00:00,0.57626,0.57631,0.57595,0.57615,3787.53
2025.10.27 11:00:00,0.57615,0.57672,0.57599,0.57658,4661.98
2025.10.27 12:00:00,0.57659,0.57676,0.57609,0.57634,3210.1
2025.10.27 13:00:00,0.57636,0.57682,0.57552,0.57573,4217.49
2025.10.27 14:00:00,0.57575,0.57616,0.57555,0.57593,4073.69
2025.10.27 15:00:00,0.57595,0.57643,0.57546,0.57605,3061.34
2025.10.27 16:00:00,0.57606,0.57658,0.576,0.57649,1682.47
2025.10.27 17:00:00,0.5765,0.57661,0.57626,0.57634,1263.66
2025.10.27 18:00:00,0.57634,0.57706,0.57629,0.577,982.43
2025.10.27 19:00:00,0.57699,0.57707,0.57668,0.57685,991.55
2025.10.27 20:00:00,0.57685,0.57738,0.57678,0.5768,1021.99
2025.10.27 21:00:00,0.57679,0.57713,0.57645,0.57687,2123.35
2025.10.27 22:00:00,0.57687,0.5774,0.5767,0.57737,2215.57
2025.10.27 23:00:00,0.57737,0.57775,0.57726,0.57741,1592.92
2025.10.28 00:00:00,0.5774,0.57797,0.57712,0.57759,2745.07
2025.10.28 01:00:00,0.57758,0.57799,0.57715,0.57753,3926.84
2025.10.28 02:00:00,0.5775,0.57793,0.5773,0.57734,2755.96
2025.10.28 03:00:00,0.57734,0.57776,0.57705,0.57772,1373.04
2025.10.28 04:00:00,0.57772,0.57837,0.57771,0.57823,2270.32
2025.10.28 05:00:00,0.57823,0.57833,0.57756,0.57776,2831.04
2025.10.28 06:00:00,0.57776,0.57778,0.57681,0.57682,2749.49
2025.10.28 07:00:00,0.57684,0.57702,0.57651,0.57679,2777.41
2025.10.28 08:00:00,0.5768,0.57703,0.57619,0.57628,3676.94
2025.10.28 09:00:00,0.57629,0.57722,0.57617,0.57719,2338.47
2025.10.28 10:00:00,0.5772,0.57755,0.57712,0.57746,1639.47
2025.10.28 11:00:00,0.57748,0.57754,0.57709,0.57711,3028.17
2025.10.28 12:00:00,0.57712,0.57722,0.57651,0.5766,4568.03
2025.10.28 13:00:00,0.57659,0.57671,0.57585,0.57663,3215.5
2025.10.28 14:00:00,0.57663,0.57834,0.57654,0.5782,4475.25
2025.10.28 15:00:00,0.57821,0.57868,0.57762,0.57785,3755.03
2025.10.28 16:00:00,0.57786,0.57878,0.57776,0.57877,4214.4
2025.10.28 17:00:00,0.57879,0.57892,0.57839,0.5786,1380.47
2025.10.28 18:00:00,0.57857,0.57861,0.5782,0.57848,831.31
2025.10.28 19:00:00,0.57852,0.57852,0.57807,0.5781,1440.1
2025.10.28 20:00:00,0.5781,0.57814,0.57789,0.57809,751.49
2025.10.28 21:00:00,0.57803,0.57823,0.5776,0.57778,1425.67
2025.10.28 22:00:00,0.57773,0.5781,0.57758,0.5779,1620.2
2025.10.28 23:00:00,0.5779,0.57823,0.57779,0.57821,759.89
2025.10.29 00:00:00,0.5782,0.57893,0.57759,0.57794,4705.28
2025.10.29 01:00:00,0.57792,0.5783,0.57752,0.57755,4377.71
2025.10.29 02:00:00,0.57754,0.57813,0.57716,0.57813,2237.5
2025.10.29 03:00:00,0.57814,0.57858,0.57814,0.57836,1522.93
2025.10.29 04:00:00,0.57836,0.5785,0.57785,0.578,1107.14
2025.10.29 05:00:00,0.578,0.57839,0.5777,0.57824,1388.37
2025.10.29 06:00:00,0.57826,0.57912,0.57805,0.57889,1555.35
2025.10.29 07:00:00,0.5789,0.57957,0.57848,0.57867,3082.44
2025.10.29 08:00:00,0.57866,0.57875,0.57745,0.57745,5639.22
2025.10.29 09:00:00,0.57745,0.57841,0.57728,0.5783,3117.93
2025.10.29 10:00:00,0.57829,0.57865,0.57809,0.57855,2633.61
2025.10.29 11:00:00,0.57853,0.57856,0.57769,0.57804,2051.59
2025.10.29 12:00:00,0.57805,0.57813,0.57737,0.57796,2890.44
2025.10.29 13:00:00,0.57797,0.57929,0.57787,0.57864,3936.69
2025.10.29 14:00:00,0.57862,0.57918,0.57815,0.57918,3653.16
2025.10.29 15:00:00,0.57918,0.58012,0.57917,0.57968,3362.14
2025.10.29 16:00:00,0.57967,0.57997,0.57946,0.57962,2871.99
2025.10.29 17:00:00,0.57963,0.5798,0.57889,0.57902,1668.33
2025.10.29 18:00:00,0.57893,0.57945,0.57511,0.57656,15339.3
2025.10.29 19:00:00,0.57659,0.57673,0.57486,0.5763,10182.84
2025.10.29 20:00:00,0.57631,0.57673,0.57563,0.5763,2655.18
2025.10.29 21:00:00,0.57624,0.57624,0.57553,0.57601,1313.55
2025.10.29 22:00:00,0.57604,0.57634,0.57591,0.57594,1272.94
2025.10.29 23:00:00,0.57596,0.57633,0.57596,0.5763,1147.41
2025.10.30 00:00:00,0.57629,0.57756,0.57628,0.57746,3537.06
2025.10.30 01:00:00,0.57744,0.57762,0.57671,0.57722,3072.86
2025.10.30 02:00:00,0.57721,0.57795,0.57688,0.5777,2697.36
2025.10.30 03:00:00,0.57771,0.57808,0.5772,0.57767,2286.31
2025.10.30 04:00:00,0.57766,0.57878,0.57689,0.5786,6664.76
2025.10.30 05:00:00,0.5786,0.57868,0.57784,0.57819,3307.14
2025.10.30 06:00:00,0.57819,0.57834,0.5772,0.57723,3704.01
2025.10.30 07:00:00,0.57723,0.57765,0.57663,0.5775,3879.29
2025.10.30 08:00:00,0.57751,0.57756,0.57689,0.57723,2928.53
2025.10.30 09:00:00,0.57722,0.57735,0.57661,0.57662,3028.34
2025.10.30 10:00:00,0.57665,0.57696,0.57623,0.57628,2294.38
2025.10.30 11:00:00,0.57629,0.57648,0.57502,0.57505,2556.05
2025.10.30 12:00:00,0.57504,0.57526,0.57297,0.57303,4299.54
2025.10.30 13:00:00,0.57298,0.5742,0.57253,0.5741,5832.23
2025.10.30 14:00:00,0.57411,0.57481,0.57354,0.5738,7007.48
2025.10.30 15:00:00,0.57381,0.57462,0.57358,0.57448,3559.28
2025.10.30 16:00:00,0.57448,0.57466,0.57404,0.57447,2617.16
2025.10.30 17:00:00,0.57447,0.57464,0.57409,0.5745,2057.76
2025.10.30 18:00:00,0.5745,0.57457,0.57403,0.57415,1326.98
2025.10.30 19:00:00,0.57414,0.57424,0.57363,0.57369,1320.38
2025.10.30 20:00:00,0.57369,0.57427,0.57363,0.57412,1100.34
2025.10.30 21:00:00,0.57411,0.57414,0.57389,0.57412,882.11
2025.10.30 22:00:00,0.57411,0.57415,0.57384,0.57401,1042.89
2025.10.30 23:00:00,0.57401,0.57445,0.57381,0.57439,950.97
2025.10.31 00:00:00,0.57441,0.57446,0.57389,0.57407,1583.9
2025.10.31 01:00:00,0.57406,0.57427,0.57322,0.57344,2571.96
2025.10.31 02:00:00,0.57342,0.57381,0.57281,0.57307,1957.57
2025.10.31 03:00:00,0.57308,0.57315,0.57271,0.57305,1422.04
2025.10.31 04:00:00,0.57306,0.57343,0.57302,0.57327,977.06
2025.10.31 05:00:00,0.57326,0.57326,0.57218,0.57235,1952.59
2025.10.31 06:00:00,0.57235,0.5725,0.57186,0.57189,2817.59
2025.10.31 07:00:00,0.57189,0.57212,0.57136,0.57199,3652.46
2025.10.31 08:00:00,0.57199,0.57217,0.57149,0.57215,2082.62
2025.10.31 09:00:00,0.57215,0.57236,0.57173,0.57232,1956.64
2025.10.31 10:00:00,0.57231,0.57265,0.57222,0.57237,1243.06
2025.10.31 11:00:00,0.57239,0.57268,0.57189,0.57236,1692.72
2025.10.31 12:00:00,0.57235,0.57237,0.57145,0.57155,3793
2025.10.31 13:00:00,0.57154,0.57254,0.57135,0.57247,4301.46
2025.10.31 14:00:00,0.57248,0.57313,0.57174,0.57309,3891.37
2025.10.31 15:00:00,0.57307,0.57321,0.57224,0.57256,5195.71
2025.10.31 16:00:00,0.57256,0.5726,0.57165,0.57199,3297.53
2025.10.31 17:00:00,0.57199,0.572,0.57149,0.57182,1593.35
2025.10.31 18:00:00,0.57183,0.57231,0.57176,0.57221,978.31
2025.10.31 19:00:00,0.57221,0.57244,0.57212,0.57216,768.16
2025.10.31 20:00:00,0.57215,0.5726,0.57211,0.57226,1593.47
2025.12.01 00:00:00,0.57353,0.5737,0.57296,0.57316,2738
2025.12.01 01:00:00,0.57317,0.5744,0.57298,0.5738,4230.09
2025.12.01 02:00:00,0.57382,0.57382,0.57287,0.57304,2728.66
2025.12.01 03:00:00,0.57303,0.57357,0.57251,0.57357,1366
2025.12.01 04:00:00,0.57358,0.57369,0.57309,0.57309,1796.84
2025.12.01 05:00:00,0.57308,0.57315,0.57255,0.57286,2710.27
2025.12.01 06:00:00,0.57287,0.57301,0.57268,0.57299,1444.7
2025.12.01 07:00:00,0.573,0.57403,0.57256,0.57358,2486.63
2025.12.01 08:00:00,0.57359,0.57396,0.57309,0.57342,3732.85
2025.12.01 09:00:00,0.57342,0.57394,0.57326,0.57374,2492.77
2025.12.01 10:00:00,0.57375,0.57386,0.5728,0.57321,3405.54
2025.12.01 11:00:00,0.57319,0.57378,0.57305,0.57366,2119.32
2025.12.01 12:00:00,0.57366,0.57477,0.57327,0.57474,2655.36
2025.12.01 13:00:00,0.57476,0.57513,0.57422,0.5744,3248.08
2025.12.01 14:00:00,0.57441,0.57449,0.57353,0.57403,5005.86
2025.12.01 15:00:00,0.57407,0.57443,0.57331,0.57412,5544.33
2025.12.01 16:00:00,0.57414,0.57434,0.57338,0.57348,4555.52
2025.12.01 17:00:00,0.57349,0.57397,0.57333,0.57361,1951.91
2025.12.01 18:00:00,0.57359,0.57377,0.57298,0.5731,1235.15
2025.12.01 19:00:00,0.5731,0.57311,0.57246,0.57262,1194.49
2025.12.01 20:00:00,0.57262,0.57275,0.57242,0.57275,909.72
2025.12.01 21:00:00,0.57274,0.57285,0.57255,0.57281,1379.55
2025.12.01 22:00:00,0.57278,0.57278,0.57165,0.57254,803.99
2025.12.01 23:00:00,0.57253,0.57288,0.57246,0.57248,986.08
2025.12.02 00:00:00,0.57248,0.5727,0.57204,0.57225,1366.5
2025.12.02 01:00:00,0.57225,0.57261,0.57181,0.57259,3655.44
2025.12.02 02:00:00,0.57258,0.57276,0.5723,0.57262,2140.37
2025.12.02 03:00:00,0.57263,0.57275,0.57216,0.57255,1369.3
2025.12.02 04:00:00,0.57254,0.57281,0.57237,0.57241,1304.84
2025.12.02 05:00:00,0.57241,0.57284,0.57236,0.5728,813.6
2025.12.02 06:00:00,0.57281,0.57282,0.57235,0.57273,1370.04
2025.12.02 07:00:00,0.57274,0.57322,0.57264,0.57301,1594.43
2025.12.02 08:00:00,0.573,0.57315,0.5722,0.57245,2222.59
2025.12.02 09:00:00,0.57244,0.5726,0.57149,0.57173,2936.36
2025.12.02 10:00:00,0.57172,0.57176,0.57106,0.57127,3317.45
2025.12.02 11:00:00,0.57128,0.57182,0.57123,0.57154,1744.73
2025.12.02 12:00:00,0.57152,0.57239,0.57141,0.57229,1521.03
2025.12.02 13:00:00,0.57232,0.57307,0.57217,0.57307,1990.04
2025.12.02 14:00:00,0.57308,0.57361,0.57276,0.57329,3816.73
2025.12.02 15:00:00,0.5733,0.57443,0.57252,0.57399,5955.28
2025.12.02 16:00:00,0.57398,0.574,0.57232,0.57247,4889.42
2025.12.02 17:00:00,0.57247,0.57324,0.57229,0.57267,1833.09
2025.12.02 18:00:00,0.57266,0.57306,0.57245,0.57275,1149.36
2025.12.02 19:00:00,0.57275,0.57358,0.57271,0.57339,1189.53
2025.12.02 20:00:00,0.57339,0.5737,0.57329,0.5735,1034.71
2025.12.02 21:00:00,0.57349,0.57383,0.57331,0.5734,852.67
2025.12.02 22:00:00,0.5734,0.57374,0.57252,0.57352,710.04
2025.12.02 23:00:00,0.57355,0.57406,0.57352,0.57404,926.94
2025.12.03 00:00:00,0.57405,0.57442,0.57346,0.57384,2847.76
2025.12.03 01:00:00,0.57383,0.57467,0.57368,0.57458,2408.21
2025.12.03 02:00:00,0.57459,0.5752,0.57457,0.57504,1816.54
2025.12.03 03:00:00,0.57502,0.5752,0.57479,0.57482,1295.89
2025.12.03 04:00:00,0.57483,0.57527,0.57475,0.57524,835.21
2025.12.03 05:00:00,0.57523,0.57551,0.57515,0.57539,1116.34
2025.12.03 06:00:00,0.57538,0.57539,0.5748,0.57508,1476.83
2025.12.03 07:00:00,0.5751,0.57548,0.57433,0.57443,1992.79
2025.12.03 08:00:00,0.57444,0.57464,0.57397,0.57435,2021.69
2025.12.03 09:00:00,0.5744,0.57454,0.57388,0.57414,2296.92
2025.12.03 10:00:00,0.57416,0.57494,0.57414,0.5748,1395.19
2025.12.03 11:00:00,0.57483,0.57515,0.57464,0.575,1304.61
2025.12.03 12:00:00,0.57498,0.57513,0.57451,0.57452,2133.68
2025.12.03 13:00:00,0.57451,0.57566,0.57429,0.57467,3547.17
2025.12.03 14:00:00,0.57467,0.57508,0.57344,0.57462,5912.2
2025.12.03 15:00:00,0.57463,0.57656,0.57425,0.57622,6310.08
2025.12.03 16:00:00,0.57621,0.5771,0.57617,0.57669,3048.25
2025.12.03 17:00:00,0.5767,0.57726,0.5766,0.57714,2438.6
2025.12.03 18:00:00,0.57714,0.5775,0.57709,0.57724,1696.71
2025.12.03 19:00:00,0.57721,0.57763,0.57721,0.57762,1184.06
2025.12.03 20:00:00,0.57761,0.57762,0.57726,0.57736,1006.42
2025.12.03 21:00:00,0.57735,0.57772,0.57723,0.57723,1120.23
2025.12.03 22:00:00,0.57716,0.57719,0.57671,0.57714,790.88
2025.12.03 23:00:00,0.57713,0.57737,0.5771,0.57725,710.74
2025.12.04 00:00:00,0.57726,0.57742,0.57664,0.57741,1437.12
2025.12.04 01:00:00,0.57743,0.5776,0.57657,0.57674,2239.85
2025.12.04 02:00:00,0.57675,0.57711,0.57668,0.57686,1680.11
2025.12.04 03:00:00,0.57685,0.57685,0.57609,0.5767,1425.85
2025.12.04 04:00:00,0.57671,0.57717,0.57661,0.57709,1406.85
2025.12.04 05:00:00,0.57709,0.57737,0.57686,0.57709,1296.3
2025.12.04 06:00:00,0.57711,0.57714,0.57651,0.57688,1552.12
2025.12.04 07:00:00,0.57689,0.57735,0.5766,0.57729,1274.69
2025.12.04 08:00:00,0.57728,0.57783,0.57722,0.57726,3472.25
2025.12.04 09:00:00,0.57728,0.57769,0.57705,0.5773,3240.17
2025.12.04 10:00:00,0.5773,0.57746,0.57669,0.57676,2546.13
2025.12.04 11:00:00,0.57677,0.57712,0.57651,0.57703,1751.07
2025.12.04 12:00:00,0.57703,0.57726,0.57629,0.5766,1619.52
2025.12.04 13:00:00,0.57661,0.57675,0.57574,0.57643,4252.85
2025.12.04 14:00:00,0.57645,0.57762,0.57637,0.57689,3530.02
2025.12.04 15:00:00,0.57688,0.57783,0.57617,0.57745,4935.25
2025.12.04 16:00:00,0.57745,0.57755,0.57683,0.57729,5505.16
2025.12.04 17:00:00,0.5773,0.57736,0.577,0.5772,2025.65
2025.12.04 18:00:00,0.57722,0.57749,0.57696,0.57709,1511.73
2025.12.04 19:00:00,0.57707,0.57709,0.57652,0.57683,1333.52
2025.12.04 20:00:00,0.57681,0.57683,0.57648,0.57661,927.52
2025.12.04 21:00:00,0.5766,0.57666,0.57596,0.57596,868.8
2025.12.04 22:00:00,0.57593,0.57652,0.57571,0.57603,7641.26
2025.12.04 23:00:00,0.57601,0.57625,0.57579,0.57585,1405.08
2025.12.05 00:00:00,0.57587,0.57636,0.57587,0.57632,978.42
2025.12.05 01:00:00,0.57635,0.57694,0.57635,0.57678,1695.51
2025.12.05 02:00:00,0.57679,0.5769,0.5764,0.57655,1337.74
2025.12.05 03:00:00,0.57656,0.57657,0.57617,0.57636,1081.87
2025.12.05 04:00:00,0.57635,0.57699,0.57633,0.5768,1232.9
2025.12.05 05:00:00,0.57679,0.57715,0.57655,0.57697,1600.63
2025.12.05 06:00:00,0.57697,0.57752,0.57686,0.57743,1549.93
2025.12.05 07:00:00,0.57743,0.57806,0.57729,0.57736,2028.78
2025.12.05 08:00:00,0.57735,0.57785,0.57711,0.57717,2790.02
2025.12.05 09:00:00,0.57719,0.57749,0.57695,0.57742,2569.51
2025.12.05 10:00:00,0.57744,0.57777,0.57711,0.57759,1880.34
2025.12.05 11:00:00,0.57758,0.57763,0.57669,0.57705,2139.24
2025.12.05 12:00:00,0.57706,0.57792,0.57705,0.5779,1847.55
2025.12.05 13:00:00,0.5779,0.57826,0.57762,0.57797,3085.38
2025.12.05 14:00:00,0.57798,0.57867,0.57769,0.57827,3343.43
2025.12.05 15:00:00,0.57829,0.57851,0.57761,0.57806,4273.47
2025.12.05 16:00:00,0.57806,0.57806,0.57627,0.57703,4776.86
2025.12.05 17:00:00,0.57702,0.57755,0.57679,0.57751,1949.3
2025.12.05 18:00:00,0.57753,0.57773,0.57722,0.57743,1478.6
2025.12.05 19:00:00,0.57743,0.57763,0.57721,0.57762,1391.92
2025.12.05 20:00:00,0.57762,0.57764,0.57718,0.57744,1123.78
2025.12.05 21:00:00,0.57743,0.5776,0.57708,0.5774,1352.38
2025.12.07 22:00:00,0.57732,0.57767,0.57669,0.57717,2247.71
2025.12.07 23:00:00,0.57716,0.57768,0.57682,0.57743,4590.23
2025.12.08 00:00:00,0.57744,0.57846,0.57735,0.57839,2568.21
2025.12.08 01:00:00,0.57842,0.57909,0.57823,0.57883,3417.62
2025.12.08 02:00:00,0.57881,0.57898,0.57846,0.5789,1856.98
2025.12.08 03:00:00,0.5789,0.5791,0.57826,0.57839,1287.86
2025.12.08 04:00:00,0.57839,0.57872,0.57833,0.57846,1317.46
2025.12.08 05:00:00,0.57845,0.57866,0.57813,0.57854,996.99
2025.12.08 06:00:00,0.57855,0.57898,0.57805,0.57841,1981.16
2025.12.08 07:00:00,0.5784,0.57855,0.57737,0.57772,2172.35
2025.12.08 08:00:00,0.57771,0.57844,0.5776,0.57826,2120.78
2025.12.08 09:00:00,0.57826,0.57888,0.57786,0.57837,1990.71
2025.12.08 10:00:00,0.57837,0.57864,0.5782,0.57823,1565.95
2025.12.08 11:00:00,0.57823,0.57836,0.57754,0.57766,1567.34
2025.12.08 12:00:00,0.57765,0.57856,0.57743,0.57856,1553.93
2025.12.08 13:00:00,0.57857,0.57922,0.57817,0.57832,3000.03
2025.12.08 14:00:00,0.57835,0.57879,0.57733,0.57735,3585.9
2025.12.08 15:00:00,0.57735,0.57735,0.57582,0.57608,5572.07
2025.12.08 16:00:00,0.57607,0.57702,0.57591,0.57689,2696.17
2025.12.08 17:00:00,0.57689,0.57771,0.5766,0.57767,1988.98
2025.12.08 18:00:00,0.57766,0.57794,0.57697,0.57717,1682.18
2025.12.08 19:00:00,0.57716,0.57751,0.57697,0.57738,1183.9
2025.12.08 20:00:00,0.57739,0.57765,0.57733,0.57765,858.14
2025.12.08 21:00:00,0.57768,0.57768,0.57731,0.57752,1043.01
2025.12.08 22:00:00,0.57749,0.57749,0.57672,0.57715,1717.79
2025.12.08 23:00:00,0.57716,0.57754,0.57701,0.57754,899.6
2025.12.09 00:00:00,0.57753,0.57774,0.57708,0.57715,1371.7
2025.12.09 01:00:00,0.57714,0.57751,0.5767,0.57746,2027.61
2025.12.09 02:00:00,0.57748,0.57801,0.57725,0.578,1822.85
2025.12.09 03:00:00,0.57799,0.57874,0.57754,0.57852,3088.48
2025.12.09 04:00:00,0.57852,0.57902,0.57827,0.57894,2772.56
2025.12.09 05:00:00,0.57895,0.57921,0.57843,0.57875,1700.08
2025.12.09 06:00:00,0.57874,0.57875,0.57794,0.57826,2360.75
2025.12.09 07:00:00,0.57826,0.57853,0.5777,0.57804,1986.73
2025.12.09 08:00:00,0.57806,0.57835,0.57781,0.57809,2054.25
2025.12.09 09:00:00,0.5781,0.57942,0.57805,0.57925,2773.88
2025.12.09 10:00:00,0.57926,0.57929,0.57856,0.57873,2211.5
2025.12.09 11:00:00,0.57875,0.57905,0.57853,0.57878,2231.54
2025.12.09 12:00:00,0.5788,0.57885,0.57827,0.57849,2179.18
2025.12.09 13:00:00,0.57849,0.57886,0.57798,0.57852,2426.1
2025.12.09 14:00:00,0.5785,0.57883,0.57793,0.5787,6240.04
2025.12.09 15:00:00,0.57869,0.57944,0.57729,0.57839,7521.22
2025.12.09 16:00:00,0.57838,0.57926,0.57834,0.57913,5732.9
2025.12.09 17:00:00,0.57913,0.57924,0.57777,0.5778,3792.18
2025.12.09 18:00:00,0.5778,0.57792,0.57748,0.57784,2509.55
2025.12.09 19:00:00,0.57785,0.57815,0.5777,0.57796,3074.63
2025.12.09 20:00:00,0.57795,0.57813,0.57785,0.57803,2134.95
2025.12.09 21:00:00,0.57803,0.57809,0.57778,0.57794,2426.55
2025.12.09 22:00:00,0.57794,0.57795,0.57662,0.57778,2162.66
2025.12.09 23:00:00,0.5778,0.57798,0.57769,0.57785,1069.89
2025.12.10 00:00:00,0.57788,0.5782,0.57746,0.5775,1933.49
2025.12.10 01:00:00,0.57749,0.57766,0.57661,0.57665,2127.16
2025.12.10 02:00:00,0.57665,0.57696,0.57644,0.57658,2013.77
2025.12.10 03:00:00,0.57656,0.5769,0.57609,0.57676,1642.87
2025.12.10 04:00:00,0.57675,0.57736,0.57662,0.57729,1238.64
2025.12.10 05:00:00,0.57727,0.57759,0.57704,0.57758,990.11
2025.12.10 06:00:00,0.57755,0.57814,0.57751,0.5781,1338.95
2025.12.10 07:00:00,0.57811,0.57835,0.5779,0.57821,1458.25
2025.12.10 08:00:00,0.57822,0.57886,0.57801,0.57863,2147.79
2025.12.10 09:00:00,0.57864,0.57886,0.57802,0.57861,2510.25
2025.12.10 10:00:00,0.57861,0.5789,0.57813,0.57836,2237.18
2025.12.10 11:00:00,0.57836,0.57859,0.57799,0.57849,2125.23
2025.12.10 12:00:00,0.57848,0.57873,0.57819,0.57835,1676.45
2025.12.10 13:00:00,0.57834,0.57844,0.5774,0.57817,3506.44
2025.12.10 14:00:00,0.57816,0.57831,0.57765,0.5782,4241.03
2025.12.10 15:00:00,0.5782,0.57866,0.57747,0.57786,3716.17
2025.12.10 16:00:00,0.57784,0.57862,0.57751,0.57859,2801.28
2025.12.10 17:00:00,0.5786,0.57894,0.57832,0.57868,1789.87
2025.12.10 18:00:00,0.57866,0.579,0.57802,0.57802,2355.87
2025.12.10 19:00:00,0.57801,0.58079,0.57754,0.58045,18490.46
2025.12.10 20:00:00,0.58045,0.58242,0.58007,0.58158,5919.39
2025.12.10 21:00:00,0.58157,0.58176,0.58129,0.5815,2209
2025.12.10 22:00:00,0.58147,0.58147,0.58105,0.58114,1296.54
2025.12.10 23:00:00,0.58114,0.5817,0.58107,0.58155,1186.99
2025.12.11 00:00:00,0.58158,0.582,0.58104,0.58126,2915.84
2025.12.11 01:00:00,0.58129,0.58183,0.58112,0.58167,3082.06
2025.12.11 02:00:00,0.58166,0.58202,0.5803,0.58041,2434.69
2025.12.11 03:00:00,0.58042,0.58059,0.57954,0.57965,3063.88
2025.12.11 04:00:00,0.57964,0.57985,0.57913,0.57967,1604.14
2025.12.11 05:00:00,0.57966,0.57982,0.57932,0.57942,1807.85
2025.12.11 06:00:00,0.57941,0.57953,0.57877,0.57948,2122.52
2025.12.11 07:00:00,0.57949,0.5803,0.57923,0.57991,2538.31
2025.12.11 08:00:00,0.57993,0.5806,0.57978,0.58035,3439.5
2025.12.11 09:00:00,0.58032,0.58056,0.57975,0.58048,2708.66
2025.12.11 10:00:00,0.58048,0.5807,0.58014,0.58061,2648.98
2025.12.11 11:00:00,0.58061,0.58139,0.58055,0.58114,2644.25
2025.12.11 12:00:00,0.58116,0.58149,0.58105,0.58141,2484.11
2025.12.11 13:00:00,0.58143,0.58261,0.58104,0.58221,5205.23
2025.12.11 14:00:00,0.5822,0.5831,0.58159,0.58174,4505.42
2025.12.11 15:00:00,0.58173,0.58241,0.58141,0.58213,5411
2025.12.11 16:00:00,0.58211,0.58236,0.58103,0.58176,4076.24
2025.12.11 17:00:00,0.58175,0.58227,0.58152,0.58172,2596.7
2025.12.11 18:00:00,0.58169,0.58205,0.58148,0.58161,1979.52
2025.12.11 19:00:00,0.5816,0.58166,0.58089,0.58093,1400.05
2025.12.11 20:00:00,0.58094,0.58106,0.58047,0.58094,1483.51
2025.12.11 21:00:00,0.58093,0.58111,0.58064,0.58078,1547.16
2025.12.11 22:00:00,0.58075,0.58105,0.58015,0.58051,2541.17
2025.12.11 23:00:00,0.58052,0.58095,0.58051,0.58091,855.42
2025.12.12 00:00:00,0.5809,0.58174,0.58084,0.58148,2192.4
2025.12.12 01:00:00,0.58147,0.58203,0.5811,0.58119,2414.92
2025.12.12 02:00:00,0.58118,0.58157,0.5809,0.58119,1804.37
2025.12.12 03:00:00,0.58119,0.58128,0.58101,0.58107,1545.03
2025.12.12 04:00:00,0.58108,0.5811,0.58073,0.58073,838.24
2025.12.12 05:00:00,0.58074,0.58142,0.58071,0.58133,1600.48
2025.12.12 06:00:00,0.58132,0.58159,0.58096,0.5812,1405.69
2025.12.12 07:00:00,0.58118,0.58154,0.58073,0.58125,2438.7
2025.12.12 08:00:00,0.58126,0.58191,0.58121,0.58161,2992.72
2025.12.12 09:00:00,0.58161,0.58176,0.58099,0.58145,2879.49
2025.12.12 10:00:00,0.58144,0.58152,0.58069,0.58112,1991.09
2025.12.12 11:00:00,0.58113,0.58118,0.58053,0.58106,1587.64
2025.12.12 12:00:00,0.58104,0.58121,0.58044,0.58056,2281.49
2025.12.12 13:00:00,0.58055,0.5812,0.58047,0.58082,2858.14
2025.12.12 14:00:00,0.58082,0.58153,0.58062,0.58113,4637.17
2025.12.12 15:00:00,0.58112,0.58115,0.57915,0.57954,6959.18
2025.12.12 16:00:00,0.57955,0.57979,0.57873,0.57914,7264.24
2025.12.12 17:00:00,0.57913,0.58054,0.57909,0.58033,4037.94
2025.12.12 18:00:00,0.58034,0.58076,0.5802,0.58025,2091.16
2025.12.12 19:00:00,0.58023,0.5803,0.57987,0.58024,1860.45
2025.12.12 20:00:00,0.58023,0.58074,0.5799,0.58015,2676.69
2025.12.12 21:00:00,0.58016,0.58056,0.58012,0.58014,2753.32
2025.12.14 22:00:00,0.57928,0.5802,0.57871,0.57871,1813.88
2025.12.14 23:00:00,0.57872,0.58034,0.57872,0.5801,1641.21
2025.12.15 00:00:00,0.5801,0.58035,0.57972,0.58035,1469.16
2025.12.15 01:00:00,0.58032,0.58081,0.58009,0.58074,2308.77
2025.12.15 02:00:00,0.58073,0.58076,0.5774,0.57802,4397.21
2025.12.15 03:00:00,0.57804,0.57838,0.57672,0.57697,2822.62
2025.12.15 04:00:00,0.57698,0.57752,0.57653,0.57745,1242.59
2025.12.15 05:00:00,0.57746,0.57818,0.57745,0.57808,1403.37
2025.12.15 06:00:00,0.57806,0.57847,0.57765,0.57843,1966.3
2025.12.15 07:00:00,0.57844,0.57877,0.57823,0.57825,2486.45
2025.12.15 08:00:00,0.57826,0.57864,0.5778,0.57785,3324.9
2025.12.15 09:00:00,0.57786,0.57863,0.5778,0.57856,1954.61
2025.12.15 10:00:00,0.57853,0.57864,0.57798,0.57851,1878.79
2025.12.15 11:00:00,0.57851,0.57949,0.57846,0.57926,1452.23
2025.12.15 12:00:00,0.57925,0.57972,0.57925,0.57936,1344.16
2025.12.15 13:00:00,0.5794,0.57986,0.57912,0.57912,2746.14
2025.12.15 14:00:00,0.57911,0.58024,0.57889,0.57966,4531.07
2025.12.15 15:00:00,0.57964,0.58026,0.57915,0.58017,6172.68
2025.12.15 16:00:00,0.58018,0.58026,0.57894,0.57932,5070.09
2025.12.15 17:00:00,0.57931,0.57942,0.57859,0.57872,2942.19
2025.12.15 18:00:00,0.57872,0.57903,0.57824,0.57858,2012.23
2025.12.15 19:00:00,0.57857,0.57879,0.57831,0.57874,1471.32
2025.12.15 20:00:00,0.57873,0.57876,0.57839,0.57843,1091.88
2025.12.15 21:00:00,0.57841,0.57859,0.57797,0.57797,1228
2025.12.15 22:00:00,0.57802,0.57809,0.57761,0.5779,1925.12
2025.12.15 23:00:00,0.5779,0.57888,0.57787,0.57848,1785.73
2025.12.16 00:00:00,0.57849,0.57868,0.57707,0.57716,1903.11
2025.12.16 01:00:00,0.57715,0.57728,0.57577,0.57645,4188.9
2025.12.16 02:00:00,0.57644,0.57694,0.5763,0.57674,3063.23
2025.12.16 03:00:00,0.57674,0.57766,0.57668,0.57762,2411.44
2025.12.16 04:00:00,0.57763,0.57815,0.57749,0.57787,1701.17
2025.12.16 05:00:00,0.57786,0.57811,0.57755,0.5777,2317.74
2025.12.16 06:00:00,0.57768,0.57851,0.57748,0.57839,2637.37
2025.12.16 07:00:00,0.57839,0.57865,0.57817,0.57846,1712.3
2025.12.16 08:00:00,0.57847,0.5791,0.57845,0.57873,2661.5
2025.12.16 09:00:00,0.57872,0.57886,0.57826,0.57828,2447.25
2025.12.16 10:00:00,0.5783,0.57859,0.57813,0.57826,3010.38
2025.12.16 11:00:00,0.57825,0.57849,0.57802,0.57848,1891.09
2025.12.16 12:00:00,0.57848,0.57856,0.57785,0.57846,2877.4
2025.12.16 13:00:00,0.57847,0.58067,0.57807,0.57919,9258.13
2025.12.16 14:00:00,0.57918,0.58056,0.57884,0.58036,8397.02
2025.12.16 15:00:00,0.58037,0.58044,0.57849,0.5792,9896.13
2025.12.16 16:00:00,0.57917,0.57938,0.57874,0.5792,7352.99
2025.12.16 17:00:00,0.5792,0.57986,0.57875,0.57884,3344.78
2025.12.16 18:00:00,0.57881,0.5789,0.57793,0.57868,3242.85
2025.12.16 19:00:00,0.57868,0.57906,0.57722,0.5788,3861.01
2025.12.16 20:00:00,0.57878,0.57916,0.57854,0.57875,2023.84
2025.12.16 21:00:00,0.57875,0.57875,0.57799,0.57799,1706.22
2025.12.16 22:00:00,0.57795,0.57814,0.57753,0.57802,1492.68
2025.12.16 23:00:00,0.57802,0.57867,0.57801,0.57834,1428.8
2025.12.17 00:00:00,0.57832,0.57832,0.57756,0.57794,1802.33
2025.12.17 01:00:00,0.57793,0.57885,0.57768,0.57876,2699.15
2025.12.17 02:00:00,0.57877,0.57881,0.57708,0.57814,4336.35
2025.12.17 03:00:00,0.57815,0.57877,0.5779,0.5787,2075.63
2025.12.17 04:00:00,0.57869,0.57869,0.57744,0.57746,1950.8
2025.12.17 05:00:00,0.57746,0.57758,0.57718,0.57751,1739.95
2025.12.17 06:00:00,0.57751,0.57766,0.57684,0.57703,2607.63
2025.12.17 07:00:00,0.57704,0.57731,0.57668,0.57716,3452.65
2025.12.17 08:00:00,0.57715,0.57774,0.57682,0.57766,3624.82
2025.12.17 09:00:00,0.57767,0.57785,0.57699,0.57699,2848.94
2025.12.17 10:00:00,0.57698,0.57777,0.57687,0.57767,1556.41
2025.12.17 11:00:00,0.5777,0.57801,0.57695,0.5773,1717.33
2025.12.17 12:00:00,0.57732,0.57795,0.57732,0.57793,1887.48
2025.12.17 13:00:00,0.57794,0.57802,0.57715,0.57787,3703.19
2025.12.17 14:00:00,0.57789,0.57876,0.57763,0.57849,3785.4
2025.12.17 15:00:00,0.57848,0.57938,0.57789,0.57832,5393.91
2025.12.17 16:00:00,0.57832,0.57895,0.57732,0.57754,5864.99
2025.12.17 17:00:00,0.57755,0.57791,0.57737,0.57764,4049.36
2025.12.17 18:00:00,0.57764,0.57815,0.57715,0.57728,2326.16
2025.12.17 19:00:00,0.57728,0.57784,0.57725,0.57756,1973.01
2025.12.17 20:00:00,0.57757,0.57815,0.57747,0.57754,1598.25
2025.12.17 21:00:00,0.57753,0.57839,0.5773,0.57734,1745.05
2025.12.17 22:00:00,0.57734,0.57751,0.57683,0.57698,2661.78
2025.12.17 23:00:00,0.57696,0.5773,0.57682,0.57683,1140.76
2025.12.18 00:00:00,0.57683,0.57704,0.57622,0.57662,1617.26
2025.12.18 01:00:00,0.57663,0.57699,0.57603,0.57639,2886.8
2025.12.18 02:00:00,0.57641,0.577,0.57629,0.57644,2976.98
2025.12.18 03:00:00,0.57643,0.5767,0.57542,0.57554,2548.06
2025.12.18 04:00:00,0.57554,0.57607,0.57553,0.57607,1220.32
2025.12.18 05:00:00,0.5761,0.57656,0.57601,0.57638,1806.45
2025.12.18 06:00:00,0.57637,0.57649,0.5758,0.57613,1851.44
2025.12.18 07:00:00,0.57615,0.57678,0.5761,0.57635,1985.61
2025.12.18 08:00:00,0.57635,0.5766,0.57599,0.57636,2380.5
2025.12.18 09:00:00,0.57635,0.57643,0.57581,0.57631,2196.6
2025.12.18 10:00:00,0.5763,0.57685,0.57625,0.57664,1710.35
2025.12.18 11:00:00,0.57664,0.57676,0.5764,0.57657,2047.73
2025.12.18 12:00:00,0.57656,0.57698,0.57606,0.57633,2824.88
2025.12.18 13:00:00,0.57634,0.57874,0.57615,0.57794,7960.69
2025.12.18 14:00:00,0.57793,0.57871,0.57745,0.57782,6854.03
2025.12.18 15:00:00,0.57784,0.57816,0.57691,0.57773,5955.68
2025.12.18 16:00:00,0.57774,0.57866,0.57768,0.57787,4801.96
2025.12.18 17:00:00,0.57786,0.57795,0.57661,0.57723,4697.15
2025.12.18 18:00:00,0.57727,0.57765,0.57695,0.57737,1997.86
2025.12.18 19:00:00,0.57736,0.57751,0.57711,0.57721,2411.67
2025.12.18 20:00:00,0.57719,0.57746,0.57706,0.57717,1783.4
2025.12.18 21:00:00,0.57715,0.57754,0.57715,0.57741,1255.93
2025.12.18 22:00:00,0.57733,0.57733,0.57669,0.57712,1477.41
2025.12.18 23:00:00,0.57706,0.57767,0.57706,0.57744,997.46
2025.12.19 00:00:00,0.5775,0.57822,0.57702,0.57799,1737.45
2025.12.19 01:00:00,0.57803,0.57829,0.57702,0.57719,2438.97
2025.12.19 02:00:00,0.57718,0.57753,0.57658,0.57675,1918.03
2025.12.19 03:00:00,0.57674,0.57694,0.57637,0.57642,2999.99
2025.12.19 04:00:00,0.57643,0.57656,0.57588,0.57615,1557.18
2025.12.19 05:00:00,0.57617,0.57622,0.57581,0.57582,1316.22
2025.12.19 06:00:00,0.5758,0.57631,0.57556,0.57595,1937.35
2025.12.19 07:00:00,0.57596,0.57617,0.57443,0.57468,3368.47
2025.12.19 08:00:00,0.57469,0.57526,0.5745,0.5749,3017.76
2025.12.19 09:00:00,0.57488,0.57515,0.57448,0.57484,2830.02
2025.12.19 10:00:00,0.57484,0.57502,0.57455,0.57497,1971.95
2025.12.19 11:00:00,0.57497,0.57499,0.57431,0.57451,1618.03
2025.12.19 12:00:00,0.57452,0.57458,0.57406,0.57408,1825.41
2025.12.19 13:00:00,0.5741,0.57448,0.57357,0.57448,2874.04
2025.12.19 14:00:00,0.5745,0.57574,0.57441,0.57558,4119.34
2025.12.19 15:00:00,0.57561,0.57596,0.57479,0.57517,4347.29
2025.12.19 16:00:00,0.57517,0.57597,0.57511,0.57586,4156.97
2025.12.19 17:00:00,0.57586,0.57607,0.5755,0.57589,1376.73
2025.12.19 18:00:00,0.57589,0.57655,0.57588,0.57612,2860.24
2025.12.19 19:00:00,0.57612,0.57643,0.57601,0.57638,1962.28
2025.12.19 20:00:00,0.57638,0.57648,0.57555,0.57578,1909.04
2025.12.19 21:00:00,0.57578,0.57588,0.57525,0.57533,2579.21
2025.12.21 22:00:00,0.57373,0.57513,0.57373,0.57492,1308.44
2025.12.21 23:00:00,0.57487,0.5757,0.57481,0.57555,9478.52
2025.12.22 00:00:00,0.57555,0.57645,0.57554,0.5764,5891.55
2025.12.22 01:00:00,0.5764,0.5769,0.57595,0.57623,7239.93
2025.12.22 02:00:00,0.57623,0.57698,0.5762,0.57689,1716.29
2025.12.22 03:00:00,0.57688,0.57712,0.57649,0.57654,1828.69
2025.12.22 04:00:00,0.57654,0.57706,0.57653,0.57698,961.79
2025.12.22 05:00:00,0.57697,0.57706,0.5767,0.57683,1007.54
2025.12.22 06:00:00,0.57684,0.57697,0.57659,0.57685,1619.88
2025.12.22 07:00:00,0.57685,0.57832,0.57685,0.57781,2055.23
2025.12.22 08:00:00,0.57779,0.57845,0.57767,0.57839,2570.18
2025.12.22 09:00:00,0.57837,0.57847,0.57783,0.57825,2917.02
2025.12.22 10:00:00,0.57825,0.57863,0.57819,0.57835,2805.96
2025.12.22 11:00:00,0.57837,0.57879,0.57823,0.57879,1752.44
2025.12.22 12:00:00,0.57881,0.57893,0.57848,0.57884,2650.42
2025.12.22 13:00:00,0.57886,0.57921,0.57875,0.57881,3575.56
2025.12.22 14:00:00,0.57885,0.57976,0.57848,0.57965,3517.87
2025.12.22 15:00:00,0.57963,0.57995,0.57933,0.57937,4387.28
2025.12.22 16:00:00,0.57938,0.57976,0.57923,0.57961,3320.71
2025.12.22 17:00:00,0.5796,0.58011,0.57949,0.57968,1407.94
2025.12.22 18:00:00,0.57969,0.57982,0.57918,0.5794,1924.58
2025.12.22 19:00:00,0.57938,0.57942,0.57914,0.57937,1222.59
2025.12.22 20:00:00,0.57936,0.57966,0.5792,0.57932,1048.25
2025.12.22 21:00:00,0.5793,0.57956,0.5793,0.57931,755.16
2025.12.22 22:00:00,0.57922,0.5794,0.57802,0.57929,1416.71
2025.12.22 23:00:00,0.57929,0.57973,0.57927,0.57951,946.56
2025.12.23 00:00:00,0.5795,0.58072,0.57943,0.58026,1729.01
2025.12.23 01:00:00,0.58026,0.58093,0.58001,0.58065,2023.21
2025.12.23 02:00:00,0.58066,0.58165,0.58065,0.58153,2338.77
2025.12.23 03:00:00,0.58154,0.58161,0.58097,0.58128,1927.33
2025.12.23 04:00:00,0.58128,0.58161,0.58118,0.58138,2193.36
2025.12.23 05:00:00,0.58137,0.58156,0.581,0.58116,2550.56
2025.12.23 06:00:00,0.58115,0.58152,0.58073,0.58105,3658.78
2025.12.23 07:00:00,0.58105,0.5822,0.58093,0.58198,4848.77
2025.12.23 08:00:00,0.58197,0.58325,0.58191,0.5831,2935.09
2025.12.23 09:00:00,0.58311,0.58375,0.583,0.58375,3780.84
2025.12.23 10:00:00,0.58376,0.58409,0.58368,0.58395,2513.05
2025.12.23 11:00:00,0.58394,0.58409,0.58363,0.58366,3096.59
2025.12.23 12:00:00,0.58366,0.58419,0.58361,0.58383,2723.16
2025.12.23 13:00:00,0.58382,0.58429,0.58275,0.5828,6085.79
2025.12.23 14:00:00,0.5828,0.58304,0.58193,0.58221,7021.95
2025.12.23 15:00:00,0.58223,0.58306,0.58203,0.58294,7090.01
2025.12.23 16:00:00,0.58293,0.5833,0.58278,0.58303,5159.83
2025.12.23 17:00:00,0.58303,0.58333,0.5828,0.5829,4197.44
2025.12.23 18:00:00,0.58287,0.58352,0.58277,0.5835,1496.82
2025.12.23 19:00:00,0.5835,0.584,0.5835,0.5839,1175.16
2025.12.23 20:00:00,0.58386,0.58392,0.58365,0.58379,1538.93
2025.12.23 21:00:00,0.58381,0.58421,0.58377,0.58409,1434.96
2025.12.23 22:00:00,0.58389,0.58401,0.58314,0.5839,1523.15
2025.12.23 23:00:00,0.58389,0.58426,0.58385,0.58425,1872.34
2025.12.24 00:00:00,0.58424,0.58443,0.58367,0.58399,2924.5
2025.12.24 01:00:00,0.58399,0.58482,0.58357,0.58482,2801.01
2025.12.24 02:00:00,0.58483,0.5853,0.58472,0.58475,1526.55
2025.12.24 03:00:00,0.58473,0.58479,0.58396,0.584,1592.91
2025.12.24 04:00:00,0.58401,0.58422,0.58387,0.58399,989.14
2025.12.24 05:00:00,0.58398,0.58448,0.58397,0.58441,1359.47
2025.12.24 06:00:00,0.5844,0.58471,0.58427,0.58453,1494.25
2025.12.24 07:00:00,0.58454,0.58478,0.58405,0.58433,2357.39
2025.12.24 08:00:00,0.58434,0.58464,0.58378,0.58457,5193.73
2025.12.24 09:00:00,0.58458,0.58473,0.58416,0.5846,2249.01
2025.12.24 10:00:00,0.58461,0.58465,0.58423,0.58454,2891.18
2025.12.24 11:00:00,0.58453,0.58461,0.58418,0.58419,2468.26
2025.12.24 12:00:00,0.58419,0.58451,0.58347,0.58364,3454.02
2025.12.24 13:00:00,0.58363,0.58386,0.58326,0.58362,5411.88
2025.12.24 14:00:00,0.58362,0.58392,0.58329,0.58366,5553.55
2025.12.24 15:00:00,0.58367,0.58421,0.58323,0.58358,4694.92
2025.12.24 16:00:00,0.58356,0.58407,0.58318,0.58345,3135
2025.12.24 17:00:00,0.58345,0.58366,0.58321,0.58334,1245.72
2025.12.24 18:00:00,0.58333,0.58363,0.58303,0.58358,3493.98
2025.12.24 19:00:00,0.58358,0.5836,0.58341,0.58352,1377.15
2025.12.24 20:00:00,0.58351,0.58354,0.58338,0.5834,3907.58
2025.12.24 21:00:00,0.58341,0.58352,0.58306,0.58306,2647.18
2025.12.24 22:00:00,0.58297,0.5833,0.58259,0.58259,43.5
2025.12.24 23:00:00,0.58259,0.58292,0.58243,0.58266,109.2
2025.12.25 00:00:00,0.58253,0.58414,0.58253,0.58322,124.2
2025.12.25 01:00:00,0.58325,0.58352,0.58325,0.58352,2.4
2025.12.25 02:00:00,0.58352,0.58352,0.58352,0.58352,0
2025.12.25 03:00:00,0.58325,0.58352,0.58325,0.58352,3
2025.12.25 04:00:00,0.58325,0.58325,0.58325,0.58325,1.8
2025.12.25 05:00:00,0.58325,0.58325,0.58325,0.58325,0
2025.12.25 06:00:00,0.58351,0.58419,0.58349,0.58349,20.4
2025.12.25 07:00:00,0.58288,0.58289,0.58246,0.58246,3.6
2025.12.25 22:00:00,0.5825,0.58382,0.58233,0.5833,283.35
2025.12.25 23:00:00,0.58383,0.58383,0.58259,0.58351,3085
2025.12.26 00:00:00,0.58352,0.5839,0.58327,0.58339,4078.09
2025.12.26 01:00:00,0.58342,0.58413,0.58338,0.58346,3200.9
2025.12.26 02:00:00,0.58345,0.58401,0.5834,0.58383,1532.04
2025.12.26 03:00:00,0.58383,0.5839,0.58315,0.58317,2995.08
2025.12.26 04:00:00,0.58316,0.58342,0.58307,0.58323,989.94
2025.12.26 05:00:00,0.58324,0.58357,0.58289,0.58342,1004.97
2025.12.26 06:00:00,0.58346,0.58362,0.58272,0.58282,2866.06
2025.12.26 07:00:00,0.58283,0.5829,0.58214,0.58243,2344.13
2025.12.26 08:00:00,0.5824,0.58256,0.58203,0.58252,2016.81
2025.12.26 09:00:00,0.58254,0.5826,0.58184,0.58184,2143.16
2025.12.26 10:00:00,0.58184,0.58223,0.58175,0.58187,3245.75
2025.12.26 11:00:00,0.58187,0.58225,0.58187,0.58203,1253.69
2025.12.26 12:00:00,0.58204,0.58216,0.58177,0.58211,2325.53
2025.12.26 13:00:00,0.58212,0.5833,0.58198,0.58316,3374.43
2025.12.26 14:00:00,0.58317,0.58366,0.58311,0.58337,6724.48
2025.12.26 15:00:00,0.58337,0.58419,0.58314,0.58342,6188.93
2025.12.26 16:00:00,0.58342,0.58347,0.58236,0.58265,4544.39
2025.12.26 17:00:00,0.58266,0.58296,0.58247,0.58292,2401.35
2025.12.26 18:00:00,0.58293,0.58311,0.58281,0.58292,1645.55
2025.12.26 19:00:00,0.58292,0.58298,0.58261,0.58289,1620.47
2025.12.26 20:00:00,0.58292,0.58319,0.58285,0.58319,1501.51
2025.12.26 21:00:00,0.58318,0.58328,0.58198,0.58237,3031.93
2025.12.28 22:00:00,0.58225,0.58278,0.58215,0.58257,1229.13
2025.12.28 23:00:00,0.58258,0.58298,0.58242,0.58257,2362.57
2025.12.29 00:00:00,0.58257,0.58326,0.58251,0.58263,3647.47
2025.12.29 01:00:00,0.58269,0.58311,0.58253,0.58287,3802.47
2025.12.29 02:00:00,0.58287,0.58332,0.58249,0.5831,3200.49
2025.12.29 03:00:00,0.58309,0.58325,0.58276,0.58296,1941.06
2025.12.29 04:00:00,0.58297,0.58314,0.58244,0.58247,1985.02
2025.12.29 05:00:00,0.58247,0.5825,0.58187,0.58188,2754.23
2025.12.29 06:00:00,0.58188,0.58215,0.58161,0.5819,2465.96
2025.12.29 07:00:00,0.5819,0.58247,0.58153,0.58182,2652.44
2025.12.29 08:00:00,0.58179,0.58183,0.58074,0.58133,5159.98
2025.12.29 09:00:00,0.58132,0.58141,0.58023,0.58072,3370.72
2025.12.29 10:00:00,0.58071,0.58105,0.58039,0.58042,3562.95
2025.12.29 11:00:00,0.58042,0.58047,0.57985,0.57995,3982.71
2025.12.29 12:00:00,0.57995,0.57996,0.57898,0.57956,3963.14
2025.12.29 13:00:00,0.57958,0.57996,0.57928,0.57976,4031.95
2025.12.29 14:00:00,0.57975,0.58084,0.57925,0.58045,4310.44
2025.12.29 15:00:00,0.58045,0.58096,0.57946,0.58095,8159.25
2025.12.29 16:00:00,0.58095,0.58103,0.58025,0.58052,8026.33
2025.12.29 17:00:00,0.58052,0.58059,0.58013,0.58026,4544.24
2025.12.29 18:00:00,0.58022,0.58061,0.57989,0.57989,2469.29
2025.12.29 19:00:00,0.57987,0.58068,0.57981,0.58058,1798.49
2025.12.29 20:00:00,0.5806,0.58069,0.58019,0.58037,1508.1
2025.12.29 21:00:00,0.58037,0.5807,0.58027,0.58032,1067.01
2025.12.29 22:00:00,0.58028,0.58051,0.57903,0.5803,3272.54
2025.12.29 23:00:00,0.5803,0.58075,0.58026,0.58074,849.28
2025.12.30 00:00:00,0.58072,0.58093,0.58037,0.58054,1244.2
2025.12.30 01:00:00,0.58053,0.5809,0.58017,0.58086,3171.03
2025.12.30 02:00:00,0.58088,0.58111,0.58027,0.5808,2177.99
2025.12.30 03:00:00,0.58082,0.58105,0.58044,0.5807,1907.1
2025.12.30 04:00:00,0.58069,0.58136,0.58069,0.58128,1059.08
2025.12.30 05:00:00,0.5813,0.58176,0.58117,0.5816,1549.03
2025.12.30 06:00:00,0.58161,0.58191,0.58143,0.5817,1584.37
2025.12.30 07:00:00,0.58171,0.58176,0.58111,0.58133,1482.7
2025.12.30 08:00:00,0.58136,0.58153,0.58081,0.58091,2360.87
2025.12.30 09:00:00,0.58093,0.58145,0.5806,0.58065,2797.71
2025.12.30 10:00:00,0.58068,0.58114,0.58064,0.58079,2063.57
2025.12.30 11:00:00,0.5808,0.58085,0.57987,0.57997,1541.24
2025.12.30 12:00:00,0.57997,0.58004,0.57962,0.57978,2488.31
2025.12.30 13:00:00,0.57979,0.58006,0.57938,0.57968,4099.74
2025.12.30 14:00:00,0.57969,0.58023,0.57959,0.58021,2730.74
2025.12.30 15:00:00,0.58022,0.58045,0.57896,0.58044,4081.78
2025.12.30 16:00:00,0.58044,0.5806,0.57999,0.58019,3223.12
2025.12.30 17:00:00,0.5802,0.58034,0.57992,0.5802,1740.11
2025.12.30 18:00:00,0.58022,0.58045,0.57951,0.57961,1323.43
2025.12.30 19:00:00,0.57958,0.57972,0.57895,0.57914,1118.69
2025.12.30 20:00:00,0.57915,0.57944,0.5788,0.57884,1108.86
2025.12.30 21:00:00,0.57884,0.57926,0.57884,0.57912,765.72
2025.12.30 22:00:00,0.57913,0.57915,0.57883,0.57886,1201.25
2025.12.30 23:00:00,0.57887,0.57913,0.57887,0.57899,1019.4
2025.12.31 00:00:00,0.57899,0.57917,0.5785,0.57875,1130.12
2025.12.31 01:00:00,0.57876,0.5791,0.57804,0.57804,2585.64
2025.12.31 02:00:00,0.57803,0.5783,0.57757,0.57814,2348.1
2025.12.31 03:00:00,0.57812,0.57836,0.57784,0.57796,1609
2025.12.31 04:00:00,0.57795,0.57809,0.57766,0.57769,1066.97
2025.12.31 05:00:00,0.57767,0.57795,0.57698,0.57722,1674.34
2025.12.31 06:00:00,0.57721,0.57722,0.57671,0.57699,1809.46
2025.12.31 07:00:00,0.577,0.57723,0.57634,0.5772,1930.24
2025.12.31 08:00:00,0.57721,0.57739,0.57639,0.5765,2789.99
2025.12.31 09:00:00,0.57649,0.57683,0.57642,0.57655,2797.07
2025.12.31 10:00:00,0.57657,0.57682,0.57595,0.57619,1947.19
2025.12.31 11:00:00,0.5762,0.57693,0.57614,0.5768,1542.21
2025.12.31 12:00:00,0.5768,0.57731,0.57678,0.57698,2466.2
2025.12.31 13:00:00,0.57699,0.57703,0.57605,0.57679,3697.43
2025.12.31 14:00:00,0.57678,0.57682,0.57576,0.57581,4218.59
2025.12.31 15:00:00,0.57584,0.57588,0.57394,0.57494,5833.73
2025.12.31 16:00:00,0.57495,0.57547,0.57481,0.57532,3598.42
2025.12.31 17:00:00,0.57534,0.5756,0.57514,0.57539,3802.51
2025.12.31 18:00:00,0.57542,0.57555,0.57507,0.57526,2790.23
2025.12.31 19:00:00,0.57527,0.57542,0.575,0.57516,2060.75
2025.12.31 20:00:00,0.57516,0.57571,0.57508,0.57557,1276.31
2025.12.31 21:00:00,0.57559,0.57581,0.57521,0.57557,1446.21
2026.01.01 22:00:00,0.57546,0.57605,0.57525,0.57529,852.51
2026.01.01 23:00:00,0.57535,0.57593,0.57515,0.5757,1099.25
2026.01.02 00:00:00,0.57571,0.57639,0.57508,0.57623,1710.82
2026.01.02 01:00:00,0.57624,0.577,0.57624,0.57667,1954.25
2026.01.02 02:00:00,0.57665,0.57703,0.57644,0.57665,2140.01
2026.01.02 03:00:00,0.57668,0.57686,0.57629,0.57679,1247.55
2026.01.02 04:00:00,0.57679,0.5769,0.57598,0.57598,1238.52
2026.01.02 05:00:00,0.57597,0.57621,0.57573,0.57587,1207.04
2026.01.02 06:00:00,0.57586,0.57597,0.57553,0.57556,1329.45
2026.01.02 07:00:00,0.57556,0.57646,0.57552,0.57636,2234.76
2026.01.02 08:00:00,0.57637,0.5771,0.57613,0.57686,3867.68
2026.01.02 09:00:00,0.57685,0.57719,0.57661,0.5769,2185.59
2026.01.02 10:00:00,0.57691,0.57736,0.5768,0.57716,1659.34
2026.01.02 11:00:00,0.57715,0.57724,0.57672,0.57689,1694.45
2026.01.02 12:00:00,0.57689,0.5772,0.57664,0.57684,1922.48
2026.01.02 13:00:00,0.57687,0.57704,0.5764,0.57653,2038.1
2026.01.02 14:00:00,0.57654,0.57737,0.57647,0.57733,3212.08
2026.01.02 15:00:00,0.57732,0.57775,0.57684,0.57714,4896.36
2026.01.02 16:00:00,0.57712,0.57715,0.57633,0.5765,3899.19
2026.01.02 17:00:00,0.5765,0.57702,0.57635,0.5767,2522.54
2026.01.02 18:00:00,0.5767,0.57672,0.57585,0.57613,1418.19
2026.01.02 19:00:00,0.57613,0.57668,0.57609,0.57664,1327.58
2026.01.02 20:00:00,0.57665,0.57674,0.5764,0.57671,1121.89
2026.01.02 21:00:00,0.5767,0.57702,0.57645,0.57645,1501.05
2026.01.04 22:00:00,0.57566,0.57637,0.57253,0.57548,2489.57
2026.01.04 23:00:00,0.57548,0.5769,0.57511,0.57543,2642.72
2026.01.05 00:00:00,0.57543,0.5763,0.5752,0.57541,2884.91
2026.01.05 01:00:00,0.57539,0.57616,0.57483,0.57561,3492.78
2026.01.05 02:00:00,0.57562,0.57624,0.57529,0.57593,3650.48
2026.01.05 03:00:00,0.57592,0.57611,0.57494,0.57495,2712.5
2026.01.05 04:00:00,0.57493,0.57516,0.5742,0.57506,1765.51
2026.01.05 05:00:00,0.57503,0.57552,0.5747,0.57541,1947.35
2026.01.05 06:00:00,0.57539,0.57567,0.57483,0.5756,2004.76
2026.01.05 07:00:00,0.57561,0.57585,0.57464,0.57491,2429.94
2026.01.05 08:00:00,0.57491,0.57579,0.57451,0.57518,2891.83
2026.01.05 09:00:00,0.5752,0.57534,0.57447,0.57493,2380.84
2026.01.05 10:00:00,0.57494,0.57628,0.5749,0.57611,3352.87
2026.01.05 11:00:00,0.57611,0.57635,0.57572,0.57572,2991.23
2026.01.05 12:00:00,0.57572,0.57621,0.57551,0.57557,2743.62
2026.01.05 13:00:00,0.57558,0.57564,0.57413,0.5756,5672.88
2026.01.05 14:00:00,0.57563,0.57669,0.5755,0.57634,7091.69
2026.01.05 15:00:00,0.57634,0.57842,0.57634,0.57805,7571.15
2026.01.05 16:00:00,0.57805,0.57906,0.57804,0.57873,4747.29
2026.01.05 17:00:00,0.57874,0.57892,0.57849,0.57858,2712.72
2026.01.05 18:00:00,0.57859,0.57881,0.57852,0.57879,1678.97
2026.01.05 19:00:00,0.57879,0.57909,0.57872,0.57905,1671.55
2026.01.05 20:00:00,0.57905,0.57916,0.57885,0.57885,978.52
2026.01.05 21:00:00,0.57884,0.57902,0.57868,0.57868,788.91
2026.01.05 22:00:00,0.57869,0.57885,0.57837,0.57866,1575.13
2026.01.05 23:00:00,0.57856,0.57882,0.57841,0.57851,691.29
2026.01.06 00:00:00,0.57852,0.57879,0.57821,0.57871,1440.59
2026.01.06 01:00:00,0.57875,0.57964,0.57788,0.5794,2907.49
2026.01.06 02:00:00,0.57941,0.58057,0.57923,0.58025,3234.27
2026.01.06 03:00:00,0.58026,0.58026,0.57955,0.57973,2223.54
2026.01.06 04:00:00,0.57973,0.58008,0.57964,0.57986,2613.32
2026.01.06 05:00:00,0.57985,0.58046,0.57978,0.5799,2711.09
2026.01.06 06:00:00,0.5799,0.58074,0.57981,0.58055,3764.78
2026.01.06 07:00:00,0.58056,0.58095,0.58015,0.5804,2710.62
2026.01.06 08:00:00,0.58037,0.581,0.57947,0.57965,4553.67
2026.01.06 09:00:00,0.57962,0.57967,0.57889,0.5791,3509.29
2026.01.06 10:00:00,0.5791,0.57949,0.57878,0.57889,4151.38
2026.01.06 11:00:00,0.57888,0.57903,0.57854,0.57877,2434.03
2026.01.06 12:00:00,0.57876,0.5791,0.57823,0.57826,2768.42
2026.01.06 13:00:00,0.57829,0.57911,0.57812,0.57898,4134.78
2026.01.06 14:00:00,0.57897,0.57975,0.57862,0.57918,4869.74
2026.01.06 15:00:00,0.57918,0.57918,0.57716,0.57771,6668.2
2026.01.06 16:00:00,0.57771,0.57787,0.57681,0.57775,3900.01
2026.01.06 17:00:00,0.57775,0.57843,0.5777,0.57827,2605.74
2026.01.06 18:00:00,0.57826,0.57848,0.57798,0.57799,2030.9
2026.01.06 19:00:00,0.578,0.57817,0.57778,0.57817,1412.29
2026.01.06 20:00:00,0.57816,0.57866,0.57814,0.57835,1108.29
2026.01.06 21:00:00,0.57836,0.57851,0.57824,0.57836,756.54
2026.01.06 22:00:00,0.57833,0.57873,0.57748,0.57851,5579.68
2026.01.06 23:00:00,0.57857,0.57874,0.57797,0.57804,1194.18
2026.01.07 00:00:00,0.57806,0.57876,0.57769,0.57838,2935.67
2026.01.07 01:00:00,0.57839,0.5792,0.57797,0.5787,4121.03
2026.01.07 02:00:00,0.57866,0.57909,0.57844,0.57858,2566.89
2026.01.07 03:00:00,0.57857,0.57901,0.57855,0.57869,1982.43
2026.01.07 04:00:00,0.57867,0.57916,0.57808,0.57809,2464.53
2026.01.07 05:00:00,0.57809,0.57851,0.57783,0.57805,1834.99
2026.01.07 06:00:00,0.57807,0.57845,0.57787,0.57827,2083.75
2026.01.07 07:00:00,0.57826,0.57841,0.57736,0.57807,3515.09
2026.01.07 08:00:00,0.57806,0.57868,0.57788,0.57865,2907.51
2026.01.07 09:00:00,0.57867,0.5788,0.57838,0.57868,3435.84
2026.01.07 10:00:00,0.57868,0.5791,0.57866,0.57886,3527.94
2026.01.07 11:00:00,0.57887,0.5793,0.57871,0.57904,2093.3
2026.01.07 12:00:00,0.57905,0.57925,0.57841,0.57871,2488.44
2026.01.07 13:00:00,0.57869,0.57923,0.57824,0.57914,5744.02
2026.01.07 14:00:00,0.57914,0.57928,0.57854,0.57911,6422.43
2026.01.07 15:00:00,0.57913,0.57913,0.57741,0.57801,7968.07
2026.01.07 16:00:00,0.57801,0.5781,0.57743,0.57781,3180.56
2026.01.07 17:00:00,0.57782,0.57845,0.57781,0.57804,1961.25
2026.01.07 18:00:00,0.57805,0.57843,0.57799,0.57815,2657.5
2026.01.07 19:00:00,0.57815,0.5782,0.57763,0.57775,1710.33
2026.01.07 20:00:00,0.57776,0.57788,0.57731,0.57731,1338.89
2026.01.07 21:00:00,0.57731,0.57731,0.57693,0.57705,894.43
2026.01.07 22:00:00,0.57705,0.57759,0.57672,0.5773,1308.88
2026.01.07 23:00:00,0.5772,0.57739,0.57715,0.57729,654.71
2026.01.08 00:00:00,0.57729,0.57738,0.57662,0.57674,1450.17
2026.01.08 01:00:00,0.57672,0.57708,0.57654,0.57693,2174.37
2026.01.08 02:00:00,0.57695,0.57706,0.57615,0.57647,2314.59
2026.01.08 03:00:00,0.57648,0.57694,0.57643,0.57679,1683.14
2026.01.08 04:00:00,0.57677,0.57686,0.5764,0.57645,1492.17
2026.01.08 05:00:00,0.57644,0.57645,0.57599,0.57622,1760.85
2026.01.08 06:00:00,0.57622,0.57623,0.57508,0.57576,3052.82
2026.01.08 07:00:00,0.57574,0.57583,0.5752,0.57522,3372.46
2026.01.08 08:00:00,0.57521,0.57544,0.57451,0.57462,4555.14
2026.01.08 09:00:00,0.57461,0.57482,0.57403,0.57442,3474.53
2026.01.08 10:00:00,0.57443,0.57494,0.57429,0.57491,2615.28
2026.01.08 11:00:00,0.5749,0.57505,0.57468,0.57498,1613.88
2026.01.08 12:00:00,0.57497,0.57509,0.57458,0.57483,2495.54
2026.01.08 13:00:00,0.57484,0.57515,0.57418,0.57451,3971.54
2026.01.08 14:00:00,0.57451,0.57482,0.5737,0.57476,5842.65
2026.01.08 15:00:00,0.57476,0.57545,0.5743,0.57542,7102.69
2026.01.08 16:00:00,0.57541,0.57542,0.57457,0.57496,4407.36
2026.01.08 17:00:00,0.57495,0.57519,0.57444,0.57488,3893.28
2026.01.08 18:00:00,0.57487,0.57498,0.57434,0.57437,1882.69
2026.01.08 19:00:00,0.57437,0.57473,0.57422,0.57465,1630.9
2026.01.08 20:00:00,0.57467,0.57515,0.57467,0.57488,939.43
2026.01.08 21:00:00,0.57488,0.57535,0.57469,0.575,1594.53
2026.01.08 22:00:00,0.57499,0.57515,0.57416,0.57498,1935.65
2026.01.08 23:00:00,0.57493,0.57531,0.57486,0.57493,1586.38
2026.01.09 00:00:00,0.57493,0.57493,0.57444,0.57445,1256.79
2026.01.09 01:00:00,0.57445,0.57461,0.57378,0.57428,4349.51
2026.01.09 02:00:00,0.57429,0.57448,0.57397,0.57431,3790.42
2026.01.09 03:00:00,0.57433,0.57443,0.57393,0.57424,1828.36
2026.01.09 04:00:00,0.57424,0.57462,0.57403,0.57452,1570.87
2026.01.09 05:00:00,0.57454,0.57457,0.57391,0.57406,1983.07
2026.01.09 06:00:00,0.57405,0.57429,0.57378,0.5738,1912.11
2026.01.09 07:00:00,0.5738,0.57386,0.573,0.5733,2257.78
2026.01.09 08:00:00,0.57332,0.5734,0.57268,0.57316,3275.18
2026.01.09 09:00:00,0.57316,0.57342,0.57271,0.5728,1822.04
2026.01.09 10:00:00,0.57282,0.57305,0.57259,0.57275,1661.83
2026.01.09 11:00:00,0.57275,0.5731,0.57258,0.57272,1483.1
2026.01.09 12:00:00,0.57273,0.57286,0.57224,0.57237,1826.98
2026.01.09 13:00:00,0.57237,0.57453,0.57162,0.57349,10366.78
2026.01.09 14:00:00,0.5735,0.57401,0.57229,0.57273,9801.23
2026.01.09 15:00:00,0.57273,0.57327,0.57108,0.57307,9489.15
2026.01.09 16:00:00,0.57307,0.57353,0.57224,0.57294,5574.91
2026.01.09 17:00:00,0.57294,0.5731,0.57261,0.57263,3262.05
2026.01.09 18:00:00,0.57262,0.57333,0.57256,0.57278,2251.86
2026.01.09 19:00:00,0.57278,0.57302,0.5727,0.57295,1357.8
2026.01.09 20:00:00,0.57295,0.57337,0.57292,0.57331,905.55
2026.01.09 21:00:00,0.57331,0.57334,0.57252,0.57252,1410.88
2026.01.11 22:00:00,0.57266,0.57322,0.57226,0.57315,686.64
2026.01.11 23:00:00,0.57315,0.57332,0.57266,0.57287,1926.12
2026.01.12 00:00:00,0.57286,0.57464,0.57259,0.57456,3196.63
2026.01.12 01:00:00,0.57457,0.57495,0.57419,0.57444,3558.95
2026.01.12 02:00:00,0.57445,0.57481,0.5742,0.57429,3044.25
2026.01.12 03:00:00,0.57428,0.57457,0.57419,0.57436,1559.48
2026.01.12 04:00:00,0.57436,0.57442,0.57396,0.5743,813.36
2026.01.12 05:00:00,0.5743,0.57491,0.5743,0.57487,1588.68
2026.01.12 06:00:00,0.57485,0.57501,0.57461,0.57482,1567.24
2026.01.12 07:00:00,0.57478,0.57551,0.57463,0.57524,2826.88
2026.01.12 08:00:00,0.57525,0.57589,0.57504,0.57539,3628.91
2026.01.12 09:00:00,0.57539,0.57598,0.5751,0.57545,2595.91
2026.01.12 10:00:00,0.57543,0.57585,0.57512,0.57582,2154.58
2026.01.12 11:00:00,0.57583,0.57616,0.57564,0.57573,1869.32
2026.01.12 12:00:00,0.57571,0.5764,0.57552,0.576,2117.11
2026.01.12 13:00:00,0.57604,0.57686,0.57591,0.57659,3357.59
2026.01.12 14:00:00,0.57656,0.57663,0.57553,0.576,5106.63
2026.01.12 15:00:00,0.57602,0.5766,0.57573,0.5764,3888.38
2026.01.12 16:00:00,0.5764,0.57678,0.57618,0.57619,3476.31
2026.01.12 17:00:00,0.57619,0.57677,0.57611,0.57669,3304.35
2026.01.12 18:00:00,0.57668,0.57686,0.57639,0.57648,2500.02
2026.01.12 19:00:00,0.57646,0.57683,0.57633,0.57662,1342.16
2026.01.12 20:00:00,0.57662,0.57681,0.57649,0.57658,956.52
2026.01.12 21:00:00,0.57657,0.57745,0.57654,0.57711,1302.26
2026.01.12 22:00:00,0.57704,0.57733,0.57695,0.57711,1415.23
2026.01.12 23:00:00,0.5771,0.5774,0.57706,0.57725,1752.19
2026.01.13 00:00:00,0.57724,0.57751,0.5771,0.57749,1444
2026.01.13 01:00:00,0.57751,0.57791,0.57724,0.57751,3061.4
2026.01.13 02:00:00,0.5775,0.57801,0.57743,0.57751,2700.76
2026.01.13 03:00:00,0.57751,0.57795,0.57741,0.57763,1916.04
2026.01.13 04:00:00,0.57762,0.57788,0.57748,0.57783,1406.11
2026.01.13 05:00:00,0.57783,0.57801,0.57755,0.57766,2020.89
2026.01.13 06:00:00,0.57765,0.57771,0.57702,0.57726,2747.77
2026.01.13 07:00:00,0.57727,0.57739,0.57692,0.57705,2118.26
2026.01.13 08:00:00,0.57704,0.57741,0.57636,0.57689,2628.11
2026.01.13 09:00:00,0.57689,0.57717,0.57671,0.57702,2250.71
2026.01.13 10:00:00,0.577,0.5771,0.57618,0.57623,1874.03
2026.01.13 11:00:00,0.57622,0.57649,0.57603,0.57642,1552.27
2026.01.13 12:00:00,0.57643,0.57647,0.57574,0.57579,2006.72
2026.01.13 13:00:00,0.57579,0.57821,0.57547,0.5765,10137.92
2026.01.13 14:00:00,0.57649,0.57701,0.57576,0.57595,8575.15
2026.01.13 15:00:00,0.57596,0.57607,0.57416,0.57488,6296
2026.01.13 16:00:00,0.57489,0.57492,0.57346,0.57445,3969.54
2026.01.13 17:00:00,0.57445,0.5746,0.57373,0.574,3123.97
2026.01.13 18:00:00,0.574,0.57422,0.57366,0.57402,2562.22
2026.01.13 19:00:00,0.57402,0.5741,0.57355,0.57395,1800.92
2026.01.13 20:00:00,0.57394,0.574,0.57368,0.57392,1913.27
2026.01.13 21:00:00,0.57394,0.57397,0.57353,0.57356,1388.17
2026.01.13 22:00:00,0.57357,0.57405,0.57322,0.57405,1387.37
2026.01.13 23:00:00,0.57403,0.5743,0.57377,0.57377,897.87
2026.01.14 00:00:00,0.57375,0.57389,0.57346,0.57363,1344.62
2026.01.14 01:00:00,0.57365,0.57375,0.573,0.57333,2606.55
2026.01.14 02:00:00,0.57334,0.57445,0.57332,0.57432,2337.8
2026.01.14 03:00:00,0.57433,0.57475,0.57428,0.57454,2094.86
2026.01.14 04:00:00,0.57455,0.57475,0.57429,0.57435,1117.08
2026.01.14 05:00:00,0.57433,0.5745,0.57419,0.57421,1341.96
2026.01.14 06:00:00,0.57421,0.57501,0.57408,0.57499,2095.56
2026.01.14 07:00:00,0.575,0.57506,0.57455,0.57459,1973.05
2026.01.14 08:00:00,0.57458,0.57475,0.57406,0.57464,3094.92
2026.01.14 09:00:00,0.57466,0.575,0.57431,0.57469,2134.46
2026.01.14 10:00:00,0.5747,0.5748,0.57414,0.57423,2432.49
2026.01.14 11:00:00,0.5742,0.57421,0.57374,0.57407,1744.93
2026.01.14 12:00:00,0.57406,0.57453,0.57365,0.57435,3071.04
2026.01.14 13:00:00,0.57433,0.57436,0.57377,0.57419,3285.41
2026.01.14 14:00:00,0.5742,0.57508,0.57402,0.57488,6038.1
2026.01.14 15:00:00,0.57488,0.57548,0.57445,0.57532,7341.79
2026.01.14 16:00:00,0.5753,0.57557,0.57456,0.57486,4387.48
2026.01.14 17:00:00,0.57486,0.57496,0.5741,0.57412,2452.62
2026.01.14 18:00:00,0.5741,0.57459,0.57404,0.5744,2308.6
2026.01.14 19:00:00,0.57439,0.57451,0.57414,0.57438,1745.46
2026.01.14 20:00:00,0.57438,0.57496,0.57431,0.57463,2492.58
2026.01.14 21:00:00,0.57464,0.57495,0.57446,0.57469,1833.85
2026.01.14 22:00:00,0.57456,0.57511,0.5741,0.5744,2304.5
2026.01.14 23:00:00,0.57444,0.57495,0.57393,0.57424,2201.9
2026.01.15 00:00:00,0.57422,0.5745,0.57392,0.57435,1714.69
2026.01.15 01:00:00,0.57431,0.5744,0.5735,0.57385,3048.35
2026.01.15 02:00:00,0.57383,0.57391,0.57344,0.57357,1981.63
2026.01.15 03:00:00,0.57357,0.5736,0.5731,0.57338,1650.8
2026.01.15 04:00:00,0.57341,0.5735,0.57315,0.57322,889.93
2026.01.15 05:00:00,0.57321,0.57367,0.57312,0.57334,1502.55
2026.01.15 06:00:00,0.57334,0.57401,0.57333,0.57372,2053.96
2026.01.15 07:00:00,0.57371,0.57404,0.57354,0.57395,2028.7
2026.01.15 08:00:00,0.57396,0.57444,0.57362,0.57434,2417.35
2026.01.15 09:00:00,0.57435,0.57518,0.57435,0.57491,2487.93
2026.01.15 10:00:00,0.57491,0.57519,0.57488,0.57503,1861.57
2026.01.15 11:00:00,0.57505,0.57513,0.57444,0.57445,2087.33
2026.01.15 12:00:00,0.57444,0.57483,0.57409,0.57423,2183.02
2026.01.15 13:00:00,0.57421,0.57425,0.5727,0.57296,4519.74
2026.01.15 14:00:00,0.57297,0.57363,0.5725,0.57344,4587.92
2026.01.15 15:00:00,0.57342,0.57422,0.57307,0.57414,5721.26
2026.01.15 16:00:00,0.57411,0.5747,0.57396,0.57424,3055.35
2026.01.15 17:00:00,0.57423,0.57461,0.57413,0.57431,1964.39
2026.01.15 18:00:00,0.57429,0.57467,0.57429,0.57444,1830.37
2026.01.15 19:00:00,0.57442,0.57466,0.57407,0.57421,1555.73
2026.01.15 20:00:00,0.57422,0.57422,0.57358,0.57365,2097.84
2026.01.15 21:00:00,0.57366,0.57434,0.57363,0.57412,1944.86
2026.01.15 22:00:00,0.57394,0.57433,0.57366,0.57404,2298.98
2026.01.15 23:00:00,0.57405,0.5744,0.57401,0.57429,1345.73
2026.01.16 00:00:00,0.57431,0.57471,0.57423,0.57433,1426.57
2026.01.16 01:00:00,0.57435,0.57502,0.57434,0.57468,1848.51
2026.01.16 02:00:00,0.57467,0.57519,0.57448,0.5749,1770.11
2026.01.16 03:00:00,0.57492,0.57575,0.57483,0.57566,1056.16
2026.01.16 04:00:00,0.57567,0.57579,0.5755,0.57572,831.36
2026.01.16 05:00:00,0.57573,0.57577,0.57531,0.5754,1163.55
2026.01.16 06:00:00,0.57541,0.57554,0.57514,0.57549,1303.76
2026.01.16 07:00:00,0.57548,0.57632,0.57534,0.57582,2015.91
2026.01.16 08:00:00,0.57583,0.57624,0.57557,0.57591,2130.27
2026.01.16 09:00:00,0.5759,0.57623,0.57583,0.57589,2157.48
2026.01.16 10:00:00,0.57588,0.57639,0.57567,0.57603,2691.49
2026.01.16 11:00:00,0.57604,0.5767,0.57604,0.57616,1535.65
2026.01.16 12:00:00,0.57615,0.57649,0.57569,0.57586,3352
2026.01.16 13:00:00,0.57584,0.576,0.5754,0.57562,2809.67
2026.01.16 14:00:00,0.5756,0.57579,0.57507,0.57535,3332.99
2026.01.16 15:00:00,0.57536,0.57597,0.57413,0.57456,6480.14
2026.01.16 16:00:00,0.57455,0.57526,0.57455,0.5749,4477.78
2026.01.16 17:00:00,0.57489,0.57518,0.57474,0.57494,1968.17
2026.01.16 18:00:00,0.57493,0.57523,0.57477,0.57499,1323.89
2026.01.16 19:00:00,0.57499,0.57545,0.57471,0.57525,1299.57
2026.01.16 20:00:00,0.57527,0.57551,0.57527,0.57531,1172.91
2026.01.16 21:00:00,0.57529,0.57537,0.57495,0.57499,3831.13
2026.01.18 22:00:00,0.5741,0.57491,0.57403,0.57437,759.77
2026.01.18 23:00:00,0.57439,0.57634,0.57424,0.57632,4439.45
2026.01.19 00:00:00,0.57633,0.57661,0.57528,0.57632,5949.6
2026.01.19 01:00:00,0.57631,0.57725,0.57625,0.57641,4873.13
2026.01.19 02:00:00,0.57642,0.57669,0.57591,0.57658,5045.46
2026.01.19 03:00:00,0.57658,0.57702,0.57644,0.57695,3823.24
2026.01.19 04:00:00,0.57697,0.57763,0.5769,0.57758,2484.94
2026.01.19 05:00:00,0.57759,0.57793,0.57735,0.57735,2367.4
2026.01.19 06:00:00,0.57736,0.57768,0.57718,0.57727,3103.4
2026.01.19 07:00:00,0.57728,0.57792,0.5769,0.57694,3249.5
2026.01.19 08:00:00,0.57695,0.57756,0.57686,0.57745,3944.23
2026.01.19 09:00:00,0.57744,0.57769,0.57701,0.57758,4440.44
2026.01.19 10:00:00,0.57759,0.57852,0.57757,0.57818,1907.35
2026.01.19 11:00:00,0.57817,0.57832,0.57791,0.57826,2883.15
2026.01.19 12:00:00,0.57826,0.5787,0.57814,0.57835,2416.58
2026.01.19 13:00:00,0.57835,0.57891,0.57835,0.57847,2183.78
2026.01.19 14:00:00,0.57848,0.57892,0.57786,0.57878,2592.57
2026.01.19 15:00:00,0.57877,0.57934,0.57865,0.579,3267.39
2026.01.19 16:00:00,0.579,0.5795,0.57888,0.57937,1814.14
2026.01.19 17:00:00,0.57937,0.57966,0.57925,0.57949,927.05
2026.01.19 18:00:00,0.57949,0.57965,0.57924,0.57935,510.89
2026.01.19 19:00:00,0.57934,0.57952,0.57907,0.57914,345.73
2026.01.19 20:00:00,0.57911,0.57946,0.57886,0.57944,628.11
2026.01.19 21:00:00,0.57946,0.58027,0.57923,0.57967,1735.73
2026.01.19 22:00:00,0.57967,0.58001,0.57899,0.5795,931.28
2026.01.19 23:00:00,0.57951,0.57976,0.5791,0.57921,673.65
2026.01.20 00:00:00,0.57924,0.57982,0.57884,0.57972,1662.31
2026.01.20 01:00:00,0.57974,0.58059,0.57969,0.58049,3596.21
2026.01.20 02:00:00,0.58051,0.58155,0.58035,0.58136,2838.29
2026.01.20 03:00:00,0.58136,0.58234,0.58136,0.58224,2099.74
2026.01.20 04:00:00,0.58226,0.58321,0.58223,0.58315,2151.73
2026.01.20 05:00:00,0.58315,0.58351,0.583,0.58314,1987.28
2026.01.20 06:00:00,0.58315,0.58331,0.58248,0.58286,2295.38
2026.01.20 07:00:00,0.58285,0.58396,0.58252,0.58367,4994.04
2026.01.20 08:00:00,0.58369,0.58434,0.5834,0.58376,6734.77
2026.01.20 09:00:00,0.58377,0.58402,0.58314,0.5837,5575.39
2026.01.20 10:00:00,0.58372,0.5838,0.58331,0.58363,5348.22
2026.01.20 11:00:00,0.58366,0.58424,0.58333,0.58404,3763.53
2026.01.20 12:00:00,0.58404,0.58419,0.58322,0.58348,5212.93
2026.01.20 13:00:00,0.58348,0.58428,0.58284,0.58327,8539.67
2026.01.20 14:00:00,0.58324,0.58384,0.58292,0.58358,8633.99
2026.01.20 15:00:00,0.58357,0.58507,0.5833,0.58472,9788.96
2026.01.20 16:00:00,0.58472,0.5851,0.58434,0.58462,9879.24
2026.01.20 17:00:00,0.58462,0.58493,0.58398,0.58409,4377.92
2026.01.20 18:00:00,0.58409,0.58431,0.5833,0.58336,2745.45
2026.01.20 19:00:00,0.58336,0.58349,0.58289,0.58295,3831.9
2026.01.20 20:00:00,0.58294,0.58326,0.58268,0.58319,2653.31
2026.01.20 21:00:00,0.58319,0.58336,0.58302,0.58308,1353.63
2026.01.20 22:00:00,0.58308,0.58317,0.58245,0.58278,1836.28
2026.01.20 23:00:00,0.58283,0.58299,0.58257,0.58262,1676.84
2026.01.21 00:00:00,0.58261,0.58281,0.58213,0.58228,2351.23
2026.01.21 01:00:00,0.58231,0.58356,0.58203,0.58339,4339.05
2026.01.21 02:00:00,0.5834,0.5835,0.58289,0.58317,3265.34
2026.01.21 03:00:00,0.58316,0.58341,0.58277,0.58314,2519
2026.01.21 04:00:00,0.58313,0.58336,0.58271,0.58336,2209.49
2026.01.21 05:00:00,0.58336,0.58384,0.58326,0.5837,1905.02
2026.01.21 06:00:00,0.5837,0.58496,0.58354,0.58484,2190.01
2026.01.21 07:00:00,0.58484,0.58531,0.58454,0.585,6755.94
2026.01.21 08:00:00,0.585,0.58511,0.58448,0.58453,8037.68
2026.01.21 09:00:00,0.58452,0.58482,0.58417,0.58426,6902.67
2026.01.21 10:00:00,0.58426,0.58436,0.58404,0.58416,5203.33
2026.01.21 11:00:00,0.58415,0.58502,0.58404,0.58485,4178.31
2026.01.21 12:00:00,0.58487,0.58627,0.58482,0.5862,2864.1
2026.01.21 13:00:00,0.5862,0.58645,0.58559,0.58619,3352.94
2026.01.21 14:00:00,0.58618,0.58659,0.58545,0.58571,10823.24
2026.01.21 15:00:00,0.58571,0.58624,0.58478,0.58491,9990.64
2026.01.21 16:00:00,0.5849,0.58531,0.58417,0.58463,6209
2026.01.21 17:00:00,0.58461,0.5849,0.58387,0.58438,4659.47
2026.01.21 18:00:00,0.58438,0.58448,0.58402,0.58435,2556.37
2026.01.21 19:00:00,0.58433,0.58476,0.58386,0.58475,4926.27
2026.01.21 20:00:00,0.58474,0.58476,0.58379,0.58439,2545.74
2026.01.21 21:00:00,0.58438,0.58461,0.5841,0.58426,1438.69
2026.01.21 22:00:00,0.58426,0.58432,0.58334,0.58407,1586.19
2026.01.21 23:00:00,0.58407,0.5843,0.58347,0.5837,1140.52
2026.01.22 00:00:00,0.58371,0.58501,0.58357,0.58461,3310.6
2026.01.22 01:00:00,0.5846,0.58525,0.58411,0.58512,4489.21
2026.01.22 02:00:00,0.58514,0.58566,0.58485,0.58535,2021.95
2026.01.22 03:00:00,0.58536,0.58617,0.58535,0.58616,2155.1
2026.01.22 04:00:00,0.58616,0.58628,0.5857,0.58574,1536.55
2026.01.22 05:00:00,0.58573,0.58596,0.58549,0.58577,1519.14
2026.01.22 06:00:00,0.58578,0.5858,0.58535,0.58574,1379.27
2026.01.22 07:00:00,0.58575,0.58627,0.5857,0.58579,2419.32
2026.01.22 08:00:00,0.58578,0.58622,0.58549,0.58616,3218.47
2026.01.22 09:00:00,0.58619,0.58698,0.58615,0.58654,2428.64
2026.01.22 10:00:00,0.58655,0.5875,0.58617,0.5871,3814.57
2026.01.22 11:00:00,0.58709,0.58774,0.5867,0.58739,6708.07
2026.01.22 12:00:00,0.58739,0.58795,0.58739,0.5877,4274.33
2026.01.22 13:00:00,0.5877,0.58883,0.5877,0.5887,4393.12
2026.01.22 14:00:00,0.58871,0.58931,0.58857,0.58858,5125.59
2026.01.22 15:00:00,0.58856,0.58944,0.5883,0.58936,3664.3
2026.01.22 16:00:00,0.58936,0.59037,0.58936,0.59005,2827.18
2026.01.22 17:00:00,0.59005,0.59074,0.58962,0.5906,2830.99
2026.01.22 18:00:00,0.59059,0.59095,0.59039,0.59085,1452.96
2026.01.22 19:00:00,0.59084,0.59091,0.59045,0.59053,1791.82
2026.01.22 20:00:00,0.59048,0.59086,0.59038,0.59082,1059.45
2026.01.22 21:00:00,0.59082,0.59282,0.5908,0.59252,2322.62
2026.01.22 22:00:00,0.59249,0.59254,0.5917,0.59197,2055.87
2026.01.22 23:00:00,0.59201,0.59212,0.591,0.59154,1491.65
2026.01.23 00:00:00,0.59152,0.59176,0.59116,0.59134,1330.46
2026.01.23 01:00:00,0.59136,0.59201,0.59126,0.59168,3221.62
2026.01.23 02:00:00,0.59167,0.59209,0.59082,0.59089,2492.48
2026.01.23 03:00:00,0.59089,0.59094,0.59056,0.59072,2360.71
2026.01.23 04:00:00,0.59071,0.59121,0.59059,0.59112,1075.19
2026.01.23 05:00:00,0.59114,0.5913,0.59082,0.591,1363.49
2026.01.23 06:00:00,0.59099,0.59123,0.59071,0.59093,1818.54
2026.01.23 07:00:00,0.59092,0.59108,0.59015,0.59027,4883.1
2026.01.23 08:00:00,0.59025,0.59065,0.58958,0.59065,3439.81
2026.01.23 09:00:00,0.59065,0.59087,0.58967,0.58971,3520.9
2026.01.23 10:00:00,0.58973,0.58998,0.5891,0.58996,2594.92
2026.01.23 11:00:00,0.58996,0.59073,0.58989,0.59054,2731.64
2026.01.23 12:00:00,0.59056,0.59151,0.59049,0.59144,2367.3
2026.01.23 13:00:00,0.59144,0.59156,0.59013,0.59019,3038.73
2026.01.23 14:00:00,0.59021,0.59117,0.59006,0.59113,2937.25
2026.01.23 15:00:00,0.59115,0.59222,0.59115,0.59217,3434.41
2026.01.23 16:00:00,0.59216,0.59314,0.59152,0.59274,4059.33
2026.01.23 17:00:00,0.59272,0.59411,0.59259,0.59338,5832.62
2026.01.23 18:00:00,0.59338,0.5936,0.59253,0.59336,4062.48
2026.01.23 19:00:00,0.59337,0.59422,0.59331,0.59404,2507.95
2026.01.23 20:00:00,0.59403,0.59472,0.59381,0.59462,2488.43
2026.01.23 21:00:00,0.59463,0.59509,0.59457,0.59468,1833.85
