Time (UTC),Open,High,Low,Close,Volume 
2024.01.19 00:00:00,0.86799,0.86829,0.86774,0.86818,2089.08
2024.01.19 01:00:00,0.86815,0.8686,0.86781,0.86807,2985.19
2024.01.19 02:00:00,0.86807,0.86848,0.86791,0.86821,2657.38
2024.01.19 03:00:00,0.8682,0.86833,0.86778,0.86801,1830.08
2024.01.19 04:00:00,0.86802,0.86837,0.868,0.86832,893.18
2024.01.19 05:00:00,0.8683,0.86878,0.86825,0.86866,2248.44
2024.01.19 06:00:00,0.86868,0.86925,0.86853,0.86864,3716.34
2024.01.19 07:00:00,0.86864,0.86876,0.86761,0.86818,6786.34
2024.01.19 08:00:00,0.86819,0.86931,0.86776,0.86818,7957.38
2024.01.19 09:00:00,0.86818,0.86921,0.86809,0.86844,6971.37
2024.01.19 10:00:00,0.86845,0.86934,0.86777,0.86917,4981.01
2024.01.19 11:00:00,0.86915,0.86934,0.86828,0.86893,3468.35
2024.01.19 12:00:00,0.86891,0.86937,0.86887,0.869,3647.7
2024.01.19 13:00:00,0.869,0.86937,0.86844,0.86903,7702.51
2024.01.19 14:00:00,0.86903,0.8704,0.8688,0.8688,9024.48
2024.01.19 15:00:00,0.86877,0.87016,0.86778,0.86888,15207.36
2024.01.19 16:00:00,0.8689,0.86986,0.86852,0.86943,7025.57
2024.01.19 17:00:00,0.8694,0.87013,0.86909,0.86909,6343.8
2024.01.19 18:00:00,0.86909,0.86966,0.86902,0.86939,2904.72
2024.01.19 19:00:00,0.86943,0.86958,0.86873,0.86898,4075.12
2024.01.19 20:00:00,0.86897,0.86913,0.86816,0.86817,3454.15
2024.01.19 21:00:00,0.86819,0.86855,0.86764,0.86764,2672.61
2024.01.21 22:00:00,0.8685,0.86909,0.86733,0.86824,3051.44
2024.01.21 23:00:00,0.86817,0.8688,0.86801,0.8685,2984.42
2024.01.22 00:00:00,0.86851,0.86887,0.86798,0.86802,3709.96
2024.01.22 01:00:00,0.86802,0.8681,0.86764,0.86793,3798.25
2024.01.22 02:00:00,0.86793,0.86814,0.86764,0.86769,2609.98
2024.01.22 03:00:00,0.86769,0.86826,0.86767,0.86822,2290.89
2024.01.22 04:00:00,0.86822,0.86828,0.86799,0.86807,2253.12
2024.01.22 05:00:00,0.86808,0.86854,0.86801,0.86821,2754.78
2024.01.22 06:00:00,0.86821,0.86841,0.86781,0.86817,2894.17
2024.01.22 07:00:00,0.86817,0.86905,0.86766,0.86877,7922.82
2024.01.22 08:00:00,0.86879,0.86913,0.86776,0.86866,9426.08
2024.01.22 09:00:00,0.86866,0.86869,0.86657,0.86772,8609.58
2024.01.22 10:00:00,0.86774,0.86861,0.86771,0.86846,5206.5
2024.01.22 11:00:00,0.86846,0.86871,0.86809,0.86818,5332.28
2024.01.22 12:00:00,0.8682,0.86835,0.86729,0.86808,6095.81
2024.01.22 13:00:00,0.86811,0.86893,0.86705,0.86737,9334.84
2024.01.22 14:00:00,0.8674,0.86898,0.86738,0.86881,7272.12
2024.01.22 15:00:00,0.86882,0.86953,0.86813,0.86915,7472.52
2024.01.22 16:00:00,0.86915,0.87003,0.86855,0.86863,4684.17
2024.01.22 17:00:00,0.86859,0.86907,0.86812,0.86845,3443
2024.01.22 18:00:00,0.86844,0.86925,0.86844,0.8689,3386.89
2024.01.22 19:00:00,0.86892,0.86977,0.86868,0.86882,3589.47
2024.01.22 20:00:00,0.8688,0.86918,0.86874,0.86882,2752.98
2024.01.22 21:00:00,0.86882,0.8691,0.86867,0.86894,2165.82
2024.01.22 22:00:00,0.86889,0.86913,0.86885,0.86896,6701.61
2024.01.22 23:00:00,0.86896,0.86924,0.86893,0.86916,10366.57
2024.01.23 00:00:00,0.86916,0.86933,0.86868,0.86882,1239.32
2024.01.23 01:00:00,0.86881,0.86906,0.86795,0.86798,3264.57
2024.01.23 02:00:00,0.86798,0.86818,0.86707,0.86764,4350.11
2024.01.23 03:00:00,0.86762,0.86783,0.86673,0.86683,3569.33
2024.01.23 04:00:00,0.86682,0.86706,0.86653,0.86662,1894.92
2024.01.23 05:00:00,0.8666,0.86677,0.86554,0.86564,4140.57
2024.01.23 06:00:00,0.86564,0.86623,0.86499,0.86504,5077.91
2024.01.23 07:00:00,0.86502,0.86695,0.86496,0.86667,8740.52
2024.01.23 08:00:00,0.86666,0.86788,0.86646,0.86752,7691.53
2024.01.23 09:00:00,0.86752,0.86875,0.8675,0.86813,6198.01
2024.01.23 10:00:00,0.86814,0.86936,0.86791,0.86929,5291.73
2024.01.23 11:00:00,0.86928,0.86958,0.86859,0.86936,5643.1
2024.01.23 12:00:00,0.86935,0.86964,0.86871,0.86881,4880.33
2024.01.23 13:00:00,0.8688,0.86917,0.86827,0.86865,5408.67
2024.01.23 14:00:00,0.86866,0.87153,0.86865,0.87093,11608.43
2024.01.23 15:00:00,0.87094,0.8728,0.87031,0.87146,11511.37
2024.01.23 16:00:00,0.87145,0.87202,0.87059,0.87181,7225.94
2024.01.23 17:00:00,0.87182,0.87206,0.87106,0.87138,4410.28
2024.01.23 18:00:00,0.87137,0.87174,0.87083,0.87167,2690.88
2024.01.23 19:00:00,0.87167,0.87189,0.87047,0.87088,2879.4
2024.01.23 20:00:00,0.87086,0.87111,0.87051,0.87067,1911
2024.01.23 21:00:00,0.87066,0.87074,0.86998,0.87018,2141.55
2024.01.23 22:00:00,0.87018,0.87024,0.86965,0.86984,1213.76
2024.01.23 23:00:00,0.86984,0.86992,0.86929,0.86966,2157.32
2024.01.24 00:00:00,0.86967,0.86976,0.86938,0.86974,1803.09
2024.01.24 01:00:00,0.86976,0.86987,0.86933,0.86936,3496.68
2024.01.24 02:00:00,0.86936,0.86992,0.86936,0.86977,1900.66
2024.01.24 03:00:00,0.86977,0.86986,0.86927,0.86967,2056.3
2024.01.24 04:00:00,0.86965,0.86968,0.86906,0.86924,1791.48
2024.01.24 05:00:00,0.86925,0.86953,0.86895,0.86913,2048.92
2024.01.24 06:00:00,0.86913,0.86932,0.86842,0.86871,3114.72
2024.01.24 07:00:00,0.86873,0.86952,0.86749,0.86789,7539.58
2024.01.24 08:00:00,0.8679,0.868,0.86623,0.86682,12459.52
2024.01.24 09:00:00,0.86681,0.8669,0.86488,0.86506,11511.27
2024.01.24 10:00:00,0.86507,0.86565,0.86451,0.86458,6816.82
2024.01.24 11:00:00,0.86457,0.86545,0.86412,0.86521,6221.42
2024.01.24 12:00:00,0.8652,0.86521,0.864,0.86428,6270.48
2024.01.24 13:00:00,0.86428,0.86433,0.86078,0.86104,14001.9
2024.01.24 14:00:00,0.86104,0.8636,0.86062,0.86332,16656.29
2024.01.24 15:00:00,0.86331,0.86403,0.86227,0.86315,18319.49
2024.01.24 16:00:00,0.86316,0.86442,0.86291,0.86312,11102.06
2024.01.24 17:00:00,0.86315,0.86316,0.86205,0.86216,7290.47
2024.01.24 18:00:00,0.86216,0.86348,0.86203,0.86312,6980.88
2024.01.24 19:00:00,0.86313,0.86386,0.86298,0.86319,4494.41
2024.01.24 20:00:00,0.86318,0.86343,0.86256,0.86329,5579.17
2024.01.24 21:00:00,0.86331,0.86359,0.86283,0.86283,2620.44
2024.01.24 22:00:00,0.86283,0.86292,0.86245,0.86273,933.75
2024.01.24 23:00:00,0.86272,0.86306,0.8625,0.86306,2754.27
2024.01.25 00:00:00,0.86306,0.86449,0.86306,0.86433,3125.41
2024.01.25 01:00:00,0.8643,0.8649,0.86406,0.86417,5003.92
2024.01.25 02:00:00,0.86415,0.86458,0.86366,0.86431,2919.67
2024.01.25 03:00:00,0.8643,0.86452,0.86399,0.86446,2033.92
2024.01.25 04:00:00,0.86446,0.86467,0.86421,0.8646,2731.35
2024.01.25 05:00:00,0.8646,0.86477,0.86424,0.86464,2636.02
2024.01.25 06:00:00,0.86463,0.86472,0.86372,0.86379,3162.43
2024.01.25 07:00:00,0.8638,0.86393,0.86259,0.86302,4959.56
2024.01.25 08:00:00,0.863,0.8643,0.86276,0.86315,6867.39
2024.01.25 09:00:00,0.8631,0.86396,0.8631,0.8634,7717.82
2024.01.25 10:00:00,0.8634,0.86451,0.86286,0.86446,6669.97
2024.01.25 11:00:00,0.86445,0.86495,0.86412,0.86454,3401.76
2024.01.25 12:00:00,0.86453,0.86554,0.86443,0.86542,4376.33
2024.01.25 13:00:00,0.86539,0.86692,0.86416,0.86499,22439.52
2024.01.25 14:00:00,0.86501,0.86654,0.86471,0.86533,26986.86
2024.01.25 15:00:00,0.86533,0.86793,0.86527,0.86777,20411.66
2024.01.25 16:00:00,0.86778,0.86844,0.86716,0.86745,10616.53
2024.01.25 17:00:00,0.86742,0.86818,0.86674,0.86748,7167.1
2024.01.25 18:00:00,0.86748,0.86785,0.8666,0.8678,7697.72
2024.01.25 19:00:00,0.86779,0.86798,0.86711,0.86747,5765.27
2024.01.25 20:00:00,0.86747,0.86781,0.86697,0.86726,4244.4
2024.01.25 21:00:00,0.86727,0.86744,0.8668,0.86697,3052.94
2024.01.25 22:00:00,0.86685,0.86719,0.86649,0.86675,2809.19
2024.01.25 23:00:00,0.86677,0.86731,0.86677,0.86711,6417.41
2024.01.26 00:00:00,0.86711,0.86761,0.86694,0.86738,1857.38
2024.01.26 01:00:00,0.86736,0.86756,0.86649,0.8667,4207.88
2024.01.26 02:00:00,0.86669,0.86717,0.86633,0.86669,3192.17
2024.01.26 03:00:00,0.86668,0.86672,0.86639,0.86663,2622.96
2024.01.26 04:00:00,0.86662,0.8672,0.8666,0.86713,2740.44
2024.01.26 05:00:00,0.86714,0.86717,0.86641,0.86662,3265.01
2024.01.26 06:00:00,0.86661,0.86802,0.86661,0.86793,2564.1
2024.01.26 07:00:00,0.86795,0.86846,0.86766,0.86785,6560.53
2024.01.26 08:00:00,0.86787,0.86792,0.86553,0.86566,7405.77
2024.01.26 09:00:00,0.86563,0.86635,0.86444,0.86505,9029.44
2024.01.26 10:00:00,0.86501,0.86508,0.86303,0.86307,6517.17
2024.01.26 11:00:00,0.86305,0.86343,0.86185,0.86297,7896.78
2024.01.26 12:00:00,0.86296,0.86457,0.86288,0.86423,4173.71
2024.01.26 13:00:00,0.86426,0.86494,0.86229,0.8633,18366.07
2024.01.26 14:00:00,0.86331,0.86351,0.86157,0.86181,16831.94
2024.01.26 15:00:00,0.86184,0.86408,0.86184,0.86302,18309.25
2024.01.26 16:00:00,0.86301,0.86374,0.86301,0.86345,6678.95
2024.01.26 17:00:00,0.86344,0.86433,0.86314,0.86373,4170.86
2024.01.26 18:00:00,0.86376,0.86486,0.86366,0.86462,3122.67
2024.01.26 19:00:00,0.86463,0.86464,0.86352,0.86414,4693.1
2024.01.26 20:00:00,0.86412,0.86426,0.86346,0.86403,3056.27
2024.01.26 21:00:00,0.86401,0.86424,0.86319,0.86364,5854.54
2024.01.28 22:00:00,0.86471,0.86472,0.86348,0.86348,3925.51
2024.01.28 23:00:00,0.86348,0.86435,0.86344,0.86431,21158.48
2024.01.29 00:00:00,0.86432,0.86443,0.86383,0.86392,1984.92
2024.01.29 01:00:00,0.8639,0.8639,0.86312,0.86343,2900.75
2024.01.29 02:00:00,0.86344,0.86382,0.86339,0.86353,2321.16
2024.01.29 03:00:00,0.86351,0.8636,0.86324,0.8634,1668.97
2024.01.29 04:00:00,0.86339,0.86353,0.86297,0.86328,3130
2024.01.29 05:00:00,0.86329,0.8639,0.86321,0.86386,1310.74
2024.01.29 06:00:00,0.86384,0.86384,0.86324,0.86339,2370.75
2024.01.29 07:00:00,0.86338,0.86339,0.86166,0.86244,7460.17
2024.01.29 08:00:00,0.86244,0.86326,0.86067,0.86097,9803.35
2024.01.29 09:00:00,0.86099,0.86216,0.86076,0.8619,6283.26
2024.01.29 10:00:00,0.86191,0.86243,0.86154,0.86237,3821.98
2024.01.29 11:00:00,0.86238,0.86312,0.86211,0.86294,3745.9
2024.01.29 12:00:00,0.86293,0.86348,0.86228,0.86333,3713.24
2024.01.29 13:00:00,0.86329,0.8635,0.8623,0.86317,6974.56
2024.01.29 14:00:00,0.86318,0.86471,0.86258,0.8641,6663.43
2024.01.29 15:00:00,0.86413,0.8649,0.86361,0.86381,7410.62
2024.01.29 16:00:00,0.86381,0.86452,0.86307,0.86397,4962.5
2024.01.29 17:00:00,0.86397,0.86397,0.86319,0.86386,3310.92
2024.01.29 18:00:00,0.86384,0.86438,0.8637,0.86392,2343.8
2024.01.29 19:00:00,0.86392,0.8641,0.86248,0.86267,3733.63
2024.01.29 20:00:00,0.86264,0.86265,0.86064,0.86136,11981.02
2024.01.29 21:00:00,0.86134,0.86154,0.86106,0.86119,2987.16
2024.01.29 22:00:00,0.86117,0.86178,0.86091,0.86146,15412.1
2024.01.29 23:00:00,0.86149,0.86152,0.86111,0.86136,3655
2024.01.30 00:00:00,0.86137,0.86168,0.86097,0.86104,2677.61
2024.01.30 01:00:00,0.86105,0.86173,0.86105,0.86138,2684.82
2024.01.30 02:00:00,0.8614,0.86166,0.86121,0.86144,1656.97
2024.01.30 03:00:00,0.86146,0.86183,0.86146,0.8618,1116.48
2024.01.30 04:00:00,0.8618,0.86189,0.86143,0.86153,1629.86
2024.01.30 05:00:00,0.86154,0.8617,0.86111,0.86166,2838.78
2024.01.30 06:00:00,0.86166,0.86207,0.86121,0.86195,3539.01
2024.01.30 07:00:00,0.86197,0.86222,0.86106,0.86126,4779.18
2024.01.30 08:00:00,0.86126,0.86317,0.86075,0.86241,8693.2
2024.01.30 09:00:00,0.8624,0.86388,0.86222,0.86302,5524.81
2024.01.30 10:00:00,0.86301,0.86366,0.86244,0.86264,4752.15
2024.01.30 11:00:00,0.86266,0.86348,0.8623,0.86273,3970.15
2024.01.30 12:00:00,0.86274,0.86314,0.86218,0.86258,4502.55
2024.01.30 13:00:00,0.86257,0.86369,0.86209,0.8622,7789.89
2024.01.30 14:00:00,0.86221,0.86234,0.86088,0.86112,8989.54
2024.01.30 15:00:00,0.86111,0.86427,0.86064,0.86345,17007.99
2024.01.30 16:00:00,0.86346,0.86375,0.86232,0.86238,6147.62
2024.01.30 17:00:00,0.86239,0.86267,0.8622,0.86254,3456.47
2024.01.30 18:00:00,0.86255,0.86304,0.86225,0.86232,2255.71
2024.01.30 19:00:00,0.86231,0.86238,0.86151,0.86158,2496.25
2024.01.30 20:00:00,0.86157,0.86198,0.86145,0.86162,2400.73
2024.01.30 21:00:00,0.86165,0.86201,0.86157,0.8617,3576.81
2024.01.30 22:00:00,0.86156,0.86195,0.86139,0.86178,1984.51
2024.01.30 23:00:00,0.86189,0.86191,0.86157,0.86183,1429.49
2024.01.31 00:00:00,0.8618,0.86216,0.8615,0.86175,2276.59
2024.01.31 01:00:00,0.86175,0.86231,0.86153,0.86231,2508.52
2024.01.31 02:00:00,0.86232,0.86318,0.86231,0.86305,3511.25
2024.01.31 03:00:00,0.86307,0.86358,0.863,0.86315,1614.99
2024.01.31 04:00:00,0.86316,0.86326,0.8626,0.86274,1519.22
2024.01.31 05:00:00,0.86274,0.86311,0.86267,0.86285,2448.62
2024.01.31 06:00:00,0.86286,0.86349,0.8628,0.86344,2177.62
2024.01.31 07:00:00,0.86348,0.86399,0.86294,0.86368,9037.77
2024.01.31 08:00:00,0.86369,0.86424,0.86219,0.86255,8221.47
2024.01.31 09:00:00,0.86254,0.86292,0.86184,0.86278,7555.85
2024.01.31 10:00:00,0.8628,0.8643,0.86238,0.86423,5026.33
2024.01.31 11:00:00,0.86422,0.86427,0.86282,0.86297,5017.71
2024.01.31 12:00:00,0.86296,0.86368,0.8627,0.86291,4544.99
2024.01.31 13:00:00,0.86291,0.8632,0.86062,0.8613,14849.26
2024.01.31 14:00:00,0.86131,0.86165,0.85543,0.85588,20091.39
2024.01.31 15:00:00,0.85588,0.85841,0.85504,0.858,22890.68
2024.01.31 16:00:00,0.85799,0.86006,0.85748,0.85875,13340.63
2024.01.31 17:00:00,0.85874,0.86,0.85867,0.85964,7219.5
2024.01.31 18:00:00,0.85965,0.86028,0.85936,0.85957,4441.33
2024.01.31 19:00:00,0.85957,0.86236,0.85795,0.86001,37518.79
2024.01.31 20:00:00,0.86003,0.86435,0.85988,0.86268,29571.63
2024.01.31 21:00:00,0.86267,0.86294,0.86107,0.86123,6633.88
2024.01.31 22:00:00,0.86123,0.86187,0.86041,0.86155,2765.85
2024.01.31 23:00:00,0.86156,0.86242,0.8615,0.86236,4707.98
2024.02.01 00:00:00,0.86236,0.8628,0.86214,0.86263,2908.42
2024.02.01 01:00:00,0.86264,0.86342,0.86255,0.86317,3430.94
2024.02.01 02:00:00,0.86315,0.86319,0.86183,0.86242,3547.45
2024.02.01 03:00:00,0.86242,0.86309,0.86222,0.86279,2137.11
2024.02.01 04:00:00,0.86279,0.86329,0.86267,0.8631,1587.3
2024.02.01 05:00:00,0.86312,0.8636,0.86309,0.86356,1953.8
2024.02.01 06:00:00,0.86357,0.86397,0.86324,0.8638,3639.04
2024.02.01 07:00:00,0.86379,0.86494,0.86361,0.86401,6029.01
2024.02.01 08:00:00,0.86402,0.86465,0.86261,0.86267,8978.29
2024.02.01 09:00:00,0.86268,0.8637,0.86247,0.86273,6251.69
2024.02.01 10:00:00,0.86272,0.86388,0.86257,0.86375,4994.2
2024.02.01 11:00:00,0.86376,0.86379,0.86233,0.86246,5283.5
2024.02.01 12:00:00,0.86247,0.86366,0.86229,0.86308,6481.7
2024.02.01 13:00:00,0.8631,0.86361,0.86116,0.86248,11712.36
2024.02.01 14:00:00,0.8625,0.86255,0.86142,0.86174,10862
2024.02.01 15:00:00,0.86183,0.86397,0.86102,0.8615,27262.44
2024.02.01 16:00:00,0.86149,0.86149,0.85727,0.85792,16327.63
2024.02.01 17:00:00,0.85791,0.85865,0.85707,0.85852,8622.36
2024.02.01 18:00:00,0.85854,0.85917,0.85758,0.85819,8439.43
2024.02.01 19:00:00,0.85817,0.85833,0.85754,0.85757,5323.07
2024.02.01 20:00:00,0.85756,0.85798,0.85732,0.85765,2741.8
2024.02.01 21:00:00,0.85767,0.85792,0.85727,0.85767,3089.1
2024.02.01 22:00:00,0.85767,0.85781,0.8573,0.85758,2248.24
2024.02.01 23:00:00,0.85762,0.85768,0.85735,0.85758,4071.8
2024.02.02 00:00:00,0.85761,0.85765,0.8567,0.85715,2669.62
2024.02.02 01:00:00,0.85715,0.85777,0.8569,0.85743,3302.83
2024.02.02 02:00:00,0.85743,0.8577,0.85668,0.8567,3696.12
2024.02.02 03:00:00,0.85667,0.85727,0.85648,0.8569,3407.53
2024.02.02 04:00:00,0.85689,0.85761,0.85659,0.85728,3824.47
2024.02.02 05:00:00,0.8573,0.85746,0.85701,0.85731,3592.54
2024.02.02 06:00:00,0.85732,0.85753,0.85707,0.8574,3467.01
2024.02.02 07:00:00,0.85739,0.8575,0.85678,0.85749,4780.1
2024.02.02 08:00:00,0.85749,0.85763,0.85625,0.85687,6332.91
2024.02.02 09:00:00,0.85686,0.85686,0.85562,0.85633,4386.94
2024.02.02 10:00:00,0.85633,0.85633,0.85557,0.85579,4264.51
2024.02.02 11:00:00,0.8558,0.85597,0.85528,0.85575,3594.06
2024.02.02 12:00:00,0.85574,0.85625,0.85566,0.8559,4098.47
2024.02.02 13:00:00,0.85589,0.8641,0.85542,0.86357,22847.3
2024.02.02 14:00:00,0.86356,0.86435,0.86285,0.86329,24017.98
2024.02.02 15:00:00,0.86332,0.86643,0.86313,0.86551,18104.71
2024.02.02 16:00:00,0.8655,0.86783,0.86501,0.86756,9065.47
2024.02.02 17:00:00,0.86756,0.86804,0.86689,0.86753,6556.13
2024.02.02 18:00:00,0.86752,0.86773,0.86664,0.8671,4320.28
2024.02.02 19:00:00,0.8671,0.86736,0.86608,0.86652,4466.45
2024.02.02 20:00:00,0.86655,0.86662,0.86605,0.86641,2869.04
2024.02.02 21:00:00,0.86642,0.86697,0.86613,0.8665,3503.22
2024.02.04 22:00:00,0.8654,0.86693,0.86532,0.86681,2003.01
2024.02.04 23:00:00,0.86681,0.86784,0.8667,0.86703,4990.15
2024.02.05 00:00:00,0.86702,0.8687,0.86677,0.86783,7940.79
2024.02.05 01:00:00,0.86784,0.86832,0.86722,0.86743,3844.95
2024.02.05 02:00:00,0.86749,0.86805,0.86733,0.86762,2369.98
2024.02.05 03:00:00,0.86763,0.86799,0.86733,0.86751,2736.26
2024.02.05 04:00:00,0.86752,0.86777,0.86737,0.86765,1684.83
2024.02.05 05:00:00,0.86768,0.86813,0.86764,0.86769,2372.89
2024.02.05 06:00:00,0.8677,0.86802,0.86723,0.86774,4251.46
2024.02.05 07:00:00,0.86774,0.86859,0.86739,0.86779,6867.61
2024.02.05 08:00:00,0.86779,0.86947,0.86704,0.86912,6857.71
2024.02.05 09:00:00,0.86912,0.87039,0.86853,0.87024,6726.4
2024.02.05 10:00:00,0.87025,0.87051,0.86922,0.86958,6183.42
2024.02.05 11:00:00,0.86957,0.86986,0.86883,0.86944,4270.37
2024.02.05 12:00:00,0.86945,0.86984,0.86895,0.86941,5410.08
2024.02.05 13:00:00,0.8694,0.87106,0.86931,0.87095,7130.8
2024.02.05 14:00:00,0.87094,0.87102,0.86977,0.86977,10582.11
2024.02.05 15:00:00,0.86977,0.87166,0.86977,0.87147,18211.17
2024.02.05 16:00:00,0.87146,0.87183,0.87077,0.8711,5258.58
2024.02.05 17:00:00,0.8711,0.87115,0.86983,0.87011,4190
2024.02.05 18:00:00,0.87009,0.87025,0.86951,0.86989,3507.32
2024.02.05 19:00:00,0.86989,0.8705,0.86977,0.87044,2001.9
2024.02.05 20:00:00,0.87046,0.87106,0.87022,0.87043,3293.34
2024.02.05 21:00:00,0.87043,0.87091,0.87022,0.87053,2011.78
2024.02.05 22:00:00,0.87045,0.87065,0.87001,0.87007,701.84
2024.02.05 23:00:00,0.87008,0.87074,0.87004,0.87072,4531.63
2024.02.06 00:00:00,0.87072,0.87074,0.87042,0.87062,1776.17
2024.02.06 01:00:00,0.8706,0.87077,0.87021,0.87049,4297.08
2024.02.06 02:00:00,0.87048,0.87063,0.87024,0.87036,2828.81
2024.02.06 03:00:00,0.87036,0.87058,0.87015,0.87036,3658.7
2024.02.06 04:00:00,0.87036,0.8704,0.86964,0.86978,4547.96
2024.02.06 05:00:00,0.86977,0.86979,0.86932,0.86952,4303.79
2024.02.06 06:00:00,0.86954,0.8699,0.86954,0.86978,5406.79
2024.02.06 07:00:00,0.86977,0.86983,0.86897,0.86983,7379.23
2024.02.06 08:00:00,0.86982,0.87136,0.86968,0.87128,6129.34
2024.02.06 09:00:00,0.87127,0.87277,0.8706,0.87272,6201.54
2024.02.06 10:00:00,0.87271,0.87291,0.87235,0.8725,4659.65
2024.02.06 11:00:00,0.87248,0.87273,0.87171,0.87217,4400.46
2024.02.06 12:00:00,0.87216,0.8735,0.87211,0.87232,6546.14
2024.02.06 13:00:00,0.8723,0.87319,0.87151,0.87297,11031.61
2024.02.06 14:00:00,0.87299,0.87409,0.87215,0.87233,11288.14
2024.02.06 15:00:00,0.87231,0.87257,0.87027,0.87043,18798.99
2024.02.06 16:00:00,0.87042,0.87123,0.86998,0.87011,11148.95
2024.02.06 17:00:00,0.87013,0.8707,0.86988,0.87016,6037.56
2024.02.06 18:00:00,0.87016,0.87073,0.86961,0.8697,4741.92
2024.02.06 19:00:00,0.86969,0.87063,0.86963,0.87028,4143
2024.02.06 20:00:00,0.87025,0.87028,0.86954,0.86973,3693.41
2024.02.06 21:00:00,0.86971,0.86993,0.8696,0.86965,2052.99
2024.02.06 22:00:00,0.86955,0.86975,0.86905,0.86946,1735.4
2024.02.06 23:00:00,0.86953,0.86963,0.86934,0.86953,5861.32
2024.02.07 00:00:00,0.86954,0.8698,0.8694,0.86964,1830.23
2024.02.07 01:00:00,0.86964,0.86964,0.8691,0.86917,2900.14
2024.02.07 02:00:00,0.86917,0.86972,0.86915,0.86953,2470.21
2024.02.07 03:00:00,0.86952,0.86969,0.86918,0.86963,2656.66
2024.02.07 04:00:00,0.86966,0.86983,0.86949,0.8697,2851.6
2024.02.07 05:00:00,0.8697,0.86978,0.86932,0.8695,3087.94
2024.02.07 06:00:00,0.86951,0.87,0.86919,0.86967,3177.04
2024.02.07 07:00:00,0.86967,0.87004,0.8688,0.86956,5979.18
2024.02.07 08:00:00,0.86956,0.87136,0.86947,0.87108,9726.34
2024.02.07 09:00:00,0.87109,0.87193,0.87086,0.87127,6664.03
2024.02.07 10:00:00,0.87127,0.87275,0.87127,0.87275,7260.05
2024.02.07 11:00:00,0.87275,0.87294,0.87202,0.87233,5098.48
2024.02.07 12:00:00,0.87236,0.87254,0.87183,0.8719,4643.24
2024.02.07 13:00:00,0.87188,0.87199,0.87084,0.87132,7299.04
2024.02.07 14:00:00,0.87132,0.87231,0.87038,0.87098,16172.97
2024.02.07 15:00:00,0.87099,0.8721,0.8706,0.87176,19064.68
2024.02.07 16:00:00,0.87176,0.87343,0.87157,0.87299,9258.37
2024.02.07 17:00:00,0.87305,0.87446,0.87297,0.87385,5033.32
2024.02.07 18:00:00,0.87384,0.87529,0.87322,0.87471,7543.69
2024.02.07 19:00:00,0.8747,0.87495,0.87379,0.87447,4594.97
2024.02.07 20:00:00,0.87446,0.87449,0.87388,0.87403,3312.55
2024.02.07 21:00:00,0.87403,0.87466,0.87385,0.87423,3359.83
2024.02.07 22:00:00,0.87422,0.87462,0.87381,0.87429,1538.88
2024.02.07 23:00:00,0.8743,0.87442,0.87408,0.87413,2373.41
2024.02.08 00:00:00,0.87414,0.87421,0.87316,0.87342,2359.68
2024.02.08 01:00:00,0.87343,0.8738,0.87315,0.87319,3702.91
2024.02.08 02:00:00,0.8732,0.87323,0.87241,0.87262,3504.65
2024.02.08 03:00:00,0.87263,0.87302,0.87249,0.87287,1703.53
2024.02.08 04:00:00,0.87286,0.87325,0.87259,0.87319,2380.34
2024.02.08 05:00:00,0.87321,0.87341,0.87281,0.87308,4092.94
2024.02.08 06:00:00,0.87307,0.87332,0.87255,0.873,4119.76
2024.02.08 07:00:00,0.87304,0.87366,0.87255,0.87322,5351.48
2024.02.08 08:00:00,0.87324,0.874,0.87264,0.87315,8404.65
2024.02.08 09:00:00,0.87314,0.8733,0.87239,0.87278,4987.94
2024.02.08 10:00:00,0.87284,0.87356,0.87245,0.87347,4893.96
2024.02.08 11:00:00,0.87347,0.87458,0.8733,0.87432,5199.79
2024.02.08 12:00:00,0.87432,0.87494,0.87381,0.87462,6974.13
2024.02.08 13:00:00,0.87462,0.87601,0.87396,0.87596,11643.91
2024.02.08 14:00:00,0.87598,0.87607,0.87429,0.87511,11397.94
2024.02.08 15:00:00,0.87509,0.8759,0.87454,0.87459,11612.47
2024.02.08 16:00:00,0.8746,0.87482,0.87356,0.87358,7367.45
2024.02.08 17:00:00,0.87358,0.87438,0.87346,0.87432,4197.31
2024.02.08 18:00:00,0.8743,0.87449,0.87343,0.87392,6705.08
2024.02.08 19:00:00,0.87392,0.87461,0.87371,0.87438,3020.25
2024.02.08 20:00:00,0.87438,0.87439,0.87371,0.87373,1726.9
2024.02.08 21:00:00,0.87374,0.87392,0.87352,0.87361,3092.53
2024.02.08 22:00:00,0.87352,0.87368,0.87302,0.87343,2278.76
2024.02.08 23:00:00,0.87345,0.87361,0.87319,0.87341,1348.89
2024.02.09 00:00:00,0.87341,0.87392,0.87325,0.87388,1704.05
2024.02.09 01:00:00,0.87384,0.87387,0.87344,0.8737,1628.65
2024.02.09 02:00:00,0.87371,0.87379,0.87352,0.87368,1938.28
2024.02.09 03:00:00,0.87367,0.87422,0.87352,0.87414,2777.85
2024.02.09 04:00:00,0.87412,0.87441,0.87403,0.87441,1507.74
2024.02.09 05:00:00,0.87442,0.87449,0.87404,0.87435,1309.77
2024.02.09 06:00:00,0.87433,0.87453,0.87417,0.87427,1903.95
2024.02.09 07:00:00,0.87427,0.87488,0.87396,0.87453,3621.63
2024.02.09 08:00:00,0.87454,0.87553,0.87433,0.87541,5603.7
2024.02.09 09:00:00,0.87542,0.87617,0.87519,0.87575,5401.21
2024.02.09 10:00:00,0.87575,0.87602,0.87531,0.8755,4438.25
2024.02.09 11:00:00,0.87548,0.87579,0.87523,0.87558,3708.43
2024.02.09 12:00:00,0.87557,0.87615,0.87498,0.87602,3789.2
2024.02.09 13:00:00,0.87604,0.87609,0.87309,0.87471,18834.33
2024.02.09 14:00:00,0.87474,0.87526,0.87364,0.8742,16878.76
2024.02.09 15:00:00,0.87421,0.87535,0.8742,0.87493,9658.6
2024.02.09 16:00:00,0.87493,0.87535,0.87449,0.87506,6744.11
2024.02.09 17:00:00,0.87505,0.87517,0.87469,0.8749,2968.27
2024.02.09 18:00:00,0.8749,0.87491,0.87443,0.87477,1364.72
2024.02.09 19:00:00,0.87475,0.87538,0.87454,0.87532,1499.99
2024.02.09 20:00:00,0.87533,0.87554,0.87447,0.87448,2706.58
2024.02.09 21:00:00,0.8745,0.87475,0.87445,0.8746,4507.62
2024.02.11 22:00:00,0.8744,0.87448,0.87403,0.8742,906.83
2024.02.11 23:00:00,0.8742,0.87455,0.874,0.87421,6281.02
2024.02.12 00:00:00,0.87422,0.87434,0.87411,0.87416,2492.42
2024.02.12 01:00:00,0.87416,0.87452,0.87416,0.87432,1849.47
2024.02.12 02:00:00,0.87432,0.87449,0.87414,0.87436,2228.22
2024.02.12 03:00:00,0.87438,0.87462,0.87421,0.87456,1865.53
2024.02.12 04:00:00,0.87457,0.87474,0.87445,0.87468,926.46
2024.02.12 05:00:00,0.87468,0.87472,0.87429,0.87446,2875.98
2024.02.12 06:00:00,0.87447,0.87457,0.87425,0.87444,1334.97
2024.02.12 07:00:00,0.87445,0.87453,0.87262,0.87288,6537.07
2024.02.12 08:00:00,0.87287,0.87493,0.87287,0.87489,8687.66
2024.02.12 09:00:00,0.87491,0.87551,0.87441,0.8755,4283.5
2024.02.12 10:00:00,0.8755,0.87591,0.87486,0.87496,4315.44
2024.02.12 11:00:00,0.87496,0.87538,0.87484,0.87517,4530.15
2024.02.12 12:00:00,0.87515,0.87603,0.87495,0.8754,3693.73
2024.02.12 13:00:00,0.87539,0.87723,0.87518,0.87688,6157.46
2024.02.12 14:00:00,0.87687,0.87691,0.87582,0.87633,6880.26
2024.02.12 15:00:00,0.87631,0.87724,0.87601,0.87617,5194.13
2024.02.12 16:00:00,0.87616,0.87636,0.87548,0.87597,4792.06
2024.02.12 17:00:00,0.87596,0.87599,0.87515,0.87515,3213.2
2024.02.12 18:00:00,0.87515,0.87549,0.87502,0.87527,3501.22
2024.02.12 19:00:00,0.87528,0.87612,0.87519,0.87595,2204.13
2024.02.12 20:00:00,0.87595,0.87595,0.87554,0.87564,1485.15
2024.02.12 21:00:00,0.87568,0.87579,0.87546,0.87561,1823.96
2024.02.12 22:00:00,0.87555,0.87598,0.87517,0.87569,4505.54
2024.02.12 23:00:00,0.87569,0.87584,0.87561,0.87584,2309.53
2024.02.13 00:00:00,0.87581,0.87611,0.87571,0.87577,1720.69
2024.02.13 01:00:00,0.87577,0.87618,0.87569,0.87608,2172.24
2024.02.13 02:00:00,0.87609,0.87649,0.87608,0.87642,1201.22
2024.02.13 03:00:00,0.87638,0.87668,0.87635,0.8765,989.22
2024.02.13 04:00:00,0.8765,0.87666,0.87639,0.87646,1324.36
2024.02.13 05:00:00,0.87649,0.87649,0.87593,0.87606,2067.34
2024.02.13 06:00:00,0.87605,0.87642,0.87582,0.87594,2334.31
2024.02.13 07:00:00,0.87593,0.88059,0.87552,0.87972,13538.7
2024.02.13 08:00:00,0.87973,0.88141,0.87953,0.88088,11019.35
2024.02.13 09:00:00,0.88086,0.88169,0.87948,0.87961,7154.1
2024.02.13 10:00:00,0.8796,0.88016,0.87871,0.88011,5914.35
2024.02.13 11:00:00,0.8801,0.88095,0.87928,0.88032,4975.49
2024.02.13 12:00:00,0.8803,0.88031,0.8786,0.87891,5925.76
2024.02.13 13:00:00,0.87891,0.88605,0.8776,0.88563,22248.48
2024.02.13 14:00:00,0.88562,0.88677,0.88435,0.88618,24608.02
2024.02.13 15:00:00,0.88618,0.88747,0.88587,0.8864,17183.52
2024.02.13 16:00:00,0.8864,0.88757,0.88597,0.8863,9669.14
2024.02.13 17:00:00,0.88628,0.88738,0.88625,0.88711,5097.16
2024.02.13 18:00:00,0.88713,0.8873,0.88643,0.88697,4233.46
2024.02.13 19:00:00,0.88701,0.88802,0.88701,0.88801,5085.45
2024.02.13 20:00:00,0.88801,0.88806,0.88709,0.8874,3992.31
2024.02.13 21:00:00,0.88739,0.88741,0.88693,0.88697,3755.94
2024.02.13 22:00:00,0.88691,0.88706,0.88644,0.88681,2216.97
2024.02.13 23:00:00,0.8868,0.88751,0.88652,0.88744,3757.01
2024.02.14 00:00:00,0.88743,0.88748,0.88665,0.88723,2921.78
2024.02.14 01:00:00,0.88721,0.8875,0.88672,0.88682,5701.09
2024.02.14 02:00:00,0.88683,0.8869,0.88637,0.88683,3025
2024.02.14 03:00:00,0.88686,0.88693,0.88615,0.88652,6441.05
2024.02.14 04:00:00,0.88652,0.88657,0.88614,0.88616,2520.15
2024.02.14 05:00:00,0.88619,0.88627,0.88594,0.88606,3739.08
2024.02.14 06:00:00,0.88606,0.88632,0.88567,0.88614,4772.23
2024.02.14 07:00:00,0.88613,0.88695,0.88588,0.8867,6997.72
2024.02.14 08:00:00,0.88669,0.88817,0.88662,0.88807,6365.71
2024.02.14 09:00:00,0.88807,0.88854,0.88707,0.88726,3979.26
2024.02.14 10:00:00,0.88728,0.88819,0.88711,0.88729,3327.79
2024.02.14 11:00:00,0.88728,0.88786,0.88689,0.88698,3257.69
2024.02.14 12:00:00,0.88698,0.88748,0.88661,0.8868,3404.81
2024.02.14 13:00:00,0.8868,0.88689,0.88575,0.88645,9413.34
2024.02.14 14:00:00,0.88646,0.88742,0.88568,0.88725,9700.21
2024.02.14 15:00:00,0.88724,0.88739,0.88619,0.88636,7252.26
2024.02.14 16:00:00,0.88635,0.88638,0.88508,0.88521,4192.78
2024.02.14 17:00:00,0.88522,0.8856,0.88481,0.88514,4689.38
2024.02.14 18:00:00,0.88515,0.88568,0.88473,0.88527,2602.65
2024.02.14 19:00:00,0.88527,0.88589,0.88526,0.88566,2786.05
2024.02.14 20:00:00,0.88565,0.88592,0.8855,0.8857,1972.92
2024.02.14 21:00:00,0.88572,0.88586,0.88557,0.88573,2031.47
2024.02.14 22:00:00,0.88569,0.88577,0.88513,0.88529,1644.01
2024.02.14 23:00:00,0.88542,0.88553,0.88511,0.88523,1919.44
2024.02.15 00:00:00,0.88523,0.8856,0.88506,0.88522,2324.2
2024.02.15 01:00:00,0.88521,0.88577,0.88506,0.88551,2920.87
2024.02.15 02:00:00,0.88551,0.88562,0.88517,0.88536,3779.14
2024.02.15 03:00:00,0.88535,0.88557,0.88508,0.88547,2918.48
2024.02.15 04:00:00,0.88547,0.88553,0.8853,0.8853,1878.31
2024.02.15 05:00:00,0.88529,0.88538,0.88482,0.88504,5639.23
2024.02.15 06:00:00,0.88505,0.88515,0.88437,0.88447,5500.62
2024.02.15 07:00:00,0.88448,0.88462,0.88321,0.88387,6985.1
2024.02.15 08:00:00,0.88386,0.88438,0.8827,0.88294,6784.29
2024.02.15 09:00:00,0.88294,0.88343,0.88248,0.88318,4792.38
2024.02.15 10:00:00,0.88319,0.88358,0.88249,0.88321,4667.49
2024.02.15 11:00:00,0.8832,0.88334,0.88268,0.88293,3394.32
2024.02.15 12:00:00,0.88294,0.88311,0.88213,0.88233,3323.94
2024.02.15 13:00:00,0.88234,0.88276,0.87981,0.88112,17480.79
2024.02.15 14:00:00,0.88111,0.88162,0.87921,0.87968,15344.35
2024.02.15 15:00:00,0.87968,0.88063,0.87825,0.88025,10274.02
2024.02.15 16:00:00,0.88025,0.88137,0.88008,0.88082,7537.61
2024.02.15 17:00:00,0.8808,0.88096,0.88045,0.88045,10074.02
2024.02.15 18:00:00,0.88045,0.88063,0.87951,0.87974,6683.59
2024.02.15 19:00:00,0.87974,0.87997,0.87894,0.87985,3172.71
2024.02.15 20:00:00,0.87986,0.88001,0.87935,0.87986,2432.73
2024.02.15 21:00:00,0.87986,0.88005,0.87981,0.87982,879.31
2024.02.15 22:00:00,0.87982,0.88006,0.8795,0.87974,1914.8
2024.02.15 23:00:00,0.87997,0.87997,0.87952,0.87987,2094.27
2024.02.16 00:00:00,0.87988,0.88073,0.87979,0.88064,5881.37
2024.02.16 01:00:00,0.88063,0.88099,0.88035,0.88055,5706.85
2024.02.16 02:00:00,0.88055,0.88107,0.88054,0.88102,2375.26
2024.02.16 03:00:00,0.88103,0.88141,0.88091,0.88124,2523.59
2024.02.16 04:00:00,0.88123,0.88143,0.8811,0.88117,1897.69
2024.02.16 05:00:00,0.88117,0.88124,0.88094,0.88101,2959.65
2024.02.16 06:00:00,0.88102,0.88122,0.88087,0.88092,2337.5
2024.02.16 07:00:00,0.88092,0.88152,0.8805,0.88151,4223.34
2024.02.16 08:00:00,0.88153,0.88161,0.88098,0.88119,3936.46
2024.02.16 09:00:00,0.88118,0.88164,0.88101,0.88105,2405.11
2024.02.16 10:00:00,0.88105,0.88172,0.88085,0.88106,2416.32
2024.02.16 11:00:00,0.88107,0.88124,0.8802,0.88058,2887.36
2024.02.16 12:00:00,0.88058,0.88134,0.88036,0.88119,2220.49
2024.02.16 13:00:00,0.8812,0.88388,0.88083,0.88248,10063.5
2024.02.16 14:00:00,0.88247,0.88346,0.88185,0.88236,8075.01
2024.02.16 15:00:00,0.8824,0.88258,0.88014,0.88089,9686.02
2024.02.16 16:00:00,0.88088,0.88148,0.88018,0.88136,3934.65
2024.02.16 17:00:00,0.88134,0.88229,0.88073,0.88073,3238.89
2024.02.16 18:00:00,0.88073,0.88107,0.87989,0.88006,3911.97
2024.02.16 19:00:00,0.88006,0.881,0.87975,0.88097,3770.57
2024.02.16 20:00:00,0.88098,0.88133,0.88077,0.88107,3390.51
2024.02.16 21:00:00,0.88109,0.88128,0.87977,0.8799,6154.77
2024.02.18 22:00:00,0.87806,0.88099,0.87806,0.88096,893.14
2024.02.18 23:00:00,0.88096,0.88099,0.88031,0.88072,3111.33
2024.02.19 00:00:00,0.88072,0.88073,0.87968,0.87972,1956.6
2024.02.19 01:00:00,0.87972,0.88067,0.87963,0.88067,3294.34
2024.02.19 02:00:00,0.88069,0.88095,0.88047,0.88081,3745.53
2024.02.19 03:00:00,0.88082,0.88153,0.88074,0.88153,3503.69
2024.02.19 04:00:00,0.88155,0.8816,0.88102,0.88118,2521.31
2024.02.19 05:00:00,0.88118,0.88118,0.88069,0.88087,2511.71
2024.02.19 06:00:00,0.88087,0.88143,0.88076,0.881,2922.24
2024.02.19 07:00:00,0.88101,0.88145,0.88054,0.88136,2568.48
2024.02.19 08:00:00,0.88136,0.88165,0.88083,0.88155,3148.31
2024.02.19 09:00:00,0.88153,0.88155,0.88009,0.88115,4135.17
2024.02.19 10:00:00,0.88114,0.88126,0.88048,0.88084,2775.73
2024.02.19 11:00:00,0.88085,0.88095,0.8801,0.8803,2468.68
2024.02.19 12:00:00,0.8803,0.88121,0.87992,0.88116,2107.12
2024.02.19 13:00:00,0.88114,0.88135,0.88048,0.88108,2411.86
2024.02.19 14:00:00,0.8811,0.88165,0.88095,0.88159,2584.82
2024.02.19 15:00:00,0.88161,0.88204,0.88139,0.88196,2077.16
2024.02.19 16:00:00,0.88198,0.88213,0.88163,0.88182,1540.3
2024.02.19 17:00:00,0.88181,0.88279,0.88168,0.88278,1286.63
2024.02.19 18:00:00,0.88278,0.88278,0.8821,0.88243,793.22
2024.02.19 19:00:00,0.88245,0.88257,0.88235,0.88254,550.82
2024.02.19 20:00:00,0.88252,0.88266,0.8822,0.88224,396.48
2024.02.19 21:00:00,0.88224,0.88241,0.88195,0.88201,1365
2024.02.19 22:00:00,0.88199,0.88256,0.88174,0.88221,3886.73
2024.02.19 23:00:00,0.88204,0.88292,0.882,0.88277,3037.89
2024.02.20 00:00:00,0.88277,0.88304,0.88258,0.88283,1458.85
2024.02.20 01:00:00,0.88283,0.88319,0.88264,0.88304,2154.19
2024.02.20 02:00:00,0.88304,0.88334,0.883,0.88304,1554.4
2024.02.20 03:00:00,0.88305,0.88311,0.88271,0.88288,2300.64
2024.02.20 04:00:00,0.88287,0.88289,0.88254,0.88264,996.34
2024.02.20 05:00:00,0.88264,0.88316,0.88249,0.88287,1716.14
2024.02.20 06:00:00,0.88286,0.88295,0.88257,0.88286,1616.29
2024.02.20 07:00:00,0.88286,0.8834,0.88259,0.88339,3433.96
2024.02.20 08:00:00,0.88335,0.88375,0.88253,0.88272,4185.15
2024.02.20 09:00:00,0.88274,0.88301,0.88145,0.88168,3405.41
2024.02.20 10:00:00,0.88168,0.88184,0.88052,0.88108,3146.28
2024.02.20 11:00:00,0.88107,0.88207,0.88106,0.88151,3263.33
2024.02.20 12:00:00,0.88149,0.88256,0.88146,0.88238,2979.14
2024.02.20 13:00:00,0.88238,0.88246,0.87949,0.87973,6389.45
2024.02.20 14:00:00,0.87972,0.88066,0.87854,0.87962,7573.83
2024.02.20 15:00:00,0.87963,0.88086,0.87918,0.87996,8622.68
2024.02.20 16:00:00,0.87998,0.88071,0.87988,0.88069,4501.6
2024.02.20 17:00:00,0.88068,0.88128,0.88046,0.88118,2547.81
2024.02.20 18:00:00,0.88118,0.88167,0.88109,0.88153,1739.49
2024.02.20 19:00:00,0.88155,0.88179,0.88116,0.88171,2251.56
2024.02.20 20:00:00,0.88168,0.88193,0.88113,0.88131,2071.54
2024.02.20 21:00:00,0.8813,0.88208,0.8813,0.88183,1339.88
2024.02.20 22:00:00,0.8818,0.88196,0.88143,0.88156,1314.19
2024.02.20 23:00:00,0.88156,0.88202,0.88146,0.8819,2645.21
2024.02.21 00:00:00,0.88188,0.88198,0.88152,0.88165,3169.23
2024.02.21 01:00:00,0.88166,0.8819,0.88137,0.88143,3183.89
2024.02.21 02:00:00,0.88143,0.88147,0.8807,0.88096,2408.51
2024.02.21 03:00:00,0.88095,0.88096,0.88044,0.88055,2094.69
2024.02.21 04:00:00,0.88055,0.88097,0.88052,0.88094,1616.62
2024.02.21 05:00:00,0.88093,0.88097,0.88052,0.88068,1766.18
2024.02.21 06:00:00,0.88067,0.88154,0.88064,0.88119,2501.27
2024.02.21 07:00:00,0.88117,0.88153,0.88058,0.88105,3476.4
2024.02.21 08:00:00,0.88109,0.88181,0.8809,0.88102,4303.45
2024.02.21 09:00:00,0.88105,0.88155,0.88028,0.88054,3715.78
2024.02.21 10:00:00,0.88055,0.88086,0.87964,0.88037,2847.48
2024.02.21 11:00:00,0.88037,0.88074,0.88,0.88021,2500.79
2024.02.21 12:00:00,0.8802,0.88041,0.87964,0.88026,3730.73
2024.02.21 13:00:00,0.88024,0.88031,0.87955,0.87997,4406.25
2024.02.21 14:00:00,0.87996,0.88023,0.87949,0.87974,4734.74
2024.02.21 15:00:00,0.87974,0.88083,0.87926,0.88083,4745.18
2024.02.21 16:00:00,0.88083,0.88114,0.87939,0.8799,5790.72
2024.02.21 17:00:00,0.87988,0.88081,0.87988,0.88049,3498.06
2024.02.21 18:00:00,0.8805,0.88112,0.87994,0.88,3785.2
2024.02.21 19:00:00,0.88,0.88063,0.87881,0.87971,6796.91
2024.02.21 20:00:00,0.8797,0.87984,0.87916,0.8796,2891.2
2024.02.21 21:00:00,0.8796,0.87985,0.87942,0.87949,4060.63
2024.02.21 22:00:00,0.87947,0.87971,0.87913,0.87938,2434.21
2024.02.21 23:00:00,0.87938,0.87942,0.8791,0.87914,1285.53
2024.02.22 00:00:00,0.87917,0.87942,0.8783,0.87831,1656.27
2024.02.22 01:00:00,0.8783,0.87891,0.87823,0.87883,2545.18
2024.02.22 02:00:00,0.87885,0.87936,0.87873,0.87878,2123.69
2024.02.22 03:00:00,0.87877,0.879,0.87871,0.87888,2029.39
2024.02.22 04:00:00,0.87891,0.87899,0.87833,0.87835,2769.51
2024.02.22 05:00:00,0.8784,0.8784,0.87764,0.87807,2666.3
2024.02.22 06:00:00,0.87807,0.87808,0.87721,0.87725,2279.63
2024.02.22 07:00:00,0.87723,0.87776,0.87502,0.87599,4957.32
2024.02.22 08:00:00,0.87599,0.87605,0.87421,0.87525,8952.25
2024.02.22 09:00:00,0.87523,0.87728,0.87523,0.87707,4035.47
2024.02.22 10:00:00,0.87708,0.87793,0.87691,0.87723,4233.74
2024.02.22 11:00:00,0.87722,0.87868,0.87722,0.87785,4136.97
2024.02.22 12:00:00,0.87786,0.8795,0.87763,0.87925,2237.15
2024.02.22 13:00:00,0.87926,0.88044,0.87866,0.88022,6436.12
2024.02.22 14:00:00,0.88025,0.88187,0.88011,0.88025,9326.95
2024.02.22 15:00:00,0.88024,0.88196,0.88023,0.88185,7896.82
2024.02.22 16:00:00,0.88185,0.8821,0.88106,0.88162,4410.1
2024.02.22 17:00:00,0.88162,0.88208,0.88109,0.88153,3051.62
2024.02.22 18:00:00,0.88155,0.88173,0.88072,0.881,2059.17
2024.02.22 19:00:00,0.88101,0.88141,0.88086,0.88102,1316.31
2024.02.22 20:00:00,0.88103,0.88123,0.87995,0.87998,1888.13
2024.02.22 21:00:00,0.87997,0.88042,0.87995,0.88011,1354.53
2024.02.22 22:00:00,0.88011,0.88035,0.87996,0.88028,3174.01
2024.02.22 23:00:00,0.88028,0.88029,0.87997,0.88008,1153.42
2024.02.23 00:00:00,0.88006,0.88087,0.8798,0.88043,1729.9
2024.02.23 01:00:00,0.88045,0.88048,0.88001,0.88035,1151.37
2024.02.23 02:00:00,0.88035,0.88049,0.88014,0.88048,858.31
2024.02.23 03:00:00,0.88046,0.88069,0.88043,0.88048,628.45
2024.02.23 04:00:00,0.88047,0.88052,0.88014,0.88042,349.08
2024.02.23 05:00:00,0.88041,0.88098,0.88039,0.88082,618.51
2024.02.23 06:00:00,0.88082,0.88086,0.88031,0.88041,1144.34
2024.02.23 07:00:00,0.88043,0.88088,0.88026,0.88049,2343.56
2024.02.23 08:00:00,0.88048,0.88144,0.88021,0.88114,3041.97
2024.02.23 09:00:00,0.88114,0.8819,0.88097,0.88163,2486.71
2024.02.23 10:00:00,0.88161,0.88165,0.88068,0.88088,1768.42
2024.02.23 11:00:00,0.88087,0.88104,0.8799,0.88016,2169.45
2024.02.23 12:00:00,0.88015,0.88015,0.87809,0.87838,3226.47
2024.02.23 13:00:00,0.87839,0.88002,0.87839,0.87977,4147.54
2024.02.23 14:00:00,0.8798,0.88047,0.87959,0.88012,4096.02
2024.02.23 15:00:00,0.88013,0.88164,0.88009,0.88093,4212.25
2024.02.23 16:00:00,0.88091,0.88176,0.88026,0.88044,3804.31
2024.02.23 17:00:00,0.88046,0.8808,0.88024,0.88055,1884.36
2024.02.23 18:00:00,0.88055,0.88079,0.88028,0.88072,1205.66
2024.02.23 19:00:00,0.88072,0.8814,0.88072,0.88115,1380.78
2024.02.23 20:00:00,0.88112,0.88142,0.88103,0.8811,1273.27
2024.02.23 21:00:00,0.88112,0.8813,0.88054,0.88054,1573.22
2024.02.25 22:00:00,0.87931,0.88092,0.87931,0.88046,1037.28
2024.02.25 23:00:00,0.88055,0.88139,0.88048,0.88128,1134.43
2024.02.26 00:00:00,0.88127,0.88185,0.88114,0.88185,961.32
2024.02.26 01:00:00,0.88183,0.88199,0.88133,0.88158,1389.63
2024.02.26 02:00:00,0.88159,0.88219,0.88153,0.8817,1287.47
2024.02.26 03:00:00,0.8817,0.88178,0.88135,0.88136,894.6
2024.02.26 04:00:00,0.88141,0.88144,0.88076,0.88111,1093.64
2024.02.26 05:00:00,0.88109,0.88123,0.88079,0.88091,1366.36
2024.02.26 06:00:00,0.88091,0.88109,0.88069,0.8808,1089.28
2024.02.26 07:00:00,0.88083,0.88108,0.88034,0.88062,2520.1
2024.02.26 08:00:00,0.88063,0.88093,0.88026,0.8807,2591.48
2024.02.26 09:00:00,0.88071,0.88131,0.87976,0.87977,3076.8
2024.02.26 10:00:00,0.87976,0.88026,0.87899,0.87937,2597.55
2024.02.26 11:00:00,0.87936,0.87993,0.87879,0.87968,1727.35
2024.02.26 12:00:00,0.87965,0.88003,0.87927,0.87994,2552.85
2024.02.26 13:00:00,0.87994,0.88007,0.87914,0.87925,2906.31
2024.02.26 14:00:00,0.87923,0.8808,0.87905,0.88048,4398.37
2024.02.26 15:00:00,0.88047,0.88138,0.88017,0.88055,3506.76
2024.02.26 16:00:00,0.88056,0.8809,0.88005,0.88012,2869.06
2024.02.26 17:00:00,0.88011,0.88098,0.88001,0.88079,1274.44
2024.02.26 18:00:00,0.88081,0.88124,0.88072,0.88099,1586.02
2024.02.26 19:00:00,0.88098,0.88108,0.88068,0.88085,888.81
2024.02.26 20:00:00,0.88083,0.88087,0.87993,0.88008,1223.95
2024.02.26 21:00:00,0.88014,0.88024,0.87991,0.87992,819.01
2024.02.26 22:00:00,0.87992,0.88023,0.87964,0.87984,3464.51
2024.02.26 23:00:00,0.87984,0.88009,0.8796,0.88005,730.96
2024.02.27 00:00:00,0.88005,0.88052,0.88,0.88044,708.73
2024.02.27 01:00:00,0.88043,0.88068,0.88012,0.88023,1085.3
2024.02.27 02:00:00,0.88021,0.88038,0.87979,0.87998,2186.9
2024.02.27 03:00:00,0.87998,0.88019,0.87952,0.87954,942.8
2024.02.27 04:00:00,0.87956,0.87972,0.87915,0.87958,1357.99
2024.02.27 05:00:00,0.87957,0.88009,0.87951,0.87982,1642.08
2024.02.27 06:00:00,0.87982,0.88015,0.87956,0.8797,1756.75
2024.02.27 07:00:00,0.87972,0.8798,0.87846,0.87893,2412.08
2024.02.27 08:00:00,0.87892,0.87968,0.87876,0.87913,4030.95
2024.02.27 09:00:00,0.87914,0.87978,0.87856,0.87964,3301.15
2024.02.27 10:00:00,0.87966,0.88077,0.87959,0.87971,2522.03
2024.02.27 11:00:00,0.87971,0.88051,0.87966,0.87982,1925.26
2024.02.27 12:00:00,0.87982,0.87985,0.8785,0.87916,2428.61
2024.02.27 13:00:00,0.8792,0.88019,0.87888,0.87982,4098.45
2024.02.27 14:00:00,0.87981,0.88027,0.87938,0.87973,3132.49
2024.02.27 15:00:00,0.87977,0.88103,0.87901,0.87924,5595.24
2024.02.27 16:00:00,0.87928,0.87955,0.87865,0.87924,3744.72
2024.02.27 17:00:00,0.87928,0.87994,0.87916,0.87976,2342.93
2024.02.27 18:00:00,0.87978,0.87993,0.87897,0.87962,2120.72
2024.02.27 19:00:00,0.87961,0.88019,0.87957,0.8797,1509.76
2024.02.27 20:00:00,0.87971,0.87982,0.87916,0.8795,1121.66
2024.02.27 21:00:00,0.8795,0.87952,0.87844,0.87849,1473.98
2024.02.27 22:00:00,0.87849,0.87892,0.87841,0.87861,4126.86
2024.02.27 23:00:00,0.8786,0.87901,0.87851,0.87901,854.93
2024.02.28 00:00:00,0.879,0.87941,0.87893,0.87919,1148.09
2024.02.28 01:00:00,0.87919,0.87962,0.87908,0.87918,1500.88
2024.02.28 02:00:00,0.87916,0.87962,0.87912,0.87959,1147.5
2024.02.28 03:00:00,0.87956,0.87998,0.87947,0.87955,1219.35
2024.02.28 04:00:00,0.87953,0.88019,0.87944,0.88001,1851.19
2024.02.28 05:00:00,0.88002,0.88052,0.87994,0.88024,717.59
2024.02.28 06:00:00,0.88026,0.8806,0.88009,0.88039,1461.39
2024.02.28 07:00:00,0.88041,0.88133,0.88031,0.88077,2357.88
2024.02.28 08:00:00,0.88076,0.8812,0.88048,0.88093,2788.4
2024.02.28 09:00:00,0.88094,0.88154,0.88061,0.88133,4010.36
2024.02.28 10:00:00,0.88133,0.88143,0.87954,0.88005,3331.01
2024.02.28 11:00:00,0.88005,0.88044,0.87985,0.88006,2218.32
2024.02.28 12:00:00,0.88004,0.88102,0.87938,0.88102,2669.09
2024.02.28 13:00:00,0.88103,0.88105,0.87962,0.88011,6020.28
2024.02.28 14:00:00,0.88013,0.88064,0.87916,0.88027,6587.07
2024.02.28 15:00:00,0.88027,0.88047,0.87983,0.88006,3668.28
2024.02.28 16:00:00,0.88005,0.88014,0.87862,0.87864,2830.09
2024.02.28 17:00:00,0.87863,0.87962,0.87838,0.87909,1729
2024.02.28 18:00:00,0.87909,0.87931,0.87873,0.87919,1602.55
2024.02.28 19:00:00,0.87919,0.8792,0.87874,0.87917,1311.93
2024.02.28 20:00:00,0.87916,0.87922,0.87853,0.87859,1279.51
2024.02.28 21:00:00,0.87859,0.87893,0.87856,0.87869,705.15
2024.02.28 22:00:00,0.87869,0.87894,0.87851,0.87869,1532.4
2024.02.28 23:00:00,0.87869,0.8788,0.87848,0.87872,1143.08
2024.02.29 00:00:00,0.87871,0.87879,0.87849,0.87875,561.4
2024.02.29 01:00:00,0.87875,0.8788,0.87817,0.87868,1591.13
2024.02.29 02:00:00,0.87866,0.87867,0.87804,0.87815,1791.91
2024.02.29 03:00:00,0.87817,0.87858,0.87814,0.87833,1446.2
2024.02.29 04:00:00,0.87835,0.87864,0.87818,0.87858,1111.37
2024.02.29 05:00:00,0.87859,0.87881,0.87822,0.87828,3426.86
2024.02.29 06:00:00,0.87829,0.87854,0.878,0.87847,1648.5
2024.02.29 07:00:00,0.87847,0.87932,0.8784,0.87903,3113.85
2024.02.29 08:00:00,0.87903,0.87904,0.87807,0.87816,4471.98
2024.02.29 09:00:00,0.87815,0.87857,0.87794,0.87803,3272.09
2024.02.29 10:00:00,0.87803,0.88031,0.87792,0.88019,3351.52
2024.02.29 11:00:00,0.8802,0.88067,0.87922,0.88005,3169.35
2024.02.29 12:00:00,0.88007,0.88069,0.87976,0.88054,3806.54
2024.02.29 13:00:00,0.88055,0.88097,0.87885,0.87912,8730.76
2024.02.29 14:00:00,0.87913,0.88003,0.87791,0.87898,6416.09
2024.02.29 15:00:00,0.87892,0.88066,0.87819,0.88062,9723.16
2024.02.29 16:00:00,0.88063,0.8835,0.88019,0.88337,7894.95
2024.02.29 17:00:00,0.88336,0.8844,0.88318,0.88384,3142.61
2024.02.29 18:00:00,0.88382,0.88408,0.88328,0.88334,2051.58
2024.02.29 19:00:00,0.88335,0.88451,0.8832,0.88451,3286.23
2024.02.29 20:00:00,0.88448,0.8845,0.88413,0.88419,1677.09
2024.02.29 21:00:00,0.88419,0.88466,0.88415,0.88439,2301.34
2024.02.29 22:00:00,0.88425,0.8845,0.88418,0.88448,982.96
2024.02.29 23:00:00,0.8845,0.88485,0.88438,0.88442,917.14
2024.03.01 00:00:00,0.88442,0.88445,0.88395,0.884,881.9
2024.03.01 01:00:00,0.88397,0.88454,0.88394,0.88419,1283.57
2024.03.01 02:00:00,0.88419,0.88454,0.88417,0.88426,1076.52
2024.03.01 03:00:00,0.88427,0.88431,0.88394,0.88409,601.08
2024.03.01 04:00:00,0.88411,0.88447,0.88405,0.88437,756
2024.03.01 05:00:00,0.88436,0.88489,0.8843,0.88484,932
2024.03.01 06:00:00,0.88484,0.88536,0.88456,0.88529,1412.57
2024.03.01 07:00:00,0.8853,0.88622,0.88478,0.88612,3201.73
2024.03.01 08:00:00,0.88614,0.88702,0.88595,0.88628,6197.42
2024.03.01 09:00:00,0.8863,0.88639,0.88491,0.88513,5109.59
2024.03.01 10:00:00,0.8851,0.88605,0.88479,0.88545,4317.46
2024.03.01 11:00:00,0.88543,0.88554,0.88479,0.88494,3120.79
2024.03.01 12:00:00,0.88495,0.8861,0.88473,0.88583,2834.82
2024.03.01 13:00:00,0.88583,0.88784,0.88582,0.88782,5981.93
2024.03.01 14:00:00,0.88786,0.88923,0.8869,0.88882,6309.13
2024.03.01 15:00:00,0.88882,0.88882,0.88444,0.88495,13693.5
2024.03.01 16:00:00,0.88496,0.88537,0.88403,0.8844,4446.6
2024.03.01 17:00:00,0.88442,0.88458,0.88373,0.88397,2319.01
2024.03.01 18:00:00,0.88398,0.88476,0.88384,0.88409,2511.01
2024.03.01 19:00:00,0.88406,0.88406,0.88297,0.88316,2282.44
2024.03.01 20:00:00,0.88317,0.88342,0.88311,0.8832,1485.88
2024.03.01 21:00:00,0.88319,0.88373,0.8825,0.88292,2446.85
2024.03.03 22:00:00,0.88307,0.88365,0.88283,0.88312,855.34
2024.03.03 23:00:00,0.88314,0.88351,0.88293,0.88341,5757.03
2024.03.04 00:00:00,0.88339,0.8835,0.88262,0.88287,1350.8
2024.03.04 01:00:00,0.88288,0.88381,0.88286,0.88348,2441.53
2024.03.04 02:00:00,0.8835,0.88369,0.88254,0.88266,2648
2024.03.04 03:00:00,0.88265,0.88295,0.88248,0.88271,1124.7
2024.03.04 04:00:00,0.88275,0.88333,0.88253,0.88327,1464.91
2024.03.04 05:00:00,0.88326,0.88344,0.88283,0.88308,2608.95
2024.03.04 06:00:00,0.88308,0.88337,0.88282,0.88294,1926.06
2024.03.04 07:00:00,0.88293,0.88328,0.88052,0.88091,4290.18
2024.03.04 08:00:00,0.8809,0.88258,0.88086,0.88231,4583.71
2024.03.04 09:00:00,0.88231,0.88259,0.88185,0.88247,3385.41
2024.03.04 10:00:00,0.88249,0.8837,0.88249,0.88319,3002.99
2024.03.04 11:00:00,0.8832,0.88405,0.88299,0.88364,1866.5
2024.03.04 12:00:00,0.88361,0.88515,0.88357,0.88504,2293.41
2024.03.04 13:00:00,0.88503,0.8864,0.88435,0.88443,4425.99
2024.03.04 14:00:00,0.8844,0.88548,0.88422,0.88437,3994.03
2024.03.04 15:00:00,0.88437,0.8861,0.88433,0.8847,4876.47
2024.03.04 16:00:00,0.88472,0.8848,0.88393,0.88416,2808.16
2024.03.04 17:00:00,0.88415,0.88496,0.88397,0.8843,2187.26
2024.03.04 18:00:00,0.88432,0.88501,0.88385,0.88493,1383.09
2024.03.04 19:00:00,0.88491,0.88502,0.8846,0.88501,1079.06
2024.03.04 20:00:00,0.88501,0.88516,0.88462,0.88479,990.27
2024.03.04 21:00:00,0.88478,0.88494,0.88467,0.88482,1180.7
2024.03.04 22:00:00,0.88471,0.88515,0.88385,0.88461,3417.6
2024.03.04 23:00:00,0.88473,0.88525,0.88451,0.8852,1614.47
2024.03.05 00:00:00,0.88522,0.88535,0.88492,0.88512,787.24
2024.03.05 01:00:00,0.88514,0.8857,0.88496,0.88548,958.95
2024.03.05 02:00:00,0.8855,0.88564,0.88513,0.88531,716.38
2024.03.05 03:00:00,0.8853,0.88539,0.88488,0.88508,803.78
2024.03.05 04:00:00,0.88507,0.8855,0.88505,0.8854,498.72
2024.03.05 05:00:00,0.88543,0.88569,0.8852,0.88556,821.4
2024.03.05 06:00:00,0.88555,0.88615,0.88546,0.88549,1474.52
2024.03.05 07:00:00,0.8855,0.8865,0.8855,0.8858,1947.99
2024.03.05 08:00:00,0.8858,0.8859,0.88522,0.88579,3624.67
2024.03.05 09:00:00,0.88579,0.88616,0.88504,0.88579,3205.46
2024.03.05 10:00:00,0.88581,0.88627,0.88564,0.88619,1735.68
2024.03.05 11:00:00,0.8862,0.88636,0.88582,0.8861,1711.32
2024.03.05 12:00:00,0.88609,0.88661,0.88609,0.88625,1464.66
2024.03.05 13:00:00,0.88625,0.88632,0.88506,0.88532,4110.76
2024.03.05 14:00:00,0.8853,0.88544,0.88438,0.88526,5045.81
2024.03.05 15:00:00,0.88525,0.88525,0.88253,0.88266,9198.57
2024.03.05 16:00:00,0.88265,0.88392,0.88256,0.88369,4989.48
2024.03.05 17:00:00,0.8837,0.88393,0.88322,0.88365,1592.55
2024.03.05 18:00:00,0.88365,0.884,0.88346,0.88378,1633.39
2024.03.05 19:00:00,0.88377,0.88404,0.88347,0.88354,1560.03
2024.03.05 20:00:00,0.88353,0.88383,0.88299,0.88302,1626.69
2024.03.05 21:00:00,0.88305,0.88346,0.88298,0.88329,1209.88
2024.03.05 22:00:00,0.88327,0.88347,0.88271,0.88333,1986.99
2024.03.05 23:00:00,0.88335,0.88363,0.88315,0.88358,760.31
2024.03.06 00:00:00,0.88359,0.88484,0.88358,0.88436,1485.14
2024.03.06 01:00:00,0.88437,0.88521,0.88436,0.88487,2382.91
2024.03.06 02:00:00,0.88488,0.88493,0.88431,0.88444,1098.04
2024.03.06 03:00:00,0.88444,0.88458,0.88433,0.88458,534.77
2024.03.06 04:00:00,0.88456,0.88468,0.88433,0.88438,552.52
2024.03.06 05:00:00,0.88436,0.88445,0.88407,0.88438,672.97
2024.03.06 06:00:00,0.88439,0.88442,0.88417,0.8842,933.36
2024.03.06 07:00:00,0.8842,0.88431,0.88371,0.88417,2815.85
2024.03.06 08:00:00,0.88416,0.88486,0.88401,0.88423,3068.42
2024.03.06 09:00:00,0.88423,0.88554,0.88414,0.88445,2409.46
2024.03.06 10:00:00,0.88446,0.8853,0.8843,0.88527,1921.89
2024.03.06 11:00:00,0.88526,0.88553,0.88459,0.88487,1963.24
2024.03.06 12:00:00,0.88486,0.88511,0.88445,0.88511,2261.97
2024.03.06 13:00:00,0.88511,0.88513,0.88354,0.88358,7616.61
2024.03.06 14:00:00,0.88359,0.88383,0.88212,0.88288,5310.68
2024.03.06 15:00:00,0.88291,0.8836,0.8814,0.88178,8266.28
2024.03.06 16:00:00,0.8818,0.88247,0.88067,0.88121,4607.01
2024.03.06 17:00:00,0.88121,0.88215,0.88041,0.8819,3661.49
2024.03.06 18:00:00,0.88187,0.88197,0.88138,0.88171,2130.77
2024.03.06 19:00:00,0.88171,0.88256,0.88169,0.88225,2648.85
2024.03.06 20:00:00,0.88227,0.8826,0.88197,0.88198,1475.92
2024.03.06 21:00:00,0.88199,0.88214,0.88191,0.88196,1022.01
2024.03.06 22:00:00,0.88195,0.88229,0.88185,0.88203,1991.47
2024.03.06 23:00:00,0.88213,0.88225,0.8817,0.88203,1146.12
2024.03.07 00:00:00,0.88202,0.88231,0.88164,0.88199,1577.11
2024.03.07 01:00:00,0.88195,0.88207,0.88116,0.8817,3566.04
2024.03.07 02:00:00,0.8817,0.88219,0.88159,0.88172,1696.98
2024.03.07 03:00:00,0.88169,0.88211,0.88147,0.88165,3082.44
2024.03.07 04:00:00,0.88164,0.88168,0.88088,0.88093,2655.93
2024.03.07 05:00:00,0.88094,0.88185,0.88094,0.88174,1782.67
2024.03.07 06:00:00,0.88172,0.8819,0.88086,0.881,2682.52
2024.03.07 07:00:00,0.88099,0.88182,0.88077,0.88161,3487.65
2024.03.07 08:00:00,0.88159,0.88195,0.88083,0.88115,3975.57
2024.03.07 09:00:00,0.88114,0.88159,0.88066,0.88077,2281.69
2024.03.07 10:00:00,0.88079,0.88131,0.88019,0.88025,1943.35
2024.03.07 11:00:00,0.88024,0.88035,0.87915,0.87962,2739.04
2024.03.07 12:00:00,0.87963,0.88022,0.87934,0.87958,2514.79
2024.03.07 13:00:00,0.87956,0.8801,0.87848,0.87933,10082.37
2024.03.07 14:00:00,0.87933,0.88037,0.8786,0.87971,9226.42
2024.03.07 15:00:00,0.87971,0.88014,0.87836,0.87896,5943.97
2024.03.07 16:00:00,0.87895,0.87907,0.87749,0.87807,5079.77
2024.03.07 17:00:00,0.87809,0.87904,0.87799,0.87866,3364.51
2024.03.07 18:00:00,0.87865,0.87866,0.87817,0.87854,2878.87
2024.03.07 19:00:00,0.87855,0.87861,0.87724,0.87731,2035.23
2024.03.07 20:00:00,0.87731,0.87794,0.8773,0.87769,2291.36
2024.03.07 21:00:00,0.87768,0.87773,0.8774,0.87757,1139.91
2024.03.07 22:00:00,0.87747,0.87761,0.87715,0.87753,3983.64
2024.03.07 23:00:00,0.87747,0.87755,0.87727,0.87728,964.4
2024.03.08 00:00:00,0.87726,0.87735,0.87667,0.87709,1792.77
2024.03.08 01:00:00,0.87708,0.87769,0.87688,0.87729,1214.3
2024.03.08 02:00:00,0.87731,0.87764,0.87704,0.87759,1081.49
2024.03.08 03:00:00,0.87761,0.87771,0.87736,0.8775,775.61
2024.03.08 04:00:00,0.87749,0.8776,0.87722,0.87744,586.39
2024.03.08 05:00:00,0.87743,0.87747,0.87714,0.87725,642.85
2024.03.08 06:00:00,0.87726,0.87759,0.87702,0.8771,1157.09
2024.03.08 07:00:00,0.87712,0.87763,0.8768,0.87729,2637.18
2024.03.08 08:00:00,0.87728,0.87744,0.8761,0.87638,2586.98
2024.03.08 09:00:00,0.87637,0.8767,0.87575,0.87646,3749.51
2024.03.08 10:00:00,0.87646,0.87671,0.87606,0.87639,2669.78
2024.03.08 11:00:00,0.87638,0.87677,0.87575,0.87638,2099
2024.03.08 12:00:00,0.87638,0.8772,0.87637,0.87708,2233.4
2024.03.08 13:00:00,0.87706,0.87823,0.87294,0.8751,15182.47
2024.03.08 14:00:00,0.87511,0.87583,0.87426,0.87532,9595.19
2024.03.08 15:00:00,0.8753,0.87662,0.87474,0.87526,5920.35
2024.03.08 16:00:00,0.87526,0.87681,0.87521,0.87664,5080.17
2024.03.08 17:00:00,0.87663,0.87698,0.87577,0.87672,4953.18
2024.03.08 18:00:00,0.87672,0.87782,0.87663,0.87739,3330.97
2024.03.08 19:00:00,0.8774,0.87786,0.87721,0.87731,2175.49
2024.03.08 20:00:00,0.87731,0.87766,0.87717,0.87741,1496.29
2024.03.08 21:00:00,0.8774,0.87776,0.87639,0.8764,1462.03
2024.03.10 21:00:00,0.87497,0.87741,0.87497,0.87697,4526.19
2024.03.10 22:00:00,0.87697,0.8781,0.87697,0.87771,2972.95
2024.03.10 23:00:00,0.87768,0.87773,0.87733,0.87754,1539.43
2024.03.11 00:00:00,0.87753,0.87765,0.87689,0.87726,1076.9
2024.03.11 01:00:00,0.87726,0.87739,0.87675,0.87723,2027.16
2024.03.11 02:00:00,0.87724,0.87765,0.87704,0.87759,1932.93
2024.03.11 03:00:00,0.87758,0.87778,0.87726,0.87756,1034.04
2024.03.11 04:00:00,0.87756,0.87793,0.8775,0.8777,777.49
2024.03.11 05:00:00,0.87769,0.87793,0.87745,0.87762,1196.63
2024.03.11 06:00:00,0.87764,0.87787,0.87716,0.87726,1549.27
2024.03.11 07:00:00,0.87724,0.87724,0.87584,0.87593,3422.33
2024.03.11 08:00:00,0.87595,0.87638,0.87547,0.8759,4001.58
2024.03.11 09:00:00,0.8759,0.87693,0.87549,0.87686,3555.22
2024.03.11 10:00:00,0.87689,0.87725,0.87646,0.87678,2347.02
2024.03.11 11:00:00,0.87681,0.87694,0.87579,0.8763,1586.78
2024.03.11 12:00:00,0.87629,0.87772,0.8762,0.87771,4030.54
2024.03.11 13:00:00,0.87772,0.87873,0.87749,0.87858,4702.43
2024.03.11 14:00:00,0.87857,0.87946,0.87836,0.87838,5466.83
2024.03.11 15:00:00,0.87838,0.87916,0.87807,0.87826,4624.15
2024.03.11 16:00:00,0.87825,0.87851,0.87783,0.87832,2839.1
2024.03.11 17:00:00,0.87832,0.87832,0.87782,0.87827,2222.94
2024.03.11 18:00:00,0.87826,0.87879,0.87804,0.87809,1704.29
2024.03.11 19:00:00,0.87808,0.87816,0.87742,0.87742,1985.39
2024.03.11 20:00:00,0.87743,0.87763,0.87727,0.87733,1074.32
2024.03.11 21:00:00,0.8773,0.87778,0.87721,0.87742,4227.06
2024.03.11 22:00:00,0.87742,0.87761,0.87728,0.87739,1265.24
2024.03.11 23:00:00,0.87739,0.87744,0.87703,0.87731,1389.49
2024.03.12 00:00:00,0.87731,0.87739,0.87713,0.87737,1809.83
2024.03.12 01:00:00,0.87734,0.8775,0.87693,0.87705,2369.72
2024.03.12 02:00:00,0.87704,0.87757,0.87693,0.87732,4470.11
2024.03.12 03:00:00,0.87732,0.87738,0.87704,0.87737,2926.11
2024.03.12 04:00:00,0.87739,0.87748,0.87703,0.87706,2419.13
2024.03.12 05:00:00,0.87705,0.87719,0.87671,0.87711,2331.39
2024.03.12 06:00:00,0.8771,0.8773,0.87668,0.87686,3863.89
2024.03.12 07:00:00,0.87686,0.87714,0.87646,0.87673,2503.64
2024.03.12 08:00:00,0.87672,0.87691,0.87609,0.87648,2945.56
2024.03.12 09:00:00,0.87647,0.87665,0.87577,0.87608,2197.71
2024.03.12 10:00:00,0.87609,0.87674,0.87597,0.87626,2333.42
2024.03.12 11:00:00,0.87627,0.87675,0.87602,0.87632,3240.22
2024.03.12 12:00:00,0.87632,0.87932,0.87468,0.87727,19035.97
2024.03.12 13:00:00,0.87727,0.87937,0.8772,0.87882,15583.03
2024.03.12 14:00:00,0.87882,0.87945,0.87836,0.87896,7229.81
2024.03.12 15:00:00,0.87895,0.8794,0.87792,0.8782,5030.06
2024.03.12 16:00:00,0.87818,0.87849,0.87784,0.87804,2936.52
2024.03.12 17:00:00,0.87803,0.87862,0.87791,0.87859,2460.64
2024.03.12 18:00:00,0.87861,0.87861,0.87785,0.878,1374.52
2024.03.12 19:00:00,0.87799,0.87803,0.87743,0.87744,1290.59
2024.03.12 20:00:00,0.87746,0.87747,0.8771,0.87711,1597.13
2024.03.12 21:00:00,0.87708,0.87737,0.87663,0.87717,3129.07
2024.03.12 22:00:00,0.87717,0.87752,0.87704,0.87718,915.07
2024.03.12 23:00:00,0.87719,0.87744,0.87705,0.87739,1473.83
2024.03.13 00:00:00,0.87739,0.87763,0.87723,0.87736,1839.8
2024.03.13 01:00:00,0.87736,0.87773,0.87723,0.87769,2088.77
2024.03.13 02:00:00,0.87769,0.87771,0.87727,0.87736,2597.96
2024.03.13 03:00:00,0.87736,0.87765,0.87727,0.87756,1841.94
2024.03.13 04:00:00,0.87756,0.87794,0.87752,0.87776,1505.1
2024.03.13 05:00:00,0.87776,0.87813,0.87766,0.8777,1342.57
2024.03.13 06:00:00,0.87769,0.87802,0.87743,0.87778,2331.11
2024.03.13 07:00:00,0.8778,0.87826,0.87743,0.87783,3338.9
2024.03.13 08:00:00,0.8778,0.87856,0.87767,0.8785,3314.2
2024.03.13 09:00:00,0.8785,0.87885,0.87826,0.87875,2457.87
2024.03.13 10:00:00,0.87876,0.87881,0.87815,0.87822,2402.8
2024.03.13 11:00:00,0.87824,0.87841,0.87723,0.87757,2508.22
2024.03.13 12:00:00,0.87755,0.87799,0.87707,0.87742,3369.18
2024.03.13 13:00:00,0.87741,0.87768,0.8767,0.8773,4556.52
2024.03.13 14:00:00,0.87731,0.87776,0.87675,0.87684,6616.53
2024.03.13 15:00:00,0.87685,0.87799,0.87658,0.87799,5129.98
2024.03.13 16:00:00,0.87798,0.87832,0.8775,0.87775,4194.06
2024.03.13 17:00:00,0.87777,0.87781,0.87682,0.87723,6175.73
2024.03.13 18:00:00,0.87725,0.87833,0.877,0.87827,3125.94
2024.03.13 19:00:00,0.87827,0.87895,0.87812,0.87874,1917.4
2024.03.13 20:00:00,0.87874,0.87889,0.87864,0.87878,934.16
2024.03.13 21:00:00,0.8787,0.87878,0.87848,0.87862,1548.67
2024.03.13 22:00:00,0.87867,0.87868,0.87845,0.87861,1533.79
2024.03.13 23:00:00,0.87861,0.87873,0.87828,0.87834,1269.78
2024.03.14 00:00:00,0.87833,0.87871,0.87819,0.87842,1578.08
2024.03.14 01:00:00,0.87841,0.87858,0.87817,0.87829,3320.76
2024.03.14 02:00:00,0.87829,0.87912,0.87824,0.8789,2477.88
2024.03.14 03:00:00,0.8789,0.87929,0.8788,0.87925,1812.74
2024.03.14 04:00:00,0.87924,0.87965,0.87923,0.87929,1469.02
2024.03.14 05:00:00,0.87929,0.87976,0.87923,0.87965,2163.58
2024.03.14 06:00:00,0.87966,0.87995,0.87938,0.87967,2846.58
2024.03.14 07:00:00,0.87968,0.88007,0.87943,0.87999,2862.21
2024.03.14 08:00:00,0.87997,0.88021,0.87926,0.87991,3043.45
2024.03.14 09:00:00,0.87991,0.87997,0.87947,0.87966,2447.25
2024.03.14 10:00:00,0.87965,0.87985,0.87907,0.87941,2584.99
2024.03.14 11:00:00,0.87941,0.87962,0.87856,0.87857,2381.33
2024.03.14 12:00:00,0.87855,0.87998,0.87817,0.87964,11158.96
2024.03.14 13:00:00,0.87967,0.88143,0.87946,0.88082,9912.63
2024.03.14 14:00:00,0.8808,0.88259,0.88072,0.8822,6090.67
2024.03.14 15:00:00,0.88222,0.8838,0.88213,0.88339,5756.5
2024.03.14 16:00:00,0.88339,0.88349,0.88251,0.88313,4292.98
2024.03.14 17:00:00,0.88314,0.88391,0.88293,0.88351,2148.42
2024.03.14 18:00:00,0.8835,0.88382,0.88321,0.88376,1602.74
2024.03.14 19:00:00,0.88375,0.88405,0.88351,0.88353,1997.05
2024.03.14 20:00:00,0.88352,0.88384,0.88321,0.88365,1254.89
2024.03.14 21:00:00,0.88365,0.88383,0.88321,0.88341,7896.13
2024.03.14 22:00:00,0.88342,0.88406,0.88338,0.88397,715.97
2024.03.14 23:00:00,0.88399,0.88436,0.88388,0.88426,887.99
2024.03.15 00:00:00,0.88427,0.88489,0.88405,0.88478,2733.23
2024.03.15 01:00:00,0.88477,0.88483,0.88442,0.88476,2736.22
2024.03.15 02:00:00,0.88476,0.88502,0.88471,0.88494,3204.58
2024.03.15 03:00:00,0.88494,0.88498,0.88449,0.88477,2328.72
2024.03.15 04:00:00,0.88478,0.88485,0.88467,0.88471,1695.81
2024.03.15 05:00:00,0.88472,0.88494,0.88457,0.88467,2626.71
2024.03.15 06:00:00,0.88469,0.88502,0.88442,0.88461,4153.45
2024.03.15 07:00:00,0.8846,0.88503,0.8841,0.88488,3162.68
2024.03.15 08:00:00,0.88489,0.88524,0.88386,0.88417,4153.91
2024.03.15 09:00:00,0.88418,0.88418,0.88279,0.88292,3177.65
2024.03.15 10:00:00,0.88292,0.88374,0.88281,0.88343,2912.72
2024.03.15 11:00:00,0.88343,0.88349,0.88193,0.88198,3719.85
2024.03.15 12:00:00,0.88197,0.88295,0.8819,0.88265,5824.24
2024.03.15 13:00:00,0.88266,0.88308,0.88195,0.88281,4976.12
2024.03.15 14:00:00,0.88277,0.8833,0.8823,0.88303,6035.47
2024.03.15 15:00:00,0.88304,0.8841,0.8827,0.88363,3942.16
2024.03.15 16:00:00,0.88365,0.88405,0.88327,0.88405,2924.98
2024.03.15 17:00:00,0.88403,0.8845,0.88383,0.88407,1817.35
2024.03.15 18:00:00,0.88409,0.8841,0.88357,0.88386,1557.45
2024.03.15 19:00:00,0.88385,0.88397,0.88348,0.88354,2310.21
2024.03.15 20:00:00,0.88354,0.88366,0.8833,0.88336,2438.21
2024.03.17 21:00:00,0.88289,0.88352,0.8821,0.88298,584.56
2024.03.17 22:00:00,0.88296,0.88361,0.88262,0.88333,6236.55
2024.03.17 23:00:00,0.88332,0.88362,0.88332,0.88354,7734.83
2024.03.18 00:00:00,0.88355,0.8838,0.88337,0.88355,2350.17
2024.03.18 01:00:00,0.88355,0.88388,0.88328,0.88331,3952.73
2024.03.18 02:00:00,0.8833,0.88331,0.88279,0.88289,2372.55
2024.03.18 03:00:00,0.88288,0.88327,0.88275,0.88325,2167.78
2024.03.18 04:00:00,0.88325,0.88351,0.88315,0.88349,1593.17
2024.03.18 05:00:00,0.8835,0.88358,0.88328,0.88343,2013.47
2024.03.18 06:00:00,0.88343,0.88389,0.88334,0.88377,2878.49
2024.03.18 07:00:00,0.88378,0.88414,0.8835,0.88399,3487.34
2024.03.18 08:00:00,0.88401,0.88422,0.88336,0.88358,4592.36
2024.03.18 09:00:00,0.88361,0.88416,0.88338,0.88403,2404.18
2024.03.18 10:00:00,0.88405,0.88445,0.88306,0.8831,2643.12
2024.03.18 11:00:00,0.88312,0.88316,0.88213,0.8826,3495.99
2024.03.18 12:00:00,0.88259,0.88394,0.88237,0.88367,3294.29
2024.03.18 13:00:00,0.88367,0.88504,0.88366,0.88473,3541.1
2024.03.18 14:00:00,0.88471,0.88603,0.88439,0.88584,4835.68
2024.03.18 15:00:00,0.88584,0.88636,0.88535,0.88619,4639.67
2024.03.18 16:00:00,0.88619,0.887,0.88618,0.88693,3632.56
2024.03.18 17:00:00,0.88692,0.88834,0.88658,0.88783,3425.07
2024.03.18 18:00:00,0.88783,0.88819,0.88765,0.88801,1585.05
2024.03.18 19:00:00,0.88801,0.88838,0.8877,0.88832,1741.45
2024.03.18 20:00:00,0.88836,0.88842,0.88774,0.88775,1654.82
2024.03.18 21:00:00,0.88775,0.88775,0.88689,0.88743,2479.94
2024.03.18 22:00:00,0.88744,0.88766,0.88725,0.8874,3542.16
2024.03.18 23:00:00,0.88742,0.88761,0.88737,0.88754,2416.49
2024.03.19 00:00:00,0.88753,0.88838,0.88745,0.88838,2158.53
2024.03.19 01:00:00,0.88838,0.88872,0.88826,0.8886,3337.42
2024.03.19 02:00:00,0.88861,0.88861,0.88809,0.88838,2819.25
2024.03.19 03:00:00,0.88839,0.88847,0.88772,0.88805,6291.7
2024.03.19 04:00:00,0.88804,0.88846,0.88771,0.88831,6607.54
2024.03.19 05:00:00,0.88831,0.8888,0.88799,0.88865,3826.61
2024.03.19 06:00:00,0.88866,0.88932,0.88862,0.88921,5126.17
2024.03.19 07:00:00,0.88921,0.88949,0.88857,0.88941,4226.88
2024.03.19 08:00:00,0.88941,0.88982,0.88702,0.8873,7631.84
2024.03.19 09:00:00,0.88729,0.88855,0.88717,0.88799,4231.23
2024.03.19 10:00:00,0.88799,0.88951,0.88759,0.88905,4865
2024.03.19 11:00:00,0.88906,0.88916,0.88726,0.88754,3752.92
2024.03.19 12:00:00,0.88749,0.88833,0.88702,0.88703,4540.49
2024.03.19 13:00:00,0.88701,0.8882,0.88668,0.888,4256.73
2024.03.19 14:00:00,0.88803,0.8882,0.88726,0.88772,3773.48
2024.03.19 15:00:00,0.88772,0.88872,0.88772,0.88815,2990.51
2024.03.19 16:00:00,0.88816,0.88854,0.88782,0.88806,2676.53
2024.03.19 17:00:00,0.88806,0.88822,0.88746,0.88799,3782.77
2024.03.19 18:00:00,0.888,0.88833,0.88778,0.88816,1515.39
2024.03.19 19:00:00,0.88816,0.88829,0.88784,0.88813,978.1
2024.03.19 20:00:00,0.88813,0.88821,0.888,0.888,561.83
2024.03.19 21:00:00,0.888,0.88808,0.88731,0.88766,5646.91
2024.03.19 22:00:00,0.88776,0.8883,0.88776,0.88803,3373.89
2024.03.19 23:00:00,0.88804,0.88859,0.88796,0.88855,1721.53
2024.03.20 00:00:00,0.88855,0.88895,0.8885,0.88858,1879.76
2024.03.20 01:00:00,0.88858,0.88914,0.88852,0.88901,2010.43
2024.03.20 02:00:00,0.88903,0.88921,0.88865,0.88878,3060.42
2024.03.20 03:00:00,0.88876,0.88884,0.88843,0.88848,4086.37
2024.03.20 04:00:00,0.8885,0.88923,0.88849,0.88919,2806.21
2024.03.20 05:00:00,0.88918,0.88949,0.88901,0.88915,2876.9
2024.03.20 06:00:00,0.88916,0.88957,0.88896,0.88912,5390.4
2024.03.20 07:00:00,0.88913,0.88979,0.88858,0.88979,4121.58
2024.03.20 08:00:00,0.88979,0.89042,0.88958,0.89007,4900.62
2024.03.20 09:00:00,0.89007,0.89147,0.89003,0.89102,4011.02
2024.03.20 10:00:00,0.89101,0.89185,0.89099,0.89124,3864.96
2024.03.20 11:00:00,0.89126,0.89127,0.89033,0.89059,4312.36
2024.03.20 12:00:00,0.89061,0.89093,0.89031,0.89047,3956.34
2024.03.20 13:00:00,0.89049,0.89128,0.89034,0.89118,5056.81
2024.03.20 14:00:00,0.89119,0.89135,0.89022,0.89085,5040.93
2024.03.20 15:00:00,0.89087,0.89161,0.89059,0.89114,4689.12
2024.03.20 16:00:00,0.89111,0.89138,0.8905,0.89074,3497.09
2024.03.20 17:00:00,0.89073,0.89161,0.89068,0.89074,4105.13
2024.03.20 18:00:00,0.89074,0.89133,0.88629,0.88639,38697.12
2024.03.20 19:00:00,0.88639,0.88706,0.88588,0.88665,17239.73
2024.03.20 20:00:00,0.88665,0.8871,0.88643,0.88676,3314.41
2024.03.20 21:00:00,0.88666,0.88673,0.88618,0.88673,4995.83
2024.03.20 22:00:00,0.88666,0.88672,0.88568,0.8857,5640.4
2024.03.20 23:00:00,0.8857,0.88585,0.88541,0.88563,3425.65
2024.03.21 00:00:00,0.88563,0.88573,0.88493,0.88505,5549.78
2024.03.21 01:00:00,0.88506,0.88518,0.88389,0.88428,6390.6
2024.03.21 02:00:00,0.88428,0.88501,0.88416,0.88486,3464.91
2024.03.21 03:00:00,0.88488,0.88519,0.88466,0.88493,2806.58
2024.03.21 04:00:00,0.88494,0.88535,0.88478,0.88529,2343.48
2024.03.21 05:00:00,0.8853,0.88587,0.88513,0.88556,2942.81
2024.03.21 06:00:00,0.88558,0.88585,0.88512,0.8852,3684.01
2024.03.21 07:00:00,0.88523,0.8855,0.88447,0.8853,5825.72
2024.03.21 08:00:00,0.88531,0.8974,0.88531,0.89481,24652.43
2024.03.21 09:00:00,0.89478,0.89681,0.8926,0.89465,14041.56
2024.03.21 10:00:00,0.89465,0.89465,0.89233,0.89255,8838.72
2024.03.21 11:00:00,0.89255,0.89346,0.89236,0.89314,6746.39
2024.03.21 12:00:00,0.89313,0.89535,0.89265,0.89464,11326.9
2024.03.21 13:00:00,0.89463,0.8982,0.89463,0.89743,15812.06
2024.03.21 14:00:00,0.89741,0.89907,0.89741,0.89832,13599.17
2024.03.21 15:00:00,0.89833,0.89927,0.89787,0.89923,8945.43
2024.03.21 16:00:00,0.89925,0.89937,0.89817,0.89822,4441.27
2024.03.21 17:00:00,0.89821,0.89877,0.89784,0.89832,3792.66
2024.03.21 18:00:00,0.89833,0.89837,0.89796,0.89801,3014.73
2024.03.21 19:00:00,0.89801,0.89853,0.89791,0.89801,2193.11
2024.03.21 20:00:00,0.89803,0.89818,0.89734,0.8974,2056.96
2024.03.21 21:00:00,0.89727,0.89776,0.8972,0.89734,5088.16
2024.03.21 22:00:00,0.89739,0.89795,0.89727,0.89767,1539.55
2024.03.21 23:00:00,0.89768,0.89778,0.89752,0.89773,1692.58
2024.03.22 00:00:00,0.89772,0.89773,0.89699,0.89743,2824.97
2024.03.22 01:00:00,0.89741,0.89918,0.89736,0.89912,4494.17
2024.03.22 02:00:00,0.89914,0.89947,0.89874,0.8994,5647.28
2024.03.22 03:00:00,0.89938,0.89944,0.89876,0.89911,3387.84
2024.03.22 04:00:00,0.89911,0.89927,0.89889,0.89906,3835.96
2024.03.22 05:00:00,0.89906,0.89906,0.89812,0.89812,4158.89
2024.03.22 06:00:00,0.89815,0.89906,0.89813,0.89866,5494.92
2024.03.22 07:00:00,0.89868,0.89958,0.89832,0.89924,4936.8
2024.03.22 08:00:00,0.89925,0.90201,0.89901,0.90102,7883.81
2024.03.22 09:00:00,0.90101,0.90123,0.89995,0.90049,5684.97
2024.03.22 10:00:00,0.90047,0.90084,0.9,0.90045,5135.09
2024.03.22 11:00:00,0.90045,0.90109,0.89964,0.90059,3732.74
2024.03.22 12:00:00,0.90057,0.90074,0.89836,0.89843,9586.01
2024.03.22 13:00:00,0.89842,0.899,0.89739,0.89753,7918.87
2024.03.22 14:00:00,0.8975,0.89832,0.89692,0.89826,6049.62
2024.03.22 15:00:00,0.89828,0.8989,0.89752,0.89829,5570.19
2024.03.22 16:00:00,0.89828,0.89893,0.89768,0.89871,3709.78
2024.03.22 17:00:00,0.89867,0.89896,0.8985,0.89871,2636.12
2024.03.22 18:00:00,0.89872,0.89885,0.89858,0.89869,1283.12
2024.03.22 19:00:00,0.8987,0.89882,0.89792,0.89797,2424.55
2024.03.22 20:00:00,0.89798,0.89798,0.89652,0.89699,4532.22
2024.03.24 21:00:00,0.89689,0.89701,0.89669,0.89678,7365.27
2024.03.24 22:00:00,0.89681,0.89755,0.89671,0.89729,2700.3
2024.03.24 23:00:00,0.89731,0.89769,0.89711,0.89764,4393.79
2024.03.25 00:00:00,0.89764,0.8984,0.89742,0.8983,2795.83
2024.03.25 01:00:00,0.8983,0.89836,0.89696,0.89732,6649.16
2024.03.25 02:00:00,0.89731,0.89743,0.89693,0.89711,5739.23
2024.03.25 03:00:00,0.89711,0.89778,0.8971,0.89767,3544.15
2024.03.25 04:00:00,0.89768,0.89786,0.89756,0.89767,2905.59
2024.03.25 05:00:00,0.89765,0.89767,0.897,0.89709,3032.59
2024.03.25 06:00:00,0.8971,0.89779,0.89698,0.89768,2648.49
2024.03.25 07:00:00,0.89768,0.89806,0.89713,0.89806,3049.68
2024.03.25 08:00:00,0.89806,0.89864,0.89742,0.89828,4699.19
2024.03.25 09:00:00,0.89826,0.8986,0.89758,0.89773,3308.12
2024.03.25 10:00:00,0.89772,0.89801,0.89737,0.89786,2730.08
2024.03.25 11:00:00,0.89789,0.89827,0.89774,0.8979,2096.56
2024.03.25 12:00:00,0.8979,0.89792,0.89719,0.89758,2898.79
2024.03.25 13:00:00,0.89757,0.89786,0.89688,0.89747,4030.04
2024.03.25 14:00:00,0.89747,0.89767,0.89696,0.89756,4038.67
2024.03.25 15:00:00,0.89755,0.8984,0.89754,0.89829,2948.84
2024.03.25 16:00:00,0.89829,0.89902,0.89809,0.89899,2158.1
2024.03.25 17:00:00,0.89899,0.89919,0.89848,0.89872,2059.37
2024.03.25 18:00:00,0.89873,0.89913,0.8987,0.89891,1363.67
2024.03.25 19:00:00,0.8989,0.89908,0.89861,0.89908,900.54
2024.03.25 20:00:00,0.89908,0.89954,0.89907,0.89929,1816.07
2024.03.25 21:00:00,0.89928,0.89949,0.89905,0.89917,7383.14
2024.03.25 22:00:00,0.89917,0.89983,0.8991,0.89961,1493.87
2024.03.25 23:00:00,0.89962,0.89964,0.89947,0.89954,1241.56
2024.03.26 00:00:00,0.89953,0.89983,0.89921,0.89937,1535.36
2024.03.26 01:00:00,0.89937,0.89967,0.89901,0.89959,3478.79
2024.03.26 02:00:00,0.89961,0.89979,0.89936,0.89974,1460.04
2024.03.26 03:00:00,0.89974,0.90055,0.89962,0.90042,1970.54
2024.03.26 04:00:00,0.90043,0.90054,0.90025,0.90041,1133.29
2024.03.26 05:00:00,0.90044,0.90048,0.90004,0.90011,1458.11
2024.03.26 06:00:00,0.90013,0.90016,0.89953,0.90003,3550.38
2024.03.26 07:00:00,0.90004,0.90084,0.89988,0.90079,3424.41
2024.03.26 08:00:00,0.9008,0.90173,0.90037,0.90092,6396.44
2024.03.26 09:00:00,0.90092,0.90143,0.90025,0.90139,4331.68
2024.03.26 10:00:00,0.90139,0.90146,0.90011,0.90044,3613.44
2024.03.26 11:00:00,0.90046,0.90228,0.90011,0.90206,4035.88
2024.03.26 12:00:00,0.90205,0.90391,0.90147,0.90331,6501.81
2024.03.26 13:00:00,0.90331,0.90431,0.90217,0.90257,7180.04
2024.03.26 14:00:00,0.90257,0.90308,0.902,0.90302,6843.41
2024.03.26 15:00:00,0.903,0.90324,0.90202,0.90271,5558.43
2024.03.26 16:00:00,0.9027,0.90385,0.90263,0.90365,3230.62
2024.03.26 17:00:00,0.90363,0.90398,0.90318,0.90393,2305.92
2024.03.26 18:00:00,0.90394,0.9041,0.90303,0.90343,1570.38
2024.03.26 19:00:00,0.90342,0.90412,0.90333,0.9041,2344.77
2024.03.26 20:00:00,0.90409,0.9041,0.90382,0.90389,1760.9
2024.03.26 21:00:00,0.90389,0.90389,0.90332,0.90344,1761.82
2024.03.26 22:00:00,0.90341,0.90378,0.90341,0.90369,3027.6
2024.03.26 23:00:00,0.90369,0.90394,0.90362,0.90366,1072.89
2024.03.27 00:00:00,0.90367,0.90383,0.90335,0.90354,1515.94
2024.03.27 01:00:00,0.90355,0.90413,0.90326,0.90376,3632.91
2024.03.27 02:00:00,0.90376,0.90414,0.9037,0.904,2172.95
2024.03.27 03:00:00,0.90399,0.9042,0.90356,0.90393,2552.17
2024.03.27 04:00:00,0.90393,0.90393,0.90353,0.90384,914.91
2024.03.27 05:00:00,0.90384,0.90429,0.90384,0.90427,1140.04
2024.03.27 06:00:00,0.90428,0.90434,0.90369,0.90403,2975.57
2024.03.27 07:00:00,0.90403,0.90557,0.90403,0.90533,4033.8
2024.03.27 08:00:00,0.90533,0.90625,0.90482,0.90528,5553.74
2024.03.27 09:00:00,0.90528,0.90553,0.90377,0.90531,6478.77
2024.03.27 10:00:00,0.90532,0.90574,0.90481,0.90564,4582.89
2024.03.27 11:00:00,0.90565,0.90685,0.90533,0.90675,3518.38
2024.03.27 12:00:00,0.90675,0.90706,0.90633,0.90672,4374.14
2024.03.27 13:00:00,0.90672,0.90712,0.90564,0.9061,5391.75
2024.03.27 14:00:00,0.9061,0.90631,0.90504,0.90529,5862.72
2024.03.27 15:00:00,0.90528,0.90676,0.90528,0.90556,4561.48
2024.03.27 16:00:00,0.90556,0.9058,0.90465,0.90484,3745.28
2024.03.27 17:00:00,0.90485,0.90596,0.90467,0.90563,1911.24
2024.03.27 18:00:00,0.90563,0.90568,0.90533,0.90546,1034.32
2024.03.27 19:00:00,0.90547,0.90548,0.90463,0.90465,1465.88
2024.03.27 20:00:00,0.90467,0.90477,0.90365,0.90366,1890.37
2024.03.27 21:00:00,0.90363,0.90397,0.90336,0.90371,2571.2
2024.03.27 22:00:00,0.90372,0.90548,0.90368,0.90515,4234.86
2024.03.27 23:00:00,0.90513,0.90568,0.90507,0.90562,2661.07
2024.03.28 00:00:00,0.9056,0.90641,0.90554,0.90566,2678.8
2024.03.28 01:00:00,0.90566,0.90591,0.90513,0.90516,4005.16
2024.03.28 02:00:00,0.90517,0.90522,0.90432,0.90473,3633.1
2024.03.28 03:00:00,0.90474,0.90499,0.90453,0.90484,2192.98
2024.03.28 04:00:00,0.90485,0.90502,0.9047,0.90487,1620.12
2024.03.28 05:00:00,0.90485,0.90499,0.90457,0.90499,2308.83
2024.03.28 06:00:00,0.90501,0.90587,0.90501,0.90565,3096.29
2024.03.28 07:00:00,0.90563,0.90645,0.90535,0.90551,3262.12
2024.03.28 08:00:00,0.90551,0.90626,0.90523,0.90604,4463.92
2024.03.28 09:00:00,0.90608,0.90639,0.90535,0.90618,4406.92
2024.03.28 10:00:00,0.9062,0.90625,0.90496,0.90537,4313.77
2024.03.28 11:00:00,0.90536,0.90585,0.9051,0.90562,3271.92
2024.03.28 12:00:00,0.90562,0.90578,0.90351,0.90357,5829.13
2024.03.28 13:00:00,0.90358,0.90373,0.90136,0.90147,8278.5
2024.03.28 14:00:00,0.90144,0.90281,0.90093,0.90181,9620.74
2024.03.28 15:00:00,0.90185,0.90263,0.90047,0.90063,7818.85
2024.03.28 16:00:00,0.90061,0.90157,0.89993,0.9008,7487.33
2024.03.28 17:00:00,0.9008,0.90139,0.90042,0.9013,2552.13
2024.03.28 18:00:00,0.9013,0.90214,0.90108,0.90193,1791.85
2024.03.28 19:00:00,0.90193,0.90223,0.90155,0.90181,1939.09
2024.03.28 20:00:00,0.9018,0.90213,0.90149,0.90156,1545.73
2024.03.28 21:00:00,0.90156,0.90206,0.90107,0.902,12898.1
2024.03.28 22:00:00,0.90193,0.90193,0.8996,0.90129,18163.92
2024.03.28 23:00:00,0.90139,0.90181,0.90106,0.9011,14558.46
2024.03.29 00:00:00,0.90112,0.9024,0.90111,0.9016,14026.15
2024.03.29 01:00:00,0.90165,0.90225,0.90114,0.90194,4325.13
2024.03.29 02:00:00,0.90196,0.90221,0.90164,0.90165,6888.15
2024.03.29 03:00:00,0.90165,0.90226,0.90162,0.90215,7835.97
2024.03.29 04:00:00,0.90206,0.90275,0.90156,0.90201,4582.39
2024.03.29 05:00:00,0.90201,0.90258,0.90151,0.9025,6838.17
2024.03.29 06:00:00,0.90253,0.90271,0.90135,0.90206,7593.43
2024.03.29 07:00:00,0.9023,0.9023,0.9004,0.9017,9148.54
2024.03.29 08:00:00,0.90161,0.90191,0.90109,0.90134,4520.77
2024.03.29 09:00:00,0.90137,0.90197,0.90076,0.90107,9726.1
2024.03.29 10:00:00,0.90103,0.90146,0.90062,0.90112,5333.79
2024.03.29 11:00:00,0.90113,0.90205,0.90096,0.90121,9119.55
2024.03.29 12:00:00,0.9012,0.90187,0.90082,0.90109,12584.65
2024.03.29 13:00:00,0.90109,0.90159,0.90088,0.90119,13683.46
2024.03.29 14:00:00,0.90141,0.90175,0.90113,0.90121,11615.62
2024.03.29 15:00:00,0.90121,0.90185,0.90114,0.90172,7498.28
2024.03.29 16:00:00,0.90173,0.90222,0.90158,0.90207,6013.4
2024.03.29 17:00:00,0.90209,0.90249,0.90173,0.90178,2815.25
2024.03.29 18:00:00,0.90177,0.90221,0.9016,0.90212,2330.68
2024.03.29 19:00:00,0.90215,0.90222,0.90136,0.90161,3235.78
2024.03.29 20:00:00,0.90172,0.90213,0.90051,0.90051,1270.69
2024.03.31 21:00:00,0.90097,0.90129,0.90044,0.90129,1498.33
2024.03.31 22:00:00,0.90124,0.90229,0.90073,0.90216,4616.96
2024.03.31 23:00:00,0.90217,0.90229,0.9017,0.902,2298.35
2024.04.01 00:00:00,0.90197,0.90207,0.90128,0.90188,2428.75
2024.04.01 01:00:00,0.90187,0.90223,0.90142,0.9022,2214.8
2024.04.01 02:00:00,0.90221,0.90232,0.90169,0.90197,2901.33
2024.04.01 03:00:00,0.90196,0.90231,0.9015,0.90158,2822.26
2024.04.01 04:00:00,0.90158,0.90201,0.90151,0.90182,2432.41
2024.04.01 05:00:00,0.90182,0.90203,0.9016,0.9017,2647.2
2024.04.01 06:00:00,0.9017,0.90203,0.90144,0.90182,2441.99
2024.04.01 07:00:00,0.90184,0.90197,0.90099,0.9011,3216.26
2024.04.01 08:00:00,0.9011,0.90123,0.90049,0.90084,2675.35
2024.04.01 09:00:00,0.90085,0.90128,0.90062,0.90122,2385.84
2024.04.01 10:00:00,0.90124,0.90204,0.90118,0.90194,2154.33
2024.04.01 11:00:00,0.90194,0.90208,0.90153,0.90159,1277.35
2024.04.01 12:00:00,0.90159,0.90287,0.90134,0.90218,3515.31
2024.04.01 13:00:00,0.90219,0.90348,0.90199,0.90303,4428.21
2024.04.01 14:00:00,0.90304,0.90547,0.903,0.90478,8388.82
2024.04.01 15:00:00,0.90475,0.90558,0.90473,0.90551,2568.86
2024.04.01 16:00:00,0.9055,0.90565,0.90475,0.90491,1467.88
2024.04.01 17:00:00,0.9049,0.90492,0.90411,0.90465,1342.44
2024.04.01 18:00:00,0.90461,0.90527,0.90461,0.90527,891.62
2024.04.01 19:00:00,0.90525,0.90526,0.90445,0.90446,2039.07
2024.04.01 20:00:00,0.90446,0.90459,0.90426,0.90426,737.54
2024.04.01 21:00:00,0.90426,0.90488,0.90382,0.90419,2197.64
2024.04.01 22:00:00,0.90417,0.90478,0.90408,0.90472,2797.47
2024.04.01 23:00:00,0.90472,0.90525,0.9047,0.90505,2107.85
2024.04.02 00:00:00,0.90505,0.90558,0.90497,0.9052,2188.56
2024.04.02 01:00:00,0.90521,0.90566,0.90509,0.90557,2445.77
2024.04.02 02:00:00,0.90555,0.906,0.9055,0.90557,1920.23
2024.04.02 03:00:00,0.90557,0.90638,0.90555,0.90628,2008.66
2024.04.02 04:00:00,0.90629,0.90637,0.906,0.90629,1344.49
2024.04.02 05:00:00,0.90631,0.90653,0.90612,0.90648,2179.4
2024.04.02 06:00:00,0.90649,0.9077,0.90638,0.90729,3696.52
2024.04.02 07:00:00,0.9073,0.90829,0.90723,0.90771,5883.31
2024.04.02 08:00:00,0.90774,0.90891,0.90772,0.90848,4466.53
2024.04.02 09:00:00,0.9085,0.90905,0.90788,0.90829,3479.17
2024.04.02 10:00:00,0.90831,0.90858,0.90784,0.90817,3697.4
2024.04.02 11:00:00,0.90815,0.90875,0.90768,0.90783,4640.65
2024.04.02 12:00:00,0.90783,0.90857,0.90734,0.90795,5758.5
2024.04.02 13:00:00,0.90795,0.90819,0.90565,0.90605,6331.76
2024.04.02 14:00:00,0.90606,0.90738,0.90531,0.90621,8513.12
2024.04.02 15:00:00,0.90619,0.90742,0.90609,0.9071,5197.02
2024.04.02 16:00:00,0.90709,0.90737,0.90667,0.90708,2301.19
2024.04.02 17:00:00,0.90707,0.90757,0.90703,0.90734,1248.26
2024.04.02 18:00:00,0.90732,0.90811,0.90718,0.90809,1169.43
2024.04.02 19:00:00,0.90809,0.90867,0.90759,0.90763,1413.04
2024.04.02 20:00:00,0.90762,0.90807,0.90759,0.90783,1194.57
2024.04.02 21:00:00,0.90781,0.90781,0.9074,0.9075,1305.98
2024.04.02 22:00:00,0.9075,0.90795,0.9075,0.9079,1530.52
2024.04.02 23:00:00,0.9079,0.90808,0.90776,0.90778,2655.52
2024.04.03 00:00:00,0.90779,0.90821,0.90767,0.90814,2130.12
2024.04.03 01:00:00,0.90814,0.9085,0.9078,0.90791,2996.09
2024.04.03 02:00:00,0.90791,0.9083,0.90767,0.90826,3317
2024.04.03 03:00:00,0.90826,0.9083,0.90795,0.9081,2489.29
2024.04.03 04:00:00,0.9081,0.90825,0.90789,0.90818,2360.81
2024.04.03 05:00:00,0.90818,0.90822,0.90793,0.90809,2102.36
2024.04.03 06:00:00,0.90808,0.90925,0.90807,0.90911,3569.47
2024.04.03 07:00:00,0.9091,0.90952,0.90801,0.90849,3450.62
2024.04.03 08:00:00,0.90849,0.90862,0.908,0.90822,2824.07
2024.04.03 09:00:00,0.90821,0.90922,0.90812,0.90917,3252.52
2024.04.03 10:00:00,0.90918,0.90921,0.90813,0.90836,2339.99
2024.04.03 11:00:00,0.90834,0.90858,0.90789,0.90807,2491.48
2024.04.03 12:00:00,0.90806,0.90922,0.90771,0.90892,5955.17
2024.04.03 13:00:00,0.90893,0.909,0.90795,0.90819,6021.68
2024.04.03 14:00:00,0.90815,0.90815,0.90558,0.90576,10156.34
2024.04.03 15:00:00,0.90574,0.90612,0.90331,0.90385,5240.77
2024.04.03 16:00:00,0.90383,0.90482,0.90294,0.90383,4713.24
2024.04.03 17:00:00,0.9038,0.90429,0.90342,0.9037,2358.73
2024.04.03 18:00:00,0.90372,0.90378,0.90291,0.90327,1473.38
2024.04.03 19:00:00,0.90327,0.90356,0.90302,0.90323,1418.68
2024.04.03 20:00:00,0.90324,0.90324,0.90267,0.90278,1317.76
2024.04.03 21:00:00,0.90278,0.90292,0.90265,0.90286,1420.23
2024.04.03 22:00:00,0.90287,0.90287,0.90264,0.90268,1195.46
2024.04.03 23:00:00,0.90267,0.90303,0.90267,0.90293,1934.66
2024.04.04 00:00:00,0.90293,0.90326,0.90268,0.90269,2643.8
2024.04.04 01:00:00,0.90269,0.90308,0.90266,0.90299,2261.14
2024.04.04 02:00:00,0.90299,0.90323,0.90295,0.90313,1790.09
2024.04.04 03:00:00,0.90314,0.90343,0.90309,0.90327,1969.53
2024.04.04 04:00:00,0.90328,0.9034,0.90318,0.90338,2162.63
2024.04.04 05:00:00,0.90337,0.90364,0.90304,0.90362,1627.63
2024.04.04 06:00:00,0.90362,0.90741,0.90263,0.90674,7371.18
2024.04.04 07:00:00,0.90673,0.90711,0.9059,0.90665,5842.42
2024.04.04 08:00:00,0.90666,0.90693,0.90563,0.90582,3882.01
2024.04.04 09:00:00,0.90583,0.90656,0.90566,0.90622,2542.99
2024.04.04 10:00:00,0.90622,0.90654,0.90576,0.90604,2880.57
2024.04.04 11:00:00,0.90603,0.90724,0.90595,0.90717,2867.88
2024.04.04 12:00:00,0.90719,0.90747,0.90479,0.90481,6171.56
2024.04.04 13:00:00,0.9048,0.90564,0.90381,0.90451,5397.71
2024.04.04 14:00:00,0.90451,0.90531,0.90392,0.90479,3863.96
2024.04.04 15:00:00,0.90479,0.90505,0.90465,0.90495,2325.79
2024.04.04 16:00:00,0.90495,0.905,0.90404,0.90445,2272.84
2024.04.04 17:00:00,0.90445,0.90482,0.90431,0.9046,1296.86
2024.04.04 18:00:00,0.9046,0.905,0.90258,0.90297,6023.73
2024.04.04 19:00:00,0.90297,0.90343,0.90099,0.90125,8843.92
2024.04.04 20:00:00,0.90124,0.90174,0.90084,0.90125,2507.74
2024.04.04 21:00:00,0.90121,0.90175,0.90036,0.9014,3755.32
2024.04.04 22:00:00,0.9014,0.90172,0.90085,0.90156,3072.34
2024.04.04 23:00:00,0.90155,0.90156,0.90114,0.90152,1372.68
2024.04.05 00:00:00,0.90152,0.90202,0.90117,0.90138,3889.97
2024.04.05 01:00:00,0.90138,0.90235,0.90128,0.90216,3888.55
2024.04.05 02:00:00,0.90216,0.90258,0.90208,0.90228,2575.64
2024.04.05 03:00:00,0.90228,0.90245,0.90223,0.90232,1929.34
2024.04.05 04:00:00,0.90232,0.90275,0.90228,0.90259,1090.35
2024.04.05 05:00:00,0.90261,0.90267,0.90192,0.90206,2388.16
2024.04.05 06:00:00,0.90209,0.90344,0.90175,0.90176,4341.03
2024.04.05 07:00:00,0.90176,0.90437,0.90154,0.90412,5801.93
2024.04.05 08:00:00,0.90412,0.90446,0.90283,0.90341,4010.41
2024.04.05 09:00:00,0.90342,0.90376,0.90273,0.90296,3313.74
2024.04.05 10:00:00,0.90296,0.90319,0.90266,0.90297,2518.43
2024.04.05 11:00:00,0.90299,0.90344,0.90281,0.90344,2262.17
2024.04.05 12:00:00,0.90344,0.90706,0.90261,0.90536,16200.31
2024.04.05 13:00:00,0.90535,0.90609,0.90466,0.90502,13156.6
2024.04.05 14:00:00,0.90499,0.90519,0.90147,0.90174,9987.51
2024.04.05 15:00:00,0.90176,0.9023,0.89974,0.90053,6596.51
2024.04.05 16:00:00,0.90054,0.9016,0.90029,0.90136,2585.73
2024.04.05 17:00:00,0.90136,0.90199,0.90098,0.90188,3043.04
2024.04.05 18:00:00,0.90189,0.90214,0.90134,0.90214,3863.73
2024.04.05 19:00:00,0.90215,0.90262,0.90199,0.90221,2098.32
2024.04.05 20:00:00,0.9022,0.90238,0.90124,0.90124,3740.27
2024.04.07 21:00:00,0.89975,0.90217,0.8997,0.90176,10176.55
2024.04.07 22:00:00,0.90177,0.90394,0.90174,0.90348,2243.53
2024.04.07 23:00:00,0.90349,0.90353,0.90283,0.9032,2187.09
2024.04.08 00:00:00,0.90319,0.90404,0.9031,0.90395,7085.63
2024.04.08 01:00:00,0.90397,0.90413,0.90356,0.90386,4029.5
2024.04.08 02:00:00,0.90385,0.90385,0.90233,0.90258,6911.92
2024.04.08 03:00:00,0.90259,0.9037,0.90257,0.90365,2644.65
2024.04.08 04:00:00,0.90365,0.90418,0.90352,0.90397,2819.56
2024.04.08 05:00:00,0.90398,0.90403,0.90336,0.90358,4613.79
2024.04.08 06:00:00,0.90357,0.90442,0.90297,0.90387,3848.84
2024.04.08 07:00:00,0.90387,0.90484,0.90353,0.9047,3873.17
2024.04.08 08:00:00,0.9047,0.9059,0.9043,0.90563,4375.17
2024.04.08 09:00:00,0.90563,0.90585,0.90523,0.90562,3194.85
2024.04.08 10:00:00,0.90563,0.9059,0.90526,0.90577,2570.75
2024.04.08 11:00:00,0.90578,0.9064,0.90562,0.90638,3528.24
2024.04.08 12:00:00,0.90638,0.90653,0.90472,0.90485,6167.48
2024.04.08 13:00:00,0.90484,0.90529,0.90398,0.90455,7504.7
2024.04.08 14:00:00,0.90455,0.90617,0.90452,0.90485,7828.64
2024.04.08 15:00:00,0.90484,0.90527,0.90443,0.90515,3711.3
2024.04.08 16:00:00,0.90514,0.90592,0.90514,0.90559,2159.65
2024.04.08 17:00:00,0.90559,0.90589,0.9045,0.90459,1990.44
2024.04.08 18:00:00,0.90459,0.90492,0.90429,0.9049,1793.95
2024.04.08 19:00:00,0.90489,0.90534,0.90472,0.9052,1125.02
2024.04.08 20:00:00,0.90521,0.90562,0.90521,0.90528,943.56
2024.04.08 21:00:00,0.90528,0.90543,0.90482,0.90535,3105.67
2024.04.08 22:00:00,0.90529,0.90558,0.90516,0.9054,1769
2024.04.08 23:00:00,0.90545,0.90548,0.90498,0.90502,1374.17
2024.04.09 00:00:00,0.90501,0.90558,0.90476,0.90548,1796.7
2024.04.09 01:00:00,0.90549,0.90559,0.90472,0.90525,3944.48
2024.04.09 02:00:00,0.90526,0.9054,0.90472,0.90486,4070.95
2024.04.09 03:00:00,0.90486,0.90501,0.90474,0.9049,1554.74
2024.04.09 04:00:00,0.9049,0.90509,0.90479,0.90484,1968.85
2024.04.09 05:00:00,0.90485,0.9049,0.90431,0.90442,1968.85
2024.04.09 06:00:00,0.90443,0.90472,0.90403,0.9046,3125.11
2024.04.09 07:00:00,0.90462,0.9052,0.90427,0.90499,3477.31
2024.04.09 08:00:00,0.90499,0.90517,0.90434,0.90444,2692.62
2024.04.09 09:00:00,0.90445,0.90452,0.90315,0.90359,3842.89
2024.04.09 10:00:00,0.90361,0.90376,0.90253,0.90269,3173.94
2024.04.09 11:00:00,0.90265,0.90394,0.90228,0.90373,3265.04
2024.04.09 12:00:00,0.90376,0.90402,0.90166,0.90192,6100.38
2024.04.09 13:00:00,0.90192,0.90277,0.90124,0.90244,6293.39
2024.04.09 14:00:00,0.90243,0.90385,0.90166,0.90353,8396.77
2024.04.09 15:00:00,0.90353,0.90388,0.90288,0.90322,5093.23
2024.04.09 16:00:00,0.90323,0.90349,0.90289,0.90341,2004.6
2024.04.09 17:00:00,0.90342,0.90379,0.90327,0.90373,2175.08
2024.04.09 18:00:00,0.90375,0.90393,0.90345,0.90353,1185.59
2024.04.09 19:00:00,0.90354,0.90411,0.90328,0.90335,2034.84
2024.04.09 20:00:00,0.90337,0.90357,0.90327,0.90345,464.57
2024.04.09 21:00:00,0.90334,0.90383,0.90301,0.90334,3715.69
2024.04.09 22:00:00,0.90335,0.90357,0.90315,0.90319,3253.87
2024.04.09 23:00:00,0.90317,0.90324,0.90294,0.90304,1128.39
2024.04.10 00:00:00,0.90303,0.9034,0.90301,0.90333,2735.81
2024.04.10 01:00:00,0.90333,0.90403,0.90315,0.90364,3009.16
2024.04.10 02:00:00,0.90366,0.90392,0.90334,0.90348,5626.11
2024.04.10 03:00:00,0.90349,0.90383,0.90335,0.9037,2473.16
2024.04.10 04:00:00,0.9037,0.9039,0.9037,0.90377,1828.86
2024.04.10 05:00:00,0.90377,0.90397,0.90346,0.90384,4224.4
2024.04.10 06:00:00,0.90382,0.90398,0.90342,0.90345,2640.24
2024.04.10 07:00:00,0.90346,0.90426,0.9029,0.90381,4118.41
2024.04.10 08:00:00,0.90379,0.90412,0.90333,0.90363,4319.03
2024.04.10 09:00:00,0.90359,0.90383,0.90311,0.90359,3103.15
2024.04.10 10:00:00,0.90364,0.90395,0.90342,0.90365,1744.65
2024.04.10 11:00:00,0.90368,0.9039,0.90321,0.90356,3217.2
2024.04.10 12:00:00,0.90358,0.90977,0.90244,0.90896,19771.89
2024.04.10 13:00:00,0.90896,0.91224,0.90892,0.91187,20379.3
2024.04.10 14:00:00,0.91187,0.91265,0.91078,0.9119,11957.37
2024.04.10 15:00:00,0.91192,0.91311,0.91171,0.91273,6686.78
2024.04.10 16:00:00,0.91274,0.9142,0.91267,0.91413,4764.46
2024.04.10 17:00:00,0.91413,0.91472,0.91142,0.91186,11797
2024.04.10 18:00:00,0.91186,0.91363,0.9117,0.91352,4608.68
2024.04.10 19:00:00,0.91353,0.91372,0.91276,0.91322,3592.28
2024.04.10 20:00:00,0.91323,0.91339,0.91264,0.91273,2447.18
2024.04.10 21:00:00,0.91264,0.91306,0.91169,0.91269,9520.38
2024.04.10 22:00:00,0.91265,0.91291,0.91263,0.91264,1329.55
2024.04.10 23:00:00,0.91263,0.91329,0.91245,0.91317,1148.76
2024.04.11 00:00:00,0.91318,0.91355,0.91286,0.91312,2039.29
2024.04.11 01:00:00,0.91314,0.91323,0.9128,0.91296,1716.3
2024.04.11 02:00:00,0.91296,0.91299,0.9127,0.91277,1252.68
2024.04.11 03:00:00,0.91276,0.91279,0.9123,0.91273,1107.29
2024.04.11 04:00:00,0.91274,0.91277,0.91247,0.9125,601.05
2024.04.11 05:00:00,0.9125,0.91274,0.91228,0.91273,1067.09
2024.04.11 06:00:00,0.91275,0.91459,0.91275,0.91449,4767.11
2024.04.11 07:00:00,0.91449,0.91463,0.9134,0.91372,6110.22
2024.04.11 08:00:00,0.91373,0.91384,0.91309,0.9138,4361.6
2024.04.11 09:00:00,0.91381,0.91403,0.91279,0.91313,3954.68
2024.04.11 10:00:00,0.91313,0.91353,0.91209,0.91218,4633.96
2024.04.11 11:00:00,0.9122,0.91297,0.91201,0.91282,3321.24
2024.04.11 12:00:00,0.91283,0.91291,0.9074,0.90881,17524.38
2024.04.11 13:00:00,0.90881,0.91098,0.90878,0.91086,12459.65
2024.04.11 14:00:00,0.91088,0.91235,0.91077,0.91121,9161.73
2024.04.11 15:00:00,0.91121,0.9117,0.91052,0.91075,4806.85
2024.04.11 16:00:00,0.91075,0.91111,0.91029,0.91046,3783.47
2024.04.11 17:00:00,0.91047,0.91063,0.9092,0.90932,3335.43
2024.04.11 18:00:00,0.90932,0.90999,0.90859,0.90999,2536.8
2024.04.11 19:00:00,0.91001,0.91001,0.90927,0.90966,1671.24
2024.04.11 20:00:00,0.90966,0.91005,0.90961,0.90991,778.09
2024.04.11 21:00:00,0.90987,0.90997,0.9092,0.90976,1166.22
2024.04.11 22:00:00,0.90979,0.90979,0.90935,0.90959,1570.87
2024.04.11 23:00:00,0.90959,0.91011,0.90956,0.90979,774.37
2024.04.12 00:00:00,0.9098,0.9104,0.90958,0.90965,1922.41
2024.04.12 01:00:00,0.90964,0.90982,0.90932,0.90969,2460.59
2024.04.12 02:00:00,0.9097,0.90988,0.90951,0.90988,1389.07
2024.04.12 03:00:00,0.90988,0.91085,0.90986,0.91083,2047.96
2024.04.12 04:00:00,0.91083,0.91121,0.91077,0.91118,927.24
2024.04.12 05:00:00,0.91117,0.91139,0.91067,0.91115,1982.77
2024.04.12 06:00:00,0.91119,0.9125,0.91085,0.91193,4913.07
2024.04.12 07:00:00,0.91191,0.91279,0.91163,0.91233,5243.4
2024.04.12 08:00:00,0.91232,0.91308,0.91226,0.91266,4723.49
2024.04.12 09:00:00,0.91265,0.91338,0.91217,0.91296,3985.8
2024.04.12 10:00:00,0.91296,0.91363,0.91276,0.91359,3565.89
2024.04.12 11:00:00,0.9136,0.91367,0.91211,0.91243,3768.36
2024.04.12 12:00:00,0.91241,0.91257,0.91067,0.91137,8993.44
2024.04.12 13:00:00,0.91137,0.91274,0.91033,0.91215,8451.04
2024.04.12 14:00:00,0.91221,0.9127,0.91032,0.91079,10184.59
2024.04.12 15:00:00,0.91082,0.9121,0.91067,0.91203,8346.6
2024.04.12 16:00:00,0.91202,0.91265,0.9116,0.91247,4932.04
2024.04.12 17:00:00,0.91246,0.91304,0.9121,0.91301,3838.82
2024.04.12 18:00:00,0.91301,0.91375,0.91283,0.9135,2436.47
2024.04.12 19:00:00,0.91349,0.9141,0.91339,0.91405,1769.71
2024.04.12 20:00:00,0.91405,0.91452,0.91359,0.91359,2115.96
2024.04.14 21:00:00,0.91107,0.91362,0.91107,0.91249,2156.38
2024.04.14 22:00:00,0.9125,0.91325,0.91229,0.91318,5678.11
2024.04.14 23:00:00,0.91319,0.91405,0.91319,0.91374,4049.18
2024.04.15 00:00:00,0.91373,0.91434,0.91351,0.91423,3952.1
2024.04.15 01:00:00,0.91421,0.91476,0.91344,0.91362,3579.11
2024.04.15 02:00:00,0.91361,0.91423,0.91315,0.914,4372.17
2024.04.15 03:00:00,0.91402,0.91427,0.9138,0.91402,2571.23
2024.04.15 04:00:00,0.91402,0.91445,0.91393,0.91419,1638.94
2024.04.15 05:00:00,0.91417,0.91437,0.91338,0.9136,2081.06
2024.04.15 06:00:00,0.91366,0.91403,0.91273,0.91313,5007.3
2024.04.15 07:00:00,0.91316,0.91347,0.9125,0.91278,6345.61
2024.04.15 08:00:00,0.9128,0.91313,0.91211,0.91284,5241.45
2024.04.15 09:00:00,0.91284,0.91329,0.91235,0.91295,3684.71
2024.04.15 10:00:00,0.91295,0.91386,0.91218,0.91326,3282.03
2024.04.15 11:00:00,0.91325,0.9133,0.9123,0.91275,4056.46
2024.04.15 12:00:00,0.91277,0.91512,0.9124,0.91343,9912.77
2024.04.15 13:00:00,0.91344,0.9145,0.91274,0.91433,8523.97
2024.04.15 14:00:00,0.91434,0.91517,0.91322,0.91395,10354.35
2024.04.15 15:00:00,0.91395,0.91417,0.91321,0.91374,5744.49
2024.04.15 16:00:00,0.91373,0.91385,0.91294,0.91331,3925.03
2024.04.15 17:00:00,0.91334,0.91346,0.9123,0.91253,4671.11
2024.04.15 18:00:00,0.91256,0.91327,0.91239,0.91267,3609.12
2024.04.15 19:00:00,0.91267,0.91331,0.91207,0.91226,3193.77
2024.04.15 20:00:00,0.91226,0.91246,0.91131,0.91149,1200.86
2024.04.15 21:00:00,0.91145,0.912,0.91128,0.91156,1569.68
2024.04.15 22:00:00,0.91157,0.91185,0.91144,0.91179,1075.12
2024.04.15 23:00:00,0.91177,0.91194,0.9116,0.91189,594.1
2024.04.16 00:00:00,0.9119,0.91282,0.91189,0.9128,2196.94
2024.04.16 01:00:00,0.91278,0.91309,0.91251,0.91264,3190.09
2024.04.16 02:00:00,0.91263,0.91364,0.91243,0.9132,4147.76
2024.04.16 03:00:00,0.91321,0.91351,0.91312,0.91313,1340.61
2024.04.16 04:00:00,0.9131,0.91319,0.91273,0.91276,696.31
2024.04.16 05:00:00,0.91278,0.91283,0.91238,0.91252,1685.85
2024.04.16 06:00:00,0.91257,0.91401,0.91222,0.91337,5528.75
2024.04.16 07:00:00,0.91337,0.91417,0.9117,0.91189,7306.37
2024.04.16 08:00:00,0.91192,0.91363,0.91174,0.91329,4908.35
2024.04.16 09:00:00,0.9133,0.91347,0.91203,0.91328,4980.57
2024.04.16 10:00:00,0.91326,0.91335,0.91268,0.91318,3902.44
2024.04.16 11:00:00,0.91317,0.91344,0.91197,0.91213,4934.13
2024.04.16 12:00:00,0.91213,0.91299,0.9111,0.91194,7078.26
2024.04.16 13:00:00,0.91195,0.91339,0.91175,0.91319,10211.29
2024.04.16 14:00:00,0.91319,0.91369,0.9123,0.91286,7841.4
2024.04.16 15:00:00,0.91286,0.91344,0.91203,0.91277,5873.83
2024.04.16 16:00:00,0.91278,0.91346,0.91228,0.91243,3555.59
2024.04.16 17:00:00,0.91243,0.91396,0.91234,0.91326,8561.69
2024.04.16 18:00:00,0.91327,0.91356,0.91188,0.9122,7537.12
2024.04.16 19:00:00,0.91219,0.91302,0.91216,0.91268,2562.4
2024.04.16 20:00:00,0.91268,0.91318,0.91267,0.91285,1804.43
2024.04.16 21:00:00,0.91285,0.91305,0.91214,0.91258,5027.34
2024.04.16 22:00:00,0.91257,0.91308,0.91254,0.91261,1959.23
2024.04.16 23:00:00,0.91259,0.91266,0.91215,0.91263,758
2024.04.17 00:00:00,0.91263,0.91275,0.91212,0.91227,2422.6
2024.04.17 01:00:00,0.91227,0.91258,0.91202,0.91223,2607.58
2024.04.17 02:00:00,0.91221,0.91231,0.91181,0.91204,1588.48
2024.04.17 03:00:00,0.91205,0.91241,0.91194,0.91233,1549.67
2024.04.17 04:00:00,0.91236,0.91242,0.91207,0.91235,619.05
2024.04.17 05:00:00,0.91237,0.91285,0.9123,0.91276,1762.38
2024.04.17 06:00:00,0.91281,0.91322,0.90993,0.91016,5396.67
2024.04.17 07:00:00,0.91015,0.91153,0.91002,0.91067,5158.09
2024.04.17 08:00:00,0.91068,0.91093,0.90932,0.90991,5401.54
2024.04.17 09:00:00,0.90991,0.9114,0.90975,0.9113,4337.1
2024.04.17 10:00:00,0.9113,0.91179,0.911,0.91152,3104.48
2024.04.17 11:00:00,0.91153,0.91153,0.91045,0.91088,2896.55
2024.04.17 12:00:00,0.91087,0.9118,0.91071,0.91165,5228.45
2024.04.17 13:00:00,0.91166,0.91183,0.91052,0.91175,7140.68
2024.04.17 14:00:00,0.91175,0.91311,0.91175,0.91295,5365.59
2024.04.17 15:00:00,0.91294,0.91294,0.91166,0.91211,4338.42
2024.04.17 16:00:00,0.9121,0.91225,0.91093,0.91096,5445.78
2024.04.17 17:00:00,0.91094,0.9111,0.90956,0.90998,5222.67
2024.04.17 18:00:00,0.90996,0.91043,0.90956,0.91041,4238
2024.04.17 19:00:00,0.91044,0.91077,0.91014,0.9102,2859.86
2024.04.17 20:00:00,0.91019,0.91076,0.91014,0.91067,1065.95
2024.04.17 21:00:00,0.91066,0.9108,0.91024,0.91069,1429.86
2024.04.17 22:00:00,0.91069,0.91073,0.91025,0.91038,1383.01
2024.04.17 23:00:00,0.91037,0.91077,0.91024,0.91063,506.02
2024.04.18 00:00:00,0.91062,0.91097,0.91034,0.9104,916.09
2024.04.18 01:00:00,0.91039,0.91088,0.90994,0.91056,1745.36
2024.04.18 02:00:00,0.91056,0.91079,0.90971,0.90992,2107.5
2024.04.18 03:00:00,0.90993,0.90999,0.90957,0.90965,1020.3
2024.04.18 04:00:00,0.90967,0.91017,0.90963,0.91008,708.04
2024.04.18 05:00:00,0.91006,0.91018,0.90955,0.90976,1288.19
2024.04.18 06:00:00,0.90973,0.90982,0.90878,0.90944,3518.38
2024.04.18 07:00:00,0.90943,0.90974,0.90874,0.90909,4491.2
2024.04.18 08:00:00,0.90909,0.90918,0.90808,0.90857,3591.64
2024.04.18 09:00:00,0.90856,0.90923,0.9085,0.90902,2391.05
2024.04.18 10:00:00,0.90904,0.90904,0.9083,0.90888,3342.46
2024.04.18 11:00:00,0.90889,0.90899,0.90819,0.90858,3658.34
2024.04.18 12:00:00,0.9086,0.91028,0.90846,0.90955,6814.05
2024.04.18 13:00:00,0.90956,0.91118,0.90934,0.91105,8346.37
2024.04.18 14:00:00,0.91105,0.91217,0.91017,0.91202,6996.1
2024.04.18 15:00:00,0.91206,0.91206,0.91096,0.91147,4035.37
2024.04.18 16:00:00,0.91146,0.91202,0.91129,0.91176,3000.16
2024.04.18 17:00:00,0.91176,0.91191,0.91128,0.91161,3456.82
2024.04.18 18:00:00,0.91163,0.91221,0.91149,0.91213,2150.08
2024.04.18 19:00:00,0.91212,0.91246,0.91176,0.91244,1998.5
2024.04.18 20:00:00,0.91247,0.91252,0.91211,0.9122,692.93
2024.04.18 21:00:00,0.91219,0.91258,0.91191,0.91237,2703.41
2024.04.18 22:00:00,0.91236,0.91293,0.91214,0.91291,911.03
2024.04.18 23:00:00,0.91292,0.91308,0.91229,0.91245,712.69
2024.04.19 00:00:00,0.91246,0.91267,0.91197,0.91198,1854.42
2024.04.19 01:00:00,0.91199,0.91201,0.90596,0.90751,15233.16
2024.04.19 02:00:00,0.90752,0.90775,0.90102,0.90535,16833.9
2024.04.19 03:00:00,0.90535,0.90952,0.90535,0.9074,16344.52
2024.04.19 04:00:00,0.90743,0.90907,0.90737,0.90823,8764.6
2024.04.19 05:00:00,0.90824,0.90892,0.90752,0.90793,5089.55
2024.04.19 06:00:00,0.9079,0.90946,0.90776,0.90863,9785.72
2024.04.19 07:00:00,0.90861,0.90895,0.90744,0.90824,9487.06
2024.04.19 08:00:00,0.90824,0.90868,0.90696,0.90845,7882.18
2024.04.19 09:00:00,0.90844,0.9093,0.90808,0.90832,5657.92
2024.04.19 10:00:00,0.90831,0.90946,0.90823,0.90849,3834.53
2024.04.19 11:00:00,0.90855,0.90946,0.90855,0.90908,3252.03
2024.04.19 12:00:00,0.90908,0.90913,0.90713,0.90791,5259.9
2024.04.19 13:00:00,0.90792,0.90861,0.9074,0.90833,6498.85
2024.04.19 14:00:00,0.90835,0.90959,0.90774,0.90937,7308.33
2024.04.19 15:00:00,0.90936,0.90937,0.90838,0.90916,4266.22
2024.04.19 16:00:00,0.90915,0.91008,0.90908,0.90991,3852.84
2024.04.19 17:00:00,0.9099,0.91009,0.90929,0.91009,2602.62
2024.04.19 18:00:00,0.91008,0.91045,0.90984,0.90991,2777.42
2024.04.19 19:00:00,0.90993,0.91051,0.90984,0.9102,3009.52
2024.04.19 20:00:00,0.91021,0.91061,0.90951,0.90951,2892.61
2024.04.21 21:00:00,0.90858,0.91013,0.90858,0.90975,520.39
2024.04.21 22:00:00,0.90975,0.91077,0.90959,0.91073,4810.48
2024.04.21 23:00:00,0.91074,0.91127,0.9105,0.9112,2121.92
2024.04.22 00:00:00,0.91117,0.91125,0.91021,0.911,2715.03
2024.04.22 01:00:00,0.91101,0.91112,0.91016,0.91037,2561.88
2024.04.22 02:00:00,0.91036,0.9115,0.91029,0.91133,1833.31
2024.04.22 03:00:00,0.91134,0.91227,0.91134,0.91165,1573.12
2024.04.22 04:00:00,0.91168,0.91188,0.91141,0.91165,904.47
2024.04.22 05:00:00,0.91161,0.91222,0.91148,0.9115,1291.38
2024.04.22 06:00:00,0.91152,0.91187,0.91083,0.91091,3516.62
2024.04.22 07:00:00,0.91092,0.91133,0.9103,0.91035,3814.77
2024.04.22 08:00:00,0.91036,0.91092,0.90981,0.91085,3261.95
2024.04.22 09:00:00,0.91088,0.91177,0.91047,0.91152,3249.9
2024.04.22 10:00:00,0.91151,0.91166,0.91108,0.91162,2874.95
2024.04.22 11:00:00,0.91161,0.91192,0.91151,0.91166,3180.64
2024.04.22 12:00:00,0.91166,0.91179,0.91066,0.91116,3035.37
2024.04.22 13:00:00,0.91116,0.9122,0.911,0.9117,3440.78
2024.04.22 14:00:00,0.91171,0.91221,0.91054,0.91128,3642.95
2024.04.22 15:00:00,0.91128,0.91236,0.91119,0.91187,3164.76
2024.04.22 16:00:00,0.91186,0.91221,0.91164,0.91165,2675.15
2024.04.22 17:00:00,0.91164,0.91178,0.91069,0.91111,1874.72
2024.04.22 18:00:00,0.9111,0.91131,0.91083,0.91094,1052.51
2024.04.22 19:00:00,0.91095,0.91167,0.91092,0.91162,1035.94
2024.04.22 20:00:00,0.91163,0.91213,0.91161,0.91191,955.45
2024.04.22 21:00:00,0.91187,0.91201,0.91153,0.91194,1043.32
2024.04.22 22:00:00,0.91187,0.91205,0.91166,0.9118,5486.44
2024.04.22 23:00:00,0.9118,0.91197,0.91166,0.91187,2412.48
2024.04.23 00:00:00,0.91185,0.91186,0.91135,0.91142,1470.57
2024.04.23 01:00:00,0.91143,0.91203,0.91128,0.91194,1289.7
2024.04.23 02:00:00,0.91194,0.91196,0.91167,0.91188,1813.81
2024.04.23 03:00:00,0.91188,0.91209,0.91183,0.91202,1420.5
2024.04.23 04:00:00,0.91201,0.91228,0.91196,0.91224,1251.11
2024.04.23 05:00:00,0.91225,0.91265,0.91225,0.9125,1243.16
2024.04.23 06:00:00,0.91252,0.91299,0.91243,0.91282,2325.44
2024.04.23 07:00:00,0.91284,0.91291,0.90998,0.91085,7619.92
2024.04.23 08:00:00,0.91092,0.91187,0.91048,0.9118,4149.45
2024.04.23 09:00:00,0.91182,0.91213,0.91144,0.91181,3657.78
2024.04.23 10:00:00,0.91182,0.91246,0.91149,0.91202,2859.83
2024.04.23 11:00:00,0.91202,0.91231,0.91107,0.91121,3321.61
2024.04.23 12:00:00,0.91119,0.91168,0.91068,0.91137,3028.4
2024.04.23 13:00:00,0.91139,0.9124,0.90866,0.90937,8133.13
2024.04.23 14:00:00,0.90938,0.91064,0.90901,0.91034,10871
2024.04.23 15:00:00,0.91035,0.91176,0.9103,0.91168,4111.17
2024.04.23 16:00:00,0.91166,0.91218,0.91114,0.91164,2427.41
2024.04.23 17:00:00,0.91164,0.91174,0.91057,0.91126,2816.7
2024.04.23 18:00:00,0.91125,0.91156,0.91102,0.9114,1268.16
2024.04.23 19:00:00,0.91141,0.91189,0.91113,0.91165,1219.01
2024.04.23 20:00:00,0.91165,0.91201,0.91163,0.9118,785.26
2024.04.23 21:00:00,0.91169,0.91195,0.91116,0.91146,1773.89
2024.04.23 22:00:00,0.91146,0.91191,0.91141,0.91161,1282.16
2024.04.23 23:00:00,0.91159,0.91186,0.91158,0.91175,645.14
2024.04.24 00:00:00,0.91173,0.912,0.91142,0.91151,1129.41
2024.04.24 01:00:00,0.91152,0.91172,0.91132,0.91138,2021.91
2024.04.24 02:00:00,0.91139,0.91169,0.91137,0.91156,1518.33
2024.04.24 03:00:00,0.91155,0.91183,0.91151,0.91176,852.48
2024.04.24 04:00:00,0.91176,0.91184,0.91161,0.91168,781.21
2024.04.24 05:00:00,0.9117,0.91201,0.91162,0.91182,871.65
2024.04.24 06:00:00,0.91184,0.91411,0.9117,0.91369,3370.43
2024.04.24 07:00:00,0.91367,0.91471,0.91308,0.91409,6011.58
2024.04.24 08:00:00,0.91411,0.91445,0.91374,0.91427,3331.36
2024.04.24 09:00:00,0.91426,0.91445,0.91409,0.91422,1588.4
2024.04.24 10:00:00,0.91422,0.91425,0.91371,0.91408,1381.12
2024.04.24 11:00:00,0.9141,0.91513,0.91402,0.91431,2017.26
2024.04.24 12:00:00,0.91432,0.9153,0.91326,0.91329,7163.85
2024.04.24 13:00:00,0.91328,0.91336,0.91201,0.91326,5728.75
2024.04.24 14:00:00,0.91328,0.91394,0.91242,0.91379,5651.22
2024.04.24 15:00:00,0.9138,0.91434,0.91368,0.91409,3530.69
2024.04.24 16:00:00,0.91409,0.91427,0.9136,0.9139,2317.93
2024.04.24 17:00:00,0.91389,0.9141,0.91308,0.9138,2334.06
2024.04.24 18:00:00,0.91381,0.91489,0.91368,0.91476,2200.06
2024.04.24 19:00:00,0.91477,0.91492,0.91403,0.91471,1712.16
2024.04.24 20:00:00,0.91469,0.91522,0.91469,0.91504,797.43
2024.04.24 21:00:00,0.91497,0.91512,0.9146,0.91467,2042.59
2024.04.24 22:00:00,0.9147,0.9149,0.91451,0.91463,1141.13
2024.04.24 23:00:00,0.91463,0.91473,0.91433,0.91443,520.46
2024.04.25 00:00:00,0.91442,0.91456,0.91397,0.91439,1551.55
2024.04.25 01:00:00,0.91438,0.91475,0.91402,0.9142,1490.65
2024.04.25 02:00:00,0.91425,0.91446,0.91403,0.91433,1834.46
2024.04.25 03:00:00,0.91433,0.91482,0.91417,0.91469,883.41
2024.04.25 04:00:00,0.91468,0.9148,0.91427,0.91443,508.57
2024.04.25 05:00:00,0.91442,0.91445,0.91389,0.91412,801.54
2024.04.25 06:00:00,0.91413,0.91443,0.91272,0.91299,3237.27
2024.04.25 07:00:00,0.91301,0.91394,0.91292,0.91318,3571.87
2024.04.25 08:00:00,0.91319,0.91353,0.91253,0.91255,2743.59
2024.04.25 09:00:00,0.91255,0.91293,0.91218,0.91256,2817.24
2024.04.25 10:00:00,0.91257,0.91336,0.9125,0.91314,2187.02
2024.04.25 11:00:00,0.91315,0.91356,0.91254,0.91339,1800.75
2024.04.25 12:00:00,0.9134,0.91554,0.91195,0.91518,12909.97
2024.04.25 13:00:00,0.91517,0.91561,0.91407,0.91519,11424.49
2024.04.25 14:00:00,0.91518,0.91565,0.91321,0.91357,7868.76
2024.04.25 15:00:00,0.91356,0.91388,0.91285,0.91342,3650.03
2024.04.25 16:00:00,0.91342,0.9141,0.91268,0.91289,2321.68
2024.04.25 17:00:00,0.91291,0.91299,0.91207,0.91222,3319.32
2024.04.25 18:00:00,0.91222,0.9126,0.91206,0.91244,5605.26
2024.04.25 19:00:00,0.91245,0.91245,0.9117,0.91225,1258.47
2024.04.25 20:00:00,0.91227,0.91241,0.91213,0.91215,670.5
2024.04.25 21:00:00,0.91215,0.91232,0.91165,0.91213,2658.25
2024.04.25 22:00:00,0.91206,0.91239,0.91186,0.91225,1087.28
2024.04.25 23:00:00,0.91226,0.9127,0.91225,0.91266,494.14
2024.04.26 00:00:00,0.9127,0.91319,0.91267,0.91279,964.35
2024.04.26 01:00:00,0.91279,0.91305,0.91256,0.91292,1725.32
2024.04.26 02:00:00,0.91291,0.91342,0.9129,0.91323,931.35
2024.04.26 03:00:00,0.91323,0.91329,0.91259,0.91312,2533.6
2024.04.26 04:00:00,0.91313,0.9133,0.91284,0.91315,1131.26
2024.04.26 05:00:00,0.91316,0.9133,0.91293,0.91307,2220.99
2024.04.26 06:00:00,0.91308,0.91316,0.912,0.9124,3868.83
2024.04.26 07:00:00,0.91239,0.91299,0.91148,0.91192,5536.72
2024.04.26 08:00:00,0.91192,0.91203,0.90957,0.91155,9370.69
2024.04.26 09:00:00,0.91155,0.91241,0.9114,0.91181,4007.48
2024.04.26 10:00:00,0.91181,0.91238,0.91171,0.91227,2405.49
2024.04.26 11:00:00,0.91227,0.91246,0.91126,0.91214,3434.98
2024.04.26 12:00:00,0.91213,0.91338,0.91058,0.91296,10501.11
2024.04.26 13:00:00,0.91294,0.91346,0.912,0.91336,7652.67
2024.04.26 14:00:00,0.91336,0.91458,0.91294,0.91435,7411.53
2024.04.26 15:00:00,0.91436,0.91498,0.91409,0.91424,6012.6
2024.04.26 16:00:00,0.91424,0.91467,0.91377,0.91389,2525.21
2024.04.26 17:00:00,0.91391,0.91406,0.91359,0.91397,1420.45
2024.04.26 18:00:00,0.91397,0.91402,0.91306,0.91329,1391.66
2024.04.26 19:00:00,0.9133,0.91395,0.9132,0.91378,1173.42
2024.04.26 20:00:00,0.91378,0.91475,0.91365,0.91387,2007.09
2024.04.28 21:00:00,0.91236,0.91292,0.91235,0.91285,171
2024.04.28 22:00:00,0.91407,0.91422,0.91361,0.91379,2064.74
2024.04.28 23:00:00,0.9138,0.91394,0.91361,0.9137,755.47
2024.04.29 00:00:00,0.91369,0.9137,0.91291,0.91309,1321.97
2024.04.29 01:00:00,0.9131,0.91527,0.9126,0.9127,5104.17
2024.04.29 02:00:00,0.9127,0.9131,0.91252,0.91296,2348.69
2024.04.29 03:00:00,0.91297,0.91318,0.91287,0.91293,2020.85
2024.04.29 04:00:00,0.91295,0.91304,0.91011,0.91068,12668.92
2024.04.29 05:00:00,0.91069,0.91166,0.90964,0.9114,7845.87
2024.04.29 06:00:00,0.91145,0.91306,0.91114,0.91285,4173.7
2024.04.29 07:00:00,0.91283,0.913,0.91078,0.91148,10125.92
2024.04.29 08:00:00,0.91149,0.91216,0.91121,0.9116,5179.54
2024.04.29 09:00:00,0.91159,0.91206,0.91106,0.91133,4427.53
2024.04.29 10:00:00,0.91133,0.91159,0.91111,0.91151,2557.2
2024.04.29 11:00:00,0.91152,0.91232,0.91126,0.9121,2450.12
2024.04.29 12:00:00,0.9121,0.91221,0.91119,0.91208,4321.16
2024.04.29 13:00:00,0.91208,0.91325,0.91176,0.9129,5102.1
2024.04.29 14:00:00,0.91292,0.91308,0.91055,0.9107,5007.22
2024.04.29 15:00:00,0.91068,0.9112,0.9101,0.91079,3604.25
2024.04.29 16:00:00,0.9108,0.91092,0.9088,0.90981,5041.57
2024.04.29 17:00:00,0.90979,0.91048,0.90964,0.91036,2133.38
2024.04.29 18:00:00,0.91036,0.91041,0.9098,0.90997,1686.31
2024.04.29 19:00:00,0.90999,0.91071,0.90999,0.91042,2651.58
2024.04.29 20:00:00,0.91043,0.91061,0.91019,0.91033,931.22
2024.04.29 21:00:00,0.91032,0.91051,0.90951,0.91019,1546.65
2024.04.29 22:00:00,0.91019,0.91094,0.91018,0.91092,962.14
2024.04.29 23:00:00,0.91093,0.91096,0.9105,0.91079,1014.26
2024.04.30 00:00:00,0.91077,0.91132,0.91058,0.91104,1702.49
2024.04.30 01:00:00,0.91106,0.91142,0.9108,0.91129,1653.89
2024.04.30 02:00:00,0.91131,0.91181,0.9113,0.9115,1057.26
2024.04.30 03:00:00,0.9115,0.91188,0.91136,0.91172,654.21
2024.04.30 04:00:00,0.9117,0.91191,0.91121,0.91126,3038.35
2024.04.30 05:00:00,0.91128,0.91203,0.91125,0.91181,2725.93
2024.04.30 06:00:00,0.91182,0.91332,0.9117,0.91235,4928.25
2024.04.30 07:00:00,0.91233,0.91324,0.91227,0.913,4927.07
2024.04.30 08:00:00,0.91301,0.9137,0.91232,0.91235,3632.41
2024.04.30 09:00:00,0.91235,0.91235,0.91047,0.91128,4502.13
2024.04.30 10:00:00,0.91127,0.91162,0.91087,0.91134,3024.28
2024.04.30 11:00:00,0.91134,0.91251,0.91128,0.91251,2101.75
2024.04.30 12:00:00,0.91251,0.91541,0.91239,0.91482,11509.55
2024.04.30 13:00:00,0.9148,0.91545,0.91392,0.91511,9273.13
2024.04.30 14:00:00,0.9151,0.91792,0.91291,0.91688,12960.28
2024.04.30 15:00:00,0.91688,0.91748,0.91626,0.91744,7859.08
2024.04.30 16:00:00,0.91744,0.91845,0.91723,0.91769,3831.88
2024.04.30 17:00:00,0.91769,0.91873,0.91726,0.91819,2288.22
2024.04.30 18:00:00,0.91819,0.91937,0.91801,0.91912,1746.39
2024.04.30 19:00:00,0.9191,0.91932,0.91886,0.91915,1570.65
2024.04.30 20:00:00,0.91915,0.91948,0.91914,0.91934,1843.75
2024.04.30 21:00:00,0.91927,0.91927,0.91783,0.91906,2073.04
2024.04.30 22:00:00,0.91899,0.91957,0.91885,0.91944,2890.99
2024.04.30 23:00:00,0.91946,0.91968,0.91942,0.9196,736.99
2024.05.01 00:00:00,0.91962,0.92004,0.91945,0.91995,1186.06
2024.05.01 01:00:00,0.91995,0.92004,0.91976,0.92002,746.53
2024.05.01 02:00:00,0.92003,0.92043,0.91973,0.92011,891.02
2024.05.01 03:00:00,0.9201,0.92038,0.92009,0.92038,582.08
2024.05.01 04:00:00,0.92037,0.92157,0.92035,0.92122,788.64
2024.05.01 05:00:00,0.92123,0.9215,0.9209,0.92103,1165.43
2024.05.01 06:00:00,0.92103,0.9224,0.92068,0.92222,3475.7
2024.05.01 07:00:00,0.92222,0.92222,0.92065,0.92153,3706.26
2024.05.01 08:00:00,0.92152,0.92195,0.92096,0.92102,3048.19
2024.05.01 09:00:00,0.92101,0.92119,0.92044,0.92063,1716.78
2024.05.01 10:00:00,0.92063,0.92118,0.92049,0.92112,1748.16
2024.05.01 11:00:00,0.92113,0.92123,0.91994,0.92,1949.39
2024.05.01 12:00:00,0.92001,0.92038,0.91919,0.91963,4803.79
2024.05.01 13:00:00,0.91964,0.92009,0.9195,0.9199,3981.43
2024.05.01 14:00:00,0.91989,0.92005,0.91866,0.91919,7325.46
2024.05.01 15:00:00,0.91917,0.9199,0.919,0.91949,2500.13
2024.05.01 16:00:00,0.9195,0.92019,0.9195,0.92009,1667.42
2024.05.01 17:00:00,0.92009,0.92055,0.91985,0.9205,1903.62
2024.05.01 18:00:00,0.92049,0.92077,0.91583,0.91625,22231.77
2024.05.01 19:00:00,0.91624,0.91918,0.91619,0.91906,11485.33
2024.05.01 20:00:00,0.91909,0.91925,0.91454,0.91555,10561.39
2024.05.01 21:00:00,0.91555,0.91696,0.91473,0.91649,2389.65
2024.05.01 22:00:00,0.91649,0.91691,0.91595,0.91664,3410.3
2024.05.01 23:00:00,0.91663,0.9171,0.91631,0.91635,2402.96
2024.05.02 00:00:00,0.91636,0.91681,0.91607,0.91679,2744.09
2024.05.02 01:00:00,0.9168,0.91732,0.91658,0.91676,1636.17
2024.05.02 02:00:00,0.91677,0.91677,0.91618,0.91644,2359.6
2024.05.02 03:00:00,0.91645,0.91706,0.9164,0.91668,1132.87
2024.05.02 04:00:00,0.91667,0.91682,0.91617,0.91637,1246.22
2024.05.02 05:00:00,0.91639,0.91659,0.91585,0.91602,1646.96
2024.05.02 06:00:00,0.91601,0.91604,0.90977,0.91132,10669.06
2024.05.02 07:00:00,0.91133,0.91225,0.91074,0.91175,8919.16
2024.05.02 08:00:00,0.91175,0.91327,0.91137,0.91265,5659.64
2024.05.02 09:00:00,0.91267,0.9129,0.91213,0.91228,3238.49
2024.05.02 10:00:00,0.91227,0.91264,0.9116,0.91176,3331.13
2024.05.02 11:00:00,0.91175,0.91249,0.91138,0.91197,4138.55
2024.05.02 12:00:00,0.91197,0.91252,0.91086,0.91211,6882.85
2024.05.02 13:00:00,0.9121,0.91342,0.91186,0.91291,8922.54
2024.05.02 14:00:00,0.91292,0.91356,0.91216,0.91341,9320.12
2024.05.02 15:00:00,0.91343,0.91379,0.91146,0.91189,5935.93
2024.05.02 16:00:00,0.91188,0.9124,0.91096,0.9115,2805.18
2024.05.02 17:00:00,0.91151,0.91193,0.91006,0.91063,3093.78
2024.05.02 18:00:00,0.91062,0.91083,0.90976,0.91001,2855.66
2024.05.02 19:00:00,0.91,0.91053,0.90997,0.91021,2091.23
2024.05.02 20:00:00,0.91022,0.91083,0.91016,0.91055,2713.54
2024.05.02 21:00:00,0.91035,0.91056,0.91003,0.91013,1080.58
2024.05.02 22:00:00,0.91026,0.91041,0.9098,0.9099,2025.37
2024.05.02 23:00:00,0.90991,0.90998,0.9097,0.90974,1000.89
2024.05.03 00:00:00,0.90971,0.91047,0.90949,0.90951,3638.64
2024.05.03 01:00:00,0.90952,0.90973,0.90881,0.90908,2923.28
2024.05.03 02:00:00,0.90908,0.90952,0.90906,0.90934,1428.92
2024.05.03 03:00:00,0.90935,0.90963,0.9093,0.90943,1524.31
2024.05.03 04:00:00,0.90943,0.90968,0.90932,0.90949,1906.65
2024.05.03 05:00:00,0.90948,0.90956,0.90804,0.9085,2295.91
2024.05.03 06:00:00,0.90848,0.9095,0.90782,0.9084,4617.05
2024.05.03 07:00:00,0.9084,0.9091,0.90701,0.9076,4110.98
2024.05.03 08:00:00,0.90761,0.90819,0.90722,0.90782,4049.74
2024.05.03 09:00:00,0.90781,0.90793,0.90704,0.90754,3107.2
2024.05.03 10:00:00,0.90756,0.90769,0.90674,0.90729,2983.38
2024.05.03 11:00:00,0.90729,0.90765,0.90661,0.90674,3219.8
2024.05.03 12:00:00,0.90675,0.90707,0.90054,0.903,18292.96
2024.05.03 13:00:00,0.90303,0.90528,0.90277,0.90517,16002.1
2024.05.03 14:00:00,0.90513,0.9062,0.90192,0.90469,20413.25
2024.05.03 15:00:00,0.90466,0.90519,0.90381,0.90474,5990.34
2024.05.03 16:00:00,0.90475,0.90575,0.90443,0.90567,3058.36
2024.05.03 17:00:00,0.90567,0.90592,0.90513,0.90529,1811.9
2024.05.03 18:00:00,0.90529,0.9056,0.90499,0.90501,1958.65
2024.05.03 19:00:00,0.90502,0.90527,0.90464,0.90511,1925.58
2024.05.03 20:00:00,0.90513,0.90536,0.90465,0.90475,1837.59
2024.05.05 21:00:00,0.9039,0.90466,0.9037,0.90463,438.46
2024.05.05 22:00:00,0.90464,0.90558,0.90454,0.90548,1190.17
2024.05.05 23:00:00,0.90548,0.90598,0.90485,0.90586,1962.03
2024.05.06 00:00:00,0.90588,0.90606,0.90544,0.90559,1323.84
2024.05.06 01:00:00,0.90558,0.90584,0.90531,0.90557,2036.79
2024.05.06 02:00:00,0.90556,0.90589,0.90503,0.90579,2042.46
2024.05.06 03:00:00,0.90579,0.90613,0.9056,0.90586,1535.26
2024.05.06 04:00:00,0.90588,0.90619,0.90588,0.90601,1200.33
2024.05.06 05:00:00,0.90602,0.90625,0.90579,0.90614,1356.08
2024.05.06 06:00:00,0.90613,0.90635,0.90524,0.90567,2410.29
2024.05.06 07:00:00,0.90569,0.9058,0.90509,0.90528,2620.36
2024.05.06 08:00:00,0.90528,0.90548,0.90418,0.90465,2515.04
2024.05.06 09:00:00,0.90464,0.90586,0.90463,0.90579,2355.54
2024.05.06 10:00:00,0.90578,0.90596,0.90494,0.9055,2983.76
2024.05.06 11:00:00,0.90551,0.90567,0.90499,0.90515,1610.98
2024.05.06 12:00:00,0.90516,0.90521,0.90373,0.9038,3352.61
2024.05.06 13:00:00,0.9038,0.90486,0.90355,0.90476,3857.37
2024.05.06 14:00:00,0.90476,0.90568,0.90447,0.90503,3953.48
2024.05.06 15:00:00,0.90502,0.90588,0.90501,0.90519,2070.15
2024.05.06 16:00:00,0.90518,0.90628,0.90506,0.90604,1886.45
2024.05.06 17:00:00,0.90602,0.90625,0.90578,0.90595,1387.9
2024.05.06 18:00:00,0.90597,0.90627,0.90587,0.90596,1003.01
2024.05.06 19:00:00,0.90597,0.9066,0.9059,0.90642,1354.13
2024.05.06 20:00:00,0.90641,0.90649,0.90605,0.90619,744.34
2024.05.06 21:00:00,0.90617,0.90617,0.90473,0.90578,1572.82
2024.05.06 22:00:00,0.90583,0.90624,0.9058,0.90616,897.49
2024.05.06 23:00:00,0.90618,0.90676,0.90617,0.90673,530.76
2024.05.07 00:00:00,0.90672,0.90693,0.90603,0.90608,1784.35
2024.05.07 01:00:00,0.90609,0.90759,0.90585,0.9074,1919.7
2024.05.07 02:00:00,0.90736,0.90764,0.90725,0.90746,1363.86
2024.05.07 03:00:00,0.90749,0.90758,0.90706,0.90711,1750.2
2024.05.07 04:00:00,0.90711,0.90742,0.90692,0.9071,2779.01
2024.05.07 05:00:00,0.9071,0.90756,0.90685,0.9075,2439.09
2024.05.07 06:00:00,0.9075,0.90772,0.90673,0.90689,3281.08
2024.05.07 07:00:00,0.90688,0.90689,0.90601,0.9063,3544.87
2024.05.07 08:00:00,0.90633,0.90802,0.90633,0.90775,3410.12
2024.05.07 09:00:00,0.90775,0.9086,0.90755,0.90827,2751.96
2024.05.07 10:00:00,0.90824,0.90842,0.90726,0.90728,2418.2
2024.05.07 11:00:00,0.90727,0.9076,0.90679,0.90725,1988.65
2024.05.07 12:00:00,0.90722,0.90757,0.9065,0.90659,3035.11
2024.05.07 13:00:00,0.90658,0.90684,0.90574,0.90666,4048.23
2024.05.07 14:00:00,0.90664,0.90688,0.90638,0.90658,3269.5
2024.05.07 15:00:00,0.90658,0.90721,0.90638,0.9072,2964.27
2024.05.07 16:00:00,0.9072,0.90797,0.90706,0.90765,2103.76
2024.05.07 17:00:00,0.90762,0.90881,0.90752,0.90861,1933.57
2024.05.07 18:00:00,0.90861,0.90934,0.90861,0.90919,1671.82
2024.05.07 19:00:00,0.90921,0.90921,0.90836,0.90852,1816.46
2024.05.07 20:00:00,0.90852,0.90874,0.90811,0.90833,1219.07
2024.05.07 21:00:00,0.90825,0.90843,0.9079,0.9083,1106.74
2024.05.07 22:00:00,0.90827,0.90859,0.90806,0.9085,1104.41
2024.05.07 23:00:00,0.90852,0.90878,0.9084,0.90844,1125.43
2024.05.08 00:00:00,0.90845,0.90872,0.908,0.90868,1408.37
2024.05.08 01:00:00,0.90866,0.90904,0.90844,0.90894,1412.29
2024.05.08 02:00:00,0.90893,0.90931,0.90888,0.90905,1772.9
2024.05.08 03:00:00,0.90905,0.90913,0.90878,0.90907,1025.68
2024.05.08 04:00:00,0.90909,0.90926,0.90898,0.90912,754.99
2024.05.08 05:00:00,0.90912,0.90927,0.9087,0.90873,1502.26
2024.05.08 06:00:00,0.90868,0.90901,0.90834,0.90875,2478.79
2024.05.08 07:00:00,0.90877,0.90906,0.90831,0.90899,3110.83
2024.05.08 08:00:00,0.909,0.90955,0.90828,0.90829,3219.07
2024.05.08 09:00:00,0.90829,0.90884,0.90783,0.90852,2780.56
2024.05.08 10:00:00,0.90852,0.90879,0.90811,0.90872,2067.24
2024.05.08 11:00:00,0.90876,0.90923,0.90846,0.909,2508.34
2024.05.08 12:00:00,0.90899,0.90923,0.9084,0.9084,3021.78
2024.05.08 13:00:00,0.90841,0.90892,0.90806,0.90828,3380.52
2024.05.08 14:00:00,0.90829,0.90848,0.90785,0.90801,3448.82
2024.05.08 15:00:00,0.90801,0.90873,0.9073,0.90761,2714.72
2024.05.08 16:00:00,0.90761,0.90831,0.90747,0.90807,1697.16
2024.05.08 17:00:00,0.90805,0.90818,0.90757,0.90786,1242.83
2024.05.08 18:00:00,0.90784,0.90809,0.90769,0.90804,925.55
2024.05.08 19:00:00,0.90804,0.90821,0.9079,0.90802,870.27
2024.05.08 20:00:00,0.90801,0.90813,0.90786,0.9079,591.42
2024.05.08 21:00:00,0.90788,0.90804,0.9074,0.90777,1822.2
2024.05.08 22:00:00,0.90778,0.90806,0.90758,0.90789,1914.68
2024.05.08 23:00:00,0.90788,0.90807,0.90773,0.90787,361.06
2024.05.09 00:00:00,0.90789,0.90845,0.90774,0.90843,902.08
2024.05.09 01:00:00,0.90842,0.90852,0.90798,0.90825,958.09
2024.05.09 02:00:00,0.90824,0.90849,0.90814,0.90838,711.96
2024.05.09 03:00:00,0.90837,0.90848,0.90811,0.90832,654.3
2024.05.09 04:00:00,0.90831,0.90841,0.90808,0.90837,437.55
2024.05.09 05:00:00,0.90835,0.90857,0.9082,0.90847,703.61
2024.05.09 06:00:00,0.90847,0.90864,0.90838,0.90851,1742.13
2024.05.09 07:00:00,0.90852,0.90903,0.90833,0.90882,2112.71
2024.05.09 08:00:00,0.90882,0.90944,0.90881,0.90942,2190.76
2024.05.09 09:00:00,0.90943,0.90972,0.90924,0.90947,2342.64
2024.05.09 10:00:00,0.90948,0.90963,0.90923,0.90928,1915.18
2024.05.09 11:00:00,0.9093,0.90984,0.9092,0.90955,3119.03
2024.05.09 12:00:00,0.90956,0.90956,0.90641,0.90725,7228.83
2024.05.09 13:00:00,0.90723,0.90821,0.90681,0.90725,4711.73
2024.05.09 14:00:00,0.90726,0.90743,0.90625,0.90669,5490.54
2024.05.09 15:00:00,0.90669,0.90736,0.90599,0.90715,2912.45
2024.05.09 16:00:00,0.90715,0.90721,0.90668,0.90671,1395.24
2024.05.09 17:00:00,0.90671,0.90683,0.90612,0.90637,1560.6
2024.05.09 18:00:00,0.90639,0.9065,0.90585,0.90589,1253.25
2024.05.09 19:00:00,0.90591,0.90598,0.90564,0.90565,1062.13
2024.05.09 20:00:00,0.90565,0.90592,0.90557,0.90587,547.38
2024.05.09 21:00:00,0.90587,0.90609,0.90527,0.90563,1391.09
2024.05.09 22:00:00,0.90563,0.90579,0.90545,0.9055,787.11
2024.05.09 23:00:00,0.90549,0.90592,0.90545,0.90588,474.11
2024.05.10 00:00:00,0.90586,0.90653,0.90583,0.9063,1044.49
2024.05.10 01:00:00,0.90628,0.9066,0.90593,0.90658,1285.78
2024.05.10 02:00:00,0.9066,0.90698,0.90657,0.90677,843.93
2024.05.10 03:00:00,0.90676,0.90677,0.9064,0.90655,942.71
2024.05.10 04:00:00,0.90654,0.90661,0.90641,0.9066,346.65
2024.05.10 05:00:00,0.9066,0.90666,0.90628,0.90659,683.55
2024.05.10 06:00:00,0.90658,0.90696,0.90597,0.90663,2694.03
2024.05.10 07:00:00,0.90663,0.90704,0.9061,0.90649,3205.8
2024.05.10 08:00:00,0.90648,0.90676,0.90558,0.90628,3096.18
2024.05.10 09:00:00,0.90627,0.90639,0.90586,0.90634,2168.3
2024.05.10 10:00:00,0.90635,0.9069,0.90627,0.90672,1646.3
2024.05.10 11:00:00,0.90672,0.90718,0.90668,0.90708,1605.83
2024.05.10 12:00:00,0.9071,0.90785,0.90694,0.90751,3617.94
2024.05.10 13:00:00,0.90752,0.90758,0.90599,0.9062,3754.02
2024.05.10 14:00:00,0.90628,0.90851,0.90599,0.90752,6125.87
2024.05.10 15:00:00,0.90753,0.90782,0.90622,0.90635,3095.14
2024.05.10 16:00:00,0.90634,0.90669,0.90596,0.90608,1856.68
2024.05.10 17:00:00,0.90607,0.90631,0.90558,0.90624,1215.64
2024.05.10 18:00:00,0.90625,0.9065,0.9061,0.90624,831.15
2024.05.10 19:00:00,0.90624,0.90631,0.90597,0.90621,755.17
2024.05.10 20:00:00,0.9062,0.90655,0.90613,0.9064,648.05
2024.05.12 21:00:00,0.90519,0.90647,0.90482,0.90505,514.35
2024.05.12 22:00:00,0.90552,0.90641,0.90493,0.9063,522.94
2024.05.12 23:00:00,0.9063,0.90647,0.90608,0.90646,551.69
2024.05.13 00:00:00,0.90648,0.90663,0.9063,0.90639,909.89
2024.05.13 01:00:00,0.9064,0.90695,0.90628,0.90684,2153.11
2024.05.13 02:00:00,0.90686,0.90686,0.9064,0.90657,1029.98
2024.05.13 03:00:00,0.90658,0.9067,0.90654,0.90659,538.92
2024.05.13 04:00:00,0.90658,0.90688,0.90654,0.90683,697.71
2024.05.13 05:00:00,0.90684,0.90686,0.90646,0.90655,657.03
2024.05.13 06:00:00,0.90653,0.90669,0.90622,0.90659,2268.59
2024.05.13 07:00:00,0.90656,0.9069,0.90622,0.90673,2910.02
2024.05.13 08:00:00,0.90673,0.90701,0.90642,0.90646,2951.31
2024.05.13 09:00:00,0.90646,0.90753,0.9064,0.90731,2494.55
2024.05.13 10:00:00,0.90732,0.90737,0.90681,0.90684,1703.87
2024.05.13 11:00:00,0.90685,0.90685,0.90573,0.90607,2294.19
2024.05.13 12:00:00,0.90609,0.90625,0.90531,0.90551,3419.92
2024.05.13 13:00:00,0.90549,0.90572,0.90453,0.90552,3922.52
2024.05.13 14:00:00,0.90552,0.90674,0.9055,0.90605,3681.65
2024.05.13 15:00:00,0.90605,0.90768,0.906,0.9075,4282.9
2024.05.13 16:00:00,0.90752,0.90758,0.90698,0.90729,1261.6
2024.05.13 17:00:00,0.90731,0.90816,0.90728,0.90798,1347.41
2024.05.13 18:00:00,0.90798,0.90819,0.90763,0.9081,945.22
2024.05.13 19:00:00,0.90809,0.90871,0.90805,0.90815,1080.15
2024.05.13 20:00:00,0.90812,0.90835,0.90782,0.90818,804.11
2024.05.13 21:00:00,0.90815,0.90815,0.90793,0.90803,733.49
2024.05.13 22:00:00,0.90804,0.90834,0.90804,0.90823,629.33
2024.05.13 23:00:00,0.90824,0.90824,0.90787,0.90796,568.86
2024.05.14 00:00:00,0.90793,0.90858,0.90792,0.90834,1181.53
2024.05.14 01:00:00,0.90833,0.90861,0.90819,0.90833,1070.83
2024.05.14 02:00:00,0.90834,0.90869,0.90834,0.90856,858.62
2024.05.14 03:00:00,0.90855,0.9088,0.90849,0.90863,557.45
2024.05.14 04:00:00,0.90863,0.90872,0.90839,0.90862,637.75
2024.05.14 05:00:00,0.90863,0.90874,0.90847,0.90853,828.78
2024.05.14 06:00:00,0.90852,0.90855,0.90784,0.90788,1767.47
2024.05.14 07:00:00,0.90788,0.9082,0.90742,0.90808,2569.21
2024.05.14 08:00:00,0.90808,0.9085,0.90742,0.90748,2680.77
2024.05.14 09:00:00,0.90746,0.90775,0.90715,0.90749,2553.78
2024.05.14 10:00:00,0.90748,0.90802,0.90735,0.90751,1758.85
2024.05.14 11:00:00,0.9075,0.90794,0.90738,0.9078,1452.65
2024.05.14 12:00:00,0.90781,0.91021,0.90703,0.90737,10916.67
2024.05.14 13:00:00,0.90736,0.90781,0.90569,0.90586,9201.55
2024.05.14 14:00:00,0.90585,0.90687,0.90545,0.90611,6802.37
2024.05.14 15:00:00,0.90611,0.90675,0.90594,0.90675,2777.93
2024.05.14 16:00:00,0.90675,0.90715,0.90648,0.90652,1953.86
2024.05.14 17:00:00,0.90653,0.90691,0.90641,0.90686,922.03
2024.05.14 18:00:00,0.90689,0.90695,0.90642,0.90666,1159.18
2024.05.14 19:00:00,0.90665,0.90676,0.9064,0.90643,1759.2
2024.05.14 20:00:00,0.90642,0.90662,0.90634,0.90647,946.33
2024.05.14 21:00:00,0.90646,0.90681,0.90553,0.90637,4766.59
2024.05.14 22:00:00,0.90639,0.90668,0.90639,0.90661,985.59
2024.05.14 23:00:00,0.9066,0.90692,0.90658,0.90689,692.87
2024.05.15 00:00:00,0.90689,0.90704,0.9063,0.90654,1862.01
2024.05.15 01:00:00,0.90651,0.90659,0.90622,0.90626,768.29
2024.05.15 02:00:00,0.90627,0.90648,0.90599,0.90605,886.44
2024.05.15 03:00:00,0.90604,0.90609,0.90579,0.90583,642.33
2024.05.15 04:00:00,0.90583,0.90621,0.9058,0.90614,515.71
2024.05.15 05:00:00,0.90612,0.90617,0.90538,0.90543,2124.04
2024.05.15 06:00:00,0.90542,0.90601,0.90526,0.90528,2256.01
2024.05.15 07:00:00,0.90528,0.90541,0.90464,0.90531,2859.61
2024.05.15 08:00:00,0.90533,0.90543,0.90443,0.90495,2434.39
2024.05.15 09:00:00,0.90497,0.90538,0.90483,0.90519,1785.24
2024.05.15 10:00:00,0.90519,0.90576,0.90491,0.90553,1507.14
2024.05.15 11:00:00,0.90554,0.90562,0.905,0.90504,2207.62
2024.05.15 12:00:00,0.90506,0.90517,0.90144,0.90351,14904.19
2024.05.15 13:00:00,0.90352,0.9063,0.90293,0.90562,10337.71
2024.05.15 14:00:00,0.90563,0.9063,0.90434,0.90476,7569.45
2024.05.15 15:00:00,0.90475,0.90482,0.90303,0.90411,4797.87
2024.05.15 16:00:00,0.90411,0.90446,0.90272,0.90292,3799.96
2024.05.15 17:00:00,0.90291,0.90304,0.90211,0.90236,2750.98
2024.05.15 18:00:00,0.90236,0.90351,0.9023,0.90291,2240.06
2024.05.15 19:00:00,0.90291,0.90298,0.90253,0.90268,1655.07
2024.05.15 20:00:00,0.90267,0.90269,0.90194,0.90211,1231.42
2024.05.15 21:00:00,0.90211,0.90238,0.90141,0.90201,9010.54
2024.05.15 22:00:00,0.902,0.90202,0.90121,0.90136,1350.89
2024.05.15 23:00:00,0.90134,0.90152,0.90051,0.90064,1993.44
2024.05.16 00:00:00,0.90065,0.90102,0.89876,0.89891,2912.17
2024.05.16 01:00:00,0.8989,0.90007,0.89889,0.8999,4288.37
2024.05.16 02:00:00,0.8999,0.90073,0.89968,0.9,2653.07
2024.05.16 03:00:00,0.89999,0.90044,0.89991,0.90034,1358.36
2024.05.16 04:00:00,0.90035,0.90073,0.9002,0.90065,1949.7
2024.05.16 05:00:00,0.90062,0.90131,0.9003,0.90127,1021.5
2024.05.16 06:00:00,0.90123,0.90149,0.90088,0.9012,2675.99
2024.05.16 07:00:00,0.9012,0.9012,0.89985,0.89997,3636.01
2024.05.16 08:00:00,0.89997,0.90221,0.89979,0.90205,3322.55
2024.05.16 09:00:00,0.90205,0.90222,0.90163,0.90214,2214.82
2024.05.16 10:00:00,0.90214,0.90289,0.90197,0.90245,2451.52
2024.05.16 11:00:00,0.90245,0.9037,0.90227,0.90339,2402.22
2024.05.16 12:00:00,0.90338,0.90443,0.90228,0.90438,7864.69
2024.05.16 13:00:00,0.90438,0.90564,0.90422,0.90558,5825.17
2024.05.16 14:00:00,0.90556,0.90567,0.90391,0.90427,5298.06
2024.05.16 15:00:00,0.90426,0.90491,0.90423,0.90442,2334.21
2024.05.16 16:00:00,0.90443,0.90484,0.90433,0.90464,1675.59
2024.05.16 17:00:00,0.90462,0.90526,0.90434,0.90499,1426.97
2024.05.16 18:00:00,0.90499,0.90546,0.90484,0.90521,1205.19
2024.05.16 19:00:00,0.90521,0.90562,0.90511,0.9056,974.23
2024.05.16 20:00:00,0.90559,0.90625,0.90558,0.90606,1150.7
2024.05.16 21:00:00,0.90602,0.9063,0.90515,0.90585,1296.52
2024.05.16 22:00:00,0.90585,0.90615,0.90585,0.90601,1287.2
2024.05.16 23:00:00,0.90599,0.90628,0.90598,0.90604,2007.33
2024.05.17 00:00:00,0.90602,0.90724,0.90593,0.90676,1994.94
2024.05.17 01:00:00,0.90676,0.9073,0.90663,0.90712,1691.27
2024.05.17 02:00:00,0.90713,0.90734,0.907,0.90704,1355.57
2024.05.17 03:00:00,0.90702,0.90719,0.90687,0.90703,1078.72
2024.05.17 04:00:00,0.90701,0.90732,0.90687,0.90725,957.94
2024.05.17 05:00:00,0.90724,0.90732,0.90659,0.90685,1135.42
2024.05.17 06:00:00,0.90688,0.90726,0.90638,0.90696,1911.98
2024.05.17 07:00:00,0.90695,0.90829,0.90687,0.90784,3082.05
2024.05.17 08:00:00,0.90786,0.9098,0.90784,0.90893,3180.6
2024.05.17 09:00:00,0.90892,0.90976,0.90877,0.90909,2114.06
2024.05.17 10:00:00,0.90911,0.90968,0.90886,0.90947,1945.44
2024.05.17 11:00:00,0.90946,0.9097,0.90865,0.90871,1871.19
2024.05.17 12:00:00,0.90872,0.90939,0.90848,0.90872,2853.54
2024.05.17 13:00:00,0.90871,0.90902,0.90833,0.90859,3595.82
2024.05.17 14:00:00,0.90857,0.9087,0.90692,0.90697,4149.67
2024.05.17 15:00:00,0.90695,0.90815,0.90671,0.90798,3786.32
2024.05.17 16:00:00,0.90797,0.90803,0.90747,0.90797,2055.88
2024.05.17 17:00:00,0.90799,0.90821,0.90749,0.90814,1950.46
2024.05.17 18:00:00,0.90814,0.90826,0.90784,0.90815,1036.73
2024.05.17 19:00:00,0.90817,0.90831,0.90777,0.90817,1210.47
2024.05.17 20:00:00,0.90816,0.90915,0.90814,0.90888,1714.8
2024.05.19 21:00:00,0.90901,0.90924,0.9081,0.9092,616.31
2024.05.19 22:00:00,0.90921,0.90924,0.90861,0.90894,1332.17
2024.05.19 23:00:00,0.90894,0.909,0.90874,0.90895,1468.61
2024.05.20 00:00:00,0.90894,0.90943,0.90882,0.90918,2757.15
2024.05.20 01:00:00,0.90918,0.90969,0.90904,0.90921,1696.98
2024.05.20 02:00:00,0.90921,0.90962,0.90921,0.90942,745.28
2024.05.20 03:00:00,0.90942,0.90954,0.9091,0.90929,737.6
2024.05.20 04:00:00,0.90928,0.90932,0.90896,0.90919,621.71
2024.05.20 05:00:00,0.90919,0.9093,0.90886,0.90906,1976.71
2024.05.20 06:00:00,0.90906,0.90946,0.90865,0.90941,1800.52
2024.05.20 07:00:00,0.90942,0.90988,0.90886,0.90974,2682.68
2024.05.20 08:00:00,0.90975,0.90996,0.90863,0.90886,3146.71
2024.05.20 09:00:00,0.90885,0.90918,0.90853,0.90892,1974.38
2024.05.20 10:00:00,0.90893,0.9091,0.90864,0.90884,1636.32
2024.05.20 11:00:00,0.90886,0.90948,0.90873,0.90948,1706.39
2024.05.20 12:00:00,0.90945,0.91085,0.90933,0.91051,4804.63
2024.05.20 13:00:00,0.91052,0.91055,0.90827,0.90865,5012.02
2024.05.20 14:00:00,0.90866,0.90903,0.90786,0.9088,4217.61
2024.05.20 15:00:00,0.9088,0.91001,0.9088,0.9097,2646.51
2024.05.20 16:00:00,0.90969,0.90989,0.90922,0.90929,1049.02
2024.05.20 17:00:00,0.90929,0.90974,0.9091,0.90968,1227.4
2024.05.20 18:00:00,0.90968,0.90983,0.90942,0.90982,1076.91
2024.05.20 19:00:00,0.90985,0.91048,0.9098,0.91047,840.78
2024.05.20 20:00:00,0.91049,0.91084,0.91046,0.91053,510.79
2024.05.20 21:00:00,0.91048,0.91065,0.90934,0.90997,4955.8
2024.05.20 22:00:00,0.90994,0.91055,0.90992,0.91029,978.8
2024.05.20 23:00:00,0.91029,0.91038,0.91006,0.91012,816.75
2024.05.21 00:00:00,0.91014,0.91068,0.9101,0.91065,1191.8
2024.05.21 01:00:00,0.91065,0.91126,0.91063,0.91124,1205.69
2024.05.21 02:00:00,0.91128,0.91161,0.91099,0.91109,1200.87
2024.05.21 03:00:00,0.9111,0.91117,0.91084,0.91095,685.85
2024.05.21 04:00:00,0.91096,0.91108,0.91059,0.91074,519.75
2024.05.21 05:00:00,0.91072,0.91086,0.91016,0.91032,661
2024.05.21 06:00:00,0.91033,0.91036,0.90956,0.90998,2427.42
2024.05.21 07:00:00,0.90999,0.91034,0.90956,0.91033,2804.12
2024.05.21 08:00:00,0.91032,0.91056,0.90961,0.90997,2441.29
2024.05.21 09:00:00,0.90997,0.90997,0.90869,0.90907,2443.98
2024.05.21 10:00:00,0.90906,0.90953,0.90891,0.90947,1733.21
2024.05.21 11:00:00,0.90948,0.90976,0.90926,0.90933,1672.18
2024.05.21 12:00:00,0.90931,0.91008,0.90928,0.90995,3809.74
2024.05.21 13:00:00,0.90995,0.91125,0.90937,0.91048,10282.95
2024.05.21 14:00:00,0.91048,0.91064,0.90897,0.9094,5863.17
2024.05.21 15:00:00,0.90944,0.9113,0.90926,0.91079,3978.48
2024.05.21 16:00:00,0.91077,0.91089,0.9104,0.9106,1971.98
2024.05.21 17:00:00,0.91061,0.91139,0.91057,0.91095,1613.85
2024.05.21 18:00:00,0.91093,0.91121,0.91078,0.9112,1590.45
2024.05.21 19:00:00,0.91121,0.91129,0.91069,0.91076,1444.2
2024.05.21 20:00:00,0.91077,0.91096,0.91072,0.91089,600.77
2024.05.21 21:00:00,0.91091,0.911,0.91041,0.91067,1040.76
2024.05.21 22:00:00,0.91062,0.91088,0.91053,0.91085,380.5
2024.05.21 23:00:00,0.91083,0.91127,0.91083,0.91127,384.54
2024.05.22 00:00:00,0.91128,0.91128,0.9109,0.91108,1033.62
2024.05.22 01:00:00,0.9111,0.91131,0.91076,0.91084,1080.06
2024.05.22 02:00:00,0.91083,0.9112,0.91064,0.91099,2078.22
2024.05.22 03:00:00,0.911,0.91147,0.91096,0.91128,797.16
2024.05.22 04:00:00,0.9113,0.91159,0.91126,0.91145,1292.04
2024.05.22 05:00:00,0.91145,0.91162,0.91115,0.91124,1462.02
2024.05.22 06:00:00,0.91124,0.913,0.91087,0.91221,3907.32
2024.05.22 07:00:00,0.91222,0.91302,0.91213,0.91282,3062.38
2024.05.22 08:00:00,0.91281,0.9134,0.91242,0.91277,2693.31
2024.05.22 09:00:00,0.91277,0.91362,0.91271,0.91362,2571.3
2024.05.22 10:00:00,0.9136,0.9141,0.91329,0.9141,2491.55
2024.05.22 11:00:00,0.91412,0.91579,0.91404,0.91504,3820.36
2024.05.22 12:00:00,0.91501,0.91518,0.91396,0.91432,4781.44
2024.05.22 13:00:00,0.91431,0.91445,0.91324,0.91336,4459.4
2024.05.22 14:00:00,0.91336,0.91459,0.91326,0.91439,4979.32
2024.05.22 15:00:00,0.91438,0.91449,0.91361,0.91393,3297.92
2024.05.22 16:00:00,0.91394,0.91403,0.91364,0.91377,1703.5
2024.05.22 17:00:00,0.91377,0.91475,0.91373,0.91448,2704.72
2024.05.22 18:00:00,0.91448,0.91547,0.9144,0.91509,5266.52
2024.05.22 19:00:00,0.91512,0.91558,0.9151,0.91538,1624.62
2024.05.22 20:00:00,0.9154,0.91573,0.91535,0.91566,796.58
2024.05.22 21:00:00,0.91562,0.91562,0.91465,0.91533,2976.62
2024.05.22 22:00:00,0.91526,0.9154,0.91519,0.91524,759.7
2024.05.22 23:00:00,0.91524,0.91536,0.9151,0.9152,839.68
2024.05.23 00:00:00,0.91522,0.91528,0.91497,0.91511,1705.85
2024.05.23 01:00:00,0.91514,0.91532,0.91461,0.91485,2155.75
2024.05.23 02:00:00,0.91487,0.91499,0.91431,0.91451,1663.82
2024.05.23 03:00:00,0.9145,0.91471,0.91426,0.91441,1412.83
2024.05.23 04:00:00,0.91441,0.91463,0.91427,0.91459,864.74
2024.05.23 05:00:00,0.9146,0.91486,0.91444,0.91478,973.47
2024.05.23 06:00:00,0.91479,0.91529,0.91468,0.9151,2443.53
2024.05.23 07:00:00,0.9151,0.91541,0.91404,0.91447,5439.26
2024.05.23 08:00:00,0.91447,0.91489,0.91395,0.91459,3244.03
2024.05.23 09:00:00,0.91457,0.91458,0.91351,0.91368,3137.52
2024.05.23 10:00:00,0.91369,0.91377,0.91338,0.91352,2018.39
2024.05.23 11:00:00,0.91352,0.91369,0.91276,0.91287,2297.32
2024.05.23 12:00:00,0.91286,0.91371,0.91263,0.91341,5759.34
2024.05.23 13:00:00,0.91341,0.91515,0.91261,0.9144,8972.67
2024.05.23 14:00:00,0.91441,0.91515,0.91347,0.91359,11446.33
2024.05.23 15:00:00,0.91357,0.91477,0.91357,0.91438,4203.12
2024.05.23 16:00:00,0.91439,0.91502,0.91395,0.91481,2627.32
2024.05.23 17:00:00,0.91482,0.9152,0.91465,0.91471,2758.25
2024.05.23 18:00:00,0.91469,0.91489,0.91414,0.91486,3042.09
2024.05.23 19:00:00,0.91488,0.91493,0.91452,0.91467,1709.38
2024.05.23 20:00:00,0.91468,0.91477,0.91422,0.91434,678.44
2024.05.23 21:00:00,0.91434,0.9144,0.91386,0.91396,44875.18
2024.05.23 22:00:00,0.91396,0.91438,0.91396,0.91429,1714.82
2024.05.23 23:00:00,0.91431,0.91443,0.91421,0.91442,1812.21
2024.05.24 00:00:00,0.91443,0.91511,0.91441,0.91467,1923.78
2024.05.24 01:00:00,0.91469,0.91489,0.91447,0.91467,1281.4
2024.05.24 02:00:00,0.91468,0.91516,0.91468,0.91498,1001.76
2024.05.24 03:00:00,0.915,0.91539,0.915,0.91533,615.8
2024.05.24 04:00:00,0.91534,0.91543,0.91518,0.91523,542.52
2024.05.24 05:00:00,0.91522,0.91542,0.91513,0.91538,1617.98
2024.05.24 06:00:00,0.91534,0.91543,0.91466,0.91499,2510.64
2024.05.24 07:00:00,0.91499,0.91502,0.91427,0.91457,2563.85
2024.05.24 08:00:00,0.91458,0.91552,0.91457,0.91483,2447.64
2024.05.24 09:00:00,0.91484,0.91523,0.91439,0.91507,2285.05
2024.05.24 10:00:00,0.91507,0.91535,0.91461,0.91473,2683.59
2024.05.24 11:00:00,0.91473,0.91526,0.91461,0.91514,2325.12
2024.05.24 12:00:00,0.91515,0.91578,0.91427,0.91465,5259.47
2024.05.24 13:00:00,0.91464,0.91503,0.91423,0.91503,4414.23
2024.05.24 14:00:00,0.91501,0.91501,0.91349,0.91442,6419.83
2024.05.24 15:00:00,0.91442,0.91463,0.91368,0.91432,3411.4
2024.05.24 16:00:00,0.91431,0.91451,0.91336,0.91422,2133.49
2024.05.24 17:00:00,0.91423,0.91448,0.91378,0.91437,1603.05
2024.05.24 18:00:00,0.91437,0.91454,0.91393,0.91453,1284.96
2024.05.24 19:00:00,0.91453,0.91476,0.91451,0.91463,1115.93
2024.05.24 20:00:00,0.91461,0.9147,0.91452,0.91462,964.49
2024.05.26 21:00:00,0.91382,0.91449,0.91279,0.91401,481.62
2024.05.26 22:00:00,0.914,0.91447,0.914,0.9142,982.73
2024.05.26 23:00:00,0.91418,0.91448,0.91417,0.91446,513.6
2024.05.27 00:00:00,0.91446,0.9146,0.91433,0.91452,542.85
2024.05.27 01:00:00,0.91452,0.9146,0.91432,0.91446,847.05
2024.05.27 02:00:00,0.91444,0.91455,0.91422,0.91422,553.35
2024.05.27 03:00:00,0.91422,0.91442,0.91401,0.91422,532.89
2024.05.27 04:00:00,0.91419,0.91442,0.91414,0.91437,745.44
2024.05.27 05:00:00,0.91441,0.91445,0.91418,0.91431,990.42
2024.05.27 06:00:00,0.91431,0.91493,0.91431,0.9149,1300.65
2024.05.27 07:00:00,0.9149,0.91535,0.91482,0.91502,1634.82
2024.05.27 08:00:00,0.91499,0.91528,0.91435,0.91449,1760.31
2024.05.27 09:00:00,0.91452,0.91452,0.91347,0.9135,1656.45
2024.05.27 10:00:00,0.91351,0.91403,0.91329,0.9137,1686.21
2024.05.27 11:00:00,0.91371,0.91434,0.91368,0.9143,1348.41
2024.05.27 12:00:00,0.91432,0.91526,0.91418,0.91471,3102.19
2024.05.27 13:00:00,0.91471,0.91479,0.91349,0.91377,3095.67
2024.05.27 14:00:00,0.91379,0.91412,0.91363,0.91366,2142.09
2024.05.27 15:00:00,0.91365,0.91402,0.91329,0.91331,2099.2
2024.05.27 16:00:00,0.9133,0.91367,0.91318,0.91349,1957.71
2024.05.27 17:00:00,0.91352,0.91366,0.91338,0.91344,739.45
2024.05.27 18:00:00,0.91346,0.9135,0.91337,0.91342,781.74
2024.05.27 19:00:00,0.91342,0.91345,0.91337,0.91338,385.08
2024.05.27 20:00:00,0.91339,0.91376,0.91339,0.91339,642.88
2024.05.27 21:00:00,0.91345,0.91389,0.91311,0.91354,8863.13
2024.05.27 22:00:00,0.91352,0.91365,0.91332,0.91343,1218.8
2024.05.27 23:00:00,0.91343,0.91351,0.91323,0.91325,281.48
2024.05.28 00:00:00,0.91326,0.91332,0.91259,0.91291,1739.38
2024.05.28 01:00:00,0.91294,0.91296,0.91204,0.91209,1209.33
2024.05.28 02:00:00,0.91208,0.91224,0.91166,0.91191,1590.1
2024.05.28 03:00:00,0.9119,0.91214,0.91178,0.91191,1454.74
2024.05.28 04:00:00,0.91192,0.91206,0.91171,0.91204,1562.86
2024.05.28 05:00:00,0.91204,0.91223,0.9118,0.91222,1052.42
2024.05.28 06:00:00,0.91223,0.91246,0.91172,0.91227,2760.73
2024.05.28 07:00:00,0.91227,0.91227,0.91117,0.91139,3086.8
2024.05.28 08:00:00,0.91138,0.91203,0.91098,0.91201,3027.04
2024.05.28 09:00:00,0.91201,0.91213,0.91051,0.91057,3433.05
2024.05.28 10:00:00,0.91058,0.91087,0.91038,0.91071,2140.09
2024.05.28 11:00:00,0.91071,0.91073,0.90983,0.91037,2945.6
2024.05.28 12:00:00,0.91037,0.91061,0.90852,0.90996,5397.7
2024.05.28 13:00:00,0.90996,0.91068,0.90931,0.9106,5853.08
2024.05.28 14:00:00,0.9106,0.91167,0.90983,0.91022,7274.09
2024.05.28 15:00:00,0.91021,0.91098,0.91021,0.9106,3572.76
2024.05.28 16:00:00,0.9106,0.91117,0.91054,0.91098,1897.32
2024.05.28 17:00:00,0.91098,0.9118,0.91093,0.91172,3044.84
2024.05.28 18:00:00,0.91174,0.91244,0.91173,0.91216,2088.36
2024.05.28 19:00:00,0.91217,0.91222,0.91188,0.91198,1447.69
2024.05.28 20:00:00,0.912,0.91248,0.91198,0.91237,625.02
2024.05.28 21:00:00,0.91237,0.91245,0.91167,0.91204,7276.8
2024.05.28 22:00:00,0.91192,0.91244,0.91182,0.91222,1073.74
2024.05.28 23:00:00,0.91221,0.9124,0.91217,0.91232,1123.69
2024.05.29 00:00:00,0.91232,0.91268,0.91231,0.91239,1599.84
2024.05.29 01:00:00,0.9124,0.91243,0.91183,0.91197,1911.58
2024.05.29 02:00:00,0.91201,0.91261,0.91185,0.91256,1253.97
2024.05.29 03:00:00,0.91257,0.91268,0.91243,0.91254,1093.59
2024.05.29 04:00:00,0.91255,0.91272,0.91236,0.91247,647.25
2024.05.29 05:00:00,0.91247,0.91266,0.91227,0.91258,1052.41
2024.05.29 06:00:00,0.91262,0.91262,0.9119,0.91216,2681.6
2024.05.29 07:00:00,0.91219,0.91235,0.91173,0.91189,3160.95
2024.05.29 08:00:00,0.91187,0.91317,0.91184,0.9127,5427.83
2024.05.29 09:00:00,0.91266,0.91288,0.91233,0.91266,3034.54
2024.05.29 10:00:00,0.91268,0.91342,0.91261,0.91335,2367.04
2024.05.29 11:00:00,0.91335,0.91432,0.9124,0.91247,4017.39
2024.05.29 12:00:00,0.91247,0.91267,0.91126,0.91162,5256.75
2024.05.29 13:00:00,0.91163,0.91277,0.91159,0.91233,5344.34
2024.05.29 14:00:00,0.91231,0.91332,0.91199,0.91308,6058.11
2024.05.29 15:00:00,0.9131,0.91354,0.91256,0.91351,4123.51
2024.05.29 16:00:00,0.91352,0.91402,0.91344,0.91356,2258.05
2024.05.29 17:00:00,0.91361,0.91393,0.91323,0.91349,2409.81
2024.05.29 18:00:00,0.91349,0.91394,0.91333,0.91368,1401.4
2024.05.29 19:00:00,0.91367,0.91379,0.91333,0.9135,1249.92
2024.05.29 20:00:00,0.9135,0.9135,0.91314,0.91314,860.32
2024.05.29 21:00:00,0.91314,0.91322,0.91287,0.9129,524.63
2024.05.29 22:00:00,0.91288,0.9132,0.91284,0.91313,868.95
2024.05.29 23:00:00,0.91311,0.91326,0.9129,0.9132,788.56
2024.05.30 00:00:00,0.91322,0.91363,0.91317,0.91347,1670.26
2024.05.30 01:00:00,0.91346,0.91403,0.91313,0.91394,1774.8
2024.05.30 02:00:00,0.91395,0.91406,0.91343,0.91347,1031.07
2024.05.30 03:00:00,0.91349,0.91368,0.9131,0.91332,1614.84
2024.05.30 04:00:00,0.91332,0.91341,0.91268,0.91292,1305.9
2024.05.30 05:00:00,0.91293,0.91307,0.91193,0.9123,3414.19
2024.05.30 06:00:00,0.91232,0.91255,0.91089,0.9109,5355.51
2024.05.30 07:00:00,0.91094,0.91115,0.90985,0.9099,6684.21
2024.05.30 08:00:00,0.90988,0.91051,0.90697,0.90703,7240.32
2024.05.30 09:00:00,0.90703,0.9077,0.90629,0.90685,5697.14
2024.05.30 10:00:00,0.90686,0.90732,0.90594,0.90663,4764.6
2024.05.30 11:00:00,0.9066,0.90753,0.9066,0.9072,3299.85
2024.05.30 12:00:00,0.9072,0.90725,0.90479,0.90497,7203.19
2024.05.30 13:00:00,0.90495,0.90564,0.90458,0.90519,6461.68
2024.05.30 14:00:00,0.90512,0.9052,0.9031,0.90371,7053.17
2024.05.30 15:00:00,0.90372,0.90419,0.90334,0.9036,4606.14
2024.05.30 16:00:00,0.90361,0.90403,0.9035,0.90387,1750.25
2024.05.30 17:00:00,0.90387,0.90387,0.90309,0.90346,1099.44
2024.05.30 18:00:00,0.90348,0.90397,0.90345,0.90353,1170.47
2024.05.30 19:00:00,0.90355,0.90371,0.9033,0.9034,2295.51
2024.05.30 20:00:00,0.90341,0.90353,0.90317,0.90326,699.25
2024.05.30 21:00:00,0.90318,0.90347,0.90301,0.9031,2643.03
2024.05.30 22:00:00,0.9032,0.90331,0.903,0.90319,718.52
2024.05.30 23:00:00,0.90317,0.90342,0.90316,0.90335,474.91
2024.05.31 00:00:00,0.90334,0.90359,0.90236,0.90279,1765.28
2024.05.31 01:00:00,0.9028,0.90325,0.90257,0.9032,2110.13
2024.05.31 02:00:00,0.90322,0.9041,0.90282,0.90399,2219.82
2024.05.31 03:00:00,0.90398,0.90405,0.90361,0.90383,2458.56
2024.05.31 04:00:00,0.90384,0.90426,0.90378,0.90394,1831.53
2024.05.31 05:00:00,0.90395,0.9048,0.90388,0.90478,1800.06
2024.05.31 06:00:00,0.90476,0.90569,0.90445,0.90447,4650.05
2024.05.31 07:00:00,0.90446,0.9052,0.90444,0.90472,4662.39
2024.05.31 08:00:00,0.90473,0.90598,0.90456,0.90598,3925.86
2024.05.31 09:00:00,0.90599,0.90689,0.90573,0.90617,4598.44
2024.05.31 10:00:00,0.90615,0.90664,0.90589,0.90613,3249.26
2024.05.31 11:00:00,0.90612,0.90618,0.90485,0.90504,3339.19
2024.05.31 12:00:00,0.90505,0.90546,0.90284,0.90315,9014.48
2024.05.31 13:00:00,0.90316,0.90346,0.90199,0.90224,6903.91
2024.05.31 14:00:00,0.90222,0.90297,0.90022,0.90218,10366.04
2024.05.31 15:00:00,0.90217,0.90391,0.90197,0.90337,6528.11
2024.05.31 16:00:00,0.90338,0.90405,0.90306,0.90326,2377.6
2024.05.31 17:00:00,0.90327,0.90341,0.90294,0.90294,1939.34
2024.05.31 18:00:00,0.90293,0.90323,0.90273,0.90282,1698.94
2024.05.31 19:00:00,0.90283,0.90314,0.90215,0.90217,2014.06
2024.05.31 20:00:00,0.90218,0.90256,0.90193,0.90193,1863.93
2024.06.02 21:00:00,0.9031,0.90311,0.90128,0.90249,1127.66
2024.06.02 22:00:00,0.90218,0.9024,0.90176,0.90198,1844.59
2024.06.02 23:00:00,0.90197,0.90197,0.90134,0.90135,1292.42
2024.06.03 00:00:00,0.90135,0.90175,0.90077,0.901,1493.84
2024.06.03 01:00:00,0.90099,0.90108,0.90047,0.90059,1854.75
2024.06.03 02:00:00,0.90059,0.9014,0.90051,0.90133,1435.22
2024.06.03 03:00:00,0.90132,0.90163,0.90122,0.90159,2552.88
2024.06.03 04:00:00,0.90159,0.90159,0.9012,0.90139,1426.69
2024.06.03 05:00:00,0.9014,0.90155,0.90126,0.90148,1941.46
2024.06.03 06:00:00,0.90151,0.90241,0.90095,0.90234,4039.48
2024.06.03 07:00:00,0.90233,0.90309,0.90231,0.90258,4540.68
2024.06.03 08:00:00,0.90258,0.90298,0.90213,0.90269,3597.19
2024.06.03 09:00:00,0.90268,0.90354,0.90193,0.90202,3284.3
2024.06.03 10:00:00,0.90203,0.9021,0.90084,0.90084,4134.55
2024.06.03 11:00:00,0.90085,0.90195,0.9006,0.90188,4008.1
2024.06.03 12:00:00,0.90184,0.90194,0.9004,0.90108,4352.18
2024.06.03 13:00:00,0.90109,0.90125,0.90032,0.90042,4866.77
2024.06.03 14:00:00,0.90043,0.90043,0.89629,0.89684,13798.12
2024.06.03 15:00:00,0.89686,0.89692,0.89501,0.89539,5673.62
2024.06.03 16:00:00,0.89537,0.89568,0.89503,0.8955,3031.83
2024.06.03 17:00:00,0.89551,0.89568,0.89511,0.89526,1965.43
2024.06.03 18:00:00,0.89526,0.89565,0.89512,0.89556,1842.25
2024.06.03 19:00:00,0.89556,0.89637,0.89554,0.89605,1783.97
2024.06.03 20:00:00,0.89601,0.89607,0.8957,0.89573,889
2024.06.03 21:00:00,0.89573,0.8959,0.89502,0.89568,5673.69
2024.06.03 22:00:00,0.8956,0.89562,0.89521,0.89526,1078.91
2024.06.03 23:00:00,0.89526,0.89535,0.89496,0.89506,311.95
2024.06.04 00:00:00,0.89504,0.8952,0.89462,0.89519,1261.16
2024.06.04 01:00:00,0.8952,0.89595,0.8952,0.89586,1598.22
2024.06.04 02:00:00,0.89587,0.89603,0.89564,0.89583,1489.51
2024.06.04 03:00:00,0.89584,0.89584,0.89565,0.89578,1020.48
2024.06.04 04:00:00,0.89577,0.89585,0.89554,0.89563,1284.3
2024.06.04 05:00:00,0.89565,0.89567,0.89497,0.89546,894.76
2024.06.04 06:00:00,0.89546,0.8972,0.89379,0.8963,6612.39
2024.06.04 07:00:00,0.89631,0.89632,0.8937,0.89373,6396.56
2024.06.04 08:00:00,0.89372,0.89514,0.89332,0.89511,6497.56
2024.06.04 09:00:00,0.89512,0.89593,0.89372,0.8943,6626.18
2024.06.04 10:00:00,0.89429,0.89441,0.89255,0.89311,6356.86
2024.06.04 11:00:00,0.89311,0.89424,0.89303,0.89341,4216.56
2024.06.04 12:00:00,0.8934,0.89372,0.89219,0.89332,6396.28
2024.06.04 13:00:00,0.89331,0.89372,0.89129,0.89129,5771.78
2024.06.04 14:00:00,0.89129,0.89257,0.88992,0.89034,12409.1
2024.06.04 15:00:00,0.89034,0.89083,0.88944,0.89035,5368.24
2024.06.04 16:00:00,0.89034,0.89034,0.88908,0.88922,3323.18
2024.06.04 17:00:00,0.88924,0.88938,0.88841,0.88919,2762.25
2024.06.04 18:00:00,0.88918,0.88956,0.88884,0.88943,2286.82
2024.06.04 19:00:00,0.88945,0.89013,0.88937,0.88981,1365.61
2024.06.04 20:00:00,0.88981,0.89022,0.88977,0.89011,782.64
2024.06.04 21:00:00,0.89009,0.89036,0.88977,0.88991,1685.59
2024.06.04 22:00:00,0.88991,0.89006,0.88968,0.88983,597.76
2024.06.04 23:00:00,0.88987,0.89018,0.8898,0.89,585.79
2024.06.05 00:00:00,0.89,0.89072,0.89,0.89045,2085.05
2024.06.05 01:00:00,0.89046,0.89064,0.89018,0.89053,1379.44
2024.06.05 02:00:00,0.89053,0.89077,0.89046,0.89062,779.79
2024.06.05 03:00:00,0.89061,0.89096,0.89061,0.89093,755.79
2024.06.05 04:00:00,0.89092,0.89104,0.89077,0.89095,761.28
2024.06.05 05:00:00,0.89093,0.89172,0.89084,0.89153,1455.84
2024.06.05 06:00:00,0.89151,0.8921,0.8911,0.8921,3777.39
2024.06.05 07:00:00,0.89207,0.89312,0.89136,0.89286,5249.6
2024.06.05 08:00:00,0.89286,0.89287,0.89208,0.89219,3482.53
2024.06.05 09:00:00,0.89218,0.89293,0.89215,0.89219,2242.38
2024.06.05 10:00:00,0.89218,0.89269,0.89208,0.8924,2201.47
2024.06.05 11:00:00,0.89241,0.8927,0.89206,0.89241,2049.87
2024.06.05 12:00:00,0.89242,0.89268,0.89177,0.89195,5499.51
2024.06.05 13:00:00,0.89194,0.89251,0.89124,0.89171,8245.42
2024.06.05 14:00:00,0.89155,0.89486,0.89155,0.89459,11407.69
2024.06.05 15:00:00,0.89459,0.89459,0.89342,0.89401,4410.77
2024.06.05 16:00:00,0.89402,0.89454,0.89361,0.89381,2454.39
2024.06.05 17:00:00,0.89383,0.89429,0.89343,0.89353,1461.97
2024.06.05 18:00:00,0.89353,0.89373,0.89299,0.89321,1612.74
2024.06.05 19:00:00,0.89322,0.89341,0.89315,0.89321,1168.96
2024.06.05 20:00:00,0.89326,0.89356,0.89321,0.89342,1011.19
2024.06.05 21:00:00,0.89335,0.89356,0.89319,0.89345,2980.85
2024.06.05 22:00:00,0.89326,0.89337,0.89275,0.89281,899.62
2024.06.05 23:00:00,0.89279,0.8929,0.89252,0.89263,544.91
2024.06.06 00:00:00,0.89262,0.89262,0.89138,0.89141,1101.99
2024.06.06 01:00:00,0.8914,0.89141,0.89032,0.89101,2920.53
2024.06.06 02:00:00,0.891,0.89114,0.89061,0.89076,2052
2024.06.06 03:00:00,0.89076,0.89086,0.89058,0.89061,901.27
2024.06.06 04:00:00,0.8906,0.8913,0.89044,0.89107,1116.52
2024.06.06 05:00:00,0.89107,0.89156,0.89079,0.89127,1289.54
2024.06.06 06:00:00,0.89123,0.89197,0.8912,0.89164,2533.47
2024.06.06 07:00:00,0.89164,0.89245,0.89141,0.89214,3159.85
2024.06.06 08:00:00,0.89213,0.89304,0.89196,0.892,2586.19
2024.06.06 09:00:00,0.89202,0.89209,0.89148,0.89163,2250.7
2024.06.06 10:00:00,0.89162,0.89162,0.89083,0.8912,1819.36
2024.06.06 11:00:00,0.89118,0.89169,0.89097,0.89142,2206.24
2024.06.06 12:00:00,0.89141,0.89189,0.89022,0.89171,9690.54
2024.06.06 13:00:00,0.89171,0.89255,0.89123,0.89148,8926
2024.06.06 14:00:00,0.89149,0.89293,0.89112,0.89213,5001.08
2024.06.06 15:00:00,0.89214,0.89243,0.89156,0.89171,2868.44
2024.06.06 16:00:00,0.89172,0.89192,0.8912,0.89151,1668.56
2024.06.06 17:00:00,0.89153,0.89186,0.89107,0.89107,1615.09
2024.06.06 18:00:00,0.89109,0.89128,0.89042,0.89057,1450.75
2024.06.06 19:00:00,0.89057,0.89059,0.88956,0.88989,1898.69
2024.06.06 20:00:00,0.8899,0.88994,0.88917,0.88923,1131.27
2024.06.06 21:00:00,0.88915,0.88964,0.88896,0.88929,3152.15
2024.06.06 22:00:00,0.88925,0.88962,0.88912,0.8895,2008.2
2024.06.06 23:00:00,0.88949,0.88989,0.88937,0.88968,910.38
2024.06.07 00:00:00,0.88972,0.89036,0.88972,0.89019,1117.57
2024.06.07 01:00:00,0.89017,0.8906,0.89009,0.89018,1545.54
2024.06.07 02:00:00,0.89019,0.8906,0.89014,0.89017,846.48
2024.06.07 03:00:00,0.89017,0.89027,0.88999,0.89027,588.99
2024.06.07 04:00:00,0.89027,0.89028,0.88954,0.88981,903.73
2024.06.07 05:00:00,0.8898,0.89017,0.88967,0.88999,1100.26
2024.06.07 06:00:00,0.88999,0.89008,0.88894,0.88896,2879.13
2024.06.07 07:00:00,0.88894,0.88962,0.88808,0.88957,3894.94
2024.06.07 08:00:00,0.88959,0.89004,0.88925,0.88935,3555.34
2024.06.07 09:00:00,0.88936,0.88961,0.88882,0.88941,3013.14
2024.06.07 10:00:00,0.88942,0.88978,0.88937,0.88973,1815.12
2024.06.07 11:00:00,0.88972,0.88981,0.88937,0.88959,2163.42
2024.06.07 12:00:00,0.8896,0.89581,0.88871,0.89528,13816.63
2024.06.07 13:00:00,0.89529,0.89681,0.89513,0.89646,11794.89
2024.06.07 14:00:00,0.89644,0.89726,0.89604,0.89656,8909.24
2024.06.07 15:00:00,0.89656,0.89677,0.89589,0.89598,4853.46
2024.06.07 16:00:00,0.89599,0.89638,0.89541,0.89611,3401.08
2024.06.07 17:00:00,0.89612,0.89649,0.89611,0.89628,1755.62
2024.06.07 18:00:00,0.89629,0.89648,0.8961,0.89626,1617.64
2024.06.07 19:00:00,0.89626,0.89672,0.89618,0.89666,1693.48
2024.06.07 20:00:00,0.89666,0.89678,0.89564,0.89593,1726.18
2024.06.09 21:00:00,0.89647,0.89723,0.89609,0.89718,1856.92
2024.06.09 22:00:00,0.89639,0.89764,0.89627,0.89629,1962.04
2024.06.09 23:00:00,0.89631,0.89652,0.89604,0.89604,1068.33
2024.06.10 00:00:00,0.89605,0.89683,0.89575,0.89667,1479.94
2024.06.10 01:00:00,0.89666,0.89704,0.89647,0.89677,1481.1
2024.06.10 02:00:00,0.89676,0.89753,0.89671,0.89745,922.54
2024.06.10 03:00:00,0.89747,0.89789,0.89747,0.89755,1258.72
2024.06.10 04:00:00,0.89755,0.89765,0.89689,0.8974,1529.85
2024.06.10 05:00:00,0.89741,0.89741,0.89706,0.89712,2090.13
2024.06.10 06:00:00,0.89711,0.89823,0.89682,0.89764,3229.08
2024.06.10 07:00:00,0.89764,0.89827,0.89707,0.89722,4775.12
2024.06.10 08:00:00,0.89718,0.89718,0.89661,0.89691,3307.7
2024.06.10 09:00:00,0.89692,0.89704,0.89632,0.8968,2707.61
2024.06.10 10:00:00,0.89681,0.89699,0.89619,0.89649,2667.68
2024.06.10 11:00:00,0.89649,0.89688,0.89585,0.89601,2258.07
2024.06.10 12:00:00,0.89599,0.89681,0.89543,0.89679,3891.33
2024.06.10 13:00:00,0.8968,0.89693,0.896,0.89671,3891.24
2024.06.10 14:00:00,0.8967,0.89748,0.89662,0.89711,3566.64
2024.06.10 15:00:00,0.89712,0.89744,0.89668,0.89675,2778.25
2024.06.10 16:00:00,0.89674,0.89697,0.89621,0.89675,2223.94
2024.06.10 17:00:00,0.89674,0.89688,0.89616,0.89633,2037.41
2024.06.10 18:00:00,0.89635,0.89654,0.89614,0.89654,1233.89
2024.06.10 19:00:00,0.89653,0.89668,0.89645,0.89663,1105.87
2024.06.10 20:00:00,0.89664,0.89666,0.89641,0.89642,749.73
2024.06.10 21:00:00,0.89638,0.89651,0.89452,0.89548,2388.67
2024.06.10 22:00:00,0.89548,0.89653,0.89548,0.89652,1207.98
2024.06.10 23:00:00,0.89653,0.89667,0.89639,0.89654,1091.25
2024.06.11 00:00:00,0.89655,0.89707,0.89652,0.89694,932.64
2024.06.11 01:00:00,0.89695,0.89704,0.89653,0.8967,1263.24
2024.06.11 02:00:00,0.8967,0.89683,0.89654,0.89679,1033.38
2024.06.11 03:00:00,0.89679,0.89683,0.89658,0.89662,616.98
2024.06.11 04:00:00,0.89663,0.89667,0.89643,0.8966,629.79
2024.06.11 05:00:00,0.89662,0.89678,0.89648,0.89661,986.72
2024.06.11 06:00:00,0.89662,0.89669,0.89603,0.89646,2150.51
2024.06.11 07:00:00,0.89648,0.89728,0.8959,0.89707,2894.96
2024.06.11 08:00:00,0.89707,0.89732,0.89658,0.89681,3287.94
2024.06.11 09:00:00,0.89681,0.89711,0.89664,0.89677,3367.44
2024.06.11 10:00:00,0.89678,0.89707,0.89605,0.89682,3962.05
2024.06.11 11:00:00,0.89682,0.89742,0.89631,0.89679,4272.45
2024.06.11 12:00:00,0.89677,0.89727,0.89653,0.89717,4978.6
2024.06.11 13:00:00,0.89718,0.89803,0.89712,0.8977,6142.95
2024.06.11 14:00:00,0.89774,0.89926,0.89754,0.89906,5651.91
2024.06.11 15:00:00,0.89907,0.8993,0.89848,0.89875,3008.55
2024.06.11 16:00:00,0.89875,0.89879,0.89834,0.89841,1315.54
2024.06.11 17:00:00,0.8984,0.89852,0.89734,0.89739,2341.17
2024.06.11 18:00:00,0.89741,0.89755,0.89717,0.8972,1862.13
2024.06.11 19:00:00,0.89718,0.89759,0.89678,0.89759,1569.12
2024.06.11 20:00:00,0.89758,0.89767,0.89743,0.89754,461.94
2024.06.11 21:00:00,0.89753,0.8976,0.89709,0.89732,2821.24
2024.06.11 22:00:00,0.89732,0.89775,0.89732,0.89772,553.5
2024.06.11 23:00:00,0.89772,0.89797,0.89768,0.89778,729.66
2024.06.12 00:00:00,0.89778,0.8983,0.89777,0.89823,1033.44
2024.06.12 01:00:00,0.89822,0.8983,0.89749,0.89763,2588.91
2024.06.12 02:00:00,0.89765,0.89782,0.89744,0.89763,1080.03
2024.06.12 03:00:00,0.89763,0.89776,0.89755,0.89771,539.34
2024.06.12 04:00:00,0.89772,0.89789,0.89765,0.89783,647.31
2024.06.12 05:00:00,0.89784,0.89789,0.8972,0.89722,886.88
2024.06.12 06:00:00,0.89723,0.89744,0.89713,0.89729,2346.66
2024.06.12 07:00:00,0.89729,0.89773,0.89689,0.8969,2349
2024.06.12 08:00:00,0.8969,0.89705,0.89645,0.89658,2460.54
2024.06.12 09:00:00,0.89659,0.89685,0.89646,0.89651,2314.14
2024.06.12 10:00:00,0.89651,0.89676,0.89575,0.8958,2138.07
2024.06.12 11:00:00,0.89578,0.89583,0.89534,0.89557,3392.55
2024.06.12 12:00:00,0.89558,0.89564,0.88927,0.89042,15921.31
2024.06.12 13:00:00,0.89044,0.89174,0.89035,0.89109,11412.72
2024.06.12 14:00:00,0.89109,0.89287,0.89024,0.89084,9595.86
2024.06.12 15:00:00,0.89083,0.89214,0.8904,0.89174,5129.58
2024.06.12 16:00:00,0.89177,0.89187,0.89075,0.89128,2908.59
2024.06.12 17:00:00,0.89129,0.89207,0.89107,0.89107,3354.15
2024.06.12 18:00:00,0.89105,0.89433,0.89067,0.89396,24164.61
2024.06.12 19:00:00,0.89396,0.89493,0.89374,0.89435,5940.99
2024.06.12 20:00:00,0.89437,0.89453,0.89414,0.89422,716.64
2024.06.12 21:00:00,0.89421,0.89427,0.89328,0.894,2829.61
2024.06.12 22:00:00,0.89401,0.89454,0.89375,0.89451,840.27
2024.06.12 23:00:00,0.89452,0.89464,0.89415,0.89416,715.02
2024.06.13 00:00:00,0.89415,0.89431,0.8936,0.89401,1798.12
2024.06.13 01:00:00,0.89402,0.89494,0.89386,0.89482,1880.4
2024.06.13 02:00:00,0.89483,0.89503,0.89477,0.89484,1460.85
2024.06.13 03:00:00,0.89485,0.89512,0.89484,0.89496,1633.41
2024.06.13 04:00:00,0.89494,0.89544,0.89489,0.89542,1173.18
2024.06.13 05:00:00,0.89543,0.89585,0.89526,0.89537,1173.57
2024.06.13 06:00:00,0.89538,0.89573,0.895,0.8957,2195.94
2024.06.13 07:00:00,0.8957,0.89604,0.89487,0.89509,3553.23
2024.06.13 08:00:00,0.89507,0.89562,0.89482,0.8954,2828.67
2024.06.13 09:00:00,0.8954,0.89561,0.89521,0.89556,1997.94
2024.06.13 10:00:00,0.89558,0.89644,0.89542,0.89635,2859.75
2024.06.13 11:00:00,0.89636,0.8967,0.89618,0.89627,3044.55
2024.06.13 12:00:00,0.89629,0.89653,0.8932,0.89466,12470.46
2024.06.13 13:00:00,0.89464,0.8959,0.8945,0.89562,8496.72
2024.06.13 14:00:00,0.89562,0.89567,0.89413,0.89424,8740.26
2024.06.13 15:00:00,0.89422,0.89465,0.89342,0.89343,5930.1
2024.06.13 16:00:00,0.89345,0.89478,0.89313,0.89463,4425.33
2024.06.13 17:00:00,0.89465,0.89465,0.8939,0.89415,4950.94
2024.06.13 18:00:00,0.89416,0.89429,0.89376,0.89397,1975.23
2024.06.13 19:00:00,0.89397,0.89403,0.89358,0.89369,1666.17
2024.06.13 20:00:00,0.89368,0.89386,0.89337,0.89379,1399.47
2024.06.13 21:00:00,0.89375,0.89401,0.89334,0.89347,1559.04
2024.06.13 22:00:00,0.89351,0.89403,0.89345,0.89394,1136.07
2024.06.13 23:00:00,0.89396,0.89407,0.89386,0.89398,729.39
2024.06.14 00:00:00,0.89399,0.89418,0.8938,0.89396,1143.69
2024.06.14 01:00:00,0.89395,0.89401,0.89365,0.89367,1432.53
2024.06.14 02:00:00,0.89367,0.89371,0.89336,0.89368,2074.83
2024.06.14 03:00:00,0.8937,0.89434,0.89319,0.89417,3830.58
2024.06.14 04:00:00,0.89417,0.89427,0.89399,0.8942,955.44
2024.06.14 05:00:00,0.89421,0.8944,0.89389,0.89429,1581.93
2024.06.14 06:00:00,0.89429,0.89475,0.89352,0.89404,6404.88
2024.06.14 07:00:00,0.89406,0.89461,0.89364,0.89376,7350.27
2024.06.14 08:00:00,0.89377,0.89416,0.89115,0.89211,8260.05
2024.06.14 09:00:00,0.89212,0.89419,0.89182,0.89407,6947.94
2024.06.14 10:00:00,0.89406,0.89441,0.89305,0.89327,6193.26
2024.06.14 11:00:00,0.89327,0.89369,0.89193,0.89203,5545.98
2024.06.14 12:00:00,0.89203,0.89297,0.89159,0.89236,8982.51
2024.06.14 13:00:00,0.89234,0.89267,0.89129,0.89158,8633.34
2024.06.14 14:00:00,0.8916,0.89203,0.89032,0.89043,10846.65
2024.06.14 15:00:00,0.89045,0.89145,0.88969,0.89065,7574.87
2024.06.14 16:00:00,0.89066,0.89131,0.89049,0.89057,3763.49
2024.06.14 17:00:00,0.89059,0.89064,0.88944,0.89014,3152.59
2024.06.14 18:00:00,0.89013,0.89042,0.89006,0.89024,1986.81
2024.06.14 19:00:00,0.89023,0.89037,0.89002,0.89011,1734.36
2024.06.14 20:00:00,0.8901,0.89028,0.88962,0.88962,2238.75
2024.06.16 21:00:00,0.89051,0.89071,0.88941,0.89015,786.78
2024.06.16 22:00:00,0.89009,0.89081,0.88997,0.89029,1939.23
2024.06.16 23:00:00,0.89027,0.89092,0.89025,0.89076,758.69
2024.06.17 00:00:00,0.89078,0.89081,0.89029,0.89047,1816.79
2024.06.17 01:00:00,0.8905,0.89085,0.89039,0.89073,1635.42
2024.06.17 02:00:00,0.89075,0.89089,0.89049,0.89056,1354.88
2024.06.17 03:00:00,0.89057,0.89074,0.89045,0.89046,861.73
2024.06.17 04:00:00,0.89046,0.89063,0.89035,0.89041,691.29
2024.06.17 05:00:00,0.89039,0.89129,0.89039,0.89115,2035.68
2024.06.17 06:00:00,0.89116,0.89124,0.89024,0.89079,5699.76
2024.06.17 07:00:00,0.89078,0.89184,0.89045,0.89166,5867.21
2024.06.17 08:00:00,0.89167,0.89189,0.89106,0.8918,4519.89
2024.06.17 09:00:00,0.89179,0.89237,0.89167,0.89216,4114.34
2024.06.17 10:00:00,0.89215,0.89234,0.89176,0.89202,4217.13
2024.06.17 11:00:00,0.89203,0.8925,0.89183,0.8924,4206.16
2024.06.17 12:00:00,0.8924,0.8932,0.89216,0.89292,5238.12
2024.06.17 13:00:00,0.89288,0.8929,0.89205,0.89247,4756.93
2024.06.17 14:00:00,0.89246,0.8928,0.892,0.89207,4242.32
2024.06.17 15:00:00,0.89208,0.89229,0.89124,0.89138,3156.05
2024.06.17 16:00:00,0.89136,0.89148,0.89081,0.89092,2804.31
2024.06.17 17:00:00,0.89092,0.89098,0.89035,0.89038,1636.58
2024.06.17 18:00:00,0.89039,0.89043,0.88975,0.88986,1543.9
2024.06.17 19:00:00,0.88985,0.89008,0.88971,0.88977,1342.49
2024.06.17 20:00:00,0.88976,0.8898,0.8894,0.8894,492.77
2024.06.17 21:00:00,0.8894,0.88983,0.88929,0.88974,2115.84
2024.06.17 22:00:00,0.88979,0.88984,0.88914,0.88925,835.11
2024.06.17 23:00:00,0.88926,0.88942,0.88828,0.88839,1122.51
2024.06.18 00:00:00,0.88839,0.88864,0.88798,0.88815,2328.79
2024.06.18 01:00:00,0.88815,0.88925,0.88809,0.88925,2965.68
2024.06.18 02:00:00,0.88929,0.88942,0.88913,0.88936,2401.24
2024.06.18 03:00:00,0.88937,0.88961,0.88924,0.88945,1223.36
2024.06.18 04:00:00,0.88946,0.88967,0.8892,0.88962,1820.81
2024.06.18 05:00:00,0.8896,0.88991,0.88936,0.88969,2348.74
2024.06.18 06:00:00,0.88968,0.88997,0.88913,0.88925,3314.45
2024.06.18 07:00:00,0.88927,0.88961,0.88865,0.88893,5771.91
2024.06.18 08:00:00,0.88894,0.88923,0.8886,0.88886,4273.8
2024.06.18 09:00:00,0.88888,0.88894,0.88728,0.88734,4608.67
2024.06.18 10:00:00,0.88734,0.88822,0.88733,0.88799,2665.52
2024.06.18 11:00:00,0.88799,0.88809,0.88704,0.88784,3227.31
2024.06.18 12:00:00,0.88781,0.88787,0.88508,0.88522,9210.42
2024.06.18 13:00:00,0.88522,0.88534,0.88265,0.88307,8550.99
2024.06.18 14:00:00,0.88307,0.88451,0.88299,0.88447,8608.01
2024.06.18 15:00:00,0.88447,0.88531,0.88386,0.88415,5306.42
2024.06.18 16:00:00,0.88415,0.88427,0.88349,0.88401,2498.34
2024.06.18 17:00:00,0.88399,0.88465,0.88358,0.8845,3010.22
2024.06.18 18:00:00,0.88452,0.88453,0.88369,0.88376,2056.49
2024.06.18 19:00:00,0.88376,0.8842,0.88376,0.88403,2005.83
2024.06.18 20:00:00,0.88402,0.88418,0.88368,0.88403,579.63
2024.06.18 21:00:00,0.884,0.88447,0.88363,0.88416,6280.57
2024.06.18 22:00:00,0.88419,0.88428,0.88389,0.88407,874.92
2024.06.18 23:00:00,0.88407,0.88423,0.88393,0.88417,541.95
2024.06.19 00:00:00,0.88417,0.88432,0.8841,0.88417,1106.18
2024.06.19 01:00:00,0.88418,0.88422,0.8838,0.88402,1821.32
2024.06.19 02:00:00,0.88404,0.88427,0.88399,0.88419,1077.12
2024.06.19 03:00:00,0.88422,0.88433,0.88403,0.88428,684.25
2024.06.19 04:00:00,0.88429,0.88441,0.88422,0.88432,711.3
2024.06.19 05:00:00,0.88433,0.88437,0.88374,0.88387,999.97
2024.06.19 06:00:00,0.88387,0.88477,0.88374,0.88458,2730.92
2024.06.19 07:00:00,0.88458,0.88472,0.88338,0.88384,5255.97
2024.06.19 08:00:00,0.88384,0.88448,0.88335,0.88422,4840.99
2024.06.19 09:00:00,0.88422,0.88516,0.88413,0.88476,3854.82
2024.06.19 10:00:00,0.88476,0.88542,0.88454,0.88477,3367.28
2024.06.19 11:00:00,0.88477,0.88497,0.88384,0.8841,3318.81
2024.06.19 12:00:00,0.88408,0.88435,0.8837,0.88406,2968.99
2024.06.19 13:00:00,0.88406,0.88417,0.88363,0.8838,2469.92
2024.06.19 14:00:00,0.88382,0.88434,0.88359,0.8843,1992.9
2024.06.19 15:00:00,0.88429,0.8844,0.88379,0.88379,1108.2
2024.06.19 16:00:00,0.88379,0.8842,0.88379,0.8842,441.83
2024.06.19 17:00:00,0.8842,0.88446,0.8842,0.88438,230.25
2024.06.19 18:00:00,0.88438,0.88462,0.88421,0.88461,183.34
2024.06.19 19:00:00,0.88458,0.88475,0.88423,0.88424,318.34
2024.06.19 20:00:00,0.88426,0.88452,0.88425,0.88429,458.11
2024.06.19 21:00:00,0.88429,0.88444,0.88344,0.88427,2306.94
2024.06.19 22:00:00,0.88414,0.88439,0.88392,0.88429,1449.76
2024.06.19 23:00:00,0.88432,0.88441,0.88425,0.8843,401.97
2024.06.20 00:00:00,0.88431,0.88435,0.88388,0.88401,962.41
2024.06.20 01:00:00,0.88402,0.88404,0.88349,0.88353,2562.55
2024.06.20 02:00:00,0.88352,0.88405,0.88344,0.88387,1124.01
2024.06.20 03:00:00,0.88388,0.88406,0.88378,0.88384,810.96
2024.06.20 04:00:00,0.88383,0.8839,0.88361,0.88381,915.19
2024.06.20 05:00:00,0.8838,0.88386,0.8832,0.88331,1503.33
2024.06.20 06:00:00,0.8833,0.88393,0.88318,0.88388,3354.61
2024.06.20 07:00:00,0.88389,0.88972,0.88337,0.88956,11067.87
2024.06.20 08:00:00,0.88957,0.89111,0.88907,0.88941,8008.21
2024.06.20 09:00:00,0.8894,0.89081,0.88927,0.88999,5297.99
2024.06.20 10:00:00,0.88999,0.89037,0.88898,0.88978,3913.9
2024.06.20 11:00:00,0.8898,0.89087,0.8893,0.89082,4283.4
2024.06.20 12:00:00,0.89083,0.89187,0.89018,0.89171,8538.98
2024.06.20 13:00:00,0.89169,0.89258,0.89139,0.8923,6357.89
2024.06.20 14:00:00,0.89228,0.8924,0.89024,0.89029,6990.8
2024.06.20 15:00:00,0.8903,0.89138,0.8901,0.89129,4860.49
2024.06.20 16:00:00,0.89129,0.89146,0.89056,0.89128,2516.07
2024.06.20 17:00:00,0.89128,0.89129,0.89073,0.89106,1729.01
2024.06.20 18:00:00,0.89104,0.89117,0.8903,0.89084,1443.8
2024.06.20 19:00:00,0.89083,0.89145,0.89076,0.89117,1630.09
2024.06.20 20:00:00,0.89118,0.89135,0.89088,0.89123,1184.93
2024.06.20 21:00:00,0.89118,0.89131,0.89056,0.89107,3791.11
2024.06.20 22:00:00,0.8911,0.89185,0.89102,0.89151,1241.47
2024.06.20 23:00:00,0.89153,0.89177,0.89123,0.89149,550.56
2024.06.21 00:00:00,0.89148,0.89193,0.89136,0.8919,2136.48
2024.06.21 01:00:00,0.89189,0.89201,0.89156,0.8917,1965.08
2024.06.21 02:00:00,0.89171,0.89181,0.89148,0.89162,1445.34
2024.06.21 03:00:00,0.89163,0.89173,0.89124,0.8913,652.05
2024.06.21 04:00:00,0.89129,0.89143,0.89106,0.89108,655.11
2024.06.21 05:00:00,0.8911,0.89111,0.89086,0.89099,768.21
2024.06.21 06:00:00,0.89099,0.89223,0.89099,0.89201,2768.29
2024.06.21 07:00:00,0.892,0.89254,0.89048,0.89068,9041.14
2024.06.21 08:00:00,0.89066,0.89205,0.89057,0.89198,5677.66
2024.06.21 09:00:00,0.89199,0.89275,0.89198,0.89225,3443.35
2024.06.21 10:00:00,0.89225,0.89251,0.89207,0.89234,3337.06
2024.06.21 11:00:00,0.89233,0.89253,0.89214,0.89215,2710.02
2024.06.21 12:00:00,0.89214,0.89292,0.89167,0.89253,4233.1
2024.06.21 13:00:00,0.89254,0.89435,0.89226,0.89368,7013.61
2024.06.21 14:00:00,0.89368,0.89412,0.89288,0.89349,8729.17
2024.06.21 15:00:00,0.8935,0.89441,0.8933,0.89381,4158.04
2024.06.21 16:00:00,0.89384,0.89429,0.8936,0.89429,1938.7
2024.06.21 17:00:00,0.89427,0.89442,0.89403,0.89428,1356.96
2024.06.21 18:00:00,0.89427,0.89441,0.89397,0.89419,939.08
2024.06.21 19:00:00,0.89419,0.89437,0.89403,0.89424,1105.83
2024.06.21 20:00:00,0.89424,0.89432,0.89391,0.89391,1651.05
2024.06.23 21:00:00,0.8924,0.89422,0.8924,0.89384,931.29
2024.06.23 22:00:00,0.89384,0.89434,0.89343,0.89381,1647.48
2024.06.23 23:00:00,0.8938,0.8944,0.89367,0.89437,925.63
2024.06.24 00:00:00,0.89436,0.8945,0.8937,0.89381,1073.75
2024.06.24 01:00:00,0.89382,0.89407,0.89339,0.89361,2558.66
2024.06.24 02:00:00,0.89361,0.89375,0.8933,0.89346,770.89
2024.06.24 03:00:00,0.89346,0.89346,0.89319,0.89339,540.45
2024.06.24 04:00:00,0.89337,0.8937,0.89329,0.89359,1055.55
2024.06.24 05:00:00,0.89359,0.89367,0.8931,0.89319,1535.98
2024.06.24 06:00:00,0.89322,0.89373,0.89312,0.8933,2105.43
2024.06.24 07:00:00,0.89329,0.89415,0.89315,0.89367,2918.47
2024.06.24 08:00:00,0.89367,0.89407,0.89309,0.89389,3644.65
2024.06.24 09:00:00,0.89389,0.89413,0.89261,0.89304,4127.08
2024.06.24 10:00:00,0.89304,0.89331,0.89214,0.89316,5010.69
2024.06.24 11:00:00,0.89315,0.89322,0.8927,0.89284,2241.18
2024.06.24 12:00:00,0.89286,0.89365,0.89245,0.89248,3588.73
2024.06.24 13:00:00,0.89249,0.89341,0.89219,0.89272,4711.75
2024.06.24 14:00:00,0.89271,0.8941,0.89222,0.89385,5402.04
2024.06.24 15:00:00,0.89383,0.89395,0.89303,0.89389,2830.21
2024.06.24 16:00:00,0.89391,0.89411,0.89373,0.89398,1077.67
2024.06.24 17:00:00,0.89397,0.89415,0.89379,0.89389,1004.69
2024.06.24 18:00:00,0.89389,0.89397,0.89279,0.89288,1574.12
2024.06.24 19:00:00,0.89289,0.89316,0.8927,0.89301,2138.54
2024.06.24 20:00:00,0.89303,0.89318,0.89264,0.89264,1044.4
2024.06.24 21:00:00,0.89264,0.89285,0.89248,0.89275,1415.42
2024.06.24 22:00:00,0.89269,0.893,0.89263,0.893,1811.27
2024.06.24 23:00:00,0.89303,0.89329,0.893,0.89322,554.52
2024.06.25 00:00:00,0.8932,0.8932,0.89174,0.89187,2794.14
2024.06.25 01:00:00,0.89185,0.89252,0.89168,0.89221,2033.21
2024.06.25 02:00:00,0.89222,0.89223,0.89184,0.89187,2295.3
2024.06.25 03:00:00,0.89188,0.892,0.89167,0.89191,883.8
2024.06.25 04:00:00,0.89189,0.89219,0.89184,0.89188,723.45
2024.06.25 05:00:00,0.89186,0.89192,0.89127,0.89191,2200.77
2024.06.25 06:00:00,0.892,0.89286,0.89197,0.89266,1908.58
2024.06.25 07:00:00,0.89267,0.89364,0.89244,0.89334,4003.56
2024.06.25 08:00:00,0.89336,0.89382,0.89318,0.89358,2826.75
2024.06.25 09:00:00,0.89361,0.89377,0.89307,0.89319,2393.69
2024.06.25 10:00:00,0.89321,0.89352,0.89269,0.89351,2465.41
2024.06.25 11:00:00,0.89352,0.89394,0.89339,0.89359,2717.01
2024.06.25 12:00:00,0.89359,0.89419,0.89313,0.89414,4451.17
2024.06.25 13:00:00,0.89413,0.89449,0.89372,0.89411,3934.57
2024.06.25 14:00:00,0.89411,0.89478,0.89396,0.89446,5362.34
2024.06.25 15:00:00,0.89447,0.89461,0.89413,0.89442,2923.74
2024.06.25 16:00:00,0.89441,0.89495,0.89432,0.89493,1468.9
2024.06.25 17:00:00,0.89491,0.89524,0.89458,0.89486,1540.15
2024.06.25 18:00:00,0.89484,0.895,0.8944,0.89443,722.13
2024.06.25 19:00:00,0.89444,0.89449,0.89421,0.89445,824.61
2024.06.25 20:00:00,0.89446,0.89476,0.89446,0.89464,703.11
2024.06.25 21:00:00,0.8945,0.89466,0.89424,0.89439,2310.59
2024.06.25 22:00:00,0.89439,0.89481,0.89436,0.89474,1346.2
2024.06.25 23:00:00,0.89474,0.89531,0.89474,0.89529,502.38
2024.06.26 00:00:00,0.89531,0.89567,0.89523,0.89534,1384.86
2024.06.26 01:00:00,0.89535,0.89536,0.89491,0.89502,2389.76
2024.06.26 02:00:00,0.89501,0.89506,0.89462,0.89497,2088.02
2024.06.26 03:00:00,0.89496,0.89502,0.8948,0.89501,1258.33
2024.06.26 04:00:00,0.895,0.89512,0.89486,0.89503,686.19
2024.06.26 05:00:00,0.89502,0.89548,0.89498,0.89538,742.05
2024.06.26 06:00:00,0.89541,0.89621,0.89535,0.89619,2169.6
2024.06.26 07:00:00,0.8962,0.89647,0.89595,0.89607,3039.35
2024.06.26 08:00:00,0.89608,0.8972,0.89586,0.89714,2876.7
2024.06.26 09:00:00,0.89711,0.89769,0.89693,0.89753,2732.52
2024.06.26 10:00:00,0.89754,0.89828,0.89746,0.89797,2635.44
2024.06.26 11:00:00,0.89799,0.89827,0.89669,0.89684,3665.09
2024.06.26 12:00:00,0.89683,0.89705,0.89578,0.89625,5905.44
2024.06.26 13:00:00,0.89625,0.89756,0.89529,0.89683,8193.01
2024.06.26 14:00:00,0.89685,0.89738,0.8964,0.89705,7913.57
2024.06.26 15:00:00,0.89707,0.89768,0.89692,0.89739,3316.96
2024.06.26 16:00:00,0.89739,0.89774,0.89711,0.89755,1941.44
2024.06.26 17:00:00,0.89757,0.89766,0.89683,0.89687,2406.1
2024.06.26 18:00:00,0.89688,0.89744,0.89685,0.89726,1256.72
2024.06.26 19:00:00,0.89727,0.89765,0.89724,0.89726,1712.77
2024.06.26 20:00:00,0.89726,0.89744,0.89724,0.8973,1189.26
2024.06.26 21:00:00,0.89728,0.89742,0.89702,0.89724,2537.6
2024.06.26 22:00:00,0.89717,0.89724,0.8968,0.89701,1307.97
2024.06.26 23:00:00,0.89701,0.89714,0.89691,0.89705,507.66
2024.06.27 00:00:00,0.89704,0.89747,0.89684,0.89729,1608.09
2024.06.27 01:00:00,0.8973,0.89733,0.89687,0.89697,1595.58
2024.06.27 02:00:00,0.89695,0.89705,0.89663,0.89694,1006.86
2024.06.27 03:00:00,0.89694,0.89714,0.89684,0.89694,787.74
2024.06.27 04:00:00,0.89693,0.89696,0.89664,0.89667,928.23
2024.06.27 05:00:00,0.89666,0.89697,0.89657,0.89657,1127.07
2024.06.27 06:00:00,0.89655,0.89712,0.89647,0.89696,2033.52
2024.06.27 07:00:00,0.89696,0.89774,0.89677,0.89738,3453.3
2024.06.27 08:00:00,0.89739,0.89798,0.89723,0.89765,2934.87
2024.06.27 09:00:00,0.89761,0.89774,0.89673,0.89699,2537.46
2024.06.27 10:00:00,0.89698,0.89722,0.89673,0.89707,2277.51
2024.06.27 11:00:00,0.89708,0.89787,0.89703,0.89787,1865.76
2024.06.27 12:00:00,0.89786,0.89801,0.89602,0.89624,7762.38
2024.06.27 13:00:00,0.89626,0.8973,0.8957,0.89694,6069.9
2024.06.27 14:00:00,0.8969,0.89743,0.89667,0.89692,5008.21
2024.06.27 15:00:00,0.89692,0.89814,0.89689,0.89801,3344.91
2024.06.27 16:00:00,0.89801,0.8984,0.89787,0.89805,1511.73
2024.06.27 17:00:00,0.89804,0.89831,0.89784,0.89819,1364.19
2024.06.27 18:00:00,0.89816,0.89855,0.89811,0.89847,1228.94
2024.06.27 19:00:00,0.89845,0.89877,0.89841,0.89872,2195.49
2024.06.27 20:00:00,0.89873,0.89884,0.89852,0.89862,1491.99
2024.06.27 21:00:00,0.89862,0.89863,0.89759,0.89762,1634.75
2024.06.27 22:00:00,0.89762,0.89865,0.89762,0.89863,621.41
2024.06.27 23:00:00,0.89863,0.8987,0.89841,0.89853,462.94
2024.06.28 00:00:00,0.89855,0.8995,0.89852,0.89947,1331.06
2024.06.28 01:00:00,0.89949,0.89998,0.89926,0.89983,2589.55
2024.06.28 02:00:00,0.89982,0.89994,0.89911,0.89925,1395.01
2024.06.28 03:00:00,0.89925,0.89951,0.89919,0.89928,1035.72
2024.06.28 04:00:00,0.89927,0.89975,0.89925,0.89949,728.07
2024.06.28 05:00:00,0.89948,0.89971,0.89924,0.8993,927.96
2024.06.28 06:00:00,0.89931,0.89982,0.89855,0.89919,2610.22
2024.06.28 07:00:00,0.89919,0.90007,0.89868,0.89955,3277.66
2024.06.28 08:00:00,0.89955,0.90016,0.89923,0.89945,3326.35
2024.06.28 09:00:00,0.89944,0.8998,0.8988,0.89922,3406.86
2024.06.28 10:00:00,0.89921,0.89927,0.89848,0.89878,2389.25
2024.06.28 11:00:00,0.8988,0.90016,0.89872,0.90005,2834.79
2024.06.28 12:00:00,0.90002,0.90038,0.89867,0.89936,8955.34
2024.06.28 13:00:00,0.89937,0.89937,0.89793,0.89895,7338.09
2024.06.28 14:00:00,0.89895,0.90095,0.89826,0.8988,12682.84
2024.06.28 15:00:00,0.89881,0.89924,0.89818,0.89915,7079.45
2024.06.28 16:00:00,0.89916,0.89924,0.89828,0.89845,2774.5
2024.06.28 17:00:00,0.89846,0.89857,0.89791,0.89834,1674.7
2024.06.28 18:00:00,0.89833,0.89868,0.89802,0.89853,1446.84
2024.06.28 19:00:00,0.89853,0.89868,0.89825,0.89827,1318.44
2024.06.28 20:00:00,0.89828,0.89882,0.89828,0.89854,4647.39
2024.06.30 21:00:00,0.89763,0.89872,0.89704,0.89842,1808.19
2024.06.30 22:00:00,0.89827,0.90029,0.89795,0.89981,2715.67
2024.06.30 23:00:00,0.89979,0.90038,0.89957,0.90033,2005.01
2024.07.01 00:00:00,0.90033,0.90045,0.89931,0.8995,3771.31
2024.07.01 01:00:00,0.89952,0.89972,0.89885,0.89919,1993.95
2024.07.01 02:00:00,0.8992,0.89924,0.89902,0.89909,972.96
2024.07.01 03:00:00,0.89908,0.89982,0.89908,0.89969,2612.83
2024.07.01 04:00:00,0.89968,0.89977,0.89947,0.89956,1234.81
2024.07.01 05:00:00,0.8996,0.89972,0.89907,0.89951,2219.69
2024.07.01 06:00:00,0.89954,0.89956,0.89839,0.89864,4670.51
2024.07.01 07:00:00,0.89867,0.90034,0.89843,0.90024,4735.68
2024.07.01 08:00:00,0.90026,0.9008,0.89938,0.90022,3858.24
2024.07.01 09:00:00,0.90023,0.90101,0.89964,0.90086,3009.72
2024.07.01 10:00:00,0.90087,0.90166,0.90074,0.90134,2843.93
2024.07.01 11:00:00,0.90135,0.90152,0.90102,0.90114,2154.17
2024.07.01 12:00:00,0.90116,0.90242,0.90116,0.90235,3931.26
2024.07.01 13:00:00,0.90235,0.90275,0.90112,0.9013,6165.48
2024.07.01 14:00:00,0.90118,0.90434,0.89988,0.90396,10009.08
2024.07.01 15:00:00,0.90393,0.90442,0.90366,0.90388,5978.29
2024.07.01 16:00:00,0.90388,0.904,0.90335,0.90351,2091.63
2024.07.01 17:00:00,0.90349,0.90389,0.90347,0.90385,1703.94
2024.07.01 18:00:00,0.90385,0.90397,0.90333,0.9035,2757.12
2024.07.01 19:00:00,0.9035,0.90351,0.90299,0.903,2977.57
2024.07.01 20:00:00,0.90299,0.90316,0.90248,0.90248,843.56
2024.07.01 21:00:00,0.90248,0.90292,0.90231,0.90262,4351.31
2024.07.01 22:00:00,0.90256,0.9031,0.90239,0.90306,874.62
2024.07.01 23:00:00,0.90307,0.90325,0.90301,0.90324,508.26
2024.07.02 00:00:00,0.90323,0.90357,0.90303,0.90329,2574.6
2024.07.02 01:00:00,0.90328,0.90361,0.90303,0.90342,1791.97
2024.07.02 02:00:00,0.90344,0.90361,0.90336,0.9035,748.86
2024.07.02 03:00:00,0.90351,0.90394,0.90349,0.90384,690.69
2024.07.02 04:00:00,0.90381,0.90405,0.90373,0.90395,571.96
2024.07.02 05:00:00,0.90392,0.90403,0.9038,0.90391,838.83
2024.07.02 06:00:00,0.90389,0.90438,0.90382,0.90438,1951.23
2024.07.02 07:00:00,0.90438,0.90468,0.90353,0.90355,4775.64
2024.07.02 08:00:00,0.90352,0.90451,0.90347,0.90419,2818.52
2024.07.02 09:00:00,0.9042,0.90429,0.90391,0.90411,2335.74
2024.07.02 10:00:00,0.9041,0.90416,0.90368,0.90381,1750.43
2024.07.02 11:00:00,0.9038,0.90396,0.90363,0.90374,1564.62
2024.07.02 12:00:00,0.90373,0.90431,0.90357,0.90422,4521.64
2024.07.02 13:00:00,0.90419,0.90491,0.90314,0.90388,7565.16
2024.07.02 14:00:00,0.90397,0.90494,0.90315,0.90324,10637.13
2024.07.02 15:00:00,0.90327,0.90476,0.90317,0.90463,4728.34
2024.07.02 16:00:00,0.90463,0.90483,0.90442,0.90446,1277.44
2024.07.02 17:00:00,0.90449,0.90475,0.90414,0.90429,1529.7
2024.07.02 18:00:00,0.9043,0.90442,0.90413,0.90421,922.19
2024.07.02 19:00:00,0.90422,0.90432,0.90363,0.90384,1504.73
2024.07.02 20:00:00,0.90384,0.90396,0.90371,0.90378,525.9
2024.07.02 21:00:00,0.90378,0.90395,0.90338,0.90348,1174.23
2024.07.02 22:00:00,0.90348,0.90376,0.90344,0.90368,800.28
2024.07.02 23:00:00,0.90367,0.90384,0.90362,0.90372,259.5
2024.07.03 00:00:00,0.90372,0.90393,0.90353,0.9038,948.36
2024.07.03 01:00:00,0.90379,0.90433,0.90379,0.90421,812.58
2024.07.03 02:00:00,0.90422,0.90424,0.90384,0.90409,1188.3
2024.07.03 03:00:00,0.9041,0.90414,0.90398,0.90412,1617.71
2024.07.03 04:00:00,0.90413,0.90424,0.90402,0.9042,394.28
2024.07.03 05:00:00,0.90421,0.90467,0.9042,0.90457,1095.08
2024.07.03 06:00:00,0.90458,0.90497,0.90443,0.90493,1681.92
2024.07.03 07:00:00,0.90492,0.90501,0.90365,0.90379,3426.34
2024.07.03 08:00:00,0.9038,0.90405,0.9034,0.90362,2366.83
2024.07.03 09:00:00,0.90361,0.90377,0.90262,0.90273,3681.72
2024.07.03 10:00:00,0.90273,0.90317,0.90255,0.90303,2307.18
2024.07.03 11:00:00,0.90303,0.90351,0.9028,0.90324,2692.66
2024.07.03 12:00:00,0.90324,0.90335,0.90258,0.90264,5090.23
2024.07.03 13:00:00,0.90263,0.90281,0.90145,0.90168,5203.89
2024.07.03 14:00:00,0.90167,0.90171,0.89853,0.9011,15329.2
2024.07.03 15:00:00,0.90109,0.90117,0.90038,0.90071,6842.22
2024.07.03 16:00:00,0.9007,0.9009,0.90037,0.90066,2879.58
2024.07.03 17:00:00,0.90066,0.90143,0.90066,0.90124,2400.21
2024.07.03 18:00:00,0.90124,0.90185,0.9011,0.90174,2270.31
2024.07.03 19:00:00,0.90173,0.90179,0.90126,0.9014,1886.68
2024.07.03 20:00:00,0.90138,0.90163,0.90127,0.90136,953.88
2024.07.03 21:00:00,0.90136,0.90149,0.90035,0.90117,4584.82
2024.07.03 22:00:00,0.90116,0.90168,0.90109,0.90126,451.88
2024.07.03 23:00:00,0.90126,0.90134,0.90076,0.9008,440.73
2024.07.04 00:00:00,0.90082,0.90117,0.90059,0.90064,942.66
2024.07.04 01:00:00,0.9006,0.90093,0.90029,0.90071,1635.4
2024.07.04 02:00:00,0.90072,0.90092,0.90063,0.90087,808.56
2024.07.04 03:00:00,0.90087,0.90114,0.90082,0.90099,527.88
2024.07.04 04:00:00,0.901,0.90107,0.90093,0.90103,384.18
2024.07.04 05:00:00,0.90103,0.90104,0.89998,0.90004,1111.57
2024.07.04 06:00:00,0.90004,0.90392,0.90004,0.90339,6101.03
2024.07.04 07:00:00,0.90339,0.90352,0.90144,0.90146,6186.53
2024.07.04 08:00:00,0.90145,0.90169,0.901,0.9013,3090.22
2024.07.04 09:00:00,0.90129,0.9013,0.9004,0.9004,2457.99
2024.07.04 10:00:00,0.9004,0.90086,0.90006,0.90011,1798.21
2024.07.04 11:00:00,0.9001,0.90025,0.89955,0.89967,2365.25
2024.07.04 12:00:00,0.89967,0.90042,0.89912,0.89994,2992.45
2024.07.04 13:00:00,0.89994,0.90051,0.89964,0.89987,2310.35
2024.07.04 14:00:00,0.8999,0.90006,0.89939,0.89996,2619.78
2024.07.04 15:00:00,0.89996,0.90006,0.89964,0.89989,1734.7
2024.07.04 16:00:00,0.8999,0.90013,0.89963,0.89984,1599.24
2024.07.04 17:00:00,0.89985,0.89985,0.89967,0.89981,207.75
2024.07.04 18:00:00,0.89983,0.90001,0.89981,0.9,358.2
2024.07.04 19:00:00,0.90001,0.90001,0.89977,0.89993,384.24
2024.07.04 20:00:00,0.89994,0.90005,0.89983,0.89985,418.06
2024.07.04 21:00:00,0.89985,0.90001,0.89961,0.89985,578.3
2024.07.04 22:00:00,0.89983,0.90017,0.89968,0.90005,658.86
2024.07.04 23:00:00,0.90003,0.90029,0.89984,0.90024,514.11
2024.07.05 00:00:00,0.90024,0.90032,0.8995,0.89972,3471.7
2024.07.05 01:00:00,0.89973,0.89978,0.8993,0.89938,2981.76
2024.07.05 02:00:00,0.8994,0.89948,0.899,0.89904,1416.37
2024.07.05 03:00:00,0.89903,0.89906,0.89822,0.89845,2824.12
2024.07.05 04:00:00,0.89846,0.89861,0.89839,0.89847,2174.52
2024.07.05 05:00:00,0.89847,0.89879,0.89828,0.89833,1276.96
2024.07.05 06:00:00,0.89833,0.89881,0.898,0.89873,2035.66
2024.07.05 07:00:00,0.89872,0.89899,0.89801,0.89801,2895.86
2024.07.05 08:00:00,0.89801,0.8988,0.89789,0.89827,2401.8
2024.07.05 09:00:00,0.89828,0.89834,0.89786,0.89799,1913.74
2024.07.05 10:00:00,0.898,0.89894,0.89791,0.89867,1659.37
2024.07.05 11:00:00,0.89866,0.89916,0.89853,0.89911,2125.62
2024.07.05 12:00:00,0.89911,0.90056,0.89728,0.89797,15768.97
2024.07.05 13:00:00,0.89796,0.89865,0.89696,0.89841,11432.22
2024.07.05 14:00:00,0.89841,0.89907,0.89772,0.89791,8791.27
2024.07.05 15:00:00,0.8979,0.8982,0.89726,0.89755,6989.47
2024.07.05 16:00:00,0.89754,0.89782,0.89722,0.89754,3352.92
2024.07.05 17:00:00,0.89752,0.89754,0.89657,0.89681,4459.37
2024.07.05 18:00:00,0.89681,0.89681,0.89573,0.89586,5411.81
2024.07.05 19:00:00,0.89584,0.89595,0.89535,0.89569,2289.15
2024.07.05 20:00:00,0.89568,0.89588,0.89556,0.89557,1631.04
2024.07.07 21:00:00,0.89525,0.89575,0.89471,0.89529,897.47
2024.07.07 22:00:00,0.89529,0.89541,0.89426,0.89512,2240.67
2024.07.07 23:00:00,0.89512,0.89529,0.89477,0.89524,1190.34
2024.07.08 00:00:00,0.89525,0.89563,0.89513,0.89547,2747.13
2024.07.08 01:00:00,0.89548,0.89568,0.89524,0.89528,2937.85
2024.07.08 02:00:00,0.89528,0.8954,0.89502,0.89519,2398.92
2024.07.08 03:00:00,0.8952,0.89532,0.89487,0.89529,2094.45
2024.07.08 04:00:00,0.89529,0.89559,0.89499,0.89501,1850.29
2024.07.08 05:00:00,0.89502,0.89548,0.89486,0.89519,1571.22
2024.07.08 06:00:00,0.89517,0.89517,0.89445,0.89459,3824.21
2024.07.08 07:00:00,0.89458,0.8952,0.89446,0.89473,6167.27
2024.07.08 08:00:00,0.89474,0.89567,0.89473,0.89546,5225.75
2024.07.08 09:00:00,0.89547,0.89578,0.8952,0.89558,3404.34
2024.07.08 10:00:00,0.89559,0.89669,0.89557,0.89606,3763.02
2024.07.08 11:00:00,0.89606,0.89648,0.89578,0.89616,3185.28
2024.07.08 12:00:00,0.89615,0.89637,0.8959,0.8962,5511.79
2024.07.08 13:00:00,0.89622,0.89653,0.89558,0.89581,4602.47
2024.07.08 14:00:00,0.89582,0.89722,0.89573,0.89694,5466.24
2024.07.08 15:00:00,0.89691,0.89726,0.89677,0.89707,2649.63
2024.07.08 16:00:00,0.89708,0.89725,0.89693,0.89713,1680.4
2024.07.08 17:00:00,0.89713,0.89724,0.89675,0.89696,1210.33
2024.07.08 18:00:00,0.89696,0.89724,0.89689,0.897,1564.4
2024.07.08 19:00:00,0.897,0.89741,0.89687,0.89738,2021.66
2024.07.08 20:00:00,0.89738,0.89766,0.89734,0.89752,823.81
2024.07.08 21:00:00,0.89752,0.89779,0.89682,0.89728,2756.63
2024.07.08 22:00:00,0.89728,0.89774,0.89716,0.89763,474.12
2024.07.08 23:00:00,0.89763,0.89781,0.89743,0.89778,312.75
2024.07.09 00:00:00,0.89778,0.89825,0.89752,0.89818,1475.97
2024.07.09 01:00:00,0.89818,0.89859,0.89799,0.89845,957.81
2024.07.09 02:00:00,0.89846,0.89903,0.89839,0.89855,1366.36
2024.07.09 03:00:00,0.89855,0.89855,0.89817,0.89836,643.02
2024.07.09 04:00:00,0.89835,0.89838,0.89803,0.89819,1417.19
2024.07.09 05:00:00,0.8982,0.89869,0.89809,0.89828,931.36
2024.07.09 06:00:00,0.89828,0.8985,0.89797,0.89815,2086.06
2024.07.09 07:00:00,0.89813,0.89862,0.89787,0.89847,2957.61
2024.07.09 08:00:00,0.89849,0.89874,0.89828,0.89851,2966.36
2024.07.09 09:00:00,0.8985,0.89853,0.89736,0.89753,3007.72
2024.07.09 10:00:00,0.89754,0.89817,0.89747,0.89802,1823.16
2024.07.09 11:00:00,0.89801,0.89851,0.89797,0.8981,2854.83
2024.07.09 12:00:00,0.89809,0.89834,0.8976,0.89803,4172.03
2024.07.09 13:00:00,0.89803,0.89803,0.89691,0.89731,4185.14
2024.07.09 14:00:00,0.89731,0.89861,0.89684,0.89769,9604.85
2024.07.09 15:00:00,0.89769,0.89829,0.89707,0.89779,7689.36
2024.07.09 16:00:00,0.89779,0.89797,0.89747,0.89773,3820.56
2024.07.09 17:00:00,0.89772,0.89787,0.89728,0.89763,3449.73
2024.07.09 18:00:00,0.89764,0.89787,0.89726,0.89787,2128.68
2024.07.09 19:00:00,0.89787,0.89797,0.89762,0.89778,1561.44
2024.07.09 20:00:00,0.89778,0.89784,0.89755,0.89773,1870.65
2024.07.09 21:00:00,0.89768,0.89779,0.89734,0.89755,2262.07
2024.07.09 22:00:00,0.89767,0.8977,0.89743,0.89757,1267.11
2024.07.09 23:00:00,0.89756,0.89762,0.89743,0.89758,297
2024.07.10 00:00:00,0.89757,0.898,0.89746,0.89793,1172.85
2024.07.10 01:00:00,0.89794,0.89815,0.89783,0.89795,2460.51
2024.07.10 02:00:00,0.89792,0.89808,0.89764,0.8977,1922.47
2024.07.10 03:00:00,0.8977,0.89772,0.89718,0.89731,2887.62
2024.07.10 04:00:00,0.89731,0.8974,0.89723,0.8973,1521.01
2024.07.10 05:00:00,0.8973,0.89733,0.89708,0.89731,1821.93
2024.07.10 06:00:00,0.8973,0.89749,0.89706,0.89715,2178.5
2024.07.10 07:00:00,0.89716,0.89731,0.89638,0.89717,2492.21
2024.07.10 08:00:00,0.89713,0.89761,0.89689,0.89731,2377.92
2024.07.10 09:00:00,0.8973,0.89784,0.89729,0.89771,2043.31
2024.07.10 10:00:00,0.8977,0.89822,0.89759,0.89807,2512.91
2024.07.10 11:00:00,0.89808,0.89819,0.8978,0.89806,1842.57
2024.07.10 12:00:00,0.89809,0.89837,0.89786,0.89811,3166.55
2024.07.10 13:00:00,0.89812,0.89972,0.89807,0.89934,6312.5
2024.07.10 14:00:00,0.89932,0.89971,0.89887,0.89948,6998.58
2024.07.10 15:00:00,0.89947,0.89969,0.89899,0.8992,2957.7
2024.07.10 16:00:00,0.89921,0.89927,0.89899,0.89917,2900.43
2024.07.10 17:00:00,0.89917,0.89959,0.89898,0.89957,2838.12
2024.07.10 18:00:00,0.89958,0.90005,0.89955,0.89969,1873.21
2024.07.10 19:00:00,0.89969,0.8998,0.89949,0.89957,2493.98
2024.07.10 20:00:00,0.89958,0.89966,0.8994,0.89952,1579.59
2024.07.10 21:00:00,0.89946,0.89946,0.89903,0.89908,637.11
2024.07.10 22:00:00,0.89903,0.89924,0.89897,0.89915,990.36
2024.07.10 23:00:00,0.89913,0.89948,0.89911,0.89917,487.21
2024.07.11 00:00:00,0.89916,0.89921,0.89882,0.89901,1564.81
2024.07.11 01:00:00,0.89901,0.89919,0.89856,0.89857,2328.41
2024.07.11 02:00:00,0.89857,0.89896,0.89855,0.89895,1327.93
2024.07.11 03:00:00,0.89896,0.8992,0.89895,0.89909,1409.31
2024.07.11 04:00:00,0.8991,0.89927,0.8989,0.89922,1598.43
2024.07.11 05:00:00,0.89922,0.89942,0.89914,0.89924,1210.98
2024.07.11 06:00:00,0.89926,0.89978,0.89918,0.89962,2664.11
2024.07.11 07:00:00,0.89964,0.89968,0.89869,0.89897,3168.89
2024.07.11 08:00:00,0.89895,0.89904,0.89829,0.89838,3311.73
2024.07.11 09:00:00,0.89839,0.89853,0.89804,0.89831,2781.3
2024.07.11 10:00:00,0.8983,0.89833,0.8978,0.89818,2231.92
2024.07.11 11:00:00,0.89821,0.89822,0.89786,0.89795,1155.63
2024.07.11 12:00:00,0.89796,0.89868,0.8918,0.89322,25009.13
2024.07.11 13:00:00,0.89324,0.89394,0.89147,0.89229,32017.28
2024.07.11 14:00:00,0.89228,0.89389,0.89192,0.89367,13427.15
2024.07.11 15:00:00,0.89366,0.89434,0.8934,0.89386,7087.11
2024.07.11 16:00:00,0.89385,0.89437,0.89379,0.89429,3744.01
2024.07.11 17:00:00,0.8943,0.89515,0.89415,0.89491,4555.32
2024.07.11 18:00:00,0.89493,0.89583,0.89471,0.89543,3767.22
2024.07.11 19:00:00,0.89543,0.89645,0.89541,0.8963,2428.62
2024.07.11 20:00:00,0.89632,0.89656,0.8962,0.89631,1916.73
2024.07.11 21:00:00,0.89625,0.89646,0.89505,0.89615,1136.9
2024.07.11 22:00:00,0.8963,0.89685,0.89616,0.89676,2473.33
2024.07.11 23:00:00,0.89675,0.897,0.89533,0.89607,5646.27
2024.07.12 00:00:00,0.89609,0.89628,0.89549,0.89597,5188.35
2024.07.12 01:00:00,0.89595,0.89663,0.89595,0.8966,2486.77
2024.07.12 02:00:00,0.8966,0.89692,0.89619,0.8968,1762.02
2024.07.12 03:00:00,0.89681,0.89695,0.8964,0.89662,1186.13
2024.07.12 04:00:00,0.89662,0.89663,0.89607,0.89623,1464.51
2024.07.12 05:00:00,0.89621,0.89622,0.8955,0.89564,2138.5
2024.07.12 06:00:00,0.89564,0.89618,0.89551,0.89603,3257.15
2024.07.12 07:00:00,0.89607,0.89624,0.89555,0.89573,3144.66
2024.07.12 08:00:00,0.89571,0.89597,0.89542,0.8958,2775.95
2024.07.12 09:00:00,0.89581,0.89637,0.89578,0.89597,2430.27
2024.07.12 10:00:00,0.89596,0.89617,0.89576,0.89588,2144.37
2024.07.12 11:00:00,0.89587,0.89591,0.89541,0.89545,2577.96
2024.07.12 12:00:00,0.89545,0.89639,0.89419,0.8947,14918.98
2024.07.12 13:00:00,0.8947,0.89512,0.89321,0.89466,14739.35
2024.07.12 14:00:00,0.89461,0.89518,0.89397,0.89423,11757.47
2024.07.12 15:00:00,0.89423,0.89449,0.89403,0.89418,4761.3
2024.07.12 16:00:00,0.89418,0.8948,0.89407,0.89464,3360.18
2024.07.12 17:00:00,0.89464,0.89496,0.89449,0.89457,1776.78
2024.07.12 18:00:00,0.89457,0.89484,0.89456,0.89464,2114.52
2024.07.12 19:00:00,0.89463,0.89467,0.89402,0.89413,2341.92
2024.07.12 20:00:00,0.89414,0.89457,0.89404,0.89422,1443.87
2024.07.14 21:00:00,0.89421,0.89491,0.89364,0.89448,408.5
2024.07.14 22:00:00,0.89448,0.89642,0.89445,0.89637,1905.1
2024.07.14 23:00:00,0.89636,0.89709,0.89602,0.89694,2125.47
2024.07.15 00:00:00,0.89694,0.89719,0.89609,0.89622,2736.23
2024.07.15 01:00:00,0.89623,0.89673,0.8958,0.89581,1494.32
2024.07.15 02:00:00,0.89582,0.89607,0.89569,0.89583,993.6
2024.07.15 03:00:00,0.89582,0.89582,0.8956,0.8957,1158.91
2024.07.15 04:00:00,0.89569,0.89585,0.89553,0.89558,577.53
2024.07.15 05:00:00,0.89559,0.8957,0.8953,0.89554,585.64
2024.07.15 06:00:00,0.89549,0.896,0.8946,0.89463,3013.04
2024.07.15 07:00:00,0.89461,0.89542,0.8945,0.89484,4595.65
2024.07.15 08:00:00,0.89483,0.89492,0.89385,0.89396,3250.65
2024.07.15 09:00:00,0.89395,0.89414,0.89339,0.89378,3018.82
2024.07.15 10:00:00,0.89378,0.89427,0.89338,0.89378,3093.6
2024.07.15 11:00:00,0.89377,0.89466,0.89347,0.89445,3518.03
2024.07.15 12:00:00,0.89445,0.89498,0.89416,0.89418,4315.32
2024.07.15 13:00:00,0.89419,0.89442,0.89349,0.8942,5372.93
2024.07.15 14:00:00,0.8942,0.89545,0.89399,0.89497,6551.33
2024.07.15 15:00:00,0.89498,0.8952,0.8941,0.89487,4416.98
2024.07.15 16:00:00,0.89488,0.8954,0.8935,0.8947,5420.24
2024.07.15 17:00:00,0.89471,0.89595,0.8947,0.89579,3550.93
2024.07.15 18:00:00,0.8958,0.89592,0.89535,0.8955,1429.6
2024.07.15 19:00:00,0.8955,0.89575,0.89546,0.8957,1241.59
2024.07.15 20:00:00,0.89569,0.8958,0.89556,0.89569,581.49
2024.07.15 21:00:00,0.89567,0.89574,0.89493,0.89503,909.54
2024.07.15 22:00:00,0.89517,0.89584,0.89517,0.89572,1760.99
2024.07.15 23:00:00,0.89571,0.89573,0.89539,0.89548,630.62
2024.07.16 00:00:00,0.89548,0.8958,0.89548,0.89568,1526.3
2024.07.16 01:00:00,0.89568,0.89594,0.89545,0.89576,1287.44
2024.07.16 02:00:00,0.89576,0.89598,0.89573,0.89583,474.83
2024.07.16 03:00:00,0.89582,0.89582,0.89561,0.8957,440.06
2024.07.16 04:00:00,0.89571,0.89576,0.89523,0.89529,1248.79
2024.07.16 05:00:00,0.89528,0.89547,0.89518,0.89518,902.96
2024.07.16 06:00:00,0.89515,0.89529,0.89466,0.89475,2891.57
2024.07.16 07:00:00,0.89474,0.89521,0.8945,0.89503,4101.61
2024.07.16 08:00:00,0.89502,0.89552,0.89479,0.89521,2789.55
2024.07.16 09:00:00,0.8952,0.89588,0.89497,0.89578,2954.25
2024.07.16 10:00:00,0.89577,0.89602,0.89551,0.89567,2670.6
2024.07.16 11:00:00,0.89568,0.89607,0.895,0.89511,3021.71
2024.07.16 12:00:00,0.89511,0.89787,0.89501,0.89715,9381.73
2024.07.16 13:00:00,0.89716,0.89727,0.89583,0.89591,5853.6
2024.07.16 14:00:00,0.89592,0.89666,0.89578,0.89602,5091.38
2024.07.16 15:00:00,0.89601,0.89604,0.89509,0.89531,3182.73
2024.07.16 16:00:00,0.89532,0.8956,0.89506,0.89509,1696.65
2024.07.16 17:00:00,0.89511,0.89511,0.89464,0.89491,1460.24
2024.07.16 18:00:00,0.89492,0.895,0.89411,0.89425,1293.09
2024.07.16 19:00:00,0.89425,0.89434,0.89348,0.89355,2204.93
2024.07.16 20:00:00,0.89355,0.89383,0.89351,0.89356,762.37
2024.07.16 21:00:00,0.89352,0.89397,0.89352,0.89388,2133.85
2024.07.16 22:00:00,0.89389,0.89404,0.8934,0.8934,1191.61
2024.07.16 23:00:00,0.89338,0.89364,0.89328,0.89346,573.03
2024.07.17 00:00:00,0.89346,0.89418,0.89334,0.89412,1123.39
2024.07.17 01:00:00,0.8941,0.89447,0.89383,0.89388,952.55
2024.07.17 02:00:00,0.89388,0.89398,0.89367,0.89378,705.88
2024.07.17 03:00:00,0.89379,0.89408,0.89379,0.89383,544.24
2024.07.17 04:00:00,0.89382,0.89394,0.8937,0.89373,478.03
2024.07.17 05:00:00,0.89373,0.89383,0.8934,0.89362,895.71
2024.07.17 06:00:00,0.89362,0.89409,0.89313,0.89355,4230.17
2024.07.17 07:00:00,0.89358,0.89361,0.89154,0.89165,6580.35
2024.07.17 08:00:00,0.89164,0.89169,0.88715,0.88738,9548.41
2024.07.17 09:00:00,0.88738,0.88903,0.88716,0.8877,8093.11
2024.07.17 10:00:00,0.88771,0.88813,0.88708,0.88812,5612.37
2024.07.17 11:00:00,0.88813,0.88848,0.88605,0.88657,6288.72
2024.07.17 12:00:00,0.88659,0.88682,0.88524,0.88604,7190.76
2024.07.17 13:00:00,0.88603,0.88609,0.88357,0.88422,10581.8
2024.07.17 14:00:00,0.88423,0.88639,0.88423,0.88623,8769.96
2024.07.17 15:00:00,0.88622,0.88652,0.88456,0.88458,5920.64
2024.07.17 16:00:00,0.88459,0.88482,0.8842,0.88439,4068.01
2024.07.17 17:00:00,0.88438,0.885,0.88425,0.88484,4323.94
2024.07.17 18:00:00,0.88482,0.88484,0.88351,0.88352,2595.52
2024.07.17 19:00:00,0.88354,0.88362,0.8827,0.88345,2414.03
2024.07.17 20:00:00,0.88345,0.8836,0.88329,0.8834,1252.11
2024.07.17 21:00:00,0.88336,0.88337,0.88276,0.88314,868.85
2024.07.17 22:00:00,0.88313,0.88323,0.88285,0.88309,1834.27
2024.07.17 23:00:00,0.88308,0.88308,0.88196,0.88227,3564.41
2024.07.18 00:00:00,0.88227,0.88371,0.88225,0.8836,3687.28
2024.07.18 01:00:00,0.88361,0.88453,0.88361,0.88429,3425.61
2024.07.18 02:00:00,0.88429,0.88454,0.88417,0.88438,1836.28
2024.07.18 03:00:00,0.88439,0.88466,0.88409,0.88461,1571.77
2024.07.18 04:00:00,0.88462,0.88473,0.88421,0.8846,1661.6
2024.07.18 05:00:00,0.8846,0.88468,0.88371,0.88374,1568.3
2024.07.18 06:00:00,0.88372,0.88431,0.88361,0.88391,3668.46
2024.07.18 07:00:00,0.88391,0.88444,0.88261,0.88377,7594.24
2024.07.18 08:00:00,0.88377,0.88452,0.88319,0.88426,5165.17
2024.07.18 09:00:00,0.88427,0.88447,0.8838,0.88396,3725.24
2024.07.18 10:00:00,0.88396,0.88413,0.88319,0.88364,2938.58
2024.07.18 11:00:00,0.88367,0.88435,0.88357,0.88417,2496.99
2024.07.18 12:00:00,0.88417,0.88438,0.88313,0.88342,7705.52
2024.07.18 13:00:00,0.88342,0.88448,0.88329,0.88414,9111.85
2024.07.18 14:00:00,0.88415,0.88517,0.88381,0.88416,7467.35
2024.07.18 15:00:00,0.88417,0.88581,0.88417,0.88573,5117.09
2024.07.18 16:00:00,0.88574,0.88643,0.88561,0.88598,3355.11
2024.07.18 17:00:00,0.88597,0.88649,0.88589,0.88614,2700.68
2024.07.18 18:00:00,0.88614,0.88724,0.88613,0.8871,3883.86
2024.07.18 19:00:00,0.88709,0.88758,0.88707,0.88723,3412.94
2024.07.18 20:00:00,0.88726,0.88785,0.88723,0.88757,1296.12
2024.07.18 21:00:00,0.88743,0.8876,0.88673,0.88673,2932.4
2024.07.18 22:00:00,0.88675,0.88778,0.88667,0.88774,1766.79
2024.07.18 23:00:00,0.88772,0.8878,0.88734,0.88745,364.99
2024.07.19 00:00:00,0.88746,0.88823,0.88741,0.88798,1854.1
2024.07.19 01:00:00,0.88797,0.88894,0.88786,0.88889,1753.35
2024.07.19 02:00:00,0.88888,0.88893,0.88847,0.88851,1663.51
2024.07.19 03:00:00,0.88853,0.88891,0.88847,0.88888,677.87
2024.07.19 04:00:00,0.88889,0.88932,0.88882,0.8893,913.31
2024.07.19 05:00:00,0.8893,0.8894,0.88898,0.88919,1584.11
2024.07.19 06:00:00,0.88919,0.8896,0.88799,0.88825,3125.31
2024.07.19 07:00:00,0.88822,0.88866,0.88741,0.88851,5359.98
2024.07.19 08:00:00,0.88852,0.889,0.88818,0.88828,3404.52
2024.07.19 09:00:00,0.88828,0.88943,0.88762,0.88929,3436.14
2024.07.19 10:00:00,0.88929,0.88971,0.88906,0.88948,2591.02
2024.07.19 11:00:00,0.88948,0.88981,0.88896,0.8891,2654.12
2024.07.19 12:00:00,0.88909,0.88995,0.88899,0.88981,3524.04
2024.07.19 13:00:00,0.88981,0.88985,0.88921,0.88954,5583.95
2024.07.19 14:00:00,0.88953,0.88967,0.88841,0.88851,5658.79
2024.07.19 15:00:00,0.8885,0.88879,0.88813,0.88833,3454.25
2024.07.19 16:00:00,0.88834,0.88856,0.88813,0.8885,1578.88
2024.07.19 17:00:00,0.88852,0.88884,0.88851,0.88881,1728.57
2024.07.19 18:00:00,0.88882,0.88946,0.88867,0.88907,2403.24
2024.07.19 19:00:00,0.88906,0.88918,0.8889,0.88898,2583.94
2024.07.19 20:00:00,0.88896,0.88904,0.88861,0.88885,1370.46
2024.07.21 21:00:00,0.88759,0.88914,0.88759,0.8888,1475.99
2024.07.21 22:00:00,0.88874,0.88884,0.88756,0.88756,1573.08
2024.07.21 23:00:00,0.88757,0.88803,0.88742,0.88802,1035.42
2024.07.22 00:00:00,0.88802,0.88836,0.88798,0.88814,1600.02
2024.07.22 01:00:00,0.88814,0.88881,0.88812,0.88872,1070.94
2024.07.22 02:00:00,0.88877,0.88891,0.88843,0.88872,1056.9
2024.07.22 03:00:00,0.88873,0.88874,0.88831,0.88835,593.48
2024.07.22 04:00:00,0.88835,0.88857,0.88819,0.88856,635.92
2024.07.22 05:00:00,0.88857,0.88893,0.88832,0.88876,1112.77
2024.07.22 06:00:00,0.88877,0.88898,0.88707,0.88778,5273.65
2024.07.22 07:00:00,0.8878,0.88823,0.88756,0.8879,4151.99
2024.07.22 08:00:00,0.8879,0.88802,0.88741,0.88774,2953.83
2024.07.22 09:00:00,0.88774,0.88813,0.88731,0.88765,2603.6
2024.07.22 10:00:00,0.88765,0.88776,0.88737,0.88751,2574.88
2024.07.22 11:00:00,0.8875,0.88823,0.88737,0.88815,2168.66
2024.07.22 12:00:00,0.88816,0.88932,0.88809,0.88886,4422.19
2024.07.22 13:00:00,0.88887,0.88955,0.88862,0.88905,4715.53
2024.07.22 14:00:00,0.88903,0.88963,0.88895,0.88937,4434.01
2024.07.22 15:00:00,0.88936,0.89019,0.88916,0.89001,3641.59
2024.07.22 16:00:00,0.89003,0.89017,0.88947,0.8896,1999.05
2024.07.22 17:00:00,0.88959,0.88976,0.88924,0.88967,2001.79
2024.07.22 18:00:00,0.88966,0.88975,0.88947,0.88955,1479.34
2024.07.22 19:00:00,0.88956,0.88975,0.88946,0.88947,1869.93
2024.07.22 20:00:00,0.88949,0.88966,0.88943,0.88944,741.52
2024.07.22 21:00:00,0.88944,0.88956,0.8878,0.88943,4496.03
2024.07.22 22:00:00,0.88945,0.8898,0.88917,0.88978,1492.17
2024.07.22 23:00:00,0.88977,0.88982,0.8895,0.88963,426.02
2024.07.23 00:00:00,0.88963,0.88974,0.88915,0.88932,1908.12
2024.07.23 01:00:00,0.88932,0.88958,0.88912,0.88946,2084.19
2024.07.23 02:00:00,0.88947,0.88962,0.88919,0.88938,935.46
2024.07.23 03:00:00,0.88938,0.88942,0.88888,0.88901,925.82
2024.07.23 04:00:00,0.889,0.88905,0.88881,0.889,1250.73
2024.07.23 05:00:00,0.889,0.88937,0.88889,0.88907,1300.16
2024.07.23 06:00:00,0.8891,0.89047,0.8891,0.89018,2665.81
2024.07.23 07:00:00,0.89018,0.89027,0.88929,0.88961,4889.73
2024.07.23 08:00:00,0.88962,0.89053,0.88948,0.89002,5476.1
2024.07.23 09:00:00,0.89001,0.89087,0.89001,0.8908,3286.52
2024.07.23 10:00:00,0.89081,0.89132,0.89063,0.89113,3425.47
2024.07.23 11:00:00,0.89114,0.89158,0.89096,0.89155,2739.24
2024.07.23 12:00:00,0.89157,0.89202,0.89109,0.89136,4658.24
2024.07.23 13:00:00,0.89137,0.8921,0.8911,0.89137,4609.38
2024.07.23 14:00:00,0.8914,0.89238,0.89073,0.89221,5492.96
2024.07.23 15:00:00,0.89224,0.89225,0.89122,0.89152,3242.12
2024.07.23 16:00:00,0.89152,0.89216,0.89143,0.8916,2011.51
2024.07.23 17:00:00,0.89161,0.89164,0.89102,0.89111,2651.49
2024.07.23 18:00:00,0.8911,0.89158,0.89108,0.89133,1319.22
2024.07.23 19:00:00,0.89135,0.89156,0.89128,0.89152,1352.66
2024.07.23 20:00:00,0.89152,0.89161,0.89119,0.89123,1673.28
2024.07.23 21:00:00,0.89123,0.89123,0.89059,0.89107,1113.02
2024.07.23 22:00:00,0.89109,0.89144,0.89099,0.89122,2157.33
2024.07.23 23:00:00,0.89121,0.89157,0.89112,0.89148,658.05
2024.07.24 00:00:00,0.89149,0.89207,0.89147,0.89188,1855.5
2024.07.24 01:00:00,0.89188,0.89194,0.89133,0.89162,2971.49
2024.07.24 02:00:00,0.89164,0.8921,0.89163,0.89199,1558.55
2024.07.24 03:00:00,0.89199,0.89203,0.89164,0.89168,1250.15
2024.07.24 04:00:00,0.89167,0.89173,0.89093,0.89116,2136.97
2024.07.24 05:00:00,0.8912,0.89123,0.89063,0.89064,2705.5
2024.07.24 06:00:00,0.89066,0.8913,0.89059,0.89082,3762.52
2024.07.24 07:00:00,0.89082,0.89082,0.88973,0.89031,7616.5
2024.07.24 08:00:00,0.89031,0.89057,0.88897,0.88911,5020.26
2024.07.24 09:00:00,0.8891,0.88922,0.8873,0.88748,4705.49
2024.07.24 10:00:00,0.88746,0.88756,0.88644,0.88686,3534.88
2024.07.24 11:00:00,0.88685,0.8875,0.88604,0.88644,3507.63
2024.07.24 12:00:00,0.88643,0.88654,0.88449,0.88475,7179.65
2024.07.24 13:00:00,0.88474,0.88498,0.88317,0.88413,12043.43
2024.07.24 14:00:00,0.88415,0.8848,0.88283,0.88382,13064.68
2024.07.24 15:00:00,0.88381,0.88411,0.88317,0.88381,5080.44
2024.07.24 16:00:00,0.8838,0.88447,0.8837,0.8842,2183.07
2024.07.24 17:00:00,0.88419,0.88573,0.88399,0.88559,3057.9
2024.07.24 18:00:00,0.8856,0.88604,0.88536,0.88572,2514.85
2024.07.24 19:00:00,0.88571,0.88586,0.88541,0.88553,2558.29
2024.07.24 20:00:00,0.88555,0.88561,0.88512,0.88512,994.97
2024.07.24 21:00:00,0.88512,0.88527,0.88449,0.88468,2651.14
2024.07.24 22:00:00,0.88465,0.88512,0.88458,0.88477,1904.85
2024.07.24 23:00:00,0.88475,0.88518,0.88474,0.88513,1406.62
2024.07.25 00:00:00,0.88513,0.88538,0.88436,0.88444,6400.22
2024.07.25 01:00:00,0.88445,0.88447,0.88386,0.88429,5341.09
2024.07.25 02:00:00,0.88429,0.88436,0.88345,0.88376,3480.96
2024.07.25 03:00:00,0.88376,0.88376,0.88276,0.88279,3074.51
2024.07.25 04:00:00,0.8828,0.88333,0.88266,0.88292,2132.26
2024.07.25 05:00:00,0.88294,0.88334,0.88223,0.88269,2658.18
2024.07.25 06:00:00,0.8827,0.8833,0.88246,0.88303,4900.57
2024.07.25 07:00:00,0.88302,0.88315,0.87955,0.88041,10362.38
2024.07.25 08:00:00,0.88041,0.88127,0.87972,0.88067,7996.25
2024.07.25 09:00:00,0.88066,0.88079,0.87835,0.87862,6335.63
2024.07.25 10:00:00,0.8786,0.87878,0.87768,0.87852,6288.71
2024.07.25 11:00:00,0.87852,0.87875,0.87765,0.87804,4102.61
2024.07.25 12:00:00,0.87802,0.88102,0.87792,0.88075,13055.97
2024.07.25 13:00:00,0.88075,0.88205,0.8804,0.88062,13113.88
2024.07.25 14:00:00,0.88062,0.88077,0.87862,0.8798,10422.56
2024.07.25 15:00:00,0.8798,0.88035,0.87947,0.8802,5356.72
2024.07.25 16:00:00,0.88018,0.8811,0.88014,0.8802,4498.18
2024.07.25 17:00:00,0.88019,0.8805,0.8796,0.88048,5668.83
2024.07.25 18:00:00,0.88049,0.8808,0.88035,0.88048,3520.31
2024.07.25 19:00:00,0.88049,0.88095,0.88043,0.88091,3120
2024.07.25 20:00:00,0.88088,0.88167,0.88077,0.88165,3078.48
2024.07.25 21:00:00,0.88157,0.8816,0.88025,0.88064,2765.29
2024.07.25 22:00:00,0.8808,0.88163,0.8808,0.88115,1127.46
2024.07.25 23:00:00,0.88113,0.88116,0.88053,0.88069,1605.2
2024.07.26 00:00:00,0.88068,0.88135,0.88021,0.88119,3942.11
2024.07.26 01:00:00,0.8812,0.88136,0.88023,0.88044,3193.56
2024.07.26 02:00:00,0.88044,0.88105,0.88042,0.88102,1906.8
2024.07.26 03:00:00,0.88102,0.88112,0.88076,0.88077,1931.1
2024.07.26 04:00:00,0.88076,0.88101,0.88071,0.88095,1803.46
2024.07.26 05:00:00,0.88094,0.88137,0.88067,0.88114,1403.69
2024.07.26 06:00:00,0.88114,0.8819,0.8809,0.8816,2908.06
2024.07.26 07:00:00,0.88159,0.88259,0.88146,0.88253,5579.54
2024.07.26 08:00:00,0.88252,0.88417,0.88248,0.88336,5505.31
2024.07.26 09:00:00,0.88337,0.88374,0.88262,0.88301,3954.41
2024.07.26 10:00:00,0.88301,0.88361,0.88299,0.88355,2401.49
2024.07.26 11:00:00,0.88358,0.88386,0.88335,0.88335,2647.37
2024.07.26 12:00:00,0.88335,0.88443,0.88208,0.88265,9026.62
2024.07.26 13:00:00,0.8827,0.88292,0.88197,0.88248,8036.82
2024.07.26 14:00:00,0.88246,0.88316,0.88193,0.88295,8308.11
2024.07.26 15:00:00,0.88296,0.88342,0.88237,0.88257,3292.18
2024.07.26 16:00:00,0.88258,0.8831,0.88241,0.8831,2036.03
2024.07.26 17:00:00,0.8831,0.88344,0.88291,0.88337,2265.65
2024.07.26 18:00:00,0.88337,0.88374,0.88314,0.88357,1314.61
2024.07.26 19:00:00,0.88356,0.8837,0.88323,0.88337,4164.24
2024.07.26 20:00:00,0.88338,0.88385,0.88316,0.88339,1838.06
2024.07.28 21:00:00,0.8828,0.88362,0.88223,0.8831,1472.33
2024.07.28 22:00:00,0.88284,0.88402,0.88284,0.88395,1835.48
2024.07.28 23:00:00,0.88396,0.88448,0.88391,0.88446,674.99
2024.07.29 00:00:00,0.88447,0.88461,0.88288,0.88309,2678.67
2024.07.29 01:00:00,0.88309,0.8835,0.88248,0.88263,2765.97
2024.07.29 02:00:00,0.88265,0.88279,0.88198,0.88246,2236.62
2024.07.29 03:00:00,0.88246,0.88294,0.88242,0.8827,1154.72
2024.07.29 04:00:00,0.8827,0.88314,0.88257,0.88309,1185.57
2024.07.29 05:00:00,0.88309,0.88364,0.88292,0.88348,1675.52
2024.07.29 06:00:00,0.88349,0.88361,0.8828,0.88334,2605.58
2024.07.29 07:00:00,0.88337,0.88491,0.88313,0.88445,5213.46
2024.07.29 08:00:00,0.88445,0.88545,0.88433,0.88517,4846.34
2024.07.29 09:00:00,0.88517,0.88552,0.88428,0.88448,2517.16
2024.07.29 10:00:00,0.88449,0.88472,0.88412,0.88443,2356.13
2024.07.29 11:00:00,0.88443,0.88508,0.88431,0.885,1926.39
2024.07.29 12:00:00,0.885,0.88544,0.88479,0.88484,2722.77
2024.07.29 13:00:00,0.88484,0.88605,0.88471,0.88592,3678.85
2024.07.29 14:00:00,0.88592,0.88711,0.88585,0.88634,5743.31
2024.07.29 15:00:00,0.88633,0.88638,0.88561,0.88603,3649.32
2024.07.29 16:00:00,0.88602,0.8866,0.88599,0.88615,1605.34
2024.07.29 17:00:00,0.88615,0.88625,0.8857,0.886,1181.04
2024.07.29 18:00:00,0.88601,0.88641,0.88587,0.88628,1270.01
2024.07.29 19:00:00,0.88627,0.88628,0.88593,0.88616,2054.77
2024.07.29 20:00:00,0.88614,0.88627,0.88601,0.88604,832.99
2024.07.29 21:00:00,0.88604,0.88617,0.88591,0.88607,1057.48
2024.07.29 22:00:00,0.88604,0.88619,0.88549,0.88606,1331.46
2024.07.29 23:00:00,0.88603,0.88616,0.88575,0.88613,975.46
2024.07.30 00:00:00,0.88613,0.88644,0.88606,0.88627,1431.42
2024.07.30 01:00:00,0.88626,0.88687,0.88622,0.88656,1557.68
2024.07.30 02:00:00,0.88654,0.88663,0.8863,0.88642,1569.09
2024.07.30 03:00:00,0.88642,0.88661,0.88622,0.88627,776.1
2024.07.30 04:00:00,0.88627,0.88669,0.88625,0.88669,886.83
2024.07.30 05:00:00,0.88669,0.88735,0.88664,0.88716,1656.67
2024.07.30 06:00:00,0.88717,0.88751,0.88673,0.88737,2970.88
2024.07.30 07:00:00,0.88738,0.88752,0.88566,0.88638,4185.15
2024.07.30 08:00:00,0.88638,0.88667,0.88532,0.88605,4062.27
2024.07.30 09:00:00,0.88605,0.88632,0.88567,0.88581,2368.16
2024.07.30 10:00:00,0.88581,0.88581,0.88537,0.88571,2027.35
2024.07.30 11:00:00,0.88571,0.88622,0.88548,0.88618,1728.8
2024.07.30 12:00:00,0.88619,0.88669,0.88585,0.88622,2959.42
2024.07.30 13:00:00,0.88624,0.88624,0.88472,0.88484,5649.5
2024.07.30 14:00:00,0.88486,0.88632,0.88464,0.886,7494.93
2024.07.30 15:00:00,0.886,0.886,0.88486,0.88523,6831.63
2024.07.30 16:00:00,0.88521,0.88543,0.88308,0.88311,4719.02
2024.07.30 17:00:00,0.88311,0.88404,0.88252,0.88401,5309.49
2024.07.30 18:00:00,0.88402,0.88414,0.88356,0.88371,2152.3
2024.07.30 19:00:00,0.8837,0.88413,0.88369,0.8839,1447.72
2024.07.30 20:00:00,0.8839,0.88391,0.88252,0.88252,1680.95
2024.07.30 21:00:00,0.88252,0.88298,0.88241,0.88259,5135.72
2024.07.30 22:00:00,0.88257,0.88307,0.88242,0.88272,3940.41
2024.07.30 23:00:00,0.8827,0.88273,0.88175,0.88188,3143.07
2024.07.31 00:00:00,0.88187,0.88249,0.88132,0.88171,4286.9
2024.07.31 01:00:00,0.88171,0.88208,0.88128,0.88178,4540.67
2024.07.31 02:00:00,0.88177,0.88291,0.88163,0.88249,3952.8
2024.07.31 03:00:00,0.8825,0.88262,0.88063,0.88225,4333.11
2024.07.31 04:00:00,0.88225,0.88301,0.88098,0.881,5314.86
2024.07.31 05:00:00,0.88099,0.88262,0.88086,0.88191,3350.45
2024.07.31 06:00:00,0.88192,0.88237,0.88145,0.88149,7190.56
2024.07.31 07:00:00,0.88145,0.88279,0.8804,0.88109,9935.63
2024.07.31 08:00:00,0.8811,0.88214,0.88024,0.88118,9608.27
2024.07.31 09:00:00,0.88117,0.88192,0.88087,0.88119,4685.09
2024.07.31 10:00:00,0.8812,0.88121,0.88034,0.8807,3620.16
2024.07.31 11:00:00,0.88071,0.88076,0.87967,0.8803,4549.61
2024.07.31 12:00:00,0.88028,0.88035,0.87805,0.87861,10404.13
2024.07.31 13:00:00,0.87859,0.87871,0.87701,0.87762,6398.69
2024.07.31 14:00:00,0.87762,0.88078,0.87701,0.88004,12819.32
2024.07.31 15:00:00,0.88006,0.8802,0.87895,0.8797,7100.24
2024.07.31 16:00:00,0.87974,0.88071,0.87973,0.88045,3074.37
2024.07.31 17:00:00,0.88046,0.88083,0.88027,0.88042,2534.62
2024.07.31 18:00:00,0.88041,0.88183,0.87916,0.87917,11236.9
2024.07.31 19:00:00,0.87919,0.87928,0.8772,0.87766,7873.24
2024.07.31 20:00:00,0.87767,0.87832,0.87731,0.87796,2249.37
2024.07.31 21:00:00,0.8779,0.87842,0.87755,0.87795,3398.77
2024.07.31 22:00:00,0.87788,0.87823,0.87765,0.87816,1183.59
2024.07.31 23:00:00,0.87815,0.87834,0.87803,0.8782,1094.6
2024.08.01 00:00:00,0.8782,0.87824,0.87722,0.8774,3419.61
2024.08.01 01:00:00,0.87742,0.87757,0.87591,0.87713,5134.28
2024.08.01 02:00:00,0.87714,0.87753,0.87676,0.87745,4436.53
2024.08.01 03:00:00,0.87748,0.87755,0.87698,0.87707,2223.09
2024.08.01 04:00:00,0.87707,0.87714,0.87639,0.87701,3479.01
2024.08.01 05:00:00,0.87703,0.87746,0.87679,0.87736,4350.54
2024.08.01 06:00:00,0.87736,0.87747,0.87644,0.87649,5552.47
2024.08.01 07:00:00,0.87648,0.87715,0.87576,0.87679,6068.59
2024.08.01 08:00:00,0.87678,0.8771,0.87537,0.87566,7527.99
2024.08.01 09:00:00,0.87569,0.87695,0.87561,0.87692,4725.7
2024.08.01 10:00:00,0.87691,0.87745,0.8764,0.87706,3237.1
2024.08.01 11:00:00,0.8771,0.87767,0.87663,0.87711,5072.98
2024.08.01 12:00:00,0.87709,0.87755,0.87457,0.87612,10161.57
2024.08.01 13:00:00,0.87614,0.87694,0.87537,0.87553,7229.35
2024.08.01 14:00:00,0.87553,0.87553,0.87288,0.8739,13161.33
2024.08.01 15:00:00,0.87391,0.87455,0.87387,0.87442,7501.15
2024.08.01 16:00:00,0.87443,0.87461,0.87269,0.87388,4930.61
2024.08.01 17:00:00,0.87389,0.87416,0.8732,0.87344,3904.66
2024.08.01 18:00:00,0.87344,0.87361,0.87282,0.87282,3413.05
2024.08.01 19:00:00,0.87283,0.87362,0.87257,0.87359,4241.84
2024.08.01 20:00:00,0.87359,0.87362,0.87286,0.87288,2054.83
2024.08.01 21:00:00,0.87286,0.87327,0.87239,0.87281,1648.33
2024.08.01 22:00:00,0.87282,0.87336,0.87258,0.87309,2089.42
2024.08.01 23:00:00,0.87307,0.87309,0.87251,0.87292,2353.13
2024.08.02 00:00:00,0.8729,0.87334,0.87186,0.87248,3558.1
2024.08.02 01:00:00,0.87248,0.8729,0.87231,0.87264,2712.54
2024.08.02 02:00:00,0.87267,0.87327,0.87219,0.87279,2381.18
2024.08.02 03:00:00,0.87279,0.87291,0.87211,0.87237,1492.43
2024.08.02 04:00:00,0.87236,0.87244,0.87174,0.87181,2114.01
2024.08.02 05:00:00,0.8718,0.87211,0.87099,0.87115,3163.8
2024.08.02 06:00:00,0.87115,0.87274,0.87065,0.87172,7227.45
2024.08.02 07:00:00,0.8717,0.87278,0.87093,0.8718,7501.41
2024.08.02 08:00:00,0.8718,0.87251,0.87136,0.87171,5994.32
2024.08.02 09:00:00,0.8717,0.87181,0.87013,0.87027,4511.7
2024.08.02 10:00:00,0.87028,0.87048,0.86964,0.87035,4367.29
2024.08.02 11:00:00,0.87034,0.87107,0.87029,0.87061,3739.92
2024.08.02 12:00:00,0.87061,0.87119,0.86316,0.86416,21409.25
2024.08.02 13:00:00,0.86418,0.86633,0.86233,0.86268,19139.3
2024.08.02 14:00:00,0.86269,0.86324,0.85871,0.85908,23836.89
2024.08.02 15:00:00,0.85907,0.86087,0.85768,0.86049,14858.74
2024.08.02 16:00:00,0.86047,0.86188,0.85963,0.85984,12300.07
2024.08.02 17:00:00,0.85983,0.85989,0.85883,0.85969,6017.07
2024.08.02 18:00:00,0.85969,0.85992,0.8589,0.8589,4133.96
2024.08.02 19:00:00,0.85887,0.85958,0.85861,0.85906,3651.16
2024.08.02 20:00:00,0.85904,0.85926,0.85735,0.85779,2258.96
2024.08.04 21:00:00,0.85903,0.85916,0.85728,0.85795,1793.03
2024.08.04 22:00:00,0.85795,0.85943,0.85699,0.85888,4829.44
2024.08.04 23:00:00,0.85888,0.85888,0.85565,0.85637,6541.94
2024.08.05 00:00:00,0.85635,0.85724,0.85358,0.85457,17110.49
2024.08.05 01:00:00,0.85456,0.85532,0.852,0.85436,13259.36
2024.08.05 02:00:00,0.85434,0.85578,0.85428,0.85461,5538.79
2024.08.05 03:00:00,0.85462,0.8547,0.85169,0.85207,5973.1
2024.08.05 04:00:00,0.85206,0.85237,0.84871,0.84919,11991.18
2024.08.05 05:00:00,0.84917,0.85119,0.84634,0.84757,14867.98
2024.08.05 06:00:00,0.84753,0.85186,0.84474,0.84987,30585.2
2024.08.05 07:00:00,0.84987,0.8534,0.84685,0.8524,20692.02
2024.08.05 08:00:00,0.85236,0.85258,0.84862,0.85011,15178.81
2024.08.05 09:00:00,0.85012,0.85119,0.84852,0.84937,9022.97
2024.08.05 10:00:00,0.84936,0.85079,0.84817,0.84922,7087.96
2024.08.05 11:00:00,0.84921,0.85121,0.848,0.848,7383.58
2024.08.05 12:00:00,0.84796,0.84885,0.84319,0.84443,20971.73
2024.08.05 13:00:00,0.84445,0.84863,0.84424,0.84812,21167.07
2024.08.05 14:00:00,0.84811,0.85104,0.84731,0.84888,21948
2024.08.05 15:00:00,0.84892,0.85296,0.84857,0.85281,13957.89
2024.08.05 16:00:00,0.85282,0.85529,0.85259,0.8534,13371.11
2024.08.05 17:00:00,0.8534,0.85423,0.85142,0.85173,11809.95
2024.08.05 18:00:00,0.85174,0.85224,0.85031,0.85053,9131.69
2024.08.05 19:00:00,0.85054,0.85131,0.84976,0.85024,6573.11
2024.08.05 20:00:00,0.85024,0.8524,0.85012,0.85211,4588.22
2024.08.05 21:00:00,0.85195,0.85297,0.85013,0.8525,2317.28
2024.08.05 22:00:00,0.85159,0.85302,0.85149,0.85297,3480.21
2024.08.05 23:00:00,0.85293,0.85507,0.85283,0.8548,5984.44
2024.08.06 00:00:00,0.85481,0.85551,0.85412,0.85432,9962.13
2024.08.06 01:00:00,0.85431,0.85568,0.85366,0.85483,7895.39
2024.08.06 02:00:00,0.85484,0.85552,0.85427,0.85528,4406.08
2024.08.06 03:00:00,0.85526,0.85644,0.85498,0.85572,4786.56
2024.08.06 04:00:00,0.85572,0.85642,0.85514,0.85607,5706.78
2024.08.06 05:00:00,0.85608,0.85714,0.85483,0.85686,6246.24
2024.08.06 06:00:00,0.85685,0.8569,0.85445,0.85457,10205.28
2024.08.06 07:00:00,0.85457,0.85645,0.85325,0.85589,11250.68
2024.08.06 08:00:00,0.85592,0.85642,0.85349,0.85432,9792.24
2024.08.06 09:00:00,0.85431,0.85531,0.85369,0.85462,8766.12
2024.08.06 10:00:00,0.85461,0.85531,0.8538,0.85447,6229.38
2024.08.06 11:00:00,0.85447,0.8555,0.85373,0.8539,6417.28
2024.08.06 12:00:00,0.85389,0.85461,0.85222,0.85299,11603.6
2024.08.06 13:00:00,0.85298,0.85331,0.85006,0.85201,15405.85
2024.08.06 14:00:00,0.85203,0.85321,0.85132,0.85248,15423.8
2024.08.06 15:00:00,0.85246,0.85349,0.85195,0.85325,11414.3
2024.08.06 16:00:00,0.85326,0.85419,0.85277,0.85356,6171.98
2024.08.06 17:00:00,0.85356,0.85395,0.85239,0.85377,4849.05
2024.08.06 18:00:00,0.85375,0.85388,0.85297,0.85299,3909.08
2024.08.06 19:00:00,0.85298,0.8533,0.85209,0.85219,4341.72
2024.08.06 20:00:00,0.85218,0.85271,0.85089,0.85144,2888.11
2024.08.06 21:00:00,0.85144,0.852,0.84993,0.85106,3325.64
2024.08.06 22:00:00,0.85074,0.8525,0.85074,0.85225,3000.99
2024.08.06 23:00:00,0.85225,0.85279,0.85205,0.85269,1629.64
2024.08.07 00:00:00,0.8527,0.85414,0.85242,0.85349,4071.41
2024.08.07 01:00:00,0.85351,0.85789,0.85298,0.85637,11439.8
2024.08.07 02:00:00,0.85636,0.85718,0.85569,0.85648,6286.04
2024.08.07 03:00:00,0.85648,0.85808,0.85598,0.85786,4158.01
2024.08.07 04:00:00,0.85787,0.85921,0.85787,0.85885,4542.63
2024.08.07 05:00:00,0.85885,0.85933,0.85661,0.85706,7183.57
2024.08.07 06:00:00,0.85704,0.85795,0.85624,0.85632,7730.59
2024.08.07 07:00:00,0.85629,0.85708,0.85463,0.85578,10117.88
2024.08.07 08:00:00,0.85577,0.859,0.85576,0.85874,7280.3
2024.08.07 09:00:00,0.85873,0.86387,0.85858,0.86302,5862.44
2024.08.07 10:00:00,0.86304,0.86319,0.86163,0.86261,4937.71
2024.08.07 11:00:00,0.86266,0.86403,0.86187,0.86202,5452.03
2024.08.07 12:00:00,0.86199,0.86199,0.86037,0.86109,8549.57
2024.08.07 13:00:00,0.86109,0.86502,0.86077,0.8642,9087.85
2024.08.07 14:00:00,0.86421,0.86554,0.8617,0.86462,13170.3
2024.08.07 15:00:00,0.86461,0.86618,0.86428,0.86523,8936.32
2024.08.07 16:00:00,0.86523,0.86541,0.86267,0.86297,6654.94
2024.08.07 17:00:00,0.863,0.86343,0.86119,0.86168,7022.43
2024.08.07 18:00:00,0.86169,0.86223,0.86078,0.86174,8477.7
2024.08.07 19:00:00,0.86175,0.86271,0.86134,0.86162,6360.72
2024.08.07 20:00:00,0.8616,0.86216,0.86147,0.86162,2922.87
2024.08.07 21:00:00,0.86158,0.8629,0.86132,0.86163,1352.99
2024.08.07 22:00:00,0.86144,0.86202,0.86066,0.86072,2169.53
2024.08.07 23:00:00,0.86071,0.86076,0.85805,0.86,10089.63
2024.08.08 00:00:00,0.86001,0.86091,0.85724,0.85851,13491.26
2024.08.08 01:00:00,0.85852,0.86032,0.85846,0.85976,7511.59
2024.08.08 02:00:00,0.85976,0.86095,0.85971,0.85992,4358.48
2024.08.08 03:00:00,0.85992,0.86074,0.85957,0.85986,3168.38
2024.08.08 04:00:00,0.85988,0.85995,0.85853,0.8591,5428.9
2024.08.08 05:00:00,0.85909,0.85989,0.85828,0.85829,4400.16
2024.08.08 06:00:00,0.85829,0.86033,0.85792,0.85962,7194.63
2024.08.08 07:00:00,0.85964,0.86014,0.85832,0.85884,8384.2
2024.08.08 08:00:00,0.85885,0.85918,0.85823,0.85838,6421.25
2024.08.08 09:00:00,0.85839,0.85856,0.8569,0.85733,5444.94
2024.08.08 10:00:00,0.85736,0.85817,0.85702,0.85792,5417.6
2024.08.08 11:00:00,0.8579,0.8579,0.85647,0.85736,6058.78
2024.08.08 12:00:00,0.85735,0.86288,0.85595,0.86201,17679.09
2024.08.08 13:00:00,0.86196,0.86738,0.86163,0.86433,18995.89
2024.08.08 14:00:00,0.86432,0.86563,0.86404,0.86481,13615.79
2024.08.08 15:00:00,0.86481,0.86717,0.8644,0.86562,8392.73
2024.08.08 16:00:00,0.86561,0.86696,0.8653,0.86616,3615.16
2024.08.08 17:00:00,0.86615,0.86703,0.86556,0.86668,4735.41
2024.08.08 18:00:00,0.86667,0.86676,0.86582,0.86586,3065.87
2024.08.08 19:00:00,0.86587,0.86614,0.86532,0.86556,3688.14
2024.08.08 20:00:00,0.86557,0.86687,0.86547,0.86651,1766.91
2024.08.08 21:00:00,0.86651,0.86664,0.86555,0.86626,6033.06
2024.08.08 22:00:00,0.86625,0.86683,0.86606,0.86639,8728.14
2024.08.08 23:00:00,0.86639,0.86701,0.86629,0.86696,2418.95
2024.08.09 00:00:00,0.86696,0.86696,0.86542,0.86624,4798.91
2024.08.09 01:00:00,0.86623,0.86667,0.86596,0.86625,3748.86
2024.08.09 02:00:00,0.86625,0.86658,0.86612,0.86647,3292.76
2024.08.09 03:00:00,0.86647,0.86663,0.86579,0.86619,1869.5
2024.08.09 04:00:00,0.8662,0.86662,0.865,0.86528,3161.73
2024.08.09 05:00:00,0.86528,0.86647,0.86476,0.86599,4661.56
2024.08.09 06:00:00,0.866,0.86665,0.86538,0.86636,3080.67
2024.08.09 07:00:00,0.86638,0.86716,0.86562,0.86581,4527.71
2024.08.09 08:00:00,0.8658,0.86595,0.86494,0.86541,3971.71
2024.08.09 09:00:00,0.86544,0.86578,0.8647,0.86539,2886.82
2024.08.09 10:00:00,0.86539,0.8654,0.86452,0.86488,2799.44
2024.08.09 11:00:00,0.86489,0.86513,0.86375,0.86441,6419.18
2024.08.09 12:00:00,0.86442,0.86506,0.86374,0.86467,9904.43
2024.08.09 13:00:00,0.86468,0.86491,0.86374,0.86447,9424.32
2024.08.09 14:00:00,0.86447,0.86505,0.8632,0.86469,8348.71
2024.08.09 15:00:00,0.86471,0.8649,0.86367,0.86386,4860.42
2024.08.09 16:00:00,0.86387,0.86462,0.86373,0.86443,2510.63
2024.08.09 17:00:00,0.86442,0.86522,0.86436,0.86482,2487.67
2024.08.09 18:00:00,0.86483,0.86505,0.86434,0.86466,1741.47
2024.08.09 19:00:00,0.86468,0.86475,0.86432,0.86452,2296.3
2024.08.09 20:00:00,0.86454,0.86536,0.86442,0.86492,2582.26
2024.08.11 21:00:00,0.86344,0.86527,0.8625,0.86381,908.49
2024.08.11 22:00:00,0.86381,0.86609,0.86372,0.86545,3120.5
2024.08.11 23:00:00,0.86544,0.86571,0.86478,0.86499,2353.02
2024.08.12 00:00:00,0.86499,0.86523,0.86459,0.86502,2006.48
2024.08.12 01:00:00,0.86502,0.86536,0.86457,0.86526,1886.95
2024.08.12 02:00:00,0.86525,0.86549,0.86488,0.86537,2144.42
2024.08.12 03:00:00,0.86538,0.86631,0.86534,0.86629,2032.16
2024.08.12 04:00:00,0.86628,0.86678,0.86604,0.8667,1604.43
2024.08.12 05:00:00,0.86669,0.86756,0.86661,0.86747,2148.29
2024.08.12 06:00:00,0.86747,0.86864,0.86692,0.86751,4115.84
2024.08.12 07:00:00,0.8675,0.86825,0.86645,0.86797,6637.24
2024.08.12 08:00:00,0.86796,0.86934,0.86785,0.8685,5460.66
2024.08.12 09:00:00,0.8685,0.86897,0.86787,0.86806,3088.23
2024.08.12 10:00:00,0.86804,0.86853,0.86776,0.86835,2750.8
2024.08.12 11:00:00,0.86838,0.86959,0.86823,0.86873,3346.02
2024.08.12 12:00:00,0.86874,0.86935,0.86829,0.86907,4367.63
2024.08.12 13:00:00,0.86907,0.87116,0.86834,0.8685,10093.33
2024.08.12 14:00:00,0.86849,0.87009,0.86805,0.86821,8266.06
2024.08.12 15:00:00,0.86821,0.86873,0.86597,0.86731,8963.39
2024.08.12 16:00:00,0.86731,0.86746,0.86601,0.86675,4721.9
2024.08.12 17:00:00,0.8667,0.86674,0.86506,0.86524,5188.7
2024.08.12 18:00:00,0.86524,0.86573,0.86501,0.86528,2807.93
2024.08.12 19:00:00,0.86529,0.86531,0.86444,0.86482,1868.35
2024.08.12 20:00:00,0.86485,0.86542,0.86481,0.86506,1487.36
2024.08.12 21:00:00,0.86503,0.86577,0.86492,0.8651,1726.38
2024.08.12 22:00:00,0.8651,0.86546,0.86503,0.86529,5188.78
2024.08.12 23:00:00,0.86529,0.86557,0.86463,0.8648,1328.74
2024.08.13 00:00:00,0.86481,0.86652,0.86481,0.86627,2761
2024.08.13 01:00:00,0.86628,0.86673,0.86594,0.86602,2270
2024.08.13 02:00:00,0.86603,0.86603,0.86558,0.86574,663.98
2024.08.13 03:00:00,0.86573,0.86589,0.86559,0.86581,821.98
2024.08.13 04:00:00,0.86581,0.86787,0.86581,0.86731,2068.16
2024.08.13 05:00:00,0.86731,0.86763,0.8666,0.86686,2354.15
2024.08.13 06:00:00,0.86686,0.86776,0.86625,0.86748,4611.55
2024.08.13 07:00:00,0.86749,0.8679,0.8664,0.867,5320.96
2024.08.13 08:00:00,0.86699,0.8677,0.86623,0.86727,4617.49
2024.08.13 09:00:00,0.86731,0.86791,0.86707,0.86778,3675.21
2024.08.13 10:00:00,0.86777,0.8678,0.86677,0.86693,3575.54
2024.08.13 11:00:00,0.86694,0.86772,0.86642,0.86656,4740.42
2024.08.13 12:00:00,0.86655,0.86797,0.86568,0.86659,11866.11
2024.08.13 13:00:00,0.86661,0.86673,0.86416,0.86561,12715.44
2024.08.13 14:00:00,0.86561,0.86613,0.86487,0.86543,7794.41
2024.08.13 15:00:00,0.86544,0.86591,0.8651,0.86538,3884.44
2024.08.13 16:00:00,0.86537,0.86542,0.86465,0.86483,3167.55
2024.08.13 17:00:00,0.86483,0.86556,0.86455,0.86538,3739.74
2024.08.13 18:00:00,0.86541,0.86551,0.86374,0.86392,4646.37
2024.08.13 19:00:00,0.86393,0.86456,0.86366,0.86448,4022.08
2024.08.13 20:00:00,0.86446,0.86525,0.86443,0.86473,3361.24
2024.08.13 21:00:00,0.86473,0.86487,0.8641,0.86423,3961.07
2024.08.13 22:00:00,0.86423,0.86533,0.86416,0.86498,4082.28
2024.08.13 23:00:00,0.865,0.86524,0.86465,0.86508,1234.2
2024.08.14 00:00:00,0.86505,0.86546,0.86468,0.86543,2026.71
2024.08.14 01:00:00,0.86544,0.86584,0.86477,0.86543,2498.46
2024.08.14 02:00:00,0.86541,0.86542,0.86372,0.86429,5099.65
2024.08.14 03:00:00,0.86429,0.86527,0.86402,0.86501,3356.15
2024.08.14 04:00:00,0.86501,0.86516,0.86454,0.86461,2082.46
2024.08.14 05:00:00,0.86462,0.86522,0.86448,0.8651,1497.93
2024.08.14 06:00:00,0.86513,0.86547,0.86465,0.86471,4693.36
2024.08.14 07:00:00,0.86471,0.86504,0.86311,0.86354,5163.88
2024.08.14 08:00:00,0.86354,0.86405,0.86219,0.86244,6170.38
2024.08.14 09:00:00,0.86247,0.86314,0.86202,0.86252,4452.76
2024.08.14 10:00:00,0.86253,0.86329,0.86252,0.86266,3718.06
2024.08.14 11:00:00,0.86266,0.86344,0.8624,0.863,4222.75
2024.08.14 12:00:00,0.863,0.86607,0.86162,0.8651,14663.58
2024.08.14 13:00:00,0.86512,0.86567,0.86335,0.86424,12912.39
2024.08.14 14:00:00,0.86426,0.86451,0.86192,0.86331,14906.81
2024.08.14 15:00:00,0.86332,0.86411,0.86302,0.86383,7039.78
2024.08.14 16:00:00,0.86383,0.86503,0.86354,0.86473,2693.19
2024.08.14 17:00:00,0.86472,0.86555,0.8647,0.86528,1937.43
2024.08.14 18:00:00,0.86529,0.86537,0.86489,0.86492,1665
2024.08.14 19:00:00,0.86492,0.86542,0.8647,0.86533,2058.18
2024.08.14 20:00:00,0.8653,0.8654,0.86479,0.86515,1089.54
2024.08.14 21:00:00,0.86506,0.86535,0.86424,0.86519,1929.44
2024.08.14 22:00:00,0.86519,0.86529,0.86481,0.86518,1381.56
2024.08.14 23:00:00,0.86516,0.86547,0.86494,0.86501,950.09
2024.08.15 00:00:00,0.86503,0.86532,0.86481,0.86502,1483.44
2024.08.15 01:00:00,0.86502,0.86634,0.86498,0.86591,2978.24
2024.08.15 02:00:00,0.8659,0.86632,0.86568,0.86611,1324.29
2024.08.15 03:00:00,0.8661,0.86623,0.86567,0.86589,925.2
2024.08.15 04:00:00,0.8659,0.8659,0.86509,0.86531,1126.9
2024.08.15 05:00:00,0.8653,0.86587,0.86515,0.86545,1400.2
2024.08.15 06:00:00,0.86544,0.86586,0.86476,0.86504,2975.76
2024.08.15 07:00:00,0.86503,0.86583,0.86467,0.86559,3746.29
2024.08.15 08:00:00,0.86563,0.86633,0.86562,0.86613,3270.31
2024.08.15 09:00:00,0.86613,0.86695,0.86596,0.86669,2917.08
2024.08.15 10:00:00,0.86669,0.86687,0.86598,0.86628,2582.34
2024.08.15 11:00:00,0.86623,0.86662,0.86602,0.86627,2477.86
2024.08.15 12:00:00,0.86628,0.87373,0.86616,0.87301,16043.4
2024.08.15 13:00:00,0.87301,0.87482,0.87187,0.87208,19324.08
2024.08.15 14:00:00,0.87207,0.8722,0.87054,0.87106,11373.55
2024.08.15 15:00:00,0.87105,0.8716,0.87056,0.87126,5158.28
2024.08.15 16:00:00,0.87122,0.87223,0.87089,0.87216,3011.74
2024.08.15 17:00:00,0.87217,0.87295,0.87201,0.87284,1814.11
2024.08.15 18:00:00,0.87282,0.8729,0.87208,0.87218,1662.83
2024.08.15 19:00:00,0.87221,0.87228,0.87176,0.87222,1944.17
2024.08.15 20:00:00,0.8722,0.87282,0.87204,0.87256,2388.07
2024.08.15 21:00:00,0.87257,0.8727,0.87221,0.87255,3408.74
2024.08.15 22:00:00,0.87253,0.87276,0.87227,0.87254,1339.77
2024.08.15 23:00:00,0.87254,0.8727,0.87231,0.87257,913.57
2024.08.16 00:00:00,0.87255,0.87263,0.87151,0.87192,2169.97
2024.08.16 01:00:00,0.87191,0.87212,0.871,0.87115,2487.05
2024.08.16 02:00:00,0.87115,0.87148,0.87096,0.8712,1103.44
2024.08.16 03:00:00,0.87121,0.8715,0.8711,0.87145,1057.82
2024.08.16 04:00:00,0.87146,0.87149,0.871,0.87112,1107.64
2024.08.16 05:00:00,0.87113,0.87137,0.871,0.87116,1401.2
2024.08.16 06:00:00,0.87118,0.87144,0.87083,0.87098,3180.05
2024.08.16 07:00:00,0.87096,0.87096,0.86942,0.86967,3810.87
2024.08.16 08:00:00,0.86969,0.86978,0.86814,0.86864,4552.35
2024.08.16 09:00:00,0.86865,0.86921,0.86831,0.86893,3708.45
2024.08.16 10:00:00,0.86893,0.86894,0.86776,0.86797,4252.5
2024.08.16 11:00:00,0.86796,0.86804,0.86702,0.86734,5103.42
2024.08.16 12:00:00,0.86733,0.86813,0.86642,0.86681,8163.38
2024.08.16 13:00:00,0.86682,0.86778,0.86658,0.86728,7797.52
2024.08.16 14:00:00,0.86733,0.86965,0.86733,0.86831,10719.36
2024.08.16 15:00:00,0.86831,0.86942,0.86812,0.86847,4464.04
2024.08.16 16:00:00,0.86847,0.86873,0.86831,0.86839,1988.31
2024.08.16 17:00:00,0.8684,0.86842,0.867,0.86726,1909.57
2024.08.16 18:00:00,0.86727,0.86767,0.8667,0.86694,1695.52
2024.08.16 19:00:00,0.86692,0.86742,0.8666,0.86674,1314.18
2024.08.16 20:00:00,0.86674,0.86683,0.8654,0.8658,2694.85
2024.08.18 21:00:00,0.86518,0.86666,0.86496,0.86642,642.77
2024.08.18 22:00:00,0.86643,0.86753,0.86602,0.86725,3677.09
2024.08.18 23:00:00,0.86726,0.86763,0.86719,0.86757,1202.93
2024.08.19 00:00:00,0.86758,0.86772,0.86661,0.8668,3098.35
2024.08.19 01:00:00,0.86683,0.86707,0.866,0.86671,3829.55
2024.08.19 02:00:00,0.86668,0.86715,0.8664,0.86649,1504.56
2024.08.19 03:00:00,0.86649,0.86649,0.86431,0.86444,4145.82
2024.08.19 04:00:00,0.86443,0.86475,0.86334,0.86385,3724.97
2024.08.19 05:00:00,0.86385,0.86412,0.8619,0.86202,5307.66
2024.08.19 06:00:00,0.86203,0.86405,0.86154,0.86404,6728.68
2024.08.19 07:00:00,0.86405,0.86472,0.86347,0.8638,6631.59
2024.08.19 08:00:00,0.86377,0.86475,0.86294,0.86456,5543.66
2024.08.19 09:00:00,0.86457,0.86551,0.8643,0.86523,4033.62
2024.08.19 10:00:00,0.86523,0.86562,0.86485,0.86524,4081.51
2024.08.19 11:00:00,0.86526,0.86534,0.86398,0.864,3721.16
2024.08.19 12:00:00,0.86399,0.8655,0.86382,0.86533,4665.21
2024.08.19 13:00:00,0.86535,0.86633,0.86476,0.86478,7902.41
2024.08.19 14:00:00,0.86482,0.86512,0.86282,0.86339,8884.3
2024.08.19 15:00:00,0.86338,0.86416,0.86263,0.86291,4528.34
2024.08.19 16:00:00,0.86293,0.86341,0.86274,0.863,2207.87
2024.08.19 17:00:00,0.86299,0.86327,0.86255,0.86261,1682.32
2024.08.19 18:00:00,0.86261,0.86283,0.86224,0.86265,1594.94
2024.08.19 19:00:00,0.86266,0.86274,0.86234,0.86261,1207.86
2024.08.19 20:00:00,0.86261,0.86288,0.86237,0.86271,1287.8
2024.08.19 21:00:00,0.86271,0.86303,0.8624,0.86261,2508.78
2024.08.19 22:00:00,0.86261,0.86272,0.86241,0.86249,772.86
2024.08.19 23:00:00,0.86249,0.86304,0.86231,0.86254,1750.33
2024.08.20 00:00:00,0.86255,0.86259,0.86174,0.86206,3061.13
2024.08.20 01:00:00,0.86206,0.86212,0.86044,0.86124,4473.44
2024.08.20 02:00:00,0.86122,0.86207,0.86097,0.86197,3505.87
2024.08.20 03:00:00,0.86198,0.86232,0.86162,0.86209,2528.93
2024.08.20 04:00:00,0.86206,0.86224,0.86176,0.86199,1467.35
2024.08.20 05:00:00,0.86198,0.86248,0.86189,0.86194,2260.42
2024.08.20 06:00:00,0.86195,0.86205,0.86127,0.86149,4166.5
2024.08.20 07:00:00,0.86151,0.86214,0.85914,0.85921,6141.68
2024.08.20 08:00:00,0.85917,0.86013,0.85883,0.86004,6512.92
2024.08.20 09:00:00,0.86003,0.86031,0.85956,0.86,4376.29
2024.08.20 10:00:00,0.86001,0.8601,0.85945,0.8595,4228.23
2024.08.20 11:00:00,0.85951,0.85994,0.85931,0.85953,2489.71
2024.08.20 12:00:00,0.85953,0.86044,0.85903,0.8591,5790.63
2024.08.20 13:00:00,0.85911,0.8593,0.858,0.85808,8029.28
2024.08.20 14:00:00,0.85809,0.85933,0.85653,0.85716,11552.51
2024.08.20 15:00:00,0.85716,0.85805,0.85678,0.85766,6397.57
2024.08.20 16:00:00,0.85765,0.8577,0.85579,0.85615,2555.08
2024.08.20 17:00:00,0.85613,0.85645,0.85589,0.85626,1750.55
2024.08.20 18:00:00,0.85627,0.85645,0.85547,0.85549,1292.29
2024.08.20 19:00:00,0.85547,0.85562,0.85454,0.85489,1500.43
2024.08.20 20:00:00,0.85488,0.85491,0.8539,0.85391,1517.97
2024.08.20 21:00:00,0.85388,0.85421,0.85382,0.85396,558.85
2024.08.20 22:00:00,0.85395,0.85419,0.85319,0.85326,2042.63
2024.08.20 23:00:00,0.85326,0.85365,0.85206,0.85361,3292.29
2024.08.21 00:00:00,0.85362,0.85384,0.85209,0.8535,4733.31
2024.08.21 01:00:00,0.85349,0.85416,0.85332,0.85378,4857.74
2024.08.21 02:00:00,0.85379,0.85404,0.85345,0.85361,4389.69
2024.08.21 03:00:00,0.85361,0.85434,0.85348,0.85416,3373.92
2024.08.21 04:00:00,0.85416,0.8543,0.85393,0.85415,2635.21
2024.08.21 05:00:00,0.85414,0.85449,0.85406,0.85438,3707.17
2024.08.21 06:00:00,0.85438,0.85487,0.85412,0.85441,3512.16
2024.08.21 07:00:00,0.85442,0.85612,0.8534,0.85575,5766.69
2024.08.21 08:00:00,0.85572,0.85587,0.85463,0.85518,4118.64
2024.08.21 09:00:00,0.85518,0.85542,0.8546,0.85511,3589.59
2024.08.21 10:00:00,0.85512,0.85563,0.85461,0.85544,2847.9
2024.08.21 11:00:00,0.85543,0.85592,0.85494,0.85508,2882.9
2024.08.21 12:00:00,0.85507,0.85507,0.85375,0.85398,4677.91
2024.08.21 13:00:00,0.85397,0.85397,0.85287,0.85363,6773.79
2024.08.21 14:00:00,0.85367,0.85567,0.85196,0.85327,25740.65
2024.08.21 15:00:00,0.85327,0.85327,0.85104,0.85154,7788.05
2024.08.21 16:00:00,0.85159,0.85159,0.8507,0.8513,3789.1
2024.08.21 17:00:00,0.85131,0.85152,0.85055,0.85087,2238.39
2024.08.21 18:00:00,0.85086,0.85086,0.84947,0.85038,4747.83
2024.08.21 19:00:00,0.85037,0.85176,0.85037,0.85144,2239.46
2024.08.21 20:00:00,0.85144,0.85225,0.85144,0.85163,1513.62
2024.08.21 21:00:00,0.85163,0.85185,0.85005,0.85166,1969.74
2024.08.21 22:00:00,0.85166,0.85181,0.85078,0.85078,1349.13
2024.08.21 23:00:00,0.85078,0.85118,0.85046,0.8511,1340.12
2024.08.22 00:00:00,0.85112,0.85187,0.85045,0.85177,2841.36
2024.08.22 01:00:00,0.85176,0.85232,0.85154,0.85223,2004.07
2024.08.22 02:00:00,0.85228,0.85248,0.85167,0.85196,2124.86
2024.08.22 03:00:00,0.85197,0.85198,0.85113,0.85126,1582.67
2024.08.22 04:00:00,0.85126,0.85173,0.85102,0.85136,1812.08
2024.08.22 05:00:00,0.85136,0.85153,0.85101,0.85139,2069.55
2024.08.22 06:00:00,0.85139,0.8515,0.8503,0.85086,4122.85
2024.08.22 07:00:00,0.85086,0.85113,0.8494,0.85018,7590.83
2024.08.22 08:00:00,0.85018,0.85129,0.8489,0.85121,6996.93
2024.08.22 09:00:00,0.85122,0.85197,0.85069,0.85096,4393.36
2024.08.22 10:00:00,0.85097,0.85164,0.85064,0.85139,3322.08
2024.08.22 11:00:00,0.85145,0.85258,0.8514,0.85193,3907.97
2024.08.22 12:00:00,0.85192,0.85325,0.8508,0.85129,8949.63
2024.08.22 13:00:00,0.85129,0.85296,0.85057,0.85212,10060.53
2024.08.22 14:00:00,0.85212,0.85336,0.85204,0.85217,11127.39
2024.08.22 15:00:00,0.85219,0.85287,0.85128,0.85177,5056.65
2024.08.22 16:00:00,0.85177,0.85249,0.85151,0.85201,3102.86
2024.08.22 17:00:00,0.85199,0.85266,0.85185,0.85189,2802.41
2024.08.22 18:00:00,0.85189,0.85221,0.85143,0.85195,2154.44
2024.08.22 19:00:00,0.85196,0.85251,0.85157,0.85237,1778.63
2024.08.22 20:00:00,0.85235,0.85254,0.85199,0.85219,1092.45
2024.08.22 21:00:00,0.85219,0.85237,0.85087,0.85203,3293.42
2024.08.22 22:00:00,0.85211,0.85216,0.85163,0.85181,1144.39
2024.08.22 23:00:00,0.85181,0.85184,0.85145,0.85177,711.02
2024.08.23 00:00:00,0.85176,0.85203,0.8512,0.85159,3081.14
2024.08.23 01:00:00,0.85161,0.85168,0.8508,0.85092,2843.45
2024.08.23 02:00:00,0.85091,0.85152,0.85038,0.85137,2911.05
2024.08.23 03:00:00,0.85136,0.8516,0.85115,0.8515,1765.4
2024.08.23 04:00:00,0.8515,0.85215,0.85129,0.85172,1628.83
2024.08.23 05:00:00,0.85172,0.85194,0.85149,0.85182,1459.64
2024.08.23 06:00:00,0.85182,0.85232,0.85047,0.85098,4131.27
2024.08.23 07:00:00,0.85098,0.8516,0.85043,0.85099,4734.1
2024.08.23 08:00:00,0.85099,0.85216,0.85078,0.85191,4406.7
2024.08.23 09:00:00,0.85191,0.85268,0.85164,0.85256,3995.43
2024.08.23 10:00:00,0.85256,0.85266,0.85168,0.85185,2325
2024.08.23 11:00:00,0.85186,0.85238,0.85163,0.85198,2076.01
2024.08.23 12:00:00,0.85198,0.85268,0.85181,0.8522,4591.15
2024.08.23 13:00:00,0.8522,0.85413,0.85217,0.85293,5936.8
2024.08.23 14:00:00,0.85293,0.85311,0.84795,0.84887,31396.99
2024.08.23 15:00:00,0.84886,0.8493,0.84703,0.84912,12493.69
2024.08.23 16:00:00,0.84912,0.85012,0.84886,0.84974,5114.47
2024.08.23 17:00:00,0.84974,0.8498,0.84771,0.84792,3604.11
2024.08.23 18:00:00,0.84792,0.84808,0.84706,0.84783,3411.58
2024.08.23 19:00:00,0.84783,0.84784,0.84713,0.84771,2146.66
2024.08.23 20:00:00,0.84771,0.84797,0.84742,0.84763,2169.07
2024.08.25 21:00:00,0.84726,0.84756,0.84698,0.84709,356.96
2024.08.25 22:00:00,0.84711,0.84814,0.84704,0.84716,2726.04
2024.08.25 23:00:00,0.84714,0.84744,0.84679,0.84715,4173.44
2024.08.26 00:00:00,0.84716,0.84757,0.84556,0.84635,5939.67
2024.08.26 01:00:00,0.84637,0.84686,0.84561,0.84664,3562.94
2024.08.26 02:00:00,0.84664,0.84707,0.84607,0.84697,2271.45
2024.08.26 03:00:00,0.84698,0.84742,0.84676,0.84724,3499.55
2024.08.26 04:00:00,0.84725,0.84726,0.84688,0.84713,2040.43
2024.08.26 05:00:00,0.84714,0.84788,0.84706,0.84734,2345.71
2024.08.26 06:00:00,0.84732,0.84756,0.84633,0.84677,3668.8
2024.08.26 07:00:00,0.84677,0.84721,0.84623,0.84668,4552.71
2024.08.26 08:00:00,0.84668,0.84683,0.84567,0.84582,3898.33
2024.08.26 09:00:00,0.84581,0.84666,0.84557,0.8466,2198.28
2024.08.26 10:00:00,0.8466,0.84667,0.84587,0.84646,2417.8
2024.08.26 11:00:00,0.84646,0.84749,0.84619,0.84734,3148.07
2024.08.26 12:00:00,0.84735,0.84854,0.8469,0.84741,6192.28
2024.08.26 13:00:00,0.84742,0.84843,0.8472,0.84804,6299.02
2024.08.26 14:00:00,0.84804,0.84837,0.84627,0.84651,6107.47
2024.08.26 15:00:00,0.84653,0.84794,0.84645,0.84786,3941.95
2024.08.26 16:00:00,0.84787,0.84802,0.84724,0.84726,2858.17
2024.08.26 17:00:00,0.84728,0.84748,0.8467,0.84715,2576.31
2024.08.26 18:00:00,0.84716,0.84773,0.847,0.84702,1878.76
2024.08.26 19:00:00,0.84702,0.84756,0.84684,0.84754,1303.03
2024.08.26 20:00:00,0.84751,0.84765,0.84719,0.84719,729.5
2024.08.26 21:00:00,0.84719,0.84741,0.84676,0.84717,928.46
2024.08.26 22:00:00,0.84718,0.84718,0.8466,0.84677,1823.94
2024.08.26 23:00:00,0.84678,0.84714,0.84632,0.84709,949.14
2024.08.27 00:00:00,0.84707,0.84774,0.84679,0.84758,2139.13
2024.08.27 01:00:00,0.84759,0.84788,0.84672,0.84681,2076.68
2024.08.27 02:00:00,0.84681,0.84753,0.8467,0.84721,1591.41
2024.08.27 03:00:00,0.84725,0.8476,0.84713,0.84739,932.83
2024.08.27 04:00:00,0.84739,0.84739,0.84685,0.84702,1173.98
2024.08.27 05:00:00,0.84704,0.8479,0.84673,0.84752,1576.98
2024.08.27 06:00:00,0.84749,0.84784,0.84697,0.84777,3420.09
2024.08.27 07:00:00,0.84777,0.8484,0.84697,0.84751,5762.48
2024.08.27 08:00:00,0.84751,0.84779,0.84698,0.84755,3984.2
2024.08.27 09:00:00,0.84758,0.84766,0.84604,0.8463,4458.46
2024.08.27 10:00:00,0.84631,0.84706,0.84602,0.84653,3616.27
2024.08.27 11:00:00,0.84653,0.84675,0.84553,0.846,3422.43
2024.08.27 12:00:00,0.84599,0.84617,0.84504,0.8453,5691.28
2024.08.27 13:00:00,0.84529,0.84557,0.84324,0.84334,7574.63
2024.08.27 14:00:00,0.84336,0.84429,0.84213,0.84294,11987.79
2024.08.27 15:00:00,0.84294,0.84423,0.84294,0.84391,5921.08
2024.08.27 16:00:00,0.84389,0.84391,0.84311,0.84314,2692.25
2024.08.27 17:00:00,0.84316,0.84326,0.84181,0.84203,3881.35
2024.08.27 18:00:00,0.84204,0.84204,0.84088,0.8413,4377.18
2024.08.27 19:00:00,0.84132,0.84157,0.84121,0.84153,2717.52
2024.08.27 20:00:00,0.84153,0.84161,0.84122,0.84157,1278.4
2024.08.27 21:00:00,0.84152,0.84192,0.8413,0.84167,3216.37
2024.08.27 22:00:00,0.84172,0.84172,0.84089,0.84112,2233.6
2024.08.27 23:00:00,0.84111,0.84187,0.84099,0.84166,1729.44
2024.08.28 00:00:00,0.84166,0.84215,0.84151,0.84173,2654.62
2024.08.28 01:00:00,0.84173,0.84283,0.84164,0.84258,4185.79
2024.08.28 02:00:00,0.8426,0.84334,0.84238,0.84327,2468.76
2024.08.28 03:00:00,0.84326,0.84356,0.84312,0.84323,1732.48
2024.08.28 04:00:00,0.84325,0.84367,0.84314,0.84343,1658.18
2024.08.28 05:00:00,0.84344,0.84421,0.84332,0.84412,3637.26
2024.08.28 06:00:00,0.84412,0.84461,0.84374,0.84391,5005.96
2024.08.28 07:00:00,0.8439,0.84394,0.84277,0.84321,5782.75
2024.08.28 08:00:00,0.84321,0.84366,0.84298,0.84306,5125.91
2024.08.28 09:00:00,0.84306,0.84323,0.84211,0.84264,5216.49
2024.08.28 10:00:00,0.84264,0.84333,0.84242,0.84327,3382.31
2024.08.28 11:00:00,0.84328,0.84396,0.84279,0.84386,3438.63
2024.08.28 12:00:00,0.84385,0.84501,0.84309,0.84445,6740.6
2024.08.28 13:00:00,0.84445,0.84517,0.84408,0.84458,7195.28
2024.08.28 14:00:00,0.84458,0.8446,0.84186,0.84196,8141.68
2024.08.28 15:00:00,0.84194,0.84302,0.84111,0.84197,6545.39
2024.08.28 16:00:00,0.84197,0.84313,0.84191,0.84298,3136.32
2024.08.28 17:00:00,0.84298,0.84323,0.84232,0.8424,2837.1
2024.08.28 18:00:00,0.8424,0.84263,0.84187,0.84216,2306.81
2024.08.28 19:00:00,0.84215,0.84267,0.84201,0.84231,2196.3
2024.08.28 20:00:00,0.84231,0.84255,0.84154,0.84213,3332.76
2024.08.28 21:00:00,0.8421,0.84261,0.84083,0.84176,683.14
2024.08.28 22:00:00,0.84178,0.84182,0.84111,0.84121,2992.71
2024.08.28 23:00:00,0.8412,0.84188,0.84101,0.84182,1552.57
2024.08.29 00:00:00,0.84183,0.84225,0.84124,0.84159,3007.79
2024.08.29 01:00:00,0.84161,0.84172,0.8412,0.84154,2740.45
2024.08.29 02:00:00,0.84154,0.84168,0.841,0.84119,2426.34
2024.08.29 03:00:00,0.8412,0.84127,0.84052,0.84055,1962.75
2024.08.29 04:00:00,0.84055,0.84089,0.84022,0.84057,2211.2
2024.08.29 05:00:00,0.84055,0.84092,0.83999,0.84028,2593.98
2024.08.29 06:00:00,0.84029,0.84111,0.84002,0.84072,4159.11
2024.08.29 07:00:00,0.84071,0.84234,0.84059,0.84191,5533.05
2024.08.29 08:00:00,0.84191,0.84601,0.8419,0.84442,10894.37
2024.08.29 09:00:00,0.84441,0.84498,0.84318,0.84345,6229.78
2024.08.29 10:00:00,0.84343,0.84397,0.84323,0.84325,4160.95
2024.08.29 11:00:00,0.84325,0.84424,0.84319,0.84388,5595.32
2024.08.29 12:00:00,0.84389,0.84784,0.84389,0.84685,13799.23
2024.08.29 13:00:00,0.84685,0.84756,0.84627,0.84684,10567
2024.08.29 14:00:00,0.84682,0.84933,0.84651,0.8485,9885.1
2024.08.29 15:00:00,0.8485,0.84863,0.84642,0.84665,4709.1
2024.08.29 16:00:00,0.84665,0.84704,0.84643,0.84674,2900.64
2024.08.29 17:00:00,0.84675,0.84683,0.84627,0.84646,3013.52
2024.08.29 18:00:00,0.84645,0.84654,0.84594,0.84605,2236.11
2024.08.29 19:00:00,0.84604,0.84698,0.84599,0.84695,2184.04
2024.08.29 20:00:00,0.84697,0.84741,0.84672,0.84723,1795.72
2024.08.29 21:00:00,0.8472,0.8472,0.84579,0.84675,2245.09
2024.08.29 22:00:00,0.84675,0.84741,0.84675,0.8472,1500.71
2024.08.29 23:00:00,0.84719,0.84744,0.84692,0.84693,2609.94
2024.08.30 00:00:00,0.84692,0.84747,0.84677,0.84707,2286
2024.08.30 01:00:00,0.84706,0.84749,0.84666,0.84728,2713.14
2024.08.30 02:00:00,0.84728,0.84745,0.84716,0.84739,1627.63
2024.08.30 03:00:00,0.8474,0.84781,0.84718,0.84767,1051.17
2024.08.30 04:00:00,0.84768,0.8478,0.84731,0.84767,1323.96
2024.08.30 05:00:00,0.84769,0.84814,0.84758,0.8479,1407.09
2024.08.30 06:00:00,0.8479,0.84858,0.84768,0.84794,3966.55
2024.08.30 07:00:00,0.84793,0.84819,0.84721,0.84751,4597.15
2024.08.30 08:00:00,0.8475,0.84869,0.84705,0.84859,4809.98
2024.08.30 09:00:00,0.84859,0.84888,0.8481,0.84831,3497.12
2024.08.30 10:00:00,0.84831,0.84923,0.84789,0.84919,3156.79
2024.08.30 11:00:00,0.84917,0.84962,0.84857,0.8496,2802.14
2024.08.30 12:00:00,0.84956,0.85073,0.84854,0.85007,10122.21
2024.08.30 13:00:00,0.85006,0.85099,0.84942,0.84984,9182.36
2024.08.30 14:00:00,0.84984,0.84988,0.84747,0.84832,14029.72
2024.08.30 15:00:00,0.84833,0.84994,0.84827,0.84934,6352.99
2024.08.30 16:00:00,0.84932,0.85103,0.84924,0.85079,3288.47
2024.08.30 17:00:00,0.8508,0.85089,0.85009,0.85027,2403.77
2024.08.30 18:00:00,0.85027,0.8506,0.84983,0.85034,1597.51
2024.08.30 19:00:00,0.85037,0.85065,0.84991,0.85012,1923.29
2024.08.30 20:00:00,0.85014,0.85021,0.84911,0.84952,2053.34
2024.09.01 21:00:00,0.84828,0.84986,0.84775,0.8494,415.91
2024.09.01 22:00:00,0.8494,0.85057,0.8494,0.85053,1456.82
2024.09.01 23:00:00,0.85052,0.85096,0.85046,0.85069,1471.76
2024.09.02 00:00:00,0.85067,0.85094,0.84987,0.85002,2109.76
2024.09.02 01:00:00,0.85004,0.85037,0.84971,0.85,1994.04
2024.09.02 02:00:00,0.84997,0.85037,0.84959,0.84971,1636.63
2024.09.02 03:00:00,0.84969,0.84978,0.8492,0.84975,1091.69
2024.09.02 04:00:00,0.84975,0.85003,0.84966,0.84985,726.53
2024.09.02 05:00:00,0.84985,0.85046,0.84925,0.84933,1173.22
2024.09.02 06:00:00,0.8493,0.84963,0.84888,0.84919,3077.59
2024.09.02 07:00:00,0.84917,0.84963,0.84847,0.84922,4821.25
2024.09.02 08:00:00,0.84923,0.84998,0.84883,0.84985,3752.31
2024.09.02 09:00:00,0.84985,0.85006,0.84942,0.84973,2584.9
2024.09.02 10:00:00,0.84972,0.85068,0.84967,0.85036,1794.93
2024.09.02 11:00:00,0.85035,0.85153,0.85025,0.85121,2268.74
2024.09.02 12:00:00,0.85123,0.85138,0.85067,0.85116,2458.29
2024.09.02 13:00:00,0.85116,0.85298,0.85106,0.85215,4061.77
2024.09.02 14:00:00,0.85216,0.85371,0.85083,0.85097,4413.29
2024.09.02 15:00:00,0.85097,0.85188,0.85088,0.85155,1828.23
2024.09.02 16:00:00,0.85157,0.85183,0.85143,0.85143,481.26
2024.09.02 17:00:00,0.85143,0.85158,0.85124,0.85152,164.01
2024.09.02 18:00:00,0.85153,0.85154,0.85135,0.85136,200.08
2024.09.02 19:00:00,0.85139,0.85146,0.85131,0.85145,107.61
2024.09.02 20:00:00,0.85149,0.85166,0.85138,0.85142,287.8
2024.09.02 21:00:00,0.85142,0.85172,0.85081,0.85126,1304.88
2024.09.02 22:00:00,0.85114,0.85178,0.85114,0.85175,821.58
2024.09.02 23:00:00,0.85171,0.85183,0.85134,0.85139,763
2024.09.03 00:00:00,0.8514,0.85266,0.85135,0.85249,3076.42
2024.09.03 01:00:00,0.85249,0.85267,0.85179,0.85198,2342.76
2024.09.03 02:00:00,0.85197,0.85285,0.85185,0.8527,2337.97
2024.09.03 03:00:00,0.85269,0.85291,0.85235,0.85244,2371.29
2024.09.03 04:00:00,0.85245,0.85287,0.85234,0.8527,1916.95
2024.09.03 05:00:00,0.85271,0.85279,0.85211,0.85224,2679.16
2024.09.03 06:00:00,0.85223,0.85297,0.85106,0.85184,6584.94
2024.09.03 07:00:00,0.85186,0.85373,0.85162,0.85326,6532.91
2024.09.03 08:00:00,0.85327,0.85333,0.85217,0.85257,5577.92
2024.09.03 09:00:00,0.85256,0.85338,0.85163,0.85224,4309.94
2024.09.03 10:00:00,0.85224,0.85244,0.85181,0.85182,3087.51
2024.09.03 11:00:00,0.85183,0.85232,0.85147,0.85217,3016.68
2024.09.03 12:00:00,0.85216,0.85273,0.85065,0.85082,7519.93
2024.09.03 13:00:00,0.85083,0.85083,0.84832,0.84832,14656.47
2024.09.03 14:00:00,0.84832,0.85037,0.84776,0.84983,19838.27
2024.09.03 15:00:00,0.84984,0.85105,0.84972,0.85027,5731.74
2024.09.03 16:00:00,0.85028,0.85073,0.84988,0.85062,2472.45
2024.09.03 17:00:00,0.85062,0.85108,0.85047,0.85098,1883.45
2024.09.03 18:00:00,0.85099,0.85109,0.85034,0.8504,1371.38
2024.09.03 19:00:00,0.85036,0.85095,0.8499,0.85036,2588.59
2024.09.03 20:00:00,0.85036,0.85087,0.85016,0.85025,1825.68
2024.09.03 21:00:00,0.85009,0.85026,0.84986,0.85023,672.64
2024.09.03 22:00:00,0.85023,0.85065,0.85005,0.85015,3143.17
2024.09.03 23:00:00,0.85016,0.8503,0.84953,0.84987,3424.81
2024.09.04 00:00:00,0.84988,0.85003,0.84835,0.84842,6622.53
2024.09.04 01:00:00,0.84843,0.84937,0.84825,0.84885,4142.83
2024.09.04 02:00:00,0.84883,0.84896,0.84841,0.84877,2866.71
2024.09.04 03:00:00,0.84878,0.84917,0.84848,0.84867,2449.95
2024.09.04 04:00:00,0.84864,0.84922,0.84839,0.84846,2469.89
2024.09.04 05:00:00,0.84846,0.84846,0.84763,0.84803,4798.29
2024.09.04 06:00:00,0.84802,0.84917,0.84797,0.84814,5912.89
2024.09.04 07:00:00,0.84815,0.84859,0.84715,0.84769,7536.84
2024.09.04 08:00:00,0.8477,0.84889,0.84763,0.84868,6022.22
2024.09.04 09:00:00,0.84866,0.84962,0.84854,0.84941,3533.56
2024.09.04 10:00:00,0.84941,0.85012,0.84884,0.84981,4534.49
2024.09.04 11:00:00,0.84982,0.85042,0.84955,0.84991,4191.07
2024.09.04 12:00:00,0.8499,0.85184,0.84987,0.85103,6410.43
2024.09.04 13:00:00,0.85103,0.8512,0.85023,0.85063,7670.75
2024.09.04 14:00:00,0.85064,0.85064,0.84712,0.84764,19029.17
2024.09.04 15:00:00,0.84765,0.84906,0.84757,0.8482,7156.22
2024.09.04 16:00:00,0.84819,0.8485,0.84756,0.84792,3223.32
2024.09.04 17:00:00,0.84792,0.84813,0.84726,0.84804,2951.11
2024.09.04 18:00:00,0.84803,0.84805,0.84698,0.84706,2946.08
2024.09.04 19:00:00,0.84704,0.84724,0.84646,0.84679,2524.37
2024.09.04 20:00:00,0.84676,0.84691,0.84625,0.84643,1558.88
2024.09.04 21:00:00,0.84639,0.84704,0.84596,0.84646,1887.83
2024.09.04 22:00:00,0.84645,0.84645,0.84598,0.84612,1344.27
2024.09.04 23:00:00,0.84609,0.84628,0.84552,0.84605,2465.22
2024.09.05 00:00:00,0.84605,0.84714,0.84604,0.84684,3263.39
2024.09.05 01:00:00,0.84683,0.84699,0.84587,0.84684,3073.62
2024.09.05 02:00:00,0.84683,0.84716,0.84643,0.84709,1604.23
2024.09.05 03:00:00,0.8471,0.84716,0.84653,0.84675,1588.36
2024.09.05 04:00:00,0.84678,0.84698,0.84637,0.8466,1683.74
2024.09.05 05:00:00,0.8466,0.84667,0.846,0.84613,2410.21
2024.09.05 06:00:00,0.84612,0.84627,0.84548,0.84578,5097.23
2024.09.05 07:00:00,0.84576,0.84732,0.84576,0.8465,5897.88
2024.09.05 08:00:00,0.84649,0.84688,0.84594,0.84613,5088.31
2024.09.05 09:00:00,0.84611,0.84662,0.8458,0.84647,4000.73
2024.09.05 10:00:00,0.84646,0.84667,0.84616,0.84619,2456.94
2024.09.05 11:00:00,0.84621,0.84635,0.84572,0.84623,3112.85
2024.09.05 12:00:00,0.84622,0.84639,0.84334,0.84609,14589.75
2024.09.05 13:00:00,0.8461,0.84669,0.84501,0.84534,11650.95
2024.09.05 14:00:00,0.84537,0.84906,0.84513,0.84829,16530.03
2024.09.05 15:00:00,0.84828,0.84851,0.84525,0.84529,7457.94
2024.09.05 16:00:00,0.84529,0.84569,0.84498,0.84543,3752.02
2024.09.05 17:00:00,0.84542,0.84554,0.84436,0.84489,3400.19
2024.09.05 18:00:00,0.84489,0.84521,0.84404,0.84497,2364.07
2024.09.05 19:00:00,0.84496,0.84499,0.84404,0.84465,2595.85
2024.09.05 20:00:00,0.84462,0.8447,0.84355,0.84386,1880.96
2024.09.05 21:00:00,0.84384,0.84428,0.84364,0.84393,1118.07
2024.09.05 22:00:00,0.84377,0.84424,0.84377,0.84408,1114.99
2024.09.05 23:00:00,0.84406,0.84421,0.84377,0.84379,849.75
2024.09.06 00:00:00,0.84381,0.84389,0.84314,0.84328,3365.97
2024.09.06 01:00:00,0.84327,0.84372,0.84303,0.84352,2546.97
2024.09.06 02:00:00,0.84352,0.84369,0.8433,0.84346,1970.06
2024.09.06 03:00:00,0.84348,0.84351,0.84288,0.84292,1244.72
2024.09.06 04:00:00,0.8429,0.84293,0.84261,0.84278,1390.52
2024.09.06 05:00:00,0.84279,0.8428,0.84176,0.8421,3300.75
2024.09.06 06:00:00,0.84207,0.8422,0.84138,0.84163,5594.16
2024.09.06 07:00:00,0.84161,0.84221,0.84039,0.84207,6755.98
2024.09.06 08:00:00,0.84206,0.84206,0.84054,0.84095,4862.05
2024.09.06 09:00:00,0.84096,0.84233,0.84088,0.84185,4320.87
2024.09.06 10:00:00,0.84185,0.84256,0.84155,0.84209,3172.13
2024.09.06 11:00:00,0.84208,0.84331,0.84207,0.843,3266.85
2024.09.06 12:00:00,0.843,0.84648,0.83736,0.84383,21744.15
2024.09.06 13:00:00,0.84383,0.84754,0.84308,0.84529,22570.61
2024.09.06 14:00:00,0.84534,0.84578,0.84174,0.84258,21432.66
2024.09.06 15:00:00,0.84257,0.84433,0.84026,0.84282,22563.45
2024.09.06 16:00:00,0.84282,0.84438,0.84272,0.8436,8485.28
2024.09.06 17:00:00,0.84361,0.84445,0.84245,0.8433,6504.42
2024.09.06 18:00:00,0.84331,0.84372,0.84271,0.84275,3747.04
2024.09.06 19:00:00,0.84274,0.84333,0.84271,0.84305,2481.85
2024.09.06 20:00:00,0.84306,0.84348,0.84248,0.84248,3100.22
2024.09.08 21:00:00,0.84326,0.8435,0.842,0.84272,442.52
2024.09.08 22:00:00,0.84271,0.84374,0.84263,0.84349,2836.49
2024.09.08 23:00:00,0.84349,0.84415,0.84338,0.84404,3003.03
2024.09.09 00:00:00,0.84402,0.8446,0.84356,0.84443,3812.74
2024.09.09 01:00:00,0.84444,0.84569,0.84407,0.84543,4477.16
2024.09.09 02:00:00,0.84545,0.84555,0.84492,0.84528,3020.91
2024.09.09 03:00:00,0.84529,0.84573,0.84512,0.84536,2110.72
2024.09.09 04:00:00,0.84537,0.84632,0.84533,0.84612,2434.69
2024.09.09 05:00:00,0.84611,0.84628,0.84573,0.84607,2298.74
2024.09.09 06:00:00,0.84607,0.84637,0.84544,0.84605,6066.01
2024.09.09 07:00:00,0.84604,0.84751,0.84597,0.84633,7513.46
2024.09.09 08:00:00,0.84632,0.84849,0.84599,0.84825,5651.05
2024.09.09 09:00:00,0.84824,0.8484,0.8473,0.84751,3725.23
2024.09.09 10:00:00,0.84749,0.8489,0.84744,0.84884,3536.68
2024.09.09 11:00:00,0.84885,0.84936,0.84845,0.84914,3162.91
2024.09.09 12:00:00,0.84914,0.84942,0.84791,0.84883,5587.92
2024.09.09 13:00:00,0.84884,0.84896,0.84781,0.84811,7722.7
2024.09.09 14:00:00,0.84809,0.84873,0.84731,0.84739,8223.05
2024.09.09 15:00:00,0.84739,0.8481,0.84691,0.848,5891
2024.09.09 16:00:00,0.848,0.84832,0.84771,0.84822,4105.14
2024.09.09 17:00:00,0.84822,0.84836,0.84769,0.84824,2941.87
2024.09.09 18:00:00,0.84825,0.8484,0.84805,0.84822,1879.2
2024.09.09 19:00:00,0.84821,0.84904,0.84809,0.84903,1978.03
2024.09.09 20:00:00,0.84904,0.84937,0.84888,0.84925,2444.71
2024.09.09 21:00:00,0.84918,0.84932,0.84758,0.84921,835.88
2024.09.09 22:00:00,0.8492,0.84922,0.8488,0.84894,1377.28
2024.09.09 23:00:00,0.84897,0.84953,0.84897,0.84947,750.29
2024.09.10 00:00:00,0.84945,0.84976,0.84906,0.84971,3280.24
2024.09.10 01:00:00,0.84972,0.84985,0.84934,0.84954,2271.45
2024.09.10 02:00:00,0.84953,0.84962,0.84909,0.8493,1871.19
2024.09.10 03:00:00,0.84929,0.84931,0.84875,0.84897,1389.49
2024.09.10 04:00:00,0.84896,0.84908,0.84834,0.84837,1132.88
2024.09.10 05:00:00,0.84838,0.84858,0.84814,0.84837,2039.67
2024.09.10 06:00:00,0.84834,0.84894,0.84785,0.84848,4138.7
2024.09.10 07:00:00,0.84849,0.84899,0.84816,0.84866,4634.43
2024.09.10 08:00:00,0.84867,0.84889,0.84806,0.84807,4513.73
2024.09.10 09:00:00,0.84808,0.84838,0.84731,0.84757,4229.54
2024.09.10 10:00:00,0.84758,0.84811,0.84733,0.84753,3620.75
2024.09.10 11:00:00,0.84753,0.84785,0.84716,0.84762,3614.02
2024.09.10 12:00:00,0.8476,0.84783,0.84584,0.84657,6772.58
2024.09.10 13:00:00,0.84658,0.84817,0.84599,0.84796,7594.3
2024.09.10 14:00:00,0.84794,0.84824,0.84654,0.84763,12304.05
2024.09.10 15:00:00,0.84765,0.84775,0.84583,0.84592,6608.78
2024.09.10 16:00:00,0.84592,0.84681,0.84559,0.84678,4892.92
2024.09.10 17:00:00,0.84676,0.84715,0.84627,0.84663,4270.49
2024.09.10 18:00:00,0.84666,0.84685,0.84633,0.84664,3031.12
2024.09.10 19:00:00,0.84665,0.8469,0.84647,0.84662,2723.73
2024.09.10 20:00:00,0.84662,0.84696,0.8465,0.84685,1896.33
2024.09.10 21:00:00,0.84674,0.84711,0.84652,0.84685,817.18
2024.09.10 22:00:00,0.84685,0.84702,0.84667,0.84698,1161.3
2024.09.10 23:00:00,0.84698,0.84705,0.84655,0.84663,1781.96
2024.09.11 00:00:00,0.84664,0.8469,0.84616,0.8465,2698.92
2024.09.11 01:00:00,0.84651,0.84694,0.8443,0.84489,5719.39
2024.09.11 02:00:00,0.84489,0.84525,0.84414,0.84505,3919.43
2024.09.11 03:00:00,0.84504,0.84538,0.84406,0.84434,3666.24
2024.09.11 04:00:00,0.84431,0.84439,0.84283,0.84307,3852.11
2024.09.11 05:00:00,0.84307,0.84357,0.84216,0.84355,5547.17
2024.09.11 06:00:00,0.84354,0.84447,0.8433,0.84402,5262.87
2024.09.11 07:00:00,0.84402,0.84581,0.84402,0.84563,6756.42
2024.09.11 08:00:00,0.84564,0.84597,0.84487,0.84554,5012.56
2024.09.11 09:00:00,0.84554,0.84607,0.84527,0.84604,3317.98
2024.09.11 10:00:00,0.84605,0.84663,0.84591,0.84627,3265.93
2024.09.11 11:00:00,0.84629,0.8465,0.8457,0.84637,4572.29
2024.09.11 12:00:00,0.84637,0.85122,0.84625,0.85028,19025.26
2024.09.11 13:00:00,0.8503,0.85154,0.84869,0.84903,16924.25
2024.09.11 14:00:00,0.84904,0.84961,0.84738,0.84849,18291.2
2024.09.11 15:00:00,0.84846,0.85052,0.84805,0.85051,9488.86
2024.09.11 16:00:00,0.85051,0.85101,0.85001,0.85009,6169.53
2024.09.11 17:00:00,0.85008,0.85124,0.85001,0.85074,5398.9
2024.09.11 18:00:00,0.85073,0.85144,0.85029,0.85128,3014.44
2024.09.11 19:00:00,0.85129,0.85257,0.85099,0.85227,3050.53
2024.09.11 20:00:00,0.85226,0.85292,0.85209,0.85215,3821.58
2024.09.11 21:00:00,0.85214,0.85225,0.85127,0.85207,800.96
2024.09.11 22:00:00,0.85207,0.85234,0.85183,0.85228,1276.66
2024.09.11 23:00:00,0.85227,0.85292,0.85223,0.85268,1791.77
2024.09.12 00:00:00,0.85269,0.85328,0.85262,0.85269,2869.01
2024.09.12 01:00:00,0.85268,0.85284,0.85176,0.85189,4130.29
2024.09.12 02:00:00,0.85186,0.85267,0.85178,0.85258,2054.6
2024.09.12 03:00:00,0.85255,0.85302,0.85228,0.85294,1164.81
2024.09.12 04:00:00,0.85296,0.85331,0.8529,0.85319,1095.31
2024.09.12 05:00:00,0.85317,0.85347,0.85244,0.85267,1936.35
2024.09.12 06:00:00,0.85268,0.85299,0.85187,0.85295,3983.4
2024.09.12 07:00:00,0.85296,0.85447,0.85296,0.85447,7047
2024.09.12 08:00:00,0.85446,0.85485,0.85413,0.85427,6152.9
2024.09.12 09:00:00,0.85426,0.85489,0.85394,0.85472,3866.53
2024.09.12 10:00:00,0.85472,0.85493,0.85376,0.85391,2763.61
2024.09.12 11:00:00,0.85392,0.85408,0.85292,0.85405,3781.78
2024.09.12 12:00:00,0.85406,0.85481,0.8518,0.85285,14761.62
2024.09.12 13:00:00,0.85282,0.85482,0.85223,0.85327,14472.47
2024.09.12 14:00:00,0.8533,0.85474,0.85329,0.85372,10222.33
2024.09.12 15:00:00,0.85371,0.8542,0.85235,0.85271,7015.37
2024.09.12 16:00:00,0.8527,0.85385,0.85261,0.85316,4327.77
2024.09.12 17:00:00,0.85314,0.85335,0.8521,0.8523,5716.7
2024.09.12 18:00:00,0.8523,0.85278,0.85174,0.85196,5431.54
2024.09.12 19:00:00,0.85196,0.85204,0.85067,0.85118,5903.7
2024.09.12 20:00:00,0.85118,0.8514,0.85061,0.85102,5446.69
2024.09.12 21:00:00,0.85101,0.85136,0.85048,0.85089,767.84
2024.09.12 22:00:00,0.8509,0.85128,0.85065,0.8511,1267.89
2024.09.12 23:00:00,0.85107,0.85114,0.84972,0.84983,2002.43
2024.09.13 00:00:00,0.84983,0.84997,0.84889,0.84952,3833.81
2024.09.13 01:00:00,0.84952,0.84986,0.849,0.84959,5567.79
2024.09.13 02:00:00,0.84959,0.84989,0.84854,0.84917,4721.79
2024.09.13 03:00:00,0.84918,0.84949,0.84876,0.84919,2791.73
2024.09.13 04:00:00,0.84918,0.84965,0.84872,0.8496,2075.21
2024.09.13 05:00:00,0.84959,0.84995,0.84914,0.84936,2923
2024.09.13 06:00:00,0.84936,0.85005,0.84893,0.84895,5278.15
2024.09.13 07:00:00,0.84896,0.84985,0.84775,0.84824,7095.62
2024.09.13 08:00:00,0.84824,0.84895,0.84741,0.84823,6233.38
2024.09.13 09:00:00,0.84822,0.84875,0.84744,0.84775,5195.28
2024.09.13 10:00:00,0.84777,0.84859,0.84715,0.84827,4777.16
2024.09.13 11:00:00,0.84825,0.84825,0.84653,0.84716,5881
2024.09.13 12:00:00,0.84716,0.84763,0.84562,0.84564,7107.13
2024.09.13 13:00:00,0.84564,0.84639,0.84434,0.84556,12639.72
2024.09.13 14:00:00,0.84557,0.84807,0.84535,0.84768,14560.18
2024.09.13 15:00:00,0.84767,0.84819,0.84741,0.84791,4835.07
2024.09.13 16:00:00,0.84791,0.84846,0.84752,0.84791,4602.55
2024.09.13 17:00:00,0.84789,0.84848,0.84788,0.84821,2750.49
2024.09.13 18:00:00,0.84822,0.84835,0.84777,0.84811,2503.87
2024.09.13 19:00:00,0.8481,0.84842,0.84774,0.84835,2441.5
2024.09.13 20:00:00,0.84834,0.8494,0.84786,0.84796,7762.55
2024.09.15 21:00:00,0.84625,0.84778,0.84618,0.84775,442.6
2024.09.15 22:00:00,0.84768,0.84856,0.84754,0.84829,2147.99
2024.09.15 23:00:00,0.84829,0.84857,0.84786,0.84808,1590.29
2024.09.16 00:00:00,0.84807,0.84809,0.84685,0.84713,1973.09
2024.09.16 01:00:00,0.84714,0.84726,0.84671,0.8471,1414.42
2024.09.16 02:00:00,0.84708,0.84734,0.84688,0.84701,1235.85
2024.09.16 03:00:00,0.84699,0.8471,0.84572,0.84576,2483.37
2024.09.16 04:00:00,0.84575,0.84631,0.84517,0.84605,2612.74
2024.09.16 05:00:00,0.84605,0.84636,0.8458,0.84601,2210.65
2024.09.16 06:00:00,0.84598,0.84653,0.84473,0.84525,6420.15
2024.09.16 07:00:00,0.84523,0.84568,0.84418,0.84496,7317.25
2024.09.16 08:00:00,0.84497,0.84536,0.84355,0.84437,6727.84
2024.09.16 09:00:00,0.8444,0.84545,0.844,0.84516,5698.64
2024.09.16 10:00:00,0.84516,0.84516,0.84409,0.8448,4762.98
2024.09.16 11:00:00,0.8448,0.84492,0.84419,0.84439,4274.08
2024.09.16 12:00:00,0.84438,0.84532,0.84344,0.8445,9790.16
2024.09.16 13:00:00,0.84447,0.84484,0.84342,0.84433,9619.45
2024.09.16 14:00:00,0.84433,0.84539,0.84402,0.84518,9429.3
2024.09.16 15:00:00,0.84517,0.84582,0.84497,0.84527,5288.08
2024.09.16 16:00:00,0.84527,0.84545,0.84452,0.84472,3287.31
2024.09.16 17:00:00,0.84472,0.84544,0.84454,0.84474,2929.23
2024.09.16 18:00:00,0.84473,0.84561,0.84466,0.84542,2508.64
2024.09.16 19:00:00,0.84541,0.84592,0.84503,0.84507,2813.52
2024.09.16 20:00:00,0.84506,0.84517,0.84465,0.84469,2670.2
2024.09.16 21:00:00,0.84468,0.84486,0.84431,0.84476,417.85
2024.09.16 22:00:00,0.84469,0.84504,0.84459,0.84495,1078.01
2024.09.16 23:00:00,0.84494,0.84542,0.84444,0.84462,1677.12
2024.09.17 00:00:00,0.8446,0.84485,0.84418,0.84468,3044.97
2024.09.17 01:00:00,0.84466,0.84478,0.84391,0.84411,2474.29
2024.09.17 02:00:00,0.8441,0.84412,0.84368,0.84403,2291.12
2024.09.17 03:00:00,0.84407,0.84447,0.84376,0.84432,2034.64
2024.09.17 04:00:00,0.84435,0.84458,0.8441,0.84419,1525.09
2024.09.17 05:00:00,0.84421,0.84446,0.84373,0.84415,3205.57
2024.09.17 06:00:00,0.84416,0.84453,0.84368,0.84453,4285.93
2024.09.17 07:00:00,0.84452,0.84466,0.84294,0.84318,5731.57
2024.09.17 08:00:00,0.84318,0.84357,0.84305,0.84322,4523.89
2024.09.17 09:00:00,0.84321,0.84416,0.84317,0.84398,4517.49
2024.09.17 10:00:00,0.84399,0.8448,0.84374,0.84472,2951.15
2024.09.17 11:00:00,0.8447,0.845,0.84372,0.84432,4413
2024.09.17 12:00:00,0.8443,0.84691,0.84398,0.84633,16138.55
2024.09.17 13:00:00,0.8463,0.84768,0.8456,0.84718,13525.21
2024.09.17 14:00:00,0.84718,0.84758,0.84603,0.8464,13172.31
2024.09.17 15:00:00,0.84638,0.84722,0.84633,0.84692,5861.08
2024.09.17 16:00:00,0.84693,0.84705,0.84568,0.84616,6701.04
2024.09.17 17:00:00,0.84616,0.8475,0.84607,0.84674,6454.88
2024.09.17 18:00:00,0.84674,0.84677,0.84584,0.84588,2988.39
2024.09.17 19:00:00,0.84587,0.84694,0.84579,0.84677,2569.21
2024.09.17 20:00:00,0.84677,0.8474,0.84674,0.847,2832.37
2024.09.17 21:00:00,0.84699,0.84715,0.84632,0.84693,721.15
2024.09.17 22:00:00,0.84693,0.84711,0.84645,0.84651,1516.39
2024.09.17 23:00:00,0.84653,0.84661,0.84602,0.84636,907.26
2024.09.18 00:00:00,0.84633,0.84634,0.84549,0.84566,2903.35
2024.09.18 01:00:00,0.84564,0.84577,0.84526,0.84533,3351.55
2024.09.18 02:00:00,0.84533,0.8458,0.84526,0.84559,1810.66
2024.09.18 03:00:00,0.84559,0.84559,0.84496,0.84528,2056.19
2024.09.18 04:00:00,0.84528,0.84569,0.84504,0.84526,1467.47
2024.09.18 05:00:00,0.84527,0.84571,0.84518,0.84546,1868
2024.09.18 06:00:00,0.84548,0.84564,0.84465,0.84482,4880.58
2024.09.18 07:00:00,0.84482,0.84538,0.84399,0.84438,7396.6
2024.09.18 08:00:00,0.84438,0.84472,0.84355,0.8439,4801.35
2024.09.18 09:00:00,0.84391,0.84395,0.84231,0.84282,3728.55
2024.09.18 10:00:00,0.84284,0.84312,0.8426,0.84309,2964.47
2024.09.18 11:00:00,0.84309,0.84403,0.84309,0.84369,2902.01
2024.09.18 12:00:00,0.84368,0.84483,0.8434,0.8445,5394.97
2024.09.18 13:00:00,0.84449,0.84449,0.84341,0.84408,7177.52
2024.09.18 14:00:00,0.84408,0.84617,0.84392,0.84573,9544.35
2024.09.18 15:00:00,0.84573,0.84632,0.84551,0.84591,5363.12
2024.09.18 16:00:00,0.8459,0.84592,0.84505,0.8451,2969.59
2024.09.18 17:00:00,0.84511,0.84524,0.84412,0.8449,3564.68
2024.09.18 18:00:00,0.84489,0.84489,0.83903,0.8432,45184.08
2024.09.18 19:00:00,0.84317,0.84796,0.84315,0.84679,21336.34
2024.09.18 20:00:00,0.84677,0.84698,0.84579,0.8461,10244.46
2024.09.18 21:00:00,0.8461,0.8461,0.84543,0.84583,615.34
2024.09.18 22:00:00,0.84583,0.84639,0.84546,0.8458,2865.19
2024.09.18 23:00:00,0.8458,0.84747,0.8458,0.8473,3782.48
2024.09.19 00:00:00,0.84731,0.85002,0.8472,0.8499,8054.66
2024.09.19 01:00:00,0.84991,0.85144,0.84962,0.85035,6979.25
2024.09.19 02:00:00,0.85034,0.85034,0.84845,0.84849,5401
2024.09.19 03:00:00,0.84848,0.84901,0.84821,0.84852,4956.18
2024.09.19 04:00:00,0.84854,0.84909,0.84822,0.84866,3743.51
2024.09.19 05:00:00,0.84865,0.84875,0.84657,0.84665,4943.9
2024.09.19 06:00:00,0.84668,0.84764,0.84545,0.84561,8076.2
2024.09.19 07:00:00,0.8456,0.84627,0.84488,0.846,9879.02
2024.09.19 08:00:00,0.846,0.84713,0.84548,0.84598,7687.01
2024.09.19 09:00:00,0.84599,0.8463,0.8451,0.84562,6876.05
2024.09.19 10:00:00,0.84561,0.8465,0.84525,0.84554,5154.14
2024.09.19 11:00:00,0.84552,0.84801,0.84523,0.8474,11309.69
2024.09.19 12:00:00,0.8474,0.85055,0.84737,0.85054,15130.23
2024.09.19 13:00:00,0.85053,0.85059,0.8486,0.84939,15149.63
2024.09.19 14:00:00,0.84937,0.84943,0.848,0.84818,15612.97
2024.09.19 15:00:00,0.84821,0.84832,0.84731,0.84784,8898.68
2024.09.19 16:00:00,0.84784,0.84839,0.8474,0.84786,4275.53
2024.09.19 17:00:00,0.84785,0.84829,0.84754,0.84765,4634.75
2024.09.19 18:00:00,0.84764,0.8477,0.84622,0.84693,5520.78
2024.09.19 19:00:00,0.84691,0.84771,0.84657,0.84742,4640.08
2024.09.19 20:00:00,0.84741,0.84778,0.84686,0.8477,4414.48
2024.09.19 21:00:00,0.84766,0.84766,0.84705,0.84743,461.17
2024.09.19 22:00:00,0.84743,0.84761,0.84727,0.84754,1385.01
2024.09.19 23:00:00,0.84753,0.84798,0.84743,0.84781,1122.79
2024.09.20 00:00:00,0.8478,0.84791,0.8467,0.84686,5119.49
2024.09.20 01:00:00,0.84684,0.84696,0.84622,0.84675,4432.24
2024.09.20 02:00:00,0.84677,0.84715,0.84653,0.84677,4019.12
2024.09.20 03:00:00,0.8468,0.84681,0.84609,0.84617,4678.3
2024.09.20 04:00:00,0.84616,0.84644,0.84581,0.84636,2669.09
2024.09.20 05:00:00,0.84633,0.84697,0.84628,0.84651,2608.54
2024.09.20 06:00:00,0.84651,0.8466,0.84512,0.84649,10768.91
2024.09.20 07:00:00,0.84649,0.84805,0.84632,0.8479,12082.8
2024.09.20 08:00:00,0.8479,0.84807,0.84706,0.84725,9923.98
2024.09.20 09:00:00,0.84721,0.84864,0.84714,0.84853,5233.3
2024.09.20 10:00:00,0.84855,0.84933,0.84823,0.84922,4195.41
2024.09.20 11:00:00,0.84922,0.84997,0.84915,0.84984,4802.24
2024.09.20 12:00:00,0.84985,0.84985,0.8473,0.84768,7590.62
2024.09.20 13:00:00,0.84769,0.84952,0.84741,0.84941,9602.3
2024.09.20 14:00:00,0.84942,0.85081,0.84942,0.85033,9929.52
2024.09.20 15:00:00,0.85037,0.85166,0.84957,0.8496,13411.89
2024.09.20 16:00:00,0.84961,0.84961,0.84834,0.84918,9253.54
2024.09.20 17:00:00,0.84919,0.8514,0.84914,0.85101,4834.19
2024.09.20 18:00:00,0.85099,0.85109,0.84998,0.85022,3838.1
2024.09.20 19:00:00,0.8502,0.8506,0.85006,0.8505,2785.03
2024.09.20 20:00:00,0.85049,0.85078,0.84972,0.84972,5254.14
2024.09.22 21:00:00,0.84877,0.84993,0.84877,0.84973,308.35
2024.09.22 22:00:00,0.84973,0.8505,0.84973,0.85031,1390.44
2024.09.22 23:00:00,0.85031,0.85103,0.85017,0.85103,1191.1
2024.09.23 00:00:00,0.85106,0.85132,0.85072,0.85092,2231.61
2024.09.23 01:00:00,0.85094,0.85149,0.85079,0.85125,2383.39
2024.09.23 02:00:00,0.85126,0.85144,0.85084,0.85106,1473.12
2024.09.23 03:00:00,0.85106,0.85113,0.85076,0.85083,1068.74
2024.09.23 04:00:00,0.85088,0.85101,0.85065,0.85095,789.73
2024.09.23 05:00:00,0.85095,0.85101,0.85054,0.8506,1135
2024.09.23 06:00:00,0.85064,0.85103,0.8499,0.85064,4020.09
2024.09.23 07:00:00,0.85064,0.85163,0.85018,0.85149,11968.73
2024.09.23 08:00:00,0.8515,0.85177,0.85052,0.85106,8715.7
2024.09.23 09:00:00,0.85109,0.85143,0.85,0.85027,4229.77
2024.09.23 10:00:00,0.85027,0.85033,0.84897,0.84961,3315.31
2024.09.23 11:00:00,0.84962,0.85003,0.84852,0.84971,4436.47
2024.09.23 12:00:00,0.84971,0.8506,0.84936,0.84984,8322.03
2024.09.23 13:00:00,0.84984,0.85065,0.84849,0.85001,10465.93
2024.09.23 14:00:00,0.85002,0.8508,0.84767,0.84772,13629.85
2024.09.23 15:00:00,0.84772,0.84845,0.8473,0.84744,6380.21
2024.09.23 16:00:00,0.84744,0.84783,0.84633,0.84651,5619.43
2024.09.23 17:00:00,0.84649,0.84675,0.84561,0.84667,2849.77
2024.09.23 18:00:00,0.84668,0.84692,0.84648,0.84657,2474.42
2024.09.23 19:00:00,0.84659,0.84702,0.84647,0.84685,1712.95
2024.09.23 20:00:00,0.84687,0.8477,0.84681,0.84743,2721.93
2024.09.23 21:00:00,0.84739,0.84762,0.84662,0.84691,810.63
2024.09.23 22:00:00,0.84697,0.84742,0.84692,0.8473,1462.77
2024.09.23 23:00:00,0.8473,0.84789,0.84721,0.8473,771.56
2024.09.24 00:00:00,0.84728,0.84745,0.84671,0.84676,3470.29
2024.09.24 01:00:00,0.84673,0.84747,0.84658,0.84689,3940.34
2024.09.24 02:00:00,0.84688,0.8472,0.84652,0.84696,2084.47
2024.09.24 03:00:00,0.84694,0.84716,0.84645,0.84703,1917.44
2024.09.24 04:00:00,0.84704,0.84754,0.84685,0.84707,2533.1
2024.09.24 05:00:00,0.84708,0.84772,0.84706,0.84734,4082.01
2024.09.24 06:00:00,0.8474,0.84898,0.84722,0.8483,7403.91
2024.09.24 07:00:00,0.84832,0.84891,0.8474,0.84789,8449.4
2024.09.24 08:00:00,0.84791,0.84853,0.84734,0.84785,7636.76
2024.09.24 09:00:00,0.84784,0.84856,0.84743,0.84821,4633.6
2024.09.24 10:00:00,0.84821,0.8485,0.84773,0.8479,4056.26
2024.09.24 11:00:00,0.8479,0.84869,0.84778,0.8481,5132.14
2024.09.24 12:00:00,0.8481,0.84832,0.84689,0.84702,8888.12
2024.09.24 13:00:00,0.84704,0.84855,0.84677,0.84784,10215.61
2024.09.24 14:00:00,0.84783,0.84785,0.84496,0.84583,15503.8
2024.09.24 15:00:00,0.84583,0.84644,0.84519,0.84593,10289.98
2024.09.24 16:00:00,0.84593,0.84606,0.84487,0.84507,5912.15
2024.09.24 17:00:00,0.84508,0.84544,0.84464,0.84468,4449.22
2024.09.24 18:00:00,0.84468,0.845,0.84407,0.84408,3241.58
2024.09.24 19:00:00,0.84409,0.84426,0.84305,0.84316,3456.74
2024.09.24 20:00:00,0.84316,0.84345,0.84302,0.84323,2739.29
2024.09.24 21:00:00,0.84319,0.84356,0.84309,0.84339,1253.1
2024.09.24 22:00:00,0.84339,0.84339,0.84226,0.84232,1466.12
2024.09.24 23:00:00,0.84232,0.84258,0.84151,0.84152,1408.98
2024.09.25 00:00:00,0.84154,0.84229,0.84147,0.84163,3525.75
2024.09.25 01:00:00,0.84161,0.84254,0.84149,0.84248,3972.64
2024.09.25 02:00:00,0.84249,0.84269,0.8417,0.84194,2138.95
2024.09.25 03:00:00,0.84192,0.84222,0.84171,0.84192,1941.87
2024.09.25 04:00:00,0.84192,0.84238,0.84173,0.84222,1610.85
2024.09.25 05:00:00,0.84223,0.84242,0.84153,0.84193,2043.31
2024.09.25 06:00:00,0.8419,0.84321,0.84151,0.84293,5480.16
2024.09.25 07:00:00,0.84294,0.84467,0.84222,0.84451,8018.87
2024.09.25 08:00:00,0.84454,0.84681,0.84447,0.84654,6642.43
2024.09.25 09:00:00,0.84653,0.84866,0.84636,0.84858,5828.53
2024.09.25 10:00:00,0.84858,0.84961,0.84813,0.84931,5353.32
2024.09.25 11:00:00,0.84928,0.8497,0.84844,0.84845,4784.84
2024.09.25 12:00:00,0.84845,0.84848,0.84726,0.84787,7282.17
2024.09.25 13:00:00,0.84788,0.84794,0.84656,0.84769,9314.29
2024.09.25 14:00:00,0.84771,0.8495,0.84751,0.84883,10859.44
2024.09.25 15:00:00,0.84883,0.84963,0.84852,0.84946,8903.36
2024.09.25 16:00:00,0.84946,0.85006,0.84924,0.8499,3687.12
2024.09.25 17:00:00,0.84991,0.85023,0.84902,0.84954,4661.87
2024.09.25 18:00:00,0.84954,0.8499,0.84936,0.8498,2444.04
2024.09.25 19:00:00,0.84981,0.85037,0.84973,0.85028,2026.86
2024.09.25 20:00:00,0.85027,0.85068,0.8502,0.8503,4064.67
2024.09.25 21:00:00,0.85024,0.85037,0.84916,0.85027,247.11
2024.09.25 22:00:00,0.85025,0.85037,0.85008,0.85028,2181.18
2024.09.25 23:00:00,0.85029,0.85073,0.85008,0.8507,3241.24
2024.09.26 00:00:00,0.8507,0.85075,0.84966,0.84999,3897.33
2024.09.26 01:00:00,0.84999,0.8509,0.84989,0.85048,2594.37
2024.09.26 02:00:00,0.85048,0.8509,0.85006,0.85021,3036.14
2024.09.26 03:00:00,0.85019,0.85056,0.84984,0.85006,2019.76
2024.09.26 04:00:00,0.85006,0.85028,0.84955,0.84979,2666.73
2024.09.26 05:00:00,0.8498,0.85017,0.84954,0.85006,2639.13
2024.09.26 06:00:00,0.85007,0.85141,0.84985,0.85091,5316.76
2024.09.26 07:00:00,0.85091,0.85157,0.84576,0.84833,18448.97
2024.09.26 08:00:00,0.84834,0.85034,0.84834,0.84958,10339.26
2024.09.26 09:00:00,0.84956,0.84973,0.84748,0.84835,7873.12
2024.09.26 10:00:00,0.84835,0.84861,0.84682,0.84775,6737.13
2024.09.26 11:00:00,0.84773,0.84795,0.84708,0.84724,6036.14
2024.09.26 12:00:00,0.84722,0.8493,0.84627,0.84874,14175.17
2024.09.26 13:00:00,0.84875,0.84984,0.84733,0.84918,14937.32
2024.09.26 14:00:00,0.8492,0.85059,0.84726,0.84755,18154.09
2024.09.26 15:00:00,0.84757,0.84764,0.84599,0.84633,10042.49
2024.09.26 16:00:00,0.84633,0.84742,0.84623,0.84699,5785.67
2024.09.26 17:00:00,0.847,0.84708,0.84553,0.84583,4057.4
2024.09.26 18:00:00,0.84584,0.84623,0.84546,0.8457,3480.61
2024.09.26 19:00:00,0.8457,0.84579,0.84525,0.84558,2540.23
2024.09.26 20:00:00,0.84561,0.84632,0.84558,0.84607,7458.57
2024.09.26 21:00:00,0.84603,0.84603,0.84552,0.8458,1405.77
2024.09.26 22:00:00,0.8458,0.84625,0.84563,0.84602,1221.09
2024.09.26 23:00:00,0.84601,0.84671,0.84601,0.84629,959.92
2024.09.27 00:00:00,0.84628,0.84743,0.8461,0.84738,3447.84
2024.09.27 01:00:00,0.8474,0.84797,0.84732,0.84759,3938.62
2024.09.27 02:00:00,0.8476,0.84779,0.84659,0.84683,2867.83
2024.09.27 03:00:00,0.84685,0.84713,0.84646,0.84707,1563.49
2024.09.27 04:00:00,0.84708,0.84819,0.84708,0.84808,2344
2024.09.27 05:00:00,0.84807,0.84929,0.84774,0.84875,7695.12
2024.09.27 06:00:00,0.84872,0.84897,0.84546,0.84674,21142.66
2024.09.27 07:00:00,0.84675,0.84745,0.84431,0.84589,15458.29
2024.09.27 08:00:00,0.84589,0.84641,0.84472,0.84518,9398.39
2024.09.27 09:00:00,0.84517,0.84579,0.84379,0.84394,6759.78
2024.09.27 10:00:00,0.84394,0.84463,0.84341,0.84393,6044.63
2024.09.27 11:00:00,0.84395,0.84471,0.84356,0.84429,6166.46
2024.09.27 12:00:00,0.84428,0.84476,0.84068,0.84081,15961.09
2024.09.27 13:00:00,0.8408,0.84204,0.84064,0.84117,13880.69
2024.09.27 14:00:00,0.84118,0.84302,0.84106,0.84178,15837.02
2024.09.27 15:00:00,0.84179,0.84299,0.84178,0.84236,9626.79
2024.09.27 16:00:00,0.84233,0.843,0.84151,0.84213,7831.83
2024.09.27 17:00:00,0.84213,0.84249,0.84102,0.84116,5287.86
2024.09.27 18:00:00,0.84116,0.84125,0.84039,0.84052,6880.11
2024.09.27 19:00:00,0.84051,0.84084,0.84028,0.84058,7951.5
2024.09.27 20:00:00,0.84062,0.84082,0.84013,0.84016,8621.51
2024.09.29 21:00:00,0.84037,0.84074,0.83998,0.84044,805.96
2024.09.29 22:00:00,0.84042,0.84088,0.8403,0.84064,2159.81
2024.09.29 23:00:00,0.84063,0.84146,0.84043,0.84138,1987.4
2024.09.30 00:00:00,0.84139,0.84173,0.84071,0.84116,4053.73
2024.09.30 01:00:00,0.84116,0.84145,0.84065,0.84124,3684.61
2024.09.30 02:00:00,0.84122,0.84144,0.84074,0.84141,2590.79
2024.09.30 03:00:00,0.84141,0.84222,0.84131,0.84196,2287.55
2024.09.30 04:00:00,0.84195,0.842,0.84131,0.84142,1872.37
2024.09.30 05:00:00,0.84141,0.84155,0.84058,0.84152,3554.18
2024.09.30 06:00:00,0.84157,0.84216,0.84114,0.84171,5118
2024.09.30 07:00:00,0.84169,0.84325,0.84128,0.84273,6902.3
2024.09.30 08:00:00,0.84269,0.8438,0.84243,0.84335,8516.88
2024.09.30 09:00:00,0.84333,0.84417,0.84247,0.84397,6739.83
2024.09.30 10:00:00,0.84398,0.84475,0.84389,0.84424,4465.63
2024.09.30 11:00:00,0.84425,0.84441,0.84218,0.84264,5841.91
2024.09.30 12:00:00,0.84261,0.84383,0.84257,0.84359,8110.23
2024.09.30 13:00:00,0.84358,0.84446,0.84258,0.84435,9808.3
2024.09.30 14:00:00,0.84437,0.84567,0.84291,0.84354,16990.54
2024.09.30 15:00:00,0.84355,0.84522,0.84313,0.84446,6866.37
2024.09.30 16:00:00,0.84447,0.84488,0.8438,0.84442,4695.6
2024.09.30 17:00:00,0.84441,0.84448,0.8437,0.84428,3298.74
2024.09.30 18:00:00,0.84429,0.8473,0.84416,0.84668,13167.68
2024.09.30 19:00:00,0.84666,0.84736,0.84619,0.84627,4520.62
2024.09.30 20:00:00,0.84626,0.84634,0.84544,0.84545,2387.92
2024.09.30 21:00:00,0.84543,0.84563,0.84521,0.8455,532.79
2024.09.30 22:00:00,0.84551,0.8457,0.84494,0.84498,1037.27
2024.09.30 23:00:00,0.84499,0.84544,0.84395,0.84534,2577.3
2024.10.01 00:00:00,0.84534,0.8463,0.84525,0.84549,4317.89
2024.10.01 01:00:00,0.84548,0.84605,0.84468,0.84474,2940.27
2024.10.01 02:00:00,0.84473,0.84587,0.84465,0.8457,2026.26
2024.10.01 03:00:00,0.84571,0.8466,0.84568,0.84634,2452.68
2024.10.01 04:00:00,0.84635,0.84676,0.84596,0.84606,2568.99
2024.10.01 05:00:00,0.84602,0.84649,0.84538,0.84563,2821.62
2024.10.01 06:00:00,0.84568,0.84729,0.84568,0.84672,6220.48
2024.10.01 07:00:00,0.84674,0.84798,0.84574,0.84774,11388.97
2024.10.01 08:00:00,0.84772,0.848,0.84638,0.84679,8502.77
2024.10.01 09:00:00,0.84679,0.8471,0.84539,0.84651,7176.62
2024.10.01 10:00:00,0.84651,0.84718,0.84626,0.84673,4965.5
2024.10.01 11:00:00,0.84673,0.84719,0.84597,0.84692,6764.44
2024.10.01 12:00:00,0.84697,0.8482,0.84667,0.8479,9850.28
2024.10.01 13:00:00,0.84792,0.84793,0.84361,0.84489,19800.19
2024.10.01 14:00:00,0.8448,0.84656,0.8431,0.84515,25318.67
2024.10.01 15:00:00,0.8452,0.84656,0.84461,0.84587,12010.44
2024.10.01 16:00:00,0.84587,0.84657,0.84543,0.84652,8879.35
2024.10.01 17:00:00,0.84654,0.84775,0.84548,0.84756,9362.01
2024.10.01 18:00:00,0.84756,0.84812,0.84655,0.84658,4093.66
2024.10.01 19:00:00,0.84658,0.84673,0.84593,0.84617,3864.47
2024.10.01 20:00:00,0.84617,0.84654,0.84594,0.84643,10641.17
2024.10.01 21:00:00,0.84635,0.84658,0.84541,0.84613,942.61
2024.10.01 22:00:00,0.84613,0.84643,0.84594,0.84611,1304.55
2024.10.01 23:00:00,0.8461,0.84646,0.84607,0.84619,776.59
2024.10.02 00:00:00,0.84618,0.84648,0.84574,0.84607,2830.65
2024.10.02 01:00:00,0.84606,0.84636,0.84543,0.84627,3437.96
2024.10.02 02:00:00,0.84629,0.84653,0.84605,0.84625,1993.21
2024.10.02 03:00:00,0.84625,0.84689,0.84599,0.84661,2159.48
2024.10.02 04:00:00,0.84661,0.84663,0.84514,0.84563,3021.05
2024.10.02 05:00:00,0.84563,0.84623,0.84485,0.84561,4377.77
2024.10.02 06:00:00,0.84561,0.84638,0.8453,0.8456,6615.1
2024.10.02 07:00:00,0.84562,0.84607,0.84525,0.84566,6828.81
2024.10.02 08:00:00,0.84566,0.84638,0.84493,0.84638,6023.54
2024.10.02 09:00:00,0.84638,0.84694,0.84638,0.84678,3683.26
2024.10.02 10:00:00,0.84677,0.84881,0.84631,0.84834,6758.32
2024.10.02 11:00:00,0.84832,0.8486,0.84763,0.8478,5774.78
2024.10.02 12:00:00,0.84778,0.85057,0.84761,0.85039,9766.01
2024.10.02 13:00:00,0.85036,0.85049,0.84898,0.84943,9285.88
2024.10.02 14:00:00,0.84942,0.85075,0.84855,0.85054,11796.8
2024.10.02 15:00:00,0.85054,0.85059,0.84918,0.84954,7951.74
2024.10.02 16:00:00,0.84954,0.84992,0.84931,0.84964,3762.52
2024.10.02 17:00:00,0.84964,0.84976,0.84909,0.84941,3198.23
2024.10.02 18:00:00,0.84942,0.84993,0.84937,0.84981,2446.7
2024.10.02 19:00:00,0.8498,0.84991,0.84903,0.84913,2135.29
2024.10.02 20:00:00,0.84913,0.8498,0.84904,0.84957,2833.12
2024.10.02 21:00:00,0.84952,0.84982,0.84897,0.8491,1737.49
2024.10.02 22:00:00,0.84918,0.85001,0.84905,0.8498,2137.62
2024.10.02 23:00:00,0.8498,0.85003,0.84958,0.84991,2273.35
2024.10.03 00:00:00,0.84989,0.85074,0.84977,0.8507,3548.02
2024.10.03 01:00:00,0.8507,0.85108,0.85027,0.85031,3227.02
2024.10.03 02:00:00,0.8503,0.85058,0.85008,0.85024,1755.54
2024.10.03 03:00:00,0.85023,0.85062,0.84983,0.84989,1358.67
2024.10.03 04:00:00,0.8499,0.8502,0.84943,0.84968,1753.4
2024.10.03 05:00:00,0.84966,0.85011,0.84941,0.84963,4896.66
2024.10.03 06:00:00,0.84964,0.85354,0.84964,0.85333,11010.52
2024.10.03 07:00:00,0.85332,0.85375,0.85173,0.85198,11842.21
2024.10.03 08:00:00,0.85201,0.85225,0.85063,0.85072,8419.79
2024.10.03 09:00:00,0.85072,0.85171,0.85035,0.85151,6682.13
2024.10.03 10:00:00,0.85155,0.8518,0.85023,0.85028,4848.2
2024.10.03 11:00:00,0.85029,0.85071,0.84921,0.84985,6640.46
2024.10.03 12:00:00,0.84985,0.85075,0.84883,0.85051,13547.51
2024.10.03 13:00:00,0.85053,0.85145,0.85018,0.85063,11203.12
2024.10.03 14:00:00,0.85069,0.85393,0.85069,0.85334,26627.96
2024.10.03 15:00:00,0.85335,0.85425,0.85249,0.85398,7852.01
2024.10.03 16:00:00,0.85397,0.85424,0.85243,0.85244,4818.53
2024.10.03 17:00:00,0.85244,0.85278,0.85191,0.8524,4349.56
2024.10.03 18:00:00,0.85239,0.85299,0.85221,0.85293,3798.29
2024.10.03 19:00:00,0.85291,0.85306,0.85257,0.85274,3961.41
2024.10.03 20:00:00,0.85274,0.85293,0.85248,0.85262,2457.1
2024.10.03 21:00:00,0.85262,0.85273,0.85212,0.8524,1944.23
2024.10.03 22:00:00,0.85241,0.85272,0.85207,0.8521,880.86
2024.10.03 23:00:00,0.85211,0.85214,0.85167,0.85181,736.31
2024.10.04 00:00:00,0.85182,0.85205,0.85152,0.85184,2438.64
2024.10.04 01:00:00,0.85183,0.85224,0.85167,0.85195,2496.88
2024.10.04 02:00:00,0.85196,0.85201,0.85154,0.85166,1668.48
2024.10.04 03:00:00,0.85164,0.85188,0.85146,0.85156,1566.77
2024.10.04 04:00:00,0.85157,0.85165,0.85108,0.85121,1484.54
2024.10.04 05:00:00,0.8512,0.85124,0.85033,0.85063,1925.37
2024.10.04 06:00:00,0.85066,0.85086,0.84998,0.85073,5440.93
2024.10.04 07:00:00,0.85075,0.8523,0.85049,0.85198,7492.84
2024.10.04 08:00:00,0.852,0.85254,0.85152,0.85152,6140.23
2024.10.04 09:00:00,0.85153,0.85258,0.85153,0.85253,4382.79
2024.10.04 10:00:00,0.85253,0.85276,0.85158,0.8516,3042.9
2024.10.04 11:00:00,0.85162,0.85191,0.85107,0.85148,3195.66
2024.10.04 12:00:00,0.85148,0.85999,0.85133,0.85979,21157.69
2024.10.04 13:00:00,0.85979,0.86075,0.85824,0.85851,17761.61
2024.10.04 14:00:00,0.85851,0.85917,0.85803,0.85878,14573
2024.10.04 15:00:00,0.85874,0.8599,0.85844,0.85886,8502.7
2024.10.04 16:00:00,0.85887,0.85983,0.85871,0.85937,4723.8
2024.10.04 17:00:00,0.85938,0.85938,0.85836,0.85859,3836
2024.10.04 18:00:00,0.85858,0.85888,0.85835,0.8585,2394.33
2024.10.04 19:00:00,0.8585,0.85882,0.85835,0.85843,2250.43
2024.10.04 20:00:00,0.85844,0.85853,0.85742,0.85788,3286.16
2024.10.06 21:00:00,0.85708,0.85893,0.85694,0.85862,381.84
2024.10.06 22:00:00,0.85864,0.85975,0.85848,0.85917,2426.89
2024.10.06 23:00:00,0.85917,0.85952,0.85863,0.85874,1539.69
2024.10.07 00:00:00,0.85872,0.85883,0.85783,0.85836,4078.15
2024.10.07 01:00:00,0.85837,0.8584,0.85758,0.85769,3381.03
2024.10.07 02:00:00,0.85772,0.85779,0.85728,0.85775,1572.83
2024.10.07 03:00:00,0.85777,0.85798,0.85758,0.85762,1759.69
2024.10.07 04:00:00,0.85761,0.85774,0.85748,0.85767,1331.56
2024.10.07 05:00:00,0.85768,0.85815,0.85762,0.85767,1832.96
2024.10.07 06:00:00,0.85783,0.8587,0.85759,0.85828,5173.25
2024.10.07 07:00:00,0.85829,0.85903,0.85739,0.85754,8309.44
2024.10.07 08:00:00,0.85755,0.85844,0.85704,0.85807,5925.51
2024.10.07 09:00:00,0.85808,0.85858,0.85722,0.85746,6104.21
2024.10.07 10:00:00,0.85744,0.85764,0.85671,0.85738,6128.29
2024.10.07 11:00:00,0.85739,0.85753,0.85493,0.85518,6966.15
2024.10.07 12:00:00,0.85518,0.85534,0.85385,0.85445,10093.72
2024.10.07 13:00:00,0.85446,0.85486,0.85347,0.85352,11593.28
2024.10.07 14:00:00,0.85351,0.85652,0.85338,0.85603,11601.85
2024.10.07 15:00:00,0.85607,0.85607,0.85479,0.85545,6376.25
2024.10.07 16:00:00,0.85548,0.85548,0.85383,0.85391,4008.74
2024.10.07 17:00:00,0.85392,0.85438,0.85363,0.8541,2605.56
2024.10.07 18:00:00,0.85413,0.8545,0.85381,0.85391,3052.55
2024.10.07 19:00:00,0.85391,0.85436,0.85387,0.85405,2909.9
2024.10.07 20:00:00,0.85407,0.85459,0.85389,0.85409,1615.71
2024.10.07 21:00:00,0.85409,0.85463,0.85395,0.85437,1772.36
2024.10.07 22:00:00,0.85435,0.85448,0.85305,0.85317,2590.58
2024.10.07 23:00:00,0.85318,0.85461,0.85318,0.85452,1727.63
2024.10.08 00:00:00,0.85454,0.85482,0.8539,0.85392,2889.02
2024.10.08 01:00:00,0.85395,0.85429,0.85348,0.85378,4011.32
2024.10.08 02:00:00,0.85379,0.85393,0.85315,0.85359,4700.58
2024.10.08 03:00:00,0.85358,0.85384,0.853,0.85383,3641.68
2024.10.08 04:00:00,0.85381,0.85409,0.85365,0.85405,2592.93
2024.10.08 05:00:00,0.85408,0.85423,0.85352,0.85381,3081.58
2024.10.08 06:00:00,0.85383,0.8541,0.85301,0.85363,5281.68
2024.10.08 07:00:00,0.85361,0.85409,0.85301,0.85375,7757.73
2024.10.08 08:00:00,0.85375,0.85516,0.85344,0.85446,5951.25
2024.10.08 09:00:00,0.85445,0.85592,0.85444,0.85528,5191.05
2024.10.08 10:00:00,0.85529,0.85684,0.85526,0.85619,4355.43
2024.10.08 11:00:00,0.85622,0.85661,0.85565,0.85656,5234.47
2024.10.08 12:00:00,0.85655,0.85796,0.85629,0.85702,7399.57
2024.10.08 13:00:00,0.85704,0.85707,0.85605,0.85675,8181.47
2024.10.08 14:00:00,0.85675,0.85783,0.85608,0.85771,8797.93
2024.10.08 15:00:00,0.85771,0.85839,0.8573,0.85762,5208.03
2024.10.08 16:00:00,0.8576,0.85765,0.85689,0.85733,2757.2
2024.10.08 17:00:00,0.85733,0.85792,0.85714,0.85754,3449.79
2024.10.08 18:00:00,0.85755,0.85809,0.8573,0.85786,2459.73
2024.10.08 19:00:00,0.85785,0.85821,0.85768,0.85777,1996.28
2024.10.08 20:00:00,0.85778,0.85784,0.85708,0.85711,2771.97
2024.10.08 21:00:00,0.8571,0.8574,0.85619,0.8572,2366.71
2024.10.08 22:00:00,0.85716,0.85726,0.85696,0.85697,667.02
2024.10.08 23:00:00,0.85695,0.85743,0.85693,0.85733,652.14
2024.10.09 00:00:00,0.85735,0.85756,0.85696,0.85756,2048.36
2024.10.09 01:00:00,0.85758,0.85805,0.85732,0.85739,3148.3
2024.10.09 02:00:00,0.8574,0.85746,0.85706,0.85739,1859.92
2024.10.09 03:00:00,0.8574,0.85788,0.85723,0.8578,2001.29
2024.10.09 04:00:00,0.85778,0.85811,0.85773,0.85796,1348.91
2024.10.09 05:00:00,0.85795,0.85822,0.85756,0.85792,4586.68
2024.10.09 06:00:00,0.85792,0.85794,0.85725,0.85747,4070.64
2024.10.09 07:00:00,0.85748,0.8579,0.85673,0.85712,6009.51
2024.10.09 08:00:00,0.85711,0.8576,0.85651,0.85756,3974.31
2024.10.09 09:00:00,0.85759,0.85776,0.85664,0.85681,3461.79
2024.10.09 10:00:00,0.85682,0.85721,0.85661,0.8571,2988.62
2024.10.09 11:00:00,0.8571,0.85807,0.85698,0.858,2954.93
2024.10.09 12:00:00,0.85799,0.85874,0.8574,0.85831,5476.84
2024.10.09 13:00:00,0.85828,0.85888,0.85798,0.85849,6763.89
2024.10.09 14:00:00,0.8585,0.85984,0.85828,0.85925,7323.98
2024.10.09 15:00:00,0.85926,0.85984,0.85879,0.85951,5069.9
2024.10.09 16:00:00,0.85951,0.86018,0.85951,0.85996,3556.19
2024.10.09 17:00:00,0.85996,0.86043,0.85962,0.86028,3017.91
2024.10.09 18:00:00,0.86026,0.86093,0.86009,0.8608,3194.77
2024.10.09 19:00:00,0.8608,0.8608,0.86027,0.86059,2107.68
2024.10.09 20:00:00,0.86061,0.861,0.86061,0.86069,1547.42
2024.10.09 21:00:00,0.86069,0.8607,0.85847,0.8605,3441.4
2024.10.09 22:00:00,0.8605,0.86078,0.86012,0.86054,1434.38
2024.10.09 23:00:00,0.86054,0.86072,0.86037,0.8604,35.34
2024.10.10 00:00:00,0.86052,0.86058,0.86016,0.8605,1173.79
2024.10.10 01:00:00,0.8605,0.86063,0.86009,0.86032,2030.4
2024.10.10 02:00:00,0.86033,0.86063,0.86011,0.86034,1700.51
2024.10.10 03:00:00,0.86035,0.86049,0.86008,0.86042,1780.28
2024.10.10 04:00:00,0.86043,0.86081,0.86031,0.86071,1745.43
2024.10.10 05:00:00,0.86071,0.86099,0.85993,0.86021,1988.72
2024.10.10 06:00:00,0.86021,0.86037,0.85932,0.85938,4244.31
2024.10.10 07:00:00,0.85939,0.85998,0.85904,0.85998,4954.56
2024.10.10 08:00:00,0.85997,0.86125,0.85997,0.86045,4331.82
2024.10.10 09:00:00,0.86044,0.86064,0.85956,0.85974,3220.47
2024.10.10 10:00:00,0.85975,0.85986,0.85844,0.85849,3219.19
2024.10.10 11:00:00,0.8585,0.85992,0.85836,0.85935,4851.06
2024.10.10 12:00:00,0.85934,0.86137,0.85573,0.85751,20517.85
2024.10.10 13:00:00,0.85752,0.85838,0.85673,0.85782,15786.92
2024.10.10 14:00:00,0.85782,0.85858,0.85673,0.85807,11588.1
2024.10.10 15:00:00,0.85808,0.85837,0.85599,0.85733,8051.92
2024.10.10 16:00:00,0.85731,0.85857,0.85626,0.85783,7464.45
2024.10.10 17:00:00,0.8578,0.8578,0.85634,0.8568,6235.5
2024.10.10 18:00:00,0.8568,0.85725,0.85649,0.85716,3311.84
2024.10.10 19:00:00,0.85716,0.85731,0.85636,0.85648,2616.48
2024.10.10 20:00:00,0.85646,0.85652,0.85604,0.85612,1594.2
2024.10.10 21:00:00,0.85612,0.85624,0.85573,0.85601,2820.01
2024.10.10 22:00:00,0.85602,0.8566,0.85602,0.85655,487.55
2024.10.10 23:00:00,0.85654,0.85677,0.85646,0.8566,519.75
2024.10.11 00:00:00,0.85662,0.8569,0.85632,0.85642,1699.68
2024.10.11 01:00:00,0.85639,0.85735,0.85633,0.85729,1572.67
2024.10.11 02:00:00,0.8573,0.85744,0.85679,0.85688,1014.69
2024.10.11 03:00:00,0.85688,0.85706,0.85668,0.85682,1114.9
2024.10.11 04:00:00,0.85681,0.8571,0.85672,0.85708,1183.81
2024.10.11 05:00:00,0.85707,0.85724,0.85686,0.85721,1172.3
2024.10.11 06:00:00,0.85718,0.85783,0.85698,0.85703,3712.72
2024.10.11 07:00:00,0.85702,0.85779,0.85642,0.85659,3671.5
2024.10.11 08:00:00,0.85661,0.85697,0.85586,0.85609,3268.15
2024.10.11 09:00:00,0.85606,0.85746,0.85599,0.8574,3017.75
2024.10.11 10:00:00,0.8574,0.85811,0.85734,0.85802,2566.79
2024.10.11 11:00:00,0.85803,0.85819,0.85726,0.85744,3519.68
2024.10.11 12:00:00,0.85743,0.85843,0.8563,0.85753,9037.09
2024.10.11 13:00:00,0.85752,0.8582,0.85698,0.85764,8265.34
2024.10.11 14:00:00,0.85757,0.85838,0.85691,0.85729,8065.54
2024.10.11 15:00:00,0.85728,0.85759,0.85679,0.85742,3259.6
2024.10.11 16:00:00,0.85741,0.85741,0.85626,0.85634,2049.78
2024.10.11 17:00:00,0.85633,0.857,0.85623,0.85661,1558.87
2024.10.11 18:00:00,0.85662,0.85698,0.85662,0.85698,1068.66
2024.10.11 19:00:00,0.85697,0.85733,0.85673,0.85718,965.29
2024.10.11 20:00:00,0.85719,0.85748,0.857,0.857,2024.54
2024.10.13 21:00:00,0.85626,0.85736,0.85626,0.85735,784.93
2024.10.13 22:00:00,0.85738,0.85805,0.85723,0.85804,746.69
2024.10.13 23:00:00,0.85803,0.85832,0.8579,0.85823,546.19
2024.10.14 00:00:00,0.85822,0.85853,0.85795,0.85827,1321.08
2024.10.14 01:00:00,0.85831,0.85843,0.85804,0.85833,1629.99
2024.10.14 02:00:00,0.85833,0.85855,0.85811,0.85827,1221.78
2024.10.14 03:00:00,0.85827,0.85837,0.85811,0.85832,881.25
2024.10.14 04:00:00,0.85833,0.85844,0.85817,0.85823,630.86
2024.10.14 05:00:00,0.85823,0.8584,0.85803,0.85822,1190.75
2024.10.14 06:00:00,0.8582,0.85852,0.85805,0.85844,1845.08
2024.10.14 07:00:00,0.85848,0.86022,0.85848,0.85936,3439.18
2024.10.14 08:00:00,0.85938,0.86009,0.85921,0.85985,2616.96
2024.10.14 09:00:00,0.85986,0.85998,0.85932,0.85993,2249.6
2024.10.14 10:00:00,0.85995,0.86085,0.8597,0.86077,1980.32
2024.10.14 11:00:00,0.86076,0.86293,0.8606,0.8618,3638.62
2024.10.14 12:00:00,0.86182,0.86311,0.86174,0.86311,3971.42
2024.10.14 13:00:00,0.86313,0.86387,0.86199,0.8629,5209.63
2024.10.14 14:00:00,0.86291,0.86414,0.86289,0.86308,5058.77
2024.10.14 15:00:00,0.86306,0.86375,0.86289,0.86363,2869.01
2024.10.14 16:00:00,0.86361,0.86398,0.86328,0.86331,1591.02
2024.10.14 17:00:00,0.86332,0.86342,0.86279,0.86305,1162.7
2024.10.14 18:00:00,0.86306,0.86362,0.8628,0.86362,975.77
2024.10.14 19:00:00,0.86361,0.8639,0.86248,0.86253,2877.36
2024.10.14 20:00:00,0.86253,0.86277,0.86227,0.86251,2030.46
2024.10.14 21:00:00,0.86236,0.86264,0.86231,0.86259,1038.51
2024.10.14 22:00:00,0.86263,0.86285,0.86242,0.86251,604.68
2024.10.14 23:00:00,0.8625,0.86264,0.86211,0.86234,672.85
2024.10.15 00:00:00,0.86237,0.86247,0.86158,0.86168,2113.97
2024.10.15 01:00:00,0.86168,0.86192,0.86151,0.8616,1181.03
2024.10.15 02:00:00,0.86164,0.86266,0.86151,0.86248,1632.48
2024.10.15 03:00:00,0.86249,0.86331,0.86248,0.86331,1620.67
2024.10.15 04:00:00,0.86329,0.86366,0.86324,0.86354,1014.56
2024.10.15 05:00:00,0.86354,0.86363,0.86288,0.86295,1993.64
2024.10.15 06:00:00,0.86302,0.8631,0.86211,0.86238,4361.65
2024.10.15 07:00:00,0.86235,0.86263,0.86173,0.86231,4822.53
2024.10.15 08:00:00,0.86231,0.86231,0.86135,0.8615,5175.44
2024.10.15 09:00:00,0.86148,0.86188,0.86075,0.86099,3659.46
2024.10.15 10:00:00,0.86097,0.86186,0.86065,0.86177,2806.7
2024.10.15 11:00:00,0.86178,0.86241,0.86159,0.86235,3702.53
2024.10.15 12:00:00,0.86234,0.86246,0.86109,0.86152,6671.72
2024.10.15 13:00:00,0.86152,0.86179,0.86071,0.86122,5842.51
2024.10.15 14:00:00,0.86125,0.8622,0.86063,0.86203,8707.55
2024.10.15 15:00:00,0.86202,0.86242,0.86145,0.86215,3852.8
2024.10.15 16:00:00,0.86216,0.86315,0.86189,0.86309,2324.89
2024.10.15 17:00:00,0.86312,0.86366,0.86301,0.86308,2849.67
2024.10.15 18:00:00,0.86307,0.86315,0.8625,0.86271,2386.49
2024.10.15 19:00:00,0.86271,0.86274,0.86237,0.86245,2500.66
2024.10.15 20:00:00,0.86244,0.86246,0.86148,0.86148,1983.98
2024.10.15 21:00:00,0.86148,0.86212,0.86121,0.86192,2889.12
2024.10.15 22:00:00,0.86192,0.8625,0.86177,0.8624,1049.91
2024.10.15 23:00:00,0.8624,0.86272,0.86238,0.86258,742.91
2024.10.16 00:00:00,0.86262,0.8627,0.86227,0.86258,2022.93
2024.10.16 01:00:00,0.86257,0.86262,0.86169,0.86179,2047.22
2024.10.16 02:00:00,0.86177,0.86208,0.86163,0.86176,1353.17
2024.10.16 03:00:00,0.86175,0.86199,0.86165,0.86198,971.26
2024.10.16 04:00:00,0.86198,0.86245,0.86192,0.86242,802.46
2024.10.16 05:00:00,0.86242,0.86265,0.86225,0.86239,1101.38
2024.10.16 06:00:00,0.86237,0.86292,0.86203,0.86275,4696.12
2024.10.16 07:00:00,0.86276,0.86286,0.86172,0.86254,4058.52
2024.10.16 08:00:00,0.86256,0.86282,0.86213,0.8622,2845.45
2024.10.16 09:00:00,0.8622,0.8622,0.8614,0.86186,2971.41
2024.10.16 10:00:00,0.86187,0.86246,0.8617,0.86228,2452.35
2024.10.16 11:00:00,0.86231,0.86256,0.86206,0.86216,2817.91
2024.10.16 12:00:00,0.86216,0.86333,0.86203,0.86316,4364.73
2024.10.16 13:00:00,0.86316,0.86343,0.86241,0.86247,4936.84
2024.10.16 14:00:00,0.86246,0.86562,0.86241,0.86413,7104.92
2024.10.16 15:00:00,0.86413,0.86464,0.86385,0.86417,3309.14
2024.10.16 16:00:00,0.86416,0.86495,0.86399,0.86458,2017.54
2024.10.16 17:00:00,0.86459,0.86486,0.86429,0.86484,1714.39
2024.10.16 18:00:00,0.86484,0.86537,0.8647,0.86537,1411.77
2024.10.16 19:00:00,0.86535,0.86576,0.8653,0.86541,1569.38
2024.10.16 20:00:00,0.86539,0.86552,0.86527,0.86534,2118.18
2024.10.16 21:00:00,0.8653,0.8653,0.86436,0.86449,1277.86
2024.10.16 22:00:00,0.86469,0.86545,0.86468,0.86544,1337.04
2024.10.16 23:00:00,0.86545,0.86576,0.8654,0.86541,511.09
2024.10.17 00:00:00,0.86538,0.86592,0.86531,0.86558,1861.9
2024.10.17 01:00:00,0.86559,0.86592,0.86537,0.8655,1650.85
2024.10.17 02:00:00,0.86548,0.86572,0.86536,0.86555,1476.51
2024.10.17 03:00:00,0.86556,0.86621,0.86554,0.86604,1269.17
2024.10.17 04:00:00,0.86607,0.86625,0.86578,0.86621,983.04
2024.10.17 05:00:00,0.86622,0.86656,0.86613,0.86614,1556.98
2024.10.17 06:00:00,0.86616,0.86695,0.86616,0.86667,2892.22
2024.10.17 07:00:00,0.86668,0.8668,0.86504,0.86524,4256.55
2024.10.17 08:00:00,0.86523,0.86539,0.86486,0.8651,2693.68
2024.10.17 09:00:00,0.86511,0.86523,0.86436,0.86471,2380.14
2024.10.17 10:00:00,0.86471,0.8649,0.86345,0.86369,3172.69
2024.10.17 11:00:00,0.86367,0.86392,0.8631,0.86322,2438.65
2024.10.17 12:00:00,0.86322,0.86592,0.86276,0.86451,20853.38
2024.10.17 13:00:00,0.86453,0.86618,0.86421,0.86446,11613.51
2024.10.17 14:00:00,0.86446,0.86544,0.86404,0.86507,10420.19
2024.10.17 15:00:00,0.86507,0.86559,0.86452,0.86536,6438.23
2024.10.17 16:00:00,0.86537,0.86635,0.86536,0.86583,3116.09
2024.10.17 17:00:00,0.86582,0.86619,0.86554,0.86613,1822.11
2024.10.17 18:00:00,0.86612,0.86681,0.86599,0.86673,2107.4
2024.10.17 19:00:00,0.86674,0.86682,0.86609,0.86628,1709.71
2024.10.17 20:00:00,0.86628,0.86632,0.8659,0.86591,1503.32
2024.10.17 21:00:00,0.86583,0.86619,0.86565,0.86606,1187.65
2024.10.17 22:00:00,0.86599,0.86613,0.86578,0.86613,1039.17
2024.10.17 23:00:00,0.86611,0.86632,0.86588,0.86607,479.79
2024.10.18 00:00:00,0.86607,0.86627,0.86589,0.86627,2242.71
2024.10.18 01:00:00,0.86627,0.86634,0.86577,0.86592,1934.26
2024.10.18 02:00:00,0.86593,0.86608,0.8657,0.86588,1635.04
2024.10.18 03:00:00,0.86591,0.86593,0.86563,0.86568,1185.07
2024.10.18 04:00:00,0.86568,0.86585,0.86559,0.86572,703.35
2024.10.18 05:00:00,0.8657,0.86575,0.86541,0.86567,1423.07
2024.10.18 06:00:00,0.86568,0.86591,0.86531,0.86548,3491.32
2024.10.18 07:00:00,0.8655,0.86692,0.86549,0.86663,3120.77
2024.10.18 08:00:00,0.86662,0.86672,0.86611,0.86626,3016.96
2024.10.18 09:00:00,0.86624,0.86658,0.86609,0.86616,2185.83
2024.10.18 10:00:00,0.86613,0.86631,0.86581,0.86614,3272.31
2024.10.18 11:00:00,0.86613,0.86643,0.86593,0.86638,2772.61
2024.10.18 12:00:00,0.86639,0.8669,0.86491,0.86533,5405.92
2024.10.18 13:00:00,0.86531,0.86596,0.86497,0.86552,4790.42
2024.10.18 14:00:00,0.86551,0.86589,0.86514,0.86523,4945.14
2024.10.18 15:00:00,0.86523,0.86605,0.86505,0.8659,3295.87
2024.10.18 16:00:00,0.86593,0.86602,0.86498,0.86505,1831.26
2024.10.18 17:00:00,0.86507,0.86576,0.86504,0.86555,1373.82
2024.10.18 18:00:00,0.86555,0.86563,0.86502,0.8653,1432.48
2024.10.18 19:00:00,0.86532,0.86552,0.86507,0.86514,1832.07
2024.10.18 20:00:00,0.86514,0.86525,0.86455,0.86467,4059.25
2024.10.20 21:00:00,0.86384,0.865,0.86384,0.8648,1043.6
2024.10.20 22:00:00,0.86479,0.86515,0.86444,0.86497,955.36
2024.10.20 23:00:00,0.86495,0.86507,0.86476,0.86494,684.16
2024.10.21 00:00:00,0.86495,0.86538,0.86477,0.86528,1807.47
2024.10.21 01:00:00,0.86529,0.86534,0.86465,0.86481,2888.64
2024.10.21 02:00:00,0.8648,0.86492,0.8646,0.86477,3042.99
2024.10.21 03:00:00,0.86476,0.86477,0.86446,0.8646,2180.92
2024.10.21 04:00:00,0.86462,0.8651,0.86459,0.86491,1305.55
2024.10.21 05:00:00,0.8649,0.86502,0.86469,0.86493,2093.42
2024.10.21 06:00:00,0.86492,0.86583,0.86491,0.86552,2695.47
2024.10.21 07:00:00,0.86552,0.86563,0.86468,0.86494,2852.3
2024.10.21 08:00:00,0.86494,0.86553,0.86479,0.86489,2245.09
2024.10.21 09:00:00,0.8649,0.86523,0.86398,0.86521,2460.37
2024.10.21 10:00:00,0.86521,0.86544,0.86414,0.86417,2751.14
2024.10.21 11:00:00,0.86416,0.86435,0.86372,0.86383,2172.2
2024.10.21 12:00:00,0.86384,0.86437,0.86329,0.86368,4167.78
2024.10.21 13:00:00,0.8637,0.86435,0.86334,0.86413,5291.94
2024.10.21 14:00:00,0.86412,0.86522,0.86409,0.86498,5095.28
2024.10.21 15:00:00,0.86499,0.86596,0.86493,0.86583,4533.53
2024.10.21 16:00:00,0.86581,0.8659,0.86523,0.86542,2316.64
2024.10.21 17:00:00,0.86543,0.8658,0.86534,0.86569,2169.28
2024.10.21 18:00:00,0.86571,0.86619,0.86548,0.86613,1786.96
2024.10.21 19:00:00,0.86611,0.86624,0.8659,0.86602,1417.01
2024.10.21 20:00:00,0.86602,0.86635,0.86591,0.86606,2772.07
2024.10.21 21:00:00,0.86597,0.86614,0.86548,0.86578,1572.47
2024.10.21 22:00:00,0.86578,0.86605,0.86536,0.86549,973.89
2024.10.21 23:00:00,0.8655,0.86571,0.8654,0.86551,575.54
2024.10.22 00:00:00,0.86553,0.86564,0.86523,0.86528,2295.59
2024.10.22 01:00:00,0.86528,0.86529,0.86464,0.86491,3001.72
2024.10.22 02:00:00,0.8649,0.86509,0.86469,0.865,1637.87
2024.10.22 03:00:00,0.86498,0.86537,0.86493,0.865,1571.1
2024.10.22 04:00:00,0.86503,0.86543,0.86501,0.8652,1210.08
2024.10.22 05:00:00,0.86519,0.86555,0.86499,0.86546,2727.77
2024.10.22 06:00:00,0.8655,0.86568,0.86448,0.86539,3768.05
2024.10.22 07:00:00,0.86539,0.86548,0.86464,0.86505,4212.84
2024.10.22 08:00:00,0.86508,0.86574,0.86483,0.86537,3230.37
2024.10.22 09:00:00,0.8654,0.86618,0.86503,0.86599,3170.04
2024.10.22 10:00:00,0.866,0.86623,0.86531,0.86564,3166.16
2024.10.22 11:00:00,0.86563,0.86602,0.86532,0.86574,3072.25
2024.10.22 12:00:00,0.86575,0.86583,0.86522,0.86568,4010.32
2024.10.22 13:00:00,0.86567,0.86597,0.86478,0.86569,6582.06
2024.10.22 14:00:00,0.86568,0.86626,0.86506,0.86532,6220.09
2024.10.22 15:00:00,0.86532,0.86563,0.86486,0.86538,3934.34
2024.10.22 16:00:00,0.86538,0.86609,0.86536,0.86547,2125.55
2024.10.22 17:00:00,0.86547,0.86588,0.86526,0.86527,2670.51
2024.10.22 18:00:00,0.86527,0.86563,0.86497,0.86561,1781.22
2024.10.22 19:00:00,0.86561,0.86575,0.86544,0.86563,1767.2
2024.10.22 20:00:00,0.86563,0.86579,0.86526,0.86531,2143.62
2024.10.22 21:00:00,0.86525,0.8654,0.86415,0.86514,1934.3
2024.10.22 22:00:00,0.86515,0.86542,0.86503,0.86524,822.12
2024.10.22 23:00:00,0.86525,0.86554,0.86517,0.86554,347.91
2024.10.23 00:00:00,0.86553,0.86671,0.86553,0.86667,1767.75
2024.10.23 01:00:00,0.86665,0.86695,0.86639,0.86681,2002.01
2024.10.23 02:00:00,0.8668,0.86694,0.86651,0.86661,1588.47
2024.10.23 03:00:00,0.86661,0.86703,0.8665,0.86663,1306.18
2024.10.23 04:00:00,0.86661,0.86723,0.86648,0.86693,1953.15
2024.10.23 05:00:00,0.86692,0.86751,0.86686,0.86698,2181.11
2024.10.23 06:00:00,0.86698,0.86791,0.86668,0.86767,3555.13
2024.10.23 07:00:00,0.86768,0.86858,0.86756,0.86791,3778.13
2024.10.23 08:00:00,0.86793,0.86794,0.86648,0.86659,3043.78
2024.10.23 09:00:00,0.86658,0.86772,0.86647,0.86737,3493.96
2024.10.23 10:00:00,0.86739,0.86739,0.86641,0.86672,2455.2
2024.10.23 11:00:00,0.8667,0.86786,0.86657,0.8678,3096.59
2024.10.23 12:00:00,0.86781,0.8682,0.86713,0.86727,5734.87
2024.10.23 13:00:00,0.86726,0.86783,0.86689,0.86751,4777.04
2024.10.23 14:00:00,0.8675,0.86776,0.86684,0.86698,5709.51
2024.10.23 15:00:00,0.86697,0.86713,0.86622,0.86652,3285.19
2024.10.23 16:00:00,0.86652,0.86706,0.86641,0.86698,2132.78
2024.10.23 17:00:00,0.86698,0.86765,0.86692,0.86732,1991.57
2024.10.23 18:00:00,0.86733,0.86733,0.86658,0.867,3348.52
2024.10.23 19:00:00,0.867,0.867,0.8661,0.86618,1782.02
2024.10.23 20:00:00,0.86617,0.86649,0.86613,0.86627,1951.86
2024.10.23 21:00:00,0.86627,0.86634,0.86606,0.86628,2576.23
2024.10.23 22:00:00,0.86628,0.86661,0.86626,0.86645,662.76
2024.10.23 23:00:00,0.86644,0.86679,0.8663,0.86677,803.82
2024.10.24 00:00:00,0.86677,0.86696,0.86622,0.86632,2849
2024.10.24 01:00:00,0.86632,0.86683,0.86627,0.86659,2786.81
2024.10.24 02:00:00,0.8666,0.86671,0.86601,0.86626,2881.74
2024.10.24 03:00:00,0.86626,0.86634,0.86601,0.8662,2937.07
2024.10.24 04:00:00,0.8662,0.8662,0.86566,0.86576,1743.37
2024.10.24 05:00:00,0.86577,0.86614,0.86571,0.86612,1669.12
2024.10.24 06:00:00,0.86614,0.86666,0.86556,0.86608,4304.31
2024.10.24 07:00:00,0.86609,0.86714,0.86589,0.86613,8212.89
2024.10.24 08:00:00,0.86613,0.86642,0.86538,0.8657,4779.49
2024.10.24 09:00:00,0.86569,0.86605,0.86504,0.86564,3110.31
2024.10.24 10:00:00,0.86565,0.86575,0.86521,0.86554,2483.17
2024.10.24 11:00:00,0.86555,0.86596,0.86503,0.86571,3474.32
2024.10.24 12:00:00,0.86571,0.86673,0.86521,0.86613,8982.42
2024.10.24 13:00:00,0.86616,0.8667,0.86532,0.8663,8785.89
2024.10.24 14:00:00,0.86627,0.86677,0.86572,0.86617,7303.13
2024.10.24 15:00:00,0.86616,0.86691,0.86582,0.86676,4299.25
2024.10.24 16:00:00,0.86677,0.86685,0.86594,0.86598,2192.81
2024.10.24 17:00:00,0.86599,0.86615,0.86511,0.86541,2718.52
2024.10.24 18:00:00,0.86543,0.86598,0.86542,0.86596,2253.13
2024.10.24 19:00:00,0.86599,0.86617,0.86572,0.86573,2214.11
2024.10.24 20:00:00,0.86573,0.86584,0.86559,0.86563,1232.67
2024.10.24 21:00:00,0.86563,0.86573,0.8651,0.86539,496.58
2024.10.24 22:00:00,0.86539,0.86578,0.86539,0.86569,718.47
2024.10.24 23:00:00,0.86571,0.86597,0.8656,0.86591,872.67
2024.10.25 00:00:00,0.86589,0.8663,0.8657,0.86617,2262.01
2024.10.25 01:00:00,0.86617,0.86642,0.86583,0.866,1544.27
2024.10.25 02:00:00,0.86602,0.86608,0.8657,0.86586,1825.51
2024.10.25 03:00:00,0.86588,0.86617,0.86575,0.86581,1578.16
2024.10.25 04:00:00,0.86583,0.86592,0.8655,0.86554,1743.89
2024.10.25 05:00:00,0.86557,0.86561,0.86501,0.86553,1996.66
2024.10.25 06:00:00,0.86555,0.86602,0.86539,0.86571,2963.98
2024.10.25 07:00:00,0.86571,0.8663,0.86535,0.86618,4056.71
2024.10.25 08:00:00,0.86621,0.86679,0.866,0.86673,3328.33
2024.10.25 09:00:00,0.86672,0.86715,0.86642,0.86651,2474.58
2024.10.25 10:00:00,0.86651,0.86692,0.86634,0.8668,1906.92
2024.10.25 11:00:00,0.86681,0.86743,0.86627,0.86657,3416.92
2024.10.25 12:00:00,0.86656,0.86698,0.86534,0.8656,4638.77
2024.10.25 13:00:00,0.86563,0.86682,0.86551,0.866,5550.13
2024.10.25 14:00:00,0.866,0.86638,0.86547,0.86621,7316.35
2024.10.25 15:00:00,0.86622,0.86689,0.86584,0.8664,4560.57
2024.10.25 16:00:00,0.86641,0.86671,0.86617,0.86619,2319.1
2024.10.25 17:00:00,0.86617,0.86643,0.86562,0.86584,1717.95
2024.10.25 18:00:00,0.86585,0.86635,0.86573,0.86627,1671.11
2024.10.25 19:00:00,0.8663,0.86665,0.86628,0.86642,1826.84
2024.10.25 20:00:00,0.86644,0.86675,0.86623,0.86637,2006.46
2024.10.27 21:00:00,0.86767,0.86783,0.86731,0.86754,401.01
2024.10.27 22:00:00,0.86754,0.86879,0.86754,0.86821,3942.39
2024.10.27 23:00:00,0.86818,0.86858,0.86783,0.86847,2608.99
2024.10.28 00:00:00,0.86848,0.86937,0.86818,0.86915,4347.97
2024.10.28 01:00:00,0.86916,0.86988,0.86903,0.86981,5199.25
2024.10.28 02:00:00,0.86983,0.86983,0.86896,0.86924,2667.14
2024.10.28 03:00:00,0.86924,0.86978,0.86906,0.86975,3462.01
2024.10.28 04:00:00,0.86977,0.86988,0.86939,0.86968,3686.79
2024.10.28 05:00:00,0.86968,0.86997,0.86918,0.86923,2318.87
2024.10.28 06:00:00,0.86923,0.86938,0.86855,0.86857,2684.96
2024.10.28 07:00:00,0.86858,0.86872,0.86755,0.86789,4181.16
2024.10.28 08:00:00,0.86788,0.86792,0.86706,0.86718,5950.87
2024.10.28 09:00:00,0.86718,0.86764,0.86695,0.86726,4322.28
2024.10.28 10:00:00,0.86725,0.86725,0.8662,0.86638,4444.94
2024.10.28 11:00:00,0.86637,0.86658,0.86592,0.86621,2812.5
2024.10.28 12:00:00,0.86621,0.86644,0.86502,0.86624,5243.68
2024.10.28 13:00:00,0.86624,0.86646,0.86524,0.86536,4964.6
2024.10.28 14:00:00,0.86536,0.86619,0.86467,0.86489,5214
2024.10.28 15:00:00,0.8649,0.86588,0.86478,0.86582,5090.74
2024.10.28 16:00:00,0.86581,0.86593,0.86496,0.86545,3710
2024.10.28 17:00:00,0.86548,0.8655,0.86494,0.86526,2394.8
2024.10.28 18:00:00,0.86528,0.86556,0.86493,0.86521,2113.14
2024.10.28 19:00:00,0.8652,0.86529,0.86465,0.86487,1945.27
2024.10.28 20:00:00,0.86488,0.86533,0.86469,0.86506,3063.58
2024.10.28 21:00:00,0.86502,0.86538,0.86462,0.86501,949.78
2024.10.28 22:00:00,0.86504,0.86535,0.86488,0.86517,992.31
2024.10.28 23:00:00,0.86519,0.86542,0.86467,0.86469,491.65
2024.10.29 00:00:00,0.86469,0.8651,0.8643,0.86501,2310.04
2024.10.29 01:00:00,0.86504,0.86535,0.86468,0.86485,2166.82
2024.10.29 02:00:00,0.86484,0.86502,0.86459,0.86496,2442.75
2024.10.29 03:00:00,0.86497,0.86538,0.86486,0.86506,2322.16
2024.10.29 04:00:00,0.86508,0.86541,0.86507,0.86515,1081.42
2024.10.29 05:00:00,0.86515,0.86518,0.86464,0.86506,1437.71
2024.10.29 06:00:00,0.86507,0.86564,0.86497,0.86542,2255.8
2024.10.29 07:00:00,0.86547,0.86618,0.86541,0.86616,3273.14
2024.10.29 08:00:00,0.86619,0.86671,0.86601,0.86626,5380.24
2024.10.29 09:00:00,0.86627,0.86644,0.86533,0.86606,3533.24
2024.10.29 10:00:00,0.86606,0.86709,0.8659,0.86685,4664.13
2024.10.29 11:00:00,0.86684,0.86811,0.86667,0.86797,2869.99
2024.10.29 12:00:00,0.86798,0.86972,0.86798,0.8694,6077.99
2024.10.29 13:00:00,0.86943,0.86982,0.86867,0.86901,6831.71
2024.10.29 14:00:00,0.86901,0.86901,0.86672,0.86807,13239.52
2024.10.29 15:00:00,0.86804,0.86958,0.86799,0.86846,7196.25
2024.10.29 16:00:00,0.86845,0.86968,0.86789,0.86915,4523.89
2024.10.29 17:00:00,0.86917,0.86928,0.8676,0.86769,4022.73
2024.10.29 18:00:00,0.86767,0.86788,0.86727,0.86756,2998.38
2024.10.29 19:00:00,0.86756,0.86794,0.86735,0.86753,2365.02
2024.10.29 20:00:00,0.86754,0.86757,0.86691,0.86691,1919.18
2024.10.29 21:00:00,0.86689,0.86777,0.86689,0.8672,1172.16
2024.10.29 22:00:00,0.86726,0.86751,0.86696,0.86717,1503.21
2024.10.29 23:00:00,0.86717,0.86742,0.86693,0.86721,782.18
2024.10.30 00:00:00,0.86721,0.86735,0.86681,0.86729,1829.99
2024.10.30 01:00:00,0.8673,0.86748,0.86687,0.8674,3243
2024.10.30 02:00:00,0.86742,0.86764,0.86737,0.86749,1825.53
2024.10.30 03:00:00,0.86749,0.86777,0.86746,0.86771,1560.43
2024.10.30 04:00:00,0.86769,0.86777,0.86728,0.86745,1157.56
2024.10.30 05:00:00,0.86747,0.86759,0.86714,0.86714,3094.62
2024.10.30 06:00:00,0.86716,0.8674,0.86639,0.86661,3010.03
2024.10.30 07:00:00,0.86664,0.8676,0.86607,0.86746,3598.38
2024.10.30 08:00:00,0.86747,0.86755,0.86616,0.8665,5059.93
2024.10.30 09:00:00,0.86649,0.86767,0.86588,0.86672,6212.4
2024.10.30 10:00:00,0.86671,0.86721,0.86598,0.86712,3108.82
2024.10.30 11:00:00,0.86711,0.86784,0.86692,0.86769,3050.75
2024.10.30 12:00:00,0.86769,0.86933,0.86723,0.86838,10850.16
2024.10.30 13:00:00,0.86836,0.86881,0.86635,0.86647,8276.47
2024.10.30 14:00:00,0.86648,0.86688,0.86591,0.86647,8723.97
2024.10.30 15:00:00,0.86647,0.86721,0.86632,0.86639,7046.31
2024.10.30 16:00:00,0.86639,0.86661,0.86563,0.86601,4183.89
2024.10.30 17:00:00,0.86603,0.86671,0.86571,0.86587,3094.28
2024.10.30 18:00:00,0.86587,0.86591,0.86536,0.86581,2044.71
2024.10.30 19:00:00,0.86579,0.8669,0.86576,0.86617,3088.58
2024.10.30 20:00:00,0.86615,0.86669,0.8661,0.86669,2567.08
2024.10.30 21:00:00,0.86664,0.86664,0.8661,0.86623,1579.68
2024.10.30 22:00:00,0.86612,0.86651,0.86612,0.86636,2185.86
2024.10.30 23:00:00,0.86636,0.86651,0.86616,0.86645,1613.53
2024.10.31 00:00:00,0.86645,0.86648,0.86611,0.86635,1568.57
2024.10.31 01:00:00,0.86635,0.86644,0.86589,0.86635,1934.14
2024.10.31 02:00:00,0.86635,0.8664,0.86588,0.86626,2122.65
2024.10.31 03:00:00,0.86628,0.86628,0.86538,0.86547,2266.92
2024.10.31 04:00:00,0.86547,0.86573,0.86519,0.86565,1990.41
2024.10.31 05:00:00,0.86564,0.8658,0.86528,0.86538,1172.9
2024.10.31 06:00:00,0.86538,0.86555,0.86447,0.86478,4767.27
2024.10.31 07:00:00,0.8648,0.86615,0.8646,0.8655,7082.06
2024.10.31 08:00:00,0.86548,0.86593,0.86496,0.8657,6269.93
2024.10.31 09:00:00,0.86569,0.86613,0.86514,0.86527,3681.73
2024.10.31 10:00:00,0.86526,0.86589,0.86464,0.86589,3718.61
2024.10.31 11:00:00,0.86591,0.86635,0.86526,0.86554,4185.62
2024.10.31 12:00:00,0.86553,0.86631,0.86452,0.86507,12412.79
2024.10.31 13:00:00,0.86507,0.86548,0.86366,0.86501,10822.92
2024.10.31 14:00:00,0.86499,0.86598,0.86383,0.86448,13121.03
2024.10.31 15:00:00,0.86449,0.86558,0.86397,0.86474,12149.37
2024.10.31 16:00:00,0.86474,0.86595,0.86467,0.86546,7084.35
2024.10.31 17:00:00,0.86545,0.86567,0.86506,0.86523,3250.56
2024.10.31 18:00:00,0.86522,0.86528,0.86368,0.86409,4798.13
2024.10.31 19:00:00,0.86408,0.86413,0.86333,0.86342,6305.36
2024.10.31 20:00:00,0.86343,0.86368,0.86326,0.86345,4307.15
2024.10.31 21:00:00,0.8634,0.8637,0.86322,0.86369,2176.43
2024.10.31 22:00:00,0.86365,0.86384,0.8634,0.8635,1426.22
2024.10.31 23:00:00,0.86348,0.86358,0.86321,0.86353,807.32
2024.11.01 00:00:00,0.86354,0.86394,0.86327,0.86346,2311.99
2024.11.01 01:00:00,0.86347,0.8638,0.86319,0.86355,3483.82
2024.11.01 02:00:00,0.86355,0.86417,0.86353,0.86398,5013.26
2024.11.01 03:00:00,0.86398,0.86417,0.86382,0.86403,1669.8
2024.11.01 04:00:00,0.86403,0.86418,0.86394,0.86413,2505.67
2024.11.01 05:00:00,0.86411,0.86434,0.86397,0.86417,1750.98
2024.11.01 06:00:00,0.86417,0.86443,0.86399,0.86413,2782.08
2024.11.01 07:00:00,0.86413,0.8685,0.86389,0.86846,7228.47
2024.11.01 08:00:00,0.86848,0.86935,0.86745,0.86808,7164.91
2024.11.01 09:00:00,0.86807,0.86833,0.86745,0.86803,3372.27
2024.11.01 10:00:00,0.86802,0.86844,0.86774,0.86776,3151.92
2024.11.01 11:00:00,0.86774,0.86823,0.86732,0.86757,3258.94
2024.11.01 12:00:00,0.86756,0.86822,0.86387,0.8654,16970.84
2024.11.01 13:00:00,0.8654,0.86805,0.86533,0.86757,12455.7
2024.11.01 14:00:00,0.86757,0.86986,0.8671,0.8693,14056.09
2024.11.01 15:00:00,0.86929,0.8705,0.86907,0.87036,8028.72
2024.11.01 16:00:00,0.87037,0.87041,0.86905,0.86921,5034.16
2024.11.01 17:00:00,0.86922,0.87083,0.86916,0.8705,2966.23
2024.11.01 18:00:00,0.87051,0.87052,0.86973,0.87041,3239.93
2024.11.01 19:00:00,0.8704,0.87087,0.87034,0.87054,2522.31
2024.11.01 20:00:00,0.87053,0.8711,0.86927,0.86957,3144.37
2024.11.03 22:00:00,0.86693,0.86772,0.86693,0.86765,471.87
2024.11.03 23:00:00,0.86768,0.86806,0.86726,0.86765,3563.11
2024.11.04 00:00:00,0.86764,0.86765,0.86674,0.86703,3620.56
2024.11.04 01:00:00,0.86704,0.8671,0.86526,0.86553,7479.81
2024.11.04 02:00:00,0.8655,0.86564,0.86466,0.86475,6682.16
2024.11.04 03:00:00,0.86476,0.86476,0.86422,0.86449,4282.01
2024.11.04 04:00:00,0.86452,0.86513,0.86445,0.86506,1848.39
2024.11.04 05:00:00,0.86508,0.86538,0.86499,0.86508,4346.45
2024.11.04 06:00:00,0.86509,0.86571,0.86481,0.8657,3633.25
2024.11.04 07:00:00,0.86571,0.86595,0.86496,0.86553,5137.87
2024.11.04 08:00:00,0.86553,0.86561,0.86442,0.86464,5132.08
2024.11.04 09:00:00,0.86465,0.86475,0.86307,0.8636,4733.3
2024.11.04 10:00:00,0.86361,0.86396,0.86292,0.86357,3581.86
2024.11.04 11:00:00,0.86358,0.86367,0.86196,0.86204,4173.95
2024.11.04 12:00:00,0.86204,0.8635,0.86199,0.86317,3117.42
2024.11.04 13:00:00,0.86318,0.86407,0.86262,0.86314,4900.88
2024.11.04 14:00:00,0.86314,0.8633,0.8623,0.86253,6849.09
2024.11.04 15:00:00,0.86252,0.86305,0.86146,0.86274,9729.93
2024.11.04 16:00:00,0.86272,0.86343,0.86269,0.86326,4801.82
2024.11.04 17:00:00,0.86325,0.86372,0.86275,0.86294,2305.32
2024.11.04 18:00:00,0.86295,0.86391,0.86286,0.86318,3055.76
2024.11.04 19:00:00,0.86318,0.86373,0.86304,0.86363,2123.06
2024.11.04 20:00:00,0.86364,0.86416,0.86363,0.86408,3781.47
2024.11.04 21:00:00,0.86409,0.86433,0.8639,0.8639,2755.94
2024.11.04 22:00:00,0.86392,0.86436,0.86303,0.86421,1795.67
2024.11.04 23:00:00,0.86421,0.86421,0.864,0.86416,975.08
2024.11.05 00:00:00,0.86414,0.86416,0.86376,0.86384,2479.13
2024.11.05 01:00:00,0.86384,0.86426,0.86383,0.86402,4176.77
2024.11.05 02:00:00,0.86402,0.86429,0.86394,0.86417,5480.82
2024.11.05 03:00:00,0.86419,0.86423,0.864,0.86417,4036.49
2024.11.05 04:00:00,0.86418,0.8645,0.86401,0.86429,2707.89
2024.11.05 05:00:00,0.86428,0.86443,0.86401,0.86407,2884.52
2024.11.05 06:00:00,0.8641,0.86439,0.86399,0.86415,3763.75
2024.11.05 07:00:00,0.86416,0.86429,0.86354,0.86372,3956.53
2024.11.05 08:00:00,0.86369,0.86414,0.86243,0.86245,5802.49
2024.11.05 09:00:00,0.86243,0.86243,0.86168,0.86208,5122.76
2024.11.05 10:00:00,0.86206,0.86256,0.86165,0.86199,3967.11
2024.11.05 11:00:00,0.86198,0.86215,0.86156,0.86166,3179.35
2024.11.05 12:00:00,0.86166,0.86296,0.86157,0.86285,3422.71
2024.11.05 13:00:00,0.86284,0.86325,0.86233,0.86316,5331.6
2024.11.05 14:00:00,0.86318,0.86371,0.86269,0.86277,7341.9
2024.11.05 15:00:00,0.86303,0.86457,0.86303,0.86431,12100.19
2024.11.05 16:00:00,0.86432,0.86464,0.86317,0.86348,5328.04
2024.11.05 17:00:00,0.86347,0.86347,0.86273,0.86286,2949.61
2024.11.05 18:00:00,0.86286,0.86304,0.86209,0.86293,3352.75
2024.11.05 19:00:00,0.86293,0.86323,0.86273,0.86305,2720.91
2024.11.05 20:00:00,0.86305,0.8636,0.86301,0.86334,3949.53
2024.11.05 21:00:00,0.86335,0.8634,0.86279,0.86279,2932.23
2024.11.05 22:00:00,0.86279,0.86338,0.86229,0.86229,368.95
2024.11.05 23:00:00,0.86235,0.86407,0.86211,0.86241,8403.37
2024.11.06 00:00:00,0.86241,0.86858,0.86192,0.86854,29398.17
2024.11.06 01:00:00,0.86854,0.86996,0.86724,0.86903,23333.32
2024.11.06 02:00:00,0.86903,0.87275,0.86893,0.87262,25215.95
2024.11.06 03:00:00,0.87261,0.87535,0.87146,0.87333,26116.78
2024.11.06 04:00:00,0.87334,0.87347,0.87055,0.8715,21623.99
2024.11.06 05:00:00,0.87151,0.87282,0.86829,0.87136,25406.46
2024.11.06 06:00:00,0.87136,0.87455,0.87099,0.87324,22861.18
2024.11.06 07:00:00,0.87323,0.87467,0.8719,0.87451,20996.22
2024.11.06 08:00:00,0.8745,0.87483,0.87286,0.87337,19007.26
2024.11.06 09:00:00,0.87338,0.87487,0.87326,0.87418,14837.62
2024.11.06 10:00:00,0.87419,0.87555,0.87379,0.87544,10575.5
2024.11.06 11:00:00,0.87545,0.87693,0.87529,0.87625,14223.07
2024.11.06 12:00:00,0.87624,0.87733,0.87563,0.8768,15772.12
2024.11.06 13:00:00,0.87679,0.87702,0.87502,0.87624,16066.62
2024.11.06 14:00:00,0.87626,0.87675,0.8752,0.87542,19002.7
2024.11.06 15:00:00,0.87543,0.87627,0.87403,0.87518,18766.2
2024.11.06 16:00:00,0.87518,0.87667,0.87455,0.87611,10907.76
2024.11.06 17:00:00,0.87611,0.8766,0.87528,0.87628,6595.34
2024.11.06 18:00:00,0.87628,0.8764,0.87488,0.87522,9929.75
2024.11.06 19:00:00,0.8752,0.87624,0.87518,0.87606,6537.6
2024.11.06 20:00:00,0.87607,0.8764,0.87588,0.87628,2545.72
2024.11.06 21:00:00,0.8763,0.87668,0.87623,0.87623,1083.21
2024.11.06 22:00:00,0.87623,0.87629,0.87571,0.87587,796.27
2024.11.06 23:00:00,0.87607,0.87622,0.87547,0.87569,2842.01
2024.11.07 00:00:00,0.8757,0.87721,0.87559,0.87712,4690.79
2024.11.07 01:00:00,0.87712,0.87739,0.87597,0.87648,5414.54
2024.11.07 02:00:00,0.87648,0.87656,0.87527,0.87553,5189.13
2024.11.07 03:00:00,0.87553,0.87607,0.87553,0.87593,2973.64
2024.11.07 04:00:00,0.87593,0.87636,0.87534,0.87566,3602.96
2024.11.07 05:00:00,0.87566,0.87584,0.87501,0.87505,3497.76
2024.11.07 06:00:00,0.87504,0.87531,0.87484,0.87484,4970.66
2024.11.07 07:00:00,0.87488,0.8752,0.87358,0.8752,7049.24
2024.11.07 08:00:00,0.8752,0.87623,0.87452,0.87582,9780.77
2024.11.07 09:00:00,0.87583,0.87661,0.87549,0.8762,7414.68
2024.11.07 10:00:00,0.87622,0.87687,0.87573,0.87666,6448.65
2024.11.07 11:00:00,0.87664,0.87723,0.87628,0.87678,6170.37
2024.11.07 12:00:00,0.87676,0.87698,0.87479,0.87485,13875.58
2024.11.07 13:00:00,0.87485,0.87505,0.87378,0.87396,15512.87
2024.11.07 14:00:00,0.87398,0.87488,0.87202,0.87262,13051.64
2024.11.07 15:00:00,0.87262,0.87299,0.8709,0.87164,13748.82
2024.11.07 16:00:00,0.87165,0.87301,0.87143,0.87239,7277.57
2024.11.07 17:00:00,0.87239,0.87287,0.87185,0.87222,3603.96
2024.11.07 18:00:00,0.8722,0.87314,0.87219,0.87286,2906.86
2024.11.07 19:00:00,0.87291,0.87514,0.87244,0.87342,17397.15
2024.11.07 20:00:00,0.87344,0.8736,0.87174,0.87177,11492.7
2024.11.07 21:00:00,0.87176,0.87261,0.87157,0.87202,2385.9
2024.11.07 22:00:00,0.87199,0.87216,0.87164,0.8717,595.32
2024.11.07 23:00:00,0.87201,0.87279,0.8718,0.87272,2056.15
2024.11.08 00:00:00,0.87272,0.87326,0.87237,0.87307,3492.33
2024.11.08 01:00:00,0.87307,0.87368,0.87277,0.87288,4417.61
2024.11.08 02:00:00,0.87286,0.87333,0.87252,0.8731,4351.17
2024.11.08 03:00:00,0.87309,0.87309,0.87242,0.87288,4387.79
2024.11.08 04:00:00,0.87288,0.87327,0.87257,0.8728,3988.64
2024.11.08 05:00:00,0.87281,0.87336,0.87247,0.87297,3574.47
2024.11.08 06:00:00,0.87296,0.87337,0.8726,0.87274,5809.35
2024.11.08 07:00:00,0.87274,0.87329,0.87249,0.87293,4760.45
2024.11.08 08:00:00,0.87295,0.8738,0.87195,0.87219,11251.33
2024.11.08 09:00:00,0.87218,0.87236,0.87147,0.87152,6804.72
2024.11.08 10:00:00,0.87153,0.87183,0.87025,0.87031,6886.6
2024.11.08 11:00:00,0.87031,0.87101,0.87006,0.87091,4710.16
2024.11.08 12:00:00,0.87089,0.87204,0.87083,0.87178,6192.48
2024.11.08 13:00:00,0.87178,0.8739,0.87166,0.87384,9478.47
2024.11.08 14:00:00,0.87385,0.87407,0.87251,0.87384,12111.66
2024.11.08 15:00:00,0.87387,0.87446,0.8734,0.87353,13808.61
2024.11.08 16:00:00,0.87353,0.87555,0.87329,0.87549,9439.98
2024.11.08 17:00:00,0.87548,0.87672,0.87543,0.87618,17348.54
2024.11.08 18:00:00,0.87618,0.87686,0.87558,0.87634,6264.46
2024.11.08 19:00:00,0.87635,0.87646,0.87583,0.876,6012.51
2024.11.08 20:00:00,0.876,0.87627,0.8754,0.87553,4462.39
2024.11.08 21:00:00,0.87553,0.87574,0.87518,0.87518,2088.27
2024.11.10 22:00:00,0.87457,0.87581,0.87457,0.87565,1791.54
2024.11.10 23:00:00,0.87571,0.87648,0.8755,0.8761,2042.36
2024.11.11 00:00:00,0.87611,0.87673,0.87594,0.87637,2544.85
2024.11.11 01:00:00,0.87638,0.87652,0.87577,0.87619,4263.57
2024.11.11 02:00:00,0.87619,0.87659,0.87586,0.87643,3176.11
2024.11.11 03:00:00,0.87643,0.87691,0.87616,0.87675,1355.35
2024.11.11 04:00:00,0.87676,0.8774,0.87672,0.87713,2356.41
2024.11.11 05:00:00,0.87713,0.87723,0.87673,0.87674,3511.17
2024.11.11 06:00:00,0.87675,0.87697,0.87654,0.87674,3542.73
2024.11.11 07:00:00,0.87672,0.87828,0.87649,0.87809,7133.73
2024.11.11 08:00:00,0.87809,0.87887,0.87768,0.87884,7108.8
2024.11.11 09:00:00,0.87884,0.87924,0.8781,0.87831,6398.01
2024.11.11 10:00:00,0.87831,0.8794,0.87818,0.87936,4652.25
2024.11.11 11:00:00,0.87938,0.87957,0.87898,0.87935,6248.69
2024.11.11 12:00:00,0.87937,0.87978,0.87918,0.87974,3976.47
2024.11.11 13:00:00,0.87975,0.8807,0.87935,0.87974,6425.12
2024.11.11 14:00:00,0.87974,0.88074,0.87909,0.88021,8316.65
2024.11.11 15:00:00,0.8802,0.88052,0.87954,0.87989,6288.71
2024.11.11 16:00:00,0.87988,0.88044,0.87978,0.88009,4714.87
2024.11.11 17:00:00,0.88006,0.8805,0.87966,0.88019,3413.2
2024.11.11 18:00:00,0.88018,0.88035,0.87984,0.88022,1721.8
2024.11.11 19:00:00,0.88024,0.88089,0.88023,0.88087,2162.04
2024.11.11 20:00:00,0.88084,0.88095,0.88053,0.88061,2477.45
2024.11.11 21:00:00,0.88061,0.88092,0.8805,0.8806,1562.04
2024.11.11 22:00:00,0.8806,0.88061,0.87884,0.88034,960.29
2024.11.11 23:00:00,0.88053,0.88076,0.88024,0.8803,1315.18
2024.11.12 00:00:00,0.8803,0.88082,0.88025,0.88061,2151.51
2024.11.12 01:00:00,0.88062,0.88154,0.88052,0.88153,3607.74
2024.11.12 02:00:00,0.88151,0.88171,0.88092,0.8813,3959.71
2024.11.12 03:00:00,0.8813,0.88152,0.88092,0.88133,3722.95
2024.11.12 04:00:00,0.88133,0.88137,0.88085,0.881,3203.59
2024.11.12 05:00:00,0.881,0.88142,0.88083,0.88129,3298.19
2024.11.12 06:00:00,0.8813,0.88209,0.8813,0.88173,4544.88
2024.11.12 07:00:00,0.88174,0.88234,0.88137,0.88157,5710.29
2024.11.12 08:00:00,0.88157,0.88203,0.88085,0.88149,8359.69
2024.11.12 09:00:00,0.88149,0.88281,0.88147,0.8825,4972.51
2024.11.12 10:00:00,0.88251,0.88306,0.88236,0.88254,5461.2
2024.11.12 11:00:00,0.88255,0.88255,0.88042,0.88047,6733.66
2024.11.12 12:00:00,0.88047,0.88159,0.88026,0.88093,7740.58
2024.11.12 13:00:00,0.88094,0.88156,0.88027,0.88126,9643.15
2024.11.12 14:00:00,0.88126,0.88203,0.88119,0.88155,9236.37
2024.11.12 15:00:00,0.88155,0.8828,0.88143,0.88217,9894.49
2024.11.12 16:00:00,0.8822,0.883,0.88177,0.88269,8067.86
2024.11.12 17:00:00,0.8827,0.8836,0.88242,0.88251,5714.18
2024.11.12 18:00:00,0.8825,0.88273,0.88197,0.88238,5249.06
2024.11.12 19:00:00,0.88239,0.88246,0.88189,0.8824,3572.81
2024.11.12 20:00:00,0.8824,0.88262,0.8818,0.88198,3540.9
2024.11.12 21:00:00,0.88197,0.88197,0.88133,0.88162,1379.66
2024.11.12 22:00:00,0.88162,0.88182,0.88041,0.88161,1374.54
2024.11.12 23:00:00,0.8816,0.88216,0.88143,0.8821,1544.3
2024.11.13 00:00:00,0.88208,0.88281,0.88208,0.88268,3336.18
2024.11.13 01:00:00,0.88269,0.88274,0.88166,0.8818,7838.71
2024.11.13 02:00:00,0.88179,0.88216,0.88163,0.88207,3735.53
2024.11.13 03:00:00,0.88206,0.88254,0.88194,0.88229,3110.66
2024.11.13 04:00:00,0.88229,0.88262,0.88211,0.88257,1955.64
2024.11.13 05:00:00,0.88256,0.88297,0.88252,0.88278,2322.51
2024.11.13 06:00:00,0.88278,0.88357,0.88263,0.88321,3544.05
2024.11.13 07:00:00,0.88322,0.88371,0.88252,0.88366,5603.56
2024.11.13 08:00:00,0.88366,0.88412,0.88259,0.88267,7655.19
2024.11.13 09:00:00,0.88266,0.88301,0.88226,0.88254,6225.81
2024.11.13 10:00:00,0.88253,0.88346,0.88247,0.88342,4367.66
2024.11.13 11:00:00,0.88342,0.8835,0.88206,0.88213,4603.74
2024.11.13 12:00:00,0.88212,0.88251,0.88168,0.88172,7079.19
2024.11.13 13:00:00,0.88174,0.88271,0.87969,0.88129,20496.26
2024.11.13 14:00:00,0.88131,0.8841,0.88069,0.88363,31932.92
2024.11.13 15:00:00,0.88361,0.88487,0.88314,0.88338,19086.42
2024.11.13 16:00:00,0.88339,0.88494,0.88308,0.88492,11070.33
2024.11.13 17:00:00,0.8849,0.8853,0.88426,0.8851,5640.2
2024.11.13 18:00:00,0.8851,0.88608,0.88505,0.88602,3607.82
2024.11.13 19:00:00,0.88604,0.88619,0.88501,0.88581,4034.19
2024.11.13 20:00:00,0.8858,0.88632,0.88555,0.8862,3175.09
2024.11.13 21:00:00,0.88622,0.88622,0.88575,0.88597,3557.61
2024.11.13 22:00:00,0.88574,0.88574,0.88428,0.8854,1414.21
2024.11.13 23:00:00,0.88537,0.88609,0.88537,0.88566,2400.35
2024.11.14 00:00:00,0.88567,0.88591,0.88545,0.88568,3536.45
2024.11.14 01:00:00,0.88567,0.88671,0.88567,0.88646,5550.77
2024.11.14 02:00:00,0.88648,0.88724,0.88638,0.8871,3495.91
2024.11.14 03:00:00,0.88711,0.88732,0.88681,0.8873,3213.03
2024.11.14 04:00:00,0.88728,0.88754,0.88714,0.88734,2425.63
2024.11.14 05:00:00,0.88734,0.88783,0.88733,0.88738,2802.91
2024.11.14 06:00:00,0.88738,0.88752,0.88657,0.88709,4875.32
2024.11.14 07:00:00,0.88708,0.88753,0.88651,0.88725,7287.51
2024.11.14 08:00:00,0.88724,0.88787,0.88661,0.88754,7068.74
2024.11.14 09:00:00,0.88755,0.88951,0.88743,0.88929,6832.98
2024.11.14 10:00:00,0.8893,0.89071,0.88917,0.89012,6029.05
2024.11.14 11:00:00,0.89013,0.89095,0.88921,0.88943,8008.02
2024.11.14 12:00:00,0.88943,0.88999,0.88891,0.88923,6928.63
2024.11.14 13:00:00,0.88924,0.89064,0.88827,0.89002,17399.6
2024.11.14 14:00:00,0.89001,0.8902,0.88687,0.88792,18525.38
2024.11.14 15:00:00,0.88792,0.88848,0.88685,0.88748,13032.47
2024.11.14 16:00:00,0.88749,0.88808,0.88649,0.88784,6929.14
2024.11.14 17:00:00,0.88783,0.88812,0.88736,0.88772,4403.09
2024.11.14 18:00:00,0.88771,0.88863,0.88762,0.88856,3250.65
2024.11.14 19:00:00,0.88857,0.88912,0.88828,0.88864,2867.22
2024.11.14 20:00:00,0.88863,0.89173,0.88856,0.89095,15097.64
2024.11.14 21:00:00,0.89095,0.89118,0.89024,0.8903,4578.71
2024.11.14 22:00:00,0.8903,0.89033,0.88934,0.88978,990.09
2024.11.14 23:00:00,0.88954,0.89056,0.88954,0.89044,1793.38
2024.11.15 00:00:00,0.89044,0.89072,0.8901,0.89025,3790.47
2024.11.15 01:00:00,0.89025,0.89039,0.88931,0.89005,4711.88
2024.11.15 02:00:00,0.89003,0.89005,0.8892,0.88933,3630.66
2024.11.15 03:00:00,0.88932,0.88948,0.88903,0.88947,3351.24
2024.11.15 04:00:00,0.88948,0.88953,0.88904,0.88919,2960.45
2024.11.15 05:00:00,0.8892,0.8896,0.8891,0.88921,2520.92
2024.11.15 06:00:00,0.8892,0.88949,0.88763,0.88807,5507.46
2024.11.15 07:00:00,0.88806,0.88849,0.88724,0.88775,6888.1
2024.11.15 08:00:00,0.88775,0.8882,0.88678,0.887,8024.93
2024.11.15 09:00:00,0.88702,0.88835,0.88691,0.88832,5993.56
2024.11.15 10:00:00,0.88831,0.88854,0.88743,0.88753,7501.16
2024.11.15 11:00:00,0.88756,0.88814,0.88706,0.88767,6198.7
2024.11.15 12:00:00,0.88767,0.88866,0.88737,0.88774,5135.49
2024.11.15 13:00:00,0.88773,0.88951,0.88658,0.88844,21500.35
2024.11.15 14:00:00,0.88844,0.88995,0.88768,0.88909,20345.58
2024.11.15 15:00:00,0.88909,0.88931,0.88755,0.88788,21176.83
2024.11.15 16:00:00,0.88789,0.88829,0.88727,0.88779,14243.72
2024.11.15 17:00:00,0.88779,0.88781,0.88633,0.88682,8179.5
2024.11.15 18:00:00,0.88681,0.88704,0.88587,0.88615,7722.74
2024.11.15 19:00:00,0.88614,0.88779,0.88614,0.88752,7042.53
2024.11.15 20:00:00,0.88751,0.8887,0.88746,0.88822,5718.89
2024.11.15 21:00:00,0.88823,0.8885,0.88688,0.88695,2628.72
2024.11.17 22:00:00,0.88718,0.88769,0.8864,0.88746,619.13
2024.11.17 23:00:00,0.88746,0.8887,0.88746,0.88846,1906.36
2024.11.18 00:00:00,0.88846,0.88855,0.8871,0.88731,5332.41
2024.11.18 01:00:00,0.88732,0.88843,0.8871,0.88767,8306.06
2024.11.18 02:00:00,0.88767,0.88804,0.88741,0.88781,4231.58
2024.11.18 03:00:00,0.88779,0.88832,0.88755,0.88792,3187.79
2024.11.18 04:00:00,0.88792,0.88801,0.88729,0.88749,2011.6
2024.11.18 05:00:00,0.8875,0.88791,0.88729,0.8876,4256.15
2024.11.18 06:00:00,0.8876,0.88767,0.88674,0.88742,3997.68
2024.11.18 07:00:00,0.88742,0.88763,0.88675,0.88711,4824.47
2024.11.18 08:00:00,0.88711,0.88738,0.88652,0.88718,6804.27
2024.11.18 09:00:00,0.88718,0.88723,0.8854,0.88592,7848.88
2024.11.18 10:00:00,0.88593,0.88736,0.88591,0.88714,6677.48
2024.11.18 11:00:00,0.88715,0.88777,0.88715,0.88759,5230.64
2024.11.18 12:00:00,0.88759,0.88815,0.88743,0.88796,4782.65
2024.11.18 13:00:00,0.88797,0.88808,0.88576,0.88576,9240.04
2024.11.18 14:00:00,0.88577,0.88617,0.88508,0.88584,8695.88
2024.11.18 15:00:00,0.88585,0.88647,0.88527,0.88565,8406.39
2024.11.18 16:00:00,0.88567,0.88616,0.885,0.88508,5869.83
2024.11.18 17:00:00,0.88506,0.88529,0.8839,0.88417,3763.68
2024.11.18 18:00:00,0.88418,0.88441,0.88344,0.88351,3418.59
2024.11.18 19:00:00,0.88352,0.88366,0.88311,0.88349,3071.72
2024.11.18 20:00:00,0.88349,0.88349,0.883,0.8832,2109.91
2024.11.18 21:00:00,0.88322,0.88335,0.8828,0.8828,2297.28
2024.11.18 22:00:00,0.8828,0.88331,0.88261,0.8833,447.2
2024.11.18 23:00:00,0.8833,0.88337,0.88291,0.88321,1199.62
2024.11.19 00:00:00,0.8832,0.88359,0.88305,0.88342,3748.86
2024.11.19 01:00:00,0.88343,0.88349,0.88283,0.88298,6740.96
2024.11.19 02:00:00,0.88298,0.88346,0.8827,0.88337,3100.96
2024.11.19 03:00:00,0.88335,0.88339,0.88276,0.88314,2814.14
2024.11.19 04:00:00,0.88312,0.88373,0.88287,0.88366,2924.8
2024.11.19 05:00:00,0.88366,0.88388,0.88334,0.88382,2236.12
2024.11.19 06:00:00,0.88384,0.88403,0.88322,0.88348,3593.07
2024.11.19 07:00:00,0.88348,0.88421,0.88323,0.88396,5440.53
2024.11.19 08:00:00,0.88396,0.88413,0.8824,0.883,12367.98
2024.11.19 09:00:00,0.88302,0.88432,0.88302,0.88356,16394.84
2024.11.19 10:00:00,0.88354,0.8837,0.88224,0.88295,9491.77
2024.11.19 11:00:00,0.88292,0.88351,0.88264,0.88343,5287.83
2024.11.19 12:00:00,0.88344,0.88363,0.88251,0.88252,6363.12
2024.11.19 13:00:00,0.8825,0.88254,0.88008,0.88076,15787.33
2024.11.19 14:00:00,0.88076,0.8823,0.88059,0.8821,19917.89
2024.11.19 15:00:00,0.88213,0.88256,0.88166,0.88191,12346.48
2024.11.19 16:00:00,0.8819,0.8831,0.88139,0.88241,7452.09
2024.11.19 17:00:00,0.88242,0.8832,0.88177,0.88318,3957.05
2024.11.19 18:00:00,0.88319,0.88445,0.88306,0.88326,4347.29
2024.11.19 19:00:00,0.88326,0.88362,0.88264,0.88279,2670.89
2024.11.19 20:00:00,0.88281,0.88285,0.88225,0.88241,2752.11
2024.11.19 21:00:00,0.88242,0.88252,0.88219,0.88219,1570.2
2024.11.19 22:00:00,0.88218,0.88249,0.88115,0.8823,1230.36
2024.11.19 23:00:00,0.88222,0.88241,0.88194,0.88203,1510.16
2024.11.20 00:00:00,0.88206,0.88285,0.8817,0.88281,3177.56
2024.11.20 01:00:00,0.88278,0.88312,0.88253,0.88258,3252.31
2024.11.20 02:00:00,0.88257,0.88309,0.88245,0.88304,1872.23
2024.11.20 03:00:00,0.88304,0.88341,0.88276,0.88328,1774.2
2024.11.20 04:00:00,0.88328,0.88373,0.88316,0.88338,1169.57
2024.11.20 05:00:00,0.88339,0.88362,0.88319,0.88357,1405.77
2024.11.20 06:00:00,0.88357,0.88434,0.88343,0.88411,3430.06
2024.11.20 07:00:00,0.88413,0.88462,0.88363,0.88454,6918.45
2024.11.20 08:00:00,0.88458,0.88479,0.88367,0.88443,6463.08
2024.11.20 09:00:00,0.88445,0.88572,0.88434,0.88545,6989.43
2024.11.20 10:00:00,0.88546,0.88619,0.88522,0.88574,5459.15
2024.11.20 11:00:00,0.88574,0.88602,0.88526,0.88559,5651.62
2024.11.20 12:00:00,0.8856,0.88564,0.88431,0.8846,6301.78
2024.11.20 13:00:00,0.8846,0.88476,0.88419,0.88445,5714.2
2024.11.20 14:00:00,0.88445,0.88547,0.88433,0.88515,7679.61
2024.11.20 15:00:00,0.88513,0.8857,0.88359,0.88547,9674.41
2024.11.20 16:00:00,0.88547,0.88586,0.88516,0.88549,7068.15
2024.11.20 17:00:00,0.88549,0.88576,0.88408,0.88419,3704.62
2024.11.20 18:00:00,0.88419,0.8849,0.88408,0.88414,3183.12
2024.11.20 19:00:00,0.88414,0.88439,0.88386,0.88437,2174.73
2024.11.20 20:00:00,0.8844,0.88477,0.8844,0.88459,2509.69
2024.11.20 21:00:00,0.8846,0.88476,0.88401,0.88403,1897.28
2024.11.20 22:00:00,0.88403,0.88419,0.88371,0.88396,492.1
2024.11.20 23:00:00,0.88401,0.88402,0.88359,0.8836,1540.92
2024.11.21 00:00:00,0.88361,0.88364,0.88314,0.88324,2446.05
2024.11.21 01:00:00,0.88324,0.88341,0.88301,0.88334,3263.26
2024.11.21 02:00:00,0.88334,0.88335,0.88284,0.88288,4240.18
2024.11.21 03:00:00,0.88287,0.88307,0.88267,0.88271,1910.81
2024.11.21 04:00:00,0.8827,0.8829,0.88248,0.88278,2389.32
2024.11.21 05:00:00,0.88279,0.88315,0.88274,0.88313,2971.3
2024.11.21 06:00:00,0.88313,0.88314,0.88205,0.88289,5435.93
2024.11.21 07:00:00,0.88291,0.88402,0.88285,0.88391,9304.95
2024.11.21 08:00:00,0.8839,0.88407,0.88297,0.88315,10268.99
2024.11.21 09:00:00,0.88315,0.88408,0.88225,0.88408,10447.43
2024.11.21 10:00:00,0.88407,0.88428,0.88325,0.88371,6970.18
2024.11.21 11:00:00,0.8837,0.88392,0.88322,0.88358,6226.57
2024.11.21 12:00:00,0.88356,0.88426,0.88269,0.88307,5199.08
2024.11.21 13:00:00,0.88309,0.88442,0.88286,0.88334,11058.19
2024.11.21 14:00:00,0.88334,0.88453,0.88308,0.88335,12461.57
2024.11.21 15:00:00,0.88334,0.88494,0.88247,0.88484,11303.16
2024.11.21 16:00:00,0.88484,0.88695,0.88475,0.88656,16344.68
2024.11.21 17:00:00,0.88656,0.88696,0.88573,0.88593,6282.12
2024.11.21 18:00:00,0.88592,0.88687,0.88592,0.88627,4217.95
2024.11.21 19:00:00,0.88627,0.88685,0.88612,0.88631,3779.23
2024.11.21 20:00:00,0.88632,0.88678,0.88607,0.88651,4070.69
2024.11.21 21:00:00,0.88651,0.88697,0.88645,0.88661,2443.77
2024.11.21 22:00:00,0.88661,0.88668,0.88601,0.88662,1340.34
2024.11.21 23:00:00,0.88663,0.88689,0.88636,0.88681,2576.71
2024.11.22 00:00:00,0.8868,0.88691,0.88632,0.88634,5854.8
2024.11.22 01:00:00,0.88633,0.88655,0.88607,0.8864,5332.63
2024.11.22 02:00:00,0.88641,0.88663,0.88631,0.88632,3056.19
2024.11.22 03:00:00,0.88632,0.88649,0.88591,0.88608,2873.19
2024.11.22 04:00:00,0.88608,0.88638,0.886,0.8861,2156.8
2024.11.22 05:00:00,0.8861,0.88686,0.88609,0.88677,3196.1
2024.11.22 06:00:00,0.88678,0.88726,0.8867,0.88705,3787.76
2024.11.22 07:00:00,0.88707,0.88719,0.88555,0.88583,5118.89
2024.11.22 08:00:00,0.88583,0.88686,0.88514,0.88685,11596.21
2024.11.22 09:00:00,0.88685,0.891,0.88664,0.88901,24563
2024.11.22 10:00:00,0.88899,0.8906,0.88771,0.88793,13662.81
2024.11.22 11:00:00,0.88794,0.88896,0.88788,0.88867,4867.4
2024.11.22 12:00:00,0.88866,0.89071,0.88849,0.89022,5210.19
2024.11.22 13:00:00,0.89023,0.89378,0.89015,0.89302,13827.55
2024.11.22 14:00:00,0.89305,0.89572,0.89251,0.89498,17766.74
2024.11.22 15:00:00,0.89498,0.8955,0.893,0.89361,19868.91
2024.11.22 16:00:00,0.89361,0.89499,0.89346,0.89463,8821.96
2024.11.22 17:00:00,0.89462,0.89465,0.89341,0.89341,3725.43
2024.11.22 18:00:00,0.89341,0.89419,0.89334,0.8941,3118.68
2024.11.22 19:00:00,0.8941,0.89472,0.89387,0.89445,3101.76
2024.11.22 20:00:00,0.89444,0.89475,0.89418,0.89419,3383.83
2024.11.22 21:00:00,0.89419,0.89454,0.89363,0.89363,2253
2024.11.24 22:00:00,0.89074,0.89143,0.88983,0.89097,1801.98
2024.11.24 23:00:00,0.89107,0.89189,0.88967,0.89048,7757.2
2024.11.25 00:00:00,0.89049,0.89107,0.89021,0.89062,5673.04
2024.11.25 01:00:00,0.89065,0.89101,0.88969,0.89016,5887.65
2024.11.25 02:00:00,0.89016,0.8902,0.88915,0.88946,3410.04
2024.11.25 03:00:00,0.88947,0.89025,0.88929,0.89014,3291.43
2024.11.25 04:00:00,0.89018,0.89081,0.89005,0.89059,2332.04
2024.11.25 05:00:00,0.89061,0.89136,0.8906,0.8907,2821.62
2024.11.25 06:00:00,0.89072,0.89121,0.89022,0.89057,4593.99
2024.11.25 07:00:00,0.89058,0.8914,0.89038,0.89124,6427.26
2024.11.25 08:00:00,0.89122,0.89168,0.89055,0.89074,9407.55
2024.11.25 09:00:00,0.89076,0.89087,0.88861,0.88888,8952.66
2024.11.25 10:00:00,0.88889,0.8896,0.88872,0.88935,6314.86
2024.11.25 11:00:00,0.88937,0.89038,0.88917,0.89036,4464.25
2024.11.25 12:00:00,0.89034,0.89053,0.8887,0.88904,6272.85
2024.11.25 13:00:00,0.88904,0.88904,0.88636,0.88686,11807.02
2024.11.25 14:00:00,0.88685,0.88729,0.88589,0.88597,14979.28
2024.11.25 15:00:00,0.88596,0.8876,0.88481,0.88747,12421.23
2024.11.25 16:00:00,0.88749,0.88784,0.88662,0.88734,9455.21
2024.11.25 17:00:00,0.88733,0.88797,0.88693,0.88717,5105.78
2024.11.25 18:00:00,0.88718,0.8872,0.88547,0.88552,4899.14
2024.11.25 19:00:00,0.88553,0.88593,0.88509,0.88566,4253.72
2024.11.25 20:00:00,0.88567,0.88631,0.88549,0.88615,3212.56
2024.11.25 21:00:00,0.88617,0.88652,0.88597,0.88603,1951.02
2024.11.25 22:00:00,0.88601,0.88627,0.88557,0.88618,1558.81
2024.11.25 23:00:00,0.88618,0.88887,0.88539,0.88881,5835.34
2024.11.26 00:00:00,0.88882,0.88944,0.88748,0.88865,14417.73
2024.11.26 01:00:00,0.88865,0.889,0.88733,0.88778,9743.72
2024.11.26 02:00:00,0.88779,0.88824,0.88762,0.88784,6312.87
2024.11.26 03:00:00,0.88785,0.88808,0.88674,0.88676,5504.84
2024.11.26 04:00:00,0.88676,0.88705,0.88621,0.88699,3619.57
2024.11.26 05:00:00,0.88697,0.88702,0.88663,0.887,3385.51
2024.11.26 06:00:00,0.88699,0.88744,0.88662,0.88738,3479.6
2024.11.26 07:00:00,0.88738,0.88768,0.88677,0.88718,6094.75
2024.11.26 08:00:00,0.88716,0.88716,0.88608,0.88649,6995.69
2024.11.26 09:00:00,0.88648,0.8867,0.88547,0.88591,7275.46
2024.11.26 10:00:00,0.8859,0.88626,0.88513,0.88546,5720.6
2024.11.26 11:00:00,0.88547,0.88633,0.88528,0.88614,6725.33
2024.11.26 12:00:00,0.88613,0.88635,0.88421,0.88546,12363.86
2024.11.26 13:00:00,0.88546,0.88671,0.88468,0.88654,14498.09
2024.11.26 14:00:00,0.88653,0.88756,0.88653,0.88678,11398.06
2024.11.26 15:00:00,0.88677,0.88833,0.88636,0.88747,15335.38
2024.11.26 16:00:00,0.88747,0.88844,0.88725,0.88756,10284.68
2024.11.26 17:00:00,0.88756,0.8881,0.88729,0.88796,5142.87
2024.11.26 18:00:00,0.88795,0.88865,0.88782,0.88823,4293.09
2024.11.26 19:00:00,0.88815,0.88847,0.8871,0.88726,6407.11
2024.11.26 20:00:00,0.88725,0.88751,0.88688,0.88692,3655.95
2024.11.26 21:00:00,0.88693,0.88707,0.88632,0.88632,2345.63
2024.11.26 22:00:00,0.88632,0.88657,0.88592,0.88646,1406.84
2024.11.26 23:00:00,0.88648,0.88671,0.88602,0.88609,1783.92
2024.11.27 00:00:00,0.8861,0.8861,0.88549,0.8858,4221.42
2024.11.27 01:00:00,0.88579,0.88607,0.88537,0.88563,6652.9
2024.11.27 02:00:00,0.88565,0.88616,0.88548,0.88582,3947.24
2024.11.27 03:00:00,0.88581,0.88613,0.88564,0.88577,3552.44
2024.11.27 04:00:00,0.88576,0.886,0.88547,0.88575,2653.94
2024.11.27 05:00:00,0.88575,0.88593,0.88549,0.88578,3105.62
2024.11.27 06:00:00,0.88577,0.88581,0.88518,0.88525,3603.81
2024.11.27 07:00:00,0.88525,0.88525,0.88406,0.88448,5553.96
2024.11.27 08:00:00,0.88447,0.88451,0.88161,0.88332,15013.94
2024.11.27 09:00:00,0.88332,0.88364,0.88252,0.88284,10007.75
2024.11.27 10:00:00,0.88284,0.88287,0.88173,0.88177,6898.14
2024.11.27 11:00:00,0.88178,0.883,0.88172,0.88258,6918.79
2024.11.27 12:00:00,0.88258,0.88388,0.88239,0.88335,9872.26
2024.11.27 13:00:00,0.88335,0.88415,0.88147,0.8815,15062.92
2024.11.27 14:00:00,0.8815,0.8825,0.88131,0.88208,13124.96
2024.11.27 15:00:00,0.8821,0.88366,0.88027,0.88104,16096.11
2024.11.27 16:00:00,0.88104,0.88222,0.87973,0.88063,11924.41
2024.11.27 17:00:00,0.88062,0.88128,0.88039,0.88105,5728.76
2024.11.27 18:00:00,0.88105,0.88149,0.88069,0.88128,3058.17
2024.11.27 19:00:00,0.88128,0.88196,0.88116,0.88187,3930.66
2024.11.27 20:00:00,0.88187,0.88233,0.88184,0.88195,7842.19
2024.11.27 21:00:00,0.88196,0.88214,0.88173,0.88173,2223.97
2024.11.27 22:00:00,0.88173,0.88182,0.88054,0.88099,1509.24
2024.11.27 23:00:00,0.88099,0.88232,0.88094,0.88227,974.87
2024.11.28 00:00:00,0.88225,0.88317,0.8822,0.88307,3002.84
2024.11.28 01:00:00,0.88308,0.88352,0.88263,0.88286,4979.46
2024.11.28 02:00:00,0.88285,0.8834,0.88267,0.883,3276.96
2024.11.28 03:00:00,0.883,0.88367,0.88294,0.88349,2492.15
2024.11.28 04:00:00,0.88349,0.88374,0.8833,0.88345,2063.09
2024.11.28 05:00:00,0.88344,0.88353,0.88314,0.88341,2084.82
2024.11.28 06:00:00,0.88343,0.88349,0.8829,0.88327,3246.1
2024.11.28 07:00:00,0.88328,0.88426,0.88297,0.88388,3842.73
2024.11.28 08:00:00,0.88389,0.8846,0.88373,0.88407,7551.65
2024.11.28 09:00:00,0.88408,0.88471,0.8836,0.88465,6692.13
2024.11.28 10:00:00,0.88465,0.88479,0.88375,0.88375,3208.53
2024.11.28 11:00:00,0.88375,0.88432,0.88338,0.88414,2771.34
2024.11.28 12:00:00,0.88414,0.8844,0.88306,0.88346,4354.3
2024.11.28 13:00:00,0.88347,0.88367,0.88304,0.88347,4633.84
2024.11.28 14:00:00,0.88347,0.88389,0.88304,0.88308,3898.96
2024.11.28 15:00:00,0.88307,0.88365,0.88246,0.88308,3672.19
2024.11.28 16:00:00,0.88307,0.88367,0.88298,0.88305,2646.12
2024.11.28 17:00:00,0.88307,0.88317,0.88269,0.88297,1525.58
2024.11.28 18:00:00,0.88298,0.88314,0.88277,0.88292,1414.09
2024.11.28 19:00:00,0.88293,0.88303,0.88279,0.88294,362.99
2024.11.28 20:00:00,0.88293,0.88299,0.88279,0.88298,636.42
2024.11.28 21:00:00,0.88297,0.88297,0.88264,0.88264,711.56
2024.11.28 22:00:00,0.88264,0.88264,0.88221,0.88236,545.32
2024.11.28 23:00:00,0.88246,0.88271,0.88224,0.88238,2015.99
2024.11.29 00:00:00,0.88237,0.88238,0.88121,0.88134,4377
2024.11.29 01:00:00,0.88134,0.88144,0.88011,0.88106,8257.31
2024.11.29 02:00:00,0.88107,0.88145,0.88093,0.88132,4688.08
2024.11.29 03:00:00,0.88131,0.88166,0.88107,0.8812,3631.66
2024.11.29 04:00:00,0.88121,0.88144,0.88086,0.88136,3658.7
2024.11.29 05:00:00,0.88136,0.88171,0.88127,0.88157,3425.56
2024.11.29 06:00:00,0.88157,0.88159,0.88061,0.88067,4020.73
2024.11.29 07:00:00,0.88066,0.88148,0.87951,0.88117,6663.65
2024.11.29 08:00:00,0.88117,0.88192,0.88054,0.88098,6877.24
2024.11.29 09:00:00,0.88097,0.88137,0.87974,0.88115,7686.69
2024.11.29 10:00:00,0.88116,0.88123,0.88016,0.88033,6060.75
2024.11.29 11:00:00,0.88033,0.8814,0.88032,0.88129,4029.97
2024.11.29 12:00:00,0.88127,0.88212,0.881,0.88102,5101.96
2024.11.29 13:00:00,0.88102,0.88153,0.88052,0.88055,7165.87
2024.11.29 14:00:00,0.88055,0.88168,0.88026,0.88164,6305.8
2024.11.29 15:00:00,0.88161,0.88274,0.88063,0.88096,12033.78
2024.11.29 16:00:00,0.88095,0.88239,0.88081,0.88218,9247.7
2024.11.29 17:00:00,0.88217,0.88255,0.8808,0.881,7096.34
2024.11.29 18:00:00,0.88099,0.88101,0.88001,0.8806,9777.97
2024.11.29 19:00:00,0.88059,0.88068,0.88,0.88014,9691.34
2024.11.29 20:00:00,0.88015,0.88057,0.87999,0.88043,10166.39
2024.11.29 21:00:00,0.88043,0.88126,0.87992,0.88024,3778.53
2024.12.01 22:00:00,0.8805,0.88136,0.8797,0.88085,984.51
2024.12.01 23:00:00,0.8809,0.88267,0.88031,0.88211,5414.12
2024.12.02 00:00:00,0.88212,0.88325,0.88197,0.88313,3936.24
2024.12.02 01:00:00,0.88315,0.88407,0.88301,0.88398,4594.87
2024.12.02 02:00:00,0.88397,0.88466,0.88386,0.88439,3811.87
2024.12.02 03:00:00,0.88438,0.88487,0.8842,0.88454,2516.75
2024.12.02 04:00:00,0.88456,0.885,0.8843,0.88477,2240.48
2024.12.02 05:00:00,0.88477,0.88536,0.88464,0.88487,3305.49
2024.12.02 06:00:00,0.88488,0.88489,0.88349,0.8838,4907.65
2024.12.02 07:00:00,0.88381,0.88484,0.88365,0.88482,6303.87
2024.12.02 08:00:00,0.88483,0.88603,0.8841,0.88572,10196.13
2024.12.02 09:00:00,0.88573,0.88615,0.88478,0.88593,7012.87
2024.12.02 10:00:00,0.88594,0.88628,0.88546,0.88557,7271.79
2024.12.02 11:00:00,0.88557,0.88567,0.88503,0.88539,4995.99
2024.12.02 12:00:00,0.88539,0.88672,0.88477,0.88658,6625.86
2024.12.02 13:00:00,0.8866,0.88717,0.88623,0.88646,9868.06
2024.12.02 14:00:00,0.88646,0.88776,0.88592,0.88738,10901.94
2024.12.02 15:00:00,0.88736,0.88892,0.88691,0.88773,15570.91
2024.12.02 16:00:00,0.88771,0.88854,0.88599,0.88658,11969.82
2024.12.02 17:00:00,0.88657,0.8873,0.88603,0.887,4234.45
2024.12.02 18:00:00,0.887,0.88737,0.88675,0.88695,2909.52
2024.12.02 19:00:00,0.88694,0.88708,0.88658,0.88672,2052.54
2024.12.02 20:00:00,0.88674,0.88695,0.88511,0.8862,6507.1
2024.12.02 21:00:00,0.8862,0.88648,0.88605,0.88611,2298.09
2024.12.02 22:00:00,0.88611,0.88668,0.88496,0.88655,615.13
2024.12.02 23:00:00,0.88635,0.88662,0.886,0.88628,1920.53
2024.12.03 00:00:00,0.8863,0.88774,0.88623,0.88744,3672.23
2024.12.03 01:00:00,0.88743,0.888,0.88686,0.88779,4091.77
2024.12.03 02:00:00,0.88781,0.88836,0.88763,0.88779,2903.83
2024.12.03 03:00:00,0.88782,0.88821,0.88769,0.88812,2893.55
2024.12.03 04:00:00,0.88814,0.88859,0.88806,0.88851,2266.33
2024.12.03 05:00:00,0.88851,0.88881,0.88793,0.88798,2967.73
2024.12.03 06:00:00,0.88797,0.88843,0.88783,0.88814,3411.48
2024.12.03 07:00:00,0.88814,0.88817,0.88612,0.88674,6077.23
2024.12.03 08:00:00,0.88672,0.88715,0.88522,0.8853,8782.33
2024.12.03 09:00:00,0.88529,0.88543,0.88435,0.88524,6486.61
2024.12.03 10:00:00,0.88523,0.88547,0.88495,0.88536,4575.85
2024.12.03 11:00:00,0.88536,0.88543,0.88412,0.88452,5047.54
2024.12.03 12:00:00,0.88452,0.88571,0.88436,0.88562,5885.99
2024.12.03 13:00:00,0.88563,0.88573,0.88292,0.88333,7986.26
2024.12.03 14:00:00,0.88333,0.88441,0.88326,0.88397,11709.9
2024.12.03 15:00:00,0.88397,0.88613,0.88377,0.88519,17481.39
2024.12.03 16:00:00,0.88518,0.88636,0.88514,0.88519,9864.88
2024.12.03 17:00:00,0.88519,0.88599,0.88471,0.88498,5539.41
2024.12.03 18:00:00,0.88497,0.88499,0.88431,0.88453,4217.28
2024.12.03 19:00:00,0.88454,0.88629,0.88443,0.88626,5338.63
2024.12.03 20:00:00,0.88627,0.88638,0.8858,0.88621,4065
2024.12.03 21:00:00,0.88622,0.88642,0.886,0.886,1556.85
2024.12.03 22:00:00,0.88596,0.88602,0.88572,0.88602,120.61
2024.12.03 23:00:00,0.88602,0.88659,0.88598,0.88634,1315.23
2024.12.04 00:00:00,0.88634,0.88729,0.88617,0.88717,3187.87
2024.12.04 01:00:00,0.88715,0.88757,0.88638,0.88693,4192.63
2024.12.04 02:00:00,0.88694,0.88726,0.88672,0.88708,3376.59
2024.12.04 03:00:00,0.88708,0.88741,0.88695,0.88724,3875.87
2024.12.04 04:00:00,0.88725,0.88744,0.88601,0.88621,3936.2
2024.12.04 05:00:00,0.88622,0.88629,0.88564,0.88612,3123.86
2024.12.04 06:00:00,0.88612,0.88641,0.88527,0.88572,3318.83
2024.12.04 07:00:00,0.8857,0.88682,0.88564,0.88657,6447.32
2024.12.04 08:00:00,0.88657,0.88728,0.8863,0.88697,7176.16
2024.12.04 09:00:00,0.88696,0.88793,0.88692,0.88704,6694.95
2024.12.04 10:00:00,0.88702,0.88742,0.88654,0.88671,4852.38
2024.12.04 11:00:00,0.88672,0.88709,0.88566,0.88594,4632.47
2024.12.04 12:00:00,0.88594,0.88707,0.88582,0.88688,5353.86
2024.12.04 13:00:00,0.88689,0.8872,0.88601,0.88711,11116.74
2024.12.04 14:00:00,0.88714,0.88756,0.88615,0.8865,8743.75
2024.12.04 15:00:00,0.88646,0.88646,0.88339,0.88369,20476.06
2024.12.04 16:00:00,0.8837,0.88387,0.88274,0.8835,8326.23
2024.12.04 17:00:00,0.8835,0.88366,0.88262,0.88292,4800.22
2024.12.04 18:00:00,0.88291,0.88421,0.88288,0.88411,4208.45
2024.12.04 19:00:00,0.88417,0.88476,0.88328,0.88408,7505.94
2024.12.04 20:00:00,0.88407,0.88453,0.88397,0.88413,4720.29
2024.12.04 21:00:00,0.88414,0.88462,0.88414,0.88418,2012.5
2024.12.04 22:00:00,0.88418,0.88418,0.88365,0.88387,331.4
2024.12.04 23:00:00,0.88385,0.88415,0.88348,0.88371,1642.12
2024.12.05 00:00:00,0.88373,0.88418,0.88369,0.88397,2778.65
2024.12.05 01:00:00,0.88397,0.88458,0.88384,0.88427,2810.84
2024.12.05 02:00:00,0.88427,0.88446,0.88362,0.88384,2189.89
2024.12.05 03:00:00,0.88383,0.88436,0.88366,0.88387,2130.95
2024.12.05 04:00:00,0.88385,0.88428,0.88369,0.88419,1522.94
2024.12.05 05:00:00,0.88421,0.88424,0.88337,0.88349,2731.57
2024.12.05 06:00:00,0.88349,0.88366,0.88311,0.8835,3353.03
2024.12.05 07:00:00,0.88353,0.88412,0.8832,0.8835,4395.63
2024.12.05 08:00:00,0.88351,0.88482,0.88308,0.88465,7357.86
2024.12.05 09:00:00,0.88465,0.88529,0.88429,0.88488,6377.29
2024.12.05 10:00:00,0.88489,0.88504,0.88384,0.88398,5486.2
2024.12.05 11:00:00,0.88401,0.88411,0.8832,0.8833,5127
2024.12.05 12:00:00,0.8833,0.88405,0.88288,0.88308,6406.41
2024.12.05 13:00:00,0.88307,0.88323,0.88094,0.88162,14202.06
2024.12.05 14:00:00,0.88161,0.88164,0.87976,0.88055,11400.93
2024.12.05 15:00:00,0.88054,0.8814,0.87948,0.87981,10635.83
2024.12.05 16:00:00,0.87982,0.87995,0.87883,0.87936,7289.81
2024.12.05 17:00:00,0.87935,0.88016,0.87898,0.87962,4905.28
2024.12.05 18:00:00,0.87964,0.88046,0.8795,0.87974,3215.17
2024.12.05 19:00:00,0.87974,0.87974,0.87787,0.87804,3656.87
2024.12.05 20:00:00,0.87806,0.87871,0.87787,0.87844,2420.26
2024.12.05 21:00:00,0.87848,0.8787,0.87813,0.87813,1612.63
2024.12.05 22:00:00,0.87813,0.87887,0.87763,0.8782,2737.89
2024.12.05 23:00:00,0.87829,0.8786,0.87827,0.87829,1247.92
2024.12.06 00:00:00,0.87829,0.87889,0.87828,0.87879,2864.11
2024.12.06 01:00:00,0.87879,0.87944,0.87871,0.87917,4100.95
2024.12.06 02:00:00,0.87915,0.87917,0.87842,0.87848,3325.46
2024.12.06 03:00:00,0.87848,0.8788,0.87822,0.87854,3259.93
2024.12.06 04:00:00,0.87854,0.87882,0.87846,0.87868,1825.26
2024.12.06 05:00:00,0.87869,0.87917,0.87867,0.87913,2230.54
2024.12.06 06:00:00,0.87914,0.87937,0.87886,0.87923,2756.79
2024.12.06 07:00:00,0.87924,0.87966,0.87842,0.87851,4690.5
2024.12.06 08:00:00,0.8785,0.87899,0.87797,0.87873,5365.33
2024.12.06 09:00:00,0.87873,0.87943,0.87862,0.87882,4030.05
2024.12.06 10:00:00,0.8788,0.87892,0.87761,0.87765,4091.13
2024.12.06 11:00:00,0.87766,0.8779,0.87706,0.87713,4589.3
2024.12.06 12:00:00,0.87713,0.87772,0.8767,0.87703,6691.3
2024.12.06 13:00:00,0.87703,0.87753,0.8734,0.87509,19154.14
2024.12.06 14:00:00,0.87509,0.87694,0.87465,0.87651,21659.24
2024.12.06 15:00:00,0.87649,0.87826,0.87649,0.87714,16980.48
2024.12.06 16:00:00,0.87712,0.87809,0.87677,0.87755,6977.01
2024.12.06 17:00:00,0.87756,0.87894,0.87755,0.87868,3884.53
2024.12.06 18:00:00,0.87869,0.87927,0.87823,0.87913,2291.97
2024.12.06 19:00:00,0.87913,0.8797,0.87886,0.87889,2101.74
2024.12.06 20:00:00,0.87887,0.87888,0.87853,0.87875,2886.66
2024.12.06 21:00:00,0.87875,0.8789,0.87812,0.87812,1600.57
2024.12.08 22:00:00,0.87826,0.87903,0.87785,0.87843,935.12
2024.12.08 23:00:00,0.87843,0.87895,0.87824,0.87856,2415.75
2024.12.09 00:00:00,0.87856,0.879,0.87844,0.8786,3630.9
2024.12.09 01:00:00,0.87859,0.87924,0.87849,0.8791,3878.49
2024.12.09 02:00:00,0.87909,0.87927,0.87887,0.87889,2500.29
2024.12.09 03:00:00,0.8789,0.88011,0.87879,0.88007,2588.45
2024.12.09 04:00:00,0.88008,0.88036,0.87987,0.88016,2642.54
2024.12.09 05:00:00,0.88017,0.88027,0.87997,0.8801,2803.83
2024.12.09 06:00:00,0.88009,0.88021,0.87963,0.88,3146.96
2024.12.09 07:00:00,0.88,0.88,0.87889,0.87895,5842.37
2024.12.09 08:00:00,0.87898,0.88014,0.8789,0.87967,6403.08
2024.12.09 09:00:00,0.87967,0.88008,0.87907,0.87963,5073.42
2024.12.09 10:00:00,0.87963,0.87963,0.87851,0.87873,5563.72
2024.12.09 11:00:00,0.87875,0.87913,0.87813,0.87907,3707.7
2024.12.09 12:00:00,0.87908,0.87973,0.8788,0.87952,5101.17
2024.12.09 13:00:00,0.87953,0.87983,0.87839,0.8785,7947.62
2024.12.09 14:00:00,0.8785,0.8792,0.8781,0.87839,7925.44
2024.12.09 15:00:00,0.87837,0.87865,0.87605,0.87626,10245.63
2024.12.09 16:00:00,0.87626,0.87769,0.87583,0.87739,5115.19
2024.12.09 17:00:00,0.87739,0.8783,0.87721,0.87826,2715.42
2024.12.09 18:00:00,0.87826,0.87845,0.87799,0.87813,1917.52
2024.12.09 19:00:00,0.87815,0.87899,0.87803,0.87868,1789.68
2024.12.09 20:00:00,0.87867,0.87925,0.8786,0.8788,3433.8
2024.12.09 21:00:00,0.8788,0.87892,0.8785,0.87861,1417.47
2024.12.09 22:00:00,0.87862,0.87862,0.87778,0.87816,859.61
2024.12.09 23:00:00,0.87817,0.87881,0.87817,0.87856,1308.27
2024.12.10 00:00:00,0.87854,0.87906,0.87852,0.87883,2561.4
2024.12.10 01:00:00,0.87882,0.87917,0.87853,0.87859,4931.79
2024.12.10 02:00:00,0.8786,0.87865,0.87793,0.87833,4441.26
2024.12.10 03:00:00,0.87832,0.87869,0.87785,0.87798,4676.01
2024.12.10 04:00:00,0.87797,0.87801,0.87752,0.87777,3067.98
2024.12.10 05:00:00,0.87777,0.878,0.8771,0.8772,2719.44
2024.12.10 06:00:00,0.8772,0.8776,0.87705,0.8773,2996.55
2024.12.10 07:00:00,0.87729,0.87897,0.87715,0.87895,4165.89
2024.12.10 08:00:00,0.87895,0.88003,0.87874,0.88003,5672.01
2024.12.10 09:00:00,0.88003,0.88075,0.87989,0.8804,5997.42
2024.12.10 10:00:00,0.8804,0.88045,0.87942,0.88007,4976.85
2024.12.10 11:00:00,0.88009,0.88038,0.87941,0.87977,4208.04
2024.12.10 12:00:00,0.87977,0.88019,0.87957,0.88016,5723.88
2024.12.10 13:00:00,0.88015,0.88071,0.87944,0.87989,7532.59
2024.12.10 14:00:00,0.87989,0.88121,0.8795,0.88121,7207.47
2024.12.10 15:00:00,0.8812,0.88281,0.88094,0.88237,11461.57
2024.12.10 16:00:00,0.88236,0.88272,0.8818,0.8823,5529.7
2024.12.10 17:00:00,0.88231,0.88296,0.88188,0.88277,3055.08
2024.12.10 18:00:00,0.88279,0.88313,0.88196,0.88207,3688.32
2024.12.10 19:00:00,0.88208,0.88288,0.8818,0.88285,3059.76
2024.12.10 20:00:00,0.88286,0.88296,0.88235,0.88294,3563.13
2024.12.10 21:00:00,0.88294,0.88322,0.88266,0.88266,2200.13
2024.12.10 22:00:00,0.88266,0.88273,0.8821,0.88235,1358.37
2024.12.10 23:00:00,0.88245,0.88277,0.88237,0.88275,1219.35
2024.12.11 00:00:00,0.88274,0.88284,0.88252,0.88279,2065.44
2024.12.11 01:00:00,0.8828,0.88324,0.88273,0.88301,3461.85
2024.12.11 02:00:00,0.88301,0.8831,0.88263,0.88281,2982.54
2024.12.11 03:00:00,0.88282,0.88339,0.88277,0.88333,2990.67
2024.12.11 04:00:00,0.88333,0.88374,0.8832,0.88349,1796.85
2024.12.11 05:00:00,0.8835,0.88381,0.88339,0.88348,2687.61
2024.12.11 06:00:00,0.88348,0.88376,0.88329,0.8835,3322.59
2024.12.11 07:00:00,0.88349,0.88539,0.88331,0.88495,9038.01
2024.12.11 08:00:00,0.88497,0.88519,0.88359,0.88413,7636.26
2024.12.11 09:00:00,0.88414,0.88484,0.88359,0.88424,10221.21
2024.12.11 10:00:00,0.88425,0.88473,0.88388,0.88423,5653.47
2024.12.11 11:00:00,0.88423,0.88446,0.8832,0.88349,5121.87
2024.12.11 12:00:00,0.88347,0.8837,0.88274,0.88347,5762.49
2024.12.11 13:00:00,0.88347,0.88383,0.88106,0.88186,15064.72
2024.12.11 14:00:00,0.88189,0.8837,0.88148,0.88336,12534.73
2024.12.11 15:00:00,0.88335,0.88486,0.88274,0.88416,13033.77
2024.12.11 16:00:00,0.88415,0.88454,0.88257,0.88297,7068.68
2024.12.11 17:00:00,0.88297,0.88484,0.88277,0.88473,3694.55
2024.12.11 18:00:00,0.88473,0.88523,0.88378,0.88508,5272.06
2024.12.11 19:00:00,0.88508,0.88532,0.88448,0.88477,3568.62
2024.12.11 20:00:00,0.88477,0.88479,0.88434,0.88456,2278.11
2024.12.11 21:00:00,0.88456,0.88456,0.88394,0.88394,1715.45
2024.12.11 22:00:00,0.88394,0.88394,0.88285,0.88374,599.19
2024.12.11 23:00:00,0.88369,0.88391,0.88319,0.88321,1131.48
2024.12.12 00:00:00,0.88304,0.88382,0.88304,0.88367,2260.08
2024.12.12 01:00:00,0.88348,0.88363,0.88325,0.88347,5051.37
2024.12.12 02:00:00,0.88346,0.88402,0.88344,0.88394,3167.22
2024.12.12 03:00:00,0.88396,0.8842,0.88365,0.88404,3520.53
2024.12.12 04:00:00,0.88405,0.88419,0.88372,0.88396,1689.63
2024.12.12 05:00:00,0.88396,0.88421,0.88374,0.88385,3876.01
2024.12.12 06:00:00,0.88383,0.88417,0.88329,0.88331,3830.57
2024.12.12 07:00:00,0.8833,0.88342,0.88161,0.88216,7165.83
2024.12.12 08:00:00,0.88217,0.88925,0.88192,0.88714,14425.19
2024.12.12 09:00:00,0.88773,0.88773,0.88517,0.88717,6257.86
2024.12.12 10:00:00,0.88655,0.88701,0.8855,0.88688,5616.51
2024.12.12 11:00:00,0.88688,0.88705,0.88578,0.88687,4476.18
2024.12.12 12:00:00,0.88687,0.88879,0.88686,0.88879,4987.56
2024.12.12 13:00:00,0.88881,0.88989,0.88759,0.88867,15516.15
2024.12.12 14:00:00,0.88867,0.88962,0.88697,0.88727,16945.96
2024.12.12 15:00:00,0.88726,0.89017,0.8867,0.8887,14465.3
2024.12.12 16:00:00,0.88871,0.88933,0.88785,0.88793,6324.2
2024.12.12 17:00:00,0.88792,0.88923,0.88771,0.88911,4659.54
2024.12.12 18:00:00,0.8891,0.89036,0.88906,0.89021,4234.71
2024.12.12 19:00:00,0.89022,0.89143,0.89004,0.89132,3205.47
2024.12.12 20:00:00,0.89133,0.89235,0.8912,0.89216,2237.73
2024.12.12 21:00:00,0.89217,0.89276,0.89197,0.89198,6512.56
2024.12.12 22:00:00,0.89198,0.89198,0.88902,0.89165,2655.99
2024.12.12 23:00:00,0.89161,0.89229,0.89156,0.89197,2733.62
2024.12.13 00:00:00,0.89202,0.89224,0.89158,0.89159,3447.23
2024.12.13 01:00:00,0.89161,0.89271,0.89155,0.8925,3579.45
2024.12.13 02:00:00,0.89249,0.89275,0.89233,0.8926,3343.59
2024.12.13 03:00:00,0.8926,0.89287,0.89255,0.8928,3990.96
2024.12.13 04:00:00,0.8928,0.89302,0.89267,0.89275,1888.17
2024.12.13 05:00:00,0.89274,0.89291,0.89219,0.8922,2389.86
2024.12.13 06:00:00,0.8922,0.89284,0.89218,0.89248,3139.8
2024.12.13 07:00:00,0.8925,0.89365,0.8925,0.89327,6208.13
2024.12.13 08:00:00,0.89333,0.89403,0.89291,0.89375,7109.15
2024.12.13 09:00:00,0.89377,0.89444,0.89374,0.89443,5390.36
2024.12.13 10:00:00,0.89442,0.89453,0.89337,0.89403,6144.89
2024.12.13 11:00:00,0.89404,0.8941,0.89331,0.89393,5310.41
2024.12.13 12:00:00,0.89394,0.89406,0.89212,0.89241,7312.18
2024.12.13 13:00:00,0.89242,0.89244,0.89145,0.89209,8380.27
2024.12.13 14:00:00,0.89208,0.89367,0.89208,0.89355,6667.67
2024.12.13 15:00:00,0.89355,0.8942,0.89277,0.89356,9338.76
2024.12.13 16:00:00,0.89355,0.89384,0.89258,0.89288,6068.23
2024.12.13 17:00:00,0.89288,0.89307,0.89196,0.89245,3377.5
2024.12.13 18:00:00,0.89247,0.89301,0.89238,0.89267,2801.55
2024.12.13 19:00:00,0.89267,0.89288,0.89213,0.89269,2797.74
2024.12.13 20:00:00,0.89267,0.89283,0.89248,0.89272,2237.1
2024.12.13 21:00:00,0.8927,0.89282,0.89201,0.89201,1402.21
2024.12.15 22:00:00,0.89194,0.89313,0.8913,0.89288,1214.01
2024.12.15 23:00:00,0.89288,0.8929,0.89168,0.89172,2896
2024.12.16 00:00:00,0.89172,0.89182,0.89133,0.89156,4146.83
2024.12.16 01:00:00,0.89157,0.89176,0.89102,0.89121,4474.9
2024.12.16 02:00:00,0.8912,0.89151,0.89093,0.89139,3698.92
2024.12.16 03:00:00,0.89138,0.89141,0.89099,0.89123,3218.81
2024.12.16 04:00:00,0.89122,0.89122,0.89081,0.89086,2036.44
2024.12.16 05:00:00,0.89086,0.89092,0.89034,0.89049,3885.09
2024.12.16 06:00:00,0.8905,0.89105,0.89028,0.89088,3176.25
2024.12.16 07:00:00,0.89091,0.89175,0.89026,0.89163,4185.23
2024.12.16 08:00:00,0.89163,0.89181,0.89022,0.89112,8934.48
2024.12.16 09:00:00,0.89113,0.89116,0.88984,0.89044,6022.98
2024.12.16 10:00:00,0.89043,0.89247,0.89013,0.89241,4576.97
2024.12.16 11:00:00,0.89242,0.89265,0.89198,0.89256,3667.03
2024.12.16 12:00:00,0.89254,0.89324,0.89243,0.89269,3756.32
2024.12.16 13:00:00,0.89269,0.89356,0.89243,0.89308,5776
2024.12.16 14:00:00,0.89308,0.8948,0.89266,0.89433,9093.52
2024.12.16 15:00:00,0.89431,0.89483,0.89231,0.89238,10861.74
2024.12.16 16:00:00,0.89238,0.89369,0.89216,0.89332,5448.53
2024.12.16 17:00:00,0.89332,0.89435,0.89263,0.8939,4037.64
2024.12.16 18:00:00,0.89389,0.89451,0.89363,0.89372,2177.33
2024.12.16 19:00:00,0.89371,0.89472,0.89349,0.8947,2723.75
2024.12.16 20:00:00,0.8947,0.89477,0.89404,0.89419,2719.87
2024.12.16 21:00:00,0.89421,0.8946,0.89414,0.89417,2508.12
2024.12.16 22:00:00,0.89417,0.89422,0.89338,0.89392,1213.89
2024.12.16 23:00:00,0.89385,0.89444,0.89376,0.89399,1591.72
2024.12.17 00:00:00,0.89398,0.89414,0.89327,0.89338,2264.96
2024.12.17 01:00:00,0.89338,0.89366,0.8931,0.89317,2897.56
2024.12.17 02:00:00,0.89317,0.89423,0.89297,0.8942,2871.07
2024.12.17 03:00:00,0.8942,0.89479,0.89412,0.89451,3657.71
2024.12.17 04:00:00,0.89449,0.89522,0.89449,0.89514,1620.84
2024.12.17 05:00:00,0.89517,0.89521,0.8945,0.89455,3335.23
2024.12.17 06:00:00,0.89454,0.8958,0.89443,0.89561,4570.8
2024.12.17 07:00:00,0.89563,0.8965,0.89543,0.89642,5273.53
2024.12.17 08:00:00,0.89646,0.89724,0.89606,0.89647,6603.46
2024.12.17 09:00:00,0.89646,0.89739,0.89645,0.89735,4887.42
2024.12.17 10:00:00,0.89735,0.89746,0.89631,0.89648,4143.21
2024.12.17 11:00:00,0.89649,0.89686,0.8963,0.89679,4533.7
2024.12.17 12:00:00,0.8968,0.89718,0.8964,0.89643,4404.3
2024.12.17 13:00:00,0.89643,0.89688,0.89522,0.89543,9674.67
2024.12.17 14:00:00,0.89543,0.8956,0.89467,0.89533,9213.17
2024.12.17 15:00:00,0.89533,0.89549,0.89405,0.89437,9457.63
2024.12.17 16:00:00,0.89437,0.89471,0.89292,0.89302,5437.88
2024.12.17 17:00:00,0.89304,0.89306,0.89177,0.89193,4591.39
2024.12.17 18:00:00,0.89193,0.89232,0.89144,0.8919,3862.8
2024.12.17 19:00:00,0.89189,0.89234,0.8917,0.89232,2711.93
2024.12.17 20:00:00,0.89234,0.8929,0.89223,0.89279,1385.02
2024.12.17 21:00:00,0.89279,0.89297,0.89245,0.89254,1918.59
2024.12.17 22:00:00,0.89234,0.89274,0.89174,0.89246,863.85
2024.12.17 23:00:00,0.89246,0.89263,0.89224,0.89245,1811.31
2024.12.18 00:00:00,0.89248,0.89261,0.89192,0.89221,2037.64
2024.12.18 01:00:00,0.89221,0.8928,0.89198,0.89228,2996.41
2024.12.18 02:00:00,0.89228,0.89293,0.89221,0.89272,2305.36
2024.12.18 03:00:00,0.89271,0.89289,0.89247,0.89267,1805.44
2024.12.18 04:00:00,0.89266,0.89287,0.89208,0.89226,1885.72
2024.12.18 05:00:00,0.89227,0.89242,0.89219,0.89235,1707.19
2024.12.18 06:00:00,0.89237,0.89243,0.89183,0.89213,2828.96
2024.12.18 07:00:00,0.89213,0.89374,0.89172,0.8934,4947.05
2024.12.18 08:00:00,0.89342,0.89395,0.89314,0.89349,8094.52
2024.12.18 09:00:00,0.89351,0.89419,0.89343,0.89369,5320.21
2024.12.18 10:00:00,0.89369,0.89402,0.89337,0.89358,4886.44
2024.12.18 11:00:00,0.89356,0.89405,0.89318,0.8938,3837.7
2024.12.18 12:00:00,0.8938,0.89453,0.89348,0.89427,4167.68
2024.12.18 13:00:00,0.89428,0.89437,0.89304,0.89338,6341.83
2024.12.18 14:00:00,0.89338,0.89401,0.89304,0.89312,7764.96
2024.12.18 15:00:00,0.89311,0.89355,0.89211,0.89287,7591.08
2024.12.18 16:00:00,0.89288,0.89376,0.89272,0.8937,4318.85
2024.12.18 17:00:00,0.89369,0.89371,0.89239,0.8928,2728.7
2024.12.18 18:00:00,0.89277,0.89282,0.89171,0.89202,2501.88
2024.12.18 19:00:00,0.89201,0.90021,0.89201,0.90019,22946.89
2024.12.18 20:00:00,0.90017,0.90202,0.8999,0.90052,15038.35
2024.12.18 21:00:00,0.90051,0.90118,0.89995,0.90094,5365.04
2024.12.18 22:00:00,0.90091,0.90119,0.90021,0.90095,633.5
2024.12.18 23:00:00,0.90098,0.90214,0.90098,0.90165,3390.43
2024.12.19 00:00:00,0.90164,0.90165,0.90022,0.90033,5232.68
2024.12.19 01:00:00,0.90032,0.90045,0.89964,0.89985,4529.41
2024.12.19 02:00:00,0.89984,0.90059,0.89953,0.89992,5005.08
2024.12.19 03:00:00,0.89993,0.90108,0.89992,0.90011,5222.54
2024.12.19 04:00:00,0.9001,0.90066,0.89983,0.90035,3669.63
2024.12.19 05:00:00,0.90033,0.90035,0.89941,0.89955,3889.22
2024.12.19 06:00:00,0.89955,0.90022,0.89895,0.89927,6716.9
2024.12.19 07:00:00,0.89927,0.89927,0.89761,0.89828,10071.14
2024.12.19 08:00:00,0.89831,0.89889,0.89758,0.89786,8067.24
2024.12.19 09:00:00,0.89786,0.89788,0.89602,0.89616,9434.54
2024.12.19 10:00:00,0.89615,0.89684,0.89559,0.89593,7624.48
2024.12.19 11:00:00,0.89595,0.8962,0.89543,0.89612,6246.96
2024.12.19 12:00:00,0.89611,0.89641,0.89516,0.89614,8363.76
2024.12.19 13:00:00,0.89614,0.89723,0.89532,0.89717,12921.09
2024.12.19 14:00:00,0.89717,0.89829,0.89685,0.89787,11735.82
2024.12.19 15:00:00,0.89787,0.89845,0.897,0.89784,13034.13
2024.12.19 16:00:00,0.89785,0.89945,0.89682,0.89942,9756.21
2024.12.19 17:00:00,0.89943,0.89959,0.89817,0.89942,7611.17
2024.12.19 18:00:00,0.89942,0.89974,0.89811,0.89821,4696.49
2024.12.19 19:00:00,0.89822,0.89844,0.8977,0.89833,4280.15
2024.12.19 20:00:00,0.89829,0.89846,0.8978,0.89798,3277.68
2024.12.19 21:00:00,0.898,0.89882,0.898,0.89838,1707.87
2024.12.19 22:00:00,0.89838,0.8988,0.8977,0.89844,502.86
2024.12.19 23:00:00,0.89844,0.89913,0.89832,0.89896,1722.86
2024.12.20 00:00:00,0.89895,0.89897,0.89813,0.89827,3834.11
2024.12.20 01:00:00,0.89826,0.89851,0.89781,0.89807,3488.36
2024.12.20 02:00:00,0.89805,0.89847,0.89768,0.89777,4836.88
2024.12.20 03:00:00,0.89778,0.89836,0.89749,0.89822,3874.95
2024.12.20 04:00:00,0.89821,0.89853,0.89784,0.89824,4349.18
2024.12.20 05:00:00,0.89826,0.89868,0.89763,0.89772,3293.9
2024.12.20 06:00:00,0.89772,0.89863,0.89725,0.89743,5138.15
2024.12.20 07:00:00,0.89743,0.8978,0.89709,0.89727,6484
2024.12.20 08:00:00,0.89726,0.89755,0.89478,0.89607,8641.63
2024.12.20 09:00:00,0.89607,0.8964,0.895,0.89526,7117.63
2024.12.20 10:00:00,0.89526,0.89528,0.89427,0.89458,6092.32
2024.12.20 11:00:00,0.89458,0.89515,0.89353,0.8942,6816.91
2024.12.20 12:00:00,0.89419,0.8948,0.89313,0.89469,5870.11
2024.12.20 13:00:00,0.8947,0.895,0.89292,0.89393,12325.57
2024.12.20 14:00:00,0.89393,0.89507,0.89318,0.89448,9808.53
2024.12.20 15:00:00,0.89441,0.89526,0.89347,0.89455,11318.73
2024.12.20 16:00:00,0.89455,0.89491,0.89258,0.89278,10399.09
2024.12.20 17:00:00,0.89278,0.89285,0.89155,0.89223,7606.84
2024.12.20 18:00:00,0.89223,0.89316,0.8916,0.89193,4105.13
2024.12.20 19:00:00,0.89194,0.8922,0.89131,0.89171,3152.68
2024.12.20 20:00:00,0.89172,0.893,0.89157,0.89294,3220.09
2024.12.20 21:00:00,0.89294,0.89332,0.89263,0.893,2430.59
2024.12.22 22:00:00,0.8911,0.89247,0.89103,0.89184,2275.45
2024.12.22 23:00:00,0.89184,0.89321,0.89176,0.89303,4114.31
2024.12.23 00:00:00,0.89303,0.8932,0.89273,0.89314,2286.63
2024.12.23 01:00:00,0.89312,0.89358,0.89286,0.89307,2826.06
2024.12.23 02:00:00,0.89306,0.89314,0.89272,0.89307,2596.56
2024.12.23 03:00:00,0.89307,0.89317,0.89291,0.89309,1795.74
2024.12.23 04:00:00,0.89311,0.89327,0.893,0.89315,1351.84
2024.12.23 05:00:00,0.89316,0.89371,0.89316,0.89366,1471.26
2024.12.23 06:00:00,0.89366,0.89383,0.89333,0.89345,2594.97
2024.12.23 07:00:00,0.89349,0.89493,0.89337,0.89488,3228.32
2024.12.23 08:00:00,0.89487,0.89501,0.89444,0.89478,4684.58
2024.12.23 09:00:00,0.89478,0.89546,0.89466,0.89546,5660.41
2024.12.23 10:00:00,0.89546,0.89596,0.89498,0.89595,4839.55
2024.12.23 11:00:00,0.89595,0.89756,0.8956,0.89663,5419.16
2024.12.23 12:00:00,0.89664,0.89841,0.89655,0.8981,6352.62
2024.12.23 13:00:00,0.89811,0.89842,0.89696,0.89721,8400.4
2024.12.23 14:00:00,0.8972,0.89847,0.8969,0.89827,7086.04
2024.12.23 15:00:00,0.89827,0.90014,0.89807,0.89999,7486.98
2024.12.23 16:00:00,0.89999,0.90012,0.89904,0.89909,6544.2
2024.12.23 17:00:00,0.89908,0.89948,0.89856,0.89919,4543.88
2024.12.23 18:00:00,0.8992,0.8992,0.89832,0.89857,3535.04
2024.12.23 19:00:00,0.89859,0.89921,0.8983,0.8984,2984.91
2024.12.23 20:00:00,0.89838,0.89871,0.89817,0.89862,2147.46
2024.12.23 21:00:00,0.89861,0.89867,0.89834,0.89843,1165.44
2024.12.23 22:00:00,0.89842,0.89852,0.89802,0.89821,584.06
2024.12.23 23:00:00,0.89814,0.89853,0.89803,0.89851,1031.18
2024.12.24 00:00:00,0.89852,0.89908,0.89845,0.89892,1794.71
2024.12.24 01:00:00,0.89891,0.89894,0.89847,0.89864,1653.98
2024.12.24 02:00:00,0.89864,0.89922,0.89827,0.8991,1811.52
2024.12.24 03:00:00,0.8991,0.89962,0.89907,0.89951,1852.42
2024.12.24 04:00:00,0.89951,0.89951,0.89893,0.89898,1266.54
2024.12.24 05:00:00,0.89899,0.89901,0.89847,0.89849,1662.14
2024.12.24 06:00:00,0.89847,0.89896,0.89847,0.8989,1635.13
2024.12.24 07:00:00,0.89896,0.90018,0.89893,0.90015,1909.5
2024.12.24 08:00:00,0.90014,0.9003,0.89896,0.89985,3484.47
2024.12.24 09:00:00,0.89985,0.90084,0.89979,0.90066,3150.71
2024.12.24 10:00:00,0.90066,0.90076,0.90001,0.90009,2598.1
2024.12.24 11:00:00,0.9001,0.90039,0.89983,0.90022,2674.94
2024.12.24 12:00:00,0.90021,0.90035,0.89966,0.90033,3636.09
2024.12.24 13:00:00,0.90034,0.90049,0.89945,0.89976,4242.85
2024.12.24 14:00:00,0.89976,0.90051,0.89955,0.89981,4740.61
2024.12.24 15:00:00,0.8998,0.90105,0.89961,0.90077,4747.49
2024.12.24 16:00:00,0.90079,0.90114,0.9005,0.90089,4611.61
2024.12.24 17:00:00,0.9009,0.9011,0.9004,0.90096,3322.42
2024.12.24 18:00:00,0.90096,0.90118,0.90053,0.90059,2425.41
2024.12.24 19:00:00,0.90054,0.90109,0.89928,0.90042,1966.05
2024.12.24 20:00:00,0.90042,0.90065,0.89931,0.89962,780.19
2024.12.24 21:00:00,0.89978,0.9007,0.8989,0.89905,476.19
2024.12.24 22:00:00,0.89907,0.89925,0.899,0.899,10.5
2024.12.24 23:00:00,0.89915,0.89977,0.89893,0.89957,14.94
2024.12.25 00:00:00,0.89957,0.89977,0.89955,0.89956,82.77
2024.12.25 01:00:00,0.89953,0.89965,0.89951,0.89965,35.88
2024.12.25 02:00:00,0.89965,0.8997,0.89964,0.8997,14.4
2024.12.25 03:00:00,0.89968,0.89968,0.89965,0.89965,7.2
2024.12.25 04:00:00,0.8998,0.8998,0.8998,0.8998,2.4
2024.12.25 05:00:00,0.89978,0.89979,0.89947,0.89947,18
2024.12.25 06:00:00,0.89946,0.89954,0.8993,0.8993,15.6
2024.12.25 07:00:00,0.8992,0.89927,0.89787,0.89927,118.68
2024.12.25 22:00:00,0.89852,0.8994,0.89839,0.89892,152.98
2024.12.25 23:00:00,0.89891,0.90002,0.89886,0.89938,4741.66
2024.12.26 00:00:00,0.89939,0.90004,0.89918,0.89976,3070.52
2024.12.26 01:00:00,0.89976,0.89997,0.89955,0.8996,3146.87
2024.12.26 02:00:00,0.8996,0.89984,0.89951,0.89957,1621.07
2024.12.26 03:00:00,0.89957,0.89961,0.89935,0.89952,969.94
2024.12.26 04:00:00,0.89952,0.90001,0.89952,0.89998,1309.3
2024.12.26 05:00:00,0.89998,0.89999,0.89953,0.89972,1439.21
2024.12.26 06:00:00,0.89972,0.89983,0.8996,0.8998,1750.21
2024.12.26 07:00:00,0.89979,0.90039,0.89964,0.89975,1566.46
2024.12.26 08:00:00,0.89974,0.90029,0.89968,0.89995,1593.08
2024.12.26 09:00:00,0.89996,0.90018,0.89951,0.89957,1495.93
2024.12.26 10:00:00,0.89957,0.8997,0.89932,0.89943,1308.24
2024.12.26 11:00:00,0.89943,0.89996,0.89935,0.89992,1529.15
2024.12.26 12:00:00,0.89993,0.90072,0.89992,0.90027,2663.63
2024.12.26 13:00:00,0.90026,0.90095,0.89995,0.9007,4993.42
2024.12.26 14:00:00,0.90069,0.90097,0.90019,0.90043,4306.23
2024.12.26 15:00:00,0.90044,0.90079,0.89998,0.90045,4711.67
2024.12.26 16:00:00,0.90047,0.90051,0.89989,0.89999,3992.87
2024.12.26 17:00:00,0.89999,0.90028,0.89955,0.89969,2939.83
2024.12.26 18:00:00,0.89969,0.89969,0.89842,0.89896,4753.17
2024.12.26 19:00:00,0.89896,0.89958,0.89875,0.89898,3395.74
2024.12.26 20:00:00,0.89899,0.89909,0.89877,0.89888,2440.88
2024.12.26 21:00:00,0.89887,0.89899,0.89858,0.89875,2152.41
2024.12.26 22:00:00,0.89876,0.89889,0.89849,0.89867,363.58
2024.12.26 23:00:00,0.89862,0.89898,0.89844,0.89896,1932.51
2024.12.27 00:00:00,0.89896,0.8994,0.89891,0.89934,2808.99
2024.12.27 01:00:00,0.89934,0.89947,0.89884,0.8992,3196.93
2024.12.27 02:00:00,0.89919,0.89954,0.89905,0.89933,3500.2
2024.12.27 03:00:00,0.89933,0.89953,0.89924,0.89927,1942.88
2024.12.27 04:00:00,0.89926,0.89954,0.89923,0.89937,1172.78
2024.12.27 05:00:00,0.89939,0.89966,0.89928,0.89964,2413.65
2024.12.27 06:00:00,0.89964,0.89982,0.89951,0.89956,3133.21
2024.12.27 07:00:00,0.89957,0.90117,0.89957,0.90043,4155.56
2024.12.27 08:00:00,0.90045,0.90095,0.89949,0.90054,5216.7
2024.12.27 09:00:00,0.90054,0.90102,0.89976,0.89981,3956.19
2024.12.27 10:00:00,0.89981,0.90059,0.89951,0.90057,3232.08
2024.12.27 11:00:00,0.90056,0.90081,0.8999,0.90013,4123.16
2024.12.27 12:00:00,0.90013,0.90082,0.89977,0.90052,3811.8
2024.12.27 13:00:00,0.90052,0.90116,0.9001,0.90074,5558.93
2024.12.27 14:00:00,0.90072,0.90133,0.90019,0.90115,6153.93
2024.12.27 15:00:00,0.90115,0.90158,0.90065,0.90134,7500.77
2024.12.27 16:00:00,0.9013,0.90182,0.90091,0.90181,5059.69
2024.12.27 17:00:00,0.9018,0.90271,0.90172,0.90254,3982.61
2024.12.27 18:00:00,0.90254,0.90265,0.90201,0.90205,2818.15
2024.12.27 19:00:00,0.90206,0.9022,0.90159,0.90178,2771.63
2024.12.27 20:00:00,0.90179,0.90225,0.90179,0.90218,1687.56
2024.12.27 21:00:00,0.90218,0.90253,0.90137,0.90186,2247.24
2024.12.29 22:00:00,0.9012,0.90183,0.90009,0.90093,427.77
2024.12.29 23:00:00,0.90093,0.90189,0.90092,0.90184,2643
2024.12.30 00:00:00,0.90184,0.90187,0.90138,0.90172,2190.5
2024.12.30 01:00:00,0.90172,0.90192,0.90139,0.90164,2196.14
2024.12.30 02:00:00,0.90164,0.90179,0.90142,0.90169,4113.36
2024.12.30 03:00:00,0.9017,0.90193,0.90167,0.90173,2421.71
2024.12.30 04:00:00,0.90173,0.90176,0.90155,0.90173,2137.13
2024.12.30 05:00:00,0.90172,0.90193,0.90161,0.9017,3565.77
2024.12.30 06:00:00,0.90169,0.90185,0.9014,0.90169,3492.01
2024.12.30 07:00:00,0.9017,0.90238,0.9016,0.90177,4226.42
2024.12.30 08:00:00,0.90177,0.90336,0.90162,0.90324,4032.03
2024.12.30 09:00:00,0.90326,0.90397,0.90172,0.90183,4365.75
2024.12.30 10:00:00,0.90185,0.90214,0.90097,0.90212,3546.24
2024.12.30 11:00:00,0.90213,0.90236,0.90143,0.90235,2913.78
2024.12.30 12:00:00,0.90235,0.9033,0.90219,0.90328,2906.63
2024.12.30 13:00:00,0.90328,0.90598,0.9031,0.90585,6996.36
2024.12.30 14:00:00,0.90583,0.90666,0.90416,0.90429,9926.23
2024.12.30 15:00:00,0.9043,0.90737,0.90428,0.90655,12573.96
2024.12.30 16:00:00,0.90651,0.90731,0.90619,0.90659,9633
2024.12.30 17:00:00,0.90659,0.90659,0.90499,0.90508,6456.02
2024.12.30 18:00:00,0.90508,0.90511,0.90371,0.90386,3474.3
2024.12.30 19:00:00,0.90385,0.90402,0.90375,0.90398,1967.57
2024.12.30 20:00:00,0.90398,0.90416,0.90367,0.90379,2410.96
2024.12.30 21:00:00,0.90379,0.9038,0.90337,0.9036,2293.68
2024.12.30 22:00:00,0.9036,0.90385,0.90326,0.9036,551.05
2024.12.30 23:00:00,0.90361,0.9038,0.90323,0.90325,1181.87
2024.12.31 00:00:00,0.90326,0.90356,0.903,0.90303,859.44
2024.12.31 01:00:00,0.90301,0.90311,0.90248,0.90275,2171.53
2024.12.31 02:00:00,0.90275,0.90286,0.90252,0.90259,1676.67
2024.12.31 03:00:00,0.90257,0.90287,0.90247,0.90279,1294.88
2024.12.31 04:00:00,0.90279,0.90299,0.90274,0.90297,1220.56
2024.12.31 05:00:00,0.90296,0.9031,0.90276,0.90297,1324.21
2024.12.31 06:00:00,0.90296,0.90381,0.90286,0.9038,2055.18
2024.12.31 07:00:00,0.90383,0.90395,0.903,0.90345,3214.86
2024.12.31 08:00:00,0.90344,0.90372,0.90228,0.90239,5906.91
2024.12.31 09:00:00,0.90239,0.90385,0.90234,0.90379,4233.47
2024.12.31 10:00:00,0.90376,0.90462,0.90364,0.90429,5877.66
2024.12.31 11:00:00,0.90429,0.9052,0.90394,0.90489,3458
2024.12.31 12:00:00,0.90488,0.90601,0.90468,0.90563,4499.61
2024.12.31 13:00:00,0.90564,0.90582,0.90478,0.90515,5368.23
2024.12.31 14:00:00,0.90514,0.90597,0.90404,0.90459,5761.16
2024.12.31 15:00:00,0.90462,0.90624,0.90435,0.90623,10142.27
2024.12.31 16:00:00,0.90622,0.90697,0.90576,0.90679,6500.23
2024.12.31 17:00:00,0.90678,0.90799,0.90665,0.90769,4008.39
2024.12.31 18:00:00,0.90772,0.90788,0.90718,0.90767,4270.29
2024.12.31 19:00:00,0.9077,0.90786,0.90708,0.90781,1936.82
2024.12.31 20:00:00,0.9078,0.9078,0.90715,0.90731,2193.47
2024.12.31 21:00:00,0.9073,0.90758,0.90697,0.9072,2681.69
2025.01.01 22:00:00,0.90517,0.90637,0.90483,0.90613,678.57
2025.01.01 23:00:00,0.90613,0.90779,0.90613,0.90767,3313.02
2025.01.02 00:00:00,0.90768,0.90778,0.90649,0.90682,3986.78
2025.01.02 01:00:00,0.90682,0.90738,0.90596,0.90601,5849.71
2025.01.02 02:00:00,0.90601,0.90601,0.90508,0.9051,2707.37
2025.01.02 03:00:00,0.9051,0.90515,0.9046,0.90465,2540.32
2025.01.02 04:00:00,0.90465,0.90475,0.90422,0.90445,2139.65
2025.01.02 05:00:00,0.90446,0.90511,0.90434,0.90497,2222.92
2025.01.02 06:00:00,0.90496,0.90515,0.90472,0.90478,4205.89
2025.01.02 07:00:00,0.90479,0.90483,0.9039,0.90467,5491.42
2025.01.02 08:00:00,0.90467,0.90585,0.90441,0.9049,7609.85
2025.01.02 09:00:00,0.9049,0.90517,0.90387,0.90476,5913.79
2025.01.02 10:00:00,0.90477,0.9074,0.90446,0.90726,7867.31
2025.01.02 11:00:00,0.90728,0.90799,0.90625,0.90777,5687.48
2025.01.02 12:00:00,0.90777,0.90825,0.90717,0.90813,5169.7
2025.01.02 13:00:00,0.90812,0.90897,0.90763,0.90868,8540.03
2025.01.02 14:00:00,0.90867,0.90957,0.90778,0.90943,7993.06
2025.01.02 15:00:00,0.90944,0.91085,0.90914,0.91072,11631.96
2025.01.02 16:00:00,0.91071,0.91368,0.9107,0.91238,14330.4
2025.01.02 17:00:00,0.91239,0.91301,0.91181,0.91236,6781.96
2025.01.02 18:00:00,0.91236,0.91248,0.91205,0.91227,3876.16
2025.01.02 19:00:00,0.91225,0.91349,0.91219,0.9134,2113.02
2025.01.02 20:00:00,0.91341,0.91341,0.91251,0.91271,2771.6
2025.01.02 21:00:00,0.9127,0.91274,0.91219,0.91219,2764.61
2025.01.02 22:00:00,0.91217,0.91217,0.91135,0.91179,752.46
2025.01.02 23:00:00,0.91179,0.91241,0.91179,0.91202,1273.09
2025.01.03 00:00:00,0.91203,0.91219,0.91141,0.91148,1558.84
2025.01.03 01:00:00,0.91148,0.91192,0.91144,0.91153,1964.83
2025.01.03 02:00:00,0.91154,0.91154,0.91088,0.91106,1566.31
2025.01.03 03:00:00,0.91103,0.91217,0.91098,0.91198,2498.8
2025.01.03 04:00:00,0.91198,0.91244,0.91179,0.91182,2263.53
2025.01.03 05:00:00,0.91182,0.91184,0.91113,0.9114,2407.32
2025.01.03 06:00:00,0.9114,0.91163,0.91069,0.91078,2188.38
2025.01.03 07:00:00,0.91079,0.91119,0.90986,0.91017,5132.55
2025.01.03 08:00:00,0.91016,0.91095,0.90995,0.91043,4581.26
2025.01.03 09:00:00,0.91043,0.91043,0.90857,0.90916,4626.01
2025.01.03 10:00:00,0.90914,0.90985,0.90893,0.90982,4771.62
2025.01.03 11:00:00,0.9098,0.9098,0.90881,0.90929,3421.56
2025.01.03 12:00:00,0.9093,0.90942,0.9087,0.90914,3212.85
2025.01.03 13:00:00,0.90913,0.90955,0.90881,0.90933,4173.58
2025.01.03 14:00:00,0.90933,0.90984,0.90797,0.90828,5049.37
2025.01.03 15:00:00,0.90839,0.91074,0.90838,0.91061,9550.78
2025.01.03 16:00:00,0.91062,0.91062,0.90926,0.90964,4012.4
2025.01.03 17:00:00,0.90964,0.90964,0.90856,0.90922,2749.58
2025.01.03 18:00:00,0.90921,0.9098,0.90896,0.90943,1665.71
2025.01.03 19:00:00,0.90944,0.90958,0.90852,0.90903,1977.24
2025.01.03 20:00:00,0.90906,0.90923,0.90859,0.90887,1619.12
2025.01.03 21:00:00,0.90889,0.90903,0.90816,0.90822,1764
2025.01.05 22:00:00,0.9086,0.9089,0.90822,0.90836,668.95
2025.01.05 23:00:00,0.90833,0.90938,0.90833,0.90932,1519.44
2025.01.06 00:00:00,0.90934,0.91046,0.90934,0.90976,2936.7
2025.01.06 01:00:00,0.90976,0.91005,0.90923,0.90985,2875.76
2025.01.06 02:00:00,0.90984,0.9099,0.90947,0.90951,2659.38
2025.01.06 03:00:00,0.90951,0.90968,0.90923,0.90934,2293.83
2025.01.06 04:00:00,0.90934,0.90944,0.90915,0.90928,1657.68
2025.01.06 05:00:00,0.90926,0.90963,0.90906,0.90955,2445.79
2025.01.06 06:00:00,0.90956,0.90992,0.90942,0.90966,2166.35
2025.01.06 07:00:00,0.90965,0.90988,0.90793,0.90809,4326.85
2025.01.06 08:00:00,0.90808,0.90815,0.90608,0.90619,7180.33
2025.01.06 09:00:00,0.90622,0.9066,0.90535,0.90595,7930.19
2025.01.06 10:00:00,0.90595,0.90658,0.90565,0.90656,4094.97
2025.01.06 11:00:00,0.90656,0.90671,0.90115,0.90178,15412.56
2025.01.06 12:00:00,0.90178,0.90297,0.90115,0.90177,8693.32
2025.01.06 13:00:00,0.90177,0.90253,0.90079,0.90225,13436.98
2025.01.06 14:00:00,0.90226,0.90667,0.90163,0.90408,19371.1
2025.01.06 15:00:00,0.90409,0.906,0.90374,0.90493,14234.95
2025.01.06 16:00:00,0.9049,0.90494,0.90386,0.90432,6122.79
2025.01.06 17:00:00,0.90432,0.90481,0.90381,0.90395,2818.44
2025.01.06 18:00:00,0.90395,0.90506,0.9039,0.90486,2951.58
2025.01.06 19:00:00,0.90487,0.905,0.9041,0.90443,2329.96
2025.01.06 20:00:00,0.90442,0.90471,0.90421,0.90457,1989.77
2025.01.06 21:00:00,0.90457,0.9047,0.90429,0.90445,1461.84
2025.01.06 22:00:00,0.90441,0.90476,0.90417,0.90449,813.08
2025.01.06 23:00:00,0.90458,0.90518,0.90441,0.90491,1487.36
2025.01.07 00:00:00,0.9049,0.90596,0.9049,0.90532,3194.55
2025.01.07 01:00:00,0.90534,0.90574,0.90505,0.90529,3155.24
2025.01.07 02:00:00,0.9053,0.90556,0.90488,0.90529,2268.57
2025.01.07 03:00:00,0.90531,0.90543,0.90465,0.90474,2160.14
2025.01.07 04:00:00,0.90474,0.90493,0.90414,0.9043,1560.97
2025.01.07 05:00:00,0.90431,0.9044,0.90328,0.90378,2754.73
2025.01.07 06:00:00,0.90379,0.90397,0.90319,0.90384,2749.08
2025.01.07 07:00:00,0.90379,0.90526,0.90224,0.90465,8900.01
2025.01.07 08:00:00,0.90465,0.9047,0.90311,0.90315,8566.38
2025.01.07 09:00:00,0.90314,0.90442,0.90259,0.90402,5324.52
2025.01.07 10:00:00,0.90403,0.90512,0.90398,0.90499,5591.27
2025.01.07 11:00:00,0.905,0.90666,0.90494,0.9059,4578.56
2025.01.07 12:00:00,0.9059,0.90771,0.90579,0.90734,6346.38
2025.01.07 13:00:00,0.90733,0.90771,0.90623,0.90694,8476.6
2025.01.07 14:00:00,0.90692,0.90757,0.90661,0.90725,10951.53
2025.01.07 15:00:00,0.90736,0.90959,0.90725,0.90781,18903.24
2025.01.07 16:00:00,0.90781,0.9087,0.90705,0.90763,11034.41
2025.01.07 17:00:00,0.90762,0.90822,0.90708,0.90752,7830.93
2025.01.07 18:00:00,0.90752,0.90914,0.90745,0.90883,4659.86
2025.01.07 19:00:00,0.90884,0.909,0.9083,0.90853,4732.89
2025.01.07 20:00:00,0.90852,0.90925,0.90819,0.90924,2336.88
2025.01.07 21:00:00,0.90925,0.90971,0.90917,0.90933,1719.49
2025.01.07 22:00:00,0.90933,0.9096,0.90885,0.90905,884.34
2025.01.07 23:00:00,0.90898,0.90954,0.90888,0.90952,1077.81
2025.01.08 00:00:00,0.9095,0.9095,0.90869,0.90932,2498.7
2025.01.08 01:00:00,0.90931,0.9094,0.90899,0.90906,2244.51
2025.01.08 02:00:00,0.90904,0.90944,0.90894,0.90908,2819.91
2025.01.08 03:00:00,0.90911,0.90956,0.90908,0.90934,1758.99
2025.01.08 04:00:00,0.90935,0.90946,0.9089,0.90907,2498.46
2025.01.08 05:00:00,0.90906,0.90926,0.90873,0.90892,2121.54
2025.01.08 06:00:00,0.90891,0.90936,0.90888,0.90895,3673.66
2025.01.08 07:00:00,0.90894,0.91072,0.90894,0.91059,4132.11
2025.01.08 08:00:00,0.91059,0.91199,0.91047,0.91198,5469.3
2025.01.08 09:00:00,0.91198,0.912,0.91101,0.91183,6025.62
2025.01.08 10:00:00,0.91184,0.91239,0.91157,0.91173,5972.07
2025.01.08 11:00:00,0.91174,0.91257,0.91102,0.91177,10494.93
2025.01.08 12:00:00,0.91176,0.9128,0.91153,0.91207,7678.26
2025.01.08 13:00:00,0.91206,0.91213,0.91027,0.91028,16671.39
2025.01.08 14:00:00,0.91028,0.91126,0.90986,0.91099,10170.06
2025.01.08 15:00:00,0.91101,0.91153,0.90982,0.91115,7950.86
2025.01.08 16:00:00,0.9112,0.91174,0.91069,0.9107,6201.83
2025.01.08 17:00:00,0.91072,0.91193,0.91068,0.91151,3863.09
2025.01.08 18:00:00,0.9115,0.91173,0.91089,0.91145,3640.07
2025.01.08 19:00:00,0.91145,0.91188,0.91078,0.91169,3989.84
2025.01.08 20:00:00,0.91169,0.91169,0.91119,0.91135,2717.66
2025.01.08 21:00:00,0.91135,0.91157,0.91092,0.91092,3507.33
2025.01.08 22:00:00,0.91092,0.91103,0.91021,0.91079,1278.58
2025.01.08 23:00:00,0.91079,0.91133,0.91059,0.91097,949.72
2025.01.09 00:00:00,0.91096,0.91139,0.91065,0.91068,3927.21
2025.01.09 01:00:00,0.91068,0.91093,0.91036,0.91069,3025.05
2025.01.09 02:00:00,0.91069,0.91082,0.91037,0.91078,2609.34
2025.01.09 03:00:00,0.91077,0.91085,0.90978,0.91067,4144.45
2025.01.09 04:00:00,0.91067,0.91138,0.91058,0.9111,4065.17
2025.01.09 05:00:00,0.9111,0.91116,0.91019,0.91067,2633.57
2025.01.09 06:00:00,0.9107,0.9119,0.9105,0.91155,5834.75
2025.01.09 07:00:00,0.91154,0.91265,0.91124,0.91253,5977.1
2025.01.09 08:00:00,0.91252,0.91307,0.91155,0.91157,7136.56
2025.01.09 09:00:00,0.91158,0.9119,0.91082,0.91149,5378.37
2025.01.09 10:00:00,0.9115,0.91244,0.91125,0.91215,3841.76
2025.01.09 11:00:00,0.91216,0.91272,0.91184,0.91215,4032.94
2025.01.09 12:00:00,0.91215,0.91215,0.91133,0.91197,3959.26
2025.01.09 13:00:00,0.91199,0.91209,0.9107,0.91122,6910.97
2025.01.09 14:00:00,0.91123,0.9118,0.91065,0.91141,5418.64
2025.01.09 15:00:00,0.9114,0.9124,0.91121,0.91213,6695.02
2025.01.09 16:00:00,0.91213,0.9126,0.9119,0.91243,3122.02
2025.01.09 17:00:00,0.91242,0.91297,0.91211,0.91266,2121.77
2025.01.09 18:00:00,0.91268,0.91291,0.91225,0.91228,1031.21
2025.01.09 19:00:00,0.91228,0.91264,0.91207,0.9126,1388.7
2025.01.09 20:00:00,0.9126,0.9126,0.91191,0.91215,1286.04
2025.01.09 21:00:00,0.91216,0.91234,0.91197,0.91197,1652.62
2025.01.09 22:00:00,0.91197,0.91223,0.91104,0.91201,972.43
2025.01.09 23:00:00,0.91197,0.91217,0.91185,0.91204,832.34
2025.01.10 00:00:00,0.91204,0.91239,0.91184,0.91208,2283.3
2025.01.10 01:00:00,0.9121,0.91212,0.91142,0.91167,3361.04
2025.01.10 02:00:00,0.91169,0.91213,0.9116,0.91193,2349.87
2025.01.10 03:00:00,0.91193,0.91212,0.91173,0.912,1347.68
2025.01.10 04:00:00,0.912,0.9126,0.91195,0.91254,1418.49
2025.01.10 05:00:00,0.91255,0.91298,0.91246,0.91294,1394.67
2025.01.10 06:00:00,0.91294,0.91308,0.91265,0.91296,2564.23
2025.01.10 07:00:00,0.91296,0.91296,0.91226,0.91241,3305.4
2025.01.10 08:00:00,0.91238,0.91285,0.91218,0.91247,5430.25
2025.01.10 09:00:00,0.91247,0.91343,0.91242,0.91338,4794.47
2025.01.10 10:00:00,0.91338,0.9142,0.9131,0.91403,3737.48
2025.01.10 11:00:00,0.91405,0.91422,0.91373,0.91378,3566.7
2025.01.10 12:00:00,0.91378,0.91393,0.91307,0.91375,3887.14
2025.01.10 13:00:00,0.91374,0.91883,0.91303,0.9166,17542.36
2025.01.10 14:00:00,0.91661,0.91711,0.91468,0.91613,16778.19
2025.01.10 15:00:00,0.9162,0.91708,0.9145,0.91628,15974.9
2025.01.10 16:00:00,0.91628,0.91792,0.91621,0.91722,10288.51
2025.01.10 17:00:00,0.91721,0.91752,0.91592,0.91644,5519.14
2025.01.10 18:00:00,0.91645,0.91749,0.91635,0.91717,2819.36
2025.01.10 19:00:00,0.91717,0.91758,0.9167,0.9171,2726.94
2025.01.10 20:00:00,0.91709,0.91724,0.91668,0.91674,2673.22
2025.01.10 21:00:00,0.91673,0.91677,0.91603,0.91603,1431.27
2025.01.12 22:00:00,0.91525,0.91666,0.91519,0.91607,960.94
2025.01.12 23:00:00,0.9161,0.91693,0.91605,0.9169,2233.29
2025.01.13 00:00:00,0.9169,0.91734,0.91668,0.917,1840.05
2025.01.13 01:00:00,0.917,0.9171,0.9163,0.91647,3498.81
2025.01.13 02:00:00,0.91647,0.91679,0.91625,0.9167,2413.44
2025.01.13 03:00:00,0.9167,0.9176,0.91663,0.91737,3159.99
2025.01.13 04:00:00,0.91736,0.9179,0.91715,0.91766,2285.61
2025.01.13 05:00:00,0.91766,0.91771,0.91699,0.917,1910.31
2025.01.13 06:00:00,0.917,0.91713,0.91667,0.9169,2799.22
2025.01.13 07:00:00,0.91693,0.91777,0.91618,0.91675,4886.53
2025.01.13 08:00:00,0.91675,0.917,0.91589,0.91628,8886.22
2025.01.13 09:00:00,0.91629,0.91797,0.9154,0.91699,9935.04
2025.01.13 10:00:00,0.91698,0.91712,0.91604,0.91645,6091.62
2025.01.13 11:00:00,0.91645,0.91702,0.91645,0.91675,5497.4
2025.01.13 12:00:00,0.91675,0.91694,0.91551,0.91579,5869.6
2025.01.13 13:00:00,0.91579,0.91677,0.91558,0.91668,8066.52
2025.01.13 14:00:00,0.91668,0.9183,0.91663,0.91799,9168.17
2025.01.13 15:00:00,0.91797,0.91949,0.91783,0.91944,9532.51
2025.01.13 16:00:00,0.91947,0.92011,0.91838,0.91917,6567.54
2025.01.13 17:00:00,0.91915,0.91935,0.91805,0.91825,3876.04
2025.01.13 18:00:00,0.91824,0.91867,0.91794,0.91819,2002.05
2025.01.13 19:00:00,0.91821,0.91911,0.91819,0.91902,1886.73
2025.01.13 20:00:00,0.91903,0.91904,0.91804,0.91815,1654.61
2025.01.13 21:00:00,0.91814,0.91821,0.91648,0.91648,2330.05
2025.01.13 22:00:00,0.91647,0.91661,0.91506,0.91593,623.8
2025.01.13 23:00:00,0.91594,0.91652,0.91512,0.91587,3869.67
2025.01.14 00:00:00,0.91587,0.91663,0.91578,0.91648,3087.12
2025.01.14 01:00:00,0.91648,0.91685,0.91611,0.91628,4885.64
2025.01.14 02:00:00,0.9163,0.91692,0.9163,0.91651,3590.96
2025.01.14 03:00:00,0.91652,0.91654,0.91581,0.91599,3152.19
2025.01.14 04:00:00,0.91599,0.91618,0.91558,0.91579,1742.07
2025.01.14 05:00:00,0.91577,0.9163,0.9156,0.91606,2941.06
2025.01.14 06:00:00,0.91606,0.91611,0.9154,0.91544,3863.07
2025.01.14 07:00:00,0.91544,0.91584,0.91468,0.91514,7030.35
2025.01.14 08:00:00,0.91515,0.91539,0.91287,0.91523,7149.89
2025.01.14 09:00:00,0.91523,0.91607,0.91493,0.91594,6408.88
2025.01.14 10:00:00,0.91595,0.91648,0.91547,0.91607,4517.64
2025.01.14 11:00:00,0.9161,0.91657,0.91591,0.91653,4382.94
2025.01.14 12:00:00,0.91653,0.91734,0.91643,0.91688,5053.73
2025.01.14 13:00:00,0.91688,0.91716,0.91435,0.91627,15218.94
2025.01.14 14:00:00,0.91627,0.91694,0.91469,0.91549,13572.64
2025.01.14 15:00:00,0.91548,0.91648,0.91432,0.91439,12542.01
2025.01.14 16:00:00,0.9144,0.91458,0.91327,0.91388,8007.17
2025.01.14 17:00:00,0.91389,0.91507,0.91381,0.91407,3975.99
2025.01.14 18:00:00,0.91408,0.91414,0.91293,0.91296,2218.19
2025.01.14 19:00:00,0.91295,0.91317,0.91242,0.91267,4039.9
2025.01.14 20:00:00,0.91265,0.91275,0.91214,0.91262,2871.57
2025.01.14 21:00:00,0.91264,0.91279,0.91218,0.91228,1545.22
2025.01.14 22:00:00,0.91207,0.91245,0.91192,0.91224,704.21
2025.01.14 23:00:00,0.9122,0.91269,0.912,0.91246,2283.78
2025.01.15 00:00:00,0.91247,0.91274,0.91234,0.91254,2268.76
2025.01.15 01:00:00,0.91253,0.9126,0.91216,0.91231,3431.35
2025.01.15 02:00:00,0.91231,0.91289,0.91231,0.91268,2252.16
2025.01.15 03:00:00,0.91269,0.91271,0.91227,0.91229,1299.27
2025.01.15 04:00:00,0.9123,0.91256,0.91222,0.91233,1792.83
2025.01.15 05:00:00,0.91231,0.91259,0.9119,0.91255,3319.44
2025.01.15 06:00:00,0.91256,0.91265,0.91174,0.9121,2639.22
2025.01.15 07:00:00,0.9121,0.91245,0.91123,0.91143,7712.13
2025.01.15 08:00:00,0.91144,0.9124,0.91091,0.9121,7612.93
2025.01.15 09:00:00,0.9121,0.91213,0.91131,0.91173,5316.3
2025.01.15 10:00:00,0.91174,0.91207,0.91133,0.91174,5075.72
2025.01.15 11:00:00,0.91174,0.9122,0.91132,0.91196,4319.06
2025.01.15 12:00:00,0.91196,0.91238,0.91152,0.91197,4569.85
2025.01.15 13:00:00,0.91196,0.91233,0.90773,0.90933,14246.79
2025.01.15 14:00:00,0.90932,0.91096,0.90916,0.91053,18872.76
2025.01.15 15:00:00,0.91053,0.91225,0.91009,0.91171,14331.83
2025.01.15 16:00:00,0.91171,0.91459,0.91169,0.91295,9549.97
2025.01.15 17:00:00,0.91293,0.9133,0.91238,0.91306,3979.55
2025.01.15 18:00:00,0.91306,0.91341,0.91263,0.91294,2905.41
2025.01.15 19:00:00,0.91292,0.91304,0.91242,0.91269,2783.22
2025.01.15 20:00:00,0.91271,0.91297,0.91237,0.91254,1481.75
2025.01.15 21:00:00,0.91255,0.91283,0.91227,0.91236,2320.74
2025.01.15 22:00:00,0.91232,0.91275,0.91205,0.91243,890.16
2025.01.15 23:00:00,0.91249,0.91251,0.91208,0.9121,1294.79
2025.01.16 00:00:00,0.9121,0.91283,0.9118,0.91187,2845.81
2025.01.16 01:00:00,0.91186,0.91242,0.91176,0.91213,4776.81
2025.01.16 02:00:00,0.91212,0.91259,0.91119,0.91231,4954.59
2025.01.16 03:00:00,0.91232,0.91267,0.91224,0.91229,2037.46
2025.01.16 04:00:00,0.9123,0.9126,0.91191,0.91256,1700.22
2025.01.16 05:00:00,0.91255,0.91285,0.91252,0.91273,2428.44
2025.01.16 06:00:00,0.91272,0.9128,0.91207,0.91209,3075.65
2025.01.16 07:00:00,0.91209,0.9123,0.91154,0.91189,4462.92
2025.01.16 08:00:00,0.91188,0.91208,0.91085,0.91092,6609.58
2025.01.16 09:00:00,0.91092,0.91145,0.9105,0.91108,5593.11
2025.01.16 10:00:00,0.91107,0.9117,0.91101,0.91148,4477.38
2025.01.16 11:00:00,0.91147,0.91199,0.91134,0.9115,4012.39
2025.01.16 12:00:00,0.91152,0.91313,0.91151,0.91256,5701.57
2025.01.16 13:00:00,0.91256,0.91356,0.91165,0.91199,10451.88
2025.01.16 14:00:00,0.91198,0.91361,0.91198,0.91303,10039.72
2025.01.16 15:00:00,0.91302,0.9135,0.91121,0.91179,17683.56
2025.01.16 16:00:00,0.91179,0.91209,0.91029,0.91107,11203.97
2025.01.16 17:00:00,0.91106,0.91147,0.90997,0.91082,5294.09
2025.01.16 18:00:00,0.91083,0.91135,0.9105,0.91097,2534.2
2025.01.16 19:00:00,0.911,0.91108,0.91035,0.91088,2451.18
2025.01.16 20:00:00,0.91088,0.91124,0.91068,0.9111,1839.34
2025.01.16 21:00:00,0.91111,0.91133,0.91037,0.91037,1535.28
2025.01.16 22:00:00,0.91037,0.91072,0.90989,0.91024,964.71
2025.01.16 23:00:00,0.91026,0.91119,0.91026,0.91114,920.75
2025.01.17 00:00:00,0.91113,0.91135,0.91013,0.91031,2446.55
2025.01.17 01:00:00,0.91032,0.91077,0.91001,0.91025,2823.47
2025.01.17 02:00:00,0.91026,0.91088,0.91011,0.91082,3195.21
2025.01.17 03:00:00,0.91081,0.91094,0.91054,0.91089,1999.39
2025.01.17 04:00:00,0.91087,0.91138,0.91081,0.91127,1712.16
2025.01.17 05:00:00,0.91127,0.91183,0.91114,0.91149,1787.73
2025.01.17 06:00:00,0.9115,0.91223,0.91147,0.91194,2489.89
2025.01.17 07:00:00,0.91196,0.91296,0.91177,0.91183,4714.13
2025.01.17 08:00:00,0.91182,0.91182,0.90958,0.91002,5988.16
2025.01.17 09:00:00,0.91002,0.91173,0.90975,0.91112,5820.34
2025.01.17 10:00:00,0.91111,0.91156,0.91071,0.91137,3993.36
2025.01.17 11:00:00,0.91137,0.9121,0.91125,0.91174,3919.94
2025.01.17 12:00:00,0.91175,0.9128,0.9115,0.91249,6481.07
2025.01.17 13:00:00,0.91246,0.91333,0.91195,0.91307,7225.91
2025.01.17 14:00:00,0.91307,0.91461,0.91266,0.91296,13012.24
2025.01.17 15:00:00,0.91296,0.91371,0.91088,0.91364,12050.55
2025.01.17 16:00:00,0.91365,0.91504,0.91358,0.91483,6139.78
2025.01.17 17:00:00,0.91483,0.91519,0.91437,0.91462,4394.62
2025.01.17 18:00:00,0.91464,0.91501,0.91406,0.91472,2577.64
2025.01.17 19:00:00,0.91473,0.91532,0.91452,0.91488,2299.82
2025.01.17 20:00:00,0.91493,0.91523,0.91468,0.91493,1797.28
2025.01.17 21:00:00,0.91494,0.91517,0.91443,0.91443,1926.87
2025.01.19 22:00:00,0.91217,0.91416,0.91217,0.91409,1397.6
2025.01.19 23:00:00,0.91412,0.91517,0.9141,0.91447,2284.47
2025.01.20 00:00:00,0.91449,0.91467,0.91404,0.9141,2749.35
2025.01.20 01:00:00,0.9141,0.91447,0.91345,0.91354,3504.18
2025.01.20 02:00:00,0.91354,0.91393,0.91347,0.91351,2664.48
2025.01.20 03:00:00,0.91351,0.91352,0.91265,0.91267,2680.55
2025.01.20 04:00:00,0.91268,0.91309,0.91264,0.91289,1384.98
2025.01.20 05:00:00,0.91289,0.91303,0.9127,0.91295,1542.27
2025.01.20 06:00:00,0.91294,0.9132,0.9123,0.91272,2265.15
2025.01.20 07:00:00,0.91273,0.91321,0.91202,0.91228,4376.02
2025.01.20 08:00:00,0.91226,0.91331,0.91214,0.91269,5470.27
2025.01.20 09:00:00,0.91267,0.91385,0.91242,0.91375,4736.63
2025.01.20 10:00:00,0.91375,0.91375,0.91267,0.91337,5508.44
2025.01.20 11:00:00,0.91337,0.91383,0.91313,0.91322,3875.57
2025.01.20 12:00:00,0.91322,0.91408,0.91316,0.91354,4653.75
2025.01.20 13:00:00,0.91356,0.91461,0.90825,0.90883,16886.57
2025.01.20 14:00:00,0.90883,0.90976,0.90679,0.90747,34051.45
2025.01.20 15:00:00,0.90745,0.90903,0.90676,0.9082,21125.47
2025.01.20 16:00:00,0.90819,0.9086,0.9076,0.90807,5282.96
2025.01.20 17:00:00,0.90806,0.91054,0.9067,0.9081,8794.08
2025.01.20 18:00:00,0.90813,0.90871,0.90739,0.90739,1471.83
2025.01.20 19:00:00,0.90737,0.90806,0.90617,0.9064,3150.92
2025.01.20 20:00:00,0.9064,0.90682,0.90551,0.90641,9683.75
2025.01.20 21:00:00,0.90641,0.90715,0.90624,0.90624,3518.61
2025.01.20 22:00:00,0.90624,0.90698,0.90561,0.90624,571.05
2025.01.20 23:00:00,0.90605,0.90684,0.90588,0.90605,4298.33
2025.01.21 00:00:00,0.90604,0.90975,0.90509,0.90886,10993.6
2025.01.21 01:00:00,0.90887,0.90945,0.90701,0.90827,13200.47
2025.01.21 02:00:00,0.90828,0.90836,0.90695,0.90719,6626.16
2025.01.21 03:00:00,0.90721,0.90734,0.90625,0.90711,4679.11
2025.01.21 04:00:00,0.90712,0.90724,0.90645,0.90694,2527.36
2025.01.21 05:00:00,0.90695,0.90795,0.90681,0.90792,2717.74
2025.01.21 06:00:00,0.90792,0.90881,0.90792,0.90862,3158.58
2025.01.21 07:00:00,0.90859,0.909,0.90756,0.90847,6164.68
2025.01.21 08:00:00,0.90847,0.90944,0.90847,0.90903,5826.69
2025.01.21 09:00:00,0.90902,0.91104,0.90897,0.91056,6506.73
2025.01.21 10:00:00,0.91056,0.91108,0.91019,0.91086,7008.72
2025.01.21 11:00:00,0.91084,0.91143,0.91049,0.91087,5482.46
2025.01.21 12:00:00,0.91087,0.9113,0.9102,0.91034,8511.22
2025.01.21 13:00:00,0.91033,0.91047,0.90882,0.90926,8306.34
2025.01.21 14:00:00,0.90925,0.90978,0.9077,0.90815,11189.69
2025.01.21 15:00:00,0.90819,0.90899,0.90692,0.90756,12737.14
2025.01.21 16:00:00,0.90756,0.9078,0.90644,0.90697,6032.96
2025.01.21 17:00:00,0.90697,0.90726,0.90632,0.90724,4326.99
2025.01.21 18:00:00,0.90723,0.90732,0.90623,0.90633,3144.11
2025.01.21 19:00:00,0.90634,0.90683,0.90619,0.90658,2535.11
2025.01.21 20:00:00,0.90658,0.90669,0.90597,0.90607,2132.03
2025.01.21 21:00:00,0.90613,0.90623,0.90532,0.90532,1294.35
2025.01.21 22:00:00,0.90532,0.90611,0.9048,0.90493,1709.68
2025.01.21 23:00:00,0.90506,0.9073,0.90506,0.90666,7024.43
2025.01.22 00:00:00,0.90666,0.9067,0.90531,0.90568,4447.83
2025.01.22 01:00:00,0.9057,0.90681,0.90565,0.90668,3636.81
2025.01.22 02:00:00,0.90668,0.90688,0.90631,0.90655,2877.33
2025.01.22 03:00:00,0.90656,0.90703,0.90644,0.90678,2057.5
2025.01.22 04:00:00,0.90678,0.90685,0.90642,0.90667,1353.45
2025.01.22 05:00:00,0.90667,0.90719,0.90662,0.90676,1970.76
2025.01.22 06:00:00,0.90676,0.90723,0.90646,0.90691,3215.78
2025.01.22 07:00:00,0.9069,0.90694,0.90609,0.90652,4907.39
2025.01.22 08:00:00,0.90652,0.9067,0.90493,0.90519,8249.7
2025.01.22 09:00:00,0.90519,0.90631,0.90423,0.90429,7460.55
2025.01.22 10:00:00,0.90428,0.90447,0.90322,0.90357,7191.1
2025.01.22 11:00:00,0.90359,0.90493,0.9034,0.90464,5881.97
2025.01.22 12:00:00,0.90465,0.90566,0.90458,0.90488,6730.79
2025.01.22 13:00:00,0.90487,0.90633,0.90453,0.90598,8565.69
2025.01.22 14:00:00,0.90599,0.90728,0.90586,0.90679,11884.33
2025.01.22 15:00:00,0.90679,0.90746,0.90666,0.90674,11390.17
2025.01.22 16:00:00,0.90674,0.90748,0.90663,0.90704,5173.01
2025.01.22 17:00:00,0.90705,0.90733,0.90653,0.90661,2973.11
2025.01.22 18:00:00,0.9066,0.90696,0.90603,0.90626,3021.62
2025.01.22 19:00:00,0.90627,0.90631,0.90581,0.90604,2237.5
2025.01.22 20:00:00,0.90604,0.90669,0.90584,0.9066,2281.07
2025.01.22 21:00:00,0.9066,0.90676,0.90628,0.90628,2294.18
2025.01.22 22:00:00,0.9062,0.90649,0.90517,0.90625,2621.38
2025.01.22 23:00:00,0.90633,0.90645,0.9061,0.90633,1740.3
2025.01.23 00:00:00,0.90637,0.90638,0.90583,0.90588,2673.35
2025.01.23 01:00:00,0.90588,0.9065,0.90562,0.90637,3954.76
2025.01.23 02:00:00,0.90637,0.9067,0.90617,0.90658,3787.3
2025.01.23 03:00:00,0.90658,0.90664,0.90626,0.90628,2752.29
2025.01.23 04:00:00,0.90627,0.90629,0.90601,0.90614,3713.46
2025.01.23 05:00:00,0.90614,0.90653,0.90611,0.9065,3869.91
2025.01.23 06:00:00,0.9065,0.90663,0.90602,0.90663,4654.98
2025.01.23 07:00:00,0.90664,0.90727,0.90645,0.90693,5060.97
2025.01.23 08:00:00,0.90693,0.90783,0.90648,0.90776,5428.33
2025.01.23 09:00:00,0.90776,0.90795,0.90712,0.9072,5652.48
2025.01.23 10:00:00,0.90719,0.90721,0.9063,0.90679,5166.06
2025.01.23 11:00:00,0.90679,0.90788,0.90646,0.90784,6251.8
2025.01.23 12:00:00,0.90784,0.90857,0.9074,0.90755,8656.84
2025.01.23 13:00:00,0.90755,0.90883,0.90709,0.90737,15954.86
2025.01.23 14:00:00,0.90736,0.90803,0.90704,0.90797,12660.3
2025.01.23 15:00:00,0.90797,0.90971,0.90792,0.90914,13365.28
2025.01.23 16:00:00,0.90914,0.9108,0.90682,0.90721,23042.04
2025.01.23 17:00:00,0.90722,0.90755,0.90605,0.90618,5993.96
2025.01.23 18:00:00,0.90617,0.90699,0.90611,0.90684,3548.37
2025.01.23 19:00:00,0.90685,0.90703,0.90654,0.90679,3624.15
2025.01.23 20:00:00,0.90678,0.9073,0.90641,0.90714,3954.44
2025.01.23 21:00:00,0.90714,0.90746,0.90698,0.90698,3167.73
2025.01.23 22:00:00,0.90698,0.90733,0.90658,0.90725,1628.6
2025.01.23 23:00:00,0.90727,0.90764,0.90707,0.90745,2246.12
2025.01.24 00:00:00,0.90745,0.9076,0.90683,0.90733,2303.07
2025.01.24 01:00:00,0.90733,0.90745,0.90702,0.90711,3134.31
2025.01.24 02:00:00,0.9071,0.90713,0.90519,0.90538,6758.42
2025.01.24 03:00:00,0.9054,0.90596,0.90491,0.90516,7713.21
2025.01.24 04:00:00,0.90517,0.90573,0.90467,0.90563,5320.35
2025.01.24 05:00:00,0.90564,0.90595,0.90507,0.90509,4963.09
2025.01.24 06:00:00,0.90509,0.90515,0.904,0.90496,8312.4
2025.01.24 07:00:00,0.90497,0.9059,0.9046,0.90504,10348.71
2025.01.24 08:00:00,0.90504,0.90531,0.90308,0.90363,12748
2025.01.24 09:00:00,0.90365,0.90428,0.9027,0.90417,10128.03
2025.01.24 10:00:00,0.90418,0.90589,0.90415,0.90565,5146.98
2025.01.24 11:00:00,0.90566,0.90594,0.90504,0.90537,6767.99
2025.01.24 12:00:00,0.9054,0.90682,0.90531,0.9068,5546.46
2025.01.24 13:00:00,0.90679,0.90705,0.90592,0.90626,9318.1
2025.01.24 14:00:00,0.90627,0.90709,0.90497,0.90566,10820.3
2025.01.24 15:00:00,0.90569,0.9059,0.90437,0.90458,19052.04
2025.01.24 16:00:00,0.90457,0.90497,0.90418,0.90437,7796.97
2025.01.24 17:00:00,0.90438,0.90509,0.90396,0.90503,3423.83
2025.01.24 18:00:00,0.90502,0.90578,0.90478,0.9057,2803.82
2025.01.24 19:00:00,0.90571,0.90611,0.90558,0.90597,2160.98
2025.01.24 20:00:00,0.90599,0.90639,0.90586,0.90589,1794.48
2025.01.24 21:00:00,0.9059,0.90615,0.90483,0.90483,1628.48
2025.01.26 22:00:00,0.90503,0.90616,0.90503,0.90579,1183.12
2025.01.26 23:00:00,0.90572,0.90695,0.90565,0.90683,3117.69
2025.01.27 00:00:00,0.90681,0.90718,0.90615,0.9062,4654.68
2025.01.27 01:00:00,0.90621,0.90666,0.90565,0.90644,5804.86
2025.01.27 02:00:00,0.90645,0.90693,0.90632,0.90644,3364.02
2025.01.27 03:00:00,0.90643,0.90694,0.90593,0.90662,3791.26
2025.01.27 04:00:00,0.90662,0.90697,0.90657,0.90674,2362.24
2025.01.27 05:00:00,0.90674,0.90727,0.90653,0.90669,2307.71
2025.01.27 06:00:00,0.90668,0.90718,0.90651,0.90691,3157.17
2025.01.27 07:00:00,0.90691,0.90722,0.90589,0.90652,6494.46
2025.01.27 08:00:00,0.90655,0.90658,0.90208,0.90238,10566.17
2025.01.27 09:00:00,0.90238,0.90287,0.90127,0.90146,21939.76
2025.01.27 10:00:00,0.90145,0.90145,0.89798,0.89833,22863.04
2025.01.27 11:00:00,0.89832,0.89834,0.89649,0.89736,15984.25
2025.01.27 12:00:00,0.89735,0.8986,0.89711,0.89805,8389.48
2025.01.27 13:00:00,0.8981,0.89954,0.89749,0.89861,13880.63
2025.01.27 14:00:00,0.89862,0.90073,0.89803,0.90066,12431.36
2025.01.27 15:00:00,0.90067,0.90125,0.90014,0.90059,13368.26
2025.01.27 16:00:00,0.90059,0.901,0.89952,0.90059,9410.93
2025.01.27 17:00:00,0.90059,0.90202,0.90045,0.90105,5417.26
2025.01.27 18:00:00,0.90106,0.90198,0.90098,0.90171,4174.95
2025.01.27 19:00:00,0.90171,0.90222,0.90119,0.90132,3038.9
2025.01.27 20:00:00,0.90132,0.90189,0.90128,0.90178,2593.19
2025.01.27 21:00:00,0.90181,0.90203,0.90158,0.90158,1280.26
2025.01.27 22:00:00,0.90157,0.90178,0.9013,0.90145,1688.2
2025.01.27 23:00:00,0.90142,0.9051,0.90142,0.90444,8297.05
2025.01.28 00:00:00,0.90443,0.90492,0.90361,0.90453,6168.59
2025.01.28 01:00:00,0.90453,0.90531,0.90386,0.9048,5370.65
2025.01.28 02:00:00,0.90481,0.90556,0.90465,0.90492,5194.08
2025.01.28 03:00:00,0.90491,0.90537,0.90449,0.90535,3446.69
2025.01.28 04:00:00,0.90534,0.9059,0.9053,0.9054,2217.35
2025.01.28 05:00:00,0.90539,0.90548,0.90484,0.90522,1879.24
2025.01.28 06:00:00,0.90522,0.90549,0.90461,0.90528,2381.56
2025.01.28 07:00:00,0.90528,0.90664,0.90509,0.90637,5696.55
2025.01.28 08:00:00,0.90639,0.90705,0.90586,0.90676,9628.63
2025.01.28 09:00:00,0.90674,0.90695,0.90531,0.90574,7843.47
2025.01.28 10:00:00,0.90574,0.90642,0.90536,0.90639,5450.63
2025.01.28 11:00:00,0.90638,0.90655,0.906,0.90641,4311.66
2025.01.28 12:00:00,0.90639,0.90674,0.90563,0.90589,6901.62
2025.01.28 13:00:00,0.90589,0.90628,0.90513,0.90596,8494.12
2025.01.28 14:00:00,0.90595,0.90595,0.9041,0.90444,10627.3
2025.01.28 15:00:00,0.90443,0.90583,0.904,0.90579,12687.09
2025.01.28 16:00:00,0.9058,0.90581,0.9044,0.90507,5870.13
2025.01.28 17:00:00,0.90507,0.90533,0.90416,0.90438,3771.35
2025.01.28 18:00:00,0.90437,0.90478,0.90395,0.90478,3323.38
2025.01.28 19:00:00,0.90478,0.90503,0.90382,0.90393,2571.03
2025.01.28 20:00:00,0.90391,0.90428,0.90382,0.90413,1782.26
2025.01.28 21:00:00,0.90414,0.9043,0.90391,0.90391,2452.22
2025.01.28 22:00:00,0.90378,0.90427,0.90369,0.90395,677.05
2025.01.28 23:00:00,0.90398,0.90436,0.90389,0.9042,1127.84
2025.01.29 00:00:00,0.90419,0.9042,0.90372,0.90402,3111.01
2025.01.29 01:00:00,0.90403,0.90418,0.90382,0.90415,2023.99
2025.01.29 02:00:00,0.90417,0.90428,0.90363,0.9038,1768.41
2025.01.29 03:00:00,0.9038,0.90385,0.9033,0.90343,2828.71
2025.01.29 04:00:00,0.90342,0.90349,0.90312,0.90345,1489.15
2025.01.29 05:00:00,0.90345,0.90361,0.90331,0.90331,1528.06
2025.01.29 06:00:00,0.90331,0.90402,0.90321,0.90398,2440.28
2025.01.29 07:00:00,0.90399,0.90559,0.90381,0.90551,4438.18
2025.01.29 08:00:00,0.90551,0.90564,0.90453,0.90543,5339.75
2025.01.29 09:00:00,0.90544,0.90641,0.90517,0.90631,6500
2025.01.29 10:00:00,0.90631,0.90678,0.90562,0.90595,5502.34
2025.01.29 11:00:00,0.90594,0.90691,0.90578,0.9066,4205.89
2025.01.29 12:00:00,0.90658,0.90718,0.90629,0.90651,5848
2025.01.29 13:00:00,0.9065,0.90815,0.90633,0.90809,7780.73
2025.01.29 14:00:00,0.90807,0.90819,0.90685,0.90697,8928.5
2025.01.29 15:00:00,0.90699,0.9075,0.9056,0.90643,10447.07
2025.01.29 16:00:00,0.90643,0.90774,0.90618,0.90769,12373.36
2025.01.29 17:00:00,0.9077,0.90774,0.90644,0.90681,9372.69
2025.01.29 18:00:00,0.9068,0.90714,0.90646,0.90665,5763.73
2025.01.29 19:00:00,0.90669,0.90949,0.90618,0.90719,17138.18
2025.01.29 20:00:00,0.9072,0.90811,0.90667,0.90742,9923.23
2025.01.29 21:00:00,0.90742,0.90748,0.90643,0.90646,2932.99
2025.01.29 22:00:00,0.90643,0.90699,0.90587,0.90655,1468.04
2025.01.29 23:00:00,0.90659,0.90673,0.90596,0.90631,4900.81
2025.01.30 00:00:00,0.9063,0.90646,0.90601,0.90606,4447.33
2025.01.30 01:00:00,0.90608,0.90677,0.90596,0.90665,3941.93
2025.01.30 02:00:00,0.90665,0.90666,0.90619,0.90648,3638.19
2025.01.30 03:00:00,0.90648,0.90663,0.90633,0.90644,3726.93
2025.01.30 04:00:00,0.90645,0.90695,0.90624,0.90678,2337.67
2025.01.30 05:00:00,0.90679,0.90685,0.90633,0.90635,2179.52
2025.01.30 06:00:00,0.90636,0.90698,0.90628,0.90664,3123.85
2025.01.30 07:00:00,0.90663,0.90702,0.90615,0.90628,4542.78
2025.01.30 08:00:00,0.90629,0.90676,0.90617,0.90642,6668.6
2025.01.30 09:00:00,0.90643,0.90778,0.90638,0.9076,6438.29
2025.01.30 10:00:00,0.9076,0.90797,0.90694,0.90775,6029.67
2025.01.30 11:00:00,0.90777,0.90892,0.90774,0.90859,5662.76
2025.01.30 12:00:00,0.9086,0.90869,0.90738,0.9076,6410.36
2025.01.30 13:00:00,0.90759,0.90841,0.90641,0.90663,13853.33
2025.01.30 14:00:00,0.90658,0.90759,0.9061,0.90689,14635.94
2025.01.30 15:00:00,0.90688,0.90743,0.90586,0.90723,9441.56
2025.01.30 16:00:00,0.90722,0.90863,0.90682,0.90849,5286.78
2025.01.30 17:00:00,0.90848,0.90918,0.90834,0.90873,4214.42
2025.01.30 18:00:00,0.90872,0.90917,0.90862,0.90877,1977.04
2025.01.30 19:00:00,0.90876,0.90888,0.90826,0.90856,3082.97
2025.01.30 20:00:00,0.90856,0.91033,0.90814,0.90929,10501.56
2025.01.30 21:00:00,0.90932,0.91013,0.90888,0.90928,5494.42
2025.01.30 22:00:00,0.90927,0.91007,0.90896,0.9094,4073.13
2025.01.30 23:00:00,0.90941,0.91009,0.90934,0.90958,1942.37
2025.01.31 00:00:00,0.90958,0.91045,0.90922,0.91021,2786.22
2025.01.31 01:00:00,0.91022,0.91035,0.90959,0.90975,4011.91
2025.01.31 02:00:00,0.90972,0.90989,0.90945,0.90967,2979.92
2025.01.31 03:00:00,0.90967,0.91033,0.90963,0.91021,1779.54
2025.01.31 04:00:00,0.9102,0.91035,0.90975,0.90993,2004.59
2025.01.31 05:00:00,0.90993,0.91038,0.90969,0.91008,3223.63
2025.01.31 06:00:00,0.91008,0.91054,0.91006,0.91035,1749.84
2025.01.31 07:00:00,0.91036,0.91053,0.90869,0.9095,8213.21
2025.01.31 08:00:00,0.9095,0.91121,0.90941,0.91088,8494.1
2025.01.31 09:00:00,0.91091,0.91153,0.91037,0.91067,10053.92
2025.01.31 10:00:00,0.91066,0.91116,0.91034,0.91097,5658.79
2025.01.31 11:00:00,0.91097,0.91121,0.91048,0.91075,4479.74
2025.01.31 12:00:00,0.91074,0.91081,0.90974,0.90988,5184.34
2025.01.31 13:00:00,0.90988,0.91073,0.909,0.9099,8764.55
2025.01.31 14:00:00,0.90989,0.91092,0.90972,0.90986,8948.72
2025.01.31 15:00:00,0.90983,0.91017,0.90741,0.90805,11142.07
2025.01.31 16:00:00,0.90809,0.90959,0.90809,0.90874,7837.08
2025.01.31 17:00:00,0.90877,0.90919,0.9071,0.90793,11948.68
2025.01.31 18:00:00,0.90791,0.91097,0.90777,0.91072,14427.4
2025.01.31 19:00:00,0.91071,0.91103,0.91019,0.91048,6773.77
2025.01.31 20:00:00,0.91049,0.91105,0.91004,0.91068,6100.99
2025.01.31 21:00:00,0.91066,0.91142,0.90996,0.91008,7317.91
2025.02.02 22:00:00,0.91523,0.91533,0.91357,0.91428,1285.63
2025.02.02 23:00:00,0.91426,0.91595,0.91364,0.91509,11527.38
2025.02.03 00:00:00,0.91508,0.91676,0.91427,0.91615,15185.51
2025.02.03 01:00:00,0.91616,0.91644,0.91499,0.91582,7879.33
2025.02.03 02:00:00,0.91584,0.9167,0.91582,0.91646,7087.89
2025.02.03 03:00:00,0.91646,0.9176,0.91621,0.91691,5053.73
2025.02.03 04:00:00,0.91691,0.91694,0.91593,0.9165,6300.04
2025.02.03 05:00:00,0.91648,0.91656,0.91582,0.91611,4709.79
2025.02.03 06:00:00,0.91612,0.91622,0.91527,0.91588,5177.38
2025.02.03 07:00:00,0.9159,0.91871,0.91586,0.91862,9979.59
2025.02.03 08:00:00,0.91864,0.91964,0.91607,0.91636,13923.45
2025.02.03 09:00:00,0.91638,0.91763,0.91592,0.91732,7376.98
2025.02.03 10:00:00,0.9173,0.91749,0.91647,0.91736,6898.46
2025.02.03 11:00:00,0.91735,0.9175,0.91594,0.91611,6915.17
2025.02.03 12:00:00,0.91611,0.91617,0.9136,0.91457,11041.49
2025.02.03 13:00:00,0.91459,0.91532,0.91322,0.91489,11048.65
2025.02.03 14:00:00,0.91488,0.91617,0.91456,0.91486,11429.87
2025.02.03 15:00:00,0.91498,0.91549,0.91023,0.91157,27303.77
2025.02.03 16:00:00,0.91158,0.91401,0.91073,0.91391,15991.6
2025.02.03 17:00:00,0.91391,0.91409,0.91219,0.91374,10065.17
2025.02.03 18:00:00,0.91376,0.91432,0.91328,0.91362,5188.46
2025.02.03 19:00:00,0.91363,0.91364,0.91256,0.91281,3900.11
2025.02.03 20:00:00,0.91282,0.91294,0.91213,0.91233,2899.12
2025.02.03 21:00:00,0.91235,0.91244,0.9092,0.90983,7261.8
2025.02.03 22:00:00,0.90948,0.91044,0.90917,0.90967,691.13
2025.02.03 23:00:00,0.90966,0.91165,0.90958,0.91153,3309.45
2025.02.04 00:00:00,0.91154,0.91211,0.9113,0.91198,2950.41
2025.02.04 01:00:00,0.912,0.91251,0.91167,0.91173,3974.58
2025.02.04 02:00:00,0.91174,0.91199,0.91132,0.91147,3844.2
2025.02.04 03:00:00,0.91147,0.912,0.91116,0.91162,3202.23
2025.02.04 04:00:00,0.91162,0.91216,0.9116,0.9121,2466.06
2025.02.04 05:00:00,0.9121,0.9131,0.91205,0.9127,7837.17
2025.02.04 06:00:00,0.91268,0.91277,0.91206,0.91214,3690.82
2025.02.04 07:00:00,0.91215,0.91256,0.91116,0.91179,5386.22
2025.02.04 08:00:00,0.91181,0.91186,0.90978,0.90997,8689.5
2025.02.04 09:00:00,0.90997,0.91006,0.90874,0.90964,5636.71
2025.02.04 10:00:00,0.90965,0.90981,0.90819,0.90868,5258.03
2025.02.04 11:00:00,0.90868,0.90981,0.90862,0.90971,4634.17
2025.02.04 12:00:00,0.90969,0.90999,0.90914,0.90957,5014.79
2025.02.04 13:00:00,0.90957,0.90969,0.90855,0.90866,6944.11
2025.02.04 14:00:00,0.90866,0.90866,0.90677,0.90716,8489.74
2025.02.04 15:00:00,0.90716,0.90716,0.90525,0.90579,14956.11
2025.02.04 16:00:00,0.90578,0.90587,0.90499,0.90579,6219.25
2025.02.04 17:00:00,0.90579,0.90625,0.9054,0.90544,5768.67
2025.02.04 18:00:00,0.90544,0.90573,0.90454,0.90508,2881.32
2025.02.04 19:00:00,0.90504,0.90514,0.90451,0.9049,3154.69
2025.02.04 20:00:00,0.90487,0.90504,0.9046,0.90488,2245.26
2025.02.04 21:00:00,0.90486,0.90526,0.90469,0.90486,1234.27
2025.02.04 22:00:00,0.90486,0.90521,0.90456,0.90475,1307.55
2025.02.04 23:00:00,0.90475,0.90544,0.90475,0.90542,1400.88
2025.02.05 00:00:00,0.90541,0.90558,0.90489,0.90507,2526.12
2025.02.05 01:00:00,0.90506,0.90589,0.90468,0.90585,4449.87
2025.02.05 02:00:00,0.90586,0.90591,0.90473,0.90473,4266.72
2025.02.05 03:00:00,0.90471,0.90498,0.90438,0.90483,2590.6
2025.02.05 04:00:00,0.90484,0.90534,0.90472,0.90527,1848.87
2025.02.05 05:00:00,0.90528,0.9057,0.90522,0.90559,2949.33
2025.02.05 06:00:00,0.9056,0.90582,0.9044,0.90476,3371.88
2025.02.05 07:00:00,0.90477,0.90502,0.90285,0.90376,6715.57
2025.02.05 08:00:00,0.90378,0.90476,0.90235,0.90278,9103.6
2025.02.05 09:00:00,0.90279,0.90313,0.90182,0.9025,8163.37
2025.02.05 10:00:00,0.90249,0.90264,0.90075,0.9009,6241.86
2025.02.05 11:00:00,0.9009,0.90241,0.90087,0.90225,5029.2
2025.02.05 12:00:00,0.90227,0.90248,0.90139,0.90152,5114.7
2025.02.05 13:00:00,0.90152,0.90333,0.90128,0.9029,9707.85
2025.02.05 14:00:00,0.90289,0.90316,0.90143,0.90163,9097.89
2025.02.05 15:00:00,0.90163,0.90163,0.90013,0.90048,14849.23
2025.02.05 16:00:00,0.90048,0.90129,0.90026,0.90086,6047.8
2025.02.05 17:00:00,0.90084,0.90127,0.9002,0.90064,3509.46
2025.02.05 18:00:00,0.90065,0.90084,0.90013,0.9004,2350.11
2025.02.05 19:00:00,0.90041,0.90107,0.90025,0.90096,2957.21
2025.02.05 20:00:00,0.90098,0.90138,0.90098,0.90133,1990.52
2025.02.05 21:00:00,0.90133,0.90182,0.9011,0.90147,1365.36
2025.02.05 22:00:00,0.90147,0.90149,0.90088,0.90116,599.18
2025.02.05 23:00:00,0.9011,0.90172,0.90106,0.9014,1079.25
2025.02.06 00:00:00,0.9014,0.90185,0.90123,0.90165,1948.69
2025.02.06 01:00:00,0.90164,0.90169,0.90082,0.90098,3139.68
2025.02.06 02:00:00,0.90097,0.90231,0.90076,0.90224,2463.54
2025.02.06 03:00:00,0.90224,0.90254,0.90212,0.90239,2941.86
2025.02.06 04:00:00,0.90238,0.90292,0.90215,0.90289,1665.21
2025.02.06 05:00:00,0.90288,0.90298,0.90259,0.9029,2341.83
2025.02.06 06:00:00,0.90289,0.90312,0.90262,0.90297,3032.25
2025.02.06 07:00:00,0.90296,0.9035,0.90287,0.90345,4000.98
2025.02.06 08:00:00,0.90345,0.90461,0.90315,0.90412,6343.33
2025.02.06 09:00:00,0.9041,0.90545,0.90378,0.90527,5074.08
2025.02.06 10:00:00,0.90527,0.90551,0.90475,0.90512,4782.57
2025.02.06 11:00:00,0.90512,0.90554,0.90471,0.90491,4740.88
2025.02.06 12:00:00,0.90492,0.90568,0.90481,0.90547,8013.05
2025.02.06 13:00:00,0.90546,0.90606,0.90455,0.90523,8822.22
2025.02.06 14:00:00,0.90523,0.90618,0.90519,0.90562,10831.01
2025.02.06 15:00:00,0.90563,0.90595,0.90499,0.90511,8810.5
2025.02.06 16:00:00,0.90512,0.90555,0.90454,0.90547,4399.2
2025.02.06 17:00:00,0.90552,0.90558,0.90475,0.9048,2468.75
2025.02.06 18:00:00,0.9048,0.90508,0.90395,0.90444,3680.46
2025.02.06 19:00:00,0.90444,0.90521,0.90439,0.90511,2177.11
2025.02.06 20:00:00,0.90512,0.90519,0.90458,0.90469,2445.64
2025.02.06 21:00:00,0.9047,0.90497,0.90461,0.90473,1222.96
2025.02.06 22:00:00,0.90473,0.90503,0.9044,0.9048,1101.1
2025.02.06 23:00:00,0.9048,0.90526,0.90454,0.90512,1315.36
2025.02.07 00:00:00,0.90512,0.90563,0.90468,0.90556,2030.16
2025.02.07 01:00:00,0.90556,0.9058,0.90542,0.90559,3363.12
2025.02.07 02:00:00,0.90561,0.90613,0.90548,0.90602,2559.15
2025.02.07 03:00:00,0.90602,0.90648,0.90597,0.90621,1989.63
2025.02.07 04:00:00,0.9062,0.90642,0.90598,0.90618,1490.88
2025.02.07 05:00:00,0.90617,0.90636,0.90601,0.90621,1595.13
2025.02.07 06:00:00,0.9062,0.90674,0.90616,0.90667,1964.7
2025.02.07 07:00:00,0.90667,0.90668,0.9059,0.90622,3846.74
2025.02.07 08:00:00,0.90627,0.90652,0.90559,0.90571,5414.81
2025.02.07 09:00:00,0.90571,0.90609,0.9055,0.90592,4601.53
2025.02.07 10:00:00,0.90593,0.90706,0.90592,0.90681,3811.41
2025.02.07 11:00:00,0.90681,0.90713,0.90661,0.9068,2859.79
2025.02.07 12:00:00,0.9068,0.90734,0.9068,0.90728,3728.46
2025.02.07 13:00:00,0.90727,0.90991,0.90449,0.90914,16277.36
2025.02.07 14:00:00,0.90916,0.90949,0.90683,0.90749,14056.81
2025.02.07 15:00:00,0.90763,0.91015,0.90711,0.90917,17139.98
2025.02.07 16:00:00,0.90916,0.91039,0.90866,0.91008,15273.3
2025.02.07 17:00:00,0.91006,0.91058,0.90891,0.91029,12460.32
2025.02.07 18:00:00,0.9103,0.91043,0.90943,0.90967,2942.6
2025.02.07 19:00:00,0.90968,0.90972,0.90887,0.90914,2968.34
2025.02.07 20:00:00,0.90914,0.90993,0.90888,0.90953,2400.94
2025.02.07 21:00:00,0.90949,0.91004,0.90923,0.90923,2742.52
2025.02.09 22:00:00,0.91017,0.91078,0.91013,0.91041,1024.68
2025.02.09 23:00:00,0.9104,0.91104,0.91003,0.91092,3044.74
2025.02.10 00:00:00,0.91093,0.91111,0.91023,0.91102,3554.13
2025.02.10 01:00:00,0.91101,0.91188,0.91092,0.91172,3711.27
2025.02.10 02:00:00,0.91172,0.9122,0.9114,0.91215,3141.49
2025.02.10 03:00:00,0.91216,0.91216,0.9113,0.91131,2794.23
2025.02.10 04:00:00,0.91131,0.91133,0.91111,0.91127,3049.81
2025.02.10 05:00:00,0.91125,0.91127,0.91083,0.91101,3470.61
2025.02.10 06:00:00,0.91099,0.91123,0.91068,0.91095,2631.15
2025.02.10 07:00:00,0.91096,0.91118,0.9104,0.91081,5911.59
2025.02.10 08:00:00,0.91082,0.91103,0.91,0.91031,5776.62
2025.02.10 09:00:00,0.91031,0.91039,0.90966,0.91019,4468.55
2025.02.10 10:00:00,0.91019,0.91037,0.90938,0.9097,3395.43
2025.02.10 11:00:00,0.9097,0.9103,0.90936,0.91022,3507.7
2025.02.10 12:00:00,0.91021,0.91109,0.91013,0.91069,4852.08
2025.02.10 13:00:00,0.91069,0.91075,0.90978,0.90995,5561.3
2025.02.10 14:00:00,0.90996,0.91067,0.90971,0.91021,6871.01
2025.02.10 15:00:00,0.91018,0.91059,0.9098,0.91026,6749.74
2025.02.10 16:00:00,0.91025,0.91141,0.91012,0.91101,4533
2025.02.10 17:00:00,0.911,0.91164,0.91083,0.91121,3123.01
2025.02.10 18:00:00,0.91121,0.91159,0.91108,0.91141,2339.31
2025.02.10 19:00:00,0.91142,0.9115,0.91101,0.91143,2069.09
2025.02.10 20:00:00,0.91139,0.91156,0.91119,0.91136,2110.43
2025.02.10 21:00:00,0.91138,0.91149,0.91116,0.91119,2154.04
2025.02.10 22:00:00,0.9111,0.91121,0.9097,0.91071,1994.84
2025.02.10 23:00:00,0.91071,0.91154,0.9107,0.91138,1829.18
2025.02.11 00:00:00,0.91137,0.91141,0.911,0.91122,1583.98
2025.02.11 01:00:00,0.91124,0.91151,0.91113,0.91121,2977.71
2025.02.11 02:00:00,0.91122,0.91173,0.91117,0.91166,3478.92
2025.02.11 03:00:00,0.91167,0.91177,0.91143,0.91155,2620.89
2025.02.11 04:00:00,0.91155,0.91161,0.91138,0.91141,2399.61
2025.02.11 05:00:00,0.91141,0.91175,0.91137,0.91165,1512.78
2025.02.11 06:00:00,0.91165,0.91171,0.91119,0.91145,3614.79
2025.02.11 07:00:00,0.91141,0.91185,0.91136,0.91177,3699.79
2025.02.11 08:00:00,0.91178,0.91196,0.91107,0.91143,5466.25
2025.02.11 09:00:00,0.91143,0.91206,0.91124,0.91175,4661.61
2025.02.11 10:00:00,0.91175,0.91218,0.91149,0.91216,3938.47
2025.02.11 11:00:00,0.91215,0.91303,0.91196,0.91293,2748.61
2025.02.11 12:00:00,0.91294,0.91329,0.91271,0.9132,4402.6
2025.02.11 13:00:00,0.91318,0.91396,0.91292,0.91331,5635.26
2025.02.11 14:00:00,0.91332,0.91374,0.91289,0.91356,6577.83
2025.02.11 15:00:00,0.91355,0.91393,0.91308,0.91322,7634.2
2025.02.11 16:00:00,0.91323,0.91327,0.91233,0.91325,5321.98
2025.02.11 17:00:00,0.91327,0.91345,0.91291,0.9131,2385.63
2025.02.11 18:00:00,0.9131,0.91374,0.91294,0.9137,2391.62
2025.02.11 19:00:00,0.9137,0.91403,0.91219,0.91316,4141.01
2025.02.11 20:00:00,0.91316,0.91354,0.91294,0.91327,2414.23
2025.02.11 21:00:00,0.9133,0.91346,0.91306,0.91306,2158.49
2025.02.11 22:00:00,0.91306,0.91314,0.9122,0.9128,1157.88
2025.02.11 23:00:00,0.91279,0.91334,0.91273,0.91307,1088.34
2025.02.12 00:00:00,0.91308,0.91342,0.91293,0.91317,2043.27
2025.02.12 01:00:00,0.91317,0.9134,0.91267,0.9129,3253.65
2025.02.12 02:00:00,0.91288,0.9131,0.91252,0.91307,2666.37
2025.02.12 03:00:00,0.91307,0.91354,0.91289,0.91331,3047.79
2025.02.12 04:00:00,0.91332,0.91359,0.91316,0.91354,3114.9
2025.02.12 05:00:00,0.91354,0.91359,0.91301,0.91305,2134.26
2025.02.12 06:00:00,0.91305,0.91321,0.9128,0.91289,2814.57
2025.02.12 07:00:00,0.91291,0.91302,0.91194,0.91221,5298.6
2025.02.12 08:00:00,0.9122,0.9123,0.91108,0.91144,5961.41
2025.02.12 09:00:00,0.91145,0.91161,0.91023,0.91047,4603.35
2025.02.12 10:00:00,0.91048,0.91152,0.91037,0.911,3318.12
2025.02.12 11:00:00,0.91099,0.91108,0.91048,0.91088,3817.09
2025.02.12 12:00:00,0.91088,0.91163,0.91077,0.91156,3772.5
2025.02.12 13:00:00,0.91158,0.91555,0.91065,0.91442,15114.25
2025.02.12 14:00:00,0.91441,0.91502,0.91371,0.9145,11273.73
2025.02.12 15:00:00,0.91449,0.91502,0.9127,0.91332,14719.82
2025.02.12 16:00:00,0.91332,0.91446,0.91286,0.91294,8094.98
2025.02.12 17:00:00,0.91294,0.91297,0.91129,0.91166,9335.35
2025.02.12 18:00:00,0.91167,0.91312,0.91152,0.91307,5080.55
2025.02.12 19:00:00,0.91306,0.91357,0.91302,0.91328,3103.7
2025.02.12 20:00:00,0.91327,0.91344,0.91282,0.91321,3594
2025.02.12 21:00:00,0.91321,0.91382,0.91312,0.91351,2718.16
2025.02.12 22:00:00,0.91346,0.91347,0.91115,0.913,638.89
2025.02.12 23:00:00,0.91299,0.91363,0.91286,0.91342,1209.52
2025.02.13 00:00:00,0.91342,0.9139,0.91302,0.91378,2294.25
2025.02.13 01:00:00,0.9138,0.914,0.91304,0.91311,4176.03
2025.02.13 02:00:00,0.9131,0.91334,0.9124,0.9126,4009.41
2025.02.13 03:00:00,0.9126,0.9127,0.91162,0.91197,4477.26
2025.02.13 04:00:00,0.91198,0.91203,0.91126,0.91127,4453.9
2025.02.13 05:00:00,0.91127,0.91141,0.91093,0.91129,3364.42
2025.02.13 06:00:00,0.9113,0.91148,0.91107,0.91117,3363.54
2025.02.13 07:00:00,0.91125,0.91132,0.90881,0.90918,8272.11
2025.02.13 08:00:00,0.90918,0.90964,0.90774,0.90777,7232.69
2025.02.13 09:00:00,0.90778,0.90814,0.90703,0.90785,4687.11
2025.02.13 10:00:00,0.90786,0.90801,0.90666,0.90678,4638.55
2025.02.13 11:00:00,0.90677,0.9079,0.90654,0.90754,6295.43
2025.02.13 12:00:00,0.90754,0.90825,0.90715,0.90732,6159.44
2025.02.13 13:00:00,0.90732,0.90849,0.90647,0.90754,11942.33
2025.02.13 14:00:00,0.90754,0.90843,0.90734,0.90743,9349.22
2025.02.13 15:00:00,0.9074,0.9074,0.90465,0.90511,14096.56
2025.02.13 16:00:00,0.90512,0.90537,0.90432,0.90477,4997.16
2025.02.13 17:00:00,0.90478,0.90485,0.90359,0.90431,3580.84
2025.02.13 18:00:00,0.9043,0.90624,0.90408,0.90492,9948.3
2025.02.13 19:00:00,0.90492,0.90493,0.90345,0.90378,4535.9
2025.02.13 20:00:00,0.90377,0.90397,0.90275,0.90302,3380.53
2025.02.13 21:00:00,0.90301,0.9032,0.90289,0.90295,2156.79
2025.02.13 22:00:00,0.90289,0.90347,0.90242,0.90311,3736.32
2025.02.13 23:00:00,0.90314,0.90342,0.90271,0.90321,2665.47
2025.02.14 00:00:00,0.90323,0.90347,0.90261,0.90267,3666.87
2025.02.14 01:00:00,0.90267,0.90307,0.9024,0.90302,3582.54
2025.02.14 02:00:00,0.90303,0.90366,0.90292,0.90362,2503.8
2025.02.14 03:00:00,0.90364,0.90413,0.90358,0.90396,2252.31
2025.02.14 04:00:00,0.90394,0.90423,0.90381,0.90416,2334.57
2025.02.14 05:00:00,0.90415,0.9045,0.90412,0.90436,1996.92
2025.02.14 06:00:00,0.90436,0.90442,0.90373,0.90392,3129.57
2025.02.14 07:00:00,0.90393,0.90486,0.90335,0.90466,6466.85
2025.02.14 08:00:00,0.90467,0.90487,0.90283,0.90325,8660.18
2025.02.14 09:00:00,0.90326,0.90326,0.90113,0.9018,6666.14
2025.02.14 10:00:00,0.9018,0.90223,0.90135,0.90175,4161.6
2025.02.14 11:00:00,0.90173,0.90202,0.90139,0.90142,4331.07
2025.02.14 12:00:00,0.90144,0.9016,0.90057,0.90117,5141.91
2025.02.14 13:00:00,0.90118,0.90151,0.89856,0.8989,12630.83
2025.02.14 14:00:00,0.89888,0.89901,0.89718,0.89777,10323.17
2025.02.14 15:00:00,0.89778,0.89908,0.89745,0.89788,9342.52
2025.02.14 16:00:00,0.89787,0.89857,0.89766,0.89826,5754.04
2025.02.14 17:00:00,0.89827,0.89852,0.89792,0.89801,3337.76
2025.02.14 18:00:00,0.89801,0.89878,0.8979,0.89819,2479.26
2025.02.14 19:00:00,0.89819,0.89901,0.89811,0.89859,2501.07
2025.02.14 20:00:00,0.89862,0.89975,0.8986,0.89966,1616.37
2025.02.14 21:00:00,0.89966,0.8997,0.89928,0.89949,2214.61
2025.02.16 22:00:00,0.89757,0.90007,0.89744,0.8992,2020.52
2025.02.16 23:00:00,0.89918,0.90011,0.89885,0.89988,3676.5
2025.02.17 00:00:00,0.89986,0.90026,0.89966,0.9,2705.91
2025.02.17 01:00:00,0.9,0.90005,0.89913,0.89923,2965.95
2025.02.17 02:00:00,0.89921,0.89994,0.8992,0.89961,3640.65
2025.02.17 03:00:00,0.89962,0.90045,0.89947,0.90031,4323.75
2025.02.17 04:00:00,0.90031,0.90051,0.89915,0.89947,3245.52
2025.02.17 05:00:00,0.89947,0.90084,0.8992,0.90029,5276.19
2025.02.17 06:00:00,0.90029,0.90051,0.89994,0.90001,3815.3
2025.02.17 07:00:00,0.90001,0.90056,0.89982,0.89992,4810.65
2025.02.17 08:00:00,0.89992,0.90079,0.89979,0.90036,6230.82
2025.02.17 09:00:00,0.90034,0.90063,0.89968,0.90033,4256.96
2025.02.17 10:00:00,0.90031,0.90109,0.90028,0.90084,3365.26
2025.02.17 11:00:00,0.90085,0.9012,0.90042,0.90098,3697.71
2025.02.17 12:00:00,0.90099,0.90177,0.90077,0.90144,3812.99
2025.02.17 13:00:00,0.90146,0.90146,0.90088,0.90091,3319.44
2025.02.17 14:00:00,0.90091,0.90141,0.90082,0.90088,3291.34
2025.02.17 15:00:00,0.90086,0.9012,0.90036,0.90097,4493.27
2025.02.17 16:00:00,0.90097,0.90113,0.90054,0.90084,1968.94
2025.02.17 17:00:00,0.90081,0.90085,0.90021,0.90062,965.08
2025.02.17 18:00:00,0.90061,0.901,0.90051,0.90077,586.5
2025.02.17 19:00:00,0.90077,0.90101,0.90074,0.90088,1317.6
2025.02.17 20:00:00,0.90088,0.90097,0.90075,0.90083,1820.1
2025.02.17 21:00:00,0.90083,0.90083,0.90059,0.90059,1198.95
2025.02.17 22:00:00,0.90054,0.90086,0.90012,0.90081,1644.7
2025.02.17 23:00:00,0.90075,0.90109,0.90038,0.90073,1601.41
2025.02.18 00:00:00,0.90071,0.90139,0.90062,0.90134,2515.86
2025.02.18 01:00:00,0.90134,0.90211,0.90129,0.90177,3681.81
2025.02.18 02:00:00,0.90175,0.90188,0.90147,0.90167,2765.61
2025.02.18 03:00:00,0.90166,0.9023,0.90148,0.90225,3603.38
2025.02.18 04:00:00,0.90226,0.90305,0.90213,0.90286,2187.15
2025.02.18 05:00:00,0.90286,0.90341,0.90278,0.90313,2070.12
2025.02.18 06:00:00,0.90314,0.90316,0.90233,0.90251,2322.45
2025.02.18 07:00:00,0.90252,0.90258,0.901,0.90145,3666.06
2025.02.18 08:00:00,0.90145,0.90169,0.89951,0.90042,5964.83
2025.02.18 09:00:00,0.90042,0.90102,0.90017,0.90035,4193.69
2025.02.18 10:00:00,0.90035,0.9015,0.90027,0.90135,3495.75
2025.02.18 11:00:00,0.90135,0.90175,0.90121,0.90161,3008.05
2025.02.18 12:00:00,0.90162,0.90199,0.90121,0.90149,3891.48
2025.02.18 13:00:00,0.90149,0.90223,0.90131,0.90177,5675.4
2025.02.18 14:00:00,0.90175,0.90214,0.90123,0.90149,5861.41
2025.02.18 15:00:00,0.90148,0.902,0.90113,0.90157,6696.26
2025.02.18 16:00:00,0.90157,0.90251,0.9013,0.90224,3952.2
2025.02.18 17:00:00,0.90224,0.90361,0.90221,0.90333,2552.99
2025.02.18 18:00:00,0.90333,0.90408,0.90313,0.90372,2073.51
2025.02.18 19:00:00,0.90373,0.90393,0.90332,0.90356,2073.26
2025.02.18 20:00:00,0.90357,0.90396,0.90342,0.90344,1894.61
2025.02.18 21:00:00,0.90349,0.90361,0.90322,0.90322,1240.04
2025.02.18 22:00:00,0.90319,0.904,0.90218,0.90316,2252.58
2025.02.18 23:00:00,0.90315,0.90402,0.90315,0.90362,1500.33
2025.02.19 00:00:00,0.90362,0.90425,0.90335,0.90424,1994.04
2025.02.19 01:00:00,0.90423,0.90434,0.90362,0.90383,3839.7
2025.02.19 02:00:00,0.90383,0.90399,0.90329,0.90336,3314.28
2025.02.19 03:00:00,0.90338,0.90367,0.9031,0.9033,2067.21
2025.02.19 04:00:00,0.9033,0.90347,0.90304,0.9031,2361.06
2025.02.19 05:00:00,0.90311,0.90344,0.90288,0.90288,2252.94
2025.02.19 06:00:00,0.90288,0.90291,0.90245,0.90278,2369.91
2025.02.19 07:00:00,0.90279,0.9039,0.90274,0.90375,4236.88
2025.02.19 08:00:00,0.90376,0.90483,0.90367,0.90471,5682.01
2025.02.19 09:00:00,0.90472,0.90492,0.90417,0.90444,4486.4
2025.02.19 10:00:00,0.90445,0.90511,0.90378,0.90385,4145.43
2025.02.19 11:00:00,0.90382,0.90427,0.90319,0.90399,5289.09
2025.02.19 12:00:00,0.90399,0.90495,0.90377,0.90448,4160.95
2025.02.19 13:00:00,0.90443,0.90457,0.90325,0.90346,5771.23
2025.02.19 14:00:00,0.90349,0.90357,0.90232,0.90281,7767.18
2025.02.19 15:00:00,0.90282,0.90388,0.90268,0.90367,8574.69
2025.02.19 16:00:00,0.90368,0.90539,0.90366,0.90537,4539.38
2025.02.19 17:00:00,0.90537,0.90544,0.90454,0.90484,2215.33
2025.02.19 18:00:00,0.90484,0.90492,0.90393,0.90403,2381.33
2025.02.19 19:00:00,0.90407,0.90419,0.90309,0.90379,3503.42
2025.02.19 20:00:00,0.90382,0.90424,0.9037,0.90418,1927.29
2025.02.19 21:00:00,0.90419,0.90459,0.90401,0.9044,1328.67
2025.02.19 22:00:00,0.90441,0.90441,0.90245,0.904,636.9
2025.02.19 23:00:00,0.904,0.9046,0.90383,0.90459,1218.83
2025.02.20 00:00:00,0.90458,0.90459,0.90344,0.90358,3084.55
2025.02.20 01:00:00,0.90356,0.90401,0.90304,0.90364,4783.23
2025.02.20 02:00:00,0.90364,0.90368,0.90263,0.90287,4996.17
2025.02.20 03:00:00,0.90287,0.90315,0.90267,0.90294,3379.32
2025.02.20 04:00:00,0.90293,0.90316,0.90267,0.9027,3662.34
2025.02.20 05:00:00,0.90272,0.90286,0.90243,0.9026,2897.22
2025.02.20 06:00:00,0.90259,0.90261,0.90205,0.90257,3145.77
2025.02.20 07:00:00,0.90255,0.9029,0.90236,0.9026,4833.94
2025.02.20 08:00:00,0.9026,0.90284,0.90207,0.90227,6753.17
2025.02.20 09:00:00,0.90228,0.90266,0.90195,0.90202,4389.49
2025.02.20 10:00:00,0.90203,0.90221,0.90165,0.90189,3779.46
2025.02.20 11:00:00,0.90189,0.90304,0.90174,0.9023,3501.14
2025.02.20 12:00:00,0.90231,0.90277,0.90195,0.90277,5922.17
2025.02.20 13:00:00,0.90278,0.90285,0.90092,0.902,7313.98
2025.02.20 14:00:00,0.90199,0.90264,0.90113,0.90143,8710.87
2025.02.20 15:00:00,0.90144,0.90201,0.89955,0.89964,9881.54
2025.02.20 16:00:00,0.89966,0.90031,0.89901,0.89925,5374.96
2025.02.20 17:00:00,0.89924,0.89947,0.89807,0.89831,3898.32
2025.02.20 18:00:00,0.89832,0.89863,0.89754,0.8978,3455.4
2025.02.20 19:00:00,0.8978,0.8983,0.89757,0.89763,2412.6
2025.02.20 20:00:00,0.89765,0.89811,0.89765,0.89771,1527.81
2025.02.20 21:00:00,0.89771,0.89792,0.89759,0.89783,1626.58
2025.02.20 22:00:00,0.89781,0.89821,0.89755,0.89772,1263.18
2025.02.20 23:00:00,0.89772,0.89819,0.89758,0.89816,2067.06
2025.02.21 00:00:00,0.89815,0.89873,0.89806,0.89859,2185.23
2025.02.21 01:00:00,0.89857,0.89953,0.89849,0.89923,3629.43
2025.02.21 02:00:00,0.89922,0.89923,0.89819,0.89819,5142.01
2025.02.21 03:00:00,0.89818,0.89826,0.89796,0.89808,4311.87
2025.02.21 04:00:00,0.8981,0.8982,0.89772,0.89811,1833.18
2025.02.21 05:00:00,0.89811,0.89887,0.89796,0.89874,2435.55
2025.02.21 06:00:00,0.89877,0.89936,0.8987,0.89919,2971.32
2025.02.21 07:00:00,0.89918,0.89918,0.89784,0.89805,5241.21
2025.02.21 08:00:00,0.89806,0.89941,0.8979,0.89805,9625.42
2025.02.21 09:00:00,0.89806,0.89903,0.89705,0.89891,5822.88
2025.02.21 10:00:00,0.8989,0.89924,0.89843,0.89896,4008.26
2025.02.21 11:00:00,0.89896,0.89925,0.89816,0.89867,2949.68
2025.02.21 12:00:00,0.89866,0.89998,0.89858,0.89991,4090.89
2025.02.21 13:00:00,0.89989,0.90046,0.89938,0.89953,5481.51
2025.02.21 14:00:00,0.89956,0.90014,0.89791,0.89814,9192.88
2025.02.21 15:00:00,0.8983,0.90034,0.89786,0.89958,11171.32
2025.02.21 16:00:00,0.89957,0.89975,0.89864,0.899,4997.23
2025.02.21 17:00:00,0.899,0.899,0.89742,0.89756,3152.06
2025.02.21 18:00:00,0.89755,0.89796,0.89696,0.8978,4729.36
2025.02.21 19:00:00,0.8978,0.89789,0.89675,0.89721,3710.79
2025.02.21 20:00:00,0.89721,0.89742,0.89699,0.89711,2292.62
2025.02.21 21:00:00,0.89711,0.89792,0.89708,0.89755,1732.92
2025.02.23 22:00:00,0.8969,0.89849,0.89661,0.89731,4827.15
2025.02.23 23:00:00,0.89707,0.89849,0.89654,0.89846,2864.84
2025.02.24 00:00:00,0.89846,0.89849,0.89645,0.89652,3908.06
2025.02.24 01:00:00,0.89654,0.8971,0.89578,0.89587,5787.81
2025.02.24 02:00:00,0.89588,0.89636,0.89533,0.89566,5166.93
2025.02.24 03:00:00,0.89568,0.89591,0.89542,0.89555,3898.59
2025.02.24 04:00:00,0.89555,0.8962,0.89544,0.89588,2550.27
2025.02.24 05:00:00,0.89589,0.89623,0.89587,0.89615,3767.04
2025.02.24 06:00:00,0.89615,0.89714,0.89609,0.89671,3294.22
2025.02.24 07:00:00,0.89668,0.89711,0.89612,0.89706,6369.13
2025.02.24 08:00:00,0.89705,0.89777,0.89662,0.89764,7925.02
2025.02.24 09:00:00,0.89764,0.89933,0.89739,0.89915,4618.29
2025.02.24 10:00:00,0.89915,0.89945,0.89856,0.89856,4280.28
2025.02.24 11:00:00,0.89854,0.89978,0.89846,0.89956,3750.86
2025.02.24 12:00:00,0.89956,0.89974,0.89906,0.89915,3774.21
2025.02.24 13:00:00,0.89913,0.89957,0.89853,0.89861,5827.17
2025.02.24 14:00:00,0.89861,0.8989,0.8978,0.89789,8091.86
2025.02.24 15:00:00,0.89789,0.89797,0.89615,0.89687,10308.61
2025.02.24 16:00:00,0.89689,0.89751,0.89655,0.89663,4730.84
2025.02.24 17:00:00,0.89663,0.89727,0.89646,0.89689,3945.23
2025.02.24 18:00:00,0.89691,0.89699,0.89589,0.89626,2480.54
2025.02.24 19:00:00,0.89627,0.89675,0.89603,0.89657,2245.53
2025.02.24 20:00:00,0.89657,0.89716,0.8964,0.89715,2748.27
2025.02.24 21:00:00,0.89717,0.89745,0.89696,0.89696,1709.76
2025.02.24 22:00:00,0.89696,0.89732,0.8964,0.89675,851.44
2025.02.24 23:00:00,0.89667,0.89769,0.89658,0.89733,1247.37
2025.02.25 00:00:00,0.8973,0.89775,0.89716,0.89744,2033.44
2025.02.25 01:00:00,0.89742,0.89771,0.89715,0.89741,3117.33
2025.02.25 02:00:00,0.89743,0.89762,0.8969,0.89699,3273.39
2025.02.25 03:00:00,0.89699,0.89723,0.89691,0.8971,2282.64
2025.02.25 04:00:00,0.89709,0.89715,0.89686,0.89708,2074.23
2025.02.25 05:00:00,0.89708,0.89716,0.89694,0.89707,3194.01
2025.02.25 06:00:00,0.89708,0.89739,0.89655,0.89711,2538.63
2025.02.25 07:00:00,0.89711,0.89729,0.8963,0.89667,5646.09
2025.02.25 08:00:00,0.89667,0.89713,0.89623,0.89641,7168.25
2025.02.25 09:00:00,0.89641,0.89691,0.89616,0.89622,4646.05
2025.02.25 10:00:00,0.89619,0.89691,0.89596,0.89625,4152.85
2025.02.25 11:00:00,0.89626,0.89635,0.8949,0.89508,3680.25
2025.02.25 12:00:00,0.8951,0.89512,0.89333,0.89396,6318.01
2025.02.25 13:00:00,0.89395,0.89431,0.89293,0.89366,5990.49
2025.02.25 14:00:00,0.89365,0.89415,0.89291,0.89359,6528.33
2025.02.25 15:00:00,0.89348,0.8938,0.89118,0.89343,11358.98
2025.02.25 16:00:00,0.89344,0.8935,0.89184,0.89282,7473.68
2025.02.25 17:00:00,0.8928,0.89367,0.89233,0.89245,3887.53
2025.02.25 18:00:00,0.89245,0.89286,0.89202,0.89277,3746.79
2025.02.25 19:00:00,0.89277,0.89289,0.89225,0.89254,2598.18
2025.02.25 20:00:00,0.89253,0.89284,0.89231,0.89252,1956.15
2025.02.25 21:00:00,0.89254,0.89288,0.89238,0.89285,1326.39
2025.02.25 22:00:00,0.89274,0.89301,0.89188,0.89196,272.22
2025.02.25 23:00:00,0.89214,0.89297,0.89205,0.89238,1479.09
2025.02.26 00:00:00,0.89236,0.89244,0.89161,0.89184,2831.33
2025.02.26 01:00:00,0.89184,0.89266,0.89159,0.8926,3900.99
2025.02.26 02:00:00,0.89258,0.89356,0.89247,0.89352,3348.72
2025.02.26 03:00:00,0.89351,0.89357,0.8931,0.8935,2247
2025.02.26 04:00:00,0.89351,0.89401,0.89345,0.89397,2437.23
2025.02.26 05:00:00,0.89398,0.89466,0.89398,0.89463,2389.86
2025.02.26 06:00:00,0.89464,0.89509,0.89454,0.89503,2091.78
2025.02.26 07:00:00,0.89501,0.89508,0.89402,0.89436,5019.45
2025.02.26 08:00:00,0.89436,0.89459,0.89357,0.89418,5879.34
2025.02.26 09:00:00,0.89417,0.89513,0.89407,0.89464,4539.72
2025.02.26 10:00:00,0.89463,0.89535,0.89439,0.89532,4766.64
2025.02.26 11:00:00,0.89532,0.89606,0.89492,0.89576,4425.25
2025.02.26 12:00:00,0.89577,0.89645,0.89528,0.89633,4765.14
2025.02.26 13:00:00,0.89633,0.89636,0.89434,0.89485,6700.41
2025.02.26 14:00:00,0.89485,0.89528,0.89354,0.89446,8383.27
2025.02.26 15:00:00,0.89445,0.89593,0.89348,0.89363,10171.31
2025.02.26 16:00:00,0.89362,0.89403,0.89289,0.89303,5960.67
2025.02.26 17:00:00,0.89304,0.89444,0.89244,0.89413,7881.84
2025.02.26 18:00:00,0.89413,0.89413,0.8929,0.89371,4499.73
2025.02.26 19:00:00,0.89371,0.89414,0.89362,0.89378,3268.32
2025.02.26 20:00:00,0.89378,0.89437,0.89375,0.89408,2914.92
2025.02.26 21:00:00,0.89409,0.89486,0.89394,0.89461,2529.46
2025.02.26 22:00:00,0.89458,0.89458,0.89381,0.89388,295.43
2025.02.26 23:00:00,0.89388,0.89446,0.89381,0.89446,1350.31
2025.02.27 00:00:00,0.89447,0.895,0.89443,0.89497,2223.63
2025.02.27 01:00:00,0.89496,0.89532,0.89476,0.89508,3018.34
2025.02.27 02:00:00,0.89509,0.896,0.89501,0.89596,2561.46
2025.02.27 03:00:00,0.89595,0.89662,0.89591,0.89655,1454.04
2025.02.27 04:00:00,0.89655,0.89736,0.89641,0.89682,2827.59
2025.02.27 05:00:00,0.89682,0.89707,0.89661,0.89699,3147.66
2025.02.27 06:00:00,0.89699,0.89699,0.89608,0.89612,3197.97
2025.02.27 07:00:00,0.89619,0.89646,0.8958,0.89635,5230.27
2025.02.27 08:00:00,0.89642,0.89756,0.89625,0.89708,6266.11
2025.02.27 09:00:00,0.89705,0.8978,0.89645,0.89751,5067.28
2025.02.27 10:00:00,0.89753,0.89867,0.8975,0.89801,5288.88
2025.02.27 11:00:00,0.89801,0.89868,0.89744,0.89868,3986.64
2025.02.27 12:00:00,0.89869,0.89891,0.89719,0.89775,5552.5
2025.02.27 13:00:00,0.89777,0.90015,0.89643,0.89997,14467.69
2025.02.27 14:00:00,0.89997,0.90051,0.89911,0.89931,14974.72
2025.02.27 15:00:00,0.8993,0.89956,0.89765,0.89914,10925.56
2025.02.27 16:00:00,0.89913,0.89964,0.89799,0.89812,6712.83
2025.02.27 17:00:00,0.89812,0.89968,0.89805,0.89923,3659.92
2025.02.27 18:00:00,0.89923,0.89962,0.89887,0.89927,2911.57
2025.02.27 19:00:00,0.89926,0.89965,0.89916,0.8996,2474.94
2025.02.27 20:00:00,0.8996,0.89971,0.89904,0.89918,2500.56
2025.02.27 21:00:00,0.89921,0.89974,0.89921,0.89951,1469.19
2025.02.27 22:00:00,0.89947,0.89985,0.89908,0.89928,262.62
2025.02.27 23:00:00,0.89933,0.9001,0.89929,0.90006,1699.81
2025.02.28 00:00:00,0.90006,0.9001,0.89842,0.89844,3473.64
2025.02.28 01:00:00,0.89845,0.89907,0.89822,0.89885,4195.65
2025.02.28 02:00:00,0.89885,0.89929,0.89864,0.89925,3991.21
2025.02.28 03:00:00,0.89923,0.89928,0.89865,0.89895,2240.9
2025.02.28 04:00:00,0.89896,0.89938,0.89879,0.89912,2509.53
2025.02.28 05:00:00,0.89911,0.89937,0.89897,0.89926,2076.57
2025.02.28 06:00:00,0.89927,0.89992,0.89921,0.89971,2550.69
2025.02.28 07:00:00,0.89967,0.90223,0.89963,0.90162,6426.59
2025.02.28 08:00:00,0.90164,0.90201,0.90073,0.90121,6164.68
2025.02.28 09:00:00,0.90119,0.902,0.90048,0.90185,5838.1
2025.02.28 10:00:00,0.90185,0.9028,0.90176,0.90278,4743.49
2025.02.28 11:00:00,0.90283,0.90311,0.90243,0.90268,3318.12
2025.02.28 12:00:00,0.90269,0.90269,0.90117,0.90163,3455.29
2025.02.28 13:00:00,0.90163,0.90258,0.90149,0.90199,8171.54
2025.02.28 14:00:00,0.90201,0.90299,0.90142,0.90238,8659.38
2025.02.28 15:00:00,0.90238,0.90275,0.90133,0.90222,11060.35
2025.02.28 16:00:00,0.90221,0.90268,0.90127,0.90189,9572.24
2025.02.28 17:00:00,0.90189,0.90203,0.90093,0.90186,4670.3
2025.02.28 18:00:00,0.90185,0.90318,0.90157,0.90311,7512.82
2025.02.28 19:00:00,0.90311,0.90353,0.90286,0.90345,4667.59
2025.02.28 20:00:00,0.90344,0.90357,0.90271,0.90275,3987.54
2025.02.28 21:00:00,0.90276,0.90336,0.90243,0.90243,2360.38
2025.03.02 22:00:00,0.9021,0.90281,0.9021,0.90247,541.76
2025.03.02 23:00:00,0.9024,0.90297,0.9021,0.90262,3706.4
2025.03.03 00:00:00,0.90263,0.90298,0.90189,0.90222,5203.32
2025.03.03 01:00:00,0.90221,0.90259,0.90192,0.90203,3573.69
2025.03.03 02:00:00,0.90202,0.90214,0.90151,0.9016,3103.71
2025.03.03 03:00:00,0.90159,0.90191,0.9015,0.90171,3342.09
2025.03.03 04:00:00,0.90172,0.90174,0.90146,0.90156,3497.67
2025.03.03 05:00:00,0.90154,0.90223,0.90154,0.90202,1866.6
2025.03.03 06:00:00,0.90203,0.90258,0.9018,0.9023,2920.23
2025.03.03 07:00:00,0.90228,0.90308,0.90157,0.90161,5004.47
2025.03.03 08:00:00,0.9016,0.90185,0.90116,0.90122,5275.86
2025.03.03 09:00:00,0.90122,0.90126,0.90025,0.90079,4643.37
2025.03.03 10:00:00,0.901,0.90154,0.90093,0.90146,925
2025.03.03 11:00:00,0.90165,0.90171,0.90068,0.90155,5595.52
2025.03.03 12:00:00,0.90155,0.90174,0.90021,0.90064,5768.08
2025.03.03 13:00:00,0.90064,0.90095,0.89953,0.8998,6776.43
2025.03.03 14:00:00,0.89978,0.89978,0.89804,0.89831,8983.34
2025.03.03 15:00:00,0.89841,0.89859,0.89702,0.89832,14592.04
2025.03.03 16:00:00,0.89829,0.89849,0.8969,0.89717,6735.03
2025.03.03 17:00:00,0.89719,0.89742,0.89672,0.89676,3569.97
2025.03.03 18:00:00,0.89677,0.89727,0.89607,0.89717,5047.55
2025.03.03 19:00:00,0.89717,0.89779,0.89697,0.89746,5615.16
2025.03.03 20:00:00,0.89746,0.89772,0.896,0.89645,8180.62
2025.03.03 21:00:00,0.89648,0.89678,0.89633,0.89668,4105.05
2025.03.03 22:00:00,0.89664,0.8967,0.89624,0.89641,536.78
2025.03.03 23:00:00,0.89642,0.89698,0.89627,0.8968,1960.08
2025.03.04 00:00:00,0.89681,0.89713,0.89616,0.89624,3543.33
2025.03.04 01:00:00,0.89624,0.89636,0.89456,0.89578,4874.12
2025.03.04 02:00:00,0.89577,0.89649,0.89566,0.89643,3542.46
2025.03.04 03:00:00,0.89645,0.89664,0.89578,0.89657,3797.88
2025.03.04 04:00:00,0.89658,0.89673,0.89577,0.89585,2966.97
2025.03.04 05:00:00,0.89586,0.89619,0.89568,0.89594,4130.52
2025.03.04 06:00:00,0.89594,0.89597,0.89544,0.89555,3054.78
2025.03.04 07:00:00,0.89551,0.89593,0.89422,0.89509,7357.23
2025.03.04 08:00:00,0.89509,0.89511,0.89158,0.89231,12783.68
2025.03.04 09:00:00,0.89233,0.8926,0.89047,0.89145,7954.61
2025.03.04 10:00:00,0.89145,0.89206,0.89099,0.89155,6377.18
2025.03.04 11:00:00,0.89156,0.89183,0.8896,0.88964,8517.06
2025.03.04 12:00:00,0.88964,0.88964,0.88719,0.88744,9619.93
2025.03.04 13:00:00,0.88744,0.89066,0.88713,0.88899,12353.51
2025.03.04 14:00:00,0.88898,0.89126,0.88863,0.88981,16916.31
2025.03.04 15:00:00,0.8898,0.89121,0.88861,0.89034,16098.75
2025.03.04 16:00:00,0.89034,0.89046,0.88955,0.89001,10245.84
2025.03.04 17:00:00,0.89001,0.89053,0.88933,0.88978,5737.29
2025.03.04 18:00:00,0.88978,0.89009,0.88834,0.88873,8902.48
2025.03.04 19:00:00,0.88874,0.88945,0.88807,0.88904,5684.71
2025.03.04 20:00:00,0.88903,0.88937,0.88812,0.88854,5735.78
2025.03.04 21:00:00,0.88853,0.88964,0.8881,0.88903,5143.78
2025.03.04 22:00:00,0.88903,0.88953,0.88816,0.88893,561.56
2025.03.04 23:00:00,0.88891,0.89028,0.88879,0.8899,2395.55
2025.03.05 00:00:00,0.8899,0.89032,0.8897,0.89009,3753.12
2025.03.05 01:00:00,0.89009,0.89094,0.88982,0.89083,5507.7
2025.03.05 02:00:00,0.89082,0.89121,0.89029,0.89106,4242.75
2025.03.05 03:00:00,0.89108,0.89126,0.89078,0.8908,4232.58
2025.03.05 04:00:00,0.89079,0.89083,0.89031,0.89074,2269.92
2025.03.05 05:00:00,0.89073,0.89073,0.88948,0.8895,2733.5
2025.03.05 06:00:00,0.8895,0.88966,0.88896,0.88904,3726.29
2025.03.05 07:00:00,0.88905,0.8898,0.88709,0.88767,8993.61
2025.03.05 08:00:00,0.88767,0.88869,0.88645,0.88671,9689.78
2025.03.05 09:00:00,0.8867,0.88675,0.88556,0.8857,8914.54
2025.03.05 10:00:00,0.88572,0.8875,0.88564,0.88683,6399.64
2025.03.05 11:00:00,0.88681,0.88934,0.88676,0.88911,6286.91
2025.03.05 12:00:00,0.88912,0.88958,0.88795,0.88958,8406.96
2025.03.05 13:00:00,0.88957,0.89003,0.8868,0.88813,14636.99
2025.03.05 14:00:00,0.88814,0.8892,0.88703,0.88735,15053.08
2025.03.05 15:00:00,0.88737,0.89034,0.88737,0.88845,18106.12
2025.03.05 16:00:00,0.88847,0.89056,0.88749,0.88996,12431.05
2025.03.05 17:00:00,0.88996,0.89119,0.8895,0.89072,9083.12
2025.03.05 18:00:00,0.89072,0.89127,0.89035,0.89057,9473.51
2025.03.05 19:00:00,0.89057,0.89137,0.89028,0.89038,4708.98
2025.03.05 20:00:00,0.89038,0.89142,0.89028,0.89062,3201.51
2025.03.05 21:00:00,0.89061,0.89129,0.89036,0.89063,2837.98
2025.03.05 22:00:00,0.89055,0.89073,0.8897,0.89066,295.5
2025.03.05 23:00:00,0.8907,0.89088,0.89026,0.8907,1971.31
2025.03.06 00:00:00,0.89071,0.89136,0.89049,0.89066,3243.78
2025.03.06 01:00:00,0.89065,0.89123,0.88944,0.8903,4118.46
2025.03.06 02:00:00,0.8903,0.89157,0.8902,0.89154,4549.29
2025.03.06 03:00:00,0.89157,0.89238,0.89146,0.89232,3856.66
2025.03.06 04:00:00,0.89233,0.89254,0.89073,0.89076,2947.05
2025.03.06 05:00:00,0.89075,0.8917,0.89072,0.89076,4221.85
2025.03.06 06:00:00,0.89076,0.89125,0.88964,0.89,5561.37
2025.03.06 07:00:00,0.89001,0.89024,0.88762,0.88906,9036.16
2025.03.06 08:00:00,0.88906,0.88981,0.88674,0.88815,13661.61
2025.03.06 09:00:00,0.88817,0.88836,0.88571,0.88599,8275
2025.03.06 10:00:00,0.886,0.88813,0.88535,0.88676,6121.68
2025.03.06 11:00:00,0.88675,0.88695,0.88517,0.88527,5249.72
2025.03.06 12:00:00,0.8853,0.88721,0.88494,0.88674,6596.85
2025.03.06 13:00:00,0.88676,0.88691,0.8845,0.88479,15914.65
2025.03.06 14:00:00,0.88479,0.88505,0.88272,0.8829,16095.95
2025.03.06 15:00:00,0.88291,0.88692,0.88281,0.88598,14683.15
2025.03.06 16:00:00,0.88599,0.88612,0.88384,0.88409,11330.81
2025.03.06 17:00:00,0.8841,0.88465,0.88289,0.88447,8037.14
2025.03.06 18:00:00,0.88448,0.8845,0.88276,0.88357,6161.08
2025.03.06 19:00:00,0.88357,0.88357,0.88251,0.88261,4967.08
2025.03.06 20:00:00,0.88262,0.88337,0.88253,0.88328,3835.23
2025.03.06 21:00:00,0.88327,0.88418,0.88324,0.8836,1938.78
2025.03.06 22:00:00,0.88354,0.88406,0.88275,0.88302,824.81
2025.03.06 23:00:00,0.88303,0.88356,0.88292,0.88333,1574.14
2025.03.07 00:00:00,0.88335,0.88339,0.88224,0.8824,2750.02
2025.03.07 01:00:00,0.88239,0.88312,0.88212,0.8827,3186.03
2025.03.07 02:00:00,0.88271,0.88295,0.88223,0.88239,3375.9
2025.03.07 03:00:00,0.88238,0.8824,0.88141,0.88222,2983.23
2025.03.07 04:00:00,0.88222,0.88254,0.88199,0.88214,1743.78
2025.03.07 05:00:00,0.88213,0.88245,0.88135,0.88136,2280.24
2025.03.07 06:00:00,0.88135,0.88188,0.88109,0.88129,2858.55
2025.03.07 07:00:00,0.88129,0.88149,0.8794,0.88044,5151.12
2025.03.07 08:00:00,0.88047,0.88083,0.8775,0.87782,7336.08
2025.03.07 09:00:00,0.87782,0.87874,0.87666,0.87853,6236.4
2025.03.07 10:00:00,0.87852,0.87877,0.87774,0.87805,5515.75
2025.03.07 11:00:00,0.87805,0.87959,0.87805,0.87949,3920.75
2025.03.07 12:00:00,0.87948,0.8802,0.87921,0.87996,4810.8
2025.03.07 13:00:00,0.87995,0.88188,0.8779,0.87916,18831.93
2025.03.07 14:00:00,0.87918,0.87978,0.87697,0.87917,17772.12
2025.03.07 15:00:00,0.87918,0.88027,0.8781,0.87882,18251.97
2025.03.07 16:00:00,0.87883,0.87938,0.87692,0.87735,11377.12
2025.03.07 17:00:00,0.87733,0.87996,0.87676,0.87899,8494.87
2025.03.07 18:00:00,0.87901,0.88104,0.87893,0.88011,6978.13
2025.03.07 19:00:00,0.88011,0.88077,0.87944,0.87998,4922.73
2025.03.07 20:00:00,0.87999,0.88023,0.87933,0.8798,2840.5
2025.03.07 21:00:00,0.87982,0.88015,0.87923,0.87923,1753.24
2025.03.09 21:00:00,0.87821,0.88034,0.87821,0.87981,1654.14
2025.03.09 22:00:00,0.87974,0.87974,0.87782,0.87787,3460.21
2025.03.09 23:00:00,0.87785,0.8779,0.87668,0.8773,3104.61
2025.03.10 00:00:00,0.87728,0.87785,0.87649,0.87685,4320.84
2025.03.10 01:00:00,0.87684,0.87812,0.87653,0.87812,3047.73
2025.03.10 02:00:00,0.87813,0.8788,0.87797,0.87871,2381.58
2025.03.10 03:00:00,0.87876,0.87893,0.87843,0.8787,1948.77
2025.03.10 04:00:00,0.87869,0.87877,0.87841,0.87875,1657.08
2025.03.10 05:00:00,0.87876,0.87909,0.87827,0.87827,2393.64
2025.03.10 06:00:00,0.87828,0.8788,0.8779,0.87866,2968.62
2025.03.10 07:00:00,0.87866,0.87996,0.87846,0.87976,4787.73
2025.03.10 08:00:00,0.87976,0.88029,0.87818,0.87872,7364.74
2025.03.10 09:00:00,0.87871,0.87879,0.87678,0.87709,7137.72
2025.03.10 10:00:00,0.87709,0.87753,0.87618,0.87683,5827.34
2025.03.10 11:00:00,0.87684,0.87812,0.87613,0.87668,8717.77
2025.03.10 12:00:00,0.87669,0.87715,0.87578,0.87707,6847.57
2025.03.10 13:00:00,0.87707,0.8789,0.87667,0.87862,9135.6
2025.03.10 14:00:00,0.87861,0.87885,0.87743,0.87785,11840.69
2025.03.10 15:00:00,0.87785,0.8816,0.8776,0.88121,8983.69
2025.03.10 16:00:00,0.88121,0.88189,0.88038,0.88162,6982.62
2025.03.10 17:00:00,0.88162,0.88164,0.88057,0.8813,4725.07
2025.03.10 18:00:00,0.88132,0.88213,0.88115,0.88122,5199.5
2025.03.10 19:00:00,0.88123,0.88202,0.88079,0.88137,3623.58
2025.03.10 20:00:00,0.88136,0.88157,0.88069,0.8807,1245.23
2025.03.10 21:00:00,0.88043,0.88118,0.87932,0.88023,332.01
2025.03.10 22:00:00,0.88015,0.8808,0.88015,0.88061,1394.05
2025.03.10 23:00:00,0.8806,0.88061,0.87976,0.87997,2117.01
2025.03.11 00:00:00,0.87998,0.88019,0.87778,0.87813,4433.85
2025.03.11 01:00:00,0.87812,0.87838,0.87725,0.87745,4835.34
2025.03.11 02:00:00,0.87746,0.87896,0.87737,0.87851,3872.13
2025.03.11 03:00:00,0.87853,0.87964,0.87849,0.87918,2697.96
2025.03.11 04:00:00,0.87918,0.87929,0.87863,0.87893,2030.94
2025.03.11 05:00:00,0.87891,0.88007,0.87876,0.87994,2183.31
2025.03.11 06:00:00,0.8799,0.88048,0.87966,0.87994,4902.27
2025.03.11 07:00:00,0.87998,0.88026,0.87794,0.8788,7730.82
2025.03.11 08:00:00,0.8788,0.8811,0.87864,0.88043,8508.87
2025.03.11 09:00:00,0.88043,0.88143,0.88031,0.88113,6589.3
2025.03.11 10:00:00,0.88114,0.88253,0.88097,0.88204,5871.12
2025.03.11 11:00:00,0.88203,0.88242,0.88152,0.88187,5580.55
2025.03.11 12:00:00,0.88186,0.88201,0.87978,0.88045,7222.58
2025.03.11 13:00:00,0.88048,0.88089,0.8791,0.87986,11484.25
2025.03.11 14:00:00,0.87986,0.88156,0.87864,0.87924,20366.92
2025.03.11 15:00:00,0.87924,0.88049,0.87895,0.87997,15934.42
2025.03.11 16:00:00,0.87997,0.88129,0.87972,0.88098,8753.23
2025.03.11 17:00:00,0.88098,0.88115,0.87995,0.88006,6112.5
2025.03.11 18:00:00,0.88003,0.88248,0.87994,0.88229,8307.34
2025.03.11 19:00:00,0.88228,0.88241,0.88146,0.88209,6938.03
2025.03.11 20:00:00,0.88208,0.88349,0.88207,0.88247,1809.36
2025.03.11 21:00:00,0.8822,0.88276,0.88119,0.88256,614.87
2025.03.11 22:00:00,0.88256,0.88312,0.88238,0.88298,1034.7
2025.03.11 23:00:00,0.88298,0.88352,0.88269,0.88335,1389.23
2025.03.12 00:00:00,0.88335,0.8836,0.88321,0.88354,2252.79
2025.03.12 01:00:00,0.88353,0.88356,0.88278,0.88336,2280.36
2025.03.12 02:00:00,0.88336,0.88357,0.883,0.88356,1695.01
2025.03.12 03:00:00,0.88355,0.88379,0.88338,0.88367,1380.93
2025.03.12 04:00:00,0.88367,0.88393,0.88348,0.88361,1242.3
2025.03.12 05:00:00,0.88362,0.88398,0.88339,0.88342,1559.19
2025.03.12 06:00:00,0.88344,0.88352,0.88295,0.88318,2033.55
2025.03.12 07:00:00,0.88317,0.88319,0.88206,0.88273,3961.24
2025.03.12 08:00:00,0.88275,0.88298,0.88148,0.88166,6205.17
2025.03.12 09:00:00,0.88166,0.88385,0.8815,0.88358,4015.24
2025.03.12 10:00:00,0.88359,0.88374,0.88217,0.8822,3215.39
2025.03.12 11:00:00,0.88219,0.88261,0.88175,0.88251,2860.1
2025.03.12 12:00:00,0.88251,0.88401,0.87992,0.88364,14851.59
2025.03.12 13:00:00,0.88364,0.88458,0.88297,0.88343,11521.76
2025.03.12 14:00:00,0.88342,0.88519,0.88257,0.88264,10361.18
2025.03.12 15:00:00,0.88265,0.88341,0.8823,0.88271,6698.22
2025.03.12 16:00:00,0.88272,0.88323,0.88232,0.88279,4644.78
2025.03.12 17:00:00,0.88278,0.8829,0.88162,0.88198,2907.96
2025.03.12 18:00:00,0.88198,0.88258,0.88187,0.88225,2824.67
2025.03.12 19:00:00,0.88227,0.88244,0.88186,0.88195,1918.62
2025.03.12 20:00:00,0.88194,0.88204,0.88137,0.88137,1103.52
2025.03.12 21:00:00,0.88149,0.8818,0.88112,0.88149,206.43
2025.03.12 22:00:00,0.88149,0.88174,0.88139,0.88144,556.95
2025.03.12 23:00:00,0.88146,0.88197,0.88142,0.88178,829.86
2025.03.13 00:00:00,0.88178,0.88194,0.88114,0.88115,1325.65
2025.03.13 01:00:00,0.88117,0.88169,0.88091,0.88149,2143.5
2025.03.13 02:00:00,0.88149,0.88151,0.88097,0.88132,1543.26
2025.03.13 03:00:00,0.88131,0.88172,0.88126,0.88154,1742.64
2025.03.13 04:00:00,0.88155,0.88199,0.88132,0.88133,1541.61
2025.03.13 05:00:00,0.88135,0.88199,0.88131,0.8815,2343.48
2025.03.13 06:00:00,0.88151,0.88243,0.88031,0.88234,3736.39
2025.03.13 07:00:00,0.88235,0.88301,0.88122,0.8815,5101.72
2025.03.13 08:00:00,0.8815,0.88188,0.88087,0.8815,4843.6
2025.03.13 09:00:00,0.88151,0.88291,0.88134,0.88212,3009.88
2025.03.13 10:00:00,0.8821,0.88303,0.88183,0.8827,3702.73
2025.03.13 11:00:00,0.88271,0.88299,0.88192,0.88267,5221.69
2025.03.13 12:00:00,0.88268,0.88398,0.88066,0.88384,9373.33
2025.03.13 13:00:00,0.88382,0.88479,0.88319,0.88388,7373.32
2025.03.13 14:00:00,0.88388,0.88446,0.88308,0.88397,7896.93
2025.03.13 15:00:00,0.88397,0.88544,0.88395,0.88487,9088.03
2025.03.13 16:00:00,0.88488,0.88525,0.88395,0.8845,5524.79
2025.03.13 17:00:00,0.88447,0.88491,0.88322,0.88384,4265.75
2025.03.13 18:00:00,0.88384,0.88395,0.88289,0.88306,3334.76
2025.03.13 19:00:00,0.88305,0.88329,0.88283,0.88329,2369.73
2025.03.13 20:00:00,0.88329,0.8834,0.88174,0.88197,1889.33
2025.03.13 21:00:00,0.88214,0.88215,0.88133,0.88162,196.13
2025.03.13 22:00:00,0.88162,0.88275,0.88139,0.8827,826.66
2025.03.13 23:00:00,0.88269,0.88296,0.8826,0.88265,718.03
2025.03.14 00:00:00,0.88264,0.88322,0.88211,0.88321,2263.14
2025.03.14 01:00:00,0.88322,0.88382,0.88316,0.88381,2135.82
2025.03.14 02:00:00,0.88381,0.88452,0.88378,0.88416,2342.79
2025.03.14 03:00:00,0.88419,0.88434,0.88364,0.88399,2574.96
2025.03.14 04:00:00,0.88399,0.88429,0.88381,0.88399,1693.57
2025.03.14 05:00:00,0.88399,0.88413,0.88333,0.88349,2240.65
2025.03.14 06:00:00,0.8835,0.88433,0.88344,0.8842,2775.39
2025.03.14 07:00:00,0.88417,0.88457,0.88379,0.88409,4201.41
2025.03.14 08:00:00,0.88408,0.88408,0.88293,0.88357,5063.58
2025.03.14 09:00:00,0.88358,0.88466,0.88358,0.88455,4015.03
2025.03.14 10:00:00,0.88453,0.88489,0.88334,0.88406,6079.34
2025.03.14 11:00:00,0.88407,0.88522,0.88391,0.88499,5523.73
2025.03.14 12:00:00,0.88499,0.88586,0.88452,0.88523,7414.6
2025.03.14 13:00:00,0.88523,0.88637,0.88481,0.88574,7620.95
2025.03.14 14:00:00,0.88574,0.88586,0.88467,0.88543,11050.03
2025.03.14 15:00:00,0.88543,0.88593,0.88501,0.88546,7530.51
2025.03.14 16:00:00,0.88546,0.88555,0.88416,0.88457,4018.63
2025.03.14 17:00:00,0.88457,0.88508,0.88431,0.88491,2127.25
2025.03.14 18:00:00,0.88493,0.88526,0.88469,0.8851,1700.12
2025.03.14 19:00:00,0.88511,0.88514,0.88488,0.88501,1129.75
2025.03.14 20:00:00,0.88501,0.88512,0.88466,0.88466,2848.81
2025.03.16 21:00:00,0.88447,0.88487,0.88333,0.88413,650.1
2025.03.16 22:00:00,0.88411,0.88524,0.88394,0.88409,2511.6
2025.03.16 23:00:00,0.88408,0.88419,0.88375,0.88413,1501.71
2025.03.17 00:00:00,0.88412,0.88459,0.88378,0.88447,1477.74
2025.03.17 01:00:00,0.88448,0.88474,0.8838,0.88425,2390.1
2025.03.17 02:00:00,0.88427,0.88434,0.88395,0.88407,1574.97
2025.03.17 03:00:00,0.88408,0.88434,0.88378,0.88417,1503.87
2025.03.17 04:00:00,0.88413,0.88453,0.88394,0.8845,1926.06
2025.03.17 05:00:00,0.88451,0.88467,0.8842,0.88428,1535.28
2025.03.17 06:00:00,0.8843,0.8846,0.88382,0.88452,2192.7
2025.03.17 07:00:00,0.88456,0.88457,0.88359,0.88388,3687.97
2025.03.17 08:00:00,0.88389,0.88408,0.88336,0.88337,5310.45
2025.03.17 09:00:00,0.88336,0.88357,0.88259,0.88262,4339.01
2025.03.17 10:00:00,0.88265,0.88308,0.88214,0.88266,3726.66
2025.03.17 11:00:00,0.88267,0.88296,0.88226,0.88259,3114.83
2025.03.17 12:00:00,0.88258,0.88343,0.88127,0.88214,8892.19
2025.03.17 13:00:00,0.88214,0.88289,0.88135,0.88189,8490.1
2025.03.17 14:00:00,0.88188,0.88212,0.8805,0.88086,9129.48
2025.03.17 15:00:00,0.88089,0.88128,0.87974,0.88117,5958.76
2025.03.17 16:00:00,0.88117,0.88128,0.88013,0.88038,2705.63
2025.03.17 17:00:00,0.88038,0.88118,0.8801,0.88065,1870.83
2025.03.17 18:00:00,0.88066,0.88097,0.88033,0.88048,2000.74
2025.03.17 19:00:00,0.88049,0.88086,0.88032,0.88036,1166.1
2025.03.17 20:00:00,0.88036,0.88084,0.88025,0.88049,1319.47
2025.03.17 21:00:00,0.88043,0.88056,0.87957,0.88017,428.26
2025.03.17 22:00:00,0.88005,0.88125,0.88005,0.88099,720.45
2025.03.17 23:00:00,0.88099,0.88133,0.8809,0.88131,756.54
2025.03.18 00:00:00,0.88132,0.88133,0.88078,0.88128,1229.49
2025.03.18 01:00:00,0.88129,0.8816,0.88114,0.88145,1611.72
2025.03.18 02:00:00,0.88144,0.8815,0.88124,0.8814,2396.52
2025.03.18 03:00:00,0.88141,0.88141,0.88085,0.88112,1389.18
2025.03.18 04:00:00,0.88112,0.88123,0.8809,0.88098,1032.84
2025.03.18 05:00:00,0.88094,0.88124,0.88071,0.88124,1688.49
2025.03.18 06:00:00,0.88125,0.88182,0.88092,0.88096,2357.73
2025.03.18 07:00:00,0.88097,0.88168,0.88061,0.88089,3423.02
2025.03.18 08:00:00,0.88091,0.88107,0.87914,0.87957,6017.35
2025.03.18 09:00:00,0.87959,0.88014,0.87939,0.87948,4484.59
2025.03.18 10:00:00,0.87949,0.88019,0.87903,0.87934,4789.5
2025.03.18 11:00:00,0.87933,0.88009,0.87881,0.87976,3738.97
2025.03.18 12:00:00,0.87976,0.88063,0.87921,0.87983,6038.79
2025.03.18 13:00:00,0.87982,0.88002,0.87908,0.87923,6285.59
2025.03.18 14:00:00,0.87921,0.87946,0.87797,0.87885,12481.82
2025.03.18 15:00:00,0.87885,0.87928,0.87696,0.87725,8408.49
2025.03.18 16:00:00,0.87726,0.87759,0.87626,0.87696,3944.27
2025.03.18 17:00:00,0.87695,0.87695,0.87587,0.8762,4176.67
2025.03.18 18:00:00,0.87619,0.8767,0.87603,0.87644,2088.22
2025.03.18 19:00:00,0.87644,0.87667,0.87618,0.87646,1813.54
2025.03.18 20:00:00,0.87646,0.87673,0.87628,0.87628,1800.78
2025.03.18 21:00:00,0.87613,0.8769,0.87609,0.87652,1197.39
2025.03.18 22:00:00,0.87653,0.87691,0.87621,0.87671,1042.55
2025.03.18 23:00:00,0.87672,0.87691,0.87643,0.87678,1346.1
2025.03.19 00:00:00,0.87677,0.8775,0.87675,0.87745,1389.21
2025.03.19 01:00:00,0.87743,0.8776,0.87717,0.87722,1096.95
2025.03.19 02:00:00,0.87723,0.8773,0.87669,0.87706,1292.13
2025.03.19 03:00:00,0.87707,0.87751,0.87681,0.87691,900.84
2025.03.19 04:00:00,0.87692,0.87734,0.87692,0.87726,831.18
2025.03.19 05:00:00,0.87727,0.87758,0.87695,0.87705,1222.47
2025.03.19 06:00:00,0.87704,0.87749,0.87684,0.87697,2861.01
2025.03.19 07:00:00,0.87697,0.87777,0.87663,0.87725,7625.4
2025.03.19 08:00:00,0.87725,0.87765,0.8769,0.87702,5345.81
2025.03.19 09:00:00,0.877,0.87845,0.87696,0.87835,3896.1
2025.03.19 10:00:00,0.87835,0.87929,0.87802,0.87819,6567.1
2025.03.19 11:00:00,0.87819,0.87999,0.87818,0.87882,6164.22
2025.03.19 12:00:00,0.8788,0.8792,0.87791,0.87915,5463.47
2025.03.19 13:00:00,0.87915,0.88027,0.87883,0.87999,8256.38
2025.03.19 14:00:00,0.88,0.88057,0.87971,0.88052,6816.5
2025.03.19 15:00:00,0.8805,0.88085,0.87951,0.87998,7101.11
2025.03.19 16:00:00,0.87995,0.88008,0.87928,0.87968,3354.83
2025.03.19 17:00:00,0.87969,0.8809,0.87962,0.88013,3057.81
2025.03.19 18:00:00,0.88013,0.88058,0.87687,0.87753,10978.44
2025.03.19 19:00:00,0.87755,0.87888,0.87751,0.87794,4503.46
2025.03.19 20:00:00,0.87797,0.87806,0.87693,0.87695,3016.9
2025.03.19 21:00:00,0.87688,0.87793,0.87688,0.87731,438.88
2025.03.19 22:00:00,0.87732,0.87734,0.87643,0.87657,1568.62
2025.03.19 23:00:00,0.87657,0.8769,0.87646,0.87646,1202.64
2025.03.20 00:00:00,0.87646,0.87675,0.876,0.87632,3275.65
2025.03.20 01:00:00,0.87633,0.877,0.87618,0.87645,3933.86
2025.03.20 02:00:00,0.87645,0.87651,0.87566,0.87629,3105.88
2025.03.20 03:00:00,0.8763,0.87636,0.87554,0.87602,8801.28
2025.03.20 04:00:00,0.87601,0.87696,0.87587,0.87687,5552.68
2025.03.20 05:00:00,0.87687,0.87718,0.87634,0.87644,3111.2
2025.03.20 06:00:00,0.87643,0.87702,0.87608,0.87639,3053.19
2025.03.20 07:00:00,0.87656,0.87747,0.87632,0.87729,5887.22
2025.03.20 08:00:00,0.87727,0.88146,0.87632,0.88077,12109.15
2025.03.20 09:00:00,0.88078,0.88272,0.88077,0.88204,10601.38
2025.03.20 10:00:00,0.88204,0.88236,0.88048,0.88218,8415.85
2025.03.20 11:00:00,0.88219,0.88232,0.88118,0.88207,4531.1
2025.03.20 12:00:00,0.88208,0.88363,0.88189,0.88279,6533.13
2025.03.20 13:00:00,0.8828,0.88393,0.88251,0.8835,8404.18
2025.03.20 14:00:00,0.88352,0.88425,0.88307,0.88359,6149.82
2025.03.20 15:00:00,0.88357,0.88407,0.88221,0.88264,5173.92
2025.03.20 16:00:00,0.88261,0.88308,0.88151,0.88175,3923.76
2025.03.20 17:00:00,0.88177,0.88227,0.88172,0.8821,1960.88
2025.03.20 18:00:00,0.8821,0.88224,0.8813,0.8819,1509.24
2025.03.20 19:00:00,0.88187,0.8821,0.88178,0.882,1312.32
2025.03.20 20:00:00,0.882,0.88219,0.88133,0.88133,2031.45
2025.03.20 21:00:00,0.88137,0.88193,0.88074,0.88127,478.75
2025.03.20 22:00:00,0.88128,0.8817,0.88117,0.88134,1466.54
2025.03.20 23:00:00,0.88135,0.88169,0.88127,0.88168,735.36
2025.03.21 00:00:00,0.88168,0.88237,0.88144,0.882,1334.21
2025.03.21 01:00:00,0.882,0.88258,0.88193,0.88234,1297.65
2025.03.21 02:00:00,0.88233,0.8828,0.88213,0.88276,1166.19
2025.03.21 03:00:00,0.88277,0.88353,0.8825,0.88343,1242.54
2025.03.21 04:00:00,0.88341,0.8837,0.88327,0.8835,2381.17
2025.03.21 05:00:00,0.88351,0.88398,0.88347,0.88367,1754.22
2025.03.21 06:00:00,0.88366,0.88391,0.88315,0.88354,2418.56
2025.03.21 07:00:00,0.88359,0.88398,0.88271,0.88335,3779.19
2025.03.21 08:00:00,0.88336,0.88398,0.883,0.88356,5997.69
2025.03.21 09:00:00,0.88354,0.88373,0.88304,0.88313,4072.07
2025.03.21 10:00:00,0.8831,0.88312,0.881,0.88101,4871.09
2025.03.21 11:00:00,0.881,0.88141,0.88018,0.88028,4326.61
2025.03.21 12:00:00,0.88028,0.88153,0.87962,0.88105,5602.04
2025.03.21 13:00:00,0.88104,0.88221,0.88095,0.88178,15876.65
2025.03.21 14:00:00,0.88177,0.88225,0.8814,0.88204,14467.32
2025.03.21 15:00:00,0.88203,0.88363,0.88201,0.88334,11223.03
2025.03.21 16:00:00,0.88332,0.88349,0.88287,0.88331,5306.16
2025.03.21 17:00:00,0.88329,0.88349,0.88252,0.8828,2944.89
2025.03.21 18:00:00,0.8828,0.88354,0.88262,0.88294,2484.24
2025.03.21 19:00:00,0.88295,0.88324,0.88256,0.88319,1739.94
2025.03.21 20:00:00,0.88318,0.88338,0.8825,0.8825,1922.08
2025.03.23 21:00:00,0.88271,0.88278,0.88251,0.8826,494.17
2025.03.23 22:00:00,0.88256,0.88345,0.88241,0.88325,2402.72
2025.03.23 23:00:00,0.88324,0.8833,0.88282,0.88286,1417.59
2025.03.24 00:00:00,0.88286,0.8833,0.88273,0.88304,1744.82
2025.03.24 01:00:00,0.88305,0.88388,0.88305,0.88355,1677.03
2025.03.24 02:00:00,0.88354,0.88372,0.88338,0.88372,1266.27
2025.03.24 03:00:00,0.88372,0.88378,0.88341,0.88377,1414.86
2025.03.24 04:00:00,0.88378,0.88387,0.88341,0.88357,718.29
2025.03.24 05:00:00,0.88358,0.88391,0.88342,0.88361,1142.86
2025.03.24 06:00:00,0.88362,0.88365,0.88249,0.88283,1902.1
2025.03.24 07:00:00,0.88288,0.88291,0.8823,0.88231,3286.14
2025.03.24 08:00:00,0.8823,0.8826,0.88167,0.88226,6621.38
2025.03.24 09:00:00,0.88226,0.88293,0.88151,0.88176,5392.61
2025.03.24 10:00:00,0.88175,0.88193,0.87992,0.88074,4113.57
2025.03.24 11:00:00,0.88074,0.88141,0.8807,0.88136,2891.72
2025.03.24 12:00:00,0.88135,0.88222,0.88118,0.88163,4175.64
2025.03.24 13:00:00,0.88161,0.88333,0.88119,0.88318,6935.95
2025.03.24 14:00:00,0.8832,0.88377,0.88186,0.88337,7800.98
2025.03.24 15:00:00,0.88337,0.88456,0.88324,0.88416,5136.33
2025.03.24 16:00:00,0.88417,0.88417,0.88325,0.88336,3974
2025.03.24 17:00:00,0.88336,0.88384,0.8831,0.88357,2508.44
2025.03.24 18:00:00,0.88358,0.88373,0.88284,0.88322,2521.59
2025.03.24 19:00:00,0.88322,0.88339,0.88302,0.88303,1176.71
2025.03.24 20:00:00,0.88305,0.88308,0.88258,0.8827,1982.04
2025.03.24 21:00:00,0.8827,0.88328,0.88263,0.88277,301.14
2025.03.24 22:00:00,0.88278,0.88309,0.88258,0.88267,849.61
2025.03.24 23:00:00,0.88266,0.88294,0.88254,0.88273,893.76
2025.03.25 00:00:00,0.88274,0.88324,0.88274,0.88298,1500.48
2025.03.25 01:00:00,0.88299,0.88306,0.88264,0.88294,1254.36
2025.03.25 02:00:00,0.88295,0.88344,0.88284,0.88333,813.75
2025.03.25 03:00:00,0.88331,0.88332,0.88295,0.88296,733.26
2025.03.25 04:00:00,0.88296,0.88323,0.88263,0.88277,916.74
2025.03.25 05:00:00,0.88278,0.88298,0.8826,0.88272,1137.09
2025.03.25 06:00:00,0.88273,0.88357,0.88272,0.88355,1170.4
2025.03.25 07:00:00,0.88356,0.88483,0.88342,0.88465,2929.68
2025.03.25 08:00:00,0.88465,0.88469,0.88336,0.88398,3978.71
2025.03.25 09:00:00,0.88399,0.88421,0.88347,0.8836,3761.2
2025.03.25 10:00:00,0.8836,0.88364,0.88197,0.88204,4512.46
2025.03.25 11:00:00,0.88205,0.88247,0.88142,0.88207,3609.97
2025.03.25 12:00:00,0.88207,0.88209,0.88048,0.88093,4680.82
2025.03.25 13:00:00,0.88094,0.88118,0.87999,0.88069,6033.97
2025.03.25 14:00:00,0.88068,0.88104,0.88032,0.88099,6075.05
2025.03.25 15:00:00,0.88099,0.88208,0.88069,0.88191,6109.71
2025.03.25 16:00:00,0.88191,0.88212,0.88131,0.88148,3958.54
2025.03.25 17:00:00,0.88149,0.8815,0.88104,0.88134,1709.8
2025.03.25 18:00:00,0.88133,0.88249,0.88133,0.88244,1366.2
2025.03.25 19:00:00,0.88244,0.88274,0.88223,0.88232,1507.71
2025.03.25 20:00:00,0.88233,0.88268,0.88218,0.88218,1101.84
2025.03.25 21:00:00,0.88218,0.8824,0.88216,0.8824,144.07
2025.03.25 22:00:00,0.88243,0.88275,0.88219,0.88261,1580.11
2025.03.25 23:00:00,0.88261,0.88276,0.88257,0.8826,485.28
2025.03.26 00:00:00,0.88259,0.88322,0.8825,0.88315,1344.53
2025.03.26 01:00:00,0.88314,0.88339,0.88249,0.88262,1606.95
2025.03.26 02:00:00,0.8826,0.88311,0.88252,0.88302,773.38
2025.03.26 03:00:00,0.88299,0.88365,0.88298,0.88343,1290.13
2025.03.26 04:00:00,0.88342,0.8839,0.88338,0.88373,1032.34
2025.03.26 05:00:00,0.88375,0.88408,0.88342,0.88355,1420.31
2025.03.26 06:00:00,0.88356,0.88413,0.88343,0.88379,1651.67
2025.03.26 07:00:00,0.88381,0.88401,0.88332,0.88359,3586.39
2025.03.26 08:00:00,0.88357,0.88385,0.88313,0.88342,4797.41
2025.03.26 09:00:00,0.88343,0.88395,0.88312,0.8836,3235.71
2025.03.26 10:00:00,0.8836,0.88391,0.88298,0.88363,3176.67
2025.03.26 11:00:00,0.88363,0.88396,0.88286,0.88393,3272.72
2025.03.26 12:00:00,0.88392,0.88428,0.8831,0.88396,6822.71
2025.03.26 13:00:00,0.88395,0.88467,0.8835,0.88401,6525.28
2025.03.26 14:00:00,0.88401,0.88431,0.88313,0.88344,6127.22
2025.03.26 15:00:00,0.88345,0.88428,0.88335,0.88384,4923.56
2025.03.26 16:00:00,0.88383,0.88384,0.88306,0.88357,3683.64
2025.03.26 17:00:00,0.88356,0.88502,0.8835,0.8846,4433.97
2025.03.26 18:00:00,0.8846,0.88489,0.88428,0.8846,2752.83
2025.03.26 19:00:00,0.8846,0.88485,0.88441,0.88449,1802.94
2025.03.26 20:00:00,0.88448,0.88449,0.88333,0.88338,1875.73
2025.03.26 21:00:00,0.88333,0.88446,0.88218,0.88424,612.88
2025.03.26 22:00:00,0.88433,0.88485,0.88383,0.88385,2444
2025.03.26 23:00:00,0.88386,0.88425,0.88376,0.88422,1386.7
2025.03.27 00:00:00,0.88421,0.88422,0.88331,0.88345,1771.74
2025.03.27 01:00:00,0.88344,0.88344,0.88292,0.88313,1691.82
2025.03.27 02:00:00,0.88313,0.88315,0.88237,0.88257,1752.37
2025.03.27 03:00:00,0.88257,0.88264,0.88232,0.88248,1309.95
2025.03.27 04:00:00,0.88248,0.88254,0.88195,0.88247,1338.87
2025.03.27 05:00:00,0.88247,0.88315,0.88244,0.88298,1375.6
2025.03.27 06:00:00,0.88298,0.88352,0.8828,0.88348,2079.63
2025.03.27 07:00:00,0.88347,0.88472,0.88347,0.884,5541.23
2025.03.27 08:00:00,0.88402,0.88439,0.88343,0.88368,6365.58
2025.03.27 09:00:00,0.88369,0.88451,0.88344,0.88429,4350.04
2025.03.27 10:00:00,0.88429,0.88466,0.88394,0.88409,3975.97
2025.03.27 11:00:00,0.88407,0.88429,0.88338,0.88367,3906.52
2025.03.27 12:00:00,0.88367,0.88373,0.88261,0.88284,5156.55
2025.03.27 13:00:00,0.88283,0.88379,0.88199,0.88304,8993.54
2025.03.27 14:00:00,0.88303,0.88398,0.88242,0.88292,8647.95
2025.03.27 15:00:00,0.8829,0.8831,0.88034,0.88174,9309.49
2025.03.27 16:00:00,0.88172,0.88223,0.88149,0.88179,5135.9
2025.03.27 17:00:00,0.88177,0.88228,0.88134,0.88217,2498.02
2025.03.27 18:00:00,0.88218,0.88243,0.88182,0.88236,2269.63
2025.03.27 19:00:00,0.88237,0.88246,0.88148,0.88176,1712.07
2025.03.27 20:00:00,0.88176,0.88192,0.88128,0.88128,950.88
2025.03.27 21:00:00,0.88128,0.88204,0.88028,0.88152,1443.1
2025.03.27 22:00:00,0.88152,0.88185,0.88125,0.88151,1205.48
2025.03.27 23:00:00,0.88151,0.88168,0.8814,0.88162,942.57
2025.03.28 00:00:00,0.88162,0.88246,0.88162,0.88208,1616.04
2025.03.28 01:00:00,0.88209,0.88238,0.88191,0.88213,1387.68
2025.03.28 02:00:00,0.88213,0.88243,0.88203,0.8822,1115.58
2025.03.28 03:00:00,0.88219,0.88255,0.88204,0.88246,853.71
2025.03.28 04:00:00,0.88246,0.88276,0.88233,0.88241,930.75
2025.03.28 05:00:00,0.88241,0.88256,0.88189,0.88211,1169.58
2025.03.28 06:00:00,0.88211,0.88251,0.8819,0.88194,1488.48
2025.03.28 07:00:00,0.88194,0.88243,0.88119,0.88168,4155.16
2025.03.28 08:00:00,0.88166,0.88253,0.88108,0.88223,4258.36
2025.03.28 09:00:00,0.88222,0.88328,0.88187,0.88256,3507.95
2025.03.28 10:00:00,0.88257,0.88314,0.88248,0.88291,2793.93
2025.03.28 11:00:00,0.88291,0.88341,0.88274,0.88299,2513.34
2025.03.28 12:00:00,0.883,0.88347,0.88193,0.88218,6077.05
2025.03.28 13:00:00,0.88219,0.88274,0.88171,0.88199,9015.75
2025.03.28 14:00:00,0.88203,0.88211,0.87993,0.88116,8075.05
2025.03.28 15:00:00,0.88116,0.88138,0.8803,0.88082,6861.36
2025.03.28 16:00:00,0.88085,0.88178,0.88058,0.88122,3214.54
2025.03.28 17:00:00,0.88122,0.88196,0.88106,0.8819,2520.25
2025.03.28 18:00:00,0.88188,0.88227,0.88161,0.88183,2622.4
2025.03.28 19:00:00,0.88184,0.88194,0.88141,0.88155,1746.94
2025.03.28 20:00:00,0.88154,0.88157,0.87993,0.87993,1930.41
2025.03.30 21:00:00,0.87789,0.88126,0.87789,0.88057,888.99
2025.03.30 22:00:00,0.88089,0.88124,0.88038,0.88057,1879.74
2025.03.30 23:00:00,0.88054,0.8809,0.88013,0.88087,2025.56
2025.03.31 00:00:00,0.88087,0.88089,0.87883,0.87892,2672.01
2025.03.31 01:00:00,0.87894,0.87936,0.87841,0.87933,2782.89
2025.03.31 02:00:00,0.87932,0.87939,0.87836,0.87848,1384.22
2025.03.31 03:00:00,0.87848,0.87898,0.87837,0.87888,996.06
2025.03.31 04:00:00,0.87887,0.87917,0.87862,0.87904,822.04
2025.03.31 05:00:00,0.87905,0.87964,0.87881,0.87963,1358.62
2025.03.31 06:00:00,0.87962,0.88026,0.87868,0.87912,5008.09
2025.03.31 07:00:00,0.87911,0.88087,0.87807,0.88082,6389.86
2025.03.31 08:00:00,0.88083,0.88163,0.88055,0.88069,6634.85
2025.03.31 09:00:00,0.88069,0.88162,0.88045,0.88135,4122.78
2025.03.31 10:00:00,0.88133,0.88184,0.88122,0.88154,3665.79
2025.03.31 11:00:00,0.88155,0.88155,0.88055,0.88107,3949.96
2025.03.31 12:00:00,0.88105,0.88211,0.88098,0.88209,5555.77
2025.03.31 13:00:00,0.88209,0.88244,0.88126,0.8823,7478.96
2025.03.31 14:00:00,0.8823,0.88514,0.88227,0.8846,9103.19
2025.03.31 15:00:00,0.88464,0.8853,0.88367,0.88434,6898.97
2025.03.31 16:00:00,0.88434,0.88509,0.88411,0.88438,3092.91
2025.03.31 17:00:00,0.88437,0.88484,0.8843,0.88482,2510.76
2025.03.31 18:00:00,0.88482,0.88549,0.88446,0.88468,2673.66
2025.03.31 19:00:00,0.88467,0.88486,0.88404,0.88448,2006.85
2025.03.31 20:00:00,0.88449,0.88475,0.88393,0.88393,1654.23
2025.03.31 21:00:00,0.88402,0.88425,0.88356,0.88362,655.22
2025.03.31 22:00:00,0.88378,0.88427,0.88378,0.88403,1056.57
2025.03.31 23:00:00,0.88401,0.88423,0.88374,0.88387,1895.76
2025.04.01 00:00:00,0.88389,0.88389,0.88317,0.88341,1824.72
2025.04.01 01:00:00,0.88342,0.8836,0.88309,0.88346,1517.16
2025.04.01 02:00:00,0.88346,0.88354,0.88316,0.88336,1533.48
2025.04.01 03:00:00,0.88338,0.88356,0.88291,0.88292,1197.99
2025.04.01 04:00:00,0.88296,0.88309,0.88262,0.88287,1010.31
2025.04.01 05:00:00,0.88285,0.88342,0.88285,0.88317,1358.52
2025.04.01 06:00:00,0.88319,0.88434,0.88311,0.88367,3591.51
2025.04.01 07:00:00,0.88365,0.88377,0.8826,0.88299,4378.96
2025.04.01 08:00:00,0.88301,0.88304,0.88244,0.88254,3147.03
2025.04.01 09:00:00,0.88254,0.88268,0.88174,0.88211,3448.77
2025.04.01 10:00:00,0.8821,0.88292,0.88197,0.8821,4719.81
2025.04.01 11:00:00,0.88212,0.88273,0.88204,0.88261,4424.01
2025.04.01 12:00:00,0.88262,0.88331,0.88186,0.88317,4224.91
2025.04.01 13:00:00,0.88318,0.88378,0.88267,0.88321,5455.48
2025.04.01 14:00:00,0.88327,0.88339,0.88165,0.88262,11981.72
2025.04.01 15:00:00,0.88263,0.88298,0.88234,0.88264,5640.9
2025.04.01 16:00:00,0.88265,0.88353,0.88252,0.88315,3881.19
2025.04.01 17:00:00,0.88318,0.88404,0.88314,0.88389,2027.67
2025.04.01 18:00:00,0.88391,0.88415,0.88341,0.88392,2238.06
2025.04.01 19:00:00,0.88393,0.88417,0.88356,0.88384,2291.67
2025.04.01 20:00:00,0.88384,0.88393,0.88339,0.88346,1765.86
2025.04.01 21:00:00,0.88339,0.88364,0.88118,0.88272,472.65
2025.04.01 22:00:00,0.88273,0.88395,0.88273,0.88371,1757.78
2025.04.01 23:00:00,0.8837,0.88386,0.88355,0.8837,830.12
2025.04.02 00:00:00,0.88368,0.88389,0.88351,0.88365,1525.65
2025.04.02 01:00:00,0.88363,0.88423,0.88354,0.88368,1320.72
2025.04.02 02:00:00,0.88367,0.88368,0.88314,0.88339,1210.68
2025.04.02 03:00:00,0.88337,0.88343,0.88317,0.88337,651.21
2025.04.02 04:00:00,0.88338,0.88369,0.88331,0.88368,559.92
2025.04.02 05:00:00,0.88369,0.88394,0.88368,0.88374,1214.31
2025.04.02 06:00:00,0.88374,0.88457,0.88359,0.88422,2840.47
2025.04.02 07:00:00,0.88424,0.88479,0.884,0.88453,4195.93
2025.04.02 08:00:00,0.88454,0.88472,0.88404,0.88438,3437.38
2025.04.02 09:00:00,0.88438,0.88482,0.88377,0.88393,3283.93
2025.04.02 10:00:00,0.88393,0.88462,0.88364,0.88407,3725.56
2025.04.02 11:00:00,0.88409,0.88419,0.883,0.88326,2455.72
2025.04.02 12:00:00,0.88328,0.8839,0.88277,0.88283,4578.99
2025.04.02 13:00:00,0.88286,0.88318,0.88208,0.88276,7088.61
2025.04.02 14:00:00,0.88279,0.88348,0.88187,0.88226,10395.18
2025.04.02 15:00:00,0.88225,0.88265,0.88148,0.88186,6056.47
2025.04.02 16:00:00,0.88186,0.8838,0.8818,0.88347,3733.35
2025.04.02 17:00:00,0.88348,0.88364,0.88273,0.88289,3620.34
2025.04.02 18:00:00,0.88288,0.88302,0.88233,0.88237,1926.81
2025.04.02 19:00:00,0.88238,0.88289,0.88238,0.88264,1869.87
2025.04.02 20:00:00,0.88264,0.88392,0.88124,0.8814,17941.16
2025.04.02 21:00:00,0.8814,0.8828,0.88095,0.88193,737.24
2025.04.02 22:00:00,0.88194,0.88197,0.87955,0.87983,7351.32
2025.04.02 23:00:00,0.87981,0.87983,0.87633,0.87685,7403.22
2025.04.03 00:00:00,0.87686,0.87903,0.87649,0.87813,10829.37
2025.04.03 01:00:00,0.87812,0.87858,0.87634,0.87697,10756.37
2025.04.03 02:00:00,0.87697,0.87738,0.87571,0.87631,4959.3
2025.04.03 03:00:00,0.87631,0.87634,0.87494,0.87569,5163.3
2025.04.03 04:00:00,0.87572,0.8761,0.87526,0.87601,4059.42
2025.04.03 05:00:00,0.87601,0.87605,0.87121,0.87209,7938.53
2025.04.03 06:00:00,0.87211,0.87266,0.86887,0.86891,12295.09
2025.04.03 07:00:00,0.86894,0.87104,0.86812,0.86838,11212.53
2025.04.03 08:00:00,0.86837,0.86913,0.86525,0.86606,8187.69
2025.04.03 09:00:00,0.86605,0.86644,0.86346,0.8635,9709.76
2025.04.03 10:00:00,0.8635,0.86379,0.85891,0.86326,14703.23
2025.04.03 11:00:00,0.86324,0.86369,0.85959,0.86031,10582.29
2025.04.03 12:00:00,0.86027,0.86084,0.85846,0.85923,14704.06
2025.04.03 13:00:00,0.85923,0.86034,0.85547,0.8569,17448.88
2025.04.03 14:00:00,0.8569,0.85777,0.85466,0.85584,16314.64
2025.04.03 15:00:00,0.85583,0.85992,0.8552,0.85899,12586.2
2025.04.03 16:00:00,0.85897,0.86084,0.8588,0.85997,9087.12
2025.04.03 17:00:00,0.85999,0.86184,0.8598,0.86113,6757.3
2025.04.03 18:00:00,0.86113,0.86163,0.86078,0.86101,5897.33
2025.04.03 19:00:00,0.861,0.86105,0.85899,0.85937,5521.06
2025.04.03 20:00:00,0.85937,0.86004,0.85889,0.85899,2018.48
2025.04.03 21:00:00,0.85888,0.85904,0.85659,0.85671,703.62
2025.04.03 22:00:00,0.85763,0.85871,0.85754,0.85796,3704.17
2025.04.03 23:00:00,0.85794,0.85933,0.85794,0.85913,4082.29
2025.04.04 00:00:00,0.85915,0.85961,0.85719,0.85748,5256.17
2025.04.04 01:00:00,0.85747,0.85815,0.85592,0.85617,4839.12
2025.04.04 02:00:00,0.85617,0.85655,0.85575,0.85614,4664.52
2025.04.04 03:00:00,0.85613,0.85629,0.85294,0.85314,5613.19
2025.04.04 04:00:00,0.85313,0.8538,0.85273,0.85307,4392.59
2025.04.04 05:00:00,0.85308,0.85503,0.85236,0.85425,4933.39
2025.04.04 06:00:00,0.85427,0.85612,0.85396,0.85573,7048.1
2025.04.04 07:00:00,0.85572,0.85572,0.85335,0.85515,12214.1
2025.04.04 08:00:00,0.85514,0.857,0.85333,0.85553,13483.81
2025.04.04 09:00:00,0.85552,0.85582,0.85432,0.85491,10504.56
2025.04.04 10:00:00,0.85494,0.85626,0.84998,0.85019,22988.39
2025.04.04 11:00:00,0.85019,0.8509,0.84764,0.85064,19714.57
2025.04.04 12:00:00,0.85063,0.85294,0.84887,0.85278,25782.77
2025.04.04 13:00:00,0.85279,0.85346,0.85028,0.85265,25134.99
2025.04.04 14:00:00,0.85266,0.85636,0.85208,0.85612,18558.57
2025.04.04 15:00:00,0.85611,0.85767,0.85451,0.85468,21312.06
2025.04.04 16:00:00,0.85467,0.85909,0.85429,0.85852,14991.62
2025.04.04 17:00:00,0.85851,0.86079,0.85802,0.86051,12562.61
2025.04.04 18:00:00,0.86057,0.86155,0.85933,0.86047,11287.02
2025.04.04 19:00:00,0.86049,0.86255,0.86049,0.86175,11303.23
2025.04.04 20:00:00,0.86175,0.86229,0.8598,0.85984,4489.32
2025.04.06 21:00:00,0.85521,0.85534,0.85413,0.85431,693.98
2025.04.06 22:00:00,0.85432,0.85586,0.85113,0.85182,13859.61
2025.04.06 23:00:00,0.85181,0.85224,0.84957,0.85163,11802.45
2025.04.07 00:00:00,0.85162,0.85401,0.85139,0.85386,15833.49
2025.04.07 01:00:00,0.85385,0.85555,0.85356,0.85523,11802.36
2025.04.07 02:00:00,0.85523,0.85836,0.85502,0.85761,7273.41
2025.04.07 03:00:00,0.8576,0.85784,0.8554,0.85584,5673.36
2025.04.07 04:00:00,0.85587,0.85631,0.85248,0.85278,5385.02
2025.04.07 05:00:00,0.85278,0.85427,0.85047,0.85083,8624.23
2025.04.07 06:00:00,0.85085,0.85278,0.84812,0.84906,16571.49
2025.04.07 07:00:00,0.84905,0.84915,0.84501,0.84805,19775.03
2025.04.07 08:00:00,0.84804,0.85292,0.84722,0.85111,19068.92
2025.04.07 09:00:00,0.8511,0.85346,0.85095,0.85244,13415.5
2025.04.07 10:00:00,0.85244,0.85435,0.85213,0.85373,15643.02
2025.04.07 11:00:00,0.85374,0.85551,0.85357,0.85537,15998.97
2025.04.07 12:00:00,0.85538,0.85865,0.85469,0.85632,20407.75
2025.04.07 13:00:00,0.85634,0.85842,0.85385,0.85805,20976.21
2025.04.07 14:00:00,0.8581,0.86735,0.85719,0.8608,39164.31
2025.04.07 15:00:00,0.86079,0.86225,0.85748,0.85984,26604.99
2025.04.07 16:00:00,0.85983,0.86068,0.85843,0.85843,14741.56
2025.04.07 17:00:00,0.85841,0.85951,0.85589,0.85699,17017.86
2025.04.07 18:00:00,0.85699,0.8582,0.85551,0.85676,12072.65
2025.04.07 19:00:00,0.85678,0.85809,0.85611,0.85793,10854.21
2025.04.07 20:00:00,0.85793,0.86046,0.85793,0.85993,5914.42
2025.04.07 21:00:00,0.85895,0.86033,0.85721,0.85807,403.12
2025.04.07 22:00:00,0.85931,0.86043,0.85913,0.8594,2745.83
2025.04.07 23:00:00,0.85944,0.86017,0.85917,0.85975,4362.84
2025.04.08 00:00:00,0.85974,0.86008,0.85732,0.8575,7934.88
2025.04.08 01:00:00,0.85748,0.85778,0.85636,0.8571,8929.53
2025.04.08 02:00:00,0.85711,0.85733,0.85618,0.85655,4570.21
2025.04.08 03:00:00,0.85654,0.85721,0.85627,0.85679,2883.04
2025.04.08 04:00:00,0.8568,0.85701,0.85586,0.85679,3183.51
2025.04.08 05:00:00,0.85683,0.85812,0.85657,0.8577,3606.21
2025.04.08 06:00:00,0.8577,0.8577,0.85431,0.85531,7849.79
2025.04.08 07:00:00,0.85528,0.86012,0.85435,0.86001,12696.41
2025.04.08 08:00:00,0.86002,0.86011,0.85832,0.85915,10240.14
2025.04.08 09:00:00,0.85915,0.85967,0.85727,0.85731,8781.21
2025.04.08 10:00:00,0.8573,0.8579,0.85465,0.85564,6937.88
2025.04.08 11:00:00,0.85564,0.85595,0.85436,0.85448,11138.32
2025.04.08 12:00:00,0.85445,0.85464,0.85204,0.85285,12130.8
2025.04.08 13:00:00,0.85286,0.85527,0.85246,0.85518,14449.95
2025.04.08 14:00:00,0.85519,0.85851,0.85519,0.85851,16952.49
2025.04.08 15:00:00,0.8585,0.85856,0.85578,0.8561,10151.78
2025.04.08 16:00:00,0.85607,0.85734,0.85264,0.85266,12267.62
2025.04.08 17:00:00,0.85268,0.8532,0.84948,0.85021,15794.04
2025.04.08 18:00:00,0.8502,0.85096,0.84786,0.84797,14132.39
2025.04.08 19:00:00,0.848,0.84828,0.84552,0.84798,11886.68
2025.04.08 20:00:00,0.84799,0.8493,0.84722,0.84722,7923.5
2025.04.08 21:00:00,0.84722,0.84782,0.84565,0.8462,2602.54
2025.04.08 22:00:00,0.84621,0.84756,0.8455,0.84639,6164.68
2025.04.08 23:00:00,0.84639,0.84642,0.84487,0.84599,6639.47
2025.04.09 00:00:00,0.846,0.84627,0.84292,0.84334,13529.9
2025.04.09 01:00:00,0.84334,0.84478,0.84211,0.84433,15089.19
2025.04.09 02:00:00,0.84434,0.84611,0.84376,0.84457,9171.7
2025.04.09 03:00:00,0.84456,0.84471,0.84233,0.84385,8678.12
2025.04.09 04:00:00,0.84384,0.844,0.83812,0.8404,15600.75
2025.04.09 05:00:00,0.84042,0.84294,0.83997,0.84123,13795.72
2025.04.09 06:00:00,0.84124,0.84425,0.84086,0.84314,17887.97
2025.04.09 07:00:00,0.84314,0.84593,0.84148,0.84553,21891.07
2025.04.09 08:00:00,0.84551,0.84661,0.84243,0.84283,18092.91
2025.04.09 09:00:00,0.84283,0.84336,0.84101,0.84208,12647.56
2025.04.09 10:00:00,0.84207,0.84226,0.83991,0.84096,12043.09
2025.04.09 11:00:00,0.841,0.84104,0.83842,0.84051,20998.55
2025.04.09 12:00:00,0.8405,0.8405,0.83589,0.83669,20048.94
2025.04.09 13:00:00,0.83669,0.8408,0.83666,0.83898,26567.63
2025.04.09 14:00:00,0.83899,0.8405,0.83781,0.84043,19775.06
2025.04.09 15:00:00,0.84042,0.84237,0.84022,0.84137,12220.66
2025.04.09 16:00:00,0.84135,0.84269,0.84116,0.84174,6646.55
2025.04.09 17:00:00,0.84174,0.85529,0.8401,0.85471,30215.34
2025.04.09 18:00:00,0.85469,0.85829,0.85289,0.85485,25031.46
2025.04.09 19:00:00,0.85484,0.85812,0.85331,0.85703,16069.4
2025.04.09 20:00:00,0.85702,0.85769,0.85506,0.85723,8159.96
2025.04.09 21:00:00,0.85588,0.85727,0.85429,0.85451,552.34
2025.04.09 22:00:00,0.85669,0.85694,0.85414,0.85471,9247.99
2025.04.09 23:00:00,0.85472,0.85643,0.85471,0.85554,5977.87
2025.04.10 00:00:00,0.85552,0.85577,0.85171,0.85222,11415.28
2025.04.10 01:00:00,0.8522,0.8534,0.85204,0.85273,9944.76
2025.04.10 02:00:00,0.85275,0.85353,0.85228,0.85254,7122.06
2025.04.10 03:00:00,0.85252,0.85273,0.85141,0.85203,6596.46
2025.04.10 04:00:00,0.85204,0.85283,0.8516,0.85242,4933.01
2025.04.10 05:00:00,0.85242,0.85362,0.85216,0.85322,5172.55
2025.04.10 06:00:00,0.85319,0.85745,0.85307,0.85659,10912.58
2025.04.10 07:00:00,0.8566,0.85732,0.8495,0.84989,16916.76
2025.04.10 08:00:00,0.8499,0.85032,0.84561,0.84609,13146.8
2025.04.10 09:00:00,0.84612,0.84659,0.84313,0.84314,9700.39
2025.04.10 10:00:00,0.84313,0.84313,0.83928,0.84142,10198.93
2025.04.10 11:00:00,0.84142,0.84281,0.83898,0.83978,8788.6
2025.04.10 12:00:00,0.83981,0.8399,0.83493,0.83937,18049.03
2025.04.10 13:00:00,0.83933,0.83999,0.83662,0.83702,16685.95
2025.04.10 14:00:00,0.83701,0.83807,0.8331,0.83346,19634.96
2025.04.10 15:00:00,0.83345,0.83372,0.82492,0.82825,18558.66
2025.04.10 16:00:00,0.82824,0.82938,0.82549,0.82651,17278.13
2025.04.10 17:00:00,0.82652,0.82866,0.82518,0.82555,14092.22
2025.04.10 18:00:00,0.82556,0.82673,0.82308,0.82418,11840.17
2025.04.10 19:00:00,0.82419,0.82808,0.82414,0.82454,11738.51
2025.04.10 20:00:00,0.82454,0.82561,0.82318,0.82318,4561.1
2025.04.10 21:00:00,0.82318,0.82443,0.823,0.82362,760.18
2025.04.10 22:00:00,0.82413,0.82414,0.82244,0.82264,7584.72
2025.04.10 23:00:00,0.82263,0.82359,0.8204,0.82085,11383.54
2025.04.11 00:00:00,0.82087,0.82095,0.81402,0.81835,20099.42
2025.04.11 01:00:00,0.81828,0.82141,0.81827,0.81983,19123.07
2025.04.11 02:00:00,0.81979,0.82144,0.81855,0.82041,13765.65
2025.04.11 03:00:00,0.82041,0.82047,0.81712,0.81716,11537.44
2025.04.11 04:00:00,0.81717,0.81996,0.81713,0.81788,8673.88
2025.04.11 05:00:00,0.81791,0.82253,0.81791,0.82189,11947.59
2025.04.11 06:00:00,0.82188,0.82573,0.82135,0.82218,16349.48
2025.04.11 07:00:00,0.82222,0.82233,0.81568,0.81599,21285.06
2025.04.11 08:00:00,0.81601,0.8177,0.811,0.81305,29029.64
2025.04.11 09:00:00,0.81305,0.81826,0.81305,0.81813,21158.67
2025.04.11 10:00:00,0.81817,0.82124,0.81635,0.82014,16343.97
2025.04.11 11:00:00,0.82014,0.82037,0.814,0.81567,13271
2025.04.11 12:00:00,0.81567,0.81622,0.81083,0.81147,18951.46
2025.04.11 13:00:00,0.81147,0.81722,0.80989,0.81477,23341.04
2025.04.11 14:00:00,0.81477,0.81507,0.81137,0.81472,23328.15
2025.04.11 15:00:00,0.81474,0.81685,0.81312,0.81535,13784.34
2025.04.11 16:00:00,0.81539,0.81867,0.81461,0.81711,8629.23
2025.04.11 17:00:00,0.81712,0.81932,0.81515,0.81891,7607.65
2025.04.11 18:00:00,0.81893,0.81903,0.81633,0.81699,7107.97
2025.04.11 19:00:00,0.81697,0.81757,0.81552,0.81562,5387
2025.04.11 20:00:00,0.81562,0.81606,0.81431,0.81431,5051.13
2025.04.13 21:00:00,0.81778,0.81869,0.81754,0.81851,222.64
2025.04.13 22:00:00,0.81753,0.81934,0.81693,0.81768,10712.04
2025.04.13 23:00:00,0.81769,0.81889,0.81687,0.81812,6888.98
2025.04.14 00:00:00,0.8181,0.81821,0.81627,0.81643,7863.05
2025.04.14 01:00:00,0.81641,0.81652,0.81343,0.81582,10598.74
2025.04.14 02:00:00,0.81582,0.81767,0.81433,0.81738,8517.98
2025.04.14 03:00:00,0.81738,0.81858,0.81633,0.81713,6518.46
2025.04.14 04:00:00,0.81713,0.81769,0.81568,0.81736,5216.67
2025.04.14 05:00:00,0.81737,0.81904,0.8159,0.81657,7148.55
2025.04.14 06:00:00,0.81657,0.81711,0.81282,0.8137,15461.35
2025.04.14 07:00:00,0.81368,0.81874,0.81205,0.81796,16918.65
2025.04.14 08:00:00,0.81795,0.81881,0.8157,0.81697,12399
2025.04.14 09:00:00,0.81698,0.81858,0.81532,0.81823,8928.47
2025.04.14 10:00:00,0.81823,0.81926,0.8174,0.81891,7078.82
2025.04.14 11:00:00,0.81892,0.82069,0.81781,0.81953,6999.56
2025.04.14 12:00:00,0.81953,0.82423,0.81891,0.82407,11839.69
2025.04.14 13:00:00,0.82405,0.82678,0.82299,0.82424,19771.75
2025.04.14 14:00:00,0.82425,0.82577,0.81695,0.81705,19874.49
2025.04.14 15:00:00,0.81709,0.81769,0.81191,0.81397,15082.74
2025.04.14 16:00:00,0.81396,0.81621,0.8133,0.81571,10428.91
2025.04.14 17:00:00,0.81572,0.81648,0.81432,0.81432,6487.95
2025.04.14 18:00:00,0.81432,0.81474,0.81346,0.81382,4844.14
2025.04.14 19:00:00,0.81382,0.81411,0.81209,0.81353,5533.76
2025.04.14 20:00:00,0.81353,0.8153,0.81348,0.81477,4096.55
2025.04.14 21:00:00,0.81438,0.81514,0.81343,0.81371,635.35
2025.04.14 22:00:00,0.81381,0.81489,0.81372,0.81454,4712.15
2025.04.14 23:00:00,0.81453,0.81646,0.81443,0.8163,2374.41
2025.04.15 00:00:00,0.81631,0.81806,0.81615,0.8178,4221.84
2025.04.15 01:00:00,0.81779,0.81801,0.81726,0.81759,4109.85
2025.04.15 02:00:00,0.8176,0.81762,0.8163,0.81632,3306.37
2025.04.15 03:00:00,0.81632,0.81698,0.81609,0.81693,2695.8
2025.04.15 04:00:00,0.81692,0.81696,0.81495,0.81591,3359.41
2025.04.15 05:00:00,0.81591,0.81696,0.8158,0.81683,3808.02
2025.04.15 06:00:00,0.81682,0.81699,0.81554,0.81687,6924.79
2025.04.15 07:00:00,0.81686,0.81881,0.81545,0.81574,7997.68
2025.04.15 08:00:00,0.81575,0.81586,0.81318,0.81468,8469.62
2025.04.15 09:00:00,0.81469,0.81604,0.81362,0.81589,6295.28
2025.04.15 10:00:00,0.81589,0.81615,0.81421,0.81476,5538.57
2025.04.15 11:00:00,0.81477,0.817,0.81439,0.81534,8099.64
2025.04.15 12:00:00,0.81533,0.81793,0.8149,0.81779,11022.63
2025.04.15 13:00:00,0.81782,0.81871,0.81701,0.81811,10051.17
2025.04.15 14:00:00,0.8181,0.82005,0.81662,0.81751,14204.48
2025.04.15 15:00:00,0.81752,0.82118,0.81728,0.82089,8319.67
2025.04.15 16:00:00,0.82088,0.82206,0.82026,0.82093,5371.4
2025.04.15 17:00:00,0.82092,0.82224,0.82082,0.82206,4097.29
2025.04.15 18:00:00,0.82208,0.82244,0.82147,0.82221,3143.8
2025.04.15 19:00:00,0.82221,0.82307,0.82207,0.82291,2567.1
2025.04.15 20:00:00,0.82288,0.8239,0.82282,0.82352,2646.75
2025.04.15 21:00:00,0.82353,0.82353,0.82082,0.82253,168.56
2025.04.15 22:00:00,0.82253,0.82286,0.82085,0.82094,4028.26
2025.04.15 23:00:00,0.82094,0.82158,0.82011,0.82055,4888.34
2025.04.16 00:00:00,0.82053,0.82073,0.81773,0.81829,6595.25
2025.04.16 01:00:00,0.81828,0.81844,0.81734,0.81828,4984.83
2025.04.16 02:00:00,0.81827,0.81868,0.81736,0.81799,4093.02
2025.04.16 03:00:00,0.81798,0.81824,0.81536,0.81543,6459.82
2025.04.16 04:00:00,0.81543,0.81734,0.81509,0.81645,5293.86
2025.04.16 05:00:00,0.81645,0.81662,0.81293,0.81305,7367.19
2025.04.16 06:00:00,0.8131,0.81568,0.8131,0.81553,9954.97
2025.04.16 07:00:00,0.81551,0.81556,0.81284,0.81367,8686.83
2025.04.16 08:00:00,0.81365,0.82006,0.81334,0.8171,15760.06
2025.04.16 09:00:00,0.81712,0.81784,0.81587,0.81728,10705.76
2025.04.16 10:00:00,0.81726,0.81827,0.81594,0.81787,8289.15
2025.04.16 11:00:00,0.8179,0.81815,0.81557,0.81566,7158.77
2025.04.16 12:00:00,0.81566,0.81638,0.81464,0.81558,11234.15
2025.04.16 13:00:00,0.81561,0.81561,0.81351,0.81393,13683.05
2025.04.16 14:00:00,0.81388,0.81587,0.813,0.81533,12143.81
2025.04.16 15:00:00,0.81531,0.81706,0.81408,0.81419,8417.94
2025.04.16 16:00:00,0.81419,0.81596,0.81403,0.81555,4461.03
2025.04.16 17:00:00,0.81561,0.81662,0.81409,0.81524,8882.5
2025.04.16 18:00:00,0.81523,0.81566,0.81393,0.81409,8564.91
2025.04.16 19:00:00,0.81412,0.81431,0.81206,0.81364,6813.4
2025.04.16 20:00:00,0.81363,0.81387,0.81305,0.81333,3191.77
2025.04.16 21:00:00,0.81293,0.81359,0.81216,0.81292,3331.45
2025.04.16 22:00:00,0.81308,0.81387,0.81275,0.81367,2832.87
2025.04.16 23:00:00,0.81367,0.81393,0.81283,0.81385,3546.54
2025.04.17 00:00:00,0.81384,0.81621,0.81365,0.81609,6071.13
2025.04.17 01:00:00,0.81608,0.81823,0.81595,0.8179,7131.31
2025.04.17 02:00:00,0.81788,0.81792,0.81594,0.81647,4397.43
2025.04.17 03:00:00,0.81648,0.81703,0.8161,0.81701,3013.1
2025.04.17 04:00:00,0.817,0.81737,0.81635,0.81723,3045.69
2025.04.17 05:00:00,0.81727,0.81868,0.81623,0.81828,3617.41
2025.04.17 06:00:00,0.81822,0.8187,0.81717,0.8183,7824.45
2025.04.17 07:00:00,0.81831,0.81992,0.81727,0.81777,10131.71
2025.04.17 08:00:00,0.81777,0.81869,0.81615,0.81664,9282.86
2025.04.17 09:00:00,0.81666,0.81743,0.81659,0.81721,6066.34
2025.04.17 10:00:00,0.81721,0.81778,0.81598,0.81738,8177.6
2025.04.17 11:00:00,0.81736,0.81765,0.81647,0.81709,6090.19
2025.04.17 12:00:00,0.81712,0.81931,0.81692,0.81785,12837.89
2025.04.17 13:00:00,0.81783,0.81837,0.81666,0.81747,12993.99
2025.04.17 14:00:00,0.81746,0.81998,0.81592,0.81985,11133.7
2025.04.17 15:00:00,0.81985,0.82113,0.8189,0.82033,9221.5
2025.04.17 16:00:00,0.82032,0.8231,0.8198,0.82105,7960.87
2025.04.17 17:00:00,0.82103,0.82182,0.8205,0.82123,4873.4
2025.04.17 18:00:00,0.82123,0.82174,0.81838,0.81875,4233.44
2025.04.17 19:00:00,0.81875,0.81921,0.81825,0.81911,3571.15
2025.04.17 20:00:00,0.81911,0.81954,0.81837,0.81943,4117.67
2025.04.17 21:00:00,0.81854,0.81867,0.81752,0.81791,83.35
2025.04.17 22:00:00,0.81791,0.81842,0.81771,0.81817,1787.2
2025.04.17 23:00:00,0.81815,0.81881,0.81779,0.81863,465.75
2025.04.18 00:00:00,0.81861,0.81871,0.81741,0.81837,20810.78
2025.04.18 01:00:00,0.81836,0.81898,0.81798,0.8183,49666.74
2025.04.18 02:00:00,0.8183,0.81848,0.81793,0.81798,30279.28
2025.04.18 03:00:00,0.81798,0.81806,0.81749,0.81798,28211.17
2025.04.18 04:00:00,0.81797,0.81855,0.81786,0.81842,36452.78
2025.04.18 05:00:00,0.81842,0.81872,0.81812,0.81863,43109.5
2025.04.18 06:00:00,0.81862,0.81957,0.81826,0.81934,31218.24
2025.04.18 07:00:00,0.81932,0.82046,0.8176,0.81808,14757.51
2025.04.18 08:00:00,0.81807,0.81899,0.81771,0.81893,30095.54
2025.04.18 09:00:00,0.81891,0.81923,0.81821,0.81869,33755.81
2025.04.18 10:00:00,0.8187,0.81889,0.81799,0.81863,28152.43
2025.04.18 11:00:00,0.81862,0.81911,0.81767,0.81793,18234.04
2025.04.18 12:00:00,0.81786,0.81804,0.81754,0.81788,13805.44
2025.04.18 13:00:00,0.81788,0.81839,0.81676,0.8178,15285.79
2025.04.18 14:00:00,0.81781,0.81854,0.8169,0.81725,29262.45
2025.04.18 15:00:00,0.81726,0.81787,0.8169,0.81729,32089.27
2025.04.18 16:00:00,0.81726,0.81755,0.81696,0.81732,32555.64
2025.04.18 17:00:00,0.81731,0.81748,0.81693,0.817,31624.06
2025.04.18 18:00:00,0.81699,0.81708,0.81618,0.81658,29337.57
2025.04.18 19:00:00,0.81649,0.81672,0.81636,0.81665,16858.16
2025.04.18 20:00:00,0.81667,0.81678,0.81548,0.81564,21910.57
2025.04.20 21:00:00,0.81597,0.81787,0.81485,0.81519,511.32
2025.04.20 22:00:00,0.81625,0.81718,0.81334,0.81366,6470.14
2025.04.20 23:00:00,0.81366,0.81386,0.81196,0.81244,5145.54
2025.04.21 00:00:00,0.81245,0.81251,0.8109,0.81192,6565.11
2025.04.21 01:00:00,0.81193,0.81193,0.81092,0.81113,4629.72
2025.04.21 02:00:00,0.81113,0.81158,0.80689,0.80866,6877.21
2025.04.21 03:00:00,0.80865,0.80908,0.80791,0.80866,4088.64
2025.04.21 04:00:00,0.80868,0.80978,0.80808,0.8081,3368.82
2025.04.21 05:00:00,0.8081,0.80843,0.80726,0.80792,3106.89
2025.04.21 06:00:00,0.808,0.80987,0.80789,0.80937,4802.3
2025.04.21 07:00:00,0.80939,0.80962,0.80414,0.80442,7838.92
2025.04.21 08:00:00,0.80442,0.80682,0.80415,0.8051,7120.27
2025.04.21 09:00:00,0.80509,0.80553,0.80391,0.80543,6739.71
2025.04.21 10:00:00,0.80543,0.80747,0.80541,0.80712,4210.82
2025.04.21 11:00:00,0.80711,0.808,0.80495,0.80555,6241.59
2025.04.21 12:00:00,0.80554,0.80717,0.80455,0.80486,5842.74
2025.04.21 13:00:00,0.80486,0.80718,0.80463,0.8056,8195.84
2025.04.21 14:00:00,0.80561,0.80806,0.8051,0.80767,9066.79
2025.04.21 15:00:00,0.80768,0.80836,0.8066,0.80685,7036.69
2025.04.21 16:00:00,0.80685,0.80786,0.80671,0.80706,4304.08
2025.04.21 17:00:00,0.80704,0.80821,0.80648,0.80744,3912.22
2025.04.21 18:00:00,0.80744,0.80784,0.8068,0.8072,2913.95
2025.04.21 19:00:00,0.8072,0.80846,0.80707,0.80843,3037.07
2025.04.21 20:00:00,0.80843,0.80923,0.80827,0.80875,2040.48
2025.04.21 21:00:00,0.80875,0.80916,0.80656,0.80813,330.87
2025.04.21 22:00:00,0.80795,0.80893,0.80783,0.80826,2788.3
2025.04.21 23:00:00,0.80826,0.80931,0.80805,0.80908,1930.8
2025.04.22 00:00:00,0.80908,0.81177,0.80907,0.8111,4652.91
2025.04.22 01:00:00,0.81109,0.81244,0.81061,0.8116,5820.29
2025.04.22 02:00:00,0.81158,0.81176,0.80941,0.80941,3791.55
2025.04.22 03:00:00,0.80941,0.80958,0.80716,0.80755,6055.87
2025.04.22 04:00:00,0.80755,0.80823,0.80717,0.80823,2787.85
2025.04.22 05:00:00,0.80822,0.80938,0.80666,0.80754,6102.61
2025.04.22 06:00:00,0.80759,0.81168,0.80718,0.81113,10976.97
2025.04.22 07:00:00,0.81113,0.81169,0.80965,0.81053,11559.07
2025.04.22 08:00:00,0.81052,0.81109,0.80875,0.81052,10927.43
2025.04.22 09:00:00,0.81052,0.81123,0.80927,0.81118,8389.38
2025.04.22 10:00:00,0.81119,0.81262,0.81007,0.81246,6642.19
2025.04.22 11:00:00,0.81247,0.81288,0.81045,0.81107,7013.84
2025.04.22 12:00:00,0.81107,0.81337,0.81093,0.81257,9108.61
2025.04.22 13:00:00,0.81256,0.81508,0.81243,0.81328,10461.88
2025.04.22 14:00:00,0.8133,0.81453,0.81173,0.81392,12057.65
2025.04.22 15:00:00,0.81391,0.81507,0.81254,0.81502,6978.39
2025.04.22 16:00:00,0.81502,0.81805,0.81408,0.81775,9161.73
2025.04.22 17:00:00,0.81776,0.81813,0.81571,0.81642,9344.29
2025.04.22 18:00:00,0.81643,0.81911,0.81643,0.8187,4943.42
2025.04.22 19:00:00,0.8187,0.81909,0.81804,0.81854,3304.32
2025.04.22 20:00:00,0.81854,0.81907,0.81823,0.81851,1705.59
2025.04.22 21:00:00,0.81845,0.82383,0.81648,0.82383,564.75
2025.04.22 22:00:00,0.82382,0.82869,0.82368,0.82715,11579.67
2025.04.22 23:00:00,0.82712,0.82771,0.82516,0.82611,8949.68
2025.04.23 00:00:00,0.8261,0.8263,0.82261,0.8227,7860.79
2025.04.23 01:00:00,0.82268,0.8238,0.8206,0.82139,7431.95
2025.04.23 02:00:00,0.82138,0.82298,0.82114,0.82197,4903.73
2025.04.23 03:00:00,0.82196,0.82394,0.82174,0.82394,3957.57
2025.04.23 04:00:00,0.82394,0.82439,0.82234,0.82275,3229.74
2025.04.23 05:00:00,0.82273,0.82419,0.82184,0.82366,4537.09
2025.04.23 06:00:00,0.82364,0.82401,0.82137,0.82186,11135.7
2025.04.23 07:00:00,0.82184,0.82279,0.82053,0.82248,12703.49
2025.04.23 08:00:00,0.82246,0.82293,0.82083,0.82145,10577.11
2025.04.23 09:00:00,0.82147,0.82211,0.8197,0.82195,8306.98
2025.04.23 10:00:00,0.82195,0.82458,0.82168,0.82376,7038.64
2025.04.23 11:00:00,0.82373,0.82483,0.82192,0.82235,7408.9
2025.04.23 12:00:00,0.82244,0.82271,0.82078,0.82261,7813.81
2025.04.23 13:00:00,0.82267,0.82748,0.82202,0.82747,16536.31
2025.04.23 14:00:00,0.82747,0.82834,0.82419,0.82801,23934.76
2025.04.23 15:00:00,0.828,0.82843,0.82478,0.82709,15734.54
2025.04.23 16:00:00,0.8271,0.82992,0.82653,0.82947,9745.96
2025.04.23 17:00:00,0.82946,0.82993,0.82859,0.82943,5515.74
2025.04.23 18:00:00,0.82942,0.82996,0.82923,0.82967,3677.51
2025.04.23 19:00:00,0.82967,0.83018,0.82903,0.82996,3960.29
2025.04.23 20:00:00,0.82994,0.83111,0.8299,0.83059,2057.18
2025.04.23 21:00:00,0.82988,0.83041,0.82787,0.82898,447.17
2025.04.23 22:00:00,0.82954,0.82978,0.8277,0.82974,3428.45
2025.04.23 23:00:00,0.82973,0.83001,0.82911,0.82964,2849.15
2025.04.24 00:00:00,0.82963,0.83017,0.82863,0.82888,5702.43
2025.04.24 01:00:00,0.82892,0.82934,0.82775,0.82798,6049.51
2025.04.24 02:00:00,0.82796,0.82831,0.82756,0.82773,3162.31
2025.04.24 03:00:00,0.82771,0.82927,0.82763,0.82881,2298.61
2025.04.24 04:00:00,0.82879,0.82918,0.82834,0.82866,2100.99
2025.04.24 05:00:00,0.82864,0.82915,0.82803,0.82848,3271.86
2025.04.24 06:00:00,0.82846,0.82855,0.82696,0.82713,5881.56
2025.04.24 07:00:00,0.82712,0.82728,0.82587,0.82676,8849.33
2025.04.24 08:00:00,0.82677,0.82758,0.82567,0.82656,9134.99
2025.04.24 09:00:00,0.82653,0.82679,0.8247,0.82515,6099.21
2025.04.24 10:00:00,0.82516,0.82593,0.8239,0.82592,5864.22
2025.04.24 11:00:00,0.82595,0.82641,0.82466,0.82579,7027.23
2025.04.24 12:00:00,0.82581,0.82673,0.82515,0.82553,9785.77
2025.04.24 13:00:00,0.82554,0.82728,0.82512,0.82621,9926.29
2025.04.24 14:00:00,0.82622,0.82706,0.82522,0.82674,10988.92
2025.04.24 15:00:00,0.82674,0.82843,0.82631,0.82722,8418.23
2025.04.24 16:00:00,0.82719,0.8282,0.82678,0.82705,6198.78
2025.04.24 17:00:00,0.82704,0.82858,0.82669,0.82839,4545.74
2025.04.24 18:00:00,0.82838,0.82879,0.8279,0.82804,3522.53
2025.04.24 19:00:00,0.82805,0.82808,0.82648,0.82734,2903.48
2025.04.24 20:00:00,0.82734,0.82782,0.82641,0.82643,2277.06
2025.04.24 21:00:00,0.82579,0.82687,0.82543,0.82585,924.9
2025.04.24 22:00:00,0.8259,0.8275,0.8259,0.82731,3059.68
2025.04.24 23:00:00,0.8273,0.8288,0.82722,0.82852,2068.19
2025.04.25 00:00:00,0.82853,0.83077,0.82847,0.83072,4372.13
2025.04.25 01:00:00,0.83072,0.83106,0.83,0.83085,4221.34
2025.04.25 02:00:00,0.83086,0.83086,0.82978,0.83011,3304.33
2025.04.25 03:00:00,0.8301,0.83225,0.82937,0.83213,5779.08
2025.04.25 04:00:00,0.83216,0.83288,0.83139,0.8316,4586.04
2025.04.25 05:00:00,0.83163,0.83244,0.83108,0.8321,6102.73
2025.04.25 06:00:00,0.83211,0.83342,0.83081,0.83196,9219.64
2025.04.25 07:00:00,0.83197,0.83242,0.82955,0.83073,11523.82
2025.04.25 08:00:00,0.83071,0.83144,0.83021,0.83054,7550.18
2025.04.25 09:00:00,0.83055,0.83099,0.82923,0.83094,7234.87
2025.04.25 10:00:00,0.83095,0.83098,0.82868,0.82868,7986.76
2025.04.25 11:00:00,0.82869,0.82982,0.82817,0.8297,6110.39
2025.04.25 12:00:00,0.8297,0.83067,0.82912,0.83061,6701.64
2025.04.25 13:00:00,0.83058,0.83138,0.82983,0.83,9703.51
2025.04.25 14:00:00,0.83001,0.83084,0.82855,0.82955,12222.38
2025.04.25 15:00:00,0.82956,0.83048,0.82837,0.82851,5196.97
2025.04.25 16:00:00,0.82851,0.82909,0.82777,0.82907,2847.34
2025.04.25 17:00:00,0.82906,0.82938,0.82699,0.8275,4334.75
2025.04.25 18:00:00,0.8275,0.82826,0.82696,0.82699,2653.19
2025.04.25 19:00:00,0.82699,0.82801,0.82664,0.82791,2415.99
2025.04.25 20:00:00,0.82791,0.82849,0.82713,0.82713,2055.35
2025.04.27 21:00:00,0.82794,0.82843,0.82594,0.82802,270.69
2025.04.27 22:00:00,0.82813,0.82925,0.8275,0.82845,3806.12
2025.04.27 23:00:00,0.82843,0.82862,0.82786,0.8285,1970.66
2025.04.28 00:00:00,0.82853,0.82861,0.82721,0.82753,3370.77
2025.04.28 01:00:00,0.82752,0.8285,0.82731,0.82827,3590.47
2025.04.28 02:00:00,0.82827,0.82923,0.82826,0.82859,3068.69
2025.04.28 03:00:00,0.82861,0.82863,0.82788,0.82824,1640.02
2025.04.28 04:00:00,0.82825,0.8285,0.82692,0.82695,2195.79
2025.04.28 05:00:00,0.82696,0.82763,0.82672,0.82754,2897.17
2025.04.28 06:00:00,0.82758,0.83084,0.82758,0.83063,5869.55
2025.04.28 07:00:00,0.83064,0.83161,0.8297,0.83133,6704.27
2025.04.28 08:00:00,0.83133,0.83186,0.83037,0.83058,6695.95
2025.04.28 09:00:00,0.83057,0.83074,0.82853,0.82958,5972.55
2025.04.28 10:00:00,0.82956,0.8299,0.82868,0.82984,4201.34
2025.04.28 11:00:00,0.82983,0.83094,0.82943,0.8297,4263.04
2025.04.28 12:00:00,0.8297,0.83023,0.82854,0.83023,5438.97
2025.04.28 13:00:00,0.83021,0.83065,0.82759,0.82847,9115.99
2025.04.28 14:00:00,0.82848,0.8288,0.82425,0.8253,12266.65
2025.04.28 15:00:00,0.8253,0.82613,0.82481,0.82546,7047.33
2025.04.28 16:00:00,0.82543,0.82547,0.81993,0.82102,7330.57
2025.04.28 17:00:00,0.82101,0.82191,0.82033,0.82186,5234.67
2025.04.28 18:00:00,0.82186,0.82207,0.82074,0.8208,3866.98
2025.04.28 19:00:00,0.8208,0.82101,0.82043,0.82059,2611.6
2025.04.28 20:00:00,0.82059,0.82063,0.81967,0.81967,2101.76
2025.04.28 21:00:00,0.81962,0.82037,0.81953,0.81958,371.51
2025.04.28 22:00:00,0.81959,0.82083,0.81959,0.82082,1613.72
2025.04.28 23:00:00,0.82081,0.8217,0.82033,0.82128,2054.91
2025.04.29 00:00:00,0.82127,0.82207,0.8208,0.82188,2636.19
2025.04.29 01:00:00,0.82188,0.82349,0.82144,0.82324,3085.72
2025.04.29 02:00:00,0.82324,0.82329,0.82129,0.82297,4365.34
2025.04.29 03:00:00,0.82297,0.82394,0.82269,0.82379,2844.9
2025.04.29 04:00:00,0.82378,0.82477,0.82375,0.82436,2145.1
2025.04.29 05:00:00,0.82436,0.82436,0.82327,0.82348,2440.21
2025.04.29 06:00:00,0.82349,0.82402,0.8221,0.82319,4881.54
2025.04.29 07:00:00,0.82317,0.82401,0.82233,0.82333,8186.36
2025.04.29 08:00:00,0.82333,0.82534,0.82293,0.82486,7501.84
2025.04.29 09:00:00,0.82487,0.82639,0.82455,0.82582,5490.54
2025.04.29 10:00:00,0.82581,0.82638,0.82538,0.82577,4400.67
2025.04.29 11:00:00,0.82578,0.82594,0.8246,0.82566,4772.49
2025.04.29 12:00:00,0.82566,0.82587,0.82261,0.82272,7866.06
2025.04.29 13:00:00,0.82273,0.82466,0.82189,0.82291,10735.93
2025.04.29 14:00:00,0.82293,0.82475,0.82165,0.82415,14682.71
2025.04.29 15:00:00,0.82415,0.82438,0.82293,0.82406,6784.33
2025.04.29 16:00:00,0.82408,0.82416,0.82205,0.8232,5462.51
2025.04.29 17:00:00,0.82319,0.82443,0.82284,0.8242,4562.02
2025.04.29 18:00:00,0.8242,0.82484,0.8238,0.82415,3315.1
2025.04.29 19:00:00,0.82417,0.82484,0.82359,0.82408,2979.26
2025.04.29 20:00:00,0.82411,0.82413,0.82345,0.82371,1565.7
2025.04.29 21:00:00,0.82289,0.82394,0.8224,0.82256,811.21
2025.04.29 22:00:00,0.82254,0.82394,0.82254,0.82346,1459.8
2025.04.29 23:00:00,0.82345,0.82394,0.82321,0.82323,1510.75
2025.04.30 00:00:00,0.82321,0.82431,0.82307,0.82358,3112.89
2025.04.30 01:00:00,0.82357,0.82428,0.82263,0.82408,3319.21
2025.04.30 02:00:00,0.82409,0.8246,0.82331,0.82361,2894.52
2025.04.30 03:00:00,0.8236,0.824,0.82304,0.8239,1567.15
2025.04.30 04:00:00,0.8239,0.82393,0.82324,0.82356,1657.72
2025.04.30 05:00:00,0.82357,0.82388,0.82302,0.82335,1936.32
2025.04.30 06:00:00,0.82341,0.82474,0.8231,0.8241,5358.41
2025.04.30 07:00:00,0.82409,0.82541,0.82409,0.82487,7435.88
2025.04.30 08:00:00,0.82486,0.82631,0.82432,0.82559,6228.89
2025.04.30 09:00:00,0.82558,0.82587,0.82444,0.82567,5823.78
2025.04.30 10:00:00,0.82568,0.82568,0.82451,0.8251,4788.63
2025.04.30 11:00:00,0.8251,0.82569,0.82445,0.82534,4515.35
2025.04.30 12:00:00,0.82535,0.82568,0.8221,0.82336,12348.71
2025.04.30 13:00:00,0.82337,0.82411,0.82218,0.82234,11048.47
2025.04.30 14:00:00,0.82226,0.8239,0.82135,0.82168,15886.87
2025.04.30 15:00:00,0.82169,0.82452,0.82148,0.82272,12341.42
2025.04.30 16:00:00,0.82273,0.82359,0.82184,0.82221,6263.36
2025.04.30 17:00:00,0.8222,0.82291,0.82182,0.82289,4409.44
2025.04.30 18:00:00,0.82288,0.82346,0.8225,0.82285,5686.74
2025.04.30 19:00:00,0.82285,0.8253,0.82261,0.82522,4526.49
2025.04.30 20:00:00,0.82523,0.82726,0.82498,0.82609,3919.25
2025.04.30 21:00:00,0.8256,0.82654,0.82362,0.82573,500.54
2025.04.30 22:00:00,0.82556,0.82672,0.82556,0.82613,1971.52
2025.04.30 23:00:00,0.82613,0.82635,0.82583,0.82606,1279.72
2025.05.01 00:00:00,0.82605,0.82643,0.82535,0.82612,2710.13
2025.05.01 01:00:00,0.82611,0.82722,0.82608,0.82682,2264.33
2025.05.01 02:00:00,0.82683,0.82692,0.82589,0.82604,1670.26
2025.05.01 03:00:00,0.82602,0.82786,0.82562,0.82678,3333.48
2025.05.01 04:00:00,0.82672,0.82747,0.82653,0.82745,1914.91
2025.05.01 05:00:00,0.82747,0.82876,0.82728,0.82795,3617.91
2025.05.01 06:00:00,0.828,0.82813,0.82678,0.82746,5733.52
2025.05.01 07:00:00,0.82742,0.82887,0.82717,0.82717,6643.22
2025.05.01 08:00:00,0.82716,0.82716,0.82556,0.82667,5414.46
2025.05.01 09:00:00,0.82667,0.828,0.82607,0.82794,4082.66
2025.05.01 10:00:00,0.82792,0.82803,0.82608,0.8264,5192.05
2025.05.01 11:00:00,0.8264,0.82821,0.8261,0.82791,5645.16
2025.05.01 12:00:00,0.82793,0.82918,0.82652,0.82892,10715.66
2025.05.01 13:00:00,0.82892,0.82915,0.82788,0.82819,11952.58
2025.05.01 14:00:00,0.82837,0.83291,0.82808,0.83224,15037.96
2025.05.01 15:00:00,0.83224,0.83329,0.83162,0.83199,9189.1
2025.05.01 16:00:00,0.83202,0.83242,0.83103,0.83106,5986.16
2025.05.01 17:00:00,0.83106,0.83155,0.83095,0.83133,3558.48
2025.05.01 18:00:00,0.83135,0.83225,0.83098,0.83162,3404.57
2025.05.01 19:00:00,0.83161,0.83161,0.82915,0.8296,4296.56
2025.05.01 20:00:00,0.82959,0.82985,0.82884,0.82921,2048.17
2025.05.01 21:00:00,0.82893,0.82992,0.82856,0.82909,738.82
2025.05.01 22:00:00,0.82903,0.82943,0.82866,0.82872,1578.88
2025.05.01 23:00:00,0.82872,0.82946,0.82869,0.829,1167.58
2025.05.02 00:00:00,0.829,0.8318,0.82872,0.83135,3536.95
2025.05.02 01:00:00,0.83133,0.83141,0.82993,0.83005,3469.68
2025.05.02 02:00:00,0.83004,0.83054,0.82961,0.83026,2482.24
2025.05.02 03:00:00,0.83028,0.83031,0.82829,0.82837,2353.77
2025.05.02 04:00:00,0.82836,0.82956,0.82829,0.82931,3335.95
2025.05.02 05:00:00,0.8293,0.8294,0.82762,0.82834,2979.25
2025.05.02 06:00:00,0.82832,0.82853,0.82687,0.82725,6233.29
2025.05.02 07:00:00,0.82726,0.82866,0.82611,0.82727,7363.44
2025.05.02 08:00:00,0.82728,0.82776,0.82595,0.82621,6603.66
2025.05.02 09:00:00,0.82622,0.82671,0.82053,0.82283,8514.67
2025.05.02 10:00:00,0.82283,0.82525,0.82241,0.82442,5813.33
2025.05.02 11:00:00,0.82441,0.82489,0.82281,0.82345,5306.83
2025.05.02 12:00:00,0.82343,0.82758,0.82332,0.82718,15474.91
2025.05.02 13:00:00,0.82718,0.82754,0.82268,0.82381,16434.13
2025.05.02 14:00:00,0.82381,0.82542,0.82285,0.82335,15484.43
2025.05.02 15:00:00,0.82338,0.82722,0.82338,0.82621,9031.25
2025.05.02 16:00:00,0.82621,0.828,0.82619,0.82745,7542
2025.05.02 17:00:00,0.82747,0.82798,0.82644,0.82704,5691.16
2025.05.02 18:00:00,0.82703,0.82802,0.82646,0.82709,4379.44
2025.05.02 19:00:00,0.82709,0.82709,0.82607,0.82643,3473.1
2025.05.02 20:00:00,0.82644,0.82685,0.82602,0.82645,1903.14
2025.05.04 21:00:00,0.82414,0.82644,0.82408,0.82543,575.63
2025.05.04 22:00:00,0.82526,0.82595,0.82466,0.82528,2417.71
2025.05.04 23:00:00,0.82528,0.82566,0.82377,0.8242,1912.54
2025.05.05 00:00:00,0.82419,0.82476,0.82408,0.82415,2599.77
2025.05.05 01:00:00,0.82413,0.82413,0.82221,0.82266,4081.66
2025.05.05 02:00:00,0.82265,0.82308,0.82195,0.82249,2830.38
2025.05.05 03:00:00,0.82248,0.82372,0.82245,0.82349,1866.83
2025.05.05 04:00:00,0.82348,0.82369,0.82288,0.8232,2095.93
2025.05.05 05:00:00,0.8232,0.82504,0.82266,0.82504,4298.27
2025.05.05 06:00:00,0.82504,0.82748,0.82475,0.82623,7256.36
2025.05.05 07:00:00,0.82622,0.82709,0.82572,0.82645,8106.58
2025.05.05 08:00:00,0.82647,0.82681,0.82456,0.82494,6447.86
2025.05.05 09:00:00,0.82492,0.82495,0.82335,0.82356,6843.04
2025.05.05 10:00:00,0.82355,0.82411,0.82299,0.82324,5457.09
2025.05.05 11:00:00,0.82327,0.82359,0.82231,0.82323,5012.55
2025.05.05 12:00:00,0.82324,0.82337,0.82187,0.82278,5445.17
2025.05.05 13:00:00,0.82277,0.82325,0.82162,0.82178,6010.6
2025.05.05 14:00:00,0.82178,0.82352,0.82138,0.822,9789.06
2025.05.05 15:00:00,0.822,0.82399,0.82178,0.82389,5030.09
2025.05.05 16:00:00,0.8239,0.82479,0.82362,0.82405,4187.75
2025.05.05 17:00:00,0.82403,0.82406,0.82315,0.82346,3028.11
2025.05.05 18:00:00,0.82345,0.82417,0.82278,0.82284,2637.2
2025.05.05 19:00:00,0.82284,0.82306,0.82225,0.82235,2529.76
2025.05.05 20:00:00,0.82234,0.82242,0.82158,0.82198,2001.33
2025.05.05 21:00:00,0.82195,0.8227,0.82084,0.82135,399.57
2025.05.05 22:00:00,0.82166,0.82218,0.82151,0.8221,1307.39
2025.05.05 23:00:00,0.82211,0.82234,0.82169,0.82214,961.11
2025.05.06 00:00:00,0.82212,0.82456,0.82212,0.82445,3249.3
2025.05.06 01:00:00,0.82446,0.82536,0.82399,0.82455,4871.01
2025.05.06 02:00:00,0.82454,0.82458,0.82248,0.82303,4831.59
2025.05.06 03:00:00,0.82301,0.82377,0.82276,0.82307,3517.73
2025.05.06 04:00:00,0.82308,0.82313,0.82221,0.82276,1926.48
2025.05.06 05:00:00,0.82279,0.82315,0.82261,0.82271,2403.93
2025.05.06 06:00:00,0.8227,0.82369,0.8226,0.82341,4934.93
2025.05.06 07:00:00,0.82341,0.82497,0.82214,0.82393,10288.36
2025.05.06 08:00:00,0.82392,0.82474,0.82237,0.82408,9865.13
2025.05.06 09:00:00,0.82407,0.8265,0.82327,0.8262,8815.4
2025.05.06 10:00:00,0.82616,0.82619,0.8246,0.82486,6550.56
2025.05.06 11:00:00,0.82488,0.82516,0.82413,0.8246,5740.81
2025.05.06 12:00:00,0.82458,0.82581,0.82327,0.82416,7212.46
2025.05.06 13:00:00,0.82416,0.8251,0.82253,0.82283,9596.42
2025.05.06 14:00:00,0.82282,0.82475,0.82259,0.82393,11388.17
2025.05.06 15:00:00,0.82393,0.8252,0.82363,0.82419,6249.34
2025.05.06 16:00:00,0.82418,0.82533,0.82317,0.82357,5038.61
2025.05.06 17:00:00,0.82355,0.82362,0.82193,0.822,3930.25
2025.05.06 18:00:00,0.82202,0.82245,0.82139,0.8216,2651.82
2025.05.06 19:00:00,0.82164,0.82197,0.82126,0.82149,2215.33
2025.05.06 20:00:00,0.82151,0.8222,0.82137,0.82188,2703.14
2025.05.06 21:00:00,0.82153,0.82193,0.82084,0.82159,666.13
2025.05.06 22:00:00,0.82148,0.82657,0.82135,0.82604,6394.06
2025.05.06 23:00:00,0.82603,0.82647,0.82516,0.82591,4205.69
2025.05.07 00:00:00,0.82592,0.82711,0.82469,0.82633,6104.18
2025.05.07 01:00:00,0.82634,0.82717,0.82539,0.82598,5896.57
2025.05.07 02:00:00,0.82598,0.82655,0.82522,0.82536,4772.36
2025.05.07 03:00:00,0.82535,0.82605,0.82517,0.8254,2847.51
2025.05.07 04:00:00,0.8254,0.82561,0.82476,0.82552,2706.45
2025.05.07 05:00:00,0.82553,0.82566,0.82411,0.82418,3167.32
2025.05.07 06:00:00,0.8242,0.82488,0.82303,0.82326,5712.32
2025.05.07 07:00:00,0.82328,0.82567,0.82323,0.82546,7375.82
2025.05.07 08:00:00,0.82547,0.8262,0.82507,0.82551,7457.17
2025.05.07 09:00:00,0.82555,0.82621,0.82405,0.82419,5830.17
2025.05.07 10:00:00,0.82419,0.82422,0.82252,0.82329,4338.66
2025.05.07 11:00:00,0.8233,0.82506,0.82318,0.82491,5384.78
2025.05.07 12:00:00,0.82491,0.82492,0.82141,0.8219,7518.41
2025.05.07 13:00:00,0.8219,0.82246,0.82096,0.82103,7544.45
2025.05.07 14:00:00,0.82103,0.82235,0.81935,0.82029,7654.02
2025.05.07 15:00:00,0.8203,0.82188,0.82002,0.82139,7138.81
2025.05.07 16:00:00,0.82142,0.82164,0.82003,0.82023,5124.7
2025.05.07 17:00:00,0.82024,0.82179,0.82015,0.82091,3819.9
2025.05.07 18:00:00,0.82091,0.82229,0.81852,0.82099,13191.51
2025.05.07 19:00:00,0.82099,0.82404,0.82085,0.8233,10051.26
2025.05.07 20:00:00,0.82331,0.82437,0.82328,0.82349,2532.78
2025.05.07 21:00:00,0.82242,0.82298,0.8221,0.82256,274.82
2025.05.07 22:00:00,0.82256,0.82392,0.82256,0.82384,1805.86
2025.05.07 23:00:00,0.82381,0.8241,0.82332,0.8241,1404.84
2025.05.08 00:00:00,0.82409,0.82425,0.82275,0.82389,3735.52
2025.05.08 01:00:00,0.82389,0.82408,0.82233,0.82243,6797.46
2025.05.08 02:00:00,0.82244,0.82343,0.82233,0.82308,4559.86
2025.05.08 03:00:00,0.82309,0.82336,0.82244,0.82316,3371.82
2025.05.08 04:00:00,0.82317,0.82415,0.82296,0.82409,2863.46
2025.05.08 05:00:00,0.82409,0.82553,0.82404,0.82473,5252.28
2025.05.08 06:00:00,0.82473,0.8279,0.82437,0.82715,9099
2025.05.08 07:00:00,0.82715,0.82914,0.82708,0.82728,9747.94
2025.05.08 08:00:00,0.82726,0.82796,0.82544,0.82684,7782.35
2025.05.08 09:00:00,0.82684,0.82705,0.82549,0.82602,6005.68
2025.05.08 10:00:00,0.826,0.82649,0.82487,0.82603,5008.66
2025.05.08 11:00:00,0.82602,0.82636,0.82486,0.82503,7335.79
2025.05.08 12:00:00,0.82503,0.82624,0.82313,0.82435,10791.53
2025.05.08 13:00:00,0.82435,0.82578,0.82392,0.82536,11982.54
2025.05.08 14:00:00,0.82536,0.82737,0.82454,0.8271,12318.3
2025.05.08 15:00:00,0.8271,0.82985,0.82574,0.82916,13308.59
2025.05.08 16:00:00,0.82919,0.83136,0.82885,0.8308,9013.18
2025.05.08 17:00:00,0.83081,0.83203,0.83042,0.83089,4833.36
2025.05.08 18:00:00,0.8309,0.8315,0.83056,0.83118,3449.27
2025.05.08 19:00:00,0.83121,0.8332,0.83077,0.83115,5476.08
2025.05.08 20:00:00,0.83116,0.83198,0.83112,0.8318,2553.1
2025.05.08 21:00:00,0.83066,0.83127,0.82913,0.83018,401.77
2025.05.08 22:00:00,0.83038,0.83134,0.83038,0.83087,1347.12
2025.05.08 23:00:00,0.83087,0.83199,0.83082,0.83164,1959.07
2025.05.09 00:00:00,0.83164,0.83236,0.83083,0.83085,4124.52
2025.05.09 01:00:00,0.83084,0.83284,0.8307,0.83273,4489.04
2025.05.09 02:00:00,0.83273,0.83407,0.83174,0.83181,4205.14
2025.05.09 03:00:00,0.8318,0.83192,0.83108,0.83157,3218.48
2025.05.09 04:00:00,0.83158,0.83159,0.83103,0.83126,2495.24
2025.05.09 05:00:00,0.83129,0.83207,0.83078,0.83089,3794.8
2025.05.09 06:00:00,0.83087,0.83162,0.83009,0.83057,6162.36
2025.05.09 07:00:00,0.83059,0.8308,0.82984,0.83053,8298.65
2025.05.09 08:00:00,0.83051,0.83125,0.82989,0.8302,5586.81
2025.05.09 09:00:00,0.83024,0.83193,0.83021,0.83184,3977.97
2025.05.09 10:00:00,0.83183,0.83247,0.8309,0.83138,4990.78
2025.05.09 11:00:00,0.83139,0.83171,0.83016,0.83056,6300.87
2025.05.09 12:00:00,0.83055,0.8317,0.82998,0.83021,6554.64
2025.05.09 13:00:00,0.83021,0.83064,0.82913,0.82982,7629.66
2025.05.09 14:00:00,0.82982,0.83024,0.8269,0.82895,10492.43
2025.05.09 15:00:00,0.82894,0.83005,0.82878,0.82979,6547.4
2025.05.09 16:00:00,0.82978,0.83146,0.82931,0.83131,4155.4
2025.05.09 17:00:00,0.8313,0.83146,0.83053,0.83086,3029.59
2025.05.09 18:00:00,0.83087,0.83123,0.83058,0.83103,2509.01
2025.05.09 19:00:00,0.83103,0.83157,0.83085,0.8309,2603.61
2025.05.09 20:00:00,0.83091,0.83162,0.83084,0.83093,3320.41
2025.05.11 21:00:00,0.83442,0.83479,0.83415,0.83443,583.97
2025.05.11 22:00:00,0.83442,0.8346,0.83371,0.83417,3729.71
2025.05.11 23:00:00,0.83417,0.83424,0.83333,0.83394,3487.43
2025.05.12 00:00:00,0.83394,0.83447,0.83329,0.83381,5068.06
2025.05.12 01:00:00,0.83385,0.83499,0.83357,0.83436,5512.17
2025.05.12 02:00:00,0.83437,0.8344,0.83304,0.83384,3845.82
2025.05.12 03:00:00,0.83385,0.83405,0.83332,0.83333,3222.8
2025.05.12 04:00:00,0.83334,0.83414,0.83332,0.83398,2112.51
2025.05.12 05:00:00,0.83396,0.8347,0.83378,0.83426,3461.32
2025.05.12 06:00:00,0.83428,0.83495,0.83321,0.83489,5661.69
2025.05.12 07:00:00,0.8349,0.84575,0.83487,0.84533,27353.77
2025.05.12 08:00:00,0.84536,0.84678,0.84123,0.84151,16167.24
2025.05.12 09:00:00,0.84151,0.84466,0.84151,0.84425,10595.1
2025.05.12 10:00:00,0.84425,0.84749,0.84419,0.8465,12096.93
2025.05.12 11:00:00,0.84654,0.84661,0.84207,0.84212,12229.1
2025.05.12 12:00:00,0.84211,0.84394,0.84154,0.84281,10037.49
2025.05.12 13:00:00,0.84282,0.84324,0.84099,0.84223,11005.83
2025.05.12 14:00:00,0.84228,0.84426,0.8417,0.8434,13768.44
2025.05.12 15:00:00,0.84341,0.84348,0.84176,0.84268,8529.4
2025.05.12 16:00:00,0.84269,0.84509,0.84219,0.84508,5193.59
2025.05.12 17:00:00,0.84506,0.84674,0.84465,0.84596,4134.27
2025.05.12 18:00:00,0.84596,0.8476,0.84537,0.84569,4498.59
2025.05.12 19:00:00,0.84568,0.8461,0.84474,0.84525,4198.57
2025.05.12 20:00:00,0.84522,0.8457,0.84501,0.84507,2350.58
2025.05.12 21:00:00,0.84475,0.8457,0.84463,0.84558,627.33
2025.05.12 22:00:00,0.84561,0.84569,0.8451,0.84519,2226.4
2025.05.12 23:00:00,0.84518,0.8456,0.84445,0.84481,2461.63
2025.05.13 00:00:00,0.84482,0.84494,0.84357,0.8437,5056.66
2025.05.13 01:00:00,0.84369,0.8442,0.84343,0.84355,5225.37
2025.05.13 02:00:00,0.84357,0.8443,0.84333,0.8441,3661.51
2025.05.13 03:00:00,0.84412,0.84423,0.84269,0.84275,3690.11
2025.05.13 04:00:00,0.84274,0.84345,0.84269,0.84277,3278.99
2025.05.13 05:00:00,0.84277,0.84314,0.84245,0.843,3900.59
2025.05.13 06:00:00,0.84302,0.84411,0.84201,0.84253,6133.49
2025.05.13 07:00:00,0.84251,0.84283,0.84061,0.84061,8820.97
2025.05.13 08:00:00,0.84061,0.84088,0.83949,0.83977,8012.64
2025.05.13 09:00:00,0.83976,0.84159,0.83964,0.8415,4951.49
2025.05.13 10:00:00,0.84152,0.84239,0.841,0.84182,5102.16
2025.05.13 11:00:00,0.84182,0.84218,0.84121,0.84194,4421.9
2025.05.13 12:00:00,0.84192,0.84317,0.84073,0.84177,11082.36
2025.05.13 13:00:00,0.84179,0.84231,0.84044,0.84195,13034.3
2025.05.13 14:00:00,0.84195,0.84341,0.84126,0.84151,12987.23
2025.05.13 15:00:00,0.8415,0.84184,0.84089,0.84115,7777.29
2025.05.13 16:00:00,0.84116,0.84254,0.84072,0.84139,5720.9
2025.05.13 17:00:00,0.84139,0.84165,0.8407,0.84092,3755.61
2025.05.13 18:00:00,0.84093,0.84118,0.84035,0.84052,3319.88
2025.05.13 19:00:00,0.84052,0.84058,0.83935,0.83947,3097.66
2025.05.13 20:00:00,0.83947,0.83977,0.83867,0.83908,3012.87
2025.05.13 21:00:00,0.83908,0.8396,0.83858,0.83901,808.13
2025.05.13 22:00:00,0.83895,0.83922,0.83862,0.83864,1517.18
2025.05.13 23:00:00,0.83865,0.83955,0.83863,0.83946,1854.05
2025.05.14 00:00:00,0.83944,0.84015,0.83881,0.83908,4317.76
2025.05.14 01:00:00,0.83908,0.83933,0.83805,0.8387,5879.01
2025.05.14 02:00:00,0.8387,0.83947,0.83849,0.83882,4568.13
2025.05.14 03:00:00,0.8388,0.83926,0.83842,0.83846,3654.64
2025.05.14 04:00:00,0.83845,0.83882,0.838,0.83856,3688.04
2025.05.14 05:00:00,0.83856,0.83947,0.83824,0.83939,3782.14
2025.05.14 06:00:00,0.8394,0.83987,0.83846,0.83927,6331.35
2025.05.14 07:00:00,0.83931,0.83991,0.83783,0.83821,8523.14
2025.05.14 08:00:00,0.83821,0.83825,0.83444,0.83558,15311.2
2025.05.14 09:00:00,0.83558,0.83616,0.83241,0.83396,14122.78
2025.05.14 10:00:00,0.83397,0.8353,0.83374,0.83517,8155.73
2025.05.14 11:00:00,0.83517,0.837,0.83498,0.83691,7445.63
2025.05.14 12:00:00,0.83693,0.83784,0.83602,0.83748,10201.02
2025.05.14 13:00:00,0.83748,0.83863,0.83675,0.83799,12419.74
2025.05.14 14:00:00,0.838,0.84001,0.8379,0.83928,13004.61
2025.05.14 15:00:00,0.83927,0.84057,0.83914,0.83972,10490.9
2025.05.14 16:00:00,0.83972,0.84244,0.83929,0.84093,8873.06
2025.05.14 17:00:00,0.84094,0.84169,0.84042,0.84119,5249.9
2025.05.14 18:00:00,0.84118,0.84281,0.8411,0.8425,4645.92
2025.05.14 19:00:00,0.84251,0.84355,0.84251,0.84309,4125.09
2025.05.14 20:00:00,0.84312,0.84328,0.84195,0.84199,1758.61
2025.05.14 21:00:00,0.84139,0.84218,0.84079,0.8415,1313.69
2025.05.14 22:00:00,0.84147,0.84183,0.8411,0.84139,1408.92
2025.05.14 23:00:00,0.84138,0.84147,0.84077,0.8413,2240.65
2025.05.15 00:00:00,0.84128,0.84178,0.83993,0.84007,4391.35
2025.05.15 01:00:00,0.84008,0.84026,0.83929,0.83977,5801.43
2025.05.15 02:00:00,0.83976,0.8401,0.83931,0.83943,3606.93
2025.05.15 03:00:00,0.83942,0.83953,0.83892,0.83937,3522.25
2025.05.15 04:00:00,0.83937,0.84045,0.83926,0.84037,2810.15
2025.05.15 05:00:00,0.84037,0.84057,0.83952,0.83976,4743.58
2025.05.15 06:00:00,0.8398,0.84018,0.83699,0.83708,8182.77
2025.05.15 07:00:00,0.83711,0.83878,0.83696,0.83791,10572.05
2025.05.15 08:00:00,0.83793,0.83832,0.83589,0.83658,8374.16
2025.05.15 09:00:00,0.83659,0.83759,0.83655,0.83747,6366.97
2025.05.15 10:00:00,0.83747,0.83813,0.83689,0.83786,5636.51
2025.05.15 11:00:00,0.83787,0.83925,0.83774,0.83886,5909.24
2025.05.15 12:00:00,0.83886,0.83891,0.83585,0.83638,10084.89
2025.05.15 13:00:00,0.83638,0.83674,0.83495,0.83556,13198.01
2025.05.15 14:00:00,0.83553,0.83784,0.83459,0.83697,12146.04
2025.05.15 15:00:00,0.83696,0.83728,0.8359,0.83591,8531.81
2025.05.15 16:00:00,0.8359,0.83705,0.83576,0.83657,4745.27
2025.05.15 17:00:00,0.83657,0.83733,0.83601,0.83702,3514.57
2025.05.15 18:00:00,0.83704,0.83705,0.83594,0.8362,3080.28
2025.05.15 19:00:00,0.83618,0.83657,0.83505,0.83546,3910.11
2025.05.15 20:00:00,0.83546,0.83574,0.83498,0.83528,2361.06
2025.05.15 21:00:00,0.83528,0.83593,0.83503,0.83573,616.15
2025.05.15 22:00:00,0.83566,0.83592,0.83486,0.83492,1531.63
2025.05.15 23:00:00,0.83491,0.83526,0.83476,0.83484,2337.89
2025.05.16 00:00:00,0.83485,0.83491,0.83293,0.83313,5146.75
2025.05.16 01:00:00,0.83313,0.83359,0.83289,0.83323,5636.54
2025.05.16 02:00:00,0.83324,0.83417,0.83279,0.83415,3895.9
2025.05.16 03:00:00,0.83415,0.8345,0.83363,0.83411,3848.72
2025.05.16 04:00:00,0.8341,0.83478,0.83398,0.83454,3284.8
2025.05.16 05:00:00,0.83453,0.8346,0.83329,0.8336,3908.15
2025.05.16 06:00:00,0.83359,0.83444,0.83313,0.83375,5420.52
2025.05.16 07:00:00,0.83373,0.83413,0.83264,0.83312,7297.59
2025.05.16 08:00:00,0.83313,0.83565,0.83313,0.83542,6180.95
2025.05.16 09:00:00,0.83543,0.83643,0.83515,0.83625,4705.39
2025.05.16 10:00:00,0.83625,0.83746,0.83605,0.83678,4581.33
2025.05.16 11:00:00,0.83677,0.83797,0.83613,0.8378,5381.63
2025.05.16 12:00:00,0.83779,0.83814,0.83694,0.83725,5695.8
2025.05.16 13:00:00,0.83723,0.83815,0.83646,0.83668,6325.16
2025.05.16 14:00:00,0.83669,0.83973,0.83655,0.83925,10736.74
2025.05.16 15:00:00,0.83926,0.83988,0.839,0.83959,5687.66
2025.05.16 16:00:00,0.8396,0.84006,0.83883,0.83904,5176.51
2025.05.16 17:00:00,0.83903,0.83948,0.83859,0.83895,3155.79
2025.05.16 18:00:00,0.83893,0.83916,0.83862,0.83893,2819.37
2025.05.16 19:00:00,0.83894,0.83918,0.83862,0.83908,2735.6
2025.05.16 20:00:00,0.8391,0.8391,0.83687,0.8375,3098.71
2025.05.18 21:00:00,0.83499,0.83622,0.83497,0.8354,99.7
2025.05.18 22:00:00,0.83592,0.83605,0.83418,0.83471,3397.63
2025.05.18 23:00:00,0.83465,0.83589,0.83437,0.83527,3018.13
2025.05.19 00:00:00,0.83528,0.83593,0.83442,0.83478,7565.97
2025.05.19 01:00:00,0.83475,0.8365,0.83453,0.83634,5679.74
2025.05.19 02:00:00,0.83632,0.83645,0.8348,0.83538,6290.95
2025.05.19 03:00:00,0.83539,0.83607,0.83532,0.83595,4251.77
2025.05.19 04:00:00,0.83596,0.83654,0.83564,0.83627,3754.34
2025.05.19 05:00:00,0.83628,0.8364,0.83579,0.83597,4390.06
2025.05.19 06:00:00,0.83597,0.83617,0.83399,0.83416,8340.68
2025.05.19 07:00:00,0.83418,0.83463,0.83272,0.83355,11116.67
2025.05.19 08:00:00,0.83354,0.8343,0.83313,0.83329,8146.55
2025.05.19 09:00:00,0.83328,0.83371,0.83255,0.83256,8861.77
2025.05.19 10:00:00,0.83255,0.83335,0.83183,0.83266,7084.36
2025.05.19 11:00:00,0.83266,0.83421,0.83246,0.83343,6930.54
2025.05.19 12:00:00,0.83343,0.83428,0.83318,0.83427,7196.24
2025.05.19 13:00:00,0.8343,0.83466,0.83263,0.83359,9850.45
2025.05.19 14:00:00,0.83359,0.8345,0.83204,0.83236,9430.14
2025.05.19 15:00:00,0.83236,0.83441,0.83184,0.83417,7763.37
2025.05.19 16:00:00,0.83416,0.83498,0.83406,0.83449,6265.87
2025.05.19 17:00:00,0.83447,0.83516,0.83414,0.835,5056.36
2025.05.19 18:00:00,0.83499,0.83541,0.83453,0.83478,4847.86
2025.05.19 19:00:00,0.83478,0.83498,0.83423,0.83429,3024.06
2025.05.19 20:00:00,0.83429,0.83474,0.83421,0.83456,2909.45
2025.05.19 21:00:00,0.83317,0.83472,0.83278,0.83424,1500.79
2025.05.19 22:00:00,0.83417,0.83507,0.83413,0.83483,1723.93
2025.05.19 23:00:00,0.83482,0.83524,0.83468,0.83502,1800.74
2025.05.20 00:00:00,0.83502,0.83624,0.83502,0.83525,4394.49
2025.05.20 01:00:00,0.83524,0.83524,0.83343,0.8346,8490.92
2025.05.20 02:00:00,0.8346,0.83593,0.83402,0.83529,6074.55
2025.05.20 03:00:00,0.83529,0.83546,0.83406,0.83418,5291.62
2025.05.20 04:00:00,0.8342,0.83456,0.83385,0.83438,5112.34
2025.05.20 05:00:00,0.83439,0.8344,0.83273,0.83295,7216.41
2025.05.20 06:00:00,0.83299,0.83385,0.83231,0.83363,7388.35
2025.05.20 07:00:00,0.83363,0.83388,0.83091,0.83154,9445.29
2025.05.20 08:00:00,0.83155,0.8329,0.83147,0.83183,7889.63
2025.05.20 09:00:00,0.83183,0.83313,0.83147,0.83303,7538.57
2025.05.20 10:00:00,0.83303,0.834,0.8328,0.83387,6430.37
2025.05.20 11:00:00,0.83385,0.8339,0.83277,0.83291,5477.78
2025.05.20 12:00:00,0.83292,0.83434,0.8326,0.83399,6643.82
2025.05.20 13:00:00,0.83403,0.83475,0.83337,0.83368,8608.94
2025.05.20 14:00:00,0.83369,0.83369,0.83072,0.83111,11686.52
2025.05.20 15:00:00,0.83113,0.83229,0.83102,0.83209,7270.14
2025.05.20 16:00:00,0.8321,0.83287,0.83141,0.83211,7057.1
2025.05.20 17:00:00,0.83212,0.83231,0.83009,0.83025,5208.07
2025.05.20 18:00:00,0.83025,0.83038,0.82925,0.82977,5457.93
2025.05.20 19:00:00,0.82978,0.82986,0.82925,0.82957,3235.2
2025.05.20 20:00:00,0.82957,0.82971,0.82811,0.82811,1525.84
2025.05.20 21:00:00,0.82811,0.82873,0.82805,0.82853,467.88
2025.05.20 22:00:00,0.82833,0.82843,0.82587,0.82779,3759.61
2025.05.20 23:00:00,0.8278,0.82787,0.82656,0.8267,3167.3
2025.05.21 00:00:00,0.8267,0.82684,0.82549,0.82612,5376.72
2025.05.21 01:00:00,0.82612,0.82657,0.8254,0.82566,7164.42
2025.05.21 02:00:00,0.82564,0.82569,0.82265,0.8231,9113.23
2025.05.21 03:00:00,0.82312,0.82346,0.82199,0.82257,7156.19
2025.05.21 04:00:00,0.82258,0.82326,0.82166,0.82223,5244.83
2025.05.21 05:00:00,0.82223,0.82285,0.82206,0.82245,7138.02
2025.05.21 06:00:00,0.82251,0.82308,0.82092,0.8224,9759.9
2025.05.21 07:00:00,0.8224,0.82488,0.82236,0.82414,10026.34
2025.05.21 08:00:00,0.82415,0.8263,0.82365,0.82544,7675.1
2025.05.21 09:00:00,0.82543,0.82617,0.8244,0.82443,6707.98
2025.05.21 10:00:00,0.82443,0.82449,0.8225,0.82397,8991.86
2025.05.21 11:00:00,0.82397,0.82575,0.82364,0.82557,7643.84
2025.05.21 12:00:00,0.82555,0.82655,0.82459,0.82459,9776.89
2025.05.21 13:00:00,0.82459,0.82585,0.82398,0.82513,11170.47
2025.05.21 14:00:00,0.82513,0.82547,0.82378,0.82439,14274.6
2025.05.21 15:00:00,0.8244,0.82562,0.82416,0.82503,8870.05
2025.05.21 16:00:00,0.82503,0.82561,0.82432,0.82514,5917.34
2025.05.21 17:00:00,0.82512,0.8253,0.82265,0.82387,10356.79
2025.05.21 18:00:00,0.82388,0.82514,0.82377,0.82509,7604.28
2025.05.21 19:00:00,0.8251,0.82583,0.82442,0.82578,5153.08
2025.05.21 20:00:00,0.8258,0.82599,0.82472,0.82472,2440.13
2025.05.21 21:00:00,0.82419,0.82536,0.82396,0.82435,521.78
2025.05.21 22:00:00,0.82449,0.82639,0.82443,0.82631,2990.08
2025.05.21 23:00:00,0.82629,0.82637,0.82483,0.82484,2852.94
2025.05.22 00:00:00,0.82484,0.825,0.82388,0.82488,5672.26
2025.05.22 01:00:00,0.82489,0.82563,0.82384,0.82429,7365.3
2025.05.22 02:00:00,0.82429,0.82481,0.82333,0.82382,5238.22
2025.05.22 03:00:00,0.8238,0.82463,0.82371,0.8245,4045.41
2025.05.22 04:00:00,0.82452,0.825,0.82446,0.82458,3665.58
2025.05.22 05:00:00,0.82458,0.82526,0.82441,0.82487,3783.42
2025.05.22 06:00:00,0.82487,0.82577,0.82435,0.82545,6909.37
2025.05.22 07:00:00,0.82542,0.82606,0.82456,0.82456,8912.02
2025.05.22 08:00:00,0.82456,0.82658,0.82419,0.82621,9226.38
2025.05.22 09:00:00,0.82621,0.82674,0.82556,0.82652,6488.89
2025.05.22 10:00:00,0.82651,0.82699,0.82627,0.82697,4640.19
2025.05.22 11:00:00,0.82696,0.82711,0.82572,0.82591,6428.67
2025.05.22 12:00:00,0.82591,0.82799,0.82527,0.82729,9210.43
2025.05.22 13:00:00,0.82727,0.82843,0.82622,0.82823,10312.03
2025.05.22 14:00:00,0.82825,0.82892,0.82746,0.82879,10695.45
2025.05.22 15:00:00,0.82879,0.82999,0.82798,0.82916,9903.26
2025.05.22 16:00:00,0.82918,0.82941,0.8283,0.8292,6149.67
2025.05.22 17:00:00,0.82921,0.83062,0.82916,0.82979,5519.56
2025.05.22 18:00:00,0.82979,0.82982,0.82888,0.82915,4178.84
2025.05.22 19:00:00,0.82914,0.82921,0.82817,0.82866,3359.51
2025.05.22 20:00:00,0.82866,0.82894,0.82819,0.82878,1898.52
2025.05.22 21:00:00,0.8281,0.82911,0.82794,0.8283,1080.77
2025.05.22 22:00:00,0.82832,0.82871,0.828,0.82804,1400.43
2025.05.22 23:00:00,0.82804,0.82838,0.82785,0.82833,1451.14
2025.05.23 00:00:00,0.8283,0.82886,0.82739,0.82787,4765.91
2025.05.23 01:00:00,0.82788,0.8281,0.82645,0.82667,5044
2025.05.23 02:00:00,0.82666,0.82695,0.82631,0.8264,4230.27
2025.05.23 03:00:00,0.82639,0.82683,0.82622,0.82657,4897.68
2025.05.23 04:00:00,0.82659,0.82682,0.8261,0.82636,3153.94
2025.05.23 05:00:00,0.82636,0.82695,0.82595,0.82603,4031.46
2025.05.23 06:00:00,0.82605,0.82718,0.82593,0.82665,5943.72
2025.05.23 07:00:00,0.82664,0.82679,0.82544,0.82578,6492.09
2025.05.23 08:00:00,0.82578,0.82698,0.82576,0.82622,6024.24
2025.05.23 09:00:00,0.82625,0.82659,0.82553,0.82622,5973.83
2025.05.23 10:00:00,0.8262,0.82648,0.8255,0.82641,5921.91
2025.05.23 11:00:00,0.8264,0.82682,0.82107,0.82281,19261.01
2025.05.23 12:00:00,0.82282,0.82437,0.82193,0.82322,18822.81
2025.05.23 13:00:00,0.82321,0.82438,0.82269,0.82351,13162.7
2025.05.23 14:00:00,0.82351,0.82377,0.82106,0.82118,13239.62
2025.05.23 15:00:00,0.82116,0.82246,0.82098,0.8214,8402.32
2025.05.23 16:00:00,0.82139,0.82228,0.82084,0.82084,5520.2
2025.05.23 17:00:00,0.82085,0.82153,0.82055,0.82101,3247.9
2025.05.23 18:00:00,0.82102,0.82118,0.82041,0.82083,4362.71
2025.05.23 19:00:00,0.82082,0.82113,0.82046,0.82076,2265.87
2025.05.23 20:00:00,0.82076,0.82123,0.82041,0.82052,3526.67
2025.05.25 21:00:00,0.82012,0.82074,0.82005,0.82043,266.08
2025.05.25 22:00:00,0.82042,0.82271,0.82009,0.82177,7881.42
2025.05.25 23:00:00,0.82175,0.82256,0.8214,0.82232,3615.02
2025.05.26 00:00:00,0.82232,0.82269,0.8216,0.82167,5513.94
2025.05.26 01:00:00,0.82168,0.82183,0.81986,0.82007,5547.84
2025.05.26 02:00:00,0.82006,0.82028,0.8192,0.81991,4943.72
2025.05.26 03:00:00,0.81992,0.82059,0.81979,0.82019,4079.67
2025.05.26 04:00:00,0.8202,0.82067,0.82003,0.82031,4198.91
2025.05.26 05:00:00,0.8203,0.82125,0.81989,0.81994,4304.52
2025.05.26 06:00:00,0.81993,0.82057,0.81973,0.82027,6122.71
2025.05.26 07:00:00,0.82028,0.82139,0.81994,0.82136,5862.49
2025.05.26 08:00:00,0.82133,0.82197,0.82104,0.82156,3995.91
2025.05.26 09:00:00,0.82156,0.82212,0.82107,0.82108,3847.96
2025.05.26 10:00:00,0.82107,0.82171,0.82063,0.82145,2763.53
2025.05.26 11:00:00,0.82143,0.82256,0.82115,0.82239,2458.18
2025.05.26 12:00:00,0.82238,0.82327,0.82185,0.8228,2787.24
2025.05.26 13:00:00,0.8228,0.82325,0.82082,0.8209,3468.13
2025.05.26 14:00:00,0.82091,0.82109,0.81984,0.8201,3894.47
2025.05.26 15:00:00,0.82011,0.82058,0.81988,0.82051,2257.1
2025.05.26 16:00:00,0.82057,0.82083,0.82021,0.82022,1467.03
2025.05.26 17:00:00,0.82022,0.82079,0.82013,0.82073,1336.77
2025.05.26 18:00:00,0.82074,0.82084,0.82056,0.82071,846.92
2025.05.26 19:00:00,0.82072,0.82084,0.82061,0.82072,1806
2025.05.26 20:00:00,0.82072,0.82112,0.8206,0.82112,934.86
2025.05.26 21:00:00,0.82107,0.82145,0.81935,0.82043,358.58
2025.05.26 22:00:00,0.82043,0.82103,0.81975,0.82048,3831.26
2025.05.26 23:00:00,0.82049,0.82063,0.8203,0.82036,1997.13
2025.05.27 00:00:00,0.82034,0.82034,0.81915,0.81964,4381.34
2025.05.27 01:00:00,0.81964,0.81989,0.81874,0.81965,4295.23
2025.05.27 02:00:00,0.81965,0.8201,0.81886,0.81999,4174.81
2025.05.27 03:00:00,0.81999,0.82034,0.81949,0.82033,3089.07
2025.05.27 04:00:00,0.82032,0.82163,0.81999,0.82156,3884.44
2025.05.27 05:00:00,0.82153,0.8225,0.82147,0.8216,5693.16
2025.05.27 06:00:00,0.82159,0.82263,0.82057,0.82247,7282.29
2025.05.27 07:00:00,0.82248,0.82529,0.82176,0.82497,10558.15
2025.05.27 08:00:00,0.82497,0.8257,0.82423,0.82492,7039.37
2025.05.27 09:00:00,0.82492,0.82622,0.82449,0.826,6453.23
2025.05.27 10:00:00,0.82601,0.82734,0.82586,0.82724,6059.03
2025.05.27 11:00:00,0.82723,0.82726,0.82642,0.82646,5132.96
2025.05.27 12:00:00,0.82644,0.82664,0.82526,0.82526,6607.64
2025.05.27 13:00:00,0.82527,0.82595,0.82451,0.82524,8039.19
2025.05.27 14:00:00,0.82518,0.8269,0.82516,0.82674,9336.68
2025.05.27 15:00:00,0.82674,0.82794,0.82637,0.82779,5985.12
2025.05.27 16:00:00,0.82778,0.82795,0.82668,0.82693,4912.4
2025.05.27 17:00:00,0.82694,0.82733,0.8266,0.82731,3433.82
2025.05.27 18:00:00,0.82732,0.82743,0.82689,0.82712,3252.27
2025.05.27 19:00:00,0.82712,0.82748,0.82694,0.82741,2485.31
2025.05.27 20:00:00,0.82744,0.82753,0.82688,0.82688,1763.83
2025.05.27 21:00:00,0.82659,0.82739,0.82427,0.82683,857.82
2025.05.27 22:00:00,0.82687,0.82704,0.82651,0.82677,2583.95
2025.05.27 23:00:00,0.82678,0.82737,0.82676,0.82715,1709.67
2025.05.28 00:00:00,0.82715,0.82718,0.82638,0.82714,2934.64
2025.05.28 01:00:00,0.82714,0.82892,0.82702,0.82778,6868.48
2025.05.28 02:00:00,0.82784,0.82889,0.82723,0.82863,6488.33
2025.05.28 03:00:00,0.82862,0.82888,0.82767,0.8279,4939.67
2025.05.28 04:00:00,0.82788,0.82847,0.82761,0.82824,3047.84
2025.05.28 05:00:00,0.82826,0.82907,0.82769,0.82772,4772.17
2025.05.28 06:00:00,0.82778,0.82823,0.82708,0.8279,6023.48
2025.05.28 07:00:00,0.82791,0.82804,0.82536,0.82585,7042.43
2025.05.28 08:00:00,0.82584,0.82769,0.82569,0.82653,7150.49
2025.05.28 09:00:00,0.82653,0.82708,0.82581,0.8269,7140.93
2025.05.28 10:00:00,0.82689,0.82793,0.82659,0.82781,5745.68
2025.05.28 11:00:00,0.82782,0.82799,0.82694,0.82713,5631.22
2025.05.28 12:00:00,0.82714,0.82747,0.82612,0.82731,6516.48
2025.05.28 13:00:00,0.8273,0.82857,0.82721,0.82771,9308.66
2025.05.28 14:00:00,0.82771,0.82783,0.82447,0.82613,11908.93
2025.05.28 15:00:00,0.82613,0.82774,0.82592,0.82766,7531.3
2025.05.28 16:00:00,0.82765,0.82766,0.82684,0.82685,4516.68
2025.05.28 17:00:00,0.82684,0.82721,0.82653,0.82682,3369.83
2025.05.28 18:00:00,0.82672,0.82745,0.8265,0.82692,3964.1
2025.05.28 19:00:00,0.82695,0.82742,0.8267,0.82707,3405.88
2025.05.28 20:00:00,0.82708,0.82725,0.82667,0.82667,3599.58
2025.05.28 21:00:00,0.82663,0.82739,0.82628,0.82667,692.35
2025.05.28 22:00:00,0.82668,0.82773,0.82668,0.82763,2506.24
2025.05.28 23:00:00,0.82761,0.83473,0.82759,0.83262,11990.3
2025.05.29 00:00:00,0.83264,0.83406,0.83148,0.83374,14257.98
2025.05.29 01:00:00,0.83374,0.83471,0.83208,0.83223,8795.12
2025.05.29 02:00:00,0.83223,0.83301,0.83178,0.83275,6506.24
2025.05.29 03:00:00,0.83277,0.83309,0.83181,0.83223,5203.52
2025.05.29 04:00:00,0.83225,0.8329,0.83153,0.83215,3424.72
2025.05.29 05:00:00,0.83215,0.83378,0.83191,0.83284,5572.73
2025.05.29 06:00:00,0.83283,0.83334,0.83077,0.83102,7817.54
2025.05.29 07:00:00,0.83104,0.83105,0.82915,0.82977,10092.26
2025.05.29 08:00:00,0.82977,0.83043,0.82922,0.82971,7959.97
2025.05.29 09:00:00,0.82973,0.8298,0.82869,0.82935,5537.58
2025.05.29 10:00:00,0.82934,0.82942,0.82751,0.82779,6531.9
2025.05.29 11:00:00,0.82779,0.82884,0.8272,0.82845,6330.36
2025.05.29 12:00:00,0.82847,0.82847,0.82424,0.82441,14059.34
2025.05.29 13:00:00,0.82439,0.82486,0.82356,0.82409,12573.51
2025.05.29 14:00:00,0.8241,0.82511,0.82318,0.82442,9147.64
2025.05.29 15:00:00,0.82443,0.82462,0.82265,0.82275,8961.05
2025.05.29 16:00:00,0.82275,0.82347,0.82245,0.82303,5648.34
2025.05.29 17:00:00,0.82302,0.82393,0.82184,0.82232,4493.25
2025.05.29 18:00:00,0.82234,0.82248,0.82175,0.82231,3564.49
2025.05.29 19:00:00,0.82232,0.8231,0.82227,0.82303,3240.86
2025.05.29 20:00:00,0.82301,0.82337,0.82274,0.82275,1678
2025.05.29 21:00:00,0.82268,0.82286,0.82087,0.82177,349.13
2025.05.29 22:00:00,0.82205,0.82293,0.82184,0.82242,3497.13
2025.05.29 23:00:00,0.82242,0.82267,0.82188,0.82201,2881.82
2025.05.30 00:00:00,0.82199,0.82298,0.82162,0.82194,5662.69
2025.05.30 01:00:00,0.82194,0.82267,0.81987,0.82251,7699.1
2025.05.30 02:00:00,0.82252,0.82327,0.82224,0.82318,4281.45
2025.05.30 03:00:00,0.82319,0.82338,0.8226,0.82306,5033.03
2025.05.30 04:00:00,0.82304,0.82314,0.82225,0.82293,3605.88
2025.05.30 05:00:00,0.82293,0.82351,0.82259,0.82275,4070.79
2025.05.30 06:00:00,0.82278,0.82412,0.82277,0.82326,5949.83
2025.05.30 07:00:00,0.82328,0.8248,0.82324,0.82394,8628.2
2025.05.30 08:00:00,0.82395,0.82446,0.82317,0.82391,7297.79
2025.05.30 09:00:00,0.82391,0.82428,0.82334,0.82395,5088.84
2025.05.30 10:00:00,0.82397,0.82465,0.82329,0.82454,4607.29
2025.05.30 11:00:00,0.82454,0.82489,0.82387,0.82399,4823.98
2025.05.30 12:00:00,0.82399,0.82417,0.82113,0.82253,12900.95
2025.05.30 13:00:00,0.82255,0.8243,0.82233,0.82374,10044.25
2025.05.30 14:00:00,0.82374,0.8245,0.82128,0.82147,14958.11
2025.05.30 15:00:00,0.82148,0.82332,0.82148,0.82294,11086.8
2025.05.30 16:00:00,0.82296,0.82301,0.82187,0.82217,6773.1
2025.05.30 17:00:00,0.82217,0.82248,0.82122,0.82166,4474.7
2025.05.30 18:00:00,0.82168,0.82242,0.82119,0.82232,4075.65
2025.05.30 19:00:00,0.82233,0.82306,0.82222,0.82266,4323.28
2025.05.30 20:00:00,0.82266,0.8233,0.82176,0.82176,3792.03
2025.06.01 21:00:00,0.82241,0.82365,0.82131,0.82232,1291.78
2025.06.01 22:00:00,0.82254,0.82259,0.82183,0.82193,1943.72
2025.06.01 23:00:00,0.82193,0.82236,0.8217,0.82222,2383.47
2025.06.02 00:00:00,0.82222,0.82227,0.82105,0.82173,3991.16
2025.06.02 01:00:00,0.82173,0.82207,0.8209,0.82171,4892.81
2025.06.02 02:00:00,0.82172,0.82243,0.82153,0.82234,3869.05
2025.06.02 03:00:00,0.82234,0.823,0.82215,0.82234,3077
2025.06.02 04:00:00,0.82233,0.8227,0.82222,0.82239,4042.48
2025.06.02 05:00:00,0.82238,0.82251,0.82056,0.82057,4481.66
2025.06.02 06:00:00,0.8206,0.82098,0.81937,0.82002,5694.16
2025.06.02 07:00:00,0.82001,0.82029,0.81713,0.81793,8295.85
2025.06.02 08:00:00,0.81793,0.81898,0.81758,0.81766,6849.94
2025.06.02 09:00:00,0.81767,0.81767,0.81565,0.81695,7142.05
2025.06.02 10:00:00,0.81695,0.81823,0.81693,0.81818,5581.87
2025.06.02 11:00:00,0.81819,0.81848,0.81713,0.81784,5200.21
2025.06.02 12:00:00,0.81786,0.81841,0.81702,0.81803,5728.12
2025.06.02 13:00:00,0.81803,0.81911,0.81741,0.81793,8024.02
2025.06.02 14:00:00,0.81771,0.81771,0.81565,0.81668,12827.18
2025.06.02 15:00:00,0.81669,0.81794,0.81657,0.8174,7492.02
2025.06.02 16:00:00,0.81739,0.81831,0.81727,0.818,4580.63
2025.06.02 17:00:00,0.81804,0.81847,0.8176,0.81811,3119.91
2025.06.02 18:00:00,0.81813,0.81826,0.81691,0.81691,3780.59
2025.06.02 19:00:00,0.81692,0.81751,0.81662,0.81668,2597.01
2025.06.02 20:00:00,0.8167,0.81709,0.81664,0.81696,1986.86
2025.06.02 21:00:00,0.81691,0.81735,0.81645,0.81673,378.95
2025.06.02 22:00:00,0.81673,0.81715,0.81644,0.81646,1255.84
2025.06.02 23:00:00,0.81646,0.8165,0.81588,0.81592,1574.49
2025.06.03 00:00:00,0.81593,0.81726,0.8158,0.81693,2931.84
2025.06.03 01:00:00,0.81694,0.81836,0.81694,0.81819,4813.76
2025.06.03 02:00:00,0.81819,0.81866,0.81783,0.81833,3965.78
2025.06.03 03:00:00,0.81836,0.81883,0.81821,0.81851,3181.54
2025.06.03 04:00:00,0.81852,0.81866,0.81779,0.81782,2842.23
2025.06.03 05:00:00,0.81782,0.8186,0.81772,0.81788,3610.79
2025.06.03 06:00:00,0.81788,0.81847,0.81727,0.81817,4521.41
2025.06.03 07:00:00,0.81816,0.81863,0.81685,0.81782,6418.71
2025.06.03 08:00:00,0.8178,0.81908,0.81762,0.81885,5367
2025.06.03 09:00:00,0.81885,0.81958,0.81828,0.81855,4734.93
2025.06.03 10:00:00,0.81857,0.82035,0.81849,0.82016,4247.74
2025.06.03 11:00:00,0.82015,0.82165,0.82003,0.82112,4995.41
2025.06.03 12:00:00,0.82111,0.82341,0.82087,0.8231,7002.57
2025.06.03 13:00:00,0.8231,0.82339,0.82167,0.82316,8579.27
2025.06.03 14:00:00,0.82318,0.8247,0.82248,0.82314,10859.32
2025.06.03 15:00:00,0.82314,0.82461,0.82289,0.82426,5938.61
2025.06.03 16:00:00,0.82426,0.82442,0.82336,0.82386,3779.52
2025.06.03 17:00:00,0.82387,0.824,0.82334,0.82338,2635.61
2025.06.03 18:00:00,0.82338,0.82377,0.82326,0.82369,2270.18
2025.06.03 19:00:00,0.82369,0.82422,0.82346,0.82414,1610.3
2025.06.03 20:00:00,0.82411,0.82415,0.82368,0.82368,1235.16
2025.06.03 21:00:00,0.82368,0.82368,0.82278,0.82311,419.15
2025.06.03 22:00:00,0.82343,0.82385,0.82342,0.82368,1211.53
2025.06.03 23:00:00,0.82367,0.8237,0.82279,0.82294,1420.38
2025.06.04 00:00:00,0.82294,0.82349,0.82257,0.82341,4086.81
2025.06.04 01:00:00,0.82342,0.82433,0.8224,0.82296,5390.5
2025.06.04 02:00:00,0.82296,0.82361,0.82271,0.82335,3212.95
2025.06.04 03:00:00,0.82334,0.82429,0.82304,0.82423,3016.36
2025.06.04 04:00:00,0.82423,0.82441,0.82356,0.82431,3777.96
2025.06.04 05:00:00,0.8243,0.82497,0.82395,0.82415,4798.65
2025.06.04 06:00:00,0.82416,0.82458,0.82296,0.82301,5571.57
2025.06.04 07:00:00,0.82301,0.82364,0.82242,0.82317,5842.95
2025.06.04 08:00:00,0.82318,0.82365,0.82188,0.82216,5020.18
2025.06.04 09:00:00,0.82217,0.82381,0.82214,0.8238,4126.65
2025.06.04 10:00:00,0.8238,0.82419,0.82333,0.82375,4042.9
2025.06.04 11:00:00,0.82377,0.8238,0.82301,0.82359,3649.92
2025.06.04 12:00:00,0.82358,0.82365,0.82078,0.82116,10217.8
2025.06.04 13:00:00,0.82117,0.82217,0.82088,0.82154,7490.33
2025.06.04 14:00:00,0.82153,0.82153,0.81765,0.81832,12591.77
2025.06.04 15:00:00,0.81831,0.81929,0.81824,0.81832,7482.61
2025.06.04 16:00:00,0.81832,0.81832,0.81699,0.81706,4238.22
2025.06.04 17:00:00,0.81705,0.81782,0.81704,0.81781,3366.31
2025.06.04 18:00:00,0.8178,0.81798,0.81724,0.81773,2700.11
2025.06.04 19:00:00,0.81773,0.8191,0.81757,0.81874,2976.7
2025.06.04 20:00:00,0.81876,0.8189,0.81803,0.81803,2093.59
2025.06.04 21:00:00,0.81787,0.81827,0.81664,0.81763,1194.87
2025.06.04 22:00:00,0.81763,0.81869,0.81763,0.8182,1852.23
2025.06.04 23:00:00,0.81821,0.81836,0.81733,0.81813,1282.42
2025.06.05 00:00:00,0.81814,0.81855,0.8175,0.81757,5046.61
2025.06.05 01:00:00,0.81755,0.81893,0.81715,0.8187,4556.42
2025.06.05 02:00:00,0.81871,0.81904,0.8183,0.81842,2884.35
2025.06.05 03:00:00,0.81841,0.8194,0.81814,0.81922,4413.01
2025.06.05 04:00:00,0.81923,0.8194,0.8186,0.81904,3777.08
2025.06.05 05:00:00,0.81903,0.81957,0.81881,0.81931,3185.67
2025.06.05 06:00:00,0.8193,0.81971,0.8187,0.8195,3386.7
2025.06.05 07:00:00,0.81949,0.82052,0.81864,0.82017,4856.28
2025.06.05 08:00:00,0.82018,0.82082,0.81954,0.82034,4068.22
2025.06.05 09:00:00,0.82033,0.82058,0.81958,0.81971,3972.54
2025.06.05 10:00:00,0.81972,0.81982,0.81879,0.81909,3617.52
2025.06.05 11:00:00,0.81908,0.82005,0.81884,0.81947,4098.63
2025.06.05 12:00:00,0.81948,0.82146,0.818,0.82027,14376.36
2025.06.05 13:00:00,0.82025,0.82113,0.81719,0.81743,18137.48
2025.06.05 14:00:00,0.81744,0.82001,0.81722,0.81979,14561
2025.06.05 15:00:00,0.81981,0.82137,0.8193,0.821,10327.82
2025.06.05 16:00:00,0.82101,0.82141,0.819,0.81911,6459.57
2025.06.05 17:00:00,0.81913,0.82089,0.81906,0.82,3935.65
2025.06.05 18:00:00,0.82001,0.82105,0.81991,0.82039,3543.18
2025.06.05 19:00:00,0.82039,0.82085,0.81934,0.82017,7023.82
2025.06.05 20:00:00,0.82016,0.82033,0.81927,0.81927,2069.48
2025.06.05 21:00:00,0.81928,0.8199,0.81858,0.81869,451.42
2025.06.05 22:00:00,0.81908,0.81951,0.81883,0.81937,1179.64
2025.06.05 23:00:00,0.81937,0.8197,0.81923,0.81928,1214.52
2025.06.06 00:00:00,0.81929,0.82015,0.8192,0.82011,3469.98
2025.06.06 01:00:00,0.82013,0.82044,0.81971,0.82037,4442.75
2025.06.06 02:00:00,0.82036,0.82075,0.82018,0.82047,4018.07
2025.06.06 03:00:00,0.82048,0.82051,0.81992,0.82011,2847.68
2025.06.06 04:00:00,0.82011,0.82051,0.82003,0.82026,2416.77
2025.06.06 05:00:00,0.82026,0.82109,0.82022,0.82073,2989.84
2025.06.06 06:00:00,0.82073,0.82193,0.82042,0.82148,4468.2
2025.06.06 07:00:00,0.82148,0.82196,0.82047,0.8207,5157.66
2025.06.06 08:00:00,0.8207,0.82203,0.82069,0.82196,4841.38
2025.06.06 09:00:00,0.82195,0.82234,0.82115,0.82142,3885.97
2025.06.06 10:00:00,0.82142,0.8216,0.82109,0.82134,3087.72
2025.06.06 11:00:00,0.82134,0.8222,0.82112,0.82208,3771.95
2025.06.06 12:00:00,0.82207,0.8241,0.82104,0.82371,13773.06
2025.06.06 13:00:00,0.82373,0.82478,0.82266,0.82389,12800.6
2025.06.06 14:00:00,0.82388,0.82415,0.82217,0.82327,12170
2025.06.06 15:00:00,0.82327,0.82418,0.82116,0.82201,10729.97
2025.06.06 16:00:00,0.82201,0.82314,0.82171,0.82306,5129.42
2025.06.06 17:00:00,0.82305,0.82323,0.82216,0.82233,3724.56
2025.06.06 18:00:00,0.82235,0.82237,0.82163,0.82213,3332.79
2025.06.06 19:00:00,0.82214,0.82219,0.82158,0.82177,2662.68
2025.06.06 20:00:00,0.82177,0.82236,0.82166,0.82199,1820.06
2025.06.08 21:00:00,0.82126,0.8222,0.82086,0.82174,411.53
2025.06.08 22:00:00,0.82179,0.82182,0.82106,0.82123,1593.88
2025.06.08 23:00:00,0.82127,0.82154,0.82082,0.82133,1415.61
2025.06.09 00:00:00,0.82133,0.8225,0.82117,0.8225,3027.3
2025.06.09 01:00:00,0.8225,0.8225,0.82091,0.8211,3430.74
2025.06.09 02:00:00,0.8211,0.8212,0.82037,0.82113,2906.48
2025.06.09 03:00:00,0.82113,0.82132,0.82085,0.82117,2052.27
2025.06.09 04:00:00,0.82119,0.82121,0.82075,0.82084,2546.1
2025.06.09 05:00:00,0.82083,0.82123,0.82047,0.82067,2388.58
2025.06.09 06:00:00,0.82067,0.82093,0.82002,0.82037,4408.53
2025.06.09 07:00:00,0.82037,0.82075,0.81955,0.81987,5841.13
2025.06.09 08:00:00,0.81986,0.8202,0.81921,0.82018,4628.42
2025.06.09 09:00:00,0.82018,0.8203,0.81947,0.8203,3731.64
2025.06.09 10:00:00,0.8203,0.82079,0.81991,0.82063,3479.38
2025.06.09 11:00:00,0.82064,0.82148,0.8205,0.82089,4159.22
2025.06.09 12:00:00,0.82089,0.82231,0.82067,0.822,4755.62
2025.06.09 13:00:00,0.82202,0.82245,0.8212,0.82148,5790.47
2025.06.09 14:00:00,0.82148,0.82256,0.82119,0.82167,5967.14
2025.06.09 15:00:00,0.82168,0.82169,0.82037,0.82049,3452.6
2025.06.09 16:00:00,0.82047,0.8211,0.82044,0.82099,1883.33
2025.06.09 17:00:00,0.82097,0.82139,0.82091,0.82115,1291.5
2025.06.09 18:00:00,0.82116,0.8213,0.82093,0.82128,1596.4
2025.06.09 19:00:00,0.82131,0.82159,0.821,0.82147,1176.25
2025.06.09 20:00:00,0.82148,0.82171,0.82123,0.82123,962.68
2025.06.09 21:00:00,0.82113,0.82183,0.8209,0.82135,935.72
2025.06.09 22:00:00,0.82141,0.82174,0.8212,0.82144,907.8
2025.06.09 23:00:00,0.82144,0.82167,0.82116,0.82129,913.2
2025.06.10 00:00:00,0.82131,0.82169,0.82093,0.82139,2474.52
2025.06.10 01:00:00,0.82139,0.82361,0.82106,0.82348,4094.16
2025.06.10 02:00:00,0.82349,0.82415,0.82275,0.82287,4295.26
2025.06.10 03:00:00,0.82288,0.82328,0.82231,0.82235,2655.64
2025.06.10 04:00:00,0.82234,0.82287,0.8222,0.82251,1798.17
2025.06.10 05:00:00,0.8225,0.82259,0.82097,0.82178,5050.48
2025.06.10 06:00:00,0.82175,0.8226,0.8212,0.82237,6450.55
2025.06.10 07:00:00,0.82238,0.8236,0.82186,0.82199,8119.16
2025.06.10 08:00:00,0.822,0.82218,0.82079,0.82108,4979.7
2025.06.10 09:00:00,0.82109,0.82162,0.82087,0.82113,4248.03
2025.06.10 10:00:00,0.82112,0.82147,0.82093,0.82123,3715.22
2025.06.10 11:00:00,0.82125,0.82145,0.82074,0.82129,4046.15
2025.06.10 12:00:00,0.82128,0.82193,0.82086,0.82168,5026.93
2025.06.10 13:00:00,0.8217,0.82183,0.82035,0.82073,6484.25
2025.06.10 14:00:00,0.82074,0.822,0.82066,0.82185,6094.8
2025.06.10 15:00:00,0.82186,0.82296,0.8218,0.82195,6138.86
2025.06.10 16:00:00,0.82194,0.82278,0.82176,0.82225,2908.65
2025.06.10 17:00:00,0.82223,0.82271,0.82214,0.82267,1701.94
2025.06.10 18:00:00,0.82268,0.82329,0.8224,0.82296,2305.05
2025.06.10 19:00:00,0.82297,0.82315,0.82206,0.82276,2152.69
2025.06.10 20:00:00,0.82278,0.82295,0.82241,0.82241,1143.04
2025.06.10 21:00:00,0.82241,0.82288,0.82218,0.82228,1019.13
2025.06.10 22:00:00,0.82245,0.82286,0.82227,0.8226,1096.06
2025.06.10 23:00:00,0.8226,0.82289,0.82188,0.82203,2601.18
2025.06.11 00:00:00,0.82202,0.82221,0.8212,0.82214,4287.17
2025.06.11 01:00:00,0.82213,0.82305,0.82203,0.82291,3330.96
2025.06.11 02:00:00,0.8229,0.8232,0.82246,0.82265,1975.14
2025.06.11 03:00:00,0.82266,0.82296,0.82253,0.82261,2366.67
2025.06.11 04:00:00,0.82263,0.8229,0.82249,0.82262,2122.63
2025.06.11 05:00:00,0.82261,0.82295,0.8224,0.82251,2178.91
2025.06.11 06:00:00,0.82251,0.82344,0.82246,0.82309,3579.47
2025.06.11 07:00:00,0.82311,0.8234,0.82222,0.82255,4777.6
2025.06.11 08:00:00,0.82255,0.82264,0.82134,0.82199,3853.48
2025.06.11 09:00:00,0.82201,0.82214,0.82135,0.82203,3971.38
2025.06.11 10:00:00,0.82202,0.82236,0.82172,0.82204,3147.81
2025.06.11 11:00:00,0.82204,0.82286,0.82169,0.82249,3574.8
2025.06.11 12:00:00,0.82248,0.82291,0.81845,0.8206,12805.22
2025.06.11 13:00:00,0.8206,0.82093,0.81971,0.8204,10331.18
2025.06.11 14:00:00,0.8204,0.82058,0.81933,0.81969,7382.4
2025.06.11 15:00:00,0.81972,0.8202,0.81937,0.81947,5869.96
2025.06.11 16:00:00,0.81947,0.82043,0.81926,0.82043,2693.31
2025.06.11 17:00:00,0.82045,0.82051,0.8197,0.81985,1846.04
2025.06.11 18:00:00,0.81984,0.82052,0.81932,0.82045,3550.85
2025.06.11 19:00:00,0.82047,0.82074,0.82035,0.82047,1874.76
2025.06.11 20:00:00,0.82046,0.82073,0.81998,0.81998,1670.54
2025.06.11 21:00:00,0.8198,0.82052,0.81953,0.81983,622.24
2025.06.11 22:00:00,0.82008,0.82018,0.81861,0.81883,3225.13
2025.06.11 23:00:00,0.81882,0.81884,0.81826,0.81844,2721.09
2025.06.12 00:00:00,0.81845,0.81881,0.81715,0.81758,5357.69
2025.06.12 01:00:00,0.8176,0.81791,0.81591,0.81679,5388.23
2025.06.12 02:00:00,0.81679,0.81775,0.81662,0.81702,4400.04
2025.06.12 03:00:00,0.81703,0.81716,0.81639,0.81652,3005.71
2025.06.12 04:00:00,0.81653,0.81714,0.81653,0.8169,2738.13
2025.06.12 05:00:00,0.81691,0.81712,0.81571,0.81573,2903.97
2025.06.12 06:00:00,0.81576,0.81757,0.81568,0.81632,5490.44
2025.06.12 07:00:00,0.81632,0.81743,0.81491,0.81499,7313.04
2025.06.12 08:00:00,0.815,0.8153,0.81411,0.81456,7698.51
2025.06.12 09:00:00,0.81457,0.81497,0.81269,0.81371,7281.37
2025.06.12 10:00:00,0.81372,0.81411,0.81177,0.81228,9077.61
2025.06.12 11:00:00,0.81229,0.81306,0.81145,0.81259,7133.76
2025.06.12 12:00:00,0.81261,0.81312,0.81021,0.81117,11243.96
2025.06.12 13:00:00,0.81117,0.8126,0.81059,0.81247,10015.02
2025.06.12 14:00:00,0.81248,0.81335,0.81208,0.81307,8292.13
2025.06.12 15:00:00,0.81308,0.8142,0.81222,0.81253,8159.44
2025.06.12 16:00:00,0.81253,0.81289,0.81175,0.81217,4737.01
2025.06.12 17:00:00,0.81219,0.8128,0.81151,0.81169,2932.06
2025.06.12 18:00:00,0.81169,0.81192,0.81113,0.81151,2642.87
2025.06.12 19:00:00,0.8115,0.81165,0.81103,0.81116,3903.99
2025.06.12 20:00:00,0.81117,0.81138,0.80991,0.80993,2425.54
2025.06.12 21:00:00,0.80993,0.81049,0.80965,0.81022,250.43
2025.06.12 22:00:00,0.81028,0.81036,0.80999,0.81018,1030.34
2025.06.12 23:00:00,0.81016,0.81032,0.80763,0.80764,2589.29
2025.06.13 00:00:00,0.80765,0.80814,0.80555,0.80694,18683.54
2025.06.13 01:00:00,0.80692,0.80791,0.80615,0.80761,11607.68
2025.06.13 02:00:00,0.80762,0.80776,0.80649,0.80683,6541.7
2025.06.13 03:00:00,0.80685,0.80925,0.80681,0.80908,8437.7
2025.06.13 04:00:00,0.80908,0.81007,0.80873,0.80962,5775.85
2025.06.13 05:00:00,0.80962,0.81163,0.80895,0.80994,6218.52
2025.06.13 06:00:00,0.80994,0.81143,0.80947,0.81081,10636.5
2025.06.13 07:00:00,0.81081,0.81197,0.81024,0.81189,9252.02
2025.06.13 08:00:00,0.8119,0.81288,0.81136,0.81235,6390.18
2025.06.13 09:00:00,0.81239,0.81341,0.81206,0.81316,7499.18
2025.06.13 10:00:00,0.81317,0.81464,0.81266,0.81392,7338.53
2025.06.13 11:00:00,0.81391,0.81482,0.81283,0.81287,6667.3
2025.06.13 12:00:00,0.81289,0.8132,0.81223,0.81291,5897.03
2025.06.13 13:00:00,0.81294,0.81399,0.81264,0.8128,7988.92
2025.06.13 14:00:00,0.81278,0.81304,0.81128,0.81189,9894.94
2025.06.13 15:00:00,0.81189,0.81256,0.81109,0.8116,7628.87
2025.06.13 16:00:00,0.81159,0.81159,0.81077,0.81133,3702.98
2025.06.13 17:00:00,0.81132,0.81213,0.81111,0.8113,3610.5
2025.06.13 18:00:00,0.8113,0.81158,0.81075,0.81145,4729.8
2025.06.13 19:00:00,0.81146,0.81175,0.81069,0.81086,3945.2
2025.06.13 20:00:00,0.81086,0.8115,0.81061,0.81118,3235.52
2025.06.15 21:00:00,0.81103,0.81207,0.81066,0.81076,261.12
2025.06.15 22:00:00,0.81066,0.81222,0.81066,0.81116,22964.57
2025.06.15 23:00:00,0.81118,0.81233,0.81103,0.81185,8593.98
2025.06.16 00:00:00,0.81184,0.8123,0.8113,0.81184,4231.23
2025.06.16 01:00:00,0.81188,0.81203,0.81077,0.81179,5169.67
2025.06.16 02:00:00,0.81179,0.8126,0.81178,0.81243,2397.21
2025.06.16 03:00:00,0.81244,0.81313,0.81222,0.813,3125.53
2025.06.16 04:00:00,0.81302,0.81303,0.81251,0.81261,2078.5
2025.06.16 05:00:00,0.81262,0.81269,0.81067,0.811,3968.39
2025.06.16 06:00:00,0.81101,0.81259,0.81101,0.81168,6380.84
2025.06.16 07:00:00,0.81168,0.8134,0.81152,0.81183,7093.18
2025.06.16 08:00:00,0.81183,0.81276,0.81143,0.81202,4526.8
2025.06.16 09:00:00,0.812,0.81236,0.81088,0.8109,4522.81
2025.06.16 10:00:00,0.8109,0.81125,0.81004,0.8105,3636.6
2025.06.16 11:00:00,0.81048,0.81169,0.81025,0.8111,3742.16
2025.06.16 12:00:00,0.81109,0.81192,0.81096,0.81108,6447.23
2025.06.16 13:00:00,0.81106,0.81116,0.80918,0.80968,9677.94
2025.06.16 14:00:00,0.80968,0.81107,0.80885,0.81073,9478.78
2025.06.16 15:00:00,0.81071,0.8117,0.81058,0.81151,5333.68
2025.06.16 16:00:00,0.81149,0.81205,0.8111,0.81167,3375.75
2025.06.16 17:00:00,0.81166,0.81245,0.81158,0.81219,2602.13
2025.06.16 18:00:00,0.81219,0.81276,0.81209,0.81273,2125.86
2025.06.16 19:00:00,0.81272,0.81463,0.81267,0.81458,2749.78
2025.06.16 20:00:00,0.81459,0.81467,0.81341,0.81341,1952.08
2025.06.16 21:00:00,0.81338,0.81393,0.81238,0.81336,1045.91
2025.06.16 22:00:00,0.81337,0.81425,0.81333,0.81347,2152.61
2025.06.16 23:00:00,0.81345,0.81395,0.81338,0.81353,2329.08
2025.06.17 00:00:00,0.81353,0.81459,0.81347,0.81449,5663.34
2025.06.17 01:00:00,0.81447,0.81447,0.81374,0.81394,3497.11
2025.06.17 02:00:00,0.81394,0.81446,0.81379,0.81425,4816.99
2025.06.17 03:00:00,0.81426,0.81437,0.81363,0.8137,4667.2
2025.06.17 04:00:00,0.81369,0.81374,0.81287,0.8135,3116.59
2025.06.17 05:00:00,0.81352,0.81369,0.81315,0.81315,2474.91
2025.06.17 06:00:00,0.81315,0.81376,0.81228,0.81251,4931.44
2025.06.17 07:00:00,0.81251,0.81368,0.812,0.81256,6137.39
2025.06.17 08:00:00,0.81256,0.81287,0.81212,0.81282,4726.57
2025.06.17 09:00:00,0.81282,0.81317,0.81243,0.81263,5204.64
2025.06.17 10:00:00,0.81263,0.81276,0.81208,0.81229,3310.26
2025.06.17 11:00:00,0.8123,0.81341,0.81207,0.81305,3148.06
2025.06.17 12:00:00,0.81307,0.81431,0.81216,0.81425,7565.87
2025.06.17 13:00:00,0.81424,0.81475,0.81337,0.81431,7308.06
2025.06.17 14:00:00,0.81433,0.81644,0.81391,0.81564,9534.15
2025.06.17 15:00:00,0.81564,0.81577,0.8138,0.81414,5420.92
2025.06.17 16:00:00,0.81412,0.81533,0.81323,0.81514,4649.8
2025.06.17 17:00:00,0.81513,0.81583,0.81455,0.81567,6634.95
2025.06.17 18:00:00,0.81567,0.81711,0.81559,0.81698,4696.72
2025.06.17 19:00:00,0.81699,0.81713,0.81631,0.81639,2893.38
2025.06.17 20:00:00,0.81639,0.81703,0.81604,0.81604,2518.13
2025.06.17 21:00:00,0.8149,0.81618,0.81442,0.81582,835.76
2025.06.17 22:00:00,0.81579,0.81711,0.81573,0.81702,1752.25
2025.06.17 23:00:00,0.81702,0.81724,0.81673,0.81686,1498.42
2025.06.18 00:00:00,0.81689,0.81713,0.81632,0.81684,5393.67
2025.06.18 01:00:00,0.81684,0.81699,0.81626,0.81642,3998.88
2025.06.18 02:00:00,0.81643,0.81678,0.81616,0.81634,2624.73
2025.06.18 03:00:00,0.81636,0.81653,0.81602,0.81641,1864.62
2025.06.18 04:00:00,0.8164,0.81681,0.81617,0.81642,2059.95
2025.06.18 05:00:00,0.81642,0.81656,0.81617,0.81628,2304.93
2025.06.18 06:00:00,0.81626,0.81681,0.81533,0.81543,4640.59
2025.06.18 07:00:00,0.81542,0.81714,0.81541,0.81654,4275.53
2025.06.18 08:00:00,0.81654,0.81733,0.81643,0.81714,3851.82
2025.06.18 09:00:00,0.81715,0.81798,0.81714,0.81778,3502.81
2025.06.18 10:00:00,0.81778,0.81792,0.81687,0.81701,3767.09
2025.06.18 11:00:00,0.81701,0.81815,0.81694,0.81727,3803.06
2025.06.18 12:00:00,0.81731,0.81755,0.8162,0.81663,5536.4
2025.06.18 13:00:00,0.81664,0.81771,0.81664,0.81745,6657.16
2025.06.18 14:00:00,0.81746,0.81828,0.81653,0.8178,11157.45
2025.06.18 15:00:00,0.81779,0.81795,0.8169,0.8174,4557.71
2025.06.18 16:00:00,0.81738,0.81778,0.8168,0.81769,2948.66
2025.06.18 17:00:00,0.81768,0.81824,0.81729,0.81751,3174.26
2025.06.18 18:00:00,0.81751,0.81912,0.81557,0.81908,15528.03
2025.06.18 19:00:00,0.81907,0.81989,0.81872,0.8192,10605.76
2025.06.18 20:00:00,0.81924,0.81938,0.81832,0.81832,2917.92
2025.06.18 21:00:00,0.81828,0.81897,0.81776,0.8181,1515.64
2025.06.18 22:00:00,0.81815,0.81892,0.81786,0.81856,1432.28
2025.06.18 23:00:00,0.81854,0.81914,0.81838,0.81913,2366.42
2025.06.19 00:00:00,0.81913,0.8192,0.81871,0.81896,4655.46
2025.06.19 01:00:00,0.81896,0.82029,0.81874,0.82021,5616.85
2025.06.19 02:00:00,0.82022,0.82023,0.81968,0.82005,2745.05
2025.06.19 03:00:00,0.82005,0.82051,0.81956,0.81971,1715.28
2025.06.19 04:00:00,0.81969,0.81979,0.81938,0.81963,1580.56
2025.06.19 05:00:00,0.81964,0.82068,0.81961,0.82028,2941.4
2025.06.19 06:00:00,0.82027,0.8215,0.82024,0.82075,5385.59
2025.06.19 07:00:00,0.82077,0.82136,0.8179,0.81863,9562.4
2025.06.19 08:00:00,0.81864,0.81941,0.81582,0.81602,7912.75
2025.06.19 09:00:00,0.816,0.81719,0.81557,0.81719,5047.29
2025.06.19 10:00:00,0.8172,0.81828,0.81688,0.81783,4441.19
2025.06.19 11:00:00,0.81784,0.81843,0.8173,0.81744,5354.67
2025.06.19 12:00:00,0.81744,0.81834,0.81713,0.81748,5505.36
2025.06.19 13:00:00,0.8175,0.81785,0.81702,0.81777,4670.17
2025.06.19 14:00:00,0.81777,0.81943,0.8175,0.81893,5796.84
2025.06.19 15:00:00,0.81896,0.81915,0.81851,0.81896,3534.6
2025.06.19 16:00:00,0.81896,0.8192,0.81854,0.81877,1697.1
2025.06.19 17:00:00,0.8188,0.81886,0.81776,0.81798,1864.83
2025.06.19 18:00:00,0.81799,0.81833,0.81734,0.81751,1441.16
2025.06.19 19:00:00,0.81749,0.81749,0.81571,0.81609,2740.56
2025.06.19 20:00:00,0.81606,0.8166,0.81606,0.81618,1718.07
2025.06.19 21:00:00,0.81592,0.81649,0.81552,0.81567,512.13
2025.06.19 22:00:00,0.81612,0.81713,0.81592,0.8168,1626.3
2025.06.19 23:00:00,0.81677,0.81698,0.81605,0.81639,1946.05
2025.06.20 00:00:00,0.81637,0.81668,0.81578,0.81592,4475.23
2025.06.20 01:00:00,0.81593,0.8167,0.8158,0.81636,4038.25
2025.06.20 02:00:00,0.81637,0.817,0.81604,0.81689,5017.2
2025.06.20 03:00:00,0.8169,0.81705,0.81589,0.81608,4557.16
2025.06.20 04:00:00,0.81609,0.81676,0.81555,0.81663,2753.91
2025.06.20 05:00:00,0.81665,0.81703,0.81558,0.81593,4930.51
2025.06.20 06:00:00,0.81596,0.81649,0.81518,0.81576,4671.01
2025.06.20 07:00:00,0.81577,0.81663,0.81568,0.81608,3759.74
2025.06.20 08:00:00,0.81609,0.8166,0.81572,0.81596,3761.15
2025.06.20 09:00:00,0.81599,0.81672,0.81574,0.81651,2931.75
2025.06.20 10:00:00,0.81652,0.81683,0.81617,0.81679,2754.06
2025.06.20 11:00:00,0.81683,0.8179,0.81669,0.81702,4690.64
2025.06.20 12:00:00,0.81702,0.81769,0.8163,0.81712,7488.52
2025.06.20 13:00:00,0.81712,0.81807,0.81654,0.81725,6325.98
2025.06.20 14:00:00,0.81726,0.81831,0.81717,0.81771,8494.64
2025.06.20 15:00:00,0.81772,0.81772,0.81656,0.8175,5820.48
2025.06.20 16:00:00,0.81751,0.81759,0.81655,0.81664,3721.33
2025.06.20 17:00:00,0.81663,0.81691,0.81623,0.81684,2995.75
2025.06.20 18:00:00,0.81684,0.8172,0.81656,0.81717,2249.82
2025.06.20 19:00:00,0.81717,0.81816,0.81692,0.81807,2183.12
2025.06.20 20:00:00,0.81805,0.81836,0.81767,0.81767,2580.41
2025.06.22 21:00:00,0.8166,0.81751,0.81649,0.81668,376.59
2025.06.22 22:00:00,0.81668,0.8186,0.81643,0.81817,5400.17
2025.06.22 23:00:00,0.81814,0.81845,0.81727,0.81776,3556.49
2025.06.23 00:00:00,0.81774,0.81946,0.81732,0.81862,6692.31
2025.06.23 01:00:00,0.81861,0.81941,0.81831,0.81859,5158.48
2025.06.23 02:00:00,0.81859,0.81869,0.81716,0.81758,4403.27
2025.06.23 03:00:00,0.81757,0.81801,0.81734,0.81768,3525.48
2025.06.23 04:00:00,0.81769,0.81835,0.81755,0.81815,3290.83
2025.06.23 05:00:00,0.81816,0.81829,0.81706,0.81721,3926.88
2025.06.23 06:00:00,0.81721,0.81755,0.81646,0.81653,5911.88
2025.06.23 07:00:00,0.81654,0.81749,0.81583,0.81684,7257.4
2025.06.23 08:00:00,0.81684,0.81808,0.81651,0.81791,4849.23
2025.06.23 09:00:00,0.8179,0.81909,0.81749,0.81814,5574.46
2025.06.23 10:00:00,0.81814,0.81903,0.81763,0.81859,4663.76
2025.06.23 11:00:00,0.81856,0.81875,0.81726,0.81755,4201.88
2025.06.23 12:00:00,0.81757,0.81938,0.8173,0.81824,6116.71
2025.06.23 13:00:00,0.81825,0.81873,0.81678,0.8173,7679.69
2025.06.23 14:00:00,0.81729,0.81749,0.81276,0.8137,13615.38
2025.06.23 15:00:00,0.81371,0.81404,0.81218,0.81333,8016.36
2025.06.23 16:00:00,0.81333,0.81437,0.81252,0.81307,8217.41
2025.06.23 17:00:00,0.81307,0.81347,0.81194,0.81229,6985.86
2025.06.23 18:00:00,0.81229,0.81263,0.81156,0.81238,5421.66
2025.06.23 19:00:00,0.81238,0.81242,0.81178,0.81182,3065.3
2025.06.23 20:00:00,0.81182,0.81279,0.81147,0.81213,2193.35
2025.06.23 21:00:00,0.81163,0.81265,0.81101,0.81253,376.08
2025.06.23 22:00:00,0.81253,0.81253,0.81171,0.81231,4000.09
2025.06.23 23:00:00,0.8123,0.81274,0.81166,0.81267,3322.63
2025.06.24 00:00:00,0.81268,0.81309,0.81152,0.81211,6496.32
2025.06.24 01:00:00,0.81212,0.81298,0.81156,0.81293,5193.54
2025.06.24 02:00:00,0.81293,0.813,0.81186,0.81203,3702.53
2025.06.24 03:00:00,0.81202,0.81202,0.81123,0.81162,2391.9
2025.06.24 04:00:00,0.81161,0.81192,0.81128,0.81179,2641.39
2025.06.24 05:00:00,0.8118,0.81214,0.81113,0.81116,3308
2025.06.24 06:00:00,0.81116,0.81191,0.81042,0.81163,7620.83
2025.06.24 07:00:00,0.81163,0.81254,0.81125,0.81179,8533.9
2025.06.24 08:00:00,0.81181,0.81205,0.81113,0.81133,6935.04
2025.06.24 09:00:00,0.81135,0.8114,0.80974,0.81019,5385.96
2025.06.24 10:00:00,0.81021,0.81077,0.81002,0.8102,3425.97
2025.06.24 11:00:00,0.8102,0.81028,0.8085,0.80852,4942.54
2025.06.24 12:00:00,0.80854,0.80938,0.80786,0.8082,6520.03
2025.06.24 13:00:00,0.80822,0.80945,0.80776,0.80805,8553.34
2025.06.24 14:00:00,0.80803,0.80839,0.80408,0.80526,14243.26
2025.06.24 15:00:00,0.80526,0.80533,0.80394,0.80494,7496.24
2025.06.24 16:00:00,0.80494,0.80567,0.80394,0.80411,4258.89
2025.06.24 17:00:00,0.80412,0.80448,0.80343,0.80425,3281.97
2025.06.24 18:00:00,0.80426,0.80444,0.80362,0.80436,2655.66
2025.06.24 19:00:00,0.80436,0.80519,0.80423,0.80513,2305.2
2025.06.24 20:00:00,0.80513,0.80552,0.80498,0.80498,1265.18
2025.06.24 21:00:00,0.80498,0.80508,0.80434,0.80466,319.83
2025.06.24 22:00:00,0.80464,0.80563,0.80464,0.80516,2280.21
2025.06.24 23:00:00,0.80515,0.80525,0.80466,0.80516,1098.6
2025.06.25 00:00:00,0.80517,0.80526,0.80443,0.80456,3391.06
2025.06.25 01:00:00,0.80455,0.8052,0.80424,0.80461,3482.76
2025.06.25 02:00:00,0.80459,0.80531,0.80446,0.80506,2469.47
2025.06.25 03:00:00,0.80505,0.8056,0.80499,0.80555,2317.22
2025.06.25 04:00:00,0.80555,0.80557,0.80497,0.80508,1169.4
2025.06.25 05:00:00,0.80509,0.80546,0.80448,0.80472,2174.17
2025.06.25 06:00:00,0.80472,0.80563,0.80435,0.80551,4044.45
2025.06.25 07:00:00,0.80549,0.80579,0.80401,0.8053,5110.31
2025.06.25 08:00:00,0.80531,0.80584,0.805,0.8054,4041.24
2025.06.25 09:00:00,0.80541,0.80799,0.80532,0.80651,5683.12
2025.06.25 10:00:00,0.80652,0.80676,0.8059,0.80659,3306.81
2025.06.25 11:00:00,0.80661,0.80693,0.80598,0.80663,3937.04
2025.06.25 12:00:00,0.80661,0.80744,0.8064,0.80711,4018.14
2025.06.25 13:00:00,0.80711,0.80746,0.80606,0.80677,4899.6
2025.06.25 14:00:00,0.80676,0.80685,0.80568,0.80584,6613.68
2025.06.25 15:00:00,0.80584,0.80625,0.80532,0.80572,3358.86
2025.06.25 16:00:00,0.80566,0.80566,0.80475,0.80516,1573.91
2025.06.25 17:00:00,0.80517,0.80574,0.80497,0.80502,2336.79
2025.06.25 18:00:00,0.80502,0.80509,0.80403,0.80415,3113.56
2025.06.25 19:00:00,0.80415,0.80473,0.80393,0.80469,2046.26
2025.06.25 20:00:00,0.80467,0.80519,0.80438,0.80438,1737.79
2025.06.25 21:00:00,0.80438,0.80482,0.80413,0.80431,412.34
2025.06.25 22:00:00,0.8042,0.80485,0.80418,0.80453,1355.84
2025.06.25 23:00:00,0.80452,0.80459,0.80365,0.80377,3038.9
2025.06.26 00:00:00,0.80376,0.80376,0.80318,0.80353,3125.26
2025.06.26 01:00:00,0.80354,0.80434,0.8034,0.80352,3770.94
2025.06.26 02:00:00,0.80349,0.80389,0.80325,0.80345,3099.93
2025.06.26 03:00:00,0.80346,0.8035,0.80235,0.80323,4078.19
2025.06.26 04:00:00,0.80324,0.80386,0.80323,0.80361,2742.12
2025.06.26 05:00:00,0.80364,0.80411,0.80318,0.80327,3650.37
2025.06.26 06:00:00,0.80326,0.804,0.80215,0.80221,5566
2025.06.26 07:00:00,0.8022,0.8024,0.80098,0.80134,7129.15
2025.06.26 08:00:00,0.80134,0.80173,0.79802,0.79945,9112.56
2025.06.26 09:00:00,0.79947,0.80077,0.79936,0.80021,5494.55
2025.06.26 10:00:00,0.80022,0.80076,0.79974,0.80065,4016.76
2025.06.26 11:00:00,0.80065,0.8021,0.80056,0.80181,5152.29
2025.06.26 12:00:00,0.80182,0.802,0.79965,0.80017,10502.39
2025.06.26 13:00:00,0.80016,0.80118,0.79845,0.79922,9854.71
2025.06.26 14:00:00,0.79923,0.80039,0.79921,0.79978,10631.97
2025.06.26 15:00:00,0.79977,0.80076,0.79899,0.799,6075.13
2025.06.26 16:00:00,0.799,0.79941,0.79778,0.79892,5049.73
2025.06.26 17:00:00,0.79893,0.79936,0.79861,0.79915,3777.19
2025.06.26 18:00:00,0.79916,0.79958,0.79897,0.7991,2021.9
2025.06.26 19:00:00,0.7991,0.80008,0.79906,0.79986,2733.71
2025.06.26 20:00:00,0.79986,0.80052,0.79959,0.79959,2673.43
2025.06.26 21:00:00,0.79959,0.79998,0.7986,0.79913,717.82
2025.06.26 22:00:00,0.79954,0.80143,0.79953,0.80133,1710.58
2025.06.26 23:00:00,0.80132,0.80136,0.80044,0.80079,2223.08
2025.06.27 00:00:00,0.80077,0.80151,0.8006,0.80113,4285.56
2025.06.27 01:00:00,0.80112,0.80152,0.8003,0.80055,3733.54
2025.06.27 02:00:00,0.80056,0.80094,0.80021,0.80067,3494.25
2025.06.27 03:00:00,0.80068,0.80082,0.8,0.80066,2810.15
2025.06.27 04:00:00,0.80067,0.80133,0.80058,0.80131,2196.72
2025.06.27 05:00:00,0.8013,0.80169,0.80098,0.801,2651.95
2025.06.27 06:00:00,0.80099,0.80178,0.79953,0.79965,5079.94
2025.06.27 07:00:00,0.79964,0.80054,0.79904,0.79939,5821.99
2025.06.27 08:00:00,0.79938,0.7995,0.79777,0.79837,5642.47
2025.06.27 09:00:00,0.79835,0.79882,0.7978,0.79828,4551.92
2025.06.27 10:00:00,0.79827,0.7986,0.79788,0.79841,5242.65
2025.06.27 11:00:00,0.7984,0.79918,0.79792,0.79876,4962.54
2025.06.27 12:00:00,0.79875,0.79962,0.79604,0.79632,10637.36
2025.06.27 13:00:00,0.79632,0.79987,0.79573,0.79881,11251.38
2025.06.27 14:00:00,0.7988,0.80072,0.79843,0.79953,10734.36
2025.06.27 15:00:00,0.79953,0.79964,0.79816,0.79892,5716.27
2025.06.27 16:00:00,0.79893,0.79934,0.79852,0.79922,4235.06
2025.06.27 17:00:00,0.79921,0.80043,0.79917,0.80005,5623.76
2025.06.27 18:00:00,0.80003,0.80067,0.79951,0.79973,5044.84
2025.06.27 19:00:00,0.79973,0.79989,0.79936,0.79973,3158.82
2025.06.27 20:00:00,0.79974,0.79975,0.79848,0.79873,2695.57
2025.06.29 21:00:00,0.79851,0.79856,0.79819,0.79843,257.68
2025.06.29 22:00:00,0.79871,0.79915,0.79839,0.79851,6652.37
2025.06.29 23:00:00,0.79851,0.79861,0.79811,0.79827,1631.22
2025.06.30 00:00:00,0.79826,0.79943,0.79818,0.79902,2931.15
2025.06.30 01:00:00,0.79902,0.7993,0.79813,0.79864,2616.9
2025.06.30 02:00:00,0.79866,0.79885,0.79818,0.79883,2913.48
2025.06.30 03:00:00,0.79884,0.79928,0.7988,0.79921,2629.56
2025.06.30 04:00:00,0.79921,0.79926,0.79827,0.79832,2055.13
2025.06.30 05:00:00,0.79833,0.79833,0.79724,0.79817,2820.08
2025.06.30 06:00:00,0.79822,0.79868,0.79725,0.79766,4838.85
2025.06.30 07:00:00,0.79767,0.79927,0.79731,0.79902,6473.32
2025.06.30 08:00:00,0.79906,0.79936,0.79749,0.79756,6359.69
2025.06.30 09:00:00,0.79758,0.79782,0.79647,0.79744,5627.89
2025.06.30 10:00:00,0.79744,0.79781,0.79687,0.79692,4287.48
2025.06.30 11:00:00,0.79691,0.79732,0.79624,0.7973,4114.21
2025.06.30 12:00:00,0.7973,0.79825,0.7971,0.79802,5020.82
2025.06.30 13:00:00,0.79803,0.79822,0.79724,0.79724,6375.22
2025.06.30 14:00:00,0.79723,0.79805,0.79505,0.79595,12154.21
2025.06.30 15:00:00,0.79597,0.79622,0.79382,0.79386,9608.37
2025.06.30 16:00:00,0.79388,0.79534,0.79378,0.79416,4833.54
2025.06.30 17:00:00,0.79416,0.79417,0.79312,0.79363,3461.29
2025.06.30 18:00:00,0.79363,0.79364,0.793,0.79331,3174.32
2025.06.30 19:00:00,0.79332,0.79369,0.79313,0.79337,2202.99
2025.06.30 20:00:00,0.79337,0.79345,0.79291,0.79294,2311.95
2025.06.30 21:00:00,0.79294,0.79336,0.79282,0.79298,429.45
2025.06.30 22:00:00,0.79296,0.7934,0.79271,0.793,1463.54
2025.06.30 23:00:00,0.793,0.79314,0.79274,0.79279,1026.42
2025.07.01 00:00:00,0.79279,0.7928,0.79184,0.79188,2712.7
2025.07.01 01:00:00,0.79186,0.79294,0.79145,0.79291,3427.41
2025.07.01 02:00:00,0.79291,0.79305,0.79229,0.79248,2404.89
2025.07.01 03:00:00,0.79249,0.79252,0.79182,0.79225,1649.92
2025.07.01 04:00:00,0.79226,0.79267,0.79173,0.79244,2019.78
2025.07.01 05:00:00,0.79243,0.79245,0.79183,0.79197,2765.64
2025.07.01 06:00:00,0.79198,0.79238,0.79165,0.79204,3628.95
2025.07.01 07:00:00,0.79205,0.79278,0.7903,0.79035,5892.33
2025.07.01 08:00:00,0.79037,0.79092,0.78887,0.7897,7031.09
2025.07.01 09:00:00,0.7897,0.78989,0.78744,0.78815,7461.86
2025.07.01 10:00:00,0.78812,0.78865,0.78718,0.78865,5047.82
2025.07.01 11:00:00,0.78864,0.78917,0.78815,0.78838,4101.34
2025.07.01 12:00:00,0.7884,0.79024,0.78837,0.79011,6094.89
2025.07.01 13:00:00,0.79011,0.7906,0.78871,0.78936,7933.45
2025.07.01 14:00:00,0.78929,0.79269,0.78929,0.79169,15235.04
2025.07.01 15:00:00,0.79168,0.79357,0.79166,0.79291,8274.7
2025.07.01 16:00:00,0.7929,0.79433,0.79286,0.79353,4856.1
2025.07.01 17:00:00,0.79353,0.79373,0.79254,0.79254,3014.17
2025.07.01 18:00:00,0.79253,0.79301,0.79239,0.79264,2210.91
2025.07.01 19:00:00,0.79264,0.79287,0.79202,0.79231,2634.42
2025.07.01 20:00:00,0.79231,0.79231,0.7907,0.7907,1723.82
2025.07.01 21:00:00,0.79066,0.79115,0.79013,0.79087,1252.66
2025.07.01 22:00:00,0.79087,0.79123,0.79053,0.79116,693.71
2025.07.01 23:00:00,0.79117,0.79123,0.79056,0.79066,863.67
2025.07.02 00:00:00,0.79066,0.79092,0.79036,0.79038,2445.3
2025.07.02 01:00:00,0.79037,0.79146,0.79031,0.79133,2253.27
2025.07.02 02:00:00,0.79133,0.79158,0.79058,0.79081,2297.54
2025.07.02 03:00:00,0.7908,0.79111,0.79064,0.7909,1880.55
2025.07.02 04:00:00,0.7909,0.79143,0.79078,0.79137,1556.01
2025.07.02 05:00:00,0.79137,0.79232,0.79127,0.79196,2419.32
2025.07.02 06:00:00,0.79197,0.7927,0.79152,0.7922,3739.12
2025.07.02 07:00:00,0.7922,0.79342,0.79217,0.79277,5172.6
2025.07.02 08:00:00,0.79277,0.79301,0.79189,0.79247,3961.14
2025.07.02 09:00:00,0.79249,0.79322,0.79232,0.79276,3723.4
2025.07.02 10:00:00,0.79274,0.79287,0.79213,0.79246,3124.3
2025.07.02 11:00:00,0.79246,0.7935,0.79228,0.79335,4303.11
2025.07.02 12:00:00,0.79332,0.79391,0.79113,0.79279,11282.8
2025.07.02 13:00:00,0.79282,0.79356,0.79151,0.79303,7606.11
2025.07.02 14:00:00,0.79303,0.79411,0.79247,0.79342,8036.46
2025.07.02 15:00:00,0.79344,0.79376,0.79193,0.79216,5376.88
2025.07.02 16:00:00,0.79215,0.79237,0.79155,0.79183,3088.48
2025.07.02 17:00:00,0.79184,0.79198,0.79153,0.79169,2198.67
2025.07.02 18:00:00,0.7917,0.79182,0.79119,0.79141,1747.77
2025.07.02 19:00:00,0.79142,0.79172,0.79116,0.79126,1461.93
2025.07.02 20:00:00,0.79128,0.79208,0.79122,0.79165,1753.89
2025.07.02 21:00:00,0.79162,0.79193,0.79056,0.7908,519.03
2025.07.02 22:00:00,0.7909,0.79191,0.7909,0.79178,1507.98
2025.07.02 23:00:00,0.79177,0.79182,0.79158,0.79168,612.85
2025.07.03 00:00:00,0.7917,0.79174,0.79112,0.79129,2469.28
2025.07.03 01:00:00,0.79127,0.79138,0.79092,0.79103,1680.46
2025.07.03 02:00:00,0.79102,0.79174,0.79096,0.7914,1444.22
2025.07.03 03:00:00,0.79142,0.79181,0.79133,0.79167,1101.76
2025.07.03 04:00:00,0.79167,0.79191,0.79158,0.79184,1343.76
2025.07.03 05:00:00,0.79183,0.79206,0.79172,0.79182,1558.2
2025.07.03 06:00:00,0.7918,0.79185,0.79004,0.79018,3331.56
2025.07.03 07:00:00,0.79018,0.79147,0.79005,0.79136,3826.62
2025.07.03 08:00:00,0.79137,0.79191,0.79087,0.79187,3341.19
2025.07.03 09:00:00,0.79186,0.79274,0.79183,0.79267,3023.46
2025.07.03 10:00:00,0.79265,0.79287,0.79193,0.7926,2701.89
2025.07.03 11:00:00,0.79259,0.79365,0.79239,0.79337,3396.75
2025.07.03 12:00:00,0.79335,0.79864,0.79308,0.79746,14273.45
2025.07.03 13:00:00,0.79747,0.79763,0.79404,0.79444,11625.55
2025.07.03 14:00:00,0.79443,0.79653,0.79363,0.79595,10124.85
2025.07.03 15:00:00,0.79596,0.79653,0.79482,0.79515,5487.96
2025.07.03 16:00:00,0.79515,0.79605,0.79498,0.79541,3046.08
2025.07.03 17:00:00,0.79543,0.79568,0.79498,0.79564,1887.72
2025.07.03 18:00:00,0.79564,0.79614,0.79541,0.79607,1411.48
2025.07.03 19:00:00,0.79608,0.79627,0.79534,0.79565,1463.22
2025.07.03 20:00:00,0.79567,0.79576,0.79488,0.79488,2606.48
2025.07.03 21:00:00,0.79488,0.7954,0.79379,0.79482,1927.61
2025.07.03 22:00:00,0.79505,0.79552,0.79497,0.79497,2251.7
2025.07.03 23:00:00,0.79496,0.79518,0.79409,0.79426,1061.55
2025.07.04 00:00:00,0.79426,0.79456,0.79396,0.79426,3462.63
2025.07.04 01:00:00,0.79425,0.79496,0.79416,0.79468,3072.6
2025.07.04 02:00:00,0.7947,0.79473,0.7941,0.79429,2275.71
2025.07.04 03:00:00,0.79429,0.7944,0.79345,0.79371,1768.68
2025.07.04 04:00:00,0.79372,0.79381,0.79294,0.7931,1710.33
2025.07.04 05:00:00,0.79307,0.79307,0.79256,0.79265,2063.32
2025.07.04 06:00:00,0.79264,0.79321,0.79215,0.7926,3004.77
2025.07.04 07:00:00,0.79261,0.79404,0.79261,0.79387,4490.96
2025.07.04 08:00:00,0.79386,0.79419,0.79331,0.79338,3661.71
2025.07.04 09:00:00,0.79338,0.79349,0.79295,0.79326,2966.04
2025.07.04 10:00:00,0.79325,0.79393,0.79325,0.79367,2667.75
2025.07.04 11:00:00,0.79368,0.79396,0.79325,0.79393,2739.48
2025.07.04 12:00:00,0.79394,0.79435,0.79376,0.79425,2790.87
2025.07.04 13:00:00,0.79426,0.79438,0.79297,0.79312,3127.29
2025.07.04 14:00:00,0.79313,0.79359,0.79261,0.7934,4151.95
2025.07.04 15:00:00,0.79341,0.79364,0.793,0.79324,2323.77
2025.07.04 16:00:00,0.79327,0.79345,0.79315,0.79329,1270.74
2025.07.04 17:00:00,0.79328,0.79362,0.79322,0.79329,19587.85
2025.07.04 18:00:00,0.79329,0.79366,0.79319,0.79338,16439.37
2025.07.04 19:00:00,0.79337,0.79508,0.79336,0.795,20316.01
2025.07.04 20:00:00,0.795,0.79522,0.79307,0.7931,25323.79
2025.07.06 21:00:00,0.79362,0.79434,0.79318,0.79399,1131.15
2025.07.06 22:00:00,0.79394,0.79477,0.79307,0.79396,1416.36
2025.07.06 23:00:00,0.79396,0.79447,0.79386,0.79413,1247.27
2025.07.07 00:00:00,0.79412,0.79421,0.7935,0.79385,3787.51
2025.07.07 01:00:00,0.79388,0.7942,0.79358,0.79401,2866.33
2025.07.07 02:00:00,0.794,0.79487,0.79381,0.79463,2225.56
2025.07.07 03:00:00,0.79463,0.79475,0.79426,0.79474,3505.48
2025.07.07 04:00:00,0.79473,0.79501,0.79453,0.79486,2848.41
2025.07.07 05:00:00,0.79487,0.7952,0.79457,0.79472,5913.91
2025.07.07 06:00:00,0.79473,0.79544,0.79438,0.79516,10444.49
2025.07.07 07:00:00,0.79515,0.79635,0.79486,0.79634,11090.21
2025.07.07 08:00:00,0.79637,0.79756,0.79616,0.79711,7297.89
2025.07.07 09:00:00,0.79708,0.79749,0.79684,0.79724,3087.22
2025.07.07 10:00:00,0.79725,0.79755,0.79667,0.7972,3119.5
2025.07.07 11:00:00,0.7972,0.79757,0.79669,0.79738,3532.19
2025.07.07 12:00:00,0.79737,0.79836,0.79712,0.79798,3986.89
2025.07.07 13:00:00,0.79798,0.79803,0.79674,0.79704,5196.83
2025.07.07 14:00:00,0.79704,0.79738,0.7959,0.79684,4416.84
2025.07.07 15:00:00,0.79684,0.79716,0.79644,0.79694,3117.66
2025.07.07 16:00:00,0.79692,0.79877,0.7964,0.79853,6102.97
2025.07.07 17:00:00,0.79852,0.79905,0.79802,0.7986,4941.07
2025.07.07 18:00:00,0.7986,0.79902,0.79817,0.79823,4526.64
2025.07.07 19:00:00,0.79824,0.79829,0.79769,0.79803,2942.87
2025.07.07 20:00:00,0.79802,0.79853,0.79785,0.79787,1728.88
2025.07.07 21:00:00,0.79788,0.79828,0.79678,0.79827,1009.64
2025.07.07 22:00:00,0.79828,0.79828,0.79688,0.79712,1353.62
2025.07.07 23:00:00,0.79709,0.79738,0.7969,0.79716,2421
2025.07.08 00:00:00,0.79716,0.79719,0.79643,0.79692,4744.7
2025.07.08 01:00:00,0.79691,0.79765,0.79667,0.79707,4162.95
2025.07.08 02:00:00,0.79709,0.79722,0.79627,0.79678,2936.55
2025.07.08 03:00:00,0.79678,0.79703,0.79616,0.79629,2218.5
2025.07.08 04:00:00,0.7963,0.7964,0.79574,0.79634,2840.55
2025.07.08 05:00:00,0.79634,0.79705,0.7962,0.79693,2664.6
2025.07.08 06:00:00,0.79696,0.7974,0.79676,0.79681,4060.41
2025.07.08 07:00:00,0.79678,0.7968,0.79561,0.79597,4586.87
2025.07.08 08:00:00,0.79597,0.79687,0.79595,0.79644,3823.9
2025.07.08 09:00:00,0.79643,0.79674,0.79595,0.79653,3184.72
2025.07.08 10:00:00,0.79652,0.7976,0.7965,0.79757,3345.42
2025.07.08 11:00:00,0.79759,0.79771,0.79676,0.79769,3397.74
2025.07.08 12:00:00,0.79768,0.7984,0.79759,0.79811,4103.67
2025.07.08 13:00:00,0.79813,0.79943,0.79779,0.79841,5358.25
2025.07.08 14:00:00,0.79841,0.79937,0.79757,0.79794,6595.98
2025.07.08 15:00:00,0.79793,0.79815,0.7969,0.79711,4701.02
2025.07.08 16:00:00,0.7971,0.79751,0.79672,0.79689,4531.5
2025.07.08 17:00:00,0.79689,0.79702,0.7956,0.79577,4830.21
2025.07.08 18:00:00,0.79576,0.79609,0.79529,0.79576,2648.18
2025.07.08 19:00:00,0.79576,0.79634,0.79556,0.79613,2195.19
2025.07.08 20:00:00,0.79613,0.79614,0.79557,0.79563,2013.67
2025.07.08 21:00:00,0.79558,0.79644,0.79555,0.79558,1859.62
2025.07.08 22:00:00,0.79558,0.79591,0.79546,0.79568,821.66
2025.07.08 23:00:00,0.79565,0.79602,0.79563,0.79594,950.89
2025.07.09 00:00:00,0.79591,0.79655,0.79584,0.79622,2265.18
2025.07.09 01:00:00,0.79623,0.79681,0.79585,0.79635,2834.6
2025.07.09 02:00:00,0.79636,0.79736,0.79603,0.79701,3606.27
2025.07.09 03:00:00,0.797,0.79768,0.79698,0.79766,2332.26
2025.07.09 04:00:00,0.79769,0.79787,0.79707,0.79714,2287.21
2025.07.09 05:00:00,0.79713,0.79743,0.79665,0.7969,2287.98
2025.07.09 06:00:00,0.79691,0.79721,0.7961,0.79621,3025.2
2025.07.09 07:00:00,0.79621,0.79766,0.79592,0.79716,4577.92
2025.07.09 08:00:00,0.79715,0.79734,0.79592,0.79634,3827.05
2025.07.09 09:00:00,0.79635,0.79648,0.79533,0.7958,2888.57
2025.07.09 10:00:00,0.7958,0.79643,0.79556,0.79618,3302.45
2025.07.09 11:00:00,0.79618,0.79749,0.79606,0.79735,3690.8
2025.07.09 12:00:00,0.79734,0.79744,0.79558,0.79569,7104.29
2025.07.09 13:00:00,0.7957,0.79581,0.79485,0.79524,6886.66
2025.07.09 14:00:00,0.79523,0.79531,0.79389,0.79487,6786.88
2025.07.09 15:00:00,0.79486,0.79604,0.79482,0.79565,3666.41
2025.07.09 16:00:00,0.79565,0.79575,0.79529,0.79539,2239.67
2025.07.09 17:00:00,0.79541,0.7955,0.79483,0.79526,2141.25
2025.07.09 18:00:00,0.79526,0.79556,0.7944,0.79486,2718.86
2025.07.09 19:00:00,0.79485,0.79494,0.79429,0.79451,1619.55
2025.07.09 20:00:00,0.79452,0.79513,0.79333,0.79359,3541.36
2025.07.09 21:00:00,0.79333,0.79464,0.79325,0.79344,1118.09
2025.07.09 22:00:00,0.79344,0.79401,0.79343,0.79358,1691.59
2025.07.09 23:00:00,0.79358,0.79373,0.79249,0.79262,1025.2
2025.07.10 00:00:00,0.79261,0.79269,0.79191,0.79236,3387.55
2025.07.10 01:00:00,0.79237,0.79307,0.79237,0.79275,2002.65
2025.07.10 02:00:00,0.79274,0.79369,0.79262,0.79365,1438.68
2025.07.10 03:00:00,0.79365,0.79415,0.79364,0.79402,1312.65
2025.07.10 04:00:00,0.79402,0.79445,0.79398,0.79402,1683.06
2025.07.10 05:00:00,0.79402,0.79421,0.79382,0.79388,1816.9
2025.07.10 06:00:00,0.79387,0.79485,0.79363,0.79452,3105.6
2025.07.10 07:00:00,0.79453,0.795,0.79409,0.79411,4217.39
2025.07.10 08:00:00,0.79411,0.79535,0.79371,0.79509,3449.94
2025.07.10 09:00:00,0.7951,0.7951,0.79417,0.79422,2132.52
2025.07.10 10:00:00,0.79421,0.79473,0.79417,0.79448,1892.22
2025.07.10 11:00:00,0.7945,0.79575,0.79438,0.79555,3341.59
2025.07.10 12:00:00,0.79554,0.79686,0.79535,0.79637,4900.37
2025.07.10 13:00:00,0.79639,0.79781,0.7958,0.79741,5648.06
2025.07.10 14:00:00,0.79739,0.79872,0.79721,0.7974,8333.2
2025.07.10 15:00:00,0.79738,0.79769,0.79692,0.79708,4871.72
2025.07.10 16:00:00,0.79709,0.79791,0.79697,0.79766,3166.27
2025.07.10 17:00:00,0.79765,0.79769,0.79708,0.79732,2440.73
2025.07.10 18:00:00,0.79731,0.79739,0.7968,0.79706,2085.87
2025.07.10 19:00:00,0.79706,0.79718,0.79612,0.79658,2123.01
2025.07.10 20:00:00,0.7966,0.79687,0.79608,0.79672,2178.8
2025.07.10 21:00:00,0.79672,0.79681,0.79559,0.79632,2239.45
2025.07.10 22:00:00,0.79633,0.7968,0.79621,0.79639,1364.72
2025.07.10 23:00:00,0.79638,0.79679,0.79637,0.79669,718.13
2025.07.11 00:00:00,0.7967,0.79778,0.79656,0.79745,5079.34
2025.07.11 01:00:00,0.79745,0.79781,0.79722,0.79768,2571.73
2025.07.11 02:00:00,0.79769,0.79814,0.79749,0.79787,1941.97
2025.07.11 03:00:00,0.79787,0.79794,0.79711,0.79737,1487.37
2025.07.11 04:00:00,0.79736,0.79793,0.79721,0.79746,1342.06
2025.07.11 05:00:00,0.79748,0.79752,0.79698,0.79714,2523.64
2025.07.11 06:00:00,0.79713,0.79777,0.797,0.79775,3587.11
2025.07.11 07:00:00,0.79773,0.79773,0.79643,0.79662,3713.82
2025.07.11 08:00:00,0.79661,0.79748,0.7961,0.79728,3674.87
2025.07.11 09:00:00,0.79727,0.7973,0.79574,0.79578,2833.96
2025.07.11 10:00:00,0.79577,0.79615,0.79534,0.79565,2821.28
2025.07.11 11:00:00,0.79564,0.79675,0.79541,0.79627,3464.44
2025.07.11 12:00:00,0.79628,0.79686,0.79589,0.79634,4651.24
2025.07.11 13:00:00,0.79634,0.79665,0.7954,0.79626,6178.59
2025.07.11 14:00:00,0.79625,0.79742,0.79603,0.79639,6828.26
2025.07.11 15:00:00,0.7964,0.79678,0.79579,0.79616,3993.32
2025.07.11 16:00:00,0.79617,0.79664,0.79595,0.79617,3513.3
2025.07.11 17:00:00,0.79615,0.7967,0.79599,0.79666,1787.02
2025.07.11 18:00:00,0.79665,0.79715,0.79629,0.79714,1920.45
2025.07.11 19:00:00,0.79711,0.7972,0.79665,0.79686,2031.08
2025.07.11 20:00:00,0.79685,0.79724,0.79597,0.79597,2146.04
2025.07.13 21:00:00,0.79714,0.7977,0.79644,0.79697,790.84
2025.07.13 22:00:00,0.79701,0.79739,0.79609,0.79739,2813.88
2025.07.13 23:00:00,0.79738,0.79754,0.7966,0.79674,2108.89
2025.07.14 00:00:00,0.79677,0.79679,0.79587,0.79597,3209.29
2025.07.14 01:00:00,0.79596,0.79658,0.79563,0.79653,2485.41
2025.07.14 02:00:00,0.79654,0.7973,0.79628,0.79725,1951.67
2025.07.14 03:00:00,0.79722,0.79738,0.79658,0.79684,1584
2025.07.14 04:00:00,0.79685,0.79731,0.79682,0.79728,1298.04
2025.07.14 05:00:00,0.79729,0.79785,0.79699,0.79734,2217.07
2025.07.14 06:00:00,0.79731,0.79845,0.79728,0.79789,2793.12
2025.07.14 07:00:00,0.79789,0.79797,0.79704,0.79755,4338.03
2025.07.14 08:00:00,0.79756,0.7976,0.79679,0.79706,4123.25
2025.07.14 09:00:00,0.79707,0.79741,0.79675,0.79692,2936.54
2025.07.14 10:00:00,0.79692,0.79698,0.79615,0.79624,1962.13
2025.07.14 11:00:00,0.79624,0.79666,0.79602,0.79607,3113.27
2025.07.14 12:00:00,0.79608,0.79656,0.79548,0.79608,3924.89
2025.07.14 13:00:00,0.79609,0.79689,0.79578,0.79615,4989.87
2025.07.14 14:00:00,0.79616,0.79684,0.79597,0.79666,4749.27
2025.07.14 15:00:00,0.79665,0.79781,0.79628,0.79768,5394.9
2025.07.14 16:00:00,0.7977,0.79798,0.79741,0.79786,4085.1
2025.07.14 17:00:00,0.79788,0.79817,0.79766,0.79814,2098.76
2025.07.14 18:00:00,0.79813,0.79821,0.79766,0.79788,2328.49
2025.07.14 19:00:00,0.79787,0.79818,0.79777,0.79805,1440.27
2025.07.14 20:00:00,0.79806,0.79815,0.79753,0.79753,1697.42
2025.07.14 21:00:00,0.79753,0.79785,0.79694,0.79739,378.49
2025.07.14 22:00:00,0.79743,0.79793,0.79743,0.79784,1087.41
2025.07.14 23:00:00,0.79784,0.79825,0.79775,0.79806,722.26
2025.07.15 00:00:00,0.79807,0.79807,0.79696,0.79705,1774.73
2025.07.15 01:00:00,0.79704,0.79789,0.79704,0.79777,1245.93
2025.07.15 02:00:00,0.79775,0.79787,0.797,0.79702,1832.5
2025.07.15 03:00:00,0.797,0.79704,0.79659,0.79693,1059.59
2025.07.15 04:00:00,0.79692,0.79702,0.79658,0.79692,906.35
2025.07.15 05:00:00,0.7969,0.79693,0.79645,0.79648,1196.05
2025.07.15 06:00:00,0.79654,0.79677,0.79617,0.79628,2647.97
2025.07.15 07:00:00,0.79627,0.79674,0.79532,0.79576,3783.55
2025.07.15 08:00:00,0.79577,0.79624,0.79546,0.79581,2106.78
2025.07.15 09:00:00,0.79581,0.79626,0.79551,0.79591,2967.38
2025.07.15 10:00:00,0.79591,0.79645,0.79566,0.79597,2401.99
2025.07.15 11:00:00,0.79595,0.79702,0.79587,0.79666,2882.79
2025.07.15 12:00:00,0.79666,0.79738,0.79552,0.79625,9702.94
2025.07.15 13:00:00,0.79623,0.79942,0.79621,0.79918,9597.93
2025.07.15 14:00:00,0.7992,0.80136,0.79912,0.80056,11330.42
2025.07.15 15:00:00,0.80056,0.80176,0.80036,0.80038,7120.73
2025.07.15 16:00:00,0.8004,0.80215,0.80027,0.80186,5146.42
2025.07.15 17:00:00,0.80184,0.80242,0.80179,0.80225,2818.3
2025.07.15 18:00:00,0.80229,0.80239,0.80151,0.80173,2661.95
2025.07.15 19:00:00,0.80174,0.80205,0.80158,0.8019,1695.69
2025.07.15 20:00:00,0.8019,0.80196,0.80123,0.80123,2260.79
2025.07.15 21:00:00,0.80108,0.80168,0.80099,0.80122,1067.35
2025.07.15 22:00:00,0.8013,0.80175,0.80117,0.80164,2187
2025.07.15 23:00:00,0.80163,0.80178,0.80138,0.80143,887.07
2025.07.16 00:00:00,0.80143,0.80178,0.80132,0.80161,2810.78
2025.07.16 01:00:00,0.80163,0.80173,0.80126,0.80142,2086.85
2025.07.16 02:00:00,0.80145,0.80181,0.80138,0.80174,1373.25
2025.07.16 03:00:00,0.80174,0.80212,0.80145,0.80188,1655.95
2025.07.16 04:00:00,0.80188,0.802,0.80128,0.80138,1407.17
2025.07.16 05:00:00,0.80139,0.80151,0.80101,0.80107,1858.08
2025.07.16 06:00:00,0.80107,0.80144,0.8005,0.80061,2790.37
2025.07.16 07:00:00,0.8006,0.80157,0.80036,0.80134,2717.23
2025.07.16 08:00:00,0.80134,0.80156,0.80108,0.80121,3094.54
2025.07.16 09:00:00,0.8012,0.8018,0.80118,0.80166,2214.82
2025.07.16 10:00:00,0.80165,0.80192,0.80143,0.80149,1741.41
2025.07.16 11:00:00,0.80148,0.80458,0.80125,0.80398,3673.49
2025.07.16 12:00:00,0.80395,0.80439,0.80251,0.80379,7504.12
2025.07.16 13:00:00,0.8038,0.80613,0.8034,0.8051,7673.54
2025.07.16 14:00:00,0.80509,0.80585,0.80376,0.80435,8619.51
2025.07.16 15:00:00,0.80436,0.80447,0.79464,0.80148,31800.32
2025.07.16 16:00:00,0.80147,0.80215,0.79965,0.8005,13941.49
2025.07.16 17:00:00,0.80049,0.80053,0.7991,0.80029,5675.69
2025.07.16 18:00:00,0.80027,0.80176,0.80008,0.80171,2791.04
2025.07.16 19:00:00,0.80171,0.80204,0.80073,0.80089,3485.46
2025.07.16 20:00:00,0.80089,0.80111,0.80043,0.80043,3688.57
2025.07.16 21:00:00,0.80042,0.80088,0.79926,0.80044,2196.92
2025.07.16 22:00:00,0.80049,0.80105,0.8003,0.80094,1202.09
2025.07.16 23:00:00,0.80094,0.80113,0.80057,0.80093,693.4
2025.07.17 00:00:00,0.80095,0.80235,0.80084,0.80214,1946.35
2025.07.17 01:00:00,0.80213,0.80268,0.8013,0.80139,3107.92
2025.07.17 02:00:00,0.8014,0.80242,0.80138,0.80231,2463.42
2025.07.17 03:00:00,0.80228,0.80288,0.80215,0.80278,1687.24
2025.07.17 04:00:00,0.8028,0.80295,0.80235,0.80237,930.5
2025.07.17 05:00:00,0.80236,0.80265,0.80202,0.80263,1808.06
2025.07.17 06:00:00,0.80261,0.80496,0.80249,0.80466,4589.98
2025.07.17 07:00:00,0.80468,0.80562,0.80363,0.80405,4622.43
2025.07.17 08:00:00,0.80406,0.80419,0.80289,0.80331,3879.17
2025.07.17 09:00:00,0.80331,0.80436,0.80306,0.80415,3046.84
2025.07.17 10:00:00,0.80417,0.80482,0.80398,0.80423,2141.52
2025.07.17 11:00:00,0.80423,0.80561,0.80394,0.80506,3286.94
2025.07.17 12:00:00,0.80505,0.80641,0.80407,0.80459,7914.75
2025.07.17 13:00:00,0.80458,0.8052,0.80374,0.80482,7262.52
2025.07.17 14:00:00,0.80483,0.80564,0.80439,0.80496,5913.28
2025.07.17 15:00:00,0.80495,0.80541,0.804,0.80434,3979.46
2025.07.17 16:00:00,0.80434,0.80574,0.80392,0.8055,2824.86
2025.07.17 17:00:00,0.8055,0.80578,0.80521,0.80553,2266.37
2025.07.17 18:00:00,0.80554,0.80601,0.80536,0.80565,1411.94
2025.07.17 19:00:00,0.80565,0.80578,0.80374,0.80393,1539.38
2025.07.17 20:00:00,0.80395,0.80447,0.80377,0.80403,1418.4
2025.07.17 21:00:00,0.80434,0.80437,0.80353,0.80412,1684.87
2025.07.17 22:00:00,0.80423,0.80429,0.80276,0.80287,1461.67
2025.07.17 23:00:00,0.80288,0.80298,0.80249,0.80291,950.49
2025.07.18 00:00:00,0.80289,0.80311,0.80249,0.8029,2015.07
2025.07.18 01:00:00,0.80289,0.80315,0.80222,0.80266,1861.36
2025.07.18 02:00:00,0.80267,0.80287,0.80245,0.8026,1336.48
2025.07.18 03:00:00,0.80259,0.80269,0.8021,0.80258,1299.66
2025.07.18 04:00:00,0.80256,0.80296,0.80253,0.80284,1238.79
2025.07.18 05:00:00,0.80287,0.80333,0.80282,0.80321,1135.07
2025.07.18 06:00:00,0.8032,0.80363,0.80316,0.80335,1914.75
2025.07.18 07:00:00,0.80334,0.8034,0.80232,0.80233,2404.45
2025.07.18 08:00:00,0.80232,0.80239,0.80146,0.80225,3206.92
2025.07.18 09:00:00,0.80224,0.80264,0.80176,0.80253,2578.42
2025.07.18 10:00:00,0.80255,0.80258,0.80149,0.80166,2593.86
2025.07.18 11:00:00,0.80165,0.80177,0.80065,0.80069,3084.69
2025.07.18 12:00:00,0.80068,0.80088,0.7996,0.79966,4208.59
2025.07.18 13:00:00,0.79966,0.80041,0.79846,0.79898,5505.24
2025.07.18 14:00:00,0.79896,0.8004,0.79873,0.80004,6570.44
2025.07.18 15:00:00,0.80004,0.80016,0.79921,0.80009,4410.8
2025.07.18 16:00:00,0.8001,0.80101,0.79979,0.80076,4467.73
2025.07.18 17:00:00,0.80076,0.80153,0.80067,0.80123,2989.23
2025.07.18 18:00:00,0.80123,0.80167,0.80107,0.80167,2720.16
2025.07.18 19:00:00,0.80166,0.80193,0.8015,0.80154,2201.53
2025.07.18 20:00:00,0.80156,0.80177,0.80084,0.80087,3410.34
2025.07.20 21:00:00,0.79972,0.80054,0.79921,0.80029,461.46
2025.07.20 22:00:00,0.80023,0.8017,0.80023,0.80148,3467.63
2025.07.20 23:00:00,0.80148,0.80161,0.80112,0.80122,2112.41
2025.07.21 00:00:00,0.80122,0.80178,0.80076,0.80178,2992.28
2025.07.21 01:00:00,0.80178,0.80208,0.80141,0.80197,3371.91
2025.07.21 02:00:00,0.80198,0.80221,0.80153,0.80162,2839.37
2025.07.21 03:00:00,0.80162,0.80192,0.8015,0.80171,1506.36
2025.07.21 04:00:00,0.80173,0.80188,0.8013,0.80136,1647.27
2025.07.21 05:00:00,0.80136,0.80144,0.80092,0.80116,2164.98
2025.07.21 06:00:00,0.80122,0.80138,0.80016,0.80033,3238.22
2025.07.21 07:00:00,0.80032,0.8012,0.80016,0.80063,3168.57
2025.07.21 08:00:00,0.80063,0.80099,0.79958,0.80024,3095.43
2025.07.21 09:00:00,0.80023,0.80083,0.80015,0.80065,2339.86
2025.07.21 10:00:00,0.80066,0.80133,0.80025,0.80033,2277.54
2025.07.21 11:00:00,0.80033,0.80043,0.79894,0.79902,3830.11
2025.07.21 12:00:00,0.79901,0.79959,0.79885,0.79923,3210.93
2025.07.21 13:00:00,0.79923,0.79959,0.79888,0.79939,4415.96
2025.07.21 14:00:00,0.79941,0.79952,0.79756,0.79777,6892.45
2025.07.21 15:00:00,0.79778,0.79785,0.7965,0.7973,9762.6
2025.07.21 16:00:00,0.79735,0.79769,0.79699,0.79754,12324.95
2025.07.21 17:00:00,0.79754,0.7983,0.79746,0.79803,4656.9
2025.07.21 18:00:00,0.79802,0.79826,0.7977,0.79783,3205.69
2025.07.21 19:00:00,0.79784,0.79837,0.79777,0.79833,2537
2025.07.21 20:00:00,0.79835,0.79849,0.79768,0.7977,2375.26
2025.07.21 21:00:00,0.79754,0.7982,0.79728,0.79801,2901.87
2025.07.21 22:00:00,0.79791,0.79809,0.79761,0.79798,1129.87
2025.07.21 23:00:00,0.79799,0.79831,0.79794,0.7981,806.88
2025.07.22 00:00:00,0.79809,0.79915,0.798,0.79823,2024.7
2025.07.22 01:00:00,0.79821,0.7987,0.7981,0.79825,1806.33
2025.07.22 02:00:00,0.79824,0.79826,0.79759,0.79797,1687.71
2025.07.22 03:00:00,0.79798,0.79838,0.79793,0.79828,1416.23
2025.07.22 04:00:00,0.79827,0.79834,0.79739,0.79778,1843.73
2025.07.22 05:00:00,0.79778,0.79861,0.79754,0.79825,1734.33
2025.07.22 06:00:00,0.79825,0.79877,0.79817,0.79829,2564.07
2025.07.22 07:00:00,0.79828,0.79869,0.79697,0.79737,4128.66
2025.07.22 08:00:00,0.79737,0.79773,0.79651,0.79701,3509.9
2025.07.22 09:00:00,0.79699,0.7978,0.79694,0.79722,2688.13
2025.07.22 10:00:00,0.7972,0.79741,0.79696,0.79715,1968.6
2025.07.22 11:00:00,0.79717,0.79746,0.79667,0.79677,2403.55
2025.07.22 12:00:00,0.79676,0.79826,0.79662,0.79761,4057.23
2025.07.22 13:00:00,0.79762,0.79832,0.796,0.79638,6261.87
2025.07.22 14:00:00,0.79637,0.79698,0.79521,0.79561,8076.28
2025.07.22 15:00:00,0.79562,0.79568,0.79258,0.79263,6280.16
2025.07.22 16:00:00,0.79262,0.79298,0.79201,0.79219,3141.92
2025.07.22 17:00:00,0.79218,0.79306,0.79216,0.79298,2654.18
2025.07.22 18:00:00,0.79298,0.79312,0.7926,0.79272,1663.65
2025.07.22 19:00:00,0.79273,0.79293,0.79225,0.79245,1525.29
2025.07.22 20:00:00,0.79246,0.79276,0.79192,0.792,2878.56
2025.07.22 21:00:00,0.79172,0.79256,0.79162,0.792,1543.05
2025.07.22 22:00:00,0.79203,0.79266,0.79195,0.79258,926.85
2025.07.22 23:00:00,0.79257,0.79383,0.79209,0.79373,2325.13
2025.07.23 00:00:00,0.79373,0.79401,0.79289,0.79305,4163.57
2025.07.23 01:00:00,0.79305,0.79403,0.793,0.79367,3650.66
2025.07.23 02:00:00,0.79367,0.79398,0.79327,0.7938,3687.48
2025.07.23 03:00:00,0.7938,0.79383,0.79271,0.79322,3354.39
2025.07.23 04:00:00,0.79322,0.79422,0.79318,0.79374,2535.19
2025.07.23 05:00:00,0.79374,0.79445,0.79353,0.79419,4339.87
2025.07.23 06:00:00,0.79416,0.79416,0.79302,0.79303,5949.04
2025.07.23 07:00:00,0.79304,0.79314,0.79149,0.79179,8102
2025.07.23 08:00:00,0.79176,0.79279,0.79106,0.79258,7033.81
2025.07.23 09:00:00,0.79261,0.79281,0.79217,0.79254,4844.43
2025.07.23 10:00:00,0.79253,0.79307,0.7924,0.79292,3735
2025.07.23 11:00:00,0.79292,0.79371,0.79287,0.79333,3456.72
2025.07.23 12:00:00,0.79331,0.79405,0.79295,0.79363,4464.2
2025.07.23 13:00:00,0.79364,0.79492,0.79346,0.79396,6579.92
2025.07.23 14:00:00,0.79394,0.79467,0.79331,0.79378,5990.48
2025.07.23 15:00:00,0.79378,0.79449,0.79293,0.79364,6601.38
2025.07.23 16:00:00,0.79366,0.79452,0.79332,0.79434,6232.33
2025.07.23 17:00:00,0.79434,0.79471,0.79369,0.79388,4327.61
2025.07.23 18:00:00,0.79389,0.79389,0.79262,0.79274,2516.71
2025.07.23 19:00:00,0.79273,0.79277,0.79188,0.7921,2248.99
2025.07.23 20:00:00,0.79212,0.79273,0.79192,0.7921,2500.84
2025.07.23 21:00:00,0.79203,0.79271,0.7917,0.79197,1351.65
2025.07.23 22:00:00,0.79197,0.79235,0.79189,0.79211,2601.36
2025.07.23 23:00:00,0.7921,0.7922,0.79164,0.79218,780.36
2025.07.24 00:00:00,0.79219,0.79284,0.79216,0.79265,2386.98
2025.07.24 01:00:00,0.79265,0.79266,0.7915,0.79181,2350.11
2025.07.24 02:00:00,0.79182,0.79231,0.79166,0.79182,1576.83
2025.07.24 03:00:00,0.79179,0.79213,0.79159,0.79206,1870.35
2025.07.24 04:00:00,0.79209,0.79248,0.79194,0.79245,1523.25
2025.07.24 05:00:00,0.79245,0.79262,0.79219,0.79241,2282.25
2025.07.24 06:00:00,0.79242,0.79307,0.7924,0.79306,3824.95
2025.07.24 07:00:00,0.79307,0.79366,0.79246,0.79337,5661.33
2025.07.24 08:00:00,0.79337,0.79407,0.79311,0.79389,3656.82
2025.07.24 09:00:00,0.79389,0.79469,0.79382,0.79431,3513.45
2025.07.24 10:00:00,0.79431,0.79513,0.79423,0.79467,2666.36
2025.07.24 11:00:00,0.79467,0.79483,0.79385,0.79397,2899.31
2025.07.24 12:00:00,0.79396,0.79585,0.79379,0.79541,6604.18
2025.07.24 13:00:00,0.7954,0.7957,0.79396,0.79429,10022.55
2025.07.24 14:00:00,0.79428,0.79518,0.79306,0.79482,7888.48
2025.07.24 15:00:00,0.79482,0.79603,0.79457,0.79572,5654.13
2025.07.24 16:00:00,0.79573,0.79583,0.79409,0.79449,4123.48
2025.07.24 17:00:00,0.79449,0.79466,0.79351,0.79395,6589.99
2025.07.24 18:00:00,0.79395,0.79445,0.79387,0.79437,5689.93
2025.07.24 19:00:00,0.79436,0.79485,0.794,0.79479,4366.45
2025.07.24 20:00:00,0.7948,0.79562,0.79455,0.79526,4391.56
2025.07.24 21:00:00,0.79497,0.79592,0.79443,0.79533,2121.53
2025.07.24 22:00:00,0.79533,0.79582,0.79508,0.79518,1809.61
2025.07.24 23:00:00,0.79517,0.79534,0.79476,0.79487,1380.21
2025.07.25 00:00:00,0.79487,0.79577,0.7947,0.79554,2921.58
2025.07.25 01:00:00,0.79554,0.79667,0.79517,0.79639,2892.9
2025.07.25 02:00:00,0.79639,0.79673,0.79629,0.79636,2390.43
2025.07.25 03:00:00,0.79635,0.79652,0.79593,0.79609,1251.81
2025.07.25 04:00:00,0.79609,0.79652,0.79586,0.79598,1979.85
2025.07.25 05:00:00,0.79599,0.79639,0.79539,0.79573,2093.52
2025.07.25 06:00:00,0.79573,0.79597,0.79472,0.79541,3806.55
2025.07.25 07:00:00,0.7954,0.7957,0.79496,0.79555,4448.79
2025.07.25 08:00:00,0.79555,0.79599,0.79519,0.79591,4952.79
2025.07.25 09:00:00,0.7959,0.79698,0.79585,0.7967,4261.92
2025.07.25 10:00:00,0.7967,0.79687,0.79578,0.79683,3310.33
2025.07.25 11:00:00,0.79684,0.79761,0.79641,0.79675,3999.12
2025.07.25 12:00:00,0.79675,0.79754,0.79667,0.7972,4252.81
2025.07.25 13:00:00,0.7972,0.79793,0.79614,0.79684,12157.51
2025.07.25 14:00:00,0.79683,0.79699,0.79605,0.79665,7689.74
2025.07.25 15:00:00,0.79665,0.7973,0.79615,0.79654,5659.64
2025.07.25 16:00:00,0.79653,0.79684,0.79541,0.79544,3903.82
2025.07.25 17:00:00,0.79542,0.79563,0.79497,0.79511,2329.74
2025.07.25 18:00:00,0.79511,0.79541,0.79469,0.79474,2216.5
2025.07.25 19:00:00,0.79474,0.79513,0.79465,0.79495,1390.47
2025.07.25 20:00:00,0.79495,0.79532,0.79449,0.79449,1764.69
2025.07.27 21:00:00,0.79626,0.79626,0.79514,0.7954,876.51
2025.07.27 22:00:00,0.7954,0.79571,0.79474,0.79544,1833.21
2025.07.27 23:00:00,0.79544,0.79553,0.79513,0.79542,888.52
2025.07.28 00:00:00,0.7954,0.7954,0.79441,0.79487,2604.04
2025.07.28 01:00:00,0.79487,0.79579,0.79448,0.79557,3343.78
2025.07.28 02:00:00,0.79556,0.79595,0.79524,0.79545,2353.44
2025.07.28 03:00:00,0.79545,0.79561,0.79491,0.79493,1352.28
2025.07.28 04:00:00,0.79493,0.7956,0.79482,0.79552,1290.7
2025.07.28 05:00:00,0.79553,0.79614,0.79551,0.79606,1937.64
2025.07.28 06:00:00,0.79612,0.79779,0.79572,0.79599,4888.49
2025.07.28 07:00:00,0.79602,0.79898,0.79551,0.79885,6913.24
2025.07.28 08:00:00,0.79887,0.79945,0.79784,0.79905,5063.38
2025.07.28 09:00:00,0.79907,0.80052,0.79878,0.79994,3818.04
2025.07.28 10:00:00,0.79993,0.80148,0.7997,0.801,4649.27
2025.07.28 11:00:00,0.80101,0.80166,0.8008,0.80109,6765.49
2025.07.28 12:00:00,0.80109,0.80146,0.80023,0.80072,8140.72
2025.07.28 13:00:00,0.80071,0.80279,0.80034,0.80239,7257.82
2025.07.28 14:00:00,0.80238,0.80266,0.80005,0.8011,7468.59
2025.07.28 15:00:00,0.8011,0.80261,0.80082,0.80251,5400.8
2025.07.28 16:00:00,0.80252,0.80322,0.8024,0.80287,3175.89
2025.07.28 17:00:00,0.80286,0.80308,0.80255,0.80286,3014.06
2025.07.28 18:00:00,0.80288,0.80343,0.80273,0.80322,3479.46
2025.07.28 19:00:00,0.80322,0.80352,0.80308,0.80317,2046.25
2025.07.28 20:00:00,0.80317,0.80373,0.80317,0.80327,2565.44
2025.07.28 21:00:00,0.80308,0.8034,0.80257,0.80284,2006.47
2025.07.28 22:00:00,0.80289,0.80363,0.80289,0.8033,3110.81
2025.07.28 23:00:00,0.80332,0.80378,0.80323,0.80324,1075.28
2025.07.29 00:00:00,0.80322,0.80385,0.80313,0.80381,2453.36
2025.07.29 01:00:00,0.80383,0.80385,0.80286,0.80325,3456.96
2025.07.29 02:00:00,0.80324,0.80324,0.80247,0.80281,2561.24
2025.07.29 03:00:00,0.80282,0.80366,0.80273,0.80362,1681.28
2025.07.29 04:00:00,0.80363,0.80423,0.80349,0.8036,1683.35
2025.07.29 05:00:00,0.80361,0.80422,0.80352,0.8041,2168.09
2025.07.29 06:00:00,0.80409,0.80662,0.80375,0.8065,5871.49
2025.07.29 07:00:00,0.80652,0.80713,0.8056,0.80572,7388.98
2025.07.29 08:00:00,0.80574,0.80604,0.80498,0.80512,4566.33
2025.07.29 09:00:00,0.80512,0.8056,0.80463,0.8049,3684.95
2025.07.29 10:00:00,0.8049,0.80499,0.8037,0.80466,4008.01
2025.07.29 11:00:00,0.80465,0.80678,0.80452,0.80669,4345.95
2025.07.29 12:00:00,0.8067,0.80755,0.80618,0.80746,5268.5
2025.07.29 13:00:00,0.80746,0.8079,0.80537,0.80538,6327.79
2025.07.29 14:00:00,0.80538,0.80747,0.80514,0.80738,11357.15
2025.07.29 15:00:00,0.80739,0.80758,0.80641,0.80708,5680.57
2025.07.29 16:00:00,0.80708,0.80708,0.80605,0.80642,3079.17
2025.07.29 17:00:00,0.80641,0.80648,0.80517,0.80603,3853.45
2025.07.29 18:00:00,0.80601,0.80629,0.80549,0.80549,2236.65
2025.07.29 19:00:00,0.8055,0.80566,0.80498,0.80561,1531.05
2025.07.29 20:00:00,0.80561,0.80622,0.80546,0.80562,1194.12
2025.07.29 21:00:00,0.80563,0.8058,0.80504,0.80539,2248.47
2025.07.29 22:00:00,0.80541,0.80569,0.80519,0.80559,3092.34
2025.07.29 23:00:00,0.80559,0.80583,0.80542,0.80544,778.15
2025.07.30 00:00:00,0.80545,0.80545,0.8041,0.80418,3102.18
2025.07.30 01:00:00,0.80417,0.80461,0.80378,0.8044,4381.41
2025.07.30 02:00:00,0.8044,0.80454,0.80409,0.80438,2428.38
2025.07.30 03:00:00,0.80437,0.80484,0.80393,0.80473,2362.13
2025.07.30 04:00:00,0.80474,0.80552,0.80473,0.80546,1733.85
2025.07.30 05:00:00,0.80546,0.80558,0.80471,0.80548,3024.48
2025.07.30 06:00:00,0.80547,0.8059,0.80467,0.80492,3757.42
2025.07.30 07:00:00,0.80491,0.80509,0.8042,0.80476,4185.37
2025.07.30 08:00:00,0.80476,0.80485,0.80398,0.80433,3751.65
2025.07.30 09:00:00,0.80435,0.80532,0.80402,0.8049,3527.74
2025.07.30 10:00:00,0.80488,0.80626,0.80469,0.80603,3568.65
2025.07.30 11:00:00,0.80601,0.80708,0.80593,0.80642,3938.14
2025.07.30 12:00:00,0.80642,0.81056,0.80623,0.81022,10553.58
2025.07.30 13:00:00,0.81022,0.81239,0.80987,0.81179,11186.5
2025.07.30 14:00:00,0.81179,0.81185,0.81066,0.81069,7759.46
2025.07.30 15:00:00,0.8107,0.81163,0.8099,0.81116,7308.85
2025.07.30 16:00:00,0.81115,0.81174,0.81045,0.81049,3301.1
2025.07.30 17:00:00,0.81049,0.81054,0.81001,0.81002,2851.72
2025.07.30 18:00:00,0.80978,0.81354,0.80863,0.81331,15195.3
2025.07.30 19:00:00,0.81329,0.81434,0.81251,0.81367,9001.81
2025.07.30 20:00:00,0.81367,0.81506,0.81319,0.81437,5001.08
2025.07.30 21:00:00,0.81423,0.81464,0.81114,0.81438,2658.26
2025.07.30 22:00:00,0.81438,0.81474,0.81371,0.81384,2146.85
2025.07.30 23:00:00,0.81384,0.81406,0.81317,0.81329,1472.77
2025.07.31 00:00:00,0.81327,0.81349,0.81282,0.81309,2356.99
2025.07.31 01:00:00,0.81308,0.81362,0.81283,0.81312,2874.33
2025.07.31 02:00:00,0.81313,0.81345,0.81278,0.8129,3687.48
2025.07.31 03:00:00,0.81291,0.81433,0.81253,0.81338,2773.62
2025.07.31 04:00:00,0.81337,0.81358,0.81264,0.81268,1936.23
2025.07.31 05:00:00,0.81269,0.81279,0.81213,0.81256,1675.41
2025.07.31 06:00:00,0.81258,0.81268,0.81115,0.81143,4325.18
2025.07.31 07:00:00,0.81143,0.81337,0.81143,0.81233,5869.22
2025.07.31 08:00:00,0.8123,0.81339,0.81203,0.81273,4958.62
2025.07.31 09:00:00,0.81272,0.81359,0.81269,0.81352,3596.11
2025.07.31 10:00:00,0.81353,0.81414,0.81278,0.8129,3720.27
2025.07.31 11:00:00,0.81289,0.81324,0.81168,0.81184,3971.4
2025.07.31 12:00:00,0.81185,0.81354,0.81166,0.81311,7272.99
2025.07.31 13:00:00,0.8131,0.81445,0.81302,0.81405,7091.5
2025.07.31 14:00:00,0.81407,0.81432,0.81155,0.81206,7647.29
2025.07.31 15:00:00,0.81205,0.81259,0.81129,0.81225,6538.36
2025.07.31 16:00:00,0.81224,0.81267,0.81196,0.81241,4858.93
2025.07.31 17:00:00,0.81241,0.81276,0.81217,0.8127,3301.15
2025.07.31 18:00:00,0.81271,0.81288,0.81204,0.81225,2558.33
2025.07.31 19:00:00,0.81226,0.81231,0.81157,0.81223,3090.03
2025.07.31 20:00:00,0.81223,0.81287,0.81182,0.81216,3383.82
2025.07.31 21:00:00,0.81217,0.81288,0.81145,0.81198,1261.37
2025.07.31 22:00:00,0.81198,0.81238,0.81179,0.81219,2694.3
2025.07.31 23:00:00,0.81219,0.8141,0.81184,0.81397,3027.36
2025.08.01 00:00:00,0.81396,0.81451,0.81259,0.81286,4511.43
2025.08.01 01:00:00,0.81287,0.81434,0.8127,0.81423,3404.56
2025.08.01 02:00:00,0.81421,0.81426,0.81364,0.81382,2824.49
2025.08.01 03:00:00,0.81381,0.81384,0.81302,0.81366,2029.8
2025.08.01 04:00:00,0.81365,0.81427,0.81362,0.81398,1607.76
2025.08.01 05:00:00,0.81398,0.81417,0.81375,0.81387,2086.67
2025.08.01 06:00:00,0.81386,0.81393,0.81291,0.81314,2815.57
2025.08.01 07:00:00,0.81313,0.81494,0.813,0.81471,4685.47
2025.08.01 08:00:00,0.81471,0.81704,0.81465,0.81697,4851.07
2025.08.01 09:00:00,0.81697,0.8171,0.81582,0.81643,3993.7
2025.08.01 10:00:00,0.81642,0.81642,0.81541,0.81586,4157.94
2025.08.01 11:00:00,0.81587,0.81629,0.81514,0.81612,3873.18
2025.08.01 12:00:00,0.81612,0.81692,0.8051,0.8055,18338.56
2025.08.01 13:00:00,0.80549,0.80655,0.80385,0.80448,44206.45
2025.08.01 14:00:00,0.80448,0.80652,0.80261,0.80638,23513.6
2025.08.01 15:00:00,0.80637,0.80759,0.80607,0.80678,9103.91
2025.08.01 16:00:00,0.80678,0.80732,0.80603,0.80664,4619.33
2025.08.01 17:00:00,0.80667,0.80768,0.80647,0.8073,5287.95
2025.08.01 18:00:00,0.80727,0.8081,0.80619,0.80807,4058.07
2025.08.01 19:00:00,0.80806,0.80816,0.80432,0.80505,8150.47
2025.08.01 20:00:00,0.80503,0.80503,0.80329,0.80382,6073.87
2025.08.03 21:00:00,0.80304,0.80452,0.80255,0.80409,573.9
2025.08.03 22:00:00,0.80409,0.80445,0.8026,0.80414,2166.9
2025.08.03 23:00:00,0.80413,0.80458,0.80377,0.80396,1849.29
2025.08.04 00:00:00,0.80396,0.8065,0.80382,0.80646,5731.71
2025.08.04 01:00:00,0.80645,0.8068,0.80577,0.8058,3373
2025.08.04 02:00:00,0.80579,0.80598,0.80477,0.80544,2522.49
2025.08.04 03:00:00,0.80542,0.80542,0.80467,0.80496,2169.15
2025.08.04 04:00:00,0.80496,0.80528,0.80474,0.80518,1447.38
2025.08.04 05:00:00,0.80517,0.80626,0.80495,0.80606,2289.54
2025.08.04 06:00:00,0.80606,0.80779,0.80499,0.80765,5756.28
2025.08.04 07:00:00,0.80764,0.8093,0.80666,0.80833,6347.65
2025.08.04 08:00:00,0.80832,0.80938,0.80814,0.80899,4779.26
2025.08.04 09:00:00,0.809,0.80936,0.80813,0.80915,3814.59
2025.08.04 10:00:00,0.80914,0.80965,0.8078,0.8078,3544.52
2025.08.04 11:00:00,0.8078,0.80787,0.8068,0.80753,4192.78
2025.08.04 12:00:00,0.80752,0.80822,0.8057,0.80678,5972.21
2025.08.04 13:00:00,0.80676,0.80776,0.8059,0.80742,9023.59
2025.08.04 14:00:00,0.8074,0.80871,0.80672,0.80834,9154.92
2025.08.04 15:00:00,0.80832,0.80891,0.80775,0.80828,6175.1
2025.08.04 16:00:00,0.80826,0.80877,0.80783,0.80786,3081.78
2025.08.04 17:00:00,0.80784,0.80843,0.80769,0.8079,2292.99
2025.08.04 18:00:00,0.80789,0.80828,0.80752,0.80812,2913.84
2025.08.04 19:00:00,0.80811,0.80857,0.80763,0.80832,1989.31
2025.08.04 20:00:00,0.80829,0.80887,0.80767,0.80778,2005.33
2025.08.04 21:00:00,0.80778,0.80797,0.80553,0.80763,5053.26
2025.08.04 22:00:00,0.80763,0.80778,0.80729,0.80737,2859.87
2025.08.04 23:00:00,0.80737,0.80746,0.80696,0.80709,1413.42
2025.08.05 00:00:00,0.80708,0.80858,0.80672,0.8083,2732.46
2025.08.05 01:00:00,0.80834,0.80915,0.8082,0.80861,2781.36
2025.08.05 02:00:00,0.80863,0.8092,0.80858,0.80908,2178.72
2025.08.05 03:00:00,0.80907,0.80947,0.80895,0.80945,1689.93
2025.08.05 04:00:00,0.80946,0.80967,0.80922,0.80941,1014.72
2025.08.05 05:00:00,0.80943,0.81002,0.80942,0.80993,2306.85
2025.08.05 06:00:00,0.80993,0.81002,0.80884,0.80951,2978.34
2025.08.05 07:00:00,0.8095,0.80988,0.80842,0.80935,4698.74
2025.08.05 08:00:00,0.80937,0.81146,0.80934,0.81105,4966.92
2025.08.05 09:00:00,0.81104,0.81177,0.81004,0.81041,3880.39
2025.08.05 10:00:00,0.81042,0.81119,0.81004,0.81013,3639.33
2025.08.05 11:00:00,0.81015,0.81099,0.80981,0.81005,4591.46
2025.08.05 12:00:00,0.81005,0.81035,0.80924,0.80969,8110.44
2025.08.05 13:00:00,0.80968,0.80993,0.80841,0.80953,5770.88
2025.08.05 14:00:00,0.80953,0.80957,0.80694,0.80728,15705.2
2025.08.05 15:00:00,0.80727,0.80757,0.80648,0.80715,18800.63
2025.08.05 16:00:00,0.80717,0.8074,0.80654,0.8071,2968.87
2025.08.05 17:00:00,0.8071,0.80763,0.8071,0.8074,3000.63
2025.08.05 18:00:00,0.80741,0.80772,0.80727,0.80739,3675.27
2025.08.05 19:00:00,0.80738,0.80791,0.80722,0.80725,2233.96
2025.08.05 20:00:00,0.80725,0.80745,0.80698,0.80742,2133.08
2025.08.05 21:00:00,0.80727,0.80758,0.80625,0.80746,2115.04
2025.08.05 22:00:00,0.80741,0.80762,0.80705,0.80726,2818.55
2025.08.05 23:00:00,0.80728,0.80742,0.80682,0.80696,1462.96
2025.08.06 00:00:00,0.80694,0.80744,0.80672,0.80739,1255.23
2025.08.06 01:00:00,0.8074,0.80787,0.80736,0.80771,2162.1
2025.08.06 02:00:00,0.80772,0.80783,0.80733,0.8075,1537.84
2025.08.06 03:00:00,0.80748,0.80749,0.80658,0.80666,1261.95
2025.08.06 04:00:00,0.80667,0.8069,0.80649,0.80675,741.72
2025.08.06 05:00:00,0.8068,0.80741,0.80671,0.80702,1524.93
2025.08.06 06:00:00,0.80704,0.80743,0.80644,0.80726,3224.11
2025.08.06 07:00:00,0.80726,0.80853,0.80726,0.80781,4020.21
2025.08.06 08:00:00,0.8078,0.80936,0.80778,0.80884,3733.62
2025.08.06 09:00:00,0.80886,0.80901,0.80792,0.808,3065.87
2025.08.06 10:00:00,0.808,0.80821,0.80652,0.80685,3948.06
2025.08.06 11:00:00,0.80684,0.80736,0.80634,0.80696,3396.1
2025.08.06 12:00:00,0.80697,0.80766,0.80602,0.80635,5041.64
2025.08.06 13:00:00,0.80634,0.80677,0.80579,0.80603,6214.41
2025.08.06 14:00:00,0.80602,0.80756,0.80602,0.80739,8136.81
2025.08.06 15:00:00,0.80739,0.80758,0.80519,0.80519,15946.59
2025.08.06 16:00:00,0.80521,0.80782,0.80485,0.80702,4752.98
2025.08.06 17:00:00,0.80704,0.80746,0.80631,0.80692,3794.91
2025.08.06 18:00:00,0.80691,0.80701,0.80568,0.8063,3126.12
2025.08.06 19:00:00,0.8063,0.80692,0.80624,0.80663,2128.33
2025.08.06 20:00:00,0.80664,0.80709,0.80582,0.80611,3104.94
2025.08.06 21:00:00,0.80608,0.80661,0.80581,0.80608,2623.3
2025.08.06 22:00:00,0.80605,0.80619,0.80571,0.806,1128.88
2025.08.06 23:00:00,0.80603,0.80622,0.80594,0.80602,1466.96
2025.08.07 00:00:00,0.80601,0.80676,0.80595,0.80648,2696.82
2025.08.07 01:00:00,0.80649,0.80662,0.80545,0.8057,2113.62
2025.08.07 02:00:00,0.8057,0.80593,0.80532,0.8058,1358.82
2025.08.07 03:00:00,0.80582,0.8061,0.80542,0.8055,2040.6
2025.08.07 04:00:00,0.80551,0.80563,0.80472,0.80495,3188.25
2025.08.07 05:00:00,0.80494,0.80576,0.80478,0.80511,1962.57
2025.08.07 06:00:00,0.80509,0.80522,0.80456,0.80465,4273.56
2025.08.07 07:00:00,0.80461,0.80525,0.80437,0.80455,4621.49
2025.08.07 08:00:00,0.80457,0.80727,0.80428,0.80576,6331.18
2025.08.07 09:00:00,0.80576,0.80677,0.80563,0.8062,3587.79
2025.08.07 10:00:00,0.80619,0.80647,0.80574,0.80605,3543.89
2025.08.07 11:00:00,0.80606,0.8089,0.8055,0.80872,6943.13
2025.08.07 12:00:00,0.80873,0.80893,0.80692,0.80803,7025.69
2025.08.07 13:00:00,0.80802,0.80875,0.80707,0.80743,10001.2
2025.08.07 14:00:00,0.80742,0.80861,0.80691,0.80798,10916.91
2025.08.07 15:00:00,0.80799,0.80874,0.80738,0.8074,5531.79
2025.08.07 16:00:00,0.80739,0.80769,0.80707,0.80711,3995.69
2025.08.07 17:00:00,0.80711,0.80786,0.80709,0.80776,3276.74
2025.08.07 18:00:00,0.80775,0.80832,0.80752,0.8082,1638.97
2025.08.07 19:00:00,0.80821,0.80839,0.80618,0.80644,5889.39
2025.08.07 20:00:00,0.80642,0.80645,0.80559,0.80632,2829.11
2025.08.07 21:00:00,0.80632,0.80693,0.80458,0.80574,2406.4
2025.08.07 22:00:00,0.80555,0.80661,0.80555,0.80575,3466.88
2025.08.07 23:00:00,0.80575,0.8059,0.80555,0.80562,1677.42
2025.08.08 00:00:00,0.80562,0.80636,0.80549,0.80611,4576.98
2025.08.08 01:00:00,0.8061,0.80728,0.80609,0.80689,4564.89
2025.08.08 02:00:00,0.80689,0.80689,0.80642,0.8067,2496.54
2025.08.08 03:00:00,0.80671,0.80705,0.80669,0.80671,1940.97
2025.08.08 04:00:00,0.80671,0.8068,0.80642,0.8067,1049.43
2025.08.08 05:00:00,0.80671,0.80786,0.8066,0.80772,1868.82
2025.08.08 06:00:00,0.80773,0.80784,0.80709,0.80761,2921.67
2025.08.08 07:00:00,0.8076,0.80765,0.80641,0.80723,3991.18
2025.08.08 08:00:00,0.80724,0.80885,0.80707,0.80851,3612.03
2025.08.08 09:00:00,0.8085,0.80881,0.80779,0.8079,4308.14
2025.08.08 10:00:00,0.8079,0.80842,0.80738,0.80788,2462.12
2025.08.08 11:00:00,0.80789,0.8082,0.80756,0.80798,2507.16
2025.08.08 12:00:00,0.80799,0.8082,0.80681,0.80772,4229.33
2025.08.08 13:00:00,0.80772,0.80781,0.80674,0.80747,4735.71
2025.08.08 14:00:00,0.80749,0.80777,0.80671,0.80748,5086.26
2025.08.08 15:00:00,0.80749,0.80757,0.80669,0.80726,4301.9
2025.08.08 16:00:00,0.80727,0.8081,0.80699,0.80795,3008.3
2025.08.08 17:00:00,0.80796,0.80798,0.80733,0.8078,1665.62
2025.08.08 18:00:00,0.80781,0.80818,0.80736,0.80769,2923.7
2025.08.08 19:00:00,0.80768,0.80861,0.80762,0.80817,2299.97
2025.08.08 20:00:00,0.80819,0.80855,0.80772,0.80772,3178.89
2025.08.10 21:00:00,0.80681,0.80785,0.8066,0.8066,1399.61
2025.08.10 22:00:00,0.80745,0.8081,0.80745,0.80796,855.37
2025.08.10 23:00:00,0.80793,0.80804,0.80728,0.80749,630.01
2025.08.11 00:00:00,0.80749,0.80798,0.80745,0.80759,1492.29
2025.08.11 01:00:00,0.80758,0.8077,0.80692,0.80697,1380.01
2025.08.11 02:00:00,0.80695,0.80699,0.80655,0.80678,1477.28
2025.08.11 03:00:00,0.80678,0.80691,0.80624,0.80648,1229.82
2025.08.11 04:00:00,0.80648,0.8065,0.80621,0.8064,423.45
2025.08.11 05:00:00,0.80639,0.80659,0.80624,0.80641,1917.62
2025.08.11 06:00:00,0.80643,0.80707,0.80607,0.80683,1626.42
2025.08.11 07:00:00,0.80684,0.80797,0.80682,0.80796,3281.56
2025.08.11 08:00:00,0.80796,0.80855,0.80787,0.80833,2825.42
2025.08.11 09:00:00,0.80834,0.80969,0.80815,0.80947,2687.31
2025.08.11 10:00:00,0.80946,0.80995,0.80936,0.80954,1967.06
2025.08.11 11:00:00,0.80955,0.81124,0.80944,0.81088,2884.21
2025.08.11 12:00:00,0.81088,0.81171,0.81067,0.81142,4109.43
2025.08.11 13:00:00,0.81141,0.81171,0.81093,0.81161,4416.71
2025.08.11 14:00:00,0.81159,0.81313,0.81159,0.81253,5369.31
2025.08.11 15:00:00,0.81253,0.81317,0.81226,0.81271,2903.24
2025.08.11 16:00:00,0.81271,0.81286,0.81231,0.81261,2176.54
2025.08.11 17:00:00,0.81259,0.81299,0.81214,0.81224,1891.73
2025.08.11 18:00:00,0.81222,0.81259,0.81219,0.81229,1333.71
2025.08.11 19:00:00,0.81228,0.81281,0.81225,0.81264,1338.36
2025.08.11 20:00:00,0.81266,0.81268,0.8119,0.81209,1509.05
2025.08.11 21:00:00,0.81203,0.8123,0.81086,0.81109,2768.94
2025.08.11 22:00:00,0.81158,0.8126,0.81158,0.81245,663.23
2025.08.11 23:00:00,0.81245,0.81249,0.81194,0.81205,490.86
2025.08.12 00:00:00,0.81209,0.81226,0.81165,0.81188,2053.5
2025.08.12 01:00:00,0.81188,0.81192,0.81086,0.81105,2804.67
2025.08.12 02:00:00,0.81106,0.8114,0.81077,0.81094,1896.57
2025.08.12 03:00:00,0.81094,0.81132,0.81075,0.81123,1657.96
2025.08.12 04:00:00,0.81126,0.8115,0.81088,0.81091,1512.72
2025.08.12 05:00:00,0.81091,0.81107,0.81042,0.81105,2533.32
2025.08.12 06:00:00,0.8111,0.81167,0.8107,0.81163,3811.22
2025.08.12 07:00:00,0.81162,0.81165,0.80974,0.80992,3931.5
2025.08.12 08:00:00,0.80991,0.81012,0.80913,0.80991,4292.54
2025.08.12 09:00:00,0.80991,0.81093,0.80967,0.8108,4149.34
2025.08.12 10:00:00,0.81081,0.8111,0.81013,0.81098,3051.76
2025.08.12 11:00:00,0.811,0.81178,0.81095,0.81131,2931.53
2025.08.12 12:00:00,0.81129,0.81182,0.8082,0.80959,13005.03
2025.08.12 13:00:00,0.80962,0.81112,0.80783,0.80927,14136.8
2025.08.12 14:00:00,0.80928,0.81038,0.80863,0.80916,10459.57
2025.08.12 15:00:00,0.80918,0.80934,0.8066,0.8081,9329.37
2025.08.12 16:00:00,0.80811,0.8085,0.80701,0.80736,8272.84
2025.08.12 17:00:00,0.80736,0.80784,0.80718,0.80756,6628.98
2025.08.12 18:00:00,0.80756,0.80785,0.80708,0.80733,4282.93
2025.08.12 19:00:00,0.80734,0.80744,0.80613,0.80638,3981.1
2025.08.12 20:00:00,0.80639,0.80684,0.80617,0.8063,1736.82
2025.08.12 21:00:00,0.80621,0.80665,0.806,0.80635,4754.05
2025.08.12 22:00:00,0.80636,0.80639,0.80597,0.80623,3695.12
2025.08.12 23:00:00,0.80624,0.80628,0.80607,0.80616,1060.84
2025.08.13 00:00:00,0.80616,0.80695,0.80607,0.80643,4757.79
2025.08.13 01:00:00,0.80643,0.80678,0.80609,0.80674,6315.64
2025.08.13 02:00:00,0.80675,0.80712,0.80636,0.80659,3442.49
2025.08.13 03:00:00,0.80661,0.80673,0.80623,0.80652,3755.55
2025.08.13 04:00:00,0.80652,0.80683,0.80645,0.80646,3393.43
2025.08.13 05:00:00,0.80644,0.80685,0.80639,0.8065,2903.91
2025.08.13 06:00:00,0.80651,0.80681,0.80551,0.80577,5453.78
2025.08.13 07:00:00,0.80578,0.8059,0.80338,0.80365,6158.1
2025.08.13 08:00:00,0.80365,0.80368,0.80253,0.80336,5094.01
2025.08.13 09:00:00,0.80335,0.80336,0.80217,0.80262,3554.85
2025.08.13 10:00:00,0.80265,0.80382,0.80249,0.80375,3799.21
2025.08.13 11:00:00,0.80374,0.80399,0.80304,0.80311,3714.33
2025.08.13 12:00:00,0.8031,0.80438,0.80279,0.80437,4079.45
2025.08.13 13:00:00,0.80438,0.80495,0.80414,0.80452,4570.56
2025.08.13 14:00:00,0.80453,0.8046,0.80343,0.80383,6037.32
2025.08.13 15:00:00,0.80384,0.80472,0.80377,0.80434,3770.79
2025.08.13 16:00:00,0.80435,0.80497,0.80419,0.80495,1972.3
2025.08.13 17:00:00,0.80496,0.80528,0.8047,0.80514,2100.5
2025.08.13 18:00:00,0.80514,0.80578,0.80513,0.80551,1297.08
2025.08.13 19:00:00,0.80552,0.80569,0.80532,0.80551,1092.95
2025.08.13 20:00:00,0.80553,0.80566,0.8047,0.8047,2176.99
2025.08.13 21:00:00,0.8047,0.80514,0.80242,0.80427,3174.5
2025.08.13 22:00:00,0.80469,0.80529,0.80454,0.80516,1342.78
2025.08.13 23:00:00,0.80516,0.80517,0.80472,0.80475,506.92
2025.08.14 00:00:00,0.80475,0.80513,0.8046,0.80489,3351.48
2025.08.14 01:00:00,0.8049,0.80506,0.80441,0.80481,3720.09
2025.08.14 02:00:00,0.80483,0.80579,0.80479,0.80542,2513.96
2025.08.14 03:00:00,0.8054,0.8057,0.80535,0.8055,1968.83
2025.08.14 04:00:00,0.80552,0.80556,0.80511,0.80524,1903.45
2025.08.14 05:00:00,0.80525,0.80579,0.80525,0.80551,2451.26
2025.08.14 06:00:00,0.8055,0.80647,0.80512,0.8064,5087
2025.08.14 07:00:00,0.80639,0.80671,0.80585,0.80644,5206.58
2025.08.14 08:00:00,0.80646,0.80687,0.80594,0.80668,4217.61
2025.08.14 09:00:00,0.80666,0.80683,0.80565,0.80632,3110.43
2025.08.14 10:00:00,0.80634,0.80641,0.80533,0.8055,2467.89
2025.08.14 11:00:00,0.80553,0.80596,0.80504,0.80538,2779.34
2025.08.14 12:00:00,0.80536,0.80809,0.80511,0.80658,9996.88
2025.08.14 13:00:00,0.80657,0.80812,0.80607,0.8078,9772.58
2025.08.14 14:00:00,0.80781,0.80876,0.807,0.80703,9850.23
2025.08.14 15:00:00,0.80703,0.80851,0.80701,0.80781,4962.48
2025.08.14 16:00:00,0.80781,0.80923,0.80778,0.80877,3163.76
2025.08.14 17:00:00,0.80876,0.80884,0.80813,0.80856,2150.49
2025.08.14 18:00:00,0.80856,0.80871,0.8083,0.80844,1871.82
2025.08.14 19:00:00,0.80844,0.80846,0.80716,0.8075,2019.13
2025.08.14 20:00:00,0.80749,0.80772,0.80718,0.80733,1784.18
2025.08.14 21:00:00,0.80733,0.80803,0.80637,0.80715,1348.67
2025.08.14 22:00:00,0.80714,0.80764,0.80709,0.8075,1161.24
2025.08.14 23:00:00,0.8075,0.80775,0.80731,0.80755,546.24
2025.08.15 00:00:00,0.80756,0.80792,0.8075,0.80763,2544.03
2025.08.15 01:00:00,0.80762,0.80781,0.80702,0.80734,1869.7
2025.08.15 02:00:00,0.80735,0.80742,0.80684,0.80687,1450.17
2025.08.15 03:00:00,0.80686,0.80692,0.80647,0.80675,1060.77
2025.08.15 04:00:00,0.80674,0.80694,0.80645,0.80649,816.6
2025.08.15 05:00:00,0.80651,0.80654,0.8061,0.80613,1211.1
2025.08.15 06:00:00,0.80611,0.80678,0.80593,0.80622,2282.59
2025.08.15 07:00:00,0.80621,0.80636,0.8051,0.80525,4842.6
2025.08.15 08:00:00,0.80525,0.80584,0.80492,0.80513,6430.85
2025.08.15 09:00:00,0.80513,0.80559,0.80473,0.80549,4345.33
2025.08.15 10:00:00,0.80548,0.80609,0.80528,0.80595,2444.85
2025.08.15 11:00:00,0.80595,0.80611,0.80556,0.8058,2760.68
2025.08.15 12:00:00,0.80583,0.80689,0.80484,0.80541,7292.54
2025.08.15 13:00:00,0.80541,0.80645,0.80496,0.80528,9891.55
2025.08.15 14:00:00,0.80532,0.80545,0.80453,0.80508,6792.5
2025.08.15 15:00:00,0.80509,0.80624,0.80492,0.80609,7808.02
2025.08.15 16:00:00,0.80609,0.80667,0.80594,0.80621,1790.65
2025.08.15 17:00:00,0.80618,0.80638,0.80574,0.80611,1881.52
2025.08.15 18:00:00,0.80609,0.80656,0.80609,0.80616,1338.41
2025.08.15 19:00:00,0.80618,0.80657,0.80611,0.80652,1217.32
2025.08.15 20:00:00,0.8065,0.80691,0.80623,0.80635,3455.31
2025.08.17 21:00:00,0.80516,0.80653,0.80379,0.80595,1140.5
2025.08.17 22:00:00,0.80596,0.80637,0.80581,0.80622,836.09
2025.08.17 23:00:00,0.80625,0.80686,0.80622,0.8065,791.12
2025.08.18 00:00:00,0.8065,0.80687,0.80625,0.80658,2011.72
2025.08.18 01:00:00,0.8066,0.80696,0.80596,0.806,1790.9
2025.08.18 02:00:00,0.80602,0.80659,0.8059,0.80646,1002.46
2025.08.18 03:00:00,0.80648,0.80652,0.80608,0.80617,1048.8
2025.08.18 04:00:00,0.80617,0.80622,0.80583,0.80593,1093.91
2025.08.18 05:00:00,0.80594,0.80628,0.80581,0.80591,1348.11
2025.08.18 06:00:00,0.80595,0.80637,0.80571,0.80573,2026.55
2025.08.18 07:00:00,0.80573,0.80693,0.80544,0.80683,2859.7
2025.08.18 08:00:00,0.80684,0.80783,0.80674,0.80713,3153.16
2025.08.18 09:00:00,0.80713,0.8077,0.80686,0.80732,2679.73
2025.08.18 10:00:00,0.80734,0.80741,0.80673,0.80714,2572.27
2025.08.18 11:00:00,0.80715,0.80738,0.80653,0.80724,2155.65
2025.08.18 12:00:00,0.80723,0.80806,0.80684,0.80737,2926.7
2025.08.18 13:00:00,0.80736,0.80798,0.8067,0.80708,3490.19
2025.08.18 14:00:00,0.80711,0.80749,0.80634,0.80711,5706.17
2025.08.18 15:00:00,0.80709,0.80749,0.80649,0.80674,4737.99
2025.08.18 16:00:00,0.80675,0.80748,0.80672,0.80725,1624.71
2025.08.18 17:00:00,0.80724,0.80769,0.80699,0.80765,1622.79
2025.08.18 18:00:00,0.80766,0.80779,0.80709,0.80753,1553.9
2025.08.18 19:00:00,0.80753,0.80753,0.80693,0.80705,1170.23
2025.08.18 20:00:00,0.80705,0.80746,0.80694,0.80697,1142.58
2025.08.18 21:00:00,0.80693,0.80748,0.80633,0.80709,2562.36
2025.08.18 22:00:00,0.80709,0.80736,0.80638,0.80719,1296.05
2025.08.18 23:00:00,0.80717,0.80762,0.80717,0.80739,543.91
2025.08.19 00:00:00,0.80737,0.80764,0.80717,0.80736,1948.18
2025.08.19 01:00:00,0.80733,0.80851,0.80717,0.80785,3466.91
2025.08.19 02:00:00,0.80786,0.808,0.80737,0.80758,2159.2
2025.08.19 03:00:00,0.80756,0.80766,0.80705,0.80744,2414.31
2025.08.19 04:00:00,0.80746,0.8076,0.80714,0.80716,2106.87
2025.08.19 05:00:00,0.80714,0.80749,0.80677,0.80727,1599.48
2025.08.19 06:00:00,0.80726,0.80752,0.80603,0.80606,2978.96
2025.08.19 07:00:00,0.80606,0.8064,0.80534,0.8058,5180.12
2025.08.19 08:00:00,0.80581,0.8063,0.80575,0.80599,5633.14
2025.08.19 09:00:00,0.80599,0.80621,0.80559,0.80572,4544.07
2025.08.19 10:00:00,0.80575,0.80576,0.80481,0.80509,5267.37
2025.08.19 11:00:00,0.80508,0.8057,0.8047,0.80535,5153.75
2025.08.19 12:00:00,0.80533,0.80583,0.80486,0.80554,5141.58
2025.08.19 13:00:00,0.80555,0.80595,0.80522,0.80535,4190.16
2025.08.19 14:00:00,0.80538,0.80645,0.80521,0.80616,6948.65
2025.08.19 15:00:00,0.80615,0.80706,0.8059,0.80698,4592.64
2025.08.19 16:00:00,0.80698,0.80733,0.80663,0.80719,2688.01
2025.08.19 17:00:00,0.80721,0.80736,0.80693,0.80724,1974.21
2025.08.19 18:00:00,0.80723,0.80785,0.80722,0.8076,1738.26
2025.08.19 19:00:00,0.80759,0.80778,0.80745,0.80767,1506.84
2025.08.19 20:00:00,0.80769,0.80789,0.80738,0.80738,1319.48
2025.08.19 21:00:00,0.80738,0.80753,0.80509,0.80673,1574.34
2025.08.19 22:00:00,0.80672,0.80769,0.80672,0.80752,4464.15
2025.08.19 23:00:00,0.80751,0.808,0.80743,0.80783,1008.23
2025.08.20 00:00:00,0.80782,0.80914,0.8078,0.80854,1752.27
2025.08.20 01:00:00,0.80855,0.80906,0.80834,0.80879,1825.98
2025.08.20 02:00:00,0.80879,0.80925,0.80874,0.80883,2714.47
2025.08.20 03:00:00,0.80882,0.80883,0.80811,0.80837,1417.33
2025.08.20 04:00:00,0.80838,0.80845,0.80804,0.80844,1077.31
2025.08.20 05:00:00,0.80843,0.80849,0.80804,0.80819,1426.67
2025.08.20 06:00:00,0.80821,0.80894,0.80793,0.80831,4268.57
2025.08.20 07:00:00,0.80832,0.80854,0.80759,0.80803,3860.13
2025.08.20 08:00:00,0.80804,0.80831,0.80777,0.8079,3238.85
2025.08.20 09:00:00,0.80791,0.80816,0.80712,0.80723,2554.83
2025.08.20 10:00:00,0.80723,0.80736,0.80667,0.8073,2560.08
2025.08.20 11:00:00,0.80731,0.80768,0.80709,0.80736,2367.3
2025.08.20 12:00:00,0.80735,0.80735,0.80563,0.80567,5170.24
2025.08.20 13:00:00,0.80566,0.80647,0.80502,0.80524,5931.2
2025.08.20 14:00:00,0.80523,0.80548,0.80332,0.8038,8881.59
2025.08.20 15:00:00,0.80379,0.8046,0.8037,0.80439,6886.95
2025.08.20 16:00:00,0.80439,0.80446,0.80367,0.80391,3508.37
2025.08.20 17:00:00,0.80392,0.80399,0.80308,0.80325,2402.15
2025.08.20 18:00:00,0.80321,0.8041,0.80319,0.80399,2470.99
2025.08.20 19:00:00,0.80401,0.80407,0.80349,0.80405,1377.78
2025.08.20 20:00:00,0.80405,0.80438,0.80365,0.80365,1020.76
2025.08.20 21:00:00,0.80365,0.80417,0.80313,0.80358,1100.22
2025.08.20 22:00:00,0.80363,0.80391,0.80317,0.80389,1314.53
2025.08.20 23:00:00,0.80389,0.80421,0.80388,0.80409,622.5
2025.08.21 00:00:00,0.8041,0.80495,0.804,0.80437,3283.32
2025.08.21 01:00:00,0.80438,0.80499,0.8041,0.80494,2066.31
2025.08.21 02:00:00,0.80495,0.80511,0.80465,0.80495,1406.95
2025.08.21 03:00:00,0.80496,0.80522,0.8048,0.80505,1166.52
2025.08.21 04:00:00,0.80505,0.80531,0.8047,0.80528,1170.99
2025.08.21 05:00:00,0.80527,0.8055,0.80478,0.80481,1422.66
2025.08.21 06:00:00,0.80479,0.80639,0.80463,0.80596,3260.25
2025.08.21 07:00:00,0.80597,0.80647,0.8047,0.80492,4798.35
2025.08.21 08:00:00,0.80493,0.80544,0.80484,0.80524,2633.01
2025.08.21 09:00:00,0.80522,0.80536,0.80489,0.80532,2204.85
2025.08.21 10:00:00,0.80534,0.80601,0.80527,0.80593,2173.8
2025.08.21 11:00:00,0.80592,0.80684,0.8054,0.80657,3121.74
2025.08.21 12:00:00,0.80657,0.80689,0.80513,0.80612,4863.4
2025.08.21 13:00:00,0.80612,0.8079,0.80579,0.80744,7368.63
2025.08.21 14:00:00,0.80743,0.80834,0.80682,0.80795,9264.11
2025.08.21 15:00:00,0.80795,0.80893,0.80724,0.80848,6734.31
2025.08.21 16:00:00,0.8085,0.80875,0.80808,0.80808,2011.81
2025.08.21 17:00:00,0.80809,0.80843,0.80788,0.80827,1864.25
2025.08.21 18:00:00,0.80827,0.80885,0.80814,0.80885,1462.17
2025.08.21 19:00:00,0.80883,0.80903,0.80859,0.8089,1153.98
2025.08.21 20:00:00,0.80891,0.80901,0.80838,0.80838,1807.75
2025.08.21 21:00:00,0.80838,0.80847,0.80679,0.80835,1410.14
2025.08.21 22:00:00,0.80836,0.80859,0.8082,0.80853,2879.24
2025.08.21 23:00:00,0.80851,0.80886,0.8085,0.80869,1667.85
2025.08.22 00:00:00,0.80869,0.80897,0.80862,0.80884,3617.4
2025.08.22 01:00:00,0.80882,0.80987,0.80873,0.80974,3393.6
2025.08.22 02:00:00,0.80974,0.8101,0.809,0.80914,1695.29
2025.08.22 03:00:00,0.80915,0.81016,0.80915,0.80993,2350.35
2025.08.22 04:00:00,0.80991,0.81035,0.80971,0.81031,1226.1
2025.08.22 05:00:00,0.81029,0.81038,0.80985,0.80996,1206.12
2025.08.22 06:00:00,0.80997,0.81027,0.80956,0.81007,2607.75
2025.08.22 07:00:00,0.81007,0.81009,0.80895,0.80947,3190.2
2025.08.22 08:00:00,0.80947,0.80983,0.80928,0.8093,2819.14
2025.08.22 09:00:00,0.8093,0.80958,0.80913,0.80956,2121.75
2025.08.22 10:00:00,0.80956,0.80957,0.80864,0.80888,2110.12
2025.08.22 11:00:00,0.80887,0.809,0.80816,0.80827,2966.55
2025.08.22 12:00:00,0.80827,0.80839,0.80788,0.80807,3394.05
2025.08.22 13:00:00,0.80807,0.80882,0.80754,0.80866,3776.02
2025.08.22 14:00:00,0.80862,0.80862,0.80107,0.8015,24572.15
2025.08.22 15:00:00,0.80151,0.80169,0.80017,0.80158,11209.34
2025.08.22 16:00:00,0.80158,0.80174,0.8011,0.80129,6764.89
2025.08.22 17:00:00,0.80129,0.80129,0.8,0.80039,14172.81
2025.08.22 18:00:00,0.8004,0.80108,0.80021,0.80105,2544.29
2025.08.22 19:00:00,0.80104,0.80146,0.80102,0.80123,1492.65
2025.08.22 20:00:00,0.80124,0.80158,0.80092,0.80092,2259.75
2025.08.24 21:00:00,0.8006,0.80203,0.79988,0.80125,1924.96
2025.08.24 22:00:00,0.80126,0.80238,0.80099,0.80222,1913.42
2025.08.24 23:00:00,0.80223,0.80261,0.80212,0.80238,912.43
2025.08.25 00:00:00,0.80241,0.80328,0.80241,0.80295,2140.12
2025.08.25 01:00:00,0.80294,0.80346,0.80241,0.80333,1890.6
2025.08.25 02:00:00,0.80334,0.8035,0.80313,0.80334,1377.15
2025.08.25 03:00:00,0.80333,0.80334,0.80253,0.80265,1241.89
2025.08.25 04:00:00,0.80264,0.80308,0.80255,0.8029,900.14
2025.08.25 05:00:00,0.80291,0.80343,0.80291,0.80327,1019.4
2025.08.25 06:00:00,0.80326,0.80332,0.80195,0.80219,2586.99
2025.08.25 07:00:00,0.80219,0.80269,0.80165,0.80239,2254.37
2025.08.25 08:00:00,0.80242,0.80257,0.80161,0.80189,2208
2025.08.25 09:00:00,0.80188,0.80245,0.80177,0.8023,3577.27
2025.08.25 10:00:00,0.80229,0.80283,0.80222,0.80271,3935.55
2025.08.25 11:00:00,0.80271,0.80275,0.80199,0.80201,3176.19
2025.08.25 12:00:00,0.80202,0.8026,0.80199,0.80236,2621.21
2025.08.25 13:00:00,0.80237,0.80269,0.80193,0.80227,2879.11
2025.08.25 14:00:00,0.80226,0.80314,0.80218,0.80297,4395.75
2025.08.25 15:00:00,0.80297,0.80368,0.80262,0.80345,3574.94
2025.08.25 16:00:00,0.80343,0.80452,0.80335,0.80412,2545.95
2025.08.25 17:00:00,0.80411,0.80489,0.80405,0.80458,2759.77
2025.08.25 18:00:00,0.80459,0.80621,0.80447,0.806,2423.99
2025.08.25 19:00:00,0.806,0.80709,0.8059,0.80681,3854.56
2025.08.25 20:00:00,0.80682,0.80682,0.80538,0.80538,2467.44
2025.08.25 21:00:00,0.80538,0.8061,0.80366,0.80541,2342.79
2025.08.25 22:00:00,0.80542,0.80607,0.80542,0.80594,1032.4
2025.08.25 23:00:00,0.80593,0.80632,0.80585,0.8062,691.94
2025.08.26 00:00:00,0.8062,0.80663,0.8027,0.80343,9174.29
2025.08.26 01:00:00,0.80345,0.80455,0.8034,0.80423,3433.34
2025.08.26 02:00:00,0.80424,0.80503,0.80379,0.80459,2039.39
2025.08.26 03:00:00,0.80458,0.80576,0.80456,0.80564,2338.93
2025.08.26 04:00:00,0.80569,0.80587,0.80535,0.80541,2029.33
2025.08.26 05:00:00,0.80539,0.8058,0.80486,0.80507,2728.8
2025.08.26 06:00:00,0.80513,0.80675,0.80512,0.80663,4980.44
2025.08.26 07:00:00,0.80664,0.8072,0.80573,0.80586,5988.49
2025.08.26 08:00:00,0.80584,0.80707,0.80563,0.8067,4471.16
2025.08.26 09:00:00,0.80671,0.80678,0.80558,0.80575,2866.65
2025.08.26 10:00:00,0.80577,0.80642,0.8056,0.80575,2742.75
2025.08.26 11:00:00,0.80575,0.8059,0.80424,0.80467,3682.06
2025.08.26 12:00:00,0.80466,0.80467,0.80373,0.80447,6095.77
2025.08.26 13:00:00,0.80449,0.80517,0.80414,0.80421,6459.92
2025.08.26 14:00:00,0.80421,0.805,0.80354,0.80388,11955.56
2025.08.26 15:00:00,0.80389,0.804,0.80306,0.8031,9895.48
2025.08.26 16:00:00,0.8031,0.80336,0.80254,0.80329,7588.51
2025.08.26 17:00:00,0.80327,0.80363,0.80291,0.80362,5017.95
2025.08.26 18:00:00,0.80363,0.80397,0.80301,0.80321,4135.94
2025.08.26 19:00:00,0.8032,0.80344,0.80289,0.80336,3652.53
2025.08.26 20:00:00,0.80337,0.8038,0.80309,0.80315,2961.3
2025.08.26 21:00:00,0.80289,0.80396,0.80269,0.80317,2233.22
2025.08.26 22:00:00,0.80317,0.80363,0.80294,0.80347,1509.21
2025.08.26 23:00:00,0.80346,0.80384,0.80337,0.80378,484.95
2025.08.27 00:00:00,0.8038,0.80412,0.80357,0.80404,2364
2025.08.27 01:00:00,0.80405,0.80442,0.80369,0.80436,2633.7
2025.08.27 02:00:00,0.80434,0.80489,0.80432,0.80448,1450.05
2025.08.27 03:00:00,0.80445,0.80481,0.80428,0.80469,730.92
2025.08.27 04:00:00,0.8047,0.80529,0.80468,0.80522,2115.19
2025.08.27 05:00:00,0.80523,0.80539,0.80488,0.80509,1551.51
2025.08.27 06:00:00,0.80508,0.8055,0.80497,0.80531,2722
2025.08.27 07:00:00,0.80532,0.80615,0.80513,0.80563,3890.94
2025.08.27 08:00:00,0.80565,0.80762,0.80562,0.80641,4249.96
2025.08.27 09:00:00,0.8064,0.80687,0.80595,0.80682,3238
2025.08.27 10:00:00,0.80684,0.80723,0.80657,0.80708,3638.7
2025.08.27 11:00:00,0.80709,0.80726,0.80646,0.80684,3072.63
2025.08.27 12:00:00,0.80685,0.80687,0.80487,0.80516,4220.54
2025.08.27 13:00:00,0.80516,0.80553,0.80446,0.80485,5852.4
2025.08.27 14:00:00,0.80487,0.80504,0.80382,0.80391,6955.38
2025.08.27 15:00:00,0.80391,0.80403,0.80298,0.80376,7996.37
2025.08.27 16:00:00,0.80376,0.80383,0.80151,0.80189,6803.26
2025.08.27 17:00:00,0.80188,0.80245,0.80154,0.802,7453.47
2025.08.27 18:00:00,0.80202,0.80261,0.80198,0.8025,2856.79
2025.08.27 19:00:00,0.80249,0.80281,0.80224,0.80238,2015.82
2025.08.27 20:00:00,0.80238,0.80265,0.80183,0.80187,1316.55
2025.08.27 21:00:00,0.80184,0.80242,0.80167,0.80196,2466.76
2025.08.27 22:00:00,0.80196,0.80215,0.80167,0.80173,1596.13
2025.08.27 23:00:00,0.80173,0.80175,0.80146,0.80152,1449.36
2025.08.28 00:00:00,0.80151,0.80184,0.80145,0.80168,2320.92
2025.08.28 01:00:00,0.80166,0.80179,0.80132,0.80149,1827.16
2025.08.28 02:00:00,0.8015,0.80154,0.80107,0.80109,1501.4
2025.08.28 03:00:00,0.80109,0.80138,0.80097,0.80131,1169.76
2025.08.28 04:00:00,0.80132,0.80156,0.80128,0.8015,1095.45
2025.08.28 05:00:00,0.8015,0.80191,0.8015,0.8017,1260.6
2025.08.28 06:00:00,0.80172,0.80213,0.80133,0.80172,3232.57
2025.08.28 07:00:00,0.80174,0.80187,0.80107,0.80118,3489.07
2025.08.28 08:00:00,0.80117,0.80188,0.80098,0.80117,3556.8
2025.08.28 09:00:00,0.80116,0.80116,0.8003,0.80077,2927.91
2025.08.28 10:00:00,0.80077,0.80085,0.79939,0.79958,3652.91
2025.08.28 11:00:00,0.79958,0.80176,0.79938,0.80113,4216.83
2025.08.28 12:00:00,0.80113,0.80223,0.80079,0.80196,7264.04
2025.08.28 13:00:00,0.80196,0.80303,0.80135,0.80159,7147.93
2025.08.28 14:00:00,0.8016,0.8023,0.80128,0.8019,6803.32
2025.08.28 15:00:00,0.8019,0.80229,0.80144,0.80167,4072.5
2025.08.28 16:00:00,0.80165,0.80181,0.80044,0.80044,2645.68
2025.08.28 17:00:00,0.80043,0.80066,0.79973,0.80061,3271.5
2025.08.28 18:00:00,0.80061,0.80145,0.80059,0.80125,1448.17
2025.08.28 19:00:00,0.80125,0.80165,0.80105,0.80153,1213.21
2025.08.28 20:00:00,0.80153,0.8019,0.80088,0.80088,1106.58
2025.08.28 21:00:00,0.80087,0.80164,0.80047,0.80133,1409.01
2025.08.28 22:00:00,0.80132,0.80196,0.80132,0.8019,3697.19
2025.08.28 23:00:00,0.80191,0.80195,0.80149,0.80174,790.65
2025.08.29 00:00:00,0.80175,0.80242,0.80151,0.80202,2870.92
2025.08.29 01:00:00,0.80203,0.80313,0.80188,0.803,2096.25
2025.08.29 02:00:00,0.80299,0.80303,0.80258,0.80285,2758.05
2025.08.29 03:00:00,0.80284,0.80297,0.80242,0.8025,1264.35
2025.08.29 04:00:00,0.80251,0.80276,0.80247,0.80248,1155
2025.08.29 05:00:00,0.80248,0.80264,0.80207,0.80209,1326.67
2025.08.29 06:00:00,0.80209,0.80241,0.80179,0.8019,2779.56
2025.08.29 07:00:00,0.80193,0.80209,0.80032,0.80041,3661.56
2025.08.29 08:00:00,0.80042,0.80093,0.79961,0.80064,4312.14
2025.08.29 09:00:00,0.80063,0.80141,0.80056,0.80136,3038.71
2025.08.29 10:00:00,0.80136,0.80247,0.8013,0.80246,2657.25
2025.08.29 11:00:00,0.80245,0.80292,0.80226,0.80278,2147.7
2025.08.29 12:00:00,0.8028,0.80351,0.80196,0.80238,5718.2
2025.08.29 13:00:00,0.80238,0.80269,0.80068,0.80105,6263.85
2025.08.29 14:00:00,0.80102,0.80122,0.79886,0.79903,10742.97
2025.08.29 15:00:00,0.79902,0.80032,0.79853,0.79965,6156.22
2025.08.29 16:00:00,0.79965,0.80002,0.79924,0.79924,2990.39
2025.08.29 17:00:00,0.79926,0.79978,0.79912,0.79973,1924.17
2025.08.29 18:00:00,0.79973,0.80027,0.79965,0.8,1398.2
2025.08.29 19:00:00,0.80001,0.80033,0.79985,0.80009,1706.85
2025.08.29 20:00:00,0.8001,0.80077,0.79957,0.79957,3099.37
2025.08.31 21:00:00,0.79839,0.80001,0.79789,0.79986,1330.88
2025.08.31 22:00:00,0.79993,0.80111,0.7998,0.80083,1767.87
2025.08.31 23:00:00,0.80085,0.801,0.80058,0.80064,455.85
2025.09.01 00:00:00,0.80063,0.80111,0.80059,0.80065,1903.42
2025.09.01 01:00:00,0.80066,0.80115,0.80057,0.8008,2864.32
2025.09.01 02:00:00,0.8008,0.80081,0.79938,0.79951,3828.1
2025.09.01 03:00:00,0.7995,0.79979,0.79933,0.79956,1158
2025.09.01 04:00:00,0.79956,0.79974,0.79936,0.79958,1310.4
2025.09.01 05:00:00,0.79957,0.79962,0.79922,0.7993,1044.75
2025.09.01 06:00:00,0.79931,0.79936,0.79873,0.79925,2444.1
2025.09.01 07:00:00,0.79926,0.79986,0.79886,0.79889,3631.79
2025.09.01 08:00:00,0.79889,0.79953,0.79858,0.79875,3739.27
2025.09.01 09:00:00,0.79873,0.7995,0.79864,0.7993,3528.91
2025.09.01 10:00:00,0.79929,0.79956,0.79906,0.79934,2541
2025.09.01 11:00:00,0.79934,0.80049,0.79894,0.80049,2828.55
2025.09.01 12:00:00,0.8005,0.8012,0.8004,0.80106,2975.1
2025.09.01 13:00:00,0.80105,0.80126,0.79998,0.80058,3206.55
2025.09.01 14:00:00,0.80058,0.80083,0.79996,0.80018,3260.25
2025.09.01 15:00:00,0.80018,0.80169,0.80013,0.80152,2446.77
2025.09.01 16:00:00,0.80153,0.80167,0.80114,0.80117,1357.05
2025.09.01 17:00:00,0.80116,0.80127,0.80108,0.8011,547.65
2025.09.01 18:00:00,0.80109,0.80111,0.80095,0.80095,422.85
2025.09.01 19:00:00,0.80094,0.80094,0.80018,0.80031,448.95
2025.09.01 20:00:00,0.80033,0.8007,0.80001,0.80001,2193.75
2025.09.01 21:00:00,0.79993,0.80088,0.79978,0.80041,2734.44
2025.09.01 22:00:00,0.80036,0.80071,0.8002,0.80042,1801.03
2025.09.01 23:00:00,0.80042,0.80048,0.79993,0.8002,585.6
2025.09.02 00:00:00,0.8002,0.80127,0.80012,0.80117,3114.37
2025.09.02 01:00:00,0.80116,0.80151,0.80096,0.80119,3462.6
2025.09.02 02:00:00,0.8012,0.80147,0.80108,0.80122,1801.35
2025.09.02 03:00:00,0.80122,0.80147,0.80116,0.8014,1652.85
2025.09.02 04:00:00,0.80141,0.80146,0.80109,0.8013,1350
2025.09.02 05:00:00,0.80131,0.8018,0.8008,0.8017,2161.95
2025.09.02 06:00:00,0.80167,0.80184,0.80098,0.80152,3153.56
2025.09.02 07:00:00,0.80152,0.80365,0.80112,0.80343,8751
2025.09.02 08:00:00,0.80344,0.80446,0.80332,0.80421,9276.81
2025.09.02 09:00:00,0.8042,0.80572,0.80406,0.80499,6693.28
2025.09.02 10:00:00,0.80499,0.80546,0.80426,0.80452,6429.2
2025.09.02 11:00:00,0.80452,0.80527,0.80392,0.80408,13131.45
2025.09.02 12:00:00,0.80407,0.80605,0.80371,0.8052,11921.91
2025.09.02 13:00:00,0.80519,0.80539,0.80359,0.80373,9857.84
2025.09.02 14:00:00,0.80373,0.80374,0.80193,0.80264,11755.72
2025.09.02 15:00:00,0.80264,0.80339,0.80235,0.80335,4876.85
2025.09.02 16:00:00,0.80336,0.80408,0.80325,0.8039,3599.9
2025.09.02 17:00:00,0.80389,0.80442,0.80364,0.8044,2833.71
2025.09.02 18:00:00,0.80441,0.80539,0.80421,0.80508,3028.78
2025.09.02 19:00:00,0.80509,0.80528,0.80462,0.80468,2615.69
2025.09.02 20:00:00,0.80467,0.80487,0.80407,0.80407,1441.89
2025.09.02 21:00:00,0.80383,0.80439,0.80243,0.80393,1214.78
2025.09.02 22:00:00,0.80395,0.80498,0.80395,0.80492,712.98
2025.09.02 23:00:00,0.80491,0.80535,0.80489,0.8053,725.4
2025.09.03 00:00:00,0.8053,0.80564,0.80516,0.80559,1611.6
2025.09.03 01:00:00,0.8056,0.80587,0.80524,0.80553,2819.2
2025.09.03 02:00:00,0.80554,0.8056,0.80506,0.80551,1612.35
2025.09.03 03:00:00,0.80551,0.80578,0.80542,0.80572,1277.7
2025.09.03 04:00:00,0.80572,0.80586,0.80515,0.80516,1421.85
2025.09.03 05:00:00,0.80516,0.80551,0.80499,0.80527,1841.1
2025.09.03 06:00:00,0.80524,0.8055,0.80448,0.80492,3402.69
2025.09.03 07:00:00,0.80494,0.80677,0.80491,0.80526,6474.06
2025.09.03 08:00:00,0.80526,0.80527,0.80397,0.8041,6200.47
2025.09.03 09:00:00,0.80409,0.80437,0.80307,0.80351,4645.12
2025.09.03 10:00:00,0.80352,0.80453,0.8034,0.80449,3144.3
2025.09.03 11:00:00,0.80447,0.80501,0.80415,0.80447,3042.67
2025.09.03 12:00:00,0.8045,0.80545,0.80418,0.80516,4781.39
2025.09.03 13:00:00,0.80516,0.80555,0.80443,0.80443,6264
2025.09.03 14:00:00,0.80443,0.80446,0.80277,0.80348,12844.83
2025.09.03 15:00:00,0.80348,0.80354,0.80268,0.80317,5650.22
2025.09.03 16:00:00,0.80318,0.80375,0.80311,0.80319,3341.14
2025.09.03 17:00:00,0.80318,0.80415,0.80308,0.80401,2036.2
2025.09.03 18:00:00,0.80401,0.80423,0.80364,0.80403,2297.09
2025.09.03 19:00:00,0.80402,0.80437,0.80397,0.80429,1545.02
2025.09.03 20:00:00,0.8043,0.80446,0.80387,0.80387,2096.77
2025.09.03 21:00:00,0.80388,0.804,0.80216,0.80368,1397.4
2025.09.03 22:00:00,0.80367,0.80414,0.80367,0.80393,2106.83
2025.09.03 23:00:00,0.80393,0.80403,0.80371,0.80379,858.99
2025.09.04 00:00:00,0.80378,0.80437,0.80368,0.80408,3597.97
2025.09.04 01:00:00,0.80407,0.80434,0.80342,0.80404,4351.16
2025.09.04 02:00:00,0.80405,0.80438,0.80394,0.80422,3262.63
2025.09.04 03:00:00,0.80421,0.80447,0.80409,0.80437,1404.65
2025.09.04 04:00:00,0.80438,0.8045,0.80414,0.80439,1508.31
2025.09.04 05:00:00,0.80441,0.80449,0.80417,0.80418,1731.68
2025.09.04 06:00:00,0.80417,0.80513,0.80393,0.80478,2844.79
2025.09.04 07:00:00,0.80478,0.80548,0.80445,0.80516,4513.54
2025.09.04 08:00:00,0.80518,0.80522,0.80432,0.80433,4023.16
2025.09.04 09:00:00,0.80432,0.80527,0.80423,0.805,3255.33
2025.09.04 10:00:00,0.80488,0.80495,0.80423,0.80493,3205.08
2025.09.04 11:00:00,0.80493,0.80589,0.80492,0.80547,3307.69
2025.09.04 12:00:00,0.80548,0.80615,0.80442,0.80557,9225.62
2025.09.04 13:00:00,0.80558,0.80601,0.80471,0.8051,9895.68
2025.09.04 14:00:00,0.8051,0.80676,0.80508,0.80654,9768.36
2025.09.04 15:00:00,0.80653,0.80683,0.80586,0.80589,4050.69
2025.09.04 16:00:00,0.80589,0.80677,0.80583,0.80666,2653.78
2025.09.04 17:00:00,0.80665,0.80717,0.80662,0.80662,2144.47
2025.09.04 18:00:00,0.80661,0.80665,0.806,0.80625,1869.91
2025.09.04 19:00:00,0.80624,0.80627,0.80538,0.80557,1806.97
2025.09.04 20:00:00,0.80556,0.80575,0.8053,0.8053,1933.71
2025.09.04 21:00:00,0.80535,0.80559,0.80354,0.80503,2194.87
2025.09.04 22:00:00,0.80517,0.80576,0.80502,0.80572,3500.98
2025.09.04 23:00:00,0.8057,0.80571,0.805,0.80513,1604.71
2025.09.05 00:00:00,0.80512,0.80546,0.80481,0.80496,7190.47
2025.09.05 01:00:00,0.80495,0.80509,0.80435,0.80447,2937.51
2025.09.05 02:00:00,0.80447,0.80469,0.80427,0.80469,1316.99
2025.09.05 03:00:00,0.80472,0.80477,0.80426,0.80442,902.76
2025.09.05 04:00:00,0.80442,0.80484,0.80437,0.80476,623.13
2025.09.05 05:00:00,0.80474,0.80476,0.80397,0.80401,1137.36
2025.09.05 06:00:00,0.804,0.80458,0.804,0.80434,3277.79
2025.09.05 07:00:00,0.8043,0.80457,0.80344,0.80365,3294.85
2025.09.05 08:00:00,0.80366,0.80386,0.80326,0.80328,2172.09
2025.09.05 09:00:00,0.80328,0.80334,0.80267,0.80306,2809.52
2025.09.05 10:00:00,0.80307,0.80311,0.80262,0.80291,3194.46
2025.09.05 11:00:00,0.80292,0.80391,0.80279,0.80345,4503.75
2025.09.05 12:00:00,0.80344,0.80344,0.79858,0.79971,22519.85
2025.09.05 13:00:00,0.79973,0.79997,0.79721,0.79772,17085.75
2025.09.05 14:00:00,0.79772,0.79871,0.79723,0.7977,13823.32
2025.09.05 15:00:00,0.7977,0.79776,0.79574,0.79581,6822.81
2025.09.05 16:00:00,0.79581,0.79711,0.79557,0.79703,4456.52
2025.09.05 17:00:00,0.797,0.79788,0.79698,0.79763,3727.22
2025.09.05 18:00:00,0.79761,0.79856,0.79757,0.79826,2367.83
2025.09.05 19:00:00,0.79826,0.79848,0.79789,0.79823,1825.34
2025.09.05 20:00:00,0.79822,0.79852,0.79748,0.79748,2380.94
2025.09.07 21:00:00,0.79807,0.79845,0.79684,0.79715,812.09
2025.09.07 22:00:00,0.79742,0.79952,0.79723,0.79924,3335.95
2025.09.07 23:00:00,0.79922,0.7993,0.79882,0.79921,2174.59
2025.09.08 00:00:00,0.7992,0.79936,0.79833,0.79834,3062.4
2025.09.08 01:00:00,0.79834,0.79858,0.79786,0.79818,3552.9
2025.09.08 02:00:00,0.79817,0.79817,0.7977,0.798,2768.32
2025.09.08 03:00:00,0.79801,0.79842,0.79794,0.79812,1816.75
2025.09.08 04:00:00,0.79813,0.79842,0.79741,0.79746,2204.82
2025.09.08 05:00:00,0.79744,0.79754,0.79695,0.79725,1186.24
2025.09.08 06:00:00,0.79722,0.79739,0.79635,0.79645,3203.8
2025.09.08 07:00:00,0.79643,0.79683,0.79568,0.79578,4709.69
2025.09.08 08:00:00,0.79579,0.79614,0.79505,0.79589,3914.64
2025.09.08 09:00:00,0.79592,0.79644,0.79588,0.79633,3321.78
2025.09.08 10:00:00,0.79635,0.79662,0.79518,0.79534,3765.96
2025.09.08 11:00:00,0.79534,0.79579,0.79518,0.79563,3047.42
2025.09.08 12:00:00,0.79564,0.79564,0.79439,0.79463,4711.76
2025.09.08 13:00:00,0.79463,0.79468,0.79323,0.79354,5660.4
2025.09.08 14:00:00,0.79353,0.79445,0.79337,0.79378,5975.18
2025.09.08 15:00:00,0.79377,0.79382,0.79292,0.79347,4076.33
2025.09.08 16:00:00,0.79347,0.79454,0.79327,0.79425,3013.29
2025.09.08 17:00:00,0.79425,0.79462,0.79422,0.79455,1539.73
2025.09.08 18:00:00,0.79456,0.79458,0.79297,0.79324,1528.76
2025.09.08 19:00:00,0.79323,0.79331,0.79272,0.79301,1752.42
2025.09.08 20:00:00,0.79303,0.7933,0.79291,0.79295,1732.58
2025.09.08 21:00:00,0.79294,0.79365,0.79248,0.79323,2267.95
2025.09.08 22:00:00,0.79323,0.79325,0.79292,0.7932,1408.51
2025.09.08 23:00:00,0.7932,0.79321,0.79257,0.7928,1177.87
2025.09.09 00:00:00,0.7928,0.79306,0.79217,0.7925,4224.71
2025.09.09 01:00:00,0.79252,0.7928,0.7921,0.79227,3799.33
2025.09.09 02:00:00,0.79225,0.79278,0.79205,0.7927,2810.11
2025.09.09 03:00:00,0.79273,0.79305,0.79261,0.79295,2003.99
2025.09.09 04:00:00,0.79294,0.79297,0.79213,0.79224,2584.76
2025.09.09 05:00:00,0.79224,0.79231,0.79161,0.79178,2263.26
2025.09.09 06:00:00,0.79176,0.79257,0.79151,0.79207,4675.05
2025.09.09 07:00:00,0.79206,0.79407,0.79162,0.79362,5827.32
2025.09.09 08:00:00,0.79362,0.7944,0.79283,0.79303,8017.08
2025.09.09 09:00:00,0.79303,0.79309,0.79224,0.79279,5631.31
2025.09.09 10:00:00,0.79279,0.7937,0.79242,0.79355,4129.38
2025.09.09 11:00:00,0.79355,0.7943,0.79349,0.79421,3690.46
2025.09.09 12:00:00,0.79421,0.79556,0.79421,0.79494,4480.86
2025.09.09 13:00:00,0.79493,0.79514,0.79386,0.79434,5794.6
2025.09.09 14:00:00,0.79434,0.79587,0.79282,0.79518,12779.08
2025.09.09 15:00:00,0.79518,0.79646,0.79518,0.79608,6810.42
2025.09.09 16:00:00,0.79609,0.79695,0.79566,0.79684,5432.52
2025.09.09 17:00:00,0.79684,0.79733,0.79667,0.79727,4915.07
2025.09.09 18:00:00,0.79727,0.7979,0.797,0.79768,4586.37
2025.09.09 19:00:00,0.7977,0.7979,0.79745,0.79754,1463.53
2025.09.09 20:00:00,0.79755,0.79779,0.79698,0.79698,1144.63
2025.09.09 21:00:00,0.79698,0.79704,0.79485,0.79688,1363.75
2025.09.09 22:00:00,0.7969,0.79716,0.79683,0.79696,1134.44
2025.09.09 23:00:00,0.79695,0.79764,0.79659,0.79744,1714.29
2025.09.10 00:00:00,0.79744,0.79797,0.79744,0.79783,2012.94
2025.09.10 01:00:00,0.79785,0.79844,0.79763,0.79778,3562.27
2025.09.10 02:00:00,0.79774,0.79775,0.79728,0.79741,1576.74
2025.09.10 03:00:00,0.7974,0.79752,0.79721,0.79742,1265.64
2025.09.10 04:00:00,0.79741,0.79744,0.79668,0.79671,1024.5
2025.09.10 05:00:00,0.79671,0.79703,0.7961,0.79677,1962.27
2025.09.10 06:00:00,0.79681,0.79799,0.79631,0.79789,4200.57
2025.09.10 07:00:00,0.79791,0.79845,0.79692,0.79759,5209.41
2025.09.10 08:00:00,0.7976,0.79843,0.79739,0.79754,4467.02
2025.09.10 09:00:00,0.79753,0.79767,0.79652,0.79683,3412.14
2025.09.10 10:00:00,0.79683,0.79788,0.79668,0.79786,2764.05
2025.09.10 11:00:00,0.79786,0.79814,0.79693,0.7973,3343.58
2025.09.10 12:00:00,0.79729,0.79915,0.7961,0.79801,9344.36
2025.09.10 13:00:00,0.79801,0.79822,0.79633,0.7968,7227.63
2025.09.10 14:00:00,0.79681,0.7978,0.79634,0.79712,7271.72
2025.09.10 15:00:00,0.79713,0.79794,0.79664,0.79788,2916
2025.09.10 16:00:00,0.7979,0.79892,0.79782,0.79873,2306.68
2025.09.10 17:00:00,0.79873,0.79914,0.79857,0.79902,1666.53
2025.09.10 18:00:00,0.79903,0.7991,0.79846,0.79883,1441.67
2025.09.10 19:00:00,0.79885,0.79944,0.79873,0.79909,1387.23
2025.09.10 20:00:00,0.79907,0.79923,0.79883,0.79893,1216.86
2025.09.10 21:00:00,0.79893,0.79893,0.79777,0.79873,1247.09
2025.09.10 22:00:00,0.79883,0.79909,0.79864,0.79867,1964.5
2025.09.10 23:00:00,0.79869,0.79882,0.7985,0.79869,454.8
2025.09.11 00:00:00,0.79871,0.79921,0.79871,0.79917,1310.88
2025.09.11 01:00:00,0.79918,0.79923,0.79862,0.79886,1520.8
2025.09.11 02:00:00,0.79887,0.79909,0.79878,0.79895,1597.17
2025.09.11 03:00:00,0.79894,0.79907,0.79869,0.79899,1188
2025.09.11 04:00:00,0.79898,0.79902,0.79866,0.79866,729.45
2025.09.11 05:00:00,0.79867,0.79939,0.79865,0.79934,1319.49
2025.09.11 06:00:00,0.79934,0.79991,0.79917,0.79956,3351.61
2025.09.11 07:00:00,0.79957,0.79978,0.79884,0.79932,4116.21
2025.09.11 08:00:00,0.79933,0.79956,0.79915,0.79927,3082.44
2025.09.11 09:00:00,0.79925,0.79975,0.79906,0.79932,3020.25
2025.09.11 10:00:00,0.79931,0.7998,0.79912,0.79967,2447.13
2025.09.11 11:00:00,0.79968,0.79981,0.79892,0.79963,3078.55
2025.09.11 12:00:00,0.7996,0.80072,0.79698,0.79771,15292.86
2025.09.11 13:00:00,0.79769,0.79828,0.79609,0.7962,15112.42
2025.09.11 14:00:00,0.79621,0.79638,0.79481,0.7959,12923.31
2025.09.11 15:00:00,0.79589,0.79636,0.7951,0.79605,5926.3
2025.09.11 16:00:00,0.79604,0.79608,0.79541,0.79591,3380.46
2025.09.11 17:00:00,0.79588,0.79636,0.79559,0.79617,3690.81
2025.09.11 18:00:00,0.79617,0.79619,0.79548,0.79557,2064.45
2025.09.11 19:00:00,0.79558,0.79598,0.79558,0.79581,1871.85
2025.09.11 20:00:00,0.7958,0.7959,0.79541,0.79541,1448.95
2025.09.11 21:00:00,0.79541,0.79611,0.79404,0.79564,5427.53
2025.09.11 22:00:00,0.79568,0.79585,0.79544,0.79561,558.5
2025.09.11 23:00:00,0.79561,0.79599,0.79558,0.79596,682.95
2025.09.12 00:00:00,0.79602,0.79619,0.79585,0.79604,1170.06
2025.09.12 01:00:00,0.79601,0.79654,0.79593,0.79654,1211.26
2025.09.12 02:00:00,0.79653,0.7966,0.79625,0.79647,738.15
2025.09.12 03:00:00,0.79647,0.79663,0.79641,0.79653,866.1
2025.09.12 04:00:00,0.79654,0.79698,0.79654,0.79671,713.37
2025.09.12 05:00:00,0.79671,0.79685,0.79619,0.79627,917.7
2025.09.12 06:00:00,0.79629,0.79677,0.79608,0.79609,2181.2
2025.09.12 07:00:00,0.79609,0.79615,0.79549,0.79606,3143.56
2025.09.12 08:00:00,0.79607,0.79741,0.79597,0.79732,3570.3
2025.09.12 09:00:00,0.79733,0.79787,0.79706,0.79743,2960.52
2025.09.12 10:00:00,0.79742,0.79742,0.79638,0.79653,2776.81
2025.09.12 11:00:00,0.79653,0.79722,0.79624,0.79716,2516.32
2025.09.12 12:00:00,0.79716,0.79863,0.79708,0.79772,4771.33
2025.09.12 13:00:00,0.79773,0.79808,0.79726,0.79747,4524.54
2025.09.12 14:00:00,0.79748,0.79749,0.79638,0.79671,5647.74
2025.09.12 15:00:00,0.79671,0.79752,0.79643,0.79748,2944.27
2025.09.12 16:00:00,0.79747,0.79756,0.79619,0.79654,1458.21
2025.09.12 17:00:00,0.79653,0.79653,0.79601,0.79644,1392.38
2025.09.12 18:00:00,0.79644,0.79647,0.79583,0.79587,1468.08
2025.09.12 19:00:00,0.79586,0.79628,0.79576,0.79618,1539.48
2025.09.12 20:00:00,0.79623,0.79671,0.79587,0.79587,1998.66
2025.09.14 21:00:00,0.79586,0.79656,0.79545,0.79622,957.24
2025.09.14 22:00:00,0.79621,0.7966,0.79572,0.79651,1100.6
2025.09.14 23:00:00,0.79649,0.79676,0.79638,0.79671,494.55
2025.09.15 00:00:00,0.79671,0.79678,0.79647,0.79651,1123.65
2025.09.15 01:00:00,0.79651,0.79669,0.79645,0.7966,1474.47
2025.09.15 02:00:00,0.79661,0.79687,0.79655,0.79674,828.57
2025.09.15 03:00:00,0.79674,0.79674,0.79619,0.79635,749.37
2025.09.15 04:00:00,0.79632,0.79643,0.79603,0.79621,953.19
2025.09.15 05:00:00,0.79622,0.79653,0.79619,0.79649,702.15
2025.09.15 06:00:00,0.7965,0.79727,0.79643,0.79677,1557.84
2025.09.15 07:00:00,0.79678,0.79689,0.796,0.79638,2087.78
2025.09.15 08:00:00,0.79639,0.79645,0.79569,0.7961,2179.22
2025.09.15 09:00:00,0.7961,0.79612,0.7952,0.79541,2015.25
2025.09.15 10:00:00,0.7954,0.7954,0.79457,0.79495,2114.88
2025.09.15 11:00:00,0.79494,0.79537,0.79472,0.79485,2101.47
2025.09.15 12:00:00,0.79485,0.795,0.79434,0.79476,3840.07
2025.09.15 13:00:00,0.79475,0.79557,0.79462,0.79495,3418.73
2025.09.15 14:00:00,0.79497,0.79541,0.79468,0.79474,3855.99
2025.09.15 15:00:00,0.79478,0.79484,0.7937,0.79378,2639.71
2025.09.15 16:00:00,0.79376,0.79469,0.79361,0.79462,2072.49
2025.09.15 17:00:00,0.79463,0.79466,0.79386,0.79391,1094.22
2025.09.15 18:00:00,0.7939,0.79431,0.79382,0.79411,1305.78
2025.09.15 19:00:00,0.79412,0.79442,0.79397,0.79433,1203.69
2025.09.15 20:00:00,0.79432,0.79479,0.79419,0.79427,1552.11
2025.09.15 21:00:00,0.79423,0.79451,0.7937,0.79436,624.28
2025.09.15 22:00:00,0.79435,0.79473,0.79435,0.79465,951.66
2025.09.15 23:00:00,0.79465,0.79469,0.7945,0.79469,615.72
2025.09.16 00:00:00,0.79469,0.79476,0.79439,0.79443,2117.01
2025.09.16 01:00:00,0.79442,0.79478,0.79417,0.79433,2484.72
2025.09.16 02:00:00,0.79433,0.79433,0.79377,0.79378,2042.08
2025.09.16 03:00:00,0.79374,0.79388,0.79323,0.79362,2100.69
2025.09.16 04:00:00,0.79362,0.79387,0.79356,0.79365,1404.84
2025.09.16 05:00:00,0.79364,0.79378,0.79338,0.79346,1710.81
2025.09.16 06:00:00,0.79344,0.79354,0.79245,0.79249,3364.6
2025.09.16 07:00:00,0.79248,0.7925,0.79163,0.79208,4811.53
2025.09.16 08:00:00,0.79209,0.79264,0.79175,0.79217,3824.65
2025.09.16 09:00:00,0.79217,0.79218,0.79072,0.79117,4607.31
2025.09.16 10:00:00,0.79116,0.79156,0.79088,0.79114,3576.48
2025.09.16 11:00:00,0.79114,0.79137,0.78998,0.79025,4110.26
2025.09.16 12:00:00,0.79024,0.79211,0.79008,0.79084,7865.38
2025.09.16 13:00:00,0.79082,0.79092,0.78864,0.78897,8546.53
2025.09.16 14:00:00,0.78898,0.78913,0.78737,0.78758,11123.66
2025.09.16 15:00:00,0.78759,0.78855,0.78746,0.78769,6359.39
2025.09.16 16:00:00,0.78768,0.78772,0.78622,0.78628,5936.01
2025.09.16 17:00:00,0.78622,0.78653,0.78554,0.78618,4123.34
2025.09.16 18:00:00,0.78619,0.78649,0.78576,0.78614,4855.62
2025.09.16 19:00:00,0.78616,0.78662,0.78606,0.78632,2193.78
2025.09.16 20:00:00,0.78633,0.78643,0.78564,0.78575,2678.49
2025.09.16 21:00:00,0.78563,0.78646,0.7854,0.78615,1132.3
2025.09.16 22:00:00,0.78616,0.7863,0.78594,0.78621,2381.17
2025.09.16 23:00:00,0.78621,0.78624,0.78585,0.78594,1198.56
2025.09.17 00:00:00,0.78593,0.78666,0.78577,0.78661,3458.37
2025.09.17 01:00:00,0.78662,0.78713,0.78656,0.78678,3326.24
2025.09.17 02:00:00,0.78679,0.78693,0.78656,0.78671,2153.94
2025.09.17 03:00:00,0.7867,0.7871,0.7867,0.787,1777.44
2025.09.17 04:00:00,0.78698,0.78713,0.78683,0.787,1439.1
2025.09.17 05:00:00,0.78699,0.78723,0.78667,0.78699,1882.35
2025.09.17 06:00:00,0.787,0.78744,0.78686,0.78688,4214.61
2025.09.17 07:00:00,0.78688,0.78775,0.78678,0.78773,4439.07
2025.09.17 08:00:00,0.78772,0.78785,0.78656,0.78689,2437.08
2025.09.17 09:00:00,0.78688,0.78696,0.78627,0.78651,2268.48
2025.09.17 10:00:00,0.78652,0.78748,0.78636,0.7868,2912.7
2025.09.17 11:00:00,0.78683,0.78704,0.7863,0.78674,3318.21
2025.09.17 12:00:00,0.78674,0.78764,0.78674,0.78688,7466.06
2025.09.17 13:00:00,0.78688,0.7872,0.78647,0.78678,6321.96
2025.09.17 14:00:00,0.78679,0.78695,0.78583,0.78679,6459.01
2025.09.17 15:00:00,0.78678,0.78714,0.78651,0.78713,3490.92
2025.09.17 16:00:00,0.78714,0.78718,0.78663,0.78696,1705.18
2025.09.17 17:00:00,0.78695,0.78735,0.78683,0.78686,1823.19
2025.09.17 18:00:00,0.78671,0.78934,0.78288,0.78855,29864.08
2025.09.17 19:00:00,0.78853,0.78885,0.78699,0.78842,11942.63
2025.09.17 20:00:00,0.7884,0.78919,0.78827,0.78843,2826.29
2025.09.17 21:00:00,0.78843,0.78887,0.78741,0.78872,1333.32
2025.09.17 22:00:00,0.78871,0.78886,0.78838,0.78857,958.82
2025.09.17 23:00:00,0.78856,0.78866,0.78817,0.78836,1067.22
2025.09.18 00:00:00,0.78834,0.78908,0.78831,0.78859,2126.91
2025.09.18 01:00:00,0.78859,0.78969,0.78834,0.78937,4288.14
2025.09.18 02:00:00,0.78935,0.7895,0.78904,0.78908,1587.18
2025.09.18 03:00:00,0.78907,0.78971,0.7888,0.7897,1297.8
2025.09.18 04:00:00,0.7897,0.79075,0.78958,0.79063,1930.2
2025.09.18 05:00:00,0.79063,0.791,0.79018,0.79067,3241.79
2025.09.18 06:00:00,0.79064,0.79151,0.79047,0.79124,6798.06
2025.09.18 07:00:00,0.79125,0.79128,0.78831,0.78878,6343.41
2025.09.18 08:00:00,0.78876,0.7893,0.78856,0.78908,5334.36
2025.09.18 09:00:00,0.78907,0.78918,0.78713,0.7878,4538.28
2025.09.18 10:00:00,0.78781,0.78854,0.78757,0.788,3470.13
2025.09.18 11:00:00,0.78798,0.78945,0.78794,0.78892,4911.57
2025.09.18 12:00:00,0.78891,0.79102,0.78878,0.791,7549.28
2025.09.18 13:00:00,0.791,0.79375,0.791,0.79276,9024.89
2025.09.18 14:00:00,0.79277,0.79299,0.79166,0.79233,10296.42
2025.09.18 15:00:00,0.79231,0.79324,0.79148,0.79274,5184.94
2025.09.18 16:00:00,0.79274,0.79307,0.79225,0.79228,3619.86
2025.09.18 17:00:00,0.79229,0.79245,0.79188,0.79234,6454.41
2025.09.18 18:00:00,0.79235,0.79268,0.79214,0.79224,2869.5
2025.09.18 19:00:00,0.79225,0.79285,0.792,0.79272,1983.18
2025.09.18 20:00:00,0.79271,0.79291,0.79212,0.79212,1855.35
2025.09.18 21:00:00,0.79208,0.79278,0.79085,0.79199,2147.63
2025.09.18 22:00:00,0.79208,0.79299,0.79199,0.79255,7645.43
2025.09.18 23:00:00,0.79256,0.79259,0.79237,0.79252,532.53
2025.09.19 00:00:00,0.79251,0.7932,0.79228,0.79242,2469.09
2025.09.19 01:00:00,0.7924,0.79333,0.79232,0.79318,2057.61
2025.09.19 02:00:00,0.79319,0.7934,0.79305,0.79315,1352.49
2025.09.19 03:00:00,0.79318,0.79318,0.7922,0.79256,3317.35
2025.09.19 04:00:00,0.79254,0.79326,0.792,0.793,4538.16
2025.09.19 05:00:00,0.79301,0.79313,0.79267,0.79303,2378.22
2025.09.19 06:00:00,0.79309,0.79421,0.79307,0.79414,5325.16
2025.09.19 07:00:00,0.79414,0.79477,0.79334,0.79408,5826.46
2025.09.19 08:00:00,0.79407,0.79552,0.79402,0.79523,4350.45
2025.09.19 09:00:00,0.79524,0.79528,0.79441,0.79499,3539.55
2025.09.19 10:00:00,0.79499,0.79516,0.79448,0.7951,2671.08
2025.09.19 11:00:00,0.79512,0.7962,0.79504,0.79607,3854.49
2025.09.19 12:00:00,0.79605,0.79659,0.7957,0.79592,5244.11
2025.09.19 13:00:00,0.79591,0.79595,0.79412,0.79451,6519.33
2025.09.19 14:00:00,0.79452,0.79505,0.79409,0.795,6647.88
2025.09.19 15:00:00,0.79501,0.79551,0.79482,0.79486,5422.53
2025.09.19 16:00:00,0.79485,0.79546,0.79455,0.7947,2231.33
2025.09.19 17:00:00,0.79472,0.79524,0.79459,0.79524,3171.51
2025.09.19 18:00:00,0.79525,0.79556,0.79518,0.79542,4466.03
2025.09.19 19:00:00,0.79545,0.79557,0.79509,0.79544,2512.18
2025.09.19 20:00:00,0.79545,0.79578,0.79516,0.79517,3090.55
2025.09.21 21:00:00,0.79267,0.79512,0.79267,0.79482,1188.62
2025.09.21 22:00:00,0.79491,0.79593,0.79491,0.79588,1925.64
2025.09.21 23:00:00,0.79588,0.79626,0.79583,0.79622,1157.46
2025.09.22 00:00:00,0.79622,0.797,0.79622,0.79653,2443.39
2025.09.22 01:00:00,0.79651,0.79659,0.79605,0.79652,3593.18
2025.09.22 02:00:00,0.79654,0.79702,0.79646,0.79702,2502.51
2025.09.22 03:00:00,0.79701,0.79705,0.79666,0.79697,1368.81
2025.09.22 04:00:00,0.79699,0.79727,0.79689,0.79704,1587.33
2025.09.22 05:00:00,0.79703,0.79711,0.79639,0.79639,1041.31
2025.09.22 06:00:00,0.79643,0.79657,0.79545,0.79578,2453.99
2025.09.22 07:00:00,0.79579,0.79585,0.79472,0.79564,4047.51
2025.09.22 08:00:00,0.79564,0.7957,0.79398,0.79416,3995.28
2025.09.22 09:00:00,0.79412,0.79477,0.79385,0.79439,3052.77
2025.09.22 10:00:00,0.7944,0.79441,0.79337,0.79374,3550.97
2025.09.22 11:00:00,0.79375,0.79393,0.79308,0.79338,3151.9
2025.09.22 12:00:00,0.79338,0.79377,0.79278,0.7931,4809.27
2025.09.22 13:00:00,0.79308,0.79443,0.79278,0.79377,5912.96
2025.09.22 14:00:00,0.79377,0.79421,0.79339,0.79369,4326.13
2025.09.22 15:00:00,0.79368,0.79401,0.79336,0.79347,3320.14
2025.09.22 16:00:00,0.79348,0.79359,0.79271,0.79289,2226.51
2025.09.22 17:00:00,0.79289,0.79308,0.79237,0.79241,1970.7
2025.09.22 18:00:00,0.79243,0.79275,0.79223,0.79241,1535.82
2025.09.22 19:00:00,0.79241,0.79259,0.7922,0.79231,2454.31
2025.09.22 20:00:00,0.79231,0.79247,0.79218,0.79223,2250.11
2025.09.22 21:00:00,0.79198,0.79298,0.79192,0.79219,3555.77
2025.09.22 22:00:00,0.79234,0.7924,0.79201,0.79223,1187.37
2025.09.22 23:00:00,0.79219,0.79245,0.79219,0.79239,335.55
2025.09.23 00:00:00,0.79239,0.79265,0.79199,0.792,1135.46
2025.09.23 01:00:00,0.79199,0.7921,0.79095,0.79118,1843.14
2025.09.23 02:00:00,0.79117,0.79207,0.7911,0.79199,1699.89
2025.09.23 03:00:00,0.79201,0.79237,0.79183,0.7919,1163.46
2025.09.23 04:00:00,0.7919,0.79248,0.79176,0.79247,1329.55
2025.09.23 05:00:00,0.7925,0.79277,0.79208,0.79249,1581
2025.09.23 06:00:00,0.79251,0.79285,0.79205,0.7924,3372.99
2025.09.23 07:00:00,0.79241,0.79331,0.79225,0.79264,6174.54
2025.09.23 08:00:00,0.79264,0.79332,0.79162,0.79184,5540.44
2025.09.23 09:00:00,0.79185,0.79201,0.79147,0.79191,3712.92
2025.09.23 10:00:00,0.79189,0.79272,0.79189,0.79219,2972.67
2025.09.23 11:00:00,0.79221,0.79275,0.79187,0.79219,2964.58
2025.09.23 12:00:00,0.79219,0.79282,0.7919,0.79211,4195.92
2025.09.23 13:00:00,0.79213,0.79311,0.79171,0.7922,6733
2025.09.23 14:00:00,0.79218,0.79315,0.79194,0.79288,7385.98
2025.09.23 15:00:00,0.79288,0.79315,0.79216,0.79225,3895.6
2025.09.23 16:00:00,0.79224,0.79266,0.79153,0.79183,5219.21
2025.09.23 17:00:00,0.79182,0.79199,0.7909,0.79142,5316.35
2025.09.23 18:00:00,0.79141,0.79169,0.79099,0.79155,3130.68
2025.09.23 19:00:00,0.79156,0.79184,0.79117,0.79129,2283.98
2025.09.23 20:00:00,0.79127,0.7914,0.79104,0.79109,1344.49
2025.09.23 21:00:00,0.79095,0.79163,0.79059,0.79132,2193.22
2025.09.23 22:00:00,0.79133,0.79133,0.79101,0.79127,1651.75
2025.09.23 23:00:00,0.79127,0.79154,0.79121,0.79139,605.52
2025.09.24 00:00:00,0.79138,0.79215,0.79125,0.79197,3357.61
2025.09.24 01:00:00,0.79196,0.7923,0.79185,0.79211,2843.45
2025.09.24 02:00:00,0.79212,0.79228,0.79198,0.79216,1602.6
2025.09.24 03:00:00,0.7922,0.79247,0.79211,0.79242,1407.42
2025.09.24 04:00:00,0.79243,0.79252,0.79204,0.79206,1316.34
2025.09.24 05:00:00,0.79204,0.7926,0.79184,0.79222,1719.36
2025.09.24 06:00:00,0.79227,0.79283,0.79203,0.79262,2727.36
2025.09.24 07:00:00,0.79262,0.79329,0.79233,0.79303,5069.47
2025.09.24 08:00:00,0.79304,0.79427,0.79304,0.79393,3795.23
2025.09.24 09:00:00,0.79394,0.79429,0.79368,0.79416,2874.04
2025.09.24 10:00:00,0.79416,0.79513,0.79406,0.79494,2831.98
2025.09.24 11:00:00,0.79491,0.79519,0.79424,0.7944,4025.42
2025.09.24 12:00:00,0.7944,0.79483,0.7937,0.79449,5227.21
2025.09.24 13:00:00,0.79448,0.79504,0.79397,0.79446,8042.4
2025.09.24 14:00:00,0.79444,0.79531,0.79404,0.79444,9400.23
2025.09.24 15:00:00,0.79444,0.79529,0.79443,0.79508,4713.73
2025.09.24 16:00:00,0.79509,0.79571,0.79493,0.79559,2262.38
2025.09.24 17:00:00,0.79561,0.79563,0.79499,0.79535,1653.16
2025.09.24 18:00:00,0.79536,0.79562,0.79523,0.79538,3180.61
2025.09.24 19:00:00,0.7954,0.7956,0.79521,0.79536,1304.64
2025.09.24 20:00:00,0.79538,0.79542,0.79478,0.79478,2372.04
2025.09.24 21:00:00,0.79478,0.79505,0.79265,0.79455,5436.39
2025.09.24 22:00:00,0.79455,0.79481,0.79438,0.79465,1565.72
2025.09.24 23:00:00,0.79465,0.79481,0.79458,0.79481,355.87
2025.09.25 00:00:00,0.79483,0.7949,0.79434,0.79439,1830.42
2025.09.25 01:00:00,0.79438,0.79509,0.79425,0.79492,1373.33
2025.09.25 02:00:00,0.79491,0.79501,0.79458,0.7949,1037.13
2025.09.25 03:00:00,0.79491,0.79504,0.79469,0.79477,703.47
2025.09.25 04:00:00,0.79476,0.79491,0.79464,0.79472,602.01
2025.09.25 05:00:00,0.79472,0.79519,0.79469,0.79513,1302.32
2025.09.25 06:00:00,0.7951,0.79595,0.79496,0.7953,2992.67
2025.09.25 07:00:00,0.7953,0.7968,0.79484,0.79664,6249.4
2025.09.25 08:00:00,0.79665,0.7968,0.79571,0.79579,4571.93
2025.09.25 09:00:00,0.79579,0.79608,0.79524,0.79578,3814.43
2025.09.25 10:00:00,0.79578,0.79582,0.79509,0.79554,2328.77
2025.09.25 11:00:00,0.79554,0.79618,0.79552,0.79599,3662.81
2025.09.25 12:00:00,0.79599,0.79985,0.7955,0.79902,11088.84
2025.09.25 13:00:00,0.79901,0.79952,0.79777,0.79897,12981.73
2025.09.25 14:00:00,0.79902,0.80035,0.79882,0.80026,9895.21
2025.09.25 15:00:00,0.80027,0.80074,0.8001,0.80058,4944.73
2025.09.25 16:00:00,0.80059,0.80095,0.79978,0.8008,3362.77
2025.09.25 17:00:00,0.80082,0.80137,0.80014,0.80027,3354.73
2025.09.25 18:00:00,0.80025,0.80071,0.79995,0.80041,3307.37
2025.09.25 19:00:00,0.80041,0.80045,0.79968,0.79999,1483.88
2025.09.25 20:00:00,0.8,0.80005,0.79925,0.79925,2202.5
2025.09.25 21:00:00,0.7994,0.79999,0.79912,0.79958,4631.54
2025.09.25 22:00:00,0.7996,0.79968,0.79943,0.79955,1448.7
2025.09.25 23:00:00,0.79954,0.80064,0.79954,0.80007,1750.09
2025.09.26 00:00:00,0.80008,0.80067,0.79977,0.79978,2225.59
2025.09.26 01:00:00,0.79979,0.80015,0.7996,0.80004,2042.61
2025.09.26 02:00:00,0.80002,0.80005,0.79935,0.79957,1410.62
2025.09.26 03:00:00,0.79958,0.79968,0.79926,0.79936,1014.68
2025.09.26 04:00:00,0.79937,0.79949,0.79915,0.79915,1043.05
2025.09.26 05:00:00,0.79914,0.79928,0.79902,0.7992,1058.63
2025.09.26 06:00:00,0.79918,0.79939,0.79868,0.79873,3063.13
2025.09.26 07:00:00,0.79873,0.80007,0.79863,0.79986,4278.88
2025.09.26 08:00:00,0.79988,0.8,0.7988,0.79919,3686.21
2025.09.26 09:00:00,0.79918,0.79975,0.79916,0.79958,3181.12
2025.09.26 10:00:00,0.7996,0.80033,0.79943,0.80027,3049.34
2025.09.26 11:00:00,0.80026,0.80028,0.79924,0.79969,2906.24
2025.09.26 12:00:00,0.79971,0.79979,0.79841,0.79887,8194.22
2025.09.26 13:00:00,0.79888,0.79925,0.79807,0.79829,8642.46
2025.09.26 14:00:00,0.79838,0.79857,0.79745,0.79845,9253.18
2025.09.26 15:00:00,0.79846,0.79881,0.79786,0.79845,5023.17
2025.09.26 16:00:00,0.79846,0.79854,0.79788,0.79838,3759.6
2025.09.26 17:00:00,0.79838,0.79838,0.79761,0.79782,2278.48
2025.09.26 18:00:00,0.79781,0.79806,0.79734,0.79747,2668.32
2025.09.26 19:00:00,0.79749,0.79793,0.79744,0.79748,1884.82
2025.09.26 20:00:00,0.79748,0.79816,0.79727,0.7975,5195.9
2025.09.28 21:00:00,0.79641,0.79772,0.79626,0.79742,774.44
2025.09.28 22:00:00,0.79745,0.79796,0.79742,0.79763,8483.42
2025.09.28 23:00:00,0.79765,0.79766,0.79723,0.79747,1328.52
2025.09.29 00:00:00,0.79747,0.79749,0.79638,0.79652,1871.12
2025.09.29 01:00:00,0.79653,0.79705,0.79637,0.79644,2165.41
2025.09.29 02:00:00,0.79646,0.79649,0.79579,0.79603,1082.01
2025.09.29 03:00:00,0.79602,0.79617,0.79587,0.79614,965.7
2025.09.29 04:00:00,0.79614,0.79629,0.79567,0.79601,958.39
2025.09.29 05:00:00,0.79601,0.79635,0.79552,0.79623,2045.05
2025.09.29 06:00:00,0.7963,0.7969,0.796,0.79672,2891.45
2025.09.29 07:00:00,0.79673,0.79676,0.79531,0.79569,3389.21
2025.09.29 08:00:00,0.79569,0.79658,0.79516,0.796,3775.5
2025.09.29 09:00:00,0.79599,0.79692,0.7959,0.79678,2925.5
2025.09.29 10:00:00,0.79679,0.79749,0.79673,0.79749,2973.61
2025.09.29 11:00:00,0.79749,0.79872,0.79747,0.79788,4066.86
2025.09.29 12:00:00,0.79787,0.7982,0.79605,0.7962,6989.39
2025.09.29 13:00:00,0.79619,0.79751,0.79616,0.79747,11287.36
2025.09.29 14:00:00,0.79749,0.79788,0.79716,0.79744,7698.09
2025.09.29 15:00:00,0.79744,0.79766,0.79674,0.79698,4984.02
2025.09.29 16:00:00,0.79699,0.79734,0.79677,0.79707,2073.12
2025.09.29 17:00:00,0.79705,0.7975,0.79699,0.7975,2057.45
2025.09.29 18:00:00,0.79749,0.79763,0.79704,0.79718,2230.4
2025.09.29 19:00:00,0.79717,0.7976,0.79717,0.79743,1601.84
2025.09.29 20:00:00,0.79744,0.79785,0.79733,0.79734,2520.07
2025.09.29 21:00:00,0.79734,0.79757,0.79649,0.79711,1801.51
2025.09.29 22:00:00,0.79711,0.79781,0.79711,0.79751,1670.02
2025.09.29 23:00:00,0.79752,0.79758,0.7973,0.7974,1159.77
2025.09.30 00:00:00,0.79739,0.79831,0.79739,0.7979,2713.81
2025.09.30 01:00:00,0.79788,0.79792,0.79731,0.79783,1947.98
2025.09.30 02:00:00,0.79784,0.798,0.79745,0.79771,1169.33
2025.09.30 03:00:00,0.79772,0.79773,0.79721,0.79729,1427.27
2025.09.30 04:00:00,0.7973,0.79772,0.79694,0.79695,1384.81
2025.09.30 05:00:00,0.79696,0.79761,0.79669,0.79753,2860.32
2025.09.30 06:00:00,0.79759,0.79778,0.79622,0.79632,3909.76
2025.09.30 07:00:00,0.79635,0.79651,0.79543,0.79603,5428.52
2025.09.30 08:00:00,0.79602,0.79619,0.7952,0.79614,5691.08
2025.09.30 09:00:00,0.79612,0.79745,0.79606,0.79714,4470.26
2025.09.30 10:00:00,0.79713,0.79792,0.79687,0.79769,3113.08
2025.09.30 11:00:00,0.79768,0.79819,0.79728,0.79735,2254.68
2025.09.30 12:00:00,0.79733,0.79748,0.79678,0.79705,4179.4
2025.09.30 13:00:00,0.79705,0.79856,0.79675,0.79722,6719.43
2025.09.30 14:00:00,0.79721,0.7978,0.79494,0.79558,10361.96
2025.09.30 15:00:00,0.79558,0.79736,0.79556,0.79656,6440.2
2025.09.30 16:00:00,0.79656,0.79658,0.79444,0.79461,3274
2025.09.30 17:00:00,0.79461,0.79543,0.79387,0.79524,3076.28
2025.09.30 18:00:00,0.79527,0.7962,0.79524,0.79607,2252.78
2025.09.30 19:00:00,0.79608,0.79635,0.79591,0.79597,1783.37
2025.09.30 20:00:00,0.79595,0.79644,0.79593,0.79593,2163.14
2025.09.30 21:00:00,0.79593,0.79646,0.79472,0.79539,2816.68
2025.09.30 22:00:00,0.79539,0.79658,0.79539,0.79632,2712.51
2025.09.30 23:00:00,0.79632,0.79643,0.79601,0.7964,791.12
2025.10.01 00:00:00,0.79642,0.79684,0.79624,0.79629,1523.61
2025.10.01 01:00:00,0.79628,0.79662,0.79613,0.7962,1190.23
2025.10.01 02:00:00,0.79617,0.79651,0.79616,0.7962,1314.44
2025.10.01 03:00:00,0.7962,0.79633,0.79594,0.79597,1146.75
2025.10.01 04:00:00,0.79596,0.79597,0.79416,0.79433,1738.99
2025.10.01 05:00:00,0.79432,0.7953,0.79371,0.79486,3628.85
2025.10.01 06:00:00,0.79485,0.79493,0.79321,0.79358,5462.66
2025.10.01 07:00:00,0.79358,0.79503,0.79281,0.79472,11447.73
2025.10.01 08:00:00,0.79472,0.79585,0.79395,0.79577,8099.56
2025.10.01 09:00:00,0.79581,0.79677,0.79511,0.79655,4947.09
2025.10.01 10:00:00,0.79656,0.79844,0.79651,0.79787,5051.05
2025.10.01 11:00:00,0.79787,0.79839,0.79739,0.79828,4262
2025.10.01 12:00:00,0.79828,0.79883,0.79577,0.79736,15225.26
2025.10.01 13:00:00,0.79734,0.79764,0.79622,0.79644,8815.89
2025.10.01 14:00:00,0.79644,0.79848,0.7963,0.79707,15608.68
2025.10.01 15:00:00,0.79708,0.79875,0.79696,0.79828,10431.41
2025.10.01 16:00:00,0.79832,0.79898,0.79795,0.79822,5800.09
2025.10.01 17:00:00,0.7982,0.79821,0.79753,0.79781,3047.08
2025.10.01 18:00:00,0.7978,0.79799,0.79663,0.79701,4082.05
2025.10.01 19:00:00,0.79704,0.7972,0.7966,0.79697,1918.51
2025.10.01 20:00:00,0.79697,0.79737,0.79663,0.79663,2126.65
2025.10.01 21:00:00,0.79663,0.79688,0.79617,0.79628,1191.82
2025.10.01 22:00:00,0.7964,0.79693,0.7964,0.7968,1366.54
2025.10.01 23:00:00,0.79681,0.79696,0.79666,0.79692,846.01
2025.10.02 00:00:00,0.79692,0.79742,0.79687,0.79707,2217.91
2025.10.02 01:00:00,0.79708,0.79735,0.79615,0.79622,2008.92
2025.10.02 02:00:00,0.79621,0.79643,0.79606,0.79628,1405.97
2025.10.02 03:00:00,0.79623,0.7966,0.79618,0.79655,1021.43
2025.10.02 04:00:00,0.79654,0.7968,0.7965,0.79665,894
2025.10.02 05:00:00,0.79666,0.79696,0.79645,0.79671,1479.38
2025.10.02 06:00:00,0.7967,0.7975,0.79623,0.79686,5067.82
2025.10.02 07:00:00,0.79686,0.7971,0.79593,0.79655,5966.03
2025.10.02 08:00:00,0.79653,0.79682,0.79584,0.79619,4359.19
2025.10.02 09:00:00,0.79621,0.79622,0.79527,0.79563,3878.83
2025.10.02 10:00:00,0.79561,0.79638,0.79533,0.79534,3727.81
2025.10.02 11:00:00,0.79533,0.79597,0.79533,0.79571,4877.49
2025.10.02 12:00:00,0.7957,0.79691,0.79509,0.79664,7638.36
2025.10.02 13:00:00,0.79658,0.79821,0.79632,0.79786,9505.94
2025.10.02 14:00:00,0.79785,0.79859,0.79782,0.79827,10344.53
2025.10.02 15:00:00,0.79828,0.8,0.79828,0.79933,7914.04
2025.10.02 16:00:00,0.79934,0.79947,0.79806,0.79807,3359.89
2025.10.02 17:00:00,0.79808,0.7984,0.79776,0.79838,3246.99
2025.10.02 18:00:00,0.79841,0.79853,0.79748,0.7976,2328.13
2025.10.02 19:00:00,0.79762,0.79766,0.79712,0.79762,1546.82
2025.10.02 20:00:00,0.79759,0.79793,0.79739,0.79755,2876.04
2025.10.02 21:00:00,0.79754,0.79815,0.79698,0.79712,1691.84
2025.10.02 22:00:00,0.79727,0.79761,0.79727,0.79748,2797.1
2025.10.02 23:00:00,0.79747,0.7975,0.79702,0.79703,475.32
2025.10.03 00:00:00,0.79702,0.7976,0.79702,0.79735,2191.86
2025.10.03 01:00:00,0.79735,0.79794,0.79704,0.79727,3643.84
2025.10.03 02:00:00,0.79726,0.79778,0.79723,0.7977,1655.11
2025.10.03 03:00:00,0.79771,0.79795,0.79741,0.79741,1174.01
2025.10.03 04:00:00,0.79742,0.79772,0.79722,0.79769,1139.39
2025.10.03 05:00:00,0.79769,0.79798,0.79754,0.79788,2529.81
2025.10.03 06:00:00,0.79789,0.79795,0.79708,0.79765,2943.13
2025.10.03 07:00:00,0.79763,0.79794,0.79669,0.79696,3665.28
2025.10.03 08:00:00,0.79695,0.7974,0.79575,0.79618,5078.01
2025.10.03 09:00:00,0.79618,0.79713,0.79616,0.79673,3047.62
2025.10.03 10:00:00,0.79674,0.79715,0.79649,0.79657,1961.95
2025.10.03 11:00:00,0.79655,0.79696,0.79582,0.79616,3304.76
2025.10.03 12:00:00,0.79615,0.79659,0.79565,0.79573,5425.25
2025.10.03 13:00:00,0.79573,0.79664,0.79545,0.79651,6095.31
2025.10.03 14:00:00,0.79641,0.79641,0.79502,0.79523,12889.39
2025.10.03 15:00:00,0.79524,0.79558,0.79468,0.79487,12629.25
2025.10.03 16:00:00,0.79486,0.79554,0.79467,0.79525,5687.76
2025.10.03 17:00:00,0.79525,0.79596,0.79509,0.79581,8021.15
2025.10.03 18:00:00,0.79584,0.79612,0.79539,0.7954,7595.96
2025.10.03 19:00:00,0.79539,0.79558,0.79519,0.79537,1799.73
2025.10.03 20:00:00,0.79536,0.7955,0.79497,0.79527,2632.91
2025.10.05 21:00:00,0.79597,0.79641,0.79579,0.7964,211.36
2025.10.05 22:00:00,0.79641,0.79773,0.79633,0.79745,4492.68
2025.10.05 23:00:00,0.79745,0.79773,0.797,0.79721,10081.25
2025.10.06 00:00:00,0.79721,0.79733,0.79639,0.79648,3967.03
2025.10.06 01:00:00,0.79648,0.7971,0.79593,0.79609,3320.96
2025.10.06 02:00:00,0.79611,0.79611,0.79541,0.79587,1925.33
2025.10.06 03:00:00,0.79586,0.7959,0.79534,0.79568,1656.91
2025.10.06 04:00:00,0.79568,0.79609,0.79544,0.79597,2587.06
2025.10.06 05:00:00,0.79598,0.79637,0.79556,0.79604,2138.89
2025.10.06 06:00:00,0.79603,0.7979,0.79584,0.79764,5541.62
2025.10.06 07:00:00,0.79764,0.79906,0.79696,0.79898,10045.67
2025.10.06 08:00:00,0.79899,0.7993,0.79793,0.79862,7546.1
2025.10.06 09:00:00,0.79863,0.79921,0.7984,0.79879,8641.48
2025.10.06 10:00:00,0.79879,0.79935,0.79837,0.79837,5273.75
2025.10.06 11:00:00,0.79837,0.79878,0.79761,0.79791,5583.68
2025.10.06 12:00:00,0.79791,0.79793,0.7971,0.79716,11964.33
2025.10.06 13:00:00,0.79716,0.79764,0.79633,0.79661,6205.39
2025.10.06 14:00:00,0.79661,0.79684,0.79515,0.79534,7841.23
2025.10.06 15:00:00,0.79533,0.79576,0.79477,0.79538,7510.96
2025.10.06 16:00:00,0.79539,0.79581,0.79501,0.79508,2696.87
2025.10.06 17:00:00,0.79508,0.79552,0.79505,0.79549,1722.23
2025.10.06 18:00:00,0.79549,0.79555,0.79505,0.7953,3891.76
2025.10.06 19:00:00,0.79529,0.79531,0.79475,0.79495,2174.21
2025.10.06 20:00:00,0.79496,0.79515,0.79463,0.79476,1733.66
2025.10.06 21:00:00,0.79445,0.79523,0.7944,0.79491,896.35
2025.10.06 22:00:00,0.79488,0.79508,0.79465,0.79493,4359.02
2025.10.06 23:00:00,0.79492,0.79509,0.79478,0.79495,1617.88
2025.10.07 00:00:00,0.79495,0.79534,0.79488,0.79499,2923.47
2025.10.07 01:00:00,0.79499,0.79571,0.79496,0.79567,2534.98
2025.10.07 02:00:00,0.79567,0.79569,0.79526,0.79563,2243.43
2025.10.07 03:00:00,0.79563,0.79576,0.79524,0.79546,1444.49
2025.10.07 04:00:00,0.79548,0.79577,0.79529,0.79557,1837.58
2025.10.07 05:00:00,0.79556,0.79629,0.79545,0.79595,1527.3
2025.10.07 06:00:00,0.79595,0.797,0.79594,0.79673,5324.79
2025.10.07 07:00:00,0.79675,0.79769,0.79664,0.79744,6372.14
2025.10.07 08:00:00,0.79745,0.79776,0.79676,0.79773,4854.23
2025.10.07 09:00:00,0.79773,0.79814,0.79733,0.79801,6153.4
2025.10.07 10:00:00,0.79802,0.79826,0.79692,0.79712,3437.56
2025.10.07 11:00:00,0.79712,0.79893,0.79712,0.7986,3871.6
2025.10.07 12:00:00,0.7986,0.79913,0.79749,0.79749,5898.5
2025.10.07 13:00:00,0.79752,0.79827,0.79725,0.79821,5537.53
2025.10.07 14:00:00,0.79822,0.79834,0.79753,0.79799,5514.63
2025.10.07 15:00:00,0.79801,0.79807,0.79674,0.797,4741.81
2025.10.07 16:00:00,0.79699,0.79744,0.79671,0.79736,2790.59
2025.10.07 17:00:00,0.79735,0.79765,0.79661,0.79764,2702.19
2025.10.07 18:00:00,0.79764,0.79821,0.79754,0.79804,2585.31
2025.10.07 19:00:00,0.79803,0.7988,0.79796,0.79878,2094.51
2025.10.07 20:00:00,0.79879,0.79892,0.79788,0.79788,2265.36
2025.10.07 21:00:00,0.79788,0.7983,0.79753,0.79821,5358.78
2025.10.07 22:00:00,0.79821,0.79821,0.79793,0.79804,1115.34
2025.10.07 23:00:00,0.79804,0.79864,0.79803,0.79863,1674
2025.10.08 00:00:00,0.79862,0.79922,0.79853,0.79893,2493.91
2025.10.08 01:00:00,0.79894,0.80005,0.79894,0.79999,3711.89
2025.10.08 02:00:00,0.79998,0.80067,0.79997,0.80046,2932.91
2025.10.08 03:00:00,0.80045,0.80099,0.80044,0.80057,1350.46
2025.10.08 04:00:00,0.80056,0.80101,0.80047,0.80085,1037.75
2025.10.08 05:00:00,0.80083,0.80131,0.80083,0.80093,1351.51
2025.10.08 06:00:00,0.80092,0.80184,0.80071,0.80127,3817.97
2025.10.08 07:00:00,0.80127,0.80163,0.80058,0.80089,5450.14
2025.10.08 08:00:00,0.80088,0.80123,0.80047,0.80107,4228.01
2025.10.08 09:00:00,0.80107,0.80131,0.80047,0.80083,4296.09
2025.10.08 10:00:00,0.80083,0.80105,0.79939,0.79958,3560.99
2025.10.08 11:00:00,0.79955,0.80028,0.79951,0.8002,3561.84
2025.10.08 12:00:00,0.80017,0.80045,0.79964,0.80026,4448.5
2025.10.08 13:00:00,0.80026,0.80137,0.79981,0.80105,5532.13
2025.10.08 14:00:00,0.80106,0.80119,0.80037,0.8005,6364.55
2025.10.08 15:00:00,0.80049,0.80241,0.80042,0.80197,4461.83
2025.10.08 16:00:00,0.80196,0.80276,0.80189,0.80221,2344.45
2025.10.08 17:00:00,0.80219,0.80258,0.8021,0.80234,1713
2025.10.08 18:00:00,0.80234,0.80287,0.80191,0.802,4493.16
2025.10.08 19:00:00,0.80199,0.802,0.80154,0.80172,2476.18
2025.10.08 20:00:00,0.80171,0.80207,0.80153,0.80153,2598.53
2025.10.08 21:00:00,0.80153,0.80184,0.80083,0.80124,1294.49
2025.10.08 22:00:00,0.80143,0.8018,0.80126,0.80138,1604.55
2025.10.08 23:00:00,0.80139,0.80163,0.8012,0.80153,1079.07
2025.10.09 00:00:00,0.80154,0.8016,0.80068,0.80096,1997.16
2025.10.09 01:00:00,0.80097,0.801,0.80024,0.80069,2152.88
2025.10.09 02:00:00,0.80072,0.80089,0.80041,0.80063,995.19
2025.10.09 03:00:00,0.80066,0.80085,0.80044,0.80052,577.84
2025.10.09 04:00:00,0.80051,0.80085,0.8004,0.80049,634.08
2025.10.09 05:00:00,0.80049,0.80111,0.80041,0.80098,1134.04
2025.10.09 06:00:00,0.80098,0.80314,0.80096,0.8028,5263.95
2025.10.09 07:00:00,0.80279,0.80344,0.8021,0.80331,5564.34
2025.10.09 08:00:00,0.80332,0.80351,0.80196,0.802,3977.46
2025.10.09 09:00:00,0.802,0.80224,0.80072,0.80078,5406.47
2025.10.09 10:00:00,0.80076,0.80107,0.8004,0.80054,2856.49
2025.10.09 11:00:00,0.80055,0.80143,0.80038,0.8012,2981
2025.10.09 12:00:00,0.80119,0.80241,0.80112,0.80229,5987.19
2025.10.09 13:00:00,0.80228,0.80417,0.80168,0.80357,11000.83
2025.10.09 14:00:00,0.80356,0.80512,0.80356,0.80448,9885.11
2025.10.09 15:00:00,0.8045,0.80661,0.80445,0.80594,7847.04
2025.10.09 16:00:00,0.80594,0.80695,0.80551,0.80664,4814.81
2025.10.09 17:00:00,0.80663,0.80697,0.80623,0.80668,3989.12
2025.10.09 18:00:00,0.80668,0.80758,0.80662,0.80742,2580.47
2025.10.09 19:00:00,0.80741,0.80741,0.80628,0.80664,2664.78
2025.10.09 20:00:00,0.80664,0.80667,0.80586,0.80618,2848.12
2025.10.09 21:00:00,0.80618,0.80627,0.805,0.80532,613.7
2025.10.09 22:00:00,0.80567,0.80636,0.80567,0.80626,903.59
2025.10.09 23:00:00,0.80626,0.80675,0.80615,0.80625,1266.94
2025.10.10 00:00:00,0.80626,0.80667,0.80614,0.8063,2489.14
2025.10.10 01:00:00,0.8063,0.80666,0.80616,0.80664,1724.11
2025.10.10 02:00:00,0.80663,0.80667,0.806,0.80627,1488.32
2025.10.10 03:00:00,0.80629,0.80648,0.80584,0.80595,1400.02
2025.10.10 04:00:00,0.80592,0.80636,0.80584,0.80586,1735.56
2025.10.10 05:00:00,0.80589,0.80595,0.80564,0.80582,1610.2
2025.10.10 06:00:00,0.80583,0.80614,0.80508,0.80558,5310.64
2025.10.10 07:00:00,0.8056,0.80601,0.8051,0.80572,5443.97
2025.10.10 08:00:00,0.80575,0.80592,0.80469,0.80514,4110.51
2025.10.10 09:00:00,0.80514,0.80591,0.80493,0.80563,2951.63
2025.10.10 10:00:00,0.80563,0.806,0.80531,0.80595,2374.73
2025.10.10 11:00:00,0.80596,0.80633,0.80569,0.80633,3488.02
2025.10.10 12:00:00,0.80633,0.80645,0.80512,0.80553,4377.84
2025.10.10 13:00:00,0.80555,0.80615,0.8051,0.80522,5132.62
2025.10.10 14:00:00,0.80522,0.80608,0.80471,0.80477,7153.97
2025.10.10 15:00:00,0.80476,0.80476,0.79997,0.80145,20667.13
2025.10.10 16:00:00,0.80145,0.80212,0.80076,0.80138,7090.75
2025.10.10 17:00:00,0.80138,0.80208,0.80115,0.80178,4342.74
2025.10.10 18:00:00,0.80178,0.80193,0.80087,0.80125,2502.38
2025.10.10 19:00:00,0.80125,0.80153,0.80079,0.80105,2643.48
2025.10.10 20:00:00,0.80106,0.80143,0.79855,0.7997,4259.3
2025.10.12 21:00:00,0.79934,0.80133,0.79866,0.8001,2260.17
2025.10.12 22:00:00,0.80004,0.80384,0.79979,0.80222,5214.72
2025.10.12 23:00:00,0.8022,0.80237,0.80159,0.80229,3416.77
2025.10.13 00:00:00,0.8023,0.80236,0.80114,0.80115,4650.63
2025.10.13 01:00:00,0.80114,0.80166,0.80086,0.80138,3453.02
2025.10.13 02:00:00,0.80137,0.80146,0.80094,0.80134,1690.03
2025.10.13 03:00:00,0.80133,0.80148,0.80104,0.80121,1745.82
2025.10.13 04:00:00,0.80122,0.8013,0.80084,0.80111,1503.81
2025.10.13 05:00:00,0.80111,0.80144,0.80089,0.80136,2380.65
2025.10.13 06:00:00,0.80134,0.80141,0.79998,0.80092,5713.08
2025.10.13 07:00:00,0.80093,0.80275,0.80067,0.80263,8081.47
2025.10.13 08:00:00,0.80262,0.8043,0.80247,0.80408,5691.54
2025.10.13 09:00:00,0.80408,0.80413,0.80247,0.80316,4150.24
2025.10.13 10:00:00,0.80315,0.80415,0.80299,0.80401,3692.05
2025.10.13 11:00:00,0.80396,0.80438,0.80296,0.8042,6512.32
2025.10.13 12:00:00,0.80421,0.80513,0.80364,0.80465,5440.18
2025.10.13 13:00:00,0.80463,0.80511,0.80425,0.80436,6797.4
2025.10.13 14:00:00,0.80436,0.80576,0.80416,0.80525,6383.67
2025.10.13 15:00:00,0.80524,0.80528,0.80416,0.80423,3466.01
2025.10.13 16:00:00,0.80424,0.80429,0.80369,0.80401,1991.45
2025.10.13 17:00:00,0.804,0.80425,0.8039,0.80415,1697.36
2025.10.13 18:00:00,0.80416,0.80425,0.80374,0.80405,1871.07
2025.10.13 19:00:00,0.80403,0.80429,0.80389,0.80423,1213.46
2025.10.13 20:00:00,0.80424,0.80428,0.80385,0.80392,1529.21
2025.10.13 21:00:00,0.8037,0.80398,0.8035,0.80369,1103.54
2025.10.13 22:00:00,0.80372,0.80439,0.80371,0.8042,1729.48
2025.10.13 23:00:00,0.8042,0.80446,0.80408,0.80429,1033.58
2025.10.14 00:00:00,0.80432,0.80498,0.80422,0.80453,2930.78
2025.10.14 01:00:00,0.80454,0.80457,0.80409,0.80423,1974.13
2025.10.14 02:00:00,0.80423,0.80437,0.80406,0.80417,958.2
2025.10.14 03:00:00,0.80415,0.80424,0.80346,0.80358,1746.58
2025.10.14 04:00:00,0.80355,0.80358,0.80235,0.80253,3023.14
2025.10.14 05:00:00,0.80254,0.80305,0.80178,0.80216,2790.98
2025.10.14 06:00:00,0.80215,0.80359,0.80194,0.80301,7209.34
2025.10.14 07:00:00,0.803,0.8046,0.80232,0.80423,9148.1
2025.10.14 08:00:00,0.80423,0.80449,0.80316,0.80324,6050.04
2025.10.14 09:00:00,0.80324,0.80419,0.80322,0.80417,4306.14
2025.10.14 10:00:00,0.80418,0.80426,0.80352,0.80397,4068.1
2025.10.14 11:00:00,0.80397,0.80461,0.80396,0.8046,4163.76
2025.10.14 12:00:00,0.80461,0.8048,0.80363,0.80422,7879.7
2025.10.14 13:00:00,0.80422,0.80447,0.80248,0.80312,10208.97
2025.10.14 14:00:00,0.80313,0.80367,0.80172,0.80185,8202.26
2025.10.14 15:00:00,0.80185,0.80261,0.80104,0.80109,7350.66
2025.10.14 16:00:00,0.80108,0.80135,0.80023,0.80078,7521.34
2025.10.14 17:00:00,0.8008,0.80143,0.80053,0.80081,4213.88
2025.10.14 18:00:00,0.8008,0.80118,0.8006,0.80109,2512.63
2025.10.14 19:00:00,0.80109,0.80109,0.80051,0.80098,3794.31
2025.10.14 20:00:00,0.80098,0.80146,0.80062,0.80062,2310.43
2025.10.14 21:00:00,0.80062,0.8007,0.79946,0.80053,1152.77
2025.10.14 22:00:00,0.80053,0.80118,0.80046,0.80112,951.84
2025.10.14 23:00:00,0.80112,0.80155,0.8011,0.80145,989.16
2025.10.15 00:00:00,0.80149,0.80156,0.8009,0.80107,2538.5
2025.10.15 01:00:00,0.80107,0.80117,0.80031,0.80048,2277.74
2025.10.15 02:00:00,0.80049,0.80059,0.80003,0.80019,1988.31
2025.10.15 03:00:00,0.80018,0.8003,0.79995,0.79997,988.35
2025.10.15 04:00:00,0.79996,0.80023,0.79983,0.80003,697.42
2025.10.15 05:00:00,0.80004,0.80015,0.79947,0.80012,998.97
2025.10.15 06:00:00,0.80012,0.80015,0.79906,0.79954,4108.08
2025.10.15 07:00:00,0.79956,0.79999,0.79906,0.79957,4708.02
2025.10.15 08:00:00,0.79956,0.79983,0.79904,0.79977,4042.51
2025.10.15 09:00:00,0.79977,0.80027,0.79972,0.80009,3779.14
2025.10.15 10:00:00,0.80009,0.80104,0.80009,0.80068,2623.36
2025.10.15 11:00:00,0.80066,0.80075,0.8,0.80043,2781.07
2025.10.15 12:00:00,0.80041,0.80078,0.79977,0.8006,7193.55
2025.10.15 13:00:00,0.8006,0.80082,0.79917,0.79919,11317.24
2025.10.15 14:00:00,0.79919,0.79949,0.79849,0.79861,6814.81
2025.10.15 15:00:00,0.7986,0.79906,0.79563,0.79713,7138.67
2025.10.15 16:00:00,0.79713,0.7978,0.79666,0.79667,4743.61
2025.10.15 17:00:00,0.79666,0.79769,0.79634,0.79748,5987.13
2025.10.15 18:00:00,0.79747,0.79762,0.79691,0.79741,3637.76
2025.10.15 19:00:00,0.79742,0.79742,0.7967,0.79679,2305.73
2025.10.15 20:00:00,0.79679,0.79698,0.79644,0.79644,1634.73
2025.10.15 21:00:00,0.79628,0.79723,0.79605,0.79667,2801.17
2025.10.15 22:00:00,0.79666,0.79672,0.79616,0.79656,1318.56
2025.10.15 23:00:00,0.79656,0.79665,0.79645,0.79654,862.38
2025.10.16 00:00:00,0.79657,0.79669,0.79499,0.79535,3553.06
2025.10.16 01:00:00,0.79535,0.79558,0.79356,0.79386,3312.36
2025.10.16 02:00:00,0.79384,0.79463,0.79328,0.79452,2484.8
2025.10.16 03:00:00,0.79453,0.79492,0.79433,0.7949,1280.3
2025.10.16 04:00:00,0.79491,0.79553,0.79491,0.79546,951.56
2025.10.16 05:00:00,0.79545,0.7963,0.79536,0.79576,2849.67
2025.10.16 06:00:00,0.79575,0.79651,0.79534,0.79624,4398.56
2025.10.16 07:00:00,0.79624,0.79757,0.79611,0.79698,6262.15
2025.10.16 08:00:00,0.79697,0.79713,0.79639,0.79653,4263.19
2025.10.16 09:00:00,0.79654,0.79695,0.79623,0.79635,3263.91
2025.10.16 10:00:00,0.79635,0.79716,0.79629,0.79706,3055.12
2025.10.16 11:00:00,0.79705,0.79838,0.7969,0.79828,4365.91
2025.10.16 12:00:00,0.79827,0.79846,0.7968,0.79684,5646.64
2025.10.16 13:00:00,0.79684,0.79783,0.7964,0.7968,7601.64
2025.10.16 14:00:00,0.79682,0.79712,0.79496,0.79508,6554.71
2025.10.16 15:00:00,0.79509,0.79599,0.795,0.79573,5794.64
2025.10.16 16:00:00,0.79573,0.79583,0.79416,0.7943,9192.34
2025.10.16 17:00:00,0.79429,0.79433,0.79332,0.79346,7386.77
2025.10.16 18:00:00,0.79346,0.79368,0.79268,0.79296,5325.51
2025.10.16 19:00:00,0.79295,0.79314,0.79236,0.79277,3823.9
2025.10.16 20:00:00,0.79278,0.79305,0.79259,0.79264,1422.11
2025.10.16 21:00:00,0.79264,0.79303,0.79232,0.79241,569.69
2025.10.16 22:00:00,0.79242,0.79265,0.79207,0.79225,1881.72
2025.10.16 23:00:00,0.79225,0.79244,0.79169,0.79192,1604.49
2025.10.17 00:00:00,0.79192,0.79222,0.79084,0.79133,3528.12
2025.10.17 01:00:00,0.79134,0.79158,0.79092,0.79136,3339.06
2025.10.17 02:00:00,0.79136,0.79186,0.79019,0.79065,3132.77
2025.10.17 03:00:00,0.79067,0.7907,0.79002,0.79029,2859.81
2025.10.17 04:00:00,0.79028,0.79063,0.79016,0.79035,2218.32
2025.10.17 05:00:00,0.79036,0.79039,0.78899,0.78928,2629.03
2025.10.17 06:00:00,0.78928,0.7899,0.78818,0.78867,9964.53
2025.10.17 07:00:00,0.78866,0.78943,0.78727,0.78934,16721.13
2025.10.17 08:00:00,0.78934,0.78998,0.78885,0.78933,7330.99
2025.10.17 09:00:00,0.78933,0.78994,0.7884,0.7891,5032.01
2025.10.17 10:00:00,0.78912,0.79004,0.78899,0.78997,5823.95
2025.10.17 11:00:00,0.78996,0.79197,0.78943,0.79146,10052.62
2025.10.17 12:00:00,0.79145,0.79316,0.79139,0.79215,9689.9
2025.10.17 13:00:00,0.79214,0.79248,0.79053,0.7913,10252.13
2025.10.17 14:00:00,0.7913,0.79327,0.79117,0.79253,10569.32
2025.10.17 15:00:00,0.79253,0.7928,0.79175,0.79192,5320.59
2025.10.17 16:00:00,0.79192,0.79232,0.79155,0.79214,3032.02
2025.10.17 17:00:00,0.79214,0.79256,0.79181,0.79251,2512.34
2025.10.17 18:00:00,0.79251,0.79315,0.79226,0.79253,2610.55
2025.10.17 19:00:00,0.79252,0.79297,0.79225,0.79252,1718.38
2025.10.17 20:00:00,0.79252,0.79368,0.79252,0.79295,3327.43
2025.10.19 21:00:00,0.79221,0.79281,0.79092,0.79259,644.4
2025.10.19 22:00:00,0.79246,0.79413,0.79243,0.79393,1585.35
2025.10.19 23:00:00,0.79394,0.79408,0.79337,0.79361,1268.6
2025.10.20 00:00:00,0.79361,0.79362,0.79272,0.7928,3517.53
2025.10.20 01:00:00,0.79279,0.79381,0.79277,0.79326,2173.5
2025.10.20 02:00:00,0.79326,0.79326,0.79262,0.79318,1241.5
2025.10.20 03:00:00,0.79319,0.7933,0.79284,0.79294,1458.03
2025.10.20 04:00:00,0.79292,0.79311,0.79258,0.79276,1200.45
2025.10.20 05:00:00,0.79276,0.79309,0.79252,0.7928,1164.27
2025.10.20 06:00:00,0.79282,0.79391,0.7928,0.79383,3320.13
2025.10.20 07:00:00,0.79384,0.7943,0.79287,0.79311,4116.59
2025.10.20 08:00:00,0.7931,0.79341,0.7923,0.79246,3806.69
2025.10.20 09:00:00,0.79245,0.79293,0.79224,0.79276,3377.98
2025.10.20 10:00:00,0.79277,0.7934,0.79254,0.79277,1958.5
2025.10.20 11:00:00,0.79276,0.79343,0.79245,0.79245,2712.67
2025.10.20 12:00:00,0.79244,0.79271,0.79218,0.79247,3984.05
2025.10.20 13:00:00,0.79247,0.79289,0.79204,0.79246,4888.49
2025.10.20 14:00:00,0.79245,0.79258,0.79059,0.79073,4982.2
2025.10.20 15:00:00,0.79074,0.79206,0.79074,0.79179,5001.38
2025.10.20 16:00:00,0.79178,0.79222,0.79146,0.79204,2707.07
2025.10.20 17:00:00,0.79208,0.79249,0.79188,0.79232,1709.97
2025.10.20 18:00:00,0.79234,0.79251,0.7917,0.79187,1369.29
2025.10.20 19:00:00,0.79186,0.79233,0.79181,0.79218,1335.48
2025.10.20 20:00:00,0.79218,0.79259,0.79202,0.79213,1970.2
2025.10.20 21:00:00,0.79213,0.79219,0.7906,0.79169,1453.74
2025.10.20 22:00:00,0.79167,0.79254,0.79167,0.7924,1629.57
2025.10.20 23:00:00,0.79239,0.7925,0.79234,0.79243,627.54
2025.10.21 00:00:00,0.79243,0.79254,0.79139,0.79177,2245.68
2025.10.21 01:00:00,0.79178,0.79264,0.79167,0.79249,2510.78
2025.10.21 02:00:00,0.79249,0.79315,0.79247,0.79306,2493.37
2025.10.21 03:00:00,0.79304,0.79319,0.79293,0.79316,1528.89
2025.10.21 04:00:00,0.79317,0.79341,0.7928,0.793,2818.17
2025.10.21 05:00:00,0.79299,0.79353,0.79278,0.79342,3331.88
2025.10.21 06:00:00,0.79347,0.79366,0.79179,0.79195,3711.23
2025.10.21 07:00:00,0.79195,0.793,0.79178,0.79284,5762.86
2025.10.21 08:00:00,0.79284,0.79378,0.79257,0.79363,6520.36
2025.10.21 09:00:00,0.79363,0.79453,0.79363,0.79452,4590.25
2025.10.21 10:00:00,0.79452,0.79526,0.79421,0.79452,4254.47
2025.10.21 11:00:00,0.79451,0.79484,0.79412,0.79465,4495.49
2025.10.21 12:00:00,0.79465,0.79598,0.7944,0.79551,7599.2
2025.10.21 13:00:00,0.79551,0.79551,0.79414,0.79427,7787.23
2025.10.21 14:00:00,0.79428,0.79594,0.79394,0.79565,7165.22
2025.10.21 15:00:00,0.79566,0.79567,0.79462,0.79499,4055.73
2025.10.21 16:00:00,0.79498,0.79621,0.79468,0.79585,5230.1
2025.10.21 17:00:00,0.79584,0.79608,0.79559,0.7959,3558.16
2025.10.21 18:00:00,0.79591,0.79611,0.79556,0.79607,2039.52
2025.10.21 19:00:00,0.79606,0.79641,0.79591,0.79619,1709.49
2025.10.21 20:00:00,0.7962,0.79641,0.79606,0.79621,1178.83
2025.10.21 21:00:00,0.79603,0.79603,0.79477,0.79555,2585.18
2025.10.21 22:00:00,0.79554,0.79653,0.79554,0.7965,1918.84
2025.10.21 23:00:00,0.79651,0.79688,0.79641,0.79678,541.29
2025.10.22 00:00:00,0.79677,0.7968,0.79597,0.79597,2959.82
2025.10.22 01:00:00,0.79599,0.7961,0.79539,0.79583,2447.06
2025.10.22 02:00:00,0.79585,0.79586,0.7955,0.79569,1389.97
2025.10.22 03:00:00,0.79569,0.79596,0.7956,0.79584,1317.32
2025.10.22 04:00:00,0.79583,0.79614,0.79566,0.79575,1280.45
2025.10.22 05:00:00,0.79575,0.79577,0.79525,0.79534,1026.16
2025.10.22 06:00:00,0.79533,0.79598,0.79512,0.79536,4411.56
2025.10.22 07:00:00,0.79535,0.79626,0.79514,0.79603,4335.03
2025.10.22 08:00:00,0.79604,0.79687,0.79586,0.7961,4301.83
2025.10.22 09:00:00,0.79611,0.79648,0.79581,0.79621,2413.61
2025.10.22 10:00:00,0.79621,0.79718,0.79598,0.79687,3085.11
2025.10.22 11:00:00,0.79687,0.79691,0.79607,0.79621,3845.92
2025.10.22 12:00:00,0.79622,0.79716,0.79599,0.79693,4955.23
2025.10.22 13:00:00,0.79693,0.79735,0.79667,0.79688,5557.99
2025.10.22 14:00:00,0.79689,0.79689,0.7955,0.79565,5628.23
2025.10.22 15:00:00,0.79565,0.79608,0.79513,0.79576,4874.6
2025.10.22 16:00:00,0.79575,0.796,0.79482,0.79514,4928.92
2025.10.22 17:00:00,0.79514,0.7956,0.7951,0.79534,3277.06
2025.10.22 18:00:00,0.79537,0.79606,0.79524,0.79596,2170.61
2025.10.22 19:00:00,0.79596,0.79633,0.79581,0.79619,2402.08
2025.10.22 20:00:00,0.7962,0.79628,0.79568,0.79568,2832.54
2025.10.22 21:00:00,0.79568,0.79592,0.79509,0.79534,1152.75
2025.10.22 22:00:00,0.79545,0.79605,0.79541,0.79591,1926.3
2025.10.22 23:00:00,0.79589,0.79616,0.79588,0.79613,871.34
2025.10.23 00:00:00,0.79614,0.79665,0.79609,0.79632,1998.79
2025.10.23 01:00:00,0.79631,0.79707,0.79628,0.79699,1312.1
2025.10.23 02:00:00,0.797,0.79743,0.797,0.79737,1292.51
2025.10.23 03:00:00,0.79735,0.79747,0.79717,0.79744,616.27
2025.10.23 04:00:00,0.79744,0.79762,0.79719,0.7972,542.05
2025.10.23 05:00:00,0.79721,0.79728,0.79685,0.79711,899.37
2025.10.23 06:00:00,0.79711,0.79756,0.79679,0.79747,3268.57
2025.10.23 07:00:00,0.79746,0.798,0.79699,0.79714,4714.88
2025.10.23 08:00:00,0.79716,0.79767,0.79692,0.79748,2859.08
2025.10.23 09:00:00,0.79749,0.79809,0.79701,0.79799,2298.34
2025.10.23 10:00:00,0.79798,0.79853,0.79785,0.79841,1878.49
2025.10.23 11:00:00,0.79843,0.79865,0.79798,0.79813,2410.91
2025.10.23 12:00:00,0.79809,0.79811,0.79654,0.79689,3353.94
2025.10.23 13:00:00,0.7969,0.79711,0.79624,0.79674,4642.05
2025.10.23 14:00:00,0.79672,0.79674,0.79524,0.79534,5123.92
2025.10.23 15:00:00,0.79533,0.79593,0.7952,0.7956,4923.59
2025.10.23 16:00:00,0.7956,0.7957,0.79511,0.79565,3118.91
2025.10.23 17:00:00,0.79566,0.79602,0.79547,0.79549,3665.25
2025.10.23 18:00:00,0.7955,0.79571,0.79516,0.79518,3142.77
2025.10.23 19:00:00,0.79519,0.79534,0.79496,0.79519,1202.15
2025.10.23 20:00:00,0.7952,0.79546,0.79498,0.79504,1364.82
2025.10.23 21:00:00,0.79493,0.7957,0.79483,0.79533,2503.77
2025.10.23 22:00:00,0.79534,0.79534,0.79484,0.7951,2264.26
2025.10.23 23:00:00,0.79509,0.79525,0.79499,0.79509,694.26
2025.10.24 00:00:00,0.7951,0.79511,0.79468,0.79509,1545.86
2025.10.24 01:00:00,0.79511,0.79573,0.79504,0.79566,1681.01
2025.10.24 02:00:00,0.79566,0.79599,0.79553,0.79599,1490.72
2025.10.24 03:00:00,0.79598,0.79605,0.79563,0.7958,763.92
2025.10.24 04:00:00,0.79579,0.79612,0.79579,0.79601,879.16
2025.10.24 05:00:00,0.79602,0.79632,0.79581,0.79609,850.81
2025.10.24 06:00:00,0.7961,0.79652,0.79537,0.79539,2262.78
2025.10.24 07:00:00,0.7954,0.79561,0.79463,0.79544,5789.69
2025.10.24 08:00:00,0.79543,0.79623,0.79533,0.79576,3996.07
2025.10.24 09:00:00,0.7958,0.79635,0.79565,0.79601,2328.01
2025.10.24 10:00:00,0.79601,0.79648,0.79577,0.79645,1652.01
2025.10.24 11:00:00,0.79644,0.7968,0.79624,0.79627,2944.79
2025.10.24 12:00:00,0.79625,0.79649,0.79337,0.79453,12098.71
2025.10.24 13:00:00,0.79454,0.79547,0.79396,0.79498,10336.85
2025.10.24 14:00:00,0.79501,0.79584,0.79471,0.79526,7335.24
2025.10.24 15:00:00,0.79529,0.79606,0.79497,0.79576,5831.36
2025.10.24 16:00:00,0.79576,0.79614,0.79564,0.79579,2399.93
2025.10.24 17:00:00,0.79577,0.79577,0.79527,0.7955,1721.28
2025.10.24 18:00:00,0.79551,0.79575,0.79534,0.79567,1277.61
2025.10.24 19:00:00,0.79568,0.79573,0.7952,0.79529,1354.29
2025.10.24 20:00:00,0.79528,0.79568,0.79491,0.795,2655.66
2025.10.26 21:00:00,0.79593,0.79654,0.79532,0.79552,574.82
2025.10.26 22:00:00,0.79544,0.79668,0.79544,0.79631,1996.65
2025.10.26 23:00:00,0.79631,0.79638,0.79586,0.79606,1332.32
2025.10.27 00:00:00,0.79606,0.79632,0.79523,0.79535,1964.51
2025.10.27 01:00:00,0.79534,0.79546,0.79447,0.7951,2565.12
2025.10.27 02:00:00,0.79512,0.79589,0.79512,0.79569,1310.84
2025.10.27 03:00:00,0.79572,0.79588,0.79547,0.79586,1548.78
2025.10.27 04:00:00,0.79587,0.79644,0.79586,0.79626,1006.45
2025.10.27 05:00:00,0.79624,0.7967,0.7961,0.79638,1344.8
2025.10.27 06:00:00,0.79638,0.79676,0.79584,0.79655,2244.37
2025.10.27 07:00:00,0.79655,0.79704,0.79618,0.79688,3022.25
2025.10.27 08:00:00,0.79688,0.79726,0.79634,0.79709,4117.01
2025.10.27 09:00:00,0.7971,0.79714,0.79581,0.79594,3692.35
2025.10.27 10:00:00,0.7959,0.79622,0.79568,0.79606,3161.44
2025.10.27 11:00:00,0.79606,0.79616,0.79521,0.79527,3337.97
2025.10.27 12:00:00,0.79527,0.79596,0.79463,0.79564,4802.66
2025.10.27 13:00:00,0.79565,0.79678,0.79553,0.7964,5735.4
2025.10.27 14:00:00,0.79639,0.79663,0.79587,0.79603,4425.31
2025.10.27 15:00:00,0.79601,0.79668,0.79601,0.79646,4050.51
2025.10.27 16:00:00,0.79646,0.79649,0.79549,0.7956,2503.27
2025.10.27 17:00:00,0.7956,0.79603,0.79534,0.79578,1382.68
2025.10.27 18:00:00,0.79577,0.79607,0.79501,0.79513,1643.55
2025.10.27 19:00:00,0.79513,0.79556,0.79513,0.79534,1532.36
2025.10.27 20:00:00,0.79535,0.79557,0.79503,0.79511,1625.79
2025.10.27 21:00:00,0.7951,0.79539,0.7948,0.79533,1078.58
2025.10.27 22:00:00,0.7953,0.7953,0.79477,0.79481,2534.29
2025.10.27 23:00:00,0.79481,0.79481,0.7944,0.79462,1755.01
2025.10.28 00:00:00,0.79462,0.79478,0.79385,0.79417,2704.67
2025.10.28 01:00:00,0.79418,0.79425,0.79358,0.79408,3168.53
2025.10.28 02:00:00,0.79406,0.79438,0.79375,0.7943,1574.02
2025.10.28 03:00:00,0.79432,0.79433,0.79361,0.79377,1631.44
2025.10.28 04:00:00,0.79377,0.79383,0.79312,0.7932,2634.09
2025.10.28 05:00:00,0.79321,0.79361,0.79318,0.79341,1999.03
2025.10.28 06:00:00,0.7934,0.79413,0.79304,0.7941,1868.06
2025.10.28 07:00:00,0.79411,0.7948,0.794,0.79442,3729.42
2025.10.28 08:00:00,0.79445,0.79471,0.79349,0.79398,5280.21
2025.10.28 09:00:00,0.79398,0.79452,0.79329,0.79341,3099.74
2025.10.28 10:00:00,0.79341,0.79386,0.79331,0.79355,2796.2
2025.10.28 11:00:00,0.79352,0.79475,0.79352,0.79448,3040.18
2025.10.28 12:00:00,0.79447,0.79599,0.79441,0.7956,5832.55
2025.10.28 13:00:00,0.79562,0.79668,0.79524,0.79546,5587.25
2025.10.28 14:00:00,0.79541,0.79568,0.79359,0.7936,4760.16
2025.10.28 15:00:00,0.79359,0.7936,0.79249,0.79271,5881.74
2025.10.28 16:00:00,0.7927,0.79357,0.79247,0.79283,5262.15
2025.10.28 17:00:00,0.79282,0.79347,0.79273,0.7932,2067.28
2025.10.28 18:00:00,0.7932,0.7934,0.79293,0.79298,1390.34
2025.10.28 19:00:00,0.79298,0.79327,0.79258,0.79324,1701.92
2025.10.28 20:00:00,0.79325,0.79346,0.7931,0.79313,1424.95
2025.10.28 21:00:00,0.79313,0.79351,0.79279,0.79329,2981.67
2025.10.28 22:00:00,0.7933,0.79358,0.79314,0.79334,2034.44
2025.10.28 23:00:00,0.79335,0.79352,0.7928,0.79283,1194.88
2025.10.29 00:00:00,0.79284,0.79322,0.79252,0.79293,5862.01
2025.10.29 01:00:00,0.79295,0.79354,0.79281,0.79339,4750.2
2025.10.29 02:00:00,0.7934,0.79393,0.79338,0.7936,2690.91
2025.10.29 03:00:00,0.7936,0.79403,0.79355,0.79396,1580.7
2025.10.29 04:00:00,0.79395,0.79429,0.79393,0.79417,1892.24
2025.10.29 05:00:00,0.79418,0.79475,0.79411,0.79429,2711.86
2025.10.29 06:00:00,0.79427,0.7948,0.79427,0.79456,1875.35
2025.10.29 07:00:00,0.79456,0.79558,0.79404,0.79542,4789.92
2025.10.29 08:00:00,0.79543,0.79709,0.79528,0.79666,4713.65
2025.10.29 09:00:00,0.79668,0.79739,0.79578,0.79617,4670.51
2025.10.29 10:00:00,0.79616,0.79642,0.79595,0.79608,2630.06
2025.10.29 11:00:00,0.79609,0.79736,0.79604,0.79727,3397.62
2025.10.29 12:00:00,0.79728,0.79773,0.79658,0.79746,3644.99
2025.10.29 13:00:00,0.79746,0.79791,0.79637,0.79747,5096.85
2025.10.29 14:00:00,0.79748,0.79782,0.79693,0.79699,4136.06
2025.10.29 15:00:00,0.79699,0.79739,0.79566,0.7958,4856.72
2025.10.29 16:00:00,0.7958,0.79664,0.7956,0.79642,3605.45
2025.10.29 17:00:00,0.79642,0.79714,0.79632,0.79686,2220.88
2025.10.29 18:00:00,0.79686,0.80169,0.79657,0.80078,17267.12
2025.10.29 19:00:00,0.8008,0.802,0.8004,0.80054,11401.46
2025.10.29 20:00:00,0.80051,0.80088,0.7997,0.79972,2895.78
2025.10.29 21:00:00,0.79958,0.79982,0.79854,0.79923,2953.91
2025.10.29 22:00:00,0.79923,0.79992,0.79923,0.79975,2041.49
2025.10.29 23:00:00,0.79974,0.80016,0.79967,0.80007,564.37
2025.10.30 00:00:00,0.80006,0.80062,0.79945,0.79969,3853.08
2025.10.30 01:00:00,0.79971,0.79974,0.79918,0.79922,3946.59
2025.10.30 02:00:00,0.7992,0.79933,0.79894,0.79903,1920.17
2025.10.30 03:00:00,0.79903,0.79972,0.79878,0.79918,3763.71
2025.10.30 04:00:00,0.79916,0.7993,0.79753,0.79775,6391.14
2025.10.30 05:00:00,0.79776,0.79872,0.79758,0.79872,2490.35
2025.10.30 06:00:00,0.79873,0.79917,0.79822,0.7988,5396.52
2025.10.30 07:00:00,0.79877,0.79926,0.79847,0.79861,5538.76
2025.10.30 08:00:00,0.7986,0.79949,0.7985,0.79877,5120.04
2025.10.30 09:00:00,0.79875,0.79908,0.79768,0.79874,5260.2
2025.10.30 10:00:00,0.79873,0.79995,0.79861,0.79992,4172.9
2025.10.30 11:00:00,0.79993,0.80076,0.79984,0.80066,4342.95
2025.10.30 12:00:00,0.80066,0.8029,0.80036,0.80284,6107.89
2025.10.30 13:00:00,0.80288,0.80367,0.80152,0.80158,8874.11
2025.10.30 14:00:00,0.80155,0.80206,0.80067,0.80185,8003.67
2025.10.30 15:00:00,0.80185,0.80246,0.80137,0.80201,5168.38
2025.10.30 16:00:00,0.802,0.80228,0.80135,0.80146,3206.87
2025.10.30 17:00:00,0.80146,0.80245,0.80139,0.80218,2586.91
2025.10.30 18:00:00,0.80218,0.80269,0.80205,0.80205,1845.38
2025.10.30 19:00:00,0.80206,0.80233,0.80171,0.80217,1744.04
2025.10.30 20:00:00,0.80215,0.8023,0.80148,0.80171,2030.53
2025.10.30 21:00:00,0.80171,0.80173,0.80132,0.80158,614.38
2025.10.30 22:00:00,0.80157,0.80174,0.80112,0.80152,2341.2
2025.10.30 23:00:00,0.80157,0.80196,0.80139,0.8016,1120.01
2025.10.31 00:00:00,0.80162,0.80169,0.80114,0.80114,3552.89
2025.10.31 01:00:00,0.80114,0.80176,0.80087,0.80169,2099.67
2025.10.31 02:00:00,0.8017,0.80181,0.80136,0.80178,1789.81
2025.10.31 03:00:00,0.80178,0.80193,0.80159,0.80182,1132.13
2025.10.31 04:00:00,0.80181,0.80187,0.80157,0.80167,1301.89
2025.10.31 05:00:00,0.80166,0.80197,0.80165,0.80174,1460.39
2025.10.31 06:00:00,0.80175,0.80252,0.80157,0.8025,2196.37
2025.10.31 07:00:00,0.80254,0.80325,0.80242,0.8027,4536.6
2025.10.31 08:00:00,0.80271,0.80277,0.80222,0.80235,3387.56
2025.10.31 09:00:00,0.80236,0.80249,0.80153,0.80154,2824.94
2025.10.31 10:00:00,0.80154,0.80231,0.80137,0.80226,1929.86
2025.10.31 11:00:00,0.80225,0.80348,0.80197,0.8032,2117.22
2025.10.31 12:00:00,0.80321,0.80392,0.80321,0.80379,4449.9
2025.10.31 13:00:00,0.80381,0.80487,0.80344,0.80423,5986.6
2025.10.31 14:00:00,0.80424,0.80466,0.80327,0.80365,6640.22
2025.10.31 15:00:00,0.80365,0.80425,0.80233,0.80265,7322.17
2025.10.31 16:00:00,0.80267,0.80369,0.80252,0.8036,4814.91
2025.10.31 17:00:00,0.80358,0.80411,0.80354,0.80404,1739.76
2025.10.31 18:00:00,0.80406,0.80481,0.80406,0.80455,1983.48
2025.10.31 19:00:00,0.80454,0.80471,0.80426,0.80462,1430.76
2025.10.31 20:00:00,0.80461,0.80515,0.80432,0.80435,3615.64
2025.12.01 00:00:00,0.80334,0.80375,0.80294,0.8033,2543.6
2025.12.01 01:00:00,0.8033,0.80346,0.80238,0.80341,4089.32
2025.12.01 02:00:00,0.80343,0.80409,0.80336,0.80405,2668.08
2025.12.01 03:00:00,0.80406,0.80442,0.80403,0.80413,952.98
2025.12.01 04:00:00,0.80415,0.80432,0.80387,0.80409,1327.22
2025.12.01 05:00:00,0.80411,0.80449,0.80391,0.8044,1323.27
2025.12.01 06:00:00,0.80441,0.80472,0.80427,0.8044,1498.2
2025.12.01 07:00:00,0.80438,0.80442,0.80301,0.80342,3598.34
2025.12.01 08:00:00,0.80344,0.80374,0.80208,0.80291,7187.49
2025.12.01 09:00:00,0.80291,0.80301,0.80236,0.80283,5104.65
2025.12.01 10:00:00,0.80283,0.8035,0.80266,0.80281,3444.32
2025.12.01 11:00:00,0.80281,0.80299,0.80232,0.80239,3045.59
2025.12.01 12:00:00,0.80237,0.80257,0.79996,0.80015,4347.71
2025.12.01 13:00:00,0.80014,0.8011,0.79961,0.80072,7018.67
2025.12.01 14:00:00,0.80074,0.80263,0.80072,0.80225,7936.33
2025.12.01 15:00:00,0.80225,0.80328,0.80129,0.8023,7734.07
2025.12.01 16:00:00,0.80231,0.80357,0.80194,0.80346,4049.14
2025.12.01 17:00:00,0.80346,0.80374,0.80294,0.80369,2499.26
2025.12.01 18:00:00,0.80369,0.80422,0.80349,0.80419,2347.68
2025.12.01 19:00:00,0.80421,0.80463,0.80404,0.80435,1676.22
2025.12.01 20:00:00,0.80433,0.80482,0.80421,0.8048,1358.47
2025.12.01 21:00:00,0.80479,0.80485,0.80447,0.8046,2398.22
2025.12.01 22:00:00,0.80433,0.80433,0.80277,0.80425,704.56
2025.12.01 23:00:00,0.80426,0.8048,0.8042,0.80476,816.28
2025.12.02 00:00:00,0.80476,0.80493,0.80456,0.80484,1195.92
2025.12.02 01:00:00,0.80484,0.80498,0.80425,0.8044,2571.18
2025.12.02 02:00:00,0.8044,0.80462,0.80435,0.80435,1082.08
2025.12.02 03:00:00,0.80435,0.80452,0.80402,0.80413,1216.44
2025.12.02 04:00:00,0.80413,0.80452,0.80404,0.80451,631.15
2025.12.02 05:00:00,0.80452,0.80477,0.80441,0.80453,1310.92
2025.12.02 06:00:00,0.80453,0.80489,0.8044,0.8044,1519.54
2025.12.02 07:00:00,0.8044,0.80446,0.80391,0.80437,2385.7
2025.12.02 08:00:00,0.80437,0.80458,0.80408,0.80448,3101.64
2025.12.02 09:00:00,0.80448,0.80517,0.80397,0.8042,2766.17
2025.12.02 10:00:00,0.80417,0.80528,0.804,0.80488,3097.56
2025.12.02 11:00:00,0.80487,0.80505,0.80435,0.80446,2231.69
2025.12.02 12:00:00,0.80445,0.80484,0.80412,0.80428,2894.72
2025.12.02 13:00:00,0.80427,0.80492,0.80418,0.80443,3252.56
2025.12.02 14:00:00,0.80442,0.80481,0.80411,0.80426,4566.98
2025.12.02 15:00:00,0.8043,0.80502,0.80301,0.80445,6431.13
2025.12.02 16:00:00,0.80445,0.80477,0.80398,0.80463,4647.72
2025.12.02 17:00:00,0.80464,0.80483,0.80393,0.804,2462.01
2025.12.02 18:00:00,0.80399,0.80448,0.80379,0.80405,1342.96
2025.12.02 19:00:00,0.80403,0.80404,0.80293,0.80319,1680.03
2025.12.02 20:00:00,0.80319,0.80325,0.80269,0.80297,1745.03
2025.12.02 21:00:00,0.80296,0.80329,0.80253,0.80253,1652.76
2025.12.02 22:00:00,0.80253,0.80294,0.80238,0.80246,1562.78
2025.12.02 23:00:00,0.8025,0.80308,0.80249,0.80277,715.04
2025.12.03 00:00:00,0.80278,0.80284,0.80213,0.80217,1325.43
2025.12.03 01:00:00,0.80218,0.8022,0.80185,0.80201,1418.92
2025.12.03 02:00:00,0.802,0.80221,0.80189,0.80195,822.95
2025.12.03 03:00:00,0.80194,0.80213,0.80185,0.80194,946.79
2025.12.03 04:00:00,0.80195,0.80218,0.80183,0.80189,762.6
2025.12.03 05:00:00,0.8019,0.80198,0.80181,0.80194,602.59
2025.12.03 06:00:00,0.80195,0.80198,0.80138,0.80163,1268.64
2025.12.03 07:00:00,0.8016,0.80268,0.80075,0.80218,4047.15
2025.12.03 08:00:00,0.80218,0.80243,0.8011,0.80126,3306.22
2025.12.03 09:00:00,0.80126,0.80195,0.8011,0.80181,3835.9
2025.12.03 10:00:00,0.8018,0.80181,0.80058,0.8008,3430.49
2025.12.03 11:00:00,0.8008,0.80105,0.80008,0.80012,2270.17
2025.12.03 12:00:00,0.8001,0.80048,0.79996,0.80036,3303.94
2025.12.03 13:00:00,0.80038,0.80046,0.7994,0.80014,7788.67
2025.12.03 14:00:00,0.80013,0.80075,0.79959,0.80028,9080.96
2025.12.03 15:00:00,0.80045,0.80118,0.80001,0.80055,7882.27
2025.12.03 16:00:00,0.80058,0.8007,0.80025,0.80041,3900.59
2025.12.03 17:00:00,0.80041,0.80053,0.7993,0.79947,2391.75
2025.12.03 18:00:00,0.79945,0.79963,0.79916,0.79941,2410.83
2025.12.03 19:00:00,0.7994,0.79945,0.79914,0.79935,2628.87
2025.12.03 20:00:00,0.79935,0.79976,0.7992,0.79975,1667.15
2025.12.03 21:00:00,0.79975,0.79988,0.79923,0.79923,2159.28
2025.12.03 22:00:00,0.79922,0.79954,0.79905,0.79934,2835.55
2025.12.03 23:00:00,0.79936,0.79999,0.79916,0.79976,661.2
2025.12.04 00:00:00,0.79974,0.80037,0.79969,0.80013,1458.74
2025.12.04 01:00:00,0.80012,0.8004,0.79987,0.80006,1461.07
2025.12.04 02:00:00,0.80005,0.80042,0.79999,0.8004,1042.6
2025.12.04 03:00:00,0.80041,0.80081,0.8004,0.8008,1233.2
2025.12.04 04:00:00,0.8008,0.80084,0.8006,0.80079,710.47
2025.12.04 05:00:00,0.80078,0.80101,0.80052,0.80081,1302.7
2025.12.04 06:00:00,0.80081,0.80145,0.80073,0.80086,1699.76
2025.12.04 07:00:00,0.80085,0.80133,0.80053,0.80064,3130.65
2025.12.04 08:00:00,0.80064,0.80119,0.79969,0.80019,5418.6
2025.12.04 09:00:00,0.8002,0.80044,0.79958,0.79968,3487.2
2025.12.04 10:00:00,0.79968,0.80074,0.79952,0.8006,2797.54
2025.12.04 11:00:00,0.80059,0.80065,0.7996,0.79961,2828.8
2025.12.04 12:00:00,0.79959,0.80065,0.79957,0.80035,2500.52
2025.12.04 13:00:00,0.80034,0.80158,0.80025,0.80065,5742.31
2025.12.04 14:00:00,0.80062,0.80076,0.79959,0.80056,5117.27
2025.12.04 15:00:00,0.80057,0.80181,0.80028,0.80086,5184.55
2025.12.04 16:00:00,0.80086,0.80229,0.80086,0.80217,4130.46
2025.12.04 17:00:00,0.80216,0.80268,0.80205,0.80251,2028.49
2025.12.04 18:00:00,0.80252,0.803,0.80229,0.80285,1802.72
2025.12.04 19:00:00,0.80286,0.8032,0.80274,0.80314,1573.87
2025.12.04 20:00:00,0.80317,0.80393,0.80317,0.8038,2009.77
2025.12.04 21:00:00,0.80379,0.8039,0.80347,0.8035,2015.77
2025.12.04 22:00:00,0.8035,0.8035,0.80257,0.80317,1331.12
2025.12.04 23:00:00,0.80317,0.80383,0.80317,0.80373,488.03
2025.12.05 00:00:00,0.80373,0.80381,0.80326,0.80326,1021.23
2025.12.05 01:00:00,0.80326,0.8034,0.80307,0.80314,1752.01
2025.12.05 02:00:00,0.80313,0.80332,0.80305,0.80319,1048.5
2025.12.05 03:00:00,0.8032,0.80365,0.8032,0.80346,738.99
2025.12.05 04:00:00,0.80343,0.80344,0.8031,0.80316,1369.04
2025.12.05 05:00:00,0.8032,0.8032,0.80262,0.8029,1864.57
2025.12.05 06:00:00,0.80289,0.80303,0.80236,0.80271,1302.72
2025.12.05 07:00:00,0.80271,0.80283,0.80187,0.80262,3624.86
2025.12.05 08:00:00,0.80261,0.80339,0.80249,0.80326,4360.17
2025.12.05 09:00:00,0.80327,0.80348,0.80263,0.80264,2841.32
2025.12.05 10:00:00,0.80266,0.80368,0.8025,0.80284,2378.83
2025.12.05 11:00:00,0.80284,0.80369,0.80276,0.80332,2190.11
2025.12.05 12:00:00,0.80332,0.80408,0.80295,0.80383,3656.12
2025.12.05 13:00:00,0.80382,0.80422,0.8029,0.80345,3787.27
2025.12.05 14:00:00,0.80345,0.80401,0.8027,0.80358,6929.86
2025.12.05 15:00:00,0.80353,0.80455,0.80318,0.80414,7819.72
2025.12.05 16:00:00,0.80414,0.80548,0.80409,0.80503,5295.5
2025.12.05 17:00:00,0.80504,0.80527,0.80468,0.80476,3055.06
2025.12.05 18:00:00,0.80474,0.80484,0.80446,0.80475,1882.83
2025.12.05 19:00:00,0.80475,0.80492,0.80426,0.80432,1768.93
2025.12.05 20:00:00,0.80434,0.80454,0.80414,0.80416,1536.08
2025.12.05 21:00:00,0.80417,0.80475,0.80402,0.80456,3355.67
2025.12.07 22:00:00,0.80337,0.80444,0.80282,0.80399,4196.36
2025.12.07 23:00:00,0.8041,0.80501,0.80398,0.80477,4924.29
2025.12.08 00:00:00,0.80479,0.80481,0.80371,0.80371,1595.08
2025.12.08 01:00:00,0.80371,0.80396,0.80346,0.80354,1844.71
2025.12.08 02:00:00,0.80352,0.80381,0.80339,0.8035,1089.57
2025.12.08 03:00:00,0.8035,0.8036,0.8033,0.8036,812.8
2025.12.08 04:00:00,0.80362,0.8037,0.80329,0.80337,830.07
2025.12.08 05:00:00,0.80337,0.80352,0.80325,0.80336,1091.73
2025.12.08 06:00:00,0.80335,0.80346,0.80279,0.8033,2357.23
2025.12.08 07:00:00,0.8033,0.80358,0.80304,0.80339,2913.32
2025.12.08 08:00:00,0.80342,0.80435,0.8032,0.80405,3855.01
2025.12.08 09:00:00,0.80404,0.80434,0.80379,0.80427,2844.11
2025.12.08 10:00:00,0.80427,0.80456,0.80389,0.8042,2248.88
2025.12.08 11:00:00,0.8042,0.80595,0.80386,0.80566,2719.56
2025.12.08 12:00:00,0.80566,0.80589,0.80533,0.80536,3057.93
2025.12.08 13:00:00,0.80536,0.80627,0.80527,0.80582,3779.04
2025.12.08 14:00:00,0.80583,0.80647,0.80532,0.80639,4461.91
2025.12.08 15:00:00,0.80639,0.80853,0.80637,0.80783,7715.26
2025.12.08 16:00:00,0.80784,0.80825,0.80733,0.8078,3582.84
2025.12.08 17:00:00,0.80779,0.80801,0.80667,0.80667,2791.13
2025.12.08 18:00:00,0.80665,0.80684,0.80628,0.80669,2162.26
2025.12.08 19:00:00,0.8067,0.80683,0.80633,0.80669,2042.7
2025.12.08 20:00:00,0.80667,0.80699,0.80655,0.80692,1219.91
2025.12.08 21:00:00,0.80691,0.80718,0.80647,0.80647,1153.12
2025.12.08 22:00:00,0.80643,0.80687,0.80625,0.8066,778.79
2025.12.08 23:00:00,0.80661,0.80692,0.80649,0.80664,699.56
2025.12.09 00:00:00,0.80664,0.80683,0.80642,0.8067,1211.29
2025.12.09 01:00:00,0.80671,0.80684,0.80618,0.80621,1635.19
2025.12.09 02:00:00,0.80622,0.80644,0.80609,0.80617,888.24
2025.12.09 03:00:00,0.80615,0.80625,0.80591,0.8061,1470.26
2025.12.09 04:00:00,0.80609,0.80658,0.80604,0.80641,1452.33
2025.12.09 05:00:00,0.8064,0.80657,0.80519,0.80545,2389.74
2025.12.09 06:00:00,0.80546,0.80621,0.80545,0.80602,2512.07
2025.12.09 07:00:00,0.80602,0.80644,0.80576,0.8063,2687.31
2025.12.09 08:00:00,0.80631,0.80661,0.80521,0.80557,3546.09
2025.12.09 09:00:00,0.80558,0.80606,0.80496,0.80557,4459.46
2025.12.09 10:00:00,0.80558,0.80665,0.80544,0.80637,3079.18
2025.12.09 11:00:00,0.80636,0.80686,0.80619,0.80633,2480.09
2025.12.09 12:00:00,0.80634,0.80712,0.80611,0.80646,3951.18
2025.12.09 13:00:00,0.80647,0.80683,0.80567,0.80608,4084.48
2025.12.09 14:00:00,0.80608,0.80687,0.80602,0.80615,6123.63
2025.12.09 15:00:00,0.80612,0.80822,0.80605,0.80698,9273.06
2025.12.09 16:00:00,0.80699,0.80701,0.80591,0.80605,3080.08
2025.12.09 17:00:00,0.80604,0.80669,0.80587,0.80636,2712.71
2025.12.09 18:00:00,0.80636,0.80666,0.8062,0.80636,2074.55
2025.12.09 19:00:00,0.80635,0.80653,0.80585,0.80586,1262.67
2025.12.09 20:00:00,0.8059,0.80605,0.80559,0.80598,1018.76
2025.12.09 21:00:00,0.80598,0.80629,0.80583,0.80605,1320.28
2025.12.09 22:00:00,0.80602,0.8064,0.80562,0.80603,1370.68
2025.12.09 23:00:00,0.80604,0.80636,0.80596,0.80601,509.13
2025.12.10 00:00:00,0.806,0.80625,0.80588,0.80617,1277.8
2025.12.10 01:00:00,0.80617,0.80644,0.80598,0.80634,1377.49
2025.12.10 02:00:00,0.80635,0.80637,0.806,0.80633,821.5
2025.12.10 03:00:00,0.80634,0.80639,0.80605,0.8061,738.84
2025.12.10 04:00:00,0.80608,0.80624,0.80596,0.80612,608.98
2025.12.10 05:00:00,0.80615,0.80622,0.80579,0.80604,770.34
2025.12.10 06:00:00,0.80602,0.8061,0.80563,0.80563,809.75
2025.12.10 07:00:00,0.8056,0.80582,0.80495,0.80505,2249.64
2025.12.10 08:00:00,0.80502,0.80518,0.80397,0.80415,3124.04
2025.12.10 09:00:00,0.80416,0.80531,0.80411,0.80517,3199.01
2025.12.10 10:00:00,0.80518,0.80566,0.80499,0.80536,3160.46
2025.12.10 11:00:00,0.80531,0.8056,0.80486,0.80529,2219.15
2025.12.10 12:00:00,0.80529,0.80533,0.80383,0.80406,2075.66
2025.12.10 13:00:00,0.80405,0.8045,0.80312,0.80323,4894.78
2025.12.10 14:00:00,0.80323,0.80346,0.80272,0.80305,6373.29
2025.12.10 15:00:00,0.80303,0.80322,0.8025,0.8026,4597.47
2025.12.10 16:00:00,0.80263,0.80315,0.80243,0.80271,2982.93
2025.12.10 17:00:00,0.8027,0.80294,0.80211,0.80218,2064.19
2025.12.10 18:00:00,0.8022,0.80282,0.80211,0.80241,2685.68
2025.12.10 19:00:00,0.80241,0.80302,0.80068,0.80104,19750.18
2025.12.10 20:00:00,0.80107,0.8013,0.79919,0.80003,9831.99
2025.12.10 21:00:00,0.80002,0.80037,0.79973,0.79973,2437.52
2025.12.10 22:00:00,0.79973,0.8,0.79947,0.79983,1080.8
2025.12.10 23:00:00,0.79984,0.79995,0.79913,0.79929,698.59
2025.12.11 00:00:00,0.79929,0.79953,0.79898,0.7995,1843.38
2025.12.11 01:00:00,0.79951,0.79951,0.79874,0.79895,2265.1
2025.12.11 02:00:00,0.79894,0.79941,0.79873,0.79933,1495.52
2025.12.11 03:00:00,0.79932,0.79932,0.79867,0.79896,1238.2
2025.12.11 04:00:00,0.79897,0.79956,0.79884,0.79943,1473.84
2025.12.11 05:00:00,0.79943,0.79981,0.79932,0.79973,1397.26
2025.12.11 06:00:00,0.79974,0.79995,0.79955,0.7996,1414.15
2025.12.11 07:00:00,0.7996,0.8001,0.7994,0.79972,2470.85
2025.12.11 08:00:00,0.79972,0.79983,0.79843,0.79891,4811.58
2025.12.11 09:00:00,0.79891,0.79977,0.79787,0.79802,5350.12
2025.12.11 10:00:00,0.79802,0.79841,0.79702,0.79717,4113.67
2025.12.11 11:00:00,0.79717,0.79718,0.79632,0.7964,3670.25
2025.12.11 12:00:00,0.79644,0.79671,0.79597,0.79633,4386.98
2025.12.11 13:00:00,0.79628,0.79673,0.79514,0.7955,7925.84
2025.12.11 14:00:00,0.79552,0.79558,0.79392,0.79413,9611.47
2025.12.11 15:00:00,0.79411,0.7949,0.79291,0.79338,7530.47
2025.12.11 16:00:00,0.79337,0.79431,0.79294,0.79319,5738.48
2025.12.11 17:00:00,0.79319,0.79353,0.79239,0.79349,5221.91
2025.12.11 18:00:00,0.79348,0.79386,0.79325,0.79373,5771
2025.12.11 19:00:00,0.79374,0.79509,0.79374,0.795,5430.13
2025.12.11 20:00:00,0.79501,0.79541,0.7941,0.79473,2227.26
2025.12.11 21:00:00,0.79474,0.79537,0.79462,0.79533,1368.62
2025.12.11 22:00:00,0.7952,0.79537,0.79388,0.79465,3182.52
2025.12.11 23:00:00,0.79465,0.79521,0.79461,0.79462,939.62
2025.12.12 00:00:00,0.79461,0.79471,0.79424,0.79448,1865.15
2025.12.12 01:00:00,0.79447,0.79481,0.79416,0.79471,2152.9
2025.12.12 02:00:00,0.79468,0.79482,0.79441,0.79468,1692.88
2025.12.12 03:00:00,0.79468,0.79486,0.79463,0.79482,630.28
2025.12.12 04:00:00,0.79481,0.79506,0.79478,0.79501,846.54
2025.12.12 05:00:00,0.79501,0.79513,0.79465,0.79466,1252.59
2025.12.12 06:00:00,0.79467,0.79519,0.79457,0.79474,1747.16
2025.12.12 07:00:00,0.79473,0.79499,0.79447,0.79496,4655.95
2025.12.12 08:00:00,0.79496,0.79529,0.79445,0.79517,4728.65
2025.12.12 09:00:00,0.79519,0.79533,0.79462,0.79483,3148.78
2025.12.12 10:00:00,0.79484,0.79554,0.79473,0.79535,2121.58
2025.12.12 11:00:00,0.79535,0.79557,0.79514,0.79525,1598.6
2025.12.12 12:00:00,0.79525,0.79626,0.79516,0.79572,2955.29
2025.12.12 13:00:00,0.79571,0.79598,0.79537,0.79593,3497.5
2025.12.12 14:00:00,0.79593,0.7963,0.7946,0.79475,5611.26
2025.12.12 15:00:00,0.79473,0.79616,0.79449,0.79568,8322.77
2025.12.12 16:00:00,0.79568,0.79645,0.79516,0.79602,7567.91
2025.12.12 17:00:00,0.796,0.79628,0.79535,0.79536,4387.25
2025.12.12 18:00:00,0.79535,0.79567,0.79512,0.79562,5041.81
2025.12.12 19:00:00,0.79562,0.79622,0.79562,0.79585,4210.75
2025.12.12 20:00:00,0.79587,0.79622,0.79552,0.79616,4252.2
2025.12.12 21:00:00,0.79615,0.79621,0.79534,0.79534,3037.47
2025.12.14 22:00:00,0.79473,0.79608,0.79473,0.79528,3698.2
2025.12.14 23:00:00,0.79529,0.79616,0.79511,0.79615,1178.74
2025.12.15 00:00:00,0.79614,0.79678,0.79614,0.79625,1684.27
2025.12.15 01:00:00,0.79624,0.79662,0.79582,0.79592,1763.55
2025.12.15 02:00:00,0.7959,0.79605,0.79538,0.79559,2220
2025.12.15 03:00:00,0.79557,0.7963,0.79535,0.79615,1511.92
2025.12.15 04:00:00,0.79616,0.79624,0.79593,0.79617,1264.34
2025.12.15 05:00:00,0.79615,0.79618,0.79585,0.79593,1283.34
2025.12.15 06:00:00,0.79594,0.79644,0.7959,0.79623,2167.59
2025.12.15 07:00:00,0.79624,0.79666,0.79593,0.79656,2185.72
2025.12.15 08:00:00,0.79659,0.79721,0.79611,0.79721,3949.53
2025.12.15 09:00:00,0.79724,0.79735,0.79599,0.79607,2564.14
2025.12.15 10:00:00,0.79612,0.79625,0.79559,0.79613,2535.27
2025.12.15 11:00:00,0.79613,0.79623,0.79563,0.79587,2223.4
2025.12.15 12:00:00,0.79588,0.79596,0.79522,0.79575,2255.58
2025.12.15 13:00:00,0.79576,0.79617,0.7954,0.79613,3762.85
2025.12.15 14:00:00,0.79614,0.79643,0.79406,0.79413,5261.19
2025.12.15 15:00:00,0.79411,0.79511,0.79381,0.79507,8784.73
2025.12.15 16:00:00,0.79507,0.79637,0.795,0.79629,3462.18
2025.12.15 17:00:00,0.79631,0.79707,0.79629,0.79685,1616.93
2025.12.15 18:00:00,0.79686,0.79708,0.79661,0.79681,1640.1
2025.12.15 19:00:00,0.79681,0.79731,0.79647,0.79659,1134.39
2025.12.15 20:00:00,0.79661,0.79666,0.79631,0.79648,1310.95
2025.12.15 21:00:00,0.79647,0.79657,0.79589,0.79589,1328.16
2025.12.15 22:00:00,0.79587,0.7962,0.79439,0.79607,1215
2025.12.15 23:00:00,0.79604,0.79636,0.79587,0.7962,745.87
2025.12.16 00:00:00,0.7962,0.79631,0.79544,0.79608,1685.5
2025.12.16 01:00:00,0.79607,0.7963,0.79557,0.79569,2334.35
2025.12.16 02:00:00,0.79567,0.79585,0.79531,0.79537,1847.25
2025.12.16 03:00:00,0.79538,0.7958,0.79519,0.79576,997.59
2025.12.16 04:00:00,0.79575,0.79616,0.79569,0.79613,876.32
2025.12.16 05:00:00,0.79614,0.79633,0.79597,0.79631,1374.53
2025.12.16 06:00:00,0.7963,0.79688,0.79625,0.79651,1646.31
2025.12.16 07:00:00,0.79654,0.79694,0.79644,0.79656,2000.6
2025.12.16 08:00:00,0.79655,0.79708,0.79595,0.79643,4197.13
2025.12.16 09:00:00,0.79643,0.79662,0.79562,0.7958,3065.33
2025.12.16 10:00:00,0.79577,0.79612,0.79551,0.79603,2814.95
2025.12.16 11:00:00,0.79604,0.79644,0.7955,0.79551,3506.05
2025.12.16 12:00:00,0.79548,0.79558,0.79396,0.79398,3079.59
2025.12.16 13:00:00,0.79397,0.79569,0.79258,0.79475,15464.56
2025.12.16 14:00:00,0.79475,0.79526,0.79331,0.79339,10095.22
2025.12.16 15:00:00,0.7934,0.79556,0.79294,0.79516,9610.12
2025.12.16 16:00:00,0.79516,0.79565,0.79424,0.79496,6047
2025.12.16 17:00:00,0.79494,0.79507,0.79362,0.79421,3272.92
2025.12.16 18:00:00,0.7942,0.79545,0.7942,0.79503,3120.64
2025.12.16 19:00:00,0.79504,0.79608,0.79428,0.79457,4511.45
2025.12.16 20:00:00,0.79458,0.79536,0.79415,0.79528,2658.37
2025.12.16 21:00:00,0.79529,0.79542,0.79498,0.79505,1786.34
2025.12.16 22:00:00,0.79473,0.79518,0.7943,0.79518,1789.14
2025.12.16 23:00:00,0.79517,0.79526,0.79498,0.79524,363.78
2025.12.17 00:00:00,0.79526,0.79545,0.79493,0.79494,931.37
2025.12.17 01:00:00,0.79495,0.79527,0.79488,0.79515,2473.87
2025.12.17 02:00:00,0.79516,0.79586,0.79515,0.79565,1564.78
2025.12.17 03:00:00,0.79564,0.79586,0.79556,0.79566,981.65
2025.12.17 04:00:00,0.79569,0.79626,0.79561,0.79613,2034.4
2025.12.17 05:00:00,0.79614,0.7964,0.79608,0.79624,1505.82
2025.12.17 06:00:00,0.79624,0.79776,0.79618,0.79757,3005.21
2025.12.17 07:00:00,0.7976,0.79869,0.79757,0.79816,5299.33
2025.12.17 08:00:00,0.79816,0.79867,0.79727,0.79796,4115.12
2025.12.17 09:00:00,0.79795,0.79873,0.79766,0.79785,3641.56
2025.12.17 10:00:00,0.79787,0.7981,0.79658,0.79658,3192.69
2025.12.17 11:00:00,0.79658,0.79717,0.79643,0.79717,4044.6
2025.12.17 12:00:00,0.79716,0.79728,0.79564,0.79565,5555.67
2025.12.17 13:00:00,0.79564,0.79633,0.7951,0.79574,6322.66
2025.12.17 14:00:00,0.79573,0.79647,0.79515,0.79544,12800.87
2025.12.17 15:00:00,0.79545,0.79545,0.7935,0.79447,10089.58
2025.12.17 16:00:00,0.79447,0.79495,0.7943,0.7948,6067.02
2025.12.17 17:00:00,0.7948,0.79524,0.79439,0.79457,2618.11
2025.12.17 18:00:00,0.79455,0.79509,0.79426,0.79499,1843.72
2025.12.17 19:00:00,0.79498,0.79542,0.79483,0.79521,1966.99
2025.12.17 20:00:00,0.79523,0.79572,0.79515,0.79569,1357.43
2025.12.17 21:00:00,0.79571,0.7959,0.79534,0.79534,1479.8
2025.12.17 22:00:00,0.79523,0.79563,0.79391,0.7952,2188.31
2025.12.17 23:00:00,0.79516,0.79551,0.79493,0.7952,659.76
2025.12.18 00:00:00,0.79519,0.79538,0.79478,0.79485,1058.68
2025.12.18 01:00:00,0.79485,0.79559,0.7948,0.7955,2196.16
2025.12.18 02:00:00,0.7955,0.79555,0.79513,0.79542,1386.65
2025.12.18 03:00:00,0.79543,0.79556,0.79522,0.79534,893
2025.12.18 04:00:00,0.79533,0.79543,0.79515,0.79518,689.54
2025.12.18 05:00:00,0.79517,0.79532,0.79497,0.79497,917.31
2025.12.18 06:00:00,0.79497,0.79524,0.79485,0.79502,1315.59
2025.12.18 07:00:00,0.79502,0.79557,0.79468,0.79554,2308.85
2025.12.18 08:00:00,0.79553,0.79577,0.79539,0.79547,2801.95
2025.12.18 09:00:00,0.79548,0.79657,0.79544,0.7965,3027.04
2025.12.18 10:00:00,0.79648,0.79657,0.79506,0.79533,3065.22
2025.12.18 11:00:00,0.79532,0.79539,0.79479,0.79524,2910.79
2025.12.18 12:00:00,0.7953,0.79573,0.7949,0.79531,4124.1
2025.12.18 13:00:00,0.79532,0.79544,0.79275,0.79376,13092.68
2025.12.18 14:00:00,0.79376,0.79455,0.79312,0.79445,9719.59
2025.12.18 15:00:00,0.79444,0.79547,0.79384,0.79386,8179.61
2025.12.18 16:00:00,0.79387,0.79458,0.79303,0.79427,4637.16
2025.12.18 17:00:00,0.79425,0.79511,0.79418,0.79465,2700.53
2025.12.18 18:00:00,0.79463,0.79483,0.79416,0.7945,1950.31
2025.12.18 19:00:00,0.79451,0.79464,0.79393,0.79399,2470.21
2025.12.18 20:00:00,0.794,0.79419,0.79369,0.79407,1810.03
2025.12.18 21:00:00,0.79409,0.79414,0.79386,0.79392,788.1
2025.12.18 22:00:00,0.79385,0.79431,0.79373,0.79408,1466.11
2025.12.18 23:00:00,0.79407,0.79437,0.79399,0.79407,500.17
2025.12.19 00:00:00,0.79409,0.79452,0.79401,0.79423,1168.58
2025.12.19 01:00:00,0.79422,0.79476,0.7941,0.79463,1321.28
2025.12.19 02:00:00,0.79462,0.79492,0.79438,0.79485,970.9
2025.12.19 03:00:00,0.79484,0.7952,0.79458,0.79501,2204.4
2025.12.19 04:00:00,0.79499,0.79538,0.79493,0.79516,830.39
2025.12.19 05:00:00,0.79515,0.79522,0.79483,0.79492,775.62
2025.12.19 06:00:00,0.79492,0.79538,0.79455,0.79491,2903.48
2025.12.19 07:00:00,0.79491,0.79608,0.79476,0.79552,4500.35
2025.12.19 08:00:00,0.79551,0.79591,0.79518,0.79533,3734.65
2025.12.19 09:00:00,0.79531,0.79556,0.79476,0.79515,3129.49
2025.12.19 10:00:00,0.79516,0.79539,0.79462,0.79487,3382.35
2025.12.19 11:00:00,0.79487,0.79571,0.79477,0.79571,3005.23
2025.12.19 12:00:00,0.79571,0.79605,0.79548,0.79576,2673.11
2025.12.19 13:00:00,0.79575,0.7961,0.79499,0.79501,4041.21
2025.12.19 14:00:00,0.79501,0.79522,0.79405,0.79507,5966.97
2025.12.19 15:00:00,0.79508,0.79621,0.7949,0.79584,9184.12
2025.12.19 16:00:00,0.79584,0.7959,0.79501,0.79503,4287.42
2025.12.19 17:00:00,0.79503,0.79568,0.79489,0.79504,2444.45
2025.12.19 18:00:00,0.79504,0.79531,0.79451,0.79521,2766.76
2025.12.19 19:00:00,0.79521,0.79523,0.79449,0.79466,2313.05
2025.12.19 20:00:00,0.79469,0.79579,0.79444,0.79542,1796.69
2025.12.19 21:00:00,0.79542,0.7958,0.79486,0.79486,2492.98
2025.12.21 22:00:00,0.79391,0.79523,0.79331,0.79487,776.72
2025.12.21 23:00:00,0.79487,0.79584,0.79471,0.7954,8861.49
2025.12.22 00:00:00,0.79539,0.79549,0.79445,0.79467,11269.17
2025.12.22 01:00:00,0.79466,0.7948,0.79437,0.79477,1374.44
2025.12.22 02:00:00,0.79477,0.79516,0.79459,0.79505,1052.51
2025.12.22 03:00:00,0.79507,0.79514,0.79437,0.79451,1176.98
2025.12.22 04:00:00,0.79452,0.79455,0.7943,0.79444,844.16
2025.12.22 05:00:00,0.79445,0.79474,0.79433,0.7947,894.43
2025.12.22 06:00:00,0.79469,0.79531,0.79445,0.79492,1373.46
2025.12.22 07:00:00,0.79497,0.79517,0.79426,0.79445,2346.57
2025.12.22 08:00:00,0.79445,0.795,0.79372,0.79404,3062.54
2025.12.22 09:00:00,0.79406,0.79434,0.7933,0.79334,3315.7
2025.12.22 10:00:00,0.79335,0.79364,0.79314,0.79331,2736.27
2025.12.22 11:00:00,0.79331,0.79358,0.79309,0.79337,1594.31
2025.12.22 12:00:00,0.79336,0.79379,0.79294,0.79326,3048.74
2025.12.22 13:00:00,0.79325,0.7933,0.79258,0.79295,4641.73
2025.12.22 14:00:00,0.79295,0.79339,0.79197,0.79229,4189.23
2025.12.22 15:00:00,0.7923,0.79273,0.79212,0.79227,4185.12
2025.12.22 16:00:00,0.79225,0.79274,0.79195,0.79249,2500.66
2025.12.22 17:00:00,0.79252,0.79256,0.79156,0.79195,2197.51
2025.12.22 18:00:00,0.79196,0.79243,0.79191,0.79201,1576.96
2025.12.22 19:00:00,0.79218,0.79232,0.79175,0.79179,1482.06
2025.12.22 20:00:00,0.79177,0.7921,0.79174,0.79203,967.94
2025.12.22 21:00:00,0.79204,0.79208,0.79147,0.79147,838.35
2025.12.22 22:00:00,0.79112,0.79209,0.79112,0.79176,2172.06
2025.12.22 23:00:00,0.79175,0.79181,0.7914,0.7915,1809.43
2025.12.23 00:00:00,0.7915,0.79153,0.7909,0.79093,1266.71
2025.12.23 01:00:00,0.79094,0.79102,0.79031,0.79057,1514.72
2025.12.23 02:00:00,0.79057,0.79057,0.78948,0.78973,1795.72
2025.12.23 03:00:00,0.78972,0.78975,0.78937,0.7895,2158.18
2025.12.23 04:00:00,0.78948,0.78968,0.78935,0.78958,4150.06
2025.12.23 05:00:00,0.78958,0.78987,0.78925,0.78977,2187.85
2025.12.23 06:00:00,0.78976,0.7907,0.78972,0.7907,1813.17
2025.12.23 07:00:00,0.79075,0.79079,0.79013,0.79039,3179.65
2025.12.23 08:00:00,0.79041,0.79053,0.78871,0.78872,3687.49
2025.12.23 09:00:00,0.78871,0.7888,0.78775,0.7883,5053.24
2025.12.23 10:00:00,0.78831,0.78833,0.7873,0.7874,3708.82
2025.12.23 11:00:00,0.78744,0.7878,0.78722,0.78763,2666.28
2025.12.23 12:00:00,0.78764,0.78771,0.78663,0.78747,4378.27
2025.12.23 13:00:00,0.78747,0.78923,0.78735,0.7892,7188.85
2025.12.23 14:00:00,0.78922,0.79082,0.7891,0.79052,6898.05
2025.12.23 15:00:00,0.79052,0.7908,0.78964,0.78979,5769.98
2025.12.23 16:00:00,0.78979,0.78982,0.78895,0.78973,2790.32
2025.12.23 17:00:00,0.78973,0.78977,0.78911,0.78924,1801.37
2025.12.23 18:00:00,0.78926,0.78935,0.78847,0.78848,1872.59
2025.12.23 19:00:00,0.78847,0.78855,0.78748,0.78765,2331.62
2025.12.23 20:00:00,0.78766,0.78801,0.78764,0.78794,2201.52
2025.12.23 21:00:00,0.78795,0.78801,0.78735,0.78742,1738.07
2025.12.23 22:00:00,0.78742,0.78779,0.78723,0.78745,1448.99
2025.12.23 23:00:00,0.78765,0.78765,0.78701,0.7875,940.11
2025.12.24 00:00:00,0.78754,0.78763,0.78687,0.7869,2077.78
2025.12.24 01:00:00,0.78691,0.78701,0.78616,0.78631,2775.31
2025.12.24 02:00:00,0.78631,0.78707,0.78623,0.78707,1646.94
2025.12.24 03:00:00,0.78706,0.78768,0.78702,0.78743,1773.83
2025.12.24 04:00:00,0.78741,0.78768,0.78705,0.78722,1170.69
2025.12.24 05:00:00,0.78723,0.78726,0.78683,0.78701,1104.12
2025.12.24 06:00:00,0.78701,0.78701,0.78655,0.78691,1612.9
2025.12.24 07:00:00,0.78691,0.78769,0.78668,0.78751,2988.83
2025.12.24 08:00:00,0.78751,0.78819,0.78678,0.78679,6050.26
2025.12.24 09:00:00,0.78677,0.78688,0.7862,0.78626,3255.79
2025.12.24 10:00:00,0.78626,0.78725,0.78612,0.7868,6790.58
2025.12.24 11:00:00,0.78681,0.78695,0.78639,0.78647,3528.87
2025.12.24 12:00:00,0.78645,0.78775,0.78642,0.78769,2827.04
2025.12.24 13:00:00,0.78769,0.78796,0.78724,0.78792,4820.87
2025.12.24 14:00:00,0.78795,0.78847,0.78781,0.78835,3376.6
2025.12.24 15:00:00,0.78836,0.78895,0.78829,0.78883,3561.96
2025.12.24 16:00:00,0.78884,0.78965,0.7886,0.78865,5900.49
2025.12.24 17:00:00,0.78865,0.7887,0.78796,0.7884,3266.05
2025.12.24 18:00:00,0.78842,0.78857,0.78796,0.78801,1981.65
2025.12.24 19:00:00,0.78801,0.78814,0.78793,0.78802,4015.93
2025.12.24 20:00:00,0.78802,0.78805,0.78782,0.78797,12123.46
2025.12.24 21:00:00,0.78797,0.78803,0.78772,0.78773,8539.82
2025.12.24 22:00:00,0.78738,0.78738,0.78721,0.78721,9.9
2025.12.24 23:00:00,0.78751,0.78757,0.78719,0.78738,237.48
2025.12.25 00:00:00,0.78738,0.78799,0.78626,0.78691,1170.57
2025.12.25 01:00:00,0.78694,0.78794,0.78648,0.78784,201.45
2025.12.25 02:00:00,0.78783,0.78784,0.78709,0.78765,584.85
2025.12.25 03:00:00,0.78762,0.78797,0.78762,0.78765,181.8
2025.12.25 04:00:00,0.78766,0.78769,0.78701,0.78766,1176.75
2025.12.25 05:00:00,0.78766,0.78766,0.78699,0.78761,1140.15
2025.12.25 06:00:00,0.78768,0.78779,0.78733,0.78733,36
2025.12.25 07:00:00,0.78729,0.7874,0.78632,0.78645,656.55
2025.12.25 22:00:00,0.78612,0.78723,0.7861,0.78661,3046.83
2025.12.25 23:00:00,0.7873,0.78832,0.78676,0.78811,7433.91
2025.12.26 00:00:00,0.78811,0.78876,0.78783,0.78801,2698.72
2025.12.26 01:00:00,0.78797,0.78841,0.78759,0.78796,1918.37
2025.12.26 02:00:00,0.78796,0.78816,0.78779,0.78794,1310.38
2025.12.26 03:00:00,0.78793,0.78846,0.78793,0.78835,1510.06
2025.12.26 04:00:00,0.78836,0.78844,0.788,0.78826,1173.85
2025.12.26 05:00:00,0.78822,0.78846,0.78795,0.78805,1040.34
2025.12.26 06:00:00,0.78804,0.78872,0.78797,0.78852,1269.63
2025.12.26 07:00:00,0.78853,0.78972,0.78845,0.78938,2495.35
2025.12.26 08:00:00,0.78936,0.7903,0.78903,0.78909,1867.95
2025.12.26 09:00:00,0.7891,0.78994,0.78904,0.78989,1175.42
2025.12.26 10:00:00,0.78992,0.79,0.7893,0.78963,1615.86
2025.12.26 11:00:00,0.78962,0.78976,0.78914,0.78949,1545.04
2025.12.26 12:00:00,0.78949,0.78974,0.7893,0.78937,1907.88
2025.12.26 13:00:00,0.78935,0.78935,0.78791,0.78831,4106.07
2025.12.26 14:00:00,0.78829,0.78874,0.78804,0.78856,4804.87
2025.12.26 15:00:00,0.78856,0.78912,0.78785,0.78881,10141.67
2025.12.26 16:00:00,0.7888,0.79023,0.78874,0.79001,12222.55
2025.12.26 17:00:00,0.79001,0.79023,0.78967,0.78973,12548.13
2025.12.26 18:00:00,0.78971,0.78995,0.78957,0.78974,4954.67
2025.12.26 19:00:00,0.78975,0.78987,0.78902,0.78903,2931.56
2025.12.26 20:00:00,0.78902,0.78915,0.78873,0.78902,1838.3
2025.12.26 21:00:00,0.78902,0.78968,0.789,0.78931,6317.43
2025.12.28 22:00:00,0.78817,0.78951,0.78783,0.78903,2035.5
2025.12.28 23:00:00,0.78892,0.78946,0.78877,0.78921,3484.36
2025.12.29 00:00:00,0.78917,0.78931,0.78825,0.78837,1833.09
2025.12.29 01:00:00,0.78835,0.78866,0.7882,0.78857,1721
2025.12.29 02:00:00,0.78857,0.78957,0.78852,0.78946,1587.27
2025.12.29 03:00:00,0.78947,0.78974,0.78923,0.7894,754.38
2025.12.29 04:00:00,0.78941,0.78986,0.78941,0.78966,987.52
2025.12.29 05:00:00,0.78967,0.79008,0.78962,0.78994,1456.91
2025.12.29 06:00:00,0.78993,0.79,0.78951,0.78961,1398.79
2025.12.29 07:00:00,0.78964,0.78989,0.78839,0.78868,3336.94
2025.12.29 08:00:00,0.78869,0.78919,0.78844,0.78873,3101.47
2025.12.29 09:00:00,0.78875,0.78904,0.78731,0.78845,4167.44
2025.12.29 10:00:00,0.78846,0.79006,0.78828,0.79004,3377.75
2025.12.29 11:00:00,0.79007,0.79157,0.78975,0.7903,3375.06
2025.12.29 12:00:00,0.79031,0.7909,0.78978,0.79035,4062.3
2025.12.29 13:00:00,0.79034,0.79039,0.78922,0.78999,7157.44
2025.12.29 14:00:00,0.78999,0.79025,0.78845,0.78851,6521.96
2025.12.29 15:00:00,0.78849,0.7894,0.78816,0.78922,7802.05
2025.12.29 16:00:00,0.78925,0.79018,0.78908,0.78989,3770.25
2025.12.29 17:00:00,0.7899,0.79093,0.78975,0.79061,2933.26
2025.12.29 18:00:00,0.79062,0.79076,0.79029,0.79053,1632.28
2025.12.29 19:00:00,0.79054,0.7906,0.78953,0.78959,1060.36
2025.12.29 20:00:00,0.7896,0.78986,0.78938,0.78959,2785.02
2025.12.29 21:00:00,0.78958,0.7896,0.78877,0.78877,1495.73
2025.12.29 22:00:00,0.78878,0.78917,0.7883,0.78916,1508.85
2025.12.29 23:00:00,0.78911,0.78917,0.78845,0.78881,1855.24
2025.12.30 00:00:00,0.78881,0.78898,0.78832,0.78891,1934.53
2025.12.30 01:00:00,0.78891,0.78915,0.78873,0.78879,1685.95
2025.12.30 02:00:00,0.78879,0.78919,0.78865,0.78906,1034.57
2025.12.30 03:00:00,0.78903,0.78913,0.78842,0.78863,847.11
2025.12.30 04:00:00,0.78863,0.78874,0.78823,0.78831,711.79
2025.12.30 05:00:00,0.7883,0.78877,0.78815,0.78862,942.21
2025.12.30 06:00:00,0.78861,0.78866,0.78816,0.78837,1133.73
2025.12.30 07:00:00,0.78838,0.7893,0.78821,0.78886,2265.36
2025.12.30 08:00:00,0.78883,0.78954,0.78859,0.78954,2593.56
2025.12.30 09:00:00,0.78953,0.78966,0.78827,0.78871,2748.89
2025.12.30 10:00:00,0.78872,0.78872,0.78758,0.78818,2703.79
2025.12.30 11:00:00,0.78819,0.78902,0.78814,0.78891,2087.27
2025.12.30 12:00:00,0.78891,0.7898,0.78891,0.78975,2735.72
2025.12.30 13:00:00,0.78976,0.79034,0.78937,0.78985,4643.04
2025.12.30 14:00:00,0.78986,0.79078,0.78986,0.79052,4786.08
2025.12.30 15:00:00,0.7905,0.79166,0.79025,0.79077,5757.93
2025.12.30 16:00:00,0.79078,0.7914,0.7904,0.79073,4775.94
2025.12.30 17:00:00,0.79072,0.79131,0.79059,0.79116,2672.59
2025.12.30 18:00:00,0.79119,0.79145,0.79083,0.79126,1650.14
2025.12.30 19:00:00,0.79131,0.79181,0.79109,0.79172,1891.56
2025.12.30 20:00:00,0.79171,0.79237,0.79159,0.79224,1636.75
2025.12.30 21:00:00,0.79224,0.79224,0.79141,0.79141,643.48
2025.12.30 22:00:00,0.79144,0.79173,0.79123,0.79172,669.42
2025.12.30 23:00:00,0.79168,0.79191,0.79152,0.79187,806.91
2025.12.31 00:00:00,0.79184,0.79193,0.79167,0.79176,818.38
2025.12.31 01:00:00,0.79173,0.79191,0.79157,0.79185,1080.54
2025.12.31 02:00:00,0.79186,0.79245,0.79186,0.79242,1143.5
2025.12.31 03:00:00,0.79245,0.79245,0.79202,0.79212,996.43
2025.12.31 04:00:00,0.79212,0.79256,0.79212,0.79252,778.61
2025.12.31 05:00:00,0.79252,0.79278,0.79241,0.7927,952.72
2025.12.31 06:00:00,0.79271,0.79304,0.79252,0.79279,1403.83
2025.12.31 07:00:00,0.79279,0.79331,0.79264,0.79298,3527.9
2025.12.31 08:00:00,0.79298,0.7942,0.79292,0.79395,4065.21
2025.12.31 09:00:00,0.79398,0.79399,0.79315,0.79344,4400.56
2025.12.31 10:00:00,0.79344,0.79358,0.79303,0.79338,5410.75
2025.12.31 11:00:00,0.79337,0.79376,0.79234,0.79236,2786.3
2025.12.31 12:00:00,0.79236,0.79246,0.79188,0.79219,3732.31
2025.12.31 13:00:00,0.79219,0.79288,0.7917,0.79246,6752.18
2025.12.31 14:00:00,0.79246,0.79317,0.79212,0.79306,5024.66
2025.12.31 15:00:00,0.79306,0.79409,0.79209,0.79226,7437.93
2025.12.31 16:00:00,0.79225,0.79399,0.79194,0.7936,4364.35
2025.12.31 17:00:00,0.79359,0.79397,0.79305,0.79341,3024.59
2025.12.31 18:00:00,0.7934,0.79368,0.79315,0.79336,1840.21
2025.12.31 19:00:00,0.79334,0.79334,0.7927,0.79285,1328.93
2025.12.31 20:00:00,0.79287,0.79288,0.79202,0.79214,1310.67
2025.12.31 21:00:00,0.79214,0.79273,0.79178,0.79242,1500.96
2026.01.01 22:00:00,0.79136,0.79276,0.79134,0.79227,397.73
2026.01.01 23:00:00,0.79227,0.79251,0.79194,0.79196,823.78
2026.01.02 00:00:00,0.79197,0.79217,0.7915,0.79153,1288.99
2026.01.02 01:00:00,0.79152,0.79152,0.79095,0.79111,1542.28
2026.01.02 02:00:00,0.7911,0.79114,0.7908,0.79102,558.56
2026.01.02 03:00:00,0.79105,0.79131,0.7909,0.79121,714.13
2026.01.02 04:00:00,0.7912,0.79198,0.79119,0.79192,715.09
2026.01.02 05:00:00,0.79193,0.79245,0.79187,0.79242,565.65
2026.01.02 06:00:00,0.79244,0.79304,0.79242,0.79278,1291.89
2026.01.02 07:00:00,0.79281,0.79401,0.79259,0.79342,2456.32
2026.01.02 08:00:00,0.79343,0.79397,0.79288,0.79342,4012.07
2026.01.02 09:00:00,0.79343,0.79368,0.79224,0.79362,3406.88
2026.01.02 10:00:00,0.79361,0.79409,0.79313,0.79327,3805.96
2026.01.02 11:00:00,0.79328,0.79362,0.79301,0.79305,2790.16
2026.01.02 12:00:00,0.79305,0.79327,0.7927,0.79308,4771.09
2026.01.02 13:00:00,0.79307,0.79332,0.79259,0.79306,3875.08
2026.01.02 14:00:00,0.79306,0.79324,0.79206,0.79209,4407.94
2026.01.02 15:00:00,0.79211,0.79211,0.79027,0.79038,6384.47
2026.01.02 16:00:00,0.79038,0.792,0.79008,0.79181,3620.32
2026.01.02 17:00:00,0.7918,0.79206,0.79159,0.79186,1748.21
2026.01.02 18:00:00,0.79186,0.79267,0.79182,0.79242,2014.71
2026.01.02 19:00:00,0.79242,0.79269,0.79192,0.79199,1737.39
2026.01.02 20:00:00,0.792,0.79244,0.79186,0.79237,1826.62
2026.01.02 21:00:00,0.79236,0.79277,0.79188,0.79188,1728.23
2026.01.04 22:00:00,0.79107,0.7927,0.79051,0.79265,1091.77
2026.01.04 23:00:00,0.79262,0.79344,0.79236,0.79322,1665.93
2026.01.05 00:00:00,0.79323,0.79328,0.79226,0.79285,2309.4
2026.01.05 01:00:00,0.79286,0.79297,0.79212,0.79272,2358.09
2026.01.05 02:00:00,0.79271,0.79361,0.79261,0.79358,1740.25
2026.01.05 03:00:00,0.79359,0.79493,0.79329,0.79489,2380.49
2026.01.05 04:00:00,0.79492,0.79505,0.79403,0.79415,1360.79
2026.01.05 05:00:00,0.79415,0.79434,0.79394,0.7941,1172.77
2026.01.05 06:00:00,0.7941,0.79459,0.79369,0.79376,1387.51
2026.01.05 07:00:00,0.79379,0.79437,0.79368,0.7941,2758.98
2026.01.05 08:00:00,0.7941,0.79508,0.79367,0.79501,4443.19
2026.01.05 09:00:00,0.79499,0.79663,0.79485,0.79636,3933.72
2026.01.05 10:00:00,0.79634,0.79667,0.79447,0.7945,3951.48
2026.01.05 11:00:00,0.79451,0.79517,0.79439,0.79464,3932.93
2026.01.05 12:00:00,0.79465,0.79519,0.79404,0.79489,3623.77
2026.01.05 13:00:00,0.79488,0.79674,0.79478,0.79544,6835.53
2026.01.05 14:00:00,0.79542,0.79592,0.79491,0.79503,6364.54
2026.01.05 15:00:00,0.79502,0.79505,0.79327,0.79344,7439.98
2026.01.05 16:00:00,0.79347,0.7935,0.7923,0.7924,4892.22
2026.01.05 17:00:00,0.79239,0.79307,0.79226,0.79258,3533.12
2026.01.05 18:00:00,0.7926,0.79272,0.79162,0.79164,2194.47
2026.01.05 19:00:00,0.79164,0.79184,0.79133,0.79151,3309.09
2026.01.05 20:00:00,0.79151,0.79165,0.79122,0.79145,2208.29
2026.01.05 21:00:00,0.79145,0.79181,0.79135,0.79153,1464.56
2026.01.05 22:00:00,0.79153,0.7918,0.79113,0.79172,1127.48
2026.01.05 23:00:00,0.79158,0.79224,0.79146,0.79219,620.67
2026.01.06 00:00:00,0.79218,0.79263,0.79188,0.7919,1171.02
2026.01.06 01:00:00,0.79192,0.79238,0.79131,0.79132,1937.98
2026.01.06 02:00:00,0.79131,0.7915,0.79072,0.79074,1998.39
2026.01.06 03:00:00,0.79074,0.79114,0.79064,0.79099,1229.67
2026.01.06 04:00:00,0.79101,0.79126,0.79098,0.79107,940
2026.01.06 05:00:00,0.79107,0.7914,0.79082,0.79136,1490.75
2026.01.06 06:00:00,0.79137,0.79149,0.79112,0.79126,1829.05
2026.01.06 07:00:00,0.79124,0.79136,0.7906,0.79118,2367.1
2026.01.06 08:00:00,0.79118,0.79235,0.79075,0.79217,3795.25
2026.01.06 09:00:00,0.79218,0.7928,0.79207,0.79257,4413.64
2026.01.06 10:00:00,0.79257,0.79287,0.79234,0.79255,2818.78
2026.01.06 11:00:00,0.79256,0.79334,0.79256,0.79319,2437.26
2026.01.06 12:00:00,0.79319,0.79396,0.79252,0.79381,2910.46
2026.01.06 13:00:00,0.79384,0.79394,0.79265,0.79284,5260.78
2026.01.06 14:00:00,0.79283,0.79331,0.79236,0.79303,5963.95
2026.01.06 15:00:00,0.79303,0.7955,0.79303,0.79483,7948.83
2026.01.06 16:00:00,0.79483,0.79588,0.79471,0.79541,6649.25
2026.01.06 17:00:00,0.79541,0.79565,0.7949,0.79492,3192.31
2026.01.06 18:00:00,0.7949,0.79569,0.79478,0.79562,4543.21
2026.01.06 19:00:00,0.79562,0.79591,0.79523,0.79534,4912.26
2026.01.06 20:00:00,0.79531,0.79575,0.79506,0.79573,2732.4
2026.01.06 21:00:00,0.79573,0.79587,0.79537,0.79537,818.86
2026.01.06 22:00:00,0.79537,0.79545,0.7946,0.79536,829.07
2026.01.06 23:00:00,0.79536,0.79576,0.79532,0.79571,841.14
2026.01.07 00:00:00,0.79569,0.79584,0.79522,0.79542,1476.06
2026.01.07 01:00:00,0.79542,0.7956,0.79461,0.79495,2454.99
2026.01.07 02:00:00,0.79496,0.7953,0.79437,0.79516,1753.65
2026.01.07 03:00:00,0.79516,0.79517,0.79472,0.79483,1062.43
2026.01.07 04:00:00,0.79481,0.79524,0.79451,0.79524,1601.81
2026.01.07 05:00:00,0.7952,0.79525,0.79493,0.79515,1543.93
2026.01.07 06:00:00,0.79513,0.7952,0.79449,0.79467,1610.13
2026.01.07 07:00:00,0.79465,0.79661,0.79448,0.7964,3321.09
2026.01.07 08:00:00,0.7964,0.79672,0.79565,0.79579,3672.62
2026.01.07 09:00:00,0.7958,0.79603,0.79549,0.79578,3211.94
2026.01.07 10:00:00,0.79578,0.79597,0.79535,0.79591,3180.8
2026.01.07 11:00:00,0.79591,0.7968,0.79571,0.79626,2414.05
2026.01.07 12:00:00,0.79623,0.79663,0.79583,0.79586,3025.86
2026.01.07 13:00:00,0.79591,0.79628,0.79535,0.79581,4734.01
2026.01.07 14:00:00,0.79582,0.79624,0.79512,0.79516,4804.18
2026.01.07 15:00:00,0.79515,0.79725,0.79515,0.79648,9251.55
2026.01.07 16:00:00,0.79648,0.79716,0.79629,0.79669,3471.32
2026.01.07 17:00:00,0.7967,0.79707,0.79625,0.79686,2793.8
2026.01.07 18:00:00,0.79687,0.79759,0.79668,0.79757,4506.16
2026.01.07 19:00:00,0.79756,0.79772,0.79726,0.79743,3290.03
2026.01.07 20:00:00,0.79743,0.79762,0.79716,0.7976,2166.04
2026.01.07 21:00:00,0.7976,0.79788,0.79755,0.79769,1117.23
2026.01.07 22:00:00,0.79745,0.79755,0.79639,0.7974,508.13
2026.01.07 23:00:00,0.7974,0.7978,0.79729,0.79768,712.2
2026.01.08 00:00:00,0.79768,0.79771,0.79747,0.7976,768.67
2026.01.08 01:00:00,0.79761,0.79798,0.7976,0.7978,1272.01
2026.01.08 02:00:00,0.7978,0.79793,0.79733,0.79739,1500.14
2026.01.08 03:00:00,0.7974,0.7974,0.79701,0.79723,1238.05
2026.01.08 04:00:00,0.79723,0.79741,0.7972,0.79727,800.41
2026.01.08 05:00:00,0.79728,0.79747,0.79705,0.79719,1164.54
2026.01.08 06:00:00,0.79719,0.79725,0.79691,0.79711,1737.59
2026.01.08 07:00:00,0.79711,0.79763,0.79691,0.79735,3390.57
2026.01.08 08:00:00,0.79739,0.79843,0.79734,0.79817,3672.26
2026.01.08 09:00:00,0.79821,0.79846,0.79735,0.79751,3061.72
2026.01.08 10:00:00,0.7975,0.79776,0.79681,0.79683,3138.78
2026.01.08 11:00:00,0.79682,0.79742,0.79681,0.79711,2240.73
2026.01.08 12:00:00,0.79713,0.79792,0.7971,0.79775,2171.67
2026.01.08 13:00:00,0.79774,0.79848,0.79728,0.79819,3823.57
2026.01.08 14:00:00,0.79821,0.79891,0.79787,0.79801,5025.1
2026.01.08 15:00:00,0.79803,0.79863,0.79751,0.79863,4469.22
2026.01.08 16:00:00,0.79863,0.79953,0.79846,0.79929,3174.51
2026.01.08 17:00:00,0.79928,0.79987,0.79913,0.79944,1973.18
2026.01.08 18:00:00,0.79946,0.79988,0.7993,0.79983,1746.01
2026.01.08 19:00:00,0.79984,0.79994,0.79942,0.79944,1360.76
2026.01.08 20:00:00,0.79945,0.79955,0.79912,0.79952,1424.61
2026.01.08 21:00:00,0.79952,0.79952,0.79868,0.79874,1806.67
2026.01.08 22:00:00,0.79862,0.79875,0.79831,0.79864,1533.14
2026.01.08 23:00:00,0.79873,0.7991,0.79855,0.799,766.77
2026.01.09 00:00:00,0.79901,0.79929,0.79895,0.7992,727.22
2026.01.09 01:00:00,0.7992,0.79998,0.79919,0.79984,1600.57
2026.01.09 02:00:00,0.79985,0.80012,0.7993,0.79932,1416.93
2026.01.09 03:00:00,0.7993,0.79955,0.79919,0.7995,1032.38
2026.01.09 04:00:00,0.79948,0.79976,0.79943,0.79955,734.69
2026.01.09 05:00:00,0.79956,0.79996,0.79945,0.79971,1117.37
2026.01.09 06:00:00,0.79971,0.79986,0.79943,0.79976,996.38
2026.01.09 07:00:00,0.79977,0.80032,0.79961,0.79961,2214.02
2026.01.09 08:00:00,0.79957,0.80023,0.79941,0.7998,3964.46
2026.01.09 09:00:00,0.79979,0.80012,0.79933,0.80009,2752.51
2026.01.09 10:00:00,0.8001,0.80031,0.79954,0.79955,2249.18
2026.01.09 11:00:00,0.79953,0.80007,0.7995,0.79976,1871.35
2026.01.09 12:00:00,0.79975,0.80029,0.79961,0.8002,2629
2026.01.09 13:00:00,0.8002,0.80108,0.79857,0.79968,11023.21
2026.01.09 14:00:00,0.79967,0.80135,0.79898,0.80081,11547.25
2026.01.09 15:00:00,0.80085,0.80173,0.80061,0.80103,10205.36
2026.01.09 16:00:00,0.80102,0.80167,0.8006,0.80118,4651.25
2026.01.09 17:00:00,0.80118,0.80155,0.80107,0.80141,2828.86
2026.01.09 18:00:00,0.80142,0.80154,0.8008,0.8013,1934.37
2026.01.09 19:00:00,0.80128,0.80134,0.80076,0.80096,1440.51
2026.01.09 20:00:00,0.80095,0.80098,0.80063,0.80075,1063.14
2026.01.09 21:00:00,0.80074,0.80124,0.80064,0.80078,1997.31
2026.01.11 22:00:00,0.79978,0.80075,0.79978,0.80067,978.57
2026.01.11 23:00:00,0.80102,0.80176,0.80053,0.80164,748.67
2026.01.12 00:00:00,0.80162,0.8017,0.79746,0.79748,4197.67
2026.01.12 01:00:00,0.79747,0.79851,0.79723,0.79842,4900.84
2026.01.12 02:00:00,0.79842,0.79911,0.79801,0.79904,2465.47
2026.01.12 03:00:00,0.79905,0.79906,0.79862,0.79905,1312.34
2026.01.12 04:00:00,0.79906,0.79927,0.79884,0.79895,691.08
2026.01.12 05:00:00,0.79891,0.79891,0.79775,0.79796,1625.61
2026.01.12 06:00:00,0.79797,0.79835,0.7976,0.79785,1663.74
2026.01.12 07:00:00,0.79782,0.79788,0.79622,0.79641,3449.53
2026.01.12 08:00:00,0.7964,0.79703,0.79561,0.7959,5084.02
2026.01.12 09:00:00,0.79592,0.79702,0.79556,0.79701,3840.93
2026.01.12 10:00:00,0.797,0.79786,0.79671,0.79697,3334.47
2026.01.12 11:00:00,0.79696,0.79786,0.79668,0.79762,2548.57
2026.01.12 12:00:00,0.79763,0.79792,0.7971,0.79745,2743.41
2026.01.12 13:00:00,0.7974,0.79769,0.79563,0.79634,4831.07
2026.01.12 14:00:00,0.79634,0.79782,0.79628,0.79723,6461.59
2026.01.12 15:00:00,0.79723,0.7974,0.79581,0.79621,4318.68
2026.01.12 16:00:00,0.79618,0.79724,0.79609,0.79718,3743.4
2026.01.12 17:00:00,0.79719,0.79761,0.79682,0.79708,2978.04
2026.01.12 18:00:00,0.79707,0.79758,0.79702,0.79706,1801.36
2026.01.12 19:00:00,0.79707,0.7973,0.79667,0.79699,1294.42
2026.01.12 20:00:00,0.79699,0.79774,0.79681,0.79765,1390.18
2026.01.12 21:00:00,0.79764,0.79782,0.7972,0.7972,1257.08
2026.01.12 22:00:00,0.79721,0.79736,0.79645,0.79694,918.72
2026.01.12 23:00:00,0.79704,0.79769,0.79704,0.79725,1788.7
2026.01.13 00:00:00,0.79726,0.79781,0.79724,0.79749,1178.17
2026.01.13 01:00:00,0.7975,0.79794,0.79743,0.79789,1474.55
2026.01.13 02:00:00,0.7979,0.79801,0.79765,0.79765,1312.57
2026.01.13 03:00:00,0.79763,0.79786,0.79733,0.79779,1099.64
2026.01.13 04:00:00,0.79779,0.7978,0.79717,0.79718,1501.13
2026.01.13 05:00:00,0.79716,0.7974,0.79679,0.79726,1087.64
2026.01.13 06:00:00,0.79728,0.79793,0.79727,0.79766,1884.45
2026.01.13 07:00:00,0.79767,0.79787,0.7974,0.79744,2534.21
2026.01.13 08:00:00,0.79746,0.79793,0.79672,0.79757,4083.68
2026.01.13 09:00:00,0.79761,0.79796,0.79746,0.79767,2478.17
2026.01.13 10:00:00,0.79765,0.79838,0.79747,0.7983,2757.09
2026.01.13 11:00:00,0.79831,0.79848,0.79817,0.79822,1707.93
2026.01.13 12:00:00,0.79825,0.79907,0.79818,0.79886,2875.55
2026.01.13 13:00:00,0.79888,0.79927,0.79735,0.79827,10985.44
2026.01.13 14:00:00,0.79827,0.79937,0.79777,0.79856,7572.68
2026.01.13 15:00:00,0.79857,0.80037,0.79851,0.79988,6638.22
2026.01.13 16:00:00,0.79986,0.80156,0.79967,0.8005,4363.38
2026.01.13 17:00:00,0.80049,0.80124,0.80021,0.80077,3436.61
2026.01.13 18:00:00,0.80076,0.8012,0.80017,0.8002,2467.23
2026.01.13 19:00:00,0.80017,0.80089,0.80017,0.80062,2924.14
2026.01.13 20:00:00,0.80062,0.80082,0.80049,0.80078,1600.73
2026.01.13 21:00:00,0.80079,0.80105,0.80058,0.80105,1073.07
2026.01.13 22:00:00,0.80105,0.80105,0.80059,0.80077,2445.67
2026.01.13 23:00:00,0.80077,0.80111,0.80076,0.80111,1122.23
2026.01.14 00:00:00,0.80111,0.80146,0.80105,0.80127,1466.83
2026.01.14 01:00:00,0.80126,0.80169,0.80124,0.8016,1576.93
2026.01.14 02:00:00,0.80159,0.80172,0.80122,0.8013,1365.13
2026.01.14 03:00:00,0.80128,0.8013,0.80061,0.80084,1220.8
2026.01.14 04:00:00,0.80085,0.80136,0.80076,0.8013,821.21
2026.01.14 05:00:00,0.80131,0.80149,0.80119,0.80138,701.17
2026.01.14 06:00:00,0.80139,0.80149,0.80071,0.80076,1661.92
2026.01.14 07:00:00,0.80075,0.80111,0.80047,0.80107,2354.53
2026.01.14 08:00:00,0.80108,0.80273,0.80072,0.80212,5340.34
2026.01.14 09:00:00,0.80212,0.80269,0.80164,0.80198,3640.01
2026.01.14 10:00:00,0.80199,0.80242,0.80047,0.80095,3263.38
2026.01.14 11:00:00,0.80096,0.80131,0.80071,0.80096,2399.93
2026.01.14 12:00:00,0.80095,0.8012,0.80033,0.80037,5133.2
2026.01.14 13:00:00,0.80037,0.8014,0.80033,0.8011,5516.76
2026.01.14 14:00:00,0.80113,0.80114,0.79936,0.79971,7405.39
2026.01.14 15:00:00,0.79969,0.80009,0.79868,0.79872,8877.49
2026.01.14 16:00:00,0.7987,0.79907,0.79833,0.79871,4359.03
2026.01.14 17:00:00,0.79874,0.79962,0.79863,0.79956,2505.78
2026.01.14 18:00:00,0.79955,0.80021,0.79952,0.80021,1456.26
2026.01.14 19:00:00,0.80022,0.80046,0.80006,0.8004,1653.69
2026.01.14 20:00:00,0.8004,0.80042,0.79971,0.80037,2255.49
2026.01.14 21:00:00,0.80037,0.80039,0.79965,0.79966,1820.33
2026.01.14 22:00:00,0.79966,0.79983,0.79933,0.79967,746.33
2026.01.14 23:00:00,0.79971,0.79983,0.79937,0.79974,2026.77
2026.01.15 00:00:00,0.79975,0.79992,0.7995,0.79973,1219.74
2026.01.15 01:00:00,0.79973,0.80001,0.79949,0.79981,2111.87
2026.01.15 02:00:00,0.79981,0.80004,0.79956,0.79989,1391.35
2026.01.15 03:00:00,0.79989,0.80053,0.79986,0.80041,1415.36
2026.01.15 04:00:00,0.80042,0.80111,0.8004,0.80106,1011.32
2026.01.15 05:00:00,0.80107,0.80113,0.8008,0.80098,1169.31
2026.01.15 06:00:00,0.80098,0.80134,0.8007,0.80101,1935.65
2026.01.15 07:00:00,0.80102,0.80164,0.80077,0.8012,3827.62
2026.01.15 08:00:00,0.80124,0.80158,0.80111,0.80155,4275.01
2026.01.15 09:00:00,0.80157,0.8017,0.80013,0.80045,5266.93
2026.01.15 10:00:00,0.80046,0.80075,0.80013,0.80034,2907.61
2026.01.15 11:00:00,0.80032,0.80119,0.80024,0.80116,3095.87
2026.01.15 12:00:00,0.8012,0.80149,0.80065,0.80137,2396.02
2026.01.15 13:00:00,0.80138,0.80272,0.80106,0.8024,7212.11
2026.01.15 14:00:00,0.80239,0.80394,0.80176,0.8036,7858.54
2026.01.15 15:00:00,0.8036,0.80405,0.80304,0.80343,6039.44
2026.01.15 16:00:00,0.80342,0.80365,0.80255,0.80303,3924.78
2026.01.15 17:00:00,0.80304,0.80322,0.80248,0.803,2219.57
2026.01.15 18:00:00,0.80299,0.80315,0.80264,0.80278,2156.4
2026.01.15 19:00:00,0.80277,0.80316,0.80245,0.80307,1806.71
2026.01.15 20:00:00,0.80305,0.80368,0.80298,0.80356,1300.61
2026.01.15 21:00:00,0.80357,0.80364,0.80267,0.80267,1742.22
2026.01.15 22:00:00,0.80267,0.80296,0.8024,0.80285,304.84
2026.01.15 23:00:00,0.80286,0.80356,0.80286,0.80335,737.71
2026.01.16 00:00:00,0.80335,0.80389,0.80331,0.80373,1545.56
2026.01.16 01:00:00,0.80375,0.80391,0.80315,0.8033,1632.05
2026.01.16 02:00:00,0.80326,0.80332,0.80255,0.80286,2979.64
2026.01.16 03:00:00,0.80283,0.80296,0.80242,0.80243,3335.19
2026.01.16 04:00:00,0.80243,0.80249,0.80208,0.80233,1047.4
2026.01.16 05:00:00,0.80232,0.80263,0.80225,0.80258,3595.23
2026.01.16 06:00:00,0.80258,0.80283,0.80245,0.80248,1700.44
2026.01.16 07:00:00,0.80248,0.8026,0.80185,0.80234,3238.5
2026.01.16 08:00:00,0.80233,0.80269,0.80209,0.80237,3365.53
2026.01.16 09:00:00,0.80238,0.80248,0.80177,0.80224,3082.75
2026.01.16 10:00:00,0.80222,0.80227,0.80114,0.80171,2559.38
2026.01.16 11:00:00,0.80171,0.80185,0.80104,0.80147,2513.27
2026.01.16 12:00:00,0.80147,0.80203,0.80127,0.80161,4201.96
2026.01.16 13:00:00,0.80159,0.802,0.80132,0.80152,6379.21
2026.01.16 14:00:00,0.80151,0.80188,0.8011,0.8014,7046.28
2026.01.16 15:00:00,0.80139,0.80347,0.80058,0.80291,11610.95
2026.01.16 16:00:00,0.8029,0.8029,0.80187,0.80262,6209.8
2026.01.16 17:00:00,0.80262,0.80311,0.80224,0.80301,2403.46
2026.01.16 18:00:00,0.80302,0.80355,0.80288,0.80326,2279.68
2026.01.16 19:00:00,0.80328,0.80357,0.80308,0.80335,1712.96
2026.01.16 20:00:00,0.80334,0.80336,0.80287,0.80305,2945.3
2026.01.16 21:00:00,0.80305,0.80322,0.80238,0.80238,1712.44
2026.01.18 22:00:00,0.80039,0.80187,0.80039,0.80134,2419.69
2026.01.18 23:00:00,0.80129,0.80246,0.79795,0.79869,6602.94
2026.01.19 00:00:00,0.79869,0.80038,0.79795,0.79835,5846.04
2026.01.19 01:00:00,0.79836,0.79929,0.79814,0.79919,5296.04
2026.01.19 02:00:00,0.7992,0.79979,0.79889,0.79899,5206.29
2026.01.19 03:00:00,0.79897,0.79933,0.79883,0.79899,3311.82
2026.01.19 04:00:00,0.79898,0.79899,0.79847,0.79861,4858.46
2026.01.19 05:00:00,0.79859,0.79901,0.79803,0.79883,2956.35
2026.01.19 06:00:00,0.79885,0.79901,0.79841,0.79869,3761.3
2026.01.19 07:00:00,0.79869,0.79971,0.79784,0.79933,4861.91
2026.01.19 08:00:00,0.79934,0.79992,0.7986,0.79921,4474.76
2026.01.19 09:00:00,0.7992,0.80006,0.79864,0.79874,5102.96
2026.01.19 10:00:00,0.79874,0.79914,0.79832,0.79889,2964.81
2026.01.19 11:00:00,0.79888,0.79906,0.79853,0.79861,2854.33
2026.01.19 12:00:00,0.79862,0.79879,0.79792,0.7985,3341.61
2026.01.19 13:00:00,0.7985,0.7985,0.79738,0.79782,3213.64
2026.01.19 14:00:00,0.79783,0.79798,0.79656,0.79677,3804.55
2026.01.19 15:00:00,0.79679,0.79774,0.7962,0.79703,5551.91
2026.01.19 16:00:00,0.79703,0.7974,0.79676,0.7974,2937.36
2026.01.19 17:00:00,0.7974,0.79768,0.79726,0.79733,2584.72
2026.01.19 18:00:00,0.79734,0.79743,0.79695,0.79743,2120.84
2026.01.19 19:00:00,0.79744,0.79747,0.79714,0.79734,657.45
2026.01.19 20:00:00,0.79734,0.79758,0.79727,0.79744,566.25
2026.01.19 21:00:00,0.79743,0.79749,0.79718,0.79718,777.84
2026.01.19 22:00:00,0.79713,0.79756,0.79676,0.79724,1067.61
2026.01.19 23:00:00,0.79727,0.79805,0.7971,0.79791,848.46
2026.01.20 00:00:00,0.79791,0.79842,0.7977,0.7977,2324.55
2026.01.20 01:00:00,0.79769,0.79781,0.79735,0.79741,1922.85
2026.01.20 02:00:00,0.7974,0.79761,0.79713,0.79734,1252.65
2026.01.20 03:00:00,0.79734,0.79735,0.79626,0.79666,1406.24
2026.01.20 04:00:00,0.79667,0.79675,0.79582,0.79611,1624.86
2026.01.20 05:00:00,0.7961,0.79657,0.79581,0.79631,1829.84
2026.01.20 06:00:00,0.79631,0.79663,0.79569,0.79579,1927.41
2026.01.20 07:00:00,0.79581,0.79642,0.79328,0.79356,6360.89
2026.01.20 08:00:00,0.79355,0.79377,0.79018,0.79092,10861.22
2026.01.20 09:00:00,0.79092,0.79101,0.78954,0.79055,13445.52
2026.01.20 10:00:00,0.79055,0.79149,0.7893,0.7893,8260.44
2026.01.20 11:00:00,0.78931,0.79024,0.7888,0.78987,9923.88
2026.01.20 12:00:00,0.78988,0.79077,0.7884,0.79046,8812.53
2026.01.20 13:00:00,0.79047,0.79094,0.78776,0.79016,13597.49
2026.01.20 14:00:00,0.79017,0.79204,0.78988,0.79168,16894.54
2026.01.20 15:00:00,0.79167,0.79193,0.78965,0.79016,9530.16
2026.01.20 16:00:00,0.79014,0.7902,0.78907,0.78909,7071.9
2026.01.20 17:00:00,0.78911,0.78961,0.78858,0.78938,7024.16
2026.01.20 18:00:00,0.78938,0.78984,0.78906,0.78929,4621.97
2026.01.20 19:00:00,0.78931,0.7904,0.78918,0.79034,4989.21
2026.01.20 20:00:00,0.79033,0.79049,0.78986,0.79024,3355.08
2026.01.20 21:00:00,0.79025,0.79034,0.78948,0.78952,2884.89
2026.01.20 22:00:00,0.78938,0.78999,0.78899,0.78945,1716.37
2026.01.20 23:00:00,0.78944,0.7902,0.78944,0.78962,1254.59
2026.01.21 00:00:00,0.78963,0.79059,0.78963,0.78992,2250.37
2026.01.21 01:00:00,0.78991,0.78996,0.78895,0.78938,3413.5
2026.01.21 02:00:00,0.78939,0.78995,0.78927,0.78981,2297.13
2026.01.21 03:00:00,0.78979,0.7917,0.78966,0.79069,3032.86
2026.01.21 04:00:00,0.79068,0.79132,0.7906,0.79087,2103.54
2026.01.21 05:00:00,0.79088,0.79124,0.79045,0.7909,2506.07
2026.01.21 06:00:00,0.7909,0.79103,0.79061,0.79082,2409.71
2026.01.21 07:00:00,0.79087,0.79189,0.79041,0.79132,4916
2026.01.21 08:00:00,0.79131,0.79226,0.79129,0.79152,5196.23
2026.01.21 09:00:00,0.79151,0.79306,0.7914,0.79281,4706.14
2026.01.21 10:00:00,0.79282,0.79308,0.79197,0.79219,4699.35
2026.01.21 11:00:00,0.79221,0.79252,0.79057,0.791,4523.87
2026.01.21 12:00:00,0.79102,0.79129,0.78899,0.78949,4703.43
2026.01.21 13:00:00,0.78948,0.79058,0.78934,0.79015,9564.03
2026.01.21 14:00:00,0.79017,0.7924,0.78998,0.79193,16649.23
2026.01.21 15:00:00,0.79195,0.79422,0.79148,0.79405,14307.3
2026.01.21 16:00:00,0.79406,0.79425,0.79279,0.79308,7992
2026.01.21 17:00:00,0.79307,0.79376,0.79232,0.79334,6064.21
2026.01.21 18:00:00,0.79334,0.79405,0.79307,0.7936,3249.09
2026.01.21 19:00:00,0.7936,0.79685,0.79297,0.7956,7808.57
2026.01.21 20:00:00,0.7956,0.79669,0.79509,0.79534,3112.23
2026.01.21 21:00:00,0.79534,0.79571,0.79512,0.7954,1812.97
2026.01.21 22:00:00,0.79532,0.79569,0.79498,0.79529,1102.58
2026.01.21 23:00:00,0.79522,0.79652,0.79512,0.79636,1889.2
2026.01.22 00:00:00,0.79636,0.79636,0.79496,0.79518,2460.17
2026.01.22 01:00:00,0.79518,0.79591,0.79518,0.7955,1830.52
2026.01.22 02:00:00,0.7955,0.79572,0.795,0.79541,1309.46
2026.01.22 03:00:00,0.79541,0.79554,0.79492,0.79497,1186.86
2026.01.22 04:00:00,0.79496,0.79496,0.79402,0.79462,1482.63
2026.01.22 05:00:00,0.79466,0.79506,0.79448,0.79465,1436.31
2026.01.22 06:00:00,0.79465,0.79517,0.7943,0.79479,2529.66
2026.01.22 07:00:00,0.79479,0.79525,0.79351,0.79408,4357.33
2026.01.22 08:00:00,0.7941,0.7946,0.7934,0.7935,5111.45
2026.01.22 09:00:00,0.79349,0.79381,0.79299,0.79326,3812.82
2026.01.22 10:00:00,0.79325,0.79411,0.79315,0.79328,3671.81
2026.01.22 11:00:00,0.79328,0.7935,0.7924,0.79281,4669.33
2026.01.22 12:00:00,0.79282,0.7932,0.79215,0.79299,4504.22
2026.01.22 13:00:00,0.79298,0.7932,0.7917,0.79245,7618.15
2026.01.22 14:00:00,0.79244,0.79246,0.79148,0.79197,10366.45
2026.01.22 15:00:00,0.79196,0.79205,0.79074,0.79074,7960.17
2026.01.22 16:00:00,0.79073,0.79081,0.78981,0.79041,4646.71
2026.01.22 17:00:00,0.79043,0.79115,0.78938,0.79,4967.98
2026.01.22 18:00:00,0.79003,0.79023,0.7897,0.78982,2125.8
2026.01.22 19:00:00,0.78981,0.7903,0.78976,0.79004,2762.49
2026.01.22 20:00:00,0.79005,0.79013,0.78926,0.78959,2118.79
2026.01.22 21:00:00,0.7896,0.78969,0.78868,0.78868,1333.87
2026.01.22 22:00:00,0.78865,0.78915,0.78862,0.78893,863.8
2026.01.22 23:00:00,0.78888,0.78916,0.78863,0.78905,1239.08
2026.01.23 00:00:00,0.78906,0.78953,0.78906,0.7894,1454.88
2026.01.23 01:00:00,0.78935,0.78975,0.78917,0.78971,2133.85
2026.01.23 02:00:00,0.78972,0.7904,0.78965,0.79036,1523.03
2026.01.23 03:00:00,0.79034,0.79048,0.78999,0.79044,1487.68
2026.01.23 04:00:00,0.79045,0.79056,0.79001,0.79007,1314.45
2026.01.23 05:00:00,0.79008,0.7902,0.78999,0.79005,2386
2026.01.23 06:00:00,0.79006,0.79065,0.78994,0.7905,2719.41
2026.01.23 07:00:00,0.79052,0.79109,0.78938,0.79045,7409.34
2026.01.23 08:00:00,0.79048,0.791,0.78979,0.7903,6073.83
2026.01.23 09:00:00,0.79031,0.79102,0.78997,0.79099,4532.1
2026.01.23 10:00:00,0.79099,0.79142,0.7904,0.7904,3091.6
2026.01.23 11:00:00,0.79041,0.79108,0.79036,0.7904,2924.03
2026.01.23 12:00:00,0.79039,0.79064,0.78986,0.7902,2713.07
2026.01.23 13:00:00,0.7902,0.79085,0.78975,0.7908,3177.12
2026.01.23 14:00:00,0.7908,0.79092,0.7899,0.79018,4371.91
2026.01.23 15:00:00,0.79018,0.79036,0.78883,0.78905,5658.41
2026.01.23 16:00:00,0.78902,0.79,0.78744,0.78786,9549.61
2026.01.23 17:00:00,0.78788,0.78793,0.7855,0.78576,14280.49
2026.01.23 18:00:00,0.78576,0.78716,0.78553,0.78563,7661.64
2026.01.23 19:00:00,0.78561,0.78568,0.78152,0.7825,6818.18
2026.01.23 20:00:00,0.78249,0.78292,0.78147,0.78167,5753.12
2026.01.23 21:00:00,0.78166,0.78176,0.77883,0.77972,3376.97
