Time (EET),Open,High,Low,Close,Volume 
2022.08.19 00:00:00,0.95642,0.95658,0.95551,0.95613,1148.85
2022.08.19 01:00:00,0.95613,0.95676,0.95613,0.9567,4585.08
2022.08.19 02:00:00,0.95669,0.95682,0.95638,0.95666,2926.94
2022.08.19 03:00:00,0.95666,0.95816,0.95664,0.95767,6496.96
2022.08.19 04:00:00,0.95767,0.95851,0.95732,0.95789,5839.19
2022.08.19 05:00:00,0.95789,0.95794,0.95703,0.95747,4152.71
2022.08.19 06:00:00,0.95746,0.95889,0.95746,0.95876,3129.89
2022.08.19 07:00:00,0.95875,0.95921,0.9585,0.95885,2986.62
2022.08.19 08:00:00,0.95888,0.95908,0.95828,0.95847,4084.58
2022.08.19 09:00:00,0.9585,0.95914,0.95664,0.95826,12160.45
2022.08.19 10:00:00,0.95826,0.95887,0.95661,0.95665,12406.82
2022.08.19 11:00:00,0.95665,0.95829,0.95662,0.95711,10809.5
2022.08.19 12:00:00,0.95708,0.95743,0.95526,0.95576,7257.2
2022.08.19 13:00:00,0.95575,0.95695,0.95575,0.95665,8664.6
2022.08.19 14:00:00,0.95664,0.9574,0.95599,0.95671,9704.36
2022.08.19 15:00:00,0.95673,0.95731,0.95594,0.95614,12115.75
2022.08.19 16:00:00,0.95614,0.95819,0.95582,0.95802,14763.08
2022.08.19 17:00:00,0.95802,0.9595,0.95787,0.95904,12665.34
2022.08.19 18:00:00,0.95907,0.95971,0.95846,0.95906,8462
2022.08.19 19:00:00,0.95905,0.95976,0.95859,0.95928,5307.6
2022.08.19 20:00:00,0.95928,0.95931,0.95817,0.95835,5144.35
2022.08.19 21:00:00,0.95837,0.95928,0.95827,0.95918,5118.94
2022.08.19 22:00:00,0.95917,0.95917,0.95847,0.9585,4134.92
2022.08.19 23:00:00,0.95853,0.95924,0.95838,0.95864,2882.02
2022.08.22 00:00:00,0.95717,0.95836,0.95708,0.95836,76.37
2022.08.22 01:00:00,0.95836,0.95883,0.95793,0.95878,3381.12
2022.08.22 02:00:00,0.95878,0.95899,0.95844,0.95873,5466.26
2022.08.22 03:00:00,0.95873,0.95983,0.95857,0.9597,5843.81
2022.08.22 04:00:00,0.95972,0.95978,0.95904,0.95934,5138.93
2022.08.22 05:00:00,0.95932,0.95971,0.95851,0.95854,3801.4
2022.08.22 06:00:00,0.95854,0.95903,0.95837,0.95874,3895.81
2022.08.22 07:00:00,0.95875,0.95917,0.95855,0.95892,2383.29
2022.08.22 08:00:00,0.95893,0.95946,0.95863,0.95946,4302.75
2022.08.22 09:00:00,0.95945,0.96035,0.95924,0.95991,9291.38
2022.08.22 10:00:00,0.9599,0.96011,0.95846,0.95965,10849.39
2022.08.22 11:00:00,0.95964,0.96048,0.95796,0.95909,13370.12
2022.08.22 12:00:00,0.9591,0.96014,0.95856,0.95857,10984.72
2022.08.22 13:00:00,0.9586,0.95933,0.95826,0.95881,9414.85
2022.08.22 14:00:00,0.9588,0.95886,0.95734,0.95752,8097.98
2022.08.22 15:00:00,0.95752,0.95882,0.95746,0.95826,10755.13
2022.08.22 16:00:00,0.95826,0.96036,0.9582,0.96035,13175.92
2022.08.22 17:00:00,0.96034,0.96343,0.95973,0.96332,16902.15
2022.08.22 18:00:00,0.96331,0.96585,0.96282,0.96533,13824.85
2022.08.22 19:00:00,0.96532,0.96548,0.9634,0.96429,8115.04
2022.08.22 20:00:00,0.96429,0.96483,0.96403,0.96477,6053.99
2022.08.22 21:00:00,0.96475,0.96498,0.96428,0.96485,4530.73
2022.08.22 22:00:00,0.96485,0.96488,0.96403,0.96404,4011.85
2022.08.22 23:00:00,0.96403,0.96465,0.96383,0.96383,1953.3
2022.08.23 00:00:00,0.9637,0.96391,0.96222,0.96375,263.42
2022.08.23 01:00:00,0.96375,0.9641,0.96366,0.96388,4594.72
2022.08.23 02:00:00,0.96389,0.96455,0.96386,0.9644,2864.37
2022.08.23 03:00:00,0.96439,0.96538,0.96351,0.96403,8121.93
2022.08.23 04:00:00,0.96403,0.96414,0.96349,0.96364,5497.48
2022.08.23 05:00:00,0.96364,0.96413,0.96348,0.96355,3270.69
2022.08.23 06:00:00,0.96358,0.96396,0.96347,0.9638,3520.31
2022.08.23 07:00:00,0.96384,0.9643,0.96361,0.96428,3784.51
2022.08.23 08:00:00,0.96429,0.9651,0.96402,0.9646,5187.37
2022.08.23 09:00:00,0.9646,0.96538,0.96409,0.96497,9899.94
2022.08.23 10:00:00,0.96497,0.96557,0.9637,0.96511,16098.06
2022.08.23 11:00:00,0.96513,0.96674,0.96484,0.96639,13189.92
2022.08.23 12:00:00,0.9664,0.96683,0.9657,0.96596,9746.27
2022.08.23 13:00:00,0.96596,0.96765,0.96574,0.96665,10146.59
2022.08.23 14:00:00,0.96665,0.9672,0.96576,0.96685,7931.18
2022.08.23 15:00:00,0.96686,0.96919,0.96667,0.96904,13786.83
2022.08.23 16:00:00,0.96905,0.96917,0.96292,0.96294,21003.98
2022.08.23 17:00:00,0.96294,0.96379,0.96027,0.96236,26097.1
2022.08.23 18:00:00,0.96237,0.96353,0.96097,0.96332,13116.04
2022.08.23 19:00:00,0.96332,0.96391,0.96288,0.96299,8311.51
2022.08.23 20:00:00,0.96299,0.96444,0.96293,0.96441,7667.61
2022.08.23 21:00:00,0.96439,0.96477,0.9636,0.96475,7477.22
2022.08.23 22:00:00,0.96476,0.9649,0.96396,0.96397,6619.32
2022.08.23 23:00:00,0.96396,0.96427,0.96379,0.96395,2786.1
2022.08.24 00:00:00,0.96395,0.96415,0.96311,0.96413,293.89
2022.08.24 01:00:00,0.96412,0.96412,0.9637,0.96372,1852.05
2022.08.24 02:00:00,0.96373,0.96472,0.96372,0.96443,4236.42
2022.08.24 03:00:00,0.96441,0.96554,0.96402,0.96541,6217.16
2022.08.24 04:00:00,0.9654,0.96593,0.96505,0.96545,6192.85
2022.08.24 05:00:00,0.96544,0.9658,0.96498,0.96578,4321.26
2022.08.24 06:00:00,0.96578,0.96582,0.96524,0.96548,3004.1
2022.08.24 07:00:00,0.96549,0.96563,0.9645,0.96464,4142.86
2022.08.24 08:00:00,0.96467,0.96545,0.96423,0.96545,4684.26
2022.08.24 09:00:00,0.96546,0.96625,0.96476,0.96489,7227.26
2022.08.24 10:00:00,0.96488,0.96568,0.9627,0.96279,11562.86
2022.08.24 11:00:00,0.96279,0.96339,0.96208,0.96208,10290.75
2022.08.24 12:00:00,0.96208,0.96217,0.96071,0.96141,11215.92
2022.08.24 13:00:00,0.96143,0.96412,0.96143,0.96384,9689.34
2022.08.24 14:00:00,0.96384,0.96454,0.96305,0.96405,11914.77
2022.08.24 15:00:00,0.96405,0.9672,0.96317,0.96626,18785.62
2022.08.24 16:00:00,0.96627,0.96826,0.96606,0.96807,15061.62
2022.08.24 17:00:00,0.96807,0.96872,0.96539,0.96554,21517.33
2022.08.24 18:00:00,0.96553,0.96642,0.9645,0.96637,14074.67
2022.08.24 19:00:00,0.96637,0.96776,0.96572,0.96682,7761.46
2022.08.24 20:00:00,0.96684,0.96704,0.96595,0.96633,5311.25
2022.08.24 21:00:00,0.96631,0.96711,0.96602,0.96704,4480.45
2022.08.24 22:00:00,0.96702,0.96723,0.96608,0.96636,4884.83
2022.08.24 23:00:00,0.96636,0.96703,0.96627,0.9664,1971.86
2022.08.25 00:00:00,0.9664,0.96657,0.96573,0.96605,599.01
2022.08.25 01:00:00,0.96642,0.96649,0.96611,0.9664,2675.09
2022.08.25 02:00:00,0.9664,0.96676,0.96616,0.96649,3376.31
2022.08.25 03:00:00,0.96648,0.96704,0.96532,0.96586,6281.15
2022.08.25 04:00:00,0.96588,0.96613,0.96488,0.96523,6110.53
2022.08.25 05:00:00,0.96524,0.96542,0.96394,0.96461,5642.02
2022.08.25 06:00:00,0.96462,0.96476,0.96403,0.96418,4918.76
2022.08.25 07:00:00,0.96417,0.96451,0.9625,0.96309,6496.55
2022.08.25 08:00:00,0.96308,0.96428,0.96267,0.96398,8055.55
2022.08.25 09:00:00,0.96398,0.9644,0.96165,0.96259,12653.11
2022.08.25 10:00:00,0.96262,0.96313,0.96186,0.96233,11068.76
2022.08.25 11:00:00,0.96231,0.96247,0.96124,0.9622,10026.96
2022.08.25 12:00:00,0.96218,0.96325,0.96155,0.96214,9686.15
2022.08.25 13:00:00,0.96215,0.96386,0.96201,0.9638,8352.04
2022.08.25 14:00:00,0.96381,0.96409,0.96288,0.9639,10520.6
2022.08.25 15:00:00,0.96389,0.96546,0.96379,0.96443,16296.3
2022.08.25 16:00:00,0.96443,0.96537,0.96402,0.96477,13816.55
2022.08.25 17:00:00,0.96477,0.96507,0.9626,0.96383,14495.66
2022.08.25 18:00:00,0.96383,0.96486,0.96332,0.96471,12368.71
2022.08.25 19:00:00,0.9647,0.96537,0.96433,0.96455,8481.24
2022.08.25 20:00:00,0.96454,0.96461,0.96298,0.96334,7295.51
2022.08.25 21:00:00,0.96333,0.9639,0.96288,0.96351,7165.28
2022.08.25 22:00:00,0.96349,0.96382,0.96321,0.96348,4994.76
2022.08.25 23:00:00,0.96348,0.96387,0.96303,0.96319,2710.15
2022.08.26 00:00:00,0.96276,0.96338,0.96222,0.96311,534.03
2022.08.26 01:00:00,0.9631,0.96352,0.96302,0.96346,754.89
2022.08.26 02:00:00,0.96347,0.96391,0.96346,0.96364,2161.72
2022.08.26 03:00:00,0.96364,0.96434,0.96343,0.96416,4523.15
2022.08.26 04:00:00,0.96416,0.96466,0.96388,0.96448,4420.03
2022.08.26 05:00:00,0.9645,0.9646,0.96403,0.96417,3678.54
2022.08.26 06:00:00,0.96417,0.96421,0.96371,0.96371,2720.39
2022.08.26 07:00:00,0.96368,0.96434,0.96364,0.96434,3160.57
2022.08.26 08:00:00,0.96434,0.96442,0.96368,0.96397,3252.65
2022.08.26 09:00:00,0.96398,0.96553,0.96368,0.96528,5625.73
2022.08.26 10:00:00,0.96527,0.96568,0.96373,0.96451,10704.8
2022.08.26 11:00:00,0.96452,0.96593,0.9645,0.96469,8588.75
2022.08.26 12:00:00,0.96469,0.96479,0.963,0.96385,7690.92
2022.08.26 13:00:00,0.96385,0.9642,0.96251,0.96268,8170.73
2022.08.26 14:00:00,0.96269,0.96461,0.96267,0.96432,6777.18
2022.08.26 15:00:00,0.96432,0.96453,0.96195,0.96196,16990.89
2022.08.26 16:00:00,0.96195,0.96201,0.95926,0.95935,20474
2022.08.26 17:00:00,0.95935,0.96346,0.95772,0.96322,38431.65
2022.08.26 18:00:00,0.96321,0.96498,0.96244,0.96364,15979.3
2022.08.26 19:00:00,0.96364,0.96571,0.96336,0.9651,10077.46
2022.08.26 20:00:00,0.96509,0.96625,0.96481,0.96579,6095.26
2022.08.26 21:00:00,0.96577,0.96642,0.96557,0.96618,6247.5
2022.08.26 22:00:00,0.9662,0.96687,0.96609,0.96648,8315.7
2022.08.26 23:00:00,0.96648,0.96723,0.96541,0.96555,6331.6
2022.08.29 00:00:00,0.96432,0.96579,0.96429,0.96535,198.19
2022.08.29 01:00:00,0.96536,0.96772,0.96535,0.96763,2396.43
2022.08.29 02:00:00,0.96762,0.96876,0.96744,0.96867,6904.1
2022.08.29 03:00:00,0.96869,0.96911,0.96804,0.96881,7927.92
2022.08.29 04:00:00,0.96881,0.96979,0.96813,0.96902,8514.13
2022.08.29 05:00:00,0.96901,0.96963,0.96829,0.96837,5181.23
2022.08.29 06:00:00,0.96837,0.96928,0.96832,0.96897,3151.38
2022.08.29 07:00:00,0.96898,0.96987,0.96883,0.9698,4619.25
2022.08.29 08:00:00,0.9698,0.96991,0.96938,0.96948,6085.01
2022.08.29 09:00:00,0.96947,0.97043,0.96914,0.96981,9808.14
2022.08.29 10:00:00,0.96981,0.97022,0.96862,0.96933,14102.5
2022.08.29 11:00:00,0.96933,0.97074,0.96885,0.96916,11473.43
2022.08.29 12:00:00,0.96919,0.96944,0.96628,0.9665,10170.87
2022.08.29 13:00:00,0.96651,0.96846,0.96598,0.96843,12842.89
2022.08.29 14:00:00,0.96843,0.96908,0.9675,0.96756,14595.85
2022.08.29 15:00:00,0.96756,0.96844,0.9659,0.9673,16203.87
2022.08.29 16:00:00,0.96728,0.96858,0.9663,0.96749,16227.7
2022.08.29 17:00:00,0.96748,0.96998,0.96612,0.96963,17294.86
2022.08.29 18:00:00,0.96962,0.96975,0.96834,0.96904,11818.77
2022.08.29 19:00:00,0.96903,0.96943,0.96813,0.96814,7954.68
2022.08.29 20:00:00,0.96814,0.96826,0.96751,0.96815,5153.77
2022.08.29 21:00:00,0.96814,0.96883,0.96783,0.96883,6639.93
2022.08.29 22:00:00,0.96883,0.96885,0.96803,0.96803,6260.38
2022.08.29 23:00:00,0.96809,0.96853,0.96788,0.96788,2730.25
2022.08.30 00:00:00,0.96789,0.96815,0.96729,0.9675,759.96
2022.08.30 01:00:00,0.9675,0.96809,0.9675,0.96783,1621.86
2022.08.30 02:00:00,0.96782,0.96815,0.96719,0.96725,3141.96
2022.08.30 03:00:00,0.96726,0.96764,0.96656,0.96694,5026.99
2022.08.30 04:00:00,0.96694,0.96787,0.96652,0.96772,6475.48
2022.08.30 05:00:00,0.96772,0.96846,0.96765,0.96799,5024.27
2022.08.30 06:00:00,0.96798,0.96807,0.96763,0.96787,3977.57
2022.08.30 07:00:00,0.96787,0.96801,0.96713,0.96745,4098.81
2022.08.30 08:00:00,0.96747,0.96775,0.9668,0.96702,4403.6
2022.08.30 09:00:00,0.96706,0.96812,0.9668,0.96802,10099.43
2022.08.30 10:00:00,0.96803,0.97229,0.96794,0.97026,21040.64
2022.08.30 11:00:00,0.97026,0.97035,0.96864,0.96985,16162.81
2022.08.30 12:00:00,0.96988,0.97146,0.96884,0.97025,12437.5
2022.08.30 13:00:00,0.97026,0.97141,0.96956,0.97124,9887.81
2022.08.30 14:00:00,0.97123,0.97128,0.96991,0.97049,11913.29
2022.08.30 15:00:00,0.9705,0.97226,0.97017,0.97214,14852.82
2022.08.30 16:00:00,0.97215,0.97248,0.97081,0.97132,18234.96
2022.08.30 17:00:00,0.97138,0.9762,0.97138,0.97577,21623.05
2022.08.30 18:00:00,0.97575,0.97591,0.97248,0.97447,17982.95
2022.08.30 19:00:00,0.97447,0.9747,0.97375,0.97388,10336.15
2022.08.30 20:00:00,0.9739,0.97434,0.9734,0.97394,6984.2
2022.08.30 21:00:00,0.97395,0.97443,0.97311,0.97347,7315.6
2022.08.30 22:00:00,0.97347,0.97377,0.97286,0.97367,5567.8
2022.08.30 23:00:00,0.97367,0.97439,0.97355,0.97389,1970.35
2022.08.31 00:00:00,0.97389,0.97454,0.97264,0.97412,344.86
2022.08.31 01:00:00,0.97417,0.97424,0.97378,0.97398,1358.76
2022.08.31 02:00:00,0.974,0.97418,0.97373,0.97401,2425.72
2022.08.31 03:00:00,0.97401,0.97435,0.97301,0.97327,6939.07
2022.08.31 04:00:00,0.97328,0.97382,0.97293,0.97367,5163.83
2022.08.31 05:00:00,0.97368,0.97412,0.97305,0.97317,5231.84
2022.08.31 06:00:00,0.97317,0.9735,0.9729,0.97294,3845.06
2022.08.31 07:00:00,0.97294,0.9732,0.97262,0.97308,3615.7
2022.08.31 08:00:00,0.97309,0.97315,0.97261,0.97283,4224.17
2022.08.31 09:00:00,0.97287,0.97372,0.97261,0.97322,7501.53
2022.08.31 10:00:00,0.97323,0.97639,0.97296,0.97636,11185.4
2022.08.31 11:00:00,0.97636,0.97837,0.97518,0.97703,14480.88
2022.08.31 12:00:00,0.97703,0.97933,0.97651,0.97907,13988.22
2022.08.31 13:00:00,0.97907,0.98017,0.97807,0.98004,11005.79
2022.08.31 14:00:00,0.98005,0.98068,0.97933,0.97981,11342.02
2022.08.31 15:00:00,0.9798,0.98009,0.97854,0.97861,15295.46
2022.08.31 16:00:00,0.9786,0.97959,0.97783,0.97938,14744.26
2022.08.31 17:00:00,0.97937,0.98015,0.97424,0.97583,26689.02
2022.08.31 18:00:00,0.97583,0.9759,0.97337,0.97495,19783.68
2022.08.31 19:00:00,0.97495,0.97578,0.97473,0.97511,7993.29
2022.08.31 20:00:00,0.9751,0.97603,0.97484,0.97522,5749.04
2022.08.31 21:00:00,0.97522,0.97629,0.97464,0.97627,6756.34
2022.08.31 22:00:00,0.97625,0.97842,0.97583,0.97773,8604.58
2022.08.31 23:00:00,0.97773,0.97822,0.97728,0.97728,5930.88
2022.09.01 00:00:00,0.97728,0.97786,0.97655,0.97759,284.95
2022.09.01 01:00:00,0.97759,0.97801,0.9774,0.97785,3856.29
2022.09.01 02:00:00,0.97786,0.97945,0.97786,0.9792,4624.27
2022.09.01 03:00:00,0.97919,0.98071,0.97919,0.98018,8091.59
2022.09.01 04:00:00,0.98017,0.98085,0.97969,0.9799,9417.25
2022.09.01 05:00:00,0.97989,0.98031,0.97953,0.98013,5703.76
2022.09.01 06:00:00,0.98013,0.98023,0.97952,0.97977,6629.33
2022.09.01 07:00:00,0.9798,0.98017,0.97972,0.97996,4400.59
2022.09.01 08:00:00,0.97997,0.98069,0.97954,0.97965,6553.2
2022.09.01 09:00:00,0.97965,0.97974,0.97596,0.9765,11868.18
2022.09.01 10:00:00,0.9765,0.97728,0.97505,0.97608,12605.6
2022.09.01 11:00:00,0.97609,0.97678,0.97435,0.97589,13342.82
2022.09.01 12:00:00,0.97589,0.97748,0.9753,0.97745,10725.61
2022.09.01 13:00:00,0.97743,0.97994,0.97736,0.97876,10762.02
2022.09.01 14:00:00,0.97879,0.97908,0.97758,0.97877,11065.53
2022.09.01 15:00:00,0.97877,0.98242,0.97869,0.98044,15157.91
2022.09.01 16:00:00,0.9804,0.98087,0.97845,0.97876,16939.98
2022.09.01 17:00:00,0.97913,0.98607,0.97876,0.9849,29070.34
2022.09.01 18:00:00,0.98491,0.98503,0.98302,0.98376,16030.58
2022.09.01 19:00:00,0.98377,0.9839,0.98226,0.9829,10429.58
2022.09.01 20:00:00,0.98291,0.9832,0.98104,0.98136,7626.15
2022.09.01 21:00:00,0.98135,0.98226,0.98083,0.98212,7156.21
2022.09.01 22:00:00,0.98214,0.98216,0.98103,0.98171,5669.73
2022.09.01 23:00:00,0.98172,0.98187,0.98126,0.98126,2794.46
2022.09.02 00:00:00,0.98142,0.98161,0.98087,0.98158,659.72
2022.09.02 01:00:00,0.9815,0.9818,0.98135,0.98168,5517.46
2022.09.02 02:00:00,0.9817,0.98194,0.9811,0.98121,1864.78
2022.09.02 03:00:00,0.98119,0.9813,0.98059,0.98093,4702.76
2022.09.02 04:00:00,0.98094,0.98109,0.98064,0.98105,3417.86
2022.09.02 05:00:00,0.98106,0.98119,0.98065,0.98089,3483.42
2022.09.02 06:00:00,0.98089,0.98093,0.98066,0.98073,2924.42
2022.09.02 07:00:00,0.98074,0.98127,0.98065,0.98085,3752.52
2022.09.02 08:00:00,0.98085,0.98093,0.98045,0.98075,4510.13
2022.09.02 09:00:00,0.98074,0.98113,0.97981,0.98048,7312.33
2022.09.02 10:00:00,0.98046,0.98051,0.97865,0.97913,9891.57
2022.09.02 11:00:00,0.97913,0.98036,0.97907,0.97993,6872.89
2022.09.02 12:00:00,0.97994,0.98088,0.9795,0.98054,7080.66
2022.09.02 13:00:00,0.98053,0.98267,0.97971,0.98236,7690.3
2022.09.02 14:00:00,0.98229,0.98345,0.98189,0.98288,8412.46
2022.09.02 15:00:00,0.98295,0.98589,0.98146,0.984,28045.3
2022.09.02 16:00:00,0.984,0.98432,0.98086,0.98088,19843.14
2022.09.02 17:00:00,0.98088,0.98129,0.9783,0.97917,16838.82
2022.09.02 18:00:00,0.97917,0.98171,0.97916,0.9801,10004.73
2022.09.02 19:00:00,0.98012,0.98214,0.97997,0.9819,13926.46
2022.09.02 20:00:00,0.98192,0.98204,0.98054,0.98083,11101.73
2022.09.02 21:00:00,0.98085,0.98111,0.98008,0.98042,6032.39
2022.09.02 22:00:00,0.98044,0.98185,0.98005,0.98105,6161.42
2022.09.02 23:00:00,0.98108,0.98209,0.98049,0.9811,6221.68
2022.09.05 00:00:00,0.9814,0.98242,0.98068,0.98193,1155.25
2022.09.05 01:00:00,0.98223,0.98332,0.98096,0.98237,7963.63
2022.09.05 02:00:00,0.98237,0.98338,0.98232,0.98327,4546.8
2022.09.05 03:00:00,0.98328,0.98331,0.98205,0.98221,8060.46
2022.09.05 04:00:00,0.98221,0.98241,0.98146,0.98164,6102.04
2022.09.05 05:00:00,0.98163,0.98331,0.98161,0.98323,6202.4
2022.09.05 06:00:00,0.98323,0.98332,0.98253,0.98255,5434.56
2022.09.05 07:00:00,0.98254,0.98289,0.98206,0.98239,3196.46
2022.09.05 08:00:00,0.98239,0.98336,0.98239,0.98245,6896.93
2022.09.05 09:00:00,0.98244,0.98333,0.98143,0.98289,10954.15
2022.09.05 10:00:00,0.98289,0.98357,0.98167,0.9827,12216.88
2022.09.05 11:00:00,0.98272,0.98367,0.982,0.98339,10898.19
2022.09.05 12:00:00,0.98338,0.98369,0.97949,0.98082,10825.76
2022.09.05 13:00:00,0.98081,0.98165,0.98037,0.98126,9214.75
2022.09.05 14:00:00,0.98125,0.98251,0.98064,0.98185,8306.31
2022.09.05 15:00:00,0.98185,0.98283,0.98098,0.98126,11035.91
2022.09.05 16:00:00,0.98126,0.98127,0.97988,0.98071,8455.96
2022.09.05 17:00:00,0.98073,0.98165,0.98046,0.9814,6853.41
2022.09.05 18:00:00,0.98139,0.98179,0.97963,0.97987,4772.52
2022.09.05 19:00:00,0.97987,0.98061,0.97973,0.9802,3518.75
2022.09.05 20:00:00,0.9802,0.98055,0.98011,0.98043,2516.96
2022.09.05 21:00:00,0.98042,0.98042,0.97998,0.98012,2706.04
2022.09.05 22:00:00,0.98013,0.9803,0.97997,0.97999,3110.94
2022.09.05 23:00:00,0.97999,0.98037,0.97936,0.97937,5310.49
2022.09.06 00:00:00,0.97902,0.97993,0.97831,0.97954,232.13
2022.09.06 01:00:00,0.97982,0.97994,0.97844,0.97907,3448.09
2022.09.06 02:00:00,0.97908,0.97943,0.97846,0.97856,3036.35
2022.09.06 03:00:00,0.97855,0.97857,0.9765,0.97657,9192.87
2022.09.06 04:00:00,0.97657,0.97736,0.97649,0.9771,6368.89
2022.09.06 05:00:00,0.97711,0.9778,0.97707,0.97734,5967.24
2022.09.06 06:00:00,0.97734,0.97861,0.97728,0.97851,3869.46
2022.09.06 07:00:00,0.9785,0.97981,0.97807,0.97953,5297.59
2022.09.06 08:00:00,0.97953,0.97966,0.97855,0.97891,6842.21
2022.09.06 09:00:00,0.97893,0.98022,0.97833,0.97941,11346.3
2022.09.06 10:00:00,0.9794,0.98169,0.97895,0.97915,17981.38
2022.09.06 11:00:00,0.97916,0.98081,0.97848,0.9803,14180.82
2022.09.06 12:00:00,0.98031,0.98127,0.97947,0.9801,13743.19
2022.09.06 13:00:00,0.98011,0.98143,0.97971,0.98136,12990.22
2022.09.06 14:00:00,0.98137,0.98284,0.98095,0.98171,12884.76
2022.09.06 15:00:00,0.98174,0.98323,0.98119,0.98323,16492.06
2022.09.06 16:00:00,0.98323,0.98381,0.98241,0.98348,19660.93
2022.09.06 17:00:00,0.98349,0.98613,0.98296,0.98399,27733.7
2022.09.06 18:00:00,0.98399,0.98438,0.9818,0.9839,15627.68
2022.09.06 19:00:00,0.9839,0.98507,0.98347,0.98465,10524.98
2022.09.06 20:00:00,0.98465,0.98531,0.98425,0.98504,7671.41
2022.09.06 21:00:00,0.98505,0.98527,0.98421,0.98484,7927.79
2022.09.06 22:00:00,0.98484,0.98492,0.98421,0.98458,9173.78
2022.09.06 23:00:00,0.98459,0.98494,0.9839,0.9839,3100.08
2022.09.07 00:00:00,0.9839,0.9839,0.98285,0.98364,246.97
2022.09.07 01:00:00,0.98364,0.98513,0.98364,0.98501,3636.68
2022.09.07 02:00:00,0.985,0.98532,0.98419,0.98461,4341.89
2022.09.07 03:00:00,0.9846,0.98615,0.98421,0.98512,8805.94
2022.09.07 04:00:00,0.98512,0.98576,0.98463,0.98501,7141.48
2022.09.07 05:00:00,0.98502,0.98613,0.98497,0.98565,7283.29
2022.09.07 06:00:00,0.98565,0.98689,0.98521,0.98617,7350.94
2022.09.07 07:00:00,0.98618,0.98693,0.98462,0.98516,8362.38
2022.09.07 08:00:00,0.98515,0.98543,0.98428,0.98522,4917.68
2022.09.07 09:00:00,0.98522,0.98558,0.98427,0.98501,9610.43
2022.09.07 10:00:00,0.98501,0.9857,0.98199,0.98209,13921.01
2022.09.07 11:00:00,0.98209,0.98298,0.98165,0.98277,10173.95
2022.09.07 12:00:00,0.98277,0.98414,0.98229,0.98363,9899.83
2022.09.07 13:00:00,0.98363,0.98537,0.98352,0.98527,10466.02
2022.09.07 14:00:00,0.98527,0.98606,0.98457,0.98598,14128.32
2022.09.07 15:00:00,0.98598,0.98648,0.98477,0.98511,13734.4
2022.09.07 16:00:00,0.9851,0.9861,0.98228,0.98342,15147.36
2022.09.07 17:00:00,0.98342,0.98432,0.98079,0.98185,20069.29
2022.09.07 18:00:00,0.98183,0.98214,0.98007,0.98078,12732.33
2022.09.07 19:00:00,0.98082,0.98102,0.97936,0.97942,7360.16
2022.09.07 20:00:00,0.97945,0.97954,0.97704,0.97712,8808.05
2022.09.07 21:00:00,0.9771,0.97862,0.97708,0.97847,5381.85
2022.09.07 22:00:00,0.97849,0.97853,0.97606,0.97621,5122.94
2022.09.07 23:00:00,0.97621,0.97707,0.97612,0.97619,2264.12
2022.09.08 00:00:00,0.97606,0.97655,0.97606,0.97646,483.7
2022.09.08 01:00:00,0.97646,0.97688,0.9761,0.97646,5271.94
2022.09.08 02:00:00,0.97648,0.97731,0.97648,0.97667,1858.86
2022.09.08 03:00:00,0.97665,0.97806,0.97657,0.97792,5283.22
2022.09.08 04:00:00,0.97793,0.97815,0.97692,0.97777,5368.34
2022.09.08 05:00:00,0.97776,0.97803,0.97737,0.9778,3971.8
2022.09.08 06:00:00,0.9778,0.97815,0.97696,0.97706,4735.08
2022.09.08 07:00:00,0.97706,0.97779,0.97652,0.97733,3644.6
2022.09.08 08:00:00,0.97732,0.97746,0.9761,0.9761,4944.21
2022.09.08 09:00:00,0.97612,0.97675,0.97407,0.97607,10694.8
2022.09.08 10:00:00,0.97607,0.97693,0.97519,0.97656,14691.88
2022.09.08 11:00:00,0.97657,0.97703,0.97533,0.97544,14226.45
2022.09.08 12:00:00,0.97549,0.97569,0.97362,0.97438,10580.68
2022.09.08 13:00:00,0.9744,0.97479,0.97248,0.97307,11204.23
2022.09.08 14:00:00,0.97303,0.97393,0.97097,0.97243,12252.23
2022.09.08 15:00:00,0.97244,0.97456,0.97078,0.97254,27343.72
2022.09.08 16:00:00,0.97254,0.9758,0.97087,0.9714,35636.95
2022.09.08 17:00:00,0.97141,0.97374,0.97108,0.97323,24367.92
2022.09.08 18:00:00,0.97323,0.9737,0.97195,0.9728,15551.04
2022.09.08 19:00:00,0.9728,0.97338,0.9711,0.97207,16742.13
2022.09.08 20:00:00,0.97207,0.97245,0.97062,0.97104,11897.77
2022.09.08 21:00:00,0.97105,0.97166,0.97064,0.97164,10119.18
2022.09.08 22:00:00,0.97164,0.97164,0.9706,0.97078,7978.68
2022.09.08 23:00:00,0.97079,0.97115,0.97012,0.9702,4548.54
2022.09.09 00:00:00,0.97004,0.9704,0.97001,0.97036,589.96
2022.09.09 01:00:00,0.97031,0.97039,0.9696,0.96968,3588.18
2022.09.09 02:00:00,0.96968,0.96978,0.96861,0.96864,4795.23
2022.09.09 03:00:00,0.96863,0.96873,0.96653,0.96706,8774.97
2022.09.09 04:00:00,0.96706,0.96721,0.96626,0.96649,8650.83
2022.09.09 05:00:00,0.96649,0.9667,0.96532,0.96582,7345.84
2022.09.09 06:00:00,0.96582,0.96595,0.96441,0.96506,9302.67
2022.09.09 07:00:00,0.96505,0.96527,0.96399,0.96439,10236.29
2022.09.09 08:00:00,0.96439,0.9654,0.96425,0.96534,6889.48
2022.09.09 09:00:00,0.96534,0.96544,0.96307,0.96315,12056.06
2022.09.09 10:00:00,0.96315,0.96351,0.95909,0.95945,21399.19
2022.09.09 11:00:00,0.95945,0.95968,0.95615,0.95688,16648.97
2022.09.09 12:00:00,0.95689,0.95811,0.95595,0.95597,13358.16
2022.09.09 13:00:00,0.95596,0.95993,0.95467,0.95935,15470.89
2022.09.09 14:00:00,0.95934,0.96214,0.95896,0.96209,15391.83
2022.09.09 15:00:00,0.96209,0.96266,0.95868,0.96003,18245.29
2022.09.09 16:00:00,0.96002,0.96192,0.95929,0.96126,23079.62
2022.09.09 17:00:00,0.96126,0.96166,0.95912,0.9614,20788.22
2022.09.09 18:00:00,0.9614,0.96218,0.95996,0.96056,15780.3
2022.09.09 19:00:00,0.96055,0.96151,0.95982,0.95988,13245.3
2022.09.09 20:00:00,0.95987,0.9611,0.95985,0.96101,8169.13
2022.09.09 21:00:00,0.96101,0.96149,0.96066,0.96068,6225.94
2022.09.09 22:00:00,0.96074,0.96098,0.96031,0.96066,5575.36
2022.09.09 23:00:00,0.96066,0.96625,0.95961,0.96625,6200.67
2022.09.12 00:00:00,0.95837,0.95912,0.95823,0.95843,447.18
2022.09.12 01:00:00,0.95847,0.96089,0.95847,0.96053,7871.68
2022.09.12 02:00:00,0.96053,0.96075,0.95934,0.95967,6289.16
2022.09.12 03:00:00,0.95967,0.96037,0.95911,0.95946,8589.73
2022.09.12 04:00:00,0.95946,0.95952,0.95798,0.95827,9048.1
2022.09.12 05:00:00,0.95827,0.95946,0.95777,0.95899,7965.28
2022.09.12 06:00:00,0.959,0.95985,0.95895,0.95961,7628.46
2022.09.12 07:00:00,0.95961,0.96042,0.95951,0.96004,6411.6
2022.09.12 08:00:00,0.96004,0.96013,0.95906,0.95968,8292.24
2022.09.12 09:00:00,0.95967,0.96077,0.95705,0.95732,17517.49
2022.09.12 10:00:00,0.95732,0.95791,0.95448,0.95496,26562.56
2022.09.12 11:00:00,0.95495,0.9563,0.95322,0.95441,17962.14
2022.09.12 12:00:00,0.95443,0.95657,0.95408,0.95613,14529.55
2022.09.12 13:00:00,0.95612,0.95692,0.95328,0.95348,14174.29
2022.09.12 14:00:00,0.95347,0.95532,0.95321,0.95353,13463.87
2022.09.12 15:00:00,0.95353,0.95384,0.95129,0.95329,18497.73
2022.09.12 16:00:00,0.95328,0.95498,0.95304,0.95321,19872.73
2022.09.12 17:00:00,0.95323,0.95354,0.95115,0.95151,17667.12
2022.09.12 18:00:00,0.9515,0.95227,0.95096,0.95197,12784.11
2022.09.12 19:00:00,0.95196,0.95213,0.95087,0.9513,11575.34
2022.09.12 20:00:00,0.95129,0.95259,0.9511,0.9524,8286.83
2022.09.12 21:00:00,0.95239,0.95454,0.95237,0.95394,10320.42
2022.09.12 22:00:00,0.95394,0.95454,0.95374,0.95402,6523.56
2022.09.12 23:00:00,0.95404,0.95423,0.95335,0.95335,2828.87
2022.09.13 00:00:00,0.95336,0.95378,0.95274,0.95321,1100.12
2022.09.13 01:00:00,0.95329,0.95365,0.95306,0.9536,2100.67
2022.09.13 02:00:00,0.95355,0.95363,0.95292,0.95295,2097.29
2022.09.13 03:00:00,0.95293,0.95341,0.95192,0.95211,7575.91
2022.09.13 04:00:00,0.95212,0.95281,0.95187,0.95187,7955.56
2022.09.13 05:00:00,0.95187,0.95246,0.95185,0.95209,4990.5
2022.09.13 06:00:00,0.9521,0.95255,0.95165,0.95196,5160.84
2022.09.13 07:00:00,0.95196,0.95238,0.95179,0.95208,4794.62
2022.09.13 08:00:00,0.95208,0.95217,0.95092,0.95119,5215.17
2022.09.13 09:00:00,0.95118,0.95188,0.94978,0.95128,13499.06
2022.09.13 10:00:00,0.95127,0.95144,0.94968,0.95021,14977.05
2022.09.13 11:00:00,0.9502,0.95264,0.95011,0.95092,11088.77
2022.09.13 12:00:00,0.95091,0.95151,0.94974,0.95021,12397.84
2022.09.13 13:00:00,0.95021,0.95047,0.94843,0.94844,11220.52
2022.09.13 14:00:00,0.94843,0.95035,0.94792,0.95024,11564.01
2022.09.13 15:00:00,0.95024,0.96047,0.94969,0.96045,29118.37
2022.09.13 16:00:00,0.96045,0.96323,0.95899,0.9596,31704.84
2022.09.13 17:00:00,0.95959,0.96228,0.95921,0.96095,24172.57
2022.09.13 18:00:00,0.96095,0.96147,0.95998,0.96088,16696.86
2022.09.13 19:00:00,0.96088,0.96122,0.95944,0.95952,12167.22
2022.09.13 20:00:00,0.95953,0.96075,0.95812,0.96063,12196.06
2022.09.13 21:00:00,0.96062,0.96127,0.95986,0.96082,8446.81
2022.09.13 22:00:00,0.96082,0.96166,0.96053,0.96153,8182.69
2022.09.13 23:00:00,0.96154,0.9619,0.96114,0.96144,4087.94
2022.09.14 00:00:00,0.96145,0.96204,0.96053,0.96171,556.86
2022.09.14 01:00:00,0.96173,0.96254,0.96055,0.96142,6282.71
2022.09.14 02:00:00,0.96141,0.9618,0.96032,0.96061,8378.7
2022.09.14 03:00:00,0.96061,0.96151,0.96017,0.96066,14352.16
2022.09.14 04:00:00,0.96066,0.96163,0.96058,0.96118,11879.66
2022.09.14 05:00:00,0.96118,0.9615,0.96067,0.96122,6500.49
2022.09.14 06:00:00,0.9612,0.9619,0.96111,0.96158,6242.28
2022.09.14 07:00:00,0.96157,0.96185,0.95998,0.96088,11890.71
2022.09.14 08:00:00,0.96088,0.96136,0.95989,0.9611,11508.52
2022.09.14 09:00:00,0.96109,0.96258,0.96039,0.96208,16510.64
2022.09.14 10:00:00,0.96207,0.96272,0.96017,0.96023,23503.2
2022.09.14 11:00:00,0.96023,0.96085,0.95887,0.96052,21979.04
2022.09.14 12:00:00,0.96057,0.96165,0.96027,0.96114,17476.78
2022.09.14 13:00:00,0.96116,0.96144,0.96004,0.9607,14104.43
2022.09.14 14:00:00,0.96069,0.96275,0.96047,0.96149,19769.38
2022.09.14 15:00:00,0.96152,0.96309,0.96022,0.96078,25461.28
2022.09.14 16:00:00,0.96078,0.96219,0.96035,0.96159,24709.6
2022.09.14 17:00:00,0.96159,0.9623,0.95935,0.95999,24452.37
2022.09.14 18:00:00,0.95998,0.96138,0.95954,0.9612,16918.13
2022.09.14 19:00:00,0.9612,0.96143,0.96049,0.96127,8771.73
2022.09.14 20:00:00,0.96127,0.96211,0.96115,0.96195,8491.92
2022.09.14 21:00:00,0.96195,0.96299,0.96188,0.96295,9368.59
2022.09.14 22:00:00,0.96295,0.96359,0.96263,0.96274,9549.98
2022.09.14 23:00:00,0.96274,0.96284,0.96194,0.96194,3615.92
2022.09.15 00:00:00,0.96058,0.96235,0.96058,0.96232,172.42
2022.09.15 01:00:00,0.96226,0.96226,0.96171,0.96196,1696.25
2022.09.15 02:00:00,0.96196,0.96211,0.96174,0.96208,3688.78
2022.09.15 03:00:00,0.96207,0.96299,0.96207,0.96241,7217.38
2022.09.15 04:00:00,0.96241,0.9629,0.96183,0.96187,8169.13
2022.09.15 05:00:00,0.96187,0.96328,0.96182,0.96286,7226.36
2022.09.15 06:00:00,0.96287,0.96347,0.96262,0.96282,5320.95
2022.09.15 07:00:00,0.96282,0.96356,0.96252,0.96326,3205.74
2022.09.15 08:00:00,0.96329,0.96413,0.96328,0.96349,6332.34
2022.09.15 09:00:00,0.9635,0.96398,0.96272,0.96299,12115.06
2022.09.15 10:00:00,0.96298,0.9636,0.96213,0.96245,12798.58
2022.09.15 11:00:00,0.96246,0.96316,0.96049,0.96062,10209.44
2022.09.15 12:00:00,0.96063,0.96123,0.95615,0.95713,11318.25
2022.09.15 13:00:00,0.95714,0.95854,0.95559,0.95571,12812.66
2022.09.15 14:00:00,0.95571,0.95775,0.95556,0.95761,11194.71
2022.09.15 15:00:00,0.95761,0.95904,0.95597,0.95675,21015.72
2022.09.15 16:00:00,0.95675,0.95873,0.95573,0.95727,21378.25
2022.09.15 17:00:00,0.95726,0.96123,0.95706,0.96067,18641.06
2022.09.15 18:00:00,0.96065,0.96086,0.95931,0.96073,11250.89
2022.09.15 19:00:00,0.96073,0.96161,0.96033,0.96035,7275.04
2022.09.15 20:00:00,0.96034,0.96034,0.95905,0.95994,6090.76
2022.09.15 21:00:00,0.95992,0.96072,0.95973,0.96072,5060.97
2022.09.15 22:00:00,0.96075,0.96132,0.96036,0.96116,5364.91
2022.09.15 23:00:00,0.96114,0.96164,0.96067,0.96142,2212.21
2022.09.16 00:00:00,0.96124,0.96139,0.95959,0.96108,569.47
2022.09.16 01:00:00,0.96103,0.96166,0.96102,0.96142,2651.01
2022.09.16 02:00:00,0.96142,0.96206,0.96137,0.96188,7184.16
2022.09.16 03:00:00,0.96188,0.96209,0.9603,0.96068,6096.84
2022.09.16 04:00:00,0.96068,0.96129,0.95997,0.96112,5387.99
2022.09.16 05:00:00,0.96116,0.96246,0.96103,0.96199,3616.84
2022.09.16 06:00:00,0.96199,0.96208,0.96132,0.96168,6320.01
2022.09.16 07:00:00,0.96166,0.96183,0.96134,0.96173,4126.27
2022.09.16 08:00:00,0.96172,0.96356,0.96171,0.96356,3550.52
2022.09.16 09:00:00,0.96354,0.96449,0.96324,0.96428,14056.1
2022.09.16 10:00:00,0.96428,0.96521,0.96237,0.96388,17765.79
2022.09.16 11:00:00,0.9639,0.96459,0.9636,0.96433,12704.92
2022.09.16 12:00:00,0.96433,0.96459,0.96284,0.96311,12824.64
2022.09.16 13:00:00,0.96308,0.96342,0.9612,0.96154,9711.38
2022.09.16 14:00:00,0.96154,0.96198,0.96035,0.96191,10171.97
2022.09.16 15:00:00,0.96192,0.96335,0.96178,0.96334,17304.74
2022.09.16 16:00:00,0.96335,0.96433,0.96206,0.96342,19658.48
2022.09.16 17:00:00,0.96344,0.96349,0.96083,0.96226,25852.29
2022.09.16 18:00:00,0.96225,0.96541,0.9621,0.9647,16207.69
2022.09.16 19:00:00,0.9647,0.96606,0.96405,0.96523,8155.57
2022.09.16 20:00:00,0.96522,0.96545,0.96447,0.96525,6344.76
2022.09.16 21:00:00,0.96524,0.96546,0.96443,0.96499,5891.04
2022.09.16 22:00:00,0.96499,0.96501,0.96424,0.96458,7153
2022.09.16 23:00:00,0.96457,0.96493,0.96343,0.96408,4179.58
2022.09.19 00:00:00,0.96214,0.96428,0.96214,0.96359,258.76
2022.09.19 01:00:00,0.96352,0.96473,0.96306,0.96375,3014.05
2022.09.19 02:00:00,0.96379,0.96428,0.96273,0.96312,5491.05
2022.09.19 03:00:00,0.96309,0.96438,0.96257,0.96426,4509.83
2022.09.19 04:00:00,0.96426,0.965,0.96396,0.96479,4334.48
2022.09.19 05:00:00,0.9648,0.96608,0.9648,0.96506,5472.35
2022.09.19 06:00:00,0.96507,0.96611,0.96507,0.96578,2887.92
2022.09.19 07:00:00,0.96577,0.96629,0.96556,0.96614,4139.56
2022.09.19 08:00:00,0.96614,0.96778,0.96609,0.96749,3843.13
2022.09.19 09:00:00,0.96748,0.96829,0.96724,0.96781,8261.41
2022.09.19 10:00:00,0.9678,0.96949,0.96755,0.96864,11099.72
2022.09.19 11:00:00,0.96864,0.96887,0.96664,0.96687,10035.11
2022.09.19 12:00:00,0.9669,0.96743,0.96623,0.96662,8190.43
2022.09.19 13:00:00,0.96663,0.9669,0.96487,0.96551,8507.19
2022.09.19 14:00:00,0.96551,0.96733,0.96465,0.9672,10929.89
2022.09.19 15:00:00,0.9672,0.96725,0.96609,0.96674,14396.15
2022.09.19 16:00:00,0.96674,0.9677,0.96565,0.96698,14214.26
2022.09.19 17:00:00,0.96698,0.9678,0.96444,0.96482,14757.51
2022.09.19 18:00:00,0.96481,0.96626,0.96451,0.96624,8316.16
2022.09.19 19:00:00,0.96625,0.9663,0.96497,0.96521,6061.21
2022.09.19 20:00:00,0.9652,0.9658,0.96483,0.9656,3059.47
2022.09.19 21:00:00,0.96562,0.96619,0.9654,0.96565,3663.9
2022.09.19 22:00:00,0.96565,0.96565,0.9642,0.9642,4626.9
2022.09.19 23:00:00,0.96421,0.96475,0.96396,0.96396,1932.96
2022.09.20 00:00:00,0.96396,0.96435,0.96346,0.96381,815.84
2022.09.20 01:00:00,0.96378,0.96419,0.96378,0.96403,2607.18
2022.09.20 02:00:00,0.96403,0.96457,0.96392,0.96393,5109.45
2022.09.20 03:00:00,0.96393,0.96461,0.96258,0.96432,9621.86
2022.09.20 04:00:00,0.96432,0.96517,0.96415,0.9651,7096.94
2022.09.20 05:00:00,0.96511,0.96527,0.96402,0.96402,4481.61
2022.09.20 06:00:00,0.96402,0.96457,0.96402,0.96442,4275.04
2022.09.20 07:00:00,0.96442,0.9656,0.96441,0.96548,3796.85
2022.09.20 08:00:00,0.96547,0.96623,0.96517,0.96596,4242.25
2022.09.20 09:00:00,0.96602,0.96603,0.96382,0.96462,14818.98
2022.09.20 10:00:00,0.96463,0.96483,0.96227,0.96256,25441.65
2022.09.20 11:00:00,0.96255,0.96632,0.96248,0.96604,20144.47
2022.09.20 12:00:00,0.96604,0.96676,0.96528,0.96581,16956.99
2022.09.20 13:00:00,0.96578,0.9666,0.96504,0.96549,12578.35
2022.09.20 14:00:00,0.96548,0.96623,0.96487,0.96544,15980.77
2022.09.20 15:00:00,0.96545,0.9682,0.96532,0.96708,20531.78
2022.09.20 16:00:00,0.96706,0.96793,0.96629,0.9667,17972.59
2022.09.20 17:00:00,0.9667,0.96714,0.96416,0.96483,20187.17
2022.09.20 18:00:00,0.96483,0.96567,0.96271,0.96285,12112.56
2022.09.20 19:00:00,0.96285,0.9639,0.96255,0.96363,8180.53
2022.09.20 20:00:00,0.96363,0.96426,0.96288,0.96382,9725.93
2022.09.20 21:00:00,0.96381,0.96446,0.96339,0.96406,7383.5
2022.09.20 22:00:00,0.96406,0.96442,0.96364,0.96402,6621.4
2022.09.20 23:00:00,0.96404,0.96417,0.96362,0.96399,1888.09
2022.09.21 00:00:00,0.96399,0.96399,0.96231,0.9637,1166.86
2022.09.21 01:00:00,0.96369,0.96483,0.96363,0.96396,3863.71
2022.09.21 02:00:00,0.96396,0.96396,0.96324,0.96379,5579.59
2022.09.21 03:00:00,0.96378,0.96421,0.9631,0.96395,7161.27
2022.09.21 04:00:00,0.96394,0.96426,0.96381,0.96416,5045.98
2022.09.21 05:00:00,0.96416,0.96424,0.96345,0.964,4336.79
2022.09.21 06:00:00,0.964,0.96484,0.96377,0.9644,4070.78
2022.09.21 07:00:00,0.96441,0.96497,0.9642,0.96487,3610.93
2022.09.21 08:00:00,0.96484,0.96536,0.96463,0.96488,6471.14
2022.09.21 09:00:00,0.9649,0.96588,0.96299,0.96495,21897.4
2022.09.21 10:00:00,0.96495,0.96784,0.96474,0.96764,17767.29
2022.09.21 11:00:00,0.96763,0.9683,0.96403,0.96438,13716.49
2022.09.21 12:00:00,0.96436,0.96524,0.96283,0.96351,11194.49
2022.09.21 13:00:00,0.96353,0.96443,0.96344,0.96392,8073.82
2022.09.21 14:00:00,0.96393,0.96487,0.96241,0.96364,9271.51
2022.09.21 15:00:00,0.96367,0.96499,0.96298,0.96363,14722.94
2022.09.21 16:00:00,0.96363,0.96458,0.96263,0.96453,14480.71
2022.09.21 17:00:00,0.96454,0.96523,0.96343,0.96481,19411.28
2022.09.21 18:00:00,0.96481,0.96599,0.96481,0.96522,13545.63
2022.09.21 19:00:00,0.96521,0.96643,0.96521,0.96631,6423.32
2022.09.21 20:00:00,0.96631,0.96652,0.96455,0.96541,6718.11
2022.09.21 21:00:00,0.96563,0.96996,0.96196,0.96226,41199.57
2022.09.21 22:00:00,0.96226,0.96728,0.96203,0.96607,27427.85
2022.09.21 23:00:00,0.96607,0.96728,0.96576,0.966,7001.34
2022.09.22 00:00:00,0.96569,0.96644,0.96523,0.96613,782.9
2022.09.22 01:00:00,0.96613,0.96647,0.9656,0.96639,6927.2
2022.09.22 02:00:00,0.96639,0.96797,0.96626,0.96775,12035.79
2022.09.22 03:00:00,0.96775,0.96925,0.96764,0.96874,9992.4
2022.09.22 04:00:00,0.96873,0.96873,0.96663,0.96679,10828.58
2022.09.22 05:00:00,0.9668,0.96786,0.96389,0.96547,12774.83
2022.09.22 06:00:00,0.96547,0.96631,0.96519,0.96624,8793.08
2022.09.22 07:00:00,0.96624,0.96627,0.96529,0.96558,6321.94
2022.09.22 08:00:00,0.96558,0.96629,0.96513,0.96601,7406.45
2022.09.22 09:00:00,0.96604,0.96632,0.96393,0.9642,21670.1
2022.09.22 10:00:00,0.96425,0.97806,0.96202,0.97799,30379.74
2022.09.22 11:00:00,0.97799,0.9799,0.97168,0.9741,35966.33
2022.09.22 12:00:00,0.97412,0.97745,0.97239,0.97678,21283.07
2022.09.22 13:00:00,0.97677,0.98197,0.97648,0.98077,20944.84
2022.09.22 14:00:00,0.98077,0.98499,0.97936,0.9813,29012.7
2022.09.22 15:00:00,0.98131,0.98147,0.97555,0.97686,30018.96
2022.09.22 16:00:00,0.97686,0.98226,0.97621,0.98177,26645.43
2022.09.22 17:00:00,0.98176,0.98289,0.97953,0.98181,26631.21
2022.09.22 18:00:00,0.98181,0.98264,0.98022,0.9806,17859.92
2022.09.22 19:00:00,0.9806,0.98066,0.97906,0.97968,12537.48
2022.09.22 20:00:00,0.97971,0.97973,0.97817,0.97824,12083.18
2022.09.22 21:00:00,0.97825,0.9793,0.97789,0.97913,10878.72
2022.09.22 22:00:00,0.97913,0.97913,0.97627,0.97672,9131.85
2022.09.22 23:00:00,0.97672,0.97743,0.97627,0.97627,3232.39
2022.09.23 00:00:00,0.9763,0.97726,0.97611,0.97706,475.48
2022.09.23 01:00:00,0.97711,0.97716,0.97598,0.97656,2975.44
2022.09.23 02:00:00,0.97655,0.97674,0.97564,0.9758,8096.54
2022.09.23 03:00:00,0.9758,0.97699,0.97555,0.97646,5630.43
2022.09.23 04:00:00,0.97647,0.97775,0.97605,0.9774,7902.24
2022.09.23 05:00:00,0.97741,0.97859,0.97741,0.97809,6989.86
2022.09.23 06:00:00,0.97809,0.97899,0.97792,0.97867,5429.53
2022.09.23 07:00:00,0.97867,0.9789,0.97772,0.97827,4897.51
2022.09.23 08:00:00,0.97827,0.97859,0.97784,0.97859,6078.29
2022.09.23 09:00:00,0.97859,0.97898,0.97715,0.97885,11707.29
2022.09.23 10:00:00,0.97884,0.97998,0.97841,0.97992,17288.82
2022.09.23 11:00:00,0.97992,0.98182,0.97952,0.98154,15228.71
2022.09.23 12:00:00,0.98155,0.98307,0.98022,0.98082,19888.06
2022.09.23 13:00:00,0.98082,0.98308,0.98001,0.98308,20322.61
2022.09.23 14:00:00,0.98309,0.98315,0.97945,0.98037,22449.67
2022.09.23 15:00:00,0.98037,0.98082,0.97845,0.97935,17957.88
2022.09.23 16:00:00,0.97935,0.97935,0.97558,0.97627,26683.86
2022.09.23 17:00:00,0.97629,0.98169,0.97615,0.98169,26900.71
2022.09.23 18:00:00,0.98169,0.98207,0.97959,0.98158,16947.76
2022.09.23 19:00:00,0.9816,0.98164,0.97914,0.98049,15092.03
2022.09.23 20:00:00,0.98049,0.98293,0.98,0.98275,13856.43
2022.09.23 21:00:00,0.98275,0.98395,0.98217,0.98323,12930.23
2022.09.23 22:00:00,0.98325,0.98327,0.98104,0.98179,10697.55
2022.09.23 23:00:00,0.9818,0.98236,0.98058,0.98139,7609.32
2022.09.26 00:00:00,0.98123,0.98209,0.98081,0.98204,116.36
2022.09.26 01:00:00,0.98197,0.98307,0.97875,0.98182,4894.04
2022.09.26 02:00:00,0.98183,0.98278,0.98148,0.9824,11789.1
2022.09.26 03:00:00,0.9824,0.985,0.98206,0.98444,18192.6
2022.09.26 04:00:00,0.98445,0.98478,0.98123,0.98224,29748.95
2022.09.26 05:00:00,0.98221,0.98364,0.98153,0.98317,16776.52
2022.09.26 06:00:00,0.98317,0.98496,0.98316,0.98494,9788.15
2022.09.26 07:00:00,0.98492,0.985,0.98435,0.98479,10153.51
2022.09.26 08:00:00,0.98481,0.985,0.98371,0.98417,13802.97
2022.09.26 09:00:00,0.98416,0.98734,0.98378,0.98661,22320.71
2022.09.26 10:00:00,0.98662,0.98671,0.98032,0.98269,30583.14
2022.09.26 11:00:00,0.98269,0.98581,0.98255,0.9851,22898.36
2022.09.26 12:00:00,0.98516,0.98865,0.98462,0.98861,18589.9
2022.09.26 13:00:00,0.9886,0.99157,0.98843,0.99034,19025.39
2022.09.26 14:00:00,0.99034,0.99239,0.98971,0.99001,18035.24
2022.09.26 15:00:00,0.99002,0.99129,0.98585,0.98689,26286.61
2022.09.26 16:00:00,0.9869,0.98898,0.98532,0.98621,22789.08
2022.09.26 17:00:00,0.98618,0.9914,0.9861,0.99095,26107.32
2022.09.26 18:00:00,0.99094,0.9933,0.98917,0.99248,29582.42
2022.09.26 19:00:00,0.99249,0.99578,0.99229,0.99473,20127.5
2022.09.26 20:00:00,0.99474,0.99647,0.99462,0.99635,18576.71
2022.09.26 21:00:00,0.99633,0.99649,0.99407,0.99492,14470.61
2022.09.26 22:00:00,0.99492,0.99494,0.99209,0.99302,15136.57
2022.09.26 23:00:00,0.99302,0.99335,0.99236,0.99287,8421.96
2022.09.27 00:00:00,0.99277,0.99367,0.99263,0.99353,558.43
2022.09.27 01:00:00,0.99353,0.99423,0.99247,0.99331,5232.88
2022.09.27 02:00:00,0.99329,0.99354,0.99204,0.99222,7558.42
2022.09.27 03:00:00,0.99222,0.99234,0.99075,0.99088,13674.68
2022.09.27 04:00:00,0.9909,0.99245,0.99067,0.99244,12446.53
2022.09.27 05:00:00,0.99244,0.99283,0.99197,0.99228,11004.48
2022.09.27 06:00:00,0.9923,0.99249,0.99086,0.99115,7058.75
2022.09.27 07:00:00,0.99115,0.9915,0.99084,0.9915,5778.58
2022.09.27 08:00:00,0.99149,0.99183,0.98902,0.98945,8921.25
2022.09.27 09:00:00,0.98948,0.98985,0.98708,0.98861,20525.53
2022.09.27 10:00:00,0.98861,0.98957,0.9868,0.98913,26554.33
2022.09.27 11:00:00,0.98913,0.99076,0.98665,0.98665,19277.87
2022.09.27 12:00:00,0.98664,0.99056,0.98585,0.98974,17176.37
2022.09.27 13:00:00,0.98974,0.98974,0.9863,0.98693,16107.53
2022.09.27 14:00:00,0.98693,0.98796,0.98486,0.98653,15642.88
2022.09.27 15:00:00,0.98656,0.98909,0.98496,0.98904,22793.16
2022.09.27 16:00:00,0.98904,0.98952,0.98652,0.98808,28266.09
2022.09.27 17:00:00,0.98808,0.99083,0.98808,0.98961,35295.65
2022.09.27 18:00:00,0.98962,0.99076,0.98831,0.98961,21330.32
2022.09.27 19:00:00,0.98962,0.99146,0.98927,0.99043,15059.8
2022.09.27 20:00:00,0.99043,0.99215,0.99032,0.99182,15439.22
2022.09.27 21:00:00,0.99181,0.99211,0.99088,0.99111,11054.52
2022.09.27 22:00:00,0.99111,0.99234,0.9911,0.99209,10708.6
2022.09.27 23:00:00,0.99207,0.99232,0.99149,0.99149,3821.53
2022.09.28 00:00:00,0.99149,0.99174,0.99061,0.99148,816.75
2022.09.28 01:00:00,0.99142,0.99218,0.99131,0.99204,7338.1
2022.09.28 02:00:00,0.99203,0.99224,0.9915,0.99172,5663.48
2022.09.28 03:00:00,0.99171,0.99351,0.99114,0.99344,11792.46
2022.09.28 04:00:00,0.99346,0.99444,0.99304,0.99387,16851.5
2022.09.28 05:00:00,0.99387,0.99508,0.99369,0.99476,14034.19
2022.09.28 06:00:00,0.99476,0.9948,0.99407,0.99464,9145.37
2022.09.28 07:00:00,0.99464,0.99526,0.99435,0.99495,9982.64
2022.09.28 08:00:00,0.99494,0.99535,0.99449,0.9949,14200.53
2022.09.28 09:00:00,0.99494,0.99654,0.99397,0.99632,18552
2022.09.28 10:00:00,0.99633,0.99633,0.9905,0.99101,27012.86
2022.09.28 11:00:00,0.99101,0.99401,0.98998,0.99343,23656.15
2022.09.28 12:00:00,0.99341,0.99404,0.99226,0.99268,21488.73
2022.09.28 13:00:00,0.99268,0.99269,0.98758,0.98952,37417.15
2022.09.28 14:00:00,0.98952,0.99042,0.98763,0.98772,26972.43
2022.09.28 15:00:00,0.98773,0.98775,0.98394,0.98618,33374.63
2022.09.28 16:00:00,0.9862,0.98721,0.98265,0.98492,34376.99
2022.09.28 17:00:00,0.98492,0.98605,0.98087,0.98119,33702.12
2022.09.28 18:00:00,0.9812,0.98167,0.97521,0.97571,25921.88
2022.09.28 19:00:00,0.97571,0.97891,0.97453,0.97666,21087.04
2022.09.28 20:00:00,0.97666,0.97722,0.97537,0.97674,18467.98
2022.09.28 21:00:00,0.97674,0.97742,0.97497,0.97556,13480.9
2022.09.28 22:00:00,0.97558,0.97716,0.97531,0.97605,11839.71
2022.09.28 23:00:00,0.97605,0.97647,0.97559,0.97559,6453.93
2022.09.29 00:00:00,0.97545,0.97588,0.97481,0.97539,614.08
2022.09.29 01:00:00,0.97535,0.97697,0.97485,0.97696,7533
2022.09.29 02:00:00,0.97695,0.97776,0.97656,0.97776,8297.91
2022.09.29 03:00:00,0.97777,0.978,0.97701,0.97794,10752.49
2022.09.29 04:00:00,0.97794,0.97834,0.97697,0.97807,12562.18
2022.09.29 05:00:00,0.97808,0.97943,0.97797,0.97889,8998.44
2022.09.29 06:00:00,0.97887,0.97969,0.9787,0.97932,7302.25
2022.09.29 07:00:00,0.97932,0.9796,0.97884,0.97919,5928.64
2022.09.29 08:00:00,0.9792,0.98186,0.97899,0.98129,11350.47
2022.09.29 09:00:00,0.98134,0.98193,0.9796,0.9814,16578.11
2022.09.29 10:00:00,0.9814,0.98557,0.98127,0.98444,24460.62
2022.09.29 11:00:00,0.98444,0.98481,0.98252,0.98285,23689.73
2022.09.29 12:00:00,0.98284,0.98309,0.97962,0.98061,24004.66
2022.09.29 13:00:00,0.98063,0.98166,0.97863,0.97868,19828.99
2022.09.29 14:00:00,0.97867,0.98047,0.97814,0.98038,21238.75
2022.09.29 15:00:00,0.98038,0.98435,0.98021,0.98423,24444.2
2022.09.29 16:00:00,0.98421,0.98545,0.97948,0.98166,29951.86
2022.09.29 17:00:00,0.98168,0.98394,0.9802,0.98092,28579.37
2022.09.29 18:00:00,0.98091,0.98141,0.9783,0.97973,23826.52
2022.09.29 19:00:00,0.97975,0.98059,0.97837,0.98048,13987.96
2022.09.29 20:00:00,0.98049,0.98104,0.97871,0.97908,8336.76
2022.09.29 21:00:00,0.97908,0.97987,0.97766,0.97796,10604.44
2022.09.29 22:00:00,0.97797,0.9782,0.97665,0.97698,9973.58
2022.09.29 23:00:00,0.97698,0.97729,0.97505,0.97519,4972.9
2022.09.30 00:00:00,0.97505,0.97558,0.97415,0.97492,312.16
2022.09.30 01:00:00,0.97493,0.9755,0.97375,0.9754,8779.64
2022.09.30 02:00:00,0.9754,0.97586,0.97394,0.97488,9571.24
2022.09.30 03:00:00,0.97488,0.97568,0.97392,0.97452,10437.33
2022.09.30 04:00:00,0.97454,0.97527,0.97393,0.97524,11497.47
2022.09.30 05:00:00,0.97524,0.97634,0.97517,0.97571,12298.27
2022.09.30 06:00:00,0.9757,0.97644,0.97548,0.97627,11315.16
2022.09.30 07:00:00,0.97629,0.97651,0.97556,0.97636,7418.72
2022.09.30 08:00:00,0.97637,0.97642,0.97518,0.97522,11137.56
2022.09.30 09:00:00,0.97529,0.97804,0.97424,0.97762,19972.79
2022.09.30 10:00:00,0.97763,0.97897,0.9751,0.97641,28651.84
2022.09.30 11:00:00,0.97639,0.97731,0.97537,0.97646,26032.57
2022.09.30 12:00:00,0.97644,0.97763,0.97528,0.9776,20916.12
2022.09.30 13:00:00,0.97761,0.97976,0.97726,0.97944,19480.41
2022.09.30 14:00:00,0.97944,0.98167,0.97942,0.98078,20492.29
2022.09.30 15:00:00,0.98077,0.98149,0.97802,0.97949,29523.52
2022.09.30 16:00:00,0.97953,0.98201,0.9779,0.97794,31096.19
2022.09.30 17:00:00,0.97791,0.9845,0.97768,0.98415,35794.79
2022.09.30 18:00:00,0.98412,0.98527,0.97985,0.98452,27188.95
2022.09.30 19:00:00,0.98452,0.98675,0.98373,0.98374,12868.21
2022.09.30 20:00:00,0.98374,0.98591,0.9836,0.98497,11247.15
2022.09.30 21:00:00,0.98495,0.98637,0.98448,0.98632,10026.68
2022.09.30 22:00:00,0.98634,0.98768,0.98574,0.98659,15429.74
2022.09.30 23:00:00,0.98659,0.9874,0.98561,0.98674,7761.11
2022.10.03 00:00:00,0.98395,0.98677,0.98395,0.98651,165.98
2022.10.03 01:00:00,0.98651,0.9867,0.98469,0.98498,4558.79
2022.10.03 02:00:00,0.98499,0.98601,0.98498,0.9855,9935.04
2022.10.03 03:00:00,0.98551,0.98678,0.98528,0.98576,14833
2022.10.03 04:00:00,0.98576,0.98584,0.98392,0.98398,10987.38
2022.10.03 05:00:00,0.98401,0.98511,0.98341,0.98511,7233.23
2022.10.03 06:00:00,0.9851,0.98532,0.9846,0.98523,5899.65
2022.10.03 07:00:00,0.98523,0.9866,0.98517,0.98657,9262.02
2022.10.03 08:00:00,0.98657,0.98689,0.98315,0.98385,10456.58
2022.10.03 09:00:00,0.98385,0.98886,0.98366,0.9864,19071.79
2022.10.03 10:00:00,0.98635,0.9879,0.98533,0.98784,23898.53
2022.10.03 11:00:00,0.98786,0.98862,0.98644,0.98805,20722.59
2022.10.03 12:00:00,0.98804,0.99173,0.98787,0.99077,14215.61
2022.10.03 13:00:00,0.99077,0.9909,0.98864,0.98989,16154.08
2022.10.03 14:00:00,0.98992,0.99008,0.98758,0.98781,17275.85
2022.10.03 15:00:00,0.98781,0.98952,0.9878,0.98916,20784.01
2022.10.03 16:00:00,0.98916,0.99173,0.98715,0.99072,25732.98
2022.10.03 17:00:00,0.99072,0.99179,0.98719,0.9908,32829.4
2022.10.03 18:00:00,0.99081,0.99407,0.98918,0.99293,24220.87
2022.10.03 19:00:00,0.99292,0.9937,0.9917,0.99175,15422.73
2022.10.03 20:00:00,0.99174,0.99458,0.99167,0.99446,10377.01
2022.10.03 21:00:00,0.99445,0.99493,0.99263,0.9928,12376.38
2022.10.03 22:00:00,0.9928,0.99362,0.99228,0.99317,12410.93
2022.10.03 23:00:00,0.99315,0.99326,0.99215,0.99215,5957.94
2022.10.04 00:00:00,0.99215,0.99215,0.99156,0.99204,335.85
2022.10.04 01:00:00,0.99204,0.99269,0.9916,0.99186,5384.16
2022.10.04 02:00:00,0.99186,0.99276,0.99158,0.99276,5351.03
2022.10.04 03:00:00,0.99276,0.99294,0.99206,0.99263,7826.8
2022.10.04 04:00:00,0.99262,0.99371,0.99232,0.99371,9413.55
2022.10.04 05:00:00,0.99372,0.99408,0.99164,0.99168,7695.01
2022.10.04 06:00:00,0.99168,0.99236,0.98974,0.98999,9986.95
2022.10.04 07:00:00,0.99,0.99151,0.98998,0.99125,8832.89
2022.10.04 08:00:00,0.99122,0.99254,0.99092,0.99185,9394.98
2022.10.04 09:00:00,0.9919,0.99223,0.98927,0.98955,21033.04
2022.10.04 10:00:00,0.98956,0.99039,0.98715,0.9897,24832.89
2022.10.04 11:00:00,0.9897,0.99027,0.98666,0.98773,18458.13
2022.10.04 12:00:00,0.98779,0.98943,0.98743,0.98831,21912.47
2022.10.04 13:00:00,0.9883,0.98879,0.98684,0.98789,15185.06
2022.10.04 14:00:00,0.98788,0.98935,0.98747,0.98781,19994.2
2022.10.04 15:00:00,0.98779,0.98849,0.9852,0.98614,21463.56
2022.10.04 16:00:00,0.98615,0.98745,0.98533,0.98589,26694.58
2022.10.04 17:00:00,0.98588,0.98589,0.98041,0.9813,29763.74
2022.10.04 18:00:00,0.9813,0.98146,0.97924,0.98059,21745.95
2022.10.04 19:00:00,0.98058,0.98097,0.97844,0.98007,15417.66
2022.10.04 20:00:00,0.98007,0.98092,0.97943,0.98028,13315.5
2022.10.04 21:00:00,0.98028,0.98089,0.97856,0.97867,9183.35
2022.10.04 22:00:00,0.9787,0.98025,0.97854,0.97891,11930.28
2022.10.04 23:00:00,0.9789,0.97966,0.97861,0.9792,5016.35
2022.10.05 00:00:00,0.97953,0.98001,0.97916,0.97956,411.56
2022.10.05 01:00:00,0.97956,0.97983,0.97922,0.97966,2270.83
2022.10.05 02:00:00,0.97966,0.9797,0.97864,0.9787,6033.42
2022.10.05 03:00:00,0.97871,0.98012,0.97845,0.97966,7708.21
2022.10.05 04:00:00,0.97967,0.98075,0.97875,0.98039,13760.75
2022.10.05 05:00:00,0.98039,0.98071,0.97977,0.98035,11263.4
2022.10.05 06:00:00,0.98035,0.98056,0.97988,0.97992,7096.93
2022.10.05 07:00:00,0.9799,0.98061,0.97977,0.98021,5786.67
2022.10.05 08:00:00,0.98024,0.98067,0.97932,0.98061,8497.63
2022.10.05 09:00:00,0.9806,0.98151,0.9792,0.98103,13329.78
2022.10.05 10:00:00,0.98101,0.98377,0.98087,0.9826,16184.22
2022.10.05 11:00:00,0.9826,0.98373,0.98086,0.98135,15944.79
2022.10.05 12:00:00,0.98135,0.98476,0.98047,0.98407,10941.95
2022.10.05 13:00:00,0.98406,0.98491,0.98263,0.98275,10566.79
2022.10.05 14:00:00,0.98275,0.98539,0.98273,0.98502,11045.29
2022.10.05 15:00:00,0.98502,0.98545,0.98095,0.98275,17145.93
2022.10.05 16:00:00,0.98275,0.98638,0.9822,0.9851,21914.68
2022.10.05 17:00:00,0.98519,0.98886,0.98454,0.98589,29384.53
2022.10.05 18:00:00,0.9859,0.98621,0.98355,0.98386,15312.44
2022.10.05 19:00:00,0.98385,0.98454,0.98241,0.98439,10071.13
2022.10.05 20:00:00,0.98438,0.98481,0.98246,0.98366,7568.23
2022.10.05 21:00:00,0.98365,0.98392,0.98234,0.98242,8741.3
2022.10.05 22:00:00,0.9824,0.98353,0.98132,0.98324,11150.26
2022.10.05 23:00:00,0.98323,0.98351,0.98266,0.9833,4649.7
2022.10.06 00:00:00,0.98329,0.98329,0.98127,0.98264,443.21
2022.10.06 01:00:00,0.98264,0.98298,0.98201,0.9826,5380.12
2022.10.06 02:00:00,0.98261,0.98277,0.98121,0.98123,5926.61
2022.10.06 03:00:00,0.98123,0.98139,0.97995,0.9808,9067.75
2022.10.06 04:00:00,0.98079,0.98215,0.98052,0.98163,8003.11
2022.10.06 05:00:00,0.98162,0.98188,0.98071,0.98093,8564.4
2022.10.06 06:00:00,0.98091,0.98103,0.97982,0.98076,7471.57
2022.10.06 07:00:00,0.98076,0.98148,0.98051,0.98054,9079.53
2022.10.06 08:00:00,0.98054,0.98115,0.98013,0.98038,7673.05
2022.10.06 09:00:00,0.98037,0.98111,0.9787,0.98003,14149.86
2022.10.06 10:00:00,0.98003,0.98006,0.97801,0.97969,19158.67
2022.10.06 11:00:00,0.97967,0.98255,0.97947,0.98223,18121.11
2022.10.06 12:00:00,0.98223,0.98326,0.98167,0.98306,13634.7
2022.10.06 13:00:00,0.98307,0.98447,0.98273,0.98338,12062.05
2022.10.06 14:00:00,0.98338,0.98502,0.98317,0.98388,16451.62
2022.10.06 15:00:00,0.98389,0.98557,0.98331,0.98553,16356.33
2022.10.06 16:00:00,0.98551,0.98877,0.98536,0.98797,26636.79
2022.10.06 17:00:00,0.98797,0.99075,0.98782,0.98918,26762.7
2022.10.06 18:00:00,0.98916,0.98999,0.98785,0.98993,21988.78
2022.10.06 19:00:00,0.98992,0.99132,0.98956,0.98978,16575.86
2022.10.06 20:00:00,0.98979,0.9902,0.98871,0.98962,14017.21
2022.10.06 21:00:00,0.98963,0.99086,0.98933,0.99079,11641.35
2022.10.06 22:00:00,0.99077,0.99119,0.99017,0.99048,12722.53
2022.10.06 23:00:00,0.99054,0.99065,0.99011,0.99019,4264.74
2022.10.07 00:00:00,0.9902,0.99029,0.98807,0.98893,537.24
2022.10.07 01:00:00,0.98906,0.99029,0.98906,0.99017,2835.35
2022.10.07 02:00:00,0.99014,0.99061,0.98992,0.98998,7176
2022.10.07 03:00:00,0.98999,0.99058,0.98954,0.99018,8774.48
2022.10.07 04:00:00,0.99017,0.99086,0.98998,0.99033,6497.62
2022.10.07 05:00:00,0.99031,0.99063,0.98955,0.98967,5932.8
2022.10.07 06:00:00,0.98967,0.9898,0.98925,0.98953,6854.62
2022.10.07 07:00:00,0.98954,0.99003,0.98926,0.98999,6094.57
2022.10.07 08:00:00,0.98998,0.98999,0.9892,0.98958,5297.02
2022.10.07 09:00:00,0.98959,0.9913,0.98959,0.99039,12746.76
2022.10.07 10:00:00,0.99039,0.99045,0.9886,0.98988,17217.42
2022.10.07 11:00:00,0.98988,0.99045,0.98779,0.99043,15871.16
2022.10.07 12:00:00,0.99045,0.99107,0.98976,0.99051,13066.81
2022.10.07 13:00:00,0.99052,0.99121,0.98949,0.99075,11527.37
2022.10.07 14:00:00,0.99075,0.99139,0.99024,0.99071,10420.48
2022.10.07 15:00:00,0.99071,0.99531,0.98986,0.99337,24924.6
2022.10.07 16:00:00,0.99339,0.99491,0.9914,0.9936,29410.2
2022.10.07 17:00:00,0.99363,0.99434,0.99176,0.99209,24807.17
2022.10.07 18:00:00,0.99209,0.99378,0.99123,0.9914,18344.39
2022.10.07 19:00:00,0.9914,0.99379,0.99104,0.9932,13432.71
2022.10.07 20:00:00,0.99319,0.99358,0.99294,0.9935,7452.1
2022.10.07 21:00:00,0.9935,0.99491,0.9934,0.99485,8234.24
2022.10.07 22:00:00,0.99484,0.99499,0.99452,0.99464,8292.13
2022.10.07 23:00:00,0.99463,0.99497,0.99289,0.99289,7312.73
2022.10.10 00:00:00,0.99297,0.99324,0.99268,0.99268,27.6
2022.10.10 01:00:00,0.99464,0.9949,0.99417,0.99474,6811.24
2022.10.10 02:00:00,0.99475,0.99499,0.99439,0.99447,8717.14
2022.10.10 03:00:00,0.99453,0.99497,0.99342,0.99403,10759.31
2022.10.10 04:00:00,0.99403,0.99425,0.99314,0.99331,13388.99
2022.10.10 05:00:00,0.99332,0.99436,0.99321,0.99326,7401.18
2022.10.10 06:00:00,0.99327,0.99406,0.99317,0.99385,4004.86
2022.10.10 07:00:00,0.99385,0.99449,0.99382,0.99409,5516.82
2022.10.10 08:00:00,0.99408,0.99451,0.99373,0.99431,6861.59
2022.10.10 09:00:00,0.99432,0.99496,0.99375,0.9948,12116.26
2022.10.10 10:00:00,0.99482,0.99781,0.99432,0.99737,15524.96
2022.10.10 11:00:00,0.99737,0.99906,0.99721,0.99733,15020.73
2022.10.10 12:00:00,0.99734,0.99812,0.99666,0.99733,12244.9
2022.10.10 13:00:00,0.99735,0.99904,0.99713,0.9989,9980.17
2022.10.10 14:00:00,0.99889,0.99938,0.99808,0.9988,9456.62
2022.10.10 15:00:00,0.99881,0.99886,0.99723,0.99788,11975.97
2022.10.10 16:00:00,0.99788,0.99982,0.99741,0.99969,16241.17
2022.10.10 17:00:00,0.9997,1.00019,0.99784,0.99983,20655.05
2022.10.10 18:00:00,0.99983,1.00028,0.9995,0.99995,13218.37
2022.10.10 19:00:00,0.99995,1.00047,0.99958,1.00038,7577.95
2022.10.10 20:00:00,1.0004,1.00102,0.99917,0.99933,12541.07
2022.10.10 21:00:00,0.99931,0.99975,0.99878,0.99969,9299.46
2022.10.10 22:00:00,0.99969,1.00004,0.99925,0.99992,8954.08
2022.10.10 23:00:00,0.99996,1.00008,0.99936,0.99976,1757.93
2022.10.11 00:00:00,0.99976,0.99976,0.99865,0.99948,950.21
2022.10.11 01:00:00,0.99947,0.99993,0.99917,0.99939,3486.82
2022.10.11 02:00:00,0.99939,0.99974,0.99927,0.99944,2983.82
2022.10.11 03:00:00,0.99945,1.00027,0.99857,0.99862,9409.15
2022.10.11 04:00:00,0.99862,1.00079,0.99852,1.00034,10580.88
2022.10.11 05:00:00,1.00034,1.0013,1.00018,1.00119,9059.87
2022.10.11 06:00:00,1.00117,1.00176,1.00066,1.00163,6687.56
2022.10.11 07:00:00,1.00162,1.00208,1.00137,1.00185,5834.69
2022.10.11 08:00:00,1.00186,1.00189,1.00041,1.00099,6300.29
2022.10.11 09:00:00,1.00099,1.00201,1.00025,1.00068,14832.64
2022.10.11 10:00:00,1.00069,1.00093,0.99833,1.00064,20263.62
2022.10.11 11:00:00,1.00065,1.00091,0.99896,0.99986,16076.31
2022.10.11 12:00:00,0.99985,0.99996,0.99813,0.99911,13834.94
2022.10.11 13:00:00,0.99911,0.99973,0.99678,0.99679,12531.31
2022.10.11 14:00:00,0.99681,0.9972,0.99522,0.99557,14083.39
2022.10.11 15:00:00,0.99559,0.99716,0.99459,0.99716,15809.55
2022.10.11 16:00:00,0.99717,0.99905,0.99662,0.99819,21522.69
2022.10.11 17:00:00,0.99825,0.99877,0.99577,0.99713,22113.91
2022.10.11 18:00:00,0.99713,0.99782,0.99389,0.99393,17451.05
2022.10.11 19:00:00,0.99393,0.99491,0.99152,0.99205,13142.71
2022.10.11 20:00:00,0.99205,0.99341,0.99185,0.99293,10014.78
2022.10.11 21:00:00,0.99294,0.99754,0.99287,0.99727,14897.46
2022.10.11 22:00:00,0.99726,0.99786,0.99573,0.99649,17852.49
2022.10.11 23:00:00,0.99649,0.99715,0.99578,0.99671,4565.38
2022.10.12 00:00:00,0.99643,0.99735,0.99527,0.99653,977.02
2022.10.12 01:00:00,0.99659,0.99706,0.99627,0.99674,3116.9
2022.10.12 02:00:00,0.99674,0.99771,0.9967,0.99765,3775.54
2022.10.12 03:00:00,0.99763,0.99837,0.99666,0.99729,12026.86
2022.10.12 04:00:00,0.99728,0.99847,0.99658,0.99799,9344.9
2022.10.12 05:00:00,0.99799,0.9988,0.99784,0.99791,5848.6
2022.10.12 06:00:00,0.99791,0.99827,0.9974,0.99751,3729.91
2022.10.12 07:00:00,0.99751,0.99779,0.99516,0.99645,12231.02
2022.10.12 08:00:00,0.99647,0.99692,0.99524,0.99558,9002.31
2022.10.12 09:00:00,0.99555,0.99598,0.99403,0.99446,13908.79
2022.10.12 10:00:00,0.99444,0.99681,0.99389,0.99394,21051.85
2022.10.12 11:00:00,0.99395,0.99576,0.99304,0.99563,15963.83
2022.10.12 12:00:00,0.99562,0.99622,0.99508,0.99585,12734.86
2022.10.12 13:00:00,0.99584,0.9962,0.99481,0.99503,11683.26
2022.10.12 14:00:00,0.99501,0.99618,0.99445,0.99498,13168.28
2022.10.12 15:00:00,0.99502,0.99679,0.99463,0.99515,19124.1
2022.10.12 16:00:00,0.99515,0.99716,0.99479,0.99715,18051.75
2022.10.12 17:00:00,0.99716,1.00037,0.99634,0.99863,21957.44
2022.10.12 18:00:00,0.99863,0.99885,0.99688,0.99802,16026.5
2022.10.12 19:00:00,0.99802,0.99923,0.99774,0.9986,13880.01
2022.10.12 20:00:00,0.9986,0.99905,0.99775,0.99775,7140.2
2022.10.12 21:00:00,0.99784,0.99857,0.99563,0.99809,17990.83
2022.10.12 22:00:00,0.99809,0.99856,0.99701,0.99768,9123.34
2022.10.12 23:00:00,0.99769,0.99793,0.99728,0.99728,4061.13
2022.10.13 00:00:00,0.9971,0.99764,0.99616,0.99701,65.59
2022.10.13 01:00:00,0.99701,0.99717,0.99619,0.99714,1979.28
2022.10.13 02:00:00,0.99714,0.99768,0.99694,0.99756,4578.4
2022.10.13 03:00:00,0.99761,0.99807,0.99637,0.99673,8498.3
2022.10.13 04:00:00,0.99672,0.99797,0.99648,0.99749,8737.57
2022.10.13 05:00:00,0.99751,0.99805,0.99746,0.9979,5614.44
2022.10.13 06:00:00,0.9979,0.99819,0.9977,0.99792,5229.41
2022.10.13 07:00:00,0.99793,0.99823,0.99754,0.99756,3896.93
2022.10.13 08:00:00,0.99753,0.99803,0.99726,0.99786,5086.03
2022.10.13 09:00:00,0.99789,0.99871,0.99725,0.9985,7568.25
2022.10.13 10:00:00,0.99851,1.00017,0.99842,0.99918,11823.69
2022.10.13 11:00:00,0.99919,1.00035,0.99857,0.99858,10246.86
2022.10.13 12:00:00,0.99859,0.99876,0.99688,0.99856,11274.41
2022.10.13 13:00:00,0.99858,0.99926,0.99787,0.99865,9552.42
2022.10.13 14:00:00,0.99864,0.99865,0.99584,0.99761,20297.84
2022.10.13 15:00:00,0.99761,1.00707,0.99744,1.00444,31374.98
2022.10.13 16:00:00,1.00447,1.00732,1.00335,1.00377,33073.36
2022.10.13 17:00:00,1.00376,1.00589,1.00255,1.00406,33147.97
2022.10.13 18:00:00,1.00407,1.00421,0.99691,0.99869,31730.57
2022.10.13 19:00:00,0.99868,1.00007,0.99766,0.99985,18955.36
2022.10.13 20:00:00,0.99987,1.00016,0.99707,0.99799,17332.7
2022.10.13 21:00:00,0.99798,0.99943,0.99781,0.99854,16430.57
2022.10.13 22:00:00,0.99856,0.99978,0.99823,0.99968,8966.83
2022.10.13 23:00:00,0.99968,1.00137,0.99938,1.00093,5178
2022.10.14 00:00:00,1.00047,1.00047,0.99952,1.00041,186.97
2022.10.14 01:00:00,1.00041,1.00163,1.00013,1.00095,5524.77
2022.10.14 02:00:00,1.00096,1.00175,1.00086,1.00167,6967.94
2022.10.14 03:00:00,1.00168,1.00188,1.00079,1.00142,10403.63
2022.10.14 04:00:00,1.0014,1.00142,0.99805,0.99839,13961.13
2022.10.14 05:00:00,0.99839,0.99927,0.99826,0.99925,9970.59
2022.10.14 06:00:00,0.99925,0.99928,0.99821,0.99872,8466.24
2022.10.14 07:00:00,0.99872,0.99948,0.99863,0.99918,7126.67
2022.10.14 08:00:00,0.9992,0.99952,0.99864,0.999,9739.35
2022.10.14 09:00:00,0.99899,0.99905,0.99644,0.99658,13510.37
2022.10.14 10:00:00,0.99659,0.99967,0.99643,0.99802,13814.54
2022.10.14 11:00:00,0.99804,1.00084,0.99803,1.00074,11104.47
2022.10.14 12:00:00,1.00074,1.00374,1.00074,1.00296,11383.69
2022.10.14 13:00:00,1.00296,1.00319,0.99986,1.00275,16502.03
2022.10.14 14:00:00,1.00273,1.00467,1.0017,1.00398,13041.42
2022.10.14 15:00:00,1.00397,1.00448,0.99936,0.99962,18365.87
2022.10.14 16:00:00,0.99962,1.00424,0.9983,1.00348,30032.28
2022.10.14 17:00:00,1.00385,1.0059,1.00224,1.00323,34777.63
2022.10.14 18:00:00,1.00323,1.00516,1.00232,1.00479,17117.21
2022.10.14 19:00:00,1.00478,1.00589,1.00356,1.00558,15540.86
2022.10.14 20:00:00,1.00558,1.00657,1.00495,1.00554,11270.38
2022.10.14 21:00:00,1.00554,1.00618,1.00525,1.00552,8388.45
2022.10.14 22:00:00,1.00551,1.00596,1.0047,1.0048,8759.37
2022.10.14 23:00:00,1.00476,1.00575,1.00447,1.0046,4172.95
2022.10.17 00:00:00,1.00391,1.00545,1.0039,1.00512,167.56
2022.10.17 01:00:00,1.00512,1.00542,1.00363,1.00407,2814.34
2022.10.17 02:00:00,1.00404,1.0044,1.0033,1.00358,6596.32
2022.10.17 03:00:00,1.00357,1.00398,1.00266,1.0033,9118.74
2022.10.17 04:00:00,1.00329,1.00449,1.00323,1.0037,8279.61
2022.10.17 05:00:00,1.00369,1.00384,1.00325,1.00347,5451.23
2022.10.17 06:00:00,1.00347,1.00365,1.00316,1.00353,4467.87
2022.10.17 07:00:00,1.00353,1.00399,1.00334,1.00376,6132.28
2022.10.17 08:00:00,1.00376,1.00381,1.00181,1.00184,7279.63
2022.10.17 09:00:00,1.00185,1.00254,1.00134,1.0014,11260.46
2022.10.17 10:00:00,1.00139,1.00193,0.99996,1.00044,20966.87
2022.10.17 11:00:00,1.00044,1.00277,0.99915,1.00257,13778.43
2022.10.17 12:00:00,1.00257,1.00274,1.00127,1.00256,10452.69
2022.10.17 13:00:00,1.00256,1.00278,1.00028,1.00196,16020.94
2022.10.17 14:00:00,1.00195,1.00246,1.00097,1.00178,11973.06
2022.10.17 15:00:00,1.00178,1.00241,0.99748,0.99833,13250.08
2022.10.17 16:00:00,0.99833,0.99845,0.99547,0.99785,13712.34
2022.10.17 17:00:00,0.99786,0.99787,0.99544,0.99617,16843.45
2022.10.17 18:00:00,0.99619,0.99754,0.99432,0.99522,11094.58
2022.10.17 19:00:00,0.99524,0.99671,0.99494,0.99597,10543.95
2022.10.17 20:00:00,0.99597,0.99621,0.9952,0.99596,5554.47
2022.10.17 21:00:00,0.99596,0.99657,0.99526,0.99574,5150.04
2022.10.17 22:00:00,0.99571,0.99643,0.99552,0.99627,5740.51
2022.10.17 23:00:00,0.99626,0.99638,0.99548,0.99548,5866.51
2022.10.18 00:00:00,0.99507,0.99592,0.99479,0.99503,606.12
2022.10.18 01:00:00,0.99515,0.99597,0.99511,0.99576,5499.73
2022.10.18 02:00:00,0.99576,0.99593,0.99528,0.99567,5722.45
2022.10.18 03:00:00,0.99569,0.99569,0.99446,0.99497,7357.61
2022.10.18 04:00:00,0.99495,0.9957,0.99485,0.9952,5551.22
2022.10.18 05:00:00,0.99521,0.99558,0.99464,0.99506,5639.75
2022.10.18 06:00:00,0.99506,0.996,0.994,0.99418,7160.11
2022.10.18 07:00:00,0.99419,0.99419,0.9921,0.99329,13779.08
2022.10.18 08:00:00,0.99329,0.99442,0.9931,0.99389,11114.64
2022.10.18 09:00:00,0.99389,0.9944,0.99285,0.99343,11113.47
2022.10.18 10:00:00,0.99341,0.99471,0.99185,0.99324,16153.61
2022.10.18 11:00:00,0.99324,0.99664,0.99284,0.99664,13441.79
2022.10.18 12:00:00,0.99663,0.99669,0.99334,0.99475,14840.56
2022.10.18 13:00:00,0.99477,0.9974,0.99444,0.99727,9855.67
2022.10.18 14:00:00,0.99727,0.99727,0.99556,0.99587,11396.25
2022.10.18 15:00:00,0.99619,0.99638,0.99306,0.9934,11839.87
2022.10.18 16:00:00,0.99339,0.99541,0.99294,0.9948,16184.33
2022.10.18 17:00:00,0.9948,0.99697,0.99388,0.99467,19261.44
2022.10.18 18:00:00,0.99468,0.99705,0.99447,0.99691,6621.52
2022.10.18 19:00:00,0.99619,0.99695,0.99546,0.9959,9129.15
2022.10.18 20:00:00,0.9959,0.99694,0.99487,0.99509,10063.5
2022.10.18 21:00:00,0.99511,0.99588,0.99469,0.9949,6997.09
2022.10.18 22:00:00,0.99486,0.99526,0.99417,0.99421,5369.39
2022.10.18 23:00:00,0.99422,0.99463,0.99358,0.99367,3538.77
2022.10.19 00:00:00,0.99357,0.99371,0.99332,0.99356,252.78
2022.10.19 01:00:00,0.99362,0.99413,0.9932,0.99334,14589.57
2022.10.19 02:00:00,0.99334,0.99379,0.99278,0.99372,7637.56
2022.10.19 03:00:00,0.99372,0.9947,0.99332,0.99417,7625.39
2022.10.19 04:00:00,0.99419,0.99459,0.99341,0.9938,7398.68
2022.10.19 05:00:00,0.9938,0.99461,0.99364,0.99439,5411.56
2022.10.19 06:00:00,0.99438,0.99504,0.99419,0.99496,4165.17
2022.10.19 07:00:00,0.99496,0.99533,0.99471,0.99507,3924.96
2022.10.19 08:00:00,0.99508,0.99571,0.99499,0.99545,4390.36
2022.10.19 09:00:00,0.99548,0.99864,0.99548,0.99841,15002.67
2022.10.19 10:00:00,0.9984,0.99923,0.99784,0.99795,19721.92
2022.10.19 11:00:00,0.99795,0.99989,0.99792,0.99976,13083.55
2022.10.19 12:00:00,0.99978,1.00087,0.99922,0.99952,10003.69
2022.10.19 13:00:00,0.99951,1.00315,0.99934,1.00298,10243.3
2022.10.19 14:00:00,1.00296,1.00429,1.00209,1.00235,13303.11
2022.10.19 15:00:00,1.00237,1.00446,1.00226,1.00363,12579.3
2022.10.19 16:00:00,1.00361,1.00435,1.00209,1.00427,16426.92
2022.10.19 17:00:00,1.00427,1.00478,1.00205,1.00384,17614.96
2022.10.19 18:00:00,1.00385,1.00402,1.00321,1.00394,11012.59
2022.10.19 19:00:00,1.00394,1.00537,1.00381,1.00527,10271.2
2022.10.19 20:00:00,1.00531,1.00625,1.0048,1.00547,11623.09
2022.10.19 21:00:00,1.00551,1.00581,1.00454,1.0056,5514.41
2022.10.19 22:00:00,1.00558,1.0056,1.00437,1.0045,4513.89
2022.10.19 23:00:00,1.00451,1.00497,1.00425,1.00425,4308.75
2022.10.20 00:00:00,1.00425,1.00458,1.00302,1.00398,135.83
2022.10.20 01:00:00,1.00458,1.00511,1.00411,1.00508,8428.57
2022.10.20 02:00:00,1.0051,1.00531,1.00474,1.00494,4053.39
2022.10.20 03:00:00,1.00494,1.0056,1.00459,1.005,6800.98
2022.10.20 04:00:00,1.00502,1.00602,1.00496,1.00585,6380.31
2022.10.20 05:00:00,1.00584,1.00636,1.00561,1.00585,5202.03
2022.10.20 06:00:00,1.00582,1.00619,1.0057,1.00596,3043.58
2022.10.20 07:00:00,1.00599,1.00621,1.00416,1.00473,8216.46
2022.10.20 08:00:00,1.00474,1.00516,1.00404,1.00462,8557.56
2022.10.20 09:00:00,1.0046,1.00572,1.00423,1.00468,11522.38
2022.10.20 10:00:00,1.00467,1.00681,1.00374,1.00428,17328.03
2022.10.20 11:00:00,1.00426,1.00622,1.00361,1.00619,11282.95
2022.10.20 12:00:00,1.00619,1.00619,1.00402,1.00485,7703.26
2022.10.20 13:00:00,1.00486,1.00577,1.00317,1.00328,10712.07
2022.10.20 14:00:00,1.00329,1.00372,1.00132,1.00205,11153.12
2022.10.20 15:00:00,1.00205,1.00401,1.00054,1.00387,19233.03
2022.10.20 16:00:00,1.00386,1.00474,1.00286,1.00432,17620.94
2022.10.20 17:00:00,1.00434,1.00457,0.99998,1.00048,22982.41
2022.10.20 18:00:00,1.00048,1.00127,0.99939,1.00033,11998.5
2022.10.20 19:00:00,1.00033,1.00254,1.00032,1.00228,11287.78
2022.10.20 20:00:00,1.00227,1.00431,1.00216,1.00406,11593.15
2022.10.20 21:00:00,1.00406,1.00488,1.00332,1.00417,10827.3
2022.10.20 22:00:00,1.00416,1.00497,1.00358,1.00396,6105.75
2022.10.20 23:00:00,1.00398,1.00442,1.00259,1.00286,4661.08
2022.10.21 00:00:00,1.00287,1.00323,1.00269,1.003,591.52
2022.10.21 01:00:00,1.003,1.00371,1.00289,1.00371,8564.36
2022.10.21 02:00:00,1.00366,1.00432,1.00366,1.00393,3338.3
2022.10.21 03:00:00,1.00393,1.00513,1.00364,1.00473,5356.21
2022.10.21 04:00:00,1.00473,1.00551,1.00452,1.00527,7037.8
2022.10.21 05:00:00,1.00528,1.00553,1.00459,1.00542,4243.19
2022.10.21 06:00:00,1.00542,1.00602,1.00484,1.00573,4288.34
2022.10.21 07:00:00,1.00573,1.00633,1.00549,1.00607,5858.93
2022.10.21 08:00:00,1.00607,1.00642,1.00544,1.00572,5075.64
2022.10.21 09:00:00,1.00572,1.00642,1.00562,1.00631,9152.84
2022.10.21 10:00:00,1.00633,1.00734,1.00354,1.00513,15131.54
2022.10.21 11:00:00,1.00516,1.00995,1.00507,1.00976,12782.21
2022.10.21 12:00:00,1.00974,1.0119,1.00956,1.01162,12318.58
2022.10.21 13:00:00,1.01161,1.01241,1.01045,1.01121,11384.61
2022.10.21 14:00:00,1.01121,1.01233,1.01015,1.01213,11524.52
2022.10.21 15:00:00,1.01213,1.01472,1.00809,1.0098,18113.39
2022.10.21 16:00:00,1.00986,1.01123,1.00501,1.00531,29329.38
2022.10.21 17:00:00,1.00531,1.00939,1.0024,1.00513,30459.1
2022.10.21 18:00:00,1.00513,1.00664,0.9982,0.99824,34560.34
2022.10.21 19:00:00,0.99826,1.00079,0.99613,0.99937,28485.94
2022.10.21 20:00:00,0.99937,1.00068,0.99828,1.00047,9888.54
2022.10.21 21:00:00,1.00046,1.00112,0.99853,0.99965,12453.59
2022.10.21 22:00:00,0.99962,0.99962,0.99722,0.99774,11507.51
2022.10.21 23:00:00,0.99774,0.99797,0.99716,0.99721,5264.89
2022.10.24 00:00:00,0.99543,0.99603,0.99496,0.9951,819
2022.10.24 01:00:00,0.99539,1.00133,0.99499,1.00002,15005.8
2022.10.24 02:00:00,1.00003,1.00151,0.99435,0.99753,19718.81
2022.10.24 03:00:00,0.99753,0.99981,0.99689,0.99913,17328.34
2022.10.24 04:00:00,0.99912,0.99988,0.99849,0.99918,12589.23
2022.10.24 05:00:00,0.99918,0.99975,0.99802,0.99833,8595.1
2022.10.24 06:00:00,0.99833,0.99949,0.99803,0.99902,6981.04
2022.10.24 07:00:00,0.99902,0.9992,0.99758,0.99793,6693.69
2022.10.24 08:00:00,0.99793,0.99846,0.99753,0.99786,7257.2
2022.10.24 09:00:00,0.99786,0.99917,0.99727,0.99784,14799.32
2022.10.24 10:00:00,0.99785,1.00057,0.99647,0.99982,19159.6
2022.10.24 11:00:00,0.99976,1.00193,0.99955,1.00106,17259.82
2022.10.24 12:00:00,1.00107,1.00311,1.00062,1.00085,12282.76
2022.10.24 13:00:00,1.00085,1.00227,1.00061,1.00221,11366.21
2022.10.24 14:00:00,1.00222,1.00256,0.99937,1.00148,15956.68
2022.10.24 15:00:00,1.00148,1.0023,0.99965,1.00118,20061.07
2022.10.24 16:00:00,1.00118,1.00287,0.99687,0.99804,23859.4
2022.10.24 17:00:00,0.99804,1.00179,0.99776,1.00048,28814.08
2022.10.24 18:00:00,1.00048,1.00198,0.99975,1.00066,18128
2022.10.24 19:00:00,1.00071,1.00227,1.00036,1.00182,11098.97
2022.10.24 20:00:00,1.00181,1.00201,1.00126,1.00179,5800.72
2022.10.24 21:00:00,1.00177,1.00196,1.00106,1.00122,4693.8
2022.10.24 22:00:00,1.00125,1.00132,1.00046,1.00107,5523
2022.10.24 23:00:00,1.00111,1.00139,1.0004,1.0004,2288.36
2022.10.25 00:00:00,1.0004,1.0005,0.99993,1.00037,120.6
2022.10.25 01:00:00,1.00042,1.00075,0.9991,0.99913,8024.09
2022.10.25 02:00:00,0.99911,0.99958,0.99901,0.99958,6832.29
2022.10.25 03:00:00,0.99953,1.00003,0.99821,0.99848,11270.55
2022.10.25 04:00:00,0.9985,0.9998,0.998,0.99965,15066.93
2022.10.25 05:00:00,0.99964,1.00027,0.99963,0.99977,5557.77
2022.10.25 06:00:00,0.99975,1.00009,0.99927,0.99974,8795.01
2022.10.25 07:00:00,0.99974,1.00052,0.99959,1.00039,6948.74
2022.10.25 08:00:00,1.00042,1.00105,1.00022,1.00097,8464.33
2022.10.25 09:00:00,1.00097,1.00258,1.00052,1.00242,10764.76
2022.10.25 10:00:00,1.00245,1.00288,1.00121,1.0024,14141.09
2022.10.25 11:00:00,1.0024,1.00292,1.00098,1.00275,12781.19
2022.10.25 12:00:00,1.00273,1.00296,1.00163,1.00287,10610.23
2022.10.25 13:00:00,1.00288,1.00298,1.00213,1.00244,8698.28
2022.10.25 14:00:00,1.00244,1.00301,1.00182,1.00199,10497.89
2022.10.25 15:00:00,1.00199,1.00309,1.00194,1.00265,13445.62
2022.10.25 16:00:00,1.00269,1.00295,0.99464,0.99479,24516.24
2022.10.25 17:00:00,0.99477,0.99799,0.9939,0.99592,25002.37
2022.10.25 18:00:00,0.99591,0.99655,0.99403,0.9961,15310.59
2022.10.25 19:00:00,0.99611,0.99739,0.99564,0.99672,11458.63
2022.10.25 20:00:00,0.99673,0.99714,0.99545,0.9955,10131.87
2022.10.25 21:00:00,0.99551,0.99614,0.99491,0.99567,7788.64
2022.10.25 22:00:00,0.99567,0.99599,0.99451,0.99451,7166.09
2022.10.25 23:00:00,0.99452,0.99484,0.99409,0.99409,2426.67
2022.10.26 00:00:00,0.99421,0.9948,0.9941,0.99453,396.5
2022.10.26 01:00:00,0.99446,0.9952,0.99433,0.99499,8395.64
2022.10.26 02:00:00,0.99499,0.99509,0.99435,0.99476,5163.37
2022.10.26 03:00:00,0.99476,0.99617,0.99415,0.99588,8460.77
2022.10.26 04:00:00,0.99588,0.99614,0.99492,0.99562,7966.03
2022.10.26 05:00:00,0.99562,0.99574,0.99486,0.99497,6749.17
2022.10.26 06:00:00,0.99497,0.99517,0.99422,0.99458,5562.27
2022.10.26 07:00:00,0.99459,0.99497,0.99424,0.99462,5042.61
2022.10.26 08:00:00,0.99463,0.995,0.9937,0.99422,6439.23
2022.10.26 09:00:00,0.99424,0.99432,0.99195,0.99232,15009.67
2022.10.26 10:00:00,0.9923,0.99296,0.98776,0.98776,21170.23
2022.10.26 11:00:00,0.98776,0.98875,0.98584,0.98628,18410.07
2022.10.26 12:00:00,0.98632,0.98987,0.98536,0.98955,13284.12
2022.10.26 13:00:00,0.98955,0.99111,0.98929,0.98944,10699.49
2022.10.26 14:00:00,0.98942,0.98995,0.98837,0.9896,11899.07
2022.10.26 15:00:00,0.98962,0.99278,0.98885,0.99157,21259.38
2022.10.26 16:00:00,0.99159,0.99181,0.98818,0.99009,18501.75
2022.10.26 17:00:00,0.99007,0.99054,0.98717,0.98752,27679.68
2022.10.26 18:00:00,0.98752,0.98828,0.98519,0.98638,15459.34
2022.10.26 19:00:00,0.98636,0.98718,0.98556,0.98683,10643.08
2022.10.26 20:00:00,0.98683,0.98773,0.98632,0.98643,11692.7
2022.10.26 21:00:00,0.98644,0.98677,0.98537,0.98635,10904.59
2022.10.26 22:00:00,0.98633,0.98693,0.98595,0.98632,7371.51
2022.10.26 23:00:00,0.9863,0.98659,0.98579,0.98579,2679.77
2022.10.27 00:00:00,0.98579,0.98623,0.9854,0.98576,1211.66
2022.10.27 01:00:00,0.98574,0.98631,0.98565,0.98601,19797.1
2022.10.27 02:00:00,0.98602,0.98614,0.98466,0.98469,7849.23
2022.10.27 03:00:00,0.98465,0.98581,0.98409,0.98554,6868.4
2022.10.27 04:00:00,0.98555,0.98558,0.98458,0.98524,7418.99
2022.10.27 05:00:00,0.98525,0.98693,0.98525,0.98634,5276.05
2022.10.27 06:00:00,0.98636,0.98652,0.98604,0.9863,4341.54
2022.10.27 07:00:00,0.98631,0.98669,0.98595,0.98611,3868.29
2022.10.27 08:00:00,0.98611,0.98627,0.985,0.98565,7096.1
2022.10.27 09:00:00,0.98563,0.98844,0.98535,0.98801,11952.38
2022.10.27 10:00:00,0.98802,0.98856,0.98661,0.98694,16372.18
2022.10.27 11:00:00,0.98695,0.98827,0.98579,0.98781,14620.13
2022.10.27 12:00:00,0.98781,0.99036,0.98734,0.98936,12114.29
2022.10.27 13:00:00,0.98936,0.99038,0.98856,0.99021,12367.63
2022.10.27 14:00:00,0.9902,0.991,0.98933,0.99028,12667.86
2022.10.27 15:00:00,0.99029,0.99277,0.98881,0.98955,27677.16
2022.10.27 16:00:00,0.98952,0.99146,0.98843,0.9906,32212.42
2022.10.27 17:00:00,0.9906,0.99077,0.98686,0.98964,24193.2
2022.10.27 18:00:00,0.98964,0.99071,0.98816,0.98986,18963.04
2022.10.27 19:00:00,0.98986,0.99106,0.98919,0.9906,9786.4
2022.10.27 20:00:00,0.9906,0.99087,0.98894,0.99077,7927.07
2022.10.27 21:00:00,0.99079,0.99192,0.99039,0.99189,5044.35
2022.10.27 22:00:00,0.99189,0.99229,0.99105,0.99161,5975.84
2022.10.27 23:00:00,0.9916,0.99187,0.99021,0.99021,5575.47
2022.10.28 00:00:00,0.9904,0.99084,0.99021,0.99084,331.53
2022.10.28 01:00:00,0.99079,0.99125,0.9899,0.99005,14699.47
2022.10.28 02:00:00,0.99006,0.99064,0.98993,0.99031,5660.76
2022.10.28 03:00:00,0.99029,0.99126,0.99011,0.99089,5501.11
2022.10.28 04:00:00,0.99086,0.99104,0.98834,0.98841,7385.06
2022.10.28 05:00:00,0.98842,0.98999,0.98826,0.98893,10601.68
2022.10.28 06:00:00,0.98895,0.98973,0.98838,0.98848,8299.86
2022.10.28 07:00:00,0.98849,0.98943,0.9882,0.98914,5495.21
2022.10.28 08:00:00,0.98914,0.99142,0.98893,0.99133,9137.41
2022.10.28 09:00:00,0.99132,0.99332,0.99083,0.99236,14145.94
2022.10.28 10:00:00,0.99236,0.99525,0.99177,0.99454,16485.39
2022.10.28 11:00:00,0.99453,0.99607,0.99412,0.99519,11695.69
2022.10.28 12:00:00,0.99515,0.99647,0.99439,0.99466,11088.03
2022.10.28 13:00:00,0.99463,0.99596,0.99438,0.99531,6947.79
2022.10.28 14:00:00,0.99531,0.99681,0.99345,0.99672,12379.11
2022.10.28 15:00:00,0.99673,0.99794,0.9945,0.99647,21289.78
2022.10.28 16:00:00,0.99649,0.99698,0.99461,0.99507,19758.32
2022.10.28 17:00:00,0.99504,0.99728,0.99404,0.99623,19278.89
2022.10.28 18:00:00,0.99619,0.99785,0.99592,0.99683,13791.94
2022.10.28 19:00:00,0.99684,0.99752,0.99638,0.99651,6221.57
2022.10.28 20:00:00,0.99649,0.99725,0.99585,0.99697,3901.97
2022.10.28 21:00:00,0.99697,0.99709,0.99598,0.99632,4902.2
2022.10.28 22:00:00,0.99637,0.99649,0.99539,0.99542,4779.43
2022.10.28 23:00:00,0.99543,0.9964,0.99537,0.99537,3327.11
2022.10.30 23:00:00,0.99556,0.99598,0.99484,0.99484,11.56
2022.10.31 00:00:00,0.99694,0.99821,0.99529,0.99628,10708.06
2022.10.31 01:00:00,0.9963,0.99676,0.9959,0.99638,5065.86
2022.10.31 02:00:00,0.99637,0.99711,0.99587,0.99677,6047.19
2022.10.31 03:00:00,0.99678,0.99747,0.99628,0.99698,5295.91
2022.10.31 04:00:00,0.99698,0.99727,0.99637,0.99685,5476.61
2022.10.31 05:00:00,0.99684,0.99709,0.99612,0.99626,4942.97
2022.10.31 06:00:00,0.99626,0.99682,0.99613,0.99657,4585.32
2022.10.31 07:00:00,0.99658,0.99746,0.99648,0.99719,5891.54
2022.10.31 08:00:00,0.99722,0.99776,0.99662,0.99663,4899.41
2022.10.31 09:00:00,0.99672,0.99939,0.99672,0.99933,10485.09
2022.10.31 10:00:00,0.99937,1.00119,0.9991,1.00035,11356.25
2022.10.31 11:00:00,1.00034,1.00059,0.99822,0.99914,9489.46
2022.10.31 12:00:00,0.99914,1.00074,0.99893,1.00038,7160.68
2022.10.31 13:00:00,1.00037,1.00059,0.99935,0.99936,9643.69
2022.10.31 14:00:00,0.9994,1.00161,0.99934,1.00148,12620.72
2022.10.31 15:00:00,1.00147,1.00253,1.00083,1.00246,14682.85
2022.10.31 16:00:00,1.00243,1.00282,0.99992,1.00261,13665.82
2022.10.31 17:00:00,1.00263,1.00318,0.99946,1.0006,17138.73
2022.10.31 18:00:00,1.00059,1.00183,1.00047,1.0014,12339.28
2022.10.31 19:00:00,1.00138,1.00177,1.00079,1.00089,8533.06
2022.10.31 20:00:00,1.00089,1.0015,1.00036,1.00113,7086.68
2022.10.31 21:00:00,1.00109,1.00189,1.00109,1.00129,8104.14
2022.10.31 22:00:00,1.00128,1.0021,1.00113,1.00127,5453.99
2022.10.31 23:00:00,1.00127,1.00128,0.99957,1.00124,177.77
2022.11.01 00:00:00,1.00123,1.00204,1.001,1.0013,11996.54
2022.11.01 01:00:00,1.0013,1.00158,1.00092,1.00153,3209.55
2022.11.01 02:00:00,1.00152,1.00169,1.00104,1.00158,3088.05
2022.11.01 03:00:00,1.00158,1.00164,1.00003,1.00055,6478.74
2022.11.01 04:00:00,1.00055,1.00069,0.99944,0.99999,3945.29
2022.11.01 05:00:00,0.99999,1.00108,0.99981,1.00064,6927.27
2022.11.01 06:00:00,1.00062,1.00088,1.00004,1.00042,3740.91
2022.11.01 07:00:00,1.00042,1.00052,0.99891,0.99918,5082.21
2022.11.01 08:00:00,0.99919,0.99962,0.99755,0.99759,9286.74
2022.11.01 09:00:00,0.99771,0.99936,0.99703,0.99769,13005.16
2022.11.01 10:00:00,0.99769,0.99772,0.99417,0.99445,12508.54
2022.11.01 11:00:00,0.99445,0.99513,0.99263,0.99304,8365.45
2022.11.01 12:00:00,0.99303,0.99356,0.99143,0.99343,10260.76
2022.11.01 13:00:00,0.99342,0.99383,0.992,0.99356,8130.07
2022.11.01 14:00:00,0.99356,0.99369,0.99155,0.99286,12646.26
2022.11.01 15:00:00,0.99282,0.99522,0.99231,0.99408,16494.96
2022.11.01 16:00:00,0.99408,1.00105,0.99306,0.99986,27127.4
2022.11.01 17:00:00,0.99988,1.00107,0.99904,0.99955,16390.89
2022.11.01 18:00:00,0.99956,1.00121,0.99668,1.00047,17133.46
2022.11.01 19:00:00,1.00047,1.00071,0.9987,0.99877,6609.31
2022.11.01 20:00:00,0.99877,1.00018,0.99867,0.99984,4950.23
2022.11.01 21:00:00,0.99981,1.0004,0.99967,1.00005,4212.04
2022.11.01 22:00:00,1.00006,1.00069,0.9996,0.9996,1986.9
2022.11.01 23:00:00,0.99945,0.99963,0.99804,0.99805,259.26
2022.11.02 00:00:00,0.99944,1.00103,0.99906,1.0002,8519.92
2022.11.02 01:00:00,1.00017,1.00039,0.99961,0.99989,4527.6
2022.11.02 02:00:00,0.9999,1.00016,0.99842,0.99843,8553.2
2022.11.02 03:00:00,0.99843,0.99892,0.99815,0.99829,5487.83
2022.11.02 04:00:00,0.99829,0.99914,0.99746,0.99778,3989.69
2022.11.02 05:00:00,0.99778,0.99813,0.99741,0.99812,2442.25
2022.11.02 06:00:00,0.99813,0.99904,0.99806,0.99874,4222.47
2022.11.02 07:00:00,0.99872,0.99879,0.99764,0.99828,3577.62
2022.11.02 08:00:00,0.99828,0.99909,0.99785,0.99846,5478.14
2022.11.02 09:00:00,0.99845,0.9996,0.99802,0.99869,7265.21
2022.11.02 10:00:00,0.99868,0.99933,0.99741,0.99745,10686.06
2022.11.02 11:00:00,0.9974,0.99796,0.99635,0.99642,8457.7
2022.11.02 12:00:00,0.99643,0.99743,0.99598,0.99717,6558.06
2022.11.02 13:00:00,0.99717,0.99772,0.99595,0.99607,6797.17
2022.11.02 14:00:00,0.99603,0.99702,0.99466,0.99479,15051.72
2022.11.02 15:00:00,0.99479,0.99689,0.99424,0.99653,12572.78
2022.11.02 16:00:00,0.99657,0.99836,0.99637,0.99794,10738.39
2022.11.02 17:00:00,0.9979,0.99935,0.99763,0.99875,9996.64
2022.11.02 18:00:00,0.99876,0.99972,0.99861,0.9989,6557.9
2022.11.02 19:00:00,0.9989,0.99952,0.9973,0.9973,6239.82
2022.11.02 20:00:00,0.9973,0.99984,0.99099,0.99816,35555.78
2022.11.02 21:00:00,0.99815,1.00398,0.99632,1.0024,27540.31
2022.11.02 22:00:00,1.00242,1.00355,1.00238,1.0032,5488.7
2022.11.02 23:00:00,1.0032,1.0032,1.00251,1.00265,551.61
2022.11.03 00:00:00,1.00265,1.00328,1.00026,1.00274,11848.15
2022.11.03 01:00:00,1.00275,1.00397,1.00275,1.00323,5775.89
2022.11.03 02:00:00,1.00322,1.00361,1.00208,1.00227,3535.75
2022.11.03 03:00:00,1.00227,1.00254,1.00062,1.00142,6959.06
2022.11.03 04:00:00,1.00144,1.00182,1.00063,1.00171,4315.79
2022.11.03 05:00:00,1.00171,1.00228,1.00128,1.00161,2934.72
2022.11.03 06:00:00,1.00158,1.00203,1.0014,1.00166,2930.82
2022.11.03 07:00:00,1.00164,1.00264,1.00164,1.0025,3535.32
2022.11.03 08:00:00,1.00252,1.00476,1.0025,1.00452,7399.43
2022.11.03 09:00:00,1.00458,1.00874,1.00443,1.00677,14647.01
2022.11.03 10:00:00,1.00677,1.01153,1.00677,1.01092,16050.03
2022.11.03 11:00:00,1.01089,1.01301,1.01034,1.01242,13025.55
2022.11.03 12:00:00,1.0124,1.0144,1.0122,1.01297,11335.55
2022.11.03 13:00:00,1.01296,1.01396,1.0129,1.0136,10841.46
2022.11.03 14:00:00,1.01357,1.01434,1.01219,1.01428,20671.39
2022.11.03 15:00:00,1.01428,1.01466,1.01183,1.01308,22980.08
2022.11.03 16:00:00,1.01308,1.01361,1.00894,1.01038,20069.7
2022.11.03 17:00:00,1.01038,1.01353,1.01036,1.01311,15355.67
2022.11.03 18:00:00,1.01311,1.01409,1.01208,1.01278,9901.69
2022.11.03 19:00:00,1.01278,1.01346,1.01237,1.01289,4772.8
2022.11.03 20:00:00,1.01289,1.01333,1.01182,1.01234,4744.7
2022.11.03 21:00:00,1.01235,1.01322,1.01183,1.01307,5163.31
2022.11.03 22:00:00,1.01306,1.01373,1.01293,1.013,4680.22
2022.11.03 23:00:00,1.01301,1.01318,1.0125,1.0131,63.09
2022.11.04 00:00:00,1.01309,1.01442,1.01241,1.01308,11138.78
2022.11.04 01:00:00,1.01307,1.0137,1.013,1.01343,2450.25
2022.11.04 02:00:00,1.01338,1.01348,1.01218,1.01277,5860.71
2022.11.04 03:00:00,1.01272,1.01291,1.01143,1.01145,5338.42
2022.11.04 04:00:00,1.01145,1.01215,1.01141,1.01175,4781.83
2022.11.04 05:00:00,1.01179,1.01179,1.01057,1.01058,4279.18
2022.11.04 06:00:00,1.0106,1.01076,1.00874,1.00879,4302.95
2022.11.04 07:00:00,1.00879,1.01041,1.00873,1.01025,11442.19
2022.11.04 08:00:00,1.01025,1.01035,1.00823,1.00946,9131.34
2022.11.04 09:00:00,1.00944,1.01157,1.00853,1.01137,13208.19
2022.11.04 10:00:00,1.01137,1.01138,1.00944,1.0107,12799.24
2022.11.04 11:00:00,1.01069,1.0109,1.00932,1.00948,9998.28
2022.11.04 12:00:00,1.00948,1.0097,1.00631,1.00667,7474.18
2022.11.04 13:00:00,1.00667,1.00718,1.00552,1.00609,10861.78
2022.11.04 14:00:00,1.00609,1.01002,1.00068,1.00105,24290.07
2022.11.04 15:00:00,1.00107,1.00222,0.99818,1.00034,30038.92
2022.11.04 16:00:00,1.00032,1.00037,0.99404,0.99459,25551.15
2022.11.04 17:00:00,0.99459,0.99825,0.99419,0.99814,18860.46
2022.11.04 18:00:00,0.99814,0.99949,0.99733,0.99747,13516.19
2022.11.04 19:00:00,0.99747,0.99763,0.99625,0.99658,9554.4
2022.11.04 20:00:00,0.99658,0.99732,0.99421,0.99431,9478.4
2022.11.04 21:00:00,0.99434,0.99476,0.99308,0.99345,10545.52
2022.11.04 22:00:00,0.99345,0.99444,0.99323,0.99407,5148.4
2022.11.07 00:00:00,0.99797,0.99844,0.99606,0.99607,468.29
2022.11.07 01:00:00,0.99607,0.99688,0.99479,0.9967,8827.87
2022.11.07 02:00:00,0.99672,0.99703,0.99519,0.99652,6629.6
2022.11.07 03:00:00,0.99652,0.9977,0.99613,0.99679,7618.86
2022.11.07 04:00:00,0.99679,0.99727,0.99612,0.99613,4308.95
2022.11.07 05:00:00,0.99611,0.99702,0.99528,0.99595,4091.35
2022.11.07 06:00:00,0.99596,0.9962,0.99564,0.99588,2023.6
2022.11.07 07:00:00,0.99586,0.99597,0.9944,0.99535,4020.63
2022.11.07 08:00:00,0.99536,0.99606,0.99524,0.99588,6568.67
2022.11.07 09:00:00,0.99587,0.9969,0.99529,0.9963,12440.41
2022.11.07 10:00:00,0.9963,0.99638,0.99153,0.99216,16326.49
2022.11.07 11:00:00,0.99215,0.99217,0.99064,0.99179,14319.8
2022.11.07 12:00:00,0.99179,0.99194,0.99014,0.99031,7600.32
2022.11.07 13:00:00,0.99028,0.99046,0.98912,0.98967,6840.11
2022.11.07 14:00:00,0.98968,0.99021,0.98825,0.9884,9895.2
2022.11.07 15:00:00,0.9884,0.98985,0.98749,0.98864,16187.82
2022.11.07 16:00:00,0.98864,0.99089,0.98765,0.99033,16162.35
2022.11.07 17:00:00,0.99032,0.99121,0.98888,0.98929,15986.79
2022.11.07 18:00:00,0.98929,0.99132,0.98929,0.9906,10998.52
2022.11.07 19:00:00,0.99058,0.99068,0.98858,0.98874,8744.35
2022.11.07 20:00:00,0.98872,0.98897,0.98761,0.9877,5262.89
2022.11.07 21:00:00,0.98768,0.98835,0.98746,0.98779,6482.1
2022.11.07 22:00:00,0.98781,0.98884,0.9875,0.98875,6051.59
2022.11.07 23:00:00,0.98875,0.98897,0.98784,0.98784,1593.03
2022.11.08 00:00:00,0.98791,0.98921,0.98751,0.9884,1381.21
2022.11.08 01:00:00,0.98827,0.98908,0.98817,0.98882,5646.44
2022.11.08 02:00:00,0.98882,0.98894,0.98763,0.98798,5372.11
2022.11.08 03:00:00,0.98797,0.98992,0.98785,0.98951,8464.44
2022.11.08 04:00:00,0.98953,0.99061,0.98947,0.99059,3502.72
2022.11.08 05:00:00,0.99057,0.99076,0.98989,0.99012,3105.63
2022.11.08 06:00:00,0.99012,0.99151,0.99,0.99128,2984.27
2022.11.08 07:00:00,0.99129,0.99216,0.99117,0.99206,3690.27
2022.11.08 08:00:00,0.99207,0.99207,0.991,0.99154,4548.3
2022.11.08 09:00:00,0.99148,0.99226,0.99088,0.99142,7051.7
2022.11.08 10:00:00,0.99142,0.99162,0.98944,0.99018,12060.69
2022.11.08 11:00:00,0.99018,0.99089,0.98859,0.9889,10547.65
2022.11.08 12:00:00,0.98891,0.98992,0.98839,0.98978,8946.05
2022.11.08 13:00:00,0.98978,0.99048,0.98889,0.99019,7784.27
2022.11.08 14:00:00,0.9902,0.99263,0.99005,0.99251,11077.29
2022.11.08 15:00:00,0.99251,0.99261,0.99002,0.99035,8611.3
2022.11.08 16:00:00,0.99036,0.99069,0.98879,0.98901,11411.64
2022.11.08 17:00:00,0.98905,0.98905,0.98416,0.98478,21311.9
2022.11.08 18:00:00,0.98474,0.98548,0.98362,0.98416,13644.39
2022.11.08 19:00:00,0.98414,0.98545,0.98393,0.98451,6858.24
2022.11.08 20:00:00,0.98452,0.98656,0.98374,0.98607,10771.77
2022.11.08 21:00:00,0.98606,0.98768,0.98544,0.98591,10379.8
2022.11.08 22:00:00,0.98591,0.98605,0.98463,0.98575,7140.24
2022.11.08 23:00:00,0.98579,0.98594,0.98513,0.98513,1903.82
2022.11.09 00:00:00,0.98513,0.98519,0.9844,0.98485,159.81
2022.11.09 01:00:00,0.9847,0.98521,0.98388,0.98454,6309.2
2022.11.09 02:00:00,0.98454,0.9861,0.98454,0.98606,4506.17
2022.11.09 03:00:00,0.98605,0.9867,0.98573,0.98655,7114.19
2022.11.09 04:00:00,0.98655,0.98655,0.98479,0.98499,4611.85
2022.11.09 05:00:00,0.98499,0.98603,0.98433,0.98596,4725.68
2022.11.09 06:00:00,0.98594,0.98672,0.98594,0.98649,4016.06
2022.11.09 07:00:00,0.98649,0.98718,0.98605,0.98667,2779.79
2022.11.09 08:00:00,0.9867,0.98737,0.98648,0.98678,4199.3
2022.11.09 09:00:00,0.98678,0.98678,0.98499,0.98539,10357.18
2022.11.09 10:00:00,0.9854,0.98547,0.98243,0.98378,13872.17
2022.11.09 11:00:00,0.98377,0.98666,0.98347,0.98619,12017.96
2022.11.09 12:00:00,0.98619,0.98637,0.98469,0.98543,11764.88
2022.11.09 13:00:00,0.98542,0.98546,0.98204,0.98238,8617.25
2022.11.09 14:00:00,0.98234,0.98299,0.98123,0.98265,10822.48
2022.11.09 15:00:00,0.98268,0.98565,0.98242,0.98475,15821.18
2022.11.09 16:00:00,0.9847,0.98523,0.98333,0.98453,13796.42
2022.11.09 17:00:00,0.98452,0.9858,0.97996,0.98396,25188.43
2022.11.09 18:00:00,0.98396,0.98396,0.98154,0.98356,12623.24
2022.11.09 19:00:00,0.98359,0.98477,0.98303,0.98391,7533.06
2022.11.09 20:00:00,0.98389,0.98632,0.98353,0.98557,9902.02
2022.11.09 21:00:00,0.98558,0.98658,0.98528,0.98565,8550.53
2022.11.09 22:00:00,0.98566,0.98575,0.98484,0.98536,7948.14
2022.11.09 23:00:00,0.98535,0.98545,0.98362,0.98362,4486.49
2022.11.10 00:00:00,0.98362,0.98418,0.9835,0.98393,1326.16
2022.11.10 01:00:00,0.98394,0.98429,0.98344,0.98352,8250.48
2022.11.10 02:00:00,0.98352,0.98394,0.98294,0.98337,3794.24
2022.11.10 03:00:00,0.98338,0.98423,0.9827,0.98366,5156.37
2022.11.10 04:00:00,0.98366,0.98476,0.98344,0.98422,5279.31
2022.11.10 05:00:00,0.98422,0.98446,0.9834,0.98365,4463.43
2022.11.10 06:00:00,0.98364,0.98373,0.9831,0.98317,2055.59
2022.11.10 07:00:00,0.98313,0.98329,0.98246,0.98271,4484.89
2022.11.10 08:00:00,0.98274,0.9836,0.98242,0.98313,5358.99
2022.11.10 09:00:00,0.98309,0.98596,0.98305,0.98596,12033.25
2022.11.10 10:00:00,0.98595,0.98597,0.98415,0.98571,12772.79
2022.11.10 11:00:00,0.98575,0.9879,0.9857,0.98782,10164.86
2022.11.10 12:00:00,0.98781,0.98954,0.98745,0.98846,12759.25
2022.11.10 13:00:00,0.98846,0.98985,0.98835,0.98965,11021.84
2022.11.10 14:00:00,0.98965,0.98975,0.98802,0.98814,9192.97
2022.11.10 15:00:00,0.98816,0.98851,0.97325,0.97604,31508.84
2022.11.10 16:00:00,0.97601,0.97624,0.96676,0.96719,40894.24
2022.11.10 17:00:00,0.96717,0.96841,0.96587,0.9671,30962.56
2022.11.10 18:00:00,0.96713,0.96923,0.96685,0.9672,22750.85
2022.11.10 19:00:00,0.96721,0.96994,0.96709,0.96934,15829.07
2022.11.10 20:00:00,0.96936,0.96936,0.96758,0.96817,16266.73
2022.11.10 21:00:00,0.96817,0.96856,0.96627,0.96628,8794.82
2022.11.10 22:00:00,0.96626,0.96664,0.96514,0.96519,9424.01
2022.11.10 23:00:00,0.96518,0.96531,0.96297,0.96307,7342.3
2022.11.11 00:00:00,0.96316,0.96365,0.96297,0.96323,650.62
2022.11.11 01:00:00,0.96344,0.96581,0.96327,0.96501,7282.82
2022.11.11 02:00:00,0.965,0.96606,0.96422,0.96529,7795.92
2022.11.11 03:00:00,0.96529,0.96798,0.96508,0.96797,8853.75
2022.11.11 04:00:00,0.96797,0.96812,0.96566,0.96607,7077.37
2022.11.11 05:00:00,0.96608,0.96693,0.96575,0.96663,5808.29
2022.11.11 06:00:00,0.96666,0.96716,0.96573,0.96592,5060.06
2022.11.11 07:00:00,0.96592,0.96609,0.96404,0.96454,9654.64
2022.11.11 08:00:00,0.96453,0.96529,0.96346,0.96429,10383.68
2022.11.11 09:00:00,0.96427,0.96427,0.96185,0.96283,15827.67
2022.11.11 10:00:00,0.96285,0.96459,0.96081,0.96109,15378.14
2022.11.11 11:00:00,0.96109,0.96212,0.95891,0.9592,15929.21
2022.11.11 12:00:00,0.95921,0.96137,0.95804,0.96096,19978.28
2022.11.11 13:00:00,0.96095,0.96104,0.95707,0.95742,13937.19
2022.11.11 14:00:00,0.95741,0.95774,0.95439,0.95478,12626.8
2022.11.11 15:00:00,0.95478,0.95538,0.94495,0.94855,21559.5
2022.11.11 16:00:00,0.94857,0.95452,0.94677,0.9494,20709.39
2022.11.11 17:00:00,0.94957,0.95078,0.94565,0.94572,23254.54
2022.11.11 18:00:00,0.94571,0.94696,0.94459,0.94499,17266.07
2022.11.11 19:00:00,0.94499,0.94521,0.9418,0.94228,9679.28
2022.11.11 20:00:00,0.94227,0.9427,0.94031,0.941,9154.87
2022.11.11 21:00:00,0.94101,0.94142,0.93966,0.9404,9590.13
2022.11.11 22:00:00,0.94042,0.94145,0.94005,0.9406,9502.19
2022.11.11 23:00:00,0.94063,0.9412,0.93997,0.94088,5656.57
2022.11.14 00:00:00,0.94144,0.94392,0.94048,0.94384,154.32
2022.11.14 01:00:00,0.94374,0.94447,0.94268,0.94402,9617.42
2022.11.14 02:00:00,0.94399,0.94485,0.94324,0.94393,12965.32
2022.11.14 03:00:00,0.9439,0.94461,0.94247,0.94439,12860.34
2022.11.14 04:00:00,0.94439,0.94517,0.94389,0.94446,7998.92
2022.11.14 05:00:00,0.94446,0.94561,0.94426,0.94536,5817.4
2022.11.14 06:00:00,0.94536,0.9473,0.94535,0.94672,4355.95
2022.11.14 07:00:00,0.94668,0.94842,0.94665,0.94793,5644.83
2022.11.14 08:00:00,0.94791,0.94795,0.94615,0.94629,5874.88
2022.11.14 09:00:00,0.94627,0.9469,0.94523,0.94535,10476.61
2022.11.14 10:00:00,0.94536,0.94612,0.94244,0.94261,18573.37
2022.11.14 11:00:00,0.94261,0.94614,0.94261,0.94578,15903.85
2022.11.14 12:00:00,0.94578,0.94875,0.94522,0.94862,13061.21
2022.11.14 13:00:00,0.94862,0.94882,0.94669,0.94711,10997.93
2022.11.14 14:00:00,0.94711,0.94755,0.94386,0.94398,12484.08
2022.11.14 15:00:00,0.94401,0.94707,0.94395,0.94565,21137.47
2022.11.14 16:00:00,0.94563,0.94777,0.94526,0.94735,16693.65
2022.11.14 17:00:00,0.94737,0.94737,0.94451,0.94556,15284.53
2022.11.14 18:00:00,0.94556,0.94615,0.94207,0.94275,12655.85
2022.11.14 19:00:00,0.94275,0.94275,0.94059,0.94234,10579.62
2022.11.14 20:00:00,0.94233,0.94255,0.94066,0.9409,8633.39
2022.11.14 21:00:00,0.9409,0.94176,0.94046,0.94155,5259.64
2022.11.14 22:00:00,0.94153,0.94305,0.94108,0.94298,6878.23
2022.11.14 23:00:00,0.94304,0.94333,0.94262,0.94268,3161
2022.11.15 00:00:00,0.94292,0.94314,0.94177,0.94232,140.47
2022.11.15 01:00:00,0.94232,0.94368,0.94232,0.9433,7914.03
2022.11.15 02:00:00,0.9433,0.94456,0.94294,0.94405,5744.86
2022.11.15 03:00:00,0.94404,0.94482,0.94308,0.94436,7207.48
2022.11.15 04:00:00,0.94437,0.9448,0.94395,0.94423,4794.84
2022.11.15 05:00:00,0.94423,0.94532,0.94414,0.94512,3782.1
2022.11.15 06:00:00,0.94513,0.94525,0.94474,0.9448,3079.19
2022.11.15 07:00:00,0.94481,0.94489,0.94347,0.94406,4038.12
2022.11.15 08:00:00,0.94407,0.94425,0.94281,0.9439,5602.53
2022.11.15 09:00:00,0.94386,0.94386,0.93792,0.93967,18010.81
2022.11.15 10:00:00,0.93966,0.9406,0.93922,0.93962,17345.78
2022.11.15 11:00:00,0.93963,0.94166,0.93908,0.93965,13663.83
2022.11.15 12:00:00,0.93964,0.94047,0.93827,0.93855,13456.41
2022.11.15 13:00:00,0.93852,0.9407,0.93799,0.94038,14004.11
2022.11.15 14:00:00,0.94036,0.94162,0.93997,0.94129,12702.34
2022.11.15 15:00:00,0.94132,0.94244,0.93557,0.93974,28078.5
2022.11.15 16:00:00,0.93969,0.94535,0.93927,0.94374,31639.25
2022.11.15 17:00:00,0.94373,0.94652,0.9425,0.94496,23904.38
2022.11.15 18:00:00,0.94496,0.94521,0.94322,0.94451,16348.37
2022.11.15 19:00:00,0.94449,0.9463,0.94364,0.94407,15733.46
2022.11.15 20:00:00,0.94407,0.94749,0.94395,0.94517,32626.65
2022.11.15 21:00:00,0.94519,0.94679,0.94231,0.94234,35994.21
2022.11.15 22:00:00,0.94235,0.94406,0.94165,0.94404,22611.63
2022.11.15 23:00:00,0.94405,0.94484,0.94346,0.94416,4536.79
2022.11.16 00:00:00,0.94416,0.94417,0.94301,0.94392,579.57
2022.11.16 01:00:00,0.94393,0.94427,0.94278,0.94291,6226.15
2022.11.16 02:00:00,0.94289,0.94502,0.94283,0.94422,8320.34
2022.11.16 03:00:00,0.9442,0.9456,0.94403,0.94503,13041.5
2022.11.16 04:00:00,0.94504,0.94516,0.94312,0.94371,14078.1
2022.11.16 05:00:00,0.94372,0.94582,0.94366,0.94577,7531.72
2022.11.16 06:00:00,0.94576,0.94688,0.94517,0.94607,10306.14
2022.11.16 07:00:00,0.94608,0.94658,0.94365,0.94408,14639.9
2022.11.16 08:00:00,0.94409,0.94469,0.94241,0.94298,11982.14
2022.11.16 09:00:00,0.94298,0.94502,0.9422,0.94247,20240.79
2022.11.16 10:00:00,0.94247,0.94323,0.94114,0.9422,19050.28
2022.11.16 11:00:00,0.94217,0.94261,0.94031,0.9406,11735.98
2022.11.16 12:00:00,0.94061,0.94117,0.93854,0.93868,11465.6
2022.11.16 13:00:00,0.93867,0.94073,0.93865,0.93989,12594.18
2022.11.16 14:00:00,0.93988,0.94071,0.93885,0.93912,11505.16
2022.11.16 15:00:00,0.93914,0.94313,0.93911,0.94187,20038.48
2022.11.16 16:00:00,0.94187,0.94326,0.94033,0.94248,18590.71
2022.11.16 17:00:00,0.94252,0.94369,0.9418,0.94271,19949.88
2022.11.16 18:00:00,0.9427,0.94473,0.94184,0.94452,12980.38
2022.11.16 19:00:00,0.94451,0.94473,0.94337,0.9438,10825.92
2022.11.16 20:00:00,0.94381,0.94562,0.9433,0.94492,10094.2
2022.11.16 21:00:00,0.94492,0.94516,0.94376,0.94412,6612.33
2022.11.16 22:00:00,0.94412,0.94473,0.94361,0.94418,7306.24
2022.11.16 23:00:00,0.94418,0.94515,0.94413,0.94426,2249.83
2022.11.17 00:00:00,0.94405,0.94428,0.94356,0.94382,711.4
2022.11.17 01:00:00,0.94409,0.94456,0.94367,0.94435,6210.12
2022.11.17 02:00:00,0.94432,0.94467,0.9439,0.94461,5527.78
2022.11.17 03:00:00,0.94458,0.94556,0.94422,0.9454,6066.02
2022.11.17 04:00:00,0.94541,0.9464,0.94514,0.94577,5946.67
2022.11.17 05:00:00,0.94576,0.94677,0.94576,0.94604,3290.62
2022.11.17 06:00:00,0.94604,0.94662,0.94584,0.94655,2955.66
2022.11.17 07:00:00,0.94654,0.94669,0.94527,0.94528,4257.06
2022.11.17 08:00:00,0.9453,0.94552,0.9442,0.9445,3877.92
2022.11.17 09:00:00,0.94457,0.94649,0.94423,0.94459,8342.83
2022.11.17 10:00:00,0.94459,0.94577,0.94326,0.94556,11157.36
2022.11.17 11:00:00,0.94558,0.9479,0.94543,0.94727,8784.28
2022.11.17 12:00:00,0.94725,0.95093,0.94684,0.94983,10470.37
2022.11.17 13:00:00,0.94984,0.94998,0.94823,0.94844,13336.13
2022.11.17 14:00:00,0.94844,0.95048,0.94712,0.9498,15616.46
2022.11.17 15:00:00,0.9498,0.95228,0.94852,0.95202,23958.33
2022.11.17 16:00:00,0.95203,0.95354,0.95078,0.95351,19274.71
2022.11.17 17:00:00,0.9535,0.9553,0.95233,0.95477,16767.44
2022.11.17 18:00:00,0.95474,0.95568,0.95372,0.95404,13682.14
2022.11.17 19:00:00,0.95403,0.95405,0.952,0.95272,13418.3
2022.11.17 20:00:00,0.95272,0.95288,0.95102,0.95167,8080.65
2022.11.17 21:00:00,0.95167,0.95234,0.95146,0.9519,7363.81
2022.11.17 22:00:00,0.95193,0.95237,0.9515,0.95183,6796.82
2022.11.17 23:00:00,0.95182,0.9522,0.95091,0.95103,2571.14
2022.11.18 00:00:00,0.95172,0.95216,0.95145,0.95178,623.14
2022.11.18 01:00:00,0.95179,0.9529,0.95144,0.95285,13700.12
2022.11.18 02:00:00,0.95286,0.95298,0.95144,0.95191,6187.22
2022.11.18 03:00:00,0.95191,0.95235,0.95138,0.95151,8621.69
2022.11.18 04:00:00,0.95153,0.95232,0.95101,0.95198,7493.26
2022.11.18 05:00:00,0.95198,0.9523,0.95056,0.95103,7402.33
2022.11.18 06:00:00,0.95103,0.95254,0.95094,0.95233,5745.81
2022.11.18 07:00:00,0.95233,0.95244,0.95167,0.95168,5431.39
2022.11.18 08:00:00,0.95166,0.95264,0.95153,0.95173,7365.55
2022.11.18 09:00:00,0.95176,0.95291,0.95083,0.95095,12408.72
2022.11.18 10:00:00,0.95096,0.95306,0.95094,0.95117,19049.89
2022.11.18 11:00:00,0.95119,0.95196,0.94976,0.95081,17441.45
2022.11.18 12:00:00,0.95081,0.95174,0.95069,0.95132,11505.99
2022.11.18 13:00:00,0.95131,0.95308,0.95064,0.95259,13415.64
2022.11.18 14:00:00,0.95261,0.95371,0.95155,0.95352,10394.51
2022.11.18 15:00:00,0.95351,0.95381,0.95172,0.95309,13345.33
2022.11.18 16:00:00,0.95309,0.95457,0.95274,0.95388,13750.13
2022.11.18 17:00:00,0.95388,0.95471,0.95043,0.95064,14121.87
2022.11.18 18:00:00,0.95063,0.95252,0.9502,0.95224,8999.37
2022.11.18 19:00:00,0.95223,0.95399,0.95216,0.95309,7548.91
2022.11.18 20:00:00,0.95307,0.95402,0.95302,0.95356,4603.59
2022.11.18 21:00:00,0.95359,0.95421,0.95346,0.95352,3944.04
2022.11.18 22:00:00,0.95352,0.95386,0.95309,0.9538,4682.52
2022.11.18 23:00:00,0.95381,0.95484,0.95381,0.95437,3210.47
2022.11.21 00:00:00,0.95336,0.95376,0.9532,0.95375,47.24
2022.11.21 01:00:00,0.95375,0.95385,0.95293,0.95335,7280.75
2022.11.21 02:00:00,0.95333,0.95473,0.95327,0.95435,3992.89
2022.11.21 03:00:00,0.95436,0.95523,0.95369,0.95421,7199.33
2022.11.21 04:00:00,0.9542,0.95553,0.9542,0.95524,6594.13
2022.11.21 05:00:00,0.95525,0.95532,0.95419,0.95432,3710.82
2022.11.21 06:00:00,0.95432,0.95586,0.95416,0.95555,4191.22
2022.11.21 07:00:00,0.95555,0.9562,0.95542,0.95555,5680.12
2022.11.21 08:00:00,0.95555,0.95722,0.9552,0.95705,7653.67
2022.11.21 09:00:00,0.95712,0.9574,0.95554,0.95685,9641.44
2022.11.21 10:00:00,0.95687,0.95729,0.95548,0.95637,11361.32
2022.11.21 11:00:00,0.95637,0.95932,0.95617,0.95917,11059.55
2022.11.21 12:00:00,0.95917,0.95971,0.95822,0.95824,9738.14
2022.11.21 13:00:00,0.9583,0.95869,0.95696,0.95789,9022.88
2022.11.21 14:00:00,0.95788,0.959,0.95778,0.95825,9751.43
2022.11.21 15:00:00,0.95824,0.95885,0.95713,0.95777,8706.13
2022.11.21 16:00:00,0.95776,0.95864,0.95648,0.95665,11747.25
2022.11.21 17:00:00,0.95665,0.95902,0.95609,0.959,12518.15
2022.11.21 18:00:00,0.95899,0.959,0.95768,0.95851,7876.8
2022.11.21 19:00:00,0.95848,0.95941,0.95839,0.95887,8367.29
2022.11.21 20:00:00,0.95889,0.95959,0.95843,0.95927,5133.31
2022.11.21 21:00:00,0.95927,0.95946,0.95885,0.95938,4036.83
2022.11.21 22:00:00,0.95938,0.95979,0.95857,0.95891,6515.92
2022.11.21 23:00:00,0.9589,0.95953,0.9586,0.9586,2496.84
2022.11.22 00:00:00,0.95874,0.95874,0.95796,0.9586,307.2
2022.11.22 01:00:00,0.95861,0.95868,0.95814,0.95842,8943.59
2022.11.22 02:00:00,0.95842,0.95869,0.95729,0.9574,6176.43
2022.11.22 03:00:00,0.95742,0.95745,0.95613,0.95691,6051.07
2022.11.22 04:00:00,0.95691,0.95725,0.95644,0.9565,6251.29
2022.11.22 05:00:00,0.95652,0.95679,0.9563,0.9567,4909.86
2022.11.22 06:00:00,0.95672,0.95681,0.95613,0.95655,3598.83
2022.11.22 07:00:00,0.95654,0.95779,0.95645,0.95734,4153.07
2022.11.22 08:00:00,0.95734,0.95746,0.95652,0.95736,6231.15
2022.11.22 09:00:00,0.95736,0.95763,0.95659,0.95681,6640.54
2022.11.22 10:00:00,0.95678,0.95817,0.95621,0.95693,13491.68
2022.11.22 11:00:00,0.95693,0.95717,0.95525,0.95544,12602.49
2022.11.22 12:00:00,0.95546,0.95571,0.95342,0.95441,10130.37
2022.11.22 13:00:00,0.9544,0.95517,0.95379,0.95472,10958.8
2022.11.22 14:00:00,0.95472,0.95537,0.95327,0.95336,6118.85
2022.11.22 15:00:00,0.95336,0.95369,0.95087,0.95175,9064.26
2022.11.22 16:00:00,0.95175,0.95279,0.95143,0.95181,11022.45
2022.11.22 17:00:00,0.95183,0.95265,0.95118,0.95253,10655
2022.11.22 18:00:00,0.95253,0.95404,0.95226,0.95314,7669.93
2022.11.22 19:00:00,0.95314,0.95379,0.95199,0.95199,4372.66
2022.11.22 20:00:00,0.95201,0.95261,0.95125,0.95156,5074.12
2022.11.22 21:00:00,0.95156,0.95253,0.95154,0.95218,3570.73
2022.11.22 22:00:00,0.95218,0.95245,0.95159,0.95178,4394.85
2022.11.22 23:00:00,0.9518,0.95214,0.95143,0.95156,4103.62
2022.11.23 00:00:00,0.95156,0.95169,0.95122,0.95135,391.08
2022.11.23 01:00:00,0.95136,0.95211,0.95102,0.9511,9539.28
2022.11.23 02:00:00,0.95113,0.95159,0.9503,0.95155,4116.9
2022.11.23 03:00:00,0.95156,0.9521,0.95087,0.9512,7707.64
2022.11.23 04:00:00,0.95122,0.95169,0.95043,0.95046,5514.43
2022.11.23 05:00:00,0.95046,0.95184,0.95045,0.95166,3939.98
2022.11.23 06:00:00,0.95168,0.95203,0.95151,0.95159,2869.99
2022.11.23 07:00:00,0.95159,0.95189,0.95025,0.95064,4437.57
2022.11.23 08:00:00,0.95064,0.95104,0.95028,0.95067,5306.81
2022.11.23 09:00:00,0.95072,0.95123,0.94883,0.94975,11167.95
2022.11.23 10:00:00,0.94979,0.95231,0.94979,0.95208,16240.44
2022.11.23 11:00:00,0.95208,0.95296,0.95078,0.95123,10489.21
2022.11.23 12:00:00,0.95125,0.95327,0.95124,0.95239,7806.43
2022.11.23 13:00:00,0.95238,0.95291,0.95093,0.95113,8171.07
2022.11.23 14:00:00,0.95113,0.95162,0.94907,0.94947,9135.73
2022.11.23 15:00:00,0.94948,0.94986,0.94797,0.94919,15799.86
2022.11.23 16:00:00,0.94918,0.94924,0.9442,0.94528,17536.35
2022.11.23 17:00:00,0.94525,0.94598,0.9421,0.94239,29347.94
2022.11.23 18:00:00,0.94239,0.94378,0.94211,0.94317,13815.35
2022.11.23 19:00:00,0.9432,0.94426,0.94277,0.94426,11690.34
2022.11.23 20:00:00,0.94425,0.94467,0.94318,0.94357,7785.67
2022.11.23 21:00:00,0.94357,0.94444,0.94113,0.94188,21529.74
2022.11.23 22:00:00,0.94188,0.94232,0.94165,0.94194,10971.81
2022.11.23 23:00:00,0.9419,0.9426,0.94185,0.94225,2752.69
2022.11.24 00:00:00,0.94232,0.94234,0.94134,0.94187,881.85
2022.11.24 01:00:00,0.94185,0.94229,0.94077,0.94095,9645.32
2022.11.24 02:00:00,0.94093,0.94176,0.94074,0.94094,3853.15
2022.11.24 03:00:00,0.94092,0.9413,0.93978,0.93993,5267.08
2022.11.24 04:00:00,0.93992,0.94066,0.93958,0.94014,3822.33
2022.11.24 05:00:00,0.94012,0.94018,0.93867,0.93881,3733.77
2022.11.24 06:00:00,0.9388,0.93975,0.9388,0.93909,3713.11
2022.11.24 07:00:00,0.93907,0.93958,0.93878,0.93957,3251.47
2022.11.24 08:00:00,0.93958,0.94075,0.93911,0.94062,5093.43
2022.11.24 09:00:00,0.94061,0.94155,0.94015,0.94129,9291.2
2022.11.24 10:00:00,0.94131,0.94409,0.94122,0.94393,15888.26
2022.11.24 11:00:00,0.94393,0.94415,0.94233,0.94337,8348.02
2022.11.24 12:00:00,0.94337,0.94451,0.94247,0.94298,8650.23
2022.11.24 13:00:00,0.94294,0.94444,0.9422,0.94237,6678.6
2022.11.24 14:00:00,0.94238,0.94439,0.942,0.94368,9684.81
2022.11.24 15:00:00,0.94367,0.94399,0.94129,0.94167,11822.82
2022.11.24 16:00:00,0.94165,0.94296,0.94136,0.94211,11096.08
2022.11.24 17:00:00,0.94212,0.94395,0.94199,0.94365,10886.59
2022.11.24 18:00:00,0.94365,0.94385,0.94309,0.94356,6117.45
2022.11.24 19:00:00,0.94353,0.94378,0.94301,0.9432,3153.64
2022.11.24 20:00:00,0.94318,0.94351,0.94299,0.94336,2292.62
2022.11.24 21:00:00,0.94337,0.94352,0.94321,0.94321,3110.48
2022.11.24 22:00:00,0.9432,0.94326,0.94277,0.94308,6991.09
2022.11.24 23:00:00,0.9431,0.94357,0.94256,0.94257,4691.18
2022.11.25 00:00:00,0.94257,0.94296,0.94189,0.94248,203.58
2022.11.25 01:00:00,0.94257,0.94391,0.94248,0.94347,15848.7
2022.11.25 02:00:00,0.94345,0.9446,0.94333,0.94414,5068.95
2022.11.25 03:00:00,0.94413,0.94432,0.94336,0.94374,5350.21
2022.11.25 04:00:00,0.94374,0.94395,0.94318,0.94378,3598.55
2022.11.25 05:00:00,0.94376,0.94417,0.94313,0.94321,3321.44
2022.11.25 06:00:00,0.94323,0.94326,0.94218,0.943,4730.67
2022.11.25 07:00:00,0.94299,0.94405,0.94293,0.94386,4674.86
2022.11.25 08:00:00,0.9439,0.94452,0.94375,0.94399,4737.22
2022.11.25 09:00:00,0.94401,0.94558,0.94358,0.94547,7062.76
2022.11.25 10:00:00,0.9455,0.94565,0.94255,0.94343,13770.91
2022.11.25 11:00:00,0.94346,0.94594,0.94288,0.94503,11859.3
2022.11.25 12:00:00,0.94502,0.94505,0.94281,0.94344,9041.4
2022.11.25 13:00:00,0.94344,0.94708,0.94344,0.94705,8190.47
2022.11.25 14:00:00,0.94706,0.94706,0.9457,0.9459,7033.69
2022.11.25 15:00:00,0.94589,0.94951,0.94573,0.94865,11547.7
2022.11.25 16:00:00,0.94863,0.94993,0.94766,0.94827,10989.27
2022.11.25 17:00:00,0.94827,0.94913,0.94637,0.94651,11834.49
2022.11.25 18:00:00,0.94652,0.9468,0.94522,0.94587,9479.72
2022.11.25 19:00:00,0.94588,0.94637,0.94473,0.94501,9104.29
2022.11.25 20:00:00,0.945,0.94624,0.94437,0.94599,9324.64
2022.11.25 21:00:00,0.94602,0.94611,0.94386,0.9445,10665.74
2022.11.25 22:00:00,0.94447,0.94501,0.94397,0.94484,1824.72
2022.11.25 23:00:00,0.94452,0.94689,0.94401,0.94593,247.05
2022.11.28 00:00:00,0.94549,0.94717,0.94515,0.94634,1056.34
2022.11.28 01:00:00,0.94634,0.94788,0.94596,0.94733,12706.27
2022.11.28 02:00:00,0.94732,0.94757,0.94547,0.94592,5650.8
2022.11.28 03:00:00,0.94592,0.94717,0.94574,0.94652,8504.83
2022.11.28 04:00:00,0.9465,0.94729,0.94556,0.94639,6029.71
2022.11.28 05:00:00,0.94639,0.9474,0.94629,0.94725,4907.37
2022.11.28 06:00:00,0.94725,0.9474,0.94642,0.94653,3492.51
2022.11.28 07:00:00,0.94653,0.94698,0.94602,0.94668,3675.2
2022.11.28 08:00:00,0.94668,0.94685,0.94545,0.94568,5110.4
2022.11.28 09:00:00,0.94568,0.94627,0.94467,0.94618,7378.22
2022.11.28 10:00:00,0.94622,0.94717,0.94096,0.94105,19870.21
2022.11.28 11:00:00,0.94106,0.94316,0.94044,0.94254,14596.37
2022.11.28 12:00:00,0.94255,0.94311,0.94057,0.94264,10744.97
2022.11.28 13:00:00,0.94263,0.94326,0.94171,0.9426,12739.47
2022.11.28 14:00:00,0.94259,0.94403,0.94256,0.94359,12016.2
2022.11.28 15:00:00,0.94359,0.9451,0.94248,0.94295,13070.38
2022.11.28 16:00:00,0.94292,0.94449,0.94292,0.94398,15943.69
2022.11.28 17:00:00,0.94397,0.94584,0.94329,0.94497,15101.83
2022.11.28 18:00:00,0.94499,0.94737,0.94454,0.94626,10371.63
2022.11.28 19:00:00,0.94626,0.94776,0.946,0.94773,12872.22
2022.11.28 20:00:00,0.94774,0.94928,0.94747,0.94895,6939.14
2022.11.28 21:00:00,0.94895,0.9495,0.94847,0.94926,5916.41
2022.11.28 22:00:00,0.94929,0.94972,0.94904,0.94949,7185.98
2022.11.28 23:00:00,0.9495,0.94967,0.94861,0.94867,2321.24
2022.11.29 00:00:00,0.94848,0.949,0.94825,0.94887,388.3
2022.11.29 01:00:00,0.94887,0.94906,0.94864,0.94892,9089.78
2022.11.29 02:00:00,0.94892,0.94919,0.94821,0.94915,3259.18
2022.11.29 03:00:00,0.94916,0.95003,0.94799,0.94813,6950
2022.11.29 04:00:00,0.94814,0.94922,0.94789,0.94899,4915.52
2022.11.29 05:00:00,0.94898,0.94907,0.94656,0.94713,6009.27
2022.11.29 06:00:00,0.94713,0.94744,0.946,0.94614,4449.7
2022.11.29 07:00:00,0.94614,0.94656,0.94595,0.94622,4313.3
2022.11.29 08:00:00,0.9462,0.94848,0.94615,0.94827,9094.34
2022.11.29 09:00:00,0.94828,0.94881,0.94643,0.94759,15366.64
2022.11.29 10:00:00,0.94761,0.9503,0.94712,0.94912,15592.67
2022.11.29 11:00:00,0.94912,0.95238,0.94862,0.95178,10673.23
2022.11.29 12:00:00,0.95177,0.95184,0.94856,0.94882,8829.64
2022.11.29 13:00:00,0.94882,0.94995,0.94835,0.94943,9634.51
2022.11.29 14:00:00,0.94942,0.95089,0.94931,0.94956,8632.81
2022.11.29 15:00:00,0.94955,0.95386,0.94904,0.95263,13192.28
2022.11.29 16:00:00,0.95261,0.9545,0.95169,0.95236,14449.05
2022.11.29 17:00:00,0.95236,0.95342,0.95005,0.95136,16288.37
2022.11.29 18:00:00,0.95134,0.95288,0.95045,0.95065,12143.88
2022.11.29 19:00:00,0.95065,0.95306,0.95065,0.9522,9041.01
2022.11.29 20:00:00,0.9522,0.954,0.95213,0.95301,7173.72
2022.11.29 21:00:00,0.953,0.95389,0.95229,0.95366,7487.76
2022.11.29 22:00:00,0.95369,0.95413,0.95349,0.95395,7674.44
2022.11.29 23:00:00,0.95395,0.95444,0.95343,0.95343,2944.82
2022.11.30 00:00:00,0.95343,0.9537,0.95164,0.95367,713.94
2022.11.30 01:00:00,0.95367,0.95452,0.95331,0.95446,7644.56
2022.11.30 02:00:00,0.95444,0.95463,0.9531,0.95316,6416.03
2022.11.30 03:00:00,0.95316,0.95386,0.95233,0.95276,9266.87
2022.11.30 04:00:00,0.95276,0.95364,0.95264,0.95305,6119.64
2022.11.30 05:00:00,0.95305,0.95337,0.95258,0.95264,4581
2022.11.30 06:00:00,0.95268,0.95275,0.95175,0.95202,3833.29
2022.11.30 07:00:00,0.95201,0.95285,0.95174,0.95285,5726.56
2022.11.30 08:00:00,0.95285,0.95471,0.95251,0.954,6917.86
2022.11.30 09:00:00,0.95413,0.95438,0.95113,0.95239,11607.18
2022.11.30 10:00:00,0.95235,0.95285,0.95051,0.95082,14051.92
2022.11.30 11:00:00,0.95078,0.95145,0.94984,0.95029,11532.01
2022.11.30 12:00:00,0.95029,0.9503,0.94841,0.95012,9478.32
2022.11.30 13:00:00,0.95016,0.95134,0.94898,0.9497,6969.21
2022.11.30 14:00:00,0.9497,0.95072,0.94916,0.95001,9062.23
2022.11.30 15:00:00,0.95001,0.95193,0.9482,0.95168,21076.58
2022.11.30 16:00:00,0.95168,0.95205,0.94738,0.95002,23002.88
2022.11.30 17:00:00,0.95005,0.95448,0.94993,0.95281,32789.78
2022.11.30 18:00:00,0.95277,0.95289,0.9484,0.94868,20809.73
2022.11.30 19:00:00,0.94868,0.95161,0.94807,0.95134,18378.96
2022.11.30 20:00:00,0.95134,0.95294,0.9466,0.94707,22745.39
2022.11.30 21:00:00,0.9471,0.94771,0.94488,0.9449,30646.11
2022.11.30 22:00:00,0.94489,0.9463,0.94311,0.9463,13346.92
2022.11.30 23:00:00,0.94627,0.94701,0.94501,0.94507,6600.16
2022.12.01 00:00:00,0.94489,0.94549,0.94391,0.94502,814.14
2022.12.01 01:00:00,0.94502,0.94516,0.94316,0.94377,11477.96
2022.12.01 02:00:00,0.94378,0.94436,0.94196,0.94208,13918.15
2022.12.01 03:00:00,0.94211,0.9433,0.94146,0.94311,12386.99
2022.12.01 04:00:00,0.94311,0.9438,0.94248,0.9432,10316.61
2022.12.01 05:00:00,0.9432,0.94321,0.94269,0.94273,5001.82
2022.12.01 06:00:00,0.94274,0.94317,0.94251,0.94296,4379.22
2022.12.01 07:00:00,0.94296,0.94309,0.94243,0.94274,7069.78
2022.12.01 08:00:00,0.94273,0.9439,0.94212,0.94212,6567.04
2022.12.01 09:00:00,0.94211,0.94491,0.94122,0.94437,15452.76
2022.12.01 10:00:00,0.94434,0.94524,0.94225,0.94294,19562.98
2022.12.01 11:00:00,0.9429,0.94441,0.94274,0.94386,10521.79
2022.12.01 12:00:00,0.94383,0.94512,0.94336,0.94486,9865.42
2022.12.01 13:00:00,0.94487,0.94599,0.94433,0.94572,7254.27
2022.12.01 14:00:00,0.9457,0.94589,0.94305,0.94462,9640.13
2022.12.01 15:00:00,0.94467,0.94532,0.93955,0.94111,21575.26
2022.12.01 16:00:00,0.94109,0.94156,0.93688,0.9376,23463.01
2022.12.01 17:00:00,0.93758,0.94118,0.93664,0.93914,29829.81
2022.12.01 18:00:00,0.93914,0.93935,0.93676,0.93768,17796.7
2022.12.01 19:00:00,0.93766,0.94001,0.93722,0.93798,18077.51
2022.12.01 20:00:00,0.93798,0.93832,0.9371,0.9371,9897.32
2022.12.01 21:00:00,0.9371,0.93769,0.93647,0.93656,9410.4
2022.12.01 22:00:00,0.93655,0.93768,0.93647,0.93691,8731.24
2022.12.01 23:00:00,0.93693,0.93706,0.93629,0.93635,2712.83
2022.12.02 00:00:00,0.9363,0.937,0.93594,0.93666,2779.39
2022.12.02 01:00:00,0.93666,0.93698,0.93593,0.93637,7526.35
2022.12.02 02:00:00,0.93636,0.93822,0.93631,0.9379,4841.47
2022.12.02 03:00:00,0.93788,0.93828,0.93736,0.93763,4867.48
2022.12.02 04:00:00,0.93764,0.93851,0.93742,0.93815,5777.39
2022.12.02 05:00:00,0.93816,0.93837,0.93725,0.93743,4393.2
2022.12.02 06:00:00,0.93745,0.93788,0.93724,0.93752,3067.95
2022.12.02 07:00:00,0.93753,0.93802,0.93703,0.9377,4283.51
2022.12.02 08:00:00,0.93771,0.93774,0.93641,0.93697,5466.13
2022.12.02 09:00:00,0.93695,0.93695,0.93467,0.9352,14350.1
2022.12.02 10:00:00,0.93521,0.93653,0.93354,0.9349,17098.88
2022.12.02 11:00:00,0.9349,0.93701,0.93489,0.93507,11643.07
2022.12.02 12:00:00,0.93507,0.93563,0.93338,0.93364,11015.9
2022.12.02 13:00:00,0.93363,0.93432,0.93325,0.93326,8125.53
2022.12.02 14:00:00,0.9334,0.93416,0.93256,0.93312,9147.62
2022.12.02 15:00:00,0.9331,0.94387,0.93266,0.94139,41688
2022.12.02 16:00:00,0.94138,0.94264,0.93884,0.94131,35924.54
2022.12.02 17:00:00,0.94134,0.94361,0.94051,0.94102,24614.63
2022.12.02 18:00:00,0.94103,0.94142,0.93658,0.93682,16766.4
2022.12.02 19:00:00,0.93683,0.93762,0.93633,0.93753,12703.41
2022.12.02 20:00:00,0.9375,0.93832,0.93727,0.9383,6686.88
2022.12.02 21:00:00,0.93831,0.93929,0.9373,0.93736,6900.98
2022.12.02 22:00:00,0.93736,0.93796,0.93678,0.93776,6149.26
2022.12.02 23:00:00,0.93775,0.93788,0.93627,0.93649,4743.14
2022.12.05 00:00:00,0.93847,0.93864,0.93607,0.9368,4558.17
2022.12.05 01:00:00,0.9368,0.93807,0.93639,0.93639,10293.84
2022.12.05 02:00:00,0.93639,0.93772,0.93639,0.93733,7427.09
2022.12.05 03:00:00,0.93732,0.93733,0.93497,0.93549,10487.9
2022.12.05 04:00:00,0.93549,0.93583,0.93494,0.93501,4601.37
2022.12.05 05:00:00,0.93499,0.9355,0.93434,0.93448,4995.45
2022.12.05 06:00:00,0.93449,0.93512,0.93424,0.93468,2694.19
2022.12.05 07:00:00,0.93469,0.93514,0.93428,0.93466,3159.82
2022.12.05 08:00:00,0.93468,0.93559,0.93468,0.93533,4263.97
2022.12.05 09:00:00,0.93529,0.93689,0.93485,0.93635,8683.29
2022.12.05 10:00:00,0.93635,0.93649,0.93447,0.93481,14407.36
2022.12.05 11:00:00,0.93481,0.93498,0.93299,0.93409,11630.12
2022.12.05 12:00:00,0.93409,0.93678,0.93403,0.93595,8879.81
2022.12.05 13:00:00,0.93594,0.93654,0.93397,0.93447,7150.47
2022.12.05 14:00:00,0.93447,0.93571,0.93383,0.93415,8501.86
2022.12.05 15:00:00,0.93415,0.93672,0.93386,0.93651,11616.89
2022.12.05 16:00:00,0.93651,0.9386,0.93623,0.93779,16475.77
2022.12.05 17:00:00,0.93779,0.94086,0.93713,0.93825,28764.22
2022.12.05 18:00:00,0.93826,0.94227,0.93791,0.94207,14540.63
2022.12.05 19:00:00,0.94207,0.94256,0.94058,0.94246,11262.55
2022.12.05 20:00:00,0.94249,0.94269,0.94152,0.94214,7234.1
2022.12.05 21:00:00,0.94214,0.94331,0.94194,0.94262,7607.66
2022.12.05 22:00:00,0.94259,0.9434,0.94223,0.94338,7533.31
2022.12.05 23:00:00,0.94339,0.94348,0.94226,0.94228,2600.68
2022.12.06 00:00:00,0.94163,0.94218,0.94074,0.94143,233.84
2022.12.06 01:00:00,0.94143,0.94256,0.94143,0.94232,7520.56
2022.12.06 02:00:00,0.94233,0.94244,0.94142,0.94161,4286.78
2022.12.06 03:00:00,0.9416,0.9423,0.94086,0.94139,6904.75
2022.12.06 04:00:00,0.94139,0.94326,0.94112,0.94261,7700.88
2022.12.06 05:00:00,0.94259,0.94266,0.94154,0.94243,5343.95
2022.12.06 06:00:00,0.94241,0.94271,0.94198,0.94271,3577.99
2022.12.06 07:00:00,0.94271,0.94348,0.94232,0.94286,3683.77
2022.12.06 08:00:00,0.94286,0.94553,0.94285,0.94485,7206.36
2022.12.06 09:00:00,0.94489,0.94552,0.94297,0.94341,9803.41
2022.12.06 10:00:00,0.94341,0.94419,0.94201,0.9436,14750.92
2022.12.06 11:00:00,0.94357,0.94388,0.9426,0.94327,9374.07
2022.12.06 12:00:00,0.94327,0.94347,0.94136,0.94163,8193.42
2022.12.06 13:00:00,0.94165,0.94174,0.93956,0.94021,8687.49
2022.12.06 14:00:00,0.94023,0.94048,0.93824,0.93835,9833.23
2022.12.06 15:00:00,0.93829,0.93984,0.93802,0.9387,12489.07
2022.12.06 16:00:00,0.93867,0.94084,0.93803,0.94078,15299.87
2022.12.06 17:00:00,0.94076,0.94238,0.93949,0.93994,17583.15
2022.12.06 18:00:00,0.93993,0.94087,0.93804,0.94059,12633.08
2022.12.06 19:00:00,0.94056,0.94189,0.94051,0.94167,6552.27
2022.12.06 20:00:00,0.94166,0.94251,0.94142,0.94239,5476.48
2022.12.06 21:00:00,0.94237,0.94267,0.94161,0.942,5138.88
2022.12.06 22:00:00,0.94201,0.94216,0.94155,0.94161,5163.78
2022.12.06 23:00:00,0.9416,0.94214,0.94148,0.94178,1713.67
2022.12.07 00:00:00,0.94178,0.94178,0.94054,0.9415,1896.29
2022.12.07 01:00:00,0.9415,0.94212,0.94138,0.94197,5848.94
2022.12.07 02:00:00,0.942,0.9428,0.94176,0.94252,4415.52
2022.12.07 03:00:00,0.94252,0.94322,0.94172,0.9419,8120.21
2022.12.07 04:00:00,0.9419,0.94221,0.94149,0.9421,8346.38
2022.12.07 05:00:00,0.94212,0.94281,0.94209,0.94216,5123.69
2022.12.07 06:00:00,0.94218,0.94283,0.94214,0.94246,3342.19
2022.12.07 07:00:00,0.94247,0.94247,0.94168,0.94224,5169.19
2022.12.07 08:00:00,0.94222,0.94374,0.94207,0.94296,10684.13
2022.12.07 09:00:00,0.94296,0.94336,0.94053,0.94064,18184.25
2022.12.07 10:00:00,0.94064,0.9432,0.94062,0.94202,19196.4
2022.12.07 11:00:00,0.942,0.94314,0.94156,0.94159,17542.49
2022.12.07 12:00:00,0.94159,0.94229,0.94044,0.94166,14640.69
2022.12.07 13:00:00,0.94166,0.94269,0.94097,0.94269,12688.65
2022.12.07 14:00:00,0.94267,0.94284,0.93875,0.93886,12481.47
2022.12.07 15:00:00,0.93889,0.94032,0.93651,0.93703,23870.63
2022.12.07 16:00:00,0.93701,0.93907,0.93626,0.93859,27572.93
2022.12.07 17:00:00,0.9386,0.93961,0.93693,0.93888,32144.23
2022.12.07 18:00:00,0.93888,0.94065,0.93886,0.94015,20691.76
2022.12.07 19:00:00,0.94012,0.94098,0.93966,0.94038,14204.96
2022.12.07 20:00:00,0.94037,0.94042,0.93909,0.93991,8115.63
2022.12.07 21:00:00,0.93991,0.94017,0.93925,0.9395,7643.39
2022.12.07 22:00:00,0.93952,0.94038,0.93922,0.94026,7894.01
2022.12.07 23:00:00,0.94026,0.94092,0.94005,0.94036,2846.97
2022.12.08 00:00:00,0.94044,0.94044,0.93914,0.93979,1279.34
2022.12.08 01:00:00,0.93986,0.94054,0.9396,0.94031,8086.48
2022.12.08 02:00:00,0.94034,0.94144,0.94026,0.9414,5804.94
2022.12.08 03:00:00,0.94141,0.94235,0.94124,0.94174,9065.55
2022.12.08 04:00:00,0.94175,0.94223,0.94133,0.94214,5183.16
2022.12.08 05:00:00,0.94214,0.94232,0.94145,0.9417,5151.76
2022.12.08 06:00:00,0.94171,0.94245,0.94163,0.94174,4727.35
2022.12.08 07:00:00,0.94173,0.94236,0.94151,0.94172,4575.19
2022.12.08 08:00:00,0.94173,0.94181,0.94033,0.94103,9457.91
2022.12.08 09:00:00,0.94112,0.94134,0.93929,0.93978,12887.66
2022.12.08 10:00:00,0.93976,0.94093,0.93951,0.94017,16909.34
2022.12.08 11:00:00,0.94018,0.94246,0.93997,0.94238,11298.8
2022.12.08 12:00:00,0.94238,0.94263,0.94119,0.94127,9429.19
2022.12.08 13:00:00,0.94125,0.94238,0.94112,0.94154,8619.11
2022.12.08 14:00:00,0.94154,0.94171,0.93982,0.9401,10442.24
2022.12.08 15:00:00,0.9401,0.94026,0.93837,0.93923,21468.05
2022.12.08 16:00:00,0.93923,0.93961,0.93691,0.93723,22751.26
2022.12.08 17:00:00,0.93721,0.93744,0.93509,0.93616,18348.02
2022.12.08 18:00:00,0.93617,0.9365,0.9343,0.9358,14805.14
2022.12.08 19:00:00,0.9358,0.93715,0.9358,0.93683,9683.9
2022.12.08 20:00:00,0.93683,0.93791,0.93588,0.93605,7704.29
2022.12.08 21:00:00,0.93605,0.93714,0.93594,0.9361,8816.24
2022.12.08 22:00:00,0.9361,0.93666,0.93578,0.93607,5789.85
2022.12.08 23:00:00,0.93605,0.93632,0.93574,0.93622,1852.26
2022.12.09 00:00:00,0.93622,0.93652,0.93553,0.93559,2242.1
2022.12.09 01:00:00,0.9356,0.93622,0.93552,0.93602,3093.82
2022.12.09 02:00:00,0.936,0.93665,0.93575,0.93575,4593.96
2022.12.09 03:00:00,0.93575,0.9358,0.93339,0.93359,7369.19
2022.12.09 04:00:00,0.93355,0.93475,0.93342,0.93448,6051.4
2022.12.09 05:00:00,0.93448,0.93451,0.93351,0.93376,7667.1
2022.12.09 06:00:00,0.93374,0.93391,0.93345,0.9337,5863.2
2022.12.09 07:00:00,0.9337,0.93381,0.93298,0.93373,7215.53
2022.12.09 08:00:00,0.93373,0.9341,0.9331,0.93316,5951.69
2022.12.09 09:00:00,0.93315,0.93397,0.93242,0.93322,9932.99
2022.12.09 10:00:00,0.93323,0.93459,0.93285,0.93448,9754.11
2022.12.09 11:00:00,0.93449,0.93492,0.93346,0.93415,11911.74
2022.12.09 12:00:00,0.93414,0.9342,0.93246,0.93273,7079.87
2022.12.09 13:00:00,0.93273,0.93304,0.93219,0.93273,8011.02
2022.12.09 14:00:00,0.93273,0.93344,0.93239,0.93303,7987.58
2022.12.09 15:00:00,0.933,0.9381,0.9328,0.93427,25108.19
2022.12.09 16:00:00,0.93426,0.93558,0.9333,0.93378,21642.71
2022.12.09 17:00:00,0.93331,0.93564,0.93226,0.93291,23016.31
2022.12.09 18:00:00,0.93291,0.93357,0.93114,0.93199,13984.67
2022.12.09 19:00:00,0.93198,0.93384,0.93192,0.93307,8548.51
2022.12.09 20:00:00,0.9331,0.93363,0.93267,0.93355,5726.41
2022.12.09 21:00:00,0.93356,0.93396,0.93323,0.93339,5814.33
2022.12.09 22:00:00,0.9334,0.93492,0.93332,0.93492,5417.87
2022.12.09 23:00:00,0.93493,0.93496,0.93307,0.93307,4330.59
2022.12.12 00:00:00,0.93304,0.93376,0.93226,0.93323,300.08
2022.12.12 01:00:00,0.93326,0.93515,0.93326,0.93506,3438.29
2022.12.12 02:00:00,0.93505,0.93661,0.93498,0.93636,6200.98
2022.12.12 03:00:00,0.93634,0.93661,0.93588,0.93634,5714.34
2022.12.12 04:00:00,0.93634,0.93664,0.93576,0.93621,3562.92
2022.12.12 05:00:00,0.9362,0.93627,0.93601,0.93615,2973.8
2022.12.12 06:00:00,0.9361,0.93618,0.93578,0.93596,2231.24
2022.12.12 07:00:00,0.93596,0.93655,0.93594,0.93635,3347.96
2022.12.12 08:00:00,0.93636,0.93684,0.9358,0.93623,7593.84
2022.12.12 09:00:00,0.93623,0.93667,0.93493,0.93516,9237.03
2022.12.12 10:00:00,0.93516,0.93624,0.93345,0.93398,11799.45
2022.12.12 11:00:00,0.93399,0.93431,0.93244,0.93276,10145.46
2022.12.12 12:00:00,0.93273,0.9336,0.9322,0.93246,8602.31
2022.12.12 13:00:00,0.93247,0.93281,0.93126,0.93175,9159.93
2022.12.12 14:00:00,0.93176,0.93291,0.93136,0.93265,7960.71
2022.12.12 15:00:00,0.93263,0.9333,0.93213,0.93262,12394.06
2022.12.12 16:00:00,0.93264,0.93394,0.93218,0.93381,15358.3
2022.12.12 17:00:00,0.93381,0.93629,0.9331,0.93599,11997.51
2022.12.12 18:00:00,0.93599,0.93672,0.93544,0.93554,7336.14
2022.12.12 19:00:00,0.93554,0.93668,0.93496,0.93581,4368.8
2022.12.12 20:00:00,0.9358,0.93796,0.93573,0.93739,5755.03
2022.12.12 21:00:00,0.93738,0.93789,0.93693,0.93694,3747.44
2022.12.12 22:00:00,0.93696,0.93739,0.93614,0.9362,2717.93
2022.12.12 23:00:00,0.93619,0.93645,0.93581,0.93589,1187.7
2022.12.13 00:00:00,0.93573,0.93593,0.93499,0.93513,307.14
2022.12.13 01:00:00,0.93513,0.93594,0.93513,0.93574,974.99
2022.12.13 02:00:00,0.93572,0.93625,0.93532,0.93564,1377.31
2022.12.13 03:00:00,0.93565,0.9358,0.93533,0.93543,2072.71
2022.12.13 04:00:00,0.93544,0.93573,0.93505,0.93551,1534.43
2022.12.13 05:00:00,0.9355,0.93653,0.93546,0.93652,1791.63
2022.12.13 06:00:00,0.93654,0.93681,0.93606,0.93612,1193.23
2022.12.13 07:00:00,0.93612,0.9362,0.93524,0.93531,1341.58
2022.12.13 08:00:00,0.93531,0.93563,0.93479,0.93543,2018.15
2022.12.13 09:00:00,0.93542,0.93542,0.93387,0.93466,3924.1
2022.12.13 10:00:00,0.93463,0.93659,0.93391,0.93638,6615.41
2022.12.13 11:00:00,0.93638,0.93747,0.93633,0.93642,6321.26
2022.12.13 12:00:00,0.93644,0.93734,0.93631,0.93697,5298.99
2022.12.13 13:00:00,0.93696,0.93713,0.93607,0.93702,4272.91
2022.12.13 14:00:00,0.93704,0.93711,0.93539,0.9356,6016.34
2022.12.13 15:00:00,0.93561,0.93625,0.92439,0.92577,25526.28
2022.12.13 16:00:00,0.92576,0.92615,0.92309,0.92472,23975.63
2022.12.13 17:00:00,0.92469,0.92752,0.92402,0.92647,19119.39
2022.12.13 18:00:00,0.92644,0.92708,0.92448,0.9268,11799
2022.12.13 19:00:00,0.92679,0.92959,0.92632,0.92956,8969.73
2022.12.13 20:00:00,0.92955,0.92987,0.92853,0.92979,7087.79
2022.12.13 21:00:00,0.9298,0.92985,0.92829,0.92862,6621.55
2022.12.13 22:00:00,0.92863,0.92928,0.92822,0.92917,6119.57
2022.12.13 23:00:00,0.92918,0.9294,0.92807,0.92807,2382.24
2022.12.14 00:00:00,0.9278,0.92907,0.92711,0.92783,386.92
2022.12.14 01:00:00,0.9279,0.92947,0.92787,0.92906,4328.82
2022.12.14 02:00:00,0.92906,0.92953,0.92846,0.92874,2657.4
2022.12.14 03:00:00,0.92873,0.92914,0.92842,0.92859,5388.62
2022.12.14 04:00:00,0.92858,0.92943,0.92855,0.92917,2930.86
2022.12.14 05:00:00,0.92915,0.92945,0.92868,0.92909,1754.66
2022.12.14 06:00:00,0.92909,0.9297,0.92905,0.92915,1321.48
2022.12.14 07:00:00,0.92914,0.9292,0.92853,0.92904,1454.55
2022.12.14 08:00:00,0.92905,0.92905,0.92814,0.92829,2599.3
2022.12.14 09:00:00,0.92828,0.92957,0.92789,0.92919,5087.78
2022.12.14 10:00:00,0.92919,0.92954,0.92684,0.92783,8115.3
2022.12.14 11:00:00,0.92782,0.92824,0.92672,0.92686,8457.7
2022.12.14 12:00:00,0.92686,0.92742,0.92605,0.92625,6513.88
2022.12.14 13:00:00,0.92626,0.92821,0.92624,0.92779,5919.04
2022.12.14 14:00:00,0.92778,0.92843,0.92683,0.92685,6539.9
2022.12.14 15:00:00,0.92684,0.92739,0.92601,0.92661,10349.87
2022.12.14 16:00:00,0.92662,0.9278,0.92482,0.92586,11861.29
2022.12.14 17:00:00,0.92585,0.92597,0.92305,0.92367,9494.15
2022.12.14 18:00:00,0.92367,0.92432,0.92265,0.92381,7614.13
2022.12.14 19:00:00,0.9238,0.925,0.92379,0.92491,6655.71
2022.12.14 20:00:00,0.9249,0.92491,0.92153,0.92222,6246.79
2022.12.14 21:00:00,0.92222,0.92737,0.92153,0.92458,35896.03
2022.12.14 22:00:00,0.92459,0.92512,0.92153,0.92362,22129.81
2022.12.14 23:00:00,0.92361,0.92457,0.92274,0.92417,2716.09
2022.12.15 00:00:00,0.92393,0.92454,0.92231,0.9238,283.83
2022.12.15 01:00:00,0.92381,0.92476,0.9237,0.92436,3722.07
2022.12.15 02:00:00,0.92435,0.92498,0.92355,0.92386,4458.24
2022.12.15 03:00:00,0.92387,0.92553,0.92384,0.92525,3405.55
2022.12.15 04:00:00,0.92524,0.92588,0.92492,0.9256,3008.83
2022.12.15 05:00:00,0.92559,0.9259,0.92528,0.92561,2378.9
2022.12.15 06:00:00,0.9256,0.92632,0.92555,0.9261,2000.76
2022.12.15 07:00:00,0.92611,0.92631,0.92529,0.92538,2130.09
2022.12.15 08:00:00,0.92537,0.92585,0.92511,0.9258,2234.09
2022.12.15 09:00:00,0.92579,0.92703,0.92575,0.92644,5073.99
2022.12.15 10:00:00,0.92643,0.9301,0.92449,0.92887,14528.78
2022.12.15 11:00:00,0.9289,0.93041,0.92678,0.92876,10161.45
2022.12.15 12:00:00,0.92878,0.92983,0.92835,0.92945,6868.9
2022.12.15 13:00:00,0.92944,0.92978,0.9274,0.92791,9176.15
2022.12.15 14:00:00,0.92791,0.92912,0.92728,0.92737,9162.12
2022.12.15 15:00:00,0.92739,0.92958,0.92625,0.9269,15997.73
2022.12.15 16:00:00,0.9269,0.92711,0.92314,0.92541,21568.11
2022.12.15 17:00:00,0.9254,0.92966,0.92497,0.9284,18597.42
2022.12.15 18:00:00,0.92842,0.93008,0.92807,0.92884,10725.98
2022.12.15 19:00:00,0.92882,0.93111,0.92867,0.93086,9304.21
2022.12.15 20:00:00,0.93085,0.93165,0.92951,0.92984,6623.88
2022.12.15 21:00:00,0.92983,0.92983,0.92825,0.92825,4911.08
2022.12.15 22:00:00,0.92823,0.9289,0.92796,0.92864,4776.04
2022.12.15 23:00:00,0.92866,0.92888,0.9275,0.9275,2826.47
2022.12.16 00:00:00,0.9275,0.92912,0.92746,0.92757,541.2
2022.12.16 01:00:00,0.92745,0.92844,0.92742,0.92765,3310.09
2022.12.16 02:00:00,0.92763,0.92765,0.92685,0.92687,1891.6
2022.12.16 03:00:00,0.92688,0.92722,0.92656,0.92719,3177.42
2022.12.16 04:00:00,0.92719,0.92728,0.92535,0.92623,2766.73
2022.12.16 05:00:00,0.92623,0.92695,0.9262,0.9267,5074.14
2022.12.16 06:00:00,0.92671,0.92689,0.92631,0.92667,2400.5
2022.12.16 07:00:00,0.92669,0.9272,0.92656,0.92703,1782.42
2022.12.16 08:00:00,0.92704,0.92722,0.926,0.92657,2707.48
2022.12.16 09:00:00,0.92657,0.92843,0.92609,0.92828,6166.38
2022.12.16 10:00:00,0.92828,0.92834,0.92675,0.9272,8681.44
2022.12.16 11:00:00,0.92719,0.92992,0.92694,0.92981,8106.03
2022.12.16 12:00:00,0.92979,0.93065,0.92846,0.92998,6788.16
2022.12.16 13:00:00,0.92999,0.93032,0.92842,0.92946,6484.24
2022.12.16 14:00:00,0.92946,0.93036,0.92926,0.92965,4752.52
2022.12.16 15:00:00,0.92964,0.93068,0.9296,0.93047,8167.97
2022.12.16 16:00:00,0.93049,0.93183,0.92927,0.92953,18496.39
2022.12.16 17:00:00,0.92951,0.93256,0.92909,0.93224,13661.22
2022.12.16 18:00:00,0.93223,0.93353,0.93199,0.93239,8493.71
2022.12.16 19:00:00,0.93241,0.93278,0.93152,0.93211,6547.94
2022.12.16 20:00:00,0.93212,0.93245,0.93161,0.93225,3045.2
2022.12.16 21:00:00,0.93224,0.93363,0.93207,0.93301,3207.83
2022.12.16 22:00:00,0.933,0.93381,0.93254,0.9338,3999.34
2022.12.16 23:00:00,0.93379,0.93428,0.93343,0.93343,4798.39
2022.12.19 00:00:00,0.93248,0.93357,0.9324,0.93271,549.88
2022.12.19 01:00:00,0.93283,0.93469,0.93262,0.93456,4509.7
2022.12.19 02:00:00,0.93459,0.9346,0.93244,0.93274,3573.2
2022.12.19 03:00:00,0.93273,0.93285,0.93191,0.93201,3113.98
2022.12.19 04:00:00,0.93201,0.93253,0.93157,0.93249,3242.98
2022.12.19 05:00:00,0.93249,0.93283,0.93218,0.93253,1377.3
2022.12.19 06:00:00,0.93252,0.93253,0.93194,0.93218,1954.28
2022.12.19 07:00:00,0.93219,0.93287,0.93211,0.93273,1793.78
2022.12.19 08:00:00,0.93275,0.93304,0.93191,0.93216,2953.32
2022.12.19 09:00:00,0.93216,0.93216,0.92987,0.93042,4487.04
2022.12.19 10:00:00,0.93042,0.93056,0.92895,0.92915,5740.34
2022.12.19 11:00:00,0.92913,0.93051,0.92837,0.93045,7057.8
2022.12.19 12:00:00,0.93043,0.93163,0.92995,0.93104,5657.84
2022.12.19 13:00:00,0.93104,0.93195,0.93094,0.9319,4769.56
2022.12.19 14:00:00,0.93191,0.93272,0.93171,0.93219,6191.39
2022.12.19 15:00:00,0.93222,0.93268,0.93184,0.93234,5752.19
2022.12.19 16:00:00,0.93233,0.93274,0.93182,0.9322,6208.59
2022.12.19 17:00:00,0.93222,0.93404,0.93109,0.93331,8883.2
2022.12.19 18:00:00,0.93329,0.93362,0.92998,0.93037,8220.72
2022.12.19 19:00:00,0.93034,0.93057,0.92908,0.92953,4735.36
2022.12.19 20:00:00,0.92953,0.93008,0.9291,0.92999,3114.42
2022.12.19 21:00:00,0.93002,0.93068,0.92959,0.93006,4484.86
2022.12.19 22:00:00,0.93006,0.93044,0.9296,0.92971,2665.33
2022.12.19 23:00:00,0.92971,0.92972,0.92837,0.92837,1215.24
2022.12.20 00:00:00,0.92835,0.92867,0.92741,0.92856,405.86
2022.12.20 01:00:00,0.92837,0.92898,0.92837,0.92864,7781.7
2022.12.20 02:00:00,0.92864,0.93047,0.92862,0.92996,3320.86
2022.12.20 03:00:00,0.92997,0.93071,0.92967,0.92984,3832.31
2022.12.20 04:00:00,0.92985,0.93011,0.92931,0.92936,2757.06
2022.12.20 05:00:00,0.92935,0.92968,0.92546,0.92842,20294.86
2022.12.20 06:00:00,0.92843,0.929,0.92748,0.92895,9540.25
2022.12.20 07:00:00,0.92895,0.92947,0.92804,0.92887,7008.18
2022.12.20 08:00:00,0.92886,0.92982,0.92737,0.92875,9981.18
2022.12.20 09:00:00,0.92877,0.92924,0.9276,0.9277,10102.28
2022.12.20 10:00:00,0.9277,0.92832,0.92558,0.92559,10597.43
2022.12.20 11:00:00,0.92559,0.9271,0.92488,0.92583,7892.21
2022.12.20 12:00:00,0.92584,0.92769,0.92556,0.92652,7894.58
2022.12.20 13:00:00,0.92652,0.9278,0.92536,0.92596,5378.05
2022.12.20 14:00:00,0.92596,0.92871,0.92562,0.92869,6404.5
2022.12.20 15:00:00,0.92868,0.92992,0.9283,0.92855,9356.95
2022.12.20 16:00:00,0.92853,0.92998,0.92616,0.92648,13079.4
2022.12.20 17:00:00,0.92646,0.92652,0.92415,0.92584,11764.79
2022.12.20 18:00:00,0.92583,0.92742,0.92518,0.92589,9796.34
2022.12.20 19:00:00,0.92585,0.92692,0.92554,0.92661,5975.09
2022.12.20 20:00:00,0.92661,0.92757,0.92639,0.92752,3615.34
2022.12.20 21:00:00,0.92753,0.92787,0.92612,0.92623,3263.57
2022.12.20 22:00:00,0.92625,0.92702,0.92617,0.92695,2793.81
2022.12.20 23:00:00,0.92697,0.92701,0.9257,0.92571,2136.58
2022.12.21 00:00:00,0.92571,0.92587,0.92529,0.92558,439.4
2022.12.21 01:00:00,0.92567,0.92651,0.92548,0.92632,6290.56
2022.12.21 02:00:00,0.92632,0.92706,0.9261,0.92682,2962.8
2022.12.21 03:00:00,0.92685,0.92812,0.92646,0.92771,6039
2022.12.21 04:00:00,0.92773,0.92802,0.92733,0.92777,2319.44
2022.12.21 05:00:00,0.92777,0.92806,0.92747,0.92767,2084.3
2022.12.21 06:00:00,0.92767,0.92864,0.92765,0.92852,1229.9
2022.12.21 07:00:00,0.92854,0.92868,0.92819,0.92822,1224.1
2022.12.21 08:00:00,0.92824,0.92871,0.92818,0.92869,2880.38
2022.12.21 09:00:00,0.92868,0.92888,0.92641,0.92647,4820.08
2022.12.21 10:00:00,0.92646,0.92711,0.92508,0.92543,6464.7
2022.12.21 11:00:00,0.92543,0.9268,0.92521,0.92631,6872.29
2022.12.21 12:00:00,0.92631,0.92713,0.92571,0.92685,4594.6
2022.12.21 13:00:00,0.92685,0.92698,0.92568,0.92635,5861.96
2022.12.21 14:00:00,0.92634,0.92738,0.92458,0.92472,5718.3
2022.12.21 15:00:00,0.92471,0.92521,0.92384,0.92489,8150.28
2022.12.21 16:00:00,0.92489,0.92769,0.92487,0.92695,10005.42
2022.12.21 17:00:00,0.92694,0.92758,0.92388,0.92629,10966.9
2022.12.21 18:00:00,0.92627,0.92772,0.92602,0.92764,7612.56
2022.12.21 19:00:00,0.92763,0.92813,0.92683,0.92706,4216.48
2022.12.21 20:00:00,0.92706,0.92766,0.92604,0.92609,4321.19
2022.12.21 21:00:00,0.92607,0.92653,0.92542,0.92603,3850.76
2022.12.21 22:00:00,0.92603,0.92667,0.92603,0.92666,2699.42
2022.12.21 23:00:00,0.92666,0.92703,0.92638,0.92644,1390.08
2022.12.22 00:00:00,0.92635,0.92682,0.92505,0.92603,479.36
2022.12.22 01:00:00,0.92605,0.92658,0.92605,0.92657,2588.89
2022.12.22 02:00:00,0.92657,0.92678,0.92541,0.92544,1909.72
2022.12.22 03:00:00,0.92546,0.92619,0.92497,0.92504,3003.64
2022.12.22 04:00:00,0.92504,0.92523,0.92442,0.92461,2251.42
2022.12.22 05:00:00,0.92461,0.92467,0.92389,0.92392,2296.28
2022.12.22 06:00:00,0.92392,0.92457,0.92386,0.924,2375.2
2022.12.22 07:00:00,0.92403,0.92421,0.92355,0.92402,2726.36
2022.12.22 08:00:00,0.92401,0.92401,0.92312,0.92356,2607.44
2022.12.22 09:00:00,0.92355,0.92475,0.923,0.92432,3476.9
2022.12.22 10:00:00,0.92434,0.92471,0.92264,0.92378,5470.85
2022.12.22 11:00:00,0.92377,0.92453,0.92278,0.92317,5706.78
2022.12.22 12:00:00,0.92318,0.9254,0.92282,0.92537,5262
2022.12.22 13:00:00,0.92537,0.92714,0.92531,0.92695,4853.54
2022.12.22 14:00:00,0.92695,0.92727,0.92584,0.92595,5089.62
2022.12.22 15:00:00,0.92596,0.92913,0.92572,0.9288,11025.37
2022.12.22 16:00:00,0.92881,0.93056,0.92748,0.92828,11613.54
2022.12.22 17:00:00,0.92826,0.9307,0.92781,0.93033,10673.82
2022.12.22 18:00:00,0.93034,0.93142,0.92935,0.93104,7028.86
2022.12.22 19:00:00,0.93103,0.9316,0.93085,0.93118,3051.74
2022.12.22 20:00:00,0.93118,0.93195,0.93114,0.93191,3546.34
2022.12.22 21:00:00,0.93193,0.93211,0.93108,0.93116,3601.96
2022.12.22 22:00:00,0.93117,0.93145,0.93054,0.93106,4039.16
2022.12.22 23:00:00,0.93107,0.93153,0.93081,0.93104,1770.94
2022.12.23 00:00:00,0.93059,0.93093,0.93053,0.93062,343.52
2022.12.23 01:00:00,0.93059,0.93115,0.93038,0.93108,25920
2022.12.23 02:00:00,0.93104,0.93205,0.93093,0.93199,7891.26
2022.12.23 03:00:00,0.932,0.93216,0.93163,0.93187,3043.58
2022.12.23 04:00:00,0.93186,0.93189,0.93142,0.93172,2797.5
2022.12.23 05:00:00,0.93171,0.93187,0.9315,0.93173,1673.1
2022.12.23 06:00:00,0.93172,0.93182,0.93156,0.9317,2179.92
2022.12.23 07:00:00,0.93169,0.93186,0.93156,0.93172,2243.9
2022.12.23 08:00:00,0.93173,0.93195,0.93135,0.93163,3261.98
2022.12.23 09:00:00,0.93165,0.93175,0.93058,0.93069,4087.5
2022.12.23 10:00:00,0.93069,0.93268,0.93044,0.93058,4993.02
2022.12.23 11:00:00,0.93058,0.93139,0.93029,0.93125,3503.7
2022.12.23 12:00:00,0.93124,0.93133,0.92954,0.92988,3896.73
2022.12.23 13:00:00,0.92988,0.9306,0.9298,0.93025,4962.4
2022.12.23 14:00:00,0.93023,0.93104,0.92907,0.92927,5020.88
2022.12.23 15:00:00,0.92927,0.93151,0.92847,0.93112,14522.5
2022.12.23 16:00:00,0.93113,0.93315,0.93056,0.93305,11970.13
2022.12.23 17:00:00,0.93305,0.93415,0.93131,0.93347,14123.69
2022.12.23 18:00:00,0.93346,0.93383,0.93246,0.93344,5659.22
2022.12.23 19:00:00,0.93341,0.93387,0.93191,0.9329,4380.26
2022.12.23 20:00:00,0.93289,0.93425,0.93281,0.93376,3759.54
2022.12.23 21:00:00,0.93377,0.93443,0.93367,0.93386,2985.58
2022.12.23 22:00:00,0.93386,0.93424,0.93315,0.93328,3391.36
2022.12.23 23:00:00,0.93326,0.93388,0.93282,0.93282,3190.95
2022.12.26 00:00:00,0.9329,0.9329,0.93239,0.93239,9.9
2022.12.26 01:00:00,0.9331,0.93364,0.9324,0.93276,1100.31
2022.12.26 02:00:00,0.93275,0.93437,0.93233,0.93354,1477.83
2022.12.26 03:00:00,0.93353,0.93382,0.93239,0.93282,460.5
2022.12.26 04:00:00,0.93317,0.93317,0.93253,0.93276,217.42
2022.12.26 05:00:00,0.93276,0.93292,0.93269,0.9327,559.64
2022.12.26 06:00:00,0.9327,0.93307,0.93269,0.9327,974.24
2022.12.26 07:00:00,0.9327,0.93324,0.93269,0.9327,487.84
2022.12.26 08:00:00,0.93269,0.93321,0.93172,0.93298,1483.98
2022.12.26 09:00:00,0.93298,0.93318,0.93111,0.93221,1659.2
2022.12.26 10:00:00,0.93181,0.93294,0.93172,0.93277,1611.9
2022.12.26 11:00:00,0.93277,0.93286,0.93143,0.9317,877.4
2022.12.26 12:00:00,0.9317,0.93227,0.93127,0.93144,1460.62
2022.12.26 13:00:00,0.93126,0.93196,0.93062,0.93064,1653.18
2022.12.26 14:00:00,0.93064,0.93211,0.93063,0.93153,724.09
2022.12.26 15:00:00,0.93153,0.93183,0.93066,0.93099,566.06
2022.12.26 16:00:00,0.93137,0.93187,0.93083,0.93137,162.42
2022.12.26 17:00:00,0.93137,0.93302,0.93097,0.93134,373.32
2022.12.26 18:00:00,0.93134,0.93317,0.93119,0.93231,1777.49
2022.12.26 19:00:00,0.93228,0.93277,0.93117,0.93193,169.76
2022.12.26 20:00:00,0.93218,0.93249,0.93115,0.93235,985.35
2022.12.26 21:00:00,0.93235,0.93251,0.93144,0.93156,629.7
2022.12.26 22:00:00,0.93156,0.93177,0.9307,0.93107,85.96
2022.12.26 23:00:00,0.93106,0.93117,0.93056,0.93103,286.64
2022.12.27 00:00:00,0.93098,0.93235,0.93076,0.93085,155.44
2022.12.27 01:00:00,0.93124,0.93286,0.93124,0.93194,8557.58
2022.12.27 02:00:00,0.93193,0.93231,0.93141,0.93163,8171.22
2022.12.27 03:00:00,0.93161,0.93166,0.93034,0.93056,2785.78
2022.12.27 04:00:00,0.93055,0.9306,0.93002,0.93053,3224.44
2022.12.27 05:00:00,0.93053,0.93173,0.93051,0.93135,1433.2
2022.12.27 06:00:00,0.93135,0.93143,0.93088,0.93091,3248.26
2022.12.27 07:00:00,0.93091,0.9311,0.93025,0.93031,2240.4
2022.12.27 08:00:00,0.93032,0.9308,0.92964,0.92982,4373.58
2022.12.27 09:00:00,0.92979,0.93095,0.92938,0.93072,3251.76
2022.12.27 10:00:00,0.93072,0.93212,0.93001,0.93024,6817.62
2022.12.27 11:00:00,0.93022,0.93044,0.92837,0.9284,4328.13
2022.12.27 12:00:00,0.92842,0.92907,0.92694,0.92725,5405.76
2022.12.27 13:00:00,0.92725,0.92919,0.92712,0.92872,4864.94
2022.12.27 14:00:00,0.92874,0.92996,0.92836,0.92982,3719.27
2022.12.27 15:00:00,0.92979,0.93081,0.92973,0.93068,7651.44
2022.12.27 16:00:00,0.93068,0.93161,0.92953,0.9301,7446.54
2022.12.27 17:00:00,0.93011,0.93035,0.92709,0.92841,9111.37
2022.12.27 18:00:00,0.92842,0.92901,0.92818,0.92858,6504.7
2022.12.27 19:00:00,0.92856,0.9302,0.92852,0.93001,4114.86
2022.12.27 20:00:00,0.93004,0.93014,0.92877,0.92911,3444.1
2022.12.27 21:00:00,0.9291,0.9294,0.92861,0.92929,3668.2
2022.12.27 22:00:00,0.92926,0.92949,0.92875,0.92928,3053.32
2022.12.27 23:00:00,0.92931,0.92945,0.92815,0.92844,2804.25
2022.12.28 00:00:00,0.92844,0.92879,0.92714,0.92757,111.62
2022.12.28 01:00:00,0.92845,0.92944,0.92774,0.92937,3207.5
2022.12.28 02:00:00,0.92934,0.93063,0.92888,0.93016,2213.42
2022.12.28 03:00:00,0.93018,0.93032,0.92928,0.92938,2537.06
2022.12.28 04:00:00,0.92939,0.93001,0.92939,0.92981,1631.22
2022.12.28 05:00:00,0.92981,0.9305,0.92933,0.93037,1770.62
2022.12.28 06:00:00,0.93038,0.93038,0.92969,0.92988,1306.92
2022.12.28 07:00:00,0.92984,0.92991,0.92919,0.92923,1401.68
2022.12.28 08:00:00,0.92924,0.92964,0.92906,0.92951,1849.12
2022.12.28 09:00:00,0.9295,0.92988,0.92914,0.92921,3394.86
2022.12.28 10:00:00,0.92922,0.92984,0.92754,0.92969,6172.48
2022.12.28 11:00:00,0.92968,0.9307,0.92955,0.93015,4556.46
2022.12.28 12:00:00,0.93015,0.93057,0.92796,0.92822,4127.78
2022.12.28 13:00:00,0.92823,0.92832,0.92734,0.92763,3847.54
2022.12.28 14:00:00,0.92764,0.92818,0.92584,0.92661,5418.4
2022.12.28 15:00:00,0.92662,0.92748,0.92581,0.92617,4743.96
2022.12.28 16:00:00,0.92616,0.9262,0.92449,0.92561,6894.98
2022.12.28 17:00:00,0.92553,0.92873,0.92522,0.92829,9771.4
2022.12.28 18:00:00,0.92829,0.92884,0.92672,0.92756,6486.58
2022.12.28 19:00:00,0.92753,0.92781,0.92615,0.92626,5243.96
2022.12.28 20:00:00,0.92624,0.92821,0.92574,0.92821,3431.64
2022.12.28 21:00:00,0.9282,0.92867,0.92768,0.92849,3997.54
2022.12.28 22:00:00,0.9285,0.92919,0.92845,0.92917,2316
2022.12.28 23:00:00,0.9292,0.92941,0.92846,0.92869,1061.96
2022.12.29 00:00:00,0.92869,0.92869,0.92675,0.92841,303.58
2022.12.29 01:00:00,0.92841,0.92855,0.9278,0.92785,5217.36
2022.12.29 02:00:00,0.92786,0.92789,0.92672,0.92687,3019.26
2022.12.29 03:00:00,0.92688,0.92719,0.92672,0.92706,2795.3
2022.12.29 04:00:00,0.92707,0.92708,0.92672,0.927,1326.09
2022.12.29 05:00:00,0.927,0.92734,0.92689,0.9272,1052.71
2022.12.29 06:00:00,0.9272,0.92749,0.92699,0.927,1047.35
2022.12.29 07:00:00,0.927,0.92753,0.92678,0.92724,1610.65
2022.12.29 08:00:00,0.92723,0.92846,0.92683,0.92827,1954.92
2022.12.29 09:00:00,0.92833,0.92876,0.92681,0.92691,2925.71
2022.12.29 10:00:00,0.92691,0.92721,0.92502,0.92599,5054.05
2022.12.29 11:00:00,0.926,0.926,0.9228,0.92341,4836.99
2022.12.29 12:00:00,0.9234,0.92607,0.9234,0.9256,5097.56
2022.12.29 13:00:00,0.92558,0.92599,0.92442,0.9255,4070.4
2022.12.29 14:00:00,0.92549,0.9256,0.92394,0.92412,3814
2022.12.29 15:00:00,0.92412,0.92412,0.92236,0.92347,7697.66
2022.12.29 16:00:00,0.92348,0.92426,0.92103,0.92335,8503.25
2022.12.29 17:00:00,0.92336,0.92546,0.92318,0.92327,10194.35
2022.12.29 18:00:00,0.92326,0.92442,0.92288,0.92341,6729.37
2022.12.29 19:00:00,0.9234,0.92354,0.92206,0.92268,2993.73
2022.12.29 20:00:00,0.92266,0.92314,0.92251,0.9226,2665.83
2022.12.29 21:00:00,0.9226,0.92273,0.92155,0.92161,2766.41
2022.12.29 22:00:00,0.9216,0.92315,0.9216,0.92281,2155.17
2022.12.29 23:00:00,0.9228,0.9233,0.92243,0.92272,1148.5
2022.12.30 00:00:00,0.92261,0.923,0.92168,0.92276,152.18
2022.12.30 01:00:00,0.92276,0.92349,0.92252,0.92299,1522.65
2022.12.30 02:00:00,0.923,0.92327,0.92227,0.92228,1739.15
2022.12.30 03:00:00,0.92228,0.92324,0.92221,0.92297,2129.14
2022.12.30 04:00:00,0.92297,0.92338,0.92296,0.923,1476.11
2022.12.30 05:00:00,0.92302,0.92316,0.92262,0.92312,1582.69
2022.12.30 06:00:00,0.92312,0.92372,0.92312,0.92331,1114.24
2022.12.30 07:00:00,0.92332,0.92386,0.92278,0.92377,1800.34
2022.12.30 08:00:00,0.92378,0.92412,0.92322,0.92387,2257.35
2022.12.30 09:00:00,0.92384,0.925,0.92333,0.92486,4446.83
2022.12.30 10:00:00,0.92487,0.92494,0.92323,0.92427,6609.51
2022.12.30 11:00:00,0.92427,0.92495,0.92292,0.92311,6192.43
2022.12.30 12:00:00,0.92309,0.92331,0.92138,0.9217,4030.45
2022.12.30 13:00:00,0.92168,0.92262,0.92112,0.92258,4899.68
2022.12.30 14:00:00,0.92258,0.92382,0.92247,0.92262,6901.59
2022.12.30 15:00:00,0.92263,0.9247,0.92197,0.92363,11358.33
2022.12.30 16:00:00,0.92362,0.92372,0.91997,0.92225,16850.33
2022.12.30 17:00:00,0.92224,0.92678,0.92206,0.92496,22192.9
2022.12.30 18:00:00,0.92496,0.92554,0.924,0.92401,11116.29
2022.12.30 19:00:00,0.92399,0.92402,0.92167,0.92179,9879.58
2022.12.30 20:00:00,0.92178,0.92329,0.92161,0.9232,13153.94
2022.12.30 21:00:00,0.9232,0.92446,0.92303,0.92428,8035.16
2022.12.30 22:00:00,0.9243,0.92533,0.92347,0.92454,7906.74
2022.12.30 23:00:00,0.92452,0.92502,0.92395,0.92427,6292.79
2023.01.02 00:00:00,0.92631,0.92671,0.9261,0.92671,10.5
2023.01.02 01:00:00,0.92244,0.92347,0.92207,0.92327,120.46
2023.01.02 02:00:00,0.92317,0.92417,0.92242,0.92313,175
2023.01.02 03:00:00,0.92284,0.92413,0.92271,0.92396,383.33
2023.01.02 04:00:00,0.92396,0.92432,0.92396,0.92424,265.1
2023.01.02 05:00:00,0.92426,0.92441,0.92421,0.92422,309.82
2023.01.02 06:00:00,0.92422,0.92427,0.92241,0.92378,403.43
2023.01.02 07:00:00,0.92378,0.92427,0.92356,0.92404,605.96
2023.01.02 08:00:00,0.92399,0.92447,0.92261,0.92342,1297.04
2023.01.02 09:00:00,0.92337,0.92551,0.92116,0.92206,1847.27
2023.01.02 10:00:00,0.92203,0.92519,0.92191,0.92457,2615.54
2023.01.02 11:00:00,0.92459,0.92496,0.92328,0.92447,8524.31
2023.01.02 12:00:00,0.92447,0.92452,0.9235,0.92425,19070.31
2023.01.02 13:00:00,0.92425,0.92427,0.9234,0.92401,27749.45
2023.01.02 14:00:00,0.924,0.92422,0.9235,0.92404,6330.11
2023.01.02 15:00:00,0.92406,0.92425,0.92381,0.92412,5883.96
2023.01.02 16:00:00,0.92412,0.92536,0.92404,0.92531,5866.08
2023.01.02 17:00:00,0.92529,0.92575,0.92518,0.9256,2764.31
2023.01.02 18:00:00,0.9256,0.92576,0.92488,0.92558,6026.18
2023.01.02 19:00:00,0.92556,0.92559,0.92547,0.9255,1022.57
2023.01.02 20:00:00,0.92552,0.92562,0.92546,0.92554,514.16
2023.01.02 21:00:00,0.92557,0.92566,0.92363,0.92377,3589.67
2023.01.02 22:00:00,0.92387,0.92457,0.92308,0.92367,750.33
2023.01.02 23:00:00,0.92387,0.92417,0.92307,0.92345,60.9
2023.01.03 00:00:00,0.92479,0.92483,0.92464,0.92464,2.16
2023.01.03 01:00:00,0.92551,0.92687,0.92299,0.92392,4738.78
2023.01.03 02:00:00,0.9238,0.92506,0.92276,0.92388,17238.32
2023.01.03 03:00:00,0.92389,0.92514,0.92389,0.92447,5287.01
2023.01.03 04:00:00,0.92445,0.92469,0.92306,0.92317,4174.53
2023.01.03 05:00:00,0.92318,0.9239,0.92309,0.92371,2463.02
2023.01.03 06:00:00,0.92369,0.92409,0.92336,0.92406,1990.01
2023.01.03 07:00:00,0.92406,0.92476,0.92384,0.92458,2861.44
2023.01.03 08:00:00,0.92458,0.92509,0.92416,0.92493,2390.55
2023.01.03 09:00:00,0.92493,0.92717,0.92425,0.92678,6052.37
2023.01.03 10:00:00,0.92677,0.93518,0.92654,0.93503,16184.02
2023.01.03 11:00:00,0.93504,0.93818,0.93483,0.93696,10844.47
2023.01.03 12:00:00,0.93698,0.9388,0.93671,0.93847,5863.93
2023.01.03 13:00:00,0.93847,0.93984,0.93828,0.93965,4830.77
2023.01.03 14:00:00,0.93964,0.9397,0.93721,0.93762,5305.8
2023.01.03 15:00:00,0.93762,0.9379,0.93485,0.93568,8546.13
2023.01.03 16:00:00,0.93569,0.93643,0.93175,0.93291,11129.11
2023.01.03 17:00:00,0.93291,0.93826,0.93272,0.93819,11551.65
2023.01.03 18:00:00,0.9382,0.93916,0.9368,0.93688,9135.98
2023.01.03 19:00:00,0.93686,0.93778,0.93643,0.93706,4563.52
2023.01.03 20:00:00,0.93705,0.93758,0.9361,0.93657,3545.95
2023.01.03 21:00:00,0.93656,0.93668,0.93493,0.93495,3696.49
2023.01.03 22:00:00,0.93493,0.93596,0.93483,0.93589,3618.17
2023.01.03 23:00:00,0.93592,0.93613,0.9356,0.93587,1833.57
2023.01.04 00:00:00,0.93609,0.93637,0.93555,0.93577,845.94
2023.01.04 01:00:00,0.93577,0.93664,0.93567,0.93617,4368.17
2023.01.04 02:00:00,0.93619,0.9362,0.93444,0.93463,3005.45
2023.01.04 03:00:00,0.93463,0.93476,0.93316,0.93336,4648.04
2023.01.04 04:00:00,0.93336,0.93437,0.93304,0.93429,2941.7
2023.01.04 05:00:00,0.93429,0.93429,0.93335,0.93336,1909
2023.01.04 06:00:00,0.93336,0.93354,0.93245,0.93266,2144.33
2023.01.04 07:00:00,0.93267,0.93409,0.93245,0.93388,3257.39
2023.01.04 08:00:00,0.93386,0.93405,0.93219,0.93221,5276.33
2023.01.04 09:00:00,0.93225,0.93269,0.92835,0.92941,9002.25
2023.01.04 10:00:00,0.92943,0.92943,0.92529,0.92727,11575.07
2023.01.04 11:00:00,0.92726,0.92806,0.92608,0.92717,7387.4
2023.01.04 12:00:00,0.92716,0.92752,0.92633,0.92683,4738.95
2023.01.04 13:00:00,0.92683,0.92779,0.92632,0.92772,4603.15
2023.01.04 14:00:00,0.92772,0.92862,0.92734,0.92799,6004.51
2023.01.04 15:00:00,0.92798,0.92905,0.92655,0.92743,8807.72
2023.01.04 16:00:00,0.92742,0.92864,0.92666,0.92742,9471.29
2023.01.04 17:00:00,0.92754,0.93144,0.92754,0.92923,18538.92
2023.01.04 18:00:00,0.92922,0.93008,0.92682,0.92723,9338.28
2023.01.04 19:00:00,0.92721,0.9289,0.92688,0.9289,5777.93
2023.01.04 20:00:00,0.92889,0.9303,0.92862,0.92972,6017.9
2023.01.04 21:00:00,0.92972,0.9309,0.92886,0.92939,10316.02
2023.01.04 22:00:00,0.92941,0.93001,0.92902,0.92999,5445.39
2023.01.04 23:00:00,0.92998,0.93017,0.92929,0.92929,2027.71
2023.01.05 00:00:00,0.92927,0.93004,0.92887,0.92944,645.08
2023.01.05 01:00:00,0.92944,0.92999,0.92894,0.92968,2902.73
2023.01.05 02:00:00,0.9297,0.92985,0.92808,0.92828,4783.77
2023.01.05 03:00:00,0.92827,0.92872,0.92795,0.92829,3807.94
2023.01.05 04:00:00,0.9283,0.92923,0.9283,0.9288,3781.91
2023.01.05 05:00:00,0.9288,0.92977,0.92873,0.92966,2828.12
2023.01.05 06:00:00,0.92966,0.93035,0.92946,0.9303,1976.25
2023.01.05 07:00:00,0.9303,0.93076,0.93005,0.93014,2840.46
2023.01.05 08:00:00,0.93014,0.9305,0.92895,0.93049,4090.43
2023.01.05 09:00:00,0.93046,0.93079,0.9285,0.92869,5789.99
2023.01.05 10:00:00,0.9287,0.92895,0.92714,0.92741,7671.93
2023.01.05 11:00:00,0.92739,0.92836,0.92604,0.92657,6127.2
2023.01.05 12:00:00,0.92656,0.92731,0.92609,0.92635,5133.27
2023.01.05 13:00:00,0.92634,0.92777,0.92605,0.92693,3691.28
2023.01.05 14:00:00,0.92692,0.92828,0.92653,0.92824,4740.25
2023.01.05 15:00:00,0.92825,0.93348,0.92757,0.93343,15724.9
2023.01.05 16:00:00,0.93343,0.9361,0.93274,0.93587,16184.39
2023.01.05 17:00:00,0.93587,0.93777,0.93413,0.93747,15273.69
2023.01.05 18:00:00,0.93747,0.93763,0.93573,0.93647,9254.69
2023.01.05 19:00:00,0.93646,0.93663,0.93552,0.93612,4683.79
2023.01.05 20:00:00,0.93612,0.93657,0.93472,0.93543,6495.56
2023.01.05 21:00:00,0.93545,0.93597,0.9353,0.93589,2716.58
2023.01.05 22:00:00,0.9359,0.93652,0.93583,0.93652,2902.25
2023.01.05 23:00:00,0.93651,0.93683,0.93577,0.93577,2222
2023.01.06 00:00:00,0.93557,0.93578,0.93513,0.93568,283.5
2023.01.06 01:00:00,0.93568,0.93626,0.93555,0.93619,9097.66
2023.01.06 02:00:00,0.93618,0.9364,0.93522,0.93544,2511.6
2023.01.06 03:00:00,0.93544,0.9362,0.93507,0.93608,3406
2023.01.06 04:00:00,0.9361,0.93616,0.93523,0.9361,2616.49
2023.01.06 05:00:00,0.93608,0.93615,0.93543,0.93601,2825.21
2023.01.06 06:00:00,0.93602,0.93639,0.93578,0.93639,1557.28
2023.01.06 07:00:00,0.93637,0.93779,0.93626,0.93752,2811.39
2023.01.06 08:00:00,0.93752,0.93753,0.93658,0.93702,3451.58
2023.01.06 09:00:00,0.93701,0.93836,0.93646,0.93807,6775.99
2023.01.06 10:00:00,0.93809,0.93911,0.93719,0.93903,7379.07
2023.01.06 11:00:00,0.93903,0.9405,0.93868,0.93998,6033.69
2023.01.06 12:00:00,0.93993,0.94014,0.939,0.9401,4707.36
2023.01.06 13:00:00,0.94009,0.94042,0.93858,0.93979,4269.19
2023.01.06 14:00:00,0.93976,0.94072,0.93935,0.93948,5616.18
2023.01.06 15:00:00,0.93948,0.94086,0.93443,0.93508,19365.88
2023.01.06 16:00:00,0.93507,0.93995,0.93491,0.93916,17102.92
2023.01.06 17:00:00,0.93916,0.93916,0.93009,0.9311,19986.68
2023.01.06 18:00:00,0.93111,0.93163,0.92899,0.92934,10647.02
2023.01.06 19:00:00,0.92932,0.92964,0.92804,0.92819,4798.19
2023.01.06 20:00:00,0.92819,0.92864,0.92768,0.9281,4545.24
2023.01.06 21:00:00,0.92808,0.92817,0.9271,0.92746,4229.34
2023.01.06 22:00:00,0.9275,0.92773,0.927,0.92764,3474.33
2023.01.06 23:00:00,0.92764,0.9283,0.92674,0.92752,2978.22
2023.01.09 00:00:00,0.92735,0.92812,0.92704,0.9276,217.56
2023.01.09 01:00:00,0.92756,0.92797,0.92641,0.92643,6538.17
2023.01.09 02:00:00,0.92646,0.92795,0.92624,0.92712,3632.51
2023.01.09 03:00:00,0.92711,0.92791,0.92647,0.92658,5229.19
2023.01.09 04:00:00,0.92658,0.92662,0.9252,0.92533,3420.65
2023.01.09 05:00:00,0.92535,0.92625,0.92532,0.92618,3465.22
2023.01.09 06:00:00,0.92616,0.9262,0.92537,0.92579,1816.19
2023.01.09 07:00:00,0.9258,0.92614,0.92526,0.92561,2826.34
2023.01.09 08:00:00,0.9256,0.92576,0.92488,0.9255,3671.41
2023.01.09 09:00:00,0.92548,0.9256,0.92377,0.92484,6583.96
2023.01.09 10:00:00,0.92481,0.92492,0.92162,0.92257,8983.71
2023.01.09 11:00:00,0.92258,0.92503,0.92212,0.92443,6062.24
2023.01.09 12:00:00,0.92443,0.92516,0.92416,0.925,5617.18
2023.01.09 13:00:00,0.92498,0.92506,0.9234,0.92392,4230.55
2023.01.09 14:00:00,0.92393,0.92413,0.9221,0.92224,4938.94
2023.01.09 15:00:00,0.92225,0.92266,0.9188,0.91923,9189.13
2023.01.09 16:00:00,0.91921,0.92072,0.91805,0.919,10612.57
2023.01.09 17:00:00,0.91899,0.91919,0.91665,0.91832,8744.42
2023.01.09 18:00:00,0.9183,0.91852,0.91755,0.91803,7979.47
2023.01.09 19:00:00,0.91801,0.92017,0.91786,0.91959,4504.8
2023.01.09 20:00:00,0.91958,0.92092,0.91937,0.92039,3907.33
2023.01.09 21:00:00,0.92039,0.92039,0.91953,0.91973,3921.95
2023.01.09 22:00:00,0.91974,0.9212,0.91956,0.92115,4242.67
2023.01.09 23:00:00,0.92116,0.92155,0.9209,0.9209,1737.07
2023.01.10 00:00:00,0.9209,0.92123,0.92044,0.92121,365.14
2023.01.10 01:00:00,0.9212,0.92137,0.92072,0.92105,3761.42
2023.01.10 02:00:00,0.92106,0.92215,0.92082,0.9215,3415.87
2023.01.10 03:00:00,0.9215,0.92166,0.92051,0.92066,3655.4
2023.01.10 04:00:00,0.92065,0.92223,0.92058,0.92169,3936.61
2023.01.10 05:00:00,0.92169,0.92196,0.92139,0.92181,2572.62
2023.01.10 06:00:00,0.92181,0.92217,0.92163,0.92178,2144.96
2023.01.10 07:00:00,0.92178,0.92187,0.92074,0.92096,2300.52
2023.01.10 08:00:00,0.92096,0.92193,0.92089,0.92137,3496.36
2023.01.10 09:00:00,0.92137,0.92237,0.92086,0.92115,6280.96
2023.01.10 10:00:00,0.92114,0.92114,0.9195,0.91998,7232.35
2023.01.10 11:00:00,0.91998,0.92074,0.91945,0.91986,5741.68
2023.01.10 12:00:00,0.91985,0.92159,0.91977,0.92142,4383.83
2023.01.10 13:00:00,0.92141,0.92207,0.92097,0.92192,4354.94
2023.01.10 14:00:00,0.92194,0.92444,0.9219,0.92439,5147.52
2023.01.10 15:00:00,0.92437,0.92519,0.92347,0.92434,5646.25
2023.01.10 16:00:00,0.92432,0.92432,0.92094,0.922,14517.12
2023.01.10 17:00:00,0.92199,0.92379,0.92048,0.92292,13892.19
2023.01.10 18:00:00,0.9229,0.92309,0.9214,0.9225,8379.38
2023.01.10 19:00:00,0.92248,0.92302,0.92182,0.92283,4159.28
2023.01.10 20:00:00,0.92283,0.92357,0.92256,0.92269,3331.53
2023.01.10 21:00:00,0.92268,0.92318,0.92235,0.92287,2908.86
2023.01.10 22:00:00,0.92288,0.92314,0.92221,0.92275,2282.74
2023.01.10 23:00:00,0.92274,0.92295,0.92237,0.92237,1393.44
2023.01.11 00:00:00,0.92214,0.92261,0.92053,0.92214,1511.08
2023.01.11 01:00:00,0.92229,0.92287,0.92229,0.92236,1136.92
2023.01.11 02:00:00,0.92236,0.92268,0.92182,0.92203,2950.79
2023.01.11 03:00:00,0.92204,0.92353,0.92204,0.9231,2176.22
2023.01.11 04:00:00,0.92311,0.92331,0.92254,0.92325,2332.34
2023.01.11 05:00:00,0.92326,0.9233,0.92268,0.92291,1808.62
2023.01.11 06:00:00,0.9229,0.92315,0.92215,0.92216,1447.28
2023.01.11 07:00:00,0.92218,0.9223,0.92096,0.9214,2568.9
2023.01.11 08:00:00,0.92139,0.92164,0.92062,0.92144,2492.76
2023.01.11 09:00:00,0.92142,0.92194,0.92043,0.9216,4620.34
2023.01.11 10:00:00,0.92161,0.92288,0.92148,0.92284,6411.1
2023.01.11 11:00:00,0.92285,0.92349,0.92136,0.92313,6436.77
2023.01.11 12:00:00,0.92313,0.92359,0.92203,0.92289,5040.48
2023.01.11 13:00:00,0.92288,0.92568,0.92288,0.92543,5372.66
2023.01.11 14:00:00,0.92542,0.92881,0.92536,0.92793,6171.89
2023.01.11 15:00:00,0.92795,0.9296,0.92711,0.92905,7420.46
2023.01.11 16:00:00,0.92905,0.92986,0.92811,0.92863,10786.05
2023.01.11 17:00:00,0.92862,0.93154,0.92839,0.93098,8950.51
2023.01.11 18:00:00,0.93095,0.9311,0.92888,0.92986,5305.17
2023.01.11 19:00:00,0.92984,0.93175,0.92972,0.93136,3886.51
2023.01.11 20:00:00,0.93135,0.93315,0.93011,0.93039,6224.36
2023.01.11 21:00:00,0.93039,0.93148,0.93019,0.93109,5379.92
2023.01.11 22:00:00,0.93109,0.93182,0.93077,0.93118,3039.78
2023.01.11 23:00:00,0.93118,0.93189,0.93095,0.93095,1799.77
2023.01.12 00:00:00,0.93095,0.93095,0.93042,0.93056,4583.84
2023.01.12 01:00:00,0.93067,0.93124,0.93035,0.93094,4466.69
2023.01.12 02:00:00,0.93094,0.93137,0.93018,0.93132,3584.93
2023.01.12 03:00:00,0.93132,0.93158,0.93079,0.93151,2847.29
2023.01.12 04:00:00,0.93153,0.93174,0.93094,0.93135,1998.28
2023.01.12 05:00:00,0.93134,0.93168,0.93111,0.93125,1806.95
2023.01.12 06:00:00,0.93126,0.93155,0.93058,0.93072,1524.23
2023.01.12 07:00:00,0.93073,0.93159,0.93073,0.93148,2143.41
2023.01.12 08:00:00,0.93147,0.93263,0.93126,0.93247,2301.37
2023.01.12 09:00:00,0.93246,0.93387,0.93168,0.93195,5135.59
2023.01.12 10:00:00,0.93196,0.93482,0.93196,0.93418,5799.59
2023.01.12 11:00:00,0.9342,0.93448,0.93047,0.9311,6442.35
2023.01.12 12:00:00,0.9311,0.93289,0.93106,0.9319,5440.22
2023.01.12 13:00:00,0.9319,0.93253,0.93156,0.93228,4171.42
2023.01.12 14:00:00,0.9323,0.93364,0.93175,0.93357,4605.8
2023.01.12 15:00:00,0.93357,0.93612,0.92657,0.92768,26768.95
2023.01.12 16:00:00,0.92767,0.93435,0.92748,0.93259,25987.01
2023.01.12 17:00:00,0.93259,0.93291,0.92736,0.92874,21058.65
2023.01.12 18:00:00,0.92874,0.93016,0.92855,0.92884,10798.52
2023.01.12 19:00:00,0.92883,0.92904,0.92773,0.92804,7757.34
2023.01.12 20:00:00,0.92806,0.92824,0.92677,0.92757,7725.25
2023.01.12 21:00:00,0.92757,0.92952,0.92741,0.92863,4882.43
2023.01.12 22:00:00,0.92865,0.92932,0.92792,0.92794,3787.2
2023.01.12 23:00:00,0.92796,0.92828,0.92698,0.92698,2340.43
2023.01.13 00:00:00,0.92699,0.92773,0.92622,0.92772,288.63
2023.01.13 01:00:00,0.92773,0.92795,0.92696,0.92727,2968.45
2023.01.13 02:00:00,0.92725,0.92816,0.92573,0.92812,4204.22
2023.01.13 03:00:00,0.92813,0.92856,0.92783,0.92801,4189.5
2023.01.13 04:00:00,0.928,0.92975,0.92797,0.92873,4034.23
2023.01.13 05:00:00,0.92871,0.9293,0.92853,0.9289,1721.81
2023.01.13 06:00:00,0.92889,0.9295,0.92879,0.92943,1482.84
2023.01.13 07:00:00,0.92943,0.93079,0.92931,0.93046,2099.19
2023.01.13 08:00:00,0.93045,0.93158,0.92916,0.92953,4777.04
2023.01.13 09:00:00,0.92951,0.93005,0.92707,0.92748,6693.09
2023.01.13 10:00:00,0.92748,0.92905,0.92738,0.92824,7949.03
2023.01.13 11:00:00,0.92823,0.93046,0.92744,0.92851,6612.39
2023.01.13 12:00:00,0.9285,0.92913,0.92674,0.92687,5700.99
2023.01.13 13:00:00,0.92688,0.93023,0.92682,0.93002,5430.03
2023.01.13 14:00:00,0.93003,0.93004,0.92901,0.92905,5990.17
2023.01.13 15:00:00,0.92906,0.93093,0.9287,0.93081,9641.71
2023.01.13 16:00:00,0.93078,0.93165,0.92819,0.92834,10360.44
2023.01.13 17:00:00,0.92833,0.92907,0.92555,0.92616,12311.12
2023.01.13 18:00:00,0.92616,0.92874,0.92584,0.92837,8977.69
2023.01.13 19:00:00,0.92837,0.92858,0.92615,0.92643,6142.59
2023.01.13 20:00:00,0.92642,0.92724,0.92593,0.92652,2945
2023.01.13 21:00:00,0.92653,0.92701,0.92573,0.92686,2995.28
2023.01.13 22:00:00,0.92685,0.92702,0.92564,0.92594,1967.24
2023.01.13 23:00:00,0.92594,0.92666,0.92569,0.92666,2672.11
2023.01.16 00:00:00,0.9262,0.92699,0.92542,0.92554,3167.34
2023.01.16 01:00:00,0.92537,0.92723,0.92537,0.92688,7163.66
2023.01.16 02:00:00,0.92687,0.92702,0.92509,0.92526,3855.81
2023.01.16 03:00:00,0.92527,0.92543,0.92302,0.92314,4119.79
2023.01.16 04:00:00,0.92314,0.92328,0.92184,0.92227,4779.93
2023.01.16 05:00:00,0.92226,0.92338,0.92223,0.92323,2355.63
2023.01.16 06:00:00,0.92323,0.92414,0.92295,0.92403,1431.12
2023.01.16 07:00:00,0.92401,0.92425,0.92368,0.92396,1502.69
2023.01.16 08:00:00,0.92394,0.92626,0.92392,0.92528,3703.03
2023.01.16 09:00:00,0.92527,0.9265,0.92504,0.9255,5237.19
2023.01.16 10:00:00,0.92549,0.92805,0.9253,0.92797,9568.97
2023.01.16 11:00:00,0.92796,0.92882,0.92401,0.92495,6636.93
2023.01.16 12:00:00,0.92493,0.92666,0.92456,0.92624,5793.66
2023.01.16 13:00:00,0.92624,0.92678,0.92545,0.92643,5213.44
2023.01.16 14:00:00,0.92645,0.92696,0.92585,0.92688,3988.81
2023.01.16 15:00:00,0.92688,0.92776,0.92496,0.92537,5619.7
2023.01.16 16:00:00,0.92539,0.92774,0.92517,0.92636,5797.19
2023.01.16 17:00:00,0.92635,0.92717,0.9256,0.92616,4817.32
2023.01.16 18:00:00,0.92616,0.92664,0.92561,0.92561,2973.65
2023.01.16 19:00:00,0.9256,0.92628,0.92535,0.92598,1770.42
2023.01.16 20:00:00,0.92596,0.92696,0.92589,0.92688,1479.33
2023.01.16 21:00:00,0.9269,0.92692,0.92625,0.92654,1483.1
2023.01.16 22:00:00,0.92655,0.92664,0.92605,0.92623,1016.94
2023.01.16 23:00:00,0.92622,0.92637,0.92565,0.92565,1392.8
2023.01.17 00:00:00,0.92561,0.92616,0.92399,0.92554,411.43
2023.01.17 01:00:00,0.92554,0.92601,0.92534,0.92556,2327.22
2023.01.17 02:00:00,0.92556,0.92595,0.92512,0.92554,1884.22
2023.01.17 03:00:00,0.92553,0.92659,0.92521,0.9264,4779.37
2023.01.17 04:00:00,0.92638,0.92757,0.92516,0.92696,4361.02
2023.01.17 05:00:00,0.92697,0.92703,0.92577,0.92596,2380.27
2023.01.17 06:00:00,0.92595,0.92615,0.92531,0.92536,1500.83
2023.01.17 07:00:00,0.92537,0.92572,0.92425,0.92431,2370.96
2023.01.17 08:00:00,0.92429,0.92586,0.92404,0.92573,3462.71
2023.01.17 09:00:00,0.92571,0.92604,0.92362,0.92372,7078.67
2023.01.17 10:00:00,0.92373,0.92412,0.92253,0.92385,6855.05
2023.01.17 11:00:00,0.92384,0.92441,0.92304,0.9233,5713.16
2023.01.17 12:00:00,0.9233,0.92391,0.92204,0.9226,6213.34
2023.01.17 13:00:00,0.9226,0.9226,0.92039,0.92112,5869.28
2023.01.17 14:00:00,0.92112,0.92225,0.92053,0.9208,6759.22
2023.01.17 15:00:00,0.92081,0.9225,0.92002,0.92086,10717.02
2023.01.17 16:00:00,0.92087,0.92087,0.91874,0.91915,9714.72
2023.01.17 17:00:00,0.91911,0.92322,0.91897,0.92055,16760.86
2023.01.17 18:00:00,0.92053,0.92172,0.91977,0.9215,9148.24
2023.01.17 19:00:00,0.92147,0.92272,0.921,0.92238,4773.91
2023.01.17 20:00:00,0.92236,0.92286,0.92184,0.92233,3464.15
2023.01.17 21:00:00,0.92233,0.92262,0.92161,0.92194,3523.07
2023.01.17 22:00:00,0.92194,0.92245,0.92156,0.92196,2814.55
2023.01.17 23:00:00,0.92195,0.92238,0.92168,0.92188,1564.63
2023.01.18 00:00:00,0.92156,0.92163,0.92063,0.92111,126.97
2023.01.18 01:00:00,0.92112,0.92209,0.9211,0.92195,1750.36
2023.01.18 02:00:00,0.92194,0.92293,0.9219,0.9227,2185.66
2023.01.18 03:00:00,0.9227,0.92277,0.92189,0.92191,2983.2
2023.01.18 04:00:00,0.92192,0.92455,0.92164,0.92301,9236.09
2023.01.18 05:00:00,0.923,0.92369,0.92192,0.92354,8502.36
2023.01.18 06:00:00,0.92351,0.92384,0.92286,0.92307,3727.8
2023.01.18 07:00:00,0.92307,0.92364,0.92261,0.92279,3164.64
2023.01.18 08:00:00,0.92277,0.92346,0.92196,0.92203,5680.29
2023.01.18 09:00:00,0.92201,0.92216,0.91803,0.91867,11510.31
2023.01.18 10:00:00,0.91867,0.91868,0.91507,0.91514,11513.2
2023.01.18 11:00:00,0.91513,0.91609,0.91285,0.91294,8603.7
2023.01.18 12:00:00,0.91292,0.91411,0.91256,0.91326,6783.11
2023.01.18 13:00:00,0.91326,0.91396,0.91235,0.91339,6894.5
2023.01.18 14:00:00,0.91341,0.91483,0.91318,0.91391,6821.35
2023.01.18 15:00:00,0.91392,0.91492,0.91127,0.91216,16134.49
2023.01.18 16:00:00,0.91219,0.91261,0.9085,0.91077,20155.64
2023.01.18 17:00:00,0.91078,0.91325,0.91054,0.91299,15256.46
2023.01.18 18:00:00,0.913,0.91473,0.91247,0.91394,9189.12
2023.01.18 19:00:00,0.91392,0.91719,0.91391,0.91584,7657.95
2023.01.18 20:00:00,0.91583,0.91678,0.91526,0.91633,5218.57
2023.01.18 21:00:00,0.91631,0.91677,0.91579,0.91595,3800.09
2023.01.18 22:00:00,0.91596,0.91683,0.91586,0.91677,3680.74
2023.01.18 23:00:00,0.91676,0.91692,0.91612,0.91623,2265.62
2023.01.19 00:00:00,0.91618,0.91622,0.91461,0.91561,901.77
2023.01.19 01:00:00,0.91556,0.9164,0.91556,0.91596,3844.52
2023.01.19 02:00:00,0.91595,0.91671,0.91574,0.91669,3855.87
2023.01.19 03:00:00,0.91668,0.91748,0.91607,0.91713,3281.71
2023.01.19 04:00:00,0.91714,0.91759,0.91678,0.91686,2390.11
2023.01.19 05:00:00,0.91685,0.91692,0.91529,0.9156,2177.17
2023.01.19 06:00:00,0.9156,0.91612,0.91527,0.91576,2438.4
2023.01.19 07:00:00,0.91574,0.91646,0.91557,0.91646,1831.33
2023.01.19 08:00:00,0.91645,0.9165,0.91573,0.91618,2937.73
2023.01.19 09:00:00,0.91619,0.91709,0.91547,0.916,7226.04
2023.01.19 10:00:00,0.916,0.9165,0.91486,0.91641,7824.84
2023.01.19 11:00:00,0.9164,0.91708,0.91499,0.91624,5890.15
2023.01.19 12:00:00,0.91624,0.91742,0.91601,0.91668,6694.72
2023.01.19 13:00:00,0.91667,0.91733,0.91619,0.91643,5321.41
2023.01.19 14:00:00,0.91643,0.91749,0.91564,0.91729,4966.21
2023.01.19 15:00:00,0.91724,0.91893,0.91569,0.91795,14563.22
2023.01.19 16:00:00,0.91797,0.91845,0.91576,0.91628,12156.13
2023.01.19 17:00:00,0.91627,0.91785,0.91516,0.91694,9225.89
2023.01.19 18:00:00,0.91693,0.91715,0.91598,0.91616,6335.47
2023.01.19 19:00:00,0.91617,0.91661,0.91537,0.91608,4472.13
2023.01.19 20:00:00,0.91606,0.91691,0.91518,0.91597,5085.22
2023.01.19 21:00:00,0.91598,0.91649,0.9147,0.91535,3413.37
2023.01.19 22:00:00,0.91535,0.9157,0.91472,0.91566,3145.89
2023.01.19 23:00:00,0.91566,0.91614,0.91535,0.91557,1540.92
2023.01.20 00:00:00,0.91558,0.91583,0.9147,0.9154,418.16
2023.01.20 01:00:00,0.9154,0.91591,0.91529,0.91577,1211.24
2023.01.20 02:00:00,0.91578,0.91633,0.91544,0.91615,1528.51
2023.01.20 03:00:00,0.91614,0.91635,0.91502,0.9162,3270
2023.01.20 04:00:00,0.91619,0.91636,0.91556,0.91621,2757.88
2023.01.20 05:00:00,0.91621,0.91653,0.91607,0.91633,1600.61
2023.01.20 06:00:00,0.91632,0.91699,0.91631,0.9169,1983.57
2023.01.20 07:00:00,0.9169,0.91752,0.91645,0.9165,2052.52
2023.01.20 08:00:00,0.91651,0.91681,0.91616,0.91668,2526.77
2023.01.20 09:00:00,0.91667,0.91702,0.91565,0.91601,5126.19
2023.01.20 10:00:00,0.91602,0.91956,0.91408,0.91876,8894.98
2023.01.20 11:00:00,0.91876,0.92152,0.91845,0.92038,7628.78
2023.01.20 12:00:00,0.9204,0.92053,0.91859,0.91885,6497.92
2023.01.20 13:00:00,0.91885,0.9207,0.91864,0.92043,5036.18
2023.01.20 14:00:00,0.92043,0.92091,0.92005,0.92082,5009.74
2023.01.20 15:00:00,0.92079,0.92334,0.92003,0.92317,6468.68
2023.01.20 16:00:00,0.92318,0.92344,0.92178,0.92206,8060.42
2023.01.20 17:00:00,0.92205,0.9224,0.91945,0.92068,9468.24
2023.01.20 18:00:00,0.92067,0.92232,0.92,0.92218,5366.04
2023.01.20 19:00:00,0.92217,0.92244,0.92132,0.92212,3567.12
2023.01.20 20:00:00,0.9221,0.92251,0.92081,0.92098,4675.69
2023.01.20 21:00:00,0.92099,0.92108,0.92034,0.92038,3415.38
2023.01.20 22:00:00,0.92041,0.92052,0.91976,0.92028,2294.43
2023.01.20 23:00:00,0.92026,0.92041,0.91972,0.91998,2042.59
2023.01.23 00:00:00,0.91859,0.91984,0.91842,0.91935,829.08
2023.01.23 01:00:00,0.91934,0.91997,0.91864,0.91996,4618.52
2023.01.23 02:00:00,0.91996,0.91996,0.91843,0.91846,4350.7
2023.01.23 03:00:00,0.91848,0.91858,0.91732,0.91816,4238.16
2023.01.23 04:00:00,0.91814,0.91831,0.91785,0.91798,1535.38
2023.01.23 05:00:00,0.91796,0.91796,0.91698,0.91754,1643.25
2023.01.23 06:00:00,0.91752,0.91823,0.91749,0.91779,1722.48
2023.01.23 07:00:00,0.91781,0.91818,0.91736,0.91795,2317.59
2023.01.23 08:00:00,0.91793,0.91829,0.9172,0.91808,4070.49
2023.01.23 09:00:00,0.91809,0.91921,0.91668,0.9176,6276.5
2023.01.23 10:00:00,0.91761,0.91812,0.91592,0.91636,9937.09
2023.01.23 11:00:00,0.91638,0.91905,0.91637,0.9177,5898.64
2023.01.23 12:00:00,0.9177,0.91971,0.91622,0.91922,6630.1
2023.01.23 13:00:00,0.91921,0.92177,0.91904,0.92127,6574.41
2023.01.23 14:00:00,0.92126,0.92248,0.92058,0.92077,6250.96
2023.01.23 15:00:00,0.92077,0.92292,0.92041,0.92221,7593.2
2023.01.23 16:00:00,0.92222,0.924,0.92208,0.92261,7904.27
2023.01.23 17:00:00,0.92263,0.92343,0.92113,0.92264,9468.69
2023.01.23 18:00:00,0.9226,0.92336,0.92141,0.92314,6008.89
2023.01.23 19:00:00,0.92312,0.9241,0.9228,0.92331,3802.95
2023.01.23 20:00:00,0.92331,0.92332,0.92221,0.92256,2652.66
2023.01.23 21:00:00,0.92255,0.92343,0.92214,0.92249,2896.1
2023.01.23 22:00:00,0.92249,0.92283,0.92195,0.92228,3930.77
2023.01.23 23:00:00,0.92228,0.92242,0.92152,0.92152,1372.36
2023.01.24 00:00:00,0.92142,0.92192,0.92087,0.9216,530.08
2023.01.24 01:00:00,0.92155,0.92184,0.92137,0.92167,1278.45
2023.01.24 02:00:00,0.92167,0.922,0.9212,0.9214,1482.5
2023.01.24 03:00:00,0.92138,0.92159,0.92095,0.92113,2156.31
2023.01.24 04:00:00,0.92112,0.92156,0.92094,0.92148,1432.7
2023.01.24 05:00:00,0.92149,0.9217,0.92124,0.92154,1055.65
2023.01.24 06:00:00,0.92157,0.92203,0.92152,0.92158,1281.88
2023.01.24 07:00:00,0.92156,0.92162,0.92105,0.92156,1326
2023.01.24 08:00:00,0.92156,0.92159,0.92054,0.9206,2388.27
2023.01.24 09:00:00,0.9207,0.92152,0.91951,0.91978,4782.72
2023.01.24 10:00:00,0.91977,0.9206,0.91918,0.92002,5623.59
2023.01.24 11:00:00,0.92002,0.92249,0.9193,0.92186,6931.09
2023.01.24 12:00:00,0.92188,0.92367,0.92117,0.92323,4976.95
2023.01.24 13:00:00,0.92324,0.92382,0.92202,0.92276,3725.41
2023.01.24 14:00:00,0.92274,0.92543,0.92264,0.92532,4218.75
2023.01.24 15:00:00,0.92532,0.92682,0.92438,0.92604,8309.65
2023.01.24 16:00:00,0.92608,0.92783,0.92496,0.92756,10730.26
2023.01.24 17:00:00,0.92755,0.92789,0.92284,0.92307,13341.96
2023.01.24 18:00:00,0.92307,0.92449,0.92273,0.92303,7043.61
2023.01.24 19:00:00,0.92303,0.92311,0.92235,0.92253,3145.19
2023.01.24 20:00:00,0.92252,0.92321,0.92204,0.92319,2424.76
2023.01.24 21:00:00,0.92318,0.92355,0.92275,0.92302,1885.89
2023.01.24 22:00:00,0.92298,0.92347,0.92271,0.92279,1620
2023.01.24 23:00:00,0.9228,0.9229,0.92198,0.92199,1786.12
2023.01.25 00:00:00,0.922,0.92244,0.92113,0.92232,354.05
2023.01.25 01:00:00,0.92233,0.92269,0.92181,0.92222,3307.84
2023.01.25 02:00:00,0.9222,0.923,0.9222,0.92258,2365.65
2023.01.25 03:00:00,0.92257,0.92274,0.92205,0.92224,2513.63
2023.01.25 04:00:00,0.92223,0.92246,0.9217,0.92236,1770.98
2023.01.25 05:00:00,0.92237,0.92276,0.92237,0.9225,1384.34
2023.01.25 06:00:00,0.92249,0.92282,0.92205,0.92266,1301.88
2023.01.25 07:00:00,0.92265,0.92328,0.92256,0.92283,1589.42
2023.01.25 08:00:00,0.92284,0.92334,0.92209,0.92294,3696.88
2023.01.25 09:00:00,0.92292,0.92441,0.92233,0.92411,5182.82
2023.01.25 10:00:00,0.9241,0.92432,0.92263,0.92383,5945.16
2023.01.25 11:00:00,0.92383,0.92449,0.92234,0.92308,6214.24
2023.01.25 12:00:00,0.92308,0.92397,0.92222,0.92275,5359.75
2023.01.25 13:00:00,0.92274,0.9231,0.9216,0.92211,4898.03
2023.01.25 14:00:00,0.92213,0.92227,0.9206,0.92096,5117.69
2023.01.25 15:00:00,0.92097,0.92299,0.92043,0.92237,5881.28
2023.01.25 16:00:00,0.92236,0.92301,0.9197,0.92004,7610.02
2023.01.25 17:00:00,0.92,0.92046,0.9172,0.92019,11803.8
2023.01.25 18:00:00,0.92019,0.92158,0.91952,0.91997,6586.84
2023.01.25 19:00:00,0.91996,0.92041,0.91944,0.91964,3274.3
2023.01.25 20:00:00,0.91964,0.91964,0.91785,0.91818,3677.72
2023.01.25 21:00:00,0.91817,0.91848,0.91759,0.9177,1788.63
2023.01.25 22:00:00,0.9177,0.91838,0.91756,0.91802,2198.74
2023.01.25 23:00:00,0.91803,0.91826,0.91759,0.91767,1368.28
2023.01.26 00:00:00,0.91755,0.91797,0.91721,0.91763,730.02
2023.01.26 01:00:00,0.91763,0.91763,0.91696,0.91714,3339
2023.01.26 02:00:00,0.91712,0.91743,0.91685,0.9173,2140.51
2023.01.26 03:00:00,0.91729,0.91791,0.91705,0.91715,2508.96
2023.01.26 04:00:00,0.91718,0.91778,0.91695,0.91733,1530.57
2023.01.26 05:00:00,0.91732,0.91776,0.91714,0.91772,1560.93
2023.01.26 06:00:00,0.91771,0.91771,0.91728,0.91738,1604.51
2023.01.26 07:00:00,0.9174,0.91784,0.91709,0.91711,1326.31
2023.01.26 08:00:00,0.91712,0.91746,0.9161,0.91684,3333.73
2023.01.26 09:00:00,0.91683,0.91843,0.91681,0.91713,5642.97
2023.01.26 10:00:00,0.91711,0.91844,0.91662,0.91836,7542.47
2023.01.26 11:00:00,0.91836,0.9197,0.91793,0.91949,6452.52
2023.01.26 12:00:00,0.9195,0.91968,0.91764,0.91807,5089.44
2023.01.26 13:00:00,0.91807,0.91867,0.91728,0.91752,4322.7
2023.01.26 14:00:00,0.91753,0.91938,0.91748,0.91854,5690.46
2023.01.26 15:00:00,0.91855,0.91983,0.9164,0.91641,12206.68
2023.01.26 16:00:00,0.91638,0.91983,0.91583,0.91902,12085.18
2023.01.26 17:00:00,0.91902,0.92249,0.91854,0.92188,11377.77
2023.01.26 18:00:00,0.92186,0.92252,0.92074,0.921,7864.36
2023.01.26 19:00:00,0.92099,0.92178,0.9203,0.92148,3448.85
2023.01.26 20:00:00,0.92147,0.92154,0.91973,0.92034,3030.8
2023.01.26 21:00:00,0.92035,0.92053,0.91981,0.91985,1990.07
2023.01.26 22:00:00,0.91986,0.92032,0.91957,0.92015,1896.14
2023.01.26 23:00:00,0.92015,0.92054,0.9198,0.91992,1389.88
2023.01.27 00:00:00,0.91991,0.91993,0.91854,0.91975,1127.91
2023.01.27 01:00:00,0.91975,0.9203,0.91945,0.92015,4756.15
2023.01.27 02:00:00,0.92016,0.92024,0.91921,0.91936,2067.21
2023.01.27 03:00:00,0.91936,0.92056,0.91919,0.92043,2906.93
2023.01.27 04:00:00,0.92042,0.92154,0.92031,0.9215,2156.4
2023.01.27 05:00:00,0.9215,0.92198,0.921,0.9218,2130.41
2023.01.27 06:00:00,0.92182,0.92227,0.92182,0.9222,1304.57
2023.01.27 07:00:00,0.9222,0.92226,0.92172,0.92173,1209.11
2023.01.27 08:00:00,0.92174,0.92241,0.92163,0.92229,2567.41
2023.01.27 09:00:00,0.92228,0.92271,0.92207,0.92247,3598.98
2023.01.27 10:00:00,0.92246,0.92284,0.92037,0.92088,5541.7
2023.01.27 11:00:00,0.92089,0.92164,0.92011,0.921,5176.06
2023.01.27 12:00:00,0.92101,0.92133,0.92029,0.92066,4736.18
2023.01.27 13:00:00,0.92066,0.92258,0.92028,0.92215,4350.06
2023.01.27 14:00:00,0.92214,0.92249,0.92146,0.92229,4806.95
2023.01.27 15:00:00,0.92231,0.92311,0.92071,0.92183,9852.93
2023.01.27 16:00:00,0.92182,0.92352,0.92143,0.92249,9108.38
2023.01.27 17:00:00,0.9225,0.92396,0.92066,0.9231,11356.49
2023.01.27 18:00:00,0.92307,0.92323,0.92051,0.92186,6483.92
2023.01.27 19:00:00,0.92186,0.92219,0.92072,0.92157,3762.22
2023.01.27 20:00:00,0.92158,0.92215,0.92092,0.92131,2187.72
2023.01.27 21:00:00,0.92128,0.92157,0.92087,0.92115,1873.52
2023.01.27 22:00:00,0.92114,0.92123,0.92081,0.92116,1497.36
2023.01.27 23:00:00,0.92114,0.92154,0.92061,0.92061,1765.92
2023.01.30 00:00:00,0.92056,0.92118,0.92022,0.92041,214.36
2023.01.30 01:00:00,0.92025,0.92111,0.92004,0.92064,2741.45
2023.01.30 02:00:00,0.92063,0.9211,0.92053,0.92078,2898.05
2023.01.30 03:00:00,0.92078,0.92196,0.92071,0.92116,3553.62
2023.01.30 04:00:00,0.92117,0.92179,0.92117,0.92129,3106.03
2023.01.30 05:00:00,0.9213,0.92173,0.92119,0.92126,2434.37
2023.01.30 06:00:00,0.92127,0.92129,0.92007,0.92041,4929.73
2023.01.30 07:00:00,0.92042,0.92114,0.92028,0.92075,2400.19
2023.01.30 08:00:00,0.92075,0.92161,0.92069,0.92132,3257.62
2023.01.30 09:00:00,0.92131,0.92308,0.92079,0.92278,3561.43
2023.01.30 10:00:00,0.92279,0.92284,0.92083,0.92183,7380.59
2023.01.30 11:00:00,0.92183,0.9222,0.91922,0.91933,5317.3
2023.01.30 12:00:00,0.91932,0.9195,0.91815,0.91862,4318.32
2023.01.30 13:00:00,0.91861,0.92091,0.91857,0.9206,4031.01
2023.01.30 14:00:00,0.9206,0.92114,0.91986,0.92085,4443.46
2023.01.30 15:00:00,0.92084,0.9226,0.92067,0.92247,7387.66
2023.01.30 16:00:00,0.92248,0.92386,0.9224,0.92288,8234.2
2023.01.30 17:00:00,0.92287,0.92339,0.92199,0.92281,8250.43
2023.01.30 18:00:00,0.9228,0.92381,0.92278,0.92315,5364.4
2023.01.30 19:00:00,0.92312,0.9235,0.92243,0.92347,2641.5
2023.01.30 20:00:00,0.92348,0.92431,0.92335,0.92418,2643.31
2023.01.30 21:00:00,0.92418,0.9256,0.92402,0.92542,2167.59
2023.01.30 22:00:00,0.92541,0.92541,0.92478,0.92531,2462.23
2023.01.30 23:00:00,0.92531,0.92538,0.92467,0.92467,1100.57
2023.01.31 00:00:00,0.92467,0.92484,0.92382,0.92468,895.62
2023.01.31 01:00:00,0.92456,0.92557,0.92452,0.92533,2213.73
2023.01.31 02:00:00,0.92532,0.9254,0.92443,0.92448,3300.57
2023.01.31 03:00:00,0.92448,0.92482,0.92386,0.92398,2701.9
2023.01.31 04:00:00,0.92398,0.92457,0.92389,0.9243,2190.42
2023.01.31 05:00:00,0.9243,0.92497,0.92428,0.92492,1428.9
2023.01.31 06:00:00,0.92492,0.92542,0.92476,0.92486,1384.03
2023.01.31 07:00:00,0.92488,0.92577,0.9248,0.92574,1767.29
2023.01.31 08:00:00,0.92573,0.92585,0.925,0.92517,3085.39
2023.01.31 09:00:00,0.92515,0.92578,0.92464,0.92541,5686.7
2023.01.31 10:00:00,0.92542,0.92871,0.92542,0.92869,6885.16
2023.01.31 11:00:00,0.92869,0.92879,0.9261,0.92671,6314.4
2023.01.31 12:00:00,0.9267,0.92852,0.92659,0.9285,5066.26
2023.01.31 13:00:00,0.92852,0.92878,0.92663,0.92665,4485.12
2023.01.31 14:00:00,0.92664,0.92751,0.9257,0.92702,4584.03
2023.01.31 15:00:00,0.92703,0.92726,0.92319,0.92364,12712.62
2023.01.31 16:00:00,0.92365,0.92403,0.92234,0.92278,9118.49
2023.01.31 17:00:00,0.92277,0.92345,0.91825,0.91842,13064.62
2023.01.31 18:00:00,0.91847,0.91974,0.91649,0.91858,8766.69
2023.01.31 19:00:00,0.91857,0.91897,0.91736,0.91748,3977.37
2023.01.31 20:00:00,0.91749,0.91778,0.9157,0.91588,2660.46
2023.01.31 21:00:00,0.91589,0.9159,0.91502,0.91564,2819.15
2023.01.31 22:00:00,0.9156,0.91626,0.91528,0.91541,2840.07
2023.01.31 23:00:00,0.91542,0.91618,0.91539,0.91571,2072.31
2023.02.01 00:00:00,0.91571,0.91603,0.91512,0.91601,650.47
2023.02.01 01:00:00,0.91597,0.91643,0.91584,0.91638,2343.37
2023.02.01 02:00:00,0.91638,0.91664,0.91602,0.91616,1901.36
2023.02.01 03:00:00,0.91613,0.91674,0.91599,0.91668,1982.55
2023.02.01 04:00:00,0.91667,0.91724,0.91666,0.91702,1528.61
2023.02.01 05:00:00,0.91704,0.91711,0.91631,0.9164,1220.45
2023.02.01 06:00:00,0.91639,0.91643,0.91592,0.91614,1171.73
2023.02.01 07:00:00,0.91615,0.91638,0.91585,0.91616,1261.54
2023.02.01 08:00:00,0.91617,0.91675,0.91545,0.91608,2501.45
2023.02.01 09:00:00,0.91608,0.9166,0.91518,0.91531,4136.31
2023.02.01 10:00:00,0.9153,0.91622,0.91518,0.91622,5412.72
2023.02.01 11:00:00,0.91624,0.91699,0.91588,0.91596,5105.76
2023.02.01 12:00:00,0.91604,0.91648,0.91565,0.91583,4458.47
2023.02.01 13:00:00,0.91581,0.91613,0.91531,0.91575,4451.75
2023.02.01 14:00:00,0.91577,0.91633,0.91556,0.91591,3070.19
2023.02.01 15:00:00,0.9159,0.91634,0.91429,0.9152,7855.78
2023.02.01 16:00:00,0.91521,0.91635,0.91506,0.91577,6119.98
2023.02.01 17:00:00,0.91576,0.91712,0.91361,0.91408,11641.53
2023.02.01 18:00:00,0.91408,0.91484,0.91378,0.91472,5897.35
2023.02.01 19:00:00,0.91471,0.91615,0.91457,0.91601,3439.75
2023.02.01 20:00:00,0.91599,0.9166,0.9154,0.91612,3468.86
2023.02.01 21:00:00,0.91612,0.91825,0.90838,0.9093,28089.31
2023.02.01 22:00:00,0.90929,0.91031,0.90697,0.90863,14467.45
2023.02.01 23:00:00,0.90865,0.9094,0.90809,0.90809,2597.57
2023.02.02 00:00:00,0.90816,0.90863,0.90728,0.90807,1188.66
2023.02.02 01:00:00,0.90808,0.90834,0.90591,0.90723,7214.98
2023.02.02 02:00:00,0.90723,0.90724,0.90601,0.90669,4837.31
2023.02.02 03:00:00,0.90668,0.90785,0.90656,0.90741,3432.65
2023.02.02 04:00:00,0.90743,0.9075,0.90651,0.90696,3278.95
2023.02.02 05:00:00,0.90696,0.90744,0.90671,0.90727,1885.6
2023.02.02 06:00:00,0.9073,0.9074,0.90655,0.90701,1176.65
2023.02.02 07:00:00,0.90701,0.90724,0.90678,0.90713,1866.52
2023.02.02 08:00:00,0.90712,0.90766,0.90691,0.90758,2767.89
2023.02.02 09:00:00,0.90758,0.90801,0.90681,0.90785,4653.59
2023.02.02 10:00:00,0.90785,0.90931,0.90668,0.90847,6448.14
2023.02.02 11:00:00,0.90847,0.90998,0.90756,0.9078,5843.92
2023.02.02 12:00:00,0.90781,0.9107,0.90779,0.91055,5504.69
2023.02.02 13:00:00,0.91054,0.91065,0.90871,0.90921,4948.05
2023.02.02 14:00:00,0.90922,0.90962,0.90806,0.90866,10209.37
2023.02.02 15:00:00,0.90864,0.91027,0.90801,0.9102,16760.45
2023.02.02 16:00:00,0.91022,0.91268,0.90909,0.91215,18655.55
2023.02.02 17:00:00,0.91214,0.91345,0.90955,0.90968,14391.16
2023.02.02 18:00:00,0.90966,0.91259,0.90897,0.9121,10501.36
2023.02.02 19:00:00,0.91208,0.91355,0.91085,0.91342,4966.81
2023.02.02 20:00:00,0.91342,0.91384,0.9126,0.91267,3853.32
2023.02.02 21:00:00,0.91268,0.91364,0.91216,0.91362,4752.52
2023.02.02 22:00:00,0.91361,0.91389,0.91309,0.91346,5146.5
2023.02.02 23:00:00,0.91345,0.91373,0.91297,0.91302,4183.07
2023.02.03 00:00:00,0.913,0.91328,0.91191,0.9132,591.37
2023.02.03 01:00:00,0.91321,0.91341,0.91308,0.91325,2027.78
2023.02.03 02:00:00,0.91324,0.91421,0.91324,0.91393,2540.01
2023.02.03 03:00:00,0.91395,0.91462,0.91368,0.91418,2094.77
2023.02.03 04:00:00,0.91416,0.91466,0.91401,0.91443,1758.59
2023.02.03 05:00:00,0.91444,0.91448,0.91387,0.91412,1970.46
2023.02.03 06:00:00,0.91412,0.91444,0.91395,0.91424,1497.24
2023.02.03 07:00:00,0.91425,0.91449,0.91382,0.91424,1395.01
2023.02.03 08:00:00,0.91421,0.91427,0.91389,0.91401,1799.91
2023.02.03 09:00:00,0.914,0.91572,0.91361,0.91435,4793.15
2023.02.03 10:00:00,0.91437,0.91678,0.91437,0.91636,5811.28
2023.02.03 11:00:00,0.91632,0.91647,0.91255,0.91287,5423.23
2023.02.03 12:00:00,0.9129,0.91354,0.91254,0.91298,3507.21
2023.02.03 13:00:00,0.91297,0.91359,0.91284,0.91329,2952.51
2023.02.03 14:00:00,0.91328,0.91343,0.91266,0.91313,3047.82
2023.02.03 15:00:00,0.91315,0.92336,0.91279,0.92291,19995.82
2023.02.03 16:00:00,0.92295,0.92438,0.92247,0.92294,17121.14
2023.02.03 17:00:00,0.92312,0.9269,0.92215,0.92268,21981.74
2023.02.03 18:00:00,0.92268,0.92506,0.92217,0.92496,14779.34
2023.02.03 19:00:00,0.92497,0.92517,0.9238,0.92438,5511.85
2023.02.03 20:00:00,0.92439,0.92592,0.92432,0.92536,5007.05
2023.02.03 21:00:00,0.92537,0.92593,0.92509,0.92549,3791.63
2023.02.03 22:00:00,0.92549,0.92636,0.92548,0.92623,2949.88
2023.02.03 23:00:00,0.92623,0.92641,0.92542,0.92567,2519.94
2023.02.06 00:00:00,0.92755,0.92773,0.92576,0.92632,724.25
2023.02.06 01:00:00,0.92627,0.92742,0.92514,0.92652,8622.58
2023.02.06 02:00:00,0.92654,0.92749,0.92616,0.92687,4556.8
2023.02.06 03:00:00,0.92687,0.92726,0.92617,0.9267,3491.94
2023.02.06 04:00:00,0.92669,0.92685,0.92529,0.9259,3079.86
2023.02.06 05:00:00,0.92591,0.92607,0.92514,0.92597,1996.27
2023.02.06 06:00:00,0.92596,0.92605,0.92504,0.92529,2249.36
2023.02.06 07:00:00,0.92529,0.92578,0.92489,0.92495,3668.75
2023.02.06 08:00:00,0.92493,0.92561,0.92473,0.92503,3047.05
2023.02.06 09:00:00,0.92502,0.92619,0.92471,0.92619,4357.52
2023.02.06 10:00:00,0.92619,0.92678,0.92364,0.92378,8549.16
2023.02.06 11:00:00,0.92376,0.92389,0.9227,0.92361,5554.49
2023.02.06 12:00:00,0.92358,0.92671,0.92358,0.92635,5273.39
2023.02.06 13:00:00,0.92632,0.92721,0.92622,0.92641,3493.94
2023.02.06 14:00:00,0.9264,0.92658,0.92426,0.92463,3839.76
2023.02.06 15:00:00,0.92462,0.92612,0.92436,0.9259,6677.21
2023.02.06 16:00:00,0.92592,0.92798,0.92552,0.92744,9031.94
2023.02.06 17:00:00,0.92743,0.92906,0.92703,0.92818,7826.63
2023.02.06 18:00:00,0.9282,0.92852,0.92707,0.92783,6302.02
2023.02.06 19:00:00,0.92783,0.92868,0.92762,0.92855,4207.88
2023.02.06 20:00:00,0.92854,0.92862,0.92793,0.92794,2787.16
2023.02.06 21:00:00,0.92794,0.92821,0.92683,0.9281,3055.42
2023.02.06 22:00:00,0.9281,0.92887,0.92789,0.92799,3149.55
2023.02.06 23:00:00,0.928,0.92863,0.92791,0.92807,1105.25
2023.02.07 00:00:00,0.92787,0.92791,0.92689,0.92738,1432.58
2023.02.07 01:00:00,0.92767,0.92821,0.92767,0.92801,2173.13
2023.02.07 02:00:00,0.92799,0.92799,0.92716,0.9274,2232.29
2023.02.07 03:00:00,0.92739,0.92746,0.92628,0.92648,3114.44
2023.02.07 04:00:00,0.92647,0.92675,0.92631,0.92642,2731.89
2023.02.07 05:00:00,0.92643,0.92685,0.92622,0.92677,5475.01
2023.02.07 06:00:00,0.92677,0.9273,0.92664,0.92688,3016.17
2023.02.07 07:00:00,0.92688,0.92699,0.92647,0.92657,2022.21
2023.02.07 08:00:00,0.92657,0.92669,0.92579,0.92609,3761.41
2023.02.07 09:00:00,0.92613,0.92694,0.9259,0.92638,4526.88
2023.02.07 10:00:00,0.92637,0.92898,0.92614,0.92726,8902.58
2023.02.07 11:00:00,0.92726,0.92726,0.9242,0.92613,6308.04
2023.02.07 12:00:00,0.92611,0.92635,0.92453,0.92622,4826.09
2023.02.07 13:00:00,0.92622,0.92735,0.92607,0.92724,4174.38
2023.02.07 14:00:00,0.92722,0.92723,0.92475,0.92484,5758.31
2023.02.07 15:00:00,0.92481,0.92685,0.92473,0.92558,7781.31
2023.02.07 16:00:00,0.92559,0.92706,0.92512,0.92665,8124.97
2023.02.07 17:00:00,0.92665,0.92727,0.92328,0.92332,10492.4
2023.02.07 18:00:00,0.92331,0.92421,0.92291,0.92391,8149.36
2023.02.07 19:00:00,0.92392,0.92453,0.91912,0.91971,15511.27
2023.02.07 20:00:00,0.91972,0.92492,0.9192,0.92359,26825.91
2023.02.07 21:00:00,0.92359,0.92393,0.92176,0.92258,9700.67
2023.02.07 22:00:00,0.92254,0.92352,0.92169,0.92185,3542.12
2023.02.07 23:00:00,0.92186,0.92231,0.92147,0.92158,2383.68
2023.02.08 00:00:00,0.92158,0.92171,0.92098,0.92144,354.89
2023.02.08 01:00:00,0.92144,0.92207,0.92126,0.92162,1514.75
2023.02.08 02:00:00,0.92162,0.9219,0.92128,0.92138,2168.13
2023.02.08 03:00:00,0.92138,0.92221,0.92113,0.92212,2841.24
2023.02.08 04:00:00,0.92213,0.92233,0.92181,0.92194,2297.74
2023.02.08 05:00:00,0.92195,0.92209,0.9215,0.92169,2751.71
2023.02.08 06:00:00,0.92171,0.92189,0.92146,0.92148,1946.57
2023.02.08 07:00:00,0.9215,0.92208,0.92147,0.92164,1416.97
2023.02.08 08:00:00,0.92165,0.9219,0.92126,0.9219,2528.26
2023.02.08 09:00:00,0.92187,0.92224,0.91875,0.91892,6002.86
2023.02.08 10:00:00,0.91892,0.92001,0.91783,0.91861,7041.95
2023.02.08 11:00:00,0.91866,0.91892,0.91778,0.91798,5432.71
2023.02.08 12:00:00,0.91798,0.91958,0.91787,0.91915,4533.12
2023.02.08 13:00:00,0.91917,0.91989,0.91871,0.91941,3926.73
2023.02.08 14:00:00,0.91941,0.92049,0.91848,0.92026,4107.48
2023.02.08 15:00:00,0.92025,0.92121,0.91962,0.91971,5587.95
2023.02.08 16:00:00,0.9197,0.92113,0.91864,0.92033,9918.87
2023.02.08 17:00:00,0.92033,0.92172,0.92031,0.92066,11941.08
2023.02.08 18:00:00,0.92067,0.92113,0.91962,0.91989,6763.32
2023.02.08 19:00:00,0.91987,0.92037,0.91929,0.92002,2743.03
2023.02.08 20:00:00,0.92001,0.92017,0.91899,0.91954,3638.55
2023.02.08 21:00:00,0.91953,0.92035,0.91942,0.92017,2297.7
2023.02.08 22:00:00,0.92017,0.92112,0.92004,0.92083,2758.17
2023.02.08 23:00:00,0.92082,0.92116,0.9207,0.92078,1432.38
2023.02.09 00:00:00,0.92054,0.92074,0.91963,0.9205,2468.83
2023.02.09 01:00:00,0.92044,0.92109,0.92027,0.92089,3503.84
2023.02.09 02:00:00,0.92089,0.92115,0.92046,0.92107,1693.37
2023.02.09 03:00:00,0.92107,0.92185,0.92046,0.92058,3025.79
2023.02.09 04:00:00,0.9206,0.92067,0.91994,0.92018,1548.69
2023.02.09 05:00:00,0.92017,0.92045,0.91988,0.92018,1496.26
2023.02.09 06:00:00,0.9202,0.92022,0.91965,0.9197,1509.52
2023.02.09 07:00:00,0.9197,0.92022,0.91894,0.91941,4302.35
2023.02.09 08:00:00,0.91942,0.91986,0.91853,0.91885,3412.32
2023.02.09 09:00:00,0.91885,0.9199,0.91865,0.91923,5080.4
2023.02.09 10:00:00,0.91924,0.91926,0.91716,0.91857,5178.07
2023.02.09 11:00:00,0.91859,0.91931,0.91795,0.91831,4197.06
2023.02.09 12:00:00,0.9183,0.91883,0.9172,0.91778,3861.67
2023.02.09 13:00:00,0.91778,0.92012,0.91778,0.91942,3401.9
2023.02.09 14:00:00,0.9194,0.91958,0.91804,0.91805,3194.92
2023.02.09 15:00:00,0.91806,0.91877,0.91604,0.91604,6728.78
2023.02.09 16:00:00,0.91605,0.91838,0.91603,0.91809,7086.4
2023.02.09 17:00:00,0.91807,0.91946,0.91736,0.91902,8681.61
2023.02.09 18:00:00,0.91903,0.92034,0.91901,0.91916,7062.3
2023.02.09 19:00:00,0.91916,0.92109,0.91916,0.92019,3913.05
2023.02.09 20:00:00,0.92019,0.92173,0.92003,0.92154,5070.47
2023.02.09 21:00:00,0.92155,0.92247,0.92109,0.92232,4677.81
2023.02.09 22:00:00,0.92234,0.92283,0.92199,0.9227,3133.02
2023.02.09 23:00:00,0.92269,0.9227,0.92204,0.92204,1783.54
2023.02.10 00:00:00,0.92181,0.92226,0.92046,0.92219,610.83
2023.02.10 01:00:00,0.92219,0.92233,0.92193,0.92209,1578.82
2023.02.10 02:00:00,0.92207,0.92314,0.92207,0.92236,1996.53
2023.02.10 03:00:00,0.92237,0.92315,0.92214,0.9225,2757.11
2023.02.10 04:00:00,0.92251,0.92316,0.92234,0.9231,2054.75
2023.02.10 05:00:00,0.92311,0.92371,0.92297,0.92353,2431.45
2023.02.10 06:00:00,0.92355,0.92367,0.923,0.9235,1677.29
2023.02.10 07:00:00,0.92349,0.92354,0.92276,0.9228,2045.07
2023.02.10 08:00:00,0.92279,0.92284,0.92226,0.92228,3145.14
2023.02.10 09:00:00,0.92228,0.92288,0.9208,0.92146,10166.58
2023.02.10 10:00:00,0.92147,0.92318,0.91975,0.9218,10549.5
2023.02.10 11:00:00,0.92179,0.92437,0.92139,0.92292,10970.39
2023.02.10 12:00:00,0.92291,0.92426,0.92215,0.92267,5601.62
2023.02.10 13:00:00,0.92265,0.92359,0.9225,0.92277,4028.23
2023.02.10 14:00:00,0.92278,0.92417,0.92257,0.92405,4557.89
2023.02.10 15:00:00,0.92403,0.92438,0.9226,0.92315,8966.98
2023.02.10 16:00:00,0.92314,0.92437,0.92262,0.92359,9714.13
2023.02.10 17:00:00,0.92359,0.92457,0.92222,0.92398,11783.37
2023.02.10 18:00:00,0.924,0.92483,0.9232,0.92459,6740.16
2023.02.10 19:00:00,0.92461,0.92502,0.92434,0.92478,3528.64
2023.02.10 20:00:00,0.92476,0.92491,0.92397,0.92491,2065.43
2023.02.10 21:00:00,0.9249,0.92526,0.92414,0.92435,2460.36
2023.02.10 22:00:00,0.92435,0.92443,0.92366,0.92374,1922.16
2023.02.10 23:00:00,0.92372,0.92391,0.92293,0.92293,1606.58
2023.02.13 00:00:00,0.92305,0.92385,0.92287,0.9231,1117.77
2023.02.13 01:00:00,0.92327,0.9242,0.92314,0.92377,4020.72
2023.02.13 02:00:00,0.92376,0.92472,0.92356,0.92446,2867.1
2023.02.13 03:00:00,0.92444,0.92595,0.92424,0.92513,3636.06
2023.02.13 04:00:00,0.92512,0.92581,0.92494,0.92532,2231.69
2023.02.13 05:00:00,0.92531,0.9257,0.92518,0.92562,1940.34
2023.02.13 06:00:00,0.92563,0.92567,0.92522,0.92538,2173.75
2023.02.13 07:00:00,0.92538,0.92581,0.92522,0.92537,2905.16
2023.02.13 08:00:00,0.92537,0.92547,0.92421,0.92476,5450.03
2023.02.13 09:00:00,0.92475,0.92484,0.92188,0.92232,6270.63
2023.02.13 10:00:00,0.9223,0.92492,0.9222,0.92486,5148.02
2023.02.13 11:00:00,0.92487,0.9251,0.92305,0.92323,5581.8
2023.02.13 12:00:00,0.92321,0.92342,0.92217,0.92309,3781.35
2023.02.13 13:00:00,0.92307,0.92341,0.92233,0.92274,3112.31
2023.02.13 14:00:00,0.92276,0.92299,0.92095,0.92117,4258.99
2023.02.13 15:00:00,0.92118,0.92317,0.9207,0.92297,5376.07
2023.02.13 16:00:00,0.92296,0.9234,0.92039,0.92047,7734.06
2023.02.13 17:00:00,0.92045,0.92133,0.91989,0.92106,8332.14
2023.02.13 18:00:00,0.92106,0.92195,0.92031,0.92073,3985.76
2023.02.13 19:00:00,0.92072,0.92076,0.91995,0.92025,2438.73
2023.02.13 20:00:00,0.92025,0.9206,0.9191,0.91944,1992.18
2023.02.13 21:00:00,0.91943,0.92016,0.91943,0.91999,1963.6
2023.02.13 22:00:00,0.92,0.92026,0.91929,0.91935,2153.35
2023.02.13 23:00:00,0.91936,0.91963,0.9191,0.9191,1591.32
2023.02.14 00:00:00,0.91907,0.91966,0.91897,0.91923,337.42
2023.02.14 01:00:00,0.91919,0.91952,0.91864,0.91872,3817.33
2023.02.14 02:00:00,0.91874,0.91882,0.91806,0.91812,2928.54
2023.02.14 03:00:00,0.9181,0.91877,0.91788,0.91838,3590.4
2023.02.14 04:00:00,0.91839,0.91881,0.91817,0.91829,2768.91
2023.02.14 05:00:00,0.91829,0.91848,0.91792,0.91821,1461.77
2023.02.14 06:00:00,0.91821,0.91842,0.91791,0.91793,2001.02
2023.02.14 07:00:00,0.91794,0.91818,0.91771,0.91785,1351.25
2023.02.14 08:00:00,0.91786,0.91815,0.91746,0.91786,2387.94
2023.02.14 09:00:00,0.91788,0.91859,0.91716,0.91826,5883.43
2023.02.14 10:00:00,0.91824,0.91849,0.91617,0.91635,5773.83
2023.02.14 11:00:00,0.91634,0.91743,0.91576,0.91633,4546.51
2023.02.14 12:00:00,0.91635,0.91947,0.91592,0.91893,5288.98
2023.02.14 13:00:00,0.91894,0.91932,0.91769,0.9185,4241.89
2023.02.14 14:00:00,0.91851,0.91863,0.91593,0.91739,5338.63
2023.02.14 15:00:00,0.9174,0.92038,0.91357,0.91778,25630.85
2023.02.14 16:00:00,0.91772,0.92338,0.91661,0.91891,31262.06
2023.02.14 17:00:00,0.9189,0.92293,0.91707,0.92226,18303.5
2023.02.14 18:00:00,0.92226,0.92312,0.92099,0.92248,13939.5
2023.02.14 19:00:00,0.92247,0.92271,0.92172,0.9219,6295.53
2023.02.14 20:00:00,0.9219,0.92191,0.92023,0.92153,5857.25
2023.02.14 21:00:00,0.92153,0.92229,0.92124,0.92134,3892.82
2023.02.14 22:00:00,0.92134,0.92179,0.92108,0.92148,3008.63
2023.02.14 23:00:00,0.92152,0.92172,0.9213,0.92131,1159.57
2023.02.15 00:00:00,0.92131,0.92139,0.92022,0.9212,1353.94
2023.02.15 01:00:00,0.92127,0.92181,0.92119,0.9215,2365.61
2023.02.15 02:00:00,0.9215,0.92195,0.92124,0.92174,1861.58
2023.02.15 03:00:00,0.92175,0.92204,0.92152,0.92191,2834.31
2023.02.15 04:00:00,0.92189,0.92294,0.92185,0.92256,2564.96
2023.02.15 05:00:00,0.92256,0.92335,0.92233,0.92326,2066.19
2023.02.15 06:00:00,0.92328,0.92354,0.92278,0.92293,1738.06
2023.02.15 07:00:00,0.92293,0.92389,0.92275,0.92373,1564.49
2023.02.15 08:00:00,0.92372,0.92431,0.92313,0.92391,3677.74
2023.02.15 09:00:00,0.9239,0.9248,0.92299,0.92408,7565.76
2023.02.15 10:00:00,0.92407,0.92458,0.92274,0.9241,7528.66
2023.02.15 11:00:00,0.92409,0.92441,0.92226,0.92232,6348.22
2023.02.15 12:00:00,0.92234,0.92262,0.92155,0.92215,5323.92
2023.02.15 13:00:00,0.92215,0.9227,0.92176,0.92267,3879.26
2023.02.15 14:00:00,0.92268,0.92326,0.92153,0.92299,5065.56
2023.02.15 15:00:00,0.92298,0.92622,0.92241,0.92438,16560.88
2023.02.15 16:00:00,0.92438,0.92583,0.92399,0.92517,16306.64
2023.02.15 17:00:00,0.92517,0.92623,0.92409,0.9254,10419.38
2023.02.15 18:00:00,0.92541,0.92559,0.92344,0.9238,6893.06
2023.02.15 19:00:00,0.92378,0.9255,0.92368,0.92536,4149.88
2023.02.15 20:00:00,0.92536,0.92587,0.92457,0.92478,3468.1
2023.02.15 21:00:00,0.92478,0.92482,0.92399,0.92423,2474.77
2023.02.15 22:00:00,0.92424,0.92456,0.92366,0.92366,2152.59
2023.02.15 23:00:00,0.92367,0.92392,0.92357,0.92357,1515.35
2023.02.16 00:00:00,0.92357,0.92386,0.92332,0.92357,622.1
2023.02.16 01:00:00,0.92358,0.92396,0.92332,0.92338,1677.2
2023.02.16 02:00:00,0.92336,0.92405,0.923,0.9238,3373.44
2023.02.16 03:00:00,0.92374,0.92404,0.92208,0.92233,3983.78
2023.02.16 04:00:00,0.92234,0.92274,0.92169,0.922,3091.59
2023.02.16 05:00:00,0.92198,0.92237,0.92193,0.92197,2157.28
2023.02.16 06:00:00,0.92197,0.92213,0.92188,0.92209,1283.25
2023.02.16 07:00:00,0.92208,0.9225,0.92197,0.92231,1226.56
2023.02.16 08:00:00,0.9223,0.92309,0.92201,0.92287,2925.91
2023.02.16 09:00:00,0.92287,0.92304,0.92191,0.92247,3942.79
2023.02.16 10:00:00,0.92248,0.92318,0.92166,0.92259,6565.41
2023.02.16 11:00:00,0.9226,0.92335,0.92194,0.92245,4971.82
2023.02.16 12:00:00,0.92246,0.92262,0.92138,0.92206,3519
2023.02.16 13:00:00,0.92206,0.92264,0.92173,0.9219,3382.12
2023.02.16 14:00:00,0.92189,0.92309,0.92172,0.9229,3390.04
2023.02.16 15:00:00,0.92288,0.92614,0.92239,0.92472,14034.83
2023.02.16 16:00:00,0.92472,0.92686,0.92381,0.92634,11705.06
2023.02.16 17:00:00,0.92635,0.92718,0.92472,0.92588,12936.64
2023.02.16 18:00:00,0.92586,0.92599,0.92418,0.92452,7295.19
2023.02.16 19:00:00,0.92452,0.92513,0.92381,0.92418,4412.27
2023.02.16 20:00:00,0.92418,0.92487,0.92374,0.924,4151.16
2023.02.16 21:00:00,0.92398,0.9243,0.92364,0.92416,2376.93
2023.02.16 22:00:00,0.92415,0.92607,0.92404,0.92565,7428.88
2023.02.16 23:00:00,0.92565,0.92606,0.92506,0.92512,1734.28
2023.02.17 00:00:00,0.92507,0.92604,0.9246,0.92584,667.22
2023.02.17 01:00:00,0.92585,0.92678,0.92579,0.92662,2187.07
2023.02.17 02:00:00,0.92662,0.92777,0.9266,0.92751,2515.33
2023.02.17 03:00:00,0.92751,0.92841,0.92698,0.92825,2646.14
2023.02.17 04:00:00,0.92824,0.92854,0.92791,0.92823,2348.54
2023.02.17 05:00:00,0.92821,0.92852,0.92787,0.92815,1793.54
2023.02.17 06:00:00,0.92815,0.92932,0.92806,0.92888,1733.7
2023.02.17 07:00:00,0.92889,0.92938,0.92857,0.92915,991.47
2023.02.17 08:00:00,0.92913,0.92987,0.92909,0.92979,1727.25
2023.02.17 09:00:00,0.92978,0.93036,0.92896,0.92898,4719.72
2023.02.17 10:00:00,0.92898,0.93165,0.92894,0.93116,7598.37
2023.02.17 11:00:00,0.93119,0.93231,0.93056,0.93229,6715.23
2023.02.17 12:00:00,0.9323,0.9329,0.93206,0.93255,5035.6
2023.02.17 13:00:00,0.93256,0.93317,0.93226,0.9329,4902.54
2023.02.17 14:00:00,0.93289,0.93311,0.93172,0.93208,6269.61
2023.02.17 15:00:00,0.93208,0.93218,0.92904,0.93006,7182.04
2023.02.17 16:00:00,0.93006,0.93114,0.92914,0.93087,9093.94
2023.02.17 17:00:00,0.93086,0.93087,0.92535,0.92773,13175.33
2023.02.17 18:00:00,0.92775,0.9283,0.92632,0.92663,7696.23
2023.02.17 19:00:00,0.92662,0.92664,0.92541,0.92654,5527.25
2023.02.17 20:00:00,0.92653,0.92676,0.92528,0.92571,3509.14
2023.02.17 21:00:00,0.92571,0.92573,0.92448,0.92471,3539.97
2023.02.17 22:00:00,0.92472,0.92479,0.92427,0.92448,2980.61
2023.02.17 23:00:00,0.92447,0.92462,0.92393,0.92402,1383.3
2023.02.20 00:00:00,0.92447,0.92544,0.92384,0.92407,546.1
2023.02.20 01:00:00,0.92408,0.92541,0.92405,0.92536,2785.99
2023.02.20 02:00:00,0.92533,0.92594,0.92504,0.92544,2168.79
2023.02.20 03:00:00,0.92545,0.92598,0.9252,0.92567,2401.82
2023.02.20 04:00:00,0.92567,0.92574,0.92479,0.92499,3865.87
2023.02.20 05:00:00,0.92497,0.92539,0.92486,0.92499,4056.63
2023.02.20 06:00:00,0.92499,0.92503,0.92408,0.92443,2681.97
2023.02.20 07:00:00,0.92441,0.92467,0.92412,0.92435,2333.87
2023.02.20 08:00:00,0.92435,0.92466,0.92405,0.92438,2963.76
2023.02.20 09:00:00,0.92437,0.92458,0.92295,0.92299,3250.46
2023.02.20 10:00:00,0.92297,0.92458,0.92201,0.92333,5534.43
2023.02.20 11:00:00,0.92333,0.92438,0.92267,0.92373,5424.11
2023.02.20 12:00:00,0.92373,0.92405,0.92274,0.92341,5352.11
2023.02.20 13:00:00,0.92341,0.92356,0.92218,0.92238,4751.55
2023.02.20 14:00:00,0.92236,0.92407,0.92232,0.92396,5179.09
2023.02.20 15:00:00,0.92396,0.92447,0.9234,0.92401,6745.45
2023.02.20 16:00:00,0.92404,0.92411,0.92274,0.92294,5589.09
2023.02.20 17:00:00,0.92293,0.92374,0.92269,0.92321,4823.4
2023.02.20 18:00:00,0.92322,0.92354,0.92245,0.92251,2475.3
2023.02.20 19:00:00,0.92252,0.9232,0.92249,0.92314,1432.52
2023.02.20 20:00:00,0.92313,0.92318,0.92287,0.92317,1446.81
2023.02.20 21:00:00,0.92315,0.92316,0.92289,0.92291,7773.08
2023.02.20 22:00:00,0.92293,0.92316,0.92285,0.92315,2052.13
2023.02.20 23:00:00,0.92316,0.92334,0.92283,0.92283,1718.2
2023.02.21 00:00:00,0.92282,0.92332,0.92281,0.92328,912.9
2023.02.21 01:00:00,0.92326,0.92333,0.92278,0.92325,3392.3
2023.02.21 02:00:00,0.92322,0.9239,0.92294,0.92352,1879.91
2023.02.21 03:00:00,0.92352,0.92442,0.92325,0.92348,3516.87
2023.02.21 04:00:00,0.92348,0.92432,0.92342,0.92431,1969.8
2023.02.21 05:00:00,0.92432,0.9244,0.92397,0.924,1541.6
2023.02.21 06:00:00,0.924,0.9243,0.9235,0.92353,1253.86
2023.02.21 07:00:00,0.92355,0.9241,0.92354,0.92368,1640.88
2023.02.21 08:00:00,0.92369,0.9244,0.92369,0.9243,2199.04
2023.02.21 09:00:00,0.92438,0.92582,0.92434,0.92496,3697.32
2023.02.21 10:00:00,0.92494,0.92619,0.92472,0.92587,7364.25
2023.02.21 11:00:00,0.92587,0.92718,0.92316,0.92439,8016.97
2023.02.21 12:00:00,0.92437,0.92575,0.9237,0.9253,6476.21
2023.02.21 13:00:00,0.92532,0.92553,0.92394,0.9246,5216.03
2023.02.21 14:00:00,0.92461,0.92517,0.92398,0.9241,3968.15
2023.02.21 15:00:00,0.92411,0.92545,0.92382,0.92528,7283.5
2023.02.21 16:00:00,0.92529,0.92816,0.92499,0.92783,12724.48
2023.02.21 17:00:00,0.92783,0.92789,0.92472,0.92561,13833.13
2023.02.21 18:00:00,0.92561,0.92714,0.92545,0.92678,7474.79
2023.02.21 19:00:00,0.92677,0.92714,0.92612,0.92644,4134.97
2023.02.21 20:00:00,0.92643,0.92824,0.9262,0.92777,3482.13
2023.02.21 21:00:00,0.9278,0.92813,0.92723,0.92746,2575.78
2023.02.21 22:00:00,0.92745,0.92783,0.92703,0.92761,2896.35
2023.02.21 23:00:00,0.92763,0.92792,0.92748,0.92752,874.33
2023.02.22 00:00:00,0.92583,0.92745,0.92583,0.92672,1274
2023.02.22 01:00:00,0.92713,0.92769,0.92713,0.92752,1918.35
2023.02.22 02:00:00,0.92753,0.9276,0.92677,0.92678,2429.49
2023.02.22 03:00:00,0.92681,0.927,0.92631,0.92679,3203.45
2023.02.22 04:00:00,0.92677,0.92691,0.92646,0.92678,2325.45
2023.02.22 05:00:00,0.9268,0.92681,0.92613,0.92622,1936.52
2023.02.22 06:00:00,0.92622,0.92652,0.92619,0.92631,1105.85
2023.02.22 07:00:00,0.9263,0.92705,0.92627,0.92633,1798.12
2023.02.22 08:00:00,0.92633,0.92661,0.92582,0.92602,2348.14
2023.02.22 09:00:00,0.926,0.92669,0.92523,0.92583,4008.96
2023.02.22 10:00:00,0.92581,0.92846,0.9256,0.92787,6262.11
2023.02.22 11:00:00,0.92786,0.92868,0.927,0.92752,5909.55
2023.02.22 12:00:00,0.92752,0.92858,0.92735,0.92791,5068.71
2023.02.22 13:00:00,0.92791,0.9283,0.92716,0.92826,4238.76
2023.02.22 14:00:00,0.92827,0.92835,0.92633,0.92686,4539.14
2023.02.22 15:00:00,0.92685,0.9287,0.92652,0.92721,7055.72
2023.02.22 16:00:00,0.92724,0.92781,0.92596,0.92678,8233.52
2023.02.22 17:00:00,0.92676,0.9304,0.92627,0.92971,10693.66
2023.02.22 18:00:00,0.92973,0.93024,0.92896,0.92978,6722.71
2023.02.22 19:00:00,0.92977,0.93045,0.92917,0.92941,3105.04
2023.02.22 20:00:00,0.92939,0.92992,0.92896,0.92945,3066.97
2023.02.22 21:00:00,0.92947,0.93166,0.92873,0.93152,13193.92
2023.02.22 22:00:00,0.93152,0.93184,0.93116,0.93144,3970.02
2023.02.22 23:00:00,0.93145,0.93172,0.93116,0.93119,1072.83
2023.02.23 00:00:00,0.93119,0.93119,0.92945,0.93083,325.16
2023.02.23 01:00:00,0.93083,0.93135,0.93063,0.93121,2199.92
2023.02.23 02:00:00,0.9312,0.93135,0.93063,0.9307,1772.59
2023.02.23 03:00:00,0.93068,0.93077,0.92979,0.92989,1437.79
2023.02.23 04:00:00,0.92991,0.93022,0.92918,0.92929,1116.25
2023.02.23 05:00:00,0.92929,0.92946,0.92905,0.9292,1479.42
2023.02.23 06:00:00,0.9292,0.92959,0.92918,0.92921,794.71
2023.02.23 07:00:00,0.9292,0.92997,0.92917,0.92957,1385.39
2023.02.23 08:00:00,0.92955,0.9299,0.92896,0.92978,1838.52
2023.02.23 09:00:00,0.92978,0.93143,0.92978,0.93092,4586.3
2023.02.23 10:00:00,0.9309,0.93245,0.93085,0.93233,5277.76
2023.02.23 11:00:00,0.93234,0.93339,0.93192,0.93304,5387.9
2023.02.23 12:00:00,0.93304,0.93336,0.93172,0.93194,5023.11
2023.02.23 13:00:00,0.93195,0.93295,0.9315,0.93202,4392.96
2023.02.23 14:00:00,0.932,0.93229,0.93143,0.93202,4253.39
2023.02.23 15:00:00,0.93203,0.93432,0.93163,0.93341,11993.6
2023.02.23 16:00:00,0.93341,0.9339,0.93193,0.93247,11640.86
2023.02.23 17:00:00,0.93244,0.93401,0.93237,0.93328,9882.95
2023.02.23 18:00:00,0.93331,0.93457,0.93308,0.93439,7211.03
2023.02.23 19:00:00,0.93438,0.93486,0.93403,0.93422,3523.96
2023.02.23 20:00:00,0.93421,0.93458,0.93373,0.93403,3339.07
2023.02.23 21:00:00,0.93404,0.93408,0.93286,0.93375,3511.17
2023.02.23 22:00:00,0.93373,0.93376,0.93308,0.93325,2061.11
2023.02.23 23:00:00,0.93327,0.934,0.93326,0.93382,1084.69
2023.02.24 00:00:00,0.93382,0.93382,0.93256,0.93327,233.39
2023.02.24 01:00:00,0.93328,0.93368,0.93306,0.93365,2679.82
2023.02.24 02:00:00,0.93365,0.93395,0.93283,0.93283,4067.45
2023.02.24 03:00:00,0.93284,0.93418,0.93255,0.93385,7415.13
2023.02.24 04:00:00,0.93388,0.93421,0.933,0.93408,3095.35
2023.02.24 05:00:00,0.93409,0.93411,0.93336,0.93372,1364.85
2023.02.24 06:00:00,0.93371,0.93415,0.93364,0.93385,1248.22
2023.02.24 07:00:00,0.93386,0.93404,0.93368,0.934,1686.26
2023.02.24 08:00:00,0.93399,0.93429,0.9337,0.93407,2448.18
2023.02.24 09:00:00,0.93406,0.93551,0.93406,0.93545,3515.42
2023.02.24 10:00:00,0.93546,0.93646,0.93511,0.93545,7327.04
2023.02.24 11:00:00,0.93543,0.93635,0.93441,0.93458,3854.97
2023.02.24 12:00:00,0.93459,0.93533,0.93406,0.93469,2957.53
2023.02.24 13:00:00,0.93468,0.93567,0.93451,0.93532,3946.31
2023.02.24 14:00:00,0.93532,0.93659,0.93531,0.93617,4018.46
2023.02.24 15:00:00,0.93619,0.93803,0.93604,0.93705,14345.87
2023.02.24 16:00:00,0.93703,0.93898,0.93699,0.93861,14112.48
2023.02.24 17:00:00,0.9386,0.93979,0.93816,0.93974,13635.09
2023.02.24 18:00:00,0.93974,0.94017,0.93891,0.94007,6226.55
2023.02.24 19:00:00,0.94006,0.94061,0.93904,0.94002,4404.07
2023.02.24 20:00:00,0.94003,0.94055,0.93945,0.94054,3108.45
2023.02.24 21:00:00,0.94053,0.94069,0.93983,0.94056,3227.04
2023.02.24 22:00:00,0.94058,0.94085,0.93996,0.9408,2571.16
2023.02.24 23:00:00,0.94082,0.94121,0.93987,0.93987,1512.81
2023.02.27 00:00:00,0.93971,0.94056,0.93906,0.94049,207.79
2023.02.27 01:00:00,0.94054,0.94069,0.94005,0.9403,1900.04
2023.02.27 02:00:00,0.94031,0.94082,0.94018,0.94023,2194.83
2023.02.27 03:00:00,0.94025,0.9406,0.94002,0.9401,1964.36
2023.02.27 04:00:00,0.94013,0.94085,0.94,0.94078,1881.22
2023.02.27 05:00:00,0.94077,0.94182,0.9406,0.94156,2266.42
2023.02.27 06:00:00,0.94155,0.94162,0.94103,0.94112,1549.65
2023.02.27 07:00:00,0.94113,0.94165,0.94106,0.94159,2425.86
2023.02.27 08:00:00,0.94157,0.94204,0.94093,0.94196,2273.85
2023.02.27 09:00:00,0.94195,0.94198,0.94061,0.94162,5182.22
2023.02.27 10:00:00,0.94164,0.94216,0.94074,0.94193,7067.46
2023.02.27 11:00:00,0.94193,0.94285,0.94061,0.94111,5257.08
2023.02.27 12:00:00,0.94112,0.94155,0.94012,0.9405,4564.76
2023.02.27 13:00:00,0.94049,0.94109,0.93996,0.94021,2945.46
2023.02.27 14:00:00,0.9402,0.94089,0.93972,0.94072,2871.04
2023.02.27 15:00:00,0.94071,0.94106,0.9369,0.93727,6891.16
2023.02.27 16:00:00,0.93727,0.93772,0.93684,0.93743,7555.36
2023.02.27 17:00:00,0.93743,0.93766,0.93438,0.9371,8383.58
2023.02.27 18:00:00,0.93708,0.93848,0.93668,0.93748,4400.15
2023.02.27 19:00:00,0.93747,0.93807,0.93657,0.93662,2581.83
2023.02.27 20:00:00,0.93661,0.93697,0.93574,0.936,3070.47
2023.02.27 21:00:00,0.936,0.93617,0.93525,0.93594,2361.57
2023.02.27 22:00:00,0.93591,0.93626,0.93574,0.93588,2237.73
2023.02.27 23:00:00,0.93588,0.93619,0.93557,0.93557,687.45
2023.02.28 00:00:00,0.93554,0.93555,0.93451,0.93534,632.68
2023.02.28 01:00:00,0.93534,0.93574,0.93532,0.93572,1114.52
2023.02.28 02:00:00,0.93571,0.93583,0.93529,0.93557,1425.11
2023.02.28 03:00:00,0.93557,0.93662,0.93548,0.9366,1809.66
2023.02.28 04:00:00,0.93657,0.93667,0.93574,0.93595,2038.53
2023.02.28 05:00:00,0.93593,0.93639,0.93585,0.93626,1421.57
2023.02.28 06:00:00,0.93626,0.93679,0.93616,0.93644,1754.92
2023.02.28 07:00:00,0.93642,0.93717,0.93639,0.93685,1729.85
2023.02.28 08:00:00,0.93685,0.93736,0.93662,0.93719,2242.02
2023.02.28 09:00:00,0.9372,0.93884,0.93703,0.93861,4599.73
2023.02.28 10:00:00,0.93858,0.93885,0.9367,0.9372,7258.78
2023.02.28 11:00:00,0.93719,0.93832,0.93604,0.93778,4999.69
2023.02.28 12:00:00,0.93778,0.93889,0.93685,0.93793,3947.79
2023.02.28 13:00:00,0.93792,0.93864,0.9374,0.93781,3147.99
2023.02.28 14:00:00,0.93781,0.9384,0.93666,0.93666,3446.18
2023.02.28 15:00:00,0.93666,0.93714,0.93544,0.93556,5625.49
2023.02.28 16:00:00,0.93555,0.93722,0.93447,0.93548,8296.65
2023.02.28 17:00:00,0.93537,0.93812,0.93408,0.93728,13408.63
2023.02.28 18:00:00,0.93728,0.93765,0.93554,0.93764,6968.47
2023.02.28 19:00:00,0.93763,0.93831,0.93677,0.93727,4186.13
2023.02.28 20:00:00,0.93729,0.93928,0.93722,0.93928,2967.17
2023.02.28 21:00:00,0.93929,0.94046,0.93892,0.94042,3274.43
2023.02.28 22:00:00,0.9404,0.94195,0.94031,0.94173,3554.67
2023.02.28 23:00:00,0.94176,0.94229,0.94156,0.94202,1784.6
2023.03.01 00:00:00,0.94201,0.94201,0.94132,0.94144,320.11
2023.03.01 01:00:00,0.94143,0.9421,0.94143,0.94202,3115.6
2023.03.01 02:00:00,0.94203,0.94281,0.94195,0.94237,2212.38
2023.03.01 03:00:00,0.94238,0.94246,0.94119,0.94122,2663.37
2023.03.01 04:00:00,0.94124,0.94151,0.94097,0.94106,1479.04
2023.03.01 05:00:00,0.94104,0.94117,0.94007,0.94032,1135.31
2023.03.01 06:00:00,0.94031,0.94071,0.94019,0.94062,1393.68
2023.03.01 07:00:00,0.94063,0.94079,0.94028,0.94065,1276.99
2023.03.01 08:00:00,0.94065,0.94068,0.93946,0.94019,2804.66
2023.03.01 09:00:00,0.94018,0.94049,0.93892,0.93906,5644
2023.03.01 10:00:00,0.93906,0.94017,0.93752,0.93778,8841.62
2023.03.01 11:00:00,0.93777,0.9382,0.93684,0.93742,6348.05
2023.03.01 12:00:00,0.93741,0.93872,0.93653,0.93661,6271.36
2023.03.01 13:00:00,0.93661,0.93713,0.93568,0.93589,5053.59
2023.03.01 14:00:00,0.9359,0.93632,0.93518,0.93522,3835.58
2023.03.01 15:00:00,0.93523,0.93783,0.93501,0.93781,5996.79
2023.03.01 16:00:00,0.93781,0.93842,0.93724,0.93791,8743.66
2023.03.01 17:00:00,0.93791,0.94112,0.93706,0.93906,16951.35
2023.03.01 18:00:00,0.93907,0.94025,0.93803,0.93879,7625.5
2023.03.01 19:00:00,0.93877,0.93997,0.93803,0.9399,4060.59
2023.03.01 20:00:00,0.9399,0.94074,0.9398,0.94069,2588.28
2023.03.01 21:00:00,0.94069,0.94135,0.94004,0.94028,3139.67
2023.03.01 22:00:00,0.94028,0.94033,0.9398,0.93984,2435.74
2023.03.01 23:00:00,0.93985,0.93991,0.93933,0.93933,1285.78
2023.03.02 00:00:00,0.9393,0.93963,0.93891,0.9392,621.3
2023.03.02 01:00:00,0.9393,0.93968,0.93907,0.93949,1081.69
2023.03.02 02:00:00,0.93947,0.94043,0.9392,0.9403,1606.64
2023.03.02 03:00:00,0.94033,0.94171,0.94016,0.94135,4218.17
2023.03.02 04:00:00,0.94134,0.94184,0.94114,0.94156,2727.18
2023.03.02 05:00:00,0.94155,0.94225,0.94149,0.94211,1729.14
2023.03.02 06:00:00,0.94211,0.94217,0.94189,0.94208,1238.46
2023.03.02 07:00:00,0.94206,0.94301,0.94206,0.94274,1245.9
2023.03.02 08:00:00,0.94272,0.94322,0.94243,0.94272,2327.92
2023.03.02 09:00:00,0.94272,0.94393,0.94238,0.94264,4478.97
2023.03.02 10:00:00,0.94262,0.94303,0.94115,0.94166,6921.08
2023.03.02 11:00:00,0.94165,0.94242,0.94115,0.94136,5101.65
2023.03.02 12:00:00,0.94135,0.94213,0.941,0.94149,5130.95
2023.03.02 13:00:00,0.94149,0.9415,0.94063,0.94073,3795.23
2023.03.02 14:00:00,0.94073,0.94204,0.93953,0.94197,4111.95
2023.03.02 15:00:00,0.94195,0.94338,0.94114,0.94296,9564
2023.03.02 16:00:00,0.94296,0.94296,0.94119,0.94174,10304.08
2023.03.02 17:00:00,0.94172,0.94376,0.94098,0.94145,9024.03
2023.03.02 18:00:00,0.94145,0.94226,0.94079,0.94201,4974.75
2023.03.02 19:00:00,0.94199,0.94396,0.94194,0.9435,3421.95
2023.03.02 20:00:00,0.94349,0.94376,0.94189,0.94197,4031.59
2023.03.02 21:00:00,0.94195,0.94202,0.94126,0.94192,3702.28
2023.03.02 22:00:00,0.94192,0.94233,0.94104,0.94179,3161.91
2023.03.02 23:00:00,0.9418,0.94233,0.94165,0.94227,1111.69
2023.03.03 00:00:00,0.94227,0.94227,0.93956,0.94183,401.21
2023.03.03 01:00:00,0.94183,0.94207,0.94169,0.94195,2064.39
2023.03.03 02:00:00,0.94197,0.94205,0.9411,0.94122,1451.05
2023.03.03 03:00:00,0.94123,0.94149,0.94075,0.9412,2560.01
2023.03.03 04:00:00,0.94118,0.94153,0.9405,0.94149,2668.98
2023.03.03 05:00:00,0.9415,0.94151,0.94108,0.94115,1418.84
2023.03.03 06:00:00,0.94117,0.9412,0.94089,0.94105,960.85
2023.03.03 07:00:00,0.94105,0.94105,0.94042,0.94077,1066.89
2023.03.03 08:00:00,0.94078,0.94079,0.93917,0.93919,1977.17
2023.03.03 09:00:00,0.93919,0.93987,0.93867,0.93983,3625.85
2023.03.03 10:00:00,0.93982,0.93982,0.93696,0.93719,6491.16
2023.03.03 11:00:00,0.9372,0.93833,0.93682,0.93779,6199.79
2023.03.03 12:00:00,0.9378,0.93908,0.93736,0.93832,5093.42
2023.03.03 13:00:00,0.93833,0.93959,0.93825,0.93882,3955.65
2023.03.03 14:00:00,0.93883,0.93982,0.93835,0.93847,4058.13
2023.03.03 15:00:00,0.9385,0.93873,0.93702,0.93773,4815.57
2023.03.03 16:00:00,0.93774,0.9386,0.93698,0.9382,7949.85
2023.03.03 17:00:00,0.93847,0.94076,0.93754,0.9395,13457.95
2023.03.03 18:00:00,0.9395,0.94006,0.93778,0.93814,6699.5
2023.03.03 19:00:00,0.93814,0.93854,0.93756,0.93768,11614.19
2023.03.03 20:00:00,0.93767,0.93829,0.93751,0.93765,2683.57
2023.03.03 21:00:00,0.93769,0.93775,0.93597,0.93611,3687.03
2023.03.03 22:00:00,0.9361,0.93664,0.93587,0.93613,3362.37
2023.03.03 23:00:00,0.93613,0.9367,0.93583,0.93583,1243.89
2023.03.06 00:00:00,0.93611,0.93657,0.93581,0.93586,194.3
2023.03.06 01:00:00,0.93586,0.93702,0.93583,0.93696,3455.87
2023.03.06 02:00:00,0.93695,0.93705,0.9361,0.937,2579.41
2023.03.06 03:00:00,0.937,0.93726,0.93622,0.93634,2386.19
2023.03.06 04:00:00,0.93635,0.93693,0.93536,0.93567,2795.7
2023.03.06 05:00:00,0.93567,0.93581,0.93532,0.93556,1865.29
2023.03.06 06:00:00,0.93556,0.93596,0.93542,0.93579,1389.28
2023.03.06 07:00:00,0.93578,0.93616,0.93554,0.93571,1902.97
2023.03.06 08:00:00,0.9357,0.93654,0.93549,0.93558,2019.24
2023.03.06 09:00:00,0.93557,0.93557,0.93124,0.93207,5033.14
2023.03.06 10:00:00,0.93208,0.93414,0.93168,0.93414,5920.76
2023.03.06 11:00:00,0.93414,0.93503,0.93349,0.93416,5528.26
2023.03.06 12:00:00,0.93417,0.93526,0.93391,0.93509,4040.58
2023.03.06 13:00:00,0.93508,0.93595,0.93469,0.93515,5677.83
2023.03.06 14:00:00,0.93516,0.93538,0.93415,0.93418,4325.65
2023.03.06 15:00:00,0.93419,0.93452,0.93314,0.93436,5987.45
2023.03.06 16:00:00,0.93437,0.93488,0.93307,0.93357,8212.89
2023.03.06 17:00:00,0.93355,0.93398,0.93079,0.93222,8913.47
2023.03.06 18:00:00,0.93222,0.93243,0.93075,0.93087,4016.02
2023.03.06 19:00:00,0.93088,0.93199,0.9305,0.9315,2745.88
2023.03.06 20:00:00,0.9315,0.93231,0.93136,0.93219,2255.09
2023.03.06 21:00:00,0.9322,0.9327,0.93184,0.93219,2428.25
2023.03.06 22:00:00,0.9322,0.9325,0.9318,0.93192,2666.05
2023.03.06 23:00:00,0.93194,0.93204,0.93051,0.93052,1402.03
2023.03.07 00:00:00,0.93035,0.93149,0.93028,0.93077,469.66
2023.03.07 01:00:00,0.93074,0.93107,0.93064,0.93069,1622.72
2023.03.07 02:00:00,0.9307,0.93121,0.9306,0.93117,1311.71
2023.03.07 03:00:00,0.93116,0.93147,0.93063,0.9307,1824.87
2023.03.07 04:00:00,0.93069,0.93077,0.92991,0.93026,1598.35
2023.03.07 05:00:00,0.93028,0.93065,0.92978,0.92979,2614.93
2023.03.07 06:00:00,0.92979,0.92995,0.92959,0.92982,1019.14
2023.03.07 07:00:00,0.92981,0.93011,0.92948,0.92995,1383.91
2023.03.07 08:00:00,0.92996,0.9303,0.92949,0.93024,2458.63
2023.03.07 09:00:00,0.93024,0.93024,0.92853,0.9292,4632.72
2023.03.07 10:00:00,0.92921,0.93116,0.92892,0.93078,5766.1
2023.03.07 11:00:00,0.93081,0.9328,0.93078,0.93264,5360.82
2023.03.07 12:00:00,0.93264,0.933,0.93203,0.93298,4026.25
2023.03.07 13:00:00,0.93299,0.93387,0.93211,0.93387,4410.76
2023.03.07 14:00:00,0.93385,0.93458,0.93322,0.93325,4409.78
2023.03.07 15:00:00,0.93322,0.93463,0.93283,0.93442,5829.77
2023.03.07 16:00:00,0.93437,0.93587,0.93414,0.93466,7074.49
2023.03.07 17:00:00,0.93466,0.94095,0.93466,0.94022,25866.58
2023.03.07 18:00:00,0.94024,0.94139,0.93904,0.94134,15478.25
2023.03.07 19:00:00,0.94132,0.94167,0.93966,0.94109,8361.19
2023.03.07 20:00:00,0.94108,0.94152,0.93973,0.94075,5556.1
2023.03.07 21:00:00,0.94077,0.94245,0.94039,0.94171,4305.54
2023.03.07 22:00:00,0.94165,0.94212,0.94129,0.94195,3486.43
2023.03.07 23:00:00,0.94194,0.94233,0.94169,0.94169,1305.72
2023.03.08 00:00:00,0.94169,0.94174,0.94026,0.94109,312.53
2023.03.08 01:00:00,0.94123,0.94229,0.94098,0.94226,1888.1
2023.03.08 02:00:00,0.94226,0.94258,0.94178,0.94183,1657.1
2023.03.08 03:00:00,0.94184,0.94251,0.94181,0.94236,2816.84
2023.03.08 04:00:00,0.94236,0.94353,0.94225,0.94346,2008.05
2023.03.08 05:00:00,0.94347,0.94365,0.94279,0.94359,1830.41
2023.03.08 06:00:00,0.94358,0.94367,0.943,0.9431,2007.52
2023.03.08 07:00:00,0.94311,0.94383,0.94308,0.94327,1984.92
2023.03.08 08:00:00,0.94326,0.94336,0.9427,0.94278,2102.52
2023.03.08 09:00:00,0.94276,0.943,0.94181,0.94216,4165.24
2023.03.08 10:00:00,0.94217,0.94263,0.9415,0.94241,5203.76
2023.03.08 11:00:00,0.94239,0.94322,0.94186,0.94262,5044.97
2023.03.08 12:00:00,0.9426,0.94305,0.94191,0.94287,4794.09
2023.03.08 13:00:00,0.94287,0.9433,0.94215,0.94319,3306.59
2023.03.08 14:00:00,0.9432,0.94342,0.9421,0.94222,3497.54
2023.03.08 15:00:00,0.94223,0.94277,0.9413,0.94198,8054.4
2023.03.08 16:00:00,0.94197,0.94203,0.9404,0.94111,8571.78
2023.03.08 17:00:00,0.9411,0.94356,0.93882,0.94035,20165.68
2023.03.08 18:00:00,0.94034,0.94051,0.93888,0.93953,6719.47
2023.03.08 19:00:00,0.93951,0.94143,0.93937,0.9413,4422.46
2023.03.08 20:00:00,0.9413,0.94212,0.94108,0.94147,5074.09
2023.03.08 21:00:00,0.94147,0.94167,0.94079,0.94114,2339.22
2023.03.08 22:00:00,0.94113,0.94167,0.94097,0.9412,2108.84
2023.03.08 23:00:00,0.9412,0.94171,0.94109,0.94148,683.44
2023.03.09 00:00:00,0.94101,0.9414,0.93959,0.94113,427.07
2023.03.09 01:00:00,0.94084,0.94117,0.94068,0.94083,1356.47
2023.03.09 02:00:00,0.94083,0.94102,0.94022,0.94067,1917.03
2023.03.09 03:00:00,0.94066,0.94159,0.9405,0.94136,1211.43
2023.03.09 04:00:00,0.94137,0.94144,0.94065,0.94093,1409.27
2023.03.09 05:00:00,0.94092,0.94104,0.94035,0.94046,1630.68
2023.03.09 06:00:00,0.94046,0.94072,0.94003,0.94018,1004.69
2023.03.09 07:00:00,0.94018,0.9403,0.93973,0.94005,1374.22
2023.03.09 08:00:00,0.94008,0.94038,0.93959,0.93982,1783.27
2023.03.09 09:00:00,0.93983,0.93997,0.93846,0.93878,4137.01
2023.03.09 10:00:00,0.93878,0.93978,0.93838,0.9392,5313.35
2023.03.09 11:00:00,0.93919,0.93948,0.93712,0.93714,4227.87
2023.03.09 12:00:00,0.93716,0.93811,0.93698,0.93737,3871.16
2023.03.09 13:00:00,0.93736,0.93765,0.93666,0.93763,3935.33
2023.03.09 14:00:00,0.93763,0.93905,0.93751,0.93865,3502.58
2023.03.09 15:00:00,0.93866,0.93935,0.93715,0.93726,9332.91
2023.03.09 16:00:00,0.93726,0.93843,0.93565,0.93681,9092.44
2023.03.09 17:00:00,0.93679,0.93707,0.93541,0.93675,7063.61
2023.03.09 18:00:00,0.93675,0.93737,0.93588,0.93642,5055.99
2023.03.09 19:00:00,0.9364,0.93717,0.93617,0.93632,3248.16
2023.03.09 20:00:00,0.93633,0.93684,0.93455,0.93465,4796.14
2023.03.09 21:00:00,0.93465,0.93659,0.93451,0.93657,3580.61
2023.03.09 22:00:00,0.93655,0.93655,0.93375,0.93385,6307.33
2023.03.09 23:00:00,0.93387,0.93429,0.93229,0.93238,2897.72
2023.03.10 00:00:00,0.9324,0.93321,0.93182,0.93242,387.58
2023.03.10 01:00:00,0.9324,0.93329,0.9324,0.93284,8261.65
2023.03.10 02:00:00,0.93285,0.93287,0.93145,0.93159,3388.86
2023.03.10 03:00:00,0.93159,0.9325,0.93158,0.93186,4585.67
2023.03.10 04:00:00,0.93184,0.93256,0.93048,0.93061,6229.4
2023.03.10 05:00:00,0.93061,0.93133,0.92844,0.92848,4325.35
2023.03.10 06:00:00,0.92849,0.92923,0.9281,0.92921,3210.48
2023.03.10 07:00:00,0.92922,0.93057,0.92903,0.93044,2387.06
2023.03.10 08:00:00,0.93043,0.93121,0.92975,0.92979,3019.08
2023.03.10 09:00:00,0.92977,0.93054,0.92866,0.93,7790.77
2023.03.10 10:00:00,0.92998,0.93161,0.92966,0.93066,9341.99
2023.03.10 11:00:00,0.93066,0.93083,0.92896,0.93025,5710.5
2023.03.10 12:00:00,0.93027,0.9305,0.92872,0.92966,4623.28
2023.03.10 13:00:00,0.92967,0.92971,0.92682,0.92758,4655.95
2023.03.10 14:00:00,0.92758,0.92962,0.92588,0.92656,6721.85
2023.03.10 15:00:00,0.92656,0.92834,0.92298,0.92533,20271.73
2023.03.10 16:00:00,0.92534,0.92615,0.91795,0.91977,27220.64
2023.03.10 17:00:00,0.91977,0.91981,0.91744,0.91915,18534.18
2023.03.10 18:00:00,0.91915,0.92163,0.91912,0.92134,16466.29
2023.03.10 19:00:00,0.9213,0.92156,0.91788,0.91873,8256.95
2023.03.10 20:00:00,0.91875,0.9214,0.9184,0.92129,6464.65
2023.03.10 21:00:00,0.92128,0.92194,0.9206,0.92115,6395.51
2023.03.10 22:00:00,0.92118,0.92159,0.92087,0.92139,7367.35
2023.03.10 23:00:00,0.92138,0.92195,0.92101,0.92108,2326.28
2023.03.12 23:00:00,0.92016,0.92016,0.91745,0.91755,214.8
2023.03.13 00:00:00,0.91748,0.91777,0.91509,0.91702,3695.23
2023.03.13 01:00:00,0.91702,0.91953,0.91529,0.91916,9018.81
2023.03.13 02:00:00,0.91916,0.91953,0.91759,0.91904,7935.74
2023.03.13 03:00:00,0.91906,0.92024,0.9185,0.9199,6642.31
2023.03.13 04:00:00,0.91991,0.92001,0.91516,0.91533,8576.08
2023.03.13 05:00:00,0.91534,0.91659,0.91522,0.91658,7899.44
2023.03.13 06:00:00,0.91658,0.91709,0.91623,0.91698,7698.27
2023.03.13 07:00:00,0.91697,0.91748,0.91652,0.91732,3842.96
2023.03.13 08:00:00,0.91731,0.91761,0.91617,0.91693,4980.19
2023.03.13 09:00:00,0.91693,0.91708,0.91524,0.91593,9065.98
2023.03.13 10:00:00,0.91591,0.91632,0.9144,0.91563,13959.58
2023.03.13 11:00:00,0.91565,0.91596,0.90975,0.91357,21629.56
2023.03.13 12:00:00,0.91357,0.91556,0.91228,0.91469,16534.96
2023.03.13 13:00:00,0.91467,0.91562,0.91261,0.91427,13321.24
2023.03.13 14:00:00,0.91427,0.91576,0.90927,0.90973,27109.94
2023.03.13 15:00:00,0.90973,0.91219,0.90956,0.9101,19952.62
2023.03.13 16:00:00,0.91012,0.91202,0.90708,0.91026,21437.4
2023.03.13 17:00:00,0.91025,0.91271,0.91001,0.91182,18145.76
2023.03.13 18:00:00,0.91182,0.91207,0.90982,0.91097,13768.87
2023.03.13 19:00:00,0.91095,0.91148,0.90935,0.91092,7794.31
2023.03.13 20:00:00,0.9109,0.91141,0.91014,0.91075,10393.85
2023.03.13 21:00:00,0.91077,0.91217,0.91075,0.91154,10198.14
2023.03.13 22:00:00,0.91153,0.91237,0.91111,0.9115,4799.98
2023.03.13 23:00:00,0.91005,0.91182,0.9098,0.91135,530.25
2023.03.14 00:00:00,0.91136,0.91198,0.91062,0.91188,6541.29
2023.03.14 01:00:00,0.91187,0.91256,0.91179,0.91252,3035.8
2023.03.14 02:00:00,0.91255,0.91263,0.91171,0.91229,5917.43
2023.03.14 03:00:00,0.91229,0.91343,0.91206,0.91301,4221.6
2023.03.14 04:00:00,0.913,0.9137,0.91272,0.91358,3327.19
2023.03.14 05:00:00,0.91352,0.91389,0.91309,0.9138,3703.12
2023.03.14 06:00:00,0.9138,0.9145,0.91353,0.91413,1855.02
2023.03.14 07:00:00,0.91413,0.91423,0.91316,0.9132,2749.21
2023.03.14 08:00:00,0.91319,0.91382,0.91049,0.91303,10224.6
2023.03.14 09:00:00,0.91302,0.91402,0.91165,0.91256,15417.35
2023.03.14 10:00:00,0.91257,0.91441,0.91196,0.91209,11420.97
2023.03.14 11:00:00,0.91211,0.91318,0.91113,0.91157,9988.32
2023.03.14 12:00:00,0.91158,0.91273,0.91001,0.9101,5531.73
2023.03.14 13:00:00,0.9101,0.91186,0.91008,0.91164,5322.18
2023.03.14 14:00:00,0.91163,0.91387,0.90948,0.91097,26488.96
2023.03.14 15:00:00,0.91097,0.91642,0.9105,0.91555,23356.69
2023.03.14 16:00:00,0.91552,0.91643,0.91366,0.91618,13290.39
2023.03.14 17:00:00,0.91619,0.91624,0.91292,0.91375,9342.88
2023.03.14 18:00:00,0.91373,0.91608,0.91325,0.91508,8751.24
2023.03.14 19:00:00,0.91506,0.91509,0.91261,0.91371,11446.51
2023.03.14 20:00:00,0.91372,0.91424,0.91216,0.91319,7485.61
2023.03.14 21:00:00,0.91318,0.91343,0.91218,0.91285,5985.57
2023.03.14 22:00:00,0.91283,0.91417,0.91279,0.914,1990.6
2023.03.14 23:00:00,0.91399,0.91399,0.91166,0.9136,307.13
2023.03.15 00:00:00,0.91359,0.91402,0.91322,0.91379,25004.14
2023.03.15 01:00:00,0.9138,0.91466,0.91352,0.91452,4271.45
2023.03.15 02:00:00,0.91452,0.91484,0.91396,0.91421,3498.36
2023.03.15 03:00:00,0.9142,0.91437,0.91361,0.91377,4029.31
2023.03.15 04:00:00,0.91379,0.91382,0.91224,0.91278,5182.27
2023.03.15 05:00:00,0.91278,0.91338,0.91265,0.91325,3226.97
2023.03.15 06:00:00,0.91326,0.91422,0.91307,0.91385,2000.8
2023.03.15 07:00:00,0.91386,0.91446,0.91386,0.91432,2337.7
2023.03.15 08:00:00,0.91432,0.91504,0.91394,0.91499,3627.97
2023.03.15 09:00:00,0.91498,0.91593,0.91425,0.91454,8377.26
2023.03.15 10:00:00,0.91453,0.91605,0.91415,0.91522,10732.1
2023.03.15 11:00:00,0.91522,0.91852,0.91466,0.9184,14214.18
2023.03.15 12:00:00,0.91839,0.92233,0.91761,0.92221,14814.15
2023.03.15 13:00:00,0.92222,0.92565,0.92073,0.92257,17993.13
2023.03.15 14:00:00,0.92258,0.92468,0.91945,0.9216,21129.69
2023.03.15 15:00:00,0.92159,0.92485,0.92121,0.9228,23080.25
2023.03.15 16:00:00,0.9228,0.9232,0.92034,0.92174,23085.49
2023.03.15 17:00:00,0.92173,0.92461,0.92112,0.92428,18978.72
2023.03.15 18:00:00,0.92427,0.9285,0.92356,0.92786,14627.44
2023.03.15 19:00:00,0.92785,0.93177,0.92626,0.93063,16495.72
2023.03.15 20:00:00,0.93064,0.93243,0.92829,0.92901,21432.26
2023.03.15 21:00:00,0.92902,0.93212,0.92759,0.93158,19684.44
2023.03.15 22:00:00,0.93159,0.93376,0.93142,0.93305,8774.15
2023.03.15 23:00:00,0.93304,0.93316,0.93244,0.93288,207.25
2023.03.16 00:00:00,0.93281,0.93409,0.93174,0.93202,6486.59
2023.03.16 01:00:00,0.93201,0.9323,0.93096,0.93148,6533.86
2023.03.16 02:00:00,0.93149,0.93191,0.92975,0.93168,12551.81
2023.03.16 03:00:00,0.93166,0.932,0.9307,0.93071,8455.46
2023.03.16 04:00:00,0.93071,0.93195,0.93038,0.9312,8208.18
2023.03.16 05:00:00,0.93119,0.9313,0.93015,0.93045,5131.02
2023.03.16 06:00:00,0.93046,0.93071,0.92973,0.9301,3733.44
2023.03.16 07:00:00,0.93009,0.93062,0.92922,0.92988,3337.06
2023.03.16 08:00:00,0.92987,0.9301,0.9286,0.92894,4043.78
2023.03.16 09:00:00,0.92894,0.92954,0.9244,0.92469,12642.08
2023.03.16 10:00:00,0.92468,0.92623,0.9229,0.92615,13646.36
2023.03.16 11:00:00,0.92615,0.92735,0.92513,0.9272,9357.26
2023.03.16 12:00:00,0.92719,0.93032,0.92712,0.92881,6266.53
2023.03.16 13:00:00,0.92882,0.92948,0.9268,0.92681,8480.43
2023.03.16 14:00:00,0.92681,0.92805,0.92565,0.92649,15536.52
2023.03.16 15:00:00,0.92649,0.92888,0.92617,0.92783,23025.1
2023.03.16 16:00:00,0.92782,0.93133,0.92706,0.92999,26525.39
2023.03.16 17:00:00,0.93001,0.93218,0.92859,0.92992,20897.71
2023.03.16 18:00:00,0.92994,0.93037,0.92839,0.92921,13981.69
2023.03.16 19:00:00,0.92919,0.93196,0.92878,0.93166,10212.16
2023.03.16 20:00:00,0.93168,0.93177,0.92906,0.92998,9517.64
2023.03.16 21:00:00,0.92997,0.9301,0.92844,0.92977,6575.14
2023.03.16 22:00:00,0.92977,0.93012,0.9291,0.92912,4633.22
2023.03.16 23:00:00,0.92912,0.92944,0.92876,0.92918,448.49
2023.03.17 00:00:00,0.92918,0.93011,0.92907,0.9294,8574.88
2023.03.17 01:00:00,0.92939,0.92943,0.92882,0.92921,4022.28
2023.03.17 02:00:00,0.92923,0.92952,0.92881,0.92915,4305.33
2023.03.17 03:00:00,0.92914,0.92928,0.92773,0.92795,6012.22
2023.03.17 04:00:00,0.92796,0.92796,0.92688,0.92741,3111.51
2023.03.17 05:00:00,0.92741,0.92763,0.9265,0.92705,4202.64
2023.03.17 06:00:00,0.92706,0.92718,0.92642,0.92644,4063.34
2023.03.17 07:00:00,0.92642,0.92656,0.92573,0.92598,5939.94
2023.03.17 08:00:00,0.92596,0.92673,0.92489,0.92491,4140.32
2023.03.17 09:00:00,0.9249,0.92578,0.92404,0.92485,8941.56
2023.03.17 10:00:00,0.92484,0.9271,0.92457,0.92509,13011.11
2023.03.17 11:00:00,0.92509,0.92615,0.92392,0.9261,6115.97
2023.03.17 12:00:00,0.92611,0.92776,0.926,0.92709,6115.45
2023.03.17 13:00:00,0.92708,0.92789,0.92613,0.92773,7493.8
2023.03.17 14:00:00,0.92773,0.92862,0.92718,0.92788,10169.66
2023.03.17 15:00:00,0.92789,0.92843,0.92696,0.92759,11567.41
2023.03.17 16:00:00,0.92759,0.92851,0.92629,0.92752,13463.86
2023.03.17 17:00:00,0.9275,0.92873,0.92678,0.92842,10270.86
2023.03.17 18:00:00,0.92841,0.92932,0.92696,0.9286,6244.01
2023.03.17 19:00:00,0.92859,0.92894,0.92713,0.9278,6088.51
2023.03.17 20:00:00,0.92783,0.92813,0.92526,0.92559,12866.29
2023.03.17 21:00:00,0.92561,0.92671,0.92489,0.9264,6821.55
2023.03.17 22:00:00,0.92639,0.92719,0.92565,0.92598,5739.55
2023.03.19 23:00:00,0.92501,0.92665,0.92453,0.92463,313.41
2023.03.20 00:00:00,0.92604,0.92792,0.92519,0.92669,14318.16
2023.03.20 01:00:00,0.92669,0.92721,0.92613,0.92694,7122.92
2023.03.20 02:00:00,0.92694,0.92715,0.92646,0.92652,3488.38
2023.03.20 03:00:00,0.92653,0.92709,0.92537,0.92677,5355.07
2023.03.20 04:00:00,0.92675,0.92675,0.92546,0.92598,3333.8
2023.03.20 05:00:00,0.92599,0.92667,0.92571,0.92627,5531.66
2023.03.20 06:00:00,0.92626,0.92632,0.92553,0.92588,3599.32
2023.03.20 07:00:00,0.92588,0.92611,0.92521,0.92536,2245.3
2023.03.20 08:00:00,0.92535,0.92629,0.92445,0.92597,8075.58
2023.03.20 09:00:00,0.92597,0.92816,0.92506,0.92765,12186.18
2023.03.20 10:00:00,0.92766,0.93118,0.92683,0.92852,14601.93
2023.03.20 11:00:00,0.92851,0.93068,0.92838,0.92916,9796.16
2023.03.20 12:00:00,0.92916,0.92962,0.92732,0.92782,9923.49
2023.03.20 13:00:00,0.92783,0.92896,0.9267,0.92671,8744.51
2023.03.20 14:00:00,0.92672,0.92753,0.92536,0.92736,8694.83
2023.03.20 15:00:00,0.92736,0.92744,0.92419,0.92485,9140.93
2023.03.20 16:00:00,0.92485,0.92598,0.92399,0.92514,7351.76
2023.03.20 17:00:00,0.92515,0.92704,0.92504,0.92672,6440.5
2023.03.20 18:00:00,0.92671,0.92684,0.92549,0.9261,5209.38
2023.03.20 19:00:00,0.92608,0.92838,0.9258,0.92837,3114.74
2023.03.20 20:00:00,0.92836,0.92872,0.92723,0.92835,3802.95
2023.03.20 21:00:00,0.92835,0.92927,0.92823,0.92857,2746.13
2023.03.20 22:00:00,0.92858,0.92938,0.92857,0.92881,1575.08
2023.03.20 23:00:00,0.9288,0.9288,0.92674,0.92856,308.36
2023.03.21 00:00:00,0.92856,0.92885,0.92833,0.9287,18480.52
2023.03.21 01:00:00,0.92873,0.92926,0.92868,0.92918,7346.25
2023.03.21 02:00:00,0.92923,0.92925,0.92817,0.92861,8757.87
2023.03.21 03:00:00,0.9286,0.92918,0.92852,0.92899,9415.4
2023.03.21 04:00:00,0.92894,0.92902,0.92852,0.92864,6823.59
2023.03.21 05:00:00,0.92865,0.92908,0.92846,0.92894,3310.99
2023.03.21 06:00:00,0.92895,0.92973,0.92891,0.9297,3107.3
2023.03.21 07:00:00,0.92971,0.93,0.92953,0.9297,1761.26
2023.03.21 08:00:00,0.92968,0.93165,0.92964,0.93128,3344.85
2023.03.21 09:00:00,0.93131,0.93149,0.92906,0.92976,8380.08
2023.03.21 10:00:00,0.92974,0.93022,0.92805,0.92806,11257.73
2023.03.21 11:00:00,0.92807,0.92883,0.92634,0.92671,5654.74
2023.03.21 12:00:00,0.92673,0.92716,0.92481,0.92533,5227.71
2023.03.21 13:00:00,0.92531,0.92558,0.92328,0.92391,5504.41
2023.03.21 14:00:00,0.9239,0.92488,0.92338,0.92414,5387.61
2023.03.21 15:00:00,0.92416,0.92549,0.92323,0.92365,7381.49
2023.03.21 16:00:00,0.92364,0.92493,0.92351,0.92361,7779.67
2023.03.21 17:00:00,0.92361,0.92448,0.92243,0.92379,6513.51
2023.03.21 18:00:00,0.92376,0.92385,0.92092,0.92252,5394.74
2023.03.21 19:00:00,0.92251,0.92332,0.92216,0.92268,4202.35
2023.03.21 20:00:00,0.92268,0.92313,0.92244,0.92276,3601.12
2023.03.21 21:00:00,0.92276,0.92291,0.92236,0.92267,2236.31
2023.03.21 22:00:00,0.92267,0.92267,0.92217,0.92221,1331.17
2023.03.21 23:00:00,0.92221,0.9224,0.92194,0.92227,299.07
2023.03.22 00:00:00,0.92224,0.92225,0.92197,0.92199,3720.83
2023.03.22 01:00:00,0.92195,0.92213,0.92147,0.92172,5421.87
2023.03.22 02:00:00,0.92171,0.92243,0.92116,0.92228,4146.49
2023.03.22 03:00:00,0.92227,0.92254,0.92203,0.92235,3825.23
2023.03.22 04:00:00,0.92234,0.92277,0.92211,0.92256,2501.03
2023.03.22 05:00:00,0.92255,0.92287,0.92244,0.92258,2693.64
2023.03.22 06:00:00,0.92256,0.92298,0.92244,0.92285,3200.67
2023.03.22 07:00:00,0.92284,0.92291,0.92237,0.92251,2238.29
2023.03.22 08:00:00,0.92251,0.92334,0.92224,0.92237,3841.21
2023.03.22 09:00:00,0.92237,0.9245,0.92186,0.92297,8341.08
2023.03.22 10:00:00,0.92298,0.92303,0.92117,0.9223,8546.05
2023.03.22 11:00:00,0.92228,0.92254,0.92058,0.92178,5964.68
2023.03.22 12:00:00,0.92177,0.92313,0.92138,0.92204,5958.07
2023.03.22 13:00:00,0.92201,0.92243,0.92191,0.92233,4991.97
2023.03.22 14:00:00,0.92235,0.92358,0.92204,0.92288,5949.55
2023.03.22 15:00:00,0.92287,0.92448,0.92286,0.92413,5466.28
2023.03.22 16:00:00,0.92413,0.92454,0.92182,0.92197,5193.71
2023.03.22 17:00:00,0.92198,0.92402,0.92196,0.92368,5019.93
2023.03.22 18:00:00,0.92366,0.92403,0.92262,0.92319,4107.13
2023.03.22 19:00:00,0.92319,0.92417,0.92269,0.92378,4098.5
2023.03.22 20:00:00,0.92379,0.92379,0.91468,0.91713,27568.35
2023.03.22 21:00:00,0.91713,0.9192,0.91608,0.91789,19786.52
2023.03.22 22:00:00,0.9179,0.91796,0.9171,0.91722,5000.07
2023.03.22 23:00:00,0.91722,0.91753,0.91589,0.91724,377.92
2023.03.23 00:00:00,0.91723,0.91746,0.91696,0.91736,4107.12
2023.03.23 01:00:00,0.91735,0.91739,0.91648,0.91662,2896.56
2023.03.23 02:00:00,0.91662,0.91726,0.91578,0.91579,4387.53
2023.03.23 03:00:00,0.91581,0.91717,0.9158,0.9169,4074.23
2023.03.23 04:00:00,0.91688,0.91729,0.91557,0.91581,4765.19
2023.03.23 05:00:00,0.91582,0.91603,0.91446,0.91567,5518.5
2023.03.23 06:00:00,0.91568,0.916,0.91511,0.9152,3269.23
2023.03.23 07:00:00,0.9152,0.91558,0.9149,0.91555,3888.88
2023.03.23 08:00:00,0.91557,0.91599,0.91403,0.91522,7524.95
2023.03.23 09:00:00,0.91518,0.91659,0.91372,0.91605,11505.52
2023.03.23 10:00:00,0.91605,0.91667,0.91186,0.9139,12774.37
2023.03.23 11:00:00,0.91389,0.91803,0.91306,0.91553,9306.96
2023.03.23 12:00:00,0.91555,0.91687,0.915,0.91673,6600.41
2023.03.23 13:00:00,0.91674,0.91695,0.91611,0.91658,4334.65
2023.03.23 14:00:00,0.91657,0.91692,0.9152,0.91669,7629.4
2023.03.23 15:00:00,0.91668,0.91672,0.91487,0.91534,7118.03
2023.03.23 16:00:00,0.91536,0.91581,0.9134,0.91406,7748.44
2023.03.23 17:00:00,0.91405,0.91505,0.91307,0.91442,5786.91
2023.03.23 18:00:00,0.91445,0.91491,0.91264,0.91388,6335.26
2023.03.23 19:00:00,0.91387,0.91567,0.91361,0.91469,4656.47
2023.03.23 20:00:00,0.9147,0.91652,0.91428,0.91596,6192.06
2023.03.23 21:00:00,0.91595,0.91642,0.91499,0.91562,10150.39
2023.03.23 22:00:00,0.91563,0.91671,0.91553,0.91636,3216.81
2023.03.23 23:00:00,0.91636,0.91675,0.91521,0.91623,771.08
2023.03.24 00:00:00,0.91623,0.9169,0.9161,0.91661,6768.29
2023.03.24 01:00:00,0.91662,0.91695,0.91644,0.91669,5489.31
2023.03.24 02:00:00,0.91674,0.91724,0.91623,0.91628,3971.85
2023.03.24 03:00:00,0.91628,0.91744,0.91621,0.91725,6136.87
2023.03.24 04:00:00,0.91726,0.91769,0.91695,0.91763,3612.58
2023.03.24 05:00:00,0.9176,0.91789,0.91626,0.91631,3730.88
2023.03.24 06:00:00,0.91629,0.91689,0.91558,0.91559,3255.82
2023.03.24 07:00:00,0.91559,0.916,0.91547,0.91583,3786.53
2023.03.24 08:00:00,0.91583,0.91808,0.9157,0.91806,6511.63
2023.03.24 09:00:00,0.91806,0.91806,0.91693,0.91764,6170.5
2023.03.24 10:00:00,0.91764,0.91923,0.91725,0.91739,13416.99
2023.03.24 11:00:00,0.91738,0.91926,0.91692,0.91824,10314.46
2023.03.24 12:00:00,0.91823,0.92113,0.91785,0.9209,10744.73
2023.03.24 13:00:00,0.9209,0.92165,0.91967,0.91984,7970.17
2023.03.24 14:00:00,0.91983,0.92007,0.91828,0.91906,9972.13
2023.03.24 15:00:00,0.91906,0.9196,0.9173,0.91878,12560.32
2023.03.24 16:00:00,0.91879,0.92012,0.91788,0.91849,9450.53
2023.03.24 17:00:00,0.91848,0.91952,0.91759,0.91812,6825.9
2023.03.24 18:00:00,0.91811,0.91856,0.91749,0.91843,5492.33
2023.03.24 19:00:00,0.91843,0.91957,0.91824,0.9191,4514.37
2023.03.24 20:00:00,0.91907,0.92027,0.91904,0.91953,2765.24
2023.03.24 21:00:00,0.91953,0.9199,0.91936,0.91959,2652.3
2023.03.24 22:00:00,0.91959,0.91998,0.91912,0.91919,1982.26
2023.03.27 00:00:00,0.91608,0.91905,0.91608,0.91899,1021.89
2023.03.27 01:00:00,0.91908,0.91945,0.91841,0.91901,9293.13
2023.03.27 02:00:00,0.91899,0.91941,0.91882,0.91893,2178.28
2023.03.27 03:00:00,0.91895,0.9199,0.91886,0.9199,3281.14
2023.03.27 04:00:00,0.91991,0.91992,0.91877,0.91959,4042.02
2023.03.27 05:00:00,0.91958,0.91959,0.91857,0.91877,3064.96
2023.03.27 06:00:00,0.91879,0.91882,0.91797,0.91826,2992.18
2023.03.27 07:00:00,0.91826,0.91878,0.91793,0.91858,2403.9
2023.03.27 08:00:00,0.91861,0.91882,0.91816,0.91877,4371.36
2023.03.27 09:00:00,0.91877,0.91972,0.91789,0.91818,7410.32
2023.03.27 10:00:00,0.91816,0.9187,0.91706,0.91775,9925.52
2023.03.27 11:00:00,0.91777,0.91788,0.91568,0.91615,7162.94
2023.03.27 12:00:00,0.91615,0.91748,0.91562,0.91647,6901.83
2023.03.27 13:00:00,0.91648,0.91672,0.91563,0.9162,5896.58
2023.03.27 14:00:00,0.91618,0.91704,0.91559,0.91636,5816.59
2023.03.27 15:00:00,0.91634,0.91777,0.91599,0.91753,7701.28
2023.03.27 16:00:00,0.91753,0.9176,0.91552,0.91657,8080.09
2023.03.27 17:00:00,0.91657,0.91719,0.91573,0.91637,7427.75
2023.03.27 18:00:00,0.91637,0.91669,0.91592,0.91638,5003.76
2023.03.27 19:00:00,0.91639,0.91653,0.91586,0.91616,2813.58
2023.03.27 20:00:00,0.91615,0.91654,0.91583,0.91653,2797.69
2023.03.27 21:00:00,0.91652,0.9169,0.91588,0.91599,2627.61
2023.03.27 22:00:00,0.91598,0.91656,0.91573,0.91577,2240.99
2023.03.27 23:00:00,0.91577,0.91603,0.91528,0.9153,1414.89
2023.03.28 00:00:00,0.91515,0.91587,0.91515,0.91583,245.53
2023.03.28 01:00:00,0.91576,0.91577,0.91529,0.91535,20060.67
2023.03.28 02:00:00,0.91532,0.91539,0.91499,0.91511,3676.34
2023.03.28 03:00:00,0.91513,0.91525,0.91417,0.91452,3141.29
2023.03.28 04:00:00,0.91453,0.91486,0.9137,0.91407,3310.46
2023.03.28 05:00:00,0.91407,0.91446,0.91361,0.91401,2967.86
2023.03.28 06:00:00,0.914,0.91411,0.91364,0.91394,1837.32
2023.03.28 07:00:00,0.91395,0.91428,0.91374,0.91416,2003.12
2023.03.28 08:00:00,0.91416,0.91487,0.91398,0.91458,2830.17
2023.03.28 09:00:00,0.91467,0.91731,0.91465,0.91697,6368.95
2023.03.28 10:00:00,0.91695,0.91806,0.91562,0.91652,6078.28
2023.03.28 11:00:00,0.91656,0.91748,0.9162,0.91721,3282.62
2023.03.28 12:00:00,0.91723,0.91853,0.91686,0.9177,3777.3
2023.03.28 13:00:00,0.9177,0.91818,0.91667,0.91758,3345.71
2023.03.28 14:00:00,0.91757,0.91842,0.91678,0.91806,3934.83
2023.03.28 15:00:00,0.91806,0.91879,0.91694,0.91811,6385.66
2023.03.28 16:00:00,0.91812,0.92093,0.91807,0.92083,7369.53
2023.03.28 17:00:00,0.92084,0.92224,0.92054,0.92084,7052.22
2023.03.28 18:00:00,0.92082,0.92096,0.91891,0.91983,5010.91
2023.03.28 19:00:00,0.91983,0.92033,0.91934,0.91934,2563.84
2023.03.28 20:00:00,0.91936,0.91974,0.91899,0.91948,2648.74
2023.03.28 21:00:00,0.9195,0.91971,0.91915,0.91926,2104.19
2023.03.28 22:00:00,0.91926,0.91952,0.91862,0.919,1783.69
2023.03.28 23:00:00,0.91901,0.92004,0.91901,0.91915,1451.26
2023.03.29 00:00:00,0.91907,0.91968,0.91857,0.91968,667.84
2023.03.29 01:00:00,0.91967,0.9203,0.91953,0.92024,562.86
2023.03.29 02:00:00,0.92024,0.92087,0.92024,0.92039,1277.33
2023.03.29 03:00:00,0.92039,0.9204,0.9196,0.91967,3036.29
2023.03.29 04:00:00,0.91967,0.92075,0.9196,0.92002,2435.36
2023.03.29 05:00:00,0.92003,0.92063,0.91963,0.92058,1554.08
2023.03.29 06:00:00,0.92054,0.92088,0.92037,0.92061,1848.94
2023.03.29 07:00:00,0.92062,0.92095,0.91998,0.9206,1890.86
2023.03.29 08:00:00,0.9206,0.92132,0.92051,0.92112,2359.97
2023.03.29 09:00:00,0.92114,0.92228,0.92114,0.92164,5456.23
2023.03.29 10:00:00,0.92166,0.92212,0.91954,0.91995,5924.59
2023.03.29 11:00:00,0.91994,0.92062,0.91931,0.91987,4921.62
2023.03.29 12:00:00,0.91987,0.92,0.91646,0.91687,5556.79
2023.03.29 13:00:00,0.91686,0.91821,0.91648,0.91794,4880.15
2023.03.29 14:00:00,0.91794,0.91897,0.91755,0.91886,5940.56
2023.03.29 15:00:00,0.91884,0.92038,0.91839,0.91911,7516.36
2023.03.29 16:00:00,0.9191,0.92126,0.91861,0.92047,6626.57
2023.03.29 17:00:00,0.92046,0.92064,0.91929,0.91958,7778.34
2023.03.29 18:00:00,0.91959,0.91961,0.91839,0.91954,5548.78
2023.03.29 19:00:00,0.91954,0.92082,0.91894,0.92052,3532.38
2023.03.29 20:00:00,0.92052,0.92059,0.91863,0.91876,2762.93
2023.03.29 21:00:00,0.91876,0.91942,0.91861,0.91891,2121.6
2023.03.29 22:00:00,0.9189,0.9192,0.91861,0.91887,2591.23
2023.03.29 23:00:00,0.91886,0.919,0.91813,0.91827,1541.1
2023.03.30 00:00:00,0.91821,0.91901,0.91731,0.91845,1018.63
2023.03.30 01:00:00,0.91839,0.91849,0.91817,0.9183,2208.71
2023.03.30 02:00:00,0.9183,0.91863,0.91811,0.91824,1239.7
2023.03.30 03:00:00,0.91824,0.91954,0.91817,0.91927,3386.03
2023.03.30 04:00:00,0.91928,0.91964,0.91899,0.91928,2783.73
2023.03.30 05:00:00,0.91928,0.91974,0.91898,0.91958,1660.59
2023.03.30 06:00:00,0.91958,0.91999,0.91926,0.91949,1612.28
2023.03.30 07:00:00,0.91949,0.9196,0.91867,0.91887,1254.98
2023.03.30 08:00:00,0.91886,0.91894,0.91755,0.91787,4415.2
2023.03.30 09:00:00,0.9179,0.91822,0.91693,0.91709,6151.65
2023.03.30 10:00:00,0.9171,0.91792,0.91636,0.91693,7618.42
2023.03.30 11:00:00,0.91696,0.91726,0.91577,0.91612,6973.84
2023.03.30 12:00:00,0.91611,0.91657,0.91525,0.91581,6019.4
2023.03.30 13:00:00,0.91584,0.91624,0.91447,0.91503,4300.92
2023.03.30 14:00:00,0.91502,0.91541,0.91466,0.91491,3458.12
2023.03.30 15:00:00,0.91491,0.91545,0.9128,0.91306,7743.57
2023.03.30 16:00:00,0.91305,0.91411,0.91258,0.91363,6922.93
2023.03.30 17:00:00,0.91361,0.91454,0.91291,0.91307,6792.92
2023.03.30 18:00:00,0.91307,0.91451,0.91284,0.91405,5151.42
2023.03.30 19:00:00,0.91406,0.91427,0.91343,0.91386,3263.6
2023.03.30 20:00:00,0.91387,0.91451,0.91367,0.91388,2340.88
2023.03.30 21:00:00,0.91386,0.91425,0.91374,0.91377,2559.59
2023.03.30 22:00:00,0.9138,0.9142,0.91366,0.91398,2484.88
2023.03.30 23:00:00,0.91399,0.9142,0.91295,0.91295,1818.37
2023.03.31 00:00:00,0.91295,0.91354,0.91261,0.91292,639.07
2023.03.31 01:00:00,0.91292,0.91348,0.91292,0.91346,3634.82
2023.03.31 02:00:00,0.91346,0.91355,0.91312,0.91341,1546.58
2023.03.31 03:00:00,0.91342,0.91416,0.91319,0.91338,3058.2
2023.03.31 04:00:00,0.91338,0.91347,0.9124,0.91341,3252.46
2023.03.31 05:00:00,0.9134,0.91404,0.91337,0.91386,1953.45
2023.03.31 06:00:00,0.91387,0.91409,0.91342,0.91349,1557.84
2023.03.31 07:00:00,0.91349,0.914,0.91333,0.91385,1535.77
2023.03.31 08:00:00,0.91385,0.91492,0.91366,0.91458,3380.32
2023.03.31 09:00:00,0.91457,0.91495,0.91338,0.91361,5652.2
2023.03.31 10:00:00,0.91359,0.9152,0.91338,0.91472,6561.47
2023.03.31 11:00:00,0.91472,0.91644,0.91419,0.91611,6281.56
2023.03.31 12:00:00,0.91609,0.91769,0.91527,0.91729,6798.56
2023.03.31 13:00:00,0.91731,0.91742,0.91652,0.91739,4619.96
2023.03.31 14:00:00,0.91738,0.91773,0.91658,0.9168,4776.13
2023.03.31 15:00:00,0.91679,0.91711,0.91432,0.91453,9033.68
2023.03.31 16:00:00,0.91453,0.91509,0.91259,0.91291,8424.43
2023.03.31 17:00:00,0.91291,0.91416,0.91152,0.91353,9536.28
2023.03.31 18:00:00,0.91353,0.91353,0.91181,0.91286,6828.21
2023.03.31 19:00:00,0.91286,0.9147,0.91281,0.91377,3676.15
2023.03.31 20:00:00,0.91377,0.91515,0.91359,0.91472,2454.06
2023.03.31 21:00:00,0.91474,0.91488,0.91389,0.91416,2393.64
2023.03.31 22:00:00,0.91417,0.91521,0.9141,0.91474,4326.78
2023.03.31 23:00:00,0.91472,0.91536,0.91466,0.9148,2894.87
2023.04.03 00:00:00,0.91467,0.91508,0.91279,0.9145,1593.49
2023.04.03 01:00:00,0.91438,0.91696,0.91438,0.91621,7308.28
2023.04.03 02:00:00,0.91623,0.91784,0.91623,0.91773,3829.44
2023.04.03 03:00:00,0.91773,0.91823,0.91669,0.91675,4780.31
2023.04.03 04:00:00,0.91677,0.91727,0.91628,0.91685,4875.81
2023.04.03 05:00:00,0.91686,0.91791,0.91675,0.91783,2411.79
2023.04.03 06:00:00,0.91782,0.91811,0.91758,0.91792,2583.74
2023.04.03 07:00:00,0.91795,0.91855,0.91768,0.91847,2341.29
2023.04.03 08:00:00,0.91846,0.91913,0.9184,0.91902,4479.08
2023.04.03 09:00:00,0.91903,0.91961,0.9174,0.91922,6552.34
2023.04.03 10:00:00,0.9192,0.91956,0.91701,0.91754,7361.57
2023.04.03 11:00:00,0.91756,0.9187,0.91712,0.91758,4394.62
2023.04.03 12:00:00,0.91757,0.91761,0.91643,0.91721,4960.27
2023.04.03 13:00:00,0.91721,0.91736,0.91566,0.91634,4733.1
2023.04.03 14:00:00,0.91634,0.91711,0.9143,0.91434,5802.66
2023.04.03 15:00:00,0.91434,0.91602,0.91434,0.91556,5988.8
2023.04.03 16:00:00,0.91556,0.91567,0.91314,0.9134,6613.92
2023.04.03 17:00:00,0.9134,0.91418,0.91149,0.91269,13097.1
2023.04.03 18:00:00,0.9127,0.91396,0.91233,0.91303,6151.58
2023.04.03 19:00:00,0.91302,0.91339,0.91276,0.91335,2753.42
2023.04.03 20:00:00,0.91336,0.91399,0.91329,0.91355,2139.39
2023.04.03 21:00:00,0.91354,0.91356,0.9127,0.91298,2884.79
2023.04.03 22:00:00,0.91297,0.91324,0.91231,0.91253,1863.81
2023.04.03 23:00:00,0.91254,0.91298,0.9122,0.9122,1742.86
2023.04.04 00:00:00,0.9122,0.91253,0.91181,0.91251,405.9
2023.04.04 01:00:00,0.91243,0.91282,0.91217,0.91264,10951.98
2023.04.04 02:00:00,0.91264,0.91282,0.91233,0.91281,1865.69
2023.04.04 03:00:00,0.91279,0.91307,0.9124,0.91286,2453.88
2023.04.04 04:00:00,0.91285,0.91363,0.91279,0.91354,2058.86
2023.04.04 05:00:00,0.91355,0.91365,0.91314,0.91329,1875.66
2023.04.04 06:00:00,0.91329,0.91379,0.91323,0.91372,1277.76
2023.04.04 07:00:00,0.91369,0.91394,0.91297,0.91317,2599.36
2023.04.04 08:00:00,0.91316,0.91426,0.91311,0.91411,2402.57
2023.04.04 09:00:00,0.91408,0.91425,0.91209,0.9125,5109.46
2023.04.04 10:00:00,0.9125,0.9125,0.91,0.91104,8805.46
2023.04.04 11:00:00,0.91104,0.91269,0.9109,0.91173,6250.95
2023.04.04 12:00:00,0.91172,0.91203,0.91072,0.91145,5994.35
2023.04.04 13:00:00,0.91143,0.91286,0.91125,0.91207,4266
2023.04.04 14:00:00,0.91209,0.91384,0.91206,0.91356,4126.05
2023.04.04 15:00:00,0.91358,0.91406,0.91221,0.91342,6426.54
2023.04.04 16:00:00,0.91341,0.91343,0.9114,0.91203,6284.37
2023.04.04 17:00:00,0.91203,0.91203,0.907,0.90743,14767.23
2023.04.04 18:00:00,0.90744,0.90806,0.90656,0.90707,6868.84
2023.04.04 19:00:00,0.90706,0.90721,0.90547,0.90625,3318.16
2023.04.04 20:00:00,0.90628,0.90644,0.90569,0.90626,1968.87
2023.04.04 21:00:00,0.90628,0.90638,0.90562,0.90578,1765.55
2023.04.04 22:00:00,0.90578,0.90626,0.90578,0.90599,1576.95
2023.04.04 23:00:00,0.90597,0.90616,0.90577,0.90577,883.06
2023.04.05 00:00:00,0.90577,0.90577,0.90503,0.9055,227.69
2023.04.05 01:00:00,0.9055,0.90595,0.90546,0.90573,1853.73
2023.04.05 02:00:00,0.90572,0.90581,0.90542,0.90571,1393.47
2023.04.05 03:00:00,0.9057,0.9059,0.90536,0.90569,2273.69
2023.04.05 04:00:00,0.90567,0.90585,0.90539,0.90572,1788.3
2023.04.05 05:00:00,0.90569,0.90583,0.90527,0.90551,3005.97
2023.04.05 06:00:00,0.90548,0.90574,0.90548,0.90553,1549.02
2023.04.05 07:00:00,0.90555,0.90599,0.9055,0.90585,1400.73
2023.04.05 08:00:00,0.90582,0.906,0.90544,0.90545,1894.58
2023.04.05 09:00:00,0.90545,0.90577,0.90528,0.90546,3307.46
2023.04.05 10:00:00,0.90548,0.90548,0.90405,0.90509,4907.65
2023.04.05 11:00:00,0.90508,0.90545,0.9045,0.90466,4289.49
2023.04.05 12:00:00,0.90467,0.90581,0.90423,0.90523,4050.11
2023.04.05 13:00:00,0.90524,0.90556,0.90462,0.90486,3281.61
2023.04.05 14:00:00,0.90485,0.90554,0.9048,0.90537,3244.15
2023.04.05 15:00:00,0.90536,0.90536,0.90287,0.90349,10831.09
2023.04.05 16:00:00,0.90347,0.90491,0.90281,0.90442,8463.09
2023.04.05 17:00:00,0.90442,0.90575,0.90057,0.90481,11865.96
2023.04.05 18:00:00,0.90479,0.90517,0.90407,0.90506,5019.69
2023.04.05 19:00:00,0.90505,0.90758,0.90495,0.90728,3654.59
2023.04.05 20:00:00,0.9073,0.90758,0.90646,0.90652,2663.06
2023.04.05 21:00:00,0.90652,0.90691,0.90573,0.90575,1611.01
2023.04.05 22:00:00,0.90575,0.90657,0.90575,0.90638,1609.92
2023.04.05 23:00:00,0.90638,0.90683,0.90637,0.90647,912.36
2023.04.06 00:00:00,0.90628,0.90649,0.90469,0.90608,979.19
2023.04.06 01:00:00,0.90608,0.90645,0.90606,0.9062,1312.29
2023.04.06 02:00:00,0.90619,0.9064,0.90593,0.90638,1495.47
2023.04.06 03:00:00,0.90639,0.90695,0.90613,0.90685,1776.73
2023.04.06 04:00:00,0.90687,0.90746,0.90673,0.90693,2409.26
2023.04.06 05:00:00,0.90694,0.90743,0.90683,0.90741,1239.3
2023.04.06 06:00:00,0.9074,0.90742,0.907,0.90701,1113.15
2023.04.06 07:00:00,0.90703,0.90744,0.90697,0.90712,1235.46
2023.04.06 08:00:00,0.90713,0.90748,0.90688,0.90691,2020.74
2023.04.06 09:00:00,0.90691,0.90713,0.90646,0.90699,3727.88
2023.04.06 10:00:00,0.907,0.90702,0.9036,0.90458,6620.92
2023.04.06 11:00:00,0.90459,0.90516,0.90377,0.90442,5573.67
2023.04.06 12:00:00,0.90442,0.90567,0.90442,0.90533,4158.63
2023.04.06 13:00:00,0.90534,0.90552,0.90499,0.90509,3360.56
2023.04.06 14:00:00,0.90507,0.90524,0.90435,0.90497,3383.19
2023.04.06 15:00:00,0.90497,0.90633,0.9041,0.90614,7817.55
2023.04.06 16:00:00,0.90614,0.90668,0.90514,0.9057,6464.89
2023.04.06 17:00:00,0.9057,0.90585,0.90412,0.90426,6206.21
2023.04.06 18:00:00,0.90425,0.90471,0.90383,0.9041,3527.57
2023.04.06 19:00:00,0.90408,0.90414,0.90355,0.90398,2375.54
2023.04.06 20:00:00,0.90397,0.90432,0.90373,0.90424,1819.59
2023.04.06 21:00:00,0.90425,0.90436,0.90384,0.90409,1657.83
2023.04.06 22:00:00,0.90411,0.90494,0.90411,0.90463,1196.84
2023.04.06 23:00:00,0.90463,0.9048,0.90431,0.90436,1144.63
2023.04.07 00:00:00,0.90437,0.90459,0.90302,0.90452,405.87
2023.04.07 01:00:00,0.90453,0.90471,0.90438,0.90454,12487.68
2023.04.07 02:00:00,0.90454,0.9048,0.90432,0.9045,2934.68
2023.04.07 03:00:00,0.90451,0.90482,0.9042,0.90459,1194.76
2023.04.07 04:00:00,0.9046,0.90463,0.90428,0.90445,1139.63
2023.04.07 05:00:00,0.90445,0.90453,0.9041,0.90424,1113.37
2023.04.07 06:00:00,0.90423,0.90462,0.90413,0.90446,1122.69
2023.04.07 07:00:00,0.90447,0.90466,0.90438,0.90465,969.26
2023.04.07 08:00:00,0.90466,0.90466,0.90436,0.90451,1704.51
2023.04.07 09:00:00,0.90451,0.90491,0.90339,0.9034,1947.9
2023.04.07 10:00:00,0.9034,0.90444,0.9034,0.90427,1889.97
2023.04.07 11:00:00,0.90431,0.90452,0.90363,0.90392,1345.16
2023.04.07 12:00:00,0.90392,0.90451,0.90392,0.90448,2198.82
2023.04.07 13:00:00,0.90448,0.90451,0.90353,0.90357,1797.63
2023.04.07 14:00:00,0.9036,0.90439,0.9036,0.90398,2160.71
2023.04.07 15:00:00,0.904,0.90808,0.904,0.90626,8931.81
2023.04.07 16:00:00,0.90625,0.90679,0.90599,0.9063,3106.23
2023.04.07 17:00:00,0.9063,0.90669,0.90339,0.90366,2764.27
2023.04.07 18:00:00,0.90367,0.90578,0.90357,0.90511,6237.52
2023.04.07 19:00:00,0.90509,0.90528,0.90481,0.90485,2998.94
2023.04.07 20:00:00,0.90483,0.90504,0.90474,0.90489,5781.24
2023.04.07 21:00:00,0.90488,0.90527,0.90351,0.90463,6392.17
2023.04.07 22:00:00,0.90463,0.90463,0.90338,0.90374,5451.23
2023.04.07 23:00:00,0.90375,0.90546,0.90355,0.90494,762.22
2023.04.10 00:00:00,0.90281,0.90467,0.90281,0.90413,206.9
2023.04.10 01:00:00,0.90426,0.90478,0.90353,0.9044,4298.27
2023.04.10 02:00:00,0.9044,0.90482,0.90431,0.90446,1592.3
2023.04.10 03:00:00,0.90444,0.9057,0.90432,0.90569,2536.78
2023.04.10 04:00:00,0.90569,0.90631,0.9053,0.90612,2754.68
2023.04.10 05:00:00,0.90612,0.90617,0.90576,0.90599,1374.09
2023.04.10 06:00:00,0.906,0.90619,0.90577,0.90599,1139.05
2023.04.10 07:00:00,0.906,0.90624,0.90581,0.9062,861.87
2023.04.10 08:00:00,0.90622,0.9067,0.90616,0.90639,2082.57
2023.04.10 09:00:00,0.90638,0.90669,0.90596,0.90621,2654.53
2023.04.10 10:00:00,0.90623,0.90634,0.90535,0.90542,2510.95
2023.04.10 11:00:00,0.90542,0.9058,0.90505,0.90552,1816.47
2023.04.10 12:00:00,0.90552,0.90619,0.90552,0.90592,2260.3
2023.04.10 13:00:00,0.90591,0.90613,0.90537,0.90574,3672.11
2023.04.10 14:00:00,0.90574,0.90703,0.90547,0.90694,3998.35
2023.04.10 15:00:00,0.90692,0.9103,0.90677,0.91017,8031.05
2023.04.10 16:00:00,0.91016,0.9109,0.9096,0.91076,7107.77
2023.04.10 17:00:00,0.91077,0.912,0.91049,0.9112,3820.38
2023.04.10 18:00:00,0.91116,0.91132,0.91027,0.91127,2813.06
2023.04.10 19:00:00,0.91126,0.91126,0.91006,0.91031,1784.43
2023.04.10 20:00:00,0.91028,0.91029,0.90962,0.90993,2027.34
2023.04.10 21:00:00,0.90993,0.91026,0.90964,0.90971,1734.29
2023.04.10 22:00:00,0.90968,0.90987,0.90927,0.90932,1820.63
2023.04.10 23:00:00,0.90932,0.90973,0.90917,0.90917,1040.69
2023.04.11 00:00:00,0.90903,0.90963,0.90779,0.90923,3399.67
2023.04.11 01:00:00,0.90923,0.90945,0.90902,0.90909,4556.69
2023.04.11 02:00:00,0.90909,0.90914,0.90876,0.90878,1919.08
2023.04.11 03:00:00,0.90878,0.90882,0.90821,0.90851,2241.86
2023.04.11 04:00:00,0.90851,0.90901,0.90819,0.9082,1835.98
2023.04.11 05:00:00,0.90822,0.90832,0.90788,0.90806,1944.32
2023.04.11 06:00:00,0.90806,0.90825,0.9077,0.90808,1436.25
2023.04.11 07:00:00,0.90809,0.90814,0.90778,0.90796,1424.75
2023.04.11 08:00:00,0.90795,0.90797,0.9071,0.90714,2843.5
2023.04.11 09:00:00,0.90714,0.9074,0.90664,0.90691,3770.1
2023.04.11 10:00:00,0.9069,0.90693,0.90375,0.90486,5860.37
2023.04.11 11:00:00,0.90487,0.90502,0.90391,0.9041,3584.83
2023.04.11 12:00:00,0.9041,0.90474,0.90389,0.90444,3419.71
2023.04.11 13:00:00,0.90444,0.90486,0.90369,0.90412,4211.25
2023.04.11 14:00:00,0.90413,0.90516,0.904,0.90482,4091.61
2023.04.11 15:00:00,0.90484,0.90554,0.90426,0.90513,4841.82
2023.04.11 16:00:00,0.9051,0.90589,0.90481,0.90482,4891.95
2023.04.11 17:00:00,0.90485,0.90488,0.90362,0.90393,5985.31
2023.04.11 18:00:00,0.90394,0.90419,0.90316,0.90411,3723.03
2023.04.11 19:00:00,0.90412,0.90499,0.90394,0.90459,2055.36
2023.04.11 20:00:00,0.90459,0.90482,0.90324,0.90336,1580.65
2023.04.11 21:00:00,0.90335,0.90362,0.9029,0.90321,1475.81
2023.04.11 22:00:00,0.90319,0.90346,0.90276,0.90304,1316.89
2023.04.11 23:00:00,0.90302,0.90335,0.90297,0.90312,848.38
2023.04.12 00:00:00,0.90316,0.9033,0.90303,0.90316,599.27
2023.04.12 01:00:00,0.90316,0.90316,0.90276,0.90284,1399.85
2023.04.12 02:00:00,0.90283,0.90316,0.90283,0.903,675.7
2023.04.12 03:00:00,0.90299,0.90331,0.90245,0.90253,1481.85
2023.04.12 04:00:00,0.90253,0.90264,0.90183,0.90195,1581.85
2023.04.12 05:00:00,0.90196,0.90301,0.90189,0.90283,1165.61
2023.04.12 06:00:00,0.90284,0.90312,0.90247,0.90255,1091.26
2023.04.12 07:00:00,0.90256,0.90274,0.90238,0.90258,857.92
2023.04.12 08:00:00,0.90258,0.90273,0.90191,0.90194,1207.34
2023.04.12 09:00:00,0.90198,0.90303,0.90168,0.90223,3081.53
2023.04.12 10:00:00,0.90225,0.90345,0.90181,0.90263,4400.44
2023.04.12 11:00:00,0.90265,0.90311,0.90227,0.90298,3002.25
2023.04.12 12:00:00,0.90298,0.90304,0.90205,0.90237,2930.24
2023.04.12 13:00:00,0.90235,0.90237,0.90123,0.9023,2939.68
2023.04.12 14:00:00,0.90229,0.90273,0.90129,0.90187,2991.32
2023.04.12 15:00:00,0.90186,0.90225,0.89668,0.89782,12531.58
2023.04.12 16:00:00,0.89781,0.89821,0.89612,0.89671,10290.28
2023.04.12 17:00:00,0.89669,0.89766,0.89432,0.89729,9242.07
2023.04.12 18:00:00,0.8973,0.89744,0.89654,0.89685,4322.61
2023.04.12 19:00:00,0.89685,0.89698,0.89522,0.89538,2907.2
2023.04.12 20:00:00,0.89539,0.8961,0.89531,0.89553,2414.03
2023.04.12 21:00:00,0.89554,0.89586,0.89492,0.89576,3522.92
2023.04.12 22:00:00,0.89577,0.8966,0.89555,0.89639,2444.21
2023.04.12 23:00:00,0.89638,0.89656,0.89584,0.89584,1463.01
2023.04.13 00:00:00,0.89584,0.89584,0.8942,0.89575,402.42
2023.04.13 01:00:00,0.89576,0.89601,0.89556,0.89577,3159.02
2023.04.13 02:00:00,0.89575,0.89586,0.89553,0.89582,1310.52
2023.04.13 03:00:00,0.89585,0.89632,0.89532,0.89543,1824.8
2023.04.13 04:00:00,0.89543,0.89623,0.89543,0.89619,1557.42
2023.04.13 05:00:00,0.8962,0.89653,0.89607,0.89638,1080.84
2023.04.13 06:00:00,0.89637,0.89687,0.89634,0.89677,1021.93
2023.04.13 07:00:00,0.89679,0.89707,0.89638,0.89699,805.6
2023.04.13 08:00:00,0.89698,0.89744,0.89687,0.89742,1008.87
2023.04.13 09:00:00,0.89742,0.89743,0.89598,0.89598,3535.05
2023.04.13 10:00:00,0.89597,0.89598,0.89339,0.89358,5866.59
2023.04.13 11:00:00,0.89358,0.89358,0.89035,0.89151,6489.52
2023.04.13 12:00:00,0.89152,0.89186,0.88967,0.8902,5448.68
2023.04.13 13:00:00,0.89019,0.89136,0.88989,0.89117,3564.47
2023.04.13 14:00:00,0.89118,0.89119,0.8898,0.89055,3429.33
2023.04.13 15:00:00,0.89056,0.89062,0.887,0.88739,9655.06
2023.04.13 16:00:00,0.88737,0.889,0.88595,0.8872,8108.53
2023.04.13 17:00:00,0.88719,0.89001,0.88714,0.88867,9882.57
2023.04.13 18:00:00,0.88869,0.88892,0.8865,0.88742,4966.88
2023.04.13 19:00:00,0.88741,0.88791,0.8871,0.8874,2238.62
2023.04.13 20:00:00,0.8874,0.888,0.88739,0.88764,1564.73
2023.04.13 21:00:00,0.88764,0.88833,0.88749,0.88791,1120.05
2023.04.13 22:00:00,0.88789,0.88891,0.88784,0.88891,1535.03
2023.04.13 23:00:00,0.8889,0.88957,0.88863,0.8893,1537.79
2023.04.14 00:00:00,0.88928,0.88942,0.88875,0.88936,801.3
2023.04.14 01:00:00,0.88936,0.88941,0.88907,0.88932,826.26
2023.04.14 02:00:00,0.88929,0.88932,0.88901,0.88907,997.35
2023.04.14 03:00:00,0.88906,0.88931,0.88844,0.88892,2015.34
2023.04.14 04:00:00,0.88892,0.88911,0.88824,0.88825,1803.93
2023.04.14 05:00:00,0.88825,0.88834,0.88747,0.88773,2009.22
2023.04.14 06:00:00,0.88775,0.88792,0.88737,0.88767,1393.27
2023.04.14 07:00:00,0.88766,0.88791,0.88754,0.8877,1224.05
2023.04.14 08:00:00,0.88769,0.88816,0.88727,0.88727,1271.98
2023.04.14 09:00:00,0.88728,0.88804,0.88704,0.88782,3209.82
2023.04.14 10:00:00,0.88783,0.88882,0.88719,0.88739,4394.82
2023.04.14 11:00:00,0.88738,0.88841,0.88721,0.88818,4432.56
2023.04.14 12:00:00,0.88818,0.88841,0.88749,0.88803,3068.88
2023.04.14 13:00:00,0.88803,0.88813,0.88664,0.88744,2840.09
2023.04.14 14:00:00,0.88743,0.88971,0.88743,0.88901,3653.67
2023.04.14 15:00:00,0.889,0.89268,0.88755,0.89162,14772.1
2023.04.14 16:00:00,0.89162,0.89208,0.89091,0.89127,8994.3
2023.04.14 17:00:00,0.89141,0.89422,0.89141,0.89384,10426.57
2023.04.14 18:00:00,0.89384,0.89587,0.89357,0.89562,5617.15
2023.04.14 19:00:00,0.8956,0.8957,0.89498,0.89536,2858.24
2023.04.14 20:00:00,0.89535,0.89556,0.89451,0.89486,2228.08
2023.04.14 21:00:00,0.89484,0.89486,0.89379,0.89387,1597.87
2023.04.14 22:00:00,0.89386,0.89419,0.89374,0.89394,1253.83
2023.04.14 23:00:00,0.89394,0.89418,0.89328,0.89328,2214.22
2023.04.17 00:00:00,0.89384,0.89427,0.89383,0.89411,549.2
2023.04.17 01:00:00,0.8941,0.89486,0.89392,0.89473,6055.72
2023.04.17 02:00:00,0.89473,0.89492,0.89448,0.89488,1029.75
2023.04.17 03:00:00,0.89491,0.89554,0.89448,0.89552,1353.15
2023.04.17 04:00:00,0.89552,0.89592,0.89488,0.89501,2095.76
2023.04.17 05:00:00,0.89501,0.89502,0.89414,0.89417,1550.83
2023.04.17 06:00:00,0.8942,0.89464,0.89414,0.89439,1021.94
2023.04.17 07:00:00,0.89439,0.89442,0.89403,0.89405,990.38
2023.04.17 08:00:00,0.89406,0.89425,0.8932,0.8934,1775.82
2023.04.17 09:00:00,0.89341,0.89399,0.8928,0.89349,3558.87
2023.04.17 10:00:00,0.8935,0.89352,0.89216,0.89267,3946.57
2023.04.17 11:00:00,0.89269,0.895,0.89254,0.89495,4388.25
2023.04.17 12:00:00,0.89496,0.89508,0.89394,0.89433,4166.56
2023.04.17 13:00:00,0.89433,0.89444,0.8935,0.89369,2868.18
2023.04.17 14:00:00,0.89368,0.89459,0.89356,0.89421,3452.78
2023.04.17 15:00:00,0.8942,0.89567,0.8931,0.89555,6020.1
2023.04.17 16:00:00,0.89555,0.89738,0.89546,0.89701,7272.41
2023.04.17 17:00:00,0.89703,0.89923,0.89684,0.89847,7258.92
2023.04.17 18:00:00,0.89847,0.8995,0.89827,0.89949,3902.44
2023.04.17 19:00:00,0.89949,0.89962,0.89875,0.89946,1942.21
2023.04.17 20:00:00,0.89948,0.89956,0.89894,0.89928,1674.4
2023.04.17 21:00:00,0.89929,0.89947,0.89871,0.89879,1440.39
2023.04.17 22:00:00,0.89879,0.89884,0.89828,0.89848,1457.19
2023.04.17 23:00:00,0.8985,0.89891,0.89824,0.89824,1130.9
2023.04.18 00:00:00,0.89825,0.89859,0.89685,0.89857,546.15
2023.04.18 01:00:00,0.89857,0.89871,0.89823,0.89862,1886.14
2023.04.18 02:00:00,0.89862,0.89872,0.89844,0.89855,1169.17
2023.04.18 03:00:00,0.89853,0.89856,0.89795,0.8983,1244.52
2023.04.18 04:00:00,0.8983,0.89855,0.89781,0.89803,1874.09
2023.04.18 05:00:00,0.89801,0.89839,0.89736,0.89747,2629.75
2023.04.18 06:00:00,0.89746,0.89759,0.89702,0.89747,2282.06
2023.04.18 07:00:00,0.89746,0.89778,0.89745,0.89767,804.32
2023.04.18 08:00:00,0.89767,0.89784,0.89743,0.89757,1181.32
2023.04.18 09:00:00,0.89762,0.89839,0.89736,0.89825,3983.77
2023.04.18 10:00:00,0.89824,0.89848,0.89613,0.89618,6701.19
2023.04.18 11:00:00,0.89619,0.89681,0.89571,0.89589,3874.24
2023.04.18 12:00:00,0.8959,0.89694,0.8957,0.89641,3985.96
2023.04.18 13:00:00,0.8964,0.89686,0.89595,0.89642,2567.41
2023.04.18 14:00:00,0.89637,0.89654,0.89554,0.89557,3063.64
2023.04.18 15:00:00,0.89555,0.89761,0.8954,0.89752,5475.32
2023.04.18 16:00:00,0.89749,0.89867,0.89706,0.89772,5899.13
2023.04.18 17:00:00,0.89771,0.89833,0.89689,0.89768,7114.76
2023.04.18 18:00:00,0.89768,0.8981,0.89718,0.89804,3306.92
2023.04.18 19:00:00,0.89805,0.89812,0.89693,0.89693,1979.22
2023.04.18 20:00:00,0.89694,0.8972,0.89655,0.89701,1267.24
2023.04.18 21:00:00,0.89701,0.89708,0.89653,0.89695,1304.14
2023.04.18 22:00:00,0.89693,0.89723,0.89661,0.89666,1271.14
2023.04.18 23:00:00,0.89668,0.89675,0.89593,0.89593,1063.82
2023.04.19 00:00:00,0.89577,0.89633,0.8944,0.89623,5137.05
2023.04.19 01:00:00,0.89614,0.89625,0.89587,0.89604,1277.34
2023.04.19 02:00:00,0.89604,0.89613,0.89586,0.89599,597.3
2023.04.19 03:00:00,0.89599,0.89627,0.89579,0.89594,1233.21
2023.04.19 04:00:00,0.89594,0.8971,0.89592,0.89703,1405.67
2023.04.19 05:00:00,0.89705,0.89738,0.89665,0.89667,1203.4
2023.04.19 06:00:00,0.89666,0.89684,0.89651,0.8966,669.18
2023.04.19 07:00:00,0.89658,0.89711,0.89657,0.8971,648.29
2023.04.19 08:00:00,0.89707,0.89771,0.89687,0.89769,1461.97
2023.04.19 09:00:00,0.89769,0.89903,0.89721,0.8984,7334.22
2023.04.19 10:00:00,0.8984,0.89841,0.89593,0.89752,8101.95
2023.04.19 11:00:00,0.89754,0.89906,0.89721,0.89829,5900.92
2023.04.19 12:00:00,0.89829,0.89992,0.89779,0.89922,5291.55
2023.04.19 13:00:00,0.89923,0.90005,0.89896,0.89973,3801.14
2023.04.19 14:00:00,0.89972,0.90027,0.89897,0.89912,4269.2
2023.04.19 15:00:00,0.89913,0.89944,0.89795,0.89795,4974.94
2023.04.19 16:00:00,0.89795,0.89813,0.89676,0.89741,5481.32
2023.04.19 17:00:00,0.89741,0.89859,0.89584,0.8985,5838.05
2023.04.19 18:00:00,0.89849,0.89862,0.89786,0.89848,2967.98
2023.04.19 19:00:00,0.89847,0.89863,0.8971,0.89738,2119.09
2023.04.19 20:00:00,0.89736,0.89787,0.89723,0.89774,1965.89
2023.04.19 21:00:00,0.89774,0.8978,0.89733,0.89755,2130.55
2023.04.19 22:00:00,0.89756,0.89787,0.89752,0.89778,1569.1
2023.04.19 23:00:00,0.89777,0.89794,0.8973,0.8973,1257.54
2023.04.20 00:00:00,0.8973,0.89747,0.89663,0.8973,3100.8
2023.04.20 01:00:00,0.89731,0.89752,0.89702,0.8974,1379.23
2023.04.20 02:00:00,0.89739,0.89798,0.89735,0.89768,1062.22
2023.04.20 03:00:00,0.89768,0.89782,0.89722,0.89781,1731.33
2023.04.20 04:00:00,0.89781,0.89829,0.89693,0.89699,1743.74
2023.04.20 05:00:00,0.89701,0.89722,0.89661,0.89712,1429.51
2023.04.20 06:00:00,0.89711,0.8972,0.89665,0.89683,866.04
2023.04.20 07:00:00,0.89681,0.89713,0.89653,0.89655,863.57
2023.04.20 08:00:00,0.89654,0.89655,0.89582,0.89609,1315.55
2023.04.20 09:00:00,0.89608,0.89615,0.89487,0.89558,5703.36
2023.04.20 10:00:00,0.89557,0.89707,0.89556,0.89624,5640.07
2023.04.20 11:00:00,0.89621,0.89657,0.89498,0.89577,5652.42
2023.04.20 12:00:00,0.89577,0.89661,0.89523,0.89538,4057.47
2023.04.20 13:00:00,0.89539,0.89549,0.89368,0.89396,3783.25
2023.04.20 14:00:00,0.89396,0.89542,0.89368,0.89536,3026.66
2023.04.20 15:00:00,0.89535,0.89677,0.89227,0.89295,10101.03
2023.04.20 16:00:00,0.89297,0.89433,0.8921,0.89271,7473.24
2023.04.20 17:00:00,0.89272,0.89372,0.89196,0.89354,7241.81
2023.04.20 18:00:00,0.89351,0.89458,0.89351,0.8944,4304.61
2023.04.20 19:00:00,0.89438,0.89443,0.894,0.8942,2280.89
2023.04.20 20:00:00,0.89417,0.89424,0.89367,0.89371,1451.99
2023.04.20 21:00:00,0.89372,0.89415,0.89326,0.89329,1955.24
2023.04.20 22:00:00,0.8933,0.89387,0.8932,0.89357,2302.53
2023.04.20 23:00:00,0.89359,0.89359,0.89191,0.89191,1365.89
2023.04.21 00:00:00,0.89191,0.89256,0.89184,0.89231,3455.92
2023.04.21 01:00:00,0.89232,0.89241,0.89207,0.89228,2575.16
2023.04.21 02:00:00,0.89225,0.89251,0.8922,0.89239,889.08
2023.04.21 03:00:00,0.8924,0.89329,0.8924,0.89276,1375.25
2023.04.21 04:00:00,0.89275,0.89298,0.89239,0.89295,1342.56
2023.04.21 05:00:00,0.89297,0.89306,0.89256,0.89296,1339.94
2023.04.21 06:00:00,0.89297,0.89331,0.89275,0.89314,792.98
2023.04.21 07:00:00,0.89315,0.89345,0.8931,0.89334,625.1
2023.04.21 08:00:00,0.89334,0.89395,0.89321,0.89349,1024.1
2023.04.21 09:00:00,0.8935,0.8949,0.89322,0.8945,3935.78
2023.04.21 10:00:00,0.89452,0.89532,0.89395,0.89428,5805.18
2023.04.21 11:00:00,0.89428,0.89448,0.893,0.89353,5633.98
2023.04.21 12:00:00,0.89355,0.89423,0.89327,0.89407,3666.68
2023.04.21 13:00:00,0.89408,0.89445,0.89321,0.89344,3243.32
2023.04.21 14:00:00,0.89343,0.89374,0.89168,0.8919,3669.95
2023.04.21 15:00:00,0.89188,0.89237,0.89122,0.89137,4633.8
2023.04.21 16:00:00,0.89133,0.89451,0.89075,0.89405,9484.57
2023.04.21 17:00:00,0.89406,0.89537,0.89208,0.8936,9572.75
2023.04.21 18:00:00,0.89359,0.89369,0.89239,0.89262,4582.18
2023.04.21 19:00:00,0.89261,0.89301,0.89223,0.89271,2865.28
2023.04.21 20:00:00,0.89272,0.89326,0.89243,0.89269,2041.65
2023.04.21 21:00:00,0.89267,0.89333,0.89218,0.89322,2493.16
2023.04.21 22:00:00,0.89321,0.89321,0.89204,0.89212,1526.77
2023.04.21 23:00:00,0.89211,0.89259,0.89193,0.89209,1709.86
2023.04.24 00:00:00,0.89245,0.89245,0.89236,0.89237,1036.5
2023.04.24 01:00:00,0.8924,0.8924,0.89191,0.89194,1213.05
2023.04.24 02:00:00,0.89193,0.89203,0.89159,0.89192,1076.34
2023.04.24 03:00:00,0.89195,0.89263,0.89175,0.89175,1345.92
2023.04.24 04:00:00,0.89175,0.89245,0.89155,0.89231,2152.54
2023.04.24 05:00:00,0.89232,0.89277,0.89205,0.89272,1828.63
2023.04.24 06:00:00,0.89275,0.89278,0.89216,0.89239,1271.23
2023.04.24 07:00:00,0.89242,0.89255,0.8921,0.89222,1119.82
2023.04.24 08:00:00,0.89224,0.89259,0.89214,0.89218,1569.89
2023.04.24 09:00:00,0.8922,0.8923,0.89122,0.89215,3597.77
2023.04.24 10:00:00,0.89214,0.89252,0.89026,0.89057,4547.19
2023.04.24 11:00:00,0.89057,0.89113,0.88922,0.88925,4539.2
2023.04.24 12:00:00,0.88925,0.89023,0.88827,0.89009,4953.99
2023.04.24 13:00:00,0.89014,0.89017,0.88899,0.8891,4451.96
2023.04.24 14:00:00,0.88911,0.89058,0.88904,0.89024,3557.81
2023.04.24 15:00:00,0.89022,0.89076,0.88869,0.8888,4201.24
2023.04.24 16:00:00,0.8888,0.8899,0.88804,0.88908,5272.51
2023.04.24 17:00:00,0.88908,0.88921,0.88792,0.88871,5715.65
2023.04.24 18:00:00,0.88871,0.88925,0.88848,0.88872,4032.29
2023.04.24 19:00:00,0.88871,0.88879,0.8883,0.88847,2187.81
2023.04.24 20:00:00,0.88848,0.88856,0.88756,0.8881,1630.12
2023.04.24 21:00:00,0.8881,0.88813,0.88765,0.88784,1478.3
2023.04.24 22:00:00,0.88785,0.88828,0.88782,0.88806,998.54
2023.04.24 23:00:00,0.88806,0.88813,0.88751,0.88752,726.91
2023.04.25 00:00:00,0.88752,0.88787,0.88738,0.88752,3404.43
2023.04.25 01:00:00,0.88752,0.88756,0.88735,0.88735,1066.43
2023.04.25 02:00:00,0.88736,0.88737,0.88703,0.88706,1230.8
2023.04.25 03:00:00,0.88705,0.8874,0.8866,0.88708,1325.72
2023.04.25 04:00:00,0.88709,0.88718,0.8863,0.88671,1660.97
2023.04.25 05:00:00,0.88673,0.88713,0.88672,0.88709,1262.23
2023.04.25 06:00:00,0.88708,0.88727,0.88689,0.88715,937.67
2023.04.25 07:00:00,0.88713,0.88735,0.88683,0.88733,792.69
2023.04.25 08:00:00,0.88732,0.8877,0.88713,0.88733,1229.11
2023.04.25 09:00:00,0.88743,0.88821,0.8869,0.888,3750.61
2023.04.25 10:00:00,0.88801,0.88921,0.88751,0.88751,5940.17
2023.04.25 11:00:00,0.88749,0.88767,0.88607,0.88646,4180.72
2023.04.25 12:00:00,0.88647,0.88689,0.88602,0.88643,3505.2
2023.04.25 13:00:00,0.88643,0.88806,0.88631,0.88801,3840.16
2023.04.25 14:00:00,0.88799,0.8888,0.88759,0.8883,4633.54
2023.04.25 15:00:00,0.88834,0.88867,0.88719,0.88843,4744.35
2023.04.25 16:00:00,0.88843,0.89032,0.88836,0.89011,6938.61
2023.04.25 17:00:00,0.89011,0.8924,0.88977,0.89235,8299.51
2023.04.25 18:00:00,0.89235,0.89265,0.89142,0.89252,4925.75
2023.04.25 19:00:00,0.89253,0.89272,0.89178,0.89243,2596.27
2023.04.25 20:00:00,0.89241,0.89258,0.89173,0.8919,2513.69
2023.04.25 21:00:00,0.89192,0.89229,0.89142,0.89188,1870.33
2023.04.25 22:00:00,0.89191,0.89229,0.89171,0.89199,1725.87
2023.04.25 23:00:00,0.89198,0.89216,0.89172,0.89172,1366.07
2023.04.26 00:00:00,0.89168,0.89181,0.88942,0.89143,963.36
2023.04.26 01:00:00,0.89143,0.89186,0.89138,0.89173,3486.37
2023.04.26 02:00:00,0.89174,0.89205,0.8916,0.89185,2518.85
2023.04.26 03:00:00,0.89185,0.89229,0.89151,0.89193,2136.81
2023.04.26 04:00:00,0.89194,0.89255,0.89155,0.89164,1987.43
2023.04.26 05:00:00,0.89164,0.89178,0.89122,0.89133,1458.51
2023.04.26 06:00:00,0.89133,0.89155,0.89116,0.8912,907.79
2023.04.26 07:00:00,0.8912,0.89139,0.89081,0.89092,976.05
2023.04.26 08:00:00,0.89092,0.89096,0.89022,0.89064,1445.58
2023.04.26 09:00:00,0.89063,0.89111,0.8905,0.89064,3640.39
2023.04.26 10:00:00,0.89064,0.89133,0.88947,0.89096,5749.28
2023.04.26 11:00:00,0.89095,0.89186,0.88968,0.8898,5353.86
2023.04.26 12:00:00,0.8898,0.88992,0.88869,0.88964,3969.53
2023.04.26 13:00:00,0.88965,0.88965,0.88779,0.88899,3468.16
2023.04.26 14:00:00,0.88899,0.88983,0.88845,0.88969,5735.09
2023.04.26 15:00:00,0.88969,0.89005,0.88835,0.88869,6394.79
2023.04.26 16:00:00,0.88871,0.88907,0.88513,0.8863,10464.77
2023.04.26 17:00:00,0.8863,0.89049,0.88614,0.89026,8380.26
2023.04.26 18:00:00,0.89025,0.89112,0.88961,0.8901,5415.18
2023.04.26 19:00:00,0.8901,0.89165,0.88992,0.89153,3813.56
2023.04.26 20:00:00,0.89158,0.892,0.89137,0.89159,2808.68
2023.04.26 21:00:00,0.89159,0.89188,0.8908,0.89084,2300.2
2023.04.26 22:00:00,0.89085,0.89156,0.89067,0.89112,1928.59
2023.04.26 23:00:00,0.89115,0.89142,0.89082,0.89082,786.7
2023.04.27 00:00:00,0.89082,0.8909,0.8898,0.89073,2320.52
2023.04.27 01:00:00,0.89073,0.89117,0.89064,0.89104,1964.63
2023.04.27 02:00:00,0.89103,0.8911,0.89071,0.89085,855.38
2023.04.27 03:00:00,0.89085,0.89097,0.89053,0.89053,1610.6
2023.04.27 04:00:00,0.89053,0.89115,0.89049,0.89086,1764.92
2023.04.27 05:00:00,0.89085,0.89096,0.8907,0.89073,1579.85
2023.04.27 06:00:00,0.89073,0.89089,0.89056,0.89089,1381.09
2023.04.27 07:00:00,0.89092,0.89093,0.89051,0.89088,1153.37
2023.04.27 08:00:00,0.89092,0.89106,0.89029,0.89045,2396.18
2023.04.27 09:00:00,0.89044,0.89104,0.89026,0.89067,4194.6
2023.04.27 10:00:00,0.89067,0.89213,0.89041,0.89201,5700.68
2023.04.27 11:00:00,0.89201,0.89301,0.89157,0.89239,4398.42
2023.04.27 12:00:00,0.89244,0.89381,0.89212,0.89336,3605.33
2023.04.27 13:00:00,0.89336,0.89344,0.89243,0.89271,2745.15
2023.04.27 14:00:00,0.89274,0.89397,0.89214,0.89388,3553.37
2023.04.27 15:00:00,0.89387,0.89758,0.89192,0.89622,11945.92
2023.04.27 16:00:00,0.89621,0.89743,0.89523,0.8962,9360.03
2023.04.27 17:00:00,0.8962,0.8976,0.89565,0.89685,7937.06
2023.04.27 18:00:00,0.89686,0.89692,0.89491,0.8957,5296.94
2023.04.27 19:00:00,0.89569,0.89604,0.89504,0.89551,2955.37
2023.04.27 20:00:00,0.89549,0.89577,0.8937,0.8939,2470.01
2023.04.27 21:00:00,0.8939,0.89411,0.89359,0.89399,1439.11
2023.04.27 22:00:00,0.89401,0.89455,0.89364,0.89412,1590.87
2023.04.27 23:00:00,0.89412,0.89441,0.89403,0.8941,1884.42
2023.04.28 00:00:00,0.89383,0.89411,0.89182,0.89376,1107.79
2023.04.28 01:00:00,0.89371,0.89428,0.89371,0.89411,836.83
2023.04.28 02:00:00,0.89412,0.89415,0.89383,0.89389,1511.81
2023.04.28 03:00:00,0.8939,0.8939,0.89319,0.89356,1783.08
2023.04.28 04:00:00,0.89357,0.89377,0.89309,0.89347,2250.76
2023.04.28 05:00:00,0.89348,0.89429,0.89347,0.89425,1448.86
2023.04.28 06:00:00,0.89418,0.89473,0.89386,0.89403,2284.84
2023.04.28 07:00:00,0.89404,0.89493,0.89371,0.89471,3896.47
2023.04.28 08:00:00,0.89471,0.89509,0.89397,0.89482,2746.49
2023.04.28 09:00:00,0.89484,0.89524,0.89329,0.89379,7171.74
2023.04.28 10:00:00,0.89383,0.89619,0.89381,0.89467,6424.64
2023.04.28 11:00:00,0.89468,0.89749,0.89455,0.89561,7160.81
2023.04.28 12:00:00,0.89561,0.89629,0.89524,0.89596,4211.25
2023.04.28 13:00:00,0.89596,0.89648,0.89487,0.89562,2980.52
2023.04.28 14:00:00,0.89561,0.89647,0.89531,0.89605,3062.56
2023.04.28 15:00:00,0.89602,0.89719,0.89474,0.8948,9984.42
2023.04.28 16:00:00,0.89479,0.89509,0.89206,0.89419,10319.35
2023.04.28 17:00:00,0.8942,0.89499,0.88977,0.89016,11278.37
2023.04.28 18:00:00,0.89018,0.89111,0.88958,0.89111,7048.72
2023.04.28 19:00:00,0.89112,0.89224,0.89101,0.89223,3344.88
2023.04.28 20:00:00,0.89227,0.8933,0.89224,0.89325,2245.94
2023.04.28 21:00:00,0.89326,0.89387,0.89311,0.89379,1906.16
2023.04.28 22:00:00,0.89382,0.89405,0.89318,0.89372,1667.55
2023.04.28 23:00:00,0.89371,0.89481,0.89371,0.89371,3631.48
2023.05.01 00:00:00,0.89114,0.8932,0.89114,0.89293,199.66
2023.05.01 01:00:00,0.89304,0.89484,0.89189,0.89457,4570.79
2023.05.01 02:00:00,0.89457,0.89488,0.89443,0.89472,2440.09
2023.05.01 03:00:00,0.89472,0.89537,0.89437,0.89498,1725.83
2023.05.01 04:00:00,0.89496,0.8952,0.89455,0.89484,1330.61
2023.05.01 05:00:00,0.89485,0.89503,0.89452,0.89452,1285.63
2023.05.01 06:00:00,0.89455,0.89465,0.8939,0.894,1349.46
2023.05.01 07:00:00,0.89399,0.89448,0.89378,0.89413,1164.71
2023.05.01 08:00:00,0.89415,0.89485,0.89415,0.89437,1077.91
2023.05.01 09:00:00,0.89439,0.89491,0.89397,0.89436,2701.82
2023.05.01 10:00:00,0.89437,0.89437,0.89268,0.89331,4863.42
2023.05.01 11:00:00,0.89332,0.89437,0.89332,0.89437,3300.32
2023.05.01 12:00:00,0.89436,0.89464,0.89321,0.89324,3863.85
2023.05.01 13:00:00,0.89325,0.89329,0.89238,0.89252,2700.94
2023.05.01 14:00:00,0.89249,0.8931,0.89228,0.89281,2426.86
2023.05.01 15:00:00,0.89282,0.89312,0.89148,0.89169,8095.81
2023.05.01 16:00:00,0.89169,0.89276,0.89148,0.89225,6052.64
2023.05.01 17:00:00,0.89239,0.89589,0.89239,0.89543,8664.02
2023.05.01 18:00:00,0.89546,0.89663,0.89525,0.89612,4210.4
2023.05.01 19:00:00,0.89611,0.89658,0.89572,0.89598,1555.07
2023.05.01 20:00:00,0.89599,0.89607,0.89545,0.89557,1325.8
2023.05.01 21:00:00,0.89557,0.89609,0.89533,0.89604,1495.33
2023.05.01 22:00:00,0.89605,0.89664,0.89603,0.89616,1433.73
2023.05.01 23:00:00,0.89615,0.89621,0.89515,0.89515,1766.97
2023.05.02 00:00:00,0.89508,0.89576,0.8945,0.89539,2840.8
2023.05.02 01:00:00,0.89538,0.8957,0.89536,0.89558,979.2
2023.05.02 02:00:00,0.8956,0.89602,0.89555,0.89593,1016.85
2023.05.02 03:00:00,0.89591,0.89604,0.89546,0.89567,1575.77
2023.05.02 04:00:00,0.89566,0.89566,0.89419,0.89475,1697.34
2023.05.02 05:00:00,0.89473,0.89504,0.89464,0.8949,1374.89
2023.05.02 06:00:00,0.89492,0.89535,0.89487,0.89528,982.84
2023.05.02 07:00:00,0.89528,0.89589,0.89489,0.89579,2754.6
2023.05.02 08:00:00,0.8958,0.89584,0.89489,0.89576,2424.14
2023.05.02 09:00:00,0.89574,0.89636,0.89552,0.8962,3835.5
2023.05.02 10:00:00,0.89619,0.8977,0.89522,0.89743,6040.04
2023.05.02 11:00:00,0.89743,0.89862,0.89706,0.89824,6568.21
2023.05.02 12:00:00,0.89823,0.89948,0.89773,0.8992,4902.01
2023.05.02 13:00:00,0.89921,0.8993,0.89833,0.89863,2937.77
2023.05.02 14:00:00,0.8986,0.89863,0.89669,0.89711,4013.67
2023.05.02 15:00:00,0.89709,0.89876,0.89688,0.89864,4574.52
2023.05.02 16:00:00,0.89865,0.89913,0.89791,0.89879,5645.43
2023.05.02 17:00:00,0.8988,0.8988,0.89334,0.89436,12999.35
2023.05.02 18:00:00,0.89437,0.89447,0.89304,0.89309,6190.84
2023.05.02 19:00:00,0.8931,0.89361,0.89269,0.89309,2604.73
2023.05.02 20:00:00,0.89308,0.89356,0.89283,0.89346,1714.97
2023.05.02 21:00:00,0.89345,0.89357,0.89307,0.89325,1580.99
2023.05.02 22:00:00,0.89325,0.89332,0.89234,0.89273,1373.86
2023.05.02 23:00:00,0.89271,0.89327,0.8926,0.89302,1155.57
2023.05.03 00:00:00,0.89301,0.89302,0.89239,0.89281,1737.05
2023.05.03 01:00:00,0.89282,0.89294,0.89268,0.89285,3533.84
2023.05.03 02:00:00,0.89286,0.89289,0.89226,0.89234,1779.24
2023.05.03 03:00:00,0.89234,0.89272,0.89178,0.8918,1302.14
2023.05.03 04:00:00,0.8918,0.89204,0.89112,0.89128,1503.35
2023.05.03 05:00:00,0.89126,0.8916,0.89101,0.89103,1043.58
2023.05.03 06:00:00,0.89103,0.89109,0.8907,0.89072,679.8
2023.05.03 07:00:00,0.89073,0.8914,0.89073,0.8914,728.26
2023.05.03 08:00:00,0.89138,0.89141,0.89098,0.89129,1268.06
2023.05.03 09:00:00,0.89129,0.89156,0.88944,0.88945,3237.67
2023.05.03 10:00:00,0.88944,0.8903,0.88885,0.88941,4384.34
2023.05.03 11:00:00,0.8894,0.88941,0.88706,0.88776,4469.19
2023.05.03 12:00:00,0.88778,0.88803,0.88713,0.88778,3281.04
2023.05.03 13:00:00,0.88778,0.88912,0.88777,0.88876,3494.24
2023.05.03 14:00:00,0.88877,0.88948,0.88837,0.8887,3067.94
2023.05.03 15:00:00,0.88869,0.89058,0.88801,0.88853,7675.98
2023.05.03 16:00:00,0.88851,0.88907,0.88743,0.88844,5541.17
2023.05.03 17:00:00,0.88845,0.88845,0.88661,0.88735,8794.38
2023.05.03 18:00:00,0.88735,0.88787,0.88626,0.88712,4528.69
2023.05.03 19:00:00,0.88711,0.8873,0.8863,0.88686,2539.84
2023.05.03 20:00:00,0.88686,0.88734,0.88627,0.88627,2396.3
2023.05.03 21:00:00,0.88627,0.8877,0.88319,0.88567,17344.87
2023.05.03 22:00:00,0.88568,0.88725,0.88524,0.8854,9400.34
2023.05.03 23:00:00,0.88539,0.88604,0.8837,0.8837,3173.79
2023.05.04 00:00:00,0.8837,0.88495,0.88318,0.88375,636.42
2023.05.04 01:00:00,0.88378,0.88384,0.88254,0.88324,8536.63
2023.05.04 02:00:00,0.88324,0.88387,0.88293,0.88342,3905.48
2023.05.04 03:00:00,0.88342,0.88347,0.88197,0.88284,2145.62
2023.05.04 04:00:00,0.88282,0.88326,0.88224,0.88271,3355.19
2023.05.04 05:00:00,0.8827,0.88288,0.88234,0.88264,1658.28
2023.05.04 06:00:00,0.88262,0.88301,0.88257,0.88301,1228.75
2023.05.04 07:00:00,0.88299,0.88311,0.88257,0.88307,1194.88
2023.05.04 08:00:00,0.88308,0.88308,0.88249,0.88293,1733.51
2023.05.04 09:00:00,0.88293,0.884,0.88237,0.88397,4820.92
2023.05.04 10:00:00,0.88396,0.88652,0.88363,0.88611,5776.22
2023.05.04 11:00:00,0.88612,0.88815,0.88606,0.88788,4991.54
2023.05.04 12:00:00,0.8879,0.88818,0.88713,0.88737,4487.19
2023.05.04 13:00:00,0.88735,0.88777,0.8851,0.88538,5372.79
2023.05.04 14:00:00,0.88541,0.88542,0.88419,0.88482,4441.68
2023.05.04 15:00:00,0.8848,0.88904,0.88455,0.88859,13147.07
2023.05.04 16:00:00,0.88861,0.8891,0.88615,0.8869,12685.29
2023.05.04 17:00:00,0.8869,0.88802,0.88382,0.88682,17141.93
2023.05.04 18:00:00,0.88681,0.88749,0.88546,0.8861,9086.42
2023.05.04 19:00:00,0.88608,0.88616,0.88427,0.88497,5075.72
2023.05.04 20:00:00,0.88502,0.8855,0.8845,0.88543,2870.22
2023.05.04 21:00:00,0.8854,0.88615,0.88532,0.88573,2035.34
2023.05.04 22:00:00,0.88571,0.88598,0.88555,0.8858,1512.27
2023.05.04 23:00:00,0.88579,0.8859,0.88547,0.88558,2647.98
2023.05.05 00:00:00,0.88558,0.88578,0.88499,0.88558,2535.87
2023.05.05 01:00:00,0.88558,0.88597,0.88553,0.88553,1038.43
2023.05.05 02:00:00,0.88551,0.88572,0.88538,0.88543,1088.71
2023.05.05 03:00:00,0.88541,0.88565,0.88499,0.88528,1046.85
2023.05.05 04:00:00,0.88526,0.88526,0.88432,0.8845,1354.13
2023.05.05 05:00:00,0.8845,0.88518,0.88445,0.88484,1331.72
2023.05.05 06:00:00,0.88483,0.88487,0.8839,0.88408,1102.4
2023.05.05 07:00:00,0.88406,0.88416,0.88382,0.88401,574.33
2023.05.05 08:00:00,0.88402,0.88426,0.8834,0.88416,1721.04
2023.05.05 09:00:00,0.88415,0.8871,0.88388,0.88593,5174.24
2023.05.05 10:00:00,0.88591,0.88935,0.88561,0.88933,6828.62
2023.05.05 11:00:00,0.88934,0.89312,0.889,0.89181,6120.97
2023.05.05 12:00:00,0.8918,0.89295,0.89106,0.89212,4397.86
2023.05.05 13:00:00,0.89212,0.89226,0.89108,0.89128,3630.31
2023.05.05 14:00:00,0.89128,0.89246,0.89101,0.89227,3051.31
2023.05.05 15:00:00,0.89224,0.89734,0.89192,0.89554,14131.66
2023.05.05 16:00:00,0.89554,0.89569,0.89363,0.8943,12626.03
2023.05.05 17:00:00,0.89428,0.89474,0.89254,0.89258,7082.23
2023.05.05 18:00:00,0.89259,0.89283,0.89108,0.89132,5103.55
2023.05.05 19:00:00,0.89131,0.89165,0.89032,0.89064,2099.21
2023.05.05 20:00:00,0.89064,0.89159,0.89026,0.89145,1802.95
2023.05.05 21:00:00,0.89147,0.89149,0.89022,0.89028,1764.68
2023.05.05 22:00:00,0.8903,0.89068,0.89007,0.89055,1425.38
2023.05.05 23:00:00,0.89053,0.89069,0.89012,0.89023,2469.16
2023.05.08 00:00:00,0.88939,0.89065,0.88937,0.89006,2184.69
2023.05.08 01:00:00,0.89004,0.891,0.88999,0.89092,1877.75
2023.05.08 02:00:00,0.89092,0.8912,0.89068,0.8912,3239.37
2023.05.08 03:00:00,0.89118,0.89121,0.89012,0.89021,1381.04
2023.05.08 04:00:00,0.8902,0.89065,0.88991,0.89006,1560.5
2023.05.08 05:00:00,0.89004,0.89024,0.88907,0.88945,1563.78
2023.05.08 06:00:00,0.88944,0.88956,0.88865,0.88879,951
2023.05.08 07:00:00,0.88879,0.889,0.88867,0.88883,840.35
2023.05.08 08:00:00,0.88884,0.88957,0.88881,0.88954,964.75
2023.05.08 09:00:00,0.88952,0.88954,0.88705,0.88743,2863.12
2023.05.08 10:00:00,0.88744,0.88801,0.88693,0.88722,3232.37
2023.05.08 11:00:00,0.88722,0.8885,0.88674,0.88845,3276.47
2023.05.08 12:00:00,0.88843,0.8895,0.88832,0.8891,3299.59
2023.05.08 13:00:00,0.8891,0.88917,0.88799,0.88847,2233.53
2023.05.08 14:00:00,0.88845,0.88981,0.88844,0.88921,2919.81
2023.05.08 15:00:00,0.88922,0.88944,0.88847,0.88903,3266.77
2023.05.08 16:00:00,0.88902,0.88965,0.88847,0.88856,3889
2023.05.08 17:00:00,0.88858,0.88997,0.8882,0.88973,4313.68
2023.05.08 18:00:00,0.88973,0.89015,0.88883,0.88943,2438.43
2023.05.08 19:00:00,0.88941,0.88946,0.88815,0.88818,1662.26
2023.05.08 20:00:00,0.88821,0.88899,0.88781,0.88886,1252.26
2023.05.08 21:00:00,0.88885,0.88963,0.88885,0.88948,1896.98
2023.05.08 22:00:00,0.88947,0.89003,0.88943,0.88992,886.4
2023.05.08 23:00:00,0.88992,0.88996,0.88928,0.88932,1052.69
2023.05.09 00:00:00,0.88927,0.88965,0.88731,0.88944,2764.68
2023.05.09 01:00:00,0.88945,0.88976,0.88934,0.88963,2622.59
2023.05.09 02:00:00,0.88962,0.89011,0.88956,0.88994,2887.2
2023.05.09 03:00:00,0.88995,0.89075,0.8899,0.89047,2037.63
2023.05.09 04:00:00,0.89048,0.89056,0.88997,0.89045,1303.14
2023.05.09 05:00:00,0.89045,0.8906,0.88998,0.8902,984.44
2023.05.09 06:00:00,0.89023,0.8903,0.88952,0.88952,1182.58
2023.05.09 07:00:00,0.88951,0.88971,0.88919,0.88964,1202.04
2023.05.09 08:00:00,0.88964,0.8897,0.88914,0.88935,1756.96
2023.05.09 09:00:00,0.88934,0.88985,0.88879,0.8897,3612.13
2023.05.09 10:00:00,0.88971,0.89272,0.88945,0.89226,5171.37
2023.05.09 11:00:00,0.89227,0.89264,0.89156,0.89212,3918.94
2023.05.09 12:00:00,0.8921,0.89212,0.89112,0.89125,3026.7
2023.05.09 13:00:00,0.89125,0.89222,0.89114,0.89186,2494.99
2023.05.09 14:00:00,0.89185,0.89345,0.8914,0.89303,3446.11
2023.05.09 15:00:00,0.89304,0.89373,0.89259,0.89362,4440.85
2023.05.09 16:00:00,0.89361,0.89426,0.89249,0.89267,5712.94
2023.05.09 17:00:00,0.89267,0.89317,0.89117,0.89124,4714.79
2023.05.09 18:00:00,0.89123,0.89201,0.89103,0.89163,3283.88
2023.05.09 19:00:00,0.89163,0.89176,0.89059,0.89149,1745.52
2023.05.09 20:00:00,0.89148,0.89159,0.8902,0.89024,1840.29
2023.05.09 21:00:00,0.89024,0.89047,0.88961,0.88985,1761.91
2023.05.09 22:00:00,0.88984,0.89054,0.88984,0.89039,1513.05
2023.05.09 23:00:00,0.89037,0.89069,0.89025,0.89034,764.01
2023.05.10 00:00:00,0.89034,0.89055,0.88955,0.89029,1999.03
2023.05.10 01:00:00,0.89025,0.89029,0.88996,0.89012,691.66
2023.05.10 02:00:00,0.89013,0.89027,0.88986,0.89015,939.89
2023.05.10 03:00:00,0.89013,0.89017,0.88971,0.88996,1403.75
2023.05.10 04:00:00,0.88996,0.88996,0.8896,0.88974,909.95
2023.05.10 05:00:00,0.88974,0.89004,0.88967,0.88991,787.59
2023.05.10 06:00:00,0.88992,0.88995,0.88959,0.88964,643.4
2023.05.10 07:00:00,0.88963,0.88988,0.88962,0.88985,521.23
2023.05.10 08:00:00,0.88985,0.89066,0.88981,0.89029,1362.35
2023.05.10 09:00:00,0.89028,0.89048,0.88944,0.88991,3331.05
2023.05.10 10:00:00,0.88993,0.88993,0.88859,0.88966,4980.23
2023.05.10 11:00:00,0.88969,0.89069,0.88919,0.89061,5191.19
2023.05.10 12:00:00,0.89061,0.89092,0.89019,0.8904,2387.31
2023.05.10 13:00:00,0.89039,0.89134,0.8902,0.89118,2603.92
2023.05.10 14:00:00,0.89119,0.89203,0.89106,0.89188,3320.36
2023.05.10 15:00:00,0.8919,0.89268,0.88678,0.88719,12562.91
2023.05.10 16:00:00,0.88719,0.88961,0.8869,0.88821,11170.41
2023.05.10 17:00:00,0.88822,0.88971,0.88751,0.88895,11558.68
2023.05.10 18:00:00,0.88893,0.89118,0.88879,0.89107,5004.81
2023.05.10 19:00:00,0.89106,0.89121,0.89034,0.89067,2687.82
2023.05.10 20:00:00,0.89068,0.89092,0.88984,0.89008,2846.72
2023.05.10 21:00:00,0.89006,0.89012,0.8888,0.88949,1787.87
2023.05.10 22:00:00,0.88948,0.88957,0.88897,0.88923,1114.92
2023.05.10 23:00:00,0.88924,0.88975,0.88904,0.88964,939.07
2023.05.11 00:00:00,0.88965,0.88965,0.88736,0.88914,431.95
2023.05.11 01:00:00,0.88914,0.88927,0.88903,0.88907,522.97
2023.05.11 02:00:00,0.88907,0.88943,0.88898,0.88936,1143.72
2023.05.11 03:00:00,0.88935,0.88936,0.88881,0.8889,1290.27
2023.05.11 04:00:00,0.8889,0.88942,0.88864,0.88942,1400.44
2023.05.11 05:00:00,0.8894,0.89036,0.88936,0.89002,1206.21
2023.05.11 06:00:00,0.88999,0.89073,0.88991,0.89072,1316.44
2023.05.11 07:00:00,0.89073,0.89101,0.8903,0.89042,938.78
2023.05.11 08:00:00,0.89044,0.89067,0.8901,0.8904,1392.39
2023.05.11 09:00:00,0.89038,0.8936,0.89029,0.89338,4080.53
2023.05.11 10:00:00,0.89339,0.89409,0.89279,0.89355,7902.61
2023.05.11 11:00:00,0.89354,0.89499,0.89323,0.89467,5345.11
2023.05.11 12:00:00,0.89467,0.8947,0.89349,0.89406,3499.14
2023.05.11 13:00:00,0.89406,0.89488,0.89386,0.89413,3302.71
2023.05.11 14:00:00,0.89414,0.89425,0.89223,0.89301,6939.17
2023.05.11 15:00:00,0.893,0.8939,0.89131,0.89185,9961.28
2023.05.11 16:00:00,0.89186,0.89527,0.89182,0.89506,8814.3
2023.05.11 17:00:00,0.89506,0.89577,0.89418,0.89425,5639.03
2023.05.11 18:00:00,0.89426,0.89546,0.89415,0.89531,2949.76
2023.05.11 19:00:00,0.89529,0.8953,0.89375,0.89401,2232.08
2023.05.11 20:00:00,0.89403,0.89456,0.8938,0.89444,1612.75
2023.05.11 21:00:00,0.89442,0.89458,0.89425,0.89434,1114.11
2023.05.11 22:00:00,0.89432,0.89449,0.89379,0.89414,923.27
2023.05.11 23:00:00,0.89421,0.89431,0.89383,0.89405,1122.13
2023.05.12 00:00:00,0.89405,0.89405,0.8934,0.89399,547.51
2023.05.12 01:00:00,0.89398,0.89421,0.89385,0.89398,1504.44
2023.05.12 02:00:00,0.89397,0.89427,0.89391,0.89421,1647.54
2023.05.12 03:00:00,0.89421,0.89421,0.89342,0.89349,1168.94
2023.05.12 04:00:00,0.8935,0.89369,0.89277,0.89277,1505.94
2023.05.12 05:00:00,0.89275,0.89285,0.89248,0.89267,1087.41
2023.05.12 06:00:00,0.89266,0.89303,0.89261,0.89274,1124.55
2023.05.12 07:00:00,0.89274,0.8928,0.89256,0.89265,790.03
2023.05.12 08:00:00,0.89267,0.89282,0.89189,0.89218,1361.88
2023.05.12 09:00:00,0.89218,0.89291,0.89136,0.892,3125.2
2023.05.12 10:00:00,0.892,0.89238,0.88969,0.89234,5324.58
2023.05.12 11:00:00,0.89234,0.89268,0.89131,0.89177,4102.64
2023.05.12 12:00:00,0.89176,0.89411,0.89129,0.89263,4393.27
2023.05.12 13:00:00,0.89263,0.8934,0.89249,0.89333,2805.15
2023.05.12 14:00:00,0.89334,0.89497,0.89319,0.89449,3185.24
2023.05.12 15:00:00,0.89449,0.89493,0.89331,0.89337,5553.11
2023.05.12 16:00:00,0.89338,0.89592,0.89278,0.89564,8972.43
2023.05.12 17:00:00,0.89563,0.89708,0.89484,0.89693,8324.7
2023.05.12 18:00:00,0.89696,0.89748,0.89658,0.89712,3691.73
2023.05.12 19:00:00,0.89714,0.89854,0.89712,0.89803,2598.72
2023.05.12 20:00:00,0.89803,0.8981,0.89753,0.89758,1793.32
2023.05.12 21:00:00,0.89758,0.89803,0.89756,0.89787,1269.6
2023.05.12 22:00:00,0.89784,0.89844,0.89774,0.89837,1078.36
2023.05.12 23:00:00,0.89837,0.89872,0.89787,0.89787,3064.54
2023.05.15 00:00:00,0.89522,0.898,0.89506,0.89768,355.46
2023.05.15 01:00:00,0.8977,0.89855,0.89765,0.89827,6941.12
2023.05.15 02:00:00,0.89828,0.89864,0.89816,0.89838,5493.44
2023.05.15 03:00:00,0.89837,0.89874,0.89817,0.89837,1247.06
2023.05.15 04:00:00,0.89835,0.89838,0.89726,0.89733,1731.18
2023.05.15 05:00:00,0.89732,0.8979,0.89732,0.89782,1694.43
2023.05.15 06:00:00,0.89783,0.89786,0.8974,0.89769,993.63
2023.05.15 07:00:00,0.89769,0.89811,0.89761,0.89768,876.79
2023.05.15 08:00:00,0.89768,0.89773,0.89712,0.89727,1519.59
2023.05.15 09:00:00,0.89731,0.89755,0.89678,0.89695,3159.53
2023.05.15 10:00:00,0.89694,0.897,0.89605,0.89667,3578.99
2023.05.15 11:00:00,0.8967,0.89717,0.89616,0.89702,2906.06
2023.05.15 12:00:00,0.89703,0.89762,0.89648,0.89689,3002.9
2023.05.15 13:00:00,0.89692,0.89743,0.89604,0.89617,2540.2
2023.05.15 14:00:00,0.89615,0.8966,0.89549,0.89601,2747.86
2023.05.15 15:00:00,0.89602,0.89632,0.89458,0.89609,6508.67
2023.05.15 16:00:00,0.8961,0.89645,0.89528,0.89537,4987.94
2023.05.15 17:00:00,0.89537,0.89553,0.89464,0.89544,5104.8
2023.05.15 18:00:00,0.89544,0.89569,0.89473,0.89489,2696.28
2023.05.15 19:00:00,0.89488,0.89503,0.89423,0.89423,2113.18
2023.05.15 20:00:00,0.89423,0.89476,0.89423,0.89457,1535.52
2023.05.15 21:00:00,0.89458,0.89501,0.89439,0.8949,1087.44
2023.05.15 22:00:00,0.89491,0.89507,0.89486,0.89507,1175.49
2023.05.15 23:00:00,0.89505,0.89558,0.89496,0.89554,1035.03
2023.05.16 00:00:00,0.89553,0.89574,0.89474,0.89569,2113.65
2023.05.16 01:00:00,0.89569,0.89569,0.8952,0.89539,5004.42
2023.05.16 02:00:00,0.89544,0.89552,0.89531,0.89548,865.89
2023.05.16 03:00:00,0.89548,0.89548,0.89479,0.89484,1161.08
2023.05.16 04:00:00,0.89486,0.89536,0.89482,0.89517,929.29
2023.05.16 05:00:00,0.8952,0.89567,0.89488,0.89488,1310.95
2023.05.16 06:00:00,0.89487,0.89514,0.89478,0.89491,683.81
2023.05.16 07:00:00,0.89491,0.89517,0.89484,0.89485,605.42
2023.05.16 08:00:00,0.89487,0.89569,0.89487,0.89558,1233.27
2023.05.16 09:00:00,0.89556,0.89622,0.89487,0.89493,2879.67
2023.05.16 10:00:00,0.89494,0.89512,0.8929,0.8929,4730.26
2023.05.16 11:00:00,0.89289,0.89305,0.89223,0.89278,2916.77
2023.05.16 12:00:00,0.89278,0.89286,0.89194,0.8926,2736.42
2023.05.16 13:00:00,0.89261,0.89327,0.89255,0.89296,2736.26
2023.05.16 14:00:00,0.89298,0.89395,0.89264,0.89382,4477.12
2023.05.16 15:00:00,0.89382,0.8956,0.89331,0.8946,11135.97
2023.05.16 16:00:00,0.8946,0.89547,0.89402,0.89535,11675.17
2023.05.16 17:00:00,0.89534,0.89614,0.8952,0.89586,5981.27
2023.05.16 18:00:00,0.89588,0.89702,0.89584,0.89646,4648.2
2023.05.16 19:00:00,0.89646,0.89651,0.89555,0.89608,2508.1
2023.05.16 20:00:00,0.89607,0.89646,0.89558,0.89615,1170.53
2023.05.16 21:00:00,0.89616,0.89628,0.89577,0.89581,1068.33
2023.05.16 22:00:00,0.8958,0.89655,0.89571,0.89633,1312.37
2023.05.16 23:00:00,0.89634,0.89662,0.89616,0.89625,1709.79
2023.05.17 00:00:00,0.89625,0.89649,0.89549,0.89638,1338.99
2023.05.17 01:00:00,0.89637,0.89647,0.89612,0.89629,653.49
2023.05.17 02:00:00,0.89629,0.89656,0.89627,0.89633,929.3
2023.05.17 03:00:00,0.89633,0.89639,0.89581,0.89587,1543.45
2023.05.17 04:00:00,0.89587,0.89645,0.89582,0.89602,1354.51
2023.05.17 05:00:00,0.89601,0.89609,0.89512,0.89512,1440.27
2023.05.17 06:00:00,0.89514,0.89572,0.89489,0.89565,1298.83
2023.05.17 07:00:00,0.89564,0.89597,0.89563,0.89586,637.39
2023.05.17 08:00:00,0.89586,0.89694,0.89574,0.89685,2360.83
2023.05.17 09:00:00,0.89689,0.8973,0.89612,0.89656,2704.26
2023.05.17 10:00:00,0.89657,0.89883,0.89618,0.89829,5013.44
2023.05.17 11:00:00,0.89829,0.90075,0.89784,0.90019,4740.86
2023.05.17 12:00:00,0.9002,0.9005,0.8985,0.8992,4066.02
2023.05.17 13:00:00,0.89919,0.89941,0.8988,0.89927,3255.07
2023.05.17 14:00:00,0.89926,0.89993,0.89839,0.89992,4244.21
2023.05.17 15:00:00,0.8999,0.90112,0.89936,0.90057,6916.72
2023.05.17 16:00:00,0.90059,0.90218,0.89946,0.90198,9098.69
2023.05.17 17:00:00,0.90196,0.90252,0.89835,0.89905,7526.54
2023.05.17 18:00:00,0.89904,0.89998,0.89829,0.89924,4282.16
2023.05.17 19:00:00,0.89925,0.89925,0.89799,0.89821,2110.03
2023.05.17 20:00:00,0.89821,0.89859,0.8978,0.89816,1966.32
2023.05.17 21:00:00,0.89815,0.89884,0.89795,0.89864,1517.27
2023.05.17 22:00:00,0.89862,0.89862,0.89809,0.89823,1169.35
2023.05.17 23:00:00,0.89828,0.89857,0.89812,0.89827,971.25
2023.05.18 00:00:00,0.89806,0.89848,0.89769,0.89814,2868.4
2023.05.18 01:00:00,0.89812,0.89857,0.89812,0.89847,2175.76
2023.05.18 02:00:00,0.89848,0.89873,0.89848,0.8986,560.21
2023.05.18 03:00:00,0.8986,0.89888,0.89839,0.89843,1382.09
2023.05.18 04:00:00,0.89843,0.89866,0.89799,0.89826,1607.28
2023.05.18 05:00:00,0.89825,0.89842,0.89802,0.89808,1846.63
2023.05.18 06:00:00,0.89807,0.89851,0.89802,0.89839,642.33
2023.05.18 07:00:00,0.89838,0.89917,0.89834,0.89911,788.4
2023.05.18 08:00:00,0.8991,0.89983,0.89904,0.89968,1369.83
2023.05.18 09:00:00,0.89967,0.89969,0.89833,0.89862,3357.46
2023.05.18 10:00:00,0.89861,0.90102,0.89839,0.90037,5509.19
2023.05.18 11:00:00,0.90036,0.90084,0.8998,0.9004,6351.03
2023.05.18 12:00:00,0.90041,0.90095,0.90007,0.90022,3941.66
2023.05.18 13:00:00,0.90023,0.90106,0.90021,0.90038,2975.03
2023.05.18 14:00:00,0.90038,0.90089,0.9,0.9001,3124.82
2023.05.18 15:00:00,0.9001,0.90229,0.89991,0.90198,8600.9
2023.05.18 16:00:00,0.90196,0.90443,0.90114,0.90416,9315.68
2023.05.18 17:00:00,0.90415,0.90624,0.90338,0.90562,6058.57
2023.05.18 18:00:00,0.90561,0.9058,0.90458,0.9046,2754.23
2023.05.18 19:00:00,0.9046,0.90542,0.90411,0.90536,1695.02
2023.05.18 20:00:00,0.90536,0.9057,0.90491,0.90511,1303.27
2023.05.18 21:00:00,0.90511,0.90532,0.9049,0.90521,884.2
2023.05.18 22:00:00,0.90521,0.90548,0.9047,0.90486,1463.46
2023.05.18 23:00:00,0.90487,0.90518,0.90461,0.90498,1561.96
2023.05.19 00:00:00,0.90488,0.90524,0.90447,0.9046,3997.34
2023.05.19 01:00:00,0.90461,0.90513,0.90457,0.90472,3899.58
2023.05.19 02:00:00,0.90472,0.90497,0.90464,0.90487,1420.14
2023.05.19 03:00:00,0.90486,0.90493,0.90418,0.90459,1886.07
2023.05.19 04:00:00,0.90459,0.90584,0.9044,0.90551,1909.4
2023.05.19 05:00:00,0.90553,0.9058,0.90455,0.90475,1545.34
2023.05.19 06:00:00,0.90477,0.90514,0.90461,0.90479,1441.98
2023.05.19 07:00:00,0.90481,0.90517,0.90465,0.90498,846.11
2023.05.19 08:00:00,0.905,0.90509,0.90434,0.90448,1692.57
2023.05.19 09:00:00,0.90449,0.90481,0.90248,0.90303,3490.27
2023.05.19 10:00:00,0.90303,0.90315,0.90193,0.90289,3800.31
2023.05.19 11:00:00,0.9029,0.90347,0.90198,0.90292,3398.99
2023.05.19 12:00:00,0.90291,0.90361,0.90207,0.9022,3187.83
2023.05.19 13:00:00,0.9022,0.90261,0.90195,0.90228,4474.1
2023.05.19 14:00:00,0.90228,0.90258,0.90111,0.90112,3300.25
2023.05.19 15:00:00,0.90111,0.90212,0.90034,0.90184,3988.64
2023.05.19 16:00:00,0.90185,0.90311,0.90114,0.90152,4899.42
2023.05.19 17:00:00,0.90152,0.90244,0.90103,0.90214,3977.05
2023.05.19 18:00:00,0.90213,0.90226,0.89742,0.89884,13412.12
2023.05.19 19:00:00,0.89885,0.89994,0.89853,0.89879,3421.47
2023.05.19 20:00:00,0.89877,0.89912,0.89803,0.89857,1462.16
2023.05.19 21:00:00,0.89858,0.89979,0.89851,0.89962,1255.51
2023.05.19 22:00:00,0.89962,0.90046,0.89961,0.89973,1285.59
2023.05.19 23:00:00,0.89973,0.90012,0.89916,0.89925,2219.83
2023.05.22 00:00:00,0.89826,0.89883,0.89826,0.89854,446.6
2023.05.22 01:00:00,0.89854,0.89904,0.89819,0.89847,955.79
2023.05.22 02:00:00,0.89848,0.89858,0.8981,0.89823,1005.55
2023.05.22 03:00:00,0.89821,0.89862,0.89778,0.89791,1659.02
2023.05.22 04:00:00,0.89789,0.89789,0.89697,0.89757,2996.44
2023.05.22 05:00:00,0.89757,0.89822,0.89755,0.89792,2020.49
2023.05.22 06:00:00,0.89794,0.89816,0.89758,0.89786,1386.17
2023.05.22 07:00:00,0.89785,0.89834,0.89761,0.89821,1106.58
2023.05.22 08:00:00,0.8982,0.89872,0.89801,0.8987,1262.14
2023.05.22 09:00:00,0.8987,0.89878,0.89752,0.89851,3793.39
2023.05.22 10:00:00,0.89855,0.89968,0.89721,0.89739,5225.69
2023.05.22 11:00:00,0.89739,0.89785,0.89543,0.89558,5569.55
2023.05.22 12:00:00,0.89558,0.89566,0.89447,0.89488,4066.39
2023.05.22 13:00:00,0.89488,0.8952,0.89406,0.89518,3145.22
2023.05.22 14:00:00,0.89519,0.89642,0.89489,0.89609,3902.33
2023.05.22 15:00:00,0.8961,0.89717,0.89551,0.89687,5682.57
2023.05.22 16:00:00,0.89687,0.89848,0.89668,0.89809,6717.73
2023.05.22 17:00:00,0.89809,0.89904,0.89608,0.89902,11484.97
2023.05.22 18:00:00,0.89903,0.89935,0.89851,0.89913,4054.75
2023.05.22 19:00:00,0.89912,0.89922,0.8979,0.89813,3173.44
2023.05.22 20:00:00,0.89814,0.89829,0.89717,0.89734,2691.1
2023.05.22 21:00:00,0.89735,0.89765,0.89696,0.89713,2555.58
2023.05.22 22:00:00,0.89713,0.89815,0.89689,0.898,2756.59
2023.05.22 23:00:00,0.89801,0.89819,0.8976,0.89761,1616.04
2023.05.23 00:00:00,0.89762,0.89832,0.89736,0.89742,842.87
2023.05.23 01:00:00,0.89742,0.89794,0.89742,0.89773,945.13
2023.05.23 02:00:00,0.89773,0.89854,0.89765,0.89828,2334.47
2023.05.23 03:00:00,0.89823,0.89824,0.89751,0.8981,1318.84
2023.05.23 04:00:00,0.89812,0.8989,0.89806,0.89889,2111.46
2023.05.23 05:00:00,0.89889,0.89908,0.89823,0.89831,1662.23
2023.05.23 06:00:00,0.89831,0.89872,0.89817,0.89836,812.55
2023.05.23 07:00:00,0.8984,0.89857,0.89819,0.89845,1110.54
2023.05.23 08:00:00,0.89844,0.89947,0.89834,0.89885,1867.1
2023.05.23 09:00:00,0.89885,0.89939,0.89787,0.89832,3348.95
2023.05.23 10:00:00,0.89833,0.90017,0.89825,0.89939,5901.78
2023.05.23 11:00:00,0.89939,0.90044,0.89896,0.89926,5566.22
2023.05.23 12:00:00,0.89926,0.90144,0.89919,0.90143,2854.53
2023.05.23 13:00:00,0.90144,0.90188,0.90101,0.90126,3139.97
2023.05.23 14:00:00,0.90126,0.90171,0.90074,0.90144,3658.36
2023.05.23 15:00:00,0.90143,0.90292,0.90118,0.90285,5675.41
2023.05.23 16:00:00,0.90284,0.90284,0.90011,0.9006,10028.23
2023.05.23 17:00:00,0.90059,0.90083,0.8985,0.89992,7628.12
2023.05.23 18:00:00,0.89992,0.90145,0.8999,0.90137,3959.58
2023.05.23 19:00:00,0.90137,0.9022,0.90121,0.90159,2308.79
2023.05.23 20:00:00,0.9016,0.90182,0.9012,0.90134,1824.23
2023.05.23 21:00:00,0.90134,0.90167,0.90109,0.9012,1584.41
2023.05.23 22:00:00,0.90118,0.90205,0.90109,0.90195,1463.56
2023.05.23 23:00:00,0.90194,0.90196,0.90114,0.90117,894.07
2023.05.24 00:00:00,0.90097,0.9016,0.90045,0.90103,2352.24
2023.05.24 01:00:00,0.90103,0.90139,0.90094,0.90135,609.22
2023.05.24 02:00:00,0.90135,0.90157,0.9011,0.90144,973.78
2023.05.24 03:00:00,0.90142,0.9015,0.90064,0.90104,1197.14
2023.05.24 04:00:00,0.90105,0.90143,0.9008,0.90109,1344.11
2023.05.24 05:00:00,0.9011,0.90148,0.90076,0.90089,2080.29
2023.05.24 06:00:00,0.90088,0.90107,0.90065,0.90081,1366.17
2023.05.24 07:00:00,0.90082,0.90109,0.90079,0.90088,676.64
2023.05.24 08:00:00,0.90088,0.901,0.90048,0.90078,1012.36
2023.05.24 09:00:00,0.9008,0.90207,0.90047,0.90192,4510.1
2023.05.24 10:00:00,0.90193,0.90228,0.9008,0.9012,6077.13
2023.05.24 11:00:00,0.90119,0.90216,0.90056,0.90198,4484.1
2023.05.24 12:00:00,0.90199,0.90291,0.90168,0.90242,3448.1
2023.05.24 13:00:00,0.90242,0.9037,0.90235,0.90348,4505.95
2023.05.24 14:00:00,0.90349,0.90352,0.90201,0.90228,4038.97
2023.05.24 15:00:00,0.9023,0.90292,0.90161,0.90258,6605.31
2023.05.24 16:00:00,0.90256,0.90491,0.90226,0.9048,6076.73
2023.05.24 17:00:00,0.90481,0.90538,0.90425,0.90454,6397.84
2023.05.24 18:00:00,0.90454,0.90601,0.90417,0.90584,5877.46
2023.05.24 19:00:00,0.90585,0.90667,0.90531,0.90586,3982.7
2023.05.24 20:00:00,0.90585,0.90602,0.90471,0.9048,3050.11
2023.05.24 21:00:00,0.90477,0.90535,0.90376,0.90517,3648.21
2023.05.24 22:00:00,0.90516,0.90539,0.9044,0.90496,2658.09
2023.05.24 23:00:00,0.90496,0.90514,0.90473,0.90474,1037.7
2023.05.25 00:00:00,0.9044,0.90511,0.9044,0.90484,1255.16
2023.05.25 01:00:00,0.90484,0.90531,0.90423,0.90441,2575.96
2023.05.25 02:00:00,0.90445,0.90462,0.90417,0.9043,2019.59
2023.05.25 03:00:00,0.9043,0.90498,0.9043,0.90433,1639.04
2023.05.25 04:00:00,0.90435,0.9056,0.90388,0.90535,2492.32
2023.05.25 05:00:00,0.90534,0.90574,0.9051,0.9057,1413.68
2023.05.25 06:00:00,0.9057,0.90642,0.90565,0.90628,1062.4
2023.05.25 07:00:00,0.90626,0.90644,0.90614,0.9063,945.78
2023.05.25 08:00:00,0.9063,0.90657,0.90596,0.90614,1592.57
2023.05.25 09:00:00,0.90613,0.90681,0.90519,0.90608,4565.5
2023.05.25 10:00:00,0.90603,0.90664,0.90501,0.90511,4631.9
2023.05.25 11:00:00,0.90508,0.90588,0.90452,0.90575,3738.41
2023.05.25 12:00:00,0.90576,0.90635,0.90541,0.90572,2979.88
2023.05.25 13:00:00,0.90572,0.90613,0.90551,0.90604,2301.22
2023.05.25 14:00:00,0.90603,0.90613,0.90483,0.90492,2491.19
2023.05.25 15:00:00,0.9049,0.90689,0.90373,0.90636,10926.3
2023.05.25 16:00:00,0.90636,0.90694,0.90488,0.90639,8153.75
2023.05.25 17:00:00,0.90638,0.90643,0.9045,0.90497,8223.33
2023.05.25 18:00:00,0.90496,0.90635,0.9049,0.90594,4597.07
2023.05.25 19:00:00,0.90594,0.90731,0.9059,0.90713,2115.63
2023.05.25 20:00:00,0.90712,0.90713,0.90599,0.90608,2595.83
2023.05.25 21:00:00,0.9061,0.90644,0.9058,0.9063,1659.19
2023.05.25 22:00:00,0.90631,0.90662,0.90606,0.90606,2084.54
2023.05.25 23:00:00,0.90606,0.90628,0.90542,0.90542,1850.24
2023.05.26 00:00:00,0.90542,0.90543,0.90456,0.9054,1050.71
2023.05.26 01:00:00,0.9054,0.90565,0.90515,0.90533,1497.38
2023.05.26 02:00:00,0.90533,0.90535,0.90494,0.90508,1384.13
2023.05.26 03:00:00,0.90509,0.90566,0.90491,0.90518,1844.77
2023.05.26 04:00:00,0.90518,0.90518,0.90448,0.90464,2422.52
2023.05.26 05:00:00,0.90463,0.90521,0.9043,0.90499,1607.5
2023.05.26 06:00:00,0.905,0.90507,0.9046,0.90463,1446.29
2023.05.26 07:00:00,0.90463,0.90473,0.9044,0.90453,955.8
2023.05.26 08:00:00,0.90454,0.90479,0.90414,0.90472,2169.94
2023.05.26 09:00:00,0.90474,0.90538,0.90421,0.9049,3966.42
2023.05.26 10:00:00,0.90492,0.90544,0.90184,0.90284,5411.84
2023.05.26 11:00:00,0.90286,0.90443,0.90284,0.90386,4151.22
2023.05.26 12:00:00,0.90387,0.90422,0.90278,0.90296,3745.37
2023.05.26 13:00:00,0.90298,0.90395,0.9021,0.90274,3979.8
2023.05.26 14:00:00,0.90276,0.90326,0.90202,0.90251,3615.17
2023.05.26 15:00:00,0.9025,0.90434,0.90197,0.90355,8966.38
2023.05.26 16:00:00,0.90357,0.90546,0.90308,0.90493,6574.54
2023.05.26 17:00:00,0.90493,0.90716,0.90349,0.90709,9277.45
2023.05.26 18:00:00,0.90707,0.90742,0.90583,0.90597,4819.29
2023.05.26 19:00:00,0.90596,0.90596,0.90523,0.90543,2178.3
2023.05.26 20:00:00,0.90542,0.90546,0.90463,0.90531,1605.11
2023.05.26 21:00:00,0.90532,0.90537,0.90458,0.90471,1248.89
2023.05.26 22:00:00,0.9047,0.90497,0.9046,0.9049,876.4
2023.05.26 23:00:00,0.9049,0.90519,0.9046,0.9046,4650.19
2023.05.29 00:00:00,0.904,0.90516,0.90399,0.90513,396.84
2023.05.29 01:00:00,0.90511,0.90568,0.9044,0.90561,5378.01
2023.05.29 02:00:00,0.90556,0.90586,0.90537,0.90586,2072.42
2023.05.29 03:00:00,0.90586,0.90618,0.9056,0.90584,1353.6
2023.05.29 04:00:00,0.90584,0.90597,0.90522,0.90524,1272.62
2023.05.29 05:00:00,0.90523,0.90539,0.90502,0.9053,719.03
2023.05.29 06:00:00,0.90532,0.90536,0.90509,0.90521,542.68
2023.05.29 07:00:00,0.90521,0.90525,0.90483,0.90485,997.57
2023.05.29 08:00:00,0.90485,0.90496,0.9045,0.90467,950.37
2023.05.29 09:00:00,0.90466,0.90474,0.90403,0.90446,2796.99
2023.05.29 10:00:00,0.90445,0.90503,0.90422,0.90433,2668.92
2023.05.29 11:00:00,0.90431,0.90521,0.90312,0.90328,2574.02
2023.05.29 12:00:00,0.90329,0.90389,0.90316,0.90339,1910.76
2023.05.29 13:00:00,0.90339,0.90433,0.90327,0.90389,1388.63
2023.05.29 14:00:00,0.90386,0.90393,0.9027,0.90354,2165.7
2023.05.29 15:00:00,0.90354,0.90378,0.90318,0.90341,2369.69
2023.05.29 16:00:00,0.90341,0.90387,0.90327,0.90357,2522.16
2023.05.29 17:00:00,0.90357,0.90426,0.90339,0.90425,1214.24
2023.05.29 18:00:00,0.90422,0.90422,0.90348,0.90353,923.18
2023.05.29 19:00:00,0.90352,0.90384,0.90344,0.90382,971.85
2023.05.29 20:00:00,0.90377,0.90383,0.90368,0.90376,623.27
2023.05.29 21:00:00,0.90377,0.90416,0.90375,0.90416,248.65
2023.05.29 22:00:00,0.90415,0.90449,0.90408,0.90425,1151.7
2023.05.29 23:00:00,0.90424,0.90447,0.90417,0.90417,1632.45
2023.05.30 00:00:00,0.90377,0.90412,0.9036,0.90389,627.36
2023.05.30 01:00:00,0.9039,0.90434,0.90378,0.90425,1389.45
2023.05.30 02:00:00,0.90426,0.90464,0.90423,0.90452,693.96
2023.05.30 03:00:00,0.90454,0.90472,0.90347,0.90384,2463.88
2023.05.30 04:00:00,0.90383,0.90385,0.90308,0.90342,2164.77
2023.05.30 05:00:00,0.9034,0.90357,0.90318,0.90335,1390.03
2023.05.30 06:00:00,0.90336,0.90448,0.90331,0.9041,1597.46
2023.05.30 07:00:00,0.90411,0.90438,0.90398,0.90403,1032.62
2023.05.30 08:00:00,0.90403,0.90635,0.90403,0.90586,2534.63
2023.05.30 09:00:00,0.90589,0.90658,0.90499,0.90516,4704.33
2023.05.30 10:00:00,0.90517,0.90839,0.90451,0.9064,8809.11
2023.05.30 11:00:00,0.9064,0.90662,0.90459,0.90472,5092.67
2023.05.30 12:00:00,0.90477,0.90559,0.90244,0.90275,6039.14
2023.05.30 13:00:00,0.90274,0.90274,0.90138,0.90239,5332.05
2023.05.30 14:00:00,0.90239,0.90291,0.9019,0.90216,4956.18
2023.05.30 15:00:00,0.90218,0.90318,0.90171,0.90307,6883.77
2023.05.30 16:00:00,0.90307,0.90381,0.90238,0.90353,5935.96
2023.05.30 17:00:00,0.90353,0.90429,0.90249,0.90392,7157.93
2023.05.30 18:00:00,0.90394,0.90505,0.9036,0.90488,2784.54
2023.05.30 19:00:00,0.90486,0.90635,0.90456,0.90634,2206.55
2023.05.30 20:00:00,0.90633,0.9069,0.90608,0.90651,2092.91
2023.05.30 21:00:00,0.90649,0.90654,0.90609,0.9062,1124.2
2023.05.30 22:00:00,0.90618,0.90623,0.90556,0.90571,1992.29
2023.05.30 23:00:00,0.90572,0.90628,0.90565,0.90565,1078.46
2023.05.31 00:00:00,0.90565,0.90591,0.90413,0.90575,1191.89
2023.05.31 01:00:00,0.90575,0.90622,0.90559,0.90604,1305.68
2023.05.31 02:00:00,0.90605,0.90619,0.90583,0.90605,1364.96
2023.05.31 03:00:00,0.90608,0.90668,0.90553,0.90569,1733.13
2023.05.31 04:00:00,0.90571,0.90713,0.90551,0.90698,2198.21
2023.05.31 05:00:00,0.90699,0.90782,0.9069,0.90749,1460.57
2023.05.31 06:00:00,0.9075,0.9082,0.90746,0.90808,1458
2023.05.31 07:00:00,0.9081,0.90852,0.90805,0.90823,1103.53
2023.05.31 08:00:00,0.90821,0.90874,0.90764,0.90778,2657.84
2023.05.31 09:00:00,0.90778,0.90935,0.90778,0.90932,4466.62
2023.05.31 10:00:00,0.90932,0.91173,0.90929,0.91156,5221.14
2023.05.31 11:00:00,0.91157,0.91187,0.91063,0.91123,4956.28
2023.05.31 12:00:00,0.91122,0.91151,0.91042,0.91042,4573.87
2023.05.31 13:00:00,0.91043,0.91146,0.91026,0.91036,2610.02
2023.05.31 14:00:00,0.91033,0.91046,0.90982,0.91007,2977.14
2023.05.31 15:00:00,0.91006,0.91098,0.90983,0.91066,3769.01
2023.05.31 16:00:00,0.91067,0.91149,0.90957,0.91081,6535.47
2023.05.31 17:00:00,0.9108,0.91428,0.91047,0.91403,12801.65
2023.05.31 18:00:00,0.91403,0.91449,0.91228,0.91294,5993.78
2023.05.31 19:00:00,0.91293,0.91471,0.91289,0.91429,3180.36
2023.05.31 20:00:00,0.91427,0.91443,0.91123,0.91154,4236.82
2023.05.31 21:00:00,0.91156,0.9118,0.91049,0.91122,2833.61
2023.05.31 22:00:00,0.9112,0.91156,0.91035,0.91081,2969.23
2023.05.31 23:00:00,0.91082,0.91086,0.91036,0.91055,1589.9
2023.06.01 00:00:00,0.91054,0.91068,0.90981,0.91029,2574.35
2023.06.01 01:00:00,0.91022,0.91052,0.91003,0.91033,985.08
2023.06.01 02:00:00,0.91036,0.91041,0.90994,0.90997,1970.82
2023.06.01 03:00:00,0.90997,0.91055,0.90988,0.91049,1519.01
2023.06.01 04:00:00,0.91049,0.91117,0.91031,0.91052,2314.44
2023.06.01 05:00:00,0.91054,0.91081,0.91038,0.91054,1238.92
2023.06.01 06:00:00,0.91055,0.91104,0.9103,0.91088,978.5
2023.06.01 07:00:00,0.91088,0.91099,0.91051,0.91092,1249.51
2023.06.01 08:00:00,0.91094,0.91126,0.91068,0.91095,1736.36
2023.06.01 09:00:00,0.91093,0.91137,0.91054,0.91095,3424.28
2023.06.01 10:00:00,0.91096,0.91137,0.91013,0.91086,4931.04
2023.06.01 11:00:00,0.91086,0.91107,0.90996,0.91005,2843.28
2023.06.01 12:00:00,0.91004,0.91055,0.90825,0.90842,3988.92
2023.06.01 13:00:00,0.9084,0.90894,0.90782,0.9081,3042.65
2023.06.01 14:00:00,0.9081,0.90815,0.90747,0.908,2527.31
2023.06.01 15:00:00,0.90801,0.9111,0.90785,0.90863,9707.17
2023.06.01 16:00:00,0.90862,0.91011,0.90757,0.90885,7642.67
2023.06.01 17:00:00,0.90884,0.90996,0.90737,0.90878,9549.04
2023.06.01 18:00:00,0.90879,0.90924,0.90707,0.9077,5312.78
2023.06.01 19:00:00,0.90771,0.90771,0.90662,0.90701,3299.94
2023.06.01 20:00:00,0.907,0.9073,0.90632,0.90633,1460.4
2023.06.01 21:00:00,0.90633,0.90637,0.90535,0.90597,1875.19
2023.06.01 22:00:00,0.90596,0.90648,0.90591,0.90607,1134.51
2023.06.01 23:00:00,0.90607,0.90617,0.90529,0.90529,3947.26
2023.06.02 00:00:00,0.90517,0.90592,0.90482,0.90536,2246.33
2023.06.02 01:00:00,0.90542,0.90581,0.90531,0.90534,1936.2
2023.06.02 02:00:00,0.90534,0.90571,0.9053,0.90559,1482.37
2023.06.02 03:00:00,0.90558,0.90579,0.905,0.90518,1387.19
2023.06.02 04:00:00,0.90517,0.90547,0.90484,0.90526,2559.28
2023.06.02 05:00:00,0.90524,0.90537,0.90463,0.90475,1115.4
2023.06.02 06:00:00,0.90476,0.90486,0.90418,0.90434,1339.11
2023.06.02 07:00:00,0.90436,0.90488,0.90435,0.90465,1475.26
2023.06.02 08:00:00,0.90464,0.905,0.90429,0.9044,2140.85
2023.06.02 09:00:00,0.90439,0.90439,0.90351,0.90398,3102.42
2023.06.02 10:00:00,0.90399,0.90518,0.90344,0.9051,4447.76
2023.06.02 11:00:00,0.9051,0.90513,0.90382,0.90436,3059
2023.06.02 12:00:00,0.90437,0.90586,0.90423,0.90559,3422.4
2023.06.02 13:00:00,0.90559,0.90574,0.90446,0.90543,2725.55
2023.06.02 14:00:00,0.90543,0.90693,0.90538,0.90681,2815.1
2023.06.02 15:00:00,0.9068,0.90855,0.90578,0.90733,11929.15
2023.06.02 16:00:00,0.9073,0.90772,0.90467,0.90756,11492.51
2023.06.02 17:00:00,0.90756,0.90884,0.90659,0.90717,7965.96
2023.06.02 18:00:00,0.90715,0.90806,0.90674,0.90753,4077.84
2023.06.02 19:00:00,0.90754,0.90896,0.90752,0.90853,2835.84
2023.06.02 20:00:00,0.90853,0.90889,0.90799,0.90885,1735.27
2023.06.02 21:00:00,0.90885,0.90908,0.90839,0.90872,1655.05
2023.06.02 22:00:00,0.90869,0.90913,0.90845,0.90897,1860.79
2023.06.02 23:00:00,0.90896,0.90912,0.90866,0.90866,2536.29
2023.06.05 00:00:00,0.90712,0.90841,0.90712,0.90789,171.03
2023.06.05 01:00:00,0.90791,0.9092,0.90791,0.90918,1973.42
2023.06.05 02:00:00,0.90918,0.90994,0.90912,0.90977,1947.84
2023.06.05 03:00:00,0.90976,0.91049,0.90971,0.91015,1317.75
2023.06.05 04:00:00,0.91014,0.91053,0.9097,0.91005,2148.84
2023.06.05 05:00:00,0.91006,0.91022,0.90983,0.90987,1768.65
2023.06.05 06:00:00,0.90987,0.90989,0.90947,0.90954,867.43
2023.06.05 07:00:00,0.90955,0.91003,0.90951,0.90993,800.5
2023.06.05 08:00:00,0.90995,0.91074,0.90992,0.91066,1443.48
2023.06.05 09:00:00,0.91066,0.9116,0.90946,0.91006,4630.97
2023.06.05 10:00:00,0.91014,0.91192,0.90978,0.91084,5076.21
2023.06.05 11:00:00,0.91083,0.91129,0.91014,0.91076,3885.4
2023.06.05 12:00:00,0.91078,0.91134,0.90969,0.91043,3160.19
2023.06.05 13:00:00,0.91042,0.91177,0.91035,0.91098,2805.19
2023.06.05 14:00:00,0.91101,0.91142,0.91046,0.9106,2588.57
2023.06.05 15:00:00,0.91058,0.91191,0.91006,0.91128,4089.34
2023.06.05 16:00:00,0.91128,0.91148,0.90995,0.91042,4529.77
2023.06.05 17:00:00,0.91041,0.91041,0.90519,0.90621,11306.5
2023.06.05 18:00:00,0.90622,0.90693,0.90577,0.90577,3004.39
2023.06.05 19:00:00,0.90576,0.90618,0.90545,0.90576,2652.93
2023.06.05 20:00:00,0.90578,0.90579,0.90524,0.90529,1937.83
2023.06.05 21:00:00,0.90529,0.90563,0.90521,0.90562,1836.79
2023.06.05 22:00:00,0.90561,0.90594,0.90524,0.90589,2034.62
2023.06.05 23:00:00,0.90588,0.90638,0.9057,0.906,1119.22
2023.06.06 00:00:00,0.906,0.90601,0.90465,0.90561,334
2023.06.06 01:00:00,0.90561,0.90659,0.90561,0.90608,2201.52
2023.06.06 02:00:00,0.90608,0.90636,0.9059,0.90603,1095.42
2023.06.06 03:00:00,0.90604,0.90617,0.90574,0.90579,815.94
2023.06.06 04:00:00,0.90577,0.90597,0.90567,0.90577,1123.13
2023.06.06 05:00:00,0.90577,0.90577,0.90498,0.9054,1231.41
2023.06.06 06:00:00,0.9054,0.90573,0.90539,0.90564,598.74
2023.06.06 07:00:00,0.90564,0.90569,0.90486,0.90488,1496.81
2023.06.06 08:00:00,0.90486,0.90487,0.90424,0.90442,2281.71
2023.06.06 09:00:00,0.90442,0.90457,0.90353,0.904,3957.88
2023.06.06 10:00:00,0.90401,0.90656,0.90331,0.90589,7246.19
2023.06.06 11:00:00,0.90588,0.9073,0.90562,0.90607,5875.34
2023.06.06 12:00:00,0.90606,0.9075,0.90587,0.90723,3536.33
2023.06.06 13:00:00,0.90724,0.90845,0.90717,0.90753,4255.23
2023.06.06 14:00:00,0.90753,0.90826,0.9073,0.90823,2831.66
2023.06.06 15:00:00,0.90825,0.90965,0.90759,0.90878,5787.03
2023.06.06 16:00:00,0.90878,0.90952,0.90801,0.90921,5263.48
2023.06.06 17:00:00,0.9092,0.90978,0.9084,0.90855,4624.47
2023.06.06 18:00:00,0.90855,0.90872,0.90744,0.90763,2948.94
2023.06.06 19:00:00,0.90763,0.90783,0.90717,0.90764,1575.57
2023.06.06 20:00:00,0.90766,0.90791,0.90751,0.90786,931.64
2023.06.06 21:00:00,0.9078,0.90794,0.90744,0.90755,995.76
2023.06.06 22:00:00,0.90755,0.90786,0.90736,0.90781,966.63
2023.06.06 23:00:00,0.90779,0.90781,0.90742,0.90744,1173.22
2023.06.07 00:00:00,0.90744,0.90751,0.90705,0.90749,545.85
2023.06.07 01:00:00,0.90749,0.90797,0.90725,0.90738,789.41
2023.06.07 02:00:00,0.90737,0.90756,0.90705,0.90708,654.19
2023.06.07 03:00:00,0.90706,0.90706,0.90628,0.90665,1221.71
2023.06.07 04:00:00,0.90665,0.90739,0.90632,0.907,2052.97
2023.06.07 05:00:00,0.90699,0.90764,0.90697,0.90697,1397.96
2023.06.07 06:00:00,0.90698,0.9072,0.90674,0.90678,883.13
2023.06.07 07:00:00,0.90679,0.90727,0.90666,0.907,534.9
2023.06.07 08:00:00,0.90699,0.90778,0.90698,0.90742,1338.86
2023.06.07 09:00:00,0.90743,0.90868,0.9073,0.90775,3353.96
2023.06.07 10:00:00,0.90775,0.90872,0.90738,0.90768,3412.05
2023.06.07 11:00:00,0.9077,0.90821,0.90634,0.90636,3074.11
2023.06.07 12:00:00,0.90634,0.90685,0.90595,0.90644,2793.29
2023.06.07 13:00:00,0.90645,0.9069,0.90534,0.90565,2957.96
2023.06.07 14:00:00,0.90564,0.90597,0.90511,0.90551,3294.87
2023.06.07 15:00:00,0.90553,0.90654,0.90501,0.906,4722.29
2023.06.07 16:00:00,0.90601,0.90638,0.90437,0.90441,5134.15
2023.06.07 17:00:00,0.90439,0.90779,0.90428,0.9077,8944.34
2023.06.07 18:00:00,0.9077,0.90945,0.90741,0.90892,4106.39
2023.06.07 19:00:00,0.90891,0.90988,0.90855,0.90969,2490.83
2023.06.07 20:00:00,0.90968,0.90988,0.90935,0.90954,1596.38
2023.06.07 21:00:00,0.90953,0.91,0.90952,0.90972,1756.83
2023.06.07 22:00:00,0.90971,0.91065,0.90945,0.91065,1447.4
2023.06.07 23:00:00,0.91063,0.91067,0.90984,0.90984,1421.8
2023.06.08 00:00:00,0.9096,0.90985,0.90907,0.90964,1416.65
2023.06.08 01:00:00,0.90964,0.91013,0.90951,0.90976,1146.71
2023.06.08 02:00:00,0.90976,0.91004,0.90944,0.90955,835.63
2023.06.08 03:00:00,0.90954,0.90958,0.90899,0.90917,928.02
2023.06.08 04:00:00,0.90916,0.90958,0.90905,0.90917,1086.32
2023.06.08 05:00:00,0.90917,0.90947,0.90892,0.90926,817.14
2023.06.08 06:00:00,0.90927,0.90951,0.90914,0.90947,1363.77
2023.06.08 07:00:00,0.90947,0.90976,0.90921,0.9093,937.63
2023.06.08 08:00:00,0.90932,0.90947,0.90859,0.90936,1429.33
2023.06.08 09:00:00,0.90936,0.91024,0.90887,0.91017,2734.14
2023.06.08 10:00:00,0.91017,0.91073,0.90924,0.90924,4556.22
2023.06.08 11:00:00,0.90923,0.90948,0.90807,0.90861,2989.37
2023.06.08 12:00:00,0.90864,0.90987,0.90848,0.90957,3201.22
2023.06.08 13:00:00,0.90954,0.90976,0.90905,0.90937,2365.11
2023.06.08 14:00:00,0.90939,0.91,0.90845,0.90894,3784.74
2023.06.08 15:00:00,0.90891,0.90893,0.90249,0.90277,10901.18
2023.06.08 16:00:00,0.90277,0.9029,0.90069,0.90122,7937.74
2023.06.08 17:00:00,0.90121,0.90155,0.89967,0.90104,7268.68
2023.06.08 18:00:00,0.90102,0.90122,0.89992,0.90035,4085.53
2023.06.08 19:00:00,0.90034,0.90067,0.89971,0.90018,2147.12
2023.06.08 20:00:00,0.90017,0.90034,0.89978,0.90019,1699.24
2023.06.08 21:00:00,0.90018,0.9002,0.89912,0.89916,1457.87
2023.06.08 22:00:00,0.89914,0.89955,0.89893,0.89933,1586.55
2023.06.08 23:00:00,0.89934,0.89942,0.8988,0.89882,1596.29
2023.06.09 00:00:00,0.8987,0.89881,0.89852,0.89862,712.9
2023.06.09 01:00:00,0.89864,0.89905,0.89858,0.89879,1297.9
2023.06.09 02:00:00,0.89877,0.89895,0.89854,0.89894,1193.21
2023.06.09 03:00:00,0.89893,0.89928,0.89876,0.89918,1207.13
2023.06.09 04:00:00,0.89919,0.8994,0.89895,0.89932,1399.82
2023.06.09 05:00:00,0.89931,0.89951,0.89923,0.8994,919.97
2023.06.09 06:00:00,0.89941,0.89944,0.89919,0.89935,1151.26
2023.06.09 07:00:00,0.89935,0.89971,0.89931,0.8996,756.48
2023.06.09 08:00:00,0.89961,0.89982,0.89872,0.899,1285.2
2023.06.09 09:00:00,0.89897,0.89941,0.89843,0.8988,3081.78
2023.06.09 10:00:00,0.8988,0.90037,0.89862,0.89957,4456.13
2023.06.09 11:00:00,0.89958,0.9016,0.89955,0.90044,3535.27
2023.06.09 12:00:00,0.90044,0.90198,0.90021,0.90193,3028.99
2023.06.09 13:00:00,0.90193,0.90243,0.90159,0.90177,2976.68
2023.06.09 14:00:00,0.90175,0.9022,0.90117,0.90149,3443.06
2023.06.09 15:00:00,0.90149,0.90172,0.8998,0.90104,6597.11
2023.06.09 16:00:00,0.90104,0.90224,0.90046,0.90157,7145.6
2023.06.09 17:00:00,0.90155,0.90279,0.90132,0.90212,5208.39
2023.06.09 18:00:00,0.90212,0.90278,0.90144,0.90264,3045.36
2023.06.09 19:00:00,0.90265,0.90324,0.9024,0.90299,1670.45
2023.06.09 20:00:00,0.90302,0.90316,0.90241,0.90255,947.19
2023.06.09 21:00:00,0.90254,0.90315,0.90243,0.90308,993.22
2023.06.09 22:00:00,0.9031,0.9039,0.90279,0.90374,1365.29
2023.06.09 23:00:00,0.90375,0.90375,0.90263,0.90272,3485.52
2023.06.12 00:00:00,0.9029,0.9032,0.90146,0.90289,234.39
2023.06.12 01:00:00,0.90292,0.90371,0.90292,0.90355,1119.41
2023.06.12 02:00:00,0.90356,0.90387,0.90317,0.90329,1282.56
2023.06.12 03:00:00,0.90328,0.90373,0.90316,0.90365,792.05
2023.06.12 04:00:00,0.90365,0.90421,0.90342,0.90415,2897.58
2023.06.12 05:00:00,0.90415,0.90455,0.90402,0.90405,1833.08
2023.06.12 06:00:00,0.90406,0.9043,0.90381,0.9039,1461.79
2023.06.12 07:00:00,0.90392,0.90428,0.90373,0.90428,1644.35
2023.06.12 08:00:00,0.90429,0.90445,0.90391,0.90403,1114.68
2023.06.12 09:00:00,0.90402,0.90402,0.90298,0.90332,2043.21
2023.06.12 10:00:00,0.90333,0.90365,0.90176,0.90235,4636.12
2023.06.12 11:00:00,0.90236,0.90264,0.90153,0.90233,4282.14
2023.06.12 12:00:00,0.90233,0.90352,0.902,0.90309,3642.06
2023.06.12 13:00:00,0.90306,0.90521,0.90288,0.90495,3421.39
2023.06.12 14:00:00,0.90497,0.90591,0.90441,0.90574,2950.2
2023.06.12 15:00:00,0.90576,0.90625,0.90493,0.90588,4076.36
2023.06.12 16:00:00,0.9059,0.90875,0.90566,0.9084,5477.86
2023.06.12 17:00:00,0.90841,0.90953,0.90774,0.9093,4956.14
2023.06.12 18:00:00,0.90929,0.91014,0.90863,0.90988,4485.04
2023.06.12 19:00:00,0.90985,0.9109,0.90925,0.91048,2333.36
2023.06.12 20:00:00,0.91047,0.91062,0.90964,0.90994,1673.73
2023.06.12 21:00:00,0.90991,0.91019,0.90945,0.90981,1738.09
2023.06.12 22:00:00,0.90979,0.90979,0.90845,0.90856,2298.61
2023.06.12 23:00:00,0.90855,0.90885,0.90848,0.90878,1291.82
2023.06.13 00:00:00,0.90847,0.90859,0.90815,0.90842,244.69
2023.06.13 01:00:00,0.90842,0.90868,0.90836,0.90856,1230.23
2023.06.13 02:00:00,0.90857,0.90861,0.9082,0.90857,912.47
2023.06.13 03:00:00,0.90857,0.90891,0.90836,0.90891,880.16
2023.06.13 04:00:00,0.90892,0.90892,0.90816,0.90824,1393.05
2023.06.13 05:00:00,0.90826,0.90833,0.90759,0.90775,1127.52
2023.06.13 06:00:00,0.90775,0.90775,0.9071,0.90712,743.6
2023.06.13 07:00:00,0.90711,0.90749,0.90678,0.90679,709.33
2023.06.13 08:00:00,0.90679,0.90681,0.90567,0.90641,1568.08
2023.06.13 09:00:00,0.90635,0.90645,0.90436,0.9048,4270.1
2023.06.13 10:00:00,0.90479,0.9048,0.90353,0.90439,4778.65
2023.06.13 11:00:00,0.90442,0.90525,0.90442,0.90466,3409.3
2023.06.13 12:00:00,0.90466,0.90648,0.90466,0.90632,3355.14
2023.06.13 13:00:00,0.90633,0.90669,0.90579,0.90619,3185.72
2023.06.13 14:00:00,0.90619,0.90661,0.90589,0.90624,2240.03
2023.06.13 15:00:00,0.90624,0.90671,0.90315,0.90476,11332.84
2023.06.13 16:00:00,0.90478,0.90636,0.90408,0.90608,8297.01
2023.06.13 17:00:00,0.90609,0.90731,0.90423,0.90533,5860.65
2023.06.13 18:00:00,0.90532,0.90662,0.90424,0.90534,4550.92
2023.06.13 19:00:00,0.90533,0.90552,0.90319,0.90377,3621.31
2023.06.13 20:00:00,0.90375,0.90541,0.90347,0.90497,2742.99
2023.06.13 21:00:00,0.90498,0.906,0.90474,0.90577,2477.56
2023.06.13 22:00:00,0.90577,0.90621,0.90522,0.90532,2765.04
2023.06.13 23:00:00,0.90532,0.90555,0.90495,0.90503,1930.77
2023.06.14 00:00:00,0.90502,0.90529,0.90465,0.90503,603.06
2023.06.14 01:00:00,0.90503,0.90528,0.90474,0.90483,2045.72
2023.06.14 02:00:00,0.90484,0.90536,0.90483,0.90524,1357.09
2023.06.14 03:00:00,0.90523,0.90565,0.90478,0.90529,1787.42
2023.06.14 04:00:00,0.90531,0.90543,0.90452,0.90464,1868.1
2023.06.14 05:00:00,0.90465,0.90478,0.9043,0.90448,1691.21
2023.06.14 06:00:00,0.90446,0.90486,0.90446,0.90474,1699.09
2023.06.14 07:00:00,0.90475,0.90524,0.90474,0.90489,1557.56
2023.06.14 08:00:00,0.90496,0.90577,0.90489,0.90558,1891.9
2023.06.14 09:00:00,0.90557,0.906,0.90466,0.90485,2836.38
2023.06.14 10:00:00,0.90481,0.90498,0.90373,0.90436,3431.05
2023.06.14 11:00:00,0.90434,0.90497,0.90399,0.9042,2712.86
2023.06.14 12:00:00,0.9042,0.90425,0.90227,0.90281,3012.08
2023.06.14 13:00:00,0.9028,0.90302,0.90234,0.90271,2480.53
2023.06.14 14:00:00,0.90273,0.90316,0.90218,0.90256,2637.17
2023.06.14 15:00:00,0.90254,0.9026,0.8988,0.89887,5907.97
2023.06.14 16:00:00,0.89888,0.8997,0.89767,0.8978,4574.87
2023.06.14 17:00:00,0.89781,0.89824,0.89692,0.89776,3880.81
2023.06.14 18:00:00,0.89778,0.89827,0.89701,0.89727,2737.47
2023.06.14 19:00:00,0.89724,0.89742,0.89651,0.89671,2411.3
2023.06.14 20:00:00,0.89672,0.89792,0.89653,0.89791,2444.49
2023.06.14 21:00:00,0.898,0.90294,0.89727,0.89956,15937.52
2023.06.14 22:00:00,0.89955,0.9019,0.89897,0.90151,7170.46
2023.06.14 23:00:00,0.90152,0.90175,0.90072,0.90086,3029.51
2023.06.15 00:00:00,0.90008,0.90091,0.90008,0.90066,1917.77
2023.06.15 01:00:00,0.90066,0.90093,0.90039,0.90065,1700.77
2023.06.15 02:00:00,0.90065,0.9008,0.90019,0.9002,1442.56
2023.06.15 03:00:00,0.9002,0.90081,0.89999,0.90072,1780.31
2023.06.15 04:00:00,0.90073,0.90314,0.90073,0.90303,3124.49
2023.06.15 05:00:00,0.90305,0.90346,0.90256,0.90312,2730.3
2023.06.15 06:00:00,0.90314,0.90352,0.90289,0.90336,1770.62
2023.06.15 07:00:00,0.90334,0.9039,0.90332,0.90388,1737.82
2023.06.15 08:00:00,0.90389,0.90454,0.90288,0.90329,2731.03
2023.06.15 09:00:00,0.90329,0.90494,0.90313,0.90456,3556.78
2023.06.15 10:00:00,0.90452,0.90559,0.90353,0.90367,3863.09
2023.06.15 11:00:00,0.90369,0.904,0.90247,0.90316,3310.78
2023.06.15 12:00:00,0.90313,0.90318,0.90085,0.90088,3549.6
2023.06.15 13:00:00,0.90087,0.90142,0.90008,0.90062,2847.97
2023.06.15 14:00:00,0.9006,0.90255,0.90054,0.9022,3524.27
2023.06.15 15:00:00,0.90221,0.90226,0.89858,0.89952,9842.73
2023.06.15 16:00:00,0.89953,0.89964,0.89575,0.89593,8581.81
2023.06.15 17:00:00,0.89592,0.8964,0.89346,0.89427,6324.55
2023.06.15 18:00:00,0.89428,0.89449,0.89272,0.89273,3643.75
2023.06.15 19:00:00,0.89272,0.89272,0.8908,0.89136,2749.96
2023.06.15 20:00:00,0.89138,0.89197,0.89072,0.89114,1755.35
2023.06.15 21:00:00,0.89111,0.89145,0.89067,0.89107,1480.04
2023.06.15 22:00:00,0.89109,0.89148,0.89102,0.89116,1877.01
2023.06.15 23:00:00,0.89118,0.89185,0.89102,0.89167,1080.71
2023.06.16 00:00:00,0.89166,0.89168,0.89122,0.89151,1416.11
2023.06.16 01:00:00,0.89151,0.89174,0.89123,0.89136,2215.45
2023.06.16 02:00:00,0.89136,0.8918,0.8912,0.89178,1489.12
2023.06.16 03:00:00,0.89181,0.89206,0.8913,0.892,1474.24
2023.06.16 04:00:00,0.89196,0.89205,0.89138,0.89193,1595.75
2023.06.16 05:00:00,0.89195,0.8924,0.89179,0.8923,2978.02
2023.06.16 06:00:00,0.89231,0.89231,0.89172,0.8922,1715.49
2023.06.16 07:00:00,0.89221,0.89233,0.89199,0.89227,1060.48
2023.06.16 08:00:00,0.89226,0.89228,0.89144,0.89176,4196.18
2023.06.16 09:00:00,0.89176,0.89176,0.89036,0.89143,6115.67
2023.06.16 10:00:00,0.89141,0.89202,0.89047,0.89068,5135.66
2023.06.16 11:00:00,0.89069,0.89214,0.89012,0.8908,5512.79
2023.06.16 12:00:00,0.89084,0.89258,0.89036,0.89163,3847.85
2023.06.16 13:00:00,0.89162,0.89228,0.89115,0.89208,3209.25
2023.06.16 14:00:00,0.89208,0.89208,0.89073,0.89132,4432.1
2023.06.16 15:00:00,0.89131,0.89284,0.89051,0.89269,5083.34
2023.06.16 16:00:00,0.89268,0.89319,0.89181,0.89234,5329.99
2023.06.16 17:00:00,0.89231,0.8949,0.89117,0.89402,9903.38
2023.06.16 18:00:00,0.89398,0.89455,0.89299,0.89433,4336.89
2023.06.16 19:00:00,0.89433,0.89433,0.89357,0.89374,3599.22
2023.06.16 20:00:00,0.89373,0.89383,0.8929,0.89359,2099.82
2023.06.16 21:00:00,0.89357,0.89391,0.8933,0.89369,1692.47
2023.06.16 22:00:00,0.89366,0.8947,0.89349,0.8946,2444.26
2023.06.16 23:00:00,0.89462,0.89465,0.89327,0.89327,3081.5
2023.06.19 00:00:00,0.89315,0.89399,0.8929,0.89343,1062.67
2023.06.19 01:00:00,0.89353,0.89472,0.89311,0.89412,10024.6
2023.06.19 02:00:00,0.89412,0.89468,0.89404,0.89444,7523.73
2023.06.19 03:00:00,0.89443,0.89456,0.89376,0.89446,2443.56
2023.06.19 04:00:00,0.89447,0.89453,0.8941,0.89423,1398.09
2023.06.19 05:00:00,0.89423,0.89426,0.89388,0.89424,1153.84
2023.06.19 06:00:00,0.89424,0.89452,0.89417,0.89437,1366.62
2023.06.19 07:00:00,0.89436,0.8948,0.8942,0.8942,1267.85
2023.06.19 08:00:00,0.8942,0.89444,0.89343,0.89371,1765.04
2023.06.19 09:00:00,0.89372,0.89444,0.89365,0.89384,4106.36
2023.06.19 10:00:00,0.89382,0.89496,0.89351,0.89382,5129.05
2023.06.19 11:00:00,0.89383,0.89471,0.89332,0.8946,4883.59
2023.06.19 12:00:00,0.8946,0.897,0.89419,0.89677,3771.62
2023.06.19 13:00:00,0.89677,0.89692,0.89508,0.89522,3806.36
2023.06.19 14:00:00,0.89518,0.89533,0.89409,0.89432,3683.91
2023.06.19 15:00:00,0.89431,0.8955,0.89417,0.89536,3360.76
2023.06.19 16:00:00,0.89535,0.89665,0.895,0.89652,3682.26
2023.06.19 17:00:00,0.89651,0.89748,0.89596,0.89612,4329.18
2023.06.19 18:00:00,0.89613,0.89626,0.89552,0.89607,2787.89
2023.06.19 19:00:00,0.89605,0.89634,0.89575,0.89628,1665.69
2023.06.19 20:00:00,0.89626,0.89633,0.89603,0.8963,1741.57
2023.06.19 21:00:00,0.89632,0.89632,0.89593,0.89616,745.26
2023.06.19 22:00:00,0.89616,0.89628,0.89607,0.89621,1439.54
2023.06.19 23:00:00,0.89622,0.89624,0.89541,0.89541,1238.54
2023.06.20 00:00:00,0.89541,0.89587,0.89514,0.89557,550.78
2023.06.20 01:00:00,0.89557,0.89561,0.89507,0.89561,1211.57
2023.06.20 02:00:00,0.89561,0.89603,0.8955,0.89585,1393.68
2023.06.20 03:00:00,0.89583,0.89653,0.89558,0.89608,2237.98
2023.06.20 04:00:00,0.89608,0.8967,0.89594,0.89649,3156.61
2023.06.20 05:00:00,0.89647,0.89671,0.89589,0.89612,2714.65
2023.06.20 06:00:00,0.89612,0.89658,0.89603,0.89656,1632.28
2023.06.20 07:00:00,0.89655,0.89721,0.89644,0.89717,2107.38
2023.06.20 08:00:00,0.89718,0.89748,0.89648,0.89651,3653.63
2023.06.20 09:00:00,0.89662,0.89717,0.89582,0.89707,4629.88
2023.06.20 10:00:00,0.89706,0.89862,0.89537,0.89562,5924.35
2023.06.20 11:00:00,0.89562,0.89751,0.89555,0.89684,5063.44
2023.06.20 12:00:00,0.89685,0.89763,0.89666,0.89704,4045.63
2023.06.20 13:00:00,0.89705,0.8977,0.89635,0.89768,3612.32
2023.06.20 14:00:00,0.8977,0.89791,0.89679,0.89727,3334.21
2023.06.20 15:00:00,0.89727,0.89834,0.8965,0.89746,5741.59
2023.06.20 16:00:00,0.89749,0.89873,0.89739,0.89799,7297.81
2023.06.20 17:00:00,0.898,0.90008,0.89774,0.89902,7386.6
2023.06.20 18:00:00,0.89901,0.89937,0.89811,0.89933,5169.47
2023.06.20 19:00:00,0.89934,0.89961,0.89817,0.89818,4286.5
2023.06.20 20:00:00,0.89818,0.89843,0.8979,0.89819,3023.35
2023.06.20 21:00:00,0.89818,0.89853,0.89782,0.89783,2003.67
2023.06.20 22:00:00,0.89782,0.89848,0.89777,0.89812,1268.11
2023.06.20 23:00:00,0.8981,0.89822,0.89755,0.89775,1024.16
2023.06.21 00:00:00,0.89775,0.89775,0.8972,0.89759,591.14
2023.06.21 01:00:00,0.89759,0.89778,0.89748,0.89754,2219.58
2023.06.21 02:00:00,0.89754,0.89787,0.89747,0.89768,1052.66
2023.06.21 03:00:00,0.89768,0.89823,0.89766,0.89811,1455.02
2023.06.21 04:00:00,0.89812,0.89847,0.89799,0.89845,1568.3
2023.06.21 05:00:00,0.89845,0.89884,0.89812,0.89875,1959.16
2023.06.21 06:00:00,0.89873,0.89889,0.89849,0.89862,1119.45
2023.06.21 07:00:00,0.89865,0.89874,0.89816,0.89834,1348.5
2023.06.21 08:00:00,0.89837,0.89858,0.89819,0.89836,1454.37
2023.06.21 09:00:00,0.89835,0.89942,0.89807,0.89877,6575.09
2023.06.21 10:00:00,0.89878,0.89943,0.89844,0.89902,5116.3
2023.06.21 11:00:00,0.89903,0.8993,0.89682,0.89683,6622.02
2023.06.21 12:00:00,0.89682,0.89795,0.89662,0.89786,4091.75
2023.06.21 13:00:00,0.89786,0.89809,0.8971,0.89757,4108.29
2023.06.21 14:00:00,0.89759,0.89763,0.8968,0.89731,3831.78
2023.06.21 15:00:00,0.89732,0.89912,0.89722,0.89785,7437.15
2023.06.21 16:00:00,0.89787,0.89975,0.89774,0.89824,7534.15
2023.06.21 17:00:00,0.89825,0.89857,0.8941,0.89505,8032.62
2023.06.21 18:00:00,0.89504,0.89569,0.89398,0.89505,5586.25
2023.06.21 19:00:00,0.89505,0.89546,0.89344,0.89404,2713.4
2023.06.21 20:00:00,0.89406,0.8944,0.89306,0.89328,3277.31
2023.06.21 21:00:00,0.89328,0.89338,0.89195,0.8927,3226.24
2023.06.21 22:00:00,0.89275,0.89311,0.89245,0.89288,2445.79
2023.06.21 23:00:00,0.89288,0.89317,0.8927,0.89298,826.24
2023.06.22 00:00:00,0.89284,0.89284,0.89255,0.89271,953.64
2023.06.22 01:00:00,0.89269,0.89284,0.89221,0.89225,1319.05
2023.06.22 02:00:00,0.89226,0.89254,0.89218,0.8925,1248.17
2023.06.22 03:00:00,0.89249,0.89264,0.89219,0.89247,2064.95
2023.06.22 04:00:00,0.89246,0.89254,0.89193,0.89195,1328.49
2023.06.22 05:00:00,0.89194,0.8924,0.89193,0.89213,997.62
2023.06.22 06:00:00,0.89212,0.89221,0.89194,0.89212,1286.14
2023.06.22 07:00:00,0.89213,0.8927,0.89202,0.89267,1337.95
2023.06.22 08:00:00,0.89268,0.89302,0.89248,0.89279,1845.65
2023.06.22 09:00:00,0.89278,0.8934,0.89243,0.89277,4304.39
2023.06.22 10:00:00,0.89277,0.89539,0.89059,0.89299,11350.2
2023.06.22 11:00:00,0.89296,0.89444,0.89268,0.89401,8302.91
2023.06.22 12:00:00,0.89401,0.89503,0.89325,0.89336,4917.83
2023.06.22 13:00:00,0.89337,0.89366,0.8925,0.89296,3823.84
2023.06.22 14:00:00,0.89293,0.89464,0.89211,0.89415,8663.33
2023.06.22 15:00:00,0.89415,0.89542,0.8927,0.89541,9742.8
2023.06.22 16:00:00,0.89543,0.89658,0.89416,0.89498,7911.32
2023.06.22 17:00:00,0.89497,0.89699,0.89431,0.89692,7136.93
2023.06.22 18:00:00,0.89692,0.89698,0.89535,0.89667,5471.16
2023.06.22 19:00:00,0.89665,0.89708,0.8964,0.89691,2787.48
2023.06.22 20:00:00,0.89691,0.89724,0.89644,0.89651,2435.41
2023.06.22 21:00:00,0.8965,0.89686,0.89615,0.89621,2062.45
2023.06.22 22:00:00,0.8962,0.8962,0.89479,0.89482,4658.73
2023.06.22 23:00:00,0.89482,0.89538,0.89452,0.89452,2146.34
2023.06.23 00:00:00,0.89447,0.89481,0.89432,0.8947,4048.8
2023.06.23 01:00:00,0.89469,0.89507,0.89444,0.89499,3008.26
2023.06.23 02:00:00,0.89501,0.89511,0.89475,0.89496,1292.77
2023.06.23 03:00:00,0.89494,0.8955,0.8949,0.89512,1711.75
2023.06.23 04:00:00,0.89514,0.8961,0.89508,0.89609,2208.76
2023.06.23 05:00:00,0.89609,0.89713,0.89609,0.89688,2784.25
2023.06.23 06:00:00,0.89688,0.89709,0.89649,0.897,1340.84
2023.06.23 07:00:00,0.89701,0.89757,0.89696,0.8971,2049.83
2023.06.23 08:00:00,0.8971,0.89747,0.89685,0.89733,2309.14
2023.06.23 09:00:00,0.89734,0.89826,0.89723,0.89812,3350.48
2023.06.23 10:00:00,0.89815,0.90128,0.89801,0.89995,11264.81
2023.06.23 11:00:00,0.89991,0.90076,0.89905,0.90039,6361.9
2023.06.23 12:00:00,0.90039,0.901,0.8993,0.89963,4932.45
2023.06.23 13:00:00,0.89963,0.89965,0.89856,0.8992,4090.82
2023.06.23 14:00:00,0.89921,0.89951,0.89807,0.89847,3629.65
2023.06.23 15:00:00,0.89847,0.89848,0.89566,0.89609,6116.39
2023.06.23 16:00:00,0.89608,0.89752,0.89451,0.89751,8097.92
2023.06.23 17:00:00,0.89752,0.89855,0.89577,0.8982,8660.66
2023.06.23 18:00:00,0.8982,0.89827,0.89724,0.89793,5574
2023.06.23 19:00:00,0.89793,0.89826,0.89778,0.89808,2953.95
2023.06.23 20:00:00,0.89807,0.8981,0.89702,0.89729,1928.85
2023.06.23 21:00:00,0.89727,0.89759,0.89713,0.89726,4741.59
2023.06.23 22:00:00,0.89725,0.89741,0.89668,0.89689,1764.8
2023.06.23 23:00:00,0.89688,0.89726,0.89628,0.89628,5002.48
2023.06.26 00:00:00,0.89574,0.89661,0.89574,0.8961,3238.14
2023.06.26 01:00:00,0.89613,0.89624,0.89559,0.89564,4015.43
2023.06.26 02:00:00,0.89564,0.89606,0.89555,0.89577,1640.68
2023.06.26 03:00:00,0.89579,0.89617,0.89511,0.89603,2068.92
2023.06.26 04:00:00,0.89605,0.89656,0.89541,0.89593,2417.06
2023.06.26 05:00:00,0.89594,0.89601,0.89551,0.89596,2085.15
2023.06.26 06:00:00,0.89597,0.89609,0.89552,0.89576,1367.5
2023.06.26 07:00:00,0.89575,0.89614,0.89567,0.89592,1179.16
2023.06.26 08:00:00,0.89592,0.89615,0.89531,0.89566,1724.22
2023.06.26 09:00:00,0.89567,0.8968,0.8955,0.896,3455.25
2023.06.26 10:00:00,0.89602,0.89604,0.89465,0.89518,4771.71
2023.06.26 11:00:00,0.89516,0.89567,0.89475,0.89511,4749.35
2023.06.26 12:00:00,0.89512,0.89536,0.8942,0.89444,3980.81
2023.06.26 13:00:00,0.89443,0.89459,0.89255,0.89306,3425.85
2023.06.26 14:00:00,0.89306,0.89325,0.89113,0.89165,3487.73
2023.06.26 15:00:00,0.89166,0.89285,0.8916,0.89274,3556.02
2023.06.26 16:00:00,0.89275,0.8942,0.89271,0.89369,4503.08
2023.06.26 17:00:00,0.89367,0.89541,0.89355,0.89496,6087.99
2023.06.26 18:00:00,0.89496,0.89514,0.89402,0.89466,3802.47
2023.06.26 19:00:00,0.89466,0.89534,0.89455,0.89483,2051.47
2023.06.26 20:00:00,0.89483,0.89508,0.89468,0.89506,1886.64
2023.06.26 21:00:00,0.89507,0.89528,0.89478,0.89488,1084.98
2023.06.26 22:00:00,0.89489,0.89567,0.89478,0.89544,1367.93
2023.06.26 23:00:00,0.89543,0.89573,0.89534,0.89566,593.49
2023.06.27 00:00:00,0.89565,0.89565,0.89313,0.89525,461.71
2023.06.27 01:00:00,0.89526,0.89566,0.89513,0.89528,4886.54
2023.06.27 02:00:00,0.89529,0.89586,0.89528,0.89573,1111.58
2023.06.27 03:00:00,0.89575,0.89655,0.89557,0.89644,1413.21
2023.06.27 04:00:00,0.89643,0.89652,0.89397,0.8947,3322.52
2023.06.27 05:00:00,0.89471,0.89534,0.89468,0.89496,2006.09
2023.06.27 06:00:00,0.89496,0.89511,0.89456,0.89477,1366.04
2023.06.27 07:00:00,0.89479,0.89502,0.89454,0.89499,1343.05
2023.06.27 08:00:00,0.895,0.89588,0.89466,0.89583,1807.27
2023.06.27 09:00:00,0.89583,0.89601,0.89423,0.89453,4231.71
2023.06.27 10:00:00,0.89453,0.8947,0.89375,0.89435,3924.34
2023.06.27 11:00:00,0.89437,0.89498,0.8942,0.89469,4301.64
2023.06.27 12:00:00,0.89471,0.89558,0.89459,0.895,3557.78
2023.06.27 13:00:00,0.89499,0.89524,0.89382,0.89422,3310.25
2023.06.27 14:00:00,0.89419,0.89465,0.89373,0.89464,2928.88
2023.06.27 15:00:00,0.89463,0.89463,0.89234,0.89309,6515.02
2023.06.27 16:00:00,0.89306,0.89463,0.89294,0.89392,8802.71
2023.06.27 17:00:00,0.89391,0.89701,0.89354,0.8959,10629.63
2023.06.27 18:00:00,0.89592,0.89628,0.89398,0.89416,5347.56
2023.06.27 19:00:00,0.89415,0.89433,0.89337,0.8935,3152.23
2023.06.27 20:00:00,0.8935,0.89377,0.89291,0.89298,2088.12
2023.06.27 21:00:00,0.89298,0.89329,0.89292,0.89296,1367.57
2023.06.27 22:00:00,0.89296,0.89334,0.89295,0.89324,1115.03
2023.06.27 23:00:00,0.89322,0.89376,0.89316,0.89344,1179.95
2023.06.28 00:00:00,0.89344,0.89344,0.89303,0.89308,553.41
2023.06.28 01:00:00,0.89305,0.89361,0.89305,0.89357,1048.62
2023.06.28 02:00:00,0.89357,0.89378,0.89352,0.89374,1746.4
2023.06.28 03:00:00,0.89376,0.89381,0.89318,0.89363,2881.29
2023.06.28 04:00:00,0.89364,0.89446,0.89355,0.89446,2437.47
2023.06.28 05:00:00,0.89446,0.89483,0.89407,0.89419,1833.17
2023.06.28 06:00:00,0.89419,0.89422,0.89386,0.89414,1208.97
2023.06.28 07:00:00,0.89413,0.89442,0.89386,0.89427,1311.78
2023.06.28 08:00:00,0.89426,0.89447,0.89395,0.89418,2008.81
2023.06.28 09:00:00,0.89418,0.89502,0.89371,0.89494,3792.42
2023.06.28 10:00:00,0.89492,0.89529,0.89437,0.89507,4477.08
2023.06.28 11:00:00,0.89508,0.89544,0.89432,0.89475,4641.57
2023.06.28 12:00:00,0.89474,0.89595,0.89456,0.89591,4028.09
2023.06.28 13:00:00,0.8959,0.89607,0.8946,0.89584,3606.98
2023.06.28 14:00:00,0.89587,0.89726,0.89581,0.8972,3996.27
2023.06.28 15:00:00,0.89719,0.89867,0.89713,0.89855,6314.63
2023.06.28 16:00:00,0.89855,0.89868,0.8959,0.89669,8626.55
2023.06.28 17:00:00,0.89669,0.8978,0.89606,0.89737,7797.47
2023.06.28 18:00:00,0.89742,0.89762,0.89634,0.89749,4845.25
2023.06.28 19:00:00,0.89749,0.89756,0.89631,0.89644,3288.48
2023.06.28 20:00:00,0.89645,0.89657,0.89591,0.89612,2265.75
2023.06.28 21:00:00,0.89613,0.89633,0.8957,0.89631,1691.47
2023.06.28 22:00:00,0.89634,0.89684,0.89631,0.89672,1427.42
2023.06.28 23:00:00,0.89673,0.89707,0.89639,0.89679,1337.94
2023.06.29 00:00:00,0.89678,0.89686,0.89583,0.89618,801.75
2023.06.29 01:00:00,0.89623,0.89677,0.89621,0.89666,759.78
2023.06.29 02:00:00,0.89668,0.89673,0.89638,0.89672,1245.67
2023.06.29 03:00:00,0.89673,0.89757,0.89667,0.89714,1679.47
2023.06.29 04:00:00,0.89713,0.89729,0.89652,0.89729,1970.61
2023.06.29 05:00:00,0.89729,0.89818,0.89729,0.89815,1780.02
2023.06.29 06:00:00,0.89815,0.89843,0.898,0.8981,2433.14
2023.06.29 07:00:00,0.8981,0.89867,0.89802,0.89853,1236.92
2023.06.29 08:00:00,0.89851,0.89884,0.898,0.89813,2440.25
2023.06.29 09:00:00,0.89812,0.89896,0.89803,0.89859,3852.05
2023.06.29 10:00:00,0.89858,0.89863,0.89708,0.89742,4677.24
2023.06.29 11:00:00,0.89743,0.89767,0.89666,0.89682,4653.62
2023.06.29 12:00:00,0.89681,0.89762,0.89618,0.89649,2838.61
2023.06.29 13:00:00,0.89649,0.89658,0.89556,0.89562,2650.39
2023.06.29 14:00:00,0.89563,0.89574,0.89431,0.89444,3643.01
2023.06.29 15:00:00,0.89445,0.89873,0.89439,0.89826,9126.06
2023.06.29 16:00:00,0.89826,0.90014,0.89761,0.89911,8801.42
2023.06.29 17:00:00,0.89911,0.89911,0.89673,0.89692,8367.49
2023.06.29 18:00:00,0.89694,0.89854,0.89685,0.89845,5096.68
2023.06.29 19:00:00,0.89845,0.899,0.89827,0.89892,3267.33
2023.06.29 20:00:00,0.89891,0.89917,0.89859,0.89906,1843.62
2023.06.29 21:00:00,0.89906,0.89981,0.899,0.89977,2246.13
2023.06.29 22:00:00,0.89978,0.89993,0.89934,0.89968,1622.61
2023.06.29 23:00:00,0.89971,0.89972,0.8992,0.8992,1447.79
2023.06.30 00:00:00,0.8992,0.89933,0.8982,0.89912,408.23
2023.06.30 01:00:00,0.89912,0.89951,0.8991,0.89938,2692.91
2023.06.30 02:00:00,0.89939,0.89945,0.89913,0.89916,1233.08
2023.06.30 03:00:00,0.89913,0.89956,0.89867,0.89873,2304.6
2023.06.30 04:00:00,0.89873,0.89923,0.8984,0.89903,3270.91
2023.06.30 05:00:00,0.89905,0.89908,0.89839,0.89868,2791.19
2023.06.30 06:00:00,0.89868,0.89883,0.89826,0.89845,1562.73
2023.06.30 07:00:00,0.89844,0.89874,0.89833,0.89859,1081.97
2023.06.30 08:00:00,0.89858,0.8987,0.89804,0.89848,1591.12
2023.06.30 09:00:00,0.89849,0.89997,0.89849,0.89897,5002.49
2023.06.30 10:00:00,0.89895,0.89994,0.89845,0.8996,4514.27
2023.06.30 11:00:00,0.8996,0.90151,0.8996,0.90114,4437.88
2023.06.30 12:00:00,0.90113,0.90164,0.90052,0.9016,3697.07
2023.06.30 13:00:00,0.90158,0.90163,0.9008,0.90086,3350.21
2023.06.30 14:00:00,0.90083,0.90124,0.90031,0.9012,3010.06
2023.06.30 15:00:00,0.9012,0.90129,0.89768,0.89778,8300.99
2023.06.30 16:00:00,0.89778,0.8979,0.89579,0.89636,7202.39
2023.06.30 17:00:00,0.89639,0.89639,0.89349,0.8947,9497.44
2023.06.30 18:00:00,0.8947,0.89525,0.89428,0.89467,5411.76
2023.06.30 19:00:00,0.89468,0.89565,0.89462,0.8947,3479.14
2023.06.30 20:00:00,0.89468,0.89528,0.89413,0.89474,2082.86
2023.06.30 21:00:00,0.89471,0.895,0.89424,0.89489,1500.07
2023.06.30 22:00:00,0.89488,0.8957,0.89484,0.89493,2726.58
2023.06.30 23:00:00,0.89492,0.89523,0.8948,0.89489,4091.45
2023.07.03 00:00:00,0.8932,0.89439,0.89269,0.89439,262.41
2023.07.03 01:00:00,0.89444,0.89506,0.89425,0.89499,833.48
2023.07.03 02:00:00,0.89499,0.89525,0.89482,0.89519,1699.18
2023.07.03 03:00:00,0.89521,0.89571,0.89504,0.89561,1873.68
2023.07.03 04:00:00,0.89559,0.89566,0.89487,0.89522,1871.3
2023.07.03 05:00:00,0.89519,0.89547,0.89512,0.89541,743.52
2023.07.03 06:00:00,0.89542,0.89544,0.89489,0.89495,1111.24
2023.07.03 07:00:00,0.89494,0.89501,0.89456,0.89458,1887.15
2023.07.03 08:00:00,0.89458,0.89604,0.89405,0.89595,1854.3
2023.07.03 09:00:00,0.89597,0.89835,0.89574,0.89766,5342.02
2023.07.03 10:00:00,0.89768,0.89908,0.89757,0.89894,5126.81
2023.07.03 11:00:00,0.89894,0.89924,0.89817,0.8989,3930.34
2023.07.03 12:00:00,0.89891,0.90041,0.89881,0.89961,3333.5
2023.07.03 13:00:00,0.8996,0.90019,0.8991,0.89954,2709.47
2023.07.03 14:00:00,0.89955,0.89988,0.89838,0.89902,4350.46
2023.07.03 15:00:00,0.89901,0.8997,0.898,0.89824,3839.12
2023.07.03 16:00:00,0.89826,0.89851,0.89687,0.89718,6009.9
2023.07.03 17:00:00,0.89718,0.89766,0.89527,0.89612,8615.77
2023.07.03 18:00:00,0.89611,0.89698,0.89519,0.89566,5625.21
2023.07.03 19:00:00,0.89565,0.89619,0.89535,0.89614,2078.02
2023.07.03 20:00:00,0.89612,0.89649,0.89598,0.89649,960.45
2023.07.03 21:00:00,0.89648,0.89667,0.89629,0.89636,1212.55
2023.07.03 22:00:00,0.89635,0.89659,0.89602,0.89654,730.84
2023.07.03 23:00:00,0.89652,0.89652,0.89597,0.89605,1334.57
2023.07.04 00:00:00,0.89604,0.89624,0.89516,0.89608,338.26
2023.07.04 01:00:00,0.89605,0.89639,0.89533,0.89631,2500.7
2023.07.04 02:00:00,0.89625,0.8964,0.89591,0.89591,5320.76
2023.07.04 03:00:00,0.89592,0.89633,0.89577,0.89632,1568.77
2023.07.04 04:00:00,0.89633,0.89653,0.89567,0.89648,1750.77
2023.07.04 05:00:00,0.8965,0.89666,0.89628,0.89632,1368.43
2023.07.04 06:00:00,0.89634,0.89648,0.89614,0.89645,1135.86
2023.07.04 07:00:00,0.89644,0.89694,0.89644,0.89693,1836.14
2023.07.04 08:00:00,0.89694,0.89729,0.89681,0.89696,1692.88
2023.07.04 09:00:00,0.89694,0.8972,0.89515,0.89517,2479.07
2023.07.04 10:00:00,0.89516,0.89696,0.89515,0.8964,3055.51
2023.07.04 11:00:00,0.89637,0.89694,0.89565,0.89573,3509.76
2023.07.04 12:00:00,0.89572,0.89584,0.89453,0.89524,3229.24
2023.07.04 13:00:00,0.89524,0.89579,0.89513,0.89557,2268.57
2023.07.04 14:00:00,0.89556,0.89629,0.8954,0.89589,2272.39
2023.07.04 15:00:00,0.89589,0.8962,0.89518,0.89521,2633.13
2023.07.04 16:00:00,0.89525,0.89574,0.89515,0.89528,2396.81
2023.07.04 17:00:00,0.89528,0.89595,0.89495,0.8958,3046.25
2023.07.04 18:00:00,0.89583,0.89617,0.89553,0.8957,1992.4
2023.07.04 19:00:00,0.89569,0.89646,0.89563,0.89632,1096.61
2023.07.04 20:00:00,0.89631,0.89649,0.89601,0.89645,501.09
2023.07.04 21:00:00,0.89646,0.89681,0.89617,0.8964,1888.05
2023.07.04 22:00:00,0.89642,0.89735,0.89642,0.89722,1255.37
2023.07.04 23:00:00,0.89722,0.89745,0.89688,0.89689,1695.92
2023.07.05 00:00:00,0.89664,0.89673,0.89568,0.89673,349.86
2023.07.05 01:00:00,0.89673,0.89707,0.89672,0.89703,3354.4
2023.07.05 02:00:00,0.89703,0.8971,0.89675,0.89679,1124.31
2023.07.05 03:00:00,0.89677,0.89677,0.89622,0.89651,1250.24
2023.07.05 04:00:00,0.89652,0.89729,0.89649,0.8972,1433.89
2023.07.05 05:00:00,0.89721,0.8974,0.89712,0.89722,1021.05
2023.07.05 06:00:00,0.89722,0.89756,0.89712,0.89738,1209.98
2023.07.05 07:00:00,0.89737,0.89767,0.89731,0.8975,955.91
2023.07.05 08:00:00,0.8975,0.89806,0.89701,0.89716,1829.59
2023.07.05 09:00:00,0.89715,0.89831,0.897,0.89827,2909.44
2023.07.05 10:00:00,0.89824,0.89848,0.89617,0.89714,4511.94
2023.07.05 11:00:00,0.89715,0.89876,0.89711,0.89797,5096.28
2023.07.05 12:00:00,0.89798,0.8991,0.89759,0.89841,3694.87
2023.07.05 13:00:00,0.89839,0.89897,0.89829,0.89837,2895.49
2023.07.05 14:00:00,0.89837,0.89909,0.89815,0.89902,2604.72
2023.07.05 15:00:00,0.89903,0.89944,0.89703,0.89751,4540.79
2023.07.05 16:00:00,0.8975,0.89769,0.8962,0.89661,4825.2
2023.07.05 17:00:00,0.8966,0.89881,0.89633,0.89763,6451.02
2023.07.05 18:00:00,0.89764,0.89816,0.89719,0.89804,3746.28
2023.07.05 19:00:00,0.89805,0.89851,0.89795,0.89836,1871.16
2023.07.05 20:00:00,0.89834,0.89848,0.89788,0.89805,1578.34
2023.07.05 21:00:00,0.8981,0.89896,0.89772,0.89888,2970.41
2023.07.05 22:00:00,0.89887,0.89903,0.8985,0.89874,1627.02
2023.07.05 23:00:00,0.89872,0.89884,0.89858,0.89861,2676.95
2023.07.06 00:00:00,0.89845,0.89855,0.89773,0.89819,1846.91
2023.07.06 01:00:00,0.89815,0.89859,0.89815,0.89856,874.85
2023.07.06 02:00:00,0.89856,0.8987,0.89842,0.89853,829.73
2023.07.06 03:00:00,0.89853,0.89899,0.89826,0.8987,1515.41
2023.07.06 04:00:00,0.89872,0.89905,0.89832,0.89836,1417.01
2023.07.06 05:00:00,0.89836,0.89853,0.89804,0.89838,1849.86
2023.07.06 06:00:00,0.89841,0.89862,0.89792,0.89845,1642.98
2023.07.06 07:00:00,0.89843,0.89908,0.89838,0.89847,1904.3
2023.07.06 08:00:00,0.89848,0.89856,0.89732,0.8974,2113.1
2023.07.06 09:00:00,0.89743,0.89759,0.89653,0.89701,4526.47
2023.07.06 10:00:00,0.89701,0.89797,0.89701,0.89784,5088.18
2023.07.06 11:00:00,0.89782,0.89923,0.89739,0.89749,4405.81
2023.07.06 12:00:00,0.89747,0.89793,0.89694,0.89783,3400.53
2023.07.06 13:00:00,0.89784,0.89791,0.89592,0.89605,4294.75
2023.07.06 14:00:00,0.89606,0.89615,0.89506,0.8954,3146.66
2023.07.06 15:00:00,0.8954,0.89849,0.89509,0.89761,13707.52
2023.07.06 16:00:00,0.89761,0.89826,0.89636,0.89668,10869.69
2023.07.06 17:00:00,0.89667,0.89976,0.89636,0.89676,11308.67
2023.07.06 18:00:00,0.89675,0.89788,0.89636,0.89654,7423.71
2023.07.06 19:00:00,0.89654,0.89654,0.89574,0.89637,4438.85
2023.07.06 20:00:00,0.89636,0.89649,0.89567,0.89575,1711.09
2023.07.06 21:00:00,0.89577,0.89625,0.89573,0.89604,1597.56
2023.07.06 22:00:00,0.89602,0.89602,0.8955,0.8955,1642.89
2023.07.06 23:00:00,0.89552,0.89573,0.89504,0.89512,2564.34
2023.07.07 00:00:00,0.89504,0.89546,0.89468,0.89529,611.33
2023.07.07 01:00:00,0.89529,0.89537,0.89515,0.89522,942.98
2023.07.07 02:00:00,0.89521,0.89533,0.89496,0.89533,986.83
2023.07.07 03:00:00,0.89534,0.89673,0.89521,0.89647,1619.69
2023.07.07 04:00:00,0.89646,0.89651,0.89602,0.89641,1107.08
2023.07.07 05:00:00,0.89642,0.89644,0.89593,0.89594,1719.49
2023.07.07 06:00:00,0.89594,0.89615,0.89559,0.89604,797.72
2023.07.07 07:00:00,0.89606,0.89614,0.89551,0.89581,1671.1
2023.07.07 08:00:00,0.89582,0.89599,0.89536,0.89593,2089.57
2023.07.07 09:00:00,0.89593,0.89593,0.89498,0.8955,3409.77
2023.07.07 10:00:00,0.89553,0.89602,0.89484,0.89577,4414.19
2023.07.07 11:00:00,0.89578,0.8965,0.8954,0.89573,4274.26
2023.07.07 12:00:00,0.89571,0.89628,0.89494,0.8958,5063.96
2023.07.07 13:00:00,0.89582,0.89601,0.8949,0.89529,3104.79
2023.07.07 14:00:00,0.89529,0.89556,0.89507,0.89555,3949.23
2023.07.07 15:00:00,0.89553,0.89699,0.89205,0.89311,12899.14
2023.07.07 16:00:00,0.89313,0.89462,0.89177,0.89249,10166.18
2023.07.07 17:00:00,0.89249,0.89315,0.88907,0.88992,8263.27
2023.07.07 18:00:00,0.88991,0.89046,0.88873,0.88878,4859.13
2023.07.07 19:00:00,0.88875,0.88896,0.88784,0.88794,2583.65
2023.07.07 20:00:00,0.88798,0.88851,0.88754,0.88803,1685.82
2023.07.07 21:00:00,0.88802,0.88865,0.88801,0.88846,1221.5
2023.07.07 22:00:00,0.88845,0.8891,0.88845,0.88887,1452.09
2023.07.07 23:00:00,0.88888,0.88929,0.88838,0.88838,1664.59
2023.07.10 00:00:00,0.88728,0.88844,0.88728,0.88793,663.9
2023.07.10 01:00:00,0.88793,0.88904,0.88793,0.8888,2305.4
2023.07.10 02:00:00,0.88883,0.88961,0.8888,0.889,1395.35
2023.07.10 03:00:00,0.88898,0.88994,0.88877,0.88953,2207.57
2023.07.10 04:00:00,0.88953,0.89008,0.88915,0.88975,3529.12
2023.07.10 05:00:00,0.88973,0.89033,0.88954,0.89003,2229.29
2023.07.10 06:00:00,0.89002,0.89071,0.88987,0.89053,1881.44
2023.07.10 07:00:00,0.89053,0.8908,0.89031,0.89076,1153.3
2023.07.10 08:00:00,0.89075,0.89154,0.89062,0.8915,2310.29
2023.07.10 09:00:00,0.89151,0.89151,0.89046,0.89072,3084.43
2023.07.10 10:00:00,0.89072,0.89089,0.88921,0.8905,5189.84
2023.07.10 11:00:00,0.89048,0.89055,0.88922,0.88937,3186.14
2023.07.10 12:00:00,0.88935,0.88961,0.88867,0.88915,2839.18
2023.07.10 13:00:00,0.88918,0.88998,0.88913,0.88979,2599.68
2023.07.10 14:00:00,0.88977,0.89044,0.88955,0.89031,3424.86
2023.07.10 15:00:00,0.8903,0.89177,0.88998,0.89149,5630.59
2023.07.10 16:00:00,0.89149,0.89149,0.8889,0.88914,6141.99
2023.07.10 17:00:00,0.88913,0.88915,0.88701,0.88836,5843.54
2023.07.10 18:00:00,0.88836,0.88843,0.88664,0.88687,4257.3
2023.07.10 19:00:00,0.8869,0.88741,0.88627,0.8865,3219.49
2023.07.10 20:00:00,0.8865,0.88666,0.88595,0.88607,1751.69
2023.07.10 21:00:00,0.88606,0.88634,0.88535,0.88535,1326.12
2023.07.10 22:00:00,0.88536,0.88572,0.88533,0.88563,1835.47
2023.07.10 23:00:00,0.88561,0.88562,0.88513,0.88513,1046.04
2023.07.11 00:00:00,0.88512,0.88554,0.88493,0.8853,676.98
2023.07.11 01:00:00,0.88528,0.8856,0.88505,0.88536,1233.15
2023.07.11 02:00:00,0.88536,0.88537,0.88509,0.88516,940.19
2023.07.11 03:00:00,0.88516,0.88528,0.88471,0.885,1781.83
2023.07.11 04:00:00,0.885,0.88504,0.88447,0.88479,1277.3
2023.07.11 05:00:00,0.88478,0.88492,0.88393,0.88412,1367.53
2023.07.11 06:00:00,0.88413,0.8847,0.88413,0.88427,1259.16
2023.07.11 07:00:00,0.88426,0.88446,0.88409,0.88424,1410.21
2023.07.11 08:00:00,0.88426,0.8848,0.88405,0.8848,2516.84
2023.07.11 09:00:00,0.8848,0.8848,0.88228,0.88276,9091.24
2023.07.11 10:00:00,0.88276,0.88337,0.88178,0.88239,5453.13
2023.07.11 11:00:00,0.88238,0.88243,0.88104,0.88174,3237.9
2023.07.11 12:00:00,0.88175,0.8827,0.88163,0.88261,2888.84
2023.07.11 13:00:00,0.88262,0.88265,0.88125,0.88164,2765.58
2023.07.11 14:00:00,0.88162,0.88209,0.88144,0.88192,3147.56
2023.07.11 15:00:00,0.88193,0.88369,0.8814,0.8833,4352.42
2023.07.11 16:00:00,0.88332,0.88347,0.88207,0.88228,4258.94
2023.07.11 17:00:00,0.88229,0.88259,0.88107,0.88206,3762.78
2023.07.11 18:00:00,0.88208,0.8823,0.88049,0.88055,2726.29
2023.07.11 19:00:00,0.88055,0.88063,0.87986,0.87995,1644.89
2023.07.11 20:00:00,0.87994,0.87997,0.87956,0.87973,1499.49
2023.07.11 21:00:00,0.87977,0.88017,0.87962,0.87982,1263.77
2023.07.11 22:00:00,0.87983,0.88005,0.87962,0.8797,1604.6
2023.07.11 23:00:00,0.87968,0.87974,0.87917,0.87917,1653.76
2023.07.12 00:00:00,0.87916,0.87954,0.87891,0.87918,821.43
2023.07.12 01:00:00,0.87919,0.87934,0.87889,0.87894,1066.49
2023.07.12 02:00:00,0.87894,0.87898,0.87858,0.87876,1293.34
2023.07.12 03:00:00,0.87877,0.87893,0.87793,0.87833,2322.9
2023.07.12 04:00:00,0.87831,0.87834,0.87741,0.87809,2753.17
2023.07.12 05:00:00,0.87806,0.87854,0.87764,0.87805,2310.84
2023.07.12 06:00:00,0.87804,0.87844,0.87798,0.87831,1510.38
2023.07.12 07:00:00,0.87833,0.87843,0.87738,0.87746,1964.11
2023.07.12 08:00:00,0.87744,0.87818,0.87742,0.87777,2820.23
2023.07.12 09:00:00,0.87778,0.87786,0.87638,0.87766,3091.36
2023.07.12 10:00:00,0.87762,0.8787,0.87713,0.8787,4039.02
2023.07.12 11:00:00,0.87869,0.87921,0.87782,0.87795,6381.17
2023.07.12 12:00:00,0.87795,0.87862,0.87795,0.87817,3719
2023.07.12 13:00:00,0.87817,0.87871,0.878,0.87829,3393.7
2023.07.12 14:00:00,0.8783,0.87889,0.87808,0.87865,3442.25
2023.07.12 15:00:00,0.87866,0.87866,0.87342,0.8748,13167.64
2023.07.12 16:00:00,0.87479,0.87487,0.86941,0.86953,10305.66
2023.07.12 17:00:00,0.86954,0.87005,0.86588,0.86712,9752.55
2023.07.12 18:00:00,0.86715,0.86922,0.86714,0.86768,5988.63
2023.07.12 19:00:00,0.8677,0.86811,0.86699,0.86768,2493.82
2023.07.12 20:00:00,0.86771,0.86849,0.86764,0.86779,2308.87
2023.07.12 21:00:00,0.86777,0.86786,0.86673,0.86678,2177.56
2023.07.12 22:00:00,0.86678,0.86755,0.86678,0.86736,3441.02
2023.07.12 23:00:00,0.86737,0.86759,0.86685,0.86685,776.33
2023.07.13 00:00:00,0.86685,0.86714,0.86571,0.86669,638.44
2023.07.13 01:00:00,0.86682,0.86732,0.86661,0.86693,1408.13
2023.07.13 02:00:00,0.86695,0.86705,0.86666,0.86669,1187.43
2023.07.13 03:00:00,0.86667,0.86684,0.86607,0.86672,1691.32
2023.07.13 04:00:00,0.86673,0.86709,0.86625,0.86628,1740.06
2023.07.13 05:00:00,0.86627,0.86656,0.86556,0.86556,1569.71
2023.07.13 06:00:00,0.86556,0.8658,0.86546,0.86557,1387.37
2023.07.13 07:00:00,0.86556,0.86598,0.86508,0.86589,1272.36
2023.07.13 08:00:00,0.8659,0.86692,0.86564,0.86686,2602.43
2023.07.13 09:00:00,0.86685,0.86686,0.86324,0.86346,5064.65
2023.07.13 10:00:00,0.86346,0.86516,0.86277,0.86338,6890.15
2023.07.13 11:00:00,0.8634,0.86363,0.86153,0.86301,5301.67
2023.07.13 12:00:00,0.86303,0.86371,0.86243,0.86296,3552.41
2023.07.13 13:00:00,0.86296,0.8641,0.86279,0.86284,2744.62
2023.07.13 14:00:00,0.86283,0.86322,0.86229,0.86282,3129.91
2023.07.13 15:00:00,0.86281,0.86396,0.86164,0.8622,13853.5
2023.07.13 16:00:00,0.86219,0.86271,0.85955,0.85961,12236.58
2023.07.13 17:00:00,0.85961,0.86025,0.85868,0.85903,9715.57
2023.07.13 18:00:00,0.85905,0.86,0.85894,0.8596,4556.53
2023.07.13 19:00:00,0.85959,0.85972,0.85825,0.85861,5591.96
2023.07.13 20:00:00,0.85863,0.8589,0.8582,0.85884,3491.48
2023.07.13 21:00:00,0.85886,0.85907,0.85829,0.85865,2141.55
2023.07.13 22:00:00,0.85867,0.85906,0.8585,0.859,3510.51
2023.07.13 23:00:00,0.85901,0.85911,0.85862,0.85867,2068.97
2023.07.14 00:00:00,0.85862,0.85918,0.85828,0.85876,3308.52
2023.07.14 01:00:00,0.85852,0.85933,0.85843,0.85901,2166.38
2023.07.14 02:00:00,0.85904,0.85922,0.85874,0.85911,6071.76
2023.07.14 03:00:00,0.8591,0.85939,0.85873,0.85878,3010.2
2023.07.14 04:00:00,0.85878,0.85894,0.85758,0.85764,5731.75
2023.07.14 05:00:00,0.85766,0.85776,0.85725,0.85764,3566.13
2023.07.14 06:00:00,0.85764,0.85788,0.85694,0.8572,1986.22
2023.07.14 07:00:00,0.85721,0.85771,0.8572,0.85771,1094.75
2023.07.14 08:00:00,0.85772,0.85869,0.85751,0.85857,3719.15
2023.07.14 09:00:00,0.85855,0.85977,0.85773,0.85967,7702.92
2023.07.14 10:00:00,0.85968,0.85979,0.85808,0.85809,7202.32
2023.07.14 11:00:00,0.8581,0.8581,0.85657,0.85745,6576.63
2023.07.14 12:00:00,0.85745,0.85845,0.85691,0.85845,6034.87
2023.07.14 13:00:00,0.85848,0.85934,0.8584,0.85913,4988.76
2023.07.14 14:00:00,0.85914,0.85969,0.85833,0.85944,3705.52
2023.07.14 15:00:00,0.85945,0.86177,0.85907,0.86081,10444.36
2023.07.14 16:00:00,0.8608,0.86182,0.86049,0.86102,8304.19
2023.07.14 17:00:00,0.86108,0.86312,0.85991,0.86005,23798.7
2023.07.14 18:00:00,0.86007,0.86208,0.85974,0.86167,4862.81
2023.07.14 19:00:00,0.86165,0.86206,0.86114,0.86138,3298.32
2023.07.14 20:00:00,0.86136,0.86249,0.86135,0.86191,2706.22
2023.07.14 21:00:00,0.8619,0.86225,0.86182,0.86187,1403.02
2023.07.14 22:00:00,0.86187,0.8623,0.86185,0.86222,2161.41
2023.07.14 23:00:00,0.86222,0.8624,0.86142,0.86154,4503.98
2023.07.17 00:00:00,0.85837,0.86152,0.85837,0.86152,219.05
2023.07.17 01:00:00,0.86163,0.86248,0.86126,0.86185,3392.96
2023.07.17 02:00:00,0.86186,0.86223,0.86181,0.862,11330.77
2023.07.17 03:00:00,0.86202,0.86231,0.86153,0.86169,5390.82
2023.07.17 04:00:00,0.86168,0.86187,0.86146,0.86169,2517.88
2023.07.17 05:00:00,0.86169,0.86182,0.86089,0.86102,2869.54
2023.07.17 06:00:00,0.86101,0.86131,0.86092,0.86131,1690.21
2023.07.17 07:00:00,0.86133,0.86146,0.86097,0.86101,1725.27
2023.07.17 08:00:00,0.86099,0.86105,0.86042,0.86075,4905.2
2023.07.17 09:00:00,0.86074,0.86121,0.85999,0.8602,5728.88
2023.07.17 10:00:00,0.86019,0.86061,0.85926,0.85929,4637.48
2023.07.17 11:00:00,0.85934,0.85958,0.8578,0.859,4544.29
2023.07.17 12:00:00,0.85903,0.85906,0.8579,0.85802,6369.86
2023.07.17 13:00:00,0.85801,0.85916,0.85791,0.85901,2721.14
2023.07.17 14:00:00,0.85903,0.85939,0.85868,0.8593,3187.54
2023.07.17 15:00:00,0.85932,0.86142,0.859,0.86041,13554.76
2023.07.17 16:00:00,0.86039,0.86303,0.86027,0.86106,12548
2023.07.17 17:00:00,0.86103,0.86109,0.85988,0.86024,5886.14
2023.07.17 18:00:00,0.86023,0.86123,0.85987,0.86023,2952.86
2023.07.17 19:00:00,0.86023,0.86052,0.85985,0.86048,1557.71
2023.07.17 20:00:00,0.8605,0.8608,0.85979,0.86023,1624.87
2023.07.17 21:00:00,0.86024,0.86025,0.85969,0.85988,1154.25
2023.07.17 22:00:00,0.85988,0.86011,0.85969,0.8599,1349.9
2023.07.17 23:00:00,0.85991,0.86066,0.85991,0.86012,1473.48
2023.07.18 00:00:00,0.86021,0.86053,0.85919,0.8601,13260.06
2023.07.18 01:00:00,0.8601,0.86052,0.85989,0.86031,1365.78
2023.07.18 02:00:00,0.8603,0.86043,0.86021,0.86034,1400.53
2023.07.18 03:00:00,0.86032,0.8607,0.85971,0.86003,1414.67
2023.07.18 04:00:00,0.86003,0.86018,0.85884,0.85964,6017.63
2023.07.18 05:00:00,0.85962,0.85972,0.85911,0.85917,3381.41
2023.07.18 06:00:00,0.85918,0.85956,0.85859,0.85869,2079.46
2023.07.18 07:00:00,0.85868,0.85873,0.85845,0.8586,1907.44
2023.07.18 08:00:00,0.85858,0.85898,0.8579,0.85891,2283.98
2023.07.18 09:00:00,0.85889,0.86041,0.85796,0.85796,9002.8
2023.07.18 10:00:00,0.85795,0.85865,0.85676,0.85752,9859.27
2023.07.18 11:00:00,0.85751,0.85968,0.8575,0.8592,7527.23
2023.07.18 12:00:00,0.85919,0.8593,0.85826,0.85832,4387.2
2023.07.18 13:00:00,0.85831,0.85867,0.85762,0.8577,3995.31
2023.07.18 14:00:00,0.85769,0.8587,0.8574,0.85764,4471.4
2023.07.18 15:00:00,0.85763,0.85978,0.85543,0.85743,37058.66
2023.07.18 16:00:00,0.8574,0.85943,0.85658,0.85861,38201.11
2023.07.18 17:00:00,0.85861,0.85902,0.85734,0.85767,18794.49
2023.07.18 18:00:00,0.85764,0.85848,0.85682,0.85817,6123.19
2023.07.18 19:00:00,0.85817,0.85953,0.85777,0.85945,3159.81
2023.07.18 20:00:00,0.85946,0.85964,0.85838,0.85847,2127.84
2023.07.18 21:00:00,0.8585,0.85869,0.8571,0.85733,1558.69
2023.07.18 22:00:00,0.85733,0.85798,0.85733,0.85773,2965.1
2023.07.18 23:00:00,0.85772,0.85789,0.85735,0.85778,2033.74
2023.07.19 00:00:00,0.85779,0.85791,0.85693,0.85753,2844.67
2023.07.19 01:00:00,0.85753,0.85762,0.85729,0.85743,2570.79
2023.07.19 02:00:00,0.85743,0.85778,0.85739,0.85773,6187.2
2023.07.19 03:00:00,0.85772,0.85789,0.85726,0.85734,3333.73
2023.07.19 04:00:00,0.85734,0.85797,0.85724,0.85774,2738.29
2023.07.19 05:00:00,0.85773,0.85838,0.85768,0.85798,4431.43
2023.07.19 06:00:00,0.85798,0.85811,0.85769,0.85797,1931.55
2023.07.19 07:00:00,0.85797,0.85845,0.85793,0.85818,8967.74
2023.07.19 08:00:00,0.85819,0.8582,0.85716,0.85721,3175.24
2023.07.19 09:00:00,0.85722,0.85992,0.85667,0.8579,14065.54
2023.07.19 10:00:00,0.85787,0.85906,0.85676,0.85858,12819.47
2023.07.19 11:00:00,0.85859,0.8594,0.85831,0.85894,9044.37
2023.07.19 12:00:00,0.85895,0.85924,0.85711,0.85809,11624.45
2023.07.19 13:00:00,0.8581,0.85879,0.85776,0.85879,10966.41
2023.07.19 14:00:00,0.85879,0.85911,0.85802,0.85839,7198.32
2023.07.19 15:00:00,0.85838,0.85862,0.85758,0.85778,11973.05
2023.07.19 16:00:00,0.85777,0.85855,0.85707,0.85799,12132.27
2023.07.19 17:00:00,0.85799,0.86131,0.85799,0.85951,20387.78
2023.07.19 18:00:00,0.85949,0.86044,0.85896,0.85978,9534.25
2023.07.19 19:00:00,0.85978,0.86017,0.85894,0.8596,6528.94
2023.07.19 20:00:00,0.8596,0.85989,0.85903,0.85913,5625.32
2023.07.19 21:00:00,0.85912,0.85958,0.85871,0.85871,3174.05
2023.07.19 22:00:00,0.85871,0.859,0.85841,0.85867,1764.31
2023.07.19 23:00:00,0.85866,0.8589,0.85825,0.85885,1480.61
2023.07.20 00:00:00,0.85884,0.85936,0.85779,0.85863,2612.31
2023.07.20 01:00:00,0.85864,0.85871,0.85814,0.85814,2191.79
2023.07.20 02:00:00,0.85815,0.85829,0.85792,0.85797,5117.13
2023.07.20 03:00:00,0.85797,0.8582,0.8571,0.85721,3491.51
2023.07.20 04:00:00,0.8572,0.85733,0.85619,0.85654,7347.93
2023.07.20 05:00:00,0.8565,0.85664,0.85615,0.85621,6708.77
2023.07.20 06:00:00,0.85622,0.85669,0.85608,0.85618,4183.04
2023.07.20 07:00:00,0.85617,0.85648,0.85609,0.85643,1855.47
2023.07.20 08:00:00,0.85643,0.85675,0.85609,0.85622,8338.58
2023.07.20 09:00:00,0.85622,0.8579,0.85604,0.85725,7916.96
2023.07.20 10:00:00,0.85725,0.85876,0.85654,0.85844,10730.42
2023.07.20 11:00:00,0.85843,0.8585,0.85768,0.8581,6538.02
2023.07.20 12:00:00,0.85813,0.85844,0.85763,0.85812,5941.7
2023.07.20 13:00:00,0.85811,0.85893,0.85783,0.85857,5065.63
2023.07.20 14:00:00,0.85855,0.85909,0.85822,0.85901,8761.11
2023.07.20 15:00:00,0.85901,0.86287,0.859,0.86241,16714.35
2023.07.20 16:00:00,0.86242,0.86327,0.86153,0.86158,17243.33
2023.07.20 17:00:00,0.86155,0.86654,0.86146,0.86533,17219.89
2023.07.20 18:00:00,0.86533,0.86729,0.86484,0.86714,6792.67
2023.07.20 19:00:00,0.86715,0.86797,0.86654,0.8675,3907.19
2023.07.20 20:00:00,0.86749,0.86839,0.86702,0.86718,2712.43
2023.07.20 21:00:00,0.86719,0.86747,0.86672,0.86717,2405.33
2023.07.20 22:00:00,0.8672,0.8672,0.86646,0.86654,3031.64
2023.07.20 23:00:00,0.86654,0.86691,0.86652,0.86672,2079.06
2023.07.21 00:00:00,0.86651,0.86709,0.86569,0.86616,4554.52
2023.07.21 01:00:00,0.86617,0.86645,0.86596,0.86627,1324.79
2023.07.21 02:00:00,0.86627,0.86642,0.86606,0.86624,5209.11
2023.07.21 03:00:00,0.86626,0.86664,0.86558,0.86574,3951.22
2023.07.21 04:00:00,0.86574,0.86662,0.86558,0.866,6081.07
2023.07.21 05:00:00,0.866,0.8663,0.8658,0.86602,1854.78
2023.07.21 06:00:00,0.86603,0.86629,0.86587,0.86624,1790.55
2023.07.21 07:00:00,0.86625,0.86642,0.86606,0.86624,1010.8
2023.07.21 08:00:00,0.86623,0.86664,0.86578,0.86579,3379.25
2023.07.21 09:00:00,0.86577,0.8661,0.86538,0.86565,6842.67
2023.07.21 10:00:00,0.86566,0.86723,0.86543,0.86649,10598.2
2023.07.21 11:00:00,0.86648,0.86654,0.86491,0.86634,11902.79
2023.07.21 12:00:00,0.86634,0.86689,0.86553,0.86634,9749.93
2023.07.21 13:00:00,0.86634,0.86683,0.86594,0.86641,6252.83
2023.07.21 14:00:00,0.86637,0.86677,0.86564,0.86626,5746.15
2023.07.21 15:00:00,0.86629,0.86631,0.86451,0.86494,10449.21
2023.07.21 16:00:00,0.86494,0.86582,0.86406,0.86532,15321.06
2023.07.21 17:00:00,0.86535,0.86637,0.86532,0.866,7887.43
2023.07.21 18:00:00,0.86601,0.86605,0.86492,0.86582,4025.59
2023.07.21 19:00:00,0.86581,0.86622,0.86558,0.86561,3006.99
2023.07.21 20:00:00,0.86562,0.86606,0.8656,0.86589,1768.49
2023.07.21 21:00:00,0.86588,0.86606,0.86539,0.86597,917.33
2023.07.21 22:00:00,0.86597,0.8662,0.86589,0.86609,893.81
2023.07.21 23:00:00,0.86606,0.8662,0.86544,0.86544,18411.16
2023.07.24 00:00:00,0.86445,0.86626,0.86398,0.86516,8300.76
2023.07.24 01:00:00,0.86525,0.86598,0.86493,0.86593,3170.53
2023.07.24 02:00:00,0.86594,0.86633,0.86586,0.86629,4251.55
2023.07.24 03:00:00,0.86625,0.86639,0.8658,0.86608,4335.94
2023.07.24 04:00:00,0.86606,0.86678,0.86595,0.86646,14877
2023.07.24 05:00:00,0.86646,0.86652,0.86559,0.86596,6880.94
2023.07.24 06:00:00,0.86597,0.86622,0.86574,0.86616,4976.69
2023.07.24 07:00:00,0.86616,0.86685,0.86616,0.8667,3806.04
2023.07.24 08:00:00,0.86669,0.86672,0.86595,0.86597,2328.77
2023.07.24 09:00:00,0.86597,0.86662,0.86564,0.86604,5770.09
2023.07.24 10:00:00,0.86606,0.86835,0.86482,0.86767,19942.27
2023.07.24 11:00:00,0.86768,0.86825,0.86674,0.8677,13293.26
2023.07.24 12:00:00,0.86771,0.86785,0.86554,0.86592,8953.43
2023.07.24 13:00:00,0.86591,0.866,0.86447,0.86471,4673.84
2023.07.24 14:00:00,0.8647,0.86502,0.86372,0.86432,4631.99
2023.07.24 15:00:00,0.86433,0.86567,0.86418,0.86481,7650.66
2023.07.24 16:00:00,0.86479,0.86628,0.86387,0.86509,23674.25
2023.07.24 17:00:00,0.86507,0.86707,0.86455,0.86579,14750.98
2023.07.24 18:00:00,0.86578,0.86704,0.86569,0.86646,4585.18
2023.07.24 19:00:00,0.86646,0.86763,0.86632,0.86745,4611.09
2023.07.24 20:00:00,0.86745,0.86878,0.86741,0.86805,5864.33
2023.07.24 21:00:00,0.86806,0.86874,0.86803,0.86808,2277.01
2023.07.24 22:00:00,0.86808,0.86888,0.868,0.86872,2543.18
2023.07.24 23:00:00,0.86875,0.86994,0.86875,0.86963,4770.34
2023.07.25 00:00:00,0.86963,0.8697,0.8688,0.86938,4172.1
2023.07.25 01:00:00,0.86938,0.86979,0.86916,0.86974,2953.59
2023.07.25 02:00:00,0.86975,0.87004,0.86972,0.86993,4096.39
2023.07.25 03:00:00,0.86993,0.86995,0.86911,0.86946,2941.88
2023.07.25 04:00:00,0.86946,0.86947,0.86881,0.86911,4692.64
2023.07.25 05:00:00,0.8691,0.86928,0.86847,0.86857,1950.27
2023.07.25 06:00:00,0.86858,0.86891,0.86858,0.86873,2954
2023.07.25 07:00:00,0.86873,0.86948,0.86862,0.86948,1386
2023.07.25 08:00:00,0.86948,0.86958,0.86875,0.86881,5096.28
2023.07.25 09:00:00,0.86879,0.86958,0.86755,0.86783,6127.9
2023.07.25 10:00:00,0.86783,0.86846,0.86759,0.86817,6174.96
2023.07.25 11:00:00,0.86818,0.86967,0.86789,0.86802,10603.04
2023.07.25 12:00:00,0.86802,0.86949,0.86762,0.86947,5646.42
2023.07.25 13:00:00,0.86947,0.86965,0.8689,0.86893,5945.53
2023.07.25 14:00:00,0.86892,0.86973,0.86834,0.86836,8603.54
2023.07.25 15:00:00,0.86837,0.86906,0.86745,0.86785,9691.55
2023.07.25 16:00:00,0.86786,0.86924,0.8677,0.86794,14938
2023.07.25 17:00:00,0.86794,0.86866,0.86592,0.86593,21991.79
2023.07.25 18:00:00,0.86594,0.86603,0.86395,0.86438,8645.07
2023.07.25 19:00:00,0.86436,0.86516,0.86366,0.86463,4337.3
2023.07.25 20:00:00,0.86463,0.86564,0.86463,0.86534,1779.53
2023.07.25 21:00:00,0.86531,0.8656,0.86456,0.86461,1928.42
2023.07.25 22:00:00,0.86462,0.86496,0.86429,0.86448,2224.6
2023.07.25 23:00:00,0.86445,0.86445,0.86322,0.86322,2147.94
2023.07.26 00:00:00,0.8632,0.86403,0.86274,0.86354,3187.75
2023.07.26 01:00:00,0.86367,0.86465,0.86331,0.86431,1342.41
2023.07.26 02:00:00,0.86431,0.86463,0.86419,0.86454,6674.68
2023.07.26 03:00:00,0.86455,0.86552,0.86426,0.86531,4847.06
2023.07.26 04:00:00,0.8653,0.8656,0.86505,0.86544,6052.29
2023.07.26 05:00:00,0.86543,0.86551,0.8646,0.8646,4081.17
2023.07.26 06:00:00,0.8646,0.86476,0.86438,0.86453,2786.36
2023.07.26 07:00:00,0.86452,0.86502,0.86437,0.86495,4552.78
2023.07.26 08:00:00,0.86496,0.86513,0.86302,0.86306,4291.77
2023.07.26 09:00:00,0.86307,0.86388,0.86155,0.86235,7211.18
2023.07.26 10:00:00,0.86235,0.86278,0.8615,0.86167,7180.81
2023.07.26 11:00:00,0.86167,0.86326,0.8613,0.86253,7306.97
2023.07.26 12:00:00,0.86252,0.86282,0.86116,0.8614,5602.94
2023.07.26 13:00:00,0.86138,0.86237,0.86102,0.86228,4435.12
2023.07.26 14:00:00,0.86228,0.86285,0.86182,0.86272,5274.72
2023.07.26 15:00:00,0.86273,0.86394,0.86209,0.86253,6660.75
2023.07.26 16:00:00,0.86251,0.86394,0.86235,0.86353,9587.01
2023.07.26 17:00:00,0.86352,0.86373,0.86277,0.8632,11593.39
2023.07.26 18:00:00,0.86319,0.86339,0.862,0.8625,5183.93
2023.07.26 19:00:00,0.86251,0.86335,0.86216,0.86317,2094.53
2023.07.26 20:00:00,0.86319,0.86383,0.86319,0.86357,5788.59
2023.07.26 21:00:00,0.86354,0.86403,0.85969,0.85982,37815.77
2023.07.26 22:00:00,0.8598,0.86185,0.85975,0.85996,18100.8
2023.07.26 23:00:00,0.85999,0.86094,0.85998,0.86049,3327.72
2023.07.27 00:00:00,0.86049,0.8607,0.85997,0.86045,941.33
2023.07.27 01:00:00,0.86045,0.86086,0.86008,0.86084,2098.62
2023.07.27 02:00:00,0.86083,0.86174,0.86083,0.86156,6656.02
2023.07.27 03:00:00,0.86155,0.86155,0.8606,0.86081,3323.66
2023.07.27 04:00:00,0.86078,0.86081,0.8595,0.85963,4558.99
2023.07.27 05:00:00,0.8596,0.8596,0.85802,0.85942,9307.19
2023.07.27 06:00:00,0.85945,0.8595,0.8589,0.8594,1492.43
2023.07.27 07:00:00,0.85939,0.85984,0.85876,0.85983,2854.53
2023.07.27 08:00:00,0.85983,0.86123,0.85978,0.86116,2671.52
2023.07.27 09:00:00,0.86116,0.86116,0.85987,0.85991,11469.18
2023.07.27 10:00:00,0.85991,0.86014,0.85642,0.85679,12479.11
2023.07.27 11:00:00,0.85682,0.85714,0.85554,0.8559,8710.93
2023.07.27 12:00:00,0.8559,0.85666,0.85551,0.85594,5394.6
2023.07.27 13:00:00,0.85594,0.85675,0.8552,0.85665,6021.06
2023.07.27 14:00:00,0.85664,0.85718,0.8564,0.85704,5682.12
2023.07.27 15:00:00,0.85703,0.86253,0.85697,0.86157,55908.46
2023.07.27 16:00:00,0.86158,0.86716,0.86126,0.86654,52787.29
2023.07.27 17:00:00,0.86654,0.86918,0.86634,0.86881,22473.57
2023.07.27 18:00:00,0.86882,0.86944,0.8679,0.86864,15027.67
2023.07.27 19:00:00,0.86863,0.86863,0.86767,0.86794,4367.85
2023.07.27 20:00:00,0.86793,0.86817,0.86606,0.86687,22102.22
2023.07.27 21:00:00,0.86689,0.86952,0.86689,0.86918,6045.38
2023.07.27 22:00:00,0.86919,0.86983,0.86919,0.86971,9587.05
2023.07.27 23:00:00,0.86971,0.86978,0.86871,0.86871,10293.55
2023.07.28 00:00:00,0.86871,0.86906,0.86754,0.86862,1064.59
2023.07.28 01:00:00,0.8686,0.8691,0.86832,0.86842,2803.12
2023.07.28 02:00:00,0.86842,0.86909,0.86837,0.86886,6525.73
2023.07.28 03:00:00,0.86888,0.8695,0.86856,0.86943,3629.74
2023.07.28 04:00:00,0.86942,0.86963,0.86868,0.86894,5611.99
2023.07.28 05:00:00,0.86896,0.86948,0.86867,0.86901,3018.14
2023.07.28 06:00:00,0.869,0.87001,0.86855,0.86949,14666.62
2023.07.28 07:00:00,0.86947,0.8697,0.86857,0.86882,8296.64
2023.07.28 08:00:00,0.86882,0.86994,0.86843,0.86843,8364.47
2023.07.28 09:00:00,0.86843,0.87131,0.86824,0.87082,11115.13
2023.07.28 10:00:00,0.87081,0.87364,0.86982,0.87286,13793.7
2023.07.28 11:00:00,0.87284,0.87346,0.87028,0.87113,8538.19
2023.07.28 12:00:00,0.87111,0.87192,0.86974,0.87045,6709.34
2023.07.28 13:00:00,0.87048,0.87071,0.86928,0.86939,4686.19
2023.07.28 14:00:00,0.8694,0.8696,0.86698,0.8679,5335.17
2023.07.28 15:00:00,0.86792,0.8689,0.86648,0.86827,15714.27
2023.07.28 16:00:00,0.86828,0.8697,0.86826,0.86838,12957.6
2023.07.28 17:00:00,0.86835,0.86836,0.86607,0.86754,12959.3
2023.07.28 18:00:00,0.86753,0.86922,0.86745,0.86869,6172.49
2023.07.28 19:00:00,0.86869,0.86933,0.86791,0.86821,4021.91
2023.07.28 20:00:00,0.86822,0.87008,0.86822,0.86925,3593.96
2023.07.28 21:00:00,0.86924,0.86953,0.86854,0.86915,2160.45
2023.07.28 22:00:00,0.86916,0.8695,0.86905,0.8693,2265.85
2023.07.28 23:00:00,0.86931,0.87073,0.86928,0.87005,9074.71
2023.07.31 00:00:00,0.86817,0.86963,0.86817,0.86919,747.19
2023.07.31 01:00:00,0.86935,0.86991,0.86922,0.8696,2680.8
2023.07.31 02:00:00,0.86956,0.86998,0.86944,0.86984,8499.58
2023.07.31 03:00:00,0.86984,0.87022,0.86965,0.8698,7120.22
2023.07.31 04:00:00,0.86978,0.87114,0.86963,0.87103,6899.4
2023.07.31 05:00:00,0.87105,0.87166,0.87049,0.87119,6495.98
2023.07.31 06:00:00,0.87118,0.8714,0.87077,0.87136,2584.02
2023.07.31 07:00:00,0.87136,0.87189,0.87131,0.87188,5769.07
2023.07.31 08:00:00,0.8719,0.87194,0.87122,0.87122,4103.02
2023.07.31 09:00:00,0.87122,0.87187,0.87027,0.87112,6191.5
2023.07.31 10:00:00,0.87113,0.87113,0.86915,0.87012,13923.73
2023.07.31 11:00:00,0.87011,0.87157,0.8701,0.87047,8223.54
2023.07.31 12:00:00,0.87047,0.87065,0.86945,0.87003,4955.47
2023.07.31 13:00:00,0.87002,0.87055,0.86954,0.86984,3222.02
2023.07.31 14:00:00,0.86985,0.87167,0.86985,0.87126,3058.76
2023.07.31 15:00:00,0.87125,0.87294,0.87075,0.87141,6120.12
2023.07.31 16:00:00,0.8714,0.87244,0.86895,0.86905,10914.77
2023.07.31 17:00:00,0.86905,0.86909,0.86648,0.8671,15997.61
2023.07.31 18:00:00,0.86711,0.86901,0.86669,0.86884,10383.58
2023.07.31 19:00:00,0.86884,0.87035,0.86863,0.86942,5099.32
2023.07.31 20:00:00,0.86942,0.87029,0.86907,0.87026,5172.43
2023.07.31 21:00:00,0.87024,0.87195,0.86998,0.87155,5893.22
2023.07.31 22:00:00,0.87153,0.87234,0.87148,0.87204,3480.52
2023.07.31 23:00:00,0.87203,0.87211,0.8715,0.87168,9334.18
2023.08.01 00:00:00,0.87165,0.87181,0.86995,0.87009,986.26
2023.08.01 01:00:00,0.87062,0.87187,0.87062,0.87144,1891.2
2023.08.01 02:00:00,0.87143,0.87174,0.87136,0.87172,5813.83
2023.08.01 03:00:00,0.87174,0.87245,0.8712,0.87242,2535.22
2023.08.01 04:00:00,0.87243,0.87284,0.87226,0.87263,2224.17
2023.08.01 05:00:00,0.87264,0.87318,0.87257,0.87258,1403.9
2023.08.01 06:00:00,0.87256,0.8726,0.87192,0.87199,6026.76
2023.08.01 07:00:00,0.87201,0.87273,0.872,0.87239,3509.56
2023.08.01 08:00:00,0.87239,0.87263,0.87151,0.87155,2230.83
2023.08.01 09:00:00,0.87153,0.87271,0.87122,0.87197,3868.91
2023.08.01 10:00:00,0.87197,0.87423,0.87197,0.87373,26378.28
2023.08.01 11:00:00,0.87374,0.87539,0.87373,0.87486,17936.92
2023.08.01 12:00:00,0.87485,0.87567,0.87479,0.8753,15016.29
2023.08.01 13:00:00,0.8753,0.8762,0.8752,0.87532,12396.13
2023.08.01 14:00:00,0.87531,0.8756,0.87499,0.87539,6478.41
2023.08.01 15:00:00,0.87537,0.87775,0.87537,0.87735,9586.6
2023.08.01 16:00:00,0.87733,0.8775,0.87568,0.87568,14867.85
2023.08.01 17:00:00,0.87562,0.87731,0.87418,0.87505,30365.74
2023.08.01 18:00:00,0.87506,0.87705,0.87476,0.87629,9550.02
2023.08.01 19:00:00,0.87628,0.87632,0.87555,0.87579,1927.94
2023.08.01 20:00:00,0.87579,0.87669,0.8754,0.87655,2083.6
2023.08.01 21:00:00,0.87656,0.87656,0.87564,0.87579,2250.39
2023.08.01 22:00:00,0.87578,0.8758,0.87484,0.87521,2812.67
2023.08.01 23:00:00,0.87521,0.87541,0.87489,0.87501,2634.96
2023.08.02 00:00:00,0.875,0.87505,0.87137,0.87172,8929.28
2023.08.02 01:00:00,0.87173,0.87401,0.87167,0.87258,6547.14
2023.08.02 02:00:00,0.87258,0.87346,0.87203,0.87259,11167.3
2023.08.02 03:00:00,0.87259,0.87398,0.87259,0.87295,5509.42
2023.08.02 04:00:00,0.87298,0.87403,0.8726,0.87396,4025.42
2023.08.02 05:00:00,0.87397,0.87461,0.87319,0.87444,4823.85
2023.08.02 06:00:00,0.87441,0.87516,0.87438,0.8749,6402.41
2023.08.02 07:00:00,0.87486,0.87564,0.87478,0.87523,8728.84
2023.08.02 08:00:00,0.87523,0.87527,0.87383,0.8744,8008.4
2023.08.02 09:00:00,0.87439,0.8756,0.87404,0.87474,8042.48
2023.08.02 10:00:00,0.87478,0.87718,0.87478,0.87686,18583.56
2023.08.02 11:00:00,0.87687,0.87854,0.8765,0.87704,10868.97
2023.08.02 12:00:00,0.87705,0.87764,0.87625,0.87697,6825.17
2023.08.02 13:00:00,0.87696,0.8783,0.8769,0.87764,6037.03
2023.08.02 14:00:00,0.87759,0.87872,0.87751,0.87837,3874.09
2023.08.02 15:00:00,0.87839,0.8803,0.87757,0.8794,17473.73
2023.08.02 16:00:00,0.87941,0.88008,0.87895,0.87992,8732.04
2023.08.02 17:00:00,0.87992,0.88055,0.87727,0.87751,14580.38
2023.08.02 18:00:00,0.87754,0.87906,0.87717,0.87796,8116.99
2023.08.02 19:00:00,0.87796,0.8783,0.87625,0.87626,3458.88
2023.08.02 20:00:00,0.87625,0.87668,0.87575,0.87662,3932.57
2023.08.02 21:00:00,0.87663,0.87768,0.87629,0.87729,1933.56
2023.08.02 22:00:00,0.87727,0.87793,0.87716,0.87779,971.24
2023.08.02 23:00:00,0.8778,0.87801,0.8773,0.8773,1302.67
2023.08.03 00:00:00,0.87727,0.87759,0.87619,0.87743,2414.83
2023.08.03 01:00:00,0.87743,0.87743,0.87711,0.87714,1944.56
2023.08.03 02:00:00,0.87714,0.87741,0.87699,0.87739,4667.2
2023.08.03 03:00:00,0.87742,0.87768,0.87734,0.87743,3924.36
2023.08.03 04:00:00,0.87743,0.87762,0.87667,0.87716,3381.2
2023.08.03 05:00:00,0.87716,0.87759,0.87703,0.87759,2785.79
2023.08.03 06:00:00,0.87759,0.8781,0.87759,0.87769,6827.62
2023.08.03 07:00:00,0.8777,0.87874,0.87759,0.87867,5113.4
2023.08.03 08:00:00,0.87869,0.87948,0.87743,0.87747,10933.74
2023.08.03 09:00:00,0.87747,0.87952,0.87747,0.8795,13001.79
2023.08.03 10:00:00,0.87948,0.87982,0.87794,0.87841,13172.86
2023.08.03 11:00:00,0.87842,0.87847,0.87714,0.87716,8011.82
2023.08.03 12:00:00,0.87716,0.87745,0.87596,0.87655,7127.05
2023.08.03 13:00:00,0.87655,0.87723,0.87544,0.87555,5453.49
2023.08.03 14:00:00,0.87557,0.87641,0.87413,0.87615,20569.22
2023.08.03 15:00:00,0.87616,0.87648,0.87368,0.8751,28547.24
2023.08.03 16:00:00,0.87509,0.87735,0.87493,0.87714,15431.34
2023.08.03 17:00:00,0.87703,0.87703,0.87419,0.87564,20349.03
2023.08.03 18:00:00,0.87562,0.87592,0.87338,0.87424,11070.63
2023.08.03 19:00:00,0.87426,0.87467,0.87326,0.8738,4335.08
2023.08.03 20:00:00,0.87381,0.87495,0.87358,0.87431,4075.32
2023.08.03 21:00:00,0.8743,0.87506,0.87412,0.87495,4454.12
2023.08.03 22:00:00,0.87493,0.87554,0.87486,0.87496,2802.42
2023.08.03 23:00:00,0.87496,0.875,0.87382,0.87385,2771.63
2023.08.04 00:00:00,0.87379,0.87463,0.87348,0.87427,4254.72
2023.08.04 01:00:00,0.87428,0.87453,0.87393,0.87404,2748.39
2023.08.04 02:00:00,0.87404,0.87435,0.87404,0.87429,4068.45
2023.08.04 03:00:00,0.87434,0.87463,0.87395,0.87397,4318.52
2023.08.04 04:00:00,0.87397,0.87402,0.87302,0.87372,5176.65
2023.08.04 05:00:00,0.87371,0.87415,0.87342,0.87392,9452.91
2023.08.04 06:00:00,0.87392,0.87443,0.87356,0.8743,2091.25
2023.08.04 07:00:00,0.87428,0.87459,0.87424,0.8745,1576.63
2023.08.04 08:00:00,0.87451,0.87474,0.87372,0.8743,3205.54
2023.08.04 09:00:00,0.87429,0.87514,0.87402,0.8749,5342.24
2023.08.04 10:00:00,0.87491,0.87709,0.87481,0.87681,8243.75
2023.08.04 11:00:00,0.87677,0.8779,0.87619,0.87758,6594.43
2023.08.04 12:00:00,0.8776,0.87823,0.87739,0.87768,4826.41
2023.08.04 13:00:00,0.87768,0.87785,0.87719,0.87734,3474.71
2023.08.04 14:00:00,0.87734,0.87769,0.87723,0.8775,3658.85
2023.08.04 15:00:00,0.8775,0.87768,0.87236,0.87293,47940.53
2023.08.04 16:00:00,0.87294,0.87309,0.8699,0.87101,39972.93
2023.08.04 17:00:00,0.87101,0.87209,0.87021,0.8719,14884.15
2023.08.04 18:00:00,0.8719,0.87253,0.87076,0.87127,6289.4
2023.08.04 19:00:00,0.87127,0.8719,0.87071,0.87099,2853.27
2023.08.04 20:00:00,0.871,0.87148,0.87072,0.87138,1153.82
2023.08.04 21:00:00,0.8714,0.87288,0.8714,0.87271,2151.21
2023.08.04 22:00:00,0.8727,0.8734,0.87262,0.87311,1522.28
2023.08.04 23:00:00,0.8731,0.87321,0.8721,0.87222,10623.05
2023.08.07 00:00:00,0.86999,0.87264,0.86999,0.87235,932.68
2023.08.07 01:00:00,0.87234,0.87393,0.87222,0.8737,4727.21
2023.08.07 02:00:00,0.87371,0.87438,0.8737,0.87417,9126.31
2023.08.07 03:00:00,0.87416,0.87455,0.87345,0.87377,9791.81
2023.08.07 04:00:00,0.87378,0.87509,0.87374,0.87482,3492.68
2023.08.07 05:00:00,0.87484,0.87529,0.87464,0.8748,6393.45
2023.08.07 06:00:00,0.8748,0.87489,0.87435,0.87488,1138.56
2023.08.07 07:00:00,0.87488,0.87511,0.87436,0.87439,2120.13
2023.08.07 08:00:00,0.87439,0.87549,0.87432,0.87533,6270.52
2023.08.07 09:00:00,0.87535,0.87682,0.87519,0.87588,5682.76
2023.08.07 10:00:00,0.87587,0.87595,0.87383,0.87384,7191.1
2023.08.07 11:00:00,0.87385,0.87627,0.87377,0.87571,5946.6
2023.08.07 12:00:00,0.87569,0.87688,0.87553,0.87686,3637.04
2023.08.07 13:00:00,0.87687,0.87734,0.87662,0.87703,3418.45
2023.08.07 14:00:00,0.87704,0.87717,0.87587,0.87601,2921.58
2023.08.07 15:00:00,0.87601,0.8765,0.87474,0.87481,3951.25
2023.08.07 16:00:00,0.87481,0.87514,0.87334,0.87505,6976.19
2023.08.07 17:00:00,0.87507,0.8757,0.87402,0.87443,5973.06
2023.08.07 18:00:00,0.87446,0.87489,0.87387,0.87423,3329.36
2023.08.07 19:00:00,0.87422,0.87452,0.87373,0.87392,2253.21
2023.08.07 20:00:00,0.87393,0.87424,0.87342,0.8736,1636.19
2023.08.07 21:00:00,0.87359,0.87359,0.87289,0.87289,2657.18
2023.08.07 22:00:00,0.8729,0.87324,0.87278,0.87295,1370.09
2023.08.07 23:00:00,0.87296,0.87337,0.87248,0.87248,2771.26
2023.08.08 00:00:00,0.87248,0.87306,0.87216,0.87268,2175.95
2023.08.08 01:00:00,0.87282,0.87282,0.87254,0.87266,1038.45
2023.08.08 02:00:00,0.87266,0.87293,0.8725,0.87293,2396.4
2023.08.08 03:00:00,0.87292,0.87389,0.87276,0.87354,3573.38
2023.08.08 04:00:00,0.87355,0.87466,0.87352,0.87451,6520.62
2023.08.08 05:00:00,0.8745,0.87471,0.87342,0.87354,5479.1
2023.08.08 06:00:00,0.87353,0.8743,0.87343,0.87421,9465.17
2023.08.08 07:00:00,0.87423,0.87433,0.87363,0.87364,1147.58
2023.08.08 08:00:00,0.87361,0.87385,0.87284,0.87287,6787.76
2023.08.08 09:00:00,0.87283,0.87341,0.87199,0.87338,7506.38
2023.08.08 10:00:00,0.8734,0.87553,0.87318,0.8748,10657.18
2023.08.08 11:00:00,0.8748,0.87498,0.87337,0.87371,5919.42
2023.08.08 12:00:00,0.8737,0.87549,0.87358,0.87519,6175.33
2023.08.08 13:00:00,0.87518,0.87682,0.87506,0.87657,6013.26
2023.08.08 14:00:00,0.87657,0.87782,0.87617,0.8773,6427.28
2023.08.08 15:00:00,0.87723,0.87763,0.8762,0.87754,14942.71
2023.08.08 16:00:00,0.87756,0.87791,0.87639,0.87671,10821.15
2023.08.08 17:00:00,0.87668,0.87827,0.8754,0.87566,10329.08
2023.08.08 18:00:00,0.87564,0.87639,0.87556,0.87573,4095.03
2023.08.08 19:00:00,0.87574,0.87586,0.875,0.87576,1825.9
2023.08.08 20:00:00,0.87575,0.87589,0.87518,0.87571,2483.15
2023.08.08 21:00:00,0.87571,0.87624,0.87546,0.87557,3182.84
2023.08.08 22:00:00,0.87556,0.87566,0.87514,0.87552,929.34
2023.08.08 23:00:00,0.8755,0.87589,0.8754,0.87546,1313.73
2023.08.09 00:00:00,0.87537,0.87587,0.87485,0.87552,3959.04
2023.08.09 01:00:00,0.87552,0.87615,0.8753,0.8761,5718.39
2023.08.09 02:00:00,0.8761,0.87611,0.87553,0.8756,3634.91
2023.08.09 03:00:00,0.87559,0.87559,0.87475,0.87525,5414.65
2023.08.09 04:00:00,0.87526,0.87537,0.87449,0.87515,3401.51
2023.08.09 05:00:00,0.87516,0.87532,0.87451,0.87466,2759.09
2023.08.09 06:00:00,0.87464,0.87489,0.87427,0.87468,1859.62
2023.08.09 07:00:00,0.8747,0.87496,0.87443,0.87457,5078.35
2023.08.09 08:00:00,0.87456,0.87457,0.87365,0.87389,6656.23
2023.08.09 09:00:00,0.87386,0.87409,0.87322,0.87393,6916.8
2023.08.09 10:00:00,0.87395,0.87432,0.87332,0.87353,5939.79
2023.08.09 11:00:00,0.87353,0.87516,0.87315,0.87475,3746.26
2023.08.09 12:00:00,0.87476,0.876,0.87462,0.8759,4201.87
2023.08.09 13:00:00,0.8759,0.87685,0.87563,0.87681,2759.66
2023.08.09 14:00:00,0.87681,0.87739,0.87656,0.87732,3436.18
2023.08.09 15:00:00,0.87731,0.87825,0.87646,0.8765,5754.77
2023.08.09 16:00:00,0.87649,0.87654,0.87566,0.8763,7119.87
2023.08.09 17:00:00,0.8763,0.87689,0.875,0.87677,8793.64
2023.08.09 18:00:00,0.8768,0.87734,0.87642,0.87702,5646.37
2023.08.09 19:00:00,0.87702,0.87717,0.87614,0.87684,2908.36
2023.08.09 20:00:00,0.87682,0.877,0.87577,0.87681,3285.85
2023.08.09 21:00:00,0.87683,0.87751,0.87682,0.87731,4016.56
2023.08.09 22:00:00,0.8773,0.87744,0.87694,0.87735,3004.99
2023.08.09 23:00:00,0.87734,0.87738,0.87695,0.8771,1077.12
2023.08.10 00:00:00,0.87709,0.87709,0.87629,0.87681,1254.67
2023.08.10 01:00:00,0.87675,0.877,0.8767,0.8769,2150
2023.08.10 02:00:00,0.87691,0.8771,0.87691,0.87698,5135.43
2023.08.10 03:00:00,0.87698,0.87741,0.87689,0.87709,1836.04
2023.08.10 04:00:00,0.87704,0.87761,0.87675,0.8771,8392.7
2023.08.10 05:00:00,0.87712,0.87722,0.87644,0.87677,1992.85
2023.08.10 06:00:00,0.87678,0.87699,0.87674,0.87686,1501.87
2023.08.10 07:00:00,0.87687,0.87696,0.87627,0.87695,2026.96
2023.08.10 08:00:00,0.87696,0.87711,0.8765,0.87657,2352.72
2023.08.10 09:00:00,0.87657,0.87665,0.87585,0.87623,5402.57
2023.08.10 10:00:00,0.87622,0.87635,0.87381,0.87396,8727.11
2023.08.10 11:00:00,0.87393,0.87402,0.87226,0.87324,6461.62
2023.08.10 12:00:00,0.87325,0.87385,0.87318,0.87358,3894.13
2023.08.10 13:00:00,0.87357,0.87368,0.87293,0.87311,5080.36
2023.08.10 14:00:00,0.87311,0.87334,0.87288,0.873,2888.56
2023.08.10 15:00:00,0.87299,0.87384,0.86897,0.87183,38368.54
2023.08.10 16:00:00,0.87185,0.87522,0.87158,0.87258,33243.7
2023.08.10 17:00:00,0.87257,0.87443,0.87178,0.87355,16736.93
2023.08.10 18:00:00,0.87354,0.87428,0.87317,0.87361,6193.78
2023.08.10 19:00:00,0.87361,0.87402,0.87325,0.87384,3594.19
2023.08.10 20:00:00,0.87384,0.8772,0.8738,0.87665,8665.71
2023.08.10 21:00:00,0.87665,0.87677,0.8755,0.87575,5663.28
2023.08.10 22:00:00,0.87574,0.87681,0.87569,0.8768,3287.76
2023.08.10 23:00:00,0.8768,0.87684,0.87659,0.87659,1480.29
2023.08.11 00:00:00,0.87659,0.87682,0.875,0.87643,6423.64
2023.08.11 01:00:00,0.87643,0.87672,0.87642,0.87668,366.57
2023.08.11 02:00:00,0.87668,0.87685,0.8766,0.87684,2385.86
2023.08.11 03:00:00,0.87685,0.8771,0.87633,0.87642,1666.72
2023.08.11 04:00:00,0.8764,0.87652,0.87571,0.87598,2796.59
2023.08.11 05:00:00,0.87599,0.87643,0.87592,0.8761,1634.68
2023.08.11 06:00:00,0.87612,0.87622,0.8758,0.87598,1687.76
2023.08.11 07:00:00,0.876,0.87644,0.87589,0.87633,1930.06
2023.08.11 08:00:00,0.87632,0.87653,0.87595,0.87632,4751.8
2023.08.11 09:00:00,0.87631,0.87743,0.87585,0.8772,5473.5
2023.08.11 10:00:00,0.8772,0.87732,0.87608,0.87672,8955.77
2023.08.11 11:00:00,0.87674,0.87761,0.87648,0.87652,4866.03
2023.08.11 12:00:00,0.87653,0.87738,0.87614,0.87694,4341.43
2023.08.11 13:00:00,0.87695,0.87714,0.87541,0.87573,6874.1
2023.08.11 14:00:00,0.87575,0.87577,0.87437,0.87465,3802.49
2023.08.11 15:00:00,0.87465,0.87711,0.87345,0.87664,26135.62
2023.08.11 16:00:00,0.87665,0.87803,0.87572,0.8772,12745.96
2023.08.11 17:00:00,0.87719,0.87737,0.87495,0.87552,22571.13
2023.08.11 18:00:00,0.87552,0.87699,0.87523,0.8765,4184.61
2023.08.11 19:00:00,0.87648,0.87733,0.87611,0.87728,2822.17
2023.08.11 20:00:00,0.87729,0.87742,0.87632,0.87708,2182.46
2023.08.11 21:00:00,0.87706,0.87724,0.8759,0.87609,2829.55
2023.08.11 22:00:00,0.87609,0.87691,0.87609,0.8765,2265.42
2023.08.11 23:00:00,0.87649,0.87685,0.87601,0.87604,6581.98
2023.08.14 00:00:00,0.87577,0.87711,0.87553,0.87604,11248.01
2023.08.14 01:00:00,0.87604,0.87704,0.87604,0.87679,3104.49
2023.08.14 02:00:00,0.87681,0.87698,0.87647,0.87673,4481.61
2023.08.14 03:00:00,0.87673,0.8777,0.87649,0.87744,3018.15
2023.08.14 04:00:00,0.87745,0.87775,0.87703,0.87748,4518.61
2023.08.14 05:00:00,0.87747,0.87792,0.87737,0.87786,3035.69
2023.08.14 06:00:00,0.87787,0.87787,0.8774,0.87744,2217.58
2023.08.14 07:00:00,0.87745,0.87745,0.87708,0.87733,1569.56
2023.08.14 08:00:00,0.87731,0.87753,0.87667,0.87677,3018.17
2023.08.14 09:00:00,0.8768,0.87769,0.87656,0.87676,7110.93
2023.08.14 10:00:00,0.87674,0.87702,0.8755,0.87594,7152.12
2023.08.14 11:00:00,0.87595,0.87694,0.87557,0.87687,6340.95
2023.08.14 12:00:00,0.87686,0.87739,0.87615,0.87679,6801.22
2023.08.14 13:00:00,0.87678,0.87725,0.87625,0.87681,3609.18
2023.08.14 14:00:00,0.87683,0.87806,0.8767,0.87804,3816.44
2023.08.14 15:00:00,0.87805,0.88105,0.87797,0.8806,9234.94
2023.08.14 16:00:00,0.8806,0.88275,0.88025,0.88186,9941.87
2023.08.14 17:00:00,0.88183,0.88183,0.87778,0.87929,13157.06
2023.08.14 18:00:00,0.87927,0.87935,0.87712,0.87749,8404.34
2023.08.14 19:00:00,0.87751,0.87756,0.87623,0.87696,4541.75
2023.08.14 20:00:00,0.87697,0.87798,0.87659,0.87798,2542.55
2023.08.14 21:00:00,0.87798,0.87907,0.8776,0.87899,2240.18
2023.08.14 22:00:00,0.87897,0.87902,0.8779,0.87843,2919.16
2023.08.14 23:00:00,0.8784,0.87855,0.87796,0.87822,2062.67
2023.08.15 00:00:00,0.87812,0.87863,0.87729,0.87805,5684.01
2023.08.15 01:00:00,0.87809,0.87828,0.87796,0.878,1927.62
2023.08.15 02:00:00,0.87799,0.87839,0.87797,0.87801,2967.73
2023.08.15 03:00:00,0.87801,0.87866,0.87792,0.87803,4086.92
2023.08.15 04:00:00,0.87802,0.87842,0.87727,0.8778,17561.08
2023.08.15 05:00:00,0.87781,0.87807,0.87697,0.87741,11860.55
2023.08.15 06:00:00,0.87741,0.87743,0.87669,0.87685,3174.26
2023.08.15 07:00:00,0.87687,0.87764,0.87687,0.87758,3488.08
2023.08.15 08:00:00,0.87758,0.87827,0.87736,0.87771,13135.77
2023.08.15 09:00:00,0.8777,0.87826,0.8769,0.8772,9331.43
2023.08.15 10:00:00,0.87721,0.87792,0.8764,0.87723,9010.06
2023.08.15 11:00:00,0.87724,0.8775,0.87529,0.87585,6751.12
2023.08.15 12:00:00,0.87585,0.87635,0.8744,0.87491,9359.45
2023.08.15 13:00:00,0.87491,0.87634,0.87477,0.87589,7227.98
2023.08.15 14:00:00,0.8759,0.87725,0.8759,0.87712,6648.09
2023.08.15 15:00:00,0.87715,0.87961,0.87626,0.87697,29694.89
2023.08.15 16:00:00,0.87696,0.87784,0.87548,0.87655,23047.1
2023.08.15 17:00:00,0.87655,0.87776,0.87543,0.87581,15468.08
2023.08.15 18:00:00,0.8758,0.8775,0.87574,0.87693,6087.43
2023.08.15 19:00:00,0.87692,0.87834,0.87685,0.87828,3036.29
2023.08.15 20:00:00,0.87828,0.87837,0.87719,0.87737,4461.57
2023.08.15 21:00:00,0.87738,0.87874,0.87737,0.87873,2095.43
2023.08.15 22:00:00,0.87875,0.87888,0.87848,0.87855,2541.8
2023.08.15 23:00:00,0.87856,0.87862,0.8783,0.87833,2637.07
2023.08.16 00:00:00,0.87832,0.87845,0.87744,0.87819,6084.99
2023.08.16 01:00:00,0.87812,0.87875,0.87798,0.87872,2686.59
2023.08.16 02:00:00,0.87871,0.87887,0.87857,0.87865,8052.12
2023.08.16 03:00:00,0.87865,0.87905,0.87851,0.87888,2106.47
2023.08.16 04:00:00,0.87889,0.87914,0.87812,0.87852,3548.52
2023.08.16 05:00:00,0.87853,0.8786,0.87784,0.87855,2112.65
2023.08.16 06:00:00,0.87856,0.87865,0.87806,0.87846,3373.09
2023.08.16 07:00:00,0.87845,0.87855,0.87809,0.87812,1413.46
2023.08.16 08:00:00,0.87811,0.87829,0.87775,0.87801,2250.57
2023.08.16 09:00:00,0.87801,0.879,0.87739,0.87788,7566.1
2023.08.16 10:00:00,0.87788,0.87897,0.87758,0.87839,7490.83
2023.08.16 11:00:00,0.87839,0.87876,0.87771,0.87795,5149.25
2023.08.16 12:00:00,0.87795,0.87871,0.87785,0.87844,4176.36
2023.08.16 13:00:00,0.87843,0.8793,0.87818,0.8792,3339.13
2023.08.16 14:00:00,0.87922,0.88039,0.87912,0.88011,3713.65
2023.08.16 15:00:00,0.88012,0.88126,0.87963,0.88118,10222.26
2023.08.16 16:00:00,0.8812,0.8814,0.87807,0.88006,17294.91
2023.08.16 17:00:00,0.88008,0.88024,0.87856,0.87896,9717.45
2023.08.16 18:00:00,0.87894,0.87914,0.87831,0.87865,5935.45
2023.08.16 19:00:00,0.87867,0.87931,0.8786,0.87931,2802.41
2023.08.16 20:00:00,0.8793,0.87954,0.87848,0.87873,3425.14
2023.08.16 21:00:00,0.87872,0.88013,0.87799,0.87964,13299.36
2023.08.16 22:00:00,0.87968,0.88067,0.87961,0.88029,3960.51
2023.08.16 23:00:00,0.88028,0.8803,0.87982,0.87982,5430.96
2023.08.17 00:00:00,0.87976,0.88008,0.8793,0.87976,14268.23
2023.08.17 01:00:00,0.87986,0.8799,0.87945,0.87986,2251.17
2023.08.17 02:00:00,0.87986,0.88025,0.87982,0.88013,4217.11
2023.08.17 03:00:00,0.88014,0.88073,0.88013,0.88049,4235.41
2023.08.17 04:00:00,0.88048,0.88091,0.88026,0.88048,6911.24
2023.08.17 05:00:00,0.88048,0.88055,0.87999,0.8804,3638.33
2023.08.17 06:00:00,0.88039,0.8806,0.88008,0.88058,5185.2
2023.08.17 07:00:00,0.88057,0.88062,0.8802,0.88025,9204.47
2023.08.17 08:00:00,0.88024,0.88093,0.87966,0.8797,3334.74
2023.08.17 09:00:00,0.87969,0.88047,0.87954,0.87958,4931.36
2023.08.17 10:00:00,0.8796,0.88015,0.87935,0.87965,5756.93
2023.08.17 11:00:00,0.87967,0.87988,0.87916,0.87928,4244.18
2023.08.17 12:00:00,0.8793,0.87981,0.87889,0.87919,5618.53
2023.08.17 13:00:00,0.87921,0.87921,0.87832,0.87874,4973.41
2023.08.17 14:00:00,0.87872,0.87876,0.8771,0.87718,5628.73
2023.08.17 15:00:00,0.87716,0.8782,0.87596,0.87695,20116.68
2023.08.17 16:00:00,0.87696,0.8778,0.87607,0.87766,15660.41
2023.08.17 17:00:00,0.87766,0.87864,0.87756,0.87828,8466.12
2023.08.17 18:00:00,0.87827,0.87962,0.87794,0.87919,5499.79
2023.08.17 19:00:00,0.87918,0.8798,0.87835,0.8791,3780.21
2023.08.17 20:00:00,0.87909,0.88033,0.87905,0.87976,3363.08
2023.08.17 21:00:00,0.87975,0.88005,0.87956,0.87999,2009.73
2023.08.17 22:00:00,0.88,0.88,0.87819,0.87823,6117.98
2023.08.17 23:00:00,0.87823,0.87855,0.87815,0.87832,1117.87
2023.08.18 00:00:00,0.87833,0.8787,0.87692,0.87819,2101.87
2023.08.18 01:00:00,0.87817,0.87828,0.87789,0.87814,3168.75
2023.08.18 02:00:00,0.87814,0.87831,0.87802,0.8783,4548.54
2023.08.18 03:00:00,0.87828,0.87888,0.87766,0.87789,3282.45
2023.08.18 04:00:00,0.87787,0.87821,0.87741,0.87782,4133.75
2023.08.18 05:00:00,0.87784,0.87791,0.87735,0.87766,3329.3
2023.08.18 06:00:00,0.87769,0.87833,0.87769,0.87798,2075.71
2023.08.18 07:00:00,0.87798,0.87867,0.87768,0.87864,2535.92
2023.08.18 08:00:00,0.87863,0.87944,0.87854,0.87861,2992.71
2023.08.18 09:00:00,0.8786,0.87971,0.87796,0.87936,11292.53
2023.08.18 10:00:00,0.87939,0.88045,0.87928,0.87976,7159.51
2023.08.18 11:00:00,0.87975,0.88057,0.8792,0.88035,6529.44
2023.08.18 12:00:00,0.88036,0.88073,0.87994,0.88021,5159.34
2023.08.18 13:00:00,0.8802,0.88083,0.87939,0.88077,4813.76
2023.08.18 14:00:00,0.88077,0.88116,0.87993,0.88069,3682.19
2023.08.18 15:00:00,0.88067,0.88248,0.8806,0.88139,8405.27
2023.08.18 16:00:00,0.88138,0.88181,0.87921,0.87997,28482.71
2023.08.18 17:00:00,0.87999,0.88133,0.87974,0.88133,6326.61
2023.08.18 18:00:00,0.88134,0.88185,0.88089,0.88169,4692.85
2023.08.18 19:00:00,0.88168,0.88193,0.88147,0.88173,2744.77
2023.08.18 20:00:00,0.88172,0.88188,0.88096,0.88135,2821.38
2023.08.18 21:00:00,0.88135,0.88207,0.88121,0.882,2687.5
2023.08.18 22:00:00,0.882,0.88238,0.88171,0.88223,3646.18
2023.08.18 23:00:00,0.88222,0.88272,0.88188,0.88188,10884.19
2023.08.21 00:00:00,0.88108,0.88203,0.88107,0.88179,3742.85
2023.08.21 01:00:00,0.88177,0.88233,0.88167,0.88199,2720.75
2023.08.21 02:00:00,0.88212,0.88255,0.88212,0.88235,4412.61
2023.08.21 03:00:00,0.88236,0.88238,0.88125,0.88153,3110.15
2023.08.21 04:00:00,0.88155,0.88259,0.88155,0.88249,4902.25
2023.08.21 05:00:00,0.88252,0.88274,0.88167,0.88176,2810.33
2023.08.21 06:00:00,0.88175,0.88213,0.88174,0.8821,1114.18
2023.08.21 07:00:00,0.88211,0.88235,0.88185,0.88209,1633.15
2023.08.21 08:00:00,0.88208,0.88242,0.88172,0.88211,3390.79
2023.08.21 09:00:00,0.8821,0.88246,0.88098,0.88099,4495.03
2023.08.21 10:00:00,0.88098,0.8813,0.87917,0.87918,10208.46
2023.08.21 11:00:00,0.87916,0.88047,0.87913,0.88026,5106.53
2023.08.21 12:00:00,0.88025,0.88032,0.87903,0.87942,5731.87
2023.08.21 13:00:00,0.87945,0.88037,0.87917,0.88003,4295.39
2023.08.21 14:00:00,0.88005,0.88053,0.87888,0.87916,7432.7
2023.08.21 15:00:00,0.87916,0.87998,0.87873,0.87922,8438.16
2023.08.21 16:00:00,0.87922,0.88108,0.87909,0.88046,10126.19
2023.08.21 17:00:00,0.88045,0.88141,0.88013,0.88057,8981.57
2023.08.21 18:00:00,0.88057,0.88074,0.87982,0.87995,3579.21
2023.08.21 19:00:00,0.87994,0.87999,0.8785,0.87858,2142.24
2023.08.21 20:00:00,0.87856,0.87894,0.87826,0.87877,1576.3
2023.08.21 21:00:00,0.87876,0.87884,0.87826,0.87844,1441.77
2023.08.21 22:00:00,0.87843,0.87848,0.87797,0.87828,2013.5
2023.08.21 23:00:00,0.87826,0.87874,0.87823,0.87841,817.41
2023.08.22 00:00:00,0.8784,0.87901,0.87784,0.8785,4141.09
2023.08.22 01:00:00,0.87847,0.87858,0.87837,0.8785,933.2
2023.08.22 02:00:00,0.87849,0.87854,0.87815,0.87852,1324.56
2023.08.22 03:00:00,0.87854,0.87908,0.87825,0.87826,2361.81
2023.08.22 04:00:00,0.87825,0.87832,0.87745,0.87779,2739.68
2023.08.22 05:00:00,0.87776,0.87777,0.8772,0.87775,2324.36
2023.08.22 06:00:00,0.87778,0.87792,0.87718,0.8774,3378.77
2023.08.22 07:00:00,0.87739,0.8781,0.87736,0.87795,992.64
2023.08.22 08:00:00,0.87795,0.87824,0.87773,0.87813,4315.73
2023.08.22 09:00:00,0.87806,0.8781,0.87697,0.87736,7538.55
2023.08.22 10:00:00,0.87737,0.87778,0.87693,0.87758,6208.91
2023.08.22 11:00:00,0.87757,0.87786,0.87669,0.87754,6833.95
2023.08.22 12:00:00,0.87754,0.87827,0.87656,0.87663,5817.32
2023.08.22 13:00:00,0.87661,0.87798,0.87648,0.87771,7387.03
2023.08.22 14:00:00,0.87773,0.87843,0.87758,0.87801,4130.04
2023.08.22 15:00:00,0.87801,0.87979,0.87784,0.8794,10513.65
2023.08.22 16:00:00,0.87941,0.88067,0.87896,0.8804,12656.54
2023.08.22 17:00:00,0.8804,0.88091,0.87948,0.88005,12600.68
2023.08.22 18:00:00,0.88008,0.88054,0.87941,0.88,4259.05
2023.08.22 19:00:00,0.87998,0.88003,0.87949,0.87968,2441.74
2023.08.22 20:00:00,0.87969,0.88006,0.87947,0.88001,1598.32
2023.08.22 21:00:00,0.88002,0.88018,0.8798,0.87998,1100.91
2023.08.22 22:00:00,0.87999,0.88066,0.87994,0.88052,1186.55
2023.08.22 23:00:00,0.88053,0.88054,0.88014,0.88028,2199.05
2023.08.23 00:00:00,0.88024,0.88045,0.8793,0.88019,1303.53
2023.08.23 01:00:00,0.88016,0.88041,0.87992,0.88005,1791.29
2023.08.23 02:00:00,0.88004,0.8802,0.88004,0.88014,4411.36
2023.08.23 03:00:00,0.88017,0.88053,0.87988,0.88048,1776.12
2023.08.23 04:00:00,0.88048,0.88074,0.87972,0.87987,3066.13
2023.08.23 05:00:00,0.87985,0.8804,0.87959,0.8802,1524.67
2023.08.23 06:00:00,0.88022,0.8804,0.87965,0.87977,2003.64
2023.08.23 07:00:00,0.87977,0.88006,0.87955,0.87958,1950.24
2023.08.23 08:00:00,0.87958,0.87979,0.87935,0.87953,3193.26
2023.08.23 09:00:00,0.87956,0.88039,0.8792,0.87938,4864.95
2023.08.23 10:00:00,0.87936,0.8815,0.87787,0.88036,17931.85
2023.08.23 11:00:00,0.88039,0.88104,0.87905,0.88039,13997.37
2023.08.23 12:00:00,0.88036,0.88116,0.88003,0.88095,5816.91
2023.08.23 13:00:00,0.88097,0.88143,0.88066,0.88135,5923.04
2023.08.23 14:00:00,0.88136,0.8817,0.87977,0.88108,4892.83
2023.08.23 15:00:00,0.88107,0.8814,0.88052,0.88121,7267.75
2023.08.23 16:00:00,0.8812,0.88124,0.87748,0.8782,25271.81
2023.08.23 17:00:00,0.87822,0.8795,0.87774,0.87933,23414.36
2023.08.23 18:00:00,0.87934,0.87946,0.87795,0.87851,6981.94
2023.08.23 19:00:00,0.87851,0.87896,0.87795,0.87835,5027.08
2023.08.23 20:00:00,0.87836,0.87849,0.87762,0.87815,2803.51
2023.08.23 21:00:00,0.87815,0.87904,0.87789,0.87799,2614.59
2023.08.23 22:00:00,0.87799,0.87806,0.87737,0.87773,2229.81
2023.08.23 23:00:00,0.87774,0.87826,0.87768,0.87795,4755.88
2023.08.24 00:00:00,0.87767,0.87812,0.87671,0.87797,3756.86
2023.08.24 01:00:00,0.87797,0.87797,0.8775,0.87759,1681.98
2023.08.24 02:00:00,0.87761,0.87777,0.87736,0.87743,8476.99
2023.08.24 03:00:00,0.87742,0.87765,0.87668,0.87697,2752.21
2023.08.24 04:00:00,0.87698,0.87787,0.87696,0.87764,3468.63
2023.08.24 05:00:00,0.87765,0.87802,0.87717,0.87723,4109.22
2023.08.24 06:00:00,0.87724,0.87725,0.87651,0.87719,3192.19
2023.08.24 07:00:00,0.8772,0.87776,0.87697,0.87728,3374.31
2023.08.24 08:00:00,0.87727,0.87727,0.8764,0.87651,2705.33
2023.08.24 09:00:00,0.8765,0.87755,0.87597,0.87754,6638.97
2023.08.24 10:00:00,0.87756,0.87961,0.87745,0.87942,11507.51
2023.08.24 11:00:00,0.87941,0.87987,0.87876,0.8793,7898.7
2023.08.24 12:00:00,0.87928,0.88104,0.87897,0.88085,5668.93
2023.08.24 13:00:00,0.88084,0.88096,0.87975,0.88001,8083.05
2023.08.24 14:00:00,0.88002,0.88178,0.87987,0.88176,9385.29
2023.08.24 15:00:00,0.88175,0.88387,0.88171,0.88296,12847.77
2023.08.24 16:00:00,0.88296,0.88296,0.88069,0.8809,12266.9
2023.08.24 17:00:00,0.88089,0.88239,0.88068,0.88211,11605.26
2023.08.24 18:00:00,0.88213,0.8829,0.88184,0.88255,5245.61
2023.08.24 19:00:00,0.88257,0.8833,0.88248,0.88317,3136.14
2023.08.24 20:00:00,0.88315,0.88417,0.88303,0.88394,3124.58
2023.08.24 21:00:00,0.88394,0.88458,0.88351,0.88447,2765.26
2023.08.24 22:00:00,0.88446,0.88508,0.88413,0.88493,3196.73
2023.08.24 23:00:00,0.88491,0.88495,0.88424,0.88438,1619.19
2023.08.25 00:00:00,0.8844,0.88452,0.88381,0.88405,3895.61
2023.08.25 01:00:00,0.88397,0.88483,0.88389,0.88476,1241.38
2023.08.25 02:00:00,0.88476,0.88546,0.88476,0.88523,4726.5
2023.08.25 03:00:00,0.88525,0.88543,0.88478,0.88525,5252.18
2023.08.25 04:00:00,0.88526,0.88575,0.88511,0.88557,3766.48
2023.08.25 05:00:00,0.88557,0.88637,0.88554,0.88609,1975.82
2023.08.25 06:00:00,0.88609,0.88631,0.88594,0.88629,1098.43
2023.08.25 07:00:00,0.88629,0.88652,0.88613,0.88631,1324.1
2023.08.25 08:00:00,0.88632,0.88665,0.88577,0.88579,3178.33
2023.08.25 09:00:00,0.88579,0.88634,0.88538,0.88574,8582.27
2023.08.25 10:00:00,0.88572,0.88685,0.88504,0.88661,5952.31
2023.08.25 11:00:00,0.88661,0.88684,0.88539,0.88554,7953.52
2023.08.25 12:00:00,0.88553,0.8862,0.88528,0.88596,5313.75
2023.08.25 13:00:00,0.88598,0.88619,0.88525,0.88535,3271.4
2023.08.25 14:00:00,0.88535,0.88585,0.88486,0.88511,3201.3
2023.08.25 15:00:00,0.88515,0.88531,0.88435,0.8846,4157.7
2023.08.25 16:00:00,0.88462,0.88558,0.88406,0.88432,7766.46
2023.08.25 17:00:00,0.88432,0.8876,0.88213,0.88692,36003.57
2023.08.25 18:00:00,0.88694,0.887,0.88493,0.88599,12498.92
2023.08.25 19:00:00,0.88599,0.88601,0.88497,0.88544,5356.88
2023.08.25 20:00:00,0.88543,0.88543,0.88436,0.88447,5934.85
2023.08.25 21:00:00,0.88446,0.8845,0.88343,0.88381,4023.51
2023.08.25 22:00:00,0.88382,0.88427,0.88344,0.88406,2335.54
2023.08.25 23:00:00,0.88405,0.88472,0.88378,0.88378,2794.39
2023.08.28 00:00:00,0.88436,0.88487,0.88334,0.88377,3022.33
2023.08.28 01:00:00,0.88377,0.88506,0.88376,0.885,2457.52
2023.08.28 02:00:00,0.885,0.88511,0.88438,0.88481,4655.75
2023.08.28 03:00:00,0.88482,0.88489,0.88389,0.88406,7556.62
2023.08.28 04:00:00,0.88407,0.88416,0.88353,0.88404,5446.18
2023.08.28 05:00:00,0.88405,0.88413,0.88321,0.88332,1924.25
2023.08.28 06:00:00,0.88334,0.88359,0.88318,0.88338,1507.24
2023.08.28 07:00:00,0.88339,0.88346,0.88305,0.88318,1142.4
2023.08.28 08:00:00,0.88322,0.88336,0.88254,0.88318,2806.06
2023.08.28 09:00:00,0.88323,0.88326,0.88257,0.88299,6787.88
2023.08.28 10:00:00,0.88302,0.88354,0.88178,0.88336,7828.47
2023.08.28 11:00:00,0.88338,0.88444,0.88322,0.88419,4837.9
2023.08.28 12:00:00,0.88419,0.88431,0.88354,0.884,4602.6
2023.08.28 13:00:00,0.88403,0.88413,0.88282,0.88342,7610.81
2023.08.28 14:00:00,0.88341,0.88472,0.88334,0.88463,4572.21
2023.08.28 15:00:00,0.88467,0.88499,0.88368,0.88373,5346.81
2023.08.28 16:00:00,0.88373,0.88533,0.88361,0.88473,8009.4
2023.08.28 17:00:00,0.88474,0.88534,0.88382,0.88473,5765.73
2023.08.28 18:00:00,0.88473,0.88494,0.88311,0.88316,4741.45
2023.08.28 19:00:00,0.88316,0.88388,0.88306,0.88386,1970.77
2023.08.28 20:00:00,0.88385,0.88439,0.88369,0.88405,12842.76
2023.08.28 21:00:00,0.88406,0.88421,0.88362,0.88379,5446.79
2023.08.28 22:00:00,0.8838,0.88408,0.88353,0.88358,1798.82
2023.08.28 23:00:00,0.88357,0.88391,0.88351,0.88372,1766.32
2023.08.29 00:00:00,0.88371,0.88399,0.88284,0.88344,4336.54
2023.08.29 01:00:00,0.88337,0.88366,0.88295,0.88299,1969.15
2023.08.29 02:00:00,0.88298,0.88373,0.88298,0.88344,5201.8
2023.08.29 03:00:00,0.88343,0.88343,0.88278,0.88325,2021.02
2023.08.29 04:00:00,0.88322,0.88322,0.88258,0.88279,2588.4
2023.08.29 05:00:00,0.88277,0.88325,0.88268,0.88299,2836.9
2023.08.29 06:00:00,0.88297,0.8832,0.88264,0.88274,3709.02
2023.08.29 07:00:00,0.88276,0.88345,0.88276,0.8834,1512.74
2023.08.29 08:00:00,0.88339,0.88362,0.88307,0.8832,2164.32
2023.08.29 09:00:00,0.88319,0.88474,0.88319,0.88447,4672.66
2023.08.29 10:00:00,0.88447,0.88505,0.88326,0.88385,8169.61
2023.08.29 11:00:00,0.88383,0.8849,0.88365,0.88469,4645.94
2023.08.29 12:00:00,0.8847,0.8851,0.88379,0.88386,3617.75
2023.08.29 13:00:00,0.88387,0.88526,0.88383,0.88513,3318.1
2023.08.29 14:00:00,0.88514,0.88561,0.8845,0.8851,4414.11
2023.08.29 15:00:00,0.88508,0.88569,0.88449,0.88499,6403.67
2023.08.29 16:00:00,0.88499,0.88586,0.88427,0.88444,8394.92
2023.08.29 17:00:00,0.88444,0.88444,0.88046,0.88152,25132.98
2023.08.29 18:00:00,0.88153,0.8817,0.87902,0.87982,9010.35
2023.08.29 19:00:00,0.87982,0.88025,0.87874,0.87898,5912.02
2023.08.29 20:00:00,0.87898,0.879,0.87799,0.8783,4670.67
2023.08.29 21:00:00,0.87831,0.87951,0.87831,0.87862,3289.98
2023.08.29 22:00:00,0.87862,0.87891,0.87747,0.87777,3056.13
2023.08.29 23:00:00,0.87778,0.87842,0.87763,0.87817,1535.52
2023.08.30 00:00:00,0.87817,0.87856,0.87758,0.87839,10929.05
2023.08.30 01:00:00,0.87842,0.87847,0.87802,0.87806,2532.77
2023.08.30 02:00:00,0.87805,0.87897,0.87798,0.87897,3507.7
2023.08.30 03:00:00,0.87896,0.87904,0.87844,0.87853,2040.91
2023.08.30 04:00:00,0.87853,0.87906,0.87844,0.87895,4208.94
2023.08.30 05:00:00,0.87892,0.87919,0.87878,0.87895,5012.97
2023.08.30 06:00:00,0.87896,0.87906,0.87867,0.8787,1624.94
2023.08.30 07:00:00,0.8787,0.87962,0.87869,0.87962,1450.07
2023.08.30 08:00:00,0.87965,0.87973,0.87884,0.87928,3822.32
2023.08.30 09:00:00,0.87929,0.87941,0.87839,0.87916,5946.91
2023.08.30 10:00:00,0.8792,0.87994,0.87841,0.87955,8139.75
2023.08.30 11:00:00,0.87956,0.88031,0.87924,0.87948,8365.96
2023.08.30 12:00:00,0.87946,0.88,0.87878,0.87996,8124
2023.08.30 13:00:00,0.87997,0.88001,0.87907,0.87921,7506.34
2023.08.30 14:00:00,0.87921,0.87976,0.8788,0.87928,6789.27
2023.08.30 15:00:00,0.87928,0.87954,0.87615,0.87666,25568.68
2023.08.30 16:00:00,0.87669,0.87738,0.87476,0.87484,13283.13
2023.08.30 17:00:00,0.87484,0.87716,0.87445,0.8767,11932.05
2023.08.30 18:00:00,0.87669,0.8775,0.87613,0.87714,5309.95
2023.08.30 19:00:00,0.87713,0.87869,0.87713,0.87838,2992.89
2023.08.30 20:00:00,0.87837,0.87873,0.8776,0.87852,3983.71
2023.08.30 21:00:00,0.87851,0.8788,0.87821,0.87823,2375.25
2023.08.30 22:00:00,0.87822,0.87881,0.87813,0.8786,1751.23
2023.08.30 23:00:00,0.87859,0.87866,0.87837,0.87841,1735.12
2023.08.31 00:00:00,0.87836,0.87851,0.87793,0.87826,3534.7
2023.08.31 01:00:00,0.8782,0.87841,0.87804,0.87831,1799.31
2023.08.31 02:00:00,0.8783,0.87831,0.8779,0.87808,2529.33
2023.08.31 03:00:00,0.87808,0.8782,0.87778,0.87781,2357.09
2023.08.31 04:00:00,0.87783,0.87783,0.8771,0.87773,2569.01
2023.08.31 05:00:00,0.87773,0.87835,0.87763,0.87831,1870.38
2023.08.31 06:00:00,0.87831,0.87842,0.87822,0.87835,2921.01
2023.08.31 07:00:00,0.87836,0.87859,0.87827,0.87853,1148.06
2023.08.31 08:00:00,0.87852,0.8787,0.8784,0.87842,2054.57
2023.08.31 09:00:00,0.87842,0.87966,0.87842,0.87948,6698.21
2023.08.31 10:00:00,0.87948,0.88035,0.87907,0.88007,8901.39
2023.08.31 11:00:00,0.88007,0.88082,0.87987,0.88076,6380.2
2023.08.31 12:00:00,0.88073,0.88245,0.88069,0.88216,7530.97
2023.08.31 13:00:00,0.88214,0.88243,0.88089,0.88122,7118.66
2023.08.31 14:00:00,0.8812,0.88243,0.88115,0.8814,4474.33
2023.08.31 15:00:00,0.88139,0.88285,0.8809,0.88107,17215.08
2023.08.31 16:00:00,0.88108,0.88376,0.88079,0.8832,14296.5
2023.08.31 17:00:00,0.88319,0.88387,0.88229,0.88325,10703.26
2023.08.31 18:00:00,0.88326,0.88455,0.88276,0.88374,8509.22
2023.08.31 19:00:00,0.88373,0.88384,0.88249,0.88288,3030.78
2023.08.31 20:00:00,0.88286,0.88318,0.88236,0.88311,2793.91
2023.08.31 21:00:00,0.88309,0.88341,0.88252,0.88314,3423.4
2023.08.31 22:00:00,0.88312,0.88344,0.88281,0.88332,4926.21
2023.08.31 23:00:00,0.88333,0.88362,0.88306,0.88323,3478.85
2023.09.01 00:00:00,0.88322,0.88353,0.88224,0.88325,4171.08
2023.09.01 01:00:00,0.88328,0.88354,0.88303,0.88335,2205.38
2023.09.01 02:00:00,0.88336,0.88342,0.88315,0.88329,2685.24
2023.09.01 03:00:00,0.88327,0.88395,0.88313,0.88353,2530.67
2023.09.01 04:00:00,0.88355,0.88366,0.88228,0.88296,6102.59
2023.09.01 05:00:00,0.88296,0.88354,0.88257,0.88335,2353.4
2023.09.01 06:00:00,0.88336,0.88382,0.88327,0.88355,2235.67
2023.09.01 07:00:00,0.88355,0.88386,0.8831,0.8832,1927.65
2023.09.01 08:00:00,0.88318,0.88352,0.88303,0.88313,3999.25
2023.09.01 09:00:00,0.88311,0.88432,0.88218,0.8822,7233.44
2023.09.01 10:00:00,0.88218,0.88256,0.88124,0.88179,8953.02
2023.09.01 11:00:00,0.88176,0.88298,0.88154,0.88269,3711.09
2023.09.01 12:00:00,0.8827,0.883,0.88224,0.88265,2993.12
2023.09.01 13:00:00,0.88264,0.88288,0.882,0.88263,3690.5
2023.09.01 14:00:00,0.88264,0.88344,0.88201,0.88334,5202.09
2023.09.01 15:00:00,0.88333,0.88363,0.87959,0.88087,26914.6
2023.09.01 16:00:00,0.88087,0.88298,0.87946,0.88227,32151.63
2023.09.01 17:00:00,0.88227,0.88494,0.88224,0.88401,24861.33
2023.09.01 18:00:00,0.88401,0.88581,0.88385,0.88578,6106.7
2023.09.01 19:00:00,0.88576,0.88634,0.88564,0.88579,2960.09
2023.09.01 20:00:00,0.88577,0.88594,0.88506,0.88533,1520.6
2023.09.01 21:00:00,0.88534,0.88556,0.88509,0.88531,1498.07
2023.09.01 22:00:00,0.88535,0.88609,0.88524,0.8859,3720.66
2023.09.01 23:00:00,0.88589,0.8859,0.88533,0.88533,5754.39
2023.09.04 00:00:00,0.88494,0.88572,0.88489,0.88543,5049.36
2023.09.04 01:00:00,0.88543,0.88577,0.88538,0.88558,1453.01
2023.09.04 02:00:00,0.88558,0.88571,0.88519,0.88519,4828.48
2023.09.04 03:00:00,0.88519,0.88554,0.88486,0.88514,2985.35
2023.09.04 04:00:00,0.88521,0.88531,0.88469,0.88511,1556.46
2023.09.04 05:00:00,0.8851,0.8851,0.88401,0.88434,1853.84
2023.09.04 06:00:00,0.88432,0.88475,0.88423,0.88461,1771.33
2023.09.04 07:00:00,0.8846,0.88515,0.88458,0.88478,2252.51
2023.09.04 08:00:00,0.88478,0.8848,0.88435,0.88464,1302.33
2023.09.04 09:00:00,0.88463,0.8847,0.88379,0.88417,6104.57
2023.09.04 10:00:00,0.88418,0.88464,0.8832,0.88408,9724.62
2023.09.04 11:00:00,0.88407,0.88461,0.88337,0.88417,6781.02
2023.09.04 12:00:00,0.88418,0.88472,0.88389,0.88417,6773.56
2023.09.04 13:00:00,0.88416,0.88436,0.88378,0.88414,2744.94
2023.09.04 14:00:00,0.88413,0.8844,0.88344,0.88374,1777.25
2023.09.04 15:00:00,0.88372,0.88487,0.88358,0.88447,2228.22
2023.09.04 16:00:00,0.88446,0.88494,0.8841,0.88488,2183.05
2023.09.04 17:00:00,0.88489,0.88541,0.88477,0.88499,2805.73
2023.09.04 18:00:00,0.88498,0.88498,0.88416,0.88417,1417.71
2023.09.04 19:00:00,0.88415,0.88433,0.88408,0.88424,1010.02
2023.09.04 20:00:00,0.88422,0.88432,0.8841,0.88416,360.31
2023.09.04 21:00:00,0.88414,0.88419,0.88363,0.88408,1533.49
2023.09.04 22:00:00,0.8841,0.88489,0.88409,0.88454,2438.94
2023.09.04 23:00:00,0.88454,0.88466,0.88398,0.88398,4539.82
2023.09.05 00:00:00,0.88398,0.88437,0.88222,0.88402,2803.09
2023.09.05 01:00:00,0.88405,0.88455,0.88405,0.88451,1789.06
2023.09.05 02:00:00,0.88451,0.88481,0.88439,0.8848,2439
2023.09.05 03:00:00,0.88479,0.88499,0.88439,0.88452,2590.02
2023.09.05 04:00:00,0.88452,0.88539,0.88445,0.885,3661.13
2023.09.05 05:00:00,0.885,0.88546,0.88499,0.8853,1728.74
2023.09.05 06:00:00,0.88529,0.88567,0.8851,0.88511,1328.69
2023.09.05 07:00:00,0.8851,0.88524,0.88488,0.88496,1851.56
2023.09.05 08:00:00,0.88496,0.88569,0.88489,0.88542,2588.96
2023.09.05 09:00:00,0.88542,0.88715,0.88506,0.8866,8500.92
2023.09.05 10:00:00,0.88663,0.88774,0.88592,0.88748,7175.38
2023.09.05 11:00:00,0.88749,0.88807,0.88729,0.88783,5802.95
2023.09.05 12:00:00,0.88785,0.88803,0.88731,0.88782,3432.2
2023.09.05 13:00:00,0.88782,0.88881,0.88753,0.88873,3669.12
2023.09.05 14:00:00,0.88873,0.88957,0.88854,0.88897,4487.97
2023.09.05 15:00:00,0.88898,0.89029,0.88758,0.88795,12952.89
2023.09.05 16:00:00,0.88794,0.88883,0.88761,0.88848,15645.11
2023.09.05 17:00:00,0.88842,0.88936,0.88818,0.88918,9473.91
2023.09.05 18:00:00,0.88918,0.88951,0.88805,0.88876,4991.75
2023.09.05 19:00:00,0.88874,0.88923,0.88854,0.88878,2908.98
2023.09.05 20:00:00,0.88877,0.88988,0.88873,0.88982,1648.33
2023.09.05 21:00:00,0.88983,0.88987,0.8893,0.88954,2674.31
2023.09.05 22:00:00,0.88955,0.88987,0.8892,0.88983,3525.88
2023.09.05 23:00:00,0.88979,0.88997,0.88926,0.88926,2554.48
2023.09.06 00:00:00,0.88924,0.88938,0.88809,0.88897,21454.32
2023.09.06 01:00:00,0.88898,0.88957,0.88898,0.88933,1744.04
2023.09.06 02:00:00,0.88934,0.88947,0.88914,0.88939,3087.2
2023.09.06 03:00:00,0.88937,0.88996,0.8893,0.88979,2507.19
2023.09.06 04:00:00,0.88977,0.89028,0.88945,0.89015,8032.11
2023.09.06 05:00:00,0.89015,0.89015,0.88899,0.88899,2753.55
2023.09.06 06:00:00,0.88899,0.88922,0.88868,0.88872,2163.86
2023.09.06 07:00:00,0.88872,0.88889,0.88848,0.88874,1734.59
2023.09.06 08:00:00,0.88873,0.88896,0.88807,0.88809,1625.18
2023.09.06 09:00:00,0.88812,0.88937,0.88812,0.88906,5044.44
2023.09.06 10:00:00,0.88907,0.88993,0.88862,0.8898,7802.83
2023.09.06 11:00:00,0.88982,0.89036,0.88942,0.88976,4270
2023.09.06 12:00:00,0.88975,0.8905,0.88957,0.89006,3776.28
2023.09.06 13:00:00,0.89006,0.89018,0.88924,0.89008,2832.8
2023.09.06 14:00:00,0.89007,0.89038,0.88962,0.89029,3519.56
2023.09.06 15:00:00,0.89031,0.89061,0.88978,0.89043,3956.35
2023.09.06 16:00:00,0.89046,0.89181,0.89046,0.89153,9905.38
2023.09.06 17:00:00,0.89168,0.89445,0.89168,0.89297,18040.17
2023.09.06 18:00:00,0.89296,0.89329,0.89203,0.89243,4895.85
2023.09.06 19:00:00,0.89244,0.89264,0.8919,0.89223,2503.53
2023.09.06 20:00:00,0.89222,0.89231,0.89122,0.89123,1599.04
2023.09.06 21:00:00,0.89123,0.89183,0.89107,0.89144,1952.61
2023.09.06 22:00:00,0.89143,0.89155,0.891,0.89142,1969.89
2023.09.06 23:00:00,0.8914,0.89151,0.89094,0.89096,4117.44
2023.09.07 00:00:00,0.89106,0.89159,0.89085,0.8912,4863.4
2023.09.07 01:00:00,0.89124,0.89161,0.89096,0.89124,3894.67
2023.09.07 02:00:00,0.89125,0.89149,0.89121,0.89135,2380.78
2023.09.07 03:00:00,0.89134,0.89178,0.89115,0.89159,1463.02
2023.09.07 04:00:00,0.8916,0.89173,0.8908,0.89095,10603.12
2023.09.07 05:00:00,0.89098,0.89151,0.89094,0.89106,1717.12
2023.09.07 06:00:00,0.89106,0.89144,0.89095,0.8911,2780.21
2023.09.07 07:00:00,0.8911,0.8918,0.89102,0.89173,1884.54
2023.09.07 08:00:00,0.89172,0.89207,0.89147,0.8916,4076.79
2023.09.07 09:00:00,0.89159,0.89195,0.89122,0.89172,4866.06
2023.09.07 10:00:00,0.89172,0.89233,0.89147,0.89148,5878.83
2023.09.07 11:00:00,0.89147,0.89209,0.89147,0.89196,4319.42
2023.09.07 12:00:00,0.89196,0.89206,0.89139,0.89174,3095.49
2023.09.07 13:00:00,0.89173,0.89276,0.89173,0.89256,3202.53
2023.09.07 14:00:00,0.89255,0.89277,0.89204,0.89253,2170.87
2023.09.07 15:00:00,0.89253,0.89368,0.8923,0.89337,8900.34
2023.09.07 16:00:00,0.89335,0.89357,0.89267,0.89346,6782.1
2023.09.07 17:00:00,0.89347,0.89402,0.89248,0.89297,5459.55
2023.09.07 18:00:00,0.89296,0.89347,0.89264,0.89274,3660.28
2023.09.07 19:00:00,0.89273,0.8929,0.89231,0.89289,1582.95
2023.09.07 20:00:00,0.89289,0.89304,0.89202,0.89299,1864.78
2023.09.07 21:00:00,0.893,0.89316,0.89241,0.89302,2124.89
2023.09.07 22:00:00,0.893,0.8931,0.89249,0.8927,4849.01
2023.09.07 23:00:00,0.89271,0.89283,0.89234,0.89253,5945.61
2023.09.08 00:00:00,0.8925,0.89269,0.89137,0.89243,10070.07
2023.09.08 01:00:00,0.89243,0.89275,0.89228,0.89271,2161.31
2023.09.08 02:00:00,0.89271,0.89284,0.89266,0.89267,1838.49
2023.09.08 03:00:00,0.89265,0.89267,0.89096,0.89122,9338.36
2023.09.08 04:00:00,0.89122,0.89194,0.8908,0.89105,8615.66
2023.09.08 05:00:00,0.89104,0.89129,0.89055,0.89098,2808.95
2023.09.08 06:00:00,0.89095,0.89119,0.89085,0.89102,3429.23
2023.09.08 07:00:00,0.89103,0.8913,0.89093,0.89109,2967.33
2023.09.08 08:00:00,0.89105,0.89118,0.88996,0.89033,3827.24
2023.09.08 09:00:00,0.89033,0.89043,0.88947,0.89019,8044.56
2023.09.08 10:00:00,0.89019,0.89117,0.89011,0.8909,6621.15
2023.09.08 11:00:00,0.89088,0.89134,0.89059,0.89077,4787.91
2023.09.08 12:00:00,0.89078,0.89209,0.89077,0.89167,4501.06
2023.09.08 13:00:00,0.89166,0.89214,0.8915,0.89181,3909.44
2023.09.08 14:00:00,0.8918,0.89194,0.89107,0.89159,4168.46
2023.09.08 15:00:00,0.89158,0.89201,0.89062,0.89198,4376.32
2023.09.08 16:00:00,0.89197,0.89259,0.89134,0.89134,9342.85
2023.09.08 17:00:00,0.89134,0.89178,0.88988,0.8916,7184.71
2023.09.08 18:00:00,0.89162,0.89312,0.89146,0.89282,3614.64
2023.09.08 19:00:00,0.89281,0.89345,0.89257,0.89287,8522.11
2023.09.08 20:00:00,0.89287,0.89298,0.89236,0.89277,19258.79
2023.09.08 21:00:00,0.89277,0.89362,0.89259,0.89341,10624.45
2023.09.08 22:00:00,0.89341,0.89361,0.89311,0.89313,4449.3
2023.09.08 23:00:00,0.89312,0.89324,0.89254,0.89254,12450.27
2023.09.11 00:00:00,0.89135,0.89197,0.89048,0.89151,46257.3
2023.09.11 01:00:00,0.89133,0.89229,0.89126,0.89206,6377.61
2023.09.11 02:00:00,0.89209,0.89261,0.89169,0.89206,8785.51
2023.09.11 03:00:00,0.89205,0.89223,0.89137,0.89185,2545.87
2023.09.11 04:00:00,0.89184,0.89221,0.89158,0.89178,3949.67
2023.09.11 05:00:00,0.89175,0.89185,0.89107,0.89142,2205.27
2023.09.11 06:00:00,0.89144,0.89148,0.89108,0.89125,4893.76
2023.09.11 07:00:00,0.89126,0.89144,0.89015,0.89032,3095.49
2023.09.11 08:00:00,0.89034,0.89145,0.89011,0.89138,7666.21
2023.09.11 09:00:00,0.89128,0.89145,0.89014,0.89029,5623.07
2023.09.11 10:00:00,0.89028,0.89084,0.88965,0.89078,6503.01
2023.09.11 11:00:00,0.89079,0.89189,0.89067,0.89144,4311.87
2023.09.11 12:00:00,0.89146,0.89201,0.89113,0.89165,4498.45
2023.09.11 13:00:00,0.89164,0.8919,0.89106,0.89143,5821.31
2023.09.11 14:00:00,0.89144,0.89213,0.89126,0.89188,3387.46
2023.09.11 15:00:00,0.89186,0.89215,0.89097,0.89137,5509.31
2023.09.11 16:00:00,0.89137,0.89223,0.89109,0.89149,6280.06
2023.09.11 17:00:00,0.89149,0.89182,0.8904,0.89138,9298.48
2023.09.11 18:00:00,0.89138,0.89183,0.89064,0.89104,3494.26
2023.09.11 19:00:00,0.89103,0.89105,0.89017,0.89037,3179.84
2023.09.11 20:00:00,0.89036,0.89088,0.89024,0.89074,2689.43
2023.09.11 21:00:00,0.89074,0.89108,0.89049,0.89106,1150.64
2023.09.11 22:00:00,0.89103,0.89139,0.89061,0.89071,3684.19
2023.09.11 23:00:00,0.89071,0.89096,0.89056,0.89071,3289.18
2023.09.12 00:00:00,0.8907,0.89094,0.89025,0.89075,16398.18
2023.09.12 01:00:00,0.89072,0.89074,0.89048,0.89067,3741.47
2023.09.12 02:00:00,0.89068,0.89127,0.89062,0.89123,4072.37
2023.09.12 03:00:00,0.89122,0.89178,0.8912,0.89152,2236.26
2023.09.12 04:00:00,0.89154,0.89198,0.89043,0.89165,4833.25
2023.09.12 05:00:00,0.89169,0.89184,0.89101,0.89104,1858.12
2023.09.12 06:00:00,0.89104,0.89129,0.89083,0.89104,1949.55
2023.09.12 07:00:00,0.89104,0.89147,0.89094,0.89123,2591.92
2023.09.12 08:00:00,0.89125,0.89167,0.89116,0.89148,3937.74
2023.09.12 09:00:00,0.89148,0.89187,0.8907,0.89095,4567.08
2023.09.12 10:00:00,0.89096,0.89118,0.89014,0.89091,7121.32
2023.09.12 11:00:00,0.89095,0.8917,0.8906,0.89165,4645.12
2023.09.12 12:00:00,0.89168,0.89192,0.89113,0.89181,2497.73
2023.09.12 13:00:00,0.89183,0.89236,0.8913,0.8919,2242.18
2023.09.12 14:00:00,0.8919,0.89232,0.89154,0.8918,3073.33
2023.09.12 15:00:00,0.89181,0.89293,0.89157,0.89293,4742.34
2023.09.12 16:00:00,0.89294,0.89337,0.89244,0.89284,4412.79
2023.09.12 17:00:00,0.89282,0.89337,0.89253,0.89272,4175.69
2023.09.12 18:00:00,0.8927,0.8928,0.89129,0.89131,3091.18
2023.09.12 19:00:00,0.89129,0.89174,0.89071,0.89161,2076.05
2023.09.12 20:00:00,0.89161,0.8919,0.89121,0.89186,1701.91
2023.09.12 21:00:00,0.89183,0.89209,0.89099,0.89123,1808.65
2023.09.12 22:00:00,0.89123,0.89165,0.89111,0.89147,2389.63
2023.09.12 23:00:00,0.89147,0.89169,0.89071,0.89115,4860.17
2023.09.13 00:00:00,0.89104,0.89133,0.88979,0.89127,4815.67
2023.09.13 01:00:00,0.89127,0.89137,0.89075,0.8913,1735.16
2023.09.13 02:00:00,0.8913,0.89154,0.89124,0.89147,6278.3
2023.09.13 03:00:00,0.89148,0.89149,0.89073,0.8913,2431.77
2023.09.13 04:00:00,0.89128,0.89159,0.89083,0.89149,2060.14
2023.09.13 05:00:00,0.89147,0.89235,0.8913,0.89212,1710.72
2023.09.13 06:00:00,0.89215,0.89241,0.89178,0.89187,1890.35
2023.09.13 07:00:00,0.89184,0.89191,0.89099,0.89103,1339.6
2023.09.13 08:00:00,0.89102,0.89188,0.89088,0.89151,2000
2023.09.13 09:00:00,0.89159,0.89235,0.89111,0.89178,4606.6
2023.09.13 10:00:00,0.89181,0.89223,0.89158,0.89193,4349.92
2023.09.13 11:00:00,0.89197,0.89326,0.89184,0.89298,5290.25
2023.09.13 12:00:00,0.89297,0.89318,0.89234,0.89301,4377.9
2023.09.13 13:00:00,0.89299,0.89318,0.89266,0.89273,2859.96
2023.09.13 14:00:00,0.89272,0.89315,0.89247,0.89279,2170.83
2023.09.13 15:00:00,0.89281,0.89525,0.89114,0.89237,30275.97
2023.09.13 16:00:00,0.8924,0.89345,0.89148,0.89283,18681.82
2023.09.13 17:00:00,0.89281,0.89399,0.89246,0.89267,7475.92
2023.09.13 18:00:00,0.89266,0.89288,0.89183,0.89251,4338.58
2023.09.13 19:00:00,0.89251,0.89268,0.89171,0.8923,3129.17
2023.09.13 20:00:00,0.89231,0.89269,0.8921,0.89246,3227.58
2023.09.13 21:00:00,0.89246,0.89335,0.89237,0.8933,1377.07
2023.09.13 22:00:00,0.89333,0.89353,0.89313,0.89327,1140.43
2023.09.13 23:00:00,0.89326,0.8937,0.8931,0.89349,1975.94
2023.09.14 00:00:00,0.89351,0.89354,0.89168,0.89343,3703.03
2023.09.14 01:00:00,0.89342,0.89347,0.89324,0.89325,1557.84
2023.09.14 02:00:00,0.89326,0.89355,0.89322,0.89342,5287.14
2023.09.14 03:00:00,0.89344,0.89353,0.89209,0.8922,4679.02
2023.09.14 04:00:00,0.8922,0.89287,0.89205,0.8925,2720
2023.09.14 05:00:00,0.89249,0.89292,0.89234,0.89236,2275.02
2023.09.14 06:00:00,0.89235,0.89235,0.89205,0.89229,1740.4
2023.09.14 07:00:00,0.89231,0.89235,0.89199,0.89222,1226.8
2023.09.14 08:00:00,0.89219,0.89219,0.89144,0.89172,1906.78
2023.09.14 09:00:00,0.89169,0.89245,0.89158,0.89206,4241.91
2023.09.14 10:00:00,0.89207,0.89387,0.892,0.89357,3923.01
2023.09.14 11:00:00,0.89357,0.89385,0.89315,0.8934,4050.21
2023.09.14 12:00:00,0.89341,0.89376,0.89299,0.8932,3489.42
2023.09.14 13:00:00,0.89318,0.89328,0.89271,0.89325,4317.78
2023.09.14 14:00:00,0.89324,0.89366,0.89312,0.89354,3183.51
2023.09.14 15:00:00,0.89354,0.897,0.89275,0.89493,40134.26
2023.09.14 16:00:00,0.89494,0.89571,0.89299,0.89557,32118.78
2023.09.14 17:00:00,0.89558,0.89606,0.89413,0.89441,12521.26
2023.09.14 18:00:00,0.89443,0.89521,0.89399,0.89497,5605.24
2023.09.14 19:00:00,0.89497,0.89603,0.8944,0.89597,4655.26
2023.09.14 20:00:00,0.89596,0.89702,0.89566,0.89658,3536.19
2023.09.14 21:00:00,0.89656,0.89672,0.89601,0.89625,2414.6
2023.09.14 22:00:00,0.89624,0.89628,0.8958,0.89581,2538.95
2023.09.14 23:00:00,0.89584,0.89592,0.89538,0.89546,3503.59
2023.09.15 00:00:00,0.89547,0.89562,0.89494,0.89541,6880.7
2023.09.15 01:00:00,0.8954,0.89581,0.8953,0.89577,4346.35
2023.09.15 02:00:00,0.89576,0.89626,0.89576,0.89618,10616.14
2023.09.15 03:00:00,0.89618,0.89633,0.89546,0.89546,12421.34
2023.09.15 04:00:00,0.89546,0.89608,0.89532,0.89558,4855
2023.09.15 05:00:00,0.89557,0.89579,0.895,0.89548,4115.27
2023.09.15 06:00:00,0.89545,0.89589,0.89541,0.89557,1199.19
2023.09.15 07:00:00,0.89558,0.89574,0.89502,0.89518,1938.57
2023.09.15 08:00:00,0.89519,0.89563,0.89494,0.89495,3806.22
2023.09.15 09:00:00,0.89494,0.89553,0.8946,0.89536,6401.36
2023.09.15 10:00:00,0.89536,0.89636,0.89462,0.89468,5664.53
2023.09.15 11:00:00,0.89465,0.89557,0.89455,0.89551,3519.53
2023.09.15 12:00:00,0.89552,0.89558,0.89506,0.8955,2218.53
2023.09.15 13:00:00,0.89547,0.8963,0.89529,0.89613,3208.19
2023.09.15 14:00:00,0.89613,0.89664,0.89605,0.89652,2670.29
2023.09.15 15:00:00,0.89655,0.89731,0.89634,0.89692,7012.42
2023.09.15 16:00:00,0.89691,0.89708,0.89618,0.89682,8168.23
2023.09.15 17:00:00,0.89673,0.89707,0.89521,0.89696,13010.64
2023.09.15 18:00:00,0.89698,0.89771,0.89574,0.896,6961.77
2023.09.15 19:00:00,0.89599,0.89647,0.89559,0.89641,3838.23
2023.09.15 20:00:00,0.89642,0.8967,0.89621,0.89623,2234.27
2023.09.15 21:00:00,0.89621,0.89724,0.89621,0.89721,1416.93
2023.09.15 22:00:00,0.89719,0.89742,0.89704,0.89741,1689.89
2023.09.15 23:00:00,0.89741,0.89772,0.89714,0.89756,17281.21
2023.09.18 00:00:00,0.89506,0.89671,0.89484,0.8967,1895.36
2023.09.18 01:00:00,0.8967,0.89751,0.89667,0.89747,1030.97
2023.09.18 02:00:00,0.89748,0.89752,0.89685,0.89692,1028.36
2023.09.18 03:00:00,0.89692,0.89696,0.89658,0.89663,2711.94
2023.09.18 04:00:00,0.89665,0.89767,0.89629,0.8976,2582.97
2023.09.18 05:00:00,0.89759,0.89769,0.8969,0.89705,1498.45
2023.09.18 06:00:00,0.89707,0.89734,0.89694,0.89727,730.99
2023.09.18 07:00:00,0.8973,0.89738,0.89689,0.89698,1162.86
2023.09.18 08:00:00,0.89697,0.89703,0.89644,0.89654,1060.1
2023.09.18 09:00:00,0.89653,0.89697,0.89577,0.89697,4284.74
2023.09.18 10:00:00,0.89698,0.89698,0.89576,0.89602,6062.04
2023.09.18 11:00:00,0.89604,0.89708,0.89552,0.89626,4050.65
2023.09.18 12:00:00,0.89623,0.89655,0.89547,0.89555,2773.05
2023.09.18 13:00:00,0.89557,0.89615,0.89536,0.89612,2473.78
2023.09.18 14:00:00,0.89612,0.8968,0.89588,0.89675,2568.8
2023.09.18 15:00:00,0.89673,0.89787,0.89654,0.89774,3628.07
2023.09.18 16:00:00,0.89775,0.89803,0.89688,0.89788,6427.39
2023.09.18 17:00:00,0.89786,0.89822,0.89699,0.89783,5759.87
2023.09.18 18:00:00,0.89782,0.89801,0.89614,0.89644,3770.23
2023.09.18 19:00:00,0.89643,0.89725,0.89626,0.89682,2294.66
2023.09.18 20:00:00,0.89683,0.89725,0.89634,0.89718,1466.75
2023.09.18 21:00:00,0.89719,0.898,0.89716,0.89798,1399.54
2023.09.18 22:00:00,0.89796,0.89796,0.89747,0.89747,1617.49
2023.09.18 23:00:00,0.8975,0.89751,0.89689,0.89689,1923.19
2023.09.19 00:00:00,0.89688,0.89705,0.8961,0.89683,6837.2
2023.09.19 01:00:00,0.89685,0.89733,0.89676,0.89726,7880.24
2023.09.19 02:00:00,0.89725,0.8973,0.89711,0.89729,5930.07
2023.09.19 03:00:00,0.89728,0.89728,0.89675,0.89701,1882.95
2023.09.19 04:00:00,0.89701,0.89774,0.89692,0.89753,3430.76
2023.09.19 05:00:00,0.89752,0.89773,0.89733,0.89751,2603.16
2023.09.19 06:00:00,0.89752,0.89782,0.8974,0.89759,2526.17
2023.09.19 07:00:00,0.8976,0.8976,0.89715,0.8973,1028.11
2023.09.19 08:00:00,0.89731,0.89773,0.89704,0.89756,2833.32
2023.09.19 09:00:00,0.89761,0.89828,0.89761,0.89815,2891.57
2023.09.19 10:00:00,0.89815,0.89821,0.89477,0.89478,7176.75
2023.09.19 11:00:00,0.89478,0.89628,0.89478,0.89627,4793.84
2023.09.19 12:00:00,0.89625,0.89694,0.89625,0.8965,3340.54
2023.09.19 13:00:00,0.8965,0.89707,0.89584,0.89635,3032.99
2023.09.19 14:00:00,0.89636,0.89658,0.89586,0.89587,3771.28
2023.09.19 15:00:00,0.89586,0.89685,0.89499,0.8964,9247.08
2023.09.19 16:00:00,0.89643,0.89748,0.8963,0.89701,7918.37
2023.09.19 17:00:00,0.89703,0.89794,0.89698,0.89766,5840.02
2023.09.19 18:00:00,0.89764,0.89828,0.89737,0.89788,4238.53
2023.09.19 19:00:00,0.89787,0.89838,0.8977,0.89806,2276.61
2023.09.19 20:00:00,0.89807,0.89807,0.89743,0.89778,1513.33
2023.09.19 21:00:00,0.89779,0.89829,0.89775,0.89816,1194.59
2023.09.19 22:00:00,0.89818,0.89819,0.89757,0.89771,1447.98
2023.09.19 23:00:00,0.89771,0.89786,0.89757,0.89757,3134.43
2023.09.20 00:00:00,0.89757,0.89783,0.89669,0.89725,2562.65
2023.09.20 01:00:00,0.89732,0.89762,0.89712,0.89727,3394.17
2023.09.20 02:00:00,0.89727,0.8974,0.89704,0.89731,7008.6
2023.09.20 03:00:00,0.89733,0.89778,0.89732,0.89752,2162.61
2023.09.20 04:00:00,0.89755,0.89794,0.8974,0.8976,1673.97
2023.09.20 05:00:00,0.89764,0.89801,0.89744,0.89786,881.18
2023.09.20 06:00:00,0.89788,0.89813,0.89766,0.89803,881.43
2023.09.20 07:00:00,0.89802,0.89817,0.89798,0.89807,432.54
2023.09.20 08:00:00,0.89808,0.89812,0.89766,0.89783,1408.92
2023.09.20 09:00:00,0.89786,0.89825,0.89643,0.89761,7714.89
2023.09.20 10:00:00,0.8976,0.89837,0.89701,0.8975,6690.41
2023.09.20 11:00:00,0.89751,0.89753,0.89692,0.89723,3384.18
2023.09.20 12:00:00,0.8972,0.89772,0.89673,0.89685,2974.6
2023.09.20 13:00:00,0.89683,0.89701,0.8961,0.89674,3610.99
2023.09.20 14:00:00,0.89675,0.89755,0.89673,0.89723,2990.05
2023.09.20 15:00:00,0.89723,0.89725,0.89635,0.89672,3794.05
2023.09.20 16:00:00,0.89672,0.89681,0.89561,0.89573,5304.1
2023.09.20 17:00:00,0.89577,0.89581,0.89412,0.89456,7744.75
2023.09.20 18:00:00,0.89454,0.89534,0.89388,0.89529,4320.59
2023.09.20 19:00:00,0.89529,0.89538,0.89316,0.89354,3961.72
2023.09.20 20:00:00,0.89355,0.89457,0.89345,0.89399,2352.58
2023.09.20 21:00:00,0.89399,0.89813,0.89399,0.89675,46713.49
2023.09.20 22:00:00,0.89679,0.89913,0.89677,0.89908,12763.11
2023.09.20 23:00:00,0.89908,0.89954,0.89847,0.89848,6369.83
2023.09.21 00:00:00,0.89864,0.89871,0.8969,0.89831,23072.87
2023.09.21 01:00:00,0.8983,0.89945,0.8981,0.8992,13410.61
2023.09.21 02:00:00,0.89921,0.89953,0.89915,0.89941,13762.26
2023.09.21 03:00:00,0.89938,0.90046,0.89929,0.9004,6979.65
2023.09.21 04:00:00,0.90041,0.9005,0.89975,0.89977,2795.45
2023.09.21 05:00:00,0.89979,0.90084,0.89958,0.90047,4822.22
2023.09.21 06:00:00,0.90046,0.90055,0.89982,0.89994,1385.76
2023.09.21 07:00:00,0.89992,0.90018,0.89982,0.89989,3831.51
2023.09.21 08:00:00,0.89989,0.90004,0.89938,0.89975,3428.39
2023.09.21 09:00:00,0.89974,0.90023,0.8989,0.89909,4558.06
2023.09.21 10:00:00,0.89908,0.90692,0.89852,0.90519,18134.64
2023.09.21 11:00:00,0.9052,0.90738,0.90423,0.90709,12820.78
2023.09.21 12:00:00,0.9071,0.90782,0.90442,0.90655,13289.13
2023.09.21 13:00:00,0.90655,0.90689,0.90416,0.9057,8307.96
2023.09.21 14:00:00,0.9057,0.90637,0.90463,0.90513,11034.56
2023.09.21 15:00:00,0.90511,0.90648,0.90416,0.90423,12514.04
2023.09.21 16:00:00,0.9042,0.90614,0.90363,0.90605,15084.99
2023.09.21 17:00:00,0.90605,0.90611,0.90224,0.90277,17364.81
2023.09.21 18:00:00,0.90277,0.90368,0.90202,0.9033,8746.49
2023.09.21 19:00:00,0.90328,0.90421,0.90303,0.90418,3990.89
2023.09.21 20:00:00,0.90416,0.90431,0.90297,0.90328,3843.31
2023.09.21 21:00:00,0.9033,0.90393,0.90304,0.90387,3361.57
2023.09.21 22:00:00,0.90385,0.90429,0.90346,0.90427,2434.08
2023.09.21 23:00:00,0.90426,0.90472,0.90421,0.9044,3049.99
2023.09.22 00:00:00,0.90441,0.90441,0.90335,0.90407,857
2023.09.22 01:00:00,0.90409,0.90461,0.90407,0.90457,2642.42
2023.09.22 02:00:00,0.90457,0.90488,0.90456,0.90472,4807.52
2023.09.22 03:00:00,0.90472,0.90524,0.90441,0.90482,2088.07
2023.09.22 04:00:00,0.90481,0.90527,0.9045,0.90489,4016.94
2023.09.22 05:00:00,0.90488,0.90493,0.90428,0.90461,2725.7
2023.09.22 06:00:00,0.90461,0.90509,0.90454,0.90487,1661.04
2023.09.22 07:00:00,0.90488,0.90492,0.9044,0.90452,1600.93
2023.09.22 08:00:00,0.90453,0.90502,0.90424,0.90478,2490.22
2023.09.22 09:00:00,0.90477,0.90551,0.90439,0.90529,6177.41
2023.09.22 10:00:00,0.90533,0.90699,0.90452,0.90559,17865.26
2023.09.22 11:00:00,0.90558,0.90622,0.90519,0.90615,6821.27
2023.09.22 12:00:00,0.90614,0.9068,0.90572,0.9062,4539.17
2023.09.22 13:00:00,0.90621,0.90694,0.90572,0.90689,3200.57
2023.09.22 14:00:00,0.90688,0.90699,0.90608,0.90648,4556.71
2023.09.22 15:00:00,0.90646,0.90648,0.90454,0.90534,7096.91
2023.09.22 16:00:00,0.9053,0.90624,0.90458,0.90502,11541.16
2023.09.22 17:00:00,0.90505,0.90592,0.90442,0.90566,6398.08
2023.09.22 18:00:00,0.90567,0.90656,0.90563,0.90643,3875.38
2023.09.22 19:00:00,0.90641,0.90653,0.90578,0.90638,3097.13
2023.09.22 20:00:00,0.90639,0.90679,0.90617,0.90679,2574.08
2023.09.22 21:00:00,0.90679,0.90748,0.90657,0.90694,2073.28
2023.09.22 22:00:00,0.90691,0.90737,0.90651,0.90716,2506.23
2023.09.22 23:00:00,0.90715,0.90749,0.90633,0.90633,4350
2023.09.25 00:00:00,0.9054,0.90681,0.9054,0.90668,2175.31
2023.09.25 01:00:00,0.90662,0.90701,0.90615,0.90677,4757.01
2023.09.25 02:00:00,0.90677,0.9072,0.90658,0.90715,7272.21
2023.09.25 03:00:00,0.90717,0.90756,0.90699,0.90703,5510.09
2023.09.25 04:00:00,0.90702,0.90773,0.90697,0.90733,2363.11
2023.09.25 05:00:00,0.90732,0.90789,0.90732,0.90746,2648.61
2023.09.25 06:00:00,0.90747,0.90767,0.90717,0.90762,3153.34
2023.09.25 07:00:00,0.90762,0.90818,0.9076,0.90799,3779.87
2023.09.25 08:00:00,0.90798,0.90837,0.90783,0.90815,6914.3
2023.09.25 09:00:00,0.90815,0.90839,0.90734,0.90825,3782.13
2023.09.25 10:00:00,0.90827,0.91017,0.90794,0.90992,9098.76
2023.09.25 11:00:00,0.90991,0.91051,0.90947,0.90979,7680.1
2023.09.25 12:00:00,0.90978,0.91051,0.90943,0.90987,6466.17
2023.09.25 13:00:00,0.90986,0.91019,0.90859,0.90949,5441.87
2023.09.25 14:00:00,0.90949,0.91032,0.90908,0.9101,3754.72
2023.09.25 15:00:00,0.91008,0.91122,0.90989,0.91033,6471.99
2023.09.25 16:00:00,0.91033,0.91233,0.91019,0.9118,6639.15
2023.09.25 17:00:00,0.9118,0.91353,0.91141,0.9132,9179.04
2023.09.25 18:00:00,0.9132,0.91336,0.91173,0.912,7894.25
2023.09.25 19:00:00,0.91201,0.9122,0.91161,0.912,3313.67
2023.09.25 20:00:00,0.91201,0.91206,0.91123,0.91161,2212.02
2023.09.25 21:00:00,0.9116,0.91244,0.91115,0.91243,1587.36
2023.09.25 22:00:00,0.91241,0.9125,0.9119,0.91196,3192.49
2023.09.25 23:00:00,0.91195,0.91209,0.91181,0.91182,6351.33
2023.09.26 00:00:00,0.9118,0.91217,0.91129,0.91193,6719.11
2023.09.26 01:00:00,0.91193,0.91212,0.91181,0.91194,1994.59
2023.09.26 02:00:00,0.91194,0.91214,0.91185,0.91212,1614.45
2023.09.26 03:00:00,0.91212,0.91302,0.91186,0.91268,3680.08
2023.09.26 04:00:00,0.91274,0.91285,0.91238,0.91239,3490.37
2023.09.26 05:00:00,0.91238,0.91354,0.91225,0.91349,3796.4
2023.09.26 06:00:00,0.91351,0.91357,0.91283,0.91288,5009.49
2023.09.26 07:00:00,0.91285,0.9129,0.91206,0.91221,1797.3
2023.09.26 08:00:00,0.91221,0.91322,0.9121,0.913,4013.38
2023.09.26 09:00:00,0.91307,0.91438,0.9129,0.9143,6952.22
2023.09.26 10:00:00,0.91432,0.91504,0.91298,0.91325,8239.58
2023.09.26 11:00:00,0.91321,0.91337,0.91212,0.9124,7714.07
2023.09.26 12:00:00,0.9124,0.91265,0.91183,0.91226,5183.82
2023.09.26 13:00:00,0.91231,0.91294,0.91213,0.91274,3055.05
2023.09.26 14:00:00,0.91275,0.91319,0.91203,0.91272,3772.62
2023.09.26 15:00:00,0.91273,0.91283,0.9119,0.91218,5925.73
2023.09.26 16:00:00,0.91217,0.9137,0.91214,0.91287,9004.62
2023.09.26 17:00:00,0.91289,0.91422,0.91217,0.9136,10780.22
2023.09.26 18:00:00,0.91361,0.91469,0.91355,0.91435,6280.1
2023.09.26 19:00:00,0.91434,0.91464,0.91399,0.91458,3180.05
2023.09.26 20:00:00,0.91458,0.91485,0.914,0.91461,3625.73
2023.09.26 21:00:00,0.91461,0.91547,0.91456,0.91515,3007.75
2023.09.26 22:00:00,0.91515,0.91549,0.91481,0.91549,1582.33
2023.09.26 23:00:00,0.91548,0.91586,0.91533,0.91563,1634.28
2023.09.27 00:00:00,0.91562,0.91563,0.91433,0.91553,4935.84
2023.09.27 01:00:00,0.91554,0.91596,0.91545,0.91558,1104.37
2023.09.27 02:00:00,0.91559,0.91585,0.91552,0.91578,2453.88
2023.09.27 03:00:00,0.91579,0.91668,0.9156,0.91631,2136.27
2023.09.27 04:00:00,0.91632,0.9166,0.91561,0.91599,4139.9
2023.09.27 05:00:00,0.91595,0.91696,0.91586,0.91666,2745.92
2023.09.27 06:00:00,0.91667,0.91697,0.9165,0.91686,5581.42
2023.09.27 07:00:00,0.91687,0.91744,0.91686,0.91711,8026.35
2023.09.27 08:00:00,0.9171,0.91759,0.91688,0.91732,5427.82
2023.09.27 09:00:00,0.91736,0.91764,0.91645,0.91667,6035
2023.09.27 10:00:00,0.91665,0.91671,0.91537,0.91626,4780.79
2023.09.27 11:00:00,0.91626,0.91678,0.91605,0.9166,3767.34
2023.09.27 12:00:00,0.91661,0.91721,0.91599,0.91654,6251.14
2023.09.27 13:00:00,0.91656,0.91765,0.91628,0.91765,2663
2023.09.27 14:00:00,0.91766,0.91931,0.91766,0.91869,7503.87
2023.09.27 15:00:00,0.91869,0.91895,0.91759,0.91775,11766.93
2023.09.27 16:00:00,0.91779,0.91901,0.91698,0.91829,9811.56
2023.09.27 17:00:00,0.91829,0.91994,0.9181,0.91991,13257.28
2023.09.27 18:00:00,0.91992,0.91997,0.91848,0.91992,7510.65
2023.09.27 19:00:00,0.91994,0.92066,0.91981,0.92045,3980.63
2023.09.27 20:00:00,0.92046,0.92249,0.91998,0.92163,10675.09
2023.09.27 21:00:00,0.9216,0.92249,0.92053,0.9209,9330.91
2023.09.27 22:00:00,0.92092,0.92103,0.9197,0.92089,10338.93
2023.09.27 23:00:00,0.92087,0.92142,0.92087,0.92111,7097.41
2023.09.28 00:00:00,0.92113,0.92114,0.91964,0.92058,8270.69
2023.09.28 01:00:00,0.92057,0.92082,0.92044,0.92074,2465.33
2023.09.28 02:00:00,0.92076,0.92094,0.92066,0.9208,2049.78
2023.09.28 03:00:00,0.92081,0.92081,0.92041,0.92047,2082.23
2023.09.28 04:00:00,0.92048,0.92089,0.92037,0.92056,3189.62
2023.09.28 05:00:00,0.92057,0.92155,0.92049,0.92143,2432.91
2023.09.28 06:00:00,0.92144,0.92164,0.92079,0.92091,3365.13
2023.09.28 07:00:00,0.92095,0.92144,0.92057,0.92075,2130.66
2023.09.28 08:00:00,0.92074,0.92137,0.92028,0.92059,6609.28
2023.09.28 09:00:00,0.92058,0.92159,0.92028,0.92106,7214.61
2023.09.28 10:00:00,0.92103,0.92144,0.91927,0.92038,9518.68
2023.09.28 11:00:00,0.92035,0.92082,0.91842,0.91851,7079.16
2023.09.28 12:00:00,0.91849,0.9188,0.9169,0.91707,11740.55
2023.09.28 13:00:00,0.91706,0.91816,0.91681,0.9181,7790.32
2023.09.28 14:00:00,0.91809,0.91884,0.91793,0.91838,7003.47
2023.09.28 15:00:00,0.91841,0.9198,0.91638,0.91955,22147.11
2023.09.28 16:00:00,0.91956,0.91958,0.91657,0.91657,17345.07
2023.09.28 17:00:00,0.91658,0.91693,0.91583,0.91653,13876.62
2023.09.28 18:00:00,0.91655,0.91705,0.91468,0.91505,10648.27
2023.09.28 19:00:00,0.91503,0.91655,0.91488,0.91634,6955.3
2023.09.28 20:00:00,0.91631,0.91714,0.91584,0.91706,6932.24
2023.09.28 21:00:00,0.91704,0.91708,0.9156,0.91611,6205.4
2023.09.28 22:00:00,0.91607,0.91623,0.91514,0.91514,2557.13
2023.09.28 23:00:00,0.91513,0.91545,0.91477,0.91477,8000.43
2023.09.29 00:00:00,0.91473,0.91537,0.91405,0.91492,4352.92
2023.09.29 01:00:00,0.91492,0.91509,0.91467,0.91491,5040.36
2023.09.29 02:00:00,0.91494,0.91503,0.91478,0.91481,1983.71
2023.09.29 03:00:00,0.91477,0.91553,0.91468,0.91502,2423.81
2023.09.29 04:00:00,0.91504,0.91528,0.91419,0.91445,5452.82
2023.09.29 05:00:00,0.91442,0.91442,0.91372,0.91403,6419.27
2023.09.29 06:00:00,0.91402,0.9142,0.91352,0.91383,2305.15
2023.09.29 07:00:00,0.91387,0.91389,0.91318,0.91344,1526.21
2023.09.29 08:00:00,0.91342,0.91368,0.91301,0.91354,3902.75
2023.09.29 09:00:00,0.91352,0.91352,0.91087,0.91101,11867.54
2023.09.29 10:00:00,0.91102,0.91144,0.90907,0.9096,11080.03
2023.09.29 11:00:00,0.90958,0.91066,0.90935,0.90974,10691.09
2023.09.29 12:00:00,0.90972,0.91116,0.90948,0.91096,8511.34
2023.09.29 13:00:00,0.91096,0.91142,0.9104,0.91127,5980.38
2023.09.29 14:00:00,0.91126,0.91315,0.91107,0.91274,11066.8
2023.09.29 15:00:00,0.91276,0.91291,0.91092,0.91137,21548.54
2023.09.29 16:00:00,0.91139,0.91453,0.9105,0.9136,17327.51
2023.09.29 17:00:00,0.91359,0.91564,0.91352,0.91466,26130.76
2023.09.29 18:00:00,0.91467,0.91633,0.91342,0.91406,17076.85
2023.09.29 19:00:00,0.91406,0.91464,0.91363,0.91448,6167.92
2023.09.29 20:00:00,0.91447,0.91587,0.91446,0.91584,8489.59
2023.09.29 21:00:00,0.91583,0.9161,0.91495,0.91533,7544.5
2023.09.29 22:00:00,0.91532,0.91588,0.91525,0.91535,20437.01
2023.09.29 23:00:00,0.91534,0.91547,0.91435,0.91458,4885.51
2023.10.02 00:00:00,0.91437,0.91499,0.91414,0.91468,11786.43
2023.10.02 01:00:00,0.91467,0.91597,0.91445,0.91584,2454.32
2023.10.02 02:00:00,0.91584,0.91602,0.91538,0.91547,5072.27
2023.10.02 03:00:00,0.91546,0.9161,0.91522,0.91602,5039.91
2023.10.02 04:00:00,0.91601,0.9163,0.91572,0.91584,3321.15
2023.10.02 05:00:00,0.91582,0.91608,0.9155,0.91576,1859.77
2023.10.02 06:00:00,0.91577,0.91584,0.91513,0.91557,3251.87
2023.10.02 07:00:00,0.91557,0.91579,0.91536,0.91579,1112.13
2023.10.02 08:00:00,0.91583,0.91664,0.91572,0.91601,4587.03
2023.10.02 09:00:00,0.91602,0.91608,0.91276,0.91282,7367.99
2023.10.02 10:00:00,0.91283,0.91315,0.91111,0.9118,10935.84
2023.10.02 11:00:00,0.91182,0.91234,0.91101,0.91148,8143.4
2023.10.02 12:00:00,0.91149,0.913,0.91139,0.91274,10202.74
2023.10.02 13:00:00,0.91273,0.91397,0.91257,0.91387,10215.56
2023.10.02 14:00:00,0.91387,0.91463,0.91364,0.91462,4718.11
2023.10.02 15:00:00,0.91462,0.91617,0.91435,0.91585,8352.71
2023.10.02 16:00:00,0.91585,0.91729,0.9158,0.91694,13116.5
2023.10.02 17:00:00,0.9172,0.91943,0.91588,0.91906,29867.58
2023.10.02 18:00:00,0.91903,0.91903,0.91691,0.91767,8479.75
2023.10.02 19:00:00,0.91767,0.91867,0.91764,0.9185,5585.74
2023.10.02 20:00:00,0.9185,0.9185,0.91728,0.91745,5609.88
2023.10.02 21:00:00,0.91746,0.91753,0.91658,0.917,5017.78
2023.10.02 22:00:00,0.917,0.91751,0.91673,0.91751,5754.99
2023.10.02 23:00:00,0.91751,0.91825,0.91751,0.91815,6396.81
2023.10.03 00:00:00,0.91819,0.91822,0.91702,0.9179,3944.29
2023.10.03 01:00:00,0.9179,0.91805,0.91733,0.91805,3519.47
2023.10.03 02:00:00,0.91804,0.91846,0.91767,0.91795,4416.22
2023.10.03 03:00:00,0.91796,0.91912,0.91795,0.91844,9671.27
2023.10.03 04:00:00,0.91844,0.91904,0.91827,0.91856,4339.32
2023.10.03 05:00:00,0.91857,0.91924,0.91857,0.91893,3737.27
2023.10.03 06:00:00,0.91893,0.91911,0.91853,0.91865,2777.37
2023.10.03 07:00:00,0.91864,0.91942,0.91852,0.91933,5009.97
2023.10.03 08:00:00,0.91933,0.91978,0.91922,0.91945,7694.99
2023.10.03 09:00:00,0.91945,0.92159,0.91872,0.91951,14322.37
2023.10.03 10:00:00,0.91949,0.92187,0.91889,0.92129,9523.24
2023.10.03 11:00:00,0.92126,0.92143,0.91933,0.9198,13492.48
2023.10.03 12:00:00,0.91978,0.92177,0.91978,0.92128,10807.51
2023.10.03 13:00:00,0.9213,0.92293,0.92112,0.9228,7528.58
2023.10.03 14:00:00,0.92279,0.92377,0.92211,0.92232,11973.3
2023.10.03 15:00:00,0.92232,0.92301,0.92173,0.92227,11656.65
2023.10.03 16:00:00,0.92225,0.92251,0.92072,0.92137,12381.21
2023.10.03 17:00:00,0.92134,0.9244,0.92005,0.92098,52041.1
2023.10.03 18:00:00,0.92098,0.92334,0.9209,0.92266,16080.06
2023.10.03 19:00:00,0.92264,0.92266,0.92103,0.92149,9906.91
2023.10.03 20:00:00,0.9215,0.9215,0.92027,0.92102,8149.39
2023.10.03 21:00:00,0.92101,0.92168,0.92022,0.92092,7630.78
2023.10.03 22:00:00,0.92091,0.92129,0.92075,0.92082,7293.89
2023.10.03 23:00:00,0.92085,0.9211,0.92044,0.92071,4949.91
2023.10.04 00:00:00,0.92063,0.92136,0.92017,0.92109,9312.75
2023.10.04 01:00:00,0.92109,0.92115,0.92032,0.92091,2689.59
2023.10.04 02:00:00,0.92088,0.92128,0.92068,0.92106,4433.68
2023.10.04 03:00:00,0.92106,0.9215,0.92087,0.921,3391.65
2023.10.04 04:00:00,0.92099,0.92214,0.92095,0.92161,6629.46
2023.10.04 05:00:00,0.9216,0.92214,0.92131,0.92178,4443.49
2023.10.04 06:00:00,0.92179,0.92254,0.92143,0.92236,3862.22
2023.10.04 07:00:00,0.92235,0.92244,0.92131,0.9214,5193.53
2023.10.04 08:00:00,0.92138,0.92196,0.9213,0.92194,4332.71
2023.10.04 09:00:00,0.92193,0.92321,0.92155,0.92203,9712.13
2023.10.04 10:00:00,0.92202,0.92244,0.91922,0.91966,9862.83
2023.10.04 11:00:00,0.91967,0.9206,0.91816,0.91859,9248.08
2023.10.04 12:00:00,0.91859,0.91926,0.91743,0.91848,11003.75
2023.10.04 13:00:00,0.9185,0.91939,0.91715,0.91901,6505.05
2023.10.04 14:00:00,0.91901,0.91904,0.91702,0.91776,6765.99
2023.10.04 15:00:00,0.91777,0.91797,0.91437,0.91502,28355.28
2023.10.04 16:00:00,0.91502,0.91649,0.91464,0.91634,13884.8
2023.10.04 17:00:00,0.91639,0.91922,0.91594,0.91921,26280.87
2023.10.04 18:00:00,0.91921,0.91949,0.91583,0.91612,11412.58
2023.10.04 19:00:00,0.91611,0.9164,0.91537,0.91599,6667.43
2023.10.04 20:00:00,0.91599,0.91718,0.91588,0.91691,10193.27
2023.10.04 21:00:00,0.91694,0.91743,0.91673,0.917,6865.44
2023.10.04 22:00:00,0.91699,0.91708,0.91548,0.91591,3510.7
2023.10.04 23:00:00,0.91591,0.91729,0.91583,0.91701,6399.99
2023.10.05 00:00:00,0.917,0.91702,0.91606,0.91679,2581.27
2023.10.05 01:00:00,0.91679,0.91728,0.91658,0.91711,2928.86
2023.10.05 02:00:00,0.91711,0.91714,0.91655,0.91673,4847.27
2023.10.05 03:00:00,0.91675,0.91706,0.91474,0.91492,8166.26
2023.10.05 04:00:00,0.91492,0.91492,0.91352,0.91373,7392.63
2023.10.05 05:00:00,0.91374,0.91428,0.91354,0.914,2436.03
2023.10.05 06:00:00,0.91401,0.91408,0.9134,0.91381,2272.24
2023.10.05 07:00:00,0.91382,0.91417,0.91358,0.9141,6694.96
2023.10.05 08:00:00,0.91412,0.91474,0.91371,0.91469,2558.44
2023.10.05 09:00:00,0.91469,0.91663,0.91431,0.9165,8115.3
2023.10.05 10:00:00,0.91651,0.91769,0.91613,0.91743,10253.69
2023.10.05 11:00:00,0.91743,0.9181,0.91663,0.91781,11619.14
2023.10.05 12:00:00,0.91781,0.91817,0.91682,0.91718,13669.1
2023.10.05 13:00:00,0.91714,0.91726,0.91537,0.91567,14964.27
2023.10.05 14:00:00,0.91567,0.91598,0.91424,0.91438,12327.19
2023.10.05 15:00:00,0.91437,0.91692,0.91395,0.91589,22163.67
2023.10.05 16:00:00,0.91589,0.91696,0.91349,0.91369,18675.29
2023.10.05 17:00:00,0.91369,0.91509,0.91365,0.91403,12216.88
2023.10.05 18:00:00,0.91404,0.91486,0.91312,0.91418,11585.33
2023.10.05 19:00:00,0.91417,0.91438,0.91308,0.91363,11517.66
2023.10.05 20:00:00,0.91363,0.91425,0.91339,0.91348,6140.68
2023.10.05 21:00:00,0.91347,0.91347,0.91254,0.91285,7380.42
2023.10.05 22:00:00,0.91288,0.91318,0.91221,0.91224,6654.48
2023.10.05 23:00:00,0.91224,0.91264,0.9121,0.91211,7797.83
2023.10.06 00:00:00,0.91195,0.91262,0.91192,0.91229,3795.86
2023.10.06 01:00:00,0.91239,0.91256,0.91213,0.91249,1458.23
2023.10.06 02:00:00,0.91248,0.91272,0.91246,0.91271,4393.93
2023.10.06 03:00:00,0.91269,0.91329,0.91247,0.91319,3308.16
2023.10.06 04:00:00,0.9132,0.91345,0.91282,0.91304,3934.79
2023.10.06 05:00:00,0.91303,0.91321,0.91274,0.913,1888.63
2023.10.06 06:00:00,0.91299,0.91353,0.91271,0.91323,10443.17
2023.10.06 07:00:00,0.91322,0.91358,0.91302,0.91346,1807.19
2023.10.06 08:00:00,0.91347,0.91416,0.91329,0.91409,3996.99
2023.10.06 09:00:00,0.91408,0.91454,0.91339,0.91412,7148.39
2023.10.06 10:00:00,0.91412,0.91415,0.91204,0.91225,11705.41
2023.10.06 11:00:00,0.91223,0.91332,0.91203,0.9129,11895.93
2023.10.06 12:00:00,0.91288,0.91331,0.91231,0.91274,13226.76
2023.10.06 13:00:00,0.91274,0.91274,0.91152,0.91229,6288.71
2023.10.06 14:00:00,0.91228,0.9124,0.9109,0.91121,6718.48
2023.10.06 15:00:00,0.91123,0.91756,0.91112,0.91667,49378.89
2023.10.06 16:00:00,0.91665,0.91727,0.91367,0.91562,37716.39
2023.10.06 17:00:00,0.9156,0.91609,0.91212,0.91379,31216.2
2023.10.06 18:00:00,0.91378,0.91379,0.90728,0.90825,27217.01
2023.10.06 19:00:00,0.90823,0.91035,0.90809,0.91009,10568.11
2023.10.06 20:00:00,0.91011,0.91039,0.90942,0.91011,14168.9
2023.10.06 21:00:00,0.91011,0.91023,0.90867,0.90923,8242.21
2023.10.06 22:00:00,0.90924,0.90965,0.90907,0.90948,3948.61
2023.10.06 23:00:00,0.90948,0.91002,0.90937,0.90937,6909.26
2023.10.09 00:00:00,0.90858,0.91006,0.90857,0.90948,7378.67
2023.10.09 01:00:00,0.90945,0.91011,0.90832,0.90914,5855.82
2023.10.09 02:00:00,0.90914,0.90938,0.90869,0.90895,8189.44
2023.10.09 03:00:00,0.90893,0.90959,0.90793,0.90799,7934.43
2023.10.09 04:00:00,0.908,0.90968,0.90797,0.9094,6892.35
2023.10.09 05:00:00,0.90939,0.90981,0.90895,0.90932,2665.29
2023.10.09 06:00:00,0.90933,0.91033,0.90933,0.91006,3563.66
2023.10.09 07:00:00,0.91005,0.91065,0.90983,0.91038,2419.96
2023.10.09 08:00:00,0.91037,0.91058,0.9096,0.90965,5941.97
2023.10.09 09:00:00,0.90963,0.91165,0.90903,0.91141,9522.41
2023.10.09 10:00:00,0.9114,0.91233,0.91099,0.91179,7871.73
2023.10.09 11:00:00,0.9118,0.91203,0.91051,0.91053,8221.06
2023.10.09 12:00:00,0.91051,0.9108,0.9101,0.91056,4771.29
2023.10.09 13:00:00,0.91057,0.91066,0.90993,0.91008,5414.55
2023.10.09 14:00:00,0.91008,0.91008,0.90824,0.90971,5002.03
2023.10.09 15:00:00,0.90972,0.91037,0.90831,0.90861,7438.54
2023.10.09 16:00:00,0.90859,0.90863,0.90677,0.90714,13947.31
2023.10.09 17:00:00,0.90716,0.90755,0.90627,0.90734,9422.22
2023.10.09 18:00:00,0.90731,0.9081,0.90653,0.90799,7894.44
2023.10.09 19:00:00,0.90798,0.90846,0.9077,0.90809,4322.04
2023.10.09 20:00:00,0.90807,0.90808,0.90557,0.90577,4495.71
2023.10.09 21:00:00,0.90575,0.90601,0.90536,0.90555,2853.17
2023.10.09 22:00:00,0.90553,0.90607,0.90492,0.90597,4413.82
2023.10.09 23:00:00,0.90599,0.90672,0.90549,0.90643,6466.55
2023.10.10 00:00:00,0.90634,0.90664,0.90474,0.90634,4483.84
2023.10.10 01:00:00,0.90633,0.90639,0.90563,0.90588,2461.51
2023.10.10 02:00:00,0.90588,0.90598,0.90465,0.90501,5641.21
2023.10.10 03:00:00,0.90501,0.90576,0.90438,0.9054,6717.48
2023.10.10 04:00:00,0.9054,0.90575,0.90443,0.90543,6924.15
2023.10.10 05:00:00,0.90545,0.90547,0.90463,0.90516,3377.01
2023.10.10 06:00:00,0.90516,0.90528,0.90456,0.90489,12740.32
2023.10.10 07:00:00,0.90489,0.90637,0.90489,0.90621,3833.41
2023.10.10 08:00:00,0.90622,0.90687,0.90573,0.90618,3084.49
2023.10.10 09:00:00,0.90619,0.90707,0.90497,0.90597,16971.82
2023.10.10 10:00:00,0.90596,0.90727,0.9055,0.90568,14366.69
2023.10.10 11:00:00,0.90567,0.90594,0.90351,0.9041,14169.43
2023.10.10 12:00:00,0.90411,0.90497,0.90339,0.90424,7711.91
2023.10.10 13:00:00,0.90424,0.90541,0.90414,0.90518,4666.3
2023.10.10 14:00:00,0.90522,0.90747,0.90522,0.90693,8286.06
2023.10.10 15:00:00,0.90695,0.90773,0.90585,0.90681,14978.22
2023.10.10 16:00:00,0.90683,0.90826,0.90599,0.90602,11752.98
2023.10.10 17:00:00,0.906,0.90639,0.90499,0.90559,12437.93
2023.10.10 18:00:00,0.9056,0.90568,0.9037,0.90394,6977.29
2023.10.10 19:00:00,0.90393,0.90468,0.90372,0.90392,4415.45
2023.10.10 20:00:00,0.90394,0.9054,0.9038,0.90531,6188.28
2023.10.10 21:00:00,0.90532,0.90548,0.90479,0.90486,3026.91
2023.10.10 22:00:00,0.90489,0.9052,0.90431,0.90468,2875.23
2023.10.10 23:00:00,0.90466,0.90493,0.90429,0.90434,6481.6
2023.10.11 00:00:00,0.90434,0.90483,0.90386,0.90444,3121.7
2023.10.11 01:00:00,0.9045,0.90471,0.90436,0.9044,7198.56
2023.10.11 02:00:00,0.90439,0.9047,0.9042,0.90457,8287.41
2023.10.11 03:00:00,0.90457,0.90459,0.90365,0.90416,4244.94
2023.10.11 04:00:00,0.90418,0.90481,0.90391,0.90416,4160.26
2023.10.11 05:00:00,0.90416,0.90465,0.90382,0.90411,3000.88
2023.10.11 06:00:00,0.90408,0.90439,0.90397,0.90427,4795.54
2023.10.11 07:00:00,0.90428,0.90496,0.90397,0.90492,7890.57
2023.10.11 08:00:00,0.90492,0.90526,0.90436,0.90506,2765.79
2023.10.11 09:00:00,0.90505,0.90544,0.90402,0.90427,10471.56
2023.10.11 10:00:00,0.90428,0.90531,0.90287,0.90419,11893.65
2023.10.11 11:00:00,0.90417,0.90468,0.9026,0.90273,9753.94
2023.10.11 12:00:00,0.90272,0.90302,0.90218,0.90272,7063.69
2023.10.11 13:00:00,0.90273,0.90372,0.90249,0.90288,6466.61
2023.10.11 14:00:00,0.90289,0.90351,0.90216,0.90339,7742.2
2023.10.11 15:00:00,0.90339,0.90486,0.90179,0.90193,24376.09
2023.10.11 16:00:00,0.90194,0.90228,0.90014,0.90093,20594.02
2023.10.11 17:00:00,0.90095,0.90264,0.90041,0.90231,14075.09
2023.10.11 18:00:00,0.90232,0.90335,0.90185,0.90259,7896.91
2023.10.11 19:00:00,0.90259,0.90336,0.90238,0.9027,4813.66
2023.10.11 20:00:00,0.90269,0.90467,0.90259,0.90397,5054.06
2023.10.11 21:00:00,0.90402,0.90419,0.90264,0.90279,5647.01
2023.10.11 22:00:00,0.90282,0.90289,0.90198,0.9023,2439.74
2023.10.11 23:00:00,0.90228,0.90235,0.90172,0.90184,2429.15
2023.10.12 00:00:00,0.90178,0.9019,0.90051,0.90147,3491.9
2023.10.12 01:00:00,0.90147,0.90179,0.90142,0.90157,2067.48
2023.10.12 02:00:00,0.90156,0.90159,0.90096,0.90103,3552.98
2023.10.12 03:00:00,0.90106,0.90131,0.90071,0.90111,4441.37
2023.10.12 04:00:00,0.90109,0.90116,0.9002,0.9004,4215.3
2023.10.12 05:00:00,0.90042,0.90115,0.90034,0.90087,2452.89
2023.10.12 06:00:00,0.90088,0.90107,0.90039,0.90044,1758.18
2023.10.12 07:00:00,0.90047,0.9008,0.90032,0.90054,6704.38
2023.10.12 08:00:00,0.90053,0.90069,0.9002,0.90022,2363.34
2023.10.12 09:00:00,0.90021,0.90052,0.89863,0.89934,7172.14
2023.10.12 10:00:00,0.89934,0.9016,0.89905,0.90143,7191.77
2023.10.12 11:00:00,0.90143,0.90143,0.89995,0.89995,5121.09
2023.10.12 12:00:00,0.89992,0.90048,0.89963,0.89994,4069.43
2023.10.12 13:00:00,0.89993,0.90031,0.89935,0.90026,3575.06
2023.10.12 14:00:00,0.90024,0.90086,0.90002,0.90013,4587.35
2023.10.12 15:00:00,0.90014,0.90444,0.89999,0.90271,29846.96
2023.10.12 16:00:00,0.90275,0.90539,0.90221,0.90528,19905.11
2023.10.12 17:00:00,0.9053,0.90638,0.90439,0.90617,10921.02
2023.10.12 18:00:00,0.90616,0.90703,0.90592,0.90646,6382.17
2023.10.12 19:00:00,0.90645,0.90718,0.90548,0.90697,5015.36
2023.10.12 20:00:00,0.90698,0.90847,0.90696,0.90829,9947.38
2023.10.12 21:00:00,0.90828,0.90877,0.9077,0.90861,4452.17
2023.10.12 22:00:00,0.90859,0.90863,0.90809,0.90819,3023.87
2023.10.12 23:00:00,0.9082,0.90854,0.90807,0.90826,4750.26
2023.10.13 00:00:00,0.90826,0.90852,0.90745,0.90794,1486.86
2023.10.13 01:00:00,0.90799,0.90828,0.9079,0.90793,3056.76
2023.10.13 02:00:00,0.90791,0.90805,0.9077,0.90788,5030.97
2023.10.13 03:00:00,0.90786,0.90792,0.90712,0.90722,4070.13
2023.10.13 04:00:00,0.9072,0.90754,0.90697,0.90724,2611.41
2023.10.13 05:00:00,0.90725,0.90738,0.90679,0.90683,1879.79
2023.10.13 06:00:00,0.90682,0.90725,0.90675,0.90698,1733.15
2023.10.13 07:00:00,0.90698,0.90717,0.9065,0.90651,1638.94
2023.10.13 08:00:00,0.90647,0.90708,0.90632,0.90663,9748.44
2023.10.13 09:00:00,0.90663,0.9081,0.90658,0.90776,8687.69
2023.10.13 10:00:00,0.90774,0.90791,0.90561,0.90647,10637.4
2023.10.13 11:00:00,0.90646,0.90705,0.90569,0.9065,7545.1
2023.10.13 12:00:00,0.90652,0.90812,0.90648,0.90757,15673.77
2023.10.13 13:00:00,0.90755,0.90831,0.90726,0.90822,6878.95
2023.10.13 14:00:00,0.90823,0.90847,0.90675,0.90726,6519.14
2023.10.13 15:00:00,0.90726,0.90726,0.90468,0.90522,15607.54
2023.10.13 16:00:00,0.90523,0.90601,0.90466,0.90537,14595.15
2023.10.13 17:00:00,0.90544,0.90638,0.90386,0.90478,20171.25
2023.10.13 18:00:00,0.90477,0.90519,0.90178,0.90179,7475.6
2023.10.13 19:00:00,0.90176,0.90195,0.90065,0.90124,8311.09
2023.10.13 20:00:00,0.90123,0.90124,0.9002,0.90116,4144.5
2023.10.13 21:00:00,0.90117,0.90218,0.90085,0.90144,3421.96
2023.10.13 22:00:00,0.90141,0.90174,0.90082,0.90172,3355.8
2023.10.13 23:00:00,0.90172,0.9026,0.90121,0.90121,4367.48
2023.10.16 00:00:00,0.89989,0.9017,0.89989,0.90128,10343.69
2023.10.16 01:00:00,0.90167,0.9027,0.90147,0.90249,4499.46
2023.10.16 02:00:00,0.9025,0.90288,0.90223,0.90239,6551.54
2023.10.16 03:00:00,0.9024,0.90254,0.90179,0.90233,5225.92
2023.10.16 04:00:00,0.90232,0.90234,0.90158,0.90173,2666.05
2023.10.16 05:00:00,0.90174,0.90195,0.90141,0.9017,1830.75
2023.10.16 06:00:00,0.90169,0.90203,0.90158,0.90169,1071.51
2023.10.16 07:00:00,0.90169,0.90179,0.90129,0.9015,1740.88
2023.10.16 08:00:00,0.90147,0.90179,0.90108,0.90178,2391.19
2023.10.16 09:00:00,0.90177,0.9027,0.90126,0.90258,11854.51
2023.10.16 10:00:00,0.9026,0.9042,0.90241,0.9033,8969.54
2023.10.16 11:00:00,0.90331,0.90413,0.90241,0.90271,5987.15
2023.10.16 12:00:00,0.90272,0.90315,0.90217,0.9027,4431.09
2023.10.16 13:00:00,0.90273,0.90311,0.90253,0.90293,3742.77
2023.10.16 14:00:00,0.90294,0.90299,0.90178,0.90205,3959.84
2023.10.16 15:00:00,0.90205,0.90224,0.90068,0.90106,10839.16
2023.10.16 16:00:00,0.90107,0.90299,0.901,0.90283,8298.38
2023.10.16 17:00:00,0.90282,0.90335,0.90096,0.90139,7686.25
2023.10.16 18:00:00,0.90138,0.90169,0.90068,0.90071,3962.79
2023.10.16 19:00:00,0.90069,0.90084,0.90025,0.90059,2428.58
2023.10.16 20:00:00,0.90062,0.901,0.89965,0.8997,2441.61
2023.10.16 21:00:00,0.8997,0.90026,0.89957,0.90019,1674.87
2023.10.16 22:00:00,0.90018,0.90035,0.89959,0.89968,2208.51
2023.10.16 23:00:00,0.89967,0.90019,0.89952,0.89979,3750.36
2023.10.17 00:00:00,0.89979,0.90032,0.89943,0.90001,23618.15
2023.10.17 01:00:00,0.9,0.90023,0.89961,0.90023,2022.36
2023.10.17 02:00:00,0.90021,0.90049,0.90013,0.90045,2786.67
2023.10.17 03:00:00,0.90043,0.90043,0.89998,0.90022,3468.39
2023.10.17 04:00:00,0.90021,0.90094,0.90021,0.9007,1890.18
2023.10.17 05:00:00,0.90069,0.90113,0.90057,0.90072,1710.35
2023.10.17 06:00:00,0.90072,0.901,0.90049,0.90072,1241.86
2023.10.17 07:00:00,0.90073,0.90122,0.9007,0.90112,799.81
2023.10.17 08:00:00,0.90113,0.90161,0.90083,0.90156,1503.2
2023.10.17 09:00:00,0.90155,0.90191,0.90098,0.9019,3744.62
2023.10.17 10:00:00,0.90189,0.90216,0.90074,0.90184,5639.56
2023.10.17 11:00:00,0.90186,0.90302,0.90147,0.90259,3846.09
2023.10.17 12:00:00,0.90257,0.9026,0.90143,0.90161,3687.63
2023.10.17 13:00:00,0.9016,0.90161,0.90063,0.90096,5462.4
2023.10.17 14:00:00,0.90099,0.90103,0.89944,0.89983,4290.79
2023.10.17 15:00:00,0.89984,0.90319,0.8996,0.90224,12606.09
2023.10.17 16:00:00,0.90225,0.90272,0.90063,0.90207,13875.6
2023.10.17 17:00:00,0.90209,0.90228,0.89956,0.90039,11474.49
2023.10.17 18:00:00,0.90039,0.90039,0.89895,0.89953,7365.33
2023.10.17 19:00:00,0.89953,0.90073,0.8994,0.90062,4139.81
2023.10.17 20:00:00,0.90063,0.90123,0.89964,0.90109,3420.19
2023.10.17 21:00:00,0.90108,0.90133,0.90021,0.9005,2658.58
2023.10.17 22:00:00,0.90048,0.90065,0.89959,0.90012,2460.01
2023.10.17 23:00:00,0.90012,0.90053,0.89995,0.89997,1891.98
2023.10.18 00:00:00,0.89994,0.90071,0.89931,0.90013,5160.81
2023.10.18 01:00:00,0.90013,0.90031,0.89989,0.89998,9552.7
2023.10.18 02:00:00,0.89999,0.90015,0.89994,0.90012,8590.58
2023.10.18 03:00:00,0.90012,0.90084,0.9001,0.90057,1578.81
2023.10.18 04:00:00,0.90059,0.90073,0.89933,0.89938,1810.53
2023.10.18 05:00:00,0.89935,0.89963,0.89888,0.89947,2280.22
2023.10.18 06:00:00,0.89948,0.89981,0.89911,0.89911,1580.71
2023.10.18 07:00:00,0.89911,0.89955,0.89878,0.89919,2063.85
2023.10.18 08:00:00,0.89922,0.89927,0.89873,0.89893,2636.21
2023.10.18 09:00:00,0.89898,0.89914,0.89735,0.89876,6227.46
2023.10.18 10:00:00,0.89874,0.89967,0.89844,0.89918,7360.6
2023.10.18 11:00:00,0.89919,0.90004,0.89852,0.89901,5560.04
2023.10.18 12:00:00,0.89903,0.89916,0.89799,0.89807,5861.75
2023.10.18 13:00:00,0.89805,0.89971,0.89801,0.89922,5523.06
2023.10.18 14:00:00,0.89922,0.8994,0.89811,0.8989,5370.11
2023.10.18 15:00:00,0.89891,0.89968,0.89745,0.89865,9377.72
2023.10.18 16:00:00,0.89864,0.89907,0.89622,0.89704,10591.25
2023.10.18 17:00:00,0.89701,0.89936,0.89542,0.898,13430.82
2023.10.18 18:00:00,0.89799,0.8991,0.89742,0.89855,6817.37
2023.10.18 19:00:00,0.89853,0.89893,0.89776,0.89847,4767.61
2023.10.18 20:00:00,0.89846,0.89862,0.8972,0.89775,4838.94
2023.10.18 21:00:00,0.89775,0.89899,0.89767,0.89896,3580.7
2023.10.18 22:00:00,0.89897,0.89919,0.89866,0.8991,2720.77
2023.10.18 23:00:00,0.89909,0.89923,0.89872,0.89873,2539.92
2023.10.19 00:00:00,0.89874,0.89908,0.89838,0.89881,1914.07
2023.10.19 01:00:00,0.89881,0.89893,0.89846,0.89884,2128.68
2023.10.19 02:00:00,0.89884,0.89897,0.89865,0.89881,2610.22
2023.10.19 03:00:00,0.89878,0.89911,0.89851,0.89883,2096.16
2023.10.19 04:00:00,0.89882,0.8994,0.89833,0.89898,2412.41
2023.10.19 05:00:00,0.89899,0.89928,0.89876,0.89915,1457.86
2023.10.19 06:00:00,0.89915,0.89946,0.89883,0.8991,1048.22
2023.10.19 07:00:00,0.89909,0.89943,0.89892,0.89895,1076.77
2023.10.19 08:00:00,0.89897,0.89924,0.89865,0.89868,1951.86
2023.10.19 09:00:00,0.89867,0.89923,0.8974,0.89817,5063.67
2023.10.19 10:00:00,0.8982,0.8997,0.89781,0.89967,8214.77
2023.10.19 11:00:00,0.89968,0.90016,0.89917,0.8994,6276.98
2023.10.19 12:00:00,0.89941,0.89943,0.89847,0.89852,4602.94
2023.10.19 13:00:00,0.89849,0.89884,0.89768,0.89784,3537.15
2023.10.19 14:00:00,0.89782,0.89786,0.89658,0.89728,5649.75
2023.10.19 15:00:00,0.89729,0.89737,0.89592,0.89643,11070.39
2023.10.19 16:00:00,0.89643,0.89742,0.89596,0.89628,9183.91
2023.10.19 17:00:00,0.89624,0.89727,0.89601,0.8967,10005.42
2023.10.19 18:00:00,0.89667,0.89675,0.89503,0.89555,5871.68
2023.10.19 19:00:00,0.89556,0.89761,0.89277,0.89334,25620.29
2023.10.19 20:00:00,0.89334,0.89376,0.8922,0.89224,11985.05
2023.10.19 21:00:00,0.89225,0.89378,0.89123,0.89336,5767.55
2023.10.19 22:00:00,0.89339,0.89358,0.8923,0.89233,4115.64
2023.10.19 23:00:00,0.89234,0.89263,0.89083,0.89104,9955.08
2023.10.20 00:00:00,0.89104,0.89163,0.89031,0.89088,2334.73
2023.10.20 01:00:00,0.89088,0.89205,0.89088,0.89187,4276.05
2023.10.20 02:00:00,0.8919,0.89228,0.89161,0.89175,3467.14
2023.10.20 03:00:00,0.89175,0.89287,0.89174,0.89229,2748.44
2023.10.20 04:00:00,0.8923,0.89272,0.89216,0.89254,2703.1
2023.10.20 05:00:00,0.89255,0.89265,0.89142,0.89174,2692.43
2023.10.20 06:00:00,0.89173,0.89244,0.89162,0.89237,1591.43
2023.10.20 07:00:00,0.89242,0.89289,0.89235,0.89287,1983.67
2023.10.20 08:00:00,0.89289,0.89299,0.89197,0.89285,2713.06
2023.10.20 09:00:00,0.89282,0.89315,0.8921,0.89303,4890.05
2023.10.20 10:00:00,0.89303,0.89349,0.89083,0.89086,6861.29
2023.10.20 11:00:00,0.89087,0.89284,0.89019,0.8915,7638.91
2023.10.20 12:00:00,0.89153,0.8925,0.89122,0.8917,5172.57
2023.10.20 13:00:00,0.8917,0.89191,0.89117,0.89139,4245.26
2023.10.20 14:00:00,0.89139,0.89145,0.89078,0.8912,3823.06
2023.10.20 15:00:00,0.89118,0.89322,0.89118,0.89272,7117.47
2023.10.20 16:00:00,0.89271,0.8928,0.8915,0.89235,9757.99
2023.10.20 17:00:00,0.89236,0.89342,0.89091,0.89146,8520.9
2023.10.20 18:00:00,0.89146,0.89214,0.89064,0.89185,6923.09
2023.10.20 19:00:00,0.89186,0.89291,0.89153,0.89207,3876.86
2023.10.20 20:00:00,0.89206,0.89228,0.89094,0.8921,4865.12
2023.10.20 21:00:00,0.89208,0.89263,0.8915,0.89185,4434.54
2023.10.20 22:00:00,0.89187,0.89236,0.89171,0.89203,2979.47
2023.10.20 23:00:00,0.89203,0.89265,0.8914,0.8914,9111.12
2023.10.23 00:00:00,0.89097,0.89222,0.89054,0.89148,42337.66
2023.10.23 01:00:00,0.89164,0.893,0.89135,0.89281,5592.63
2023.10.23 02:00:00,0.89281,0.89337,0.89262,0.89325,6974.88
2023.10.23 03:00:00,0.89327,0.89365,0.89293,0.89347,2158.22
2023.10.23 04:00:00,0.89345,0.89414,0.89344,0.89377,1936.96
2023.10.23 05:00:00,0.89381,0.89458,0.89378,0.89456,2149.76
2023.10.23 06:00:00,0.89456,0.89473,0.89424,0.89469,1167.16
2023.10.23 07:00:00,0.89472,0.89485,0.89441,0.89454,665.93
2023.10.23 08:00:00,0.89455,0.89568,0.89438,0.89564,2330.37
2023.10.23 09:00:00,0.8956,0.89561,0.89336,0.89345,4762.75
2023.10.23 10:00:00,0.89344,0.89395,0.89269,0.89308,7578.11
2023.10.23 11:00:00,0.89305,0.89319,0.89199,0.89238,5637.33
2023.10.23 12:00:00,0.89241,0.89322,0.89229,0.89271,4218.02
2023.10.23 13:00:00,0.89273,0.89288,0.89193,0.89215,4896.3
2023.10.23 14:00:00,0.89216,0.89272,0.89126,0.89253,3874.38
2023.10.23 15:00:00,0.89253,0.89355,0.89154,0.89341,6628.98
2023.10.23 16:00:00,0.8934,0.89479,0.8929,0.89365,6889.38
2023.10.23 17:00:00,0.89361,0.89394,0.89211,0.89281,8847.48
2023.10.23 18:00:00,0.89281,0.89286,0.89128,0.89191,5749.01
2023.10.23 19:00:00,0.8919,0.89233,0.89116,0.8914,4565.03
2023.10.23 20:00:00,0.89141,0.89179,0.89057,0.8913,2220.61
2023.10.23 21:00:00,0.89131,0.89144,0.89056,0.8908,2004.17
2023.10.23 22:00:00,0.8908,0.89217,0.89078,0.89143,2068.64
2023.10.23 23:00:00,0.89144,0.89144,0.89084,0.89087,1097.64
2023.10.24 00:00:00,0.8908,0.89136,0.89042,0.89093,5588.08
2023.10.24 01:00:00,0.89094,0.89103,0.89069,0.89088,879.7
2023.10.24 02:00:00,0.89091,0.89104,0.89075,0.89083,1267.01
2023.10.24 03:00:00,0.89079,0.89114,0.89063,0.8908,1434.08
2023.10.24 04:00:00,0.8908,0.89122,0.89055,0.89111,1486.28
2023.10.24 05:00:00,0.89108,0.89119,0.88994,0.89043,1629.05
2023.10.24 06:00:00,0.89043,0.89076,0.89022,0.89069,1036.4
2023.10.24 07:00:00,0.89069,0.89078,0.89043,0.89061,1005.45
2023.10.24 08:00:00,0.89062,0.89103,0.89045,0.8908,1569.69
2023.10.24 09:00:00,0.89079,0.89111,0.88956,0.88973,4911.8
2023.10.24 10:00:00,0.88971,0.89191,0.88878,0.89109,9248.6
2023.10.24 11:00:00,0.89109,0.89229,0.89107,0.89153,6605.17
2023.10.24 12:00:00,0.89153,0.89352,0.89153,0.89311,4767.7
2023.10.24 13:00:00,0.8931,0.8939,0.89296,0.89327,3698.9
2023.10.24 14:00:00,0.89327,0.89376,0.89259,0.89309,3685.69
2023.10.24 15:00:00,0.89308,0.8942,0.89299,0.8938,5858.8
2023.10.24 16:00:00,0.89383,0.89518,0.89347,0.89384,10745.94
2023.10.24 17:00:00,0.89385,0.89427,0.89275,0.89331,11439.29
2023.10.24 18:00:00,0.8933,0.89442,0.89319,0.89352,5782.86
2023.10.24 19:00:00,0.89351,0.89401,0.89275,0.89364,3386.49
2023.10.24 20:00:00,0.89365,0.89369,0.89308,0.89357,2853
2023.10.24 21:00:00,0.89358,0.89394,0.89337,0.8934,2234.83
2023.10.24 22:00:00,0.89341,0.89367,0.89299,0.89313,1920.94
2023.10.24 23:00:00,0.89314,0.89327,0.89282,0.89303,3043.82
2023.10.25 00:00:00,0.89301,0.89356,0.89188,0.8929,12358.65
2023.10.25 01:00:00,0.89294,0.89314,0.89277,0.893,3811.52
2023.10.25 02:00:00,0.89299,0.8932,0.89294,0.89307,1887.02
2023.10.25 03:00:00,0.89304,0.8935,0.89282,0.89299,1865.34
2023.10.25 04:00:00,0.89297,0.89328,0.89261,0.89293,1553.98
2023.10.25 05:00:00,0.8929,0.89301,0.89262,0.89278,1392.85
2023.10.25 06:00:00,0.89277,0.893,0.89273,0.89294,1269.28
2023.10.25 07:00:00,0.89293,0.893,0.8925,0.89263,783.24
2023.10.25 08:00:00,0.89262,0.89297,0.89255,0.89262,1389.41
2023.10.25 09:00:00,0.89259,0.89345,0.89202,0.89343,2713.23
2023.10.25 10:00:00,0.89345,0.89523,0.8934,0.89465,5163.65
2023.10.25 11:00:00,0.89463,0.89512,0.89387,0.89507,4713.55
2023.10.25 12:00:00,0.89508,0.89646,0.89508,0.896,4259.08
2023.10.25 13:00:00,0.89598,0.89629,0.89552,0.89575,3699.03
2023.10.25 14:00:00,0.89575,0.89595,0.89514,0.89588,2327.38
2023.10.25 15:00:00,0.89588,0.89598,0.89495,0.89527,4656.54
2023.10.25 16:00:00,0.89525,0.89541,0.89417,0.89513,6247.01
2023.10.25 17:00:00,0.89514,0.89648,0.89485,0.89506,9125.23
2023.10.25 18:00:00,0.89505,0.89623,0.89433,0.89512,7870.91
2023.10.25 19:00:00,0.89515,0.89681,0.89495,0.89629,3720.28
2023.10.25 20:00:00,0.89629,0.89684,0.89601,0.8965,5122.28
2023.10.25 21:00:00,0.89649,0.89668,0.89595,0.89665,1596.16
2023.10.25 22:00:00,0.89663,0.89674,0.89622,0.89652,1101.44
2023.10.25 23:00:00,0.89651,0.89687,0.89632,0.89666,1667.37
