Time (EET),Open,High,Low,Close,Volume 
2024.01.02 00:00:00,140.843,140.961,140.839,140.875,577.88
2024.01.02 01:00:00,140.883,141.128,140.811,141.11,7594.69
2024.01.02 02:00:00,141.11,141.378,141.096,141.14,12055.48
2024.01.02 03:00:00,141.142,141.456,141.141,141.439,11158.06
2024.01.02 04:00:00,141.435,141.669,141.364,141.562,12562.63
2024.01.02 05:00:00,141.561,141.665,141.494,141.499,9904.04
2024.01.02 06:00:00,141.501,141.585,141.459,141.537,6251.94
2024.01.02 07:00:00,141.533,141.533,141.345,141.35,7614.47
2024.01.02 08:00:00,141.35,141.55,141.335,141.521,6203.63
2024.01.02 09:00:00,141.519,141.604,141.387,141.544,26172.43
2024.01.02 10:00:00,141.543,141.592,141.29,141.555,26942.93
2024.01.02 11:00:00,141.555,141.672,141.377,141.552,19067.29
2024.01.02 12:00:00,141.552,141.771,141.504,141.649,17117.88
2024.01.02 13:00:00,141.65,141.887,141.59,141.825,15500.7
2024.01.02 14:00:00,141.825,142.216,141.791,142.114,17286.56
2024.01.02 15:00:00,142.114,142.16,141.885,142.15,19733.56
2024.01.02 16:00:00,142.15,142.175,141.51,141.546,27272.14
2024.01.02 17:00:00,141.548,142.015,141.499,141.925,31396.24
2024.01.02 18:00:00,141.924,141.998,141.711,141.892,19643.61
2024.01.02 19:00:00,141.891,141.998,141.877,141.971,10681.28
2024.01.02 20:00:00,141.97,142.001,141.847,141.949,6110.5
2024.01.02 21:00:00,141.947,142,141.901,141.946,4451.36
2024.01.02 22:00:00,141.947,141.974,141.803,141.966,6766.21
2024.01.02 23:00:00,141.966,142.017,141.943,141.978,3763.22
2024.01.03 00:00:00,141.971,142.056,141.856,142.041,1319.89
2024.01.03 01:00:00,142.041,142.181,142.041,142.173,3681.44
2024.01.03 02:00:00,142.174,142.174,141.858,141.954,7172.55
2024.01.03 03:00:00,141.954,142.135,141.907,142.013,6511.92
2024.01.03 04:00:00,142.013,142.063,141.984,142.034,5039.7
2024.01.03 05:00:00,142.037,142.041,141.877,141.889,5944.93
2024.01.03 06:00:00,141.886,141.943,141.858,141.904,4723.19
2024.01.03 07:00:00,141.904,142.132,141.904,142.123,4840.48
2024.01.03 08:00:00,142.12,142.131,142.01,142.088,9318.63
2024.01.03 09:00:00,142.087,142.468,142.035,142.418,18910.25
2024.01.03 10:00:00,142.417,142.645,142.396,142.572,16040.88
2024.01.03 11:00:00,142.573,142.71,142.499,142.637,13666.46
2024.01.03 12:00:00,142.638,142.794,142.599,142.649,15323.09
2024.01.03 13:00:00,142.648,142.98,142.591,142.932,25590.59
2024.01.03 14:00:00,142.931,142.989,142.789,142.932,30311.06
2024.01.03 15:00:00,142.934,143.083,142.816,143.017,40546.04
2024.01.03 16:00:00,143.017,143.41,142.961,143.204,40462.81
2024.01.03 17:00:00,143.222,143.727,142.809,143.599,52395.19
2024.01.03 18:00:00,143.599,143.599,143.338,143.556,31860.71
2024.01.03 19:00:00,143.555,143.727,143.495,143.609,18436.28
2024.01.03 20:00:00,143.607,143.671,143.465,143.564,17694.48
2024.01.03 21:00:00,143.564,143.731,143.136,143.235,41831.72
2024.01.03 22:00:00,143.237,143.276,143.116,143.237,16910.06
2024.01.03 23:00:00,143.238,143.307,143.229,143.281,5693.95
2024.01.04 00:00:00,143.277,143.277,143.102,143.136,2426.23
2024.01.04 01:00:00,143.14,143.145,142.948,142.995,8563.29
2024.01.04 02:00:00,142.995,143.32,142.853,143.266,22350.91
2024.01.04 03:00:00,143.268,143.448,143.118,143.428,15368.27
2024.01.04 04:00:00,143.427,143.486,143.348,143.471,13177.95
2024.01.04 05:00:00,143.47,143.471,143.225,143.343,12263.68
2024.01.04 06:00:00,143.343,143.603,143.33,143.565,12038.53
2024.01.04 07:00:00,143.568,143.893,143.565,143.775,22041.83
2024.01.04 08:00:00,143.777,143.807,143.514,143.526,25450.03
2024.01.04 09:00:00,143.527,143.583,143.179,143.373,37073.39
2024.01.04 10:00:00,143.373,143.644,143.36,143.588,31505.63
2024.01.04 11:00:00,143.588,143.891,143.562,143.864,35497.82
2024.01.04 12:00:00,143.865,144.267,143.865,144.25,35224.83
2024.01.04 13:00:00,144.252,144.293,144.131,144.255,29156.77
2024.01.04 14:00:00,144.254,144.263,144.062,144.217,31697.78
2024.01.04 15:00:00,144.216,144.551,144.117,144.535,26324.48
2024.01.04 16:00:00,144.534,144.85,144.518,144.783,27091.9
2024.01.04 17:00:00,144.783,144.8,144.47,144.661,37176.38
2024.01.04 18:00:00,144.66,144.66,144.459,144.59,33625.68
2024.01.04 19:00:00,144.589,144.648,144.511,144.596,12697.62
2024.01.04 20:00:00,144.597,144.71,144.548,144.6,10573.82
2024.01.04 21:00:00,144.6,144.641,144.513,144.578,7083.1
2024.01.04 22:00:00,144.577,144.61,144.513,144.588,7323.8
2024.01.04 23:00:00,144.589,144.667,144.574,144.622,4105.81
2024.01.05 00:00:00,144.621,144.63,144.533,144.578,1574.61
2024.01.05 01:00:00,144.579,144.775,144.575,144.772,3658.48
2024.01.05 02:00:00,144.772,144.9,144.659,144.798,19370.91
2024.01.05 03:00:00,144.799,144.842,144.669,144.74,22807.05
2024.01.05 04:00:00,144.742,144.84,144.676,144.815,18943.23
2024.01.05 05:00:00,144.815,144.953,144.771,144.924,16817.11
2024.01.05 06:00:00,144.923,144.947,144.8,144.847,18318.91
2024.01.05 07:00:00,144.846,144.873,144.658,144.729,20223.13
2024.01.05 08:00:00,144.727,145.367,144.695,145.238,33534.11
2024.01.05 09:00:00,145.24,145.253,144.965,145.075,34993.59
2024.01.05 10:00:00,145.074,145.103,144.852,145.075,30715.99
2024.01.05 11:00:00,145.08,145.202,145.002,145.184,24540.74
2024.01.05 12:00:00,145.185,145.374,145.176,145.21,26021.59
2024.01.05 13:00:00,145.214,145.352,145.165,145.266,19142.41
2024.01.05 14:00:00,145.269,145.297,145.069,145.092,17060.03
2024.01.05 15:00:00,145.092,145.976,145.052,145.465,55950.08
2024.01.05 16:00:00,145.465,145.484,144.928,145.086,59490.74
2024.01.05 17:00:00,145.085,145.085,143.806,144.127,77497.32
2024.01.05 18:00:00,144.127,144.542,144.065,144.529,43842.53
2024.01.05 19:00:00,144.523,144.829,144.521,144.745,32811.56
2024.01.05 20:00:00,144.746,144.894,144.611,144.633,19244.33
2024.01.05 21:00:00,144.631,144.7,144.495,144.66,22317.62
2024.01.05 22:00:00,144.659,144.766,144.624,144.747,9434.89
2024.01.05 23:00:00,144.747,144.789,144.549,144.603,5298.68
2024.01.08 00:00:00,144.453,144.608,144.382,144.54,961.85
2024.01.08 01:00:00,144.54,144.917,144.528,144.721,8885.5
2024.01.08 02:00:00,144.721,144.797,144.586,144.594,12155.02
2024.01.08 03:00:00,144.595,144.664,144.318,144.373,24426.63
2024.01.08 04:00:00,144.374,144.562,144.374,144.524,11391.28
2024.01.08 05:00:00,144.521,144.553,144.312,144.488,13927.09
2024.01.08 06:00:00,144.488,144.538,144.393,144.462,14933.09
2024.01.08 07:00:00,144.467,144.478,144.361,144.365,12328.79
2024.01.08 08:00:00,144.363,144.368,144.169,144.18,17269.19
2024.01.08 09:00:00,144.18,144.468,144.089,144.415,33210.55
2024.01.08 10:00:00,144.415,144.611,144.377,144.521,44459.12
2024.01.08 11:00:00,144.519,144.573,144.185,144.233,29606.44
2024.01.08 12:00:00,144.232,144.495,144.199,144.399,22221.04
2024.01.08 13:00:00,144.398,144.586,144.323,144.578,25306.26
2024.01.08 14:00:00,144.578,144.683,144.431,144.475,23623.99
2024.01.08 15:00:00,144.472,144.573,144.264,144.453,34175.66
2024.01.08 16:00:00,144.453,144.468,144.077,144.095,42472.51
2024.01.08 17:00:00,144.098,144.165,143.852,143.935,39327.86
2024.01.08 18:00:00,143.933,143.956,143.661,143.897,30426.76
2024.01.08 19:00:00,143.897,143.986,143.805,143.963,19139.76
2024.01.08 20:00:00,143.966,144.182,143.955,144.142,12073.41
2024.01.08 21:00:00,144.141,144.172,144.07,144.103,15778.68
2024.01.08 22:00:00,144.104,144.269,144.071,144.157,11859.39
2024.01.08 23:00:00,144.159,144.238,144.113,144.223,5318.63
2024.01.09 00:00:00,144.223,144.241,144.184,144.222,1833.76
2024.01.09 01:00:00,144.229,144.28,144.101,144.224,4980.36
2024.01.09 02:00:00,144.223,144.258,143.852,143.928,20156.35
2024.01.09 03:00:00,143.928,143.974,143.451,143.481,26656.23
2024.01.09 04:00:00,143.48,143.703,143.419,143.68,19621.03
2024.01.09 05:00:00,143.679,143.689,143.498,143.625,12137.71
2024.01.09 06:00:00,143.625,143.688,143.569,143.585,11626.15
2024.01.09 07:00:00,143.587,143.882,143.581,143.789,10319.82
2024.01.09 08:00:00,143.787,144.103,143.787,144.067,14780.03
2024.01.09 09:00:00,144.068,144.152,143.86,144.063,29419.51
2024.01.09 10:00:00,144.064,144.314,143.956,144.03,42691.95
2024.01.09 11:00:00,144.03,144.041,143.742,143.945,33041.33
2024.01.09 12:00:00,143.946,144.089,143.843,144.061,28528.85
2024.01.09 13:00:00,144.062,144.17,143.979,144.072,19418.17
2024.01.09 14:00:00,144.072,144.14,143.952,143.999,22464.78
2024.01.09 15:00:00,143.998,144.19,143.746,143.768,33570.14
2024.01.09 16:00:00,143.768,143.917,143.651,143.909,38088.5
2024.01.09 17:00:00,143.909,144.362,143.758,144.309,40355.25
2024.01.09 18:00:00,144.31,144.441,144.265,144.352,30411.83
2024.01.09 19:00:00,144.352,144.484,144.321,144.404,24040.58
2024.01.09 20:00:00,144.405,144.623,144.239,144.553,17291.36
2024.01.09 21:00:00,144.553,144.591,144.456,144.546,14816.71
2024.01.09 22:00:00,144.546,144.546,144.346,144.519,12512.61
2024.01.09 23:00:00,144.519,144.527,144.457,144.464,5050.21
2024.01.10 00:00:00,144.453,144.464,144.394,144.404,2324.98
2024.01.10 01:00:00,144.404,144.453,144.314,144.431,3985.63
2024.01.10 02:00:00,144.431,144.712,144.416,144.532,20349.73
2024.01.10 03:00:00,144.53,144.822,144.527,144.739,13328.03
2024.01.10 04:00:00,144.738,144.901,144.702,144.848,8216.93
2024.01.10 05:00:00,144.847,144.934,144.751,144.846,9129.86
2024.01.10 06:00:00,144.848,144.856,144.756,144.805,8348.51
2024.01.10 07:00:00,144.807,144.865,144.667,144.774,8269.31
2024.01.10 08:00:00,144.78,145.131,144.731,145.065,14860.69
2024.01.10 09:00:00,145.065,145.15,144.838,144.938,39024.54
2024.01.10 10:00:00,144.938,145.052,144.848,144.985,34144.12
2024.01.10 11:00:00,144.986,145.034,144.827,144.916,25092.23
2024.01.10 12:00:00,144.916,144.952,144.761,144.934,18584.89
2024.01.10 13:00:00,144.934,145.127,144.924,144.993,16399.73
2024.01.10 14:00:00,144.994,145.287,144.981,145.274,24956.31
2024.01.10 15:00:00,145.274,145.332,145.146,145.294,31756.25
2024.01.10 16:00:00,145.294,145.523,145.233,145.444,32725.52
2024.01.10 17:00:00,145.444,145.674,145.422,145.613,43638.32
2024.01.10 18:00:00,145.613,145.824,145.512,145.686,26234.54
2024.01.10 19:00:00,145.686,145.74,145.565,145.613,11527.35
2024.01.10 20:00:00,145.613,145.699,145.561,145.632,10126.67
2024.01.10 21:00:00,145.629,145.714,145.605,145.688,6026.72
2024.01.10 22:00:00,145.688,145.828,145.607,145.801,9216.09
2024.01.10 23:00:00,145.802,145.827,145.71,145.745,5637.61
2024.01.11 00:00:00,145.742,145.742,145.578,145.636,1971.08
2024.01.11 01:00:00,145.635,145.809,145.597,145.723,5634.23
2024.01.11 02:00:00,145.724,145.778,145.423,145.481,28177.41
2024.01.11 03:00:00,145.481,145.547,145.324,145.364,25431.28
2024.01.11 04:00:00,145.364,145.587,145.335,145.54,15900.42
2024.01.11 05:00:00,145.542,145.553,145.303,145.31,12687.89
2024.01.11 06:00:00,145.308,145.411,145.277,145.387,8094.87
2024.01.11 07:00:00,145.389,145.51,145.281,145.489,12151.43
2024.01.11 08:00:00,145.488,145.544,145.397,145.422,13285.88
2024.01.11 09:00:00,145.425,145.462,145.335,145.406,19080.01
2024.01.11 10:00:00,145.405,145.491,145.328,145.475,26861.38
2024.01.11 11:00:00,145.477,145.574,145.451,145.543,18645.27
2024.01.11 12:00:00,145.545,145.592,145.402,145.413,13924.46
2024.01.11 13:00:00,145.415,145.555,145.348,145.394,17506.45
2024.01.11 14:00:00,145.393,145.443,145.314,145.386,17837.53
2024.01.11 15:00:00,145.386,146.263,144.968,146.246,49171.95
2024.01.11 16:00:00,146.244,146.414,145.728,145.903,53821.82
2024.01.11 17:00:00,145.902,146.231,145.643,145.952,39728.77
2024.01.11 18:00:00,145.954,146.187,145.839,146.03,42475.2
2024.01.11 19:00:00,146.029,146.035,145.863,145.953,28123.37
2024.01.11 20:00:00,145.954,146.018,145.777,145.8,25333.11
2024.01.11 21:00:00,145.8,145.806,145.44,145.483,24512.57
2024.01.11 22:00:00,145.483,145.544,145.376,145.401,8289.87
2024.01.11 23:00:00,145.404,145.476,145.26,145.273,4724.41
2024.01.12 00:00:00,145.266,145.352,145.249,145.343,2486.09
2024.01.12 01:00:00,145.342,145.346,144.938,145.1,9291.3
2024.01.12 02:00:00,145.1,145.384,145.08,145.252,22110.65
2024.01.12 03:00:00,145.253,145.405,144.963,145.112,19050.89
2024.01.12 04:00:00,145.113,145.257,145.043,145.124,11530.27
2024.01.12 05:00:00,145.123,145.124,144.843,144.914,12355.83
2024.01.12 06:00:00,144.916,145.066,144.896,145,8878.54
2024.01.12 07:00:00,144.999,145.251,144.984,145.251,14233.84
2024.01.12 08:00:00,145.25,145.266,145.057,145.128,12026.4
2024.01.12 09:00:00,145.127,145.286,145.091,145.148,21167.15
2024.01.12 10:00:00,145.149,145.166,144.869,145.004,30442.95
2024.01.12 11:00:00,145.006,145.152,144.965,145.134,30363.54
2024.01.12 12:00:00,145.132,145.245,145.086,145.147,18531.79
2024.01.12 13:00:00,145.147,145.28,145.077,145.234,17266.05
2024.01.12 14:00:00,145.234,145.381,145.148,145.366,22174.13
2024.01.12 15:00:00,145.367,145.566,144.751,144.787,56597.2
2024.01.12 16:00:00,144.788,144.911,144.374,144.539,49570.25
2024.01.12 17:00:00,144.539,144.804,144.354,144.708,40576.43
2024.01.12 18:00:00,144.708,144.875,144.565,144.853,29792.15
2024.01.12 19:00:00,144.854,145.007,144.849,144.955,25225.01
2024.01.12 20:00:00,144.955,145.018,144.844,144.872,13493.77
2024.01.12 21:00:00,144.873,144.886,144.795,144.87,12261.27
2024.01.12 22:00:00,144.869,144.943,144.822,144.895,6151.75
2024.01.12 23:00:00,144.894,144.936,144.84,144.904,7132.35
2024.01.15 00:00:00,144.78,144.958,144.78,144.957,1205.88
2024.01.15 01:00:00,144.958,145.171,144.931,145.148,4879.95
2024.01.15 02:00:00,145.149,145.232,144.986,145.056,19577.15
2024.01.15 03:00:00,145.058,145.167,145.011,145.071,15354.03
2024.01.15 04:00:00,145.07,145.082,144.933,144.965,15746.95
2024.01.15 05:00:00,144.966,145.172,144.952,145.132,14701.55
2024.01.15 06:00:00,145.132,145.231,145.117,145.167,11140.72
2024.01.15 07:00:00,145.168,145.289,145.097,145.271,11732.67
2024.01.15 08:00:00,145.27,145.292,145.192,145.262,10279.55
2024.01.15 09:00:00,145.263,145.552,145.263,145.445,29395.88
2024.01.15 10:00:00,145.445,145.457,145.315,145.438,24633.88
2024.01.15 11:00:00,145.436,145.762,145.427,145.663,21696.39
2024.01.15 12:00:00,145.662,145.823,145.647,145.672,22409.93
2024.01.15 13:00:00,145.671,145.694,145.543,145.669,14882.46
2024.01.15 14:00:00,145.67,145.912,145.665,145.841,23774.72
2024.01.15 15:00:00,145.844,145.905,145.735,145.782,22114.54
2024.01.15 16:00:00,145.78,145.941,145.747,145.873,22022.57
2024.01.15 17:00:00,145.873,145.909,145.675,145.791,20820.73
2024.01.15 18:00:00,145.79,145.857,145.735,145.758,13387.46
2024.01.15 19:00:00,145.757,145.806,145.678,145.778,6932.54
2024.01.15 20:00:00,145.782,145.8,145.754,145.771,3191.91
2024.01.15 21:00:00,145.773,145.802,145.767,145.79,2815.46
2024.01.15 22:00:00,145.789,145.807,145.783,145.794,1564.06
2024.01.15 23:00:00,145.793,145.796,145.716,145.716,1004.33
2024.01.16 00:00:00,145.715,145.753,145.654,145.738,1355.64
2024.01.16 01:00:00,145.735,145.868,145.718,145.79,4200.77
2024.01.16 02:00:00,145.79,145.866,145.583,145.844,22999.14
2024.01.16 03:00:00,145.846,146.108,145.796,145.899,34532.87
2024.01.16 04:00:00,145.899,146.194,145.893,146.05,24858.68
2024.01.16 05:00:00,146.05,146.169,145.933,146.096,19997.61
2024.01.16 06:00:00,146.096,146.229,146.088,146.111,13815.88
2024.01.16 07:00:00,146.112,146.271,146.068,146.164,17322.39
2024.01.16 08:00:00,146.163,146.225,146.039,146.088,15058.46
2024.01.16 09:00:00,146.087,146.247,145.993,146.157,34282.94
2024.01.16 10:00:00,146.158,146.486,146.002,146.43,43694.92
2024.01.16 11:00:00,146.431,146.632,146.4,146.534,42591.58
2024.01.16 12:00:00,146.535,146.748,146.518,146.66,32157.74
2024.01.16 13:00:00,146.659,146.716,146.584,146.603,27999.41
2024.01.16 14:00:00,146.603,146.789,146.59,146.683,26400.15
2024.01.16 15:00:00,146.682,146.782,146.281,146.626,50494.08
2024.01.16 16:00:00,146.623,146.774,146.394,146.754,45380.97
2024.01.16 17:00:00,146.754,146.795,146.603,146.704,43124.37
2024.01.16 18:00:00,146.703,147.19,146.694,147.008,57294.56
2024.01.16 19:00:00,147.009,147.271,146.991,147.25,29482.2
2024.01.16 20:00:00,147.254,147.31,147.135,147.271,16748.96
2024.01.16 21:00:00,147.271,147.292,147.217,147.25,15090.28
2024.01.16 22:00:00,147.25,147.274,147.201,147.266,9657.91
2024.01.16 23:00:00,147.263,147.268,147.166,147.172,4041.25
2024.01.17 00:00:00,147.173,147.189,147.048,147.104,2696.3
2024.01.17 01:00:00,147.109,147.289,147.101,147.242,6678.88
2024.01.17 02:00:00,147.242,147.483,147.231,147.332,22460.92
2024.01.17 03:00:00,147.33,147.395,147.148,147.19,24403.13
2024.01.17 04:00:00,147.191,147.279,147.097,147.256,18725.06
2024.01.17 05:00:00,147.255,147.411,147.235,147.33,16560.33
2024.01.17 06:00:00,147.33,147.379,147.281,147.349,13819.33
2024.01.17 07:00:00,147.353,147.668,147.349,147.579,19959.46
2024.01.17 08:00:00,147.578,147.887,147.567,147.702,31381.27
2024.01.17 09:00:00,147.704,147.966,147.686,147.869,44843.83
2024.01.17 10:00:00,147.87,147.885,147.696,147.877,36696.41
2024.01.17 11:00:00,147.878,147.925,147.642,147.723,31147.59
2024.01.17 12:00:00,147.724,147.783,147.565,147.753,27200.24
2024.01.17 13:00:00,147.751,147.818,147.658,147.661,20632
2024.01.17 14:00:00,147.662,147.75,147.585,147.733,19598.49
2024.01.17 15:00:00,147.734,147.981,147.671,147.935,39960.25
2024.01.17 16:00:00,147.937,148.368,147.882,148.343,45838.14
2024.01.17 17:00:00,148.34,148.524,148.12,148.447,50257.73
2024.01.17 18:00:00,148.448,148.518,148.282,148.388,41295.38
2024.01.17 19:00:00,148.389,148.398,148.169,148.225,17819.43
2024.01.17 20:00:00,148.223,148.39,148.217,148.322,11750.56
2024.01.17 21:00:00,148.323,148.326,148.164,148.268,7411.21
2024.01.17 22:00:00,148.268,148.289,148.172,148.192,6623.51
2024.01.17 23:00:00,148.193,148.21,148.123,148.142,4115.5
2024.01.18 00:00:00,148.142,148.177,148.044,148.107,3402.39
2024.01.18 01:00:00,148.117,148.16,148.08,148.134,4706.42
2024.01.18 02:00:00,148.134,148.249,147.994,148.004,20068.16
2024.01.18 03:00:00,148.002,148.091,147.868,148.044,30195.48
2024.01.18 04:00:00,148.037,148.092,147.905,148.048,18449.06
2024.01.18 05:00:00,148.048,148.158,148.002,148.019,15120.87
2024.01.18 06:00:00,148.019,148.023,147.886,147.929,15003.49
2024.01.18 07:00:00,147.931,148.065,147.862,147.873,13807.33
2024.01.18 08:00:00,147.873,147.923,147.686,147.746,18894.71
2024.01.18 09:00:00,147.744,147.884,147.711,147.785,34368.28
2024.01.18 10:00:00,147.786,147.959,147.713,147.896,34259.56
2024.01.18 11:00:00,147.897,147.943,147.654,147.848,27454.23
2024.01.18 12:00:00,147.846,147.927,147.799,147.853,20689.42
2024.01.18 13:00:00,147.854,147.961,147.802,147.82,19093.17
2024.01.18 14:00:00,147.82,147.936,147.752,147.899,24272.64
2024.01.18 15:00:00,147.898,148.299,147.892,148.229,42399.06
2024.01.18 16:00:00,148.231,148.24,147.853,148.002,51447.45
2024.01.18 17:00:00,148.002,148.201,147.948,148.175,44474.92
2024.01.18 18:00:00,148.175,148.235,148.002,148.156,29563.74
2024.01.18 19:00:00,148.156,148.261,148.156,148.221,17559.56
2024.01.18 20:00:00,148.22,148.252,148.07,148.145,21357.02
2024.01.18 21:00:00,148.149,148.228,148.102,148.227,19594.69
2024.01.18 22:00:00,148.226,148.275,148.174,148.178,9736.46
2024.01.18 23:00:00,148.184,148.197,148.081,148.146,4815.92
2024.01.19 00:00:00,148.144,148.16,148.063,148.123,2321.41
2024.01.19 01:00:00,148.124,148.186,148.034,148.122,6063.58
2024.01.19 02:00:00,148.122,148.142,147.938,148.028,19657.59
2024.01.19 03:00:00,148.027,148.392,148.005,148.351,21020.44
2024.01.19 04:00:00,148.355,148.473,148.144,148.254,18921.61
2024.01.19 05:00:00,148.254,148.294,148.188,148.222,11973.78
2024.01.19 06:00:00,148.222,148.368,148.217,148.357,8043.76
2024.01.19 07:00:00,148.359,148.672,148.352,148.648,15657.06
2024.01.19 08:00:00,148.647,148.802,148.563,148.584,12512.19
2024.01.19 09:00:00,148.585,148.609,148.192,148.269,21966.43
2024.01.19 10:00:00,148.269,148.353,148.049,148.077,13721.86
2024.01.19 11:00:00,148.076,148.137,147.923,147.979,31420.9
2024.01.19 12:00:00,147.98,148.02,147.838,147.947,25451.91
2024.01.19 13:00:00,147.947,148.12,147.925,147.977,15925.83
2024.01.19 14:00:00,147.976,148.185,147.959,148.157,18065.43
2024.01.19 15:00:00,148.156,148.211,147.96,148.134,35913.22
2024.01.19 16:00:00,148.135,148.449,148.074,148.296,34709.63
2024.01.19 17:00:00,148.288,148.532,148.091,148.1,47070.37
2024.01.19 18:00:00,148.099,148.246,148.05,148.209,33613.63
2024.01.19 19:00:00,148.208,148.228,148.022,148.12,19796.24
2024.01.19 20:00:00,148.12,148.309,148.119,148.245,17762.83
2024.01.19 21:00:00,148.244,148.259,148.137,148.189,13981.9
2024.01.19 22:00:00,148.189,148.2,148.126,148.151,8113.83
2024.01.19 23:00:00,148.151,148.175,148.04,148.04,6568.28
2024.01.22 00:00:00,148.207,148.249,148.001,148.2,1542.22
2024.01.22 01:00:00,148.202,148.259,148.081,148.123,6977.44
2024.01.22 02:00:00,148.124,148.23,148.008,148.087,18499.64
2024.01.22 03:00:00,148.087,148.104,147.776,147.858,25656.65
2024.01.22 04:00:00,147.86,147.97,147.73,147.747,19087.7
2024.01.22 05:00:00,147.748,147.951,147.74,147.916,19782.6
2024.01.22 06:00:00,147.917,147.938,147.832,147.839,14670.3
2024.01.22 07:00:00,147.838,148.122,147.83,148.053,16341.3
2024.01.22 08:00:00,148.052,148.114,147.977,148.083,23787.75
2024.01.22 09:00:00,148.082,148.131,147.915,148.036,32404.39
2024.01.22 10:00:00,148.035,148.302,147.999,148.241,37076.36
2024.01.22 11:00:00,148.242,148.274,148.053,148.11,24013.62
2024.01.22 12:00:00,148.112,148.143,147.977,148.017,20395.74
2024.01.22 13:00:00,148.018,148.026,147.855,147.884,18560.41
2024.01.22 14:00:00,147.887,147.912,147.707,147.786,23224.82
2024.01.22 15:00:00,147.786,147.893,147.615,147.685,37940.61
2024.01.22 16:00:00,147.686,147.954,147.685,147.846,37506.15
2024.01.22 17:00:00,147.845,147.932,147.729,147.845,20057.55
2024.01.22 18:00:00,147.845,148.014,147.844,147.955,23025.07
2024.01.22 19:00:00,147.953,148.037,147.904,147.983,14490.21
2024.01.22 20:00:00,147.983,148.144,147.982,148.089,12999.2
2024.01.22 21:00:00,148.09,148.134,148.003,148.031,13080.85
2024.01.22 22:00:00,148.03,148.123,148.015,148.044,13338.12
2024.01.22 23:00:00,148.044,148.147,148.033,148.083,4453.01
2024.01.23 00:00:00,148.082,148.108,147.917,147.968,3094.44
2024.01.23 01:00:00,147.977,148.149,147.967,148.145,4556.35
2024.01.23 02:00:00,148.144,148.222,148.056,148.117,9962.96
2024.01.23 03:00:00,148.114,148.163,148.066,148.1,13951.54
2024.01.23 04:00:00,148.1,148.271,148.075,148.224,21288.27
2024.01.23 05:00:00,148.221,148.548,147.851,147.891,25915.13
2024.01.23 06:00:00,147.892,148.206,147.857,147.944,15082.71
2024.01.23 07:00:00,147.944,148.069,147.859,147.922,10570.26
2024.01.23 08:00:00,147.921,148.171,146.975,147.124,26561.18
2024.01.23 09:00:00,147.125,147.776,147.034,147.582,28821.93
2024.01.23 10:00:00,147.583,147.666,147.252,147.347,16005.85
2024.01.23 11:00:00,147.348,147.733,147.336,147.71,24136.06
2024.01.23 12:00:00,147.711,147.925,147.711,147.839,27895.51
2024.01.23 13:00:00,147.838,148.155,147.759,148.025,26285.8
2024.01.23 14:00:00,148.027,148.14,147.874,147.985,23663.53
2024.01.23 15:00:00,147.988,148.07,147.878,148.051,27578.12
2024.01.23 16:00:00,148.053,148.372,148.049,148.333,35958.6
2024.01.23 17:00:00,148.333,148.541,148.222,148.48,32759.22
2024.01.23 18:00:00,148.483,148.593,148.358,148.551,16065.85
2024.01.23 19:00:00,148.552,148.694,148.509,148.595,12965.56
2024.01.23 20:00:00,148.595,148.619,148.445,148.521,13119.38
2024.01.23 21:00:00,148.521,148.565,148.295,148.378,14589.59
2024.01.23 22:00:00,148.376,148.411,148.331,148.354,7031.89
2024.01.23 23:00:00,148.354,148.395,148.293,148.293,4936.7
2024.01.24 00:00:00,148.303,148.378,148.274,148.374,2028.78
2024.01.24 01:00:00,148.377,148.391,148.209,148.248,4810.59
2024.01.24 02:00:00,148.235,148.26,148.044,148.109,21176.99
2024.01.24 03:00:00,148.112,148.178,147.974,148.017,22411.91
2024.01.24 04:00:00,148.018,148.253,148.011,148.103,14316.94
2024.01.24 05:00:00,148.102,148.144,147.75,147.802,14284.13
2024.01.24 06:00:00,147.802,147.922,147.767,147.88,10129.73
2024.01.24 07:00:00,147.881,148.012,147.812,147.873,9779.92
2024.01.24 08:00:00,147.873,147.956,147.823,147.865,11012.1
2024.01.24 09:00:00,147.864,147.91,147.7,147.793,18070.73
2024.01.24 10:00:00,147.793,147.793,147.449,147.563,19993.95
2024.01.24 11:00:00,147.565,147.624,147.376,147.53,28514.55
2024.01.24 12:00:00,147.53,147.624,147.465,147.484,19556.69
2024.01.24 13:00:00,147.48,147.594,147.44,147.515,15470.66
2024.01.24 14:00:00,147.514,147.519,147.205,147.296,23316.77
2024.01.24 15:00:00,147.294,147.302,146.719,146.762,52904.3
2024.01.24 16:00:00,146.767,147.278,146.648,147.072,46625.14
2024.01.24 17:00:00,147.073,147.217,146.755,146.942,45423.25
2024.01.24 18:00:00,146.942,147.432,146.883,147.308,37865.11
2024.01.24 19:00:00,147.309,147.323,147.121,147.188,19618.48
2024.01.24 20:00:00,147.19,147.492,147.157,147.477,20474.6
2024.01.24 21:00:00,147.478,147.594,147.454,147.562,12285.28
2024.01.24 22:00:00,147.561,147.624,147.509,147.609,7973.86
2024.01.24 23:00:00,147.612,147.638,147.479,147.494,5308.92
2024.01.25 00:00:00,147.493,147.496,147.385,147.434,2893.99
2024.01.25 01:00:00,147.443,147.622,147.431,147.586,6172.12
2024.01.25 02:00:00,147.585,147.763,147.543,147.727,22478.37
2024.01.25 03:00:00,147.726,147.851,147.612,147.664,20679.22
2024.01.25 04:00:00,147.662,147.766,147.595,147.709,18464.67
2024.01.25 05:00:00,147.71,147.718,147.564,147.651,13707.8
2024.01.25 06:00:00,147.649,147.78,147.584,147.771,12427.64
2024.01.25 07:00:00,147.77,147.857,147.709,147.798,14407.28
2024.01.25 08:00:00,147.798,147.879,147.671,147.722,17171.25
2024.01.25 09:00:00,147.723,147.749,147.534,147.669,27132.45
2024.01.25 10:00:00,147.67,147.842,147.647,147.655,27743.83
2024.01.25 11:00:00,147.653,147.692,147.577,147.639,21084
2024.01.25 12:00:00,147.64,147.657,147.515,147.594,22403.27
2024.01.25 13:00:00,147.593,147.66,147.475,147.514,18605.92
2024.01.25 14:00:00,147.512,147.762,147.497,147.743,19630
2024.01.25 15:00:00,147.746,147.936,147.286,147.374,53446.9
2024.01.25 16:00:00,147.373,147.424,147.081,147.311,58194.54
2024.01.25 17:00:00,147.313,147.624,147.223,147.579,55090.8
2024.01.25 18:00:00,147.578,147.763,147.506,147.7,31819.94
2024.01.25 19:00:00,147.7,147.899,147.633,147.828,26508.27
2024.01.25 20:00:00,147.827,147.875,147.693,147.839,22057.62
2024.01.25 21:00:00,147.842,147.875,147.771,147.838,14985.17
2024.01.25 22:00:00,147.837,147.847,147.695,147.722,15449.08
2024.01.25 23:00:00,147.72,147.744,147.65,147.653,6361.99
2024.01.26 00:00:00,147.648,147.67,147.521,147.635,985.55
2024.01.26 01:00:00,147.635,147.741,147.498,147.721,7520.37
2024.01.26 02:00:00,147.721,147.849,147.533,147.567,21039.11
2024.01.26 03:00:00,147.567,147.672,147.478,147.547,17835.97
2024.01.26 04:00:00,147.545,147.647,147.507,147.643,18400.61
2024.01.26 05:00:00,147.641,147.712,147.547,147.663,11376.33
2024.01.26 06:00:00,147.664,147.802,147.647,147.79,13446.63
2024.01.26 07:00:00,147.791,147.822,147.691,147.73,13373.61
2024.01.26 08:00:00,147.731,147.864,147.729,147.758,17790.64
2024.01.26 09:00:00,147.759,147.882,147.732,147.771,29882.09
2024.01.26 10:00:00,147.77,147.857,147.732,147.805,21368.77
2024.01.26 11:00:00,147.805,148.088,147.79,147.833,19400.59
2024.01.26 12:00:00,147.832,147.832,147.632,147.656,15630.83
2024.01.26 13:00:00,147.655,147.764,147.596,147.715,18816.88
2024.01.26 14:00:00,147.716,147.827,147.642,147.766,21104.21
2024.01.26 15:00:00,147.77,147.913,147.393,147.648,53730.33
2024.01.26 16:00:00,147.651,147.946,147.635,147.872,42040.44
2024.01.26 17:00:00,147.876,148.165,147.876,148.077,42954.64
2024.01.26 18:00:00,148.076,148.109,147.897,147.944,26463.42
2024.01.26 19:00:00,147.947,148.029,147.883,147.99,17722.36
2024.01.26 20:00:00,147.99,148.209,147.962,148.14,13867.39
2024.01.26 21:00:00,148.135,148.165,148.051,148.098,13520.88
2024.01.26 22:00:00,148.098,148.109,148.047,148.076,7427.24
2024.01.26 23:00:00,148.076,148.159,148.052,148.149,5974.24
2024.01.29 00:00:00,148.087,148.116,148.052,148.072,893.4
2024.01.29 01:00:00,148.072,148.185,148.023,148.18,9146.87
2024.01.29 02:00:00,148.178,148.333,148.162,148.209,16070.88
2024.01.29 03:00:00,148.209,148.209,148.025,148.13,14987.36
2024.01.29 04:00:00,148.129,148.249,148.118,148.12,11853.72
2024.01.29 05:00:00,148.119,148.184,148.09,148.136,9089.33
2024.01.29 06:00:00,148.135,148.136,147.992,148.064,9127.04
2024.01.29 07:00:00,148.064,148.1,148.016,148.03,13656.69
2024.01.29 08:00:00,148.029,148.069,147.878,147.89,15115.56
2024.01.29 09:00:00,147.892,147.903,147.751,147.801,25466.69
2024.01.29 10:00:00,147.8,147.906,147.716,147.878,13891.38
2024.01.29 11:00:00,147.879,147.907,147.708,147.741,16413.52
2024.01.29 12:00:00,147.741,147.857,147.731,147.824,9081.76
2024.01.29 13:00:00,147.827,147.925,147.781,147.875,6903.96
2024.01.29 14:00:00,147.874,147.989,147.836,147.967,10073.38
2024.01.29 15:00:00,147.968,148.091,147.882,147.971,14774.18
2024.01.29 16:00:00,147.974,148.05,147.893,147.929,14929.98
2024.01.29 17:00:00,147.929,147.994,147.62,147.664,16415.05
2024.01.29 18:00:00,147.664,147.736,147.591,147.65,13465.52
2024.01.29 19:00:00,147.65,147.7,147.582,147.656,5551.34
2024.01.29 20:00:00,147.657,147.711,147.584,147.67,5057.4
2024.01.29 21:00:00,147.67,147.69,147.584,147.646,5785.26
2024.01.29 22:00:00,147.647,147.647,147.25,147.451,12638.63
2024.01.29 23:00:00,147.452,147.536,147.449,147.488,4387.15
2024.01.30 00:00:00,147.487,147.526,147.403,147.499,1631.76
2024.01.30 01:00:00,147.503,147.505,147.372,147.485,5764.91
2024.01.30 02:00:00,147.486,147.486,147.19,147.296,15532.44
2024.01.30 03:00:00,147.298,147.43,147.247,147.313,14955.44
2024.01.30 04:00:00,147.317,147.443,147.299,147.438,11700.18
2024.01.30 05:00:00,147.438,147.483,147.369,147.393,11596.09
2024.01.30 06:00:00,147.392,147.401,147.306,147.361,12095.28
2024.01.30 07:00:00,147.362,147.399,147.298,147.384,12805.2
2024.01.30 08:00:00,147.385,147.406,147.275,147.395,12424.25
2024.01.30 09:00:00,147.398,147.405,147.158,147.223,26324
2024.01.30 10:00:00,147.224,147.55,147.224,147.427,39299.1
2024.01.30 11:00:00,147.427,147.503,147.298,147.388,22344.29
2024.01.30 12:00:00,147.387,147.393,147.207,147.261,19131.92
2024.01.30 13:00:00,147.264,147.392,147.244,147.381,16338.11
2024.01.30 14:00:00,147.381,147.475,147.34,147.442,18031.18
2024.01.30 15:00:00,147.44,147.576,147.429,147.517,29363.01
2024.01.30 16:00:00,147.515,147.517,147.096,147.184,32098.55
2024.01.30 17:00:00,147.202,147.89,147.123,147.846,44250.31
2024.01.30 18:00:00,147.847,147.926,147.697,147.716,31856.29
2024.01.30 19:00:00,147.715,147.82,147.66,147.805,17879.48
2024.01.30 20:00:00,147.807,147.865,147.736,147.763,11877.05
2024.01.30 21:00:00,147.765,147.766,147.58,147.602,10297.26
2024.01.30 22:00:00,147.602,147.665,147.596,147.612,12612.53
2024.01.30 23:00:00,147.611,147.628,147.566,147.593,3938.69
2024.01.31 00:00:00,147.592,147.618,147.531,147.604,1007.02
2024.01.31 01:00:00,147.604,147.607,147.332,147.332,5950.36
2024.01.31 02:00:00,147.333,147.515,147.186,147.502,13948.43
2024.01.31 03:00:00,147.502,147.602,147.388,147.546,13620.75
2024.01.31 04:00:00,147.546,147.718,147.546,147.678,9851
2024.01.31 05:00:00,147.679,147.746,147.617,147.728,8003.76
2024.01.31 06:00:00,147.731,147.816,147.577,147.609,14717.96
2024.01.31 07:00:00,147.61,147.746,147.58,147.718,16871.19
2024.01.31 08:00:00,147.717,147.882,147.71,147.879,19307.61
2024.01.31 09:00:00,147.884,147.898,147.605,147.655,24224.35
2024.01.31 10:00:00,147.656,147.657,147.414,147.452,31514.95
2024.01.31 11:00:00,147.453,147.807,147.403,147.768,27751.5
2024.01.31 12:00:00,147.768,147.846,147.707,147.826,26815.36
2024.01.31 13:00:00,147.824,147.882,147.736,147.843,24310.43
2024.01.31 14:00:00,147.842,147.882,147.728,147.795,21730.27
2024.01.31 15:00:00,147.797,147.87,147.457,147.499,51007.47
2024.01.31 16:00:00,147.5,147.565,146.468,146.639,37088.25
2024.01.31 17:00:00,146.638,146.773,146.135,146.178,50057.16
2024.01.31 18:00:00,146.179,146.409,146.067,146.262,26823.66
2024.01.31 19:00:00,146.262,146.423,146.245,146.354,11745.63
2024.01.31 20:00:00,146.356,146.509,146.35,146.399,9609.69
2024.01.31 21:00:00,146.398,146.872,146.007,146.375,44087.67
2024.01.31 22:00:00,146.382,147.444,146.302,147.156,33188.34
2024.01.31 23:00:00,147.156,147.217,146.846,146.848,12606.8
2024.02.01 00:00:00,146.858,146.936,146.855,146.864,3651.63
2024.02.01 01:00:00,146.864,147.044,146.761,147.006,9535.29
2024.02.01 02:00:00,147.005,147.08,146.61,146.754,15579.79
2024.02.01 03:00:00,146.754,146.936,146.641,146.774,15068.51
2024.02.01 04:00:00,146.776,146.781,146.473,146.574,15717.98
2024.02.01 05:00:00,146.578,146.731,146.545,146.704,8715.44
2024.02.01 06:00:00,146.704,146.817,146.617,146.791,8710.72
2024.02.01 07:00:00,146.791,146.885,146.75,146.862,10479.83
2024.02.01 08:00:00,146.861,146.943,146.812,146.885,11128.99
2024.02.01 09:00:00,146.885,147.049,146.715,146.802,16519.18
2024.02.01 10:00:00,146.804,146.859,146.586,146.611,17755.39
2024.02.01 11:00:00,146.61,146.91,146.591,146.792,15672.83
2024.02.01 12:00:00,146.793,146.894,146.725,146.84,12403.59
2024.02.01 13:00:00,146.84,146.874,146.73,146.842,21103.65
2024.02.01 14:00:00,146.841,147.114,146.84,146.964,38396.48
2024.02.01 15:00:00,146.964,147.052,146.458,146.658,41097.2
2024.02.01 16:00:00,146.661,146.667,146.328,146.378,45965.3
2024.02.01 17:00:00,146.377,146.815,146.247,146.312,73224.7
2024.02.01 18:00:00,146.311,146.312,145.896,146.185,53045.11
2024.02.01 19:00:00,146.184,146.412,146.142,146.356,37626.22
2024.02.01 20:00:00,146.356,146.481,146.272,146.367,31109.35
2024.02.01 21:00:00,146.367,146.369,146.192,146.27,21334.35
2024.02.01 22:00:00,146.269,146.348,146.258,146.325,20441.42
2024.02.01 23:00:00,146.325,146.448,146.324,146.407,7172.65
2024.02.02 00:00:00,146.407,146.48,146.254,146.457,2888.53
2024.02.02 01:00:00,146.459,146.511,146.363,146.459,6852.57
2024.02.02 02:00:00,146.46,146.494,146.275,146.385,15404.03
2024.02.02 03:00:00,146.386,146.458,146.24,146.356,18196.32
2024.02.02 04:00:00,146.355,146.458,146.305,146.337,12043.84
2024.02.02 05:00:00,146.339,146.409,146.323,146.377,11947.04
2024.02.02 06:00:00,146.379,146.477,146.318,146.419,10649.22
2024.02.02 07:00:00,146.419,146.515,146.385,146.43,16328.85
2024.02.02 08:00:00,146.428,146.526,146.354,146.48,20194.82
2024.02.02 09:00:00,146.481,146.636,146.475,146.622,31632.77
2024.02.02 10:00:00,146.625,146.749,146.546,146.735,26507.35
2024.02.02 11:00:00,146.735,146.798,146.671,146.694,24779.46
2024.02.02 12:00:00,146.694,146.726,146.604,146.61,18652.79
2024.02.02 13:00:00,146.61,146.612,146.459,146.531,17519.54
2024.02.02 14:00:00,146.53,146.625,146.508,146.579,19821.5
2024.02.02 15:00:00,146.582,147.987,146.555,147.964,59312.75
2024.02.02 16:00:00,147.967,148.053,147.682,147.862,61417.26
2024.02.02 17:00:00,147.886,148.342,147.827,148.277,54507.17
2024.02.02 18:00:00,148.278,148.583,148.194,148.54,43400.64
2024.02.02 19:00:00,148.539,148.57,148.409,148.525,24647.73
2024.02.02 20:00:00,148.525,148.566,148.24,148.306,23377.85
2024.02.02 21:00:00,148.308,148.354,148.23,148.327,18586.32
2024.02.02 22:00:00,148.328,148.351,148.245,148.308,12240.87
2024.02.02 23:00:00,148.307,148.404,148.273,148.308,7517.5
2024.02.05 00:00:00,148.381,148.48,148.33,148.455,1172.5
2024.02.05 01:00:00,148.471,148.673,148.438,148.512,8435.23
2024.02.05 02:00:00,148.512,148.82,148.388,148.692,35749.81
2024.02.05 03:00:00,148.692,148.693,148.367,148.374,19294.95
2024.02.05 04:00:00,148.374,148.544,148.351,148.52,17312.27
2024.02.05 05:00:00,148.52,148.553,148.356,148.4,14899.71
2024.02.05 06:00:00,148.399,148.442,148.314,148.433,12369.91
2024.02.05 07:00:00,148.432,148.502,148.33,148.333,21338.6
2024.02.05 08:00:00,148.333,148.404,148.266,148.321,18685.63
2024.02.05 09:00:00,148.321,148.487,148.269,148.477,32562.4
2024.02.05 10:00:00,148.478,148.605,148.405,148.495,25694.93
2024.02.05 11:00:00,148.496,148.553,148.365,148.501,23689.13
2024.02.05 12:00:00,148.501,148.56,148.418,148.431,22605.05
2024.02.05 13:00:00,148.43,148.456,148.307,148.435,19733.17
2024.02.05 14:00:00,148.434,148.627,148.429,148.626,20966.91
2024.02.05 15:00:00,148.628,148.678,148.469,148.567,35039.91
2024.02.05 16:00:00,148.561,148.561,148.394,148.401,34442.82
2024.02.05 17:00:00,148.409,148.875,148.399,148.874,61212.11
2024.02.05 18:00:00,148.874,148.892,148.717,148.798,29231.05
2024.02.05 19:00:00,148.798,148.806,148.574,148.621,21034.8
2024.02.05 20:00:00,148.62,148.621,148.503,148.534,16171.88
2024.02.05 21:00:00,148.533,148.707,148.507,148.698,15337.77
2024.02.05 22:00:00,148.699,148.765,148.632,148.642,16948.35
2024.02.05 23:00:00,148.642,148.714,148.642,148.667,4351.15
2024.02.06 00:00:00,148.667,148.745,148.629,148.671,1471.34
2024.02.06 01:00:00,148.671,148.679,148.597,148.664,5401.17
2024.02.06 02:00:00,148.663,148.664,148.54,148.591,14503.94
2024.02.06 03:00:00,148.591,148.601,148.464,148.519,14257.65
2024.02.06 04:00:00,148.52,148.588,148.505,148.576,13405.72
2024.02.06 05:00:00,148.576,148.671,148.536,148.629,16373.17
2024.02.06 06:00:00,148.628,148.63,148.429,148.466,14363.43
2024.02.06 07:00:00,148.468,148.507,148.379,148.436,15463.19
2024.02.06 08:00:00,148.436,148.472,148.358,148.443,19862.24
2024.02.06 09:00:00,148.443,148.557,148.39,148.513,30152.1
2024.02.06 10:00:00,148.514,148.666,148.491,148.652,29021.33
2024.02.06 11:00:00,148.651,148.703,148.537,148.682,26020.24
2024.02.06 12:00:00,148.681,148.768,148.634,148.768,24293.35
2024.02.06 13:00:00,148.769,148.787,148.649,148.679,21421.95
2024.02.06 14:00:00,148.679,148.784,148.586,148.591,25593.59
2024.02.06 15:00:00,148.592,148.649,148.457,148.618,39604.81
2024.02.06 16:00:00,148.619,148.624,148.394,148.412,40186.6
2024.02.06 17:00:00,148.412,148.506,147.997,148.093,48423.8
2024.02.06 18:00:00,148.095,148.187,147.972,148.025,17092.43
2024.02.06 19:00:00,148.026,148.085,147.846,147.918,21853.28
2024.02.06 20:00:00,147.917,148.036,147.815,147.866,33307.69
2024.02.06 21:00:00,147.866,147.998,147.844,147.962,25388.13
2024.02.06 22:00:00,147.964,147.964,147.827,147.847,16782.19
2024.02.06 23:00:00,147.847,147.952,147.844,147.934,4528.44
2024.02.07 00:00:00,147.934,147.941,147.864,147.876,1458.47
2024.02.07 01:00:00,147.88,147.891,147.74,147.818,6415.72
2024.02.07 02:00:00,147.82,147.944,147.818,147.85,11176.97
2024.02.07 03:00:00,147.85,147.862,147.709,147.802,8911.6
2024.02.07 04:00:00,147.804,147.988,147.804,147.903,8657.53
2024.02.07 05:00:00,147.903,147.912,147.819,147.898,6615.48
2024.02.07 06:00:00,147.899,147.973,147.874,147.971,5959.96
2024.02.07 07:00:00,147.972,147.996,147.911,147.949,11003.38
2024.02.07 08:00:00,147.949,148.06,147.909,148.026,10797.21
2024.02.07 09:00:00,148.028,148.028,147.749,147.821,18465.04
2024.02.07 10:00:00,147.819,148.093,147.81,148.069,19724.36
2024.02.07 11:00:00,148.07,148.076,147.889,147.917,20568.75
2024.02.07 12:00:00,147.918,148.155,147.902,148.124,21734.08
2024.02.07 13:00:00,148.124,148.134,147.956,148.084,21318.3
2024.02.07 14:00:00,148.082,148.256,148.082,148.207,23949.17
2024.02.07 15:00:00,148.206,148.257,148.075,148.18,30432.05
2024.02.07 16:00:00,148.183,148.226,147.618,147.783,44156.05
2024.02.07 17:00:00,147.783,148.147,147.766,147.942,53710.21
2024.02.07 18:00:00,147.942,148.069,147.873,148.037,31782.62
2024.02.07 19:00:00,148.038,148.165,148.03,148.135,12682.58
2024.02.07 20:00:00,148.135,148.188,147.987,148.136,13381.06
2024.02.07 21:00:00,148.134,148.188,148.103,148.132,9608.2
2024.02.07 22:00:00,148.134,148.195,148.103,148.173,7333.96
2024.02.07 23:00:00,148.173,148.194,148.145,148.171,6312.68
2024.02.08 00:00:00,148.171,148.171,148.026,148.05,1628.24
2024.02.08 01:00:00,148.049,148.093,147.994,148.085,5927.09
2024.02.08 02:00:00,148.086,148.094,147.943,148.054,18345.28
2024.02.08 03:00:00,148.054,148.363,147.93,148.29,29315.3
2024.02.08 04:00:00,148.29,148.402,148.261,148.353,29094.5
2024.02.08 05:00:00,148.352,148.361,148.284,148.351,18592.91
2024.02.08 06:00:00,148.352,148.495,148.328,148.483,18323.31
2024.02.08 07:00:00,148.484,148.661,148.461,148.582,23170.1
2024.02.08 08:00:00,148.581,148.737,148.575,148.724,21768.35
2024.02.08 09:00:00,148.727,148.807,148.679,148.732,31131.75
2024.02.08 10:00:00,148.732,148.848,148.687,148.756,32890.2
2024.02.08 11:00:00,148.755,148.777,148.647,148.756,25866.98
2024.02.08 12:00:00,148.754,149.144,148.738,149.1,31536.84
2024.02.08 13:00:00,149.1,149.25,148.995,149.159,26860.26
2024.02.08 14:00:00,149.161,149.375,149.114,149.253,31604.43
2024.02.08 15:00:00,149.253,149.464,149.085,149.388,39221.55
2024.02.08 16:00:00,149.388,149.416,149.19,149.26,19886.14
2024.02.08 17:00:00,149.258,149.477,149.225,149.431,35449.83
2024.02.08 18:00:00,149.431,149.454,149.24,149.244,27184.69
2024.02.08 19:00:00,149.244,149.375,149.24,149.372,20932.71
2024.02.08 20:00:00,149.373,149.376,149.122,149.337,26241.96
2024.02.08 21:00:00,149.338,149.407,149.294,149.387,21341.16
2024.02.08 22:00:00,149.386,149.394,149.3,149.301,23574.68
2024.02.08 23:00:00,149.301,149.34,149.267,149.307,4515.55
2024.02.09 00:00:00,149.298,149.312,149.252,149.272,2876.92
2024.02.09 01:00:00,149.276,149.309,149.251,149.261,4519.11
2024.02.09 02:00:00,149.262,149.412,149.234,149.383,19451.46
2024.02.09 03:00:00,149.384,149.385,149.242,149.281,16515.63
2024.02.09 04:00:00,149.284,149.331,149.248,149.3,14051.45
2024.02.09 05:00:00,149.301,149.488,149.297,149.435,13992.64
2024.02.09 06:00:00,149.433,149.464,149.365,149.416,10240.69
2024.02.09 07:00:00,149.417,149.431,149.338,149.397,9661.13
2024.02.09 08:00:00,149.4,149.428,149.33,149.332,11960.95
2024.02.09 09:00:00,149.331,149.416,149.213,149.396,26272.52
2024.02.09 10:00:00,149.397,149.575,149.366,149.41,37387.84
2024.02.09 11:00:00,149.41,149.444,149.259,149.42,25493.98
2024.02.09 12:00:00,149.422,149.443,149.316,149.374,22495.48
2024.02.09 13:00:00,149.37,149.461,149.346,149.397,19360.16
2024.02.09 14:00:00,149.401,149.535,149.392,149.478,25862.72
2024.02.09 15:00:00,149.478,149.527,149.005,149.386,34405.72
2024.02.09 16:00:00,149.388,149.445,149.17,149.348,28007.25
2024.02.09 17:00:00,149.349,149.412,149.221,149.322,25188.92
2024.02.09 18:00:00,149.323,149.415,149.273,149.382,21564.38
2024.02.09 19:00:00,149.383,149.398,149.338,149.348,19801.33
2024.02.09 20:00:00,149.347,149.369,149.302,149.359,15429.88
2024.02.09 21:00:00,149.36,149.371,149.307,149.353,12460.63
2024.02.09 22:00:00,149.353,149.364,149.263,149.279,10646.68
2024.02.09 23:00:00,149.28,149.29,149.244,149.256,8310.59
2024.02.12 00:00:00,149.213,149.314,149.208,149.256,414.6
2024.02.12 01:00:00,149.255,149.283,149.078,149.179,9740.68
2024.02.12 02:00:00,149.179,149.196,149.107,149.135,15125.16
2024.02.12 03:00:00,149.134,149.211,149.126,149.18,15413.6
2024.02.12 04:00:00,149.181,149.187,149.125,149.177,10543.72
2024.02.12 05:00:00,149.18,149.25,149.141,149.248,13181.65
2024.02.12 06:00:00,149.249,149.251,149.204,149.222,17186.16
2024.02.12 07:00:00,149.223,149.23,149.172,149.208,16202.6
2024.02.12 08:00:00,149.208,149.23,149.17,149.204,14589.54
2024.02.12 09:00:00,149.203,149.22,149.044,149.094,27482.92
2024.02.12 10:00:00,149.095,149.153,148.987,149.144,38679.61
2024.02.12 11:00:00,149.145,149.194,149.08,149.127,17665.88
2024.02.12 12:00:00,149.127,149.158,149.036,149.05,16038.25
2024.02.12 13:00:00,149.05,149.09,148.995,149.022,15366.15
2024.02.12 14:00:00,149.022,149.053,148.926,148.976,20830.3
2024.02.12 15:00:00,148.976,149.212,148.926,149.203,24952.02
2024.02.12 16:00:00,149.203,149.341,149.156,149.313,26223.64
2024.02.12 17:00:00,149.316,149.476,149.29,149.459,26403.35
2024.02.12 18:00:00,149.46,149.478,149.346,149.374,24692.45
2024.02.12 19:00:00,149.375,149.383,149.25,149.254,13105.81
2024.02.12 20:00:00,149.256,149.347,149.241,149.267,13605.45
2024.02.12 21:00:00,149.268,149.436,149.238,149.411,17015.29
2024.02.12 22:00:00,149.412,149.412,149.309,149.333,15309.7
2024.02.12 23:00:00,149.333,149.361,149.302,149.332,3559.05
2024.02.13 00:00:00,149.332,149.344,149.291,149.317,1648.35
2024.02.13 01:00:00,149.317,149.412,149.263,149.404,4484.5
2024.02.13 02:00:00,149.404,149.425,149.297,149.305,17721.67
2024.02.13 03:00:00,149.305,149.39,149.28,149.365,13336.31
2024.02.13 04:00:00,149.365,149.484,149.357,149.464,11707.8
2024.02.13 05:00:00,149.464,149.529,149.451,149.529,15352.93
2024.02.13 06:00:00,149.53,149.577,149.496,149.552,14633.65
2024.02.13 07:00:00,149.553,149.563,149.494,149.55,11360.7
2024.02.13 08:00:00,149.55,149.557,149.445,149.471,14256.57
2024.02.13 09:00:00,149.471,149.651,149.459,149.588,31380.56
2024.02.13 10:00:00,149.588,149.692,149.551,149.613,25129.77
2024.02.13 11:00:00,149.613,149.683,149.552,149.575,20680.53
2024.02.13 12:00:00,149.575,149.575,149.478,149.522,18778.53
2024.02.13 13:00:00,149.521,149.528,149.374,149.374,14133.05
2024.02.13 14:00:00,149.376,149.407,149.319,149.342,14452.62
2024.02.13 15:00:00,149.343,150.485,149.224,150.433,40993.9
2024.02.13 16:00:00,150.433,150.583,150.301,150.546,29445.69
2024.02.13 17:00:00,150.542,150.607,150.387,150.592,28829.99
2024.02.13 18:00:00,150.594,150.757,150.512,150.721,23632.61
2024.02.13 19:00:00,150.721,150.805,150.696,150.78,15558.15
2024.02.13 20:00:00,150.78,150.806,150.719,150.778,14322.9
2024.02.13 21:00:00,150.779,150.883,150.776,150.869,18262
2024.02.13 22:00:00,150.87,150.875,150.72,150.781,15928.35
2024.02.13 23:00:00,150.781,150.821,150.767,150.779,7060.55
2024.02.14 00:00:00,150.764,150.782,150.562,150.628,2282.28
2024.02.14 01:00:00,150.635,150.759,150.581,150.723,6374.64
2024.02.14 02:00:00,150.722,150.775,150.593,150.651,16508.55
2024.02.14 03:00:00,150.65,150.698,150.523,150.54,18213.86
2024.02.14 04:00:00,150.541,150.643,150.509,150.624,11780.42
2024.02.14 05:00:00,150.626,150.631,150.496,150.515,9670.78
2024.02.14 06:00:00,150.517,150.528,150.416,150.441,9875.05
2024.02.14 07:00:00,150.44,150.534,150.435,150.517,9755.43
2024.02.14 08:00:00,150.516,150.553,150.449,150.481,11285.28
2024.02.14 09:00:00,150.485,150.533,150.343,150.451,21690.74
2024.02.14 10:00:00,150.45,150.567,150.396,150.546,15042.75
2024.02.14 11:00:00,150.545,150.642,150.517,150.642,14620.05
2024.02.14 12:00:00,150.641,150.682,150.582,150.588,10756.44
2024.02.14 13:00:00,150.587,150.655,150.554,150.576,12470.91
2024.02.14 14:00:00,150.576,150.668,150.559,150.602,14535.01
2024.02.14 15:00:00,150.602,150.737,150.5,150.713,19315.82
2024.02.14 16:00:00,150.714,150.728,150.49,150.682,19765.52
2024.02.14 17:00:00,150.682,150.75,150.569,150.617,20789.55
2024.02.14 18:00:00,150.617,150.62,150.476,150.498,19601.56
2024.02.14 19:00:00,150.5,150.594,150.371,150.431,17367.87
2024.02.14 20:00:00,150.433,150.513,150.35,150.479,10714.1
2024.02.14 21:00:00,150.479,150.569,150.453,150.559,7938.91
2024.02.14 22:00:00,150.56,150.585,150.486,150.582,8378.85
2024.02.14 23:00:00,150.584,150.624,150.534,150.534,5641.93
2024.02.15 00:00:00,150.535,150.535,150.461,150.482,1312.44
2024.02.15 01:00:00,150.498,150.566,150.419,150.556,5449.4
2024.02.15 02:00:00,150.555,150.555,150.264,150.28,13732.19
2024.02.15 03:00:00,150.279,150.311,150.139,150.198,14027.98
2024.02.15 04:00:00,150.198,150.281,150.181,150.258,13499.01
2024.02.15 05:00:00,150.256,150.294,150.221,150.269,11723.96
2024.02.15 06:00:00,150.269,150.272,150.117,150.143,11225.26
2024.02.15 07:00:00,150.144,150.192,150.078,150.18,11203.59
2024.02.15 08:00:00,150.182,150.202,150.075,150.092,12687.85
2024.02.15 09:00:00,150.091,150.218,150.053,150.202,13862.87
2024.02.15 10:00:00,150.203,150.217,150.01,150.031,14008.25
2024.02.15 11:00:00,150.031,150.106,149.921,150.025,10689.92
2024.02.15 12:00:00,150.025,150.097,149.987,150.045,9405.03
2024.02.15 13:00:00,150.045,150.076,149.989,150.072,9641.95
2024.02.15 14:00:00,150.073,150.093,150.009,150.057,9703.76
2024.02.15 15:00:00,150.058,150.095,149.523,149.825,31932.73
2024.02.15 16:00:00,149.828,150.065,149.81,149.898,39515.05
2024.02.15 17:00:00,149.897,150.134,149.808,150.05,30482.57
2024.02.15 18:00:00,150.052,150.245,150.045,150.195,27732.4
2024.02.15 19:00:00,150.195,150.196,150.066,150.09,11164.89
2024.02.15 20:00:00,150.09,150.09,149.907,149.921,13613.63
2024.02.15 21:00:00,149.924,149.98,149.853,149.954,12348.84
2024.02.15 22:00:00,149.954,150.006,149.93,149.95,10311.29
2024.02.15 23:00:00,149.95,149.993,149.904,149.904,3829.58
2024.02.16 00:00:00,149.904,149.924,149.862,149.885,1086.69
2024.02.16 01:00:00,149.896,149.966,149.823,149.959,6509.14
2024.02.16 02:00:00,149.958,150.167,149.923,150.155,26906.89
2024.02.16 03:00:00,150.155,150.238,150.049,150.058,26069.73
2024.02.16 04:00:00,150.056,150.283,150.056,150.28,21097.47
2024.02.16 05:00:00,150.278,150.365,150.227,150.31,17526.39
2024.02.16 06:00:00,150.311,150.348,150.238,150.251,16652.87
2024.02.16 07:00:00,150.252,150.292,150.172,150.176,15574.13
2024.02.16 08:00:00,150.176,150.289,150.173,150.189,13291.01
2024.02.16 09:00:00,150.189,150.27,150.138,150.233,25573.42
2024.02.16 10:00:00,150.234,150.301,150.201,150.242,27813.47
2024.02.16 11:00:00,150.241,150.295,150.199,150.286,21366.31
2024.02.16 12:00:00,150.286,150.306,150.249,150.255,16227.49
2024.02.16 13:00:00,150.254,150.265,150.141,150.179,16284.28
2024.02.16 14:00:00,150.178,150.294,150.163,150.289,19267.25
2024.02.16 15:00:00,150.289,150.645,150.283,150.518,44226.52
2024.02.16 16:00:00,150.517,150.636,150.444,150.472,32125.99
2024.02.16 17:00:00,150.472,150.5,150.111,150.24,31208.65
2024.02.16 18:00:00,150.24,150.364,150.207,150.343,17870.32
2024.02.16 19:00:00,150.343,150.394,150.222,150.224,16457.19
2024.02.16 20:00:00,150.223,150.246,150.113,150.142,12543.75
2024.02.16 21:00:00,150.142,150.231,150.084,150.231,7469.12
2024.02.16 22:00:00,150.23,150.286,150.207,150.243,8812.77
2024.02.16 23:00:00,150.242,150.242,150.163,150.181,5022.57
2024.02.19 00:00:00,150.078,150.195,150.062,150.105,1151.1
2024.02.19 01:00:00,150.109,150.148,150.032,150.148,6804.65
2024.02.19 02:00:00,150.147,150.147,149.919,149.935,12280.16
2024.02.19 03:00:00,149.938,150.002,149.871,149.973,16243.93
2024.02.19 04:00:00,149.975,150.004,149.926,149.942,10135.95
2024.02.19 05:00:00,149.943,149.98,149.91,149.933,7280.98
2024.02.19 06:00:00,149.934,150.039,149.93,150.025,7045.07
2024.02.19 07:00:00,150.026,150.026,149.945,150.007,8840.22
2024.02.19 08:00:00,150.006,150.029,149.956,149.978,7884.93
2024.02.19 09:00:00,149.979,150.002,149.934,149.975,11781.57
2024.02.19 10:00:00,149.975,150.003,149.927,149.955,11643.89
2024.02.19 11:00:00,149.954,149.963,149.89,149.937,13007.04
2024.02.19 12:00:00,149.938,149.997,149.927,149.987,9299.5
2024.02.19 13:00:00,149.988,149.998,149.944,149.985,9209.77
2024.02.19 14:00:00,149.986,150.026,149.948,150.025,8186.75
2024.02.19 15:00:00,150.026,150.031,149.936,149.965,14930.03
2024.02.19 16:00:00,149.965,150.067,149.952,150.043,12869.4
2024.02.19 17:00:00,150.044,150.161,150.044,150.159,14556.66
2024.02.19 18:00:00,150.161,150.191,150.155,150.17,6886.43
2024.02.19 19:00:00,150.172,150.19,150.15,150.188,3725.67
2024.02.19 20:00:00,150.188,150.188,150.15,150.151,1591.3
2024.02.19 21:00:00,150.151,150.166,150.129,150.135,2809.91
2024.02.19 22:00:00,150.136,150.15,150.128,150.136,1004.02
2024.02.19 23:00:00,150.137,150.147,150.092,150.092,750.07
2024.02.20 00:00:00,150.077,150.143,150.062,150.116,1508.89
2024.02.20 01:00:00,150.114,150.301,150.106,150.271,8873.79
2024.02.20 02:00:00,150.27,150.33,150.204,150.269,19089
2024.02.20 03:00:00,150.27,150.344,150.191,150.271,15828.14
2024.02.20 04:00:00,150.269,150.366,150.267,150.319,13168.74
2024.02.20 05:00:00,150.318,150.352,150.277,150.319,9165.52
2024.02.20 06:00:00,150.318,150.34,150.289,150.332,9633.41
2024.02.20 07:00:00,150.333,150.435,150.32,150.419,11068.34
2024.02.20 08:00:00,150.421,150.437,150.348,150.385,10209.51
2024.02.20 09:00:00,150.386,150.407,150.296,150.359,13896.77
2024.02.20 10:00:00,150.359,150.387,150.276,150.317,15958.16
2024.02.20 11:00:00,150.318,150.344,150.251,150.275,13004.1
2024.02.20 12:00:00,150.274,150.294,150.114,150.138,13738.74
2024.02.20 13:00:00,150.138,150.25,150.106,150.226,10968.45
2024.02.20 14:00:00,150.226,150.226,150.057,150.15,12217.65
2024.02.20 15:00:00,150.151,150.2,149.93,149.983,18984.61
2024.02.20 16:00:00,149.982,150.038,149.777,149.818,26251.13
2024.02.20 17:00:00,149.816,149.837,149.683,149.784,27556.29
2024.02.20 18:00:00,149.784,149.901,149.741,149.877,18288.64
2024.02.20 19:00:00,149.878,149.961,149.845,149.897,10843.01
2024.02.20 20:00:00,149.896,150.009,149.882,149.971,11172.67
2024.02.20 21:00:00,149.971,150.027,149.907,150.02,14386.17
2024.02.20 22:00:00,150.02,150.069,149.964,149.968,10234.93
2024.02.20 23:00:00,149.969,150.045,149.965,149.994,7066.04
2024.02.21 00:00:00,149.994,149.994,149.92,149.928,4040.11
2024.02.21 01:00:00,149.936,149.972,149.884,149.964,5878.13
2024.02.21 02:00:00,149.966,150.053,149.927,150.016,13635.87
2024.02.21 03:00:00,150.016,150.091,149.99,149.991,14459.73
2024.02.21 04:00:00,149.992,150,149.902,149.941,11182.39
2024.02.21 05:00:00,149.94,149.94,149.851,149.872,9208.54
2024.02.21 06:00:00,149.873,150.016,149.865,150.003,10456.21
2024.02.21 07:00:00,150.003,150.037,149.933,149.982,11988.56
2024.02.21 08:00:00,149.982,150.077,149.947,150.06,11388.34
2024.02.21 09:00:00,150.059,150.15,150.025,150.144,18160.71
2024.02.21 10:00:00,150.146,150.186,150.116,150.174,20774.46
2024.02.21 11:00:00,150.174,150.18,150.052,150.09,18545.75
2024.02.21 12:00:00,150.091,150.1,149.979,149.996,13707
2024.02.21 13:00:00,149.996,150.073,149.985,150.067,11781.74
2024.02.21 14:00:00,150.066,150.093,149.932,150.018,14866.33
2024.02.21 15:00:00,150.017,150.085,149.937,150.077,16876.03
2024.02.21 16:00:00,150.078,150.14,149.989,150.103,15882.68
2024.02.21 17:00:00,150.104,150.262,150.039,150.248,19319.3
2024.02.21 18:00:00,150.248,150.296,150.227,150.288,17512.72
2024.02.21 19:00:00,150.287,150.386,150.274,150.304,13271.35
2024.02.21 20:00:00,150.306,150.389,150.247,150.276,16570.03
2024.02.21 21:00:00,150.271,150.391,150.128,150.197,22244.78
2024.02.21 22:00:00,150.197,150.24,150.173,150.195,13933.96
2024.02.21 23:00:00,150.195,150.297,150.188,150.294,8939.91
2024.02.22 00:00:00,150.295,150.349,150.248,150.308,1735.86
2024.02.22 01:00:00,150.311,150.381,150.27,150.339,8484
2024.02.22 02:00:00,150.338,150.436,150.338,150.392,15304.58
2024.02.22 03:00:00,150.391,150.456,150.296,150.311,15985.65
2024.02.22 04:00:00,150.31,150.416,150.305,150.406,14057.48
2024.02.22 05:00:00,150.404,150.438,150.368,150.426,11492.89
2024.02.22 06:00:00,150.425,150.45,150.23,150.287,12449.13
2024.02.22 07:00:00,150.288,150.3,150.224,150.282,11603.12
2024.02.22 08:00:00,150.282,150.295,150.203,150.23,9285.17
2024.02.22 09:00:00,150.23,150.263,150.082,150.132,12828.8
2024.02.22 10:00:00,150.133,150.243,150.015,150.166,16242.06
2024.02.22 11:00:00,150.166,150.288,150.126,150.174,12748.81
2024.02.22 12:00:00,150.177,150.201,150.117,150.162,8687.79
2024.02.22 13:00:00,150.159,150.254,150.147,150.218,5684.84
2024.02.22 14:00:00,150.218,150.412,150.206,150.407,8287.3
2024.02.22 15:00:00,150.406,150.595,150.371,150.566,18445.31
2024.02.22 16:00:00,150.565,150.643,150.403,150.424,22072.43
2024.02.22 17:00:00,150.426,150.595,150.421,150.504,17664.44
2024.02.22 18:00:00,150.503,150.639,150.476,150.627,15741.19
2024.02.22 19:00:00,150.625,150.688,150.55,150.606,14986.48
2024.02.22 20:00:00,150.607,150.651,150.48,150.539,15080.16
2024.02.22 21:00:00,150.539,150.581,150.497,150.551,15560.06
2024.02.22 22:00:00,150.551,150.569,150.494,150.501,10749.51
2024.02.22 23:00:00,150.502,150.562,150.501,150.519,6846.94
2024.02.23 00:00:00,150.517,150.544,150.463,150.512,731.06
2024.02.23 01:00:00,150.512,150.512,150.448,150.473,3141.14
2024.02.23 02:00:00,150.473,150.559,150.392,150.44,13006.03
2024.02.23 03:00:00,150.439,150.482,150.37,150.455,9547.62
2024.02.23 04:00:00,150.455,150.492,150.422,150.49,5593.4
2024.02.23 05:00:00,150.49,150.507,150.468,150.481,5161.29
2024.02.23 06:00:00,150.479,150.532,150.456,150.529,4496.74
2024.02.23 07:00:00,150.53,150.606,150.527,150.604,6472.96
2024.02.23 08:00:00,150.604,150.65,150.559,150.578,8045.69
2024.02.23 09:00:00,150.579,150.608,150.524,150.555,13472.72
2024.02.23 10:00:00,150.556,150.674,150.527,150.626,21383.93
2024.02.23 11:00:00,150.626,150.76,150.626,150.746,12448.22
2024.02.23 12:00:00,150.747,150.767,150.697,150.728,11773.86
2024.02.23 13:00:00,150.729,150.744,150.65,150.653,15843.72
2024.02.23 14:00:00,150.654,150.654,150.398,150.417,17630.61
2024.02.23 15:00:00,150.418,150.491,150.331,150.475,16978
2024.02.23 16:00:00,150.477,150.497,150.32,150.355,19390.88
2024.02.23 17:00:00,150.356,150.555,150.347,150.528,17633.55
2024.02.23 18:00:00,150.528,150.537,150.292,150.358,11009.88
2024.02.23 19:00:00,150.358,150.423,150.315,150.409,12446.36
2024.02.23 20:00:00,150.408,150.417,150.343,150.373,7582.08
2024.02.23 21:00:00,150.373,150.461,150.351,150.457,7761.5
2024.02.23 22:00:00,150.456,150.508,150.441,150.495,7775.5
2024.02.23 23:00:00,150.497,150.544,150.46,150.473,7073.93
2024.02.26 00:00:00,150.46,150.498,150.336,150.412,802.85
2024.02.26 01:00:00,150.418,150.562,150.41,150.5,8167.59
2024.02.26 02:00:00,150.501,150.501,150.297,150.365,10862.9
2024.02.26 03:00:00,150.366,150.429,150.292,150.422,8974.72
2024.02.26 04:00:00,150.422,150.491,150.422,150.49,7356.76
2024.02.26 05:00:00,150.49,150.495,150.455,150.475,5458.76
2024.02.26 06:00:00,150.476,150.518,150.437,150.5,7997.05
2024.02.26 07:00:00,150.5,150.504,150.365,150.433,9682.86
2024.02.26 08:00:00,150.433,150.489,150.38,150.418,10272.05
2024.02.26 09:00:00,150.416,150.454,150.363,150.454,13477.68
2024.02.26 10:00:00,150.452,150.591,150.402,150.584,14986.37
2024.02.26 11:00:00,150.585,150.67,150.575,150.637,12357.98
2024.02.26 12:00:00,150.637,150.657,150.592,150.631,9969.2
2024.02.26 13:00:00,150.63,150.696,150.593,150.686,9150.01
2024.02.26 14:00:00,150.686,150.688,150.523,150.607,16341.1
2024.02.26 15:00:00,150.608,150.651,150.529,150.645,24482.75
2024.02.26 16:00:00,150.645,150.743,150.623,150.707,19731.28
2024.02.26 17:00:00,150.705,150.807,150.667,150.749,13928.41
2024.02.26 18:00:00,150.748,150.817,150.735,150.793,14391.1
2024.02.26 19:00:00,150.792,150.837,150.72,150.769,9636.49
2024.02.26 20:00:00,150.768,150.815,150.757,150.779,8009.84
2024.02.26 21:00:00,150.779,150.794,150.729,150.763,12964.54
2024.02.26 22:00:00,150.763,150.763,150.671,150.679,12106.91
2024.02.26 23:00:00,150.679,150.722,150.678,150.689,4100.78
2024.02.27 00:00:00,150.684,150.702,150.622,150.642,1311.76
2024.02.27 01:00:00,150.654,150.703,150.503,150.572,5627.72
2024.02.27 02:00:00,150.57,150.609,150.525,150.567,7717.3
2024.02.27 03:00:00,150.567,150.575,150.489,150.507,6178.35
2024.02.27 04:00:00,150.507,150.517,150.462,150.497,6132.04
2024.02.27 05:00:00,150.496,150.5,150.423,150.423,3201.85
2024.02.27 06:00:00,150.422,150.468,150.407,150.455,3910.89
2024.02.27 07:00:00,150.454,150.526,150.404,150.517,5157.48
2024.02.27 08:00:00,150.517,150.537,150.46,150.487,4817.17
2024.02.27 09:00:00,150.488,150.502,150.322,150.353,8620.89
2024.02.27 10:00:00,150.354,150.359,150.116,150.171,13811.14
2024.02.27 11:00:00,150.171,150.266,150.141,150.266,9482.76
2024.02.27 12:00:00,150.265,150.294,150.226,150.273,6995.21
2024.02.27 13:00:00,150.272,150.375,150.255,150.312,9171.62
2024.02.27 14:00:00,150.312,150.313,150.165,150.224,10929.67
2024.02.27 15:00:00,150.225,150.314,150.073,150.271,18371.44
2024.02.27 16:00:00,150.272,150.443,150.262,150.373,12445.33
2024.02.27 17:00:00,150.374,150.547,150.253,150.436,19392.52
2024.02.27 18:00:00,150.436,150.49,150.371,150.463,14536.54
2024.02.27 19:00:00,150.465,150.535,150.404,150.422,7812.72
2024.02.27 20:00:00,150.42,150.478,150.298,150.462,14514.11
2024.02.27 21:00:00,150.461,150.581,150.455,150.53,9482.21
2024.02.27 22:00:00,150.53,150.535,150.457,150.496,7792.11
2024.02.27 23:00:00,150.494,150.532,150.479,150.503,3821.34
2024.02.28 00:00:00,150.495,150.502,150.462,150.468,951.23
2024.02.28 01:00:00,150.473,150.518,150.456,150.513,2948.29
2024.02.28 02:00:00,150.516,150.537,150.373,150.47,9893.42
2024.02.28 03:00:00,150.47,150.492,150.38,150.396,12796.8
2024.02.28 04:00:00,150.397,150.475,150.373,150.459,11441.66
2024.02.28 05:00:00,150.459,150.539,150.442,150.53,8478.98
2024.02.28 06:00:00,150.531,150.64,150.514,150.621,11224.11
2024.02.28 07:00:00,150.622,150.638,150.594,150.599,9865.59
2024.02.28 08:00:00,150.597,150.684,150.578,150.679,10194.13
2024.02.28 09:00:00,150.68,150.75,150.651,150.739,12622.8
2024.02.28 10:00:00,150.74,150.791,150.736,150.787,12734.31
2024.02.28 11:00:00,150.787,150.797,150.704,150.744,11908.77
2024.02.28 12:00:00,150.743,150.746,150.645,150.667,13286.68
2024.02.28 13:00:00,150.666,150.7,150.608,150.631,13169.97
2024.02.28 14:00:00,150.629,150.741,150.592,150.737,10318.48
2024.02.28 15:00:00,150.738,150.74,150.525,150.712,27929.92
2024.02.28 16:00:00,150.712,150.798,150.656,150.796,18152.99
2024.02.28 17:00:00,150.795,150.842,150.703,150.81,16399.09
2024.02.28 18:00:00,150.81,150.816,150.676,150.678,20610.58
2024.02.28 19:00:00,150.679,150.721,150.65,150.698,13243.11
2024.02.28 20:00:00,150.697,150.74,150.641,150.715,12927.6
2024.02.28 21:00:00,150.717,150.722,150.653,150.695,17069.97
2024.02.28 22:00:00,150.695,150.724,150.662,150.685,15898.13
2024.02.28 23:00:00,150.686,150.709,150.681,150.681,4840.19
2024.02.29 00:00:00,150.679,150.679,150.569,150.639,2058.06
2024.02.29 01:00:00,150.641,150.662,150.533,150.658,4214.93
2024.02.29 02:00:00,150.656,150.656,150.548,150.566,8463.79
2024.02.29 03:00:00,150.566,150.566,150.189,150.215,9097.21
2024.02.29 04:00:00,150.213,150.225,149.76,149.786,18601
2024.02.29 05:00:00,149.785,149.867,149.711,149.812,9190
2024.02.29 06:00:00,149.812,149.884,149.694,149.823,6907.56
2024.02.29 07:00:00,149.822,150.105,149.694,149.906,9971.67
2024.02.29 08:00:00,149.903,149.934,149.712,149.752,9209.4
2024.02.29 09:00:00,149.75,149.805,149.622,149.661,21067.36
2024.02.29 10:00:00,149.669,149.827,149.61,149.667,12176.02
2024.02.29 11:00:00,149.667,149.906,149.648,149.803,16017.32
2024.02.29 12:00:00,149.805,150.1,149.786,150.094,13491.16
2024.02.29 13:00:00,150.095,150.106,149.961,149.971,12930.74
2024.02.29 14:00:00,149.971,150.097,149.924,150.07,12990.49
2024.02.29 15:00:00,150.068,150.15,149.73,149.778,30014.53
2024.02.29 16:00:00,149.778,149.848,149.476,149.512,19464.1
2024.02.29 17:00:00,149.493,149.699,149.208,149.641,19768.71
2024.02.29 18:00:00,149.641,149.905,149.634,149.9,14754.41
2024.02.29 19:00:00,149.9,150.045,149.889,149.992,21143.8
2024.02.29 20:00:00,149.992,150.016,149.838,149.869,12031.08
2024.02.29 21:00:00,149.869,149.987,149.843,149.966,9297.77
2024.02.29 22:00:00,149.966,149.967,149.904,149.911,12702.61
2024.02.29 23:00:00,149.912,150.004,149.903,149.968,6033.42
2024.03.01 00:00:00,149.963,150.027,149.909,149.985,2536.45
2024.03.01 01:00:00,149.985,150.179,149.95,150.068,8881.06
2024.03.01 02:00:00,150.07,150.292,150.058,150.215,18633.76
2024.03.01 03:00:00,150.216,150.369,150.216,150.355,24158.55
2024.03.01 04:00:00,150.355,150.413,150.317,150.352,15340.72
2024.03.01 05:00:00,150.353,150.364,150.299,150.324,15649.28
2024.03.01 06:00:00,150.323,150.398,150.323,150.383,12921.44
2024.03.01 07:00:00,150.383,150.478,150.371,150.445,13839.13
2024.03.01 08:00:00,150.445,150.461,150.329,150.347,13951.86
2024.03.01 09:00:00,150.35,150.497,150.346,150.496,14283.96
2024.03.01 10:00:00,150.498,150.685,150.489,150.648,23701.91
2024.03.01 11:00:00,150.65,150.661,150.449,150.624,19219.97
2024.03.01 12:00:00,150.625,150.647,150.306,150.358,23240.32
2024.03.01 13:00:00,150.358,150.483,150.321,150.388,16947.57
2024.03.01 14:00:00,150.39,150.568,150.366,150.561,19392.22
2024.03.01 15:00:00,150.56,150.656,150.486,150.643,32182.35
2024.03.01 16:00:00,150.643,150.72,150.557,150.669,30058.03
2024.03.01 17:00:00,150.668,150.668,150.084,150.122,49730.82
2024.03.01 18:00:00,150.122,150.267,150.073,150.202,33911.16
2024.03.01 19:00:00,150.202,150.224,150.099,150.151,14822.82
2024.03.01 20:00:00,150.151,150.243,150.07,150.128,20815.22
2024.03.01 21:00:00,150.128,150.129,150.05,150.115,20324.42
2024.03.01 22:00:00,150.114,150.16,150.099,150.149,7114.97
2024.03.01 23:00:00,150.148,150.155,150.051,150.064,5870.81
2024.03.04 00:00:00,149.944,150.114,149.944,150.099,886.14
2024.03.04 01:00:00,150.104,150.153,150.048,150.13,5888.42
2024.03.04 02:00:00,150.129,150.144,149.837,149.982,14182.71
2024.03.04 03:00:00,149.98,150.208,149.974,150.127,10189.52
2024.03.04 04:00:00,150.126,150.186,150.098,150.175,6664.69
2024.03.04 05:00:00,150.171,150.193,150.11,150.16,9836.3
2024.03.04 06:00:00,150.159,150.265,150.139,150.253,7352.12
2024.03.04 07:00:00,150.253,150.32,150.22,150.302,8119.13
2024.03.04 08:00:00,150.302,150.386,150.268,150.358,4644.09
2024.03.04 09:00:00,150.357,150.399,150.296,150.308,14750.84
2024.03.04 10:00:00,150.307,150.382,150.173,150.374,15516.54
2024.03.04 11:00:00,150.376,150.396,150.188,150.245,13778.83
2024.03.04 12:00:00,150.244,150.465,150.244,150.417,7033.72
2024.03.04 13:00:00,150.416,150.464,150.386,150.423,18385.96
2024.03.04 14:00:00,150.422,150.444,150.342,150.443,9392.97
2024.03.04 15:00:00,150.442,150.568,150.434,150.458,19679.89
2024.03.04 16:00:00,150.458,150.55,150.31,150.332,20592.87
2024.03.04 17:00:00,150.333,150.501,150.326,150.485,15723.93
2024.03.04 18:00:00,150.485,150.523,150.431,150.452,18220.91
2024.03.04 19:00:00,150.449,150.542,150.431,150.522,14908.32
2024.03.04 20:00:00,150.521,150.557,150.486,150.552,4479.83
2024.03.04 21:00:00,150.553,150.563,150.494,150.55,10249.48
2024.03.04 22:00:00,150.551,150.557,150.484,150.518,9330.79
2024.03.04 23:00:00,150.517,150.537,150.499,150.518,3702.64
2024.03.05 00:00:00,150.518,150.531,150.418,150.431,5660.57
2024.03.05 01:00:00,150.441,150.543,150.38,150.453,4690.75
2024.03.05 02:00:00,150.457,150.486,150.351,150.396,15642.7
2024.03.05 03:00:00,150.399,150.484,150.384,150.463,9878.65
2024.03.05 04:00:00,150.463,150.537,150.451,150.495,8017.76
2024.03.05 05:00:00,150.494,150.509,150.442,150.5,4556.97
2024.03.05 06:00:00,150.499,150.537,150.481,150.529,11610.27
2024.03.05 07:00:00,150.528,150.545,150.459,150.497,12602.01
2024.03.05 08:00:00,150.496,150.543,150.46,150.479,8874.24
2024.03.05 09:00:00,150.481,150.502,150.347,150.419,12107.2
2024.03.05 10:00:00,150.419,150.485,150.343,150.447,15986.74
2024.03.05 11:00:00,150.447,150.462,150.37,150.415,13510.22
2024.03.05 12:00:00,150.414,150.429,150.387,150.408,9342.53
2024.03.05 13:00:00,150.408,150.44,150.363,150.417,14178.3
2024.03.05 14:00:00,150.416,150.439,150.373,150.393,11976.51
2024.03.05 15:00:00,150.393,150.393,150.062,150.087,33050.04
2024.03.05 16:00:00,150.087,150.181,149.997,150.122,31049.06
2024.03.05 17:00:00,150.119,150.119,149.701,149.983,40964.12
2024.03.05 18:00:00,149.982,150.226,149.964,150.148,25275.7
2024.03.05 19:00:00,150.147,150.172,150.052,150.092,16946.22
2024.03.05 20:00:00,150.093,150.113,149.974,149.977,12662.26
2024.03.05 21:00:00,149.977,150.051,149.924,149.934,18103.09
2024.03.05 22:00:00,149.933,149.954,149.838,149.917,16641.99
2024.03.05 23:00:00,149.916,150.079,149.906,150.036,4419.57
2024.03.06 00:00:00,150.033,150.055,150.001,150.015,1132.17
2024.03.06 01:00:00,150.016,150.051,149.815,150.049,5104.97
2024.03.06 02:00:00,150.05,150.084,149.896,149.993,8567.84
2024.03.06 03:00:00,149.993,150.042,149.957,150.03,5718.21
2024.03.06 04:00:00,150.031,150.031,149.891,149.903,4397.84
2024.03.06 05:00:00,149.903,149.995,149.903,149.979,2730.62
2024.03.06 06:00:00,149.976,150.021,149.933,149.939,5079.98
2024.03.06 07:00:00,149.938,149.939,149.807,149.913,5801.74
2024.03.06 08:00:00,149.912,149.936,149.826,149.844,4878.43
2024.03.06 09:00:00,149.844,149.844,149.324,149.534,19643.86
2024.03.06 10:00:00,149.535,149.806,149.53,149.751,12839.54
2024.03.06 11:00:00,149.75,149.865,149.622,149.646,9241.46
2024.03.06 12:00:00,149.648,149.809,149.564,149.743,9548.58
2024.03.06 13:00:00,149.743,149.799,149.686,149.711,4692.72
2024.03.06 14:00:00,149.71,149.741,149.555,149.63,6913.24
2024.03.06 15:00:00,149.631,149.701,149.334,149.365,20431.92
2024.03.06 16:00:00,149.366,149.444,149.269,149.378,12742.32
2024.03.06 17:00:00,149.391,149.644,149.261,149.365,22042.78
2024.03.06 18:00:00,149.366,149.448,149.13,149.176,13587.29
2024.03.06 19:00:00,149.177,149.354,149.094,149.326,11737.83
2024.03.06 20:00:00,149.325,149.33,149.2,149.262,6547.1
2024.03.06 21:00:00,149.264,149.384,149.255,149.344,11266.78
2024.03.06 22:00:00,149.344,149.47,149.344,149.351,9864.52
2024.03.06 23:00:00,149.352,149.446,149.349,149.349,4553.57
2024.03.07 00:00:00,149.349,149.364,149.264,149.325,1711.49
2024.03.07 01:00:00,149.327,149.33,149.193,149.261,4918.47
2024.03.07 02:00:00,149.259,149.259,148.877,148.897,16666.08
2024.03.07 03:00:00,148.894,148.973,148.557,148.617,16612.66
2024.03.07 04:00:00,148.615,148.793,148.601,148.754,8639.21
2024.03.07 05:00:00,148.755,148.771,148.606,148.667,7770.49
2024.03.07 06:00:00,148.669,148.67,148.401,148.55,9825.17
2024.03.07 07:00:00,148.551,148.681,148.51,148.637,4478.65
2024.03.07 08:00:00,148.639,148.679,148.114,148.194,13181.79
2024.03.07 09:00:00,148.194,148.251,147.935,147.938,23690.25
2024.03.07 10:00:00,147.938,148.097,147.809,147.928,20546.81
2024.03.07 11:00:00,147.93,148.109,147.832,147.984,12606.09
2024.03.07 12:00:00,147.985,147.995,147.866,147.869,11315.79
2024.03.07 13:00:00,147.867,147.906,147.768,147.838,11365.26
2024.03.07 14:00:00,147.836,147.879,147.683,147.831,12576.09
2024.03.07 15:00:00,147.832,147.924,147.582,147.768,33911.04
2024.03.07 16:00:00,147.767,148.223,147.73,148.121,31572.54
2024.03.07 17:00:00,148.119,148.297,148.015,148.139,20125.47
2024.03.07 18:00:00,148.138,148.18,147.89,148.092,22157.87
2024.03.07 19:00:00,148.091,148.234,148.083,148.104,12366.93
2024.03.07 20:00:00,148.108,148.127,148.023,148.112,7164.79
2024.03.07 21:00:00,148.111,148.134,148.002,148.005,5215.77
2024.03.07 22:00:00,148.005,148.108,147.994,148.077,6867.99
2024.03.07 23:00:00,148.077,148.078,148.005,148.036,3035.76
2024.03.08 00:00:00,148.037,148.037,147.857,147.909,3431.4
2024.03.08 01:00:00,147.909,147.943,147.827,147.864,3143.81
2024.03.08 02:00:00,147.862,147.892,147.521,147.748,13117.04
2024.03.08 03:00:00,147.748,148.117,147.652,147.973,12541.12
2024.03.08 04:00:00,147.975,148.087,147.877,147.965,9873.05
2024.03.08 05:00:00,147.967,148.053,147.806,147.812,5941.59
2024.03.08 06:00:00,147.812,147.904,147.775,147.853,4200.64
2024.03.08 07:00:00,147.852,147.868,147.773,147.802,5782.32
2024.03.08 08:00:00,147.802,147.987,147.802,147.855,5682.19
2024.03.08 09:00:00,147.852,148.044,147.797,147.881,16518.59
2024.03.08 10:00:00,147.882,147.968,147.801,147.815,12361.67
2024.03.08 11:00:00,147.814,147.825,146.874,147.132,16914.2
2024.03.08 12:00:00,147.133,147.206,146.953,147.097,9807.78
2024.03.08 13:00:00,147.095,147.12,146.952,147.099,10621.73
2024.03.08 14:00:00,147.098,147.237,147.085,147.228,9727.82
2024.03.08 15:00:00,147.229,147.496,146.481,146.96,33564.38
2024.03.08 16:00:00,146.961,147.044,146.691,146.89,26634.77
2024.03.08 17:00:00,146.889,147.234,146.849,147.031,16092.48
2024.03.08 18:00:00,147.032,147.258,147.028,147.176,15284.24
2024.03.08 19:00:00,147.176,147.189,147.026,147.027,15529.79
2024.03.08 20:00:00,147.026,147.144,146.986,147.067,17135.15
2024.03.08 21:00:00,147.066,147.16,147.042,147.048,15429.26
2024.03.08 22:00:00,147.048,147.104,147.03,147.058,4506.23
2024.03.08 23:00:00,147.058,147.111,147.03,147.03,5035.74
2024.03.10 23:00:00,146.915,147.117,146.897,147.059,1366.56
2024.03.11 00:00:00,147.059,147.126,146.937,147.044,4239.16
2024.03.11 01:00:00,147.045,147.046,146.706,146.795,10861.41
2024.03.11 02:00:00,146.796,146.928,146.671,146.762,11396.4
2024.03.11 03:00:00,146.762,146.894,146.537,146.876,9159.42
2024.03.11 04:00:00,146.875,147.087,146.872,147.071,6536.1
2024.03.11 05:00:00,147.072,147.072,146.918,146.936,4737.6
2024.03.11 06:00:00,146.935,147.047,146.888,146.903,6537.85
2024.03.11 07:00:00,146.903,147.081,146.863,146.975,5070.86
2024.03.11 08:00:00,146.974,147.065,146.871,146.918,4984.45
2024.03.11 09:00:00,146.917,147.025,146.731,146.747,13855.49
2024.03.11 10:00:00,146.747,146.855,146.631,146.717,18979.44
2024.03.11 11:00:00,146.718,146.739,146.483,146.611,15471.05
2024.03.11 12:00:00,146.613,146.704,146.533,146.666,8921.18
2024.03.11 13:00:00,146.667,146.741,146.62,146.642,8103.16
2024.03.11 14:00:00,146.647,146.896,146.619,146.825,25850.93
2024.03.11 15:00:00,146.825,146.971,146.759,146.963,27307.91
2024.03.11 16:00:00,146.963,147.144,146.953,146.991,24420.34
2024.03.11 17:00:00,146.992,147.048,146.827,146.857,22409.76
2024.03.11 18:00:00,146.857,146.939,146.811,146.871,18908.18
2024.03.11 19:00:00,146.871,146.932,146.741,146.919,21976.72
2024.03.11 20:00:00,146.92,147.053,146.916,146.944,16368.29
2024.03.11 21:00:00,146.943,146.978,146.933,146.965,16071.54
2024.03.11 22:00:00,146.964,146.978,146.923,146.934,7116.3
2024.03.11 23:00:00,146.932,146.974,146.853,146.967,3623.6
2024.03.12 00:00:00,146.969,146.969,146.897,146.948,3424.41
2024.03.12 01:00:00,146.949,146.952,146.714,146.735,11737.27
2024.03.12 02:00:00,146.737,146.883,146.619,146.868,14005.28
2024.03.12 03:00:00,146.871,146.991,146.852,146.936,16414.15
2024.03.12 04:00:00,146.936,147.425,146.932,147.412,21899.39
2024.03.12 05:00:00,147.42,147.432,147.321,147.39,13563.87
2024.03.12 06:00:00,147.389,147.434,147.327,147.382,13021.77
2024.03.12 07:00:00,147.383,147.594,147.343,147.519,18329.27
2024.03.12 08:00:00,147.52,147.577,147.209,147.396,28015.78
2024.03.12 09:00:00,147.394,147.446,147.275,147.334,24982.63
2024.03.12 10:00:00,147.334,147.483,147.28,147.326,24265.89
2024.03.12 11:00:00,147.326,147.429,147.31,147.422,16078.67
2024.03.12 12:00:00,147.423,147.567,147.312,147.328,18757.33
2024.03.12 13:00:00,147.328,147.46,147.316,147.435,12716.06
2024.03.12 14:00:00,147.436,148.161,147.065,147.648,53495.35
2024.03.12 15:00:00,147.649,147.982,147.641,147.806,39651.19
2024.03.12 16:00:00,147.806,147.964,147.708,147.901,22211.5
2024.03.12 17:00:00,147.899,147.905,147.684,147.693,23420.6
2024.03.12 18:00:00,147.693,147.79,147.642,147.7,18987.02
2024.03.12 19:00:00,147.701,147.791,147.662,147.786,21850.02
2024.03.12 20:00:00,147.791,147.796,147.641,147.687,13656.45
2024.03.12 21:00:00,147.688,147.715,147.657,147.677,11762.2
2024.03.12 22:00:00,147.678,147.692,147.637,147.641,6919.26
2024.03.12 23:00:00,147.636,147.663,147.601,147.624,1395.8
2024.03.13 00:00:00,147.622,147.64,147.561,147.576,2948.38
2024.03.13 01:00:00,147.578,147.65,147.544,147.62,4643.73
2024.03.13 02:00:00,147.62,147.635,147.365,147.369,17564.74
2024.03.13 03:00:00,147.368,147.447,147.232,147.42,13141.67
2024.03.13 04:00:00,147.419,147.536,147.326,147.371,9179.36
2024.03.13 05:00:00,147.373,147.439,147.283,147.38,8039.52
2024.03.13 06:00:00,147.378,147.582,147.373,147.571,8841.18
2024.03.13 07:00:00,147.572,147.645,147.544,147.57,10198.57
2024.03.13 08:00:00,147.573,147.788,147.497,147.74,13170.98
2024.03.13 09:00:00,147.742,147.761,147.564,147.678,16517.89
2024.03.13 10:00:00,147.677,147.887,147.64,147.872,13110.52
2024.03.13 11:00:00,147.872,148.045,147.705,147.989,29684.32
2024.03.13 12:00:00,147.988,148.035,147.898,147.914,20334.58
2024.03.13 13:00:00,147.914,148.027,147.904,147.972,13812.24
2024.03.13 14:00:00,147.973,148.013,147.889,147.942,23469.74
2024.03.13 15:00:00,147.941,147.946,147.777,147.889,26824.52
2024.03.13 16:00:00,147.888,147.968,147.81,147.84,25135.03
2024.03.13 17:00:00,147.839,147.849,147.684,147.737,23931.37
2024.03.13 18:00:00,147.738,147.802,147.672,147.707,21804.19
2024.03.13 19:00:00,147.707,147.721,147.458,147.631,23767.07
2024.03.13 20:00:00,147.632,147.802,147.606,147.764,14947
2024.03.13 21:00:00,147.766,147.855,147.745,147.842,7949.03
2024.03.13 22:00:00,147.842,147.85,147.746,147.75,3398.7
2024.03.13 23:00:00,147.747,147.747,147.615,147.631,2124.24
2024.03.14 00:00:00,147.631,147.717,147.631,147.704,3508.54
2024.03.14 01:00:00,147.705,147.705,147.585,147.589,6564.08
2024.03.14 02:00:00,147.588,147.724,147.54,147.594,16526.86
2024.03.14 03:00:00,147.593,147.719,147.527,147.673,14614.91
2024.03.14 04:00:00,147.672,147.926,147.661,147.899,14619.78
2024.03.14 05:00:00,147.901,147.901,147.789,147.856,15969.02
2024.03.14 06:00:00,147.857,147.971,147.848,147.912,13976.43
2024.03.14 07:00:00,147.914,147.968,147.877,147.919,16998.59
2024.03.14 08:00:00,147.919,147.934,147.856,147.886,16309.8
2024.03.14 09:00:00,147.887,147.971,147.811,147.867,22043.12
2024.03.14 10:00:00,147.865,147.916,147.766,147.863,24966.34
2024.03.14 11:00:00,147.862,147.893,147.772,147.778,17772.36
2024.03.14 12:00:00,147.779,147.834,147.729,147.748,15801.57
2024.03.14 13:00:00,147.748,147.778,147.668,147.7,11381.88
2024.03.14 14:00:00,147.7,147.987,147.566,147.846,48669.77
2024.03.14 15:00:00,147.845,148.146,147.43,147.996,68037.37
2024.03.14 16:00:00,147.995,148.192,147.923,148.11,56449.52
2024.03.14 17:00:00,148.111,148.319,148.05,148.189,45237.79
2024.03.14 18:00:00,148.189,148.214,148.101,148.186,26220.67
2024.03.14 19:00:00,148.188,148.31,148.13,148.278,23685.97
2024.03.14 20:00:00,148.277,148.355,148.272,148.297,16278.58
2024.03.14 21:00:00,148.296,148.317,148.228,148.233,12856.32
2024.03.14 22:00:00,148.233,148.328,148.209,148.312,5609.67
2024.03.14 23:00:00,148.312,148.339,148.247,148.285,2183.4
2024.03.15 00:00:00,148.283,148.287,148.219,148.258,1635.99
2024.03.15 01:00:00,148.26,148.334,148.249,148.303,4595.32
2024.03.15 02:00:00,148.302,148.534,148.267,148.444,17475.81
2024.03.15 03:00:00,148.447,148.491,148.385,148.473,10515.17
2024.03.15 04:00:00,148.464,148.659,148.431,148.456,10556.82
2024.03.15 05:00:00,148.457,148.5,148.346,148.375,10394.3
2024.03.15 06:00:00,148.375,148.401,148.249,148.311,9178.76
2024.03.15 07:00:00,148.31,148.374,148.274,148.317,9551.03
2024.03.15 08:00:00,148.317,148.341,148.096,148.214,12845.1
2024.03.15 09:00:00,148.214,148.6,148.03,148.568,19893.37
2024.03.15 10:00:00,148.567,148.831,148.567,148.709,17660.43
2024.03.15 11:00:00,148.709,148.78,148.674,148.722,10306.63
2024.03.15 12:00:00,148.722,148.785,148.659,148.774,10481.77
2024.03.15 13:00:00,148.774,148.797,148.585,148.649,15240.04
2024.03.15 14:00:00,148.65,148.87,148.62,148.801,19454.25
2024.03.15 15:00:00,148.8,148.966,148.73,148.915,21997.39
2024.03.15 16:00:00,148.915,148.999,148.81,148.977,20837.8
2024.03.15 17:00:00,148.977,149.142,148.967,149.136,16693.06
2024.03.15 18:00:00,149.137,149.163,148.976,149.092,12545.16
2024.03.15 19:00:00,149.091,149.097,149.01,149.036,12050.35
2024.03.15 20:00:00,149.037,149.079,148.995,149.037,12811.81
2024.03.15 21:00:00,149.037,149.118,148.997,149.076,10048.69
2024.03.15 22:00:00,149.079,149.097,148.979,148.982,6517.35
2024.03.17 23:00:00,148.944,149.066,148.943,149.066,408.21
2024.03.18 00:00:00,149.066,149.088,148.938,148.973,3970.27
2024.03.18 01:00:00,148.974,149.032,148.935,148.955,7143.58
2024.03.18 02:00:00,148.955,149.287,148.932,149.277,12813.77
2024.03.18 03:00:00,149.282,149.328,149.166,149.189,12042.3
2024.03.18 04:00:00,149.19,149.205,148.907,148.971,13287.73
2024.03.18 05:00:00,148.971,149.095,148.962,149.09,9514.33
2024.03.18 06:00:00,149.09,149.131,149.08,149.112,8405.88
2024.03.18 07:00:00,149.111,149.188,149.065,149.113,9311.09
2024.03.18 08:00:00,149.113,149.243,149.1,149.219,10828.37
2024.03.18 09:00:00,149.219,149.311,149.096,149.121,14544.76
2024.03.18 10:00:00,149.121,149.163,149.055,149.122,14162.33
2024.03.18 11:00:00,149.123,149.244,149.103,149.207,11447.49
2024.03.18 12:00:00,149.208,149.234,149.113,149.13,9240.09
2024.03.18 13:00:00,149.129,149.137,149.015,149.028,7379.88
2024.03.18 14:00:00,149.027,149.196,149.008,149.176,11898.09
2024.03.18 15:00:00,149.176,149.239,149.116,149.213,13881.32
2024.03.18 16:00:00,149.214,149.3,149.161,149.283,13235.79
2024.03.18 17:00:00,149.284,149.29,149.099,149.134,10757.1
2024.03.18 18:00:00,149.134,149.209,149.095,149.138,10077.21
2024.03.18 19:00:00,149.138,149.166,148.918,149.105,10423.82
2024.03.18 20:00:00,149.107,149.117,149.027,149.111,4886.81
2024.03.18 21:00:00,149.11,149.188,149.086,149.188,4294.34
2024.03.18 22:00:00,149.189,149.191,149.141,149.141,2483.77
2024.03.18 23:00:00,149.14,149.14,149.085,149.107,1083.34
2024.03.19 00:00:00,149.111,149.143,149.037,149.039,3121.17
2024.03.19 01:00:00,149.037,149.17,149.029,149.154,3716.38
2024.03.19 02:00:00,149.153,149.22,149.111,149.208,8077.54
2024.03.19 03:00:00,149.207,149.393,149.207,149.299,12607.38
2024.03.19 04:00:00,149.298,149.366,149.189,149.36,15362.79
2024.03.19 05:00:00,149.36,149.921,149.001,149.702,39768.36
2024.03.19 06:00:00,149.701,150.076,149.67,149.965,37303.08
2024.03.19 07:00:00,149.965,150.392,149.938,150.299,30141.73
2024.03.19 08:00:00,150.302,150.483,150.039,150.365,25152.41
2024.03.19 09:00:00,150.365,150.392,149.985,150.257,28062.24
2024.03.19 10:00:00,150.259,150.513,150.196,150.335,18770.61
2024.03.19 11:00:00,150.335,150.7,150.305,150.675,16530.96
2024.03.19 12:00:00,150.677,150.69,150.498,150.532,11271.34
2024.03.19 13:00:00,150.532,150.571,150.347,150.388,8186.62
2024.03.19 14:00:00,150.386,150.608,150.34,150.491,23967.32
2024.03.19 15:00:00,150.49,150.682,150.402,150.67,28589.7
2024.03.19 16:00:00,150.668,150.729,150.603,150.687,25728.94
2024.03.19 17:00:00,150.687,150.851,150.657,150.731,20144.45
2024.03.19 18:00:00,150.73,150.946,150.712,150.938,20318.78
2024.03.19 19:00:00,150.938,150.962,150.842,150.896,16892.32
2024.03.19 20:00:00,150.894,150.928,150.846,150.92,12458.59
2024.03.19 21:00:00,150.918,150.923,150.852,150.891,7338.59
2024.03.19 22:00:00,150.894,150.898,150.841,150.849,3374.26
2024.03.19 23:00:00,150.848,150.85,150.763,150.799,2203.7
2024.03.20 00:00:00,150.807,150.865,150.79,150.837,2212.31
2024.03.20 01:00:00,150.837,151.065,150.816,151.023,11579.13
2024.03.20 02:00:00,151.021,151.34,151.001,151.153,23673.37
2024.03.20 03:00:00,151.155,151.238,151.135,151.168,19676.55
2024.03.20 04:00:00,151.166,151.241,151.157,151.232,19490.7
2024.03.20 05:00:00,151.232,151.315,151.229,151.315,16676.42
2024.03.20 06:00:00,151.316,151.538,151.313,151.485,20010.57
2024.03.20 07:00:00,151.485,151.575,151.433,151.536,22970.07
2024.03.20 08:00:00,151.537,151.583,151.46,151.472,20213.15
2024.03.20 09:00:00,151.472,151.505,151.334,151.484,27082.44
2024.03.20 10:00:00,151.484,151.545,151.421,151.45,13909.11
2024.03.20 11:00:00,151.449,151.764,151.449,151.682,10805.99
2024.03.20 12:00:00,151.681,151.75,151.645,151.667,8807.33
2024.03.20 13:00:00,151.666,151.734,151.629,151.707,8313.92
2024.03.20 14:00:00,151.708,151.783,151.655,151.758,10800.09
2024.03.20 15:00:00,151.759,151.816,151.694,151.74,10062.08
2024.03.20 16:00:00,151.741,151.755,151.62,151.671,10746.03
2024.03.20 17:00:00,151.671,151.672,151.533,151.661,8646.3
2024.03.20 18:00:00,151.661,151.674,151.549,151.613,7992.38
2024.03.20 19:00:00,151.614,151.632,151.523,151.588,8055.69
2024.03.20 20:00:00,151.587,151.709,150.715,150.786,39406.63
2024.03.20 21:00:00,150.785,151.22,150.771,151.214,21124.31
2024.03.20 22:00:00,151.214,151.402,151.207,151.243,7987.73
2024.03.20 23:00:00,151.243,151.254,151.175,151.2,3093.52
2024.03.21 00:00:00,151.2,151.211,150.847,150.85,11733.58
2024.03.21 01:00:00,150.852,150.942,150.678,150.738,13808.35
2024.03.21 02:00:00,150.737,150.865,150.542,150.619,20447.16
2024.03.21 03:00:00,150.622,150.649,150.263,150.499,18695.81
2024.03.21 04:00:00,150.503,150.52,150.34,150.489,11880.53
2024.03.21 05:00:00,150.49,150.549,150.385,150.488,9641.06
2024.03.21 06:00:00,150.487,150.79,150.449,150.762,8915.49
2024.03.21 07:00:00,150.761,151.003,150.749,150.996,10075.85
2024.03.21 08:00:00,150.996,151.088,150.848,150.996,14521.45
2024.03.21 09:00:00,150.997,151.224,150.848,151.22,13419.71
2024.03.21 10:00:00,151.22,151.456,151.091,151.174,20823.55
2024.03.21 11:00:00,151.172,151.24,151.048,151.079,15698.59
2024.03.21 12:00:00,151.08,151.117,150.869,151.108,12664.17
2024.03.21 13:00:00,151.109,151.171,150.965,151.11,12602.59
2024.03.21 14:00:00,151.109,151.317,151.011,151.162,17372.79
2024.03.21 15:00:00,151.163,151.443,151.16,151.402,17785.6
2024.03.21 16:00:00,151.398,151.573,151.392,151.507,22443.8
2024.03.21 17:00:00,151.506,151.668,151.474,151.593,13194.32
2024.03.21 18:00:00,151.592,151.752,151.569,151.692,8142.51
2024.03.21 19:00:00,151.69,151.739,151.66,151.723,6159.59
2024.03.21 20:00:00,151.722,151.723,151.647,151.671,4359.3
2024.03.21 21:00:00,151.672,151.729,151.662,151.684,3898.64
2024.03.21 22:00:00,151.683,151.695,151.602,151.605,2654.13
2024.03.21 23:00:00,151.601,151.63,151.557,151.588,1698.9
2024.03.22 00:00:00,151.593,151.622,151.542,151.547,2378.12
2024.03.22 01:00:00,151.548,151.699,151.547,151.633,7575.06
2024.03.22 02:00:00,151.629,151.651,151.442,151.528,12048.16
2024.03.22 03:00:00,151.529,151.862,151.489,151.78,18544.5
2024.03.22 04:00:00,151.78,151.792,151.419,151.627,17808.45
2024.03.22 05:00:00,151.628,151.652,151.51,151.567,14046.14
2024.03.22 06:00:00,151.566,151.605,151.495,151.583,12018.09
2024.03.22 07:00:00,151.584,151.591,151.472,151.485,13297.8
2024.03.22 08:00:00,151.487,151.525,151.256,151.306,15135.28
2024.03.22 09:00:00,151.307,151.504,151.273,151.418,16089.72
2024.03.22 10:00:00,151.42,151.537,151.301,151.477,13729.9
2024.03.22 11:00:00,151.478,151.649,151.432,151.616,10528.81
2024.03.22 12:00:00,151.615,151.649,151.547,151.616,8240.65
2024.03.22 13:00:00,151.617,151.624,151.438,151.466,7572.1
2024.03.22 14:00:00,151.466,151.489,151.003,151.213,18443.88
2024.03.22 15:00:00,151.213,151.318,151.059,151.167,16236.8
2024.03.22 16:00:00,151.167,151.265,151.083,151.187,14716.58
2024.03.22 17:00:00,151.189,151.395,151.189,151.348,13590.22
2024.03.22 18:00:00,151.347,151.435,151.332,151.388,9179.19
2024.03.22 19:00:00,151.388,151.431,151.346,151.418,8032.45
2024.03.22 20:00:00,151.422,151.456,151.381,151.452,6608.17
2024.03.22 21:00:00,151.451,151.484,151.4,151.424,6227.76
2024.03.22 22:00:00,151.425,151.451,151.343,151.431,4805.39
2024.03.24 23:00:00,151.305,151.405,151.259,151.365,543.24
2024.03.25 00:00:00,151.365,151.435,151.251,151.283,2270.15
2024.03.25 01:00:00,151.284,151.326,151.084,151.312,6851.09
2024.03.25 02:00:00,151.311,151.424,151.24,151.305,13257.27
2024.03.25 03:00:00,151.304,151.322,151.091,151.244,18916.63
2024.03.25 04:00:00,151.242,151.266,151.052,151.134,13232.75
2024.03.25 05:00:00,151.134,151.258,151.129,151.235,11985
2024.03.25 06:00:00,151.234,151.376,151.234,151.365,11304.95
2024.03.25 07:00:00,151.363,151.371,151.19,151.212,9666.37
2024.03.25 08:00:00,151.216,151.32,151.173,151.318,9514.68
2024.03.25 09:00:00,151.319,151.385,151.168,151.322,11978.47
2024.03.25 10:00:00,151.322,151.399,151.221,151.354,13289.71
2024.03.25 11:00:00,151.354,151.44,151.33,151.401,11107.86
2024.03.25 12:00:00,151.401,151.407,151.258,151.289,10603.61
2024.03.25 13:00:00,151.29,151.378,151.285,151.295,9969.98
2024.03.25 14:00:00,151.295,151.318,151.14,151.229,12350.65
2024.03.25 15:00:00,151.229,151.29,151.122,151.268,10897.46
2024.03.25 16:00:00,151.273,151.383,151.245,151.36,11164.2
2024.03.25 17:00:00,151.36,151.431,151.344,151.419,13996.03
2024.03.25 18:00:00,151.421,151.544,151.416,151.483,16376.98
2024.03.25 19:00:00,151.483,151.508,151.427,151.504,12954.48
2024.03.25 20:00:00,151.507,151.534,151.466,151.474,13385.09
2024.03.25 21:00:00,151.474,151.488,151.421,151.444,9307.35
2024.03.25 22:00:00,151.444,151.468,151.406,151.406,4727.03
2024.03.25 23:00:00,151.402,151.421,151.385,151.405,598.46
2024.03.26 00:00:00,151.403,151.421,151.357,151.419,3311
2024.03.26 01:00:00,151.418,151.418,151.36,151.379,6410.11
2024.03.26 02:00:00,151.377,151.442,151.259,151.283,15839.49
2024.03.26 03:00:00,151.283,151.374,151.217,151.358,16642.93
2024.03.26 04:00:00,151.357,151.363,151.275,151.332,14522.45
2024.03.26 05:00:00,151.331,151.428,151.297,151.405,13796.85
2024.03.26 06:00:00,151.403,151.424,151.326,151.359,10955.29
2024.03.26 07:00:00,151.359,151.394,151.328,151.37,13649.04
2024.03.26 08:00:00,151.371,151.397,151.3,151.311,11456.95
2024.03.26 09:00:00,151.311,151.361,151.26,151.319,16096.15
2024.03.26 10:00:00,151.32,151.348,151.251,151.258,19147.36
2024.03.26 11:00:00,151.257,151.292,151.206,151.267,16243.89
2024.03.26 12:00:00,151.268,151.346,151.242,151.274,18983.36
2024.03.26 13:00:00,151.275,151.39,151.271,151.385,13860.71
2024.03.26 14:00:00,151.388,151.472,151.349,151.452,24264.77
2024.03.26 15:00:00,151.452,151.466,151.374,151.405,19139.77
2024.03.26 16:00:00,151.402,151.452,151.3,151.385,19057.54
2024.03.26 17:00:00,151.382,151.602,151.37,151.581,23069.56
2024.03.26 18:00:00,151.58,151.583,151.471,151.52,17802.28
2024.03.26 19:00:00,151.52,151.562,151.441,151.562,18171.49
2024.03.26 20:00:00,151.564,151.578,151.47,151.536,13299.14
2024.03.26 21:00:00,151.535,151.584,151.515,151.578,13985.94
2024.03.26 22:00:00,151.577,151.581,151.543,151.562,4698.8
2024.03.26 23:00:00,151.55,151.564,151.509,151.519,1421.3
2024.03.27 00:00:00,151.518,151.554,151.494,151.526,2562.37
2024.03.27 01:00:00,151.527,151.574,151.501,151.52,6058.93
2024.03.27 02:00:00,151.521,151.572,151.446,151.515,14041.43
2024.03.27 03:00:00,151.516,151.806,151.496,151.729,19237.49
2024.03.27 04:00:00,151.729,151.97,151.719,151.89,18175.71
2024.03.27 05:00:00,151.891,151.929,151.595,151.696,21690.4
2024.03.27 06:00:00,151.699,151.713,151.592,151.688,10909.03
2024.03.27 07:00:00,151.688,151.804,151.652,151.749,13561.52
2024.03.27 08:00:00,151.751,151.762,151.641,151.693,12789.99
2024.03.27 09:00:00,151.692,151.731,151.614,151.705,22137.4
2024.03.27 10:00:00,151.706,151.837,151.642,151.781,20504.45
2024.03.27 11:00:00,151.782,151.802,151.092,151.365,44686.03
2024.03.27 12:00:00,151.365,151.369,151.051,151.198,32969.01
2024.03.27 13:00:00,151.201,151.252,151.025,151.231,25143.19
2024.03.27 14:00:00,151.231,151.273,151.169,151.249,13224.38
2024.03.27 15:00:00,151.25,151.373,151.244,151.326,12103.48
2024.03.27 16:00:00,151.326,151.354,151.212,151.248,10087.88
2024.03.27 17:00:00,151.248,151.379,151.165,151.343,9505.76
2024.03.27 18:00:00,151.345,151.425,151.299,151.318,8855.84
2024.03.27 19:00:00,151.319,151.414,151.278,151.388,7930.11
2024.03.27 20:00:00,151.388,151.403,151.344,151.362,5604.55
2024.03.27 21:00:00,151.36,151.386,151.296,151.323,6378.65
2024.03.27 22:00:00,151.322,151.357,151.294,151.314,3773.94
2024.03.27 23:00:00,151.31,151.31,151.241,151.257,580.46
2024.03.28 00:00:00,151.257,151.4,151.254,151.327,11613.2
2024.03.28 01:00:00,151.327,151.374,151.263,151.293,17552.66
2024.03.28 02:00:00,151.292,151.436,151.269,151.413,18964.88
2024.03.28 03:00:00,151.414,151.544,151.334,151.348,20445.72
2024.03.28 04:00:00,151.347,151.38,151.258,151.364,16253.27
2024.03.28 05:00:00,151.364,151.381,151.299,151.361,11983.6
2024.03.28 06:00:00,151.367,151.388,151.328,151.354,10244.13
2024.03.28 07:00:00,151.355,151.375,151.25,151.349,11798.12
2024.03.28 08:00:00,151.348,151.391,151.305,151.339,10956.11
2024.03.28 09:00:00,151.34,151.448,151.32,151.436,19667.26
2024.03.28 10:00:00,151.436,151.444,151.332,151.425,18298.2
2024.03.28 11:00:00,151.426,151.502,151.412,151.456,11820.49
2024.03.28 12:00:00,151.457,151.465,151.367,151.395,9657.12
2024.03.28 13:00:00,151.396,151.397,151.347,151.366,8522.88
2024.03.28 14:00:00,151.368,151.4,151.183,151.21,16649.16
2024.03.28 15:00:00,151.212,151.343,151.159,151.265,17928.68
2024.03.28 16:00:00,151.271,151.314,151.19,151.21,14790.52
2024.03.28 17:00:00,151.211,151.341,151.149,151.34,15414.16
2024.03.28 18:00:00,151.341,151.371,151.244,151.334,14330.08
2024.03.28 19:00:00,151.334,151.398,151.308,151.384,9231.76
2024.03.28 20:00:00,151.385,151.417,151.372,151.387,8128.3
2024.03.28 21:00:00,151.388,151.423,151.37,151.387,4110.08
2024.03.28 22:00:00,151.387,151.399,151.355,151.375,3210.33
2024.03.28 23:00:00,151.375,151.388,151.359,151.383,1003.02
2024.03.29 00:00:00,151.379,151.444,151.363,151.412,4066.63
2024.03.29 01:00:00,151.412,151.47,151.409,151.443,4229.03
2024.03.29 02:00:00,151.442,151.496,151.181,151.316,4769.9
2024.03.29 03:00:00,151.316,151.444,151.314,151.341,12221.13
2024.03.29 04:00:00,151.343,151.357,151.246,151.307,7458
2024.03.29 05:00:00,151.308,151.328,151.262,151.287,9802.39
2024.03.29 06:00:00,151.288,151.325,151.265,151.284,5438.42
2024.03.29 07:00:00,151.284,151.39,151.281,151.354,5654.16
2024.03.29 08:00:00,151.355,151.474,151.324,151.411,3659.36
2024.03.29 09:00:00,151.409,151.411,151.314,151.342,9728.05
2024.03.29 10:00:00,151.342,151.363,151.328,151.345,2721.34
2024.03.29 11:00:00,151.344,151.356,151.33,151.339,2846.44
2024.03.29 12:00:00,151.333,151.344,151.281,151.309,3443.73
2024.03.29 13:00:00,151.308,151.35,151.302,151.345,3949.39
2024.03.29 14:00:00,151.337,151.367,151.188,151.22,6318.45
2024.03.29 15:00:00,151.221,151.259,151.196,151.212,5770.04
2024.03.29 16:00:00,151.214,151.247,151.167,151.242,2978.25
2024.03.29 17:00:00,151.246,151.253,151.192,151.225,3308.68
2024.03.29 18:00:00,151.221,151.277,151.218,151.27,7200.98
2024.03.29 19:00:00,151.27,151.335,151.225,151.298,4405.46
2024.03.29 20:00:00,151.3,151.39,151.285,151.39,2050.69
2024.03.29 21:00:00,151.387,151.387,151.311,151.323,880.62
2024.03.29 22:00:00,151.328,151.375,151.283,151.307,698.77
2024.04.01 00:00:00,151.246,151.337,151.225,151.288,1083.71
2024.04.01 01:00:00,151.288,151.361,151.219,151.352,4045.24
2024.04.01 02:00:00,151.353,151.428,151.321,151.401,6121.31
2024.04.01 03:00:00,151.401,151.429,151.251,151.375,11475.67
2024.04.01 04:00:00,151.376,151.391,151.248,151.278,8350.82
2024.04.01 05:00:00,151.28,151.325,151.255,151.318,6064.94
2024.04.01 06:00:00,151.319,151.355,151.308,151.346,5019.82
2024.04.01 07:00:00,151.345,151.402,151.333,151.368,5966.86
2024.04.01 08:00:00,151.37,151.409,151.361,151.381,6072.28
2024.04.01 09:00:00,151.383,151.391,151.301,151.366,7930.67
2024.04.01 10:00:00,151.368,151.396,151.336,151.339,6872.91
2024.04.01 11:00:00,151.34,151.366,151.326,151.338,5838.37
2024.04.01 12:00:00,151.338,151.385,151.326,151.383,6789.33
2024.04.01 13:00:00,151.383,151.401,151.356,151.366,10184.99
2024.04.01 14:00:00,151.366,151.399,151.349,151.389,10307.44
2024.04.01 15:00:00,151.389,151.482,151.384,151.455,18909.36
2024.04.01 16:00:00,151.453,151.653,151.441,151.571,22957.72
2024.04.01 17:00:00,151.576,151.758,151.571,151.697,32772.57
2024.04.01 18:00:00,151.698,151.771,151.688,151.722,16877.09
2024.04.01 19:00:00,151.722,151.742,151.679,151.699,11195.39
2024.04.01 20:00:00,151.699,151.701,151.573,151.618,8696.37
2024.04.01 21:00:00,151.617,151.656,151.603,151.652,10426.68
2024.04.01 22:00:00,151.652,151.677,151.626,151.646,10217.05
2024.04.01 23:00:00,151.646,151.655,151.616,151.643,3521.72
2024.04.02 00:00:00,151.631,151.678,151.613,151.635,1103.21
2024.04.02 01:00:00,151.636,151.636,151.59,151.605,3439.97
2024.04.02 02:00:00,151.606,151.673,151.57,151.594,7948.38
2024.04.02 03:00:00,151.594,151.696,151.501,151.684,17327.5
2024.04.02 04:00:00,151.684,151.782,151.63,151.774,15441.2
2024.04.02 05:00:00,151.774,151.783,151.658,151.681,12836.42
2024.04.02 06:00:00,151.68,151.764,151.652,151.76,10921.36
2024.04.02 07:00:00,151.761,151.764,151.711,151.763,9737.61
2024.04.02 08:00:00,151.764,151.801,151.71,151.741,13976.69
2024.04.02 09:00:00,151.742,151.751,151.661,151.681,17379.34
2024.04.02 10:00:00,151.68,151.753,151.66,151.674,16640.89
2024.04.02 11:00:00,151.673,151.684,151.554,151.639,15909.27
2024.04.02 12:00:00,151.64,151.692,151.607,151.671,14115.41
2024.04.02 13:00:00,151.672,151.714,151.671,151.694,13745.27
2024.04.02 14:00:00,151.694,151.711,151.629,151.653,14459.93
2024.04.02 15:00:00,151.653,151.714,151.601,151.687,21749.83
2024.04.02 16:00:00,151.689,151.695,151.56,151.568,21100.36
2024.04.02 17:00:00,151.56,151.64,151.461,151.581,30178.08
2024.04.02 18:00:00,151.581,151.619,151.505,151.549,20732.73
2024.04.02 19:00:00,151.549,151.614,151.54,151.593,11816.65
2024.04.02 20:00:00,151.592,151.615,151.559,151.566,8635.44
2024.04.02 21:00:00,151.565,151.599,151.537,151.596,8922.5
2024.04.02 22:00:00,151.597,151.611,151.557,151.566,15638.43
2024.04.02 23:00:00,151.566,151.597,151.533,151.548,5963.87
2024.04.03 00:00:00,151.539,151.566,151.528,151.566,832.58
2024.04.03 01:00:00,151.568,151.568,151.49,151.55,2181.65
2024.04.03 02:00:00,151.55,151.579,151.53,151.545,6039.34
2024.04.03 03:00:00,151.545,151.554,151.439,151.554,14974.89
2024.04.03 04:00:00,151.555,151.639,151.552,151.595,12934.96
2024.04.03 05:00:00,151.595,151.612,151.538,151.581,8306.94
2024.04.03 06:00:00,151.58,151.583,151.54,151.561,8517.65
2024.04.03 07:00:00,151.561,151.593,151.532,151.591,7834.44
2024.04.03 08:00:00,151.59,151.608,151.535,151.593,9718.77
2024.04.03 09:00:00,151.593,151.68,151.574,151.667,14351.83
2024.04.03 10:00:00,151.668,151.734,151.668,151.676,16381.64
2024.04.03 11:00:00,151.677,151.735,151.677,151.732,9863.52
2024.04.03 12:00:00,151.734,151.799,151.714,151.753,12316.28
2024.04.03 13:00:00,151.755,151.757,151.707,151.71,11329.05
2024.04.03 14:00:00,151.71,151.783,151.681,151.772,12379.45
2024.04.03 15:00:00,151.771,151.913,151.749,151.849,25978.75
2024.04.03 16:00:00,151.848,151.953,151.799,151.917,19584.81
2024.04.03 17:00:00,151.917,151.917,151.644,151.785,34420.86
2024.04.03 18:00:00,151.785,151.824,151.676,151.677,19510.57
2024.04.03 19:00:00,151.678,151.761,151.577,151.645,14571.85
2024.04.03 20:00:00,151.65,151.698,151.629,151.679,7932.86
2024.04.03 21:00:00,151.679,151.688,151.65,151.669,7064.57
2024.04.03 22:00:00,151.67,151.703,151.655,151.679,6731.48
2024.04.03 23:00:00,151.679,151.703,151.669,151.682,4204.71
2024.04.04 00:00:00,151.677,151.68,151.626,151.645,1271.71
2024.04.04 01:00:00,151.643,151.644,151.568,151.585,2904.35
2024.04.04 02:00:00,151.586,151.632,151.563,151.581,8684.87
2024.04.04 03:00:00,151.581,151.68,151.537,151.567,18041.65
2024.04.04 04:00:00,151.567,151.67,151.558,151.643,13469.62
2024.04.04 05:00:00,151.642,151.709,151.638,151.707,13445.3
2024.04.04 06:00:00,151.707,151.722,151.66,151.671,13249.72
2024.04.04 07:00:00,151.674,151.701,151.648,151.694,13601.48
2024.04.04 08:00:00,151.695,151.698,151.638,151.64,9898.87
2024.04.04 09:00:00,151.64,151.699,151.597,151.688,13682.55
2024.04.04 10:00:00,151.686,151.755,151.676,151.688,17435.97
2024.04.04 11:00:00,151.688,151.743,151.686,151.711,17684.89
2024.04.04 12:00:00,151.712,151.76,151.706,151.748,11574.52
2024.04.04 13:00:00,151.747,151.748,151.692,151.7,9633.62
2024.04.04 14:00:00,151.699,151.748,151.611,151.742,11818.38
2024.04.04 15:00:00,151.742,151.77,151.61,151.623,23572.5
2024.04.04 16:00:00,151.623,151.673,151.503,151.589,22036.11
2024.04.04 17:00:00,151.59,151.686,151.516,151.664,24242.49
2024.04.04 18:00:00,151.664,151.702,151.65,151.662,13740.87
2024.04.04 19:00:00,151.662,151.67,151.622,151.645,10214.47
2024.04.04 20:00:00,151.645,151.677,151.616,151.672,11056.85
2024.04.04 21:00:00,151.672,151.685,151.147,151.202,27161.55
2024.04.04 22:00:00,151.201,151.327,151.119,151.231,35951.92
2024.04.04 23:00:00,151.231,151.351,151.187,151.329,9250.91
2024.04.05 00:00:00,151.326,151.334,151.263,151.31,2640.78
2024.04.05 01:00:00,151.31,151.316,151.208,151.308,4767.43
2024.04.05 02:00:00,151.306,151.307,151.212,151.293,8547.94
2024.04.05 03:00:00,151.292,151.338,150.81,150.908,30453.68
2024.04.05 04:00:00,150.909,151.086,150.81,151.064,27796.12
2024.04.05 05:00:00,151.065,151.219,151.065,151.183,18308.25
2024.04.05 06:00:00,151.181,151.267,151.143,151.261,15206.55
2024.04.05 07:00:00,151.262,151.293,151.202,151.215,11893.48
2024.04.05 08:00:00,151.216,151.222,151.13,151.184,12664.23
2024.04.05 09:00:00,151.184,151.293,151.091,151.26,19717.55
2024.04.05 10:00:00,151.26,151.353,151.168,151.336,20831.45
2024.04.05 11:00:00,151.336,151.45,151.306,151.41,20792.73
2024.04.05 12:00:00,151.411,151.446,151.372,151.418,14169.97
2024.04.05 13:00:00,151.417,151.425,151.332,151.337,14108.02
2024.04.05 14:00:00,151.337,151.41,151.336,151.373,13642.3
2024.04.05 15:00:00,151.372,151.748,151.27,151.656,41616.1
2024.04.05 16:00:00,151.656,151.75,151.593,151.613,35632.4
2024.04.05 17:00:00,151.612,151.644,151.439,151.521,34336.5
2024.04.05 18:00:00,151.522,151.666,151.522,151.59,27446.46
2024.04.05 19:00:00,151.59,151.616,151.526,151.579,18459.65
2024.04.05 20:00:00,151.578,151.613,151.546,151.585,13274.93
2024.04.05 21:00:00,151.585,151.588,151.535,151.553,18923.79
2024.04.05 22:00:00,151.553,151.649,151.541,151.646,11785.64
2024.04.05 23:00:00,151.646,151.647,151.604,151.617,4857.42
2024.04.08 00:00:00,151.569,151.608,151.54,151.6,4912.21
2024.04.08 01:00:00,151.6,151.729,151.584,151.692,4518.78
2024.04.08 02:00:00,151.691,151.694,151.645,151.68,7225.07
2024.04.08 03:00:00,151.679,151.779,151.67,151.709,17155.7
2024.04.08 04:00:00,151.711,151.816,151.675,151.777,18334.91
2024.04.08 05:00:00,151.778,151.78,151.681,151.769,14788.71
2024.04.08 06:00:00,151.77,151.786,151.746,151.767,12252.11
2024.04.08 07:00:00,151.769,151.796,151.763,151.793,12764
2024.04.08 08:00:00,151.792,151.804,151.752,151.787,14395.43
2024.04.08 09:00:00,151.787,151.833,151.754,151.758,15988.68
2024.04.08 10:00:00,151.758,151.876,151.755,151.869,16963.68
2024.04.08 11:00:00,151.87,151.912,151.841,151.906,16816.24
2024.04.08 12:00:00,151.907,151.918,151.863,151.872,10168.92
2024.04.08 13:00:00,151.873,151.888,151.825,151.851,7544.97
2024.04.08 14:00:00,151.852,151.922,151.846,151.918,7566.57
2024.04.08 15:00:00,151.918,151.941,151.851,151.877,9041.58
2024.04.08 16:00:00,151.875,151.876,151.717,151.734,13763.61
2024.04.08 17:00:00,151.738,151.842,151.729,151.811,14498.79
2024.04.08 18:00:00,151.811,151.849,151.771,151.785,7615.01
2024.04.08 19:00:00,151.787,151.844,151.781,151.832,6994.08
2024.04.08 20:00:00,151.833,151.833,151.739,151.77,5594.85
2024.04.08 21:00:00,151.77,151.795,151.717,151.77,5121.64
2024.04.08 22:00:00,151.769,151.834,151.747,151.833,4126.16
2024.04.08 23:00:00,151.832,151.858,151.765,151.778,1763.99
2024.04.09 00:00:00,151.772,151.832,151.74,151.814,3600.33
2024.04.09 01:00:00,151.813,151.814,151.774,151.803,2443.93
2024.04.09 02:00:00,151.804,151.852,151.804,151.832,5114.62
2024.04.09 03:00:00,151.833,151.92,151.788,151.908,12855.34
2024.04.09 04:00:00,151.908,151.915,151.856,151.888,14438.02
2024.04.09 05:00:00,151.889,151.894,151.812,151.874,8511.11
2024.04.09 06:00:00,151.875,151.882,151.841,151.855,6685.34
2024.04.09 07:00:00,151.856,151.893,151.847,151.89,7488.43
2024.04.09 08:00:00,151.891,151.901,151.868,151.891,7275.75
2024.04.09 09:00:00,151.892,151.92,151.871,151.914,11870.02
2024.04.09 10:00:00,151.913,151.935,151.88,151.902,14340.03
2024.04.09 11:00:00,151.903,151.911,151.861,151.886,13243.71
2024.04.09 12:00:00,151.887,151.897,151.726,151.839,17808.28
2024.04.09 13:00:00,151.839,151.84,151.762,151.795,11443.58
2024.04.09 14:00:00,151.795,151.845,151.773,151.828,11342.08
2024.04.09 15:00:00,151.827,151.843,151.742,151.769,18179.21
2024.04.09 16:00:00,151.768,151.788,151.706,151.769,20361.4
2024.04.09 17:00:00,151.77,151.77,151.568,151.651,24466.78
2024.04.09 18:00:00,151.652,151.735,151.632,151.729,20535.5
2024.04.09 19:00:00,151.729,151.747,151.653,151.665,10839.99
2024.04.09 20:00:00,151.667,151.721,151.655,151.691,14228.72
2024.04.09 21:00:00,151.69,151.742,151.688,151.739,10234.45
2024.04.09 22:00:00,151.737,151.787,151.732,151.736,9684.5
2024.04.09 23:00:00,151.736,151.781,151.727,151.727,2502.53
2024.04.10 00:00:00,151.727,151.766,151.687,151.752,2280.78
2024.04.10 01:00:00,151.753,151.783,151.732,151.748,1871.48
2024.04.10 02:00:00,151.748,151.787,151.738,151.776,4525.53
2024.04.10 03:00:00,151.777,151.782,151.68,151.722,17563.1
2024.04.10 04:00:00,151.721,151.782,151.711,151.723,20937.57
2024.04.10 05:00:00,151.73,151.765,151.697,151.755,14262.99
2024.04.10 06:00:00,151.756,151.769,151.734,151.754,11799.03
2024.04.10 07:00:00,151.754,151.787,151.744,151.782,11094.02
2024.04.10 08:00:00,151.781,151.819,151.778,151.809,14037.61
2024.04.10 09:00:00,151.809,151.814,151.773,151.779,13968.68
2024.04.10 10:00:00,151.781,151.842,151.779,151.841,11437.27
2024.04.10 11:00:00,151.841,151.883,151.826,151.852,12315.15
2024.04.10 12:00:00,151.852,151.872,151.833,151.857,9886.53
2024.04.10 13:00:00,151.858,151.87,151.808,151.832,8228.34
2024.04.10 14:00:00,151.831,151.853,151.814,151.841,7804.6
2024.04.10 15:00:00,151.838,152.518,151.772,152.382,44874.51
2024.04.10 16:00:00,152.384,152.696,152.367,152.669,51423.91
2024.04.10 17:00:00,152.67,152.776,152.577,152.771,33174.29
2024.04.10 18:00:00,152.772,152.943,152.744,152.902,13926.88
2024.04.10 19:00:00,152.902,152.965,152.875,152.937,8446.4
2024.04.10 20:00:00,152.933,152.982,152.637,152.779,19472.41
2024.04.10 21:00:00,152.771,152.979,152.757,152.961,9155.05
2024.04.10 22:00:00,152.963,152.967,152.918,152.96,4774.92
2024.04.10 23:00:00,152.96,153.238,152.944,153.144,6067.96
2024.04.11 00:00:00,153.144,153.144,152.923,152.997,2615.41
2024.04.11 01:00:00,152.997,153.01,152.897,152.912,3621.86
2024.04.11 02:00:00,152.913,152.97,152.808,152.951,7660.88
2024.04.11 03:00:00,152.951,153.004,152.799,152.834,18241.03
2024.04.11 04:00:00,152.834,152.897,152.759,152.808,15075.86
2024.04.11 05:00:00,152.808,152.858,152.781,152.826,5725.18
2024.04.11 06:00:00,152.826,152.946,152.812,152.946,6868.69
2024.04.11 07:00:00,152.946,152.969,152.865,152.893,5155.88
2024.04.11 08:00:00,152.892,152.971,152.884,152.968,7876.58
2024.04.11 09:00:00,152.969,153.187,152.959,153.163,17291.21
2024.04.11 10:00:00,153.162,153.205,153.083,153.135,19193.26
2024.04.11 11:00:00,153.131,153.288,153.097,153.24,18108.96
2024.04.11 12:00:00,153.241,153.279,153.153,153.167,12816.67
2024.04.11 13:00:00,153.168,153.172,153.05,153.073,12825.03
2024.04.11 14:00:00,153.073,153.188,153.022,153.088,13000.09
2024.04.11 15:00:00,153.086,153.231,152.796,152.843,34193.67
2024.04.11 16:00:00,152.843,153.142,152.832,153.132,32834.32
2024.04.11 17:00:00,153.133,153.297,153.133,153.272,20200.01
2024.04.11 18:00:00,153.269,153.318,153.191,153.193,19128.65
2024.04.11 19:00:00,153.192,153.303,153.179,153.233,16260.44
2024.04.11 20:00:00,153.234,153.252,153.158,153.177,14311.15
2024.04.11 21:00:00,153.177,153.246,153.086,153.242,8460.43
2024.04.11 22:00:00,153.242,153.256,153.168,153.2,9288.66
2024.04.11 23:00:00,153.2,153.282,153.194,153.246,3806.3
2024.04.12 00:00:00,153.247,153.249,153.17,153.212,1092.49
2024.04.12 01:00:00,153.213,153.238,153.166,153.223,2722.89
2024.04.12 02:00:00,153.223,153.251,153.167,153.194,3928.44
2024.04.12 03:00:00,153.195,153.298,152.962,152.969,11423.47
2024.04.12 04:00:00,152.97,153.1,152.969,153.099,12164.82
2024.04.12 05:00:00,153.099,153.186,153.047,153.179,10123.58
2024.04.12 06:00:00,153.179,153.232,153.158,153.204,5904.85
2024.04.12 07:00:00,153.206,153.27,153.175,153.237,5551.51
2024.04.12 08:00:00,153.237,153.238,153.131,153.204,6589.12
2024.04.12 09:00:00,153.204,153.288,153.199,153.275,14548.51
2024.04.12 10:00:00,153.274,153.383,153.231,153.248,15432.11
2024.04.12 11:00:00,153.247,153.307,153.205,153.307,14327.68
2024.04.12 12:00:00,153.309,153.35,153.262,153.301,10875.06
2024.04.12 13:00:00,153.301,153.35,153.266,153.267,10535.14
2024.04.12 14:00:00,153.266,153.292,153.156,153.16,13376.86
2024.04.12 15:00:00,153.16,153.183,152.792,152.854,23053.32
2024.04.12 16:00:00,152.855,153.088,152.59,152.927,30387.76
2024.04.12 17:00:00,152.932,153.015,152.73,152.925,22867.51
2024.04.12 18:00:00,152.924,153.156,152.902,153.121,27588.44
2024.04.12 19:00:00,153.12,153.153,153.05,153.102,15740.53
2024.04.12 20:00:00,153.104,153.142,153.048,153.128,17824.04
2024.04.12 21:00:00,153.129,153.217,153.12,153.212,11386.58
2024.04.12 22:00:00,153.212,153.244,153.183,153.237,3239.68
2024.04.12 23:00:00,153.238,153.324,153.213,153.24,4278.51
2024.04.15 00:00:00,153.034,153.078,152.966,153.046,843.63
2024.04.15 01:00:00,153.146,153.288,153.094,153.279,6947.47
2024.04.15 02:00:00,153.278,153.32,153.228,153.308,7463.34
2024.04.15 03:00:00,153.305,153.461,153.279,153.46,17168.75
2024.04.15 04:00:00,153.46,153.684,153.45,153.572,13491.3
2024.04.15 05:00:00,153.569,153.744,153.531,153.709,5694.19
2024.04.15 06:00:00,153.709,153.731,153.652,153.671,5375.95
2024.04.15 07:00:00,153.671,153.851,153.666,153.781,9370.02
2024.04.15 08:00:00,153.78,153.852,153.775,153.824,6538.03
2024.04.15 09:00:00,153.829,153.887,153.763,153.869,21370.65
2024.04.15 10:00:00,153.87,153.968,153.87,153.905,17884.22
2024.04.15 11:00:00,153.905,153.951,153.695,153.868,21680.32
2024.04.15 12:00:00,153.868,153.893,153.758,153.873,11044.64
2024.04.15 13:00:00,153.874,153.943,153.822,153.927,11346.45
2024.04.15 14:00:00,153.928,153.938,153.862,153.911,12114.97
2024.04.15 15:00:00,153.911,154.415,153.879,154.19,34985.46
2024.04.15 16:00:00,154.192,154.419,154.11,154.358,31586.98
2024.04.15 17:00:00,154.359,154.445,153.855,154.33,30714.2
2024.04.15 18:00:00,154.329,154.343,154.195,154.257,18909.24
2024.04.15 19:00:00,154.256,154.322,154.205,154.301,9772.32
2024.04.15 20:00:00,154.3,154.301,154.113,154.174,10677.51
2024.04.15 21:00:00,154.173,154.244,154.16,154.208,7294.48
2024.04.15 22:00:00,154.207,154.232,154.174,154.222,6478.2
2024.04.15 23:00:00,154.223,154.274,154.219,154.262,2998.11
2024.04.16 00:00:00,154.26,154.262,154.169,154.225,1033.5
2024.04.16 01:00:00,154.224,154.225,154.144,154.173,2707.64
2024.04.16 02:00:00,154.173,154.241,154.146,154.213,4970.52
2024.04.16 03:00:00,154.216,154.363,154.13,154.286,14016.98
2024.04.16 04:00:00,154.288,154.384,154.249,154.362,9295.86
2024.04.16 05:00:00,154.36,154.42,154.297,154.317,8230.33
2024.04.16 06:00:00,154.317,154.375,154.314,154.352,5948.62
2024.04.16 07:00:00,154.347,154.347,154.233,154.271,5982.44
2024.04.16 08:00:00,154.271,154.357,154.262,154.344,6083.06
2024.04.16 09:00:00,154.343,154.604,154.283,154.507,24135.4
2024.04.16 10:00:00,154.508,154.519,154.37,154.39,18990.27
2024.04.16 11:00:00,154.39,154.552,154.376,154.505,17032.96
2024.04.16 12:00:00,154.504,154.565,154.472,154.56,12684.08
2024.04.16 13:00:00,154.56,154.601,154.534,154.595,7972.9
2024.04.16 14:00:00,154.594,154.704,154.581,154.618,14561.93
2024.04.16 15:00:00,154.618,154.7,154.563,154.644,21423.11
2024.04.16 16:00:00,154.644,154.767,153.898,154.565,27292.77
2024.04.16 17:00:00,154.566,154.711,154.405,154.591,30166.79
2024.04.16 18:00:00,154.592,154.636,154.463,154.572,15937.36
2024.04.16 19:00:00,154.573,154.648,154.537,154.581,9361.1
2024.04.16 20:00:00,154.58,154.784,154.576,154.7,14328.6
2024.04.16 21:00:00,154.7,154.736,154.571,154.646,16750.92
2024.04.16 22:00:00,154.647,154.698,154.622,154.628,9586.36
2024.04.16 23:00:00,154.629,154.73,154.629,154.707,5480.34
2024.04.17 00:00:00,154.69,154.691,154.631,154.657,1860.94
2024.04.17 01:00:00,154.664,154.72,154.649,154.681,2399.83
2024.04.17 02:00:00,154.681,154.72,154.652,154.699,3490.65
2024.04.17 03:00:00,154.698,154.733,154.61,154.691,9122.8
2024.04.17 04:00:00,154.692,154.715,154.613,154.684,7607.52
2024.04.17 05:00:00,154.683,154.693,154.624,154.683,6315.81
2024.04.17 06:00:00,154.681,154.682,154.601,154.648,4832.15
2024.04.17 07:00:00,154.646,154.654,154.598,154.647,3643.8
2024.04.17 08:00:00,154.646,154.677,154.603,154.616,4687.23
2024.04.17 09:00:00,154.617,154.644,154.454,154.472,17619.98
2024.04.17 10:00:00,154.472,154.636,154.47,154.61,12608.67
2024.04.17 11:00:00,154.611,154.646,154.47,154.562,14959
2024.04.17 12:00:00,154.562,154.598,154.495,154.594,6021.27
2024.04.17 13:00:00,154.592,154.635,154.545,154.626,4978.69
2024.04.17 14:00:00,154.627,154.659,154.59,154.63,4577.02
2024.04.17 15:00:00,154.629,154.698,154.605,154.626,9682.3
2024.04.17 16:00:00,154.628,154.656,154.524,154.648,10208.92
2024.04.17 17:00:00,154.648,154.71,154.644,154.652,10239.9
2024.04.17 18:00:00,154.651,154.676,154.581,154.611,8742.85
2024.04.17 19:00:00,154.612,154.612,154.246,154.274,15204.51
2024.04.17 20:00:00,154.274,154.442,154.169,154.311,12018.53
2024.04.17 21:00:00,154.31,154.348,154.157,154.348,6198.82
2024.04.17 22:00:00,154.347,154.399,154.308,154.333,5420.54
2024.04.17 23:00:00,154.333,154.403,154.307,154.365,4057.18
2024.04.18 00:00:00,154.365,154.365,154.312,154.32,740.52
2024.04.18 01:00:00,154.323,154.33,154.247,154.274,5367.17
2024.04.18 02:00:00,154.275,154.366,154.177,154.339,5738.88
2024.04.18 03:00:00,154.338,154.408,154.25,154.282,12878.11
2024.04.18 04:00:00,154.283,154.302,154.167,154.219,12917.32
2024.04.18 05:00:00,154.218,154.249,153.956,154.132,17871.96
2024.04.18 06:00:00,154.131,154.32,154.11,154.236,7057.84
2024.04.18 07:00:00,154.237,154.311,154.234,154.294,6563.96
2024.04.18 08:00:00,154.293,154.353,154.256,154.285,6349.12
2024.04.18 09:00:00,154.287,154.305,154.066,154.274,12827.39
2024.04.18 10:00:00,154.275,154.322,154.19,154.266,16311.5
2024.04.18 11:00:00,154.267,154.368,154.254,154.355,12331.93
2024.04.18 12:00:00,154.354,154.423,154.336,154.415,8438.45
2024.04.18 13:00:00,154.415,154.479,154.379,154.447,7511.86
2024.04.18 14:00:00,154.448,154.51,154.314,154.37,13219.74
2024.04.18 15:00:00,154.372,154.499,154.317,154.371,21007.54
2024.04.18 16:00:00,154.369,154.592,154.336,154.52,27226.36
2024.04.18 17:00:00,154.52,154.64,154.458,154.634,19311.36
2024.04.18 18:00:00,154.634,154.647,154.568,154.612,12592.45
2024.04.18 19:00:00,154.611,154.65,154.572,154.619,7232.68
2024.04.18 20:00:00,154.619,154.679,154.598,154.638,9342.28
2024.04.18 21:00:00,154.636,154.654,154.549,154.593,6569.73
2024.04.18 22:00:00,154.593,154.631,154.575,154.619,4475.35
2024.04.18 23:00:00,154.62,154.678,154.606,154.633,2345.16
2024.04.19 00:00:00,154.628,154.628,154.596,154.598,380.73
2024.04.19 01:00:00,154.599,154.651,154.534,154.642,1582.46
2024.04.19 02:00:00,154.642,154.644,154.548,154.613,3406.16
2024.04.19 03:00:00,154.614,154.672,154.546,154.627,14189.16
2024.04.19 04:00:00,154.629,154.629,153.971,154.235,30072.76
2024.04.19 05:00:00,154.24,154.246,153.586,153.901,36484.35
2024.04.19 06:00:00,153.902,154.383,153.901,154.309,23931.3
2024.04.19 07:00:00,154.31,154.474,154.306,154.32,25314.65
2024.04.19 08:00:00,154.321,154.424,154.249,154.333,14098.54
2024.04.19 09:00:00,154.332,154.462,154.208,154.42,25397.77
2024.04.19 10:00:00,154.421,154.526,154.357,154.474,21252.02
2024.04.19 11:00:00,154.476,154.485,154.342,154.409,18325.27
2024.04.19 12:00:00,154.408,154.511,154.398,154.485,13015.69
2024.04.19 13:00:00,154.485,154.575,154.474,154.528,16391.96
2024.04.19 14:00:00,154.529,154.607,154.529,154.6,13015.09
2024.04.19 15:00:00,154.599,154.605,154.494,154.531,11433.18
2024.04.19 16:00:00,154.533,154.613,154.523,154.579,13731.81
2024.04.19 17:00:00,154.58,154.631,154.457,154.592,15132.7
2024.04.19 18:00:00,154.591,154.599,154.465,154.546,8156.14
2024.04.19 19:00:00,154.548,154.606,154.542,154.578,7615.48
2024.04.19 20:00:00,154.578,154.626,154.564,154.622,8398.42
2024.04.19 21:00:00,154.621,154.638,154.55,154.575,5052.67
2024.04.19 22:00:00,154.575,154.62,154.553,154.603,4268.16
2024.04.19 23:00:00,154.604,154.653,154.519,154.562,4372.04
2024.04.22 00:00:00,154.547,154.587,154.387,154.433,1395.5
2024.04.22 01:00:00,154.478,154.69,154.432,154.632,3690.3
2024.04.22 02:00:00,154.629,154.652,154.539,154.633,4321
2024.04.22 03:00:00,154.637,154.736,154.608,154.672,11079.71
2024.04.22 04:00:00,154.673,154.696,154.584,154.619,8166.7
2024.04.22 05:00:00,154.618,154.705,154.614,154.656,4031.85
2024.04.22 06:00:00,154.657,154.709,154.656,154.686,5455.61
2024.04.22 07:00:00,154.685,154.727,154.682,154.714,6100.35
2024.04.22 08:00:00,154.714,154.742,154.677,154.721,6093.36
2024.04.22 09:00:00,154.72,154.761,154.657,154.674,13692.82
2024.04.22 10:00:00,154.674,154.686,154.592,154.656,11506.91
2024.04.22 11:00:00,154.659,154.731,154.626,154.722,9530.51
2024.04.22 12:00:00,154.723,154.769,154.701,154.767,8789.98
2024.04.22 13:00:00,154.767,154.779,154.722,154.754,6292.1
2024.04.22 14:00:00,154.754,154.778,154.726,154.761,5863.91
2024.04.22 15:00:00,154.761,154.769,154.682,154.746,10726.7
2024.04.22 16:00:00,154.747,154.765,154.704,154.739,11839.44
2024.04.22 17:00:00,154.739,154.775,154.715,154.732,8763.84
2024.04.22 18:00:00,154.729,154.787,154.716,154.772,6407.12
2024.04.22 19:00:00,154.773,154.848,154.754,154.797,7000.54
2024.04.22 20:00:00,154.797,154.813,154.763,154.813,4237.55
2024.04.22 21:00:00,154.812,154.828,154.781,154.796,8760.94
2024.04.22 22:00:00,154.797,154.845,154.796,154.833,4482.02
2024.04.22 23:00:00,154.833,154.844,154.822,154.831,1339.2
2024.04.23 00:00:00,154.83,154.834,154.801,154.801,894.49
2024.04.23 01:00:00,154.807,154.823,154.77,154.808,2481.56
2024.04.23 02:00:00,154.808,154.839,154.778,154.813,2414.58
2024.04.23 03:00:00,154.813,154.824,154.7,154.784,7087.87
2024.04.23 04:00:00,154.784,154.79,154.655,154.726,12373.79
2024.04.23 05:00:00,154.729,154.77,154.711,154.764,4388.11
2024.04.23 06:00:00,154.765,154.776,154.723,154.751,4678.81
2024.04.23 07:00:00,154.751,154.763,154.718,154.738,4607.67
2024.04.23 08:00:00,154.737,154.793,154.737,154.768,4670.15
2024.04.23 09:00:00,154.767,154.783,154.715,154.758,7375.81
2024.04.23 10:00:00,154.758,154.86,154.755,154.821,10755.11
2024.04.23 11:00:00,154.819,154.862,154.798,154.844,7204.27
2024.04.23 12:00:00,154.845,154.854,154.805,154.835,7071.59
2024.04.23 13:00:00,154.835,154.836,154.779,154.798,6712.58
2024.04.23 14:00:00,154.8,154.822,154.761,154.801,7706.81
2024.04.23 15:00:00,154.801,154.832,154.767,154.809,8929.03
2024.04.23 16:00:00,154.809,154.875,154.574,154.641,17586.68
2024.04.23 17:00:00,154.64,154.802,154.571,154.794,31131.52
2024.04.23 18:00:00,154.794,154.838,154.768,154.817,13647.66
2024.04.23 19:00:00,154.815,154.835,154.777,154.823,4482.61
2024.04.23 20:00:00,154.823,154.83,154.55,154.749,12047.83
2024.04.23 21:00:00,154.749,154.811,154.71,154.754,4600.45
2024.04.23 22:00:00,154.753,154.824,154.744,154.821,5789.32
2024.04.23 23:00:00,154.82,154.835,154.816,154.823,3507.56
2024.04.24 00:00:00,154.82,154.82,154.761,154.774,1318.01
2024.04.24 01:00:00,154.774,154.804,154.748,154.779,1232.25
2024.04.24 02:00:00,154.779,154.783,154.729,154.748,2575.29
2024.04.24 03:00:00,154.747,154.82,154.739,154.797,5752.14
2024.04.24 04:00:00,154.797,154.822,154.771,154.796,7640.35
2024.04.24 05:00:00,154.797,154.816,154.788,154.81,5858.62
2024.04.24 06:00:00,154.808,154.853,154.8,154.846,3616.07
2024.04.24 07:00:00,154.848,154.875,154.833,154.839,3384.02
2024.04.24 08:00:00,154.839,154.883,154.835,154.873,3857.59
2024.04.24 09:00:00,154.872,154.941,154.862,154.929,10158.82
2024.04.24 10:00:00,154.929,154.969,154.768,154.901,15041.63
2024.04.24 11:00:00,154.9,154.925,154.861,154.898,8420.54
2024.04.24 12:00:00,154.898,154.935,154.869,154.933,6051.4
2024.04.24 13:00:00,154.934,154.936,154.901,154.932,4315.93
2024.04.24 14:00:00,154.931,154.944,154.902,154.927,6052.98
2024.04.24 15:00:00,154.926,155.17,154.763,154.949,21317.17
2024.04.24 16:00:00,154.948,155.015,154.838,154.984,17705.05
2024.04.24 17:00:00,154.985,155.107,154.941,155.002,16704.26
2024.04.24 18:00:00,155.001,155.133,154.971,155.117,11663.48
2024.04.24 19:00:00,155.117,155.132,155.061,155.112,8075.4
2024.04.24 20:00:00,155.112,155.372,155.083,155.287,8178.27
2024.04.24 21:00:00,155.286,155.333,155.24,155.266,5563.75
2024.04.24 22:00:00,155.265,155.304,155.219,155.297,4725.11
2024.04.24 23:00:00,155.296,155.37,155.288,155.332,3461.39
2024.04.25 00:00:00,155.33,155.331,155.205,155.228,957.04
2024.04.25 01:00:00,155.228,155.241,155.195,155.224,2256.78
2024.04.25 02:00:00,155.224,155.274,155.206,155.268,3678.24
2024.04.25 03:00:00,155.268,155.416,155.243,155.374,8862.75
2024.04.25 04:00:00,155.375,155.45,155.35,155.392,6183.72
2024.04.25 05:00:00,155.395,155.442,155.363,155.433,7167.43
2024.04.25 06:00:00,155.435,155.516,155.417,155.461,9028.98
2024.04.25 07:00:00,155.46,155.624,155.449,155.588,8900.51
2024.04.25 08:00:00,155.588,155.739,155.587,155.659,9688.41
2024.04.25 09:00:00,155.661,155.69,155.604,155.664,13516.56
2024.04.25 10:00:00,155.667,155.689,155.562,155.628,13316.16
2024.04.25 11:00:00,155.628,155.691,155.61,155.671,7608.7
2024.04.25 12:00:00,155.672,155.691,155.629,155.632,8169.44
2024.04.25 13:00:00,155.632,155.64,155.515,155.543,8017.85
2024.04.25 14:00:00,155.542,155.576,155.493,155.555,11154.49
2024.04.25 15:00:00,155.556,155.747,155.305,155.679,32188.88
2024.04.25 16:00:00,155.679,155.685,155.349,155.649,43090.24
2024.04.25 17:00:00,155.65,155.683,155.506,155.566,21750.98
2024.04.25 18:00:00,155.567,155.585,155.497,155.518,12262.57
2024.04.25 19:00:00,155.522,155.608,155.495,155.51,9834.23
2024.04.25 20:00:00,155.509,155.611,155.474,155.564,7764.34
2024.04.25 21:00:00,155.564,155.642,155.53,155.6,9273.74
2024.04.25 22:00:00,155.601,155.635,155.556,155.63,10372.42
2024.04.25 23:00:00,155.63,155.651,155.608,155.643,3805.05
2024.04.26 00:00:00,155.635,155.635,155.508,155.57,2275.95
2024.04.26 01:00:00,155.578,155.613,155.544,155.569,1594.41
2024.04.26 02:00:00,155.569,155.639,155.546,155.621,3383.95
2024.04.26 03:00:00,155.621,155.646,155.571,155.633,8123.48
2024.04.26 04:00:00,155.632,155.659,155.553,155.592,6229.78
2024.04.26 05:00:00,155.611,155.629,155.534,155.562,8822.72
2024.04.26 06:00:00,155.561,156.141,155.41,155.942,17771.85
2024.04.26 07:00:00,155.943,156.212,155.942,156.195,6760.64
2024.04.26 08:00:00,156.196,156.213,156.089,156.103,3639.58
2024.04.26 09:00:00,156.104,156.461,155.908,156.38,13997.74
2024.04.26 10:00:00,156.377,156.82,156.374,156.701,18386.23
2024.04.26 11:00:00,156.703,156.706,154.965,156.559,25660.54
2024.04.26 12:00:00,156.561,156.692,156.459,156.687,12850.05
2024.04.26 13:00:00,156.687,156.84,156.633,156.818,10494.73
2024.04.26 14:00:00,156.818,156.865,156.279,156.817,16555.42
2024.04.26 15:00:00,156.816,156.949,156.606,156.831,32834.33
2024.04.26 16:00:00,156.83,156.933,156.772,156.931,24425.94
2024.04.26 17:00:00,156.93,157.31,156.839,157.265,34934.71
2024.04.26 18:00:00,157.265,157.671,157.208,157.62,24615.92
2024.04.26 19:00:00,157.62,157.791,157.585,157.647,15184.32
2024.04.26 20:00:00,157.647,157.79,157.579,157.702,5854.34
2024.04.26 21:00:00,157.701,157.777,157.696,157.723,3634.03
2024.04.26 22:00:00,157.721,157.896,157.706,157.889,9785.42
2024.04.26 23:00:00,157.889,158.439,157.854,158.291,8913.2
2024.04.29 00:00:00,157.806,157.972,157.703,157.891,824.82
2024.04.29 01:00:00,157.897,158.431,157.897,158.223,10444.11
2024.04.29 02:00:00,158.224,158.335,158.19,158.2,6097.82
2024.04.29 03:00:00,158.201,158.302,158.048,158.192,8333.73
2024.04.29 04:00:00,158.191,160.203,158.191,159.164,20483.49
2024.04.29 05:00:00,159.167,159.472,159.086,159.369,12969.53
2024.04.29 06:00:00,159.369,159.457,159.303,159.396,6396.62
2024.04.29 07:00:00,159.396,159.594,155.187,156.292,50668
2024.04.29 08:00:00,156.303,156.938,155.043,156.792,36238.59
2024.04.29 09:00:00,156.792,157.233,156.67,157.034,27191.91
2024.04.29 10:00:00,157.029,157.184,154.523,155.561,71302.36
2024.04.29 11:00:00,155.561,155.945,155.062,155.868,31375.48
2024.04.29 12:00:00,155.882,155.958,155.455,155.735,16355.47
2024.04.29 13:00:00,155.735,155.957,155.467,155.884,14902.11
2024.04.29 14:00:00,155.882,156.383,155.83,156.225,14835.01
2024.04.29 15:00:00,156.225,156.503,156.091,156.415,21892.28
2024.04.29 16:00:00,156.417,156.728,156.25,156.711,25787.44
2024.04.29 17:00:00,156.711,156.891,156.657,156.678,22866.7
2024.04.29 18:00:00,156.68,156.75,156.578,156.715,12059.46
2024.04.29 19:00:00,156.713,156.731,155.086,155.846,25224.58
2024.04.29 20:00:00,155.83,156.167,155.752,156.094,12508.76
2024.04.29 21:00:00,156.094,156.097,155.572,155.811,14487.55
2024.04.29 22:00:00,155.81,156.094,155.809,156.037,8602.78
2024.04.29 23:00:00,156.035,156.363,156.013,156.322,4046.18
2024.04.30 00:00:00,156.322,156.322,156.138,156.268,1192.96
2024.04.30 01:00:00,156.268,156.306,156.057,156.267,6985.88
2024.04.30 02:00:00,156.269,156.387,156.17,156.332,6763.25
2024.04.30 03:00:00,156.325,156.834,156.166,156.812,16761.76
2024.04.30 04:00:00,156.811,156.999,156.562,156.855,13805.12
2024.04.30 05:00:00,156.854,156.891,156.687,156.721,7241.12
2024.04.30 06:00:00,156.721,156.869,156.706,156.734,7838.58
2024.04.30 07:00:00,156.733,156.84,156.728,156.754,8926.06
2024.04.30 08:00:00,156.754,156.829,156.703,156.826,11453.43
2024.04.30 09:00:00,156.828,156.89,156.712,156.826,16594.51
2024.04.30 10:00:00,156.825,156.948,156.472,156.864,12781.83
2024.04.30 11:00:00,156.862,156.978,156.819,156.935,7541.31
2024.04.30 12:00:00,156.935,156.956,156.874,156.925,8581.45
2024.04.30 13:00:00,156.924,156.951,156.817,156.919,6240.91
2024.04.30 14:00:00,156.919,156.955,156.899,156.955,3233.67
2024.04.30 15:00:00,156.957,157.493,156.809,157.454,19174.58
2024.04.30 16:00:00,157.454,157.539,157.305,157.423,16117.12
2024.04.30 17:00:00,157.42,157.462,157.241,157.337,13616.22
2024.04.30 18:00:00,157.336,157.573,157.311,157.545,7928.41
2024.04.30 19:00:00,157.54,157.574,157.435,157.46,3479.55
2024.04.30 20:00:00,157.46,157.642,157.444,157.566,3745.71
2024.04.30 21:00:00,157.566,157.729,157.548,157.697,4191.23
2024.04.30 22:00:00,157.697,157.76,157.675,157.707,3700.37
2024.04.30 23:00:00,157.711,157.842,157.709,157.782,3635.36
2024.05.01 00:00:00,157.782,157.782,157.633,157.7,1155.77
2024.05.01 01:00:00,157.698,157.812,157.643,157.703,9052.91
2024.05.01 02:00:00,157.703,157.751,157.68,157.747,13883.8
2024.05.01 03:00:00,157.747,157.856,157.685,157.744,18447.76
2024.05.01 04:00:00,157.743,157.848,157.734,157.801,9382.09
2024.05.01 05:00:00,157.801,157.893,157.793,157.878,7304.35
2024.05.01 06:00:00,157.882,157.932,157.84,157.914,5121.6
2024.05.01 07:00:00,157.915,157.924,157.816,157.857,5281.5
2024.05.01 08:00:00,157.855,157.918,157.824,157.916,5782.1
2024.05.01 09:00:00,157.917,157.977,157.851,157.971,10346.42
2024.05.01 10:00:00,157.971,157.985,157.866,157.88,11498.64
2024.05.01 11:00:00,157.882,157.981,157.864,157.952,5789.35
2024.05.01 12:00:00,157.953,157.967,157.898,157.916,4167.02
2024.05.01 13:00:00,157.915,157.927,157.856,157.909,7262.71
2024.05.01 14:00:00,157.909,157.91,157.863,157.874,7554.26
2024.05.01 15:00:00,157.874,157.922,157.762,157.781,12160.08
2024.05.01 16:00:00,157.779,157.814,157.507,157.594,14782.84
2024.05.01 17:00:00,157.593,157.715,157.383,157.661,23522.3
2024.05.01 18:00:00,157.661,157.735,157.586,157.646,12687.51
2024.05.01 19:00:00,157.648,157.664,157.599,157.617,7117.11
2024.05.01 20:00:00,157.616,157.668,157.561,157.636,7293.08
2024.05.01 21:00:00,157.638,157.756,157.002,157.117,43973.85
2024.05.01 22:00:00,157.116,157.488,157.104,157.477,24479.3
2024.05.01 23:00:00,157.493,157.585,152.989,154.56,48046.82
2024.05.02 00:00:00,154.5,155.337,154.224,154.248,5892.77
2024.05.02 01:00:00,154.178,155.436,154.155,155.431,15412.6
2024.05.02 02:00:00,155.431,155.756,155.202,155.727,13149.31
2024.05.02 03:00:00,155.726,156.083,155.652,156.017,13939.16
2024.05.02 04:00:00,156.015,156.283,155.927,156.082,9228.53
2024.05.02 05:00:00,156.083,156.144,155.698,155.823,11408.6
2024.05.02 06:00:00,155.825,156.101,155.785,155.943,9339.27
2024.05.02 07:00:00,155.942,156.074,155.702,155.827,9565.47
2024.05.02 08:00:00,155.828,155.89,155.59,155.697,8977.87
2024.05.02 09:00:00,155.697,155.709,155.163,155.438,15602.79
2024.05.02 10:00:00,155.437,155.523,155.202,155.498,14067.89
2024.05.02 11:00:00,155.497,155.553,155.101,155.146,16871.52
2024.05.02 12:00:00,155.146,155.311,155.021,155.264,16695.18
2024.05.02 13:00:00,155.263,155.351,155.086,155.094,14004.06
2024.05.02 14:00:00,155.091,155.172,154.668,154.741,23503.98
2024.05.02 15:00:00,154.739,154.865,154.402,154.519,37537.83
2024.05.02 16:00:00,154.518,154.785,154.345,154.4,38908.25
2024.05.02 17:00:00,154.399,154.546,154.043,154.068,43378.34
2024.05.02 18:00:00,154.067,154.15,153.472,153.782,35253.38
2024.05.02 19:00:00,153.782,153.924,153.497,153.767,24382.65
2024.05.02 20:00:00,153.771,153.811,153.239,153.379,20989.83
2024.05.02 21:00:00,153.379,153.414,153.057,153.057,17580.24
2024.05.02 22:00:00,153.056,153.318,153.056,153.188,11525.43
2024.05.02 23:00:00,153.188,153.821,153.186,153.563,8838.91
2024.05.03 00:00:00,153.538,153.767,153.512,153.682,1159.83
2024.05.03 01:00:00,153.681,153.681,153.211,153.271,7501.17
2024.05.03 02:00:00,153.271,153.297,152.876,153.134,14013.79
2024.05.03 03:00:00,153.132,153.446,152.932,153.146,17118.16
2024.05.03 04:00:00,153.146,153.232,152.748,152.841,14408.24
2024.05.03 05:00:00,152.839,153.064,152.756,153.038,12923.64
2024.05.03 06:00:00,153.038,153.142,152.937,153.006,6846.76
2024.05.03 07:00:00,153.005,153.079,152.81,152.914,8593.54
2024.05.03 08:00:00,152.919,153.063,152.847,152.993,9043.25
2024.05.03 09:00:00,152.994,153.313,152.893,153.286,22975.23
2024.05.03 10:00:00,153.284,153.302,153.15,153.298,17976.28
2024.05.03 11:00:00,153.297,153.332,153.151,153.19,16508.71
2024.05.03 12:00:00,153.19,153.199,152.95,153.051,12676.31
2024.05.03 13:00:00,153.05,153.125,153.039,153.097,13517.02
2024.05.03 14:00:00,153.097,153.236,153.088,153.202,15050.98
2024.05.03 15:00:00,153.199,153.306,151.857,152.199,48187.78
2024.05.03 16:00:00,152.206,152.629,152.169,152.511,55074.77
2024.05.03 17:00:00,152.435,153.073,152.141,152.893,33105.43
2024.05.03 18:00:00,152.891,152.956,152.736,152.857,21817.48
2024.05.03 19:00:00,152.854,152.902,152.749,152.874,10435.7
2024.05.03 20:00:00,152.874,152.957,152.841,152.901,6071.84
2024.05.03 21:00:00,152.9,152.981,152.895,152.935,13391.66
2024.05.03 22:00:00,152.936,152.959,152.842,152.889,7499.36
2024.05.03 23:00:00,152.888,153.008,152.848,153.008,4691.47
2024.05.06 00:00:00,152.886,152.906,152.764,152.784,361.16
2024.05.06 01:00:00,152.808,153.244,152.808,153.227,3807.68
2024.05.06 02:00:00,153.232,153.703,153.121,153.655,7763.35
2024.05.06 03:00:00,153.658,153.755,153.318,153.411,14167.73
2024.05.06 04:00:00,153.411,153.647,153.339,153.564,10613.05
2024.05.06 05:00:00,153.563,153.812,153.552,153.76,9369.23
2024.05.06 06:00:00,153.76,153.969,153.74,153.918,8258.14
2024.05.06 07:00:00,153.924,154.005,153.847,153.929,9209.01
2024.05.06 08:00:00,153.93,153.976,153.872,153.924,6610.09
2024.05.06 09:00:00,153.922,153.945,153.684,153.687,11088.04
2024.05.06 10:00:00,153.689,153.823,153.659,153.802,10088.44
2024.05.06 11:00:00,153.801,153.878,153.684,153.729,11996.19
2024.05.06 12:00:00,153.728,153.843,153.707,153.781,9392.86
2024.05.06 13:00:00,153.78,153.825,153.683,153.809,8018.4
2024.05.06 14:00:00,153.81,153.818,153.742,153.75,5193.46
2024.05.06 15:00:00,153.75,153.791,153.411,153.52,13515.31
2024.05.06 16:00:00,153.519,153.808,153.499,153.785,12785.32
2024.05.06 17:00:00,153.786,153.964,153.673,153.926,13917.17
2024.05.06 18:00:00,153.926,154.001,153.848,153.855,11665.88
2024.05.06 19:00:00,153.856,153.963,153.835,153.904,10225.81
2024.05.06 20:00:00,153.904,153.931,153.817,153.907,11028.03
2024.05.06 21:00:00,153.906,153.963,153.87,153.907,9485.16
2024.05.06 22:00:00,153.907,153.963,153.884,153.938,10542.92
2024.05.06 23:00:00,153.936,153.948,153.864,153.902,2862.4
2024.05.07 00:00:00,153.886,153.894,153.843,153.863,405.94
2024.05.07 01:00:00,153.863,153.959,153.856,153.954,1482.27
2024.05.07 02:00:00,153.953,154.281,153.953,154.239,4784.86
2024.05.07 03:00:00,154.239,154.288,153.88,153.938,14003.34
2024.05.07 04:00:00,153.939,154.436,153.87,154.359,16998.1
2024.05.07 05:00:00,154.358,154.592,154.349,154.549,12154.35
2024.05.07 06:00:00,154.549,154.572,154.461,154.55,11205.36
2024.05.07 07:00:00,154.551,154.649,154.423,154.477,6974
2024.05.07 08:00:00,154.476,154.551,154.381,154.543,6873.85
2024.05.07 09:00:00,154.539,154.577,154.321,154.35,12396.37
2024.05.07 10:00:00,154.35,154.44,154.079,154.113,19344.64
2024.05.07 11:00:00,154.114,154.432,153.976,154.401,20381.08
2024.05.07 12:00:00,154.401,154.615,154.392,154.559,16064.19
2024.05.07 13:00:00,154.56,154.63,154.472,154.477,10885.13
2024.05.07 14:00:00,154.476,154.56,154.378,154.525,11321.75
2024.05.07 15:00:00,154.525,154.629,154.392,154.409,14928.13
2024.05.07 16:00:00,154.411,154.488,154.248,154.401,16508.65
2024.05.07 17:00:00,154.401,154.467,154.236,154.422,15789.65
2024.05.07 18:00:00,154.421,154.594,154.361,154.592,9169.88
2024.05.07 19:00:00,154.588,154.591,154.481,154.503,6748.6
2024.05.07 20:00:00,154.501,154.672,154.458,154.647,11818.69
2024.05.07 21:00:00,154.647,154.746,154.647,154.741,8947.42
2024.05.07 22:00:00,154.743,154.743,154.627,154.635,7257.51
2024.05.07 23:00:00,154.635,154.706,154.635,154.679,3809.86
2024.05.08 00:00:00,154.669,154.673,154.496,154.589,2562.54
2024.05.08 01:00:00,154.59,154.74,154.59,154.739,2042.48
2024.05.08 02:00:00,154.739,154.84,154.731,154.771,4571.78
2024.05.08 03:00:00,154.771,154.925,154.688,154.893,14129.29
2024.05.08 04:00:00,154.894,155.183,154.883,155.135,14514.37
2024.05.08 05:00:00,155.139,155.263,155.094,155.165,7810.4
2024.05.08 06:00:00,155.167,155.219,155.07,155.162,5259.51
2024.05.08 07:00:00,155.161,155.204,155.081,155.173,5209.44
2024.05.08 08:00:00,155.173,155.26,155.158,155.172,7056.82
2024.05.08 09:00:00,155.17,155.277,155.114,155.261,14540.42
2024.05.08 10:00:00,155.26,155.36,155.202,155.327,13652.47
2024.05.08 11:00:00,155.327,155.449,155.21,155.431,17587.63
2024.05.08 12:00:00,155.432,155.51,155.279,155.392,18189.24
2024.05.08 13:00:00,155.391,155.43,155.333,155.378,9045.84
2024.05.08 14:00:00,155.378,155.516,155.353,155.491,11036.99
2024.05.08 15:00:00,155.492,155.683,155.488,155.611,13797.92
2024.05.08 16:00:00,155.608,155.651,155.504,155.637,12480.16
2024.05.08 17:00:00,155.639,155.643,155.505,155.592,11734.74
2024.05.08 18:00:00,155.59,155.621,155.341,155.424,14271.53
2024.05.08 19:00:00,155.426,155.561,155.419,155.547,14018.44
2024.05.08 20:00:00,155.544,155.601,155.51,155.546,8004.22
2024.05.08 21:00:00,155.546,155.626,155.544,155.613,7919.54
2024.05.08 22:00:00,155.612,155.658,155.605,155.633,5922.4
2024.05.08 23:00:00,155.632,155.644,155.467,155.467,4497.4
2024.05.09 00:00:00,155.467,155.544,155.419,155.482,1171.3
2024.05.09 01:00:00,155.499,155.594,155.484,155.585,2376.63
2024.05.09 02:00:00,155.583,155.595,155.346,155.376,5051.97
2024.05.09 03:00:00,155.375,155.694,155.152,155.623,19582.89
2024.05.09 04:00:00,155.624,155.665,155.431,155.577,9641.53
2024.05.09 05:00:00,155.579,155.616,155.536,155.596,7472.68
2024.05.09 06:00:00,155.596,155.618,155.511,155.552,5727.18
2024.05.09 07:00:00,155.553,155.605,155.538,155.573,4558.46
2024.05.09 08:00:00,155.572,155.653,155.541,155.623,5181.78
2024.05.09 09:00:00,155.625,155.821,155.621,155.756,7739.51
2024.05.09 10:00:00,155.756,155.846,155.712,155.837,14029.82
2024.05.09 11:00:00,155.837,155.873,155.796,155.848,12139.61
2024.05.09 12:00:00,155.849,155.951,155.843,155.912,9223.47
2024.05.09 13:00:00,155.912,155.942,155.88,155.917,7882.49
2024.05.09 14:00:00,155.918,155.947,155.82,155.879,13168.15
2024.05.09 15:00:00,155.877,155.917,155.517,155.701,19482.4
2024.05.09 16:00:00,155.702,155.797,155.569,155.645,23503.8
2024.05.09 17:00:00,155.645,155.663,155.43,155.56,18638.84
2024.05.09 18:00:00,155.558,155.728,155.503,155.683,11007.94
2024.05.09 19:00:00,155.682,155.709,155.596,155.629,8186.96
2024.05.09 20:00:00,155.63,155.642,155.508,155.554,9069.99
2024.05.09 21:00:00,155.558,155.571,155.425,155.442,8338.46
2024.05.09 22:00:00,155.444,155.497,155.409,155.427,6338.69
2024.05.09 23:00:00,155.426,155.485,155.4,155.436,3327.79
2024.05.10 00:00:00,155.434,155.487,155.434,155.469,1697.8
2024.05.10 01:00:00,155.468,155.471,155.298,155.354,3458.86
2024.05.10 02:00:00,155.355,155.403,155.264,155.394,1953.37
2024.05.10 03:00:00,155.396,155.605,155.358,155.532,12226.32
2024.05.10 04:00:00,155.532,155.689,155.46,155.684,8106.43
2024.05.10 05:00:00,155.685,155.772,155.663,155.757,6478.28
2024.05.10 06:00:00,155.758,155.758,155.686,155.731,3799.03
2024.05.10 07:00:00,155.729,155.735,155.655,155.673,4845.42
2024.05.10 08:00:00,155.674,155.682,155.573,155.625,7235.39
2024.05.10 09:00:00,155.626,155.711,155.497,155.671,16597.99
2024.05.10 10:00:00,155.672,155.779,155.65,155.687,17129.29
2024.05.10 11:00:00,155.686,155.733,155.621,155.718,10796.23
2024.05.10 12:00:00,155.717,155.748,155.663,155.711,13946.63
2024.05.10 13:00:00,155.71,155.764,155.691,155.746,13731.09
2024.05.10 14:00:00,155.745,155.775,155.679,155.741,5781.75
2024.05.10 15:00:00,155.74,155.871,155.708,155.825,16692.62
2024.05.10 16:00:00,155.824,155.849,155.601,155.63,21227.71
2024.05.10 17:00:00,155.633,155.903,155.62,155.872,23944.47
2024.05.10 18:00:00,155.871,155.895,155.824,155.853,14788.97
2024.05.10 19:00:00,155.853,155.895,155.769,155.828,8237.62
2024.05.10 20:00:00,155.826,155.842,155.751,155.84,5093.28
2024.05.10 21:00:00,155.842,155.885,155.836,155.849,5377.02
2024.05.10 22:00:00,155.845,155.847,155.763,155.774,3534.84
2024.05.10 23:00:00,155.773,155.802,155.733,155.761,2335.07
2024.05.13 00:00:00,155.629,155.697,155.629,155.656,440.5
2024.05.13 01:00:00,155.656,155.782,155.656,155.776,2609.61
2024.05.13 02:00:00,155.777,155.833,155.757,155.83,3993.24
2024.05.13 03:00:00,155.83,155.955,155.816,155.929,7964.24
2024.05.13 04:00:00,155.927,155.952,155.502,155.835,15160.09
2024.05.13 05:00:00,155.836,155.892,155.697,155.742,6896.57
2024.05.13 06:00:00,155.744,155.814,155.713,155.759,7246.02
2024.05.13 07:00:00,155.761,155.806,155.754,155.803,2333.36
2024.05.13 08:00:00,155.804,155.867,155.765,155.844,5135.91
2024.05.13 09:00:00,155.839,155.925,155.774,155.845,13550.12
2024.05.13 10:00:00,155.845,155.895,155.778,155.882,10962.85
2024.05.13 11:00:00,155.883,155.917,155.825,155.873,10314.06
2024.05.13 12:00:00,155.874,155.892,155.835,155.891,4435.56
2024.05.13 13:00:00,155.89,155.896,155.837,155.876,10590.1
2024.05.13 14:00:00,155.878,155.893,155.845,155.878,5630.36
2024.05.13 15:00:00,155.879,155.879,155.715,155.756,13021.41
2024.05.13 16:00:00,155.755,155.863,155.684,155.839,17511.69
2024.05.13 17:00:00,155.839,155.933,155.835,155.918,14439.53
2024.05.13 18:00:00,155.916,156.222,155.874,156.175,15230.45
2024.05.13 19:00:00,156.175,156.224,156.113,156.218,7393.3
2024.05.13 20:00:00,156.219,156.247,156.205,156.228,3473.57
2024.05.13 21:00:00,156.214,156.24,156.167,156.199,6445.17
2024.05.13 22:00:00,156.2,156.232,156.184,156.214,5680.79
2024.05.13 23:00:00,156.219,156.24,156.189,156.195,2059.58
2024.05.14 00:00:00,156.195,156.225,156.088,156.193,2480.85
2024.05.14 01:00:00,156.194,156.241,156.174,156.224,2353.65
2024.05.14 02:00:00,156.225,156.24,156.182,156.228,3779.17
2024.05.14 03:00:00,156.228,156.398,156.223,156.296,9172.65
2024.05.14 04:00:00,156.294,156.458,156.292,156.421,8656.25
2024.05.14 05:00:00,156.423,156.496,156.42,156.445,4016.71
2024.05.14 06:00:00,156.445,156.451,156.375,156.411,4350.28
2024.05.14 07:00:00,156.414,156.434,156.374,156.41,3066.34
2024.05.14 08:00:00,156.411,156.446,156.393,156.417,6779.01
2024.05.14 09:00:00,156.418,156.542,156.406,156.452,12787.99
2024.05.14 10:00:00,156.451,156.505,156.423,156.462,6616.55
2024.05.14 11:00:00,156.462,156.49,156.408,156.455,8657.07
2024.05.14 12:00:00,156.455,156.469,156.286,156.351,7727.29
2024.05.14 13:00:00,156.351,156.435,156.346,156.428,6599.35
2024.05.14 14:00:00,156.428,156.462,156.406,156.451,4179.5
2024.05.14 15:00:00,156.45,156.783,156.404,156.581,22389.76
2024.05.14 16:00:00,156.582,156.655,156.229,156.351,25644.28
2024.05.14 17:00:00,156.352,156.519,156.28,156.392,17040.14
2024.05.14 18:00:00,156.393,156.511,156.373,156.504,13047.49
2024.05.14 19:00:00,156.504,156.542,156.45,156.482,8083.81
2024.05.14 20:00:00,156.478,156.515,156.428,156.505,4017.68
2024.05.14 21:00:00,156.504,156.509,156.382,156.435,5754.64
2024.05.14 22:00:00,156.435,156.473,156.406,156.462,6503.84
2024.05.14 23:00:00,156.461,156.465,156.403,156.403,3147.03
2024.05.15 00:00:00,156.403,156.434,156.391,156.417,1077.17
2024.05.15 01:00:00,156.418,156.48,156.391,156.434,1898.11
2024.05.15 02:00:00,156.434,156.524,156.423,156.521,2220.69
2024.05.15 03:00:00,156.521,156.56,156.384,156.389,8838.89
2024.05.15 04:00:00,156.387,156.446,156.306,156.385,5297.33
2024.05.15 05:00:00,156.385,156.478,156.385,156.46,5841.07
2024.05.15 06:00:00,156.461,156.463,156.386,156.395,3645.92
2024.05.15 07:00:00,156.393,156.395,156.342,156.358,3510.53
2024.05.15 08:00:00,156.358,156.364,156.172,156.235,9097.33
2024.05.15 09:00:00,156.236,156.39,156.226,156.255,11932.18
2024.05.15 10:00:00,156.255,156.284,155.959,156.097,14404.86
2024.05.15 11:00:00,156.098,156.121,155.573,155.649,22826.71
2024.05.15 12:00:00,155.647,155.846,155.601,155.828,15043.38
2024.05.15 13:00:00,155.828,155.879,155.7,155.737,12684.56
2024.05.15 14:00:00,155.735,155.756,155.572,155.674,14694.31
2024.05.15 15:00:00,155.675,155.687,154.75,155.116,39586.17
2024.05.15 16:00:00,155.118,155.802,155.026,155.738,27853.06
2024.05.15 17:00:00,155.741,155.761,155.294,155.312,22931.42
2024.05.15 18:00:00,155.312,155.35,154.74,155.024,28480.52
2024.05.15 19:00:00,155.024,155.127,154.833,154.98,18702.03
2024.05.15 20:00:00,154.981,155.004,154.69,154.746,15611.88
2024.05.15 21:00:00,154.745,155.025,154.731,154.908,9647.84
2024.05.15 22:00:00,154.906,155.02,154.863,154.967,10538.06
2024.05.15 23:00:00,154.968,154.969,154.823,154.863,3900.36
2024.05.16 00:00:00,154.862,154.862,154.73,154.768,2140.01
2024.05.16 01:00:00,154.773,154.804,154.502,154.557,7466.05
2024.05.16 02:00:00,154.556,154.677,154.151,154.3,13598.36
2024.05.16 03:00:00,154.301,154.534,153.598,153.66,27540.84
2024.05.16 04:00:00,153.66,154.123,153.626,154.095,19492.51
2024.05.16 05:00:00,154.095,154.311,153.829,154.005,16790.06
2024.05.16 06:00:00,154.006,154.081,153.892,153.97,7983.38
2024.05.16 07:00:00,153.969,154.05,153.802,153.935,8922.46
2024.05.16 08:00:00,153.933,154.193,153.848,154.175,9422.49
2024.05.16 09:00:00,154.175,154.379,154.111,154.363,15390.42
2024.05.16 10:00:00,154.36,154.449,154.277,154.414,15867.77
2024.05.16 11:00:00,154.416,154.81,154.334,154.712,18521.25
2024.05.16 12:00:00,154.713,154.784,154.634,154.673,15727.89
2024.05.16 13:00:00,154.675,154.738,154.61,154.672,14394.91
2024.05.16 14:00:00,154.672,154.942,154.653,154.877,13613.22
2024.05.16 15:00:00,154.876,155.336,154.608,155.307,27375.65
2024.05.16 16:00:00,155.309,155.532,155.261,155.463,31784.39
2024.05.16 17:00:00,155.463,155.491,155.226,155.301,23965.45
2024.05.16 18:00:00,155.301,155.327,155.159,155.255,13277.4
2024.05.16 19:00:00,155.256,155.355,155.238,155.265,9631.01
2024.05.16 20:00:00,155.263,155.297,155.211,155.252,8503.47
2024.05.16 21:00:00,155.251,155.332,155.237,155.327,6217.84
2024.05.16 22:00:00,155.328,155.422,155.313,155.417,9813.01
2024.05.16 23:00:00,155.417,155.432,155.356,155.363,1661.5
2024.05.17 00:00:00,155.363,155.381,155.332,155.343,2994.18
2024.05.17 01:00:00,155.342,155.43,155.313,155.382,2251.93
2024.05.17 02:00:00,155.381,155.454,155.345,155.399,5231.53
2024.05.17 03:00:00,155.397,155.589,155.348,155.445,12745.68
2024.05.17 04:00:00,155.445,155.868,155.417,155.819,19971.63
2024.05.17 05:00:00,155.818,155.927,155.777,155.873,7933.72
2024.05.17 06:00:00,155.873,155.899,155.777,155.792,8372.46
2024.05.17 07:00:00,155.793,155.851,155.731,155.807,7535.99
2024.05.17 08:00:00,155.801,155.849,155.714,155.797,8146.02
2024.05.17 09:00:00,155.799,155.801,155.595,155.646,13821.13
2024.05.17 10:00:00,155.65,155.837,155.622,155.822,12743.73
2024.05.17 11:00:00,155.823,155.977,155.817,155.864,12465.69
2024.05.17 12:00:00,155.865,155.908,155.78,155.836,7734.43
2024.05.17 13:00:00,155.839,155.906,155.803,155.838,7488.48
2024.05.17 14:00:00,155.839,155.917,155.825,155.854,7802.16
2024.05.17 15:00:00,155.853,155.892,155.711,155.786,14249.43
2024.05.17 16:00:00,155.786,155.797,155.68,155.742,14697.87
2024.05.17 17:00:00,155.739,155.745,155.342,155.403,17833.36
2024.05.17 18:00:00,155.404,155.577,155.247,155.576,17065.3
2024.05.17 19:00:00,155.575,155.633,155.465,155.623,10969.32
2024.05.17 20:00:00,155.623,155.687,155.582,155.667,10230.68
2024.05.17 21:00:00,155.664,155.684,155.608,155.675,7132.7
2024.05.17 22:00:00,155.675,155.693,155.619,155.672,2572.69
2024.05.17 23:00:00,155.674,155.722,155.572,155.603,2856.16
2024.05.20 00:00:00,155.534,155.678,155.525,155.613,497.28
2024.05.20 01:00:00,155.613,155.722,155.555,155.695,2341.96
2024.05.20 02:00:00,155.695,155.819,155.686,155.763,3908.93
2024.05.20 03:00:00,155.763,155.877,155.732,155.871,9690.88
2024.05.20 04:00:00,155.872,155.935,155.8,155.866,13481.33
2024.05.20 05:00:00,155.863,155.893,155.777,155.813,9415.45
2024.05.20 06:00:00,155.814,155.834,155.679,155.721,6577.69
2024.05.20 07:00:00,155.721,155.784,155.665,155.77,7815.64
2024.05.20 08:00:00,155.765,155.798,155.64,155.702,7241.89
2024.05.20 09:00:00,155.703,155.783,155.66,155.741,11754.88
2024.05.20 10:00:00,155.741,155.76,155.493,155.732,14659.11
2024.05.20 11:00:00,155.733,155.785,155.654,155.682,13683.97
2024.05.20 12:00:00,155.682,155.709,155.634,155.709,8676.52
2024.05.20 13:00:00,155.71,155.726,155.656,155.703,7028.01
2024.05.20 14:00:00,155.703,155.758,155.696,155.745,10447.06
2024.05.20 15:00:00,155.746,156.231,155.731,156.15,28899.34
2024.05.20 16:00:00,156.151,156.184,156.042,156.081,19315.37
2024.05.20 17:00:00,156.082,156.182,155.996,156.066,11176.33
2024.05.20 18:00:00,156.066,156.154,156.055,156.094,9848.63
2024.05.20 19:00:00,156.094,156.114,156.069,156.106,8117.53
2024.05.20 20:00:00,156.106,156.177,156.048,156.176,7023.44
2024.05.20 21:00:00,156.175,156.269,156.165,156.268,5988.93
2024.05.20 22:00:00,156.27,156.301,156.244,156.289,7122.47
2024.05.20 23:00:00,156.29,156.298,156.231,156.239,1746.81
2024.05.21 00:00:00,156.234,156.234,156.152,156.211,521.55
2024.05.21 01:00:00,156.212,156.288,156.204,156.263,1820.05
2024.05.21 02:00:00,156.263,156.402,156.26,156.401,6253.72
2024.05.21 03:00:00,156.4,156.465,156.34,156.425,14162.75
2024.05.21 04:00:00,156.429,156.492,156.418,156.479,12897
2024.05.21 05:00:00,156.48,156.496,156.394,156.433,10515.2
2024.05.21 06:00:00,156.431,156.491,156.406,156.475,10599.12
2024.05.21 07:00:00,156.477,156.545,156.405,156.447,12038.08
2024.05.21 08:00:00,156.446,156.47,156.295,156.376,11204.88
2024.05.21 09:00:00,156.375,156.376,156.103,156.245,31450.44
2024.05.21 10:00:00,156.247,156.273,156.028,156.232,22997.13
2024.05.21 11:00:00,156.232,156.293,156.135,156.257,15915.25
2024.05.21 12:00:00,156.257,156.276,156.083,156.118,15780.5
2024.05.21 13:00:00,156.117,156.246,156.1,156.218,14888.34
2024.05.21 14:00:00,156.217,156.321,156.209,156.225,16946.36
2024.05.21 15:00:00,156.226,156.393,156.188,156.241,27709.17
2024.05.21 16:00:00,156.242,156.432,155.955,156.049,39764.05
2024.05.21 17:00:00,156.049,156.147,155.841,155.945,32752.78
2024.05.21 18:00:00,155.947,156.146,155.947,156.081,19751.71
2024.05.21 19:00:00,156.081,156.186,156.07,156.122,6567.19
2024.05.21 20:00:00,156.119,156.25,156.106,156.219,9331.67
2024.05.21 21:00:00,156.219,156.247,156.174,156.213,11988.56
2024.05.21 22:00:00,156.214,156.25,156.135,156.168,9705.09
2024.05.21 23:00:00,156.168,156.214,156.147,156.147,2318.36
2024.05.22 00:00:00,156.147,156.162,156.07,156.127,593.54
2024.05.22 01:00:00,156.12,156.182,156.114,156.176,1380.68
2024.05.22 02:00:00,156.18,156.288,156.175,156.271,4284.1
2024.05.22 03:00:00,156.271,156.287,156.139,156.272,11012.4
2024.05.22 04:00:00,156.271,156.349,156.248,156.254,8921.1
2024.05.22 05:00:00,156.254,156.305,156.205,156.299,6890.7
2024.05.22 06:00:00,156.298,156.321,156.275,156.31,2506.5
2024.05.22 07:00:00,156.312,156.387,156.293,156.353,2227.8
2024.05.22 08:00:00,156.351,156.383,156.282,156.296,6080.02
2024.05.22 09:00:00,156.296,156.471,156.284,156.375,10313.98
2024.05.22 10:00:00,156.376,156.459,156.375,156.401,6662.99
2024.05.22 11:00:00,156.399,156.508,156.382,156.476,11020.24
2024.05.22 12:00:00,156.477,156.516,156.412,156.437,13853.56
2024.05.22 13:00:00,156.438,156.468,156.389,156.424,7679.45
2024.05.22 14:00:00,156.423,156.615,156.411,156.583,16451.34
2024.05.22 15:00:00,156.583,156.601,156.508,156.542,19411.16
2024.05.22 16:00:00,156.544,156.547,156.347,156.432,18753.37
2024.05.22 17:00:00,156.431,156.546,156.376,156.521,21005.16
2024.05.22 18:00:00,156.521,156.556,156.465,156.5,11748.42
2024.05.22 19:00:00,156.501,156.519,156.457,156.49,7851.14
2024.05.22 20:00:00,156.49,156.545,156.445,156.478,9636.39
2024.05.22 21:00:00,156.48,156.637,156.48,156.632,12564.13
2024.05.22 22:00:00,156.633,156.724,156.628,156.706,7351.46
2024.05.22 23:00:00,156.706,156.84,156.705,156.769,5672.56
2024.05.23 00:00:00,156.769,156.769,156.658,156.668,2075.98
2024.05.23 01:00:00,156.667,156.787,156.654,156.743,3857.32
2024.05.23 02:00:00,156.743,156.761,156.656,156.732,6082.6
2024.05.23 03:00:00,156.733,156.828,156.684,156.799,12929.8
2024.05.23 04:00:00,156.797,156.902,156.736,156.744,11372.8
2024.05.23 05:00:00,156.743,156.798,156.644,156.732,6728.65
2024.05.23 06:00:00,156.738,156.788,156.717,156.758,3668.51
2024.05.23 07:00:00,156.759,156.786,156.691,156.716,4595.28
2024.05.23 08:00:00,156.717,156.748,156.668,156.722,5722.56
2024.05.23 09:00:00,156.721,156.746,156.576,156.645,11977.42
2024.05.23 10:00:00,156.645,156.777,156.556,156.756,13158.73
2024.05.23 11:00:00,156.757,156.791,156.709,156.756,7920.16
2024.05.23 12:00:00,156.757,156.783,156.645,156.666,8485.79
2024.05.23 13:00:00,156.665,156.727,156.636,156.708,10605.84
2024.05.23 14:00:00,156.709,156.724,156.557,156.586,11794.46
2024.05.23 15:00:00,156.585,156.757,156.528,156.751,19825.95
2024.05.23 16:00:00,156.751,157.138,156.672,157.089,26019.38
2024.05.23 17:00:00,157.085,157.194,156.535,156.993,39607.31
2024.05.23 18:00:00,156.992,157.141,156.98,157.055,19558.75
2024.05.23 19:00:00,157.055,157.071,156.961,157.046,9333.57
2024.05.23 20:00:00,157.047,157.064,156.935,156.942,11554.36
2024.05.23 21:00:00,156.941,156.962,156.826,156.894,8940.34
2024.05.23 22:00:00,156.898,156.935,156.857,156.876,3522.3
2024.05.23 23:00:00,156.877,156.975,156.857,156.88,2232.76
2024.05.24 00:00:00,156.879,157,156.871,156.955,2507.56
2024.05.24 01:00:00,156.952,157.011,156.92,157.005,2964.45
2024.05.24 02:00:00,157.006,157.007,156.92,156.991,2260.08
2024.05.24 03:00:00,156.991,157.135,156.92,157.036,13088.28
2024.05.24 04:00:00,157.035,157.105,156.992,157.099,5147.32
2024.05.24 05:00:00,157.098,157.145,157.061,157.062,4843.07
2024.05.24 06:00:00,157.064,157.096,157.043,157.054,2207.61
2024.05.24 07:00:00,157.054,157.091,157.018,157.079,3251.83
2024.05.24 08:00:00,157.078,157.117,157.04,157.078,4771.5
2024.05.24 09:00:00,157.08,157.092,156.996,157.037,8089.08
2024.05.24 10:00:00,157.038,157.068,157.016,157.056,3586.41
2024.05.24 11:00:00,157.053,157.088,157.003,157.025,6415.01
2024.05.24 12:00:00,157.027,157.032,156.967,157.017,8415.44
2024.05.24 13:00:00,157.016,157.032,156.932,156.979,7055.88
2024.05.24 14:00:00,156.977,157.045,156.956,157.029,5919.94
2024.05.24 15:00:00,157.028,157.126,157.004,157.073,21806.99
2024.05.24 16:00:00,157.074,157.127,157.029,157.072,19157.8
2024.05.24 17:00:00,157.057,157.061,156.912,156.987,18332.04
2024.05.24 18:00:00,156.987,156.992,156.846,156.903,11241.26
2024.05.24 19:00:00,156.905,156.934,156.82,156.913,9831.31
2024.05.24 20:00:00,156.914,156.966,156.881,156.955,5714.75
2024.05.24 21:00:00,156.954,156.988,156.909,156.977,6514.89
2024.05.24 22:00:00,156.977,156.994,156.928,156.93,3164.87
2024.05.24 23:00:00,156.93,156.986,156.902,156.943,2058.19
2024.05.27 00:00:00,156.806,156.944,156.806,156.868,741.78
2024.05.27 01:00:00,156.908,156.943,156.787,156.855,2357.89
2024.05.27 02:00:00,156.856,156.914,156.82,156.866,2768.21
2024.05.27 03:00:00,156.867,156.926,156.75,156.83,4891.13
2024.05.27 04:00:00,156.831,156.846,156.678,156.806,9592.89
2024.05.27 05:00:00,156.805,156.805,156.689,156.726,3110.29
2024.05.27 06:00:00,156.727,156.767,156.661,156.703,4863.57
2024.05.27 07:00:00,156.702,156.778,156.687,156.769,2904.72
2024.05.27 08:00:00,156.771,156.797,156.726,156.76,4492.98
2024.05.27 09:00:00,156.761,156.842,156.747,156.821,11524.89
2024.05.27 10:00:00,156.82,156.956,156.82,156.909,6814.08
2024.05.27 11:00:00,156.909,156.948,156.865,156.947,4649.1
2024.05.27 12:00:00,156.948,156.949,156.878,156.892,5242.39
2024.05.27 13:00:00,156.892,156.892,156.844,156.857,5246.36
2024.05.27 14:00:00,156.858,156.892,156.819,156.877,8654.1
2024.05.27 15:00:00,156.878,156.893,156.818,156.821,9029.3
2024.05.27 16:00:00,156.821,156.832,156.758,156.818,7463.02
2024.05.27 17:00:00,156.816,156.829,156.722,156.722,5588.07
2024.05.27 18:00:00,156.722,156.872,156.705,156.866,9307.96
2024.05.27 19:00:00,156.867,156.913,156.856,156.895,6714.85
2024.05.27 20:00:00,156.897,156.911,156.863,156.868,3401.02
2024.05.27 21:00:00,156.867,156.875,156.843,156.868,6777.42
2024.05.27 22:00:00,156.868,156.879,156.843,156.879,2647.03
2024.05.27 23:00:00,156.881,156.929,156.81,156.811,3424.6
2024.05.28 00:00:00,156.83,156.88,156.797,156.854,992.4
2024.05.28 01:00:00,156.855,156.947,156.842,156.921,1575.03
2024.05.28 02:00:00,156.919,156.943,156.832,156.836,2108.62
2024.05.28 03:00:00,156.838,156.898,156.779,156.895,6624.22
2024.05.28 04:00:00,156.896,156.928,156.733,156.779,7588.08
2024.05.28 05:00:00,156.787,156.792,156.689,156.755,5721.68
2024.05.28 06:00:00,156.752,156.768,156.623,156.657,5087.73
2024.05.28 07:00:00,156.656,156.721,156.618,156.686,5018.27
2024.05.28 08:00:00,156.686,156.869,156.654,156.833,7213.77
2024.05.28 09:00:00,156.837,156.893,156.785,156.883,9771.31
2024.05.28 10:00:00,156.884,156.921,156.843,156.893,10502.88
2024.05.28 11:00:00,156.892,156.954,156.857,156.869,11381.8
2024.05.28 12:00:00,156.868,156.992,156.868,156.942,12733.14
2024.05.28 13:00:00,156.941,156.947,156.819,156.863,7690.56
2024.05.28 14:00:00,156.863,156.887,156.772,156.8,5852.26
2024.05.28 15:00:00,156.801,156.801,156.654,156.677,16073.95
2024.05.28 16:00:00,156.684,156.844,156.579,156.812,20389.6
2024.05.28 17:00:00,156.813,156.959,156.813,156.865,21096.12
2024.05.28 18:00:00,156.866,156.955,156.829,156.904,12244.18
2024.05.28 19:00:00,156.906,156.997,156.875,156.966,7406.18
2024.05.28 20:00:00,156.966,157.126,156.964,157.095,10656.23
2024.05.28 21:00:00,157.095,157.155,157.086,157.154,11410.27
2024.05.28 22:00:00,157.153,157.156,157.105,157.137,8532.58
2024.05.28 23:00:00,157.137,157.198,157.129,157.138,2406.28
2024.05.29 00:00:00,157.138,157.162,157.101,157.157,894.55
2024.05.29 01:00:00,157.158,157.263,157.137,157.215,1818.57
2024.05.29 02:00:00,157.214,157.286,157.212,157.271,2486.86
2024.05.29 03:00:00,157.272,157.405,157.261,157.372,7329.22
2024.05.29 04:00:00,157.375,157.386,157.219,157.245,6517.71
2024.05.29 05:00:00,157.247,157.305,157.205,157.292,6284.41
2024.05.29 06:00:00,157.291,157.333,157.269,157.313,3621.92
2024.05.29 07:00:00,157.314,157.346,157.228,157.253,6658.21
2024.05.29 08:00:00,157.253,157.269,157.202,157.222,4202.68
2024.05.29 09:00:00,157.223,157.231,156.894,157.095,22395.11
2024.05.29 10:00:00,157.097,157.154,157.019,157.151,12154.42
2024.05.29 11:00:00,157.148,157.187,157.066,157.099,10201.61
2024.05.29 12:00:00,157.098,157.174,157.094,157.158,10915.63
2024.05.29 13:00:00,157.157,157.281,157.154,157.231,11669.24
2024.05.29 14:00:00,157.232,157.292,157.196,157.269,11996.9
2024.05.29 15:00:00,157.266,157.292,157.157,157.195,12077.69
2024.05.29 16:00:00,157.195,157.386,157.164,157.342,16636.87
2024.05.29 17:00:00,157.34,157.499,157.309,157.497,13529.23
2024.05.29 18:00:00,157.497,157.639,157.437,157.625,18755.53
2024.05.29 19:00:00,157.627,157.704,157.612,157.682,10597.72
2024.05.29 20:00:00,157.682,157.707,157.623,157.634,8681.81
2024.05.29 21:00:00,157.635,157.682,157.622,157.668,2532.3
2024.05.29 22:00:00,157.668,157.698,157.639,157.687,7059.69
2024.05.29 23:00:00,157.687,157.703,157.625,157.625,2406.93
2024.05.30 00:00:00,157.607,157.629,157.557,157.582,1733.67
2024.05.30 01:00:00,157.582,157.667,157.578,157.638,2465.32
2024.05.30 02:00:00,157.637,157.663,157.591,157.626,6412.55
2024.05.30 03:00:00,157.624,157.625,157.303,157.362,18014.85
2024.05.30 04:00:00,157.362,157.452,157.35,157.449,11376.4
2024.05.30 05:00:00,157.451,157.453,157.309,157.34,6893.01
2024.05.30 06:00:00,157.341,157.429,157.26,157.377,4745.84
2024.05.30 07:00:00,157.374,157.382,157.123,157.183,8950.61
2024.05.30 08:00:00,157.188,157.224,156.9,156.961,11836.75
2024.05.30 09:00:00,156.96,156.971,156.701,156.74,24471.11
2024.05.30 10:00:00,156.739,157.007,156.534,156.968,22044.77
2024.05.30 11:00:00,156.968,157.112,156.904,156.944,17939.93
2024.05.30 12:00:00,156.942,156.979,156.844,156.915,16308.61
2024.05.30 13:00:00,156.916,157.089,156.916,156.922,10488.32
2024.05.30 14:00:00,156.923,156.923,156.678,156.728,15844.89
2024.05.30 15:00:00,156.727,156.854,156.567,156.646,23493.9
2024.05.30 16:00:00,156.646,156.765,156.37,156.725,36386.02
2024.05.30 17:00:00,156.725,156.843,156.526,156.591,22872.83
2024.05.30 18:00:00,156.591,156.704,156.578,156.638,17595.2
2024.05.30 19:00:00,156.638,156.731,156.635,156.697,5594.98
2024.05.30 20:00:00,156.696,156.753,156.664,156.749,6344.73
2024.05.30 21:00:00,156.75,156.831,156.75,156.823,8736.24
2024.05.30 22:00:00,156.828,156.856,156.797,156.842,10823.79
2024.05.30 23:00:00,156.844,156.877,156.797,156.802,2351.16
2024.05.31 00:00:00,156.778,156.797,156.741,156.779,1847.99
2024.05.31 01:00:00,156.777,156.851,156.735,156.8,2738.54
2024.05.31 02:00:00,156.799,156.995,156.783,156.992,5164.18
2024.05.31 03:00:00,156.991,157.023,156.603,156.739,14287.08
2024.05.31 04:00:00,156.738,156.923,156.636,156.677,17097.11
2024.05.31 05:00:00,156.678,156.827,156.571,156.811,13138.7
2024.05.31 06:00:00,156.81,156.875,156.721,156.804,12003.41
2024.05.31 07:00:00,156.803,156.85,156.671,156.701,11488.29
2024.05.31 08:00:00,156.701,156.834,156.69,156.801,12589.77
2024.05.31 09:00:00,156.801,156.96,156.785,156.93,13620.77
2024.05.31 10:00:00,156.927,157.151,156.926,157.141,18971.58
2024.05.31 11:00:00,157.14,157.33,157.062,157.296,18854.27
2024.05.31 12:00:00,157.296,157.353,157.241,157.329,13540.39
2024.05.31 13:00:00,157.329,157.364,157.213,157.238,9295.1
2024.05.31 14:00:00,157.237,157.239,157.124,157.167,8730.6
2024.05.31 15:00:00,157.171,157.191,156.75,156.856,26782.4
2024.05.31 16:00:00,156.858,156.951,156.679,156.694,22533.22
2024.05.31 17:00:00,156.695,157.165,156.557,157.159,33211.25
2024.05.31 18:00:00,157.156,157.278,157.08,157.19,23778.69
2024.05.31 19:00:00,157.191,157.246,157.148,157.18,11672.02
2024.05.31 20:00:00,157.179,157.247,157.179,157.218,7117.53
2024.05.31 21:00:00,157.219,157.271,157.172,157.265,4407.39
2024.05.31 22:00:00,157.263,157.345,157.224,157.264,4695.85
2024.05.31 23:00:00,157.264,157.344,157.234,157.279,4934.07
2024.06.03 00:00:00,157.124,157.242,157.11,157.168,1690.65
2024.06.03 01:00:00,157.167,157.338,157.167,157.287,4960.22
2024.06.03 02:00:00,157.286,157.298,157.127,157.182,5329.14
2024.06.03 03:00:00,157.182,157.309,157.048,157.088,12414.18
2024.06.03 04:00:00,157.087,157.149,156.994,157.061,9835.22
2024.06.03 05:00:00,157.059,157.252,157.054,157.233,9162.27
2024.06.03 06:00:00,157.233,157.47,157.204,157.419,15268.06
2024.06.03 07:00:00,157.421,157.447,157.37,157.411,11748.29
2024.06.03 08:00:00,157.413,157.461,157.365,157.41,8711.74
2024.06.03 09:00:00,157.411,157.413,157.24,157.254,12484.73
2024.06.03 10:00:00,157.253,157.292,157.111,157.136,11722.69
2024.06.03 11:00:00,157.137,157.139,157.004,157.056,15858.38
2024.06.03 12:00:00,157.056,157.146,157.029,157.07,10835.97
2024.06.03 13:00:00,157.07,157.075,156.734,156.739,14409.83
2024.06.03 14:00:00,156.74,156.881,156.636,156.857,19128.42
2024.06.03 15:00:00,156.855,156.937,156.689,156.779,17331.27
2024.06.03 16:00:00,156.78,156.837,156.639,156.645,20490.12
2024.06.03 17:00:00,156.615,156.615,156.13,156.195,33241
2024.06.03 18:00:00,156.197,156.238,155.948,156.038,19444.52
2024.06.03 19:00:00,156.039,156.16,156.017,156.068,12512.1
2024.06.03 20:00:00,156.068,156.183,156.037,156.182,11793.46
2024.06.03 21:00:00,156.182,156.27,156.177,156.223,16914.66
2024.06.03 22:00:00,156.222,156.286,156.205,156.234,10405.01
2024.06.03 23:00:00,156.237,156.251,156.023,156.037,4899.27
2024.06.04 00:00:00,156.038,156.108,156.026,156.108,1507.26
2024.06.04 01:00:00,156.106,156.159,156.056,156.152,1482.73
2024.06.04 02:00:00,156.159,156.239,155.988,156.089,5519.12
2024.06.04 03:00:00,156.091,156.406,155.98,156.386,15767.49
2024.06.04 04:00:00,156.388,156.484,156.312,156.462,10514.74
2024.06.04 05:00:00,156.461,156.463,156.319,156.373,7632.68
2024.06.04 06:00:00,156.373,156.424,156.311,156.385,6313.81
2024.06.04 07:00:00,156.386,156.417,156.25,156.296,6226.9
2024.06.04 08:00:00,156.297,156.303,156.091,156.194,9330.9
2024.06.04 09:00:00,156.194,156.205,155.802,155.95,21528.55
2024.06.04 10:00:00,155.948,155.959,155.361,155.387,32767.55
2024.06.04 11:00:00,155.386,155.47,155.212,155.301,29825.23
2024.06.04 12:00:00,155.301,155.373,155.031,155.149,31012.92
2024.06.04 13:00:00,155.151,155.193,154.702,154.929,30268.4
2024.06.04 14:00:00,154.931,155.227,154.85,154.865,21071.14
2024.06.04 15:00:00,154.867,155.141,154.72,155.121,39390.54
2024.06.04 16:00:00,155.12,155.204,154.803,154.866,33808.75
2024.06.04 17:00:00,154.867,155.248,154.548,154.88,47470.87
2024.06.04 18:00:00,154.88,155.023,154.758,154.873,25276.64
2024.06.04 19:00:00,154.872,154.872,154.745,154.782,15983.87
2024.06.04 20:00:00,154.781,154.826,154.548,154.6,12119.44
2024.06.04 21:00:00,154.602,154.748,154.595,154.709,9427.82
2024.06.04 22:00:00,154.71,154.785,154.703,154.77,9431.76
2024.06.04 23:00:00,154.771,154.91,154.769,154.853,3371.7
2024.06.05 00:00:00,154.852,154.885,154.769,154.807,2228.25
2024.06.05 01:00:00,154.808,154.862,154.771,154.853,1167.54
2024.06.05 02:00:00,154.853,155.18,154.818,155.116,6112.41
2024.06.05 03:00:00,155.113,155.435,155.094,155.223,25768.77
2024.06.05 04:00:00,155.226,155.391,155.218,155.361,17495.14
2024.06.05 05:00:00,155.361,155.479,155.359,155.476,16405.67
2024.06.05 06:00:00,155.477,155.593,155.359,155.485,13951.74
2024.06.05 07:00:00,155.484,155.614,155.443,155.584,10514.82
2024.06.05 08:00:00,155.583,155.706,155.535,155.642,13326.81
2024.06.05 09:00:00,155.643,155.922,155.617,155.897,16688.71
2024.06.05 10:00:00,155.898,156.185,155.86,156.142,28154.59
2024.06.05 11:00:00,156.146,156.299,156.079,156.247,15003.14
2024.06.05 12:00:00,156.247,156.304,156.028,156.041,19322.93
2024.06.05 13:00:00,156.039,156.166,155.957,156.068,14564.31
2024.06.05 14:00:00,156.069,156.208,156.021,156.145,15259.93
2024.06.05 15:00:00,156.144,156.197,155.941,156.093,32337.06
2024.06.05 16:00:00,156.092,156.175,155.684,155.684,33764
2024.06.05 17:00:00,155.708,156.485,155.708,156.314,42609.12
2024.06.05 18:00:00,156.314,156.314,156.08,156.209,23577.87
2024.06.05 19:00:00,156.209,156.242,156.1,156.123,11576.61
2024.06.05 20:00:00,156.122,156.149,156.068,156.102,5725.75
2024.06.05 21:00:00,156.101,156.157,156.069,156.096,8358.99
2024.06.05 22:00:00,156.097,156.132,156.068,156.087,5377.83
2024.06.05 23:00:00,156.088,156.157,156.07,156.078,3352.29
2024.06.06 00:00:00,156.079,156.079,155.959,156.037,742.56
2024.06.06 01:00:00,156.037,156.111,155.851,155.885,2484.73
2024.06.06 02:00:00,155.883,156.019,155.799,155.913,5469.3
2024.06.06 03:00:00,155.912,155.925,155.595,155.647,11673.38
2024.06.06 04:00:00,155.648,155.723,155.354,155.646,14186.83
2024.06.06 05:00:00,155.647,155.703,155.427,155.649,9443.21
2024.06.06 06:00:00,155.651,155.689,155.528,155.569,7566.22
2024.06.06 07:00:00,155.568,155.944,155.564,155.732,11078.63
2024.06.06 08:00:00,155.73,155.956,155.708,155.908,8526.66
2024.06.06 09:00:00,155.908,156.179,155.812,156.064,18185.57
2024.06.06 10:00:00,156.063,156.308,156.03,156.279,11701.27
2024.06.06 11:00:00,156.278,156.379,156.118,156.16,13412.35
2024.06.06 12:00:00,156.16,156.206,155.911,155.97,11900.32
2024.06.06 13:00:00,155.968,156.1,155.895,156.036,10447.81
2024.06.06 14:00:00,156.038,156.232,156.029,156.192,7760.7
2024.06.06 15:00:00,156.191,156.341,155.872,156.281,22667.39
2024.06.06 16:00:00,156.28,156.445,155.904,156.138,19275.02
2024.06.06 17:00:00,156.137,156.344,155.998,156.029,17118.19
2024.06.06 18:00:00,156.028,156.089,155.932,155.978,14380.93
2024.06.06 19:00:00,155.979,156.065,155.773,155.798,10615.18
2024.06.06 20:00:00,155.802,155.868,155.711,155.759,9767.43
2024.06.06 21:00:00,155.76,155.785,155.65,155.673,10296.24
2024.06.06 22:00:00,155.671,155.738,155.471,155.609,11276.08
2024.06.06 23:00:00,155.611,155.658,155.565,155.58,5002.21
2024.06.07 00:00:00,155.58,155.693,155.507,155.587,3153.48
2024.06.07 01:00:00,155.588,155.615,155.55,155.613,1770.5
2024.06.07 02:00:00,155.613,155.714,155.577,155.678,3991.59
2024.06.07 03:00:00,155.676,155.849,155.579,155.775,11295.71
2024.06.07 04:00:00,155.774,155.934,155.658,155.681,14440.29
2024.06.07 05:00:00,155.681,155.844,155.671,155.813,6904.56
2024.06.07 06:00:00,155.812,155.824,155.736,155.752,6872.24
2024.06.07 07:00:00,155.752,155.759,155.492,155.578,10054.14
2024.06.07 08:00:00,155.577,155.698,155.444,155.508,13682.01
2024.06.07 09:00:00,155.51,155.533,155.13,155.359,30712.45
2024.06.07 10:00:00,155.359,155.437,155.119,155.418,18380.66
2024.06.07 11:00:00,155.419,155.565,155.312,155.356,23960.07
2024.06.07 12:00:00,155.357,155.493,155.33,155.483,12945.21
2024.06.07 13:00:00,155.481,155.598,155.452,155.573,11251.04
2024.06.07 14:00:00,155.573,155.636,155.428,155.59,18429.44
2024.06.07 15:00:00,155.59,156.876,155.309,156.776,46008.87
2024.06.07 16:00:00,156.777,156.98,156.622,156.956,40501.13
2024.06.07 17:00:00,156.956,157.076,156.779,156.87,31798.15
2024.06.07 18:00:00,156.869,156.886,156.423,156.596,27718.02
2024.06.07 19:00:00,156.596,156.684,156.513,156.663,19553.14
2024.06.07 20:00:00,156.663,156.735,156.572,156.605,10185.02
2024.06.07 21:00:00,156.604,156.691,156.565,156.634,9065.15
2024.06.07 22:00:00,156.634,156.763,156.619,156.746,5556.74
2024.06.07 23:00:00,156.746,156.767,156.674,156.7,2707.3
2024.06.10 00:00:00,156.717,156.807,156.564,156.708,1694.34
2024.06.10 01:00:00,156.708,156.94,156.702,156.896,4216.77
2024.06.10 02:00:00,156.901,156.909,156.801,156.822,6048.19
2024.06.10 03:00:00,156.821,156.966,156.719,156.838,19050.06
2024.06.10 04:00:00,156.836,156.979,156.771,156.902,14244.24
2024.06.10 05:00:00,156.902,156.994,156.884,156.979,14463.87
2024.06.10 06:00:00,156.981,157.193,156.972,157.151,16101.17
2024.06.10 07:00:00,157.149,157.18,157.024,157.123,10903.63
2024.06.10 08:00:00,157.12,157.17,157.024,157.068,10488.65
2024.06.10 09:00:00,157.065,157.181,157.006,157.103,14606.71
2024.06.10 10:00:00,157.101,157.101,156.93,157.001,19963.94
2024.06.10 11:00:00,157.001,157.037,156.877,156.956,25168.45
2024.06.10 12:00:00,156.957,156.967,156.785,156.897,15464.56
2024.06.10 13:00:00,156.896,156.91,156.743,156.826,20388.31
2024.06.10 14:00:00,156.827,156.963,156.815,156.881,9391.05
2024.06.10 15:00:00,156.882,157.007,156.797,156.976,17580.2
2024.06.10 16:00:00,156.977,156.994,156.815,156.897,16125.6
2024.06.10 17:00:00,156.896,156.942,156.831,156.903,12449.92
2024.06.10 18:00:00,156.904,156.971,156.886,156.934,8714.51
2024.06.10 19:00:00,156.934,157,156.91,156.991,11562.15
2024.06.10 20:00:00,156.991,157.062,156.953,157,10251.17
2024.06.10 21:00:00,157,157.09,156.983,157.079,8732.16
2024.06.10 22:00:00,157.077,157.095,157.007,157.013,6324.63
2024.06.10 23:00:00,157.012,157.056,156.992,157.001,2250.87
2024.06.11 00:00:00,157.001,157.033,156.913,157.006,1746.04
2024.06.11 01:00:00,157.008,157.037,156.955,157.033,4033.19
2024.06.11 02:00:00,157.035,157.071,157.021,157.044,3519.15
2024.06.11 03:00:00,157.042,157.263,157.031,157.215,18871.77
2024.06.11 04:00:00,157.213,157.236,157.128,157.219,13362.21
2024.06.11 05:00:00,157.219,157.287,157.186,157.287,12862.71
2024.06.11 06:00:00,157.286,157.332,157.196,157.217,12142.69
2024.06.11 07:00:00,157.217,157.29,157.199,157.265,10388.58
2024.06.11 08:00:00,157.265,157.302,157.148,157.28,7556.37
2024.06.11 09:00:00,157.28,157.326,157.21,157.276,14080.47
2024.06.11 10:00:00,157.278,157.365,157.249,157.341,12050.68
2024.06.11 11:00:00,157.34,157.392,157.196,157.219,9459.3
2024.06.11 12:00:00,157.221,157.289,157.142,157.245,15520.99
2024.06.11 13:00:00,157.244,157.246,157.087,157.095,12517.11
2024.06.11 14:00:00,157.094,157.176,157.049,157.099,18310.46
2024.06.11 15:00:00,157.099,157.111,156.803,156.889,29795.39
2024.06.11 16:00:00,156.888,157.162,156.888,157.137,32060.91
2024.06.11 17:00:00,157.138,157.335,157.102,157.318,27087.88
2024.06.11 18:00:00,157.32,157.384,157.251,157.324,15602.72
2024.06.11 19:00:00,157.324,157.402,157.298,157.38,9338.7
2024.06.11 20:00:00,157.381,157.382,157.101,157.118,14306.24
2024.06.11 21:00:00,157.119,157.128,157.014,157.017,13044.8
2024.06.11 22:00:00,157.014,157.086,156.933,157.086,11224.34
2024.06.11 23:00:00,157.086,157.146,157.066,157.078,3539.28
2024.06.12 00:00:00,157.077,157.126,157.021,157.113,1965.18
2024.06.12 01:00:00,157.113,157.156,157.071,157.142,1772.88
2024.06.12 02:00:00,157.141,157.177,157.055,157.112,2513.67
2024.06.12 03:00:00,157.111,157.217,157.066,157.18,15220.1
2024.06.12 04:00:00,157.18,157.241,157.043,157.135,8700.11
2024.06.12 05:00:00,157.135,157.187,157.094,157.185,9706.79
2024.06.12 06:00:00,157.184,157.214,157.163,157.181,6863.58
2024.06.12 07:00:00,157.181,157.252,157.126,157.241,7357.51
2024.06.12 08:00:00,157.242,157.284,157.19,157.244,10987.18
2024.06.12 09:00:00,157.245,157.293,157.187,157.287,13541.1
2024.06.12 10:00:00,157.286,157.355,157.255,157.265,12170.83
2024.06.12 11:00:00,157.267,157.316,157.253,157.301,11513.75
2024.06.12 12:00:00,157.301,157.328,157.25,157.318,9476.89
2024.06.12 13:00:00,157.315,157.37,157.3,157.326,13152.13
2024.06.12 14:00:00,157.325,157.364,157.301,157.332,14601.67
2024.06.12 15:00:00,157.331,157.35,156.064,156.158,35910.4
2024.06.12 16:00:00,156.161,156.171,155.773,155.778,44671.16
2024.06.12 17:00:00,155.779,156.107,155.716,155.777,36259.12
2024.06.12 18:00:00,155.776,155.884,155.736,155.881,17707.97
2024.06.12 19:00:00,155.881,155.907,155.717,155.797,11541.59
2024.06.12 20:00:00,155.799,155.985,155.759,155.893,14002.68
2024.06.12 21:00:00,155.774,156.686,155.761,156.599,45447.54
2024.06.12 22:00:00,156.602,156.872,156.529,156.837,26132.86
2024.06.12 23:00:00,156.84,156.9,156.658,156.679,6824.56
2024.06.13 00:00:00,156.68,156.683,156.552,156.58,648.33
2024.06.13 01:00:00,156.58,156.809,156.578,156.803,3920.65
2024.06.13 02:00:00,156.802,156.857,156.702,156.801,7905.58
2024.06.13 03:00:00,156.8,156.905,156.706,156.791,17766.44
2024.06.13 04:00:00,156.792,156.863,156.694,156.83,11739.36
2024.06.13 05:00:00,156.831,157.014,156.826,156.996,14663.62
2024.06.13 06:00:00,156.995,157.053,156.97,157.005,13044.13
2024.06.13 07:00:00,157.007,157.047,156.99,157.044,13343.08
2024.06.13 08:00:00,157.044,157.195,157.044,157.08,14507.58
2024.06.13 09:00:00,157.08,157.255,157.061,157.151,18455.34
2024.06.13 10:00:00,157.151,157.306,157.118,157.276,15210.66
2024.06.13 11:00:00,157.276,157.311,157.172,157.255,16222.76
2024.06.13 12:00:00,157.255,157.284,157.153,157.184,12624.46
2024.06.13 13:00:00,157.183,157.2,157.123,157.176,10934.46
2024.06.13 14:00:00,157.175,157.265,157.159,157.21,12190.02
2024.06.13 15:00:00,157.212,157.262,156.579,157.024,40165.22
2024.06.13 16:00:00,157.025,157.268,156.963,157.184,28450.2
2024.06.13 17:00:00,157.183,157.185,156.916,156.941,30006.81
2024.06.13 18:00:00,156.942,156.998,156.751,156.773,22837.73
2024.06.13 19:00:00,156.774,156.917,156.69,156.847,18858.34
2024.06.13 20:00:00,156.847,156.947,156.72,156.935,18537.17
2024.06.13 21:00:00,156.934,156.982,156.852,156.893,11674.35
2024.06.13 22:00:00,156.892,157.074,156.89,157.06,7527.39
2024.06.13 23:00:00,157.062,157.098,156.973,156.973,5278.52
2024.06.14 00:00:00,156.972,157.009,156.951,157.001,463.89
2024.06.14 01:00:00,156.999,157.075,156.964,157.073,3112.36
2024.06.14 02:00:00,157.073,157.143,157.058,157.122,4142.65
2024.06.14 03:00:00,157.123,157.239,157.062,157.202,12506.25
2024.06.14 04:00:00,157.206,157.328,157.184,157.254,9398.71
2024.06.14 05:00:00,157.255,157.333,157.139,157.323,10612.23
2024.06.14 06:00:00,157.323,157.98,156.795,157.819,29004.22
2024.06.14 07:00:00,157.819,157.958,157.782,157.944,21529.7
2024.06.14 08:00:00,157.944,158.189,157.85,158.146,12623.03
2024.06.14 09:00:00,158.15,158.255,157.625,157.953,35868.84
2024.06.14 10:00:00,157.955,158.213,157.648,157.67,38857.07
2024.06.14 11:00:00,157.671,157.785,157.269,157.492,28878.5
2024.06.14 12:00:00,157.489,157.529,156.92,157.096,33144.2
2024.06.14 13:00:00,157.095,157.159,156.882,156.956,33931.56
2024.06.14 14:00:00,156.957,157.309,156.95,157.061,24804.26
2024.06.14 15:00:00,157.062,157.431,156.949,157.249,33999.04
2024.06.14 16:00:00,157.247,157.374,157.11,157.261,28424.06
2024.06.14 17:00:00,157.266,157.496,157.031,157.38,40296.38
2024.06.14 18:00:00,157.379,157.451,157.149,157.285,18753.04
2024.06.14 19:00:00,157.285,157.351,157.259,157.314,10194.06
2024.06.14 20:00:00,157.314,157.342,157.224,157.314,6971.7
2024.06.14 21:00:00,157.313,157.339,157.271,157.276,5819.31
2024.06.14 22:00:00,157.275,157.331,157.27,157.307,2978.82
2024.06.14 23:00:00,157.305,157.441,157.287,157.36,3356.47
2024.06.17 00:00:00,157.253,157.409,157.235,157.278,1281.64
2024.06.17 01:00:00,157.3,157.552,157.3,157.516,5163.79
2024.06.17 02:00:00,157.517,157.662,157.489,157.556,6129.91
2024.06.17 03:00:00,157.56,157.56,157.291,157.454,19135
2024.06.17 04:00:00,157.454,157.515,157.377,157.488,10087.17
2024.06.17 05:00:00,157.489,157.529,157.437,157.445,6815.11
2024.06.17 06:00:00,157.444,157.511,157.331,157.365,7042.22
2024.06.17 07:00:00,157.366,157.406,157.33,157.379,7455.44
2024.06.17 08:00:00,157.384,157.52,157.382,157.45,11648.74
2024.06.17 09:00:00,157.451,157.477,157.155,157.35,21854.75
2024.06.17 10:00:00,157.35,157.558,157.28,157.55,19632.5
2024.06.17 11:00:00,157.551,157.688,157.54,157.649,15160.77
2024.06.17 12:00:00,157.649,157.699,157.598,157.654,11934.3
2024.06.17 13:00:00,157.653,157.678,157.544,157.632,13301.29
2024.06.17 14:00:00,157.629,157.867,157.624,157.846,15311.87
2024.06.17 15:00:00,157.845,157.94,157.794,157.892,24721.45
2024.06.17 16:00:00,157.892,157.933,157.783,157.889,17479.79
2024.06.17 17:00:00,157.888,157.959,157.829,157.855,15799.36
2024.06.17 18:00:00,157.856,157.891,157.782,157.808,13957.98
2024.06.17 19:00:00,157.807,157.813,157.728,157.785,9835.65
2024.06.17 20:00:00,157.785,157.792,157.73,157.748,6275.99
2024.06.17 21:00:00,157.747,157.749,157.679,157.701,8059.26
2024.06.17 22:00:00,157.7,157.753,157.695,157.73,5967.47
2024.06.17 23:00:00,157.73,157.731,157.698,157.698,1618.92
2024.06.18 00:00:00,157.708,157.73,157.613,157.728,726.15
2024.06.18 01:00:00,157.728,157.731,157.651,157.705,1032.12
2024.06.18 02:00:00,157.706,157.733,157.634,157.695,2613.54
2024.06.18 03:00:00,157.695,157.729,157.602,157.68,11036.84
2024.06.18 04:00:00,157.682,157.708,157.515,157.588,7890.62
2024.06.18 05:00:00,157.588,157.663,157.552,157.649,5377.69
2024.06.18 06:00:00,157.652,157.658,157.581,157.638,4567.73
2024.06.18 07:00:00,157.637,157.732,157.581,157.716,5535.19
2024.06.18 08:00:00,157.714,157.859,157.664,157.836,9373.08
2024.06.18 09:00:00,157.837,157.986,157.822,157.963,16231.31
2024.06.18 10:00:00,157.964,158.132,157.926,158.129,18269.56
2024.06.18 11:00:00,158.13,158.229,158.07,158.149,16526.48
2024.06.18 12:00:00,158.15,158.157,157.994,158.097,14739.19
2024.06.18 13:00:00,158.098,158.154,158.067,158.104,9316.05
2024.06.18 14:00:00,158.104,158.149,158.026,158.085,8896.98
2024.06.18 15:00:00,158.083,158.125,157.624,157.833,18719.77
2024.06.18 16:00:00,157.833,157.894,157.663,157.799,12847.71
2024.06.18 17:00:00,157.797,158.007,157.759,157.969,12013.74
2024.06.18 18:00:00,157.969,158.004,157.745,157.816,13255.52
2024.06.18 19:00:00,157.815,157.841,157.697,157.71,8763.12
2024.06.18 20:00:00,157.711,157.873,157.637,157.857,9645.86
2024.06.18 21:00:00,157.859,157.896,157.769,157.797,5708.91
2024.06.18 22:00:00,157.795,157.863,157.75,157.861,5362.38
2024.06.18 23:00:00,157.862,157.876,157.828,157.833,1269.29
2024.06.19 00:00:00,157.834,157.853,157.792,157.821,1385.42
2024.06.19 01:00:00,157.818,157.888,157.792,157.858,2314.39
2024.06.19 02:00:00,157.86,157.864,157.808,157.864,3669.27
2024.06.19 03:00:00,157.87,157.923,157.85,157.88,6303.23
2024.06.19 04:00:00,157.878,157.891,157.722,157.765,9297.59
2024.06.19 05:00:00,157.766,157.833,157.731,157.828,7894.31
2024.06.19 06:00:00,157.832,157.865,157.806,157.855,3808.44
2024.06.19 07:00:00,157.856,157.868,157.816,157.85,4888.09
2024.06.19 08:00:00,157.85,157.862,157.772,157.785,8705.63
2024.06.19 09:00:00,157.785,157.834,157.642,157.665,12967.74
2024.06.19 10:00:00,157.665,157.772,157.602,157.745,13322.92
2024.06.19 11:00:00,157.746,157.799,157.735,157.799,7454.33
2024.06.19 12:00:00,157.798,157.861,157.793,157.851,3963.64
2024.06.19 13:00:00,157.851,157.908,157.818,157.832,7493.46
2024.06.19 14:00:00,157.831,157.906,157.831,157.903,4987.23
2024.06.19 15:00:00,157.905,157.95,157.872,157.881,7086.6
2024.06.19 16:00:00,157.881,157.907,157.872,157.886,6595.86
2024.06.19 17:00:00,157.887,157.91,157.869,157.898,3129.37
2024.06.19 18:00:00,157.899,157.943,157.889,157.931,4103.73
2024.06.19 19:00:00,157.93,157.944,157.894,157.932,1679.52
2024.06.19 20:00:00,157.933,157.952,157.921,157.941,3269.25
2024.06.19 21:00:00,157.94,158.022,157.938,158.018,1945.8
2024.06.19 22:00:00,158.019,158.043,157.993,158.007,2066.79
2024.06.19 23:00:00,158.005,158.131,157.998,158.069,3122.53
2024.06.20 00:00:00,158.071,158.073,157.773,157.994,1634.46
2024.06.20 01:00:00,157.994,158.052,157.96,158.003,3089.11
2024.06.20 02:00:00,158.003,158.024,157.92,157.956,4228.34
2024.06.20 03:00:00,157.955,158.089,157.954,158.03,12084.2
2024.06.20 04:00:00,158.029,158.116,157.975,158.052,8405.87
2024.06.20 05:00:00,158.053,158.098,158.049,158.078,3576.66
2024.06.20 06:00:00,158.077,158.139,158.061,158.078,2826.27
2024.06.20 07:00:00,158.078,158.16,158.077,158.145,6252.14
2024.06.20 08:00:00,158.144,158.191,158.076,158.094,7596.36
2024.06.20 09:00:00,158.097,158.188,158.067,158.123,11205.41
2024.06.20 10:00:00,158.124,158.278,158.051,158.273,17142.69
2024.06.20 11:00:00,158.27,158.467,158.269,158.436,28373.51
2024.06.20 12:00:00,158.437,158.461,158.371,158.451,11315.73
2024.06.20 13:00:00,158.451,158.47,158.389,158.42,10552.06
2024.06.20 14:00:00,158.417,158.445,158.37,158.43,7477.83
2024.06.20 15:00:00,158.43,158.549,158.244,158.545,20830.16
2024.06.20 16:00:00,158.545,158.726,158.496,158.709,22858.13
2024.06.20 17:00:00,158.709,158.744,158.635,158.725,14332.78
2024.06.20 18:00:00,158.728,158.779,158.668,158.775,8204.17
2024.06.20 19:00:00,158.773,158.909,158.747,158.86,6752.19
2024.06.20 20:00:00,158.858,158.908,158.82,158.885,8209.87
2024.06.20 21:00:00,158.884,158.894,158.695,158.799,6853.74
2024.06.20 22:00:00,158.798,158.91,158.798,158.908,5452.8
2024.06.20 23:00:00,158.906,158.934,158.87,158.895,1885.34
2024.06.21 00:00:00,158.893,158.931,158.879,158.901,539.31
2024.06.21 01:00:00,158.901,158.939,158.883,158.895,3308.97
2024.06.21 02:00:00,158.896,158.95,158.815,158.935,4938.67
2024.06.21 03:00:00,158.936,159.125,158.899,159.104,11780.11
2024.06.21 04:00:00,159.104,159.113,158.906,158.959,16726.15
2024.06.21 05:00:00,158.961,158.979,158.822,158.952,8291.62
2024.06.21 06:00:00,158.952,158.962,158.87,158.886,7782.95
2024.06.21 07:00:00,158.887,158.91,158.868,158.883,2907.54
2024.06.21 08:00:00,158.885,158.966,158.816,158.95,6505.08
2024.06.21 09:00:00,158.95,159.001,158.912,158.961,12299.37
2024.06.21 10:00:00,158.962,158.999,158.669,158.774,21214.76
2024.06.21 11:00:00,158.771,158.854,158.675,158.83,10669.16
2024.06.21 12:00:00,158.83,158.907,158.779,158.903,8266.88
2024.06.21 13:00:00,158.899,159.017,158.886,159.003,10805.28
2024.06.21 14:00:00,159.004,159.016,158.898,158.9,7079.78
2024.06.21 15:00:00,158.899,158.998,158.85,158.927,15860.09
2024.06.21 16:00:00,158.927,159.209,158.913,159.149,19496.55
2024.06.21 17:00:00,159.15,159.598,159.135,159.575,30522.21
2024.06.21 18:00:00,159.578,159.628,159.398,159.45,23438.87
2024.06.21 19:00:00,159.451,159.502,159.412,159.475,12361.33
2024.06.21 20:00:00,159.475,159.592,159.45,159.577,10419.45
2024.06.21 21:00:00,159.577,159.602,159.522,159.539,8676
2024.06.21 22:00:00,159.538,159.605,159.525,159.603,4132.62
2024.06.21 23:00:00,159.604,159.835,159.567,159.765,3369.12
2024.06.24 00:00:00,159.751,159.764,159.596,159.681,809.4
2024.06.24 01:00:00,159.681,159.785,159.65,159.708,3684.15
2024.06.24 02:00:00,159.714,159.905,159.683,159.897,5200.4
2024.06.24 03:00:00,159.897,159.927,159.777,159.796,7501.94
2024.06.24 04:00:00,159.796,159.832,159.641,159.689,9150.59
2024.06.24 05:00:00,159.689,159.736,159.639,159.703,5440.56
2024.06.24 06:00:00,159.705,159.743,159.62,159.699,4027.59
2024.06.24 07:00:00,159.7,159.765,159.684,159.752,4920.64
2024.06.24 08:00:00,159.756,159.816,159.71,159.713,4815.11
2024.06.24 09:00:00,159.713,159.765,159.666,159.675,7157.08
2024.06.24 10:00:00,159.675,159.732,159.646,159.688,9878.95
2024.06.24 11:00:00,159.687,159.786,159.663,159.784,9233.4
2024.06.24 12:00:00,159.786,159.807,159.589,159.641,22593.3
2024.06.24 13:00:00,159.645,159.646,158.74,159.507,30403.83
2024.06.24 14:00:00,159.506,159.57,159.342,159.463,14235.25
2024.06.24 15:00:00,159.462,159.556,159.341,159.392,9970.8
2024.06.24 16:00:00,159.392,159.507,159.323,159.445,25313.81
2024.06.24 17:00:00,159.445,159.735,159.37,159.72,21341.6
2024.06.24 18:00:00,159.72,159.754,159.63,159.711,15989.6
2024.06.24 19:00:00,159.712,159.758,159.637,159.729,6741.72
2024.06.24 20:00:00,159.728,159.734,159.684,159.71,4069.07
2024.06.24 21:00:00,159.708,159.709,159.539,159.633,6554.95
2024.06.24 22:00:00,159.632,159.717,159.615,159.641,9483.26
2024.06.24 23:00:00,159.646,159.656,159.557,159.568,1726
2024.06.25 00:00:00,159.516,159.606,159.516,159.583,952.38
2024.06.25 01:00:00,159.583,159.645,159.55,159.642,4827.97
2024.06.25 02:00:00,159.642,159.703,159.617,159.697,4289.25
2024.06.25 03:00:00,159.7,159.701,159.339,159.39,17658.92
2024.06.25 04:00:00,159.393,159.503,159.186,159.4,21145.31
2024.06.25 05:00:00,159.401,159.443,159.31,159.326,9466.44
2024.06.25 06:00:00,159.325,159.496,159.323,159.482,5879.07
2024.06.25 07:00:00,159.48,159.506,159.41,159.43,8535.14
2024.06.25 08:00:00,159.429,159.454,159.273,159.452,9240.42
2024.06.25 09:00:00,159.455,159.502,159.38,159.471,11145.02
2024.06.25 10:00:00,159.478,159.549,159.371,159.485,16035.04
2024.06.25 11:00:00,159.485,159.519,159.42,159.475,16873.68
2024.06.25 12:00:00,159.476,159.517,159.424,159.44,9616.42
2024.06.25 13:00:00,159.439,159.44,159.29,159.429,13502.71
2024.06.25 14:00:00,159.428,159.478,159.416,159.46,7549.29
2024.06.25 15:00:00,159.46,159.67,159.428,159.666,11840.64
2024.06.25 16:00:00,159.667,159.7,159.563,159.631,15183.19
2024.06.25 17:00:00,159.627,159.722,159.586,159.689,22202.3
2024.06.25 18:00:00,159.689,159.756,159.661,159.682,12572.21
2024.06.25 19:00:00,159.681,159.746,159.675,159.745,8737.92
2024.06.25 20:00:00,159.745,159.746,159.652,159.73,7849.08
2024.06.25 21:00:00,159.728,159.728,159.664,159.67,11288.64
2024.06.25 22:00:00,159.671,159.671,159.603,159.623,5778.44
2024.06.25 23:00:00,159.622,159.698,159.62,159.652,1739.91
2024.06.26 00:00:00,159.652,159.675,159.617,159.649,1219.5
2024.06.26 01:00:00,159.647,159.672,159.607,159.671,1890.75
2024.06.26 02:00:00,159.672,159.707,159.614,159.699,5797.04
2024.06.26 03:00:00,159.7,159.76,159.663,159.718,14690.69
2024.06.26 04:00:00,159.718,159.9,159.693,159.78,10215.39
2024.06.26 05:00:00,159.777,159.873,159.754,159.832,8906.3
2024.06.26 06:00:00,159.837,159.871,159.783,159.833,6500.4
2024.06.26 07:00:00,159.833,159.855,159.741,159.751,5520.02
2024.06.26 08:00:00,159.752,159.834,159.749,159.818,5650.91
2024.06.26 09:00:00,159.816,159.852,159.792,159.821,8200.57
2024.06.26 10:00:00,159.82,159.929,159.817,159.897,11495.32
2024.06.26 11:00:00,159.897,159.969,159.869,159.957,6032.55
2024.06.26 12:00:00,159.955,160.058,159.854,159.982,15867.67
2024.06.26 13:00:00,159.989,160.346,159.989,160.3,24205.84
2024.06.26 14:00:00,160.302,160.394,160.204,160.303,21252.84
2024.06.26 15:00:00,160.305,160.384,160.28,160.349,16195.3
2024.06.26 16:00:00,160.351,160.625,160.012,160.494,32331.03
2024.06.26 17:00:00,160.498,160.642,160.431,160.612,22284.02
2024.06.26 18:00:00,160.608,160.821,160.59,160.682,13468.28
2024.06.26 19:00:00,160.682,160.773,160.601,160.637,13936.64
2024.06.26 20:00:00,160.638,160.672,160.59,160.634,10788.42
2024.06.26 21:00:00,160.635,160.738,160.635,160.7,10169.02
2024.06.26 22:00:00,160.702,160.843,160.686,160.792,3663.36
2024.06.26 23:00:00,160.795,160.865,160.769,160.789,3279.31
2024.06.27 00:00:00,160.789,160.789,160.711,160.759,647.61
2024.06.27 01:00:00,160.759,160.759,160.658,160.696,2617.52
2024.06.27 02:00:00,160.696,160.708,160.588,160.627,4753.9
2024.06.27 03:00:00,160.627,160.705,160.496,160.691,19555.89
2024.06.27 04:00:00,160.693,160.716,160.393,160.492,15997.81
2024.06.27 05:00:00,160.493,160.506,160.38,160.457,7041.67
2024.06.27 06:00:00,160.458,160.487,160.393,160.429,8820.35
2024.06.27 07:00:00,160.429,160.431,160.301,160.335,14976.11
2024.06.27 08:00:00,160.334,160.463,160.309,160.403,12688.35
2024.06.27 09:00:00,160.402,160.494,160.319,160.419,12855.43
2024.06.27 10:00:00,160.421,160.561,160.391,160.546,14065.65
2024.06.27 11:00:00,160.548,160.605,160.505,160.553,11974.2
2024.06.27 12:00:00,160.554,160.569,160.475,160.489,11575.93
2024.06.27 13:00:00,160.488,160.491,160.391,160.435,9757.35
2024.06.27 14:00:00,160.435,160.547,160.413,160.546,8271.78
2024.06.27 15:00:00,160.547,160.548,160.28,160.399,25566.72
2024.06.27 16:00:00,160.4,160.545,160.358,160.525,25889.5
2024.06.27 17:00:00,160.524,160.669,160.418,160.592,19263.28
2024.06.27 18:00:00,160.592,160.728,160.566,160.7,12730.12
2024.06.27 19:00:00,160.7,160.736,160.676,160.713,10831.69
2024.06.27 20:00:00,160.707,160.728,160.665,160.725,9320.86
2024.06.27 21:00:00,160.724,160.812,160.709,160.766,11057.78
2024.06.27 22:00:00,160.764,160.822,160.75,160.819,6736.71
2024.06.27 23:00:00,160.819,160.819,160.736,160.737,2082.59
2024.06.28 00:00:00,160.724,160.754,160.672,160.737,2013.42
2024.06.28 01:00:00,160.738,160.765,160.691,160.717,4907.83
2024.06.28 02:00:00,160.716,160.757,160.63,160.703,7805.9
2024.06.28 03:00:00,160.704,161.144,160.649,161.12,18386.27
2024.06.28 04:00:00,161.121,161.282,160.946,161.063,25591.38
2024.06.28 05:00:00,161.06,161.093,160.838,160.934,21625.56
2024.06.28 06:00:00,160.934,161.01,160.851,160.987,8736.44
2024.06.28 07:00:00,160.985,161.13,160.983,161.038,10658.15
2024.06.28 08:00:00,161.039,161.046,160.899,160.939,13495.43
2024.06.28 09:00:00,160.941,160.989,160.879,160.933,13536
2024.06.28 10:00:00,160.933,161.059,160.837,160.925,18280.73
2024.06.28 11:00:00,160.927,160.962,160.855,160.911,16885.26
2024.06.28 12:00:00,160.912,160.92,160.656,160.686,17316.38
2024.06.28 13:00:00,160.685,160.737,160.46,160.462,18197.28
2024.06.28 14:00:00,160.462,160.659,160.433,160.647,16264.86
2024.06.28 15:00:00,160.648,160.662,160.36,160.511,21449.01
2024.06.28 16:00:00,160.514,160.514,160.261,160.461,27515.19
2024.06.28 17:00:00,160.461,160.865,160.383,160.83,41106.77
2024.06.28 18:00:00,160.827,160.963,160.801,160.882,23019.95
2024.06.28 19:00:00,160.881,160.888,160.805,160.85,12480.31
2024.06.28 20:00:00,160.849,160.903,160.756,160.796,6742.92
2024.06.28 21:00:00,160.795,160.819,160.704,160.804,5047.77
2024.06.28 22:00:00,160.803,160.884,160.794,160.861,5819.39
2024.06.28 23:00:00,160.861,160.944,160.802,160.802,4143.22
2024.07.01 00:00:00,160.811,160.893,160.683,160.817,525.78
2024.07.01 01:00:00,160.817,160.941,160.798,160.817,4922.18
2024.07.01 02:00:00,160.814,160.934,160.776,160.922,5982.33
2024.07.01 03:00:00,160.922,161.186,160.737,160.991,14810.86
2024.07.01 04:00:00,160.992,161.035,160.838,160.921,19444.25
2024.07.01 05:00:00,160.924,160.938,160.838,160.896,9572.02
2024.07.01 06:00:00,160.896,161.072,160.896,161.05,9378.06
2024.07.01 07:00:00,161.049,161.083,160.974,161.072,7519.34
2024.07.01 08:00:00,161.076,161.121,160.994,161.037,5937.9
2024.07.01 09:00:00,161.035,161.051,160.903,160.903,14657.6
2024.07.01 10:00:00,160.902,161.073,160.867,161.012,21289.92
2024.07.01 11:00:00,161.013,161.091,160.95,161.009,10608.97
2024.07.01 12:00:00,161.009,161.073,160.969,161.066,5681.74
2024.07.01 13:00:00,161.065,161.148,161.032,161.123,6955.53
2024.07.01 14:00:00,161.125,161.134,161.074,161.099,3655.41
2024.07.01 15:00:00,161.1,161.389,161.099,161.352,14418.47
2024.07.01 16:00:00,161.353,161.456,161.275,161.344,22463.08
2024.07.01 17:00:00,161.344,161.667,160.959,161.655,33351.28
2024.07.01 18:00:00,161.654,161.728,161.533,161.557,17900.76
2024.07.01 19:00:00,161.556,161.598,161.475,161.521,7630.05
2024.07.01 20:00:00,161.519,161.519,161.404,161.498,5901.05
2024.07.01 21:00:00,161.496,161.565,161.468,161.518,6351.15
2024.07.01 22:00:00,161.519,161.521,161.458,161.473,10825.92
2024.07.01 23:00:00,161.475,161.486,161.404,161.421,3035.34
2024.07.02 00:00:00,161.421,161.539,161.363,161.445,1275.15
2024.07.02 01:00:00,161.443,161.49,161.404,161.433,2976.54
2024.07.02 02:00:00,161.433,161.517,161.417,161.513,3103.8
2024.07.02 03:00:00,161.513,161.641,161.502,161.524,8130.86
2024.07.02 04:00:00,161.521,161.663,161.458,161.635,10076.23
2024.07.02 05:00:00,161.637,161.638,161.534,161.617,9242.69
2024.07.02 06:00:00,161.618,161.678,161.616,161.659,5287.97
2024.07.02 07:00:00,161.66,161.742,161.594,161.677,8178.25
2024.07.02 08:00:00,161.676,161.726,161.625,161.708,3515.68
2024.07.02 09:00:00,161.704,161.722,161.587,161.674,11255.18
2024.07.02 10:00:00,161.673,161.718,161.597,161.658,12682.22
2024.07.02 11:00:00,161.657,161.695,161.556,161.589,12850.6
2024.07.02 12:00:00,161.589,161.667,161.561,161.666,4248.39
2024.07.02 13:00:00,161.667,161.688,161.602,161.611,4577.44
2024.07.02 14:00:00,161.61,161.672,161.589,161.623,3488
2024.07.02 15:00:00,161.623,161.623,161.48,161.511,12145.66
2024.07.02 16:00:00,161.512,161.552,161.266,161.377,23244.36
2024.07.02 17:00:00,161.375,161.621,161.3,161.439,29113.03
2024.07.02 18:00:00,161.438,161.559,161.408,161.534,7425.74
2024.07.02 19:00:00,161.535,161.603,161.532,161.574,4900.15
2024.07.02 20:00:00,161.576,161.586,161.512,161.523,4515.21
2024.07.02 21:00:00,161.524,161.531,161.454,161.49,6748.29
2024.07.02 22:00:00,161.489,161.496,161.422,161.457,4528.05
2024.07.02 23:00:00,161.455,161.478,161.407,161.41,2231.84
2024.07.03 00:00:00,161.411,161.46,161.388,161.426,1637.16
2024.07.03 01:00:00,161.422,161.45,161.381,161.42,2036.46
2024.07.03 02:00:00,161.422,161.523,161.416,161.488,3247.04
2024.07.03 03:00:00,161.489,161.579,161.442,161.563,10713.89
2024.07.03 04:00:00,161.563,161.642,161.519,161.629,6527.74
2024.07.03 05:00:00,161.629,161.647,161.564,161.644,5945.55
2024.07.03 06:00:00,161.644,161.655,161.619,161.629,4358.61
2024.07.03 07:00:00,161.628,161.74,161.609,161.714,7544.79
2024.07.03 08:00:00,161.714,161.893,161.698,161.868,8119.34
2024.07.03 09:00:00,161.867,161.938,161.671,161.809,13252.72
2024.07.03 10:00:00,161.811,161.9,161.723,161.766,14170.82
2024.07.03 11:00:00,161.766,161.855,161.759,161.845,14019.87
2024.07.03 12:00:00,161.845,161.895,161.799,161.866,9267.51
2024.07.03 13:00:00,161.866,161.949,161.845,161.936,8102.49
2024.07.03 14:00:00,161.938,161.949,161.893,161.919,8877.39
2024.07.03 15:00:00,161.921,161.931,161.793,161.821,11195.01
2024.07.03 16:00:00,161.82,161.83,161.595,161.694,19717.83
2024.07.03 17:00:00,161.681,161.681,160.768,161.331,40057.88
2024.07.03 18:00:00,161.332,161.543,161.265,161.481,20621
2024.07.03 19:00:00,161.481,161.573,161.401,161.534,14250.13
2024.07.03 20:00:00,161.537,161.558,161.484,161.484,4952.7
2024.07.03 21:00:00,161.488,161.703,161.466,161.664,7777.9
2024.07.03 22:00:00,161.661,161.738,161.635,161.702,3386.43
2024.07.03 23:00:00,161.704,161.75,161.64,161.683,2477.4
2024.07.04 00:00:00,161.647,161.656,161.523,161.543,1920.3
2024.07.04 01:00:00,161.541,161.633,161.521,161.599,1620.81
2024.07.04 02:00:00,161.599,161.673,161.572,161.586,3205.75
2024.07.04 03:00:00,161.585,161.601,161.37,161.439,10424.01
2024.07.04 04:00:00,161.441,161.463,161.134,161.37,18957.77
2024.07.04 05:00:00,161.369,161.451,161.318,161.447,4416.12
2024.07.04 06:00:00,161.449,161.562,161.38,161.53,4822.35
2024.07.04 07:00:00,161.531,161.572,161.467,161.498,3090.46
2024.07.04 08:00:00,161.497,161.552,161.448,161.48,4242.28
2024.07.04 09:00:00,161.48,161.481,161.335,161.349,10234.49
2024.07.04 10:00:00,161.349,161.456,161.265,161.281,11107.43
2024.07.04 11:00:00,161.281,161.324,161.192,161.243,13496.73
2024.07.04 12:00:00,161.244,161.308,161.242,161.253,9357.95
2024.07.04 13:00:00,161.252,161.262,161.054,161.062,4365.61
2024.07.04 14:00:00,161.061,161.097,160.946,161.001,11207.5
2024.07.04 15:00:00,160.999,161.18,160.947,161.136,13970.4
2024.07.04 16:00:00,161.137,161.194,161.093,161.158,5161.92
2024.07.04 17:00:00,161.157,161.183,160.962,161.06,9649.35
2024.07.04 18:00:00,161.059,161.167,161.055,161.139,5770.76
2024.07.04 19:00:00,161.141,161.171,161.114,161.131,2625.95
2024.07.04 20:00:00,161.133,161.152,161.11,161.152,1843.05
2024.07.04 21:00:00,161.152,161.254,161.152,161.245,3453.78
2024.07.04 22:00:00,161.243,161.246,161.17,161.211,4283.94
2024.07.04 23:00:00,161.212,161.323,161.21,161.212,5475.93
2024.07.05 00:00:00,161.225,161.299,161.191,161.222,3222.05
2024.07.05 01:00:00,161.222,161.285,161.191,161.269,2874.76
2024.07.05 02:00:00,161.268,161.395,161.257,161.36,3639.51
2024.07.05 03:00:00,161.361,161.394,160.82,161.073,12222.88
2024.07.05 04:00:00,161.073,161.143,160.878,161.014,13848.31
2024.07.05 05:00:00,161.015,161.065,160.927,160.961,8528.52
2024.07.05 06:00:00,160.964,160.984,160.53,160.614,11896.73
2024.07.05 07:00:00,160.613,160.672,160.53,160.643,5743
2024.07.05 08:00:00,160.643,160.783,160.641,160.679,5719.68
2024.07.05 09:00:00,160.677,160.802,160.57,160.769,8655.71
2024.07.05 10:00:00,160.77,160.852,160.651,160.771,14053.43
2024.07.05 11:00:00,160.77,160.823,160.632,160.737,11238.23
2024.07.05 12:00:00,160.734,160.766,160.613,160.697,7955.48
2024.07.05 13:00:00,160.698,160.832,160.651,160.801,5711.03
2024.07.05 14:00:00,160.803,160.88,160.771,160.82,7450.95
2024.07.05 15:00:00,160.819,161.159,160.33,160.942,32865.34
2024.07.05 16:00:00,160.941,161.326,160.78,161.264,31896.93
2024.07.05 17:00:00,161.264,161.329,160.896,160.962,21550.12
2024.07.05 18:00:00,160.961,161.019,160.629,160.731,18493.01
2024.07.05 19:00:00,160.73,160.948,160.706,160.885,11238.31
2024.07.05 20:00:00,160.883,160.91,160.81,160.848,8909.79
2024.07.05 21:00:00,160.849,160.849,160.708,160.719,10876.74
2024.07.05 22:00:00,160.719,160.773,160.708,160.766,6967.26
2024.07.05 23:00:00,160.766,160.837,160.715,160.719,3867.6
2024.07.08 00:00:00,160.721,160.819,160.67,160.745,805.2
2024.07.08 01:00:00,160.757,160.773,160.661,160.767,5195.29
2024.07.08 02:00:00,160.767,160.813,160.575,160.638,8728.2
2024.07.08 03:00:00,160.637,160.73,160.561,160.61,19707.52
2024.07.08 04:00:00,160.61,160.714,160.39,160.41,18627.57
2024.07.08 05:00:00,160.411,160.48,160.26,160.369,16301.85
2024.07.08 06:00:00,160.371,160.553,160.354,160.486,9996.53
2024.07.08 07:00:00,160.486,160.579,160.472,160.538,8365.75
2024.07.08 08:00:00,160.539,160.698,160.528,160.696,9977.02
2024.07.08 09:00:00,160.696,160.865,160.539,160.835,20463.1
2024.07.08 10:00:00,160.834,160.956,160.781,160.897,22828.44
2024.07.08 11:00:00,160.899,161.117,160.886,161.091,11150.08
2024.07.08 12:00:00,161.092,161.101,161.003,161.037,13180.68
2024.07.08 13:00:00,161.036,161.037,160.919,160.934,10822.98
2024.07.08 14:00:00,160.935,161.056,160.868,161.012,10457.1
2024.07.08 15:00:00,161.011,161.02,160.663,160.689,24057.04
2024.07.08 16:00:00,160.691,160.811,160.587,160.657,27486
2024.07.08 17:00:00,160.655,160.659,160.474,160.615,17677.12
2024.07.08 18:00:00,160.616,160.815,160.592,160.777,23396.55
2024.07.08 19:00:00,160.777,160.792,160.729,160.729,11523.51
2024.07.08 20:00:00,160.729,160.745,160.69,160.719,8442.96
2024.07.08 21:00:00,160.719,160.818,160.713,160.788,12211.95
2024.07.08 22:00:00,160.789,160.797,160.737,160.791,9991.11
2024.07.08 23:00:00,160.793,160.835,160.773,160.796,1606.46
2024.07.09 00:00:00,160.796,160.807,160.756,160.764,404.19
2024.07.09 01:00:00,160.764,160.812,160.764,160.785,1668.5
2024.07.09 02:00:00,160.786,160.872,160.728,160.859,4670.45
2024.07.09 03:00:00,160.859,160.919,160.763,160.892,14825.58
2024.07.09 04:00:00,160.891,161.019,160.853,160.978,8653.51
2024.07.09 05:00:00,160.976,161.131,160.955,161.003,11642.78
2024.07.09 06:00:00,161.003,161.098,160.908,161.05,9373.94
2024.07.09 07:00:00,161.051,161.06,160.903,160.96,11472.84
2024.07.09 08:00:00,160.96,161.002,160.903,160.904,9290.2
2024.07.09 09:00:00,160.903,160.932,160.795,160.825,10098.39
2024.07.09 10:00:00,160.825,160.942,160.739,160.924,12821.89
2024.07.09 11:00:00,160.922,161.077,160.887,161.052,10762.46
2024.07.09 12:00:00,161.052,161.077,160.973,161.045,9077.52
2024.07.09 13:00:00,161.045,161.053,160.958,161.015,11001.07
2024.07.09 14:00:00,161.015,161.178,161.015,161.119,5401.72
2024.07.09 15:00:00,161.118,161.162,161.028,161.128,8085
2024.07.09 16:00:00,161.129,161.147,160.972,161.015,14967.92
2024.07.09 17:00:00,161.016,161.384,160.891,161.361,45503.32
2024.07.09 18:00:00,161.362,161.515,161.306,161.398,16365.47
2024.07.09 19:00:00,161.398,161.405,161.311,161.322,11904.62
2024.07.09 20:00:00,161.319,161.339,161.227,161.316,11532.58
2024.07.09 21:00:00,161.316,161.338,161.265,161.312,6517.11
2024.07.09 22:00:00,161.311,161.311,161.252,161.284,6890.58
2024.07.09 23:00:00,161.287,161.316,161.268,161.27,2146.17
2024.07.10 00:00:00,161.276,161.289,161.244,161.271,802.89
2024.07.10 01:00:00,161.268,161.34,161.254,161.325,1740.26
2024.07.10 02:00:00,161.325,161.365,161.317,161.33,4352.28
2024.07.10 03:00:00,161.329,161.512,161.301,161.466,10003.85
2024.07.10 04:00:00,161.466,161.584,161.451,161.537,4734.99
2024.07.10 05:00:00,161.537,161.591,161.475,161.506,6708.81
2024.07.10 06:00:00,161.505,161.506,161.402,161.43,5055.23
2024.07.10 07:00:00,161.43,161.471,161.407,161.442,5581.55
2024.07.10 08:00:00,161.441,161.561,161.427,161.499,5790.35
2024.07.10 09:00:00,161.499,161.5,161.354,161.366,11576.83
2024.07.10 10:00:00,161.365,161.5,161.339,161.496,18964.81
2024.07.10 11:00:00,161.496,161.536,161.425,161.511,14435.79
2024.07.10 12:00:00,161.513,161.611,161.512,161.584,13850.18
2024.07.10 13:00:00,161.585,161.606,161.504,161.543,13620.7
2024.07.10 14:00:00,161.545,161.548,161.454,161.482,11466.42
2024.07.10 15:00:00,161.482,161.511,161.429,161.449,9793.92
2024.07.10 16:00:00,161.45,161.6,161.426,161.597,13522.21
2024.07.10 17:00:00,161.597,161.685,161.541,161.66,20500.66
2024.07.10 18:00:00,161.661,161.753,161.626,161.737,14809.38
2024.07.10 19:00:00,161.736,161.743,161.655,161.689,8411.37
2024.07.10 20:00:00,161.69,161.765,161.647,161.746,10226.29
2024.07.10 21:00:00,161.745,161.804,161.744,161.775,6072.49
2024.07.10 22:00:00,161.778,161.788,161.731,161.734,6335.61
2024.07.10 23:00:00,161.734,161.749,161.662,161.664,3106.61
2024.07.11 00:00:00,161.664,161.664,161.553,161.564,311.13
2024.07.11 01:00:00,161.565,161.628,161.565,161.594,1787.94
2024.07.11 02:00:00,161.592,161.638,161.555,161.592,1513.78
2024.07.11 03:00:00,161.594,161.614,161.476,161.564,7574.83
2024.07.11 04:00:00,161.564,161.66,161.556,161.583,7233.41
2024.07.11 05:00:00,161.582,161.666,161.534,161.653,4520.38
2024.07.11 06:00:00,161.651,161.682,161.619,161.634,8630.64
2024.07.11 07:00:00,161.637,161.692,161.619,161.685,5578.68
2024.07.11 08:00:00,161.686,161.718,161.665,161.692,6309.95
2024.07.11 09:00:00,161.695,161.75,161.688,161.729,8732.11
2024.07.11 10:00:00,161.732,161.758,161.54,161.633,14163
2024.07.11 11:00:00,161.633,161.633,161.502,161.531,7770.5
2024.07.11 12:00:00,161.531,161.556,161.471,161.548,6383.31
2024.07.11 13:00:00,161.546,161.582,161.506,161.546,7169.55
2024.07.11 14:00:00,161.547,161.589,161.534,161.538,5488.14
2024.07.11 15:00:00,161.538,161.621,158.352,158.638,45971.44
2024.07.11 16:00:00,158.646,158.968,157.409,158.598,60521.8
2024.07.11 17:00:00,158.597,158.792,158.349,158.554,29075.68
2024.07.11 18:00:00,158.554,158.635,158.451,158.582,15273.83
2024.07.11 19:00:00,158.582,158.644,158.532,158.567,10611.42
2024.07.11 20:00:00,158.568,158.893,158.554,158.808,9178.84
2024.07.11 21:00:00,158.806,158.871,158.709,158.735,9881.97
2024.07.11 22:00:00,158.735,158.832,158.729,158.821,10739.69
2024.07.11 23:00:00,158.824,158.913,158.768,158.775,4049.59
2024.07.12 00:00:00,158.808,158.939,158.798,158.932,549.12
2024.07.12 01:00:00,158.939,159.281,158.9,159.26,8071.71
2024.07.12 02:00:00,159.261,159.445,157.747,158.273,27364.15
2024.07.12 03:00:00,158.275,159.132,157.974,159.077,26966.48
2024.07.12 04:00:00,159.075,159.383,159.065,159.359,16266.36
2024.07.12 05:00:00,159.358,159.384,158.749,159.307,12163.45
2024.07.12 06:00:00,159.304,159.333,159.15,159.231,9310.42
2024.07.12 07:00:00,159.23,159.234,159.028,159.109,8438.04
2024.07.12 08:00:00,159.109,159.137,158.866,159.038,9997.64
2024.07.12 09:00:00,159.036,159.214,158.956,159.135,11991.4
2024.07.12 10:00:00,159.135,159.318,159.112,159.217,9612.78
2024.07.12 11:00:00,159.218,159.262,159.03,159.102,9611.8
2024.07.12 12:00:00,159.102,159.217,159.044,159.176,8367.16
2024.07.12 13:00:00,159.176,159.254,159.111,159.111,6039.62
2024.07.12 14:00:00,159.11,159.141,158.934,158.972,7845.12
2024.07.12 15:00:00,158.974,159.155,158.508,158.808,37944.56
2024.07.12 16:00:00,158.807,158.84,157.359,158.299,44883.17
2024.07.12 17:00:00,158.298,158.349,157.387,157.716,40249.7
2024.07.12 18:00:00,157.716,158.092,157.505,157.901,20518.41
2024.07.12 19:00:00,157.902,158.021,157.841,157.873,11927.67
2024.07.12 20:00:00,157.874,158.013,157.861,157.978,5569.51
2024.07.12 21:00:00,157.979,157.991,157.863,157.917,10302.54
2024.07.12 22:00:00,157.918,157.925,157.796,157.834,4612.75
2024.07.12 23:00:00,157.838,157.943,157.7,157.7,3396.13
2024.07.15 00:00:00,158.068,158.17,158.056,158.145,448.14
2024.07.15 01:00:00,158.145,158.386,157.979,158.339,5611.06
2024.07.15 02:00:00,158.339,158.419,158.169,158.287,9310.17
2024.07.15 03:00:00,158.286,158.365,157.989,158.113,16859.11
2024.07.15 04:00:00,158.111,158.239,157.95,158.05,17316.3
2024.07.15 05:00:00,158.05,158.137,157.912,158.033,11799.58
2024.07.15 06:00:00,158.033,158.033,157.91,157.97,10370.65
2024.07.15 07:00:00,157.97,158.031,157.954,157.992,7291.98
2024.07.15 08:00:00,157.994,157.996,157.831,157.956,10052.45
2024.07.15 09:00:00,157.952,158.236,157.872,158.106,16623.97
2024.07.15 10:00:00,158.105,158.125,157.842,157.929,24058.81
2024.07.15 11:00:00,157.926,157.966,157.781,157.818,21806.27
2024.07.15 12:00:00,157.817,157.98,157.749,157.963,17599.52
2024.07.15 13:00:00,157.963,158.105,157.936,157.952,16888.74
2024.07.15 14:00:00,157.953,158.173,157.897,158.114,13021.73
2024.07.15 15:00:00,158.114,158.162,157.937,157.961,21333.29
2024.07.15 16:00:00,157.96,158.067,157.872,157.939,17286.88
2024.07.15 17:00:00,157.939,157.95,157.835,157.86,21673.94
2024.07.15 18:00:00,157.86,157.92,157.81,157.89,14273.05
2024.07.15 19:00:00,157.891,157.96,157.163,157.712,18415.87
2024.07.15 20:00:00,157.713,158.02,157.711,157.919,18491.11
2024.07.15 21:00:00,157.918,157.937,157.842,157.852,11707.48
2024.07.15 22:00:00,157.853,157.982,157.835,157.919,6060.06
2024.07.15 23:00:00,157.923,158.148,157.881,158.012,3383.28
2024.07.16 00:00:00,157.989,158.101,157.952,158.061,692.31
2024.07.16 01:00:00,158.063,158.155,158.053,158.122,3027.2
2024.07.16 02:00:00,158.122,158.251,158.062,158.15,5452.63
2024.07.16 03:00:00,158.15,158.393,158.104,158.365,15063.83
2024.07.16 04:00:00,158.362,158.632,158.353,158.527,14045.4
2024.07.16 05:00:00,158.528,158.725,158.511,158.693,9888.35
2024.07.16 06:00:00,158.693,158.708,158.589,158.632,8771.4
2024.07.16 07:00:00,158.633,158.725,158.613,158.636,6370.24
2024.07.16 08:00:00,158.637,158.787,158.637,158.727,11779.04
2024.07.16 09:00:00,158.726,158.745,158.465,158.571,14356.17
2024.07.16 10:00:00,158.572,158.574,158.355,158.495,21870.99
2024.07.16 11:00:00,158.496,158.59,158.445,158.468,18571.13
2024.07.16 12:00:00,158.471,158.496,158.334,158.409,15051.28
2024.07.16 13:00:00,158.409,158.449,158.346,158.432,8287.42
2024.07.16 14:00:00,158.431,158.457,158.32,158.343,10843.05
2024.07.16 15:00:00,158.343,158.854,158.252,158.755,29482.96
2024.07.16 16:00:00,158.753,158.804,158.529,158.635,25159.75
2024.07.16 17:00:00,158.634,158.742,158.58,158.588,18627.69
2024.07.16 18:00:00,158.589,158.649,158.536,158.573,16394.58
2024.07.16 19:00:00,158.572,158.631,158.514,158.543,8917.5
2024.07.16 20:00:00,158.542,158.555,158.43,158.47,11748.24
2024.07.16 21:00:00,158.472,158.474,158.335,158.352,7335.97
2024.07.16 22:00:00,158.351,158.432,158.32,158.387,6811.96
2024.07.16 23:00:00,158.386,158.407,158.294,158.318,3395.97
2024.07.17 00:00:00,158.307,158.34,158.259,158.312,1659.51
2024.07.17 01:00:00,158.31,158.387,158.298,158.334,4395.9
2024.07.17 02:00:00,158.335,158.371,158.297,158.36,6252.69
2024.07.17 03:00:00,158.361,158.535,158.306,158.487,14977.9
2024.07.17 04:00:00,158.486,158.624,158.43,158.471,11275.77
2024.07.17 05:00:00,158.471,158.475,158.358,158.415,6741.29
2024.07.17 06:00:00,158.415,158.45,158.322,158.376,5137.96
2024.07.17 07:00:00,158.376,158.386,158.218,158.218,10713.73
2024.07.17 08:00:00,158.217,158.232,157.868,157.893,17466.1
2024.07.17 09:00:00,157.891,158.09,157.702,157.815,27650.82
2024.07.17 10:00:00,157.815,157.831,157.009,157.072,42217.19
2024.07.17 11:00:00,157.07,157.097,156.099,156.242,39707.42
2024.07.17 12:00:00,156.241,156.593,156.102,156.415,33782.85
2024.07.17 13:00:00,156.412,156.734,156.226,156.734,27642.12
2024.07.17 14:00:00,156.736,156.794,156.355,156.509,24696.64
2024.07.17 15:00:00,156.51,156.741,156.461,156.56,26911.87
2024.07.17 16:00:00,156.56,156.623,156.149,156.278,38404.49
2024.07.17 17:00:00,156.28,156.633,156.255,156.498,33179.96
2024.07.17 18:00:00,156.497,156.636,156.484,156.565,21255.07
2024.07.17 19:00:00,156.566,156.594,156.195,156.299,22790.84
2024.07.17 20:00:00,156.299,156.474,156.187,156.462,15668.52
2024.07.17 21:00:00,156.462,156.488,156.088,156.101,18093.14
2024.07.17 22:00:00,156.098,156.233,156.059,156.185,11141.61
2024.07.17 23:00:00,156.184,156.344,156.144,156.177,2880.44
2024.07.18 00:00:00,156.169,156.195,156.122,156.147,1423.8
2024.07.18 01:00:00,156.146,156.271,155.993,156.159,12386.77
2024.07.18 02:00:00,156.155,156.204,155.37,155.675,30862.59
2024.07.18 03:00:00,155.675,155.833,155.457,155.737,27299.4
2024.07.18 04:00:00,155.738,156.299,155.719,156.256,21862.59
2024.07.18 05:00:00,156.255,156.441,156.19,156.312,19402.3
2024.07.18 06:00:00,156.312,156.572,156.294,156.435,11618.1
2024.07.18 07:00:00,156.434,156.536,156.177,156.341,16071.84
2024.07.18 08:00:00,156.341,156.45,155.796,156.032,18425.47
2024.07.18 09:00:00,156.03,156.409,155.989,156.12,26990.48
2024.07.18 10:00:00,156.126,156.255,155.915,156.248,35245.08
2024.07.18 11:00:00,156.246,156.586,156.172,156.464,28957.65
2024.07.18 12:00:00,156.464,156.501,156.303,156.485,27064.28
2024.07.18 13:00:00,156.486,156.496,156.318,156.393,23073.39
2024.07.18 14:00:00,156.395,156.524,156.381,156.494,14242.37
2024.07.18 15:00:00,156.493,156.578,156.181,156.431,29108.79
2024.07.18 16:00:00,156.428,156.691,156.319,156.586,34161.95
2024.07.18 17:00:00,156.588,156.774,156.501,156.756,26206.2
2024.07.18 18:00:00,156.755,156.982,156.695,156.976,20924.06
2024.07.18 19:00:00,156.972,157.156,156.873,157.145,15986.08
2024.07.18 20:00:00,157.145,157.224,157.092,157.187,16305.77
2024.07.18 21:00:00,157.188,157.326,157.15,157.284,13672.92
2024.07.18 22:00:00,157.281,157.397,157.279,157.363,9145.2
2024.07.18 23:00:00,157.366,157.397,157.341,157.359,2262.51
2024.07.19 00:00:00,157.356,157.357,157.323,157.341,512.04
2024.07.19 01:00:00,157.341,157.341,157.248,157.263,6332.98
2024.07.19 02:00:00,157.263,157.282,157.112,157.176,7429.09
2024.07.19 03:00:00,157.176,157.416,157.062,157.209,21797.41
2024.07.19 04:00:00,157.211,157.529,157.198,157.457,13563.15
2024.07.19 05:00:00,157.456,157.52,157.343,157.422,15235.31
2024.07.19 06:00:00,157.422,157.446,157.326,157.374,7258
2024.07.19 07:00:00,157.375,157.481,157.359,157.477,7141.73
2024.07.19 08:00:00,157.476,157.862,157.471,157.769,16015.77
2024.07.19 09:00:00,157.768,157.823,157.132,157.262,19141.61
2024.07.19 10:00:00,157.258,157.554,156.952,157.32,41175.36
2024.07.19 11:00:00,157.318,157.423,157.16,157.26,24474.67
2024.07.19 12:00:00,157.259,157.437,157.145,157.362,10172.68
2024.07.19 13:00:00,157.363,157.574,157.362,157.456,8963.97
2024.07.19 14:00:00,157.455,157.536,157.327,157.467,13583.18
2024.07.19 15:00:00,157.468,157.695,157.423,157.675,21338.5
2024.07.19 16:00:00,157.674,157.698,157.411,157.509,33187.23
2024.07.19 17:00:00,157.51,157.528,157.263,157.338,26523.01
2024.07.19 18:00:00,157.338,157.454,157.277,157.389,21399.39
2024.07.19 19:00:00,157.389,157.44,157.34,157.413,11716.8
2024.07.19 20:00:00,157.411,157.427,157.352,157.415,11204.86
2024.07.19 21:00:00,157.416,157.497,157.402,157.487,7505.41
2024.07.19 22:00:00,157.488,157.524,157.469,157.499,2580.3
2024.07.19 23:00:00,157.497,157.527,157.401,157.475,1963.11
2024.07.22 00:00:00,157.329,157.439,157.252,157.362,492.57
2024.07.22 01:00:00,157.362,157.499,157.229,157.269,5338.05
2024.07.22 02:00:00,157.267,157.428,157.155,157.424,8087.65
2024.07.22 03:00:00,157.423,157.491,157.33,157.424,17260.99
2024.07.22 04:00:00,157.423,157.552,157.348,157.542,15255.23
2024.07.22 05:00:00,157.542,157.61,157.524,157.549,9367.98
2024.07.22 06:00:00,157.55,157.566,157.457,157.48,8113.22
2024.07.22 07:00:00,157.476,157.512,157.392,157.442,10023.36
2024.07.22 08:00:00,157.442,157.442,157.01,157.036,14355.29
2024.07.22 09:00:00,157.037,157.06,156.284,156.447,47455.2
2024.07.22 10:00:00,156.446,156.844,156.343,156.81,38971.93
2024.07.22 11:00:00,156.809,156.96,156.672,156.794,31487.98
2024.07.22 12:00:00,156.794,156.856,156.61,156.691,26464.46
2024.07.22 13:00:00,156.69,156.953,156.555,156.837,19778.08
2024.07.22 14:00:00,156.826,156.898,156.655,156.854,23018.39
2024.07.22 15:00:00,156.854,157.089,156.788,156.792,28081.89
2024.07.22 16:00:00,156.79,156.92,156.692,156.859,28158.98
2024.07.22 17:00:00,156.861,156.954,156.754,156.874,25159.69
2024.07.22 18:00:00,156.875,157.146,156.865,157.086,23056.58
2024.07.22 19:00:00,157.086,157.131,157.031,157.073,13138.62
2024.07.22 20:00:00,157.073,157.151,157.033,157.138,10259.88
2024.07.22 21:00:00,157.136,157.17,157.055,157.063,10159.27
2024.07.22 22:00:00,157.064,157.118,157.059,157.079,7191.54
2024.07.22 23:00:00,157.08,157.098,157,157.001,1710.84
2024.07.23 00:00:00,157.001,157.001,156.864,156.933,417.27
2024.07.23 01:00:00,156.939,157.076,156.93,157.038,3188.78
2024.07.23 02:00:00,157.037,157.101,156.885,156.903,9890.91
2024.07.23 03:00:00,156.901,156.927,156.645,156.656,22314.83
2024.07.23 04:00:00,156.658,156.848,156.579,156.704,17892.1
2024.07.23 05:00:00,156.706,156.766,156.519,156.632,9745.08
2024.07.23 06:00:00,156.636,156.668,156.197,156.279,22683.62
2024.07.23 07:00:00,156.279,156.385,156.205,156.304,16015.8
2024.07.23 08:00:00,156.304,156.449,156.264,156.314,14094.02
2024.07.23 09:00:00,156.315,156.622,156.22,156.586,28713.08
2024.07.23 10:00:00,156.585,156.635,155.929,156.04,41149.93
2024.07.23 11:00:00,156.04,156.133,155.823,156.011,36322.78
2024.07.23 12:00:00,156.011,156.071,155.819,155.944,23461.08
2024.07.23 13:00:00,155.945,156.161,155.919,156.046,19806.44
2024.07.23 14:00:00,156.046,156.189,156.034,156.153,23582.81
2024.07.23 15:00:00,156.154,156.265,155.942,156.027,31524.14
2024.07.23 16:00:00,156.028,156.209,155.987,156.092,31929.95
2024.07.23 17:00:00,156.089,156.196,155.971,155.979,25023.43
2024.07.23 18:00:00,155.982,156.089,155.945,156.021,14621.39
2024.07.23 19:00:00,156.02,156.054,155.694,155.781,11476.32
2024.07.23 20:00:00,155.783,155.805,155.577,155.69,18240.59
2024.07.23 21:00:00,155.689,155.754,155.624,155.628,4937.98
2024.07.23 22:00:00,155.627,155.67,155.589,155.638,6469.2
2024.07.23 23:00:00,155.639,155.649,155.546,155.552,2915.57
2024.07.24 00:00:00,155.552,155.587,155.528,155.582,641.4
2024.07.24 01:00:00,155.581,155.643,155.565,155.636,2817.33
2024.07.24 02:00:00,155.635,155.817,155.628,155.76,7286.41
2024.07.24 03:00:00,155.761,155.99,155.761,155.824,21113.86
2024.07.24 04:00:00,155.825,155.876,155.176,155.246,32965.76
2024.07.24 05:00:00,155.246,155.523,155.229,155.255,18414.39
2024.07.24 06:00:00,155.256,155.292,155.046,155.055,25857.9
2024.07.24 07:00:00,155.054,155.054,154.54,154.609,35455.02
2024.07.24 08:00:00,154.608,154.795,154.351,154.631,24864.21
2024.07.24 09:00:00,154.63,154.688,154.373,154.586,39456.38
2024.07.24 10:00:00,154.585,154.881,154.41,154.591,34835.35
2024.07.24 11:00:00,154.59,154.943,154.547,154.859,19336.93
2024.07.24 12:00:00,154.86,154.932,154.275,154.774,25233.57
2024.07.24 13:00:00,154.775,154.841,154.487,154.561,17332.58
2024.07.24 14:00:00,154.559,154.578,154.056,154.188,20987.78
2024.07.24 15:00:00,154.187,154.224,153.758,153.804,37699.92
2024.07.24 16:00:00,153.806,153.996,153.343,153.429,33331.98
2024.07.24 17:00:00,153.425,153.59,153.105,153.266,57511.39
2024.07.24 18:00:00,153.267,153.499,153.264,153.382,32339.96
2024.07.24 19:00:00,153.383,153.583,153.342,153.467,19320.04
2024.07.24 20:00:00,153.468,153.856,153.447,153.825,17828.26
2024.07.24 21:00:00,153.825,154.071,153.806,154.003,16439.16
2024.07.24 22:00:00,154.003,154.096,153.877,154.015,11588.09
2024.07.24 23:00:00,154.015,154.016,153.85,153.85,2844.24
2024.07.25 00:00:00,153.848,153.88,153.518,153.687,1919.07
2024.07.25 01:00:00,153.686,153.788,153.551,153.594,8204.3
2024.07.25 02:00:00,153.59,153.952,153.586,153.916,15737.43
2024.07.25 03:00:00,153.914,153.968,152.838,153.243,40598.18
2024.07.25 04:00:00,153.246,153.345,152.642,152.857,21869.77
2024.07.25 05:00:00,152.858,152.952,152.512,152.637,14410.02
2024.07.25 06:00:00,152.637,152.637,152.229,152.317,17207.49
2024.07.25 07:00:00,152.315,152.652,152.312,152.618,10634.57
2024.07.25 08:00:00,152.619,152.97,152.582,152.741,13852.22
2024.07.25 09:00:00,152.738,152.867,152.542,152.845,21385.35
2024.07.25 10:00:00,152.846,152.929,152.051,152.193,23789.27
2024.07.25 11:00:00,152.193,152.747,151.941,152.703,19075
2024.07.25 12:00:00,152.703,152.739,152.247,152.308,13464.73
2024.07.25 13:00:00,152.305,152.358,152.087,152.207,11439.64
2024.07.25 14:00:00,152.206,152.729,152.17,152.72,21504.79
2024.07.25 15:00:00,152.722,153.735,152.551,153.519,50972.4
2024.07.25 16:00:00,153.52,154.193,153.414,153.653,50452.39
2024.07.25 17:00:00,153.656,153.739,153.228,153.639,33961.79
2024.07.25 18:00:00,153.637,154.101,153.632,153.978,28572.42
2024.07.25 19:00:00,153.979,154.318,153.904,154.027,30507.24
2024.07.25 20:00:00,154.03,154.042,153.748,154.033,38066.8
2024.07.25 21:00:00,154.031,154.048,153.768,153.784,29003.46
2024.07.25 22:00:00,153.784,153.919,153.784,153.919,11392.56
2024.07.25 23:00:00,153.917,154.046,153.807,153.907,3826.62
2024.07.26 00:00:00,153.907,153.922,153.866,153.915,307.44
2024.07.26 01:00:00,153.915,153.987,153.895,153.902,3212.59
2024.07.26 02:00:00,153.9,153.901,153.373,153.7,23685.54
2024.07.26 03:00:00,153.699,154.139,153.366,153.919,22663.73
2024.07.26 04:00:00,153.917,154.087,153.428,153.581,28524.2
2024.07.26 05:00:00,153.579,153.967,153.565,153.919,13053.44
2024.07.26 06:00:00,153.919,153.919,153.738,153.753,11518.97
2024.07.26 07:00:00,153.753,153.831,153.59,153.676,14139.49
2024.07.26 08:00:00,153.677,153.804,153.499,153.642,14030.61
2024.07.26 09:00:00,153.642,153.755,153.539,153.635,37884.1
2024.07.26 10:00:00,153.635,154.17,153.566,153.918,31592.34
2024.07.26 11:00:00,153.916,154.431,153.862,154.299,26328.07
2024.07.26 12:00:00,154.297,154.355,154.033,154.205,29835.27
2024.07.26 13:00:00,154.206,154.645,154.194,154.563,25287.55
2024.07.26 14:00:00,154.567,154.737,154.519,154.61,25886.79
2024.07.26 15:00:00,154.611,154.725,154.024,154.218,35550.12
2024.07.26 16:00:00,154.217,154.218,153.668,153.781,40337.59
2024.07.26 17:00:00,153.781,154.101,153.096,153.5,42962.55
2024.07.26 18:00:00,153.501,153.875,153.495,153.868,36123.39
2024.07.26 19:00:00,153.868,153.868,153.706,153.784,24168.54
2024.07.26 20:00:00,153.784,153.872,153.673,153.729,16085.67
2024.07.26 21:00:00,153.732,153.826,153.707,153.728,19127.13
2024.07.26 22:00:00,153.729,153.765,153.674,153.754,6644.37
2024.07.26 23:00:00,153.756,153.795,153.709,153.718,2095.83
2024.07.29 00:00:00,153.652,153.772,153.475,153.529,842.1
2024.07.29 01:00:00,153.692,154.02,153.654,154.02,13839.96
2024.07.29 02:00:00,154.018,154.212,153.98,154.143,20748.57
2024.07.29 03:00:00,154.149,154.351,153.52,153.66,31531.81
2024.07.29 04:00:00,153.653,153.83,153.236,153.438,35453.01
2024.07.29 05:00:00,153.439,153.534,153.014,153.419,20462.55
2024.07.29 06:00:00,153.42,153.694,153.328,153.511,22278.22
2024.07.29 07:00:00,153.517,153.607,153.322,153.413,25079.85
2024.07.29 08:00:00,153.412,153.664,153.3,153.381,18595.48
2024.07.29 09:00:00,153.381,153.447,153.138,153.354,31690.23
2024.07.29 10:00:00,153.352,153.723,153.232,153.617,45245.79
2024.07.29 11:00:00,153.618,153.915,153.586,153.686,35153.49
2024.07.29 12:00:00,153.685,153.772,153.587,153.701,31887.13
2024.07.29 13:00:00,153.701,153.892,153.601,153.684,25637.3
2024.07.29 14:00:00,153.683,153.837,153.59,153.833,27742.57
2024.07.29 15:00:00,153.833,154.032,153.754,153.883,42510.28
2024.07.29 16:00:00,153.885,154.207,153.731,154.175,35840.01
2024.07.29 17:00:00,154.174,154.203,154.002,154.048,41332.42
2024.07.29 18:00:00,154.047,154.047,153.869,153.964,27493.81
2024.07.29 19:00:00,153.965,154.091,153.933,153.942,13544.3
2024.07.29 20:00:00,153.943,154.031,153.887,154,11588.13
2024.07.29 21:00:00,154,154.054,153.966,153.986,15803.18
2024.07.29 22:00:00,153.981,154.038,153.958,153.999,11604.93
2024.07.29 23:00:00,153.998,154.051,153.974,154.01,3734.22
2024.07.30 00:00:00,154.01,154.068,153.903,154.004,1197.89
2024.07.30 01:00:00,154.009,154.061,153.97,154.019,9832.51
2024.07.30 02:00:00,154.018,154.028,153.765,153.835,15284.27
2024.07.30 03:00:00,153.833,154.059,153.615,153.961,19676.29
2024.07.30 04:00:00,153.961,154.247,153.848,153.992,19354.46
2024.07.30 05:00:00,153.993,154.132,153.948,154.022,13135.87
2024.07.30 06:00:00,154.021,154.165,153.974,154.069,19504.77
2024.07.30 07:00:00,154.073,154.442,154.061,154.437,18059.84
2024.07.30 08:00:00,154.436,154.768,154.421,154.664,15004.2
2024.07.30 09:00:00,154.662,155.213,154.595,155.049,16084.83
2024.07.30 10:00:00,155.045,155.143,154.719,154.894,15420.39
2024.07.30 11:00:00,154.898,154.912,154.602,154.663,9561.09
2024.07.30 12:00:00,154.666,154.933,154.661,154.809,8070.94
2024.07.30 13:00:00,154.813,154.877,154.693,154.732,4477.23
2024.07.30 14:00:00,154.733,154.895,154.724,154.884,5956.56
2024.07.30 15:00:00,154.884,155.021,154.81,154.94,33242.18
2024.07.30 16:00:00,154.941,154.941,154.291,154.333,51997.74
2024.07.30 17:00:00,154.318,154.652,154.318,154.599,48151.8
2024.07.30 18:00:00,154.599,154.601,153.646,153.726,51249.56
2024.07.30 19:00:00,153.726,153.855,153.137,153.238,29333.61
2024.07.30 20:00:00,153.238,153.38,152.979,153.203,34036.18
2024.07.30 21:00:00,153.204,153.441,153.136,153.257,25225.39
2024.07.30 22:00:00,153.257,153.317,153.204,153.275,10606.93
2024.07.30 23:00:00,153.276,153.282,152.645,152.756,8932.55
2024.07.31 00:00:00,152.698,152.809,152.614,152.658,1527.84
2024.07.31 01:00:00,152.658,153.139,152.42,152.878,23615.29
2024.07.31 02:00:00,152.875,152.974,152.417,152.658,29085.93
2024.07.31 03:00:00,152.658,152.741,152.105,152.378,33502.42
2024.07.31 04:00:00,152.373,152.529,152.164,152.424,20060.18
2024.07.31 05:00:00,152.411,153.325,152.335,152.876,33004.46
2024.07.31 06:00:00,152.877,153.828,151.587,153.57,21755.89
2024.07.31 07:00:00,153.586,153.894,152.408,152.55,34030.65
2024.07.31 08:00:00,152.55,153.165,152.466,152.87,26945.52
2024.07.31 09:00:00,152.869,153.059,152.213,152.228,38105.1
2024.07.31 10:00:00,152.228,152.434,150.607,150.921,42971.94
2024.07.31 11:00:00,150.921,150.983,150.049,150.922,54163.99
2024.07.31 12:00:00,150.917,150.942,150.356,150.403,35577.49
2024.07.31 13:00:00,150.402,150.587,150.144,150.507,27991.83
2024.07.31 14:00:00,150.506,150.581,150.08,150.183,43793.82
2024.07.31 15:00:00,150.189,150.475,149.785,150.331,51744.49
2024.07.31 16:00:00,150.332,150.349,149.818,149.82,42339.06
2024.07.31 17:00:00,149.822,150.674,149.625,150.434,42221.75
2024.07.31 18:00:00,150.435,150.574,150.277,150.38,39141.87
2024.07.31 19:00:00,150.38,150.661,150.368,150.56,23880.19
2024.07.31 20:00:00,150.559,150.953,150.544,150.796,27859.42
2024.07.31 21:00:00,150.796,151.257,150.328,150.437,51728.23
2024.07.31 22:00:00,150.444,150.495,149.606,149.786,50640.42
2024.07.31 23:00:00,149.786,150.278,149.754,149.956,9680.27
2024.08.01 00:00:00,149.941,149.941,149.829,149.874,1242.03
2024.08.01 01:00:00,149.874,150.19,149.794,150.17,13280.48
2024.08.01 02:00:00,150.17,150.318,149.667,149.786,25535.7
2024.08.01 03:00:00,149.786,149.895,149.345,149.436,30365.23
2024.08.01 04:00:00,149.435,149.465,148.508,149.17,48260.12
2024.08.01 05:00:00,149.17,149.788,149.034,149.764,36010.88
2024.08.01 06:00:00,149.766,149.791,149.388,149.56,29232.99
2024.08.01 07:00:00,149.562,149.714,149.339,149.68,22643.18
2024.08.01 08:00:00,149.679,150.045,149.613,149.759,29304.12
2024.08.01 09:00:00,149.76,150.335,149.569,150.027,55159.66
2024.08.01 10:00:00,150.026,150.195,149.782,149.861,48231.39
2024.08.01 11:00:00,149.859,149.988,149.426,149.69,54639.72
2024.08.01 12:00:00,149.698,149.967,149.605,149.949,38251.5
2024.08.01 13:00:00,149.95,150.195,149.918,150.027,32293.95
2024.08.01 14:00:00,150.029,150.621,149.97,150.523,28396.69
2024.08.01 15:00:00,150.523,150.861,150.188,150.858,54737.4
2024.08.01 16:00:00,150.86,150.89,150.391,150.521,45967.39
2024.08.01 17:00:00,150.522,150.522,149.831,150.046,59138.61
2024.08.01 18:00:00,150.046,150.216,149.869,150.06,34839.29
2024.08.01 19:00:00,150.063,150.135,149.681,149.894,28672.76
2024.08.01 20:00:00,149.895,149.942,149.645,149.746,23214.06
2024.08.01 21:00:00,149.745,149.767,149.531,149.553,32347.46
2024.08.01 22:00:00,149.551,149.841,149.47,149.771,22555.39
2024.08.01 23:00:00,149.771,149.783,149.282,149.356,7333.09
2024.08.02 00:00:00,149.355,149.36,149.264,149.295,3178.47
2024.08.02 01:00:00,149.295,149.443,148.991,149.311,14273.76
2024.08.02 02:00:00,149.31,149.311,148.872,149.208,27296.53
2024.08.02 03:00:00,149.205,149.417,148.935,149.38,44699.18
2024.08.02 04:00:00,149.379,149.772,149.354,149.499,41485.06
2024.08.02 05:00:00,149.498,149.68,149.231,149.569,29825.73
2024.08.02 06:00:00,149.573,149.644,149.374,149.491,19517.36
2024.08.02 07:00:00,149.49,149.579,149.25,149.259,21480.45
2024.08.02 08:00:00,149.257,149.37,148.887,148.944,28461.02
2024.08.02 09:00:00,148.939,149.29,148.804,148.853,48231.51
2024.08.02 10:00:00,148.85,149.221,148.623,149.208,38164.64
2024.08.02 11:00:00,149.21,149.321,148.832,149.071,28698.9
2024.08.02 12:00:00,149.07,149.092,148.82,148.882,16120.54
2024.08.02 13:00:00,148.882,148.955,148.73,148.796,20023.86
2024.08.02 14:00:00,148.796,149.122,148.789,149.008,25068.83
2024.08.02 15:00:00,149.009,149.113,147.015,147.44,51518.84
2024.08.02 16:00:00,147.443,148.16,147.058,147.076,79705.08
2024.08.02 17:00:00,147.077,147.414,146.542,146.671,76155.74
2024.08.02 18:00:00,146.668,147.104,146.417,146.979,58660.51
2024.08.02 19:00:00,146.981,147.458,146.752,146.844,46142.33
2024.08.02 20:00:00,146.844,146.956,146.748,146.836,40850.35
2024.08.02 21:00:00,146.837,146.896,146.436,146.491,20423.58
2024.08.02 22:00:00,146.492,146.69,146.444,146.582,17256.87
2024.08.02 23:00:00,146.584,146.619,146.489,146.498,7284
2024.08.05 00:00:00,146.441,146.504,146.413,146.44,828.9
2024.08.05 01:00:00,146.468,146.563,145.983,146.322,20120.29
2024.08.05 02:00:00,146.319,146.343,145.279,145.589,39785.95
2024.08.05 03:00:00,145.589,145.94,145.179,145.512,56135.48
2024.08.05 04:00:00,145.512,145.592,144.762,145.106,43756.73
2024.08.05 05:00:00,145.104,145.548,145.037,145.136,35611.46
2024.08.05 06:00:00,145.133,145.155,144.163,144.361,36631.85
2024.08.05 07:00:00,144.36,144.427,142.176,143.165,50687.54
2024.08.05 08:00:00,143.165,143.551,142.41,142.66,49147.74
2024.08.05 09:00:00,142.649,143.11,141.676,142.749,32752.59
2024.08.05 10:00:00,142.751,143.986,142.717,143.478,31341.29
2024.08.05 11:00:00,143.474,143.56,142.001,142.395,25386.57
2024.08.05 12:00:00,142.399,142.574,141.741,142.287,40291.24
2024.08.05 13:00:00,142.29,142.466,141.906,142.369,29774.93
2024.08.05 14:00:00,142.37,142.962,142.242,142.306,37463.48
2024.08.05 15:00:00,142.304,142.466,141.831,142.246,43732.35
2024.08.05 16:00:00,142.25,142.982,142.1,142.714,38152.19
2024.08.05 17:00:00,142.726,143.843,142.54,142.655,56979.24
2024.08.05 18:00:00,142.656,143.99,142.333,143.962,43297.1
2024.08.05 19:00:00,143.961,144.887,143.893,144.178,42353.74
2024.08.05 20:00:00,144.181,144.602,143.901,144.007,38715.1
2024.08.05 21:00:00,144.008,144.159,143.388,143.457,25041.81
2024.08.05 22:00:00,143.451,143.853,143.441,143.739,21013.82
2024.08.05 23:00:00,143.738,144.273,143.701,144.137,9230.46
2024.08.06 00:00:00,144.129,144.174,144.018,144.039,849.07
2024.08.06 01:00:00,144.036,144.863,143.619,144.762,15486.33
2024.08.06 02:00:00,144.762,145.826,144.758,145.794,34042.97
2024.08.06 03:00:00,145.8,146.365,144.837,145.04,46904.88
2024.08.06 04:00:00,145.042,145.485,144.363,144.8,28957.48
2024.08.06 05:00:00,144.8,145.352,144.302,145.307,26397.48
2024.08.06 06:00:00,145.307,145.912,145.116,145.35,22525.32
2024.08.06 07:00:00,145.348,145.639,145.101,145.511,18584.71
2024.08.06 08:00:00,145.521,146.14,145.104,145.862,24938
2024.08.06 09:00:00,145.862,146.285,145.428,145.631,40165.14
2024.08.06 10:00:00,145.631,145.931,145.173,145.291,42365.61
2024.08.06 11:00:00,145.289,145.376,144.466,144.918,31543.6
2024.08.06 12:00:00,144.917,144.917,144.495,144.745,21314.89
2024.08.06 13:00:00,144.744,145.118,144.357,144.887,24471.72
2024.08.06 14:00:00,144.899,145.458,144.899,145.152,24092.74
2024.08.06 15:00:00,145.147,145.197,144.481,144.599,28729.47
2024.08.06 16:00:00,144.599,144.711,144.045,144.394,33699.93
2024.08.06 17:00:00,144.395,144.99,144.27,144.501,29593.7
2024.08.06 18:00:00,144.502,145.207,144.502,145.111,27726.7
2024.08.06 19:00:00,145.113,145.417,145.014,145.373,21940.99
2024.08.06 20:00:00,145.376,145.389,145.051,145.338,16775.27
2024.08.06 21:00:00,145.339,145.363,145.001,145.002,12584.84
2024.08.06 22:00:00,145.001,145.069,144.729,144.729,10257.36
2024.08.06 23:00:00,144.734,144.82,144.149,144.296,7921.1
2024.08.07 00:00:00,144.296,144.612,144.153,144.524,1343.52
2024.08.07 01:00:00,144.462,144.734,144.3,144.553,16607.08
2024.08.07 02:00:00,144.556,144.756,144.378,144.738,15734.91
2024.08.07 03:00:00,144.743,145.253,144.543,144.729,34631.16
2024.08.07 04:00:00,144.728,147.488,144.561,146.729,41591.95
2024.08.07 05:00:00,146.729,146.947,146.335,146.843,27633.31
2024.08.07 06:00:00,146.838,147.37,146.627,147.131,21699.61
2024.08.07 07:00:00,147.129,147.897,147.103,147.613,19528.07
2024.08.07 08:00:00,147.612,147.814,146.834,146.975,25416.7
2024.08.07 09:00:00,146.973,147.136,146.434,146.575,38459.77
2024.08.07 10:00:00,146.576,146.942,146.081,146.687,27630.75
2024.08.07 11:00:00,146.689,147.227,146.62,147.199,46061.32
2024.08.07 12:00:00,147.201,147.636,147.086,147.574,35739.53
2024.08.07 13:00:00,147.572,147.608,147.04,147.193,22725.19
2024.08.07 14:00:00,147.194,147.504,146.983,147.198,14759.3
2024.08.07 15:00:00,147.203,147.229,146.867,146.995,21432.45
2024.08.07 16:00:00,146.992,147.339,146.919,147.219,21142.01
2024.08.07 17:00:00,147.22,147.395,146.648,147.271,25273.56
2024.08.07 18:00:00,147.27,147.686,147.254,147.416,16566.16
2024.08.07 19:00:00,147.42,147.496,147.067,147.175,14986.12
2024.08.07 20:00:00,147.177,147.403,146.961,147.034,16522.71
2024.08.07 21:00:00,147.032,147.044,146.68,146.841,17381.52
2024.08.07 22:00:00,146.84,147.185,146.785,146.847,18052.77
2024.08.07 23:00:00,146.847,146.906,146.656,146.656,6025.99
2024.08.08 00:00:00,146.653,146.747,146.619,146.693,1728.96
2024.08.08 01:00:00,146.695,146.78,146.353,146.524,11172.04
2024.08.08 02:00:00,146.523,146.535,145.564,146.283,35959.29
2024.08.08 03:00:00,146.297,146.539,145.426,146,48739.25
2024.08.08 04:00:00,146.003,146.619,145.953,146.373,41040.94
2024.08.08 05:00:00,146.372,146.871,146.349,146.591,31597.04
2024.08.08 06:00:00,146.592,146.718,146.304,146.376,31617.68
2024.08.08 07:00:00,146.384,146.388,145.906,146.131,33917.36
2024.08.08 08:00:00,146.131,146.4,145.938,145.971,42318.67
2024.08.08 09:00:00,145.967,146.342,145.877,146.197,51622.73
2024.08.08 10:00:00,146.198,146.223,145.627,145.868,47475.43
2024.08.08 11:00:00,145.873,146.275,145.754,146.192,40762.72
2024.08.08 12:00:00,146.192,146.486,146.016,146.124,35877.45
2024.08.08 13:00:00,146.122,146.299,146.016,146.105,35324.74
2024.08.08 14:00:00,146.104,146.301,145.941,146.161,38883.12
2024.08.08 15:00:00,146.159,147.292,145.947,147.064,57499.7
2024.08.08 16:00:00,147.06,147.542,146.918,147.125,57609.35
2024.08.08 17:00:00,147.126,147.428,146.933,147.29,47189.54
2024.08.08 18:00:00,147.29,147.3,147.015,147.091,30158.26
2024.08.08 19:00:00,147.091,147.259,147.073,147.244,17583.34
2024.08.08 20:00:00,147.243,147.419,147.148,147.36,20963.23
2024.08.08 21:00:00,147.361,147.433,147.2,147.212,18346.35
2024.08.08 22:00:00,147.21,147.269,147.091,147.145,21411.38
2024.08.08 23:00:00,147.147,147.288,147.097,147.261,7659
2024.08.09 00:00:00,147.174,147.27,147.128,147.196,716.74
2024.08.09 01:00:00,147.202,147.306,147.153,147.272,12307.89
2024.08.09 02:00:00,147.27,147.813,147.245,147.694,23512.63
2024.08.09 03:00:00,147.694,147.768,147.198,147.482,53248.91
2024.08.09 04:00:00,147.486,147.615,147.077,147.085,34146.09
2024.08.09 05:00:00,147.083,147.503,147.019,147.492,29757.91
2024.08.09 06:00:00,147.492,147.568,147.143,147.225,31310.2
2024.08.09 07:00:00,147.226,147.255,146.814,146.886,23731.33
2024.08.09 08:00:00,146.882,147.106,146.71,147.009,35236.42
2024.08.09 09:00:00,147.014,147.217,146.885,147.197,28796.82
2024.08.09 10:00:00,147.198,147.21,146.918,147.204,34805.16
2024.08.09 11:00:00,147.203,147.32,146.917,147.208,40081.4
2024.08.09 12:00:00,147.207,147.286,147.139,147.233,35123.97
2024.08.09 13:00:00,147.234,147.264,147.035,147.137,26018.54
2024.08.09 14:00:00,147.14,147.158,146.823,147.011,40945.15
2024.08.09 15:00:00,147.013,147.033,146.508,146.777,41674.41
2024.08.09 16:00:00,146.777,146.791,146.51,146.606,40731.02
2024.08.09 17:00:00,146.607,146.634,146.267,146.538,54051.75
2024.08.09 18:00:00,146.539,146.732,146.44,146.495,39715.22
2024.08.09 19:00:00,146.491,146.665,146.477,146.609,27473.06
2024.08.09 20:00:00,146.609,146.761,146.598,146.695,21801.75
2024.08.09 21:00:00,146.696,146.722,146.593,146.614,15465.84
2024.08.09 22:00:00,146.614,146.673,146.556,146.641,12340.35
2024.08.09 23:00:00,146.641,146.699,146.591,146.634,6927.96
2024.08.12 00:00:00,146.484,146.892,146.468,146.696,433.43
2024.08.12 01:00:00,146.729,147.005,146.706,146.992,8258.36
2024.08.12 02:00:00,146.992,147.128,146.92,147.072,14912.06
2024.08.12 03:00:00,147.071,147.074,146.798,146.854,19611.82
2024.08.12 04:00:00,146.855,146.994,146.698,146.962,27715.54
2024.08.12 05:00:00,146.96,146.98,146.841,146.934,17588.44
2024.08.12 06:00:00,146.933,147.22,146.879,147.196,20897.67
2024.08.12 07:00:00,147.202,147.209,147.025,147.124,18901.4
2024.08.12 08:00:00,147.122,147.222,147.087,147.201,22735.42
2024.08.12 09:00:00,147.198,147.28,147.151,147.224,29488.41
2024.08.12 10:00:00,147.224,147.32,147.089,147.218,36346.88
2024.08.12 11:00:00,147.217,147.443,147.19,147.361,17477.52
2024.08.12 12:00:00,147.354,147.383,147.207,147.318,18850.29
2024.08.12 13:00:00,147.318,147.438,147.285,147.417,18576.04
2024.08.12 14:00:00,147.417,147.666,147.384,147.571,24249.19
2024.08.12 15:00:00,147.575,147.737,147.521,147.715,25383.36
2024.08.12 16:00:00,147.716,148.222,147.671,147.774,50405.26
2024.08.12 17:00:00,147.776,147.944,147.659,147.873,48390.61
2024.08.12 18:00:00,147.874,147.892,147.245,147.542,44359.79
2024.08.12 19:00:00,147.544,147.572,147.276,147.355,28231.84
2024.08.12 20:00:00,147.353,147.353,147.089,147.179,31213.52
2024.08.12 21:00:00,147.18,147.313,147.073,147.299,25367.76
2024.08.12 22:00:00,147.299,147.323,147.04,147.181,23133.44
2024.08.12 23:00:00,147.181,147.28,147.149,147.177,7679.46
2024.08.13 00:00:00,147.176,147.208,147.093,147.178,1590.5
2024.08.13 01:00:00,147.178,147.221,147.105,147.131,8305.38
2024.08.13 02:00:00,147.13,147.223,146.914,147.022,11120.34
2024.08.13 03:00:00,147.023,147.302,147.003,147.262,38480.2
2024.08.13 04:00:00,147.262,147.513,147.262,147.323,23565.27
2024.08.13 05:00:00,147.322,147.394,147.228,147.375,15373.44
2024.08.13 06:00:00,147.375,147.507,147.308,147.48,14736.75
2024.08.13 07:00:00,147.481,147.794,147.43,147.714,22371.56
2024.08.13 08:00:00,147.714,147.822,147.6,147.65,18437.35
2024.08.13 09:00:00,147.65,147.945,147.55,147.883,24946.21
2024.08.13 10:00:00,147.882,147.945,147.765,147.854,31843.97
2024.08.13 11:00:00,147.854,147.891,147.666,147.842,28622.94
2024.08.13 12:00:00,147.841,147.919,147.701,147.89,19992.08
2024.08.13 13:00:00,147.89,147.916,147.53,147.53,30507.79
2024.08.13 14:00:00,147.534,147.613,147.311,147.348,39767.56
2024.08.13 15:00:00,147.349,147.509,147.059,147.403,36582.45
2024.08.13 16:00:00,147.409,147.471,146.846,147.077,57479.16
2024.08.13 17:00:00,147.078,147.17,146.894,146.996,40657.9
2024.08.13 18:00:00,146.995,147.092,146.942,146.972,29210.41
2024.08.13 19:00:00,146.971,146.971,146.704,146.733,21116.62
2024.08.13 20:00:00,146.733,146.91,146.707,146.901,20200.16
2024.08.13 21:00:00,146.9,146.902,146.645,146.676,24904.73
2024.08.13 22:00:00,146.677,146.856,146.596,146.83,33833.36
2024.08.13 23:00:00,146.828,146.899,146.786,146.814,15707.85
2024.08.14 00:00:00,146.812,146.855,146.602,146.83,1172.43
2024.08.14 01:00:00,146.83,146.869,146.735,146.823,7267.96
2024.08.14 02:00:00,146.823,147.013,146.779,146.943,10840.59
2024.08.14 03:00:00,146.944,147.145,146.916,147.09,20304.47
2024.08.14 04:00:00,147.089,147.185,146.748,146.866,21577.18
2024.08.14 05:00:00,146.867,146.895,146.068,146.461,32579.53
2024.08.14 06:00:00,146.462,146.903,146.327,146.776,27353.52
2024.08.14 07:00:00,146.775,147.071,146.752,146.867,20361.7
2024.08.14 08:00:00,146.866,147.096,146.771,147.084,17585.42
2024.08.14 09:00:00,147.086,147.313,146.905,147.188,30981.27
2024.08.14 10:00:00,147.189,147.422,147.108,147.407,24505.13
2024.08.14 11:00:00,147.405,147.501,147.098,147.114,21260.38
2024.08.14 12:00:00,147.113,147.161,147.028,147.101,15562.97
2024.08.14 13:00:00,147.102,147.148,146.839,146.87,8750.89
2024.08.14 14:00:00,146.869,146.971,146.828,146.89,10795.73
2024.08.14 15:00:00,146.889,147.578,146.505,147.31,24216.43
2024.08.14 16:00:00,147.311,147.44,146.913,146.959,26578.63
2024.08.14 17:00:00,146.961,147.007,146.573,146.76,24396.54
2024.08.14 18:00:00,146.764,146.887,146.635,146.866,15326.29
2024.08.14 19:00:00,146.865,146.966,146.817,146.946,13767.79
2024.08.14 20:00:00,146.945,147.261,146.933,147.21,10837.65
2024.08.14 21:00:00,147.21,147.265,147.163,147.242,7981.91
2024.08.14 22:00:00,147.244,147.378,147.202,147.342,6218.29
2024.08.14 23:00:00,147.341,147.439,147.291,147.31,5113.02
2024.08.15 00:00:00,147.308,147.308,147.213,147.25,402.36
2024.08.15 01:00:00,147.249,147.309,147.147,147.288,3563.16
2024.08.15 02:00:00,147.284,147.404,147.216,147.272,5557.98
2024.08.15 03:00:00,147.273,147.354,147.154,147.229,11634.27
2024.08.15 04:00:00,147.229,147.609,147.197,147.518,16413.37
2024.08.15 05:00:00,147.517,147.584,147.414,147.463,9755.22
2024.08.15 06:00:00,147.46,147.472,147.337,147.402,7610.43
2024.08.15 07:00:00,147.402,147.416,147.232,147.267,8586.43
2024.08.15 08:00:00,147.267,147.346,147.053,147.137,9760.45
2024.08.15 09:00:00,147.14,147.333,147.105,147.164,9481.24
2024.08.15 10:00:00,147.163,147.263,147.094,147.21,11527.64
2024.08.15 11:00:00,147.212,147.392,147.202,147.333,11342.29
2024.08.15 12:00:00,147.332,147.448,147.317,147.374,8614.21
2024.08.15 13:00:00,147.377,147.382,147.202,147.229,6380.81
2024.08.15 14:00:00,147.229,147.329,147.178,147.219,14054.31
2024.08.15 15:00:00,147.218,149.156,147.184,148.957,31881.37
2024.08.15 16:00:00,148.959,149.322,148.866,149.077,30543.2
2024.08.15 17:00:00,149.075,149.152,148.779,149.035,51701.13
2024.08.15 18:00:00,149.033,149.034,148.863,148.913,22004.89
2024.08.15 19:00:00,148.913,149.05,148.85,149.042,14910.42
2024.08.15 20:00:00,149.041,149.185,148.957,149.093,12926.42
2024.08.15 21:00:00,149.091,149.111,148.983,149.004,11761.51
2024.08.15 22:00:00,149.004,149.048,148.969,149.042,8878.23
2024.08.15 23:00:00,149.042,149.396,149.018,149.263,12906.33
2024.08.16 00:00:00,149.267,149.33,149.242,149.293,343.41
2024.08.16 01:00:00,149.292,149.305,149.03,149.258,6507.34
2024.08.16 02:00:00,149.258,149.262,149.148,149.227,7687.63
2024.08.16 03:00:00,149.227,149.268,148.906,149.152,21157.25
2024.08.16 04:00:00,149.151,149.225,148.841,148.917,19869.59
2024.08.16 05:00:00,148.919,148.995,148.738,148.877,15609.82
2024.08.16 06:00:00,148.875,148.955,148.787,148.931,13210.11
2024.08.16 07:00:00,148.931,149.008,148.831,148.86,10059.13
2024.08.16 08:00:00,148.864,149.056,148.846,148.921,9274.42
2024.08.16 09:00:00,148.922,149.095,148.856,149.061,21766.22
2024.08.16 10:00:00,149.057,149.061,148.897,149.015,19583.57
2024.08.16 11:00:00,149.016,149.054,148.654,148.711,33846.2
2024.08.16 12:00:00,148.711,148.765,148.596,148.675,24879.52
2024.08.16 13:00:00,148.674,148.679,148.323,148.351,27381.36
2024.08.16 14:00:00,148.353,148.354,147.957,148.045,40457.6
2024.08.16 15:00:00,148.045,148.103,147.613,147.683,32102.63
2024.08.16 16:00:00,147.683,147.931,147.622,147.763,31958.44
2024.08.16 17:00:00,147.767,148.258,147.765,147.999,36147.86
2024.08.16 18:00:00,147.999,148.267,147.973,148.132,31658.94
2024.08.16 19:00:00,148.134,148.192,147.993,148.002,27273.35
2024.08.16 20:00:00,148.002,148.01,147.707,147.744,12122.69
2024.08.16 21:00:00,147.746,147.814,147.644,147.671,15178.24
2024.08.16 22:00:00,147.67,147.724,147.632,147.699,8682.99
2024.08.16 23:00:00,147.699,147.701,147.569,147.587,6455.51
2024.08.19 00:00:00,147.555,147.67,147.484,147.63,303.44
2024.08.19 01:00:00,147.629,147.908,147.597,147.863,9626.58
2024.08.19 02:00:00,147.859,148.051,147.827,147.963,9935.49
2024.08.19 03:00:00,147.962,148,147.731,147.816,25888.44
2024.08.19 04:00:00,147.815,147.876,147.32,147.41,27290.41
2024.08.19 05:00:00,147.409,147.637,147.304,147.348,17383.46
2024.08.19 06:00:00,147.346,147.371,146.311,146.458,29518.99
2024.08.19 07:00:00,146.459,146.623,145.861,146.187,27671.8
2024.08.19 08:00:00,146.188,146.294,145.41,145.424,28631.6
2024.08.19 09:00:00,145.423,145.874,145.182,145.871,23446.27
2024.08.19 10:00:00,145.87,146.256,145.671,146.103,32766.6
2024.08.19 11:00:00,146.102,146.228,145.902,146.076,43201.65
2024.08.19 12:00:00,146.076,146.278,145.96,146.268,27583.64
2024.08.19 13:00:00,146.268,146.52,146.239,146.347,35554.56
2024.08.19 14:00:00,146.347,146.387,146.026,146.036,28873.44
2024.08.19 15:00:00,146.038,146.27,145.93,146.216,30526.59
2024.08.19 16:00:00,146.217,146.575,146.216,146.397,47048.36
2024.08.19 17:00:00,146.399,146.674,146.19,146.364,40195.22
2024.08.19 18:00:00,146.364,146.711,146.353,146.424,28851.56
2024.08.19 19:00:00,146.423,146.594,146.389,146.5,17795.89
2024.08.19 20:00:00,146.501,146.618,146.457,146.538,9547.56
2024.08.19 21:00:00,146.538,146.688,146.482,146.656,11481.52
2024.08.19 22:00:00,146.659,146.678,146.554,146.634,9802.28
2024.08.19 23:00:00,146.634,146.692,146.579,146.582,4315.91
2024.08.20 00:00:00,146.576,146.633,146.521,146.567,513.47
2024.08.20 01:00:00,146.567,146.645,146.537,146.627,2145.38
2024.08.20 02:00:00,146.628,146.866,146.609,146.709,7953.22
2024.08.20 03:00:00,146.711,146.723,146.177,146.342,38317.54
2024.08.20 04:00:00,146.342,146.531,145.845,146.337,29746.89
2024.08.20 05:00:00,146.342,147.097,146.295,147.002,21691.24
2024.08.20 06:00:00,147.001,147.161,146.837,147.066,24296.83
2024.08.20 07:00:00,147.062,147.102,146.784,146.929,14275.08
2024.08.20 08:00:00,146.927,147.325,146.923,147.282,18882.38
2024.08.20 09:00:00,147.288,147.345,146.903,147.047,23910.3
2024.08.20 10:00:00,147.048,147.193,146.327,146.556,40110.19
2024.08.20 11:00:00,146.556,146.582,146.232,146.52,40746.35
2024.08.20 12:00:00,146.521,146.554,146.378,146.475,29349.59
2024.08.20 13:00:00,146.476,146.505,146.326,146.444,30919.33
2024.08.20 14:00:00,146.446,146.555,146.337,146.374,23187.23
2024.08.20 15:00:00,146.374,146.489,146.124,146.167,36345.4
2024.08.20 16:00:00,146.17,146.291,146.042,146.11,36468.59
2024.08.20 17:00:00,146.108,146.246,145.518,145.596,54081.56
2024.08.20 18:00:00,145.599,145.866,145.583,145.695,30228.48
2024.08.20 19:00:00,145.695,145.744,145.373,145.396,17142.31
2024.08.20 20:00:00,145.393,145.488,145.344,145.484,14385.71
2024.08.20 21:00:00,145.484,145.535,145.366,145.384,14590.99
2024.08.20 22:00:00,145.383,145.431,145.323,145.336,8416.59
2024.08.20 23:00:00,145.336,145.36,145.198,145.235,6272.77
2024.08.21 00:00:00,145.235,145.235,145.083,145.116,1546.97
2024.08.21 01:00:00,145.114,145.178,144.988,145.121,11310.33
2024.08.21 02:00:00,145.12,145.351,144.943,145.322,21567.52
2024.08.21 03:00:00,145.322,145.552,144.93,145.448,32730.09
2024.08.21 04:00:00,145.449,145.584,145.251,145.408,27378.94
2024.08.21 05:00:00,145.408,145.492,145.275,145.387,12166.77
2024.08.21 06:00:00,145.39,145.565,145.363,145.474,16826.14
2024.08.21 07:00:00,145.476,145.759,145.39,145.674,13730.84
2024.08.21 08:00:00,145.674,145.781,145.512,145.666,13301.18
2024.08.21 09:00:00,145.666,145.976,145.569,145.948,26264.79
2024.08.21 10:00:00,145.953,146.226,145.687,146.142,41903.92
2024.08.21 11:00:00,146.144,146.171,145.878,146.03,28095.35
2024.08.21 12:00:00,146.031,146.183,145.951,146.114,27434.53
2024.08.21 13:00:00,146.117,146.225,146.037,146.175,19772.66
2024.08.21 14:00:00,146.174,146.198,146.032,146.061,27711.3
2024.08.21 15:00:00,146.06,146.06,145.733,145.777,33399.75
2024.08.21 16:00:00,145.776,145.81,145.499,145.739,46521.09
2024.08.21 17:00:00,145.739,146.889,145.411,145.647,53204.53
2024.08.21 18:00:00,145.645,145.647,145.028,145.198,36334.77
2024.08.21 19:00:00,145.2,145.241,145.037,145.191,17881.43
2024.08.21 20:00:00,145.192,145.224,144.939,145.06,14002.38
2024.08.21 21:00:00,145.063,145.063,144.45,144.745,20124.13
2024.08.21 22:00:00,144.744,145.041,144.735,145.006,11998.63
2024.08.21 23:00:00,145.006,145.29,145.006,145.259,7096.17
2024.08.22 00:00:00,145.224,145.224,144.955,145.162,1377.5
2024.08.22 01:00:00,145.163,145.169,144.887,144.891,4517.44
2024.08.22 02:00:00,144.887,145.144,144.843,145.123,8421.56
2024.08.22 03:00:00,145.122,145.437,144.939,145.334,15822.68
2024.08.22 04:00:00,145.33,145.641,145.214,145.614,17369.48
2024.08.22 05:00:00,145.616,145.632,145.371,145.445,16244.76
2024.08.22 06:00:00,145.446,145.482,145.203,145.264,12053.43
2024.08.22 07:00:00,145.263,145.407,144.982,145.132,16683.26
2024.08.22 08:00:00,145.132,145.301,145.011,145.268,12582.05
2024.08.22 09:00:00,145.267,145.452,145.2,145.38,18694.71
2024.08.22 10:00:00,145.382,145.474,145.09,145.244,22275.26
2024.08.22 11:00:00,145.246,145.669,145.246,145.634,27829.56
2024.08.22 12:00:00,145.634,145.757,145.558,145.606,20271.03
2024.08.22 13:00:00,145.607,145.886,145.559,145.76,25199.65
2024.08.22 14:00:00,145.761,146.146,145.738,145.99,22729.93
2024.08.22 15:00:00,145.99,146.342,145.873,146.049,31996.56
2024.08.22 16:00:00,146.047,146.494,145.821,146.273,33571.6
2024.08.22 17:00:00,146.274,146.525,146.223,146.233,22613
2024.08.22 18:00:00,146.234,146.346,145.874,145.976,21422.3
2024.08.22 19:00:00,145.975,146.35,145.963,146.33,20068.17
2024.08.22 20:00:00,146.329,146.49,146.275,146.314,17116.65
2024.08.22 21:00:00,146.314,146.346,146.196,146.221,13478.82
2024.08.22 22:00:00,146.224,146.32,146.176,146.294,8972.41
2024.08.22 23:00:00,146.294,146.372,146.247,146.257,4569.46
2024.08.23 00:00:00,146.257,146.26,146.204,146.219,1314.33
2024.08.23 01:00:00,146.215,146.276,146.148,146.177,3216.82
2024.08.23 02:00:00,146.176,146.234,146.018,146.208,6934.67
2024.08.23 03:00:00,146.208,146.334,145.893,146.073,25655.21
2024.08.23 04:00:00,146.072,146.13,145.462,145.481,22704.41
2024.08.23 05:00:00,145.48,145.695,145.293,145.599,17624.97
2024.08.23 06:00:00,145.6,145.717,145.477,145.667,15244.65
2024.08.23 07:00:00,145.667,145.897,145.575,145.768,14835.95
2024.08.23 08:00:00,145.768,145.769,145.557,145.674,10167.67
2024.08.23 09:00:00,145.673,145.796,145.29,145.452,15121.87
2024.08.23 10:00:00,145.454,145.978,145.414,145.826,15356.9
2024.08.23 11:00:00,145.831,146.022,145.747,145.929,14763.94
2024.08.23 12:00:00,145.929,146.152,145.925,146.137,11846.65
2024.08.23 13:00:00,146.138,146.175,145.991,146.018,8380.4
2024.08.23 14:00:00,146.019,146.1,145.937,146.031,8510.53
2024.08.23 15:00:00,146.031,146.173,145.943,145.986,15647.72
2024.08.23 16:00:00,145.991,146.481,145.977,146.199,17853.54
2024.08.23 17:00:00,146.209,146.266,144.945,145.208,38544.13
2024.08.23 18:00:00,145.206,145.209,144.597,144.862,26697.49
2024.08.23 19:00:00,144.861,144.979,144.754,144.846,13766.32
2024.08.23 20:00:00,144.843,144.852,144.342,144.401,9806.97
2024.08.23 21:00:00,144.401,144.445,144.13,144.293,12238.36
2024.08.23 22:00:00,144.295,144.304,144.047,144.232,6537.27
2024.08.23 23:00:00,144.23,144.404,144.221,144.352,7126.29
2024.08.26 00:00:00,144.227,144.227,143.997,144.026,870.28
2024.08.26 01:00:00,144.025,144.34,143.845,143.9,10077.49
2024.08.26 02:00:00,143.89,144.022,143.558,143.919,14844.2
2024.08.26 03:00:00,143.92,144.052,143.445,143.711,21633.77
2024.08.26 04:00:00,143.711,143.883,143.444,143.738,17307.63
2024.08.26 05:00:00,143.737,143.988,143.533,143.928,12343.39
2024.08.26 06:00:00,143.927,144.09,143.793,143.968,11832.81
2024.08.26 07:00:00,143.97,144.039,143.739,144.039,9318.18
2024.08.26 08:00:00,144.039,144.215,143.923,144.049,8709.06
2024.08.26 09:00:00,144.056,144.066,143.686,143.764,13028.91
2024.08.26 10:00:00,143.765,143.91,143.597,143.885,12940.89
2024.08.26 11:00:00,143.885,143.962,143.777,143.863,9755.02
2024.08.26 12:00:00,143.862,144.001,143.822,143.966,17597.62
2024.08.26 13:00:00,143.966,144.119,143.966,144.033,17502.66
2024.08.26 14:00:00,144.033,144.227,143.962,144.133,24627.28
2024.08.26 15:00:00,144.132,144.36,143.914,143.936,28441.13
2024.08.26 16:00:00,143.934,144.415,143.855,144.408,46101.24
2024.08.26 17:00:00,144.41,144.455,144.106,144.145,35864.8
2024.08.26 18:00:00,144.148,144.604,144.136,144.51,33530.8
2024.08.26 19:00:00,144.512,144.602,144.448,144.459,14164.32
2024.08.26 20:00:00,144.458,144.554,144.318,144.524,13619.92
2024.08.26 21:00:00,144.525,144.652,144.498,144.502,10413.41
2024.08.26 22:00:00,144.502,144.598,144.495,144.598,10075.14
2024.08.26 23:00:00,144.598,144.608,144.454,144.512,2888.27
2024.08.27 00:00:00,144.508,144.535,144.441,144.473,807
2024.08.27 01:00:00,144.472,144.511,144.317,144.363,4784.79
2024.08.27 02:00:00,144.364,144.528,144.229,144.504,10831.52
2024.08.27 03:00:00,144.504,144.859,144.45,144.844,18491.34
2024.08.27 04:00:00,144.845,144.949,144.602,144.696,15297.11
2024.08.27 05:00:00,144.698,144.961,144.65,144.87,15428.36
2024.08.27 06:00:00,144.869,144.97,144.801,144.831,12272.85
2024.08.27 07:00:00,144.832,144.834,144.622,144.638,13083.5
2024.08.27 08:00:00,144.635,144.892,144.573,144.791,18955.38
2024.08.27 09:00:00,144.786,144.86,144.642,144.824,25325.34
2024.08.27 10:00:00,144.825,145.175,144.78,144.996,36933.03
2024.08.27 11:00:00,144.997,145.149,144.94,145.063,22471.87
2024.08.27 12:00:00,145.063,145.072,144.736,144.832,24455.21
2024.08.27 13:00:00,144.833,144.86,144.68,144.777,20983.53
2024.08.27 14:00:00,144.778,144.881,144.506,144.53,26889.76
2024.08.27 15:00:00,144.53,144.601,144.333,144.386,30450.81
2024.08.27 16:00:00,144.382,144.485,144.238,144.33,35930.28
2024.08.27 17:00:00,144.335,144.505,144.15,144.251,34220.16
2024.08.27 18:00:00,144.251,144.368,144.185,144.266,28211.9
2024.08.27 19:00:00,144.266,144.291,144.1,144.135,16041.31
2024.08.27 20:00:00,144.135,144.163,143.943,144.149,17111.85
2024.08.27 21:00:00,144.15,144.151,143.916,144.014,11855.8
2024.08.27 22:00:00,144.015,144.066,143.941,143.974,7716.29
2024.08.27 23:00:00,143.973,144.009,143.919,143.926,4694.07
2024.08.28 00:00:00,143.926,143.999,143.899,143.924,1646.96
2024.08.28 01:00:00,143.926,143.934,143.679,143.864,6935.72
2024.08.28 02:00:00,143.861,143.982,143.722,143.965,9242.83
2024.08.28 03:00:00,143.964,144.247,143.908,144.111,22023.72
2024.08.28 04:00:00,144.11,144.394,144.087,144.36,22295.53
2024.08.28 05:00:00,144.36,144.459,144.292,144.439,15096.2
2024.08.28 06:00:00,144.439,144.489,144.323,144.408,17380.01
2024.08.28 07:00:00,144.408,144.538,144.344,144.354,18286.17
2024.08.28 08:00:00,144.353,144.535,144.289,144.393,20513.5
2024.08.28 09:00:00,144.393,144.603,144.365,144.534,27335.11
2024.08.28 10:00:00,144.533,144.571,144.334,144.561,17691.05
2024.08.28 11:00:00,144.564,144.576,144.32,144.348,21400.68
2024.08.28 12:00:00,144.348,144.348,144.059,144.277,25880.55
2024.08.28 13:00:00,144.277,144.488,144.243,144.41,22634.57
2024.08.28 14:00:00,144.409,144.486,144.269,144.324,22235.99
2024.08.28 15:00:00,144.323,144.777,144.309,144.705,31533.06
2024.08.28 16:00:00,144.708,145.036,144.701,144.843,40156.31
2024.08.28 17:00:00,144.842,144.842,144.44,144.491,37254.86
2024.08.28 18:00:00,144.489,144.626,144.346,144.473,23228.54
2024.08.28 19:00:00,144.472,144.758,144.465,144.737,15602.49
2024.08.28 20:00:00,144.74,144.809,144.57,144.63,18428.87
2024.08.28 21:00:00,144.63,144.727,144.509,144.653,22137.58
2024.08.28 22:00:00,144.652,144.758,144.651,144.701,13116.42
2024.08.28 23:00:00,144.701,144.769,144.415,144.572,18099.67
2024.08.29 00:00:00,144.573,144.573,144.423,144.435,786.93
2024.08.29 01:00:00,144.435,144.483,144.278,144.293,8858.84
2024.08.29 02:00:00,144.294,144.468,144.218,144.435,9394.42
2024.08.29 03:00:00,144.435,144.598,144.269,144.428,22916.21
2024.08.29 04:00:00,144.426,144.657,144.344,144.632,22500.05
2024.08.29 05:00:00,144.633,144.695,144.451,144.586,12679.42
2024.08.29 06:00:00,144.585,144.615,144.476,144.525,14370.11
2024.08.29 07:00:00,144.525,144.714,144.457,144.671,15399.17
2024.08.29 08:00:00,144.671,144.86,144.559,144.616,16316.22
2024.08.29 09:00:00,144.616,144.672,144.461,144.582,20662.85
2024.08.29 10:00:00,144.581,144.844,144.553,144.727,28709.47
2024.08.29 11:00:00,144.726,144.74,144.468,144.69,38435.7
2024.08.29 12:00:00,144.691,144.737,144.443,144.519,31054.34
2024.08.29 13:00:00,144.52,144.586,144.46,144.487,27528.62
2024.08.29 14:00:00,144.486,144.7,144.463,144.59,24267.38
2024.08.29 15:00:00,144.591,145.423,144.516,145.396,43418.8
2024.08.29 16:00:00,145.393,145.495,145.26,145.372,53953.48
2024.08.29 17:00:00,145.371,145.553,145.182,145.347,47858.63
2024.08.29 18:00:00,145.347,145.391,144.976,144.983,35027.38
2024.08.29 19:00:00,144.983,145.043,144.901,145,19466.09
2024.08.29 20:00:00,145.002,145.017,144.815,144.854,16258.65
2024.08.29 21:00:00,144.854,144.896,144.726,144.778,22670.45
2024.08.29 22:00:00,144.777,144.933,144.756,144.913,27545.64
2024.08.29 23:00:00,144.915,145.011,144.9,144.954,17094.24
2024.08.30 00:00:00,144.942,145.024,144.88,144.952,728.61
2024.08.30 01:00:00,144.944,145.013,144.837,144.902,3568.03
2024.08.30 02:00:00,144.9,145.072,144.833,144.891,6212.34
2024.08.30 03:00:00,144.89,144.941,144.653,144.722,14279.45
2024.08.30 04:00:00,144.722,144.876,144.685,144.762,16806.31
2024.08.30 05:00:00,144.761,144.843,144.702,144.77,11539.8
2024.08.30 06:00:00,144.77,144.805,144.752,144.792,5146.45
2024.08.30 07:00:00,144.793,144.884,144.774,144.846,11488.47
2024.08.30 08:00:00,144.845,144.944,144.788,144.856,14874.58
2024.08.30 09:00:00,144.867,145.09,144.867,144.952,24574.59
2024.08.30 10:00:00,144.953,145.008,144.815,144.932,21281.37
2024.08.30 11:00:00,144.93,145.134,144.848,145.117,20160
2024.08.30 12:00:00,145.118,145.15,145.018,145.131,20673.79
2024.08.30 13:00:00,145.132,145.293,145.107,145.292,20164.34
2024.08.30 14:00:00,145.291,145.456,145.227,145.426,19115.55
2024.08.30 15:00:00,145.422,145.746,145.247,145.634,39812.37
2024.08.30 16:00:00,145.633,145.69,145.424,145.592,39306.37
2024.08.30 17:00:00,145.588,145.718,145.313,145.591,50488.81
2024.08.30 18:00:00,145.591,145.969,145.556,145.954,38088.21
2024.08.30 19:00:00,145.955,146.246,145.908,146.223,28494
2024.08.30 20:00:00,146.224,146.243,146.07,146.152,22649.56
2024.08.30 21:00:00,146.151,146.174,146.049,146.093,14777.3
2024.08.30 22:00:00,146.095,146.245,146.068,146.183,12420.37
2024.08.30 23:00:00,146.184,146.212,146.088,146.113,8740.55
2024.09.02 00:00:00,145.971,146.158,145.931,146.048,525.25
2024.09.02 01:00:00,146.081,146.445,146.081,146.443,4453.98
2024.09.02 02:00:00,146.443,146.597,146.36,146.4,11243.7
2024.09.02 03:00:00,146.401,146.544,146.157,146.189,17899.21
2024.09.02 04:00:00,146.188,146.279,146.055,146.215,18072.07
2024.09.02 05:00:00,146.214,146.254,145.9,145.968,17593.75
2024.09.02 06:00:00,145.967,146.009,145.828,145.948,13124.89
2024.09.02 07:00:00,145.948,145.949,145.773,145.934,11731.76
2024.09.02 08:00:00,145.933,146.214,145.928,146.106,8511.43
2024.09.02 09:00:00,146.105,146.293,146.063,146.159,15692.85
2024.09.02 10:00:00,146.156,146.475,146.122,146.471,32274.33
2024.09.02 11:00:00,146.471,146.843,146.432,146.703,40977.85
2024.09.02 12:00:00,146.701,146.745,146.597,146.679,23916.12
2024.09.02 13:00:00,146.68,146.807,146.623,146.805,14502.36
2024.09.02 14:00:00,146.805,146.99,146.747,146.986,16508.9
2024.09.02 15:00:00,146.986,146.988,146.912,146.98,14742.54
2024.09.02 16:00:00,146.977,147.172,146.834,146.96,15740.71
2024.09.02 17:00:00,146.963,147.017,146.916,146.962,16402.28
2024.09.02 18:00:00,146.961,147.067,146.905,146.95,11066.99
2024.09.02 19:00:00,146.95,146.985,146.803,146.816,7008.83
2024.09.02 20:00:00,146.826,146.894,146.819,146.888,3803.85
2024.09.02 21:00:00,146.891,146.907,146.853,146.901,1766.49
2024.09.02 22:00:00,146.898,146.899,146.857,146.885,1078.29
2024.09.02 23:00:00,146.905,146.927,146.847,146.864,2427.34
2024.09.03 00:00:00,146.852,146.904,146.753,146.888,613.98
2024.09.03 01:00:00,146.885,146.961,146.843,146.948,1262.82
2024.09.03 02:00:00,146.946,146.963,146.713,146.748,3372.56
2024.09.03 03:00:00,146.751,147.207,146.664,147.124,27714.88
2024.09.03 04:00:00,147.121,147.144,146.587,146.616,21679.45
2024.09.03 05:00:00,146.615,146.763,146.566,146.638,20732.71
2024.09.03 06:00:00,146.638,146.731,146.446,146.54,14088.68
2024.09.03 07:00:00,146.542,146.573,146.393,146.535,19787.62
2024.09.03 08:00:00,146.534,146.594,146.14,146.309,18039.59
2024.09.03 09:00:00,146.311,146.405,145.992,146.016,28214.1
2024.09.03 10:00:00,146.017,146.243,145.888,145.945,47801.28
2024.09.03 11:00:00,145.945,146.014,145.606,145.813,48354.12
2024.09.03 12:00:00,145.809,145.984,145.79,145.934,24799.46
2024.09.03 13:00:00,145.933,146.062,145.864,146.032,21883.78
2024.09.03 14:00:00,146.031,146.237,145.892,146.174,23018.21
2024.09.03 15:00:00,146.176,146.286,145.872,145.882,32215.6
2024.09.03 16:00:00,145.882,145.922,145.28,145.421,49451.19
2024.09.03 17:00:00,145.421,145.674,145.097,145.565,59236.35
2024.09.03 18:00:00,145.565,145.917,145.565,145.821,37115.02
2024.09.03 19:00:00,145.825,145.921,145.71,145.765,17479.45
2024.09.03 20:00:00,145.765,145.904,145.735,145.898,13818.31
2024.09.03 21:00:00,145.898,145.906,145.77,145.805,19898.78
2024.09.03 22:00:00,145.807,145.833,145.562,145.628,15084.4
2024.09.03 23:00:00,145.629,145.711,145.444,145.454,17092.23
2024.09.04 00:00:00,145.446,145.486,145.376,145.409,587.61
2024.09.04 01:00:00,145.402,145.556,145.271,145.332,7970.26
2024.09.04 02:00:00,145.332,145.395,145.089,145.363,15177.51
2024.09.04 03:00:00,145.365,145.552,144.889,145.174,28485.33
2024.09.04 04:00:00,145.173,145.533,145.142,145.405,16636.43
2024.09.04 05:00:00,145.404,145.504,145.218,145.443,19654.58
2024.09.04 06:00:00,145.444,145.546,145.266,145.31,16707.08
2024.09.04 07:00:00,145.311,145.538,145.21,145.249,16343.39
2024.09.04 08:00:00,145.249,145.256,145.027,145.168,22641.35
2024.09.04 09:00:00,145.165,145.316,144.856,144.874,30391.05
2024.09.04 10:00:00,144.875,145.043,144.753,144.983,39331.32
2024.09.04 11:00:00,144.984,145.23,144.917,145.206,24471.38
2024.09.04 12:00:00,145.209,145.268,145.073,145.105,17337.78
2024.09.04 13:00:00,145.107,145.188,144.935,145.069,14383.21
2024.09.04 14:00:00,145.068,145.092,144.86,144.885,24537.88
2024.09.04 15:00:00,144.89,145.215,144.88,145.074,34951.02
2024.09.04 16:00:00,145.072,145.147,144.748,144.777,45680.16
2024.09.04 17:00:00,144.772,144.772,143.998,144.118,73187.24
2024.09.04 18:00:00,144.118,144.416,144.033,144.306,41484.19
2024.09.04 19:00:00,144.307,144.37,144.01,144.048,29272.91
2024.09.04 20:00:00,144.047,144.081,143.942,144.072,18515.63
2024.09.04 21:00:00,144.078,144.125,143.856,143.888,17291.29
2024.09.04 22:00:00,143.887,143.943,143.793,143.822,20335.13
2024.09.04 23:00:00,143.83,143.872,143.708,143.724,11332.71
2024.09.05 00:00:00,143.721,143.721,143.594,143.642,470.61
2024.09.05 01:00:00,143.642,143.746,143.509,143.621,5497.58
2024.09.05 02:00:00,143.62,143.685,143.183,143.335,16128.41
2024.09.05 03:00:00,143.334,143.802,143.298,143.718,35781.26
2024.09.05 04:00:00,143.717,143.831,143.431,143.702,23142.78
2024.09.05 05:00:00,143.704,143.903,143.605,143.831,22536.69
2024.09.05 06:00:00,143.83,143.878,143.676,143.76,16599.64
2024.09.05 07:00:00,143.76,143.852,143.487,143.574,14366.95
2024.09.05 08:00:00,143.573,143.597,143.32,143.397,15320.37
2024.09.05 09:00:00,143.4,143.45,143.048,143.235,28427.41
2024.09.05 10:00:00,143.237,143.735,143.224,143.611,29841.97
2024.09.05 11:00:00,143.61,143.749,143.526,143.573,29290.21
2024.09.05 12:00:00,143.573,143.646,143.426,143.604,24847.93
2024.09.05 13:00:00,143.602,143.646,143.466,143.491,21591.08
2024.09.05 14:00:00,143.49,143.57,143.414,143.449,22544.45
2024.09.05 15:00:00,143.448,143.598,142.847,143.098,52768.46
2024.09.05 16:00:00,143.098,143.266,143.036,143.192,42710.37
2024.09.05 17:00:00,143.148,144.228,143.148,143.916,64646.17
2024.09.05 18:00:00,143.919,144.024,143.411,143.433,41359.41
2024.09.05 19:00:00,143.432,143.541,143.369,143.433,25879.04
2024.09.05 20:00:00,143.432,143.449,143.194,143.349,22653.44
2024.09.05 21:00:00,143.348,143.481,143.202,143.417,23202.35
2024.09.05 22:00:00,143.418,143.504,143.311,143.458,21095.4
2024.09.05 23:00:00,143.458,143.488,143.375,143.429,11784.59
2024.09.06 00:00:00,143.422,143.44,143.345,143.404,551.37
2024.09.06 01:00:00,143.405,143.454,143.323,143.414,2975.66
2024.09.06 02:00:00,143.411,143.477,143.345,143.385,6944.44
2024.09.06 03:00:00,143.386,143.417,143.15,143.174,21127.48
2024.09.06 04:00:00,143.176,143.363,143.099,143.274,11193.5
2024.09.06 05:00:00,143.274,143.308,143.171,143.198,7604.8
2024.09.06 06:00:00,143.197,143.223,142.983,143.03,9476.62
2024.09.06 07:00:00,143.03,143.031,142.887,142.995,14345.26
2024.09.06 08:00:00,142.992,143.006,142.407,142.605,22875.89
2024.09.06 09:00:00,142.603,142.65,142.253,142.39,36789.97
2024.09.06 10:00:00,142.391,142.536,142.053,142.523,46355.06
2024.09.06 11:00:00,142.522,142.724,142.48,142.612,36090.64
2024.09.06 12:00:00,142.613,142.89,142.592,142.801,23834.32
2024.09.06 13:00:00,142.803,142.957,142.794,142.853,23346.92
2024.09.06 14:00:00,142.853,143.126,142.824,143.058,27893.2
2024.09.06 15:00:00,143.061,144.041,141.986,142.986,56667.51
2024.09.06 16:00:00,142.987,143.898,142.794,143.52,63307.61
2024.09.06 17:00:00,143.519,143.542,142.21,142.439,55856.4
2024.09.06 18:00:00,142.437,142.751,141.762,142.142,81537.08
2024.09.06 19:00:00,142.142,142.665,142.077,142.442,40257.67
2024.09.06 20:00:00,142.444,142.69,142.233,142.423,37468.82
2024.09.06 21:00:00,142.426,142.481,142.243,142.359,31575.14
2024.09.06 22:00:00,142.357,142.477,142.357,142.42,13248.18
2024.09.06 23:00:00,142.416,142.437,142.239,142.251,11468.73
2024.09.09 00:00:00,142.172,142.333,142.045,142.1,1390.18
2024.09.09 01:00:00,142.101,142.31,141.948,142.146,7555.41
2024.09.09 02:00:00,142.144,142.525,142.088,142.487,22018.3
2024.09.09 03:00:00,142.487,142.741,142.414,142.697,35696.06
2024.09.09 04:00:00,142.699,142.98,142.613,142.955,25432.48
2024.09.09 05:00:00,142.956,142.989,142.7,142.817,15944.95
2024.09.09 06:00:00,142.818,142.957,142.637,142.757,19465.14
2024.09.09 07:00:00,142.758,143.091,142.739,142.973,18815.67
2024.09.09 08:00:00,142.972,143.069,142.773,142.911,20312.77
2024.09.09 09:00:00,142.912,143.055,142.795,143.002,40393.69
2024.09.09 10:00:00,143.005,143.358,143.005,143.158,42807.7
2024.09.09 11:00:00,143.159,143.431,143.096,143.38,24616.42
2024.09.09 12:00:00,143.38,143.574,143.264,143.486,28702.47
2024.09.09 13:00:00,143.486,143.777,143.473,143.668,24868.41
2024.09.09 14:00:00,143.668,143.795,143.537,143.609,26874.33
2024.09.09 15:00:00,143.603,143.696,143.093,143.231,28096.13
2024.09.09 16:00:00,143.232,143.232,142.726,142.793,44832.15
2024.09.09 17:00:00,142.792,142.99,142.65,142.737,35271.32
2024.09.09 18:00:00,142.736,143.009,142.715,142.925,33651.64
2024.09.09 19:00:00,142.925,142.952,142.824,142.883,21937.01
2024.09.09 20:00:00,142.88,142.917,142.715,142.814,21399.65
2024.09.09 21:00:00,142.814,142.895,142.761,142.807,16687.95
2024.09.09 22:00:00,142.807,142.961,142.779,142.955,13085.04
2024.09.09 23:00:00,142.953,143.21,142.948,143.153,6998.15
2024.09.10 00:00:00,143.147,143.147,143.078,143.124,383.67
2024.09.10 01:00:00,143.122,143.137,142.852,143.039,4923.59
2024.09.10 02:00:00,143.039,143.295,143.039,143.181,8848.26
2024.09.10 03:00:00,143.18,143.487,143.113,143.465,31182.07
2024.09.10 04:00:00,143.466,143.543,143.353,143.422,18295.65
2024.09.10 05:00:00,143.417,143.431,143.189,143.401,14802.71
2024.09.10 06:00:00,143.4,143.426,143.173,143.235,15925.83
2024.09.10 07:00:00,143.237,143.28,143.052,143.08,9202.38
2024.09.10 08:00:00,143.08,143.186,143.031,143.155,12379.2
2024.09.10 09:00:00,143.154,143.453,143.092,143.399,24068.39
2024.09.10 10:00:00,143.397,143.614,143.337,143.602,35003.84
2024.09.10 11:00:00,143.61,143.708,143.439,143.51,32812.4
2024.09.10 12:00:00,143.512,143.519,143.153,143.161,22817.41
2024.09.10 13:00:00,143.163,143.212,142.948,143.039,24021.63
2024.09.10 14:00:00,143.04,143.188,142.994,143.126,23945.75
2024.09.10 15:00:00,143.124,143.189,142.753,142.861,16285.02
2024.09.10 16:00:00,142.863,143.11,142.827,143.005,19354.38
2024.09.10 17:00:00,143.007,143.047,142.53,142.717,32993.74
2024.09.10 18:00:00,142.716,142.73,142.258,142.287,30366.03
2024.09.10 19:00:00,142.286,142.473,142.192,142.461,22355.31
2024.09.10 20:00:00,142.461,142.568,142.325,142.393,19783.01
2024.09.10 21:00:00,142.394,142.46,142.224,142.346,21437.48
2024.09.10 22:00:00,142.347,142.388,142.29,142.308,16041.93
2024.09.10 23:00:00,142.308,142.489,142.299,142.422,11210.23
2024.09.11 00:00:00,142.401,142.416,142.277,142.414,322.65
2024.09.11 01:00:00,142.413,142.472,142.336,142.447,2182.97
2024.09.11 02:00:00,142.445,142.467,142.209,142.229,6402.48
2024.09.11 03:00:00,142.231,142.293,142.019,142.286,25235.17
2024.09.11 04:00:00,142.288,142.425,141.498,141.828,33057.98
2024.09.11 05:00:00,141.829,141.9,141.558,141.832,25108.79
2024.09.11 06:00:00,141.83,141.959,141.255,141.396,18328.47
2024.09.11 07:00:00,141.396,141.397,140.889,141.09,27365.73
2024.09.11 08:00:00,141.088,141.293,140.707,141.282,32139.1
2024.09.11 09:00:00,141.287,141.451,141.146,141.374,31953.62
2024.09.11 10:00:00,141.375,141.543,141.167,141.387,47901.02
2024.09.11 11:00:00,141.386,141.696,141.331,141.533,34404.53
2024.09.11 12:00:00,141.534,141.577,141.289,141.568,29624.7
2024.09.11 13:00:00,141.569,141.694,141.487,141.575,23650.36
2024.09.11 14:00:00,141.579,141.822,141.504,141.689,26880.03
2024.09.11 15:00:00,141.69,142.546,141.689,142.291,49354.52
2024.09.11 16:00:00,142.296,142.495,141.78,141.814,48241.96
2024.09.11 17:00:00,141.814,141.95,141.247,141.424,56100.69
2024.09.11 18:00:00,141.426,141.82,141.379,141.726,45221.35
2024.09.11 19:00:00,141.726,142.035,141.724,141.947,32794.37
2024.09.11 20:00:00,141.95,142.324,141.899,142.203,27053.73
2024.09.11 21:00:00,142.204,142.25,142.094,142.201,16631.4
2024.09.11 22:00:00,142.204,142.411,142.193,142.373,19350.81
2024.09.11 23:00:00,142.373,142.456,142.341,142.341,24682.89
2024.09.12 00:00:00,142.337,142.34,142.258,142.276,770.52
2024.09.12 01:00:00,142.277,142.47,142.225,142.457,3150.61
2024.09.12 02:00:00,142.454,142.674,142.441,142.635,7007.6
2024.09.12 03:00:00,142.637,142.949,142.61,142.683,25093.39
2024.09.12 04:00:00,142.685,142.706,142.256,142.541,29216.58
2024.09.12 05:00:00,142.539,142.633,142.347,142.527,19003.09
2024.09.12 06:00:00,142.524,142.607,142.35,142.59,16857.13
2024.09.12 07:00:00,142.591,142.843,142.578,142.787,17976.92
2024.09.12 08:00:00,142.786,142.911,142.614,142.832,25982.38
2024.09.12 09:00:00,142.831,142.839,142.465,142.575,28619.9
2024.09.12 10:00:00,142.577,143.044,142.551,142.766,41593.29
2024.09.12 11:00:00,142.764,142.764,142.534,142.582,44795.57
2024.09.12 12:00:00,142.583,142.709,142.517,142.675,28898.18
2024.09.12 13:00:00,142.676,142.776,142.586,142.618,29390.9
2024.09.12 14:00:00,142.62,142.641,142.369,142.567,28407.6
2024.09.12 15:00:00,142.564,142.619,141.962,142.098,50776.59
2024.09.12 16:00:00,142.097,142.432,141.909,142.007,46857.85
2024.09.12 17:00:00,142.011,142.661,142.004,142.484,44720.66
2024.09.12 18:00:00,142.483,142.557,142.192,142.24,35483.67
2024.09.12 19:00:00,142.24,142.655,142.211,142.516,34433.92
2024.09.12 20:00:00,142.514,142.568,142.239,142.271,28487.86
2024.09.12 21:00:00,142.269,142.366,141.911,142.023,28306.67
2024.09.12 22:00:00,142.026,142.089,141.749,141.88,22086.77
2024.09.12 23:00:00,141.878,141.924,141.722,141.791,20648.3
2024.09.13 00:00:00,141.791,141.837,141.72,141.833,395.73
2024.09.13 01:00:00,141.83,141.874,141.695,141.841,3506.25
2024.09.13 02:00:00,141.841,141.841,141.426,141.509,12433.19
2024.09.13 03:00:00,141.509,141.557,141.164,141.194,29825.75
2024.09.13 04:00:00,141.192,141.294,140.999,141.226,27031.83
2024.09.13 05:00:00,141.229,141.289,140.774,141.035,21848.29
2024.09.13 06:00:00,141.038,141.132,140.813,140.976,16989.29
2024.09.13 07:00:00,140.976,141.02,140.644,140.955,15837.41
2024.09.13 08:00:00,140.954,141.174,140.742,140.858,18421.3
2024.09.13 09:00:00,140.86,141.173,140.829,141.088,39347.84
2024.09.13 10:00:00,141.089,141.412,140.821,140.912,39881.79
2024.09.13 11:00:00,140.914,140.968,140.407,140.7,46800.16
2024.09.13 12:00:00,140.699,140.733,140.361,140.572,29147.7
2024.09.13 13:00:00,140.571,140.717,140.364,140.697,30496.29
2024.09.13 14:00:00,140.697,140.979,140.598,140.831,26970.84
2024.09.13 15:00:00,140.832,141.019,140.7,140.726,29515.26
2024.09.13 16:00:00,140.725,140.727,140.281,140.352,40634.14
2024.09.13 17:00:00,140.342,140.77,140.281,140.639,37633.39
2024.09.13 18:00:00,140.639,140.675,140.338,140.662,24361.46
2024.09.13 19:00:00,140.668,140.941,140.589,140.811,31255.41
2024.09.13 20:00:00,140.811,140.964,140.769,140.908,24273.47
2024.09.13 21:00:00,140.907,141.007,140.836,140.931,20205.62
2024.09.13 22:00:00,140.932,140.966,140.884,140.929,8979.46
2024.09.13 23:00:00,140.928,140.937,140.768,140.78,11842.15
2024.09.16 00:00:00,140.704,140.898,140.556,140.7,642.3
2024.09.16 01:00:00,140.696,140.78,140.451,140.689,7237.86
2024.09.16 02:00:00,140.686,140.896,140.684,140.844,11005.49
2024.09.16 03:00:00,140.845,140.849,140.422,140.525,19512.85
2024.09.16 04:00:00,140.522,140.586,140.445,140.54,15860.45
2024.09.16 05:00:00,140.541,140.563,140.475,140.534,14531.79
2024.09.16 06:00:00,140.533,140.543,140.047,140.12,16926.09
2024.09.16 07:00:00,140.12,140.3,139.948,140.214,25594.48
2024.09.16 08:00:00,140.213,140.287,140.064,140.192,14289.03
2024.09.16 09:00:00,140.19,140.231,139.724,139.852,31321.32
2024.09.16 10:00:00,139.854,139.933,139.576,139.875,35908.14
2024.09.16 11:00:00,139.876,139.943,139.732,139.851,35697.83
2024.09.16 12:00:00,139.85,140.275,139.829,140.204,29054.2
2024.09.16 13:00:00,140.204,140.23,140.022,140.124,33274.06
2024.09.16 14:00:00,140.124,140.165,139.876,139.886,28185.33
2024.09.16 15:00:00,139.884,140.443,139.752,140.238,43034.12
2024.09.16 16:00:00,140.236,140.481,140.208,140.455,46956.83
2024.09.16 17:00:00,140.455,140.707,140.321,140.448,38739.2
2024.09.16 18:00:00,140.448,140.912,140.426,140.8,32818.56
2024.09.16 19:00:00,140.797,140.856,140.602,140.64,25635.72
2024.09.16 20:00:00,140.642,140.766,140.6,140.677,17819.28
2024.09.16 21:00:00,140.677,140.739,140.615,140.712,20718.85
2024.09.16 22:00:00,140.712,140.881,140.695,140.7,14559.18
2024.09.16 23:00:00,140.7,140.72,140.573,140.599,7780.65
2024.09.17 00:00:00,140.593,140.61,140.549,140.601,268.29
2024.09.17 01:00:00,140.606,140.866,140.602,140.859,4555.35
2024.09.17 02:00:00,140.858,141.24,140.754,140.796,15972.38
2024.09.17 03:00:00,140.795,140.843,140.474,140.663,21713.05
2024.09.17 04:00:00,140.663,140.668,140.338,140.442,24533.61
2024.09.17 05:00:00,140.445,140.586,140.32,140.57,18107.89
2024.09.17 06:00:00,140.572,140.667,140.459,140.597,20807.21
2024.09.17 07:00:00,140.594,140.753,140.573,140.678,16718.47
2024.09.17 08:00:00,140.68,140.803,140.504,140.7,20732.87
2024.09.17 09:00:00,140.699,140.723,140.514,140.678,25366.52
2024.09.17 10:00:00,140.679,140.696,140.348,140.6,31641.21
2024.09.17 11:00:00,140.598,140.695,140.438,140.57,22001.36
2024.09.17 12:00:00,140.57,140.65,140.472,140.641,23221.57
2024.09.17 13:00:00,140.64,140.68,140.575,140.666,17644.53
2024.09.17 14:00:00,140.666,140.741,140.479,140.605,17061.84
2024.09.17 15:00:00,140.604,141.126,140.541,140.97,46953.26
2024.09.17 16:00:00,140.968,141.662,140.868,141.58,55629.24
2024.09.17 17:00:00,141.583,141.901,141.529,141.699,59830.2
2024.09.17 18:00:00,141.699,141.811,141.583,141.774,30786
2024.09.17 19:00:00,141.775,141.994,141.689,141.734,25078.3
2024.09.17 20:00:00,141.734,142.006,141.719,141.901,23667.23
2024.09.17 21:00:00,141.904,141.987,141.795,141.809,21762.97
2024.09.17 22:00:00,141.81,142.297,141.78,142.223,21102.19
2024.09.17 23:00:00,142.221,142.464,142.196,142.392,14108.12
2024.09.18 00:00:00,142.39,142.39,142.32,142.34,349.18
2024.09.18 01:00:00,142.351,142.376,142.009,142.042,8687.87
2024.09.18 02:00:00,142.043,142.097,141.894,142.006,10671.94
2024.09.18 03:00:00,142.008,142.02,141.546,141.649,24991.67
2024.09.18 04:00:00,141.648,141.762,141.468,141.519,20301.8
2024.09.18 05:00:00,141.518,141.624,141.376,141.468,11921
2024.09.18 06:00:00,141.466,141.466,141.29,141.391,14383.22
2024.09.18 07:00:00,141.39,141.555,141.223,141.315,15800.38
2024.09.18 08:00:00,141.316,141.54,141.278,141.532,12077.02
2024.09.18 09:00:00,141.532,141.704,141.439,141.545,18690.14
2024.09.18 10:00:00,141.546,141.928,141.529,141.878,21554.98
2024.09.18 11:00:00,141.882,141.994,141.65,141.71,21614.61
2024.09.18 12:00:00,141.71,141.81,141.568,141.646,14868.78
2024.09.18 13:00:00,141.646,141.707,141.549,141.605,18200.58
2024.09.18 14:00:00,141.604,141.912,141.558,141.846,23016.49
2024.09.18 15:00:00,141.846,142.058,141.812,141.925,26257.67
2024.09.18 16:00:00,141.923,141.923,141.677,141.76,29137.31
2024.09.18 17:00:00,141.758,142.066,141.696,142,32088.08
2024.09.18 18:00:00,142.003,142.035,141.862,141.934,27587.03
2024.09.18 19:00:00,141.933,141.989,141.839,141.882,22266.97
2024.09.18 20:00:00,141.882,142.063,141.808,141.902,24024.77
2024.09.18 21:00:00,141.902,141.902,140.435,141.127,77208.67
2024.09.18 22:00:00,141.131,142.711,141.127,142.439,66632.39
2024.09.18 23:00:00,142.439,142.491,142.202,142.269,35386.21
2024.09.19 00:00:00,142.261,142.292,142.105,142.105,860.49
2024.09.19 01:00:00,142.105,142.208,141.876,142.107,8986.33
2024.09.19 02:00:00,142.107,142.751,142.104,142.699,20998.04
2024.09.19 03:00:00,142.698,143.591,142.698,143.486,40264.37
2024.09.19 04:00:00,143.489,143.944,143.418,143.727,27404.66
2024.09.19 05:00:00,143.728,143.764,143.169,143.202,35258.84
2024.09.19 06:00:00,143.201,143.32,142.948,143.164,30729.44
2024.09.19 07:00:00,143.168,143.292,143.052,143.177,23200.72
2024.09.19 08:00:00,143.178,143.2,142.552,142.572,21279.74
2024.09.19 09:00:00,142.568,142.756,142.094,142.243,33346.81
2024.09.19 10:00:00,142.244,142.548,142.039,142.506,40518.35
2024.09.19 11:00:00,142.508,142.917,142.455,142.791,37254.74
2024.09.19 12:00:00,142.791,142.976,142.682,142.757,34335.48
2024.09.19 13:00:00,142.756,143.17,142.727,142.829,28198.26
2024.09.19 14:00:00,142.827,143.253,142.761,142.917,31509.69
2024.09.19 15:00:00,142.919,143.76,142.706,143.755,53689.85
2024.09.19 16:00:00,143.755,143.766,143.276,143.327,54392.11
2024.09.19 17:00:00,143.324,143.337,142.802,142.913,46364.19
2024.09.19 18:00:00,142.918,142.984,142.728,142.883,23887.52
2024.09.19 19:00:00,142.882,143.133,142.854,143.035,22801.13
2024.09.19 20:00:00,143.036,143.115,142.901,142.919,15774.74
2024.09.19 21:00:00,142.914,142.931,142.526,142.658,18620.12
2024.09.19 22:00:00,142.66,142.743,142.572,142.632,18427.48
2024.09.19 23:00:00,142.633,142.673,142.524,142.61,17186.69
2024.09.20 00:00:00,142.605,142.64,142.504,142.616,300.03
2024.09.20 01:00:00,142.614,142.665,142.519,142.66,4406.47
2024.09.20 02:00:00,142.66,142.923,142.646,142.862,14562.05
2024.09.20 03:00:00,142.86,142.892,142.405,142.405,26704.12
2024.09.20 04:00:00,142.405,142.476,142.137,142.396,27190.4
2024.09.20 05:00:00,142.396,142.773,142.298,142.462,12563.18
2024.09.20 06:00:00,142.462,142.481,141.952,142.289,19313.7
2024.09.20 07:00:00,142.29,142.308,142.099,142.184,15614.61
2024.09.20 08:00:00,142.184,142.37,142.142,142.278,17066.85
2024.09.20 09:00:00,142.282,143.042,141.736,142.979,47437.52
2024.09.20 10:00:00,142.98,143.644,142.817,143.628,41470.95
2024.09.20 11:00:00,143.628,143.88,143.477,143.807,44112.79
2024.09.20 12:00:00,143.807,143.943,143.644,143.936,35521.62
2024.09.20 13:00:00,143.937,144.267,143.771,144.255,25906.31
2024.09.20 14:00:00,144.258,144.43,144.211,144.216,31975.02
2024.09.20 15:00:00,144.217,144.285,143.575,143.666,41918.29
2024.09.20 16:00:00,143.668,144.09,143.466,144.072,48756.18
2024.09.20 17:00:00,144.074,144.445,144.026,144.42,45703.83
2024.09.20 18:00:00,144.423,144.495,143.847,143.907,48212.75
2024.09.20 19:00:00,143.911,143.93,143.647,143.753,35159.51
2024.09.20 20:00:00,143.752,144.151,143.738,143.975,27123.41
2024.09.20 21:00:00,143.975,143.977,143.8,143.87,26117.55
2024.09.20 22:00:00,143.872,143.92,143.719,143.917,31942.83
2024.09.20 23:00:00,143.918,144.048,143.808,143.808,17836.33
2024.09.23 00:00:00,143.754,144.045,143.669,143.823,821.04
2024.09.23 01:00:00,143.823,144.039,143.672,143.919,9375.95
2024.09.23 02:00:00,143.92,144.089,143.806,144.079,10366.93
2024.09.23 03:00:00,144.086,144.258,144.025,144.12,17703.28
2024.09.23 04:00:00,144.12,144.459,144.12,144.37,19841.03
2024.09.23 05:00:00,144.371,144.447,144.303,144.362,11540.16
2024.09.23 06:00:00,144.361,144.401,144.261,144.315,9855.27
2024.09.23 07:00:00,144.316,144.35,144.179,144.256,9276.68
2024.09.23 08:00:00,144.255,144.317,144.101,144.113,10122.09
2024.09.23 09:00:00,144.114,144.195,143.865,143.988,31234.78
2024.09.23 10:00:00,143.99,144.04,143.55,143.666,50474.42
2024.09.23 11:00:00,143.665,143.744,143.435,143.589,39265.52
2024.09.23 12:00:00,143.588,143.744,143.517,143.626,34850.41
2024.09.23 13:00:00,143.625,143.666,143.278,143.371,34465.95
2024.09.23 14:00:00,143.368,143.643,143.162,143.609,28169.21
2024.09.23 15:00:00,143.615,143.876,143.454,143.772,39166.64
2024.09.23 16:00:00,143.772,144.205,143.457,144.052,39335.69
2024.09.23 17:00:00,144.056,144.345,143.707,143.771,51142.46
2024.09.23 18:00:00,143.77,143.942,143.571,143.593,35445.77
2024.09.23 19:00:00,143.592,143.627,143.312,143.344,26299.45
2024.09.23 20:00:00,143.343,143.404,143.251,143.404,25894.84
2024.09.23 21:00:00,143.403,143.435,143.292,143.317,19479.2
2024.09.23 22:00:00,143.318,143.51,143.318,143.489,16782.15
2024.09.23 23:00:00,143.49,143.645,143.489,143.594,11113.35
2024.09.24 00:00:00,143.592,143.592,143.455,143.563,539.06
2024.09.24 01:00:00,143.566,143.7,143.549,143.629,3938.15
2024.09.24 02:00:00,143.629,143.778,143.516,143.633,5679.05
2024.09.24 03:00:00,143.632,143.735,143.408,143.55,21863.37
2024.09.24 04:00:00,143.549,143.908,143.522,143.63,17180.53
2024.09.24 05:00:00,143.629,143.712,143.374,143.666,17852.82
2024.09.24 06:00:00,143.667,143.854,143.568,143.772,10931.24
2024.09.24 07:00:00,143.772,143.941,143.75,143.842,11769.95
2024.09.24 08:00:00,143.847,144.194,143.836,144.092,19236.81
2024.09.24 09:00:00,144.091,144.466,144.071,144.426,32417.45
2024.09.24 10:00:00,144.429,144.679,144.241,144.452,30389.48
2024.09.24 11:00:00,144.453,144.635,144.215,144.288,40144.12
2024.09.24 12:00:00,144.288,144.477,144.211,144.265,24662.37
2024.09.24 13:00:00,144.267,144.354,143.874,143.935,21487.43
2024.09.24 14:00:00,143.935,144.164,143.828,143.976,24043.6
2024.09.24 15:00:00,143.981,144.121,143.781,143.963,34874.3
2024.09.24 16:00:00,143.969,144.205,143.896,144.09,37377.35
2024.09.24 17:00:00,144.097,144.097,143.429,143.67,47887.13
2024.09.24 18:00:00,143.67,143.867,143.598,143.777,19242.71
2024.09.24 19:00:00,143.776,143.794,143.4,143.461,16646.74
2024.09.24 20:00:00,143.462,143.71,143.433,143.475,11754.99
2024.09.24 21:00:00,143.474,143.493,143.271,143.383,16594.74
2024.09.24 22:00:00,143.384,143.436,143.221,143.239,15213.29
2024.09.24 23:00:00,143.239,143.257,143.111,143.211,7387.17
2024.09.25 00:00:00,143.207,143.25,143.122,143.16,1219.72
2024.09.25 01:00:00,143.159,143.245,142.887,143.043,4746.75
2024.09.25 02:00:00,143.043,143.148,142.93,142.946,8400.48
2024.09.25 03:00:00,142.945,143.308,142.906,143.173,29853.84
2024.09.25 04:00:00,143.173,143.473,143.096,143.448,18164.34
2024.09.25 05:00:00,143.447,143.494,143.244,143.345,10962.04
2024.09.25 06:00:00,143.347,143.451,143.286,143.298,9741.56
2024.09.25 07:00:00,143.297,143.395,143.218,143.253,10666.8
2024.09.25 08:00:00,143.254,143.374,143.18,143.255,12529.21
2024.09.25 09:00:00,143.258,143.739,143.222,143.682,20118.8
2024.09.25 10:00:00,143.685,143.907,143.572,143.878,26247.01
2024.09.25 11:00:00,143.879,144.064,143.879,143.937,15579.12
2024.09.25 12:00:00,143.937,144.26,143.907,144.184,12219.58
2024.09.25 13:00:00,144.185,144.296,144.065,144.283,16611.91
2024.09.25 14:00:00,144.282,144.442,144.262,144.303,28340.82
2024.09.25 15:00:00,144.301,144.408,144.142,144.2,34957.89
2024.09.25 16:00:00,144.201,144.212,143.858,144.046,44273.58
2024.09.25 17:00:00,144.05,144.396,144.045,144.357,38114.98
2024.09.25 18:00:00,144.359,144.603,144.311,144.403,26608.67
2024.09.25 19:00:00,144.403,144.538,144.372,144.532,27033.11
2024.09.25 20:00:00,144.532,144.74,144.484,144.551,25207.03
2024.09.25 21:00:00,144.552,144.717,144.515,144.678,24381.61
2024.09.25 22:00:00,144.681,144.768,144.606,144.759,16277.49
2024.09.25 23:00:00,144.758,144.841,144.733,144.739,9515.43
2024.09.26 00:00:00,144.739,144.739,144.652,144.658,699.09
2024.09.26 01:00:00,144.674,144.68,144.563,144.647,6786.81
2024.09.26 02:00:00,144.648,144.764,144.613,144.714,7866.15
2024.09.26 03:00:00,144.714,144.721,144.443,144.495,17965.68
2024.09.26 04:00:00,144.495,144.945,144.473,144.813,14020.16
2024.09.26 05:00:00,144.814,144.945,144.763,144.834,12653.18
2024.09.26 06:00:00,144.835,145.035,144.788,144.929,8812.11
2024.09.26 07:00:00,144.928,144.964,144.626,144.691,16076.42
2024.09.26 08:00:00,144.691,144.868,144.634,144.718,12775.2
2024.09.26 09:00:00,144.719,144.857,144.615,144.831,29141.13
2024.09.26 10:00:00,144.833,145.169,144.715,145.024,44366.33
2024.09.26 11:00:00,145.024,145.198,144.678,144.825,32458.65
2024.09.26 12:00:00,144.826,144.968,144.703,144.705,26430.79
2024.09.26 13:00:00,144.706,144.746,144.335,144.358,31565.62
2024.09.26 14:00:00,144.358,144.43,144.156,144.164,22797.87
2024.09.26 15:00:00,144.163,144.723,144.109,144.563,36216.61
2024.09.26 16:00:00,144.562,144.704,144.31,144.569,42276.29
2024.09.26 17:00:00,144.576,145.212,144.554,144.834,43205.64
2024.09.26 18:00:00,144.833,144.947,144.61,144.677,33696.72
2024.09.26 19:00:00,144.677,144.902,144.676,144.856,23078.26
2024.09.26 20:00:00,144.855,144.856,144.535,144.716,26955.67
2024.09.26 21:00:00,144.717,144.771,144.562,144.622,15233.88
2024.09.26 22:00:00,144.622,144.686,144.508,144.661,18057.18
2024.09.26 23:00:00,144.66,144.899,144.658,144.784,9087.09
2024.09.27 00:00:00,144.775,144.831,144.725,144.773,471.75
2024.09.27 01:00:00,144.772,144.97,144.746,144.875,3451.24
2024.09.27 02:00:00,144.875,145.142,144.871,145.082,9247.48
2024.09.27 03:00:00,145.081,145.471,144.935,145.462,29100.83
2024.09.27 04:00:00,145.461,145.576,145.268,145.306,20140.07
2024.09.27 05:00:00,145.312,145.345,144.964,145.09,13835.1
2024.09.27 06:00:00,145.09,145.263,144.981,145.251,13481.29
2024.09.27 07:00:00,145.252,145.8,145.252,145.792,12788.01
2024.09.27 08:00:00,145.791,146.491,145.754,146.251,30446.4
2024.09.27 09:00:00,146.255,146.351,143.131,143.171,42734.91
2024.09.27 10:00:00,143.171,143.467,142.778,143.193,27078.47
2024.09.27 11:00:00,143.191,143.769,142.949,143.14,22083.05
2024.09.27 12:00:00,143.138,143.492,143.065,143.13,19034.61
2024.09.27 13:00:00,143.132,143.328,142.959,143.223,16726.66
2024.09.27 14:00:00,143.224,143.365,143.086,143.107,23276.19
2024.09.27 15:00:00,143.105,143.22,142.499,142.518,32126.32
2024.09.27 16:00:00,142.521,142.994,142.496,142.539,37393.09
2024.09.27 17:00:00,142.538,143.071,142.388,142.858,48117.97
2024.09.27 18:00:00,142.857,143.085,142.557,142.599,37015.06
2024.09.27 19:00:00,142.599,142.702,142.407,142.509,24641.7
2024.09.27 20:00:00,142.507,142.602,142.282,142.327,21381.2
2024.09.27 21:00:00,142.326,142.416,142.077,142.167,15670.18
2024.09.27 22:00:00,142.168,142.265,142.066,142.154,17585.65
2024.09.27 23:00:00,142.161,142.282,142.13,142.15,7813.93
2024.09.30 00:00:00,142.129,142.303,142.094,142.244,1045.44
2024.09.30 01:00:00,142.249,142.709,142.243,142.674,10398.69
2024.09.30 02:00:00,142.675,142.952,142.58,142.786,13101.44
2024.09.30 03:00:00,142.786,142.841,142.456,142.685,25744.06
2024.09.30 04:00:00,142.686,142.842,142.414,142.468,17940.21
2024.09.30 05:00:00,142.465,142.549,142.267,142.521,21213.02
2024.09.30 06:00:00,142.52,142.526,142.332,142.45,15229.21
2024.09.30 07:00:00,142.449,142.501,142.081,142.126,13352.32
2024.09.30 08:00:00,142.125,142.156,141.655,141.703,21545.78
2024.09.30 09:00:00,141.701,142.079,141.642,142.053,29667.46
2024.09.30 10:00:00,142.053,142.428,141.918,142.367,28383.61
2024.09.30 11:00:00,142.369,142.578,142.342,142.532,39916.89
2024.09.30 12:00:00,142.532,142.6,142.45,142.53,21344.29
2024.09.30 13:00:00,142.53,142.798,142.53,142.602,22574.18
2024.09.30 14:00:00,142.602,142.611,142.404,142.556,22770.96
2024.09.30 15:00:00,142.555,142.998,142.542,142.944,29546.8
2024.09.30 16:00:00,142.947,143.142,142.744,143.124,36316.93
2024.09.30 17:00:00,143.122,143.19,142.821,143.032,52002.95
2024.09.30 18:00:00,143.033,143.368,142.993,143.262,39426.93
2024.09.30 19:00:00,143.256,143.318,143.076,143.116,21096.11
2024.09.30 20:00:00,143.113,143.127,142.924,143.093,22472.63
2024.09.30 21:00:00,143.096,143.915,143.088,143.684,46984.1
2024.09.30 22:00:00,143.683,143.909,143.641,143.729,26890.12
2024.09.30 23:00:00,143.729,143.745,143.601,143.626,14543.71
2024.10.01 00:00:00,143.615,143.628,143.523,143.545,367.35
2024.10.01 01:00:00,143.545,143.7,143.536,143.556,3728.17
2024.10.01 02:00:00,143.556,143.734,143.37,143.714,6248.43
2024.10.01 03:00:00,143.714,144.119,143.684,143.963,20261.63
2024.10.01 04:00:00,143.964,144.129,143.683,143.715,14980.17
2024.10.01 05:00:00,143.712,144.022,143.657,144.004,13093.66
2024.10.01 06:00:00,144.005,144.331,143.952,144.276,10614.7
2024.10.01 07:00:00,144.278,144.396,144.222,144.275,13504.59
2024.10.01 08:00:00,144.274,144.412,144.222,144.26,6591.06
2024.10.01 09:00:00,144.263,144.529,144.182,144.334,23136
2024.10.01 10:00:00,144.337,144.348,143.879,144.173,44923.73
2024.10.01 11:00:00,144.172,144.225,143.697,143.806,49728.36
2024.10.01 12:00:00,143.805,143.835,143.622,143.731,35994.34
2024.10.01 13:00:00,143.733,143.796,143.674,143.737,24663.71
2024.10.01 14:00:00,143.738,143.786,143.56,143.753,39923.49
2024.10.01 15:00:00,143.755,144.067,143.678,144.037,22495.88
2024.10.01 16:00:00,144.038,144.071,143.186,143.513,47286.93
2024.10.01 17:00:00,143.512,143.84,142.969,143.603,57154.68
2024.10.01 18:00:00,143.604,143.917,143.529,143.673,25795.92
2024.10.01 19:00:00,143.672,143.718,143.271,143.632,35935.23
2024.10.01 20:00:00,143.633,143.853,143.32,143.819,30831.08
2024.10.01 21:00:00,143.819,143.919,143.598,143.667,23190.26
2024.10.01 22:00:00,143.666,143.743,143.509,143.558,24247.27
2024.10.01 23:00:00,143.56,143.588,143.499,143.549,17267.6
2024.10.02 00:00:00,143.538,143.581,143.518,143.581,456
2024.10.02 01:00:00,143.608,143.621,143.421,143.511,5077.94
2024.10.02 02:00:00,143.512,143.76,143.505,143.723,9642.43
2024.10.02 03:00:00,143.724,143.883,143.648,143.816,23626.45
2024.10.02 04:00:00,143.814,143.912,143.559,143.899,17030.59
2024.10.02 05:00:00,143.901,144.024,143.858,144,9417.82
2024.10.02 06:00:00,144.002,144.185,143.88,144.132,13115.68
2024.10.02 07:00:00,144.132,144.148,143.574,143.73,17246.52
2024.10.02 08:00:00,143.729,143.852,143.53,143.708,30530.74
2024.10.02 09:00:00,143.706,144.023,143.656,143.895,28436.86
2024.10.02 10:00:00,143.899,144.186,143.899,144.066,28153.39
2024.10.02 11:00:00,144.066,144.324,143.948,144.322,28614.34
2024.10.02 12:00:00,144.326,144.41,144.202,144.262,25860.57
2024.10.02 13:00:00,144.261,144.855,144.073,144.791,31648.95
2024.10.02 14:00:00,144.793,144.889,144.62,144.698,32617.83
2024.10.02 15:00:00,144.698,145.444,144.674,145.368,38761.79
2024.10.02 16:00:00,145.369,145.752,145.296,145.742,48367.56
2024.10.02 17:00:00,145.742,146.265,145.578,146.192,56017.1
2024.10.02 18:00:00,146.189,146.254,146.027,146.046,38456.64
2024.10.02 19:00:00,146.046,146.163,145.91,146.03,21931.06
2024.10.02 20:00:00,146.027,146.191,145.965,146.17,17080.91
2024.10.02 21:00:00,146.169,146.373,146.167,146.33,10191.87
2024.10.02 22:00:00,146.328,146.478,146.295,146.442,10223.86
2024.10.02 23:00:00,146.443,146.516,146.374,146.449,19547.33
2024.10.03 00:00:00,146.447,146.451,146.284,146.351,418.05
2024.10.03 01:00:00,146.35,146.91,146.282,146.593,9959.63
2024.10.03 02:00:00,146.593,146.794,146.43,146.575,14429.26
2024.10.03 03:00:00,146.577,147.06,146.462,146.988,24489.56
2024.10.03 04:00:00,146.99,147.239,146.797,146.8,19410.47
2024.10.03 05:00:00,146.797,146.922,146.681,146.78,15691.91
2024.10.03 06:00:00,146.781,146.964,146.775,146.85,17643.74
2024.10.03 07:00:00,146.852,146.932,146.675,146.721,16835.55
2024.10.03 08:00:00,146.718,146.811,146.531,146.557,19056.07
2024.10.03 09:00:00,146.557,146.775,146.475,146.727,25555.96
2024.10.03 10:00:00,146.726,146.858,146.301,146.45,31483.19
2024.10.03 11:00:00,146.452,146.79,146.391,146.75,30551.21
2024.10.03 12:00:00,146.749,146.988,146.744,146.922,29870.29
2024.10.03 13:00:00,146.922,146.945,146.818,146.833,15145.22
2024.10.03 14:00:00,146.835,146.992,146.584,146.664,26095.5
2024.10.03 15:00:00,146.665,146.86,146.491,146.769,34294.2
2024.10.03 16:00:00,146.771,146.787,146.472,146.59,43912.71
2024.10.03 17:00:00,146.622,147.179,146.62,146.774,65888.19
2024.10.03 18:00:00,146.773,146.846,146.601,146.829,36814.46
2024.10.03 19:00:00,146.83,146.927,146.706,146.716,23314.44
2024.10.03 20:00:00,146.716,146.716,146.577,146.653,25198.85
2024.10.03 21:00:00,146.654,146.885,146.652,146.869,20178.5
2024.10.03 22:00:00,146.869,146.883,146.759,146.859,9803.84
2024.10.03 23:00:00,146.858,146.967,146.854,146.915,7250.55
2024.10.04 00:00:00,146.915,146.915,146.762,146.859,649.35
2024.10.04 01:00:00,146.859,146.891,146.787,146.854,2846.61
2024.10.04 02:00:00,146.853,146.857,146.719,146.842,6320.8
2024.10.04 03:00:00,146.841,146.929,146.613,146.644,24019.7
2024.10.04 04:00:00,146.642,146.675,146.524,146.548,20872.98
2024.10.04 05:00:00,146.549,146.564,146.389,146.408,12375.26
2024.10.04 06:00:00,146.405,146.498,146.352,146.374,10637.67
2024.10.04 07:00:00,146.371,146.383,146.148,146.23,22957.29
2024.10.04 08:00:00,146.228,146.309,145.918,146.084,17518.09
2024.10.04 09:00:00,146.085,146.233,145.948,146.22,27279.31
2024.10.04 10:00:00,146.22,146.341,146.177,146.304,31473.38
2024.10.04 11:00:00,146.305,146.41,146.247,146.336,17819.46
2024.10.04 12:00:00,146.337,146.477,146.336,146.473,24859.01
2024.10.04 13:00:00,146.475,146.562,146.412,146.496,19231.6
2024.10.04 14:00:00,146.496,146.63,146.442,146.589,24717.81
2024.10.04 15:00:00,146.592,148.691,146.402,148.641,35496.2
2024.10.04 16:00:00,148.648,148.805,148.319,148.403,30027.21
2024.10.04 17:00:00,148.403,148.569,148.308,148.497,22983.31
2024.10.04 18:00:00,148.5,148.761,148.427,148.696,35356.42
2024.10.04 19:00:00,148.696,149.004,148.674,148.937,25787.09
2024.10.04 20:00:00,148.935,148.952,148.789,148.793,22670.58
2024.10.04 21:00:00,148.792,148.882,148.756,148.87,21216.03
2024.10.04 22:00:00,148.866,148.895,148.766,148.767,16541.89
2024.10.04 23:00:00,148.767,148.77,148.631,148.631,13838.88
2024.10.07 00:00:00,148.653,148.856,148.653,148.772,1237.35
2024.10.07 01:00:00,148.772,149.125,148.772,148.937,7019.06
2024.10.07 02:00:00,148.936,149.111,148.773,148.794,9644.27
2024.10.07 03:00:00,148.792,148.792,148.353,148.421,31265.34
2024.10.07 04:00:00,148.423,148.566,148.323,148.383,24991.71
2024.10.07 05:00:00,148.383,148.584,148.217,148.578,15956.38
2024.10.07 06:00:00,148.579,148.646,148.356,148.404,17273.92
2024.10.07 07:00:00,148.405,148.539,148.336,148.537,15178.26
2024.10.07 08:00:00,148.54,148.616,148.4,148.43,11484.27
2024.10.07 09:00:00,148.43,148.544,148.335,148.384,27245.57
2024.10.07 10:00:00,148.384,148.447,148.152,148.272,31760.12
2024.10.07 11:00:00,148.274,148.356,148.061,148.319,33862.07
2024.10.07 12:00:00,148.317,148.486,148.211,148.343,30355.66
2024.10.07 13:00:00,148.342,148.644,148.29,148.635,27853.27
2024.10.07 14:00:00,148.635,148.685,148.162,148.271,30567.35
2024.10.07 15:00:00,148.269,148.271,148.025,148.166,46649.31
2024.10.07 16:00:00,148.168,148.235,147.83,147.918,52301.25
2024.10.07 17:00:00,147.92,148.244,147.883,148.221,43127.7
2024.10.07 18:00:00,148.22,148.275,148,148.126,28368.77
2024.10.07 19:00:00,148.124,148.192,147.991,148.005,14862.76
2024.10.07 20:00:00,148.005,148.047,147.885,148.019,17389.89
2024.10.07 21:00:00,148.019,148.107,147.951,148.102,23646.55
2024.10.07 22:00:00,148.101,148.159,148.024,148.077,17393.74
2024.10.07 23:00:00,148.073,148.209,148.062,148.172,9758.46
2024.10.08 00:00:00,148.168,148.168,148.099,148.116,612.96
2024.10.08 01:00:00,148.116,148.169,147.57,147.695,7042.41
2024.10.08 02:00:00,147.689,148.159,147.68,148.127,17629.94
2024.10.08 03:00:00,148.129,148.191,147.74,147.822,25435.94
2024.10.08 04:00:00,147.823,147.94,147.749,147.843,19135.87
2024.10.08 05:00:00,147.842,147.859,147.51,147.689,25596.81
2024.10.08 06:00:00,147.691,147.959,147.687,147.914,14508.98
2024.10.08 07:00:00,147.914,148.103,147.902,148.078,20843.11
2024.10.08 08:00:00,148.078,148.162,147.837,147.972,19905.1
2024.10.08 09:00:00,147.976,148.127,147.84,147.99,28499.72
2024.10.08 10:00:00,147.991,148.06,147.343,147.591,39171.95
2024.10.08 11:00:00,147.592,147.851,147.528,147.837,28195.83
2024.10.08 12:00:00,147.838,147.955,147.721,147.825,19066.22
2024.10.08 13:00:00,147.826,147.995,147.78,147.878,22252.75
2024.10.08 14:00:00,147.879,147.999,147.811,147.853,18677.1
2024.10.08 15:00:00,147.852,148.176,147.852,148.036,30440.66
2024.10.08 16:00:00,148.037,148.286,147.951,148.251,37676.84
2024.10.08 17:00:00,148.253,148.335,148.112,148.311,31040.93
2024.10.08 18:00:00,148.312,148.362,148.175,148.226,24768.04
2024.10.08 19:00:00,148.227,148.271,148.04,148.153,15877.15
2024.10.08 20:00:00,148.151,148.293,148.151,148.246,16903.33
2024.10.08 21:00:00,148.246,148.366,148.2,148.354,23299.44
2024.10.08 22:00:00,148.353,148.382,148.263,148.283,5982.13
2024.10.08 23:00:00,148.282,148.323,148.161,148.18,13686.15
2024.10.09 00:00:00,148.179,148.215,148.141,148.213,188.49
2024.10.09 01:00:00,148.244,148.305,148.192,148.202,1100.71
2024.10.09 02:00:00,148.201,148.311,148.112,148.141,6648.12
2024.10.09 03:00:00,148.141,148.233,148.01,148.223,15732.36
2024.10.09 04:00:00,148.225,148.431,148.159,148.175,13625.97
2024.10.09 05:00:00,148.174,148.296,148.074,148.271,15907.63
2024.10.09 06:00:00,148.271,148.348,148.182,148.319,12442.65
2024.10.09 07:00:00,148.319,148.367,148.281,148.335,7488.69
2024.10.09 08:00:00,148.336,148.612,148.312,148.594,18500.67
2024.10.09 09:00:00,148.592,148.653,148.426,148.444,21845.6
2024.10.09 10:00:00,148.442,148.562,148.264,148.541,28076.47
2024.10.09 11:00:00,148.542,148.729,148.48,148.718,22216.33
2024.10.09 12:00:00,148.72,148.755,148.56,148.617,22135.72
2024.10.09 13:00:00,148.618,148.694,148.507,148.599,18990.04
2024.10.09 14:00:00,148.6,148.737,148.508,148.721,19749.2
2024.10.09 15:00:00,148.72,148.914,148.671,148.905,22696.97
2024.10.09 16:00:00,148.907,149.121,148.813,149.111,26904.47
2024.10.09 17:00:00,149.111,149.176,149.032,149.145,21302.07
2024.10.09 18:00:00,149.144,149.265,149.071,149.198,20509.78
2024.10.09 19:00:00,149.198,149.297,149.191,149.237,11475.59
2024.10.09 20:00:00,149.235,149.292,149.171,149.185,7566.5
2024.10.09 21:00:00,149.174,149.365,149.157,149.361,11020.68
2024.10.09 22:00:00,149.358,149.358,149.235,149.319,14449.39
2024.10.09 23:00:00,149.319,149.355,149.284,149.284,6757.38
2024.10.10 00:00:00,149.284,149.284,149.008,149.158,983.97
2024.10.10 01:00:00,149.158,149.299,149.137,149.232,2979.11
2024.10.10 02:00:00,149.23,149.291,149.137,149.16,628.5
2024.10.10 03:00:00,149.152,149.29,149.001,149.212,17175.73
2024.10.10 04:00:00,149.213,149.213,149.065,149.092,10783.32
2024.10.10 05:00:00,149.093,149.22,149.069,149.212,10130.42
2024.10.10 06:00:00,149.21,149.225,149.142,149.221,6638.94
2024.10.10 07:00:00,149.226,149.544,149.226,149.398,13748.5
2024.10.10 08:00:00,149.398,149.472,149.204,149.259,11208.3
2024.10.10 09:00:00,149.258,149.258,149.049,149.116,25663.23
2024.10.10 10:00:00,149.117,149.183,148.902,149.018,29338.64
2024.10.10 11:00:00,149.018,149.21,148.983,149.068,18656.97
2024.10.10 12:00:00,149.067,149.097,148.83,148.881,20059.61
2024.10.10 13:00:00,148.882,148.935,148.775,148.845,16088.14
2024.10.10 14:00:00,148.845,149.091,148.845,148.953,20513.05
2024.10.10 15:00:00,148.955,149.565,148.226,148.605,40561.46
2024.10.10 16:00:00,148.604,148.765,148.395,148.563,34429.23
2024.10.10 17:00:00,148.566,148.878,148.35,148.713,35511.88
2024.10.10 18:00:00,148.712,148.824,148.442,148.567,39819.63
2024.10.10 19:00:00,148.567,148.959,148.439,148.918,29045.22
2024.10.10 20:00:00,148.916,149.08,148.73,148.812,29882.24
2024.10.10 21:00:00,148.813,148.839,148.627,148.751,17038.56
2024.10.10 22:00:00,148.749,148.754,148.494,148.565,11645.42
2024.10.10 23:00:00,148.564,148.593,148.512,148.554,8264.56
2024.10.11 00:00:00,148.555,148.555,148.496,148.516,571.11
2024.10.11 01:00:00,148.516,148.658,148.506,148.658,2208.87
2024.10.11 02:00:00,148.652,148.746,148.561,148.707,4543.92
2024.10.11 03:00:00,148.712,148.762,148.413,148.46,13842.62
2024.10.11 04:00:00,148.456,148.796,148.401,148.759,10009.6
2024.10.11 05:00:00,148.76,148.777,148.64,148.666,8878.26
2024.10.11 06:00:00,148.662,148.732,148.581,148.711,12663.31
2024.10.11 07:00:00,148.71,148.762,148.669,148.713,9677.94
2024.10.11 08:00:00,148.71,148.731,148.603,148.69,9023.24
2024.10.11 09:00:00,148.691,148.856,148.661,148.694,17866.75
2024.10.11 10:00:00,148.692,148.809,148.661,148.773,24114.91
2024.10.11 11:00:00,148.774,148.826,148.67,148.736,12437.22
2024.10.11 12:00:00,148.737,148.956,148.725,148.94,18583.36
2024.10.11 13:00:00,148.942,149.083,148.904,149.06,15482.11
2024.10.11 14:00:00,149.059,149.14,148.998,149.003,13496.07
2024.10.11 15:00:00,149.004,149.261,148.771,149.061,32608.93
2024.10.11 16:00:00,149.06,149.177,148.974,149.112,22943.72
2024.10.11 17:00:00,149.094,149.282,148.994,149.261,31540.93
2024.10.11 18:00:00,149.259,149.27,149.066,149.123,15960.93
2024.10.11 19:00:00,149.121,149.129,148.977,149.003,11613.25
2024.10.11 20:00:00,149,149.105,148.955,149.032,8072.04
2024.10.11 21:00:00,149.036,149.11,149.036,149.108,3709.71
2024.10.11 22:00:00,149.107,149.15,149.084,149.138,5127.34
2024.10.11 23:00:00,149.138,149.173,149.071,149.091,4123.49
2024.10.14 00:00:00,149.029,149.186,148.987,149.102,2089.56
2024.10.14 01:00:00,149.121,149.334,149.111,149.332,4379.09
2024.10.14 02:00:00,149.331,149.391,149.229,149.305,3462.74
2024.10.14 03:00:00,149.306,149.367,149.14,149.217,8471.26
2024.10.14 04:00:00,149.216,149.278,149.144,149.212,9716.16
2024.10.14 05:00:00,149.21,149.318,149.191,149.315,6691.17
2024.10.14 06:00:00,149.316,149.353,149.257,149.327,13297.97
2024.10.14 07:00:00,149.327,149.335,149.264,149.287,3281.54
2024.10.14 08:00:00,149.287,149.321,149.167,149.221,8320.35
2024.10.14 09:00:00,149.225,149.241,149.174,149.207,13662.39
2024.10.14 10:00:00,149.209,149.393,149.183,149.357,14847
2024.10.14 11:00:00,149.358,149.468,149.324,149.421,12398.29
2024.10.14 12:00:00,149.423,149.428,149.344,149.398,5520.6
2024.10.14 13:00:00,149.399,149.538,149.397,149.518,6009.57
2024.10.14 14:00:00,149.518,149.726,149.509,149.639,16894.99
2024.10.14 15:00:00,149.641,149.8,149.626,149.739,12661.81
2024.10.14 16:00:00,149.742,149.881,149.693,149.78,10867.15
2024.10.14 17:00:00,149.783,149.959,149.783,149.84,15298.09
2024.10.14 18:00:00,149.838,149.895,149.802,149.825,7728.49
2024.10.14 19:00:00,149.825,149.938,149.803,149.932,7093.62
2024.10.14 20:00:00,149.934,149.936,149.85,149.871,4623.24
2024.10.14 21:00:00,149.873,149.915,149.832,149.901,3876.1
2024.10.14 22:00:00,149.903,149.981,149.707,149.76,16697.3
2024.10.14 23:00:00,149.763,149.791,149.71,149.746,3320.87
2024.10.15 00:00:00,149.746,149.781,149.697,149.757,515.46
2024.10.15 01:00:00,149.76,149.786,149.709,149.73,1832.97
2024.10.15 02:00:00,149.729,149.837,149.666,149.715,6293.49
2024.10.15 03:00:00,149.722,149.744,149.526,149.578,20881.93
2024.10.15 04:00:00,149.577,149.598,149.441,149.523,9803.58
2024.10.15 05:00:00,149.526,149.711,149.505,149.62,8924.95
2024.10.15 06:00:00,149.621,149.715,149.572,149.708,5698.98
2024.10.15 07:00:00,149.711,149.758,149.667,149.676,3631.02
2024.10.15 08:00:00,149.679,149.699,149.439,149.636,14460
2024.10.15 09:00:00,149.637,149.638,149.304,149.307,18891.6
2024.10.15 10:00:00,149.306,149.335,149.168,149.233,22945.04
2024.10.15 11:00:00,149.235,149.244,149.036,149.153,21117.16
2024.10.15 12:00:00,149.154,149.165,148.848,148.904,27888.61
2024.10.15 13:00:00,148.902,149.184,148.875,149.142,15308.68
2024.10.15 14:00:00,149.142,149.369,149.141,149.35,16459.58
2024.10.15 15:00:00,149.353,149.415,148.997,149.083,29992.26
2024.10.15 16:00:00,149.084,149.246,149.072,149.186,30609.83
2024.10.15 17:00:00,149.187,149.344,148.933,149.229,32512.43
2024.10.15 18:00:00,149.23,149.316,149.168,149.22,27823
2024.10.15 19:00:00,149.221,149.481,149.22,149.448,12092.17
2024.10.15 20:00:00,149.449,149.539,149.422,149.431,11404.61
2024.10.15 21:00:00,149.431,149.455,149.238,149.276,10064.88
2024.10.15 22:00:00,149.276,149.289,149.165,149.239,9300.42
2024.10.15 23:00:00,149.24,149.246,149.18,149.186,9004.66
2024.10.16 00:00:00,149.185,149.199,149.151,149.178,557.46
2024.10.16 01:00:00,149.177,149.26,149.156,149.23,2713.12
2024.10.16 02:00:00,149.229,149.336,149.072,149.088,7513.19
2024.10.16 03:00:00,149.089,149.285,149.03,149.269,15297.18
2024.10.16 04:00:00,149.269,149.299,148.861,149.028,16609.39
2024.10.16 05:00:00,149.026,149.115,148.953,149.087,9113.94
2024.10.16 06:00:00,149.087,149.199,149.035,149.171,16908.62
2024.10.16 07:00:00,149.17,149.282,149.133,149.262,15204.34
2024.10.16 08:00:00,149.262,149.373,149.184,149.359,18168.84
2024.10.16 09:00:00,149.359,149.37,149.167,149.267,20019.18
2024.10.16 10:00:00,149.267,149.486,149.166,149.451,23355.17
2024.10.16 11:00:00,149.449,149.488,149.308,149.462,18735.74
2024.10.16 12:00:00,149.466,149.47,149.179,149.273,11994.91
2024.10.16 13:00:00,149.274,149.389,149.214,149.381,14036.53
2024.10.16 14:00:00,149.38,149.422,149.146,149.172,15500.3
2024.10.16 15:00:00,149.173,149.48,149.144,149.448,26901.11
2024.10.16 16:00:00,149.448,149.535,149.205,149.311,25874.8
2024.10.16 17:00:00,149.313,149.745,149.295,149.627,31614.68
2024.10.16 18:00:00,149.628,149.742,149.544,149.717,19395.67
2024.10.16 19:00:00,149.716,149.773,149.694,149.744,10179.1
2024.10.16 20:00:00,149.744,149.792,149.721,149.753,7609.03
2024.10.16 21:00:00,149.752,149.8,149.743,149.774,10504.53
2024.10.16 22:00:00,149.774,149.805,149.716,149.718,7411.45
2024.10.16 23:00:00,149.718,149.725,149.601,149.621,8638.63
2024.10.17 00:00:00,149.619,149.619,149.562,149.574,676.5
2024.10.17 01:00:00,149.574,149.66,149.522,149.572,2042.82
2024.10.17 02:00:00,149.573,149.663,149.525,149.562,3120.04
2024.10.17 03:00:00,149.563,149.617,149.435,149.545,11050.65
2024.10.17 04:00:00,149.551,149.565,149.294,149.377,14280.73
2024.10.17 05:00:00,149.378,149.421,149.24,149.41,14502.52
2024.10.17 06:00:00,149.408,149.568,149.408,149.553,13354.59
2024.10.17 07:00:00,149.554,149.574,149.394,149.54,10583.1
2024.10.17 08:00:00,149.54,149.562,149.452,149.51,18460.41
2024.10.17 09:00:00,149.51,149.648,149.439,149.631,14739.05
2024.10.17 10:00:00,149.635,149.792,149.631,149.773,17916.97
2024.10.17 11:00:00,149.772,149.869,149.733,149.835,15152.18
2024.10.17 12:00:00,149.834,149.834,149.61,149.638,13235.94
2024.10.17 13:00:00,149.639,149.639,149.547,149.619,12362.11
2024.10.17 14:00:00,149.62,149.648,149.486,149.524,8061.06
2024.10.17 15:00:00,149.526,150.081,149.461,149.829,34545.07
2024.10.17 16:00:00,149.83,149.953,149.636,149.787,40942.66
2024.10.17 17:00:00,149.788,150.043,149.73,150.02,32301.8
2024.10.17 18:00:00,150.02,150.152,149.924,150.126,24563.79
2024.10.17 19:00:00,150.127,150.297,150.118,150.209,14764.63
2024.10.17 20:00:00,150.209,150.256,150.142,150.249,9132.7
2024.10.17 21:00:00,150.25,150.28,150.188,150.276,12352.8
2024.10.17 22:00:00,150.277,150.321,150.196,150.22,9734.88
2024.10.17 23:00:00,150.218,150.244,150.187,150.199,5061.25
2024.10.18 00:00:00,150.199,150.199,150.126,150.156,647.97
2024.10.18 01:00:00,150.156,150.225,150.127,150.211,1835.47
2024.10.18 02:00:00,150.211,150.284,150.068,150.101,4539.68
2024.10.18 03:00:00,150.103,150.148,149.899,150.046,16109.24
2024.10.18 04:00:00,150.048,150.062,149.871,150.013,14281.57
2024.10.18 05:00:00,150.014,150.093,149.903,149.92,15130.78
2024.10.18 06:00:00,149.92,149.973,149.854,149.889,10851.93
2024.10.18 07:00:00,149.89,150.015,149.864,149.898,11377.59
2024.10.18 08:00:00,149.896,149.914,149.769,149.879,17264.72
2024.10.18 09:00:00,149.885,150.012,149.796,149.959,16726.11
2024.10.18 10:00:00,149.958,150.135,149.921,150.093,18234.63
2024.10.18 11:00:00,150.093,150.155,149.885,149.919,14924.91
2024.10.18 12:00:00,149.919,149.943,149.835,149.921,15935.37
2024.10.18 13:00:00,149.922,149.977,149.578,149.939,20985.06
2024.10.18 14:00:00,149.94,150.099,149.915,150.004,17762.39
2024.10.18 15:00:00,150.006,150.083,149.787,149.861,20535.95
2024.10.18 16:00:00,149.861,149.923,149.693,149.736,18137.6
2024.10.18 17:00:00,149.737,149.749,149.591,149.599,18736.33
2024.10.18 18:00:00,149.6,149.65,149.513,149.58,15888.23
2024.10.18 19:00:00,149.579,149.629,149.363,149.416,13371.88
2024.10.18 20:00:00,149.418,149.646,149.411,149.593,8355.54
2024.10.18 21:00:00,149.592,149.595,149.456,149.528,11501.25
2024.10.18 22:00:00,149.527,149.568,149.461,149.52,14222.78
2024.10.18 23:00:00,149.52,149.547,149.451,149.503,6034.39
2024.10.21 00:00:00,149.439,149.551,149.412,149.515,1428.64
2024.10.21 01:00:00,149.527,149.641,149.515,149.564,3501.28
2024.10.21 02:00:00,149.564,149.624,149.477,149.602,2652.47
2024.10.21 03:00:00,149.603,149.615,149.252,149.38,17062.75
2024.10.21 04:00:00,149.383,149.409,149.094,149.201,17091.23
2024.10.21 05:00:00,149.202,149.284,149.095,149.223,9483.72
2024.10.21 06:00:00,149.221,149.242,149.086,149.223,9529.97
2024.10.21 07:00:00,149.223,149.355,149.201,149.318,12095.54
2024.10.21 08:00:00,149.317,149.371,149.199,149.361,11536.2
2024.10.21 09:00:00,149.364,149.644,149.301,149.631,16572.56
2024.10.21 10:00:00,149.629,149.855,149.62,149.835,24483.25
2024.10.21 11:00:00,149.835,149.95,149.822,149.945,16598.69
2024.10.21 12:00:00,149.947,150.09,149.821,150.06,18961.89
2024.10.21 13:00:00,150.061,150.078,149.893,149.942,13869.15
2024.10.21 14:00:00,149.937,149.957,149.859,149.923,13941.31
2024.10.21 15:00:00,149.924,150.028,149.745,149.918,26615.09
2024.10.21 16:00:00,149.919,150.144,149.918,150.127,28372.96
2024.10.21 17:00:00,150.126,150.276,150.093,150.236,24442.62
2024.10.21 18:00:00,150.236,150.485,150.193,150.469,22971.62
2024.10.21 19:00:00,150.469,150.557,150.441,150.516,10448.79
2024.10.21 20:00:00,150.515,150.796,150.503,150.749,13553.95
2024.10.21 21:00:00,150.751,150.83,150.712,150.774,12527.37
2024.10.21 22:00:00,150.775,150.838,150.729,150.772,9127.24
2024.10.21 23:00:00,150.773,150.884,150.761,150.829,7713.51
2024.10.22 00:00:00,150.829,150.832,150.668,150.719,2409.84
2024.10.22 01:00:00,150.721,150.766,150.633,150.682,3371.39
2024.10.22 02:00:00,150.681,150.799,150.598,150.62,5739.35
2024.10.22 03:00:00,150.62,150.763,150.579,150.629,15025.82
2024.10.22 04:00:00,150.629,150.706,150.494,150.661,13638.43
2024.10.22 05:00:00,150.66,150.845,150.63,150.831,9928.5
2024.10.22 06:00:00,150.831,150.983,150.809,150.922,11596.79
2024.10.22 07:00:00,150.922,151.102,150.845,150.873,16870.24
2024.10.22 08:00:00,150.872,150.992,150.783,150.845,15183.05
2024.10.22 09:00:00,150.845,150.876,150.662,150.826,23109.84
2024.10.22 10:00:00,150.826,151.059,150.693,151,23970.79
2024.10.22 11:00:00,151.004,151.034,150.788,150.987,23365.06
2024.10.22 12:00:00,150.987,151.024,150.802,150.884,17097.82
2024.10.22 13:00:00,150.884,150.906,150.749,150.845,9270.06
2024.10.22 14:00:00,150.844,150.936,150.781,150.863,9456.44
2024.10.22 15:00:00,150.865,150.923,150.765,150.91,21806.08
2024.10.22 16:00:00,150.911,150.95,150.602,150.92,23380.91
2024.10.22 17:00:00,150.918,151.073,150.855,150.975,19382.84
2024.10.22 18:00:00,150.978,151.144,150.899,151.106,15450.82
2024.10.22 19:00:00,151.106,151.194,151.048,151.056,8276.09
2024.10.22 20:00:00,151.06,151.116,150.947,150.979,9045.66
2024.10.22 21:00:00,150.978,151.07,150.898,151.06,4489.3
2024.10.22 22:00:00,151.061,151.123,151.049,151.117,9483.86
2024.10.22 23:00:00,151.118,151.15,151.063,151.063,2992.59
2024.10.23 00:00:00,151.063,151.063,150.953,151.024,593.49
2024.10.23 01:00:00,151.025,151.08,151.025,151.066,1607.49
2024.10.23 02:00:00,151.064,151.159,151.049,151.153,6986.12
2024.10.23 03:00:00,151.152,151.473,151.135,151.467,16755.64
2024.10.23 04:00:00,151.466,151.805,151.429,151.644,21018.33
2024.10.23 05:00:00,151.643,151.789,151.635,151.74,11789.12
2024.10.23 06:00:00,151.739,151.83,151.719,151.749,13183.78
2024.10.23 07:00:00,151.748,152.133,151.73,152.071,17762.31
2024.10.23 08:00:00,152.07,152.268,152.021,152.165,13729.17
2024.10.23 09:00:00,152.166,152.379,152.115,152.293,30899.6
2024.10.23 10:00:00,152.29,152.557,152.27,152.369,28548.17
2024.10.23 11:00:00,152.369,152.549,152.316,152.415,22226.22
2024.10.23 12:00:00,152.412,152.759,152.405,152.724,22312.14
2024.10.23 13:00:00,152.724,152.874,152.606,152.823,24490.65
2024.10.23 14:00:00,152.82,153.073,152.762,153.052,26445.66
2024.10.23 15:00:00,153.053,153.185,152.91,153.068,37043.13
2024.10.23 16:00:00,153.067,153.083,152.839,153.066,38161.14
2024.10.23 17:00:00,153.067,153.106,152.92,153.025,27945.89
2024.10.23 18:00:00,153.024,153.051,152.76,152.82,26967.56
2024.10.23 19:00:00,152.821,152.931,152.817,152.86,20714.69
2024.10.23 20:00:00,152.856,152.905,152.765,152.771,12779.06
2024.10.23 21:00:00,152.775,152.775,152.47,152.663,19083.34
2024.10.23 22:00:00,152.664,152.693,152.553,152.591,17955.34
2024.10.23 23:00:00,152.589,152.763,152.553,152.744,18085.23
2024.10.24 00:00:00,152.744,152.744,152.629,152.658,324.03
2024.10.24 01:00:00,152.666,152.827,152.663,152.75,3363
2024.10.24 02:00:00,152.749,152.799,152.605,152.769,7086.4
2024.10.24 03:00:00,152.767,152.767,152.516,152.64,26695.04
2024.10.24 04:00:00,152.637,152.792,152.605,152.677,20215.31
2024.10.24 05:00:00,152.676,152.696,152.339,152.429,19854.98
2024.10.24 06:00:00,152.43,152.518,152.352,152.398,12679.35
2024.10.24 07:00:00,152.397,152.398,152.106,152.214,16910.05
2024.10.24 08:00:00,152.215,152.387,152.199,152.382,17294.09
2024.10.24 09:00:00,152.382,152.384,152.049,152.054,24280.79
2024.10.24 10:00:00,152.057,152.315,152.025,152.127,34052.23
2024.10.24 11:00:00,152.126,152.248,151.919,152.007,22673.1
2024.10.24 12:00:00,152.008,152.075,151.829,151.988,22310.4
2024.10.24 13:00:00,151.987,151.988,151.82,151.855,11617.09
2024.10.24 14:00:00,151.854,152.071,151.766,152.05,23757.18
2024.10.24 15:00:00,152.051,152.321,151.832,152.052,46201.54
2024.10.24 16:00:00,152.052,152.325,151.941,152.2,46702.97
2024.10.24 17:00:00,152.199,152.279,151.85,151.926,41896.22
2024.10.24 18:00:00,151.927,151.977,151.782,151.869,26036.4
2024.10.24 19:00:00,151.871,151.882,151.658,151.687,21418.15
2024.10.24 20:00:00,151.688,151.782,151.552,151.623,20105.37
2024.10.24 21:00:00,151.622,151.848,151.614,151.822,23421.13
2024.10.24 22:00:00,151.821,151.901,151.821,151.836,15636.58
2024.10.24 23:00:00,151.84,151.867,151.806,151.811,7978.89
2024.10.25 00:00:00,151.798,151.835,151.695,151.805,742.59
2024.10.25 01:00:00,151.815,151.82,151.681,151.691,1778.61
2024.10.25 02:00:00,151.69,151.815,151.582,151.789,8485.01
2024.10.25 03:00:00,151.792,152.104,151.751,152.008,17319.24
2024.10.25 04:00:00,152.007,152.063,151.794,151.845,11340.51
2024.10.25 05:00:00,151.848,151.889,151.737,151.832,9446.13
2024.10.25 06:00:00,151.833,151.903,151.815,151.846,13933.87
2024.10.25 07:00:00,151.846,151.868,151.608,151.705,18629.09
2024.10.25 08:00:00,151.705,151.745,151.452,151.73,21679.65
2024.10.25 09:00:00,151.728,152.001,151.677,151.862,23041.02
2024.10.25 10:00:00,151.861,152.037,151.821,151.955,29785.48
2024.10.25 11:00:00,151.952,152.057,151.918,151.965,24925.87
2024.10.25 12:00:00,151.964,152.095,151.911,152.001,15729.12
2024.10.25 13:00:00,152,152.027,151.865,151.896,10677.9
2024.10.25 14:00:00,151.896,151.937,151.697,151.794,15604.92
2024.10.25 15:00:00,151.792,152.093,151.792,151.918,23984.57
2024.10.25 16:00:00,151.92,152.161,151.835,152.001,31174.64
2024.10.25 17:00:00,152.003,152.116,151.908,152.029,36962.79
2024.10.25 18:00:00,152.03,152.141,151.922,152.082,23722.85
2024.10.25 19:00:00,152.082,152.229,152.053,152.196,13575.71
2024.10.25 20:00:00,152.196,152.296,152.098,152.164,12777.29
2024.10.25 21:00:00,152.163,152.28,152.097,152.244,16919.71
2024.10.25 22:00:00,152.244,152.378,152.239,152.255,22183.74
2024.10.25 23:00:00,152.255,152.352,152.181,152.244,11679.69
2024.10.27 23:00:00,153.176,153.188,152.652,152.905,1610.04
2024.10.28 00:00:00,152.905,153.221,152.665,152.95,15203.47
2024.10.28 01:00:00,152.95,153.037,152.77,152.955,15655.63
2024.10.28 02:00:00,152.955,153.479,152.767,153.463,28929.08
2024.10.28 03:00:00,153.464,153.879,153.437,153.847,28436.27
2024.10.28 04:00:00,153.848,153.856,153.527,153.577,15171.75
2024.10.28 05:00:00,153.578,153.696,153.497,153.629,11464.05
2024.10.28 06:00:00,153.63,153.653,153.376,153.643,14942.96
2024.10.28 07:00:00,153.642,153.744,153.493,153.538,9992.83
2024.10.28 08:00:00,153.537,153.56,153.232,153.409,15184.19
2024.10.28 09:00:00,153.411,153.529,153.159,153.332,22003.61
2024.10.28 10:00:00,153.333,153.428,153.165,153.177,25513.36
2024.10.28 11:00:00,153.178,153.19,152.902,152.927,24719.52
2024.10.28 12:00:00,152.927,152.928,152.458,152.533,28038.05
2024.10.28 13:00:00,152.532,152.734,152.469,152.731,24436.87
2024.10.28 14:00:00,152.729,152.731,152.407,152.622,29892.69
2024.10.28 15:00:00,152.621,152.764,152.577,152.756,28083.52
2024.10.28 16:00:00,152.755,153.063,152.742,152.951,21221.72
2024.10.28 17:00:00,152.953,153.233,152.84,153.213,18392.98
2024.10.28 18:00:00,153.216,153.281,153.131,153.26,12777.52
2024.10.28 19:00:00,153.258,153.305,153.203,153.276,7435.08
2024.10.28 20:00:00,153.278,153.376,153.234,153.262,8625.04
2024.10.28 21:00:00,153.261,153.267,153.201,153.228,11319.87
2024.10.28 22:00:00,153.228,153.3,153.202,153.273,5377.35
2024.10.28 23:00:00,153.271,153.272,153.228,153.239,382.96
2024.10.29 00:00:00,153.274,153.359,153.233,153.304,3214.41
2024.10.29 01:00:00,153.304,153.323,153.14,153.142,4495.66
2024.10.29 02:00:00,153.141,153.242,152.897,153.015,18595.88
2024.10.29 03:00:00,153.015,153.133,152.863,152.941,18351.55
2024.10.29 04:00:00,152.939,153.053,152.85,152.992,17423.74
2024.10.29 05:00:00,152.992,153.163,152.945,153.041,13986.03
2024.10.29 06:00:00,153.046,153.046,152.872,152.925,16280.05
2024.10.29 07:00:00,152.929,152.955,152.754,152.833,13418.54
2024.10.29 08:00:00,152.833,153.071,152.833,152.996,10618.08
2024.10.29 09:00:00,152.997,153.277,152.997,153.165,18767.84
2024.10.29 10:00:00,153.165,153.447,153.155,153.394,28342.99
2024.10.29 11:00:00,153.398,153.44,153.326,153.41,20198.38
2024.10.29 12:00:00,153.411,153.488,153.316,153.338,18343.67
2024.10.29 13:00:00,153.338,153.673,153.32,153.673,14228.14
2024.10.29 14:00:00,153.676,153.865,153.655,153.763,23332.03
2024.10.29 15:00:00,153.764,153.808,153.624,153.63,18970.53
2024.10.29 16:00:00,153.649,153.664,152.99,153.381,43460.64
2024.10.29 17:00:00,153.382,153.749,153.373,153.494,34397.54
2024.10.29 18:00:00,153.497,153.583,153.351,153.547,14435.5
2024.10.29 19:00:00,153.55,153.596,153.308,153.414,15334.67
2024.10.29 20:00:00,153.412,153.551,153.378,153.423,13314.14
2024.10.29 21:00:00,153.422,153.506,153.376,153.424,15222.37
2024.10.29 22:00:00,153.425,153.443,153.334,153.346,8059.02
2024.10.29 23:00:00,153.344,153.415,153.268,153.34,651.15
2024.10.30 00:00:00,153.337,153.391,153.201,153.249,3083.98
2024.10.30 01:00:00,153.248,153.352,153.161,153.262,5030.46
2024.10.30 02:00:00,153.263,153.306,153.07,153.252,17660.23
2024.10.30 03:00:00,153.252,153.313,153.109,153.217,18516.79
2024.10.30 04:00:00,153.217,153.439,153.199,153.313,22162.46
2024.10.30 05:00:00,153.314,153.397,153.284,153.339,16688.57
2024.10.30 06:00:00,153.337,153.371,153.189,153.355,13358.29
2024.10.30 07:00:00,153.356,153.365,153.194,153.226,10957.61
2024.10.30 08:00:00,153.226,153.462,153.195,153.272,11270.59
2024.10.30 09:00:00,153.275,153.379,153.26,153.329,20344.13
2024.10.30 10:00:00,153.328,153.361,152.801,152.851,31280.62
2024.10.30 11:00:00,152.851,153.193,152.835,153.058,29674.07
2024.10.30 12:00:00,153.058,153.059,152.832,152.894,23891.17
2024.10.30 13:00:00,152.893,153.043,152.778,153.031,16908.8
2024.10.30 14:00:00,153.033,153.49,152.991,153.354,40952.19
2024.10.30 15:00:00,153.354,153.432,152.869,152.937,36906.99
2024.10.30 16:00:00,152.941,153.328,152.903,153.261,23660.09
2024.10.30 17:00:00,153.261,153.386,153.152,153.155,25011.42
2024.10.30 18:00:00,153.153,153.218,153.002,153.081,21290.2
2024.10.30 19:00:00,153.08,153.258,153.08,153.23,13828.05
2024.10.30 20:00:00,153.229,153.264,153.168,153.242,12650.22
2024.10.30 21:00:00,153.242,153.431,153.237,153.299,15981.09
2024.10.30 22:00:00,153.298,153.427,153.267,153.398,8736.88
2024.10.30 23:00:00,153.398,153.399,153.229,153.31,808.34
2024.10.31 00:00:00,153.301,153.336,153.241,153.296,4061.12
2024.10.31 01:00:00,153.299,153.356,153.203,153.239,3912.89
2024.10.31 02:00:00,153.238,153.579,153.158,153.524,17638.47
2024.10.31 03:00:00,153.525,153.557,153.394,153.49,11508.58
2024.10.31 04:00:00,153.494,153.611,153.175,153.402,8011.1
2024.10.31 05:00:00,153.404,153.409,152.941,153.051,14899.21
2024.10.31 06:00:00,153.05,153.078,152.824,152.917,11549.82
2024.10.31 07:00:00,152.918,153.084,152.833,152.84,9565.34
2024.10.31 08:00:00,152.838,152.96,152.052,152.173,21811.95
2024.10.31 09:00:00,152.177,152.581,152.05,152.248,37326.51
2024.10.31 10:00:00,152.246,152.441,151.921,152.397,36804.71
2024.10.31 11:00:00,152.399,152.567,152.301,152.554,29224.43
2024.10.31 12:00:00,152.556,152.563,152.248,152.463,18458.67
2024.10.31 13:00:00,152.465,152.847,152.465,152.719,24318.58
2024.10.31 14:00:00,152.718,152.978,152.562,152.69,37921.59
2024.10.31 15:00:00,152.693,152.987,152.561,152.965,35117.41
2024.10.31 16:00:00,152.966,153.048,152.467,152.584,41643.76
2024.10.31 17:00:00,152.583,152.709,152.079,152.356,35030.46
2024.10.31 18:00:00,152.354,152.507,152.226,152.443,28490.67
2024.10.31 19:00:00,152.441,152.487,152.157,152.172,15447.59
2024.10.31 20:00:00,152.174,152.174,151.833,152.051,23151.38
2024.10.31 21:00:00,152.05,152.146,151.909,151.931,21964.47
2024.10.31 22:00:00,151.936,152.093,151.909,152.022,13166.74
2024.10.31 23:00:00,152.019,152.043,151.964,152.043,256.08
2024.11.01 00:00:00,152.044,152.137,152.015,152.059,3339.49
2024.11.01 01:00:00,152.059,152.061,151.788,151.979,11005.91
2024.11.01 02:00:00,151.979,152.163,151.874,152.032,24156.9
2024.11.01 03:00:00,152.029,152.291,151.92,152.116,22556.77
2024.11.01 04:00:00,152.114,152.352,152.112,152.298,13085.03
2024.11.01 05:00:00,152.297,152.422,152.244,152.414,9533.28
2024.11.01 06:00:00,152.415,152.539,152.415,152.482,14911.49
2024.11.01 07:00:00,152.481,152.652,152.402,152.541,14105.47
2024.11.01 08:00:00,152.541,152.568,152.331,152.397,13899.34
2024.11.01 09:00:00,152.398,152.579,152.202,152.545,18436.55
2024.11.01 10:00:00,152.546,152.691,152.522,152.639,24981.22
2024.11.01 11:00:00,152.638,152.832,152.562,152.776,20676.54
2024.11.01 12:00:00,152.774,152.845,152.667,152.671,13159.45
2024.11.01 13:00:00,152.669,152.798,152.588,152.675,15428.8
2024.11.01 14:00:00,152.672,152.827,151.789,152.037,42125.8
2024.11.01 15:00:00,152.036,152.488,151.97,152.414,46352.75
2024.11.01 16:00:00,152.413,152.959,152.231,152.898,52137.84
2024.11.01 17:00:00,152.896,153.065,152.801,152.942,33002.78
2024.11.01 18:00:00,152.942,153.042,152.828,152.893,20861.16
2024.11.01 19:00:00,152.894,153.067,152.86,152.911,16071.61
2024.11.01 20:00:00,152.91,152.961,152.849,152.961,9040.31
2024.11.01 21:00:00,152.962,153.021,152.939,152.968,13064.86
2024.11.01 22:00:00,152.967,153.093,152.932,152.946,4420.33
2024.11.04 00:00:00,152.26,152.551,152.258,152.426,2322.18
2024.11.04 01:00:00,152.426,152.478,152.181,152.288,14046.08
2024.11.04 02:00:00,152.288,152.288,152.001,152.072,19105.8
2024.11.04 03:00:00,152.072,152.079,151.703,151.786,27253.92
2024.11.04 04:00:00,151.786,151.964,151.773,151.811,22493.59
2024.11.04 05:00:00,151.812,151.812,151.598,151.738,18115.45
2024.11.04 06:00:00,151.739,151.856,151.69,151.818,10805.65
2024.11.04 07:00:00,151.819,151.962,151.816,151.849,18175.02
2024.11.04 08:00:00,151.849,152.155,151.799,152.146,19040.85
2024.11.04 09:00:00,152.145,152.277,152.083,152.176,26234.49
2024.11.04 10:00:00,152.18,152.227,151.965,152.087,28109.35
2024.11.04 11:00:00,152.089,152.146,151.8,151.883,25923.73
2024.11.04 12:00:00,151.883,152.01,151.751,151.806,18099.01
2024.11.04 13:00:00,151.808,151.815,151.531,151.55,17715.18
2024.11.04 14:00:00,151.553,151.822,151.544,151.807,15765.63
2024.11.04 15:00:00,151.808,152.065,151.727,151.828,23430.72
2024.11.04 16:00:00,151.828,151.969,151.623,151.819,32602.66
2024.11.04 17:00:00,151.819,152.104,151.7,151.99,34005.5
2024.11.04 18:00:00,151.991,152.156,151.927,152.021,32988.97
2024.11.04 19:00:00,152.02,152.112,151.891,152.009,23640.33
2024.11.04 20:00:00,152.008,152.196,151.985,152.06,22460.43
2024.11.04 21:00:00,152.06,152.169,152.059,152.146,22887.83
2024.11.04 22:00:00,152.148,152.178,152.1,152.149,18176.37
2024.11.04 23:00:00,152.15,152.194,152.13,152.132,7194.09
2024.11.05 00:00:00,152.121,152.156,152.054,152.113,1291.17
2024.11.05 01:00:00,152.113,152.29,152.112,152.276,5398.07
2024.11.05 02:00:00,152.276,152.399,152.113,152.279,26085.35
2024.11.05 03:00:00,152.28,152.442,152.221,152.271,27049.02
2024.11.05 04:00:00,152.27,152.294,152.163,152.254,20495.6
2024.11.05 05:00:00,152.255,152.416,152.226,152.381,9523.03
2024.11.05 06:00:00,152.382,152.497,152.382,152.464,15951.58
2024.11.05 07:00:00,152.46,152.543,152.352,152.424,19826.59
2024.11.05 08:00:00,152.425,152.445,152.263,152.349,21049.26
2024.11.05 09:00:00,152.349,152.363,152.177,152.271,25209.88
2024.11.05 10:00:00,152.27,152.383,152.169,152.188,29579.28
2024.11.05 11:00:00,152.189,152.243,152.086,152.183,21164.16
2024.11.05 12:00:00,152.183,152.27,152.14,152.255,21972.96
2024.11.05 13:00:00,152.256,152.263,152.144,152.153,13916.48
2024.11.05 14:00:00,152.153,152.337,152.084,152.293,18012.87
2024.11.05 15:00:00,152.292,152.32,151.959,152.045,27889.13
2024.11.05 16:00:00,152.046,152.115,151.77,151.802,31496.44
2024.11.05 17:00:00,151.796,152.219,151.796,152.042,51093.63
2024.11.05 18:00:00,152.043,152.095,151.899,151.959,33324.63
2024.11.05 19:00:00,151.961,151.961,151.596,151.68,23430.26
2024.11.05 20:00:00,151.683,151.697,151.369,151.554,28803.16
2024.11.05 21:00:00,151.555,151.629,151.334,151.451,17604.72
2024.11.05 22:00:00,151.451,151.543,151.391,151.527,15094.54
2024.11.05 23:00:00,151.528,151.652,151.505,151.609,5526.39
2024.11.06 00:00:00,151.609,151.647,151.442,151.591,1471.08
2024.11.06 01:00:00,151.591,151.905,151.4,151.44,21432.28
2024.11.06 02:00:00,151.439,152.917,151.283,152.916,73575.44
2024.11.06 03:00:00,152.915,153.121,152.642,152.925,66325.72
2024.11.06 04:00:00,152.925,154.109,152.869,154.051,70986.07
2024.11.06 05:00:00,154.05,154.333,153.589,153.935,75092.24
2024.11.06 06:00:00,153.934,154.088,153.444,153.556,66432.04
2024.11.06 07:00:00,153.56,153.767,153.125,153.741,57090.44
2024.11.06 08:00:00,153.741,154.38,153.661,154.047,63123.04
2024.11.06 09:00:00,154.047,154.132,153.69,153.937,85294.45
2024.11.06 10:00:00,153.937,154.14,153.811,153.899,73605.02
2024.11.06 11:00:00,153.902,154.029,153.798,153.995,55795.36
2024.11.06 12:00:00,154,154.181,153.873,153.997,55604.85
2024.11.06 13:00:00,153.996,154.251,153.931,154.215,57112.1
2024.11.06 14:00:00,154.216,154.457,154.117,154.406,55206.46
2024.11.06 15:00:00,154.41,154.436,154.059,154.302,54047.58
2024.11.06 16:00:00,154.301,154.474,154.208,154.286,54954.9
2024.11.06 17:00:00,154.286,154.365,153.979,154.349,67263.47
2024.11.06 18:00:00,154.349,154.664,154.209,154.583,44269.44
2024.11.06 19:00:00,154.583,154.68,154.462,154.663,30095.61
2024.11.06 20:00:00,154.666,154.697,154.354,154.423,26481.32
2024.11.06 21:00:00,154.425,154.556,154.378,154.442,21485.64
2024.11.06 22:00:00,154.444,154.572,154.404,154.558,16936.95
2024.11.06 23:00:00,154.56,154.659,154.558,154.617,5061.54
2024.11.07 00:00:00,154.613,154.613,154.49,154.532,516.64
2024.11.07 01:00:00,154.514,154.543,154.207,154.31,12483.65
2024.11.07 02:00:00,154.307,154.708,154.22,154.574,38233.27
2024.11.07 03:00:00,154.576,154.668,154.378,154.507,31670.86
2024.11.07 04:00:00,154.507,154.525,154.327,154.437,26468.48
2024.11.07 05:00:00,154.438,154.522,154.274,154.318,24080.86
2024.11.07 06:00:00,154.32,154.374,153.931,154.171,22732.5
2024.11.07 07:00:00,154.172,154.287,153.989,154.008,24129.69
2024.11.07 08:00:00,154.006,154.2,153.93,153.931,33651.75
2024.11.07 09:00:00,153.932,154.005,153.649,154,43785.54
2024.11.07 10:00:00,154,154.07,153.815,154.041,40914.36
2024.11.07 11:00:00,154.043,154.132,153.896,153.943,28111
2024.11.07 12:00:00,153.944,154.038,153.877,154.013,21225.34
2024.11.07 13:00:00,154.014,154.098,153.982,154.062,25840.35
2024.11.07 14:00:00,154.061,154.108,153.739,153.761,42753.87
2024.11.07 15:00:00,153.761,153.783,153.45,153.498,54005.52
2024.11.07 16:00:00,153.499,153.556,153.084,153.224,47073.32
2024.11.07 17:00:00,153.223,153.285,152.851,152.961,49980.29
2024.11.07 18:00:00,152.962,153.226,152.926,153.134,39216.77
2024.11.07 19:00:00,153.133,153.199,152.957,153.013,23288.88
2024.11.07 20:00:00,153.013,153.026,152.861,152.962,20732.59
2024.11.07 21:00:00,152.954,153.472,152.847,153.079,53043.59
2024.11.07 22:00:00,153.081,153.143,152.689,152.85,43611.19
2024.11.07 23:00:00,152.853,152.956,152.8,152.923,7195.14
2024.11.08 00:00:00,152.918,152.927,152.796,152.925,352.77
2024.11.08 01:00:00,152.933,153.188,152.912,153.172,8609.17
2024.11.08 02:00:00,153.173,153.237,152.97,153.131,30545.45
2024.11.08 03:00:00,153.13,153.366,153.049,153.093,27068
2024.11.08 04:00:00,153.092,153.185,152.959,153.125,26658.87
2024.11.08 05:00:00,153.131,153.131,152.73,152.812,25104.53
2024.11.08 06:00:00,152.811,152.837,152.548,152.734,26510.13
2024.11.08 07:00:00,152.733,152.915,152.708,152.801,21962.45
2024.11.08 08:00:00,152.801,152.954,152.663,152.763,32206.74
2024.11.08 09:00:00,152.763,152.896,152.612,152.638,37445.22
2024.11.08 10:00:00,152.639,152.745,152.323,152.348,47217.75
2024.11.08 11:00:00,152.346,152.448,152.254,152.281,34675.29
2024.11.08 12:00:00,152.281,152.396,152.139,152.177,35813.36
2024.11.08 13:00:00,152.176,152.446,152.14,152.425,21791
2024.11.08 14:00:00,152.423,152.545,152.358,152.372,25450.11
2024.11.08 15:00:00,152.371,152.817,152.329,152.74,43444.89
2024.11.08 16:00:00,152.74,152.857,152.533,152.701,36080.09
2024.11.08 17:00:00,152.7,152.787,152.38,152.42,48125.26
2024.11.08 18:00:00,152.42,152.716,152.406,152.589,38000.34
2024.11.08 19:00:00,152.589,152.814,152.573,152.655,31752.79
2024.11.08 20:00:00,152.654,152.814,152.544,152.692,23847.57
2024.11.08 21:00:00,152.691,152.794,152.655,152.672,18874.67
2024.11.08 22:00:00,152.674,152.753,152.494,152.511,16895.34
2024.11.08 23:00:00,152.512,152.635,152.433,152.608,7852.98
2024.11.11 00:00:00,152.631,152.764,152.602,152.641,2211.06
2024.11.11 01:00:00,152.651,152.946,152.648,152.907,7927.51
2024.11.11 02:00:00,152.91,153.147,152.87,153.143,25072.36
2024.11.11 03:00:00,153.145,153.222,153.029,153.222,17381.96
2024.11.11 04:00:00,153.222,153.431,153.133,153.387,22016.14
2024.11.11 05:00:00,153.388,153.46,153.303,153.447,14439.16
2024.11.11 06:00:00,153.447,153.642,153.444,153.57,15381.57
2024.11.11 07:00:00,153.57,153.667,153.471,153.525,22857.94
2024.11.11 08:00:00,153.526,153.585,153.394,153.395,18030.17
2024.11.11 09:00:00,153.396,153.665,153.314,153.635,32265.17
2024.11.11 10:00:00,153.639,153.853,153.612,153.761,32598.81
2024.11.11 11:00:00,153.761,153.853,153.594,153.62,26209.2
2024.11.11 12:00:00,153.621,153.75,153.551,153.69,20613.46
2024.11.11 13:00:00,153.689,153.776,153.684,153.754,19898.92
2024.11.11 14:00:00,153.754,153.849,153.736,153.792,17143
2024.11.11 15:00:00,153.791,153.952,153.717,153.77,25080.77
2024.11.11 16:00:00,153.77,153.91,153.643,153.844,31984.46
2024.11.11 17:00:00,153.843,153.945,153.801,153.857,26763.06
2024.11.11 18:00:00,153.858,153.907,153.77,153.822,18197.06
2024.11.11 19:00:00,153.823,153.909,153.773,153.877,16223.24
2024.11.11 20:00:00,153.877,153.878,153.746,153.804,14923.18
2024.11.11 21:00:00,153.804,153.81,153.729,153.764,14013.38
2024.11.11 22:00:00,153.765,153.767,153.626,153.647,16157.52
2024.11.11 23:00:00,153.647,153.729,153.628,153.701,4836.48
2024.11.12 00:00:00,153.701,153.723,153.651,153.723,1048.51
2024.11.12 01:00:00,153.724,153.769,153.469,153.521,7574.32
2024.11.12 02:00:00,153.52,153.811,153.483,153.765,26535.03
2024.11.12 03:00:00,153.767,153.964,153.74,153.961,27918.89
2024.11.12 04:00:00,153.957,154.061,153.738,153.807,25335.05
2024.11.12 05:00:00,153.812,153.815,153.576,153.654,20851.57
2024.11.12 06:00:00,153.654,153.654,153.483,153.5,21399.18
2024.11.12 07:00:00,153.5,153.613,153.403,153.611,20225.31
2024.11.12 08:00:00,153.615,153.829,153.61,153.781,20016.73
2024.11.12 09:00:00,153.781,153.891,153.702,153.821,30626.36
2024.11.12 10:00:00,153.82,153.945,153.704,153.935,37421.44
2024.11.12 11:00:00,153.938,154.166,153.886,154.105,33500.48
2024.11.12 12:00:00,154.106,154.122,153.978,154.049,26313.35
2024.11.12 13:00:00,154.05,154.138,153.931,154.071,25947.17
2024.11.12 14:00:00,154.072,154.189,153.999,154.073,25742.72
2024.11.12 15:00:00,154.074,154.395,154.054,154.38,35215.01
2024.11.12 16:00:00,154.379,154.494,154.288,154.414,31924.73
2024.11.12 17:00:00,154.415,154.548,154.324,154.518,35279.92
2024.11.12 18:00:00,154.52,154.766,154.459,154.741,30442.71
2024.11.12 19:00:00,154.74,154.923,154.71,154.784,29164.18
2024.11.12 20:00:00,154.784,154.856,154.722,154.728,22177.52
2024.11.12 21:00:00,154.729,154.762,154.668,154.748,20007.51
2024.11.12 22:00:00,154.748,154.783,154.545,154.578,22422.79
2024.11.12 23:00:00,154.579,154.668,154.51,154.594,6385.57
2024.11.13 00:00:00,154.593,154.649,154.514,154.522,2025.59
2024.11.13 01:00:00,154.522,154.665,154.503,154.656,6213.81
2024.11.13 02:00:00,154.656,154.931,154.651,154.931,25442.6
2024.11.13 03:00:00,154.931,154.938,154.596,154.602,32048.98
2024.11.13 04:00:00,154.602,154.806,154.539,154.738,24317.03
2024.11.13 05:00:00,154.739,154.896,154.688,154.803,23995.94
2024.11.13 06:00:00,154.803,154.889,154.748,154.847,21618.66
2024.11.13 07:00:00,154.848,154.934,154.774,154.914,25485.06
2024.11.13 08:00:00,154.912,155.154,154.894,155.04,26825.89
2024.11.13 09:00:00,155.041,155.118,154.926,155.112,30731.62
2024.11.13 10:00:00,155.113,155.236,154.964,155.007,34985.44
2024.11.13 11:00:00,155.008,155.063,154.794,154.895,30751.5
2024.11.13 12:00:00,154.895,154.997,154.872,154.991,21423.24
2024.11.13 13:00:00,154.992,155.032,154.802,154.818,18951.46
2024.11.13 14:00:00,154.818,154.96,154.749,154.922,27644.13
2024.11.13 15:00:00,154.923,155.067,154.413,154.507,53244.3
2024.11.13 16:00:00,154.51,154.883,154.338,154.834,65071.09
2024.11.13 17:00:00,154.834,155.137,154.797,154.985,64603.62
2024.11.13 18:00:00,154.985,155.299,154.981,155.282,41774.1
2024.11.13 19:00:00,155.281,155.43,155.221,155.41,26205.48
2024.11.13 20:00:00,155.41,155.614,155.403,155.595,21242.28
2024.11.13 21:00:00,155.596,155.622,155.426,155.543,24638.78
2024.11.13 22:00:00,155.544,155.596,155.5,155.59,20822.97
2024.11.13 23:00:00,155.588,155.594,155.429,155.446,9679.68
2024.11.14 00:00:00,155.424,155.456,155.259,155.383,2231.13
2024.11.14 01:00:00,155.383,155.475,155.339,155.416,9843.92
2024.11.14 02:00:00,155.416,155.772,155.404,155.716,28914.23
2024.11.14 03:00:00,155.717,155.918,155.703,155.867,26252.43
2024.11.14 04:00:00,155.867,156.06,155.833,156.004,21235.04
2024.11.14 05:00:00,156.004,156.004,155.811,155.946,20482.68
2024.11.14 06:00:00,155.945,156.133,155.941,156.053,19587
2024.11.14 07:00:00,156.053,156.131,155.955,156.018,21053.37
2024.11.14 08:00:00,156.021,156.04,155.816,155.919,21903.72
2024.11.14 09:00:00,155.92,155.958,155.7,155.837,29328.37
2024.11.14 10:00:00,155.836,155.957,155.741,155.945,28812.38
2024.11.14 11:00:00,155.945,156.146,155.931,156.107,30635.94
2024.11.14 12:00:00,156.108,156.24,156.051,156.055,25475.79
2024.11.14 13:00:00,156.054,156.14,155.896,155.921,28694.82
2024.11.14 14:00:00,155.922,156.028,155.858,155.993,24765.48
2024.11.14 15:00:00,155.994,156.193,155.774,156.019,45604.25
2024.11.14 16:00:00,156.017,156.025,155.518,155.798,47884.73
2024.11.14 17:00:00,155.798,156.074,155.651,155.952,45123.69
2024.11.14 18:00:00,155.953,156.039,155.715,155.969,29288.32
2024.11.14 19:00:00,155.968,156.038,155.674,155.742,22347.04
2024.11.14 20:00:00,155.742,155.942,155.697,155.892,19347.96
2024.11.14 21:00:00,155.891,155.999,155.849,155.921,19395.03
2024.11.14 22:00:00,155.921,156.415,155.886,156.295,44817
2024.11.14 23:00:00,156.296,156.369,156.237,156.243,17181.83
2024.11.15 00:00:00,156.238,156.286,156.2,156.281,770.59
2024.11.15 01:00:00,156.272,156.535,156.249,156.481,8687.55
2024.11.15 02:00:00,156.48,156.746,156.433,156.629,14652.77
2024.11.15 03:00:00,156.628,156.644,156.328,156.55,15505.89
2024.11.15 04:00:00,156.549,156.554,156.324,156.391,24724.97
2024.11.15 05:00:00,156.39,156.514,156.272,156.5,20556.48
2024.11.15 06:00:00,156.5,156.548,156.303,156.354,23966.74
2024.11.15 07:00:00,156.354,156.453,156.327,156.453,23923.44
2024.11.15 08:00:00,156.455,156.503,156.035,156.097,28641.98
2024.11.15 09:00:00,156.097,156.171,155.759,155.778,32756.26
2024.11.15 10:00:00,155.777,155.777,155.387,155.516,38388.63
2024.11.15 11:00:00,155.517,155.729,155.262,155.365,37919.93
2024.11.15 12:00:00,155.364,155.458,155.218,155.304,33079.07
2024.11.15 13:00:00,155.304,155.51,155.258,155.493,24491.5
2024.11.15 14:00:00,155.493,155.626,155.37,155.392,28181.58
2024.11.15 15:00:00,155.391,155.718,155.15,155.325,55456.64
2024.11.15 16:00:00,155.325,155.779,155.119,155.546,54312.48
2024.11.15 17:00:00,155.549,155.598,154.84,154.947,59526.21
2024.11.15 18:00:00,154.948,155.014,154.529,154.597,53574.4
2024.11.15 19:00:00,154.596,154.607,154.186,154.28,37651.17
2024.11.15 20:00:00,154.281,154.304,153.858,153.925,35748.03
2024.11.15 21:00:00,153.921,154.341,153.913,154.213,31922.67
2024.11.15 22:00:00,154.217,154.418,154.173,154.289,28756.2
2024.11.15 23:00:00,154.29,154.476,154.248,154.248,7343.04
2024.11.18 00:00:00,154.349,154.55,154.222,154.531,2954.94
2024.11.18 01:00:00,154.531,154.746,154.391,154.64,13082.01
2024.11.18 02:00:00,154.639,154.659,153.838,154.269,39674.46
2024.11.18 03:00:00,154.269,155.138,154.097,154.595,47144.47
2024.11.18 04:00:00,154.595,154.922,154.584,154.734,34162.91
2024.11.18 05:00:00,154.734,154.89,154.62,154.651,21328.5
2024.11.18 06:00:00,154.652,154.692,154.413,154.645,23210.35
2024.11.18 07:00:00,154.646,154.758,154.413,154.591,27110.01
2024.11.18 08:00:00,154.593,154.627,154.296,154.582,34303.19
2024.11.18 09:00:00,154.582,154.764,154.474,154.566,43073.08
2024.11.18 10:00:00,154.567,154.953,154.501,154.95,45646.51
2024.11.18 11:00:00,154.951,154.97,154.555,154.776,42139.05
2024.11.18 12:00:00,154.775,155.05,154.774,154.999,34278.91
2024.11.18 13:00:00,154.999,155.123,154.951,155.056,27981.18
2024.11.18 14:00:00,155.057,155.279,155.029,155.266,29547.68
2024.11.18 15:00:00,155.268,155.356,154.865,154.904,38515.04
2024.11.18 16:00:00,154.904,154.983,154.583,154.798,39643.55
2024.11.18 17:00:00,154.8,155.051,154.75,154.992,39293.97
2024.11.18 18:00:00,154.992,155.068,154.789,154.797,37097.25
2024.11.18 19:00:00,154.796,154.848,154.64,154.698,23357.61
2024.11.18 20:00:00,154.698,154.786,154.591,154.628,21386.01
2024.11.18 21:00:00,154.627,154.753,154.571,154.737,26785.8
2024.11.18 22:00:00,154.736,154.739,154.589,154.59,20715.99
2024.11.18 23:00:00,154.59,154.69,154.567,154.649,8877.97
2024.11.19 00:00:00,154.645,154.645,154.588,154.628,891.09
2024.11.19 01:00:00,154.645,154.649,154.432,154.613,4689.05
2024.11.19 02:00:00,154.614,154.614,154.297,154.376,28064.72
2024.11.19 03:00:00,154.377,154.4,154.039,154.114,22061.54
2024.11.19 04:00:00,154.114,154.247,153.971,154.155,19462.31
2024.11.19 05:00:00,154.153,154.211,153.948,154.175,19540.71
2024.11.19 06:00:00,154.17,154.469,154.112,154.419,17906.52
2024.11.19 07:00:00,154.425,154.518,154.298,154.42,20102.93
2024.11.19 08:00:00,154.42,154.58,154.343,154.508,20333.97
2024.11.19 09:00:00,154.511,154.653,154.442,154.526,33172.05
2024.11.19 10:00:00,154.527,154.573,153.279,153.745,61110.62
2024.11.19 11:00:00,153.747,154.071,153.347,153.763,73796.89
2024.11.19 12:00:00,153.76,153.824,153.438,153.774,57011.32
2024.11.19 13:00:00,153.774,154.176,153.722,154.084,41232.09
2024.11.19 14:00:00,154.083,154.206,153.966,153.976,40056.91
2024.11.19 15:00:00,153.973,154.009,153.408,153.471,54156.79
2024.11.19 16:00:00,153.472,154.133,153.442,154.051,69632.95
2024.11.19 17:00:00,154.051,154.231,153.848,153.956,58953.92
2024.11.19 18:00:00,153.957,154.493,153.915,154.346,33305.73
2024.11.19 19:00:00,154.347,154.754,154.26,154.721,27491.34
2024.11.19 20:00:00,154.722,154.797,154.578,154.587,15590.6
2024.11.19 21:00:00,154.586,154.705,154.562,154.694,17147.73
2024.11.19 22:00:00,154.693,154.731,154.633,154.683,15684.18
2024.11.19 23:00:00,154.684,154.727,154.613,154.647,4317.73
2024.11.20 00:00:00,154.647,154.651,154.527,154.571,1252.98
2024.11.20 01:00:00,154.569,154.755,154.525,154.718,7919.61
2024.11.20 02:00:00,154.72,154.937,154.584,154.919,28418.88
2024.11.20 03:00:00,154.918,154.986,154.694,154.771,23106.57
2024.11.20 04:00:00,154.77,154.906,154.723,154.867,24297.32
2024.11.20 05:00:00,154.867,154.985,154.822,154.954,19854.08
2024.11.20 06:00:00,154.953,155.137,154.942,155.051,17903.81
2024.11.20 07:00:00,155.051,155.186,154.99,155.186,20686.58
2024.11.20 08:00:00,155.187,155.459,155.157,155.357,28770.68
2024.11.20 09:00:00,155.356,155.681,155.322,155.657,35601.68
2024.11.20 10:00:00,155.658,155.747,155.58,155.631,30392.55
2024.11.20 11:00:00,155.632,155.849,155.599,155.755,31539.73
2024.11.20 12:00:00,155.757,155.847,155.667,155.75,26719.69
2024.11.20 13:00:00,155.749,155.861,155.714,155.832,23707.7
2024.11.20 14:00:00,155.834,155.886,155.685,155.688,25420.55
2024.11.20 15:00:00,155.691,155.79,155.629,155.73,30149.29
2024.11.20 16:00:00,155.73,155.838,155.383,155.6,32801.05
2024.11.20 17:00:00,155.6,155.608,155.054,155.529,40171.9
2024.11.20 18:00:00,155.528,155.61,155.233,155.38,29674.84
2024.11.20 19:00:00,155.38,155.44,155.182,155.218,23153.62
2024.11.20 20:00:00,155.218,155.422,155.198,155.339,25171.13
2024.11.20 21:00:00,155.341,155.374,155.24,155.365,18724.83
2024.11.20 22:00:00,155.368,155.518,155.365,155.475,16832.32
2024.11.20 23:00:00,155.476,155.538,155.35,155.398,12572.23
2024.11.21 00:00:00,155.288,155.395,155.288,155.32,1929.06
2024.11.21 01:00:00,155.34,155.37,155.233,155.272,6495.3
2024.11.21 02:00:00,155.271,155.299,154.921,155.076,33033.54
2024.11.21 03:00:00,155.075,155.088,154.878,155.04,29853.57
2024.11.21 04:00:00,155.039,155.083,154.874,154.961,24580.51
2024.11.21 05:00:00,154.957,155.032,154.889,154.925,23612.29
2024.11.21 06:00:00,154.925,155.108,154.86,155.055,17319
2024.11.21 07:00:00,155.053,155.261,155.027,155.185,16289.03
2024.11.21 08:00:00,155.18,155.18,154.554,154.76,27551
2024.11.21 09:00:00,154.76,155.042,154.606,154.904,52221.05
2024.11.21 10:00:00,154.903,155.034,154.404,154.438,62630.62
2024.11.21 11:00:00,154.437,154.446,154.081,154.397,53661.73
2024.11.21 12:00:00,154.396,154.433,154.2,154.398,35668.45
2024.11.21 13:00:00,154.398,154.582,154.304,154.532,35077.17
2024.11.21 14:00:00,154.532,154.714,154.299,154.439,35276.79
2024.11.21 15:00:00,154.44,154.691,154.101,154.249,43886.86
2024.11.21 16:00:00,154.249,154.541,153.962,154.096,53986.96
2024.11.21 17:00:00,154.096,154.351,153.905,154.319,50371.87
2024.11.21 18:00:00,154.32,154.665,154.307,154.654,48014.31
2024.11.21 19:00:00,154.652,154.691,154.404,154.438,39706.55
2024.11.21 20:00:00,154.439,154.697,154.432,154.547,29834.62
2024.11.21 21:00:00,154.547,154.637,154.479,154.504,26702.99
2024.11.21 22:00:00,154.504,154.59,154.452,154.502,27391.09
2024.11.21 23:00:00,154.502,154.568,154.449,154.522,8634.54
2024.11.22 00:00:00,154.52,154.525,154.378,154.464,1338.45
2024.11.22 01:00:00,154.464,154.512,154.104,154.154,14565.87
2024.11.22 02:00:00,154.155,154.413,153.963,154.33,35001.3
2024.11.22 03:00:00,154.329,154.438,154.223,154.413,28735.25
2024.11.22 04:00:00,154.414,154.493,154.347,154.392,21495.86
2024.11.22 05:00:00,154.39,154.481,154.185,154.262,22145.56
2024.11.22 06:00:00,154.263,154.444,154.263,154.421,19898.84
2024.11.22 07:00:00,154.422,154.728,154.422,154.702,26695.23
2024.11.22 08:00:00,154.703,154.954,154.679,154.9,25146.03
2024.11.22 09:00:00,154.899,154.926,154.658,154.726,38014.99
2024.11.22 10:00:00,154.728,154.867,154.399,154.511,52560.7
2024.11.22 11:00:00,154.509,154.821,154.251,154.502,50914.47
2024.11.22 12:00:00,154.499,154.552,154.252,154.324,38749.11
2024.11.22 13:00:00,154.323,154.466,154.28,154.312,31588.74
2024.11.22 14:00:00,154.312,154.546,154.289,154.499,34165.65
2024.11.22 15:00:00,154.498,154.566,154.189,154.269,44703.13
2024.11.22 16:00:00,154.271,155.022,154.27,154.872,50266.63
2024.11.22 17:00:00,154.875,154.913,154.596,154.897,64009.51
2024.11.22 18:00:00,154.898,154.92,154.712,154.733,40302.74
2024.11.22 19:00:00,154.732,154.823,154.672,154.754,25197.2
2024.11.22 20:00:00,154.755,154.806,154.704,154.74,20728.66
2024.11.22 21:00:00,154.74,154.814,154.661,154.801,21060.93
2024.11.22 22:00:00,154.802,154.886,154.739,154.834,19004.09
2024.11.22 23:00:00,154.836,154.853,154.708,154.73,6516.32
2024.11.25 00:00:00,154.117,154.375,154.109,154.251,2355.81
2024.11.25 01:00:00,154.251,154.389,154.052,154.147,16332.05
2024.11.25 02:00:00,154.148,154.203,153.817,154.202,43121.34
2024.11.25 03:00:00,154.215,154.233,153.647,153.766,36104.48
2024.11.25 04:00:00,153.765,153.803,153.548,153.761,28224.04
2024.11.25 05:00:00,153.761,153.958,153.629,153.945,29958.95
2024.11.25 06:00:00,153.944,154.168,153.937,154.095,25968.61
2024.11.25 07:00:00,154.095,154.396,154.092,154.262,27468.69
2024.11.25 08:00:00,154.262,154.48,154.181,154.295,32647.96
2024.11.25 09:00:00,154.294,154.557,154.15,154.538,39582.5
2024.11.25 10:00:00,154.536,154.722,154.48,154.692,44382.75
2024.11.25 11:00:00,154.693,154.698,154.355,154.422,36604.41
2024.11.25 12:00:00,154.423,154.48,154.345,154.419,28826.83
2024.11.25 13:00:00,154.42,154.507,154.314,154.504,22204.16
2024.11.25 14:00:00,154.504,154.561,154.132,154.197,29492.73
2024.11.25 15:00:00,154.195,154.197,153.754,153.926,48405.56
2024.11.25 16:00:00,153.926,154.018,153.627,153.748,55991.17
2024.11.25 17:00:00,153.749,154.39,153.644,154.368,45527.09
2024.11.25 18:00:00,154.371,154.517,154.279,154.292,41219.76
2024.11.25 19:00:00,154.293,154.383,154.223,154.318,30971.86
2024.11.25 20:00:00,154.318,154.339,154.097,154.108,29494.03
2024.11.25 21:00:00,154.109,154.199,153.991,154.135,29500.73
2024.11.25 22:00:00,154.135,154.178,154.077,154.139,22943.85
2024.11.25 23:00:00,154.137,154.264,154.137,154.182,7394.97
2024.11.26 00:00:00,154.182,154.215,154.027,154.094,1073.06
2024.11.26 01:00:00,154.104,154.485,153.878,154.38,25459.84
2024.11.26 02:00:00,154.38,154.413,153.933,154.01,51901.69
2024.11.26 03:00:00,154.011,154.111,153.835,154.051,42485.52
2024.11.26 04:00:00,154.052,154.221,153.898,153.981,28990.7
2024.11.26 05:00:00,153.982,154.064,153.721,153.741,24173.37
2024.11.26 06:00:00,153.741,153.911,153.666,153.838,22446.18
2024.11.26 07:00:00,153.838,153.842,153.544,153.714,23846.09
2024.11.26 08:00:00,153.712,154.061,153.601,154.052,30645.15
2024.11.26 09:00:00,154.052,154.219,154.028,154.038,38859.7
2024.11.26 10:00:00,154.036,154.054,153.789,153.967,39122.45
2024.11.26 11:00:00,153.966,154.119,153.882,153.924,30907.21
2024.11.26 12:00:00,153.925,153.982,153.707,153.765,25016.19
2024.11.26 13:00:00,153.768,153.868,153.716,153.777,27163.12
2024.11.26 14:00:00,153.777,153.802,153.067,153.255,41998
2024.11.26 15:00:00,153.256,153.482,152.987,153.429,44796.41
2024.11.26 16:00:00,153.429,153.678,153.397,153.508,40829.08
2024.11.26 17:00:00,153.508,153.719,153.36,153.461,47427.45
2024.11.26 18:00:00,153.463,153.681,153.413,153.488,38688.86
2024.11.26 19:00:00,153.489,153.515,153.25,153.325,34576.68
2024.11.26 20:00:00,153.325,153.486,153.267,153.369,29021.21
2024.11.26 21:00:00,153.377,153.411,153.082,153.109,37365.75
2024.11.26 22:00:00,153.109,153.14,153.024,153.059,28848.97
2024.11.26 23:00:00,153.06,153.15,153.004,153.061,10105.67
2024.11.27 00:00:00,153.042,153.091,152.993,153.048,1722.27
2024.11.27 01:00:00,153.065,153.23,152.93,152.931,9033.42
2024.11.27 02:00:00,152.93,153.012,152.759,152.91,31558.64
2024.11.27 03:00:00,152.911,153.032,152.507,152.547,34855.02
2024.11.27 04:00:00,152.549,152.748,152.526,152.64,24744.82
2024.11.27 05:00:00,152.637,152.653,152.382,152.45,23981.71
2024.11.27 06:00:00,152.449,152.467,152.249,152.31,19281.05
2024.11.27 07:00:00,152.31,152.475,152.233,152.436,23012.28
2024.11.27 08:00:00,152.436,152.464,152.067,152.079,27889.06
2024.11.27 09:00:00,152.078,152.166,151.838,151.951,45693.95
2024.11.27 10:00:00,151.951,151.956,151.429,151.824,61594.11
2024.11.27 11:00:00,151.824,151.891,151.355,151.472,45311.79
2024.11.27 12:00:00,151.472,151.491,151.222,151.395,41485.76
2024.11.27 13:00:00,151.395,151.613,151.364,151.484,29519.27
2024.11.27 14:00:00,151.485,151.589,151.305,151.482,35525.02
2024.11.27 15:00:00,151.482,151.625,151.297,151.328,43831.01
2024.11.27 16:00:00,151.329,151.488,150.996,151.367,47606.49
2024.11.27 17:00:00,151.36,151.803,150.93,151.1,61666.66
2024.11.27 18:00:00,151.102,151.373,150.453,150.704,46271.7
2024.11.27 19:00:00,150.704,150.863,150.532,150.759,31496.04
2024.11.27 20:00:00,150.758,150.881,150.677,150.854,23355.63
2024.11.27 21:00:00,150.852,151.054,150.851,151.022,26219.17
2024.11.27 22:00:00,151.021,151.188,151.02,151.091,27851.06
2024.11.27 23:00:00,151.09,151.19,151.053,151.053,9007.39
2024.11.28 00:00:00,151.056,151.104,150.855,150.913,2095.44
2024.11.28 01:00:00,150.914,151.379,150.896,151.337,9101.91
2024.11.28 02:00:00,151.338,151.708,151.281,151.681,23460.04
2024.11.28 03:00:00,151.682,151.746,151.405,151.43,29106.88
2024.11.28 04:00:00,151.429,151.615,151.343,151.444,18609.69
2024.11.28 05:00:00,151.443,151.714,151.415,151.624,17671.39
2024.11.28 06:00:00,151.624,151.654,151.531,151.623,16794.44
2024.11.28 07:00:00,151.624,151.662,151.48,151.543,18043.03
2024.11.28 08:00:00,151.542,151.65,151.36,151.544,25898.89
2024.11.28 09:00:00,151.545,151.773,151.535,151.753,31441.37
2024.11.28 10:00:00,151.754,151.917,151.694,151.831,37794.41
2024.11.28 11:00:00,151.831,151.946,151.789,151.891,29144.6
2024.11.28 12:00:00,151.891,151.948,151.84,151.85,19527.19
2024.11.28 13:00:00,151.848,151.895,151.759,151.833,19871.64
2024.11.28 14:00:00,151.833,151.845,151.638,151.761,19913.47
2024.11.28 15:00:00,151.762,151.773,151.557,151.567,20992.77
2024.11.28 16:00:00,151.569,151.602,151.478,151.522,21214.15
2024.11.28 17:00:00,151.523,151.57,151.403,151.517,19887.68
2024.11.28 18:00:00,151.518,151.569,151.464,151.478,11607.93
2024.11.28 19:00:00,151.479,151.546,151.456,151.49,9061.53
2024.11.28 20:00:00,151.492,151.554,151.454,151.531,5519.43
2024.11.28 21:00:00,151.53,151.547,151.466,151.495,1659.78
2024.11.28 22:00:00,151.493,151.517,151.475,151.478,1971.16
2024.11.28 23:00:00,151.459,151.552,151.431,151.52,2093.98
2024.11.29 00:00:00,151.517,151.54,151.513,151.517,262.92
2024.11.29 01:00:00,151.528,151.529,150.983,151.185,10441.72
2024.11.29 02:00:00,151.182,151.206,150.526,150.579,39529.02
2024.11.29 03:00:00,150.578,150.616,149.848,149.936,54177.13
2024.11.29 04:00:00,149.936,150.395,149.935,150.159,38384.25
2024.11.29 05:00:00,150.159,150.372,150.049,150.097,27139.47
2024.11.29 06:00:00,150.096,150.134,149.758,150.008,29028.61
2024.11.29 07:00:00,150.008,150.27,149.931,150.101,28111.18
2024.11.29 08:00:00,150.102,150.203,149.962,150,24414.3
2024.11.29 09:00:00,150,150.011,149.531,149.99,37640.64
2024.11.29 10:00:00,149.993,150.27,149.986,150.187,34315.09
2024.11.29 11:00:00,150.188,150.303,149.926,150.158,31325.36
2024.11.29 12:00:00,150.157,150.363,149.939,149.961,33629.67
2024.11.29 13:00:00,149.96,150.075,149.83,150.037,22850.89
2024.11.29 14:00:00,150.036,150.258,150.001,150.152,22683.74
2024.11.29 15:00:00,150.153,150.232,149.944,149.965,30543.78
2024.11.29 16:00:00,149.963,150.155,149.875,149.937,37764.59
2024.11.29 17:00:00,149.938,150.347,149.917,150.179,42259.29
2024.11.29 18:00:00,150.178,150.529,150.151,150.416,40173.79
2024.11.29 19:00:00,150.417,150.446,149.58,149.595,33776.4
2024.11.29 20:00:00,149.598,149.683,149.464,149.646,27413.37
2024.11.29 21:00:00,149.646,149.695,149.479,149.603,41316.39
2024.11.29 22:00:00,149.602,149.667,149.536,149.64,52548.4
2024.11.29 23:00:00,149.64,149.724,149.598,149.724,14577.46
2024.12.02 00:00:00,149.514,149.688,149.486,149.565,6040.48
2024.12.02 01:00:00,149.565,150.066,149.515,149.865,19390.33
2024.12.02 02:00:00,149.865,150.288,149.802,150.2,39079.27
2024.12.02 03:00:00,150.201,150.551,150.148,150.529,37294.71
2024.12.02 04:00:00,150.529,150.686,150.47,150.594,29786.5
2024.12.02 05:00:00,150.595,150.742,150.5,150.527,23468.98
2024.12.02 06:00:00,150.525,150.678,150.434,150.575,25726.95
2024.12.02 07:00:00,150.575,150.747,150.513,150.72,28918.43
2024.12.02 08:00:00,150.721,150.725,150.254,150.326,32437.01
2024.12.02 09:00:00,150.306,150.448,149.988,150.247,44927.71
2024.12.02 10:00:00,150.247,150.375,150.074,150.214,40101.06
2024.12.02 11:00:00,150.216,150.44,150.045,150.343,32110.5
2024.12.02 12:00:00,150.344,150.385,150.161,150.173,27528.11
2024.12.02 13:00:00,150.172,150.238,150.073,150.148,23656.01
2024.12.02 14:00:00,150.148,150.166,149.917,150.131,29892.27
2024.12.02 15:00:00,150.13,150.35,150.041,150.078,42595.07
2024.12.02 16:00:00,150.077,150.09,149.83,149.971,45598.61
2024.12.02 17:00:00,149.984,150.242,149.721,149.871,70323.57
2024.12.02 18:00:00,149.871,149.948,149.077,149.263,50616.88
2024.12.02 19:00:00,149.262,149.625,149.214,149.597,31842.33
2024.12.02 20:00:00,149.598,149.789,149.541,149.651,25926.61
2024.12.02 21:00:00,149.651,149.686,149.489,149.522,24203.05
2024.12.02 22:00:00,149.522,149.646,149.224,149.542,31344.34
2024.12.02 23:00:00,149.54,149.613,149.503,149.574,12104.39
2024.12.03 00:00:00,149.573,149.573,149.516,149.52,685.17
2024.12.03 01:00:00,149.52,149.823,149.493,149.515,11097.71
2024.12.03 02:00:00,149.516,149.931,149.497,149.87,30782.14
2024.12.03 03:00:00,149.867,149.971,149.594,149.871,31142.33
2024.12.03 04:00:00,149.872,149.996,149.787,149.859,23985.27
2024.12.03 05:00:00,149.858,150.135,149.845,150.092,22356.76
2024.12.03 06:00:00,150.093,150.217,150.046,150.144,17906.28
2024.12.03 07:00:00,150.144,150.234,149.988,150.025,21622.97
2024.12.03 08:00:00,150.026,150.164,149.963,150.11,22231.13
2024.12.03 09:00:00,150.11,150.13,149.873,150.004,28203.25
2024.12.03 10:00:00,150.006,150.182,149.823,149.916,41330.87
2024.12.03 11:00:00,149.917,149.956,149.774,149.814,35750.31
2024.12.03 12:00:00,149.812,150.079,149.765,150.046,26270.7
2024.12.03 13:00:00,150.044,150.107,149.681,149.73,23135.03
2024.12.03 14:00:00,149.731,149.872,149.597,149.683,28217.74
2024.12.03 15:00:00,149.682,149.696,148.799,148.854,39742.19
2024.12.03 16:00:00,148.855,149.072,148.646,148.816,53363.8
2024.12.03 17:00:00,148.818,149.249,148.756,149.15,63657.53
2024.12.03 18:00:00,149.152,149.517,149.081,149.118,46216.53
2024.12.03 19:00:00,149.125,149.508,149.083,149.206,36434.16
2024.12.03 20:00:00,149.205,149.21,148.981,149.039,28458.81
2024.12.03 21:00:00,149.039,149.538,148.962,149.505,23901.52
2024.12.03 22:00:00,149.505,149.521,149.402,149.454,17526.02
2024.12.03 23:00:00,149.456,149.636,149.445,149.574,5613.18
2024.12.04 00:00:00,149.571,149.601,149.564,149.566,705.09
2024.12.04 01:00:00,149.582,149.698,149.566,149.613,7521.14
2024.12.04 02:00:00,149.613,149.911,149.52,149.87,28762.39
2024.12.04 03:00:00,149.872,150.079,149.679,149.926,21359.51
2024.12.04 04:00:00,149.927,149.952,149.689,149.774,11077.57
2024.12.04 05:00:00,149.776,149.935,149.624,149.932,16537.6
2024.12.04 06:00:00,149.933,150.167,149.877,149.967,16216.3
2024.12.04 07:00:00,149.968,150.103,149.88,150.095,14843.83
2024.12.04 08:00:00,150.094,150.167,149.856,150.006,14166.29
2024.12.04 09:00:00,150.006,150.436,149.978,150.381,24502.15
2024.12.04 10:00:00,150.382,150.542,150.297,150.435,25718.08
2024.12.04 11:00:00,150.436,150.779,150.431,150.625,33770.45
2024.12.04 12:00:00,150.623,150.891,150.614,150.864,31320.91
2024.12.04 13:00:00,150.864,151.046,150.776,150.885,32388.99
2024.12.04 14:00:00,150.886,151.224,150.858,151.17,32914.72
2024.12.04 15:00:00,151.17,151.228,150.79,151.071,45639.82
2024.12.04 16:00:00,151.07,151.128,150.808,150.848,36388.75
2024.12.04 17:00:00,150.85,150.85,150.281,150.394,56346.95
2024.12.04 18:00:00,150.395,150.443,150.053,150.184,39726.11
2024.12.04 19:00:00,150.185,150.24,149.991,150.168,25838.83
2024.12.04 20:00:00,150.167,150.421,150.038,150.408,20144.3
2024.12.04 21:00:00,150.409,150.592,150.219,150.438,32620.55
2024.12.04 22:00:00,150.438,150.67,150.436,150.521,24895.21
2024.12.04 23:00:00,150.519,150.659,150.484,150.539,8301.84
2024.12.05 00:00:00,150.525,150.555,150.445,150.505,971.31
2024.12.05 01:00:00,150.518,150.774,150.509,150.547,10982.95
2024.12.05 02:00:00,150.547,150.547,150.191,150.221,28878.23
2024.12.05 03:00:00,150.221,150.68,150.185,150.536,30699.56
2024.12.05 04:00:00,150.536,150.561,150.215,150.333,24458.27
2024.12.05 05:00:00,150.335,150.342,150.195,150.287,18294.93
2024.12.05 06:00:00,150.285,150.424,150.234,150.387,16931.42
2024.12.05 07:00:00,150.389,150.395,149.783,149.931,26285.05
2024.12.05 08:00:00,149.927,149.928,149.659,149.778,32030.09
2024.12.05 09:00:00,149.778,150.018,149.711,149.785,34828.69
2024.12.05 10:00:00,149.783,150.211,149.654,150.189,41032.45
2024.12.05 11:00:00,150.189,150.312,150.105,150.308,32327.3
2024.12.05 12:00:00,150.306,150.348,150.09,150.117,27817.43
2024.12.05 13:00:00,150.118,150.234,150.04,150.157,24710.59
2024.12.05 14:00:00,150.155,150.503,150.144,150.4,32759.41
2024.12.05 15:00:00,150.4,150.695,150.186,150.605,53864.49
2024.12.05 16:00:00,150.605,150.615,150.274,150.483,48161.5
2024.12.05 17:00:00,150.483,150.5,150.174,150.248,48814.52
2024.12.05 18:00:00,150.249,150.337,150.098,150.201,38323.89
2024.12.05 19:00:00,150.2,150.216,150.068,150.129,23539.91
2024.12.05 20:00:00,150.134,150.349,150.119,150.154,17261.31
2024.12.05 21:00:00,150.154,150.154,149.918,150.018,24970.69
2024.12.05 22:00:00,150.02,150.105,149.95,150.08,16373.84
2024.12.05 23:00:00,150.079,150.122,150.048,150.088,7606.68
2024.12.06 00:00:00,150.012,150.084,149.929,150.05,1989.51
2024.12.06 01:00:00,150.067,150.231,150.048,150.118,5534.62
2024.12.06 02:00:00,150.121,150.272,149.861,150.099,29605.04
2024.12.06 03:00:00,150.096,150.223,150.017,150.042,28838.99
2024.12.06 04:00:00,150.041,150.042,149.814,149.83,19994.17
2024.12.06 05:00:00,149.827,149.918,149.768,149.876,17567.04
2024.12.06 06:00:00,149.878,150.02,149.829,149.977,17886.4
2024.12.06 07:00:00,149.978,150.067,149.876,149.936,18250.2
2024.12.06 08:00:00,149.935,150.02,149.77,149.863,19534.9
2024.12.06 09:00:00,149.863,150.169,149.818,150.091,28047.15
2024.12.06 10:00:00,150.094,150.416,150.09,150.366,29266.68
2024.12.06 11:00:00,150.367,150.604,150.361,150.574,21857.89
2024.12.06 12:00:00,150.575,150.698,150.5,150.571,20773.79
2024.12.06 13:00:00,150.572,150.619,150.472,150.506,18387.85
2024.12.06 14:00:00,150.507,150.656,150.368,150.405,24459.37
2024.12.06 15:00:00,150.405,150.572,149.65,149.66,59945.9
2024.12.06 16:00:00,149.662,149.884,149.36,149.65,69141.61
2024.12.06 17:00:00,149.651,150.043,149.636,149.866,47892.3
2024.12.06 18:00:00,149.868,150.112,149.674,149.788,36137.86
2024.12.06 19:00:00,149.79,150.039,149.79,149.959,22999.15
2024.12.06 20:00:00,149.961,150.044,149.88,149.99,18489.19
2024.12.06 21:00:00,149.989,150.132,149.966,149.969,16581.46
2024.12.06 22:00:00,149.969,150.053,149.952,149.958,13007.54
2024.12.06 23:00:00,149.959,150.06,149.945,149.989,6132.69
2024.12.09 00:00:00,149.864,150.072,149.84,149.978,2493.85
2024.12.09 01:00:00,149.978,150.044,149.85,149.89,8082.51
2024.12.09 02:00:00,149.89,149.968,149.689,149.84,23665.34
2024.12.09 03:00:00,149.839,150.049,149.75,149.912,24718.2
2024.12.09 04:00:00,149.911,149.993,149.859,149.906,19443.45
2024.12.09 05:00:00,149.909,150.034,149.876,149.977,17154.81
2024.12.09 06:00:00,149.977,149.994,149.838,149.891,17599.6
2024.12.09 07:00:00,149.892,149.987,149.855,149.964,18421.79
2024.12.09 08:00:00,149.962,150.191,149.943,150.141,21261.69
2024.12.09 09:00:00,150.139,150.348,150.11,150.343,30291.76
2024.12.09 10:00:00,150.347,150.52,150.314,150.419,30431.15
2024.12.09 11:00:00,150.418,150.487,150.346,150.418,28825.78
2024.12.09 12:00:00,150.416,150.481,150.351,150.457,20054.82
2024.12.09 13:00:00,150.457,150.499,150.387,150.489,17226.39
2024.12.09 14:00:00,150.491,150.841,150.438,150.765,22844.64
2024.12.09 15:00:00,150.767,150.948,150.741,150.875,31455.01
2024.12.09 16:00:00,150.874,150.946,150.699,150.931,30737.49
2024.12.09 17:00:00,150.93,151.241,150.923,151.021,33006.36
2024.12.09 18:00:00,151.026,151.246,150.968,151.238,24818.15
2024.12.09 19:00:00,151.237,151.347,151.2,151.327,17942.95
2024.12.09 20:00:00,151.327,151.337,151.233,151.269,13841.94
2024.12.09 21:00:00,151.27,151.315,151.181,151.239,13000.96
2024.12.09 22:00:00,151.239,151.295,151.165,151.215,14871.83
2024.12.09 23:00:00,151.217,151.25,151.133,151.198,7677.27
2024.12.10 00:00:00,151.13,151.282,151.13,151.223,1563.2
2024.12.10 01:00:00,151.223,151.43,151.168,151.387,8237.98
2024.12.10 02:00:00,151.387,151.488,151.226,151.437,25196.43
2024.12.10 03:00:00,151.44,151.547,151.283,151.312,22685.16
2024.12.10 04:00:00,151.311,151.311,151.035,151.201,24586.74
2024.12.10 05:00:00,151.201,151.268,151.032,151.068,20410.07
2024.12.10 06:00:00,151.068,151.143,150.951,151.126,22619.28
2024.12.10 07:00:00,151.128,151.296,150.894,150.93,22874.95
2024.12.10 08:00:00,150.929,151.272,150.899,151.22,22043.22
2024.12.10 09:00:00,151.222,151.581,151.179,151.555,27133.44
2024.12.10 10:00:00,151.554,151.783,151.504,151.632,36435.81
2024.12.10 11:00:00,151.633,151.664,151.413,151.596,29715.08
2024.12.10 12:00:00,151.599,151.61,151.469,151.586,21563.26
2024.12.10 13:00:00,151.586,151.734,151.576,151.704,19716.51
2024.12.10 14:00:00,151.705,151.797,151.551,151.782,21548.53
2024.12.10 15:00:00,151.782,151.836,151.528,151.68,29276.91
2024.12.10 16:00:00,151.681,151.826,151.587,151.824,32357.53
2024.12.10 17:00:00,151.826,152.169,151.75,152.125,37157.23
2024.12.10 18:00:00,152.125,152.18,151.974,152.048,28518.42
2024.12.10 19:00:00,152.048,152.148,151.989,152.109,18932.86
2024.12.10 20:00:00,152.11,152.12,151.879,151.92,20507.63
2024.12.10 21:00:00,151.924,151.954,151.844,151.93,17318.71
2024.12.10 22:00:00,151.93,151.948,151.829,151.93,16073.18
2024.12.10 23:00:00,151.93,151.981,151.894,151.923,7297.66
2024.12.11 00:00:00,151.92,151.937,151.914,151.934,286.11
2024.12.11 01:00:00,151.944,151.944,151.78,151.838,5109.83
2024.12.11 02:00:00,151.839,151.869,151.704,151.728,18743.72
2024.12.11 03:00:00,151.727,151.824,151.695,151.704,21320.59
2024.12.11 04:00:00,151.704,151.719,151.44,151.441,19461.08
2024.12.11 05:00:00,151.441,151.636,151.414,151.544,14594.85
2024.12.11 06:00:00,151.545,151.612,151.461,151.543,14208.97
2024.12.11 07:00:00,151.544,151.764,151.531,151.75,12339.21
2024.12.11 08:00:00,151.752,151.789,151.622,151.761,16943.79
2024.12.11 09:00:00,151.761,151.793,151.419,151.654,39142.48
2024.12.11 10:00:00,151.653,151.714,151.464,151.624,36450.79
2024.12.11 11:00:00,151.624,152.722,151.004,152.678,60582.15
2024.12.11 12:00:00,152.678,152.791,152.487,152.591,36122.66
2024.12.11 13:00:00,152.591,152.71,152.512,152.549,27425.04
2024.12.11 14:00:00,152.549,152.702,152.525,152.649,25982.48
2024.12.11 15:00:00,152.65,152.856,152.051,152.293,50894.46
2024.12.11 16:00:00,152.292,152.329,151.918,152.133,48875.75
2024.12.11 17:00:00,152.133,152.518,152.081,152.457,32579.84
2024.12.11 18:00:00,152.456,152.555,152.242,152.339,13284.42
2024.12.11 19:00:00,152.339,152.541,152.312,152.494,18661.26
2024.12.11 20:00:00,152.495,152.688,152.318,152.674,24223.86
2024.12.11 21:00:00,152.674,152.717,152.532,152.643,17882.62
2024.12.11 22:00:00,152.64,152.646,152.523,152.591,12906.3
2024.12.11 23:00:00,152.593,152.597,152.411,152.411,4950.98
2024.12.12 00:00:00,152.412,152.425,152.262,152.397,1121.25
2024.12.12 01:00:00,152.397,152.449,152.233,152.254,6545.65
2024.12.12 02:00:00,152.109,152.337,152.109,152.203,15408.77
2024.12.12 03:00:00,152.151,152.162,151.949,151.976,23819.65
2024.12.12 04:00:00,151.975,152.316,151.952,152.315,17999.84
2024.12.12 05:00:00,152.316,152.41,152.207,152.352,15933.67
2024.12.12 06:00:00,152.351,152.389,152.182,152.189,16422.11
2024.12.12 07:00:00,152.189,152.607,152.179,152.49,24215.09
2024.12.12 08:00:00,152.491,152.771,152.454,152.479,28258.97
2024.12.12 09:00:00,152.479,152.586,152.272,152.569,35207.12
2024.12.12 10:00:00,152.57,152.659,152.365,152.5,36729.77
2024.12.12 11:00:00,152.501,152.596,152.458,152.524,16584.3
2024.12.12 12:00:00,152.525,152.537,152.2,152.315,22630.8
2024.12.12 13:00:00,152.315,152.341,152.164,152.185,25826.92
2024.12.12 14:00:00,152.184,152.36,152.117,152.272,24297.66
2024.12.12 15:00:00,152.273,152.383,151.798,152.032,52591.8
2024.12.12 16:00:00,152.032,152.397,151.875,152.242,58228.83
2024.12.12 17:00:00,152.242,152.378,152.107,152.285,46639.6
2024.12.12 18:00:00,152.284,152.312,152.042,152.075,31103.25
2024.12.12 19:00:00,152.075,152.298,152.039,152.263,24877.91
2024.12.12 20:00:00,152.263,152.522,152.236,152.479,28655.93
2024.12.12 21:00:00,152.479,152.546,152.433,152.537,19390.08
2024.12.12 22:00:00,152.537,152.674,152.524,152.659,13421.31
2024.12.12 23:00:00,152.664,152.69,152.599,152.607,6099.56
2024.12.13 00:00:00,152.603,152.619,152.524,152.565,884.61
2024.12.13 01:00:00,152.573,152.641,152.452,152.589,7377.18
2024.12.13 02:00:00,152.595,152.951,152.553,152.821,30395.99
2024.12.13 03:00:00,152.821,152.952,152.693,152.766,28749.53
2024.12.13 04:00:00,152.764,152.914,152.643,152.903,22592.62
2024.12.13 05:00:00,152.904,153.046,152.876,152.899,16136.61
2024.12.13 06:00:00,152.9,153.086,152.886,152.951,9742.46
2024.12.13 07:00:00,152.952,153.032,152.879,152.891,9308.01
2024.12.13 08:00:00,152.892,152.999,152.671,152.708,9889.27
2024.12.13 09:00:00,152.708,152.893,152.708,152.793,29980.82
2024.12.13 10:00:00,152.792,153.184,152.792,153.161,31828.22
2024.12.13 11:00:00,153.162,153.478,153.119,153.41,26684.23
2024.12.13 12:00:00,153.411,153.496,153.368,153.468,23202.18
2024.12.13 13:00:00,153.47,153.623,153.444,153.623,17706.3
2024.12.13 14:00:00,153.622,153.666,153.319,153.454,28309.2
2024.12.13 15:00:00,153.455,153.531,153.258,153.3,28256.31
2024.12.13 16:00:00,153.299,153.627,153.298,153.596,26350.56
2024.12.13 17:00:00,153.596,153.686,153.457,153.661,31691.63
2024.12.13 18:00:00,153.662,153.775,153.555,153.753,22916.23
2024.12.13 19:00:00,153.754,153.798,153.685,153.692,18335.64
2024.12.13 20:00:00,153.691,153.741,153.661,153.699,15416.27
2024.12.13 21:00:00,153.699,153.743,153.681,153.685,15312.45
2024.12.13 22:00:00,153.685,153.727,153.647,153.656,9699.88
2024.12.13 23:00:00,153.656,153.695,153.591,153.683,3692.85
2024.12.16 00:00:00,153.573,153.697,153.438,153.592,2193.81
2024.12.16 01:00:00,153.591,153.65,153.431,153.452,9215.14
2024.12.16 02:00:00,153.454,153.898,153.322,153.811,25361.02
2024.12.16 03:00:00,153.808,153.931,153.702,153.905,21222.5
2024.12.16 04:00:00,153.904,153.969,153.842,153.872,17131.32
2024.12.16 05:00:00,153.873,153.88,153.75,153.814,15309.51
2024.12.16 06:00:00,153.814,153.89,153.728,153.741,12909.97
2024.12.16 07:00:00,153.741,153.771,153.605,153.657,16061.48
2024.12.16 08:00:00,153.657,153.766,153.544,153.649,14862.65
2024.12.16 09:00:00,153.65,153.686,153.477,153.526,22821.65
2024.12.16 10:00:00,153.526,153.721,153.442,153.694,31362.33
2024.12.16 11:00:00,153.695,153.829,153.643,153.802,20611.42
2024.12.16 12:00:00,153.803,153.843,153.649,153.83,16843.02
2024.12.16 13:00:00,153.83,153.858,153.744,153.802,12576.19
2024.12.16 14:00:00,153.802,154.097,153.78,154.083,18452.46
2024.12.16 15:00:00,154.084,154.099,153.972,154.023,20969.51
2024.12.16 16:00:00,154.024,154.358,154.01,154.303,29021.41
2024.12.16 17:00:00,154.304,154.476,154.228,154.234,33114.07
2024.12.16 18:00:00,154.234,154.311,154.128,154.174,23355.12
2024.12.16 19:00:00,154.173,154.248,154.053,154.151,19982.09
2024.12.16 20:00:00,154.151,154.2,154.047,154.057,12317.64
2024.12.16 21:00:00,154.057,154.135,154.008,154.125,11362.43
2024.12.16 22:00:00,154.125,154.161,154.088,154.151,9174.97
2024.12.16 23:00:00,154.155,154.214,154.083,154.085,4228.49
2024.12.17 00:00:00,154.072,154.143,154.029,154.113,649.65
2024.12.17 01:00:00,154.137,154.26,154.068,154.094,4996.89
2024.12.17 02:00:00,154.091,154.342,154.01,154.147,28178.02
2024.12.17 03:00:00,154.147,154.232,153.97,154.095,22722.56
2024.12.17 04:00:00,154.1,154.109,153.798,154,22467.29
2024.12.17 05:00:00,154.001,154.082,153.869,154.042,15908.89
2024.12.17 06:00:00,154.042,154.204,154.001,154.061,18672.42
2024.12.17 07:00:00,154.061,154.258,154.028,154.13,20185
2024.12.17 08:00:00,154.13,154.169,154.029,154.137,20517.77
2024.12.17 09:00:00,154.139,154.166,153.923,154.068,22383.69
2024.12.17 10:00:00,154.067,154.165,153.808,153.859,28488.04
2024.12.17 11:00:00,153.855,153.91,153.71,153.791,26200.93
2024.12.17 12:00:00,153.793,153.882,153.712,153.838,20679.63
2024.12.17 13:00:00,153.839,153.928,153.685,153.909,21780.7
2024.12.17 14:00:00,153.909,153.936,153.811,153.817,18607.71
2024.12.17 15:00:00,153.821,153.997,153.654,153.771,36295.96
2024.12.17 16:00:00,153.773,153.773,153.553,153.559,37354.85
2024.12.17 17:00:00,153.558,153.574,153.42,153.509,37509.06
2024.12.17 18:00:00,153.509,153.64,153.399,153.417,26884.04
2024.12.17 19:00:00,153.417,153.421,153.241,153.27,22771.84
2024.12.17 20:00:00,153.269,153.389,153.159,153.275,20589.65
2024.12.17 21:00:00,153.275,153.343,153.228,153.341,18128.28
2024.12.17 22:00:00,153.34,153.561,153.329,153.516,14373.15
2024.12.17 23:00:00,153.517,153.595,153.452,153.492,5598.3
2024.12.18 00:00:00,153.271,153.496,153.271,153.415,776.94
2024.12.18 01:00:00,153.441,153.594,153.387,153.568,4340.68
2024.12.18 02:00:00,153.569,153.763,153.544,153.688,22778.88
2024.12.18 03:00:00,153.687,153.784,153.578,153.59,16568.59
2024.12.18 04:00:00,153.589,153.746,153.574,153.686,12982.38
2024.12.18 05:00:00,153.685,153.725,153.566,153.617,14335.07
2024.12.18 06:00:00,153.615,153.652,153.353,153.44,18009.28
2024.12.18 07:00:00,153.443,153.461,153.336,153.354,14135.4
2024.12.18 08:00:00,153.352,153.491,153.332,153.47,18429.72
2024.12.18 09:00:00,153.469,153.647,153.348,153.577,22214.93
2024.12.18 10:00:00,153.578,153.621,153.52,153.564,21069.23
2024.12.18 11:00:00,153.566,153.741,153.533,153.632,17757.41
2024.12.18 12:00:00,153.633,153.695,153.55,153.576,16019.88
2024.12.18 13:00:00,153.574,153.697,153.567,153.661,15644.46
2024.12.18 14:00:00,153.66,153.828,153.634,153.824,17710.54
2024.12.18 15:00:00,153.824,153.95,153.807,153.847,27561.12
2024.12.18 16:00:00,153.846,153.902,153.703,153.778,30306.51
2024.12.18 17:00:00,153.779,154.051,153.679,154.021,29043.66
2024.12.18 18:00:00,154.021,154.087,153.964,154.001,24738.97
2024.12.18 19:00:00,154.002,154.017,153.74,153.824,19069.54
2024.12.18 20:00:00,153.823,153.836,153.719,153.725,17911.73
2024.12.18 21:00:00,153.727,154.661,153.702,154.647,67670.35
2024.12.18 22:00:00,154.646,154.775,154.327,154.686,64412.91
2024.12.18 23:00:00,154.685,154.864,154.5,154.815,16798.02
2024.12.19 00:00:00,154.741,154.805,154.731,154.735,816.66
2024.12.19 01:00:00,154.734,154.765,154.433,154.665,17954.31
2024.12.19 02:00:00,154.663,154.889,154.535,154.822,32787.39
2024.12.19 03:00:00,154.823,154.859,154.63,154.643,27883.51
2024.12.19 04:00:00,154.643,155.274,154.463,155.085,27957.47
2024.12.19 05:00:00,155.086,155.435,154.953,155.256,26481.54
2024.12.19 06:00:00,155.257,155.348,155.141,155.303,20172.17
2024.12.19 07:00:00,155.302,155.469,155.191,155.221,23065.15
2024.12.19 08:00:00,155.22,156.144,154.911,156.1,38170.85
2024.12.19 09:00:00,156.101,156.777,156.101,156.475,61288.32
2024.12.19 10:00:00,156.475,157.066,156.434,156.874,47317.04
2024.12.19 11:00:00,156.874,157.145,156.717,157.04,37306.29
2024.12.19 12:00:00,157.039,157.06,156.82,156.949,28114.2
2024.12.19 13:00:00,156.949,157.06,156.675,156.694,22860.11
2024.12.19 14:00:00,156.693,156.976,156.687,156.939,29454.46
2024.12.19 15:00:00,156.941,157.047,156.398,156.907,39698.2
2024.12.19 16:00:00,156.909,157.346,156.872,157.171,50553.37
2024.12.19 17:00:00,157.171,157.73,157.152,157.712,53564.51
2024.12.19 18:00:00,157.71,157.804,157.591,157.728,43775.88
2024.12.19 19:00:00,157.729,157.766,157.525,157.694,23549.75
2024.12.19 20:00:00,157.695,157.73,157.526,157.538,27229.34
2024.12.19 21:00:00,157.537,157.553,157.348,157.421,26306.75
2024.12.19 22:00:00,157.42,157.434,157.306,157.328,21536.28
2024.12.19 23:00:00,157.331,157.449,157.327,157.417,9989.97
2024.12.20 00:00:00,157.415,157.44,157.317,157.421,5465.55
2024.12.20 01:00:00,157.424,157.669,157.384,157.647,11271.64
2024.12.20 02:00:00,157.647,157.924,157.6,157.737,37014.66
2024.12.20 03:00:00,157.738,157.779,157.143,157.275,29877.99
2024.12.20 04:00:00,157.275,157.375,156.879,156.967,34046.22
2024.12.20 05:00:00,156.976,157.151,156.833,157.064,34864.08
2024.12.20 06:00:00,157.064,157.307,157.054,157.296,27745.56
2024.12.20 07:00:00,157.296,157.313,156.965,157.032,25121.6
2024.12.20 08:00:00,157.035,157.129,156.865,156.978,28515.07
2024.12.20 09:00:00,156.981,157.053,156.765,156.828,36461.61
2024.12.20 10:00:00,156.828,156.963,156.733,156.882,45439.81
2024.12.20 11:00:00,156.883,156.914,156.62,156.719,43476.76
2024.12.20 12:00:00,156.717,156.771,156.638,156.74,30608.85
2024.12.20 13:00:00,156.741,156.842,156.676,156.772,24642.52
2024.12.20 14:00:00,156.77,156.813,156.595,156.733,28726.8
2024.12.20 15:00:00,156.733,156.794,156.349,156.516,48772.24
2024.12.20 16:00:00,156.515,156.659,156.317,156.59,49856.12
2024.12.20 17:00:00,156.59,156.776,156.398,156.503,58716.51
2024.12.20 18:00:00,156.501,156.584,156.098,156.106,41807.37
2024.12.20 19:00:00,156.105,156.157,155.951,156.069,33709.12
2024.12.20 20:00:00,156.069,156.209,156.024,156.083,20967.79
2024.12.20 21:00:00,156.083,156.106,155.974,156.003,22168.35
2024.12.20 22:00:00,156.003,156.357,155.997,156.357,18336.45
2024.12.20 23:00:00,156.358,156.466,156.289,156.407,9512.69
2024.12.23 00:00:00,156.249,156.535,156.238,156.512,642.3
2024.12.23 01:00:00,156.512,156.563,156.403,156.563,13615.19
2024.12.23 02:00:00,156.563,156.651,156.424,156.606,23801.05
2024.12.23 03:00:00,156.606,156.691,156.348,156.456,17425.96
2024.12.23 04:00:00,156.453,156.558,156.337,156.553,16535.75
2024.12.23 05:00:00,156.554,156.607,156.485,156.516,12664.18
2024.12.23 06:00:00,156.517,156.626,156.484,156.577,14631.98
2024.12.23 07:00:00,156.576,156.659,156.554,156.646,10058.01
2024.12.23 08:00:00,156.647,156.658,156.518,156.611,11545.76
2024.12.23 09:00:00,156.61,156.81,156.61,156.793,21021.93
2024.12.23 10:00:00,156.794,156.799,156.461,156.567,29382.49
2024.12.23 11:00:00,156.57,156.76,156.486,156.696,24066.9
2024.12.23 12:00:00,156.695,156.828,156.655,156.818,21714.19
2024.12.23 13:00:00,156.82,156.879,156.749,156.844,19419.33
2024.12.23 14:00:00,156.846,157.184,156.845,157.139,24948.24
2024.12.23 15:00:00,157.138,157.255,157.103,157.215,27278.49
2024.12.23 16:00:00,157.213,157.23,157.045,157.174,31974.06
2024.12.23 17:00:00,157.153,157.266,157.081,157.128,37822.33
2024.12.23 18:00:00,157.129,157.211,157.027,157.028,22660.51
2024.12.23 19:00:00,157.029,157.171,156.981,157.158,20397.91
2024.12.23 20:00:00,157.159,157.207,157.071,157.13,17832.15
2024.12.23 21:00:00,157.132,157.152,157.056,157.101,16725.38
2024.12.23 22:00:00,157.099,157.153,157.048,157.143,16065.92
2024.12.23 23:00:00,157.142,157.182,157.106,157.106,7904.34
2024.12.24 00:00:00,157.038,157.155,157.027,157.133,481.07
2024.12.24 01:00:00,157.132,157.238,157.099,157.181,10301.37
2024.12.24 02:00:00,157.181,157.393,157.161,157.311,18158.34
2024.12.24 03:00:00,157.31,157.31,157.056,157.127,13753.53
2024.12.24 04:00:00,157.128,157.178,157.056,157.119,10637.92
2024.12.24 05:00:00,157.119,157.132,157.05,157.084,11886.22
2024.12.24 06:00:00,157.082,157.09,156.934,157.011,16142.69
2024.12.24 07:00:00,157.012,157.047,156.887,157.001,17240.84
2024.12.24 08:00:00,157.001,157.14,156.905,157.084,18322.56
2024.12.24 09:00:00,157.084,157.143,157.009,157.14,14178.12
2024.12.24 10:00:00,157.139,157.177,156.983,157.056,14381.79
2024.12.24 11:00:00,157.056,157.098,157.003,157.09,15458.64
2024.12.24 12:00:00,157.091,157.097,157.021,157.089,12646.11
2024.12.24 13:00:00,157.087,157.169,157.064,157.142,11723.1
2024.12.24 14:00:00,157.141,157.156,157.075,157.134,17782.32
2024.12.24 15:00:00,157.133,157.19,157.099,157.189,16613.41
2024.12.24 16:00:00,157.188,157.294,157.185,157.277,18858.12
2024.12.24 17:00:00,157.279,157.344,157.177,157.333,21122.81
2024.12.24 18:00:00,157.333,157.374,157.272,157.296,19386.57
2024.12.24 19:00:00,157.298,157.346,157.261,157.308,11431.6
2024.12.24 20:00:00,157.308,157.35,157.23,157.317,14478.03
2024.12.24 21:00:00,157.316,157.378,157.273,157.284,3598.86
2024.12.24 22:00:00,157.285,157.301,157.119,157.131,2421.57
2024.12.24 23:00:00,157.131,157.209,156.962,157.048,893.61
2024.12.25 00:00:00,156.998,157.049,156.989,157.024,12.9
2024.12.25 01:00:00,157.024,157.09,156.988,157.056,66
2024.12.25 02:00:00,157.056,157.319,157.05,157.211,466.89
2024.12.25 03:00:00,157.21,157.249,157.035,157.105,4291.92
2024.12.25 04:00:00,157.101,157.109,157.002,157.072,412.29
2024.12.25 05:00:00,157.018,157.128,156.978,157.109,1614.42
2024.12.25 06:00:00,157.116,157.346,156.96,157.308,1740.6
2024.12.25 07:00:00,157.307,157.346,157.253,157.311,315.69
2024.12.25 08:00:00,157.33,157.34,157.224,157.27,189.63
2024.12.25 09:00:00,157.24,157.254,156.929,157.01,313.29
2024.12.26 00:00:00,157.176,157.285,157.165,157.215,328.2
2024.12.26 01:00:00,157.215,157.27,157.105,157.121,7872.39
2024.12.26 02:00:00,157.121,157.371,157.069,157.324,18257.13
2024.12.26 03:00:00,157.325,157.473,157.239,157.418,18847.62
2024.12.26 04:00:00,157.417,157.474,157.359,157.421,11419.6
2024.12.26 05:00:00,157.421,157.437,157.333,157.368,8837.17
2024.12.26 06:00:00,157.368,157.461,157.353,157.426,11887.32
2024.12.26 07:00:00,157.427,157.432,157.306,157.345,15109.61
2024.12.26 08:00:00,157.347,157.418,157.329,157.371,14232.93
2024.12.26 09:00:00,157.372,157.445,157.337,157.373,14438.12
2024.12.26 10:00:00,157.372,157.415,157.341,157.342,17338.17
2024.12.26 11:00:00,157.342,157.462,157.305,157.429,16786.78
2024.12.26 12:00:00,157.43,157.452,157.399,157.441,12814.68
2024.12.26 13:00:00,157.441,157.59,157.432,157.588,12616.2
2024.12.26 14:00:00,157.592,157.663,157.581,157.651,12757.49
2024.12.26 15:00:00,157.65,157.842,157.594,157.836,18937.86
2024.12.26 16:00:00,157.836,157.944,157.831,157.93,20491.99
2024.12.26 17:00:00,157.929,158.07,157.884,158.068,22858.47
2024.12.26 18:00:00,158.068,158.083,157.985,158.013,25047.25
2024.12.26 19:00:00,158.014,158.072,157.94,158.037,21390.78
2024.12.26 20:00:00,158.036,158.069,157.869,157.93,22983.63
2024.12.26 21:00:00,157.927,158.024,157.917,157.984,15812.78
2024.12.26 22:00:00,157.985,157.985,157.886,157.965,9564.06
2024.12.26 23:00:00,157.961,158.034,157.926,157.932,6833.05
2024.12.27 00:00:00,157.931,157.931,157.859,157.87,342.08
2024.12.27 01:00:00,157.878,157.886,157.67,157.764,7779.93
2024.12.27 02:00:00,157.763,157.948,157.654,157.911,14024.17
2024.12.27 03:00:00,157.911,157.947,157.679,157.741,11088.97
2024.12.27 04:00:00,157.741,157.76,157.504,157.597,11199.71
2024.12.27 05:00:00,157.602,157.713,157.596,157.646,7724.82
2024.12.27 06:00:00,157.645,157.668,157.549,157.57,6747.59
2024.12.27 07:00:00,157.571,157.769,157.557,157.757,10010.67
2024.12.27 08:00:00,157.757,157.815,157.659,157.752,18848.67
2024.12.27 09:00:00,157.752,157.854,157.731,157.814,20403.26
2024.12.27 10:00:00,157.814,157.914,157.782,157.846,24347.56
2024.12.27 11:00:00,157.852,157.896,157.751,157.875,17824.04
2024.12.27 12:00:00,157.877,157.877,157.705,157.754,14912.27
2024.12.27 13:00:00,157.754,157.786,157.62,157.649,17483.22
2024.12.27 14:00:00,157.651,157.794,157.58,157.793,21408.66
2024.12.27 15:00:00,157.794,157.87,157.684,157.793,23687.52
2024.12.27 16:00:00,157.793,157.894,157.685,157.814,25371.67
2024.12.27 17:00:00,157.817,157.875,157.529,157.571,30384.75
2024.12.27 18:00:00,157.569,157.736,157.35,157.731,29169.13
2024.12.27 19:00:00,157.729,157.844,157.673,157.825,20028.61
2024.12.27 20:00:00,157.825,157.851,157.765,157.831,17420.72
2024.12.27 21:00:00,157.832,157.943,157.828,157.941,15305.1
2024.12.27 22:00:00,157.941,157.942,157.85,157.904,13667.02
2024.12.27 23:00:00,157.903,157.921,157.749,157.764,5652.87
2024.12.30 00:00:00,157.679,157.768,157.652,157.67,1352.76
2024.12.30 01:00:00,157.69,157.898,157.657,157.898,6674.87
2024.12.30 02:00:00,157.897,157.988,157.699,157.943,16046.1
2024.12.30 03:00:00,157.943,157.958,157.728,157.793,10484.37
2024.12.30 04:00:00,157.792,157.826,157.697,157.805,9087.01
2024.12.30 05:00:00,157.805,157.847,157.797,157.814,5649.84
2024.12.30 06:00:00,157.814,157.821,157.756,157.789,7705.2
2024.12.30 07:00:00,157.794,157.963,157.769,157.853,12983.43
2024.12.30 08:00:00,157.858,158.071,157.816,157.867,19435.28
2024.12.30 09:00:00,157.867,157.892,157.805,157.888,17580.87
2024.12.30 10:00:00,157.887,157.929,157.81,157.897,21236.58
2024.12.30 11:00:00,157.896,157.984,157.851,157.873,18007.75
2024.12.30 12:00:00,157.875,157.88,157.757,157.779,13208.01
2024.12.30 13:00:00,157.78,157.78,157.558,157.635,14878.57
2024.12.30 14:00:00,157.636,157.647,157.484,157.553,20746.93
2024.12.30 15:00:00,157.553,157.643,157.448,157.458,22823.77
2024.12.30 16:00:00,157.458,157.549,157.066,157.086,32277.43
2024.12.30 17:00:00,157.086,157.28,156.669,157.176,59317.42
2024.12.30 18:00:00,157.174,157.291,157.005,157.259,37200
2024.12.30 19:00:00,157.261,157.352,157.114,157.147,20899.74
2024.12.30 20:00:00,157.148,157.15,156.941,156.97,16095.81
2024.12.30 21:00:00,156.971,157.101,156.92,157.089,11154.16
2024.12.30 22:00:00,157.09,157.114,156.801,156.823,14617.53
2024.12.30 23:00:00,156.821,156.875,156.759,156.814,11174.97
2024.12.31 00:00:00,156.807,156.905,156.804,156.862,592.31
2024.12.31 01:00:00,156.869,157.062,156.827,157.003,5749.8
2024.12.31 02:00:00,157.005,157.045,156.69,156.692,15465.62
2024.12.31 03:00:00,156.69,156.739,156.363,156.438,25715.18
2024.12.31 04:00:00,156.439,156.506,156.369,156.387,17093.52
2024.12.31 05:00:00,156.387,156.477,156.33,156.44,13532.95
2024.12.31 06:00:00,156.441,156.46,156.143,156.229,12129.54
2024.12.31 07:00:00,156.227,156.237,156.134,156.232,10131.5
2024.12.31 08:00:00,156.232,156.377,156.146,156.356,12774.87
2024.12.31 09:00:00,156.356,156.36,156.061,156.202,17870.07
2024.12.31 10:00:00,156.202,156.253,156.02,156.149,22637.44
2024.12.31 11:00:00,156.148,156.673,156.127,156.641,21574.76
2024.12.31 12:00:00,156.642,156.96,156.609,156.835,30202.69
2024.12.31 13:00:00,156.836,156.842,156.634,156.798,17877.81
2024.12.31 14:00:00,156.798,156.89,156.552,156.89,20052.7
2024.12.31 15:00:00,156.891,157.085,156.823,157.01,28409.1
2024.12.31 16:00:00,157.007,157.061,156.682,156.771,36671.98
2024.12.31 17:00:00,156.771,157.194,156.704,157.159,53640.58
2024.12.31 18:00:00,157.156,157.422,157.103,157.368,36777.35
2024.12.31 19:00:00,157.37,157.546,157.31,157.365,31525.69
2024.12.31 20:00:00,157.368,157.393,157.234,157.295,24407.49
2024.12.31 21:00:00,157.297,157.311,157.236,157.308,18772.59
2024.12.31 22:00:00,157.308,157.376,157.293,157.344,29975.64
2024.12.31 23:00:00,157.344,157.347,157.178,157.184,5207.07
