Time (UTC),Open,High,Low,Close,Volume 
2024.01.19 00:00:00,148.122,148.142,147.938,148.028,19657.59
2024.01.19 01:00:00,148.027,148.392,148.005,148.351,21020.44
2024.01.19 02:00:00,148.355,148.473,148.144,148.254,18921.61
2024.01.19 03:00:00,148.254,148.294,148.188,148.222,11973.78
2024.01.19 04:00:00,148.222,148.368,148.217,148.357,8043.76
2024.01.19 05:00:00,148.359,148.672,148.352,148.648,15657.06
2024.01.19 06:00:00,148.647,148.802,148.563,148.584,12512.19
2024.01.19 07:00:00,148.585,148.609,148.192,148.269,21966.43
2024.01.19 08:00:00,148.269,148.353,148.049,148.077,13721.86
2024.01.19 09:00:00,148.076,148.137,147.923,147.979,31420.9
2024.01.19 10:00:00,147.98,148.02,147.838,147.947,25451.91
2024.01.19 11:00:00,147.947,148.12,147.925,147.977,15925.83
2024.01.19 12:00:00,147.976,148.185,147.959,148.157,18065.43
2024.01.19 13:00:00,148.156,148.211,147.96,148.134,35913.22
2024.01.19 14:00:00,148.135,148.449,148.074,148.296,34709.63
2024.01.19 15:00:00,148.288,148.532,148.091,148.1,47070.37
2024.01.19 16:00:00,148.099,148.246,148.05,148.209,33613.63
2024.01.19 17:00:00,148.208,148.228,148.022,148.12,19796.24
2024.01.19 18:00:00,148.12,148.309,148.119,148.245,17762.83
2024.01.19 19:00:00,148.244,148.259,148.137,148.189,13981.9
2024.01.19 20:00:00,148.189,148.2,148.126,148.151,8113.83
2024.01.19 21:00:00,148.151,148.175,148.04,148.04,6568.28
2024.01.21 22:00:00,148.207,148.249,148.001,148.2,1542.22
2024.01.21 23:00:00,148.202,148.259,148.081,148.123,6977.44
2024.01.22 00:00:00,148.124,148.23,148.008,148.087,18499.64
2024.01.22 01:00:00,148.087,148.104,147.776,147.858,25656.65
2024.01.22 02:00:00,147.86,147.97,147.73,147.747,19087.7
2024.01.22 03:00:00,147.748,147.951,147.74,147.916,19782.6
2024.01.22 04:00:00,147.917,147.938,147.832,147.839,14670.3
2024.01.22 05:00:00,147.838,148.122,147.83,148.053,16341.3
2024.01.22 06:00:00,148.052,148.114,147.977,148.083,23787.75
2024.01.22 07:00:00,148.082,148.131,147.915,148.036,32404.39
2024.01.22 08:00:00,148.035,148.302,147.999,148.241,37076.36
2024.01.22 09:00:00,148.242,148.274,148.053,148.11,24013.62
2024.01.22 10:00:00,148.112,148.143,147.977,148.017,20395.74
2024.01.22 11:00:00,148.018,148.026,147.855,147.884,18560.41
2024.01.22 12:00:00,147.887,147.912,147.707,147.786,23224.82
2024.01.22 13:00:00,147.786,147.893,147.615,147.685,37940.61
2024.01.22 14:00:00,147.686,147.954,147.685,147.846,37506.15
2024.01.22 15:00:00,147.845,147.932,147.729,147.845,20057.55
2024.01.22 16:00:00,147.845,148.014,147.844,147.955,23025.07
2024.01.22 17:00:00,147.953,148.037,147.904,147.983,14490.21
2024.01.22 18:00:00,147.983,148.144,147.982,148.089,12999.2
2024.01.22 19:00:00,148.09,148.134,148.003,148.031,13080.85
2024.01.22 20:00:00,148.03,148.123,148.015,148.044,13338.12
2024.01.22 21:00:00,148.044,148.147,148.033,148.083,4453.01
2024.01.22 22:00:00,148.082,148.108,147.917,147.968,3094.44
2024.01.22 23:00:00,147.977,148.149,147.967,148.145,4556.35
2024.01.23 00:00:00,148.144,148.222,148.056,148.117,9962.96
2024.01.23 01:00:00,148.114,148.163,148.066,148.1,13951.54
2024.01.23 02:00:00,148.1,148.271,148.075,148.224,21288.27
2024.01.23 03:00:00,148.221,148.548,147.851,147.891,25915.13
2024.01.23 04:00:00,147.892,148.206,147.857,147.944,15082.71
2024.01.23 05:00:00,147.944,148.069,147.859,147.922,10570.26
2024.01.23 06:00:00,147.921,148.171,146.975,147.124,26561.18
2024.01.23 07:00:00,147.125,147.776,147.034,147.582,28821.93
2024.01.23 08:00:00,147.583,147.666,147.252,147.347,16005.85
2024.01.23 09:00:00,147.348,147.733,147.336,147.71,24136.06
2024.01.23 10:00:00,147.711,147.925,147.711,147.839,27895.51
2024.01.23 11:00:00,147.838,148.155,147.759,148.025,26285.8
2024.01.23 12:00:00,148.027,148.14,147.874,147.985,23663.53
2024.01.23 13:00:00,147.988,148.07,147.878,148.051,27578.12
2024.01.23 14:00:00,148.053,148.372,148.049,148.333,35958.6
2024.01.23 15:00:00,148.333,148.541,148.222,148.48,32759.22
2024.01.23 16:00:00,148.483,148.593,148.358,148.551,16065.85
2024.01.23 17:00:00,148.552,148.694,148.509,148.595,12965.56
2024.01.23 18:00:00,148.595,148.619,148.445,148.521,13119.38
2024.01.23 19:00:00,148.521,148.565,148.295,148.378,14589.59
2024.01.23 20:00:00,148.376,148.411,148.331,148.354,7031.89
2024.01.23 21:00:00,148.354,148.395,148.293,148.293,4936.7
2024.01.23 22:00:00,148.303,148.378,148.274,148.374,2028.78
2024.01.23 23:00:00,148.377,148.391,148.209,148.248,4810.59
2024.01.24 00:00:00,148.235,148.26,148.044,148.109,21176.99
2024.01.24 01:00:00,148.112,148.178,147.974,148.017,22411.91
2024.01.24 02:00:00,148.018,148.253,148.011,148.103,14316.94
2024.01.24 03:00:00,148.102,148.144,147.75,147.802,14284.13
2024.01.24 04:00:00,147.802,147.922,147.767,147.88,10129.73
2024.01.24 05:00:00,147.881,148.012,147.812,147.873,9779.92
2024.01.24 06:00:00,147.873,147.956,147.823,147.865,11012.1
2024.01.24 07:00:00,147.864,147.91,147.7,147.793,18070.73
2024.01.24 08:00:00,147.793,147.793,147.449,147.563,19993.95
2024.01.24 09:00:00,147.565,147.624,147.376,147.53,28514.55
2024.01.24 10:00:00,147.53,147.624,147.465,147.484,19556.69
2024.01.24 11:00:00,147.48,147.594,147.44,147.515,15470.66
2024.01.24 12:00:00,147.514,147.519,147.205,147.296,23316.77
2024.01.24 13:00:00,147.294,147.302,146.719,146.762,52904.3
2024.01.24 14:00:00,146.767,147.278,146.648,147.072,46625.14
2024.01.24 15:00:00,147.073,147.217,146.755,146.942,45423.25
2024.01.24 16:00:00,146.942,147.432,146.883,147.308,37865.11
2024.01.24 17:00:00,147.309,147.323,147.121,147.188,19618.48
2024.01.24 18:00:00,147.19,147.492,147.157,147.477,20474.6
2024.01.24 19:00:00,147.478,147.594,147.454,147.562,12285.28
2024.01.24 20:00:00,147.561,147.624,147.509,147.609,7973.86
2024.01.24 21:00:00,147.612,147.638,147.479,147.494,5308.92
2024.01.24 22:00:00,147.493,147.496,147.385,147.434,2893.99
2024.01.24 23:00:00,147.443,147.622,147.431,147.586,6172.12
2024.01.25 00:00:00,147.585,147.763,147.543,147.727,22478.37
2024.01.25 01:00:00,147.726,147.851,147.612,147.664,20679.22
2024.01.25 02:00:00,147.662,147.766,147.595,147.709,18464.67
2024.01.25 03:00:00,147.71,147.718,147.564,147.651,13707.8
2024.01.25 04:00:00,147.649,147.78,147.584,147.771,12427.64
2024.01.25 05:00:00,147.77,147.857,147.709,147.798,14407.28
2024.01.25 06:00:00,147.798,147.879,147.671,147.722,17171.25
2024.01.25 07:00:00,147.723,147.749,147.534,147.669,27132.45
2024.01.25 08:00:00,147.67,147.842,147.647,147.655,27743.83
2024.01.25 09:00:00,147.653,147.692,147.577,147.639,21084
2024.01.25 10:00:00,147.64,147.657,147.515,147.594,22403.27
2024.01.25 11:00:00,147.593,147.66,147.475,147.514,18605.92
2024.01.25 12:00:00,147.512,147.762,147.497,147.743,19630
2024.01.25 13:00:00,147.746,147.936,147.286,147.374,53446.9
2024.01.25 14:00:00,147.373,147.424,147.081,147.311,58194.54
2024.01.25 15:00:00,147.313,147.624,147.223,147.579,55090.8
2024.01.25 16:00:00,147.578,147.763,147.506,147.7,31819.94
2024.01.25 17:00:00,147.7,147.899,147.633,147.828,26508.27
2024.01.25 18:00:00,147.827,147.875,147.693,147.839,22057.62
2024.01.25 19:00:00,147.842,147.875,147.771,147.838,14985.17
2024.01.25 20:00:00,147.837,147.847,147.695,147.722,15449.08
2024.01.25 21:00:00,147.72,147.744,147.65,147.653,6361.99
2024.01.25 22:00:00,147.648,147.67,147.521,147.635,985.55
2024.01.25 23:00:00,147.635,147.741,147.498,147.721,7520.37
2024.01.26 00:00:00,147.721,147.849,147.533,147.567,21039.11
2024.01.26 01:00:00,147.567,147.672,147.478,147.547,17835.97
2024.01.26 02:00:00,147.545,147.647,147.507,147.643,18400.61
2024.01.26 03:00:00,147.641,147.712,147.547,147.663,11376.33
2024.01.26 04:00:00,147.664,147.802,147.647,147.79,13446.63
2024.01.26 05:00:00,147.791,147.822,147.691,147.73,13373.61
2024.01.26 06:00:00,147.731,147.864,147.729,147.758,17790.64
2024.01.26 07:00:00,147.759,147.882,147.732,147.771,29882.09
2024.01.26 08:00:00,147.77,147.857,147.732,147.805,21368.77
2024.01.26 09:00:00,147.805,148.088,147.79,147.833,19400.59
2024.01.26 10:00:00,147.832,147.832,147.632,147.656,15630.83
2024.01.26 11:00:00,147.655,147.764,147.596,147.715,18816.88
2024.01.26 12:00:00,147.716,147.827,147.642,147.766,21104.21
2024.01.26 13:00:00,147.77,147.913,147.393,147.648,53730.33
2024.01.26 14:00:00,147.651,147.946,147.635,147.872,42040.44
2024.01.26 15:00:00,147.876,148.165,147.876,148.077,42954.64
2024.01.26 16:00:00,148.076,148.109,147.897,147.944,26463.42
2024.01.26 17:00:00,147.947,148.029,147.883,147.99,17722.36
2024.01.26 18:00:00,147.99,148.209,147.962,148.14,13867.39
2024.01.26 19:00:00,148.135,148.165,148.051,148.098,13520.88
2024.01.26 20:00:00,148.098,148.109,148.047,148.076,7427.24
2024.01.26 21:00:00,148.076,148.159,148.052,148.149,5974.24
2024.01.28 22:00:00,148.087,148.116,148.052,148.072,893.4
2024.01.28 23:00:00,148.072,148.185,148.023,148.18,9146.87
2024.01.29 00:00:00,148.178,148.333,148.162,148.209,16070.88
2024.01.29 01:00:00,148.209,148.209,148.025,148.13,14987.36
2024.01.29 02:00:00,148.129,148.249,148.118,148.12,11853.72
2024.01.29 03:00:00,148.119,148.184,148.09,148.136,9089.33
2024.01.29 04:00:00,148.135,148.136,147.992,148.064,9127.04
2024.01.29 05:00:00,148.064,148.1,148.016,148.03,13656.69
2024.01.29 06:00:00,148.029,148.069,147.878,147.89,15115.56
2024.01.29 07:00:00,147.892,147.903,147.751,147.801,25466.69
2024.01.29 08:00:00,147.8,147.906,147.716,147.878,13891.38
2024.01.29 09:00:00,147.879,147.907,147.708,147.741,16413.52
2024.01.29 10:00:00,147.741,147.857,147.731,147.824,9081.76
2024.01.29 11:00:00,147.827,147.925,147.781,147.875,6903.96
2024.01.29 12:00:00,147.874,147.989,147.836,147.967,10073.38
2024.01.29 13:00:00,147.968,148.091,147.882,147.971,14774.18
2024.01.29 14:00:00,147.974,148.05,147.893,147.929,14929.98
2024.01.29 15:00:00,147.929,147.994,147.62,147.664,16415.05
2024.01.29 16:00:00,147.664,147.736,147.591,147.65,13465.52
2024.01.29 17:00:00,147.65,147.7,147.582,147.656,5551.34
2024.01.29 18:00:00,147.657,147.711,147.584,147.67,5057.4
2024.01.29 19:00:00,147.67,147.69,147.584,147.646,5785.26
2024.01.29 20:00:00,147.647,147.647,147.25,147.451,12638.63
2024.01.29 21:00:00,147.452,147.536,147.449,147.488,4387.15
2024.01.29 22:00:00,147.487,147.526,147.403,147.499,1631.76
2024.01.29 23:00:00,147.503,147.505,147.372,147.485,5764.91
2024.01.30 00:00:00,147.486,147.486,147.19,147.296,15532.44
2024.01.30 01:00:00,147.298,147.43,147.247,147.313,14955.44
2024.01.30 02:00:00,147.317,147.443,147.299,147.438,11700.18
2024.01.30 03:00:00,147.438,147.483,147.369,147.393,11596.09
2024.01.30 04:00:00,147.392,147.401,147.306,147.361,12095.28
2024.01.30 05:00:00,147.362,147.399,147.298,147.384,12805.2
2024.01.30 06:00:00,147.385,147.406,147.275,147.395,12424.25
2024.01.30 07:00:00,147.398,147.405,147.158,147.223,26324
2024.01.30 08:00:00,147.224,147.55,147.224,147.427,39299.1
2024.01.30 09:00:00,147.427,147.503,147.298,147.388,22344.29
2024.01.30 10:00:00,147.387,147.393,147.207,147.261,19131.92
2024.01.30 11:00:00,147.264,147.392,147.244,147.381,16338.11
2024.01.30 12:00:00,147.381,147.475,147.34,147.442,18031.18
2024.01.30 13:00:00,147.44,147.576,147.429,147.517,29363.01
2024.01.30 14:00:00,147.515,147.517,147.096,147.184,32098.55
2024.01.30 15:00:00,147.202,147.89,147.123,147.846,44250.31
2024.01.30 16:00:00,147.847,147.926,147.697,147.716,31856.29
2024.01.30 17:00:00,147.715,147.82,147.66,147.805,17879.48
2024.01.30 18:00:00,147.807,147.865,147.736,147.763,11877.05
2024.01.30 19:00:00,147.765,147.766,147.58,147.602,10297.26
2024.01.30 20:00:00,147.602,147.665,147.596,147.612,12612.53
2024.01.30 21:00:00,147.611,147.628,147.566,147.593,3938.69
2024.01.30 22:00:00,147.592,147.618,147.531,147.604,1007.02
2024.01.30 23:00:00,147.604,147.607,147.332,147.332,5950.36
2024.01.31 00:00:00,147.333,147.515,147.186,147.502,13948.43
2024.01.31 01:00:00,147.502,147.602,147.388,147.546,13620.75
2024.01.31 02:00:00,147.546,147.718,147.546,147.678,9851
2024.01.31 03:00:00,147.679,147.746,147.617,147.728,8003.76
2024.01.31 04:00:00,147.731,147.816,147.577,147.609,14717.96
2024.01.31 05:00:00,147.61,147.746,147.58,147.718,16871.19
2024.01.31 06:00:00,147.717,147.882,147.71,147.879,19307.61
2024.01.31 07:00:00,147.884,147.898,147.605,147.655,24224.35
2024.01.31 08:00:00,147.656,147.657,147.414,147.452,31514.95
2024.01.31 09:00:00,147.453,147.807,147.403,147.768,27751.5
2024.01.31 10:00:00,147.768,147.846,147.707,147.826,26815.36
2024.01.31 11:00:00,147.824,147.882,147.736,147.843,24310.43
2024.01.31 12:00:00,147.842,147.882,147.728,147.795,21730.27
2024.01.31 13:00:00,147.797,147.87,147.457,147.499,51007.47
2024.01.31 14:00:00,147.5,147.565,146.468,146.639,37088.25
2024.01.31 15:00:00,146.638,146.773,146.135,146.178,50057.16
2024.01.31 16:00:00,146.179,146.409,146.067,146.262,26823.66
2024.01.31 17:00:00,146.262,146.423,146.245,146.354,11745.63
2024.01.31 18:00:00,146.356,146.509,146.35,146.399,9609.69
2024.01.31 19:00:00,146.398,146.872,146.007,146.375,44087.67
2024.01.31 20:00:00,146.382,147.444,146.302,147.156,33188.34
2024.01.31 21:00:00,147.156,147.217,146.846,146.848,12606.8
2024.01.31 22:00:00,146.858,146.936,146.855,146.864,3651.63
2024.01.31 23:00:00,146.864,147.044,146.761,147.006,9535.29
2024.02.01 00:00:00,147.005,147.08,146.61,146.754,15579.79
2024.02.01 01:00:00,146.754,146.936,146.641,146.774,15068.51
2024.02.01 02:00:00,146.776,146.781,146.473,146.574,15717.98
2024.02.01 03:00:00,146.578,146.731,146.545,146.704,8715.44
2024.02.01 04:00:00,146.704,146.817,146.617,146.791,8710.72
2024.02.01 05:00:00,146.791,146.885,146.75,146.862,10479.83
2024.02.01 06:00:00,146.861,146.943,146.812,146.885,11128.99
2024.02.01 07:00:00,146.885,147.049,146.715,146.802,16519.18
2024.02.01 08:00:00,146.804,146.859,146.586,146.611,17755.39
2024.02.01 09:00:00,146.61,146.91,146.591,146.792,15672.83
2024.02.01 10:00:00,146.793,146.894,146.725,146.84,12403.59
2024.02.01 11:00:00,146.84,146.874,146.73,146.842,21103.65
2024.02.01 12:00:00,146.841,147.114,146.84,146.964,38396.48
2024.02.01 13:00:00,146.964,147.052,146.458,146.658,41097.2
2024.02.01 14:00:00,146.661,146.667,146.328,146.378,45965.3
2024.02.01 15:00:00,146.377,146.815,146.247,146.312,73224.7
2024.02.01 16:00:00,146.311,146.312,145.896,146.185,53045.11
2024.02.01 17:00:00,146.184,146.412,146.142,146.356,37626.22
2024.02.01 18:00:00,146.356,146.481,146.272,146.367,31109.35
2024.02.01 19:00:00,146.367,146.369,146.192,146.27,21334.35
2024.02.01 20:00:00,146.269,146.348,146.258,146.325,20441.42
2024.02.01 21:00:00,146.325,146.448,146.324,146.407,7172.65
2024.02.01 22:00:00,146.407,146.48,146.254,146.457,2888.53
2024.02.01 23:00:00,146.459,146.511,146.363,146.459,6852.57
2024.02.02 00:00:00,146.46,146.494,146.275,146.385,15404.03
2024.02.02 01:00:00,146.386,146.458,146.24,146.356,18196.32
2024.02.02 02:00:00,146.355,146.458,146.305,146.337,12043.84
2024.02.02 03:00:00,146.339,146.409,146.323,146.377,11947.04
2024.02.02 04:00:00,146.379,146.477,146.318,146.419,10649.22
2024.02.02 05:00:00,146.419,146.515,146.385,146.43,16328.85
2024.02.02 06:00:00,146.428,146.526,146.354,146.48,20194.82
2024.02.02 07:00:00,146.481,146.636,146.475,146.622,31632.77
2024.02.02 08:00:00,146.625,146.749,146.546,146.735,26507.35
2024.02.02 09:00:00,146.735,146.798,146.671,146.694,24779.46
2024.02.02 10:00:00,146.694,146.726,146.604,146.61,18652.79
2024.02.02 11:00:00,146.61,146.612,146.459,146.531,17519.54
2024.02.02 12:00:00,146.53,146.625,146.508,146.579,19821.5
2024.02.02 13:00:00,146.582,147.987,146.555,147.964,59312.75
2024.02.02 14:00:00,147.967,148.053,147.682,147.862,61417.26
2024.02.02 15:00:00,147.886,148.342,147.827,148.277,54507.17
2024.02.02 16:00:00,148.278,148.583,148.194,148.54,43400.64
2024.02.02 17:00:00,148.539,148.57,148.409,148.525,24647.73
2024.02.02 18:00:00,148.525,148.566,148.24,148.306,23377.85
2024.02.02 19:00:00,148.308,148.354,148.23,148.327,18586.32
2024.02.02 20:00:00,148.328,148.351,148.245,148.308,12240.87
2024.02.02 21:00:00,148.307,148.404,148.273,148.308,7517.5
2024.02.04 22:00:00,148.381,148.48,148.33,148.455,1172.5
2024.02.04 23:00:00,148.471,148.673,148.438,148.512,8435.23
2024.02.05 00:00:00,148.512,148.82,148.388,148.692,35749.81
2024.02.05 01:00:00,148.692,148.693,148.367,148.374,19294.95
2024.02.05 02:00:00,148.374,148.544,148.351,148.52,17312.27
2024.02.05 03:00:00,148.52,148.553,148.356,148.4,14899.71
2024.02.05 04:00:00,148.399,148.442,148.314,148.433,12369.91
2024.02.05 05:00:00,148.432,148.502,148.33,148.333,21338.6
2024.02.05 06:00:00,148.333,148.404,148.266,148.321,18685.63
2024.02.05 07:00:00,148.321,148.487,148.269,148.477,32562.4
2024.02.05 08:00:00,148.478,148.605,148.405,148.495,25694.93
2024.02.05 09:00:00,148.496,148.553,148.365,148.501,23689.13
2024.02.05 10:00:00,148.501,148.56,148.418,148.431,22605.05
2024.02.05 11:00:00,148.43,148.456,148.307,148.435,19733.17
2024.02.05 12:00:00,148.434,148.627,148.429,148.626,20966.91
2024.02.05 13:00:00,148.628,148.678,148.469,148.567,35039.91
2024.02.05 14:00:00,148.561,148.561,148.394,148.401,34442.82
2024.02.05 15:00:00,148.409,148.875,148.399,148.874,61212.11
2024.02.05 16:00:00,148.874,148.892,148.717,148.798,29231.05
2024.02.05 17:00:00,148.798,148.806,148.574,148.621,21034.8
2024.02.05 18:00:00,148.62,148.621,148.503,148.534,16171.88
2024.02.05 19:00:00,148.533,148.707,148.507,148.698,15337.77
2024.02.05 20:00:00,148.699,148.765,148.632,148.642,16948.35
2024.02.05 21:00:00,148.642,148.714,148.642,148.667,4351.15
2024.02.05 22:00:00,148.667,148.745,148.629,148.671,1471.34
2024.02.05 23:00:00,148.671,148.679,148.597,148.664,5401.17
2024.02.06 00:00:00,148.663,148.664,148.54,148.591,14503.94
2024.02.06 01:00:00,148.591,148.601,148.464,148.519,14257.65
2024.02.06 02:00:00,148.52,148.588,148.505,148.576,13405.72
2024.02.06 03:00:00,148.576,148.671,148.536,148.629,16373.17
2024.02.06 04:00:00,148.628,148.63,148.429,148.466,14363.43
2024.02.06 05:00:00,148.468,148.507,148.379,148.436,15463.19
2024.02.06 06:00:00,148.436,148.472,148.358,148.443,19862.24
2024.02.06 07:00:00,148.443,148.557,148.39,148.513,30152.1
2024.02.06 08:00:00,148.514,148.666,148.491,148.652,29021.33
2024.02.06 09:00:00,148.651,148.703,148.537,148.682,26020.24
2024.02.06 10:00:00,148.681,148.768,148.634,148.768,24293.35
2024.02.06 11:00:00,148.769,148.787,148.649,148.679,21421.95
2024.02.06 12:00:00,148.679,148.784,148.586,148.591,25593.59
2024.02.06 13:00:00,148.592,148.649,148.457,148.618,39604.81
2024.02.06 14:00:00,148.619,148.624,148.394,148.412,40186.6
2024.02.06 15:00:00,148.412,148.506,147.997,148.093,48423.8
2024.02.06 16:00:00,148.095,148.187,147.972,148.025,17092.43
2024.02.06 17:00:00,148.026,148.085,147.846,147.918,21853.28
2024.02.06 18:00:00,147.917,148.036,147.815,147.866,33307.69
2024.02.06 19:00:00,147.866,147.998,147.844,147.962,25388.13
2024.02.06 20:00:00,147.964,147.964,147.827,147.847,16782.19
2024.02.06 21:00:00,147.847,147.952,147.844,147.934,4528.44
2024.02.06 22:00:00,147.934,147.941,147.864,147.876,1458.47
2024.02.06 23:00:00,147.88,147.891,147.74,147.818,6415.72
2024.02.07 00:00:00,147.82,147.944,147.818,147.85,11176.97
2024.02.07 01:00:00,147.85,147.862,147.709,147.802,8911.6
2024.02.07 02:00:00,147.804,147.988,147.804,147.903,8657.53
2024.02.07 03:00:00,147.903,147.912,147.819,147.898,6615.48
2024.02.07 04:00:00,147.899,147.973,147.874,147.971,5959.96
2024.02.07 05:00:00,147.972,147.996,147.911,147.949,11003.38
2024.02.07 06:00:00,147.949,148.06,147.909,148.026,10797.21
2024.02.07 07:00:00,148.028,148.028,147.749,147.821,18465.04
2024.02.07 08:00:00,147.819,148.093,147.81,148.069,19724.36
2024.02.07 09:00:00,148.07,148.076,147.889,147.917,20568.75
2024.02.07 10:00:00,147.918,148.155,147.902,148.124,21734.08
2024.02.07 11:00:00,148.124,148.134,147.956,148.084,21318.3
2024.02.07 12:00:00,148.082,148.256,148.082,148.207,23949.17
2024.02.07 13:00:00,148.206,148.257,148.075,148.18,30432.05
2024.02.07 14:00:00,148.183,148.226,147.618,147.783,44156.05
2024.02.07 15:00:00,147.783,148.147,147.766,147.942,53710.21
2024.02.07 16:00:00,147.942,148.069,147.873,148.037,31782.62
2024.02.07 17:00:00,148.038,148.165,148.03,148.135,12682.58
2024.02.07 18:00:00,148.135,148.188,147.987,148.136,13381.06
2024.02.07 19:00:00,148.134,148.188,148.103,148.132,9608.2
2024.02.07 20:00:00,148.134,148.195,148.103,148.173,7333.96
2024.02.07 21:00:00,148.173,148.194,148.145,148.171,6312.68
2024.02.07 22:00:00,148.171,148.171,148.026,148.05,1628.24
2024.02.07 23:00:00,148.049,148.093,147.994,148.085,5927.09
2024.02.08 00:00:00,148.086,148.094,147.943,148.054,18345.28
2024.02.08 01:00:00,148.054,148.363,147.93,148.29,29315.3
2024.02.08 02:00:00,148.29,148.402,148.261,148.353,29094.5
2024.02.08 03:00:00,148.352,148.361,148.284,148.351,18592.91
2024.02.08 04:00:00,148.352,148.495,148.328,148.483,18323.31
2024.02.08 05:00:00,148.484,148.661,148.461,148.582,23170.1
2024.02.08 06:00:00,148.581,148.737,148.575,148.724,21768.35
2024.02.08 07:00:00,148.727,148.807,148.679,148.732,31131.75
2024.02.08 08:00:00,148.732,148.848,148.687,148.756,32890.2
2024.02.08 09:00:00,148.755,148.777,148.647,148.756,25866.98
2024.02.08 10:00:00,148.754,149.144,148.738,149.1,31536.84
2024.02.08 11:00:00,149.1,149.25,148.995,149.159,26860.26
2024.02.08 12:00:00,149.161,149.375,149.114,149.253,31604.43
2024.02.08 13:00:00,149.253,149.464,149.085,149.388,39221.55
2024.02.08 14:00:00,149.388,149.416,149.19,149.26,19886.14
2024.02.08 15:00:00,149.258,149.477,149.225,149.431,35449.83
2024.02.08 16:00:00,149.431,149.454,149.24,149.244,27184.69
2024.02.08 17:00:00,149.244,149.375,149.24,149.372,20932.71
2024.02.08 18:00:00,149.373,149.376,149.122,149.337,26241.96
2024.02.08 19:00:00,149.338,149.407,149.294,149.387,21341.16
2024.02.08 20:00:00,149.386,149.394,149.3,149.301,23574.68
2024.02.08 21:00:00,149.301,149.34,149.267,149.307,4515.55
2024.02.08 22:00:00,149.298,149.312,149.252,149.272,2876.92
2024.02.08 23:00:00,149.276,149.309,149.251,149.261,4519.11
2024.02.09 00:00:00,149.262,149.412,149.234,149.383,19451.46
2024.02.09 01:00:00,149.384,149.385,149.242,149.281,16515.63
2024.02.09 02:00:00,149.284,149.331,149.248,149.3,14051.45
2024.02.09 03:00:00,149.301,149.488,149.297,149.435,13992.64
2024.02.09 04:00:00,149.433,149.464,149.365,149.416,10240.69
2024.02.09 05:00:00,149.417,149.431,149.338,149.397,9661.13
2024.02.09 06:00:00,149.4,149.428,149.33,149.332,11960.95
2024.02.09 07:00:00,149.331,149.416,149.213,149.396,26272.52
2024.02.09 08:00:00,149.397,149.575,149.366,149.41,37387.84
2024.02.09 09:00:00,149.41,149.444,149.259,149.42,25493.98
2024.02.09 10:00:00,149.422,149.443,149.316,149.374,22495.48
2024.02.09 11:00:00,149.37,149.461,149.346,149.397,19360.16
2024.02.09 12:00:00,149.401,149.535,149.392,149.478,25862.72
2024.02.09 13:00:00,149.478,149.527,149.005,149.386,34405.72
2024.02.09 14:00:00,149.388,149.445,149.17,149.348,28007.25
2024.02.09 15:00:00,149.349,149.412,149.221,149.322,25188.92
2024.02.09 16:00:00,149.323,149.415,149.273,149.382,21564.38
2024.02.09 17:00:00,149.383,149.398,149.338,149.348,19801.33
2024.02.09 18:00:00,149.347,149.369,149.302,149.359,15429.88
2024.02.09 19:00:00,149.36,149.371,149.307,149.353,12460.63
2024.02.09 20:00:00,149.353,149.364,149.263,149.279,10646.68
2024.02.09 21:00:00,149.28,149.29,149.244,149.256,8310.59
2024.02.11 22:00:00,149.213,149.314,149.208,149.256,414.6
2024.02.11 23:00:00,149.255,149.283,149.078,149.179,9740.68
2024.02.12 00:00:00,149.179,149.196,149.107,149.135,15125.16
2024.02.12 01:00:00,149.134,149.211,149.126,149.18,15413.6
2024.02.12 02:00:00,149.181,149.187,149.125,149.177,10543.72
2024.02.12 03:00:00,149.18,149.25,149.141,149.248,13181.65
2024.02.12 04:00:00,149.249,149.251,149.204,149.222,17186.16
2024.02.12 05:00:00,149.223,149.23,149.172,149.208,16202.6
2024.02.12 06:00:00,149.208,149.23,149.17,149.204,14589.54
2024.02.12 07:00:00,149.203,149.22,149.044,149.094,27482.92
2024.02.12 08:00:00,149.095,149.153,148.987,149.144,38679.61
2024.02.12 09:00:00,149.145,149.194,149.08,149.127,17665.88
2024.02.12 10:00:00,149.127,149.158,149.036,149.05,16038.25
2024.02.12 11:00:00,149.05,149.09,148.995,149.022,15366.15
2024.02.12 12:00:00,149.022,149.053,148.926,148.976,20830.3
2024.02.12 13:00:00,148.976,149.212,148.926,149.203,24952.02
2024.02.12 14:00:00,149.203,149.341,149.156,149.313,26223.64
2024.02.12 15:00:00,149.316,149.476,149.29,149.459,26403.35
2024.02.12 16:00:00,149.46,149.478,149.346,149.374,24692.45
2024.02.12 17:00:00,149.375,149.383,149.25,149.254,13105.81
2024.02.12 18:00:00,149.256,149.347,149.241,149.267,13605.45
2024.02.12 19:00:00,149.268,149.436,149.238,149.411,17015.29
2024.02.12 20:00:00,149.412,149.412,149.309,149.333,15309.7
2024.02.12 21:00:00,149.333,149.361,149.302,149.332,3559.05
2024.02.12 22:00:00,149.332,149.344,149.291,149.317,1648.35
2024.02.12 23:00:00,149.317,149.412,149.263,149.404,4484.5
2024.02.13 00:00:00,149.404,149.425,149.297,149.305,17721.67
2024.02.13 01:00:00,149.305,149.39,149.28,149.365,13336.31
2024.02.13 02:00:00,149.365,149.484,149.357,149.464,11707.8
2024.02.13 03:00:00,149.464,149.529,149.451,149.529,15352.93
2024.02.13 04:00:00,149.53,149.577,149.496,149.552,14633.65
2024.02.13 05:00:00,149.553,149.563,149.494,149.55,11360.7
2024.02.13 06:00:00,149.55,149.557,149.445,149.471,14256.57
2024.02.13 07:00:00,149.471,149.651,149.459,149.588,31380.56
2024.02.13 08:00:00,149.588,149.692,149.551,149.613,25129.77
2024.02.13 09:00:00,149.613,149.683,149.552,149.575,20680.53
2024.02.13 10:00:00,149.575,149.575,149.478,149.522,18778.53
2024.02.13 11:00:00,149.521,149.528,149.374,149.374,14133.05
2024.02.13 12:00:00,149.376,149.407,149.319,149.342,14452.62
2024.02.13 13:00:00,149.343,150.485,149.224,150.433,40993.9
2024.02.13 14:00:00,150.433,150.583,150.301,150.546,29445.69
2024.02.13 15:00:00,150.542,150.607,150.387,150.592,28829.99
2024.02.13 16:00:00,150.594,150.757,150.512,150.721,23632.61
2024.02.13 17:00:00,150.721,150.805,150.696,150.78,15558.15
2024.02.13 18:00:00,150.78,150.806,150.719,150.778,14322.9
2024.02.13 19:00:00,150.779,150.883,150.776,150.869,18262
2024.02.13 20:00:00,150.87,150.875,150.72,150.781,15928.35
2024.02.13 21:00:00,150.781,150.821,150.767,150.779,7060.55
2024.02.13 22:00:00,150.764,150.782,150.562,150.628,2282.28
2024.02.13 23:00:00,150.635,150.759,150.581,150.723,6374.64
2024.02.14 00:00:00,150.722,150.775,150.593,150.651,16508.55
2024.02.14 01:00:00,150.65,150.698,150.523,150.54,18213.86
2024.02.14 02:00:00,150.541,150.643,150.509,150.624,11780.42
2024.02.14 03:00:00,150.626,150.631,150.496,150.515,9670.78
2024.02.14 04:00:00,150.517,150.528,150.416,150.441,9875.05
2024.02.14 05:00:00,150.44,150.534,150.435,150.517,9755.43
2024.02.14 06:00:00,150.516,150.553,150.449,150.481,11285.28
2024.02.14 07:00:00,150.485,150.533,150.343,150.451,21690.74
2024.02.14 08:00:00,150.45,150.567,150.396,150.546,15042.75
2024.02.14 09:00:00,150.545,150.642,150.517,150.642,14620.05
2024.02.14 10:00:00,150.641,150.682,150.582,150.588,10756.44
2024.02.14 11:00:00,150.587,150.655,150.554,150.576,12470.91
2024.02.14 12:00:00,150.576,150.668,150.559,150.602,14535.01
2024.02.14 13:00:00,150.602,150.737,150.5,150.713,19315.82
2024.02.14 14:00:00,150.714,150.728,150.49,150.682,19765.52
2024.02.14 15:00:00,150.682,150.75,150.569,150.617,20789.55
2024.02.14 16:00:00,150.617,150.62,150.476,150.498,19601.56
2024.02.14 17:00:00,150.5,150.594,150.371,150.431,17367.87
2024.02.14 18:00:00,150.433,150.513,150.35,150.479,10714.1
2024.02.14 19:00:00,150.479,150.569,150.453,150.559,7938.91
2024.02.14 20:00:00,150.56,150.585,150.486,150.582,8378.85
2024.02.14 21:00:00,150.584,150.624,150.534,150.534,5641.93
2024.02.14 22:00:00,150.535,150.535,150.461,150.482,1312.44
2024.02.14 23:00:00,150.498,150.566,150.419,150.556,5449.4
2024.02.15 00:00:00,150.555,150.555,150.264,150.28,13732.19
2024.02.15 01:00:00,150.279,150.311,150.139,150.198,14027.98
2024.02.15 02:00:00,150.198,150.281,150.181,150.258,13499.01
2024.02.15 03:00:00,150.256,150.294,150.221,150.269,11723.96
2024.02.15 04:00:00,150.269,150.272,150.117,150.143,11225.26
2024.02.15 05:00:00,150.144,150.192,150.078,150.18,11203.59
2024.02.15 06:00:00,150.182,150.202,150.075,150.092,12687.85
2024.02.15 07:00:00,150.091,150.218,150.053,150.202,13862.87
2024.02.15 08:00:00,150.203,150.217,150.01,150.031,14008.25
2024.02.15 09:00:00,150.031,150.106,149.921,150.025,10689.92
2024.02.15 10:00:00,150.025,150.097,149.987,150.045,9405.03
2024.02.15 11:00:00,150.045,150.076,149.989,150.072,9641.95
2024.02.15 12:00:00,150.073,150.093,150.009,150.057,9703.76
2024.02.15 13:00:00,150.058,150.095,149.523,149.825,31932.73
2024.02.15 14:00:00,149.828,150.065,149.81,149.898,39515.05
2024.02.15 15:00:00,149.897,150.134,149.808,150.05,30482.57
2024.02.15 16:00:00,150.052,150.245,150.045,150.195,27732.4
2024.02.15 17:00:00,150.195,150.196,150.066,150.09,11164.89
2024.02.15 18:00:00,150.09,150.09,149.907,149.921,13613.63
2024.02.15 19:00:00,149.924,149.98,149.853,149.954,12348.84
2024.02.15 20:00:00,149.954,150.006,149.93,149.95,10311.29
2024.02.15 21:00:00,149.95,149.993,149.904,149.904,3829.58
2024.02.15 22:00:00,149.904,149.924,149.862,149.885,1086.69
2024.02.15 23:00:00,149.896,149.966,149.823,149.959,6509.14
2024.02.16 00:00:00,149.958,150.167,149.923,150.155,26906.89
2024.02.16 01:00:00,150.155,150.238,150.049,150.058,26069.73
2024.02.16 02:00:00,150.056,150.283,150.056,150.28,21097.47
2024.02.16 03:00:00,150.278,150.365,150.227,150.31,17526.39
2024.02.16 04:00:00,150.311,150.348,150.238,150.251,16652.87
2024.02.16 05:00:00,150.252,150.292,150.172,150.176,15574.13
2024.02.16 06:00:00,150.176,150.289,150.173,150.189,13291.01
2024.02.16 07:00:00,150.189,150.27,150.138,150.233,25573.42
2024.02.16 08:00:00,150.234,150.301,150.201,150.242,27813.47
2024.02.16 09:00:00,150.241,150.295,150.199,150.286,21366.31
2024.02.16 10:00:00,150.286,150.306,150.249,150.255,16227.49
2024.02.16 11:00:00,150.254,150.265,150.141,150.179,16284.28
2024.02.16 12:00:00,150.178,150.294,150.163,150.289,19267.25
2024.02.16 13:00:00,150.289,150.645,150.283,150.518,44226.52
2024.02.16 14:00:00,150.517,150.636,150.444,150.472,32125.99
2024.02.16 15:00:00,150.472,150.5,150.111,150.24,31208.65
2024.02.16 16:00:00,150.24,150.364,150.207,150.343,17870.32
2024.02.16 17:00:00,150.343,150.394,150.222,150.224,16457.19
2024.02.16 18:00:00,150.223,150.246,150.113,150.142,12543.75
2024.02.16 19:00:00,150.142,150.231,150.084,150.231,7469.12
2024.02.16 20:00:00,150.23,150.286,150.207,150.243,8812.77
2024.02.16 21:00:00,150.242,150.242,150.163,150.181,5022.57
2024.02.18 22:00:00,150.078,150.195,150.062,150.105,1151.1
2024.02.18 23:00:00,150.109,150.148,150.032,150.148,6804.65
2024.02.19 00:00:00,150.147,150.147,149.919,149.935,12280.16
2024.02.19 01:00:00,149.938,150.002,149.871,149.973,16243.93
2024.02.19 02:00:00,149.975,150.004,149.926,149.942,10135.95
2024.02.19 03:00:00,149.943,149.98,149.91,149.933,7280.98
2024.02.19 04:00:00,149.934,150.039,149.93,150.025,7045.07
2024.02.19 05:00:00,150.026,150.026,149.945,150.007,8840.22
2024.02.19 06:00:00,150.006,150.029,149.956,149.978,7884.93
2024.02.19 07:00:00,149.979,150.002,149.934,149.975,11781.57
2024.02.19 08:00:00,149.975,150.003,149.927,149.955,11643.89
2024.02.19 09:00:00,149.954,149.963,149.89,149.937,13007.04
2024.02.19 10:00:00,149.938,149.997,149.927,149.987,9299.5
2024.02.19 11:00:00,149.988,149.998,149.944,149.985,9209.77
2024.02.19 12:00:00,149.986,150.026,149.948,150.025,8186.75
2024.02.19 13:00:00,150.026,150.031,149.936,149.965,14930.03
2024.02.19 14:00:00,149.965,150.067,149.952,150.043,12869.4
2024.02.19 15:00:00,150.044,150.161,150.044,150.159,14556.66
2024.02.19 16:00:00,150.161,150.191,150.155,150.17,6886.43
2024.02.19 17:00:00,150.172,150.19,150.15,150.188,3725.67
2024.02.19 18:00:00,150.188,150.188,150.15,150.151,1591.3
2024.02.19 19:00:00,150.151,150.166,150.129,150.135,2809.91
2024.02.19 20:00:00,150.136,150.15,150.128,150.136,1004.02
2024.02.19 21:00:00,150.137,150.147,150.092,150.092,750.07
2024.02.19 22:00:00,150.077,150.143,150.062,150.116,1508.89
2024.02.19 23:00:00,150.114,150.301,150.106,150.271,8873.79
2024.02.20 00:00:00,150.27,150.33,150.204,150.269,19089
2024.02.20 01:00:00,150.27,150.344,150.191,150.271,15828.14
2024.02.20 02:00:00,150.269,150.366,150.267,150.319,13168.74
2024.02.20 03:00:00,150.318,150.352,150.277,150.319,9165.52
2024.02.20 04:00:00,150.318,150.34,150.289,150.332,9633.41
2024.02.20 05:00:00,150.333,150.435,150.32,150.419,11068.34
2024.02.20 06:00:00,150.421,150.437,150.348,150.385,10209.51
2024.02.20 07:00:00,150.386,150.407,150.296,150.359,13896.77
2024.02.20 08:00:00,150.359,150.387,150.276,150.317,15958.16
2024.02.20 09:00:00,150.318,150.344,150.251,150.275,13004.1
2024.02.20 10:00:00,150.274,150.294,150.114,150.138,13738.74
2024.02.20 11:00:00,150.138,150.25,150.106,150.226,10968.45
2024.02.20 12:00:00,150.226,150.226,150.057,150.15,12217.65
2024.02.20 13:00:00,150.151,150.2,149.93,149.983,18984.61
2024.02.20 14:00:00,149.982,150.038,149.777,149.818,26251.13
2024.02.20 15:00:00,149.816,149.837,149.683,149.784,27556.29
2024.02.20 16:00:00,149.784,149.901,149.741,149.877,18288.64
2024.02.20 17:00:00,149.878,149.961,149.845,149.897,10843.01
2024.02.20 18:00:00,149.896,150.009,149.882,149.971,11172.67
2024.02.20 19:00:00,149.971,150.027,149.907,150.02,14386.17
2024.02.20 20:00:00,150.02,150.069,149.964,149.968,10234.93
2024.02.20 21:00:00,149.969,150.045,149.965,149.994,7066.04
2024.02.20 22:00:00,149.994,149.994,149.92,149.928,4040.11
2024.02.20 23:00:00,149.936,149.972,149.884,149.964,5878.13
2024.02.21 00:00:00,149.966,150.053,149.927,150.016,13635.87
2024.02.21 01:00:00,150.016,150.091,149.99,149.991,14459.73
2024.02.21 02:00:00,149.992,150,149.902,149.941,11182.39
2024.02.21 03:00:00,149.94,149.94,149.851,149.872,9208.54
2024.02.21 04:00:00,149.873,150.016,149.865,150.003,10456.21
2024.02.21 05:00:00,150.003,150.037,149.933,149.982,11988.56
2024.02.21 06:00:00,149.982,150.077,149.947,150.06,11388.34
2024.02.21 07:00:00,150.059,150.15,150.025,150.144,18160.71
2024.02.21 08:00:00,150.146,150.186,150.116,150.174,20774.46
2024.02.21 09:00:00,150.174,150.18,150.052,150.09,18545.75
2024.02.21 10:00:00,150.091,150.1,149.979,149.996,13707
2024.02.21 11:00:00,149.996,150.073,149.985,150.067,11781.74
2024.02.21 12:00:00,150.066,150.093,149.932,150.018,14866.33
2024.02.21 13:00:00,150.017,150.085,149.937,150.077,16876.03
2024.02.21 14:00:00,150.078,150.14,149.989,150.103,15882.68
2024.02.21 15:00:00,150.104,150.262,150.039,150.248,19319.3
2024.02.21 16:00:00,150.248,150.296,150.227,150.288,17512.72
2024.02.21 17:00:00,150.287,150.386,150.274,150.304,13271.35
2024.02.21 18:00:00,150.306,150.389,150.247,150.276,16570.03
2024.02.21 19:00:00,150.271,150.391,150.128,150.197,22244.78
2024.02.21 20:00:00,150.197,150.24,150.173,150.195,13933.96
2024.02.21 21:00:00,150.195,150.297,150.188,150.294,8939.91
2024.02.21 22:00:00,150.295,150.349,150.248,150.308,1735.86
2024.02.21 23:00:00,150.311,150.381,150.27,150.339,8484
2024.02.22 00:00:00,150.338,150.436,150.338,150.392,15304.58
2024.02.22 01:00:00,150.391,150.456,150.296,150.311,15985.65
2024.02.22 02:00:00,150.31,150.416,150.305,150.406,14057.48
2024.02.22 03:00:00,150.404,150.438,150.368,150.426,11492.89
2024.02.22 04:00:00,150.425,150.45,150.23,150.287,12449.13
2024.02.22 05:00:00,150.288,150.3,150.224,150.282,11603.12
2024.02.22 06:00:00,150.282,150.295,150.203,150.23,9285.17
2024.02.22 07:00:00,150.23,150.263,150.082,150.132,12828.8
2024.02.22 08:00:00,150.133,150.243,150.015,150.166,16242.06
2024.02.22 09:00:00,150.166,150.288,150.126,150.174,12748.81
2024.02.22 10:00:00,150.177,150.201,150.117,150.162,8687.79
2024.02.22 11:00:00,150.159,150.254,150.147,150.218,5684.84
2024.02.22 12:00:00,150.218,150.412,150.206,150.407,8287.3
2024.02.22 13:00:00,150.406,150.595,150.371,150.566,18445.31
2024.02.22 14:00:00,150.565,150.643,150.403,150.424,22072.43
2024.02.22 15:00:00,150.426,150.595,150.421,150.504,17664.44
2024.02.22 16:00:00,150.503,150.639,150.476,150.627,15741.19
2024.02.22 17:00:00,150.625,150.688,150.55,150.606,14986.48
2024.02.22 18:00:00,150.607,150.651,150.48,150.539,15080.16
2024.02.22 19:00:00,150.539,150.581,150.497,150.551,15560.06
2024.02.22 20:00:00,150.551,150.569,150.494,150.501,10749.51
2024.02.22 21:00:00,150.502,150.562,150.501,150.519,6846.94
2024.02.22 22:00:00,150.517,150.544,150.463,150.512,731.06
2024.02.22 23:00:00,150.512,150.512,150.448,150.473,3141.14
2024.02.23 00:00:00,150.473,150.559,150.392,150.44,13006.03
2024.02.23 01:00:00,150.439,150.482,150.37,150.455,9547.62
2024.02.23 02:00:00,150.455,150.492,150.422,150.49,5593.4
2024.02.23 03:00:00,150.49,150.507,150.468,150.481,5161.29
2024.02.23 04:00:00,150.479,150.532,150.456,150.529,4496.74
2024.02.23 05:00:00,150.53,150.606,150.527,150.604,6472.96
2024.02.23 06:00:00,150.604,150.65,150.559,150.578,8045.69
2024.02.23 07:00:00,150.579,150.608,150.524,150.555,13472.72
2024.02.23 08:00:00,150.556,150.674,150.527,150.626,21383.93
2024.02.23 09:00:00,150.626,150.76,150.626,150.746,12448.22
2024.02.23 10:00:00,150.747,150.767,150.697,150.728,11773.86
2024.02.23 11:00:00,150.729,150.744,150.65,150.653,15843.72
2024.02.23 12:00:00,150.654,150.654,150.398,150.417,17630.61
2024.02.23 13:00:00,150.418,150.491,150.331,150.475,16978
2024.02.23 14:00:00,150.477,150.497,150.32,150.355,19390.88
2024.02.23 15:00:00,150.356,150.555,150.347,150.528,17633.55
2024.02.23 16:00:00,150.528,150.537,150.292,150.358,11009.88
2024.02.23 17:00:00,150.358,150.423,150.315,150.409,12446.36
2024.02.23 18:00:00,150.408,150.417,150.343,150.373,7582.08
2024.02.23 19:00:00,150.373,150.461,150.351,150.457,7761.5
2024.02.23 20:00:00,150.456,150.508,150.441,150.495,7775.5
2024.02.23 21:00:00,150.497,150.544,150.46,150.473,7073.93
2024.02.25 22:00:00,150.46,150.498,150.336,150.412,802.85
2024.02.25 23:00:00,150.418,150.562,150.41,150.5,8167.59
2024.02.26 00:00:00,150.501,150.501,150.297,150.365,10862.9
2024.02.26 01:00:00,150.366,150.429,150.292,150.422,8974.72
2024.02.26 02:00:00,150.422,150.491,150.422,150.49,7356.76
2024.02.26 03:00:00,150.49,150.495,150.455,150.475,5458.76
2024.02.26 04:00:00,150.476,150.518,150.437,150.5,7997.05
2024.02.26 05:00:00,150.5,150.504,150.365,150.433,9682.86
2024.02.26 06:00:00,150.433,150.489,150.38,150.418,10272.05
2024.02.26 07:00:00,150.416,150.454,150.363,150.454,13477.68
2024.02.26 08:00:00,150.452,150.591,150.402,150.584,14986.37
2024.02.26 09:00:00,150.585,150.67,150.575,150.637,12357.98
2024.02.26 10:00:00,150.637,150.657,150.592,150.631,9969.2
2024.02.26 11:00:00,150.63,150.696,150.593,150.686,9150.01
2024.02.26 12:00:00,150.686,150.688,150.523,150.607,16341.1
2024.02.26 13:00:00,150.608,150.651,150.529,150.645,24482.75
2024.02.26 14:00:00,150.645,150.743,150.623,150.707,19731.28
2024.02.26 15:00:00,150.705,150.807,150.667,150.749,13928.41
2024.02.26 16:00:00,150.748,150.817,150.735,150.793,14391.1
2024.02.26 17:00:00,150.792,150.837,150.72,150.769,9636.49
2024.02.26 18:00:00,150.768,150.815,150.757,150.779,8009.84
2024.02.26 19:00:00,150.779,150.794,150.729,150.763,12964.54
2024.02.26 20:00:00,150.763,150.763,150.671,150.679,12106.91
2024.02.26 21:00:00,150.679,150.722,150.678,150.689,4100.78
2024.02.26 22:00:00,150.684,150.702,150.622,150.642,1311.76
2024.02.26 23:00:00,150.654,150.703,150.503,150.572,5627.72
2024.02.27 00:00:00,150.57,150.609,150.525,150.567,7717.3
2024.02.27 01:00:00,150.567,150.575,150.489,150.507,6178.35
2024.02.27 02:00:00,150.507,150.517,150.462,150.497,6132.04
2024.02.27 03:00:00,150.496,150.5,150.423,150.423,3201.85
2024.02.27 04:00:00,150.422,150.468,150.407,150.455,3910.89
2024.02.27 05:00:00,150.454,150.526,150.404,150.517,5157.48
2024.02.27 06:00:00,150.517,150.537,150.46,150.487,4817.17
2024.02.27 07:00:00,150.488,150.502,150.322,150.353,8620.89
2024.02.27 08:00:00,150.354,150.359,150.116,150.171,13811.14
2024.02.27 09:00:00,150.171,150.266,150.141,150.266,9482.76
2024.02.27 10:00:00,150.265,150.294,150.226,150.273,6995.21
2024.02.27 11:00:00,150.272,150.375,150.255,150.312,9171.62
2024.02.27 12:00:00,150.312,150.313,150.165,150.224,10929.67
2024.02.27 13:00:00,150.225,150.314,150.073,150.271,18371.44
2024.02.27 14:00:00,150.272,150.443,150.262,150.373,12445.33
2024.02.27 15:00:00,150.374,150.547,150.253,150.436,19392.52
2024.02.27 16:00:00,150.436,150.49,150.371,150.463,14536.54
2024.02.27 17:00:00,150.465,150.535,150.404,150.422,7812.72
2024.02.27 18:00:00,150.42,150.478,150.298,150.462,14514.11
2024.02.27 19:00:00,150.461,150.581,150.455,150.53,9482.21
2024.02.27 20:00:00,150.53,150.535,150.457,150.496,7792.11
2024.02.27 21:00:00,150.494,150.532,150.479,150.503,3821.34
2024.02.27 22:00:00,150.495,150.502,150.462,150.468,951.23
2024.02.27 23:00:00,150.473,150.518,150.456,150.513,2948.29
2024.02.28 00:00:00,150.516,150.537,150.373,150.47,9893.42
2024.02.28 01:00:00,150.47,150.492,150.38,150.396,12796.8
2024.02.28 02:00:00,150.397,150.475,150.373,150.459,11441.66
2024.02.28 03:00:00,150.459,150.539,150.442,150.53,8478.98
2024.02.28 04:00:00,150.531,150.64,150.514,150.621,11224.11
2024.02.28 05:00:00,150.622,150.638,150.594,150.599,9865.59
2024.02.28 06:00:00,150.597,150.684,150.578,150.679,10194.13
2024.02.28 07:00:00,150.68,150.75,150.651,150.739,12622.8
2024.02.28 08:00:00,150.74,150.791,150.736,150.787,12734.31
2024.02.28 09:00:00,150.787,150.797,150.704,150.744,11908.77
2024.02.28 10:00:00,150.743,150.746,150.645,150.667,13286.68
2024.02.28 11:00:00,150.666,150.7,150.608,150.631,13169.97
2024.02.28 12:00:00,150.629,150.741,150.592,150.737,10318.48
2024.02.28 13:00:00,150.738,150.74,150.525,150.712,27929.92
2024.02.28 14:00:00,150.712,150.798,150.656,150.796,18152.99
2024.02.28 15:00:00,150.795,150.842,150.703,150.81,16399.09
2024.02.28 16:00:00,150.81,150.816,150.676,150.678,20610.58
2024.02.28 17:00:00,150.679,150.721,150.65,150.698,13243.11
2024.02.28 18:00:00,150.697,150.74,150.641,150.715,12927.6
2024.02.28 19:00:00,150.717,150.722,150.653,150.695,17069.97
2024.02.28 20:00:00,150.695,150.724,150.662,150.685,15898.13
2024.02.28 21:00:00,150.686,150.709,150.681,150.681,4840.19
2024.02.28 22:00:00,150.679,150.679,150.569,150.639,2058.06
2024.02.28 23:00:00,150.641,150.662,150.533,150.658,4214.93
2024.02.29 00:00:00,150.656,150.656,150.548,150.566,8463.79
2024.02.29 01:00:00,150.566,150.566,150.189,150.215,9097.21
2024.02.29 02:00:00,150.213,150.225,149.76,149.786,18601
2024.02.29 03:00:00,149.785,149.867,149.711,149.812,9190
2024.02.29 04:00:00,149.812,149.884,149.694,149.823,6907.56
2024.02.29 05:00:00,149.822,150.105,149.694,149.906,9971.67
2024.02.29 06:00:00,149.903,149.934,149.712,149.752,9209.4
2024.02.29 07:00:00,149.75,149.805,149.622,149.661,21067.36
2024.02.29 08:00:00,149.669,149.827,149.61,149.667,12176.02
2024.02.29 09:00:00,149.667,149.906,149.648,149.803,16017.32
2024.02.29 10:00:00,149.805,150.1,149.786,150.094,13491.16
2024.02.29 11:00:00,150.095,150.106,149.961,149.971,12930.74
2024.02.29 12:00:00,149.971,150.097,149.924,150.07,12990.49
2024.02.29 13:00:00,150.068,150.15,149.73,149.778,30014.53
2024.02.29 14:00:00,149.778,149.848,149.476,149.512,19464.1
2024.02.29 15:00:00,149.493,149.699,149.208,149.641,19768.71
2024.02.29 16:00:00,149.641,149.905,149.634,149.9,14754.41
2024.02.29 17:00:00,149.9,150.045,149.889,149.992,21143.8
2024.02.29 18:00:00,149.992,150.016,149.838,149.869,12031.08
2024.02.29 19:00:00,149.869,149.987,149.843,149.966,9297.77
2024.02.29 20:00:00,149.966,149.967,149.904,149.911,12702.61
2024.02.29 21:00:00,149.912,150.004,149.903,149.968,6033.42
2024.02.29 22:00:00,149.963,150.027,149.909,149.985,2536.45
2024.02.29 23:00:00,149.985,150.179,149.95,150.068,8881.06
2024.03.01 00:00:00,150.07,150.292,150.058,150.215,18633.76
2024.03.01 01:00:00,150.216,150.369,150.216,150.355,24158.55
2024.03.01 02:00:00,150.355,150.413,150.317,150.352,15340.72
2024.03.01 03:00:00,150.353,150.364,150.299,150.324,15649.28
2024.03.01 04:00:00,150.323,150.398,150.323,150.383,12921.44
2024.03.01 05:00:00,150.383,150.478,150.371,150.445,13839.13
2024.03.01 06:00:00,150.445,150.461,150.329,150.347,13951.86
2024.03.01 07:00:00,150.35,150.497,150.346,150.496,14283.96
2024.03.01 08:00:00,150.498,150.685,150.489,150.648,23701.91
2024.03.01 09:00:00,150.65,150.661,150.449,150.624,19219.97
2024.03.01 10:00:00,150.625,150.647,150.306,150.358,23240.32
2024.03.01 11:00:00,150.358,150.483,150.321,150.388,16947.57
2024.03.01 12:00:00,150.39,150.568,150.366,150.561,19392.22
2024.03.01 13:00:00,150.56,150.656,150.486,150.643,32182.35
2024.03.01 14:00:00,150.643,150.72,150.557,150.669,30058.03
2024.03.01 15:00:00,150.668,150.668,150.084,150.122,49730.82
2024.03.01 16:00:00,150.122,150.267,150.073,150.202,33911.16
2024.03.01 17:00:00,150.202,150.224,150.099,150.151,14822.82
2024.03.01 18:00:00,150.151,150.243,150.07,150.128,20815.22
2024.03.01 19:00:00,150.128,150.129,150.05,150.115,20324.42
2024.03.01 20:00:00,150.114,150.16,150.099,150.149,7114.97
2024.03.01 21:00:00,150.148,150.155,150.051,150.064,5870.81
2024.03.03 22:00:00,149.944,150.114,149.944,150.099,886.14
2024.03.03 23:00:00,150.104,150.153,150.048,150.13,5888.42
2024.03.04 00:00:00,150.129,150.144,149.837,149.982,14182.71
2024.03.04 01:00:00,149.98,150.208,149.974,150.127,10189.52
2024.03.04 02:00:00,150.126,150.186,150.098,150.175,6664.69
2024.03.04 03:00:00,150.171,150.193,150.11,150.16,9836.3
2024.03.04 04:00:00,150.159,150.265,150.139,150.253,7352.12
2024.03.04 05:00:00,150.253,150.32,150.22,150.302,8119.13
2024.03.04 06:00:00,150.302,150.386,150.268,150.358,4644.09
2024.03.04 07:00:00,150.357,150.399,150.296,150.308,14750.84
2024.03.04 08:00:00,150.307,150.382,150.173,150.374,15516.54
2024.03.04 09:00:00,150.376,150.396,150.188,150.245,13778.83
2024.03.04 10:00:00,150.244,150.465,150.244,150.417,7033.72
2024.03.04 11:00:00,150.416,150.464,150.386,150.423,18385.96
2024.03.04 12:00:00,150.422,150.444,150.342,150.443,9392.97
2024.03.04 13:00:00,150.442,150.568,150.434,150.458,19679.89
2024.03.04 14:00:00,150.458,150.55,150.31,150.332,20592.87
2024.03.04 15:00:00,150.333,150.501,150.326,150.485,15723.93
2024.03.04 16:00:00,150.485,150.523,150.431,150.452,18220.91
2024.03.04 17:00:00,150.449,150.542,150.431,150.522,14908.32
2024.03.04 18:00:00,150.521,150.557,150.486,150.552,4479.83
2024.03.04 19:00:00,150.553,150.563,150.494,150.55,10249.48
2024.03.04 20:00:00,150.551,150.557,150.484,150.518,9330.79
2024.03.04 21:00:00,150.517,150.537,150.499,150.518,3702.64
2024.03.04 22:00:00,150.518,150.531,150.418,150.431,5660.57
2024.03.04 23:00:00,150.441,150.543,150.38,150.453,4690.75
2024.03.05 00:00:00,150.457,150.486,150.351,150.396,15642.7
2024.03.05 01:00:00,150.399,150.484,150.384,150.463,9878.65
2024.03.05 02:00:00,150.463,150.537,150.451,150.495,8017.76
2024.03.05 03:00:00,150.494,150.509,150.442,150.5,4556.97
2024.03.05 04:00:00,150.499,150.537,150.481,150.529,11610.27
2024.03.05 05:00:00,150.528,150.545,150.459,150.497,12602.01
2024.03.05 06:00:00,150.496,150.543,150.46,150.479,8874.24
2024.03.05 07:00:00,150.481,150.502,150.347,150.419,12107.2
2024.03.05 08:00:00,150.419,150.485,150.343,150.447,15986.74
2024.03.05 09:00:00,150.447,150.462,150.37,150.415,13510.22
2024.03.05 10:00:00,150.414,150.429,150.387,150.408,9342.53
2024.03.05 11:00:00,150.408,150.44,150.363,150.417,14178.3
2024.03.05 12:00:00,150.416,150.439,150.373,150.393,11976.51
2024.03.05 13:00:00,150.393,150.393,150.062,150.087,33050.04
2024.03.05 14:00:00,150.087,150.181,149.997,150.122,31049.06
2024.03.05 15:00:00,150.119,150.119,149.701,149.983,40964.12
2024.03.05 16:00:00,149.982,150.226,149.964,150.148,25275.7
2024.03.05 17:00:00,150.147,150.172,150.052,150.092,16946.22
2024.03.05 18:00:00,150.093,150.113,149.974,149.977,12662.26
2024.03.05 19:00:00,149.977,150.051,149.924,149.934,18103.09
2024.03.05 20:00:00,149.933,149.954,149.838,149.917,16641.99
2024.03.05 21:00:00,149.916,150.079,149.906,150.036,4419.57
2024.03.05 22:00:00,150.033,150.055,150.001,150.015,1132.17
2024.03.05 23:00:00,150.016,150.051,149.815,150.049,5104.97
2024.03.06 00:00:00,150.05,150.084,149.896,149.993,8567.84
2024.03.06 01:00:00,149.993,150.042,149.957,150.03,5718.21
2024.03.06 02:00:00,150.031,150.031,149.891,149.903,4397.84
2024.03.06 03:00:00,149.903,149.995,149.903,149.979,2730.62
2024.03.06 04:00:00,149.976,150.021,149.933,149.939,5079.98
2024.03.06 05:00:00,149.938,149.939,149.807,149.913,5801.74
2024.03.06 06:00:00,149.912,149.936,149.826,149.844,4878.43
2024.03.06 07:00:00,149.844,149.844,149.324,149.534,19643.86
2024.03.06 08:00:00,149.535,149.806,149.53,149.751,12839.54
2024.03.06 09:00:00,149.75,149.865,149.622,149.646,9241.46
2024.03.06 10:00:00,149.648,149.809,149.564,149.743,9548.58
2024.03.06 11:00:00,149.743,149.799,149.686,149.711,4692.72
2024.03.06 12:00:00,149.71,149.741,149.555,149.63,6913.24
2024.03.06 13:00:00,149.631,149.701,149.334,149.365,20431.92
2024.03.06 14:00:00,149.366,149.444,149.269,149.378,12742.32
2024.03.06 15:00:00,149.391,149.644,149.261,149.365,22042.78
2024.03.06 16:00:00,149.366,149.448,149.13,149.176,13587.29
2024.03.06 17:00:00,149.177,149.354,149.094,149.326,11737.83
2024.03.06 18:00:00,149.325,149.33,149.2,149.262,6547.1
2024.03.06 19:00:00,149.264,149.384,149.255,149.344,11266.78
2024.03.06 20:00:00,149.344,149.47,149.344,149.351,9864.52
2024.03.06 21:00:00,149.352,149.446,149.349,149.349,4553.57
2024.03.06 22:00:00,149.349,149.364,149.264,149.325,1711.49
2024.03.06 23:00:00,149.327,149.33,149.193,149.261,4918.47
2024.03.07 00:00:00,149.259,149.259,148.877,148.897,16666.08
2024.03.07 01:00:00,148.894,148.973,148.557,148.617,16612.66
2024.03.07 02:00:00,148.615,148.793,148.601,148.754,8639.21
2024.03.07 03:00:00,148.755,148.771,148.606,148.667,7770.49
2024.03.07 04:00:00,148.669,148.67,148.401,148.55,9825.17
2024.03.07 05:00:00,148.551,148.681,148.51,148.637,4478.65
2024.03.07 06:00:00,148.639,148.679,148.114,148.194,13181.79
2024.03.07 07:00:00,148.194,148.251,147.935,147.938,23690.25
2024.03.07 08:00:00,147.938,148.097,147.809,147.928,20546.81
2024.03.07 09:00:00,147.93,148.109,147.832,147.984,12606.09
2024.03.07 10:00:00,147.985,147.995,147.866,147.869,11315.79
2024.03.07 11:00:00,147.867,147.906,147.768,147.838,11365.26
2024.03.07 12:00:00,147.836,147.879,147.683,147.831,12576.09
2024.03.07 13:00:00,147.832,147.924,147.582,147.768,33911.04
2024.03.07 14:00:00,147.767,148.223,147.73,148.121,31572.54
2024.03.07 15:00:00,148.119,148.297,148.015,148.139,20125.47
2024.03.07 16:00:00,148.138,148.18,147.89,148.092,22157.87
2024.03.07 17:00:00,148.091,148.234,148.083,148.104,12366.93
2024.03.07 18:00:00,148.108,148.127,148.023,148.112,7164.79
2024.03.07 19:00:00,148.111,148.134,148.002,148.005,5215.77
2024.03.07 20:00:00,148.005,148.108,147.994,148.077,6867.99
2024.03.07 21:00:00,148.077,148.078,148.005,148.036,3035.76
2024.03.07 22:00:00,148.037,148.037,147.857,147.909,3431.4
2024.03.07 23:00:00,147.909,147.943,147.827,147.864,3143.81
2024.03.08 00:00:00,147.862,147.892,147.521,147.748,13117.04
2024.03.08 01:00:00,147.748,148.117,147.652,147.973,12541.12
2024.03.08 02:00:00,147.975,148.087,147.877,147.965,9873.05
2024.03.08 03:00:00,147.967,148.053,147.806,147.812,5941.59
2024.03.08 04:00:00,147.812,147.904,147.775,147.853,4200.64
2024.03.08 05:00:00,147.852,147.868,147.773,147.802,5782.32
2024.03.08 06:00:00,147.802,147.987,147.802,147.855,5682.19
2024.03.08 07:00:00,147.852,148.044,147.797,147.881,16518.59
2024.03.08 08:00:00,147.882,147.968,147.801,147.815,12361.67
2024.03.08 09:00:00,147.814,147.825,146.874,147.132,16914.2
2024.03.08 10:00:00,147.133,147.206,146.953,147.097,9807.78
2024.03.08 11:00:00,147.095,147.12,146.952,147.099,10621.73
2024.03.08 12:00:00,147.098,147.237,147.085,147.228,9727.82
2024.03.08 13:00:00,147.229,147.496,146.481,146.96,33564.38
2024.03.08 14:00:00,146.961,147.044,146.691,146.89,26634.77
2024.03.08 15:00:00,146.889,147.234,146.849,147.031,16092.48
2024.03.08 16:00:00,147.032,147.258,147.028,147.176,15284.24
2024.03.08 17:00:00,147.176,147.189,147.026,147.027,15529.79
2024.03.08 18:00:00,147.026,147.144,146.986,147.067,17135.15
2024.03.08 19:00:00,147.066,147.16,147.042,147.048,15429.26
2024.03.08 20:00:00,147.048,147.104,147.03,147.058,4506.23
2024.03.08 21:00:00,147.058,147.111,147.03,147.03,5035.74
2024.03.10 21:00:00,146.915,147.117,146.897,147.059,1366.56
2024.03.10 22:00:00,147.059,147.126,146.937,147.044,4239.16
2024.03.10 23:00:00,147.045,147.046,146.706,146.795,10861.41
2024.03.11 00:00:00,146.796,146.928,146.671,146.762,11396.4
2024.03.11 01:00:00,146.762,146.894,146.537,146.876,9159.42
2024.03.11 02:00:00,146.875,147.087,146.872,147.071,6536.1
2024.03.11 03:00:00,147.072,147.072,146.918,146.936,4737.6
2024.03.11 04:00:00,146.935,147.047,146.888,146.903,6537.85
2024.03.11 05:00:00,146.903,147.081,146.863,146.975,5070.86
2024.03.11 06:00:00,146.974,147.065,146.871,146.918,4984.45
2024.03.11 07:00:00,146.917,147.025,146.731,146.747,13855.49
2024.03.11 08:00:00,146.747,146.855,146.631,146.717,18979.44
2024.03.11 09:00:00,146.718,146.739,146.483,146.611,15471.05
2024.03.11 10:00:00,146.613,146.704,146.533,146.666,8921.18
2024.03.11 11:00:00,146.667,146.741,146.62,146.642,8103.16
2024.03.11 12:00:00,146.647,146.896,146.619,146.825,25850.93
2024.03.11 13:00:00,146.825,146.971,146.759,146.963,27307.91
2024.03.11 14:00:00,146.963,147.144,146.953,146.991,24420.34
2024.03.11 15:00:00,146.992,147.048,146.827,146.857,22409.76
2024.03.11 16:00:00,146.857,146.939,146.811,146.871,18908.18
2024.03.11 17:00:00,146.871,146.932,146.741,146.919,21976.72
2024.03.11 18:00:00,146.92,147.053,146.916,146.944,16368.29
2024.03.11 19:00:00,146.943,146.978,146.933,146.965,16071.54
2024.03.11 20:00:00,146.964,146.978,146.923,146.934,7116.3
2024.03.11 21:00:00,146.932,146.974,146.853,146.967,3623.6
2024.03.11 22:00:00,146.969,146.969,146.897,146.948,3424.41
2024.03.11 23:00:00,146.949,146.952,146.714,146.735,11737.27
2024.03.12 00:00:00,146.737,146.883,146.619,146.868,14005.28
2024.03.12 01:00:00,146.871,146.991,146.852,146.936,16414.15
2024.03.12 02:00:00,146.936,147.425,146.932,147.412,21899.39
2024.03.12 03:00:00,147.42,147.432,147.321,147.39,13563.87
2024.03.12 04:00:00,147.389,147.434,147.327,147.382,13021.77
2024.03.12 05:00:00,147.383,147.594,147.343,147.519,18329.27
2024.03.12 06:00:00,147.52,147.577,147.209,147.396,28015.78
2024.03.12 07:00:00,147.394,147.446,147.275,147.334,24982.63
2024.03.12 08:00:00,147.334,147.483,147.28,147.326,24265.89
2024.03.12 09:00:00,147.326,147.429,147.31,147.422,16078.67
2024.03.12 10:00:00,147.423,147.567,147.312,147.328,18757.33
2024.03.12 11:00:00,147.328,147.46,147.316,147.435,12716.06
2024.03.12 12:00:00,147.436,148.161,147.065,147.648,53495.35
2024.03.12 13:00:00,147.649,147.982,147.641,147.806,39651.19
2024.03.12 14:00:00,147.806,147.964,147.708,147.901,22211.5
2024.03.12 15:00:00,147.899,147.905,147.684,147.693,23420.6
2024.03.12 16:00:00,147.693,147.79,147.642,147.7,18987.02
2024.03.12 17:00:00,147.701,147.791,147.662,147.786,21850.02
2024.03.12 18:00:00,147.791,147.796,147.641,147.687,13656.45
2024.03.12 19:00:00,147.688,147.715,147.657,147.677,11762.2
2024.03.12 20:00:00,147.678,147.692,147.637,147.641,6919.26
2024.03.12 21:00:00,147.636,147.663,147.601,147.624,1395.8
2024.03.12 22:00:00,147.622,147.64,147.561,147.576,2948.38
2024.03.12 23:00:00,147.578,147.65,147.544,147.62,4643.73
2024.03.13 00:00:00,147.62,147.635,147.365,147.369,17564.74
2024.03.13 01:00:00,147.368,147.447,147.232,147.42,13141.67
2024.03.13 02:00:00,147.419,147.536,147.326,147.371,9179.36
2024.03.13 03:00:00,147.373,147.439,147.283,147.38,8039.52
2024.03.13 04:00:00,147.378,147.582,147.373,147.571,8841.18
2024.03.13 05:00:00,147.572,147.645,147.544,147.57,10198.57
2024.03.13 06:00:00,147.573,147.788,147.497,147.74,13170.98
2024.03.13 07:00:00,147.742,147.761,147.564,147.678,16517.89
2024.03.13 08:00:00,147.677,147.887,147.64,147.872,13110.52
2024.03.13 09:00:00,147.872,148.045,147.705,147.989,29684.32
2024.03.13 10:00:00,147.988,148.035,147.898,147.914,20334.58
2024.03.13 11:00:00,147.914,148.027,147.904,147.972,13812.24
2024.03.13 12:00:00,147.973,148.013,147.889,147.942,23469.74
2024.03.13 13:00:00,147.941,147.946,147.777,147.889,26824.52
2024.03.13 14:00:00,147.888,147.968,147.81,147.84,25135.03
2024.03.13 15:00:00,147.839,147.849,147.684,147.737,23931.37
2024.03.13 16:00:00,147.738,147.802,147.672,147.707,21804.19
2024.03.13 17:00:00,147.707,147.721,147.458,147.631,23767.07
2024.03.13 18:00:00,147.632,147.802,147.606,147.764,14947
2024.03.13 19:00:00,147.766,147.855,147.745,147.842,7949.03
2024.03.13 20:00:00,147.842,147.85,147.746,147.75,3398.7
2024.03.13 21:00:00,147.747,147.747,147.615,147.631,2124.24
2024.03.13 22:00:00,147.631,147.717,147.631,147.704,3508.54
2024.03.13 23:00:00,147.705,147.705,147.585,147.589,6564.08
2024.03.14 00:00:00,147.588,147.724,147.54,147.594,16526.86
2024.03.14 01:00:00,147.593,147.719,147.527,147.673,14614.91
2024.03.14 02:00:00,147.672,147.926,147.661,147.899,14619.78
2024.03.14 03:00:00,147.901,147.901,147.789,147.856,15969.02
2024.03.14 04:00:00,147.857,147.971,147.848,147.912,13976.43
2024.03.14 05:00:00,147.914,147.968,147.877,147.919,16998.59
2024.03.14 06:00:00,147.919,147.934,147.856,147.886,16309.8
2024.03.14 07:00:00,147.887,147.971,147.811,147.867,22043.12
2024.03.14 08:00:00,147.865,147.916,147.766,147.863,24966.34
2024.03.14 09:00:00,147.862,147.893,147.772,147.778,17772.36
2024.03.14 10:00:00,147.779,147.834,147.729,147.748,15801.57
2024.03.14 11:00:00,147.748,147.778,147.668,147.7,11381.88
2024.03.14 12:00:00,147.7,147.987,147.566,147.846,48669.77
2024.03.14 13:00:00,147.845,148.146,147.43,147.996,68037.37
2024.03.14 14:00:00,147.995,148.192,147.923,148.11,56449.52
2024.03.14 15:00:00,148.111,148.319,148.05,148.189,45237.79
2024.03.14 16:00:00,148.189,148.214,148.101,148.186,26220.67
2024.03.14 17:00:00,148.188,148.31,148.13,148.278,23685.97
2024.03.14 18:00:00,148.277,148.355,148.272,148.297,16278.58
2024.03.14 19:00:00,148.296,148.317,148.228,148.233,12856.32
2024.03.14 20:00:00,148.233,148.328,148.209,148.312,5609.67
2024.03.14 21:00:00,148.312,148.339,148.247,148.285,2183.4
2024.03.14 22:00:00,148.283,148.287,148.219,148.258,1635.99
2024.03.14 23:00:00,148.26,148.334,148.249,148.303,4595.32
2024.03.15 00:00:00,148.302,148.534,148.267,148.444,17475.81
2024.03.15 01:00:00,148.447,148.491,148.385,148.473,10515.17
2024.03.15 02:00:00,148.464,148.659,148.431,148.456,10556.82
2024.03.15 03:00:00,148.457,148.5,148.346,148.375,10394.3
2024.03.15 04:00:00,148.375,148.401,148.249,148.311,9178.76
2024.03.15 05:00:00,148.31,148.374,148.274,148.317,9551.03
2024.03.15 06:00:00,148.317,148.341,148.096,148.214,12845.1
2024.03.15 07:00:00,148.214,148.6,148.03,148.568,19893.37
2024.03.15 08:00:00,148.567,148.831,148.567,148.709,17660.43
2024.03.15 09:00:00,148.709,148.78,148.674,148.722,10306.63
2024.03.15 10:00:00,148.722,148.785,148.659,148.774,10481.77
2024.03.15 11:00:00,148.774,148.797,148.585,148.649,15240.04
2024.03.15 12:00:00,148.65,148.87,148.62,148.801,19454.25
2024.03.15 13:00:00,148.8,148.966,148.73,148.915,21997.39
2024.03.15 14:00:00,148.915,148.999,148.81,148.977,20837.8
2024.03.15 15:00:00,148.977,149.142,148.967,149.136,16693.06
2024.03.15 16:00:00,149.137,149.163,148.976,149.092,12545.16
2024.03.15 17:00:00,149.091,149.097,149.01,149.036,12050.35
2024.03.15 18:00:00,149.037,149.079,148.995,149.037,12811.81
2024.03.15 19:00:00,149.037,149.118,148.997,149.076,10048.69
2024.03.15 20:00:00,149.079,149.097,148.979,148.982,6517.35
2024.03.17 21:00:00,148.944,149.066,148.943,149.066,408.21
2024.03.17 22:00:00,149.066,149.088,148.938,148.973,3970.27
2024.03.17 23:00:00,148.974,149.032,148.935,148.955,7143.58
2024.03.18 00:00:00,148.955,149.287,148.932,149.277,12813.77
2024.03.18 01:00:00,149.282,149.328,149.166,149.189,12042.3
2024.03.18 02:00:00,149.19,149.205,148.907,148.971,13287.73
2024.03.18 03:00:00,148.971,149.095,148.962,149.09,9514.33
2024.03.18 04:00:00,149.09,149.131,149.08,149.112,8405.88
2024.03.18 05:00:00,149.111,149.188,149.065,149.113,9311.09
2024.03.18 06:00:00,149.113,149.243,149.1,149.219,10828.37
2024.03.18 07:00:00,149.219,149.311,149.096,149.121,14544.76
2024.03.18 08:00:00,149.121,149.163,149.055,149.122,14162.33
2024.03.18 09:00:00,149.123,149.244,149.103,149.207,11447.49
2024.03.18 10:00:00,149.208,149.234,149.113,149.13,9240.09
2024.03.18 11:00:00,149.129,149.137,149.015,149.028,7379.88
2024.03.18 12:00:00,149.027,149.196,149.008,149.176,11898.09
2024.03.18 13:00:00,149.176,149.239,149.116,149.213,13881.32
2024.03.18 14:00:00,149.214,149.3,149.161,149.283,13235.79
2024.03.18 15:00:00,149.284,149.29,149.099,149.134,10757.1
2024.03.18 16:00:00,149.134,149.209,149.095,149.138,10077.21
2024.03.18 17:00:00,149.138,149.166,148.918,149.105,10423.82
2024.03.18 18:00:00,149.107,149.117,149.027,149.111,4886.81
2024.03.18 19:00:00,149.11,149.188,149.086,149.188,4294.34
2024.03.18 20:00:00,149.189,149.191,149.141,149.141,2483.77
2024.03.18 21:00:00,149.14,149.14,149.085,149.107,1083.34
2024.03.18 22:00:00,149.111,149.143,149.037,149.039,3121.17
2024.03.18 23:00:00,149.037,149.17,149.029,149.154,3716.38
2024.03.19 00:00:00,149.153,149.22,149.111,149.208,8077.54
2024.03.19 01:00:00,149.207,149.393,149.207,149.299,12607.38
2024.03.19 02:00:00,149.298,149.366,149.189,149.36,15362.79
2024.03.19 03:00:00,149.36,149.921,149.001,149.702,39768.36
2024.03.19 04:00:00,149.701,150.076,149.67,149.965,37303.08
2024.03.19 05:00:00,149.965,150.392,149.938,150.299,30141.73
2024.03.19 06:00:00,150.302,150.483,150.039,150.365,25152.41
2024.03.19 07:00:00,150.365,150.392,149.985,150.257,28062.24
2024.03.19 08:00:00,150.259,150.513,150.196,150.335,18770.61
2024.03.19 09:00:00,150.335,150.7,150.305,150.675,16530.96
2024.03.19 10:00:00,150.677,150.69,150.498,150.532,11271.34
2024.03.19 11:00:00,150.532,150.571,150.347,150.388,8186.62
2024.03.19 12:00:00,150.386,150.608,150.34,150.491,23967.32
2024.03.19 13:00:00,150.49,150.682,150.402,150.67,28589.7
2024.03.19 14:00:00,150.668,150.729,150.603,150.687,25728.94
2024.03.19 15:00:00,150.687,150.851,150.657,150.731,20144.45
2024.03.19 16:00:00,150.73,150.946,150.712,150.938,20318.78
2024.03.19 17:00:00,150.938,150.962,150.842,150.896,16892.32
2024.03.19 18:00:00,150.894,150.928,150.846,150.92,12458.59
2024.03.19 19:00:00,150.918,150.923,150.852,150.891,7338.59
2024.03.19 20:00:00,150.894,150.898,150.841,150.849,3374.26
2024.03.19 21:00:00,150.848,150.85,150.763,150.799,2203.7
2024.03.19 22:00:00,150.807,150.865,150.79,150.837,2212.31
2024.03.19 23:00:00,150.837,151.065,150.816,151.023,11579.13
2024.03.20 00:00:00,151.021,151.34,151.001,151.153,23673.37
2024.03.20 01:00:00,151.155,151.238,151.135,151.168,19676.55
2024.03.20 02:00:00,151.166,151.241,151.157,151.232,19490.7
2024.03.20 03:00:00,151.232,151.315,151.229,151.315,16676.42
2024.03.20 04:00:00,151.316,151.538,151.313,151.485,20010.57
2024.03.20 05:00:00,151.485,151.575,151.433,151.536,22970.07
2024.03.20 06:00:00,151.537,151.583,151.46,151.472,20213.15
2024.03.20 07:00:00,151.472,151.505,151.334,151.484,27082.44
2024.03.20 08:00:00,151.484,151.545,151.421,151.45,13909.11
2024.03.20 09:00:00,151.449,151.764,151.449,151.682,10805.99
2024.03.20 10:00:00,151.681,151.75,151.645,151.667,8807.33
2024.03.20 11:00:00,151.666,151.734,151.629,151.707,8313.92
2024.03.20 12:00:00,151.708,151.783,151.655,151.758,10800.09
2024.03.20 13:00:00,151.759,151.816,151.694,151.74,10062.08
2024.03.20 14:00:00,151.741,151.755,151.62,151.671,10746.03
2024.03.20 15:00:00,151.671,151.672,151.533,151.661,8646.3
2024.03.20 16:00:00,151.661,151.674,151.549,151.613,7992.38
2024.03.20 17:00:00,151.614,151.632,151.523,151.588,8055.69
2024.03.20 18:00:00,151.587,151.709,150.715,150.786,39406.63
2024.03.20 19:00:00,150.785,151.22,150.771,151.214,21124.31
2024.03.20 20:00:00,151.214,151.402,151.207,151.243,7987.73
2024.03.20 21:00:00,151.243,151.254,151.175,151.2,3093.52
2024.03.20 22:00:00,151.2,151.211,150.847,150.85,11733.58
2024.03.20 23:00:00,150.852,150.942,150.678,150.738,13808.35
2024.03.21 00:00:00,150.737,150.865,150.542,150.619,20447.16
2024.03.21 01:00:00,150.622,150.649,150.263,150.499,18695.81
2024.03.21 02:00:00,150.503,150.52,150.34,150.489,11880.53
2024.03.21 03:00:00,150.49,150.549,150.385,150.488,9641.06
2024.03.21 04:00:00,150.487,150.79,150.449,150.762,8915.49
2024.03.21 05:00:00,150.761,151.003,150.749,150.996,10075.85
2024.03.21 06:00:00,150.996,151.088,150.848,150.996,14521.45
2024.03.21 07:00:00,150.997,151.224,150.848,151.22,13419.71
2024.03.21 08:00:00,151.22,151.456,151.091,151.174,20823.55
2024.03.21 09:00:00,151.172,151.24,151.048,151.079,15698.59
2024.03.21 10:00:00,151.08,151.117,150.869,151.108,12664.17
2024.03.21 11:00:00,151.109,151.171,150.965,151.11,12602.59
2024.03.21 12:00:00,151.109,151.317,151.011,151.162,17372.79
2024.03.21 13:00:00,151.163,151.443,151.16,151.402,17785.6
2024.03.21 14:00:00,151.398,151.573,151.392,151.507,22443.8
2024.03.21 15:00:00,151.506,151.668,151.474,151.593,13194.32
2024.03.21 16:00:00,151.592,151.752,151.569,151.692,8142.51
2024.03.21 17:00:00,151.69,151.739,151.66,151.723,6159.59
2024.03.21 18:00:00,151.722,151.723,151.647,151.671,4359.3
2024.03.21 19:00:00,151.672,151.729,151.662,151.684,3898.64
2024.03.21 20:00:00,151.683,151.695,151.602,151.605,2654.13
2024.03.21 21:00:00,151.601,151.63,151.557,151.588,1698.9
2024.03.21 22:00:00,151.593,151.622,151.542,151.547,2378.12
2024.03.21 23:00:00,151.548,151.699,151.547,151.633,7575.06
2024.03.22 00:00:00,151.629,151.651,151.442,151.528,12048.16
2024.03.22 01:00:00,151.529,151.862,151.489,151.78,18544.5
2024.03.22 02:00:00,151.78,151.792,151.419,151.627,17808.45
2024.03.22 03:00:00,151.628,151.652,151.51,151.567,14046.14
2024.03.22 04:00:00,151.566,151.605,151.495,151.583,12018.09
2024.03.22 05:00:00,151.584,151.591,151.472,151.485,13297.8
2024.03.22 06:00:00,151.487,151.525,151.256,151.306,15135.28
2024.03.22 07:00:00,151.307,151.504,151.273,151.418,16089.72
2024.03.22 08:00:00,151.42,151.537,151.301,151.477,13729.9
2024.03.22 09:00:00,151.478,151.649,151.432,151.616,10528.81
2024.03.22 10:00:00,151.615,151.649,151.547,151.616,8240.65
2024.03.22 11:00:00,151.617,151.624,151.438,151.466,7572.1
2024.03.22 12:00:00,151.466,151.489,151.003,151.213,18443.88
2024.03.22 13:00:00,151.213,151.318,151.059,151.167,16236.8
2024.03.22 14:00:00,151.167,151.265,151.083,151.187,14716.58
2024.03.22 15:00:00,151.189,151.395,151.189,151.348,13590.22
2024.03.22 16:00:00,151.347,151.435,151.332,151.388,9179.19
2024.03.22 17:00:00,151.388,151.431,151.346,151.418,8032.45
2024.03.22 18:00:00,151.422,151.456,151.381,151.452,6608.17
2024.03.22 19:00:00,151.451,151.484,151.4,151.424,6227.76
2024.03.22 20:00:00,151.425,151.451,151.343,151.431,4805.39
2024.03.24 21:00:00,151.305,151.405,151.259,151.365,543.24
2024.03.24 22:00:00,151.365,151.435,151.251,151.283,2270.15
2024.03.24 23:00:00,151.284,151.326,151.084,151.312,6851.09
2024.03.25 00:00:00,151.311,151.424,151.24,151.305,13257.27
2024.03.25 01:00:00,151.304,151.322,151.091,151.244,18916.63
2024.03.25 02:00:00,151.242,151.266,151.052,151.134,13232.75
2024.03.25 03:00:00,151.134,151.258,151.129,151.235,11985
2024.03.25 04:00:00,151.234,151.376,151.234,151.365,11304.95
2024.03.25 05:00:00,151.363,151.371,151.19,151.212,9666.37
2024.03.25 06:00:00,151.216,151.32,151.173,151.318,9514.68
2024.03.25 07:00:00,151.319,151.385,151.168,151.322,11978.47
2024.03.25 08:00:00,151.322,151.399,151.221,151.354,13289.71
2024.03.25 09:00:00,151.354,151.44,151.33,151.401,11107.86
2024.03.25 10:00:00,151.401,151.407,151.258,151.289,10603.61
2024.03.25 11:00:00,151.29,151.378,151.285,151.295,9969.98
2024.03.25 12:00:00,151.295,151.318,151.14,151.229,12350.65
2024.03.25 13:00:00,151.229,151.29,151.122,151.268,10897.46
2024.03.25 14:00:00,151.273,151.383,151.245,151.36,11164.2
2024.03.25 15:00:00,151.36,151.431,151.344,151.419,13996.03
2024.03.25 16:00:00,151.421,151.544,151.416,151.483,16376.98
2024.03.25 17:00:00,151.483,151.508,151.427,151.504,12954.48
2024.03.25 18:00:00,151.507,151.534,151.466,151.474,13385.09
2024.03.25 19:00:00,151.474,151.488,151.421,151.444,9307.35
2024.03.25 20:00:00,151.444,151.468,151.406,151.406,4727.03
2024.03.25 21:00:00,151.402,151.421,151.385,151.405,598.46
2024.03.25 22:00:00,151.403,151.421,151.357,151.419,3311
2024.03.25 23:00:00,151.418,151.418,151.36,151.379,6410.11
2024.03.26 00:00:00,151.377,151.442,151.259,151.283,15839.49
2024.03.26 01:00:00,151.283,151.374,151.217,151.358,16642.93
2024.03.26 02:00:00,151.357,151.363,151.275,151.332,14522.45
2024.03.26 03:00:00,151.331,151.428,151.297,151.405,13796.85
2024.03.26 04:00:00,151.403,151.424,151.326,151.359,10955.29
2024.03.26 05:00:00,151.359,151.394,151.328,151.37,13649.04
2024.03.26 06:00:00,151.371,151.397,151.3,151.311,11456.95
2024.03.26 07:00:00,151.311,151.361,151.26,151.319,16096.15
2024.03.26 08:00:00,151.32,151.348,151.251,151.258,19147.36
2024.03.26 09:00:00,151.257,151.292,151.206,151.267,16243.89
2024.03.26 10:00:00,151.268,151.346,151.242,151.274,18983.36
2024.03.26 11:00:00,151.275,151.39,151.271,151.385,13860.71
2024.03.26 12:00:00,151.388,151.472,151.349,151.452,24264.77
2024.03.26 13:00:00,151.452,151.466,151.374,151.405,19139.77
2024.03.26 14:00:00,151.402,151.452,151.3,151.385,19057.54
2024.03.26 15:00:00,151.382,151.602,151.37,151.581,23069.56
2024.03.26 16:00:00,151.58,151.583,151.471,151.52,17802.28
2024.03.26 17:00:00,151.52,151.562,151.441,151.562,18171.49
2024.03.26 18:00:00,151.564,151.578,151.47,151.536,13299.14
2024.03.26 19:00:00,151.535,151.584,151.515,151.578,13985.94
2024.03.26 20:00:00,151.577,151.581,151.543,151.562,4698.8
2024.03.26 21:00:00,151.55,151.564,151.509,151.519,1421.3
2024.03.26 22:00:00,151.518,151.554,151.494,151.526,2562.37
2024.03.26 23:00:00,151.527,151.574,151.501,151.52,6058.93
2024.03.27 00:00:00,151.521,151.572,151.446,151.515,14041.43
2024.03.27 01:00:00,151.516,151.806,151.496,151.729,19237.49
2024.03.27 02:00:00,151.729,151.97,151.719,151.89,18175.71
2024.03.27 03:00:00,151.891,151.929,151.595,151.696,21690.4
2024.03.27 04:00:00,151.699,151.713,151.592,151.688,10909.03
2024.03.27 05:00:00,151.688,151.804,151.652,151.749,13561.52
2024.03.27 06:00:00,151.751,151.762,151.641,151.693,12789.99
2024.03.27 07:00:00,151.692,151.731,151.614,151.705,22137.4
2024.03.27 08:00:00,151.706,151.837,151.642,151.781,20504.45
2024.03.27 09:00:00,151.782,151.802,151.092,151.365,44686.03
2024.03.27 10:00:00,151.365,151.369,151.051,151.198,32969.01
2024.03.27 11:00:00,151.201,151.252,151.025,151.231,25143.19
2024.03.27 12:00:00,151.231,151.273,151.169,151.249,13224.38
2024.03.27 13:00:00,151.25,151.373,151.244,151.326,12103.48
2024.03.27 14:00:00,151.326,151.354,151.212,151.248,10087.88
2024.03.27 15:00:00,151.248,151.379,151.165,151.343,9505.76
2024.03.27 16:00:00,151.345,151.425,151.299,151.318,8855.84
2024.03.27 17:00:00,151.319,151.414,151.278,151.388,7930.11
2024.03.27 18:00:00,151.388,151.403,151.344,151.362,5604.55
2024.03.27 19:00:00,151.36,151.386,151.296,151.323,6378.65
2024.03.27 20:00:00,151.322,151.357,151.294,151.314,3773.94
2024.03.27 21:00:00,151.31,151.31,151.241,151.257,580.46
2024.03.27 22:00:00,151.257,151.4,151.254,151.327,11613.2
2024.03.27 23:00:00,151.327,151.374,151.263,151.293,17552.66
2024.03.28 00:00:00,151.292,151.436,151.269,151.413,18964.88
2024.03.28 01:00:00,151.414,151.544,151.334,151.348,20445.72
2024.03.28 02:00:00,151.347,151.38,151.258,151.364,16253.27
2024.03.28 03:00:00,151.364,151.381,151.299,151.361,11983.6
2024.03.28 04:00:00,151.367,151.388,151.328,151.354,10244.13
2024.03.28 05:00:00,151.355,151.375,151.25,151.349,11798.12
2024.03.28 06:00:00,151.348,151.391,151.305,151.339,10956.11
2024.03.28 07:00:00,151.34,151.448,151.32,151.436,19667.26
2024.03.28 08:00:00,151.436,151.444,151.332,151.425,18298.2
2024.03.28 09:00:00,151.426,151.502,151.412,151.456,11820.49
2024.03.28 10:00:00,151.457,151.465,151.367,151.395,9657.12
2024.03.28 11:00:00,151.396,151.397,151.347,151.366,8522.88
2024.03.28 12:00:00,151.368,151.4,151.183,151.21,16649.16
2024.03.28 13:00:00,151.212,151.343,151.159,151.265,17928.68
2024.03.28 14:00:00,151.271,151.314,151.19,151.21,14790.52
2024.03.28 15:00:00,151.211,151.341,151.149,151.34,15414.16
2024.03.28 16:00:00,151.341,151.371,151.244,151.334,14330.08
2024.03.28 17:00:00,151.334,151.398,151.308,151.384,9231.76
2024.03.28 18:00:00,151.385,151.417,151.372,151.387,8128.3
2024.03.28 19:00:00,151.388,151.423,151.37,151.387,4110.08
2024.03.28 20:00:00,151.387,151.399,151.355,151.375,3210.33
2024.03.28 21:00:00,151.375,151.388,151.359,151.383,1003.02
2024.03.28 22:00:00,151.379,151.444,151.363,151.412,4066.63
2024.03.28 23:00:00,151.412,151.47,151.409,151.443,4229.03
2024.03.29 00:00:00,151.442,151.496,151.181,151.316,4769.9
2024.03.29 01:00:00,151.316,151.444,151.314,151.341,12221.13
2024.03.29 02:00:00,151.343,151.357,151.246,151.307,7458
2024.03.29 03:00:00,151.308,151.328,151.262,151.287,9802.39
2024.03.29 04:00:00,151.288,151.325,151.265,151.284,5438.42
2024.03.29 05:00:00,151.284,151.39,151.281,151.354,5654.16
2024.03.29 06:00:00,151.355,151.474,151.324,151.411,3659.36
2024.03.29 07:00:00,151.409,151.411,151.314,151.342,9728.05
2024.03.29 08:00:00,151.342,151.363,151.328,151.345,2721.34
2024.03.29 09:00:00,151.344,151.356,151.33,151.339,2846.44
2024.03.29 10:00:00,151.333,151.344,151.281,151.309,3443.73
2024.03.29 11:00:00,151.308,151.35,151.302,151.345,3949.39
2024.03.29 12:00:00,151.337,151.367,151.188,151.22,6318.45
2024.03.29 13:00:00,151.221,151.259,151.196,151.212,5770.04
2024.03.29 14:00:00,151.214,151.247,151.167,151.242,2978.25
2024.03.29 15:00:00,151.246,151.253,151.192,151.225,3308.68
2024.03.29 16:00:00,151.221,151.277,151.218,151.27,7200.98
2024.03.29 17:00:00,151.27,151.335,151.225,151.298,4405.46
2024.03.29 18:00:00,151.3,151.39,151.285,151.39,2050.69
2024.03.29 19:00:00,151.387,151.387,151.311,151.323,880.62
2024.03.29 20:00:00,151.328,151.375,151.283,151.307,698.77
2024.03.31 21:00:00,151.246,151.337,151.225,151.288,1083.71
2024.03.31 22:00:00,151.288,151.361,151.219,151.352,4045.24
2024.03.31 23:00:00,151.353,151.428,151.321,151.401,6121.31
2024.04.01 00:00:00,151.401,151.429,151.251,151.375,11475.67
2024.04.01 01:00:00,151.376,151.391,151.248,151.278,8350.82
2024.04.01 02:00:00,151.28,151.325,151.255,151.318,6064.94
2024.04.01 03:00:00,151.319,151.355,151.308,151.346,5019.82
2024.04.01 04:00:00,151.345,151.402,151.333,151.368,5966.86
2024.04.01 05:00:00,151.37,151.409,151.361,151.381,6072.28
2024.04.01 06:00:00,151.383,151.391,151.301,151.366,7930.67
2024.04.01 07:00:00,151.368,151.396,151.336,151.339,6872.91
2024.04.01 08:00:00,151.34,151.366,151.326,151.338,5838.37
2024.04.01 09:00:00,151.338,151.385,151.326,151.383,6789.33
2024.04.01 10:00:00,151.383,151.401,151.356,151.366,10184.99
2024.04.01 11:00:00,151.366,151.399,151.349,151.389,10307.44
2024.04.01 12:00:00,151.389,151.482,151.384,151.455,18909.36
2024.04.01 13:00:00,151.453,151.653,151.441,151.571,22957.72
2024.04.01 14:00:00,151.576,151.758,151.571,151.697,32772.57
2024.04.01 15:00:00,151.698,151.771,151.688,151.722,16877.09
2024.04.01 16:00:00,151.722,151.742,151.679,151.699,11195.39
2024.04.01 17:00:00,151.699,151.701,151.573,151.618,8696.37
2024.04.01 18:00:00,151.617,151.656,151.603,151.652,10426.68
2024.04.01 19:00:00,151.652,151.677,151.626,151.646,10217.05
2024.04.01 20:00:00,151.646,151.655,151.616,151.643,3521.72
2024.04.01 21:00:00,151.631,151.678,151.613,151.635,1103.21
2024.04.01 22:00:00,151.636,151.636,151.59,151.605,3439.97
2024.04.01 23:00:00,151.606,151.673,151.57,151.594,7948.38
2024.04.02 00:00:00,151.594,151.696,151.501,151.684,17327.5
2024.04.02 01:00:00,151.684,151.782,151.63,151.774,15441.2
2024.04.02 02:00:00,151.774,151.783,151.658,151.681,12836.42
2024.04.02 03:00:00,151.68,151.764,151.652,151.76,10921.36
2024.04.02 04:00:00,151.761,151.764,151.711,151.763,9737.61
2024.04.02 05:00:00,151.764,151.801,151.71,151.741,13976.69
2024.04.02 06:00:00,151.742,151.751,151.661,151.681,17379.34
2024.04.02 07:00:00,151.68,151.753,151.66,151.674,16640.89
2024.04.02 08:00:00,151.673,151.684,151.554,151.639,15909.27
2024.04.02 09:00:00,151.64,151.692,151.607,151.671,14115.41
2024.04.02 10:00:00,151.672,151.714,151.671,151.694,13745.27
2024.04.02 11:00:00,151.694,151.711,151.629,151.653,14459.93
2024.04.02 12:00:00,151.653,151.714,151.601,151.687,21749.83
2024.04.02 13:00:00,151.689,151.695,151.56,151.568,21100.36
2024.04.02 14:00:00,151.56,151.64,151.461,151.581,30178.08
2024.04.02 15:00:00,151.581,151.619,151.505,151.549,20732.73
2024.04.02 16:00:00,151.549,151.614,151.54,151.593,11816.65
2024.04.02 17:00:00,151.592,151.615,151.559,151.566,8635.44
2024.04.02 18:00:00,151.565,151.599,151.537,151.596,8922.5
2024.04.02 19:00:00,151.597,151.611,151.557,151.566,15638.43
2024.04.02 20:00:00,151.566,151.597,151.533,151.548,5963.87
2024.04.02 21:00:00,151.539,151.566,151.528,151.566,832.58
2024.04.02 22:00:00,151.568,151.568,151.49,151.55,2181.65
2024.04.02 23:00:00,151.55,151.579,151.53,151.545,6039.34
2024.04.03 00:00:00,151.545,151.554,151.439,151.554,14974.89
2024.04.03 01:00:00,151.555,151.639,151.552,151.595,12934.96
2024.04.03 02:00:00,151.595,151.612,151.538,151.581,8306.94
2024.04.03 03:00:00,151.58,151.583,151.54,151.561,8517.65
2024.04.03 04:00:00,151.561,151.593,151.532,151.591,7834.44
2024.04.03 05:00:00,151.59,151.608,151.535,151.593,9718.77
2024.04.03 06:00:00,151.593,151.68,151.574,151.667,14351.83
2024.04.03 07:00:00,151.668,151.734,151.668,151.676,16381.64
2024.04.03 08:00:00,151.677,151.735,151.677,151.732,9863.52
2024.04.03 09:00:00,151.734,151.799,151.714,151.753,12316.28
2024.04.03 10:00:00,151.755,151.757,151.707,151.71,11329.05
2024.04.03 11:00:00,151.71,151.783,151.681,151.772,12379.45
2024.04.03 12:00:00,151.771,151.913,151.749,151.849,25978.75
2024.04.03 13:00:00,151.848,151.953,151.799,151.917,19584.81
2024.04.03 14:00:00,151.917,151.917,151.644,151.785,34420.86
2024.04.03 15:00:00,151.785,151.824,151.676,151.677,19510.57
2024.04.03 16:00:00,151.678,151.761,151.577,151.645,14571.85
2024.04.03 17:00:00,151.65,151.698,151.629,151.679,7932.86
2024.04.03 18:00:00,151.679,151.688,151.65,151.669,7064.57
2024.04.03 19:00:00,151.67,151.703,151.655,151.679,6731.48
2024.04.03 20:00:00,151.679,151.703,151.669,151.682,4204.71
2024.04.03 21:00:00,151.677,151.68,151.626,151.645,1271.71
2024.04.03 22:00:00,151.643,151.644,151.568,151.585,2904.35
2024.04.03 23:00:00,151.586,151.632,151.563,151.581,8684.87
2024.04.04 00:00:00,151.581,151.68,151.537,151.567,18041.65
2024.04.04 01:00:00,151.567,151.67,151.558,151.643,13469.62
2024.04.04 02:00:00,151.642,151.709,151.638,151.707,13445.3
2024.04.04 03:00:00,151.707,151.722,151.66,151.671,13249.72
2024.04.04 04:00:00,151.674,151.701,151.648,151.694,13601.48
2024.04.04 05:00:00,151.695,151.698,151.638,151.64,9898.87
2024.04.04 06:00:00,151.64,151.699,151.597,151.688,13682.55
2024.04.04 07:00:00,151.686,151.755,151.676,151.688,17435.97
2024.04.04 08:00:00,151.688,151.743,151.686,151.711,17684.89
2024.04.04 09:00:00,151.712,151.76,151.706,151.748,11574.52
2024.04.04 10:00:00,151.747,151.748,151.692,151.7,9633.62
2024.04.04 11:00:00,151.699,151.748,151.611,151.742,11818.38
2024.04.04 12:00:00,151.742,151.77,151.61,151.623,23572.5
2024.04.04 13:00:00,151.623,151.673,151.503,151.589,22036.11
2024.04.04 14:00:00,151.59,151.686,151.516,151.664,24242.49
2024.04.04 15:00:00,151.664,151.702,151.65,151.662,13740.87
2024.04.04 16:00:00,151.662,151.67,151.622,151.645,10214.47
2024.04.04 17:00:00,151.645,151.677,151.616,151.672,11056.85
2024.04.04 18:00:00,151.672,151.685,151.147,151.202,27161.55
2024.04.04 19:00:00,151.201,151.327,151.119,151.231,35951.92
2024.04.04 20:00:00,151.231,151.351,151.187,151.329,9250.91
2024.04.04 21:00:00,151.326,151.334,151.263,151.31,2640.78
2024.04.04 22:00:00,151.31,151.316,151.208,151.308,4767.43
2024.04.04 23:00:00,151.306,151.307,151.212,151.293,8547.94
2024.04.05 00:00:00,151.292,151.338,150.81,150.908,30453.68
2024.04.05 01:00:00,150.909,151.086,150.81,151.064,27796.12
2024.04.05 02:00:00,151.065,151.219,151.065,151.183,18308.25
2024.04.05 03:00:00,151.181,151.267,151.143,151.261,15206.55
2024.04.05 04:00:00,151.262,151.293,151.202,151.215,11893.48
2024.04.05 05:00:00,151.216,151.222,151.13,151.184,12664.23
2024.04.05 06:00:00,151.184,151.293,151.091,151.26,19717.55
2024.04.05 07:00:00,151.26,151.353,151.168,151.336,20831.45
2024.04.05 08:00:00,151.336,151.45,151.306,151.41,20792.73
2024.04.05 09:00:00,151.411,151.446,151.372,151.418,14169.97
2024.04.05 10:00:00,151.417,151.425,151.332,151.337,14108.02
2024.04.05 11:00:00,151.337,151.41,151.336,151.373,13642.3
2024.04.05 12:00:00,151.372,151.748,151.27,151.656,41616.1
2024.04.05 13:00:00,151.656,151.75,151.593,151.613,35632.4
2024.04.05 14:00:00,151.612,151.644,151.439,151.521,34336.5
2024.04.05 15:00:00,151.522,151.666,151.522,151.59,27446.46
2024.04.05 16:00:00,151.59,151.616,151.526,151.579,18459.65
2024.04.05 17:00:00,151.578,151.613,151.546,151.585,13274.93
2024.04.05 18:00:00,151.585,151.588,151.535,151.553,18923.79
2024.04.05 19:00:00,151.553,151.649,151.541,151.646,11785.64
2024.04.05 20:00:00,151.646,151.647,151.604,151.617,4857.42
2024.04.07 21:00:00,151.569,151.608,151.54,151.6,4912.21
2024.04.07 22:00:00,151.6,151.729,151.584,151.692,4518.78
2024.04.07 23:00:00,151.691,151.694,151.645,151.68,7225.07
2024.04.08 00:00:00,151.679,151.779,151.67,151.709,17155.7
2024.04.08 01:00:00,151.711,151.816,151.675,151.777,18334.91
2024.04.08 02:00:00,151.778,151.78,151.681,151.769,14788.71
2024.04.08 03:00:00,151.77,151.786,151.746,151.767,12252.11
2024.04.08 04:00:00,151.769,151.796,151.763,151.793,12764
2024.04.08 05:00:00,151.792,151.804,151.752,151.787,14395.43
2024.04.08 06:00:00,151.787,151.833,151.754,151.758,15988.68
2024.04.08 07:00:00,151.758,151.876,151.755,151.869,16963.68
2024.04.08 08:00:00,151.87,151.912,151.841,151.906,16816.24
2024.04.08 09:00:00,151.907,151.918,151.863,151.872,10168.92
2024.04.08 10:00:00,151.873,151.888,151.825,151.851,7544.97
2024.04.08 11:00:00,151.852,151.922,151.846,151.918,7566.57
2024.04.08 12:00:00,151.918,151.941,151.851,151.877,9041.58
2024.04.08 13:00:00,151.875,151.876,151.717,151.734,13763.61
2024.04.08 14:00:00,151.738,151.842,151.729,151.811,14498.79
2024.04.08 15:00:00,151.811,151.849,151.771,151.785,7615.01
2024.04.08 16:00:00,151.787,151.844,151.781,151.832,6994.08
2024.04.08 17:00:00,151.833,151.833,151.739,151.77,5594.85
2024.04.08 18:00:00,151.77,151.795,151.717,151.77,5121.64
2024.04.08 19:00:00,151.769,151.834,151.747,151.833,4126.16
2024.04.08 20:00:00,151.832,151.858,151.765,151.778,1763.99
2024.04.08 21:00:00,151.772,151.832,151.74,151.814,3600.33
2024.04.08 22:00:00,151.813,151.814,151.774,151.803,2443.93
2024.04.08 23:00:00,151.804,151.852,151.804,151.832,5114.62
2024.04.09 00:00:00,151.833,151.92,151.788,151.908,12855.34
2024.04.09 01:00:00,151.908,151.915,151.856,151.888,14438.02
2024.04.09 02:00:00,151.889,151.894,151.812,151.874,8511.11
2024.04.09 03:00:00,151.875,151.882,151.841,151.855,6685.34
2024.04.09 04:00:00,151.856,151.893,151.847,151.89,7488.43
2024.04.09 05:00:00,151.891,151.901,151.868,151.891,7275.75
2024.04.09 06:00:00,151.892,151.92,151.871,151.914,11870.02
2024.04.09 07:00:00,151.913,151.935,151.88,151.902,14340.03
2024.04.09 08:00:00,151.903,151.911,151.861,151.886,13243.71
2024.04.09 09:00:00,151.887,151.897,151.726,151.839,17808.28
2024.04.09 10:00:00,151.839,151.84,151.762,151.795,11443.58
2024.04.09 11:00:00,151.795,151.845,151.773,151.828,11342.08
2024.04.09 12:00:00,151.827,151.843,151.742,151.769,18179.21
2024.04.09 13:00:00,151.768,151.788,151.706,151.769,20361.4
2024.04.09 14:00:00,151.77,151.77,151.568,151.651,24466.78
2024.04.09 15:00:00,151.652,151.735,151.632,151.729,20535.5
2024.04.09 16:00:00,151.729,151.747,151.653,151.665,10839.99
2024.04.09 17:00:00,151.667,151.721,151.655,151.691,14228.72
2024.04.09 18:00:00,151.69,151.742,151.688,151.739,10234.45
2024.04.09 19:00:00,151.737,151.787,151.732,151.736,9684.5
2024.04.09 20:00:00,151.736,151.781,151.727,151.727,2502.53
2024.04.09 21:00:00,151.727,151.766,151.687,151.752,2280.78
2024.04.09 22:00:00,151.753,151.783,151.732,151.748,1871.48
2024.04.09 23:00:00,151.748,151.787,151.738,151.776,4525.53
2024.04.10 00:00:00,151.777,151.782,151.68,151.722,17563.1
2024.04.10 01:00:00,151.721,151.782,151.711,151.723,20937.57
2024.04.10 02:00:00,151.73,151.765,151.697,151.755,14262.99
2024.04.10 03:00:00,151.756,151.769,151.734,151.754,11799.03
2024.04.10 04:00:00,151.754,151.787,151.744,151.782,11094.02
2024.04.10 05:00:00,151.781,151.819,151.778,151.809,14037.61
2024.04.10 06:00:00,151.809,151.814,151.773,151.779,13968.68
2024.04.10 07:00:00,151.781,151.842,151.779,151.841,11437.27
2024.04.10 08:00:00,151.841,151.883,151.826,151.852,12315.15
2024.04.10 09:00:00,151.852,151.872,151.833,151.857,9886.53
2024.04.10 10:00:00,151.858,151.87,151.808,151.832,8228.34
2024.04.10 11:00:00,151.831,151.853,151.814,151.841,7804.6
2024.04.10 12:00:00,151.838,152.518,151.772,152.382,44874.51
2024.04.10 13:00:00,152.384,152.696,152.367,152.669,51423.91
2024.04.10 14:00:00,152.67,152.776,152.577,152.771,33174.29
2024.04.10 15:00:00,152.772,152.943,152.744,152.902,13926.88
2024.04.10 16:00:00,152.902,152.965,152.875,152.937,8446.4
2024.04.10 17:00:00,152.933,152.982,152.637,152.779,19472.41
2024.04.10 18:00:00,152.771,152.979,152.757,152.961,9155.05
2024.04.10 19:00:00,152.963,152.967,152.918,152.96,4774.92
2024.04.10 20:00:00,152.96,153.238,152.944,153.144,6067.96
2024.04.10 21:00:00,153.144,153.144,152.923,152.997,2615.41
2024.04.10 22:00:00,152.997,153.01,152.897,152.912,3621.86
2024.04.10 23:00:00,152.913,152.97,152.808,152.951,7660.88
2024.04.11 00:00:00,152.951,153.004,152.799,152.834,18241.03
2024.04.11 01:00:00,152.834,152.897,152.759,152.808,15075.86
2024.04.11 02:00:00,152.808,152.858,152.781,152.826,5725.18
2024.04.11 03:00:00,152.826,152.946,152.812,152.946,6868.69
2024.04.11 04:00:00,152.946,152.969,152.865,152.893,5155.88
2024.04.11 05:00:00,152.892,152.971,152.884,152.968,7876.58
2024.04.11 06:00:00,152.969,153.187,152.959,153.163,17291.21
2024.04.11 07:00:00,153.162,153.205,153.083,153.135,19193.26
2024.04.11 08:00:00,153.131,153.288,153.097,153.24,18108.96
2024.04.11 09:00:00,153.241,153.279,153.153,153.167,12816.67
2024.04.11 10:00:00,153.168,153.172,153.05,153.073,12825.03
2024.04.11 11:00:00,153.073,153.188,153.022,153.088,13000.09
2024.04.11 12:00:00,153.086,153.231,152.796,152.843,34193.67
2024.04.11 13:00:00,152.843,153.142,152.832,153.132,32834.32
2024.04.11 14:00:00,153.133,153.297,153.133,153.272,20200.01
2024.04.11 15:00:00,153.269,153.318,153.191,153.193,19128.65
2024.04.11 16:00:00,153.192,153.303,153.179,153.233,16260.44
2024.04.11 17:00:00,153.234,153.252,153.158,153.177,14311.15
2024.04.11 18:00:00,153.177,153.246,153.086,153.242,8460.43
2024.04.11 19:00:00,153.242,153.256,153.168,153.2,9288.66
2024.04.11 20:00:00,153.2,153.282,153.194,153.246,3806.3
2024.04.11 21:00:00,153.247,153.249,153.17,153.212,1092.49
2024.04.11 22:00:00,153.213,153.238,153.166,153.223,2722.89
2024.04.11 23:00:00,153.223,153.251,153.167,153.194,3928.44
2024.04.12 00:00:00,153.195,153.298,152.962,152.969,11423.47
2024.04.12 01:00:00,152.97,153.1,152.969,153.099,12164.82
2024.04.12 02:00:00,153.099,153.186,153.047,153.179,10123.58
2024.04.12 03:00:00,153.179,153.232,153.158,153.204,5904.85
2024.04.12 04:00:00,153.206,153.27,153.175,153.237,5551.51
2024.04.12 05:00:00,153.237,153.238,153.131,153.204,6589.12
2024.04.12 06:00:00,153.204,153.288,153.199,153.275,14548.51
2024.04.12 07:00:00,153.274,153.383,153.231,153.248,15432.11
2024.04.12 08:00:00,153.247,153.307,153.205,153.307,14327.68
2024.04.12 09:00:00,153.309,153.35,153.262,153.301,10875.06
2024.04.12 10:00:00,153.301,153.35,153.266,153.267,10535.14
2024.04.12 11:00:00,153.266,153.292,153.156,153.16,13376.86
2024.04.12 12:00:00,153.16,153.183,152.792,152.854,23053.32
2024.04.12 13:00:00,152.855,153.088,152.59,152.927,30387.76
2024.04.12 14:00:00,152.932,153.015,152.73,152.925,22867.51
2024.04.12 15:00:00,152.924,153.156,152.902,153.121,27588.44
2024.04.12 16:00:00,153.12,153.153,153.05,153.102,15740.53
2024.04.12 17:00:00,153.104,153.142,153.048,153.128,17824.04
2024.04.12 18:00:00,153.129,153.217,153.12,153.212,11386.58
2024.04.12 19:00:00,153.212,153.244,153.183,153.237,3239.68
2024.04.12 20:00:00,153.238,153.324,153.213,153.24,4278.51
2024.04.14 21:00:00,153.034,153.078,152.966,153.046,843.63
2024.04.14 22:00:00,153.146,153.288,153.094,153.279,6947.47
2024.04.14 23:00:00,153.278,153.32,153.228,153.308,7463.34
2024.04.15 00:00:00,153.305,153.461,153.279,153.46,17168.75
2024.04.15 01:00:00,153.46,153.684,153.45,153.572,13491.3
2024.04.15 02:00:00,153.569,153.744,153.531,153.709,5694.19
2024.04.15 03:00:00,153.709,153.731,153.652,153.671,5375.95
2024.04.15 04:00:00,153.671,153.851,153.666,153.781,9370.02
2024.04.15 05:00:00,153.78,153.852,153.775,153.824,6538.03
2024.04.15 06:00:00,153.829,153.887,153.763,153.869,21370.65
2024.04.15 07:00:00,153.87,153.968,153.87,153.905,17884.22
2024.04.15 08:00:00,153.905,153.951,153.695,153.868,21680.32
2024.04.15 09:00:00,153.868,153.893,153.758,153.873,11044.64
2024.04.15 10:00:00,153.874,153.943,153.822,153.927,11346.45
2024.04.15 11:00:00,153.928,153.938,153.862,153.911,12114.97
2024.04.15 12:00:00,153.911,154.415,153.879,154.19,34985.46
2024.04.15 13:00:00,154.192,154.419,154.11,154.358,31586.98
2024.04.15 14:00:00,154.359,154.445,153.855,154.33,30714.2
2024.04.15 15:00:00,154.329,154.343,154.195,154.257,18909.24
2024.04.15 16:00:00,154.256,154.322,154.205,154.301,9772.32
2024.04.15 17:00:00,154.3,154.301,154.113,154.174,10677.51
2024.04.15 18:00:00,154.173,154.244,154.16,154.208,7294.48
2024.04.15 19:00:00,154.207,154.232,154.174,154.222,6478.2
2024.04.15 20:00:00,154.223,154.274,154.219,154.262,2998.11
2024.04.15 21:00:00,154.26,154.262,154.169,154.225,1033.5
2024.04.15 22:00:00,154.224,154.225,154.144,154.173,2707.64
2024.04.15 23:00:00,154.173,154.241,154.146,154.213,4970.52
2024.04.16 00:00:00,154.216,154.363,154.13,154.286,14016.98
2024.04.16 01:00:00,154.288,154.384,154.249,154.362,9295.86
2024.04.16 02:00:00,154.36,154.42,154.297,154.317,8230.33
2024.04.16 03:00:00,154.317,154.375,154.314,154.352,5948.62
2024.04.16 04:00:00,154.347,154.347,154.233,154.271,5982.44
2024.04.16 05:00:00,154.271,154.357,154.262,154.344,6083.06
2024.04.16 06:00:00,154.343,154.604,154.283,154.507,24135.4
2024.04.16 07:00:00,154.508,154.519,154.37,154.39,18990.27
2024.04.16 08:00:00,154.39,154.552,154.376,154.505,17032.96
2024.04.16 09:00:00,154.504,154.565,154.472,154.56,12684.08
2024.04.16 10:00:00,154.56,154.601,154.534,154.595,7972.9
2024.04.16 11:00:00,154.594,154.704,154.581,154.618,14561.93
2024.04.16 12:00:00,154.618,154.7,154.563,154.644,21423.11
2024.04.16 13:00:00,154.644,154.767,153.898,154.565,27292.77
2024.04.16 14:00:00,154.566,154.711,154.405,154.591,30166.79
2024.04.16 15:00:00,154.592,154.636,154.463,154.572,15937.36
2024.04.16 16:00:00,154.573,154.648,154.537,154.581,9361.1
2024.04.16 17:00:00,154.58,154.784,154.576,154.7,14328.6
2024.04.16 18:00:00,154.7,154.736,154.571,154.646,16750.92
2024.04.16 19:00:00,154.647,154.698,154.622,154.628,9586.36
2024.04.16 20:00:00,154.629,154.73,154.629,154.707,5480.34
2024.04.16 21:00:00,154.69,154.691,154.631,154.657,1860.94
2024.04.16 22:00:00,154.664,154.72,154.649,154.681,2399.83
2024.04.16 23:00:00,154.681,154.72,154.652,154.699,3490.65
2024.04.17 00:00:00,154.698,154.733,154.61,154.691,9122.8
2024.04.17 01:00:00,154.692,154.715,154.613,154.684,7607.52
2024.04.17 02:00:00,154.683,154.693,154.624,154.683,6315.81
2024.04.17 03:00:00,154.681,154.682,154.601,154.648,4832.15
2024.04.17 04:00:00,154.646,154.654,154.598,154.647,3643.8
2024.04.17 05:00:00,154.646,154.677,154.603,154.616,4687.23
2024.04.17 06:00:00,154.617,154.644,154.454,154.472,17619.98
2024.04.17 07:00:00,154.472,154.636,154.47,154.61,12608.67
2024.04.17 08:00:00,154.611,154.646,154.47,154.562,14959
2024.04.17 09:00:00,154.562,154.598,154.495,154.594,6021.27
2024.04.17 10:00:00,154.592,154.635,154.545,154.626,4978.69
2024.04.17 11:00:00,154.627,154.659,154.59,154.63,4577.02
2024.04.17 12:00:00,154.629,154.698,154.605,154.626,9682.3
2024.04.17 13:00:00,154.628,154.656,154.524,154.648,10208.92
2024.04.17 14:00:00,154.648,154.71,154.644,154.652,10239.9
2024.04.17 15:00:00,154.651,154.676,154.581,154.611,8742.85
2024.04.17 16:00:00,154.612,154.612,154.246,154.274,15204.51
2024.04.17 17:00:00,154.274,154.442,154.169,154.311,12018.53
2024.04.17 18:00:00,154.31,154.348,154.157,154.348,6198.82
2024.04.17 19:00:00,154.347,154.399,154.308,154.333,5420.54
2024.04.17 20:00:00,154.333,154.403,154.307,154.365,4057.18
2024.04.17 21:00:00,154.365,154.365,154.312,154.32,740.52
2024.04.17 22:00:00,154.323,154.33,154.247,154.274,5367.17
2024.04.17 23:00:00,154.275,154.366,154.177,154.339,5738.88
2024.04.18 00:00:00,154.338,154.408,154.25,154.282,12878.11
2024.04.18 01:00:00,154.283,154.302,154.167,154.219,12917.32
2024.04.18 02:00:00,154.218,154.249,153.956,154.132,17871.96
2024.04.18 03:00:00,154.131,154.32,154.11,154.236,7057.84
2024.04.18 04:00:00,154.237,154.311,154.234,154.294,6563.96
2024.04.18 05:00:00,154.293,154.353,154.256,154.285,6349.12
2024.04.18 06:00:00,154.287,154.305,154.066,154.274,12827.39
2024.04.18 07:00:00,154.275,154.322,154.19,154.266,16311.5
2024.04.18 08:00:00,154.267,154.368,154.254,154.355,12331.93
2024.04.18 09:00:00,154.354,154.423,154.336,154.415,8438.45
2024.04.18 10:00:00,154.415,154.479,154.379,154.447,7511.86
2024.04.18 11:00:00,154.448,154.51,154.314,154.37,13219.74
2024.04.18 12:00:00,154.372,154.499,154.317,154.371,21007.54
2024.04.18 13:00:00,154.369,154.592,154.336,154.52,27226.36
2024.04.18 14:00:00,154.52,154.64,154.458,154.634,19311.36
2024.04.18 15:00:00,154.634,154.647,154.568,154.612,12592.45
2024.04.18 16:00:00,154.611,154.65,154.572,154.619,7232.68
2024.04.18 17:00:00,154.619,154.679,154.598,154.638,9342.28
2024.04.18 18:00:00,154.636,154.654,154.549,154.593,6569.73
2024.04.18 19:00:00,154.593,154.631,154.575,154.619,4475.35
2024.04.18 20:00:00,154.62,154.678,154.606,154.633,2345.16
2024.04.18 21:00:00,154.628,154.628,154.596,154.598,380.73
2024.04.18 22:00:00,154.599,154.651,154.534,154.642,1582.46
2024.04.18 23:00:00,154.642,154.644,154.548,154.613,3406.16
2024.04.19 00:00:00,154.614,154.672,154.546,154.627,14189.16
2024.04.19 01:00:00,154.629,154.629,153.971,154.235,30072.76
2024.04.19 02:00:00,154.24,154.246,153.586,153.901,36484.35
2024.04.19 03:00:00,153.902,154.383,153.901,154.309,23931.3
2024.04.19 04:00:00,154.31,154.474,154.306,154.32,25314.65
2024.04.19 05:00:00,154.321,154.424,154.249,154.333,14098.54
2024.04.19 06:00:00,154.332,154.462,154.208,154.42,25397.77
2024.04.19 07:00:00,154.421,154.526,154.357,154.474,21252.02
2024.04.19 08:00:00,154.476,154.485,154.342,154.409,18325.27
2024.04.19 09:00:00,154.408,154.511,154.398,154.485,13015.69
2024.04.19 10:00:00,154.485,154.575,154.474,154.528,16391.96
2024.04.19 11:00:00,154.529,154.607,154.529,154.6,13015.09
2024.04.19 12:00:00,154.599,154.605,154.494,154.531,11433.18
2024.04.19 13:00:00,154.533,154.613,154.523,154.579,13731.81
2024.04.19 14:00:00,154.58,154.631,154.457,154.592,15132.7
2024.04.19 15:00:00,154.591,154.599,154.465,154.546,8156.14
2024.04.19 16:00:00,154.548,154.606,154.542,154.578,7615.48
2024.04.19 17:00:00,154.578,154.626,154.564,154.622,8398.42
2024.04.19 18:00:00,154.621,154.638,154.55,154.575,5052.67
2024.04.19 19:00:00,154.575,154.62,154.553,154.603,4268.16
2024.04.19 20:00:00,154.604,154.653,154.519,154.562,4372.04
2024.04.21 21:00:00,154.547,154.587,154.387,154.433,1395.5
2024.04.21 22:00:00,154.478,154.69,154.432,154.632,3690.3
2024.04.21 23:00:00,154.629,154.652,154.539,154.633,4321
2024.04.22 00:00:00,154.637,154.736,154.608,154.672,11079.71
2024.04.22 01:00:00,154.673,154.696,154.584,154.619,8166.7
2024.04.22 02:00:00,154.618,154.705,154.614,154.656,4031.85
2024.04.22 03:00:00,154.657,154.709,154.656,154.686,5455.61
2024.04.22 04:00:00,154.685,154.727,154.682,154.714,6100.35
2024.04.22 05:00:00,154.714,154.742,154.677,154.721,6093.36
2024.04.22 06:00:00,154.72,154.761,154.657,154.674,13692.82
2024.04.22 07:00:00,154.674,154.686,154.592,154.656,11506.91
2024.04.22 08:00:00,154.659,154.731,154.626,154.722,9530.51
2024.04.22 09:00:00,154.723,154.769,154.701,154.767,8789.98
2024.04.22 10:00:00,154.767,154.779,154.722,154.754,6292.1
2024.04.22 11:00:00,154.754,154.778,154.726,154.761,5863.91
2024.04.22 12:00:00,154.761,154.769,154.682,154.746,10726.7
2024.04.22 13:00:00,154.747,154.765,154.704,154.739,11839.44
2024.04.22 14:00:00,154.739,154.775,154.715,154.732,8763.84
2024.04.22 15:00:00,154.729,154.787,154.716,154.772,6407.12
2024.04.22 16:00:00,154.773,154.848,154.754,154.797,7000.54
2024.04.22 17:00:00,154.797,154.813,154.763,154.813,4237.55
2024.04.22 18:00:00,154.812,154.828,154.781,154.796,8760.94
2024.04.22 19:00:00,154.797,154.845,154.796,154.833,4482.02
2024.04.22 20:00:00,154.833,154.844,154.822,154.831,1339.2
2024.04.22 21:00:00,154.83,154.834,154.801,154.801,894.49
2024.04.22 22:00:00,154.807,154.823,154.77,154.808,2481.56
2024.04.22 23:00:00,154.808,154.839,154.778,154.813,2414.58
2024.04.23 00:00:00,154.813,154.824,154.7,154.784,7087.87
2024.04.23 01:00:00,154.784,154.79,154.655,154.726,12373.79
2024.04.23 02:00:00,154.729,154.77,154.711,154.764,4388.11
2024.04.23 03:00:00,154.765,154.776,154.723,154.751,4678.81
2024.04.23 04:00:00,154.751,154.763,154.718,154.738,4607.67
2024.04.23 05:00:00,154.737,154.793,154.737,154.768,4670.15
2024.04.23 06:00:00,154.767,154.783,154.715,154.758,7375.81
2024.04.23 07:00:00,154.758,154.86,154.755,154.821,10755.11
2024.04.23 08:00:00,154.819,154.862,154.798,154.844,7204.27
2024.04.23 09:00:00,154.845,154.854,154.805,154.835,7071.59
2024.04.23 10:00:00,154.835,154.836,154.779,154.798,6712.58
2024.04.23 11:00:00,154.8,154.822,154.761,154.801,7706.81
2024.04.23 12:00:00,154.801,154.832,154.767,154.809,8929.03
2024.04.23 13:00:00,154.809,154.875,154.574,154.641,17586.68
2024.04.23 14:00:00,154.64,154.802,154.571,154.794,31131.52
2024.04.23 15:00:00,154.794,154.838,154.768,154.817,13647.66
2024.04.23 16:00:00,154.815,154.835,154.777,154.823,4482.61
2024.04.23 17:00:00,154.823,154.83,154.55,154.749,12047.83
2024.04.23 18:00:00,154.749,154.811,154.71,154.754,4600.45
2024.04.23 19:00:00,154.753,154.824,154.744,154.821,5789.32
2024.04.23 20:00:00,154.82,154.835,154.816,154.823,3507.56
2024.04.23 21:00:00,154.82,154.82,154.761,154.774,1318.01
2024.04.23 22:00:00,154.774,154.804,154.748,154.779,1232.25
2024.04.23 23:00:00,154.779,154.783,154.729,154.748,2575.29
2024.04.24 00:00:00,154.747,154.82,154.739,154.797,5752.14
2024.04.24 01:00:00,154.797,154.822,154.771,154.796,7640.35
2024.04.24 02:00:00,154.797,154.816,154.788,154.81,5858.62
2024.04.24 03:00:00,154.808,154.853,154.8,154.846,3616.07
2024.04.24 04:00:00,154.848,154.875,154.833,154.839,3384.02
2024.04.24 05:00:00,154.839,154.883,154.835,154.873,3857.59
2024.04.24 06:00:00,154.872,154.941,154.862,154.929,10158.82
2024.04.24 07:00:00,154.929,154.969,154.768,154.901,15041.63
2024.04.24 08:00:00,154.9,154.925,154.861,154.898,8420.54
2024.04.24 09:00:00,154.898,154.935,154.869,154.933,6051.4
2024.04.24 10:00:00,154.934,154.936,154.901,154.932,4315.93
2024.04.24 11:00:00,154.931,154.944,154.902,154.927,6052.98
2024.04.24 12:00:00,154.926,155.17,154.763,154.949,21317.17
2024.04.24 13:00:00,154.948,155.015,154.838,154.984,17705.05
2024.04.24 14:00:00,154.985,155.107,154.941,155.002,16704.26
2024.04.24 15:00:00,155.001,155.133,154.971,155.117,11663.48
2024.04.24 16:00:00,155.117,155.132,155.061,155.112,8075.4
2024.04.24 17:00:00,155.112,155.372,155.083,155.287,8178.27
2024.04.24 18:00:00,155.286,155.333,155.24,155.266,5563.75
2024.04.24 19:00:00,155.265,155.304,155.219,155.297,4725.11
2024.04.24 20:00:00,155.296,155.37,155.288,155.332,3461.39
2024.04.24 21:00:00,155.33,155.331,155.205,155.228,957.04
2024.04.24 22:00:00,155.228,155.241,155.195,155.224,2256.78
2024.04.24 23:00:00,155.224,155.274,155.206,155.268,3678.24
2024.04.25 00:00:00,155.268,155.416,155.243,155.374,8862.75
2024.04.25 01:00:00,155.375,155.45,155.35,155.392,6183.72
2024.04.25 02:00:00,155.395,155.442,155.363,155.433,7167.43
2024.04.25 03:00:00,155.435,155.516,155.417,155.461,9028.98
2024.04.25 04:00:00,155.46,155.624,155.449,155.588,8900.51
2024.04.25 05:00:00,155.588,155.739,155.587,155.659,9688.41
2024.04.25 06:00:00,155.661,155.69,155.604,155.664,13516.56
2024.04.25 07:00:00,155.667,155.689,155.562,155.628,13316.16
2024.04.25 08:00:00,155.628,155.691,155.61,155.671,7608.7
2024.04.25 09:00:00,155.672,155.691,155.629,155.632,8169.44
2024.04.25 10:00:00,155.632,155.64,155.515,155.543,8017.85
2024.04.25 11:00:00,155.542,155.576,155.493,155.555,11154.49
2024.04.25 12:00:00,155.556,155.747,155.305,155.679,32188.88
2024.04.25 13:00:00,155.679,155.685,155.349,155.649,43090.24
2024.04.25 14:00:00,155.65,155.683,155.506,155.566,21750.98
2024.04.25 15:00:00,155.567,155.585,155.497,155.518,12262.57
2024.04.25 16:00:00,155.522,155.608,155.495,155.51,9834.23
2024.04.25 17:00:00,155.509,155.611,155.474,155.564,7764.34
2024.04.25 18:00:00,155.564,155.642,155.53,155.6,9273.74
2024.04.25 19:00:00,155.601,155.635,155.556,155.63,10372.42
2024.04.25 20:00:00,155.63,155.651,155.608,155.643,3805.05
2024.04.25 21:00:00,155.635,155.635,155.508,155.57,2275.95
2024.04.25 22:00:00,155.578,155.613,155.544,155.569,1594.41
2024.04.25 23:00:00,155.569,155.639,155.546,155.621,3383.95
2024.04.26 00:00:00,155.621,155.646,155.571,155.633,8123.48
2024.04.26 01:00:00,155.632,155.659,155.553,155.592,6229.78
2024.04.26 02:00:00,155.611,155.629,155.534,155.562,8822.72
2024.04.26 03:00:00,155.561,156.141,155.41,155.942,17771.85
2024.04.26 04:00:00,155.943,156.212,155.942,156.195,6760.64
2024.04.26 05:00:00,156.196,156.213,156.089,156.103,3639.58
2024.04.26 06:00:00,156.104,156.461,155.908,156.38,13997.74
2024.04.26 07:00:00,156.377,156.82,156.374,156.701,18386.23
2024.04.26 08:00:00,156.703,156.706,154.965,156.559,25660.54
2024.04.26 09:00:00,156.561,156.692,156.459,156.687,12850.05
2024.04.26 10:00:00,156.687,156.84,156.633,156.818,10494.73
2024.04.26 11:00:00,156.818,156.865,156.279,156.817,16555.42
2024.04.26 12:00:00,156.816,156.949,156.606,156.831,32834.33
2024.04.26 13:00:00,156.83,156.933,156.772,156.931,24425.94
2024.04.26 14:00:00,156.93,157.31,156.839,157.265,34934.71
2024.04.26 15:00:00,157.265,157.671,157.208,157.62,24615.92
2024.04.26 16:00:00,157.62,157.791,157.585,157.647,15184.32
2024.04.26 17:00:00,157.647,157.79,157.579,157.702,5854.34
2024.04.26 18:00:00,157.701,157.777,157.696,157.723,3634.03
2024.04.26 19:00:00,157.721,157.896,157.706,157.889,9785.42
2024.04.26 20:00:00,157.889,158.439,157.854,158.291,8913.2
2024.04.28 21:00:00,157.806,157.972,157.703,157.891,824.82
2024.04.28 22:00:00,157.897,158.431,157.897,158.223,10444.11
2024.04.28 23:00:00,158.224,158.335,158.19,158.2,6097.82
2024.04.29 00:00:00,158.201,158.302,158.048,158.192,8333.73
2024.04.29 01:00:00,158.191,160.203,158.191,159.164,20483.49
2024.04.29 02:00:00,159.167,159.472,159.086,159.369,12969.53
2024.04.29 03:00:00,159.369,159.457,159.303,159.396,6396.62
2024.04.29 04:00:00,159.396,159.594,155.187,156.292,50668
2024.04.29 05:00:00,156.303,156.938,155.043,156.792,36238.59
2024.04.29 06:00:00,156.792,157.233,156.67,157.034,27191.91
2024.04.29 07:00:00,157.029,157.184,154.523,155.561,71302.36
2024.04.29 08:00:00,155.561,155.945,155.062,155.868,31375.48
2024.04.29 09:00:00,155.882,155.958,155.455,155.735,16355.47
2024.04.29 10:00:00,155.735,155.957,155.467,155.884,14902.11
2024.04.29 11:00:00,155.882,156.383,155.83,156.225,14835.01
2024.04.29 12:00:00,156.225,156.503,156.091,156.415,21892.28
2024.04.29 13:00:00,156.417,156.728,156.25,156.711,25787.44
2024.04.29 14:00:00,156.711,156.891,156.657,156.678,22866.7
2024.04.29 15:00:00,156.68,156.75,156.578,156.715,12059.46
2024.04.29 16:00:00,156.713,156.731,155.086,155.846,25224.58
2024.04.29 17:00:00,155.83,156.167,155.752,156.094,12508.76
2024.04.29 18:00:00,156.094,156.097,155.572,155.811,14487.55
2024.04.29 19:00:00,155.81,156.094,155.809,156.037,8602.78
2024.04.29 20:00:00,156.035,156.363,156.013,156.322,4046.18
2024.04.29 21:00:00,156.322,156.322,156.138,156.268,1192.96
2024.04.29 22:00:00,156.268,156.306,156.057,156.267,6985.88
2024.04.29 23:00:00,156.269,156.387,156.17,156.332,6763.25
2024.04.30 00:00:00,156.325,156.834,156.166,156.812,16761.76
2024.04.30 01:00:00,156.811,156.999,156.562,156.855,13805.12
2024.04.30 02:00:00,156.854,156.891,156.687,156.721,7241.12
2024.04.30 03:00:00,156.721,156.869,156.706,156.734,7838.58
2024.04.30 04:00:00,156.733,156.84,156.728,156.754,8926.06
2024.04.30 05:00:00,156.754,156.829,156.703,156.826,11453.43
2024.04.30 06:00:00,156.828,156.89,156.712,156.826,16594.51
2024.04.30 07:00:00,156.825,156.948,156.472,156.864,12781.83
2024.04.30 08:00:00,156.862,156.978,156.819,156.935,7541.31
2024.04.30 09:00:00,156.935,156.956,156.874,156.925,8581.45
2024.04.30 10:00:00,156.924,156.951,156.817,156.919,6240.91
2024.04.30 11:00:00,156.919,156.955,156.899,156.955,3233.67
2024.04.30 12:00:00,156.957,157.493,156.809,157.454,19174.58
2024.04.30 13:00:00,157.454,157.539,157.305,157.423,16117.12
2024.04.30 14:00:00,157.42,157.462,157.241,157.337,13616.22
2024.04.30 15:00:00,157.336,157.573,157.311,157.545,7928.41
2024.04.30 16:00:00,157.54,157.574,157.435,157.46,3479.55
2024.04.30 17:00:00,157.46,157.642,157.444,157.566,3745.71
2024.04.30 18:00:00,157.566,157.729,157.548,157.697,4191.23
2024.04.30 19:00:00,157.697,157.76,157.675,157.707,3700.37
2024.04.30 20:00:00,157.711,157.842,157.709,157.782,3635.36
2024.04.30 21:00:00,157.782,157.782,157.633,157.7,1155.77
2024.04.30 22:00:00,157.698,157.812,157.643,157.703,9052.91
2024.04.30 23:00:00,157.703,157.751,157.68,157.747,13883.8
2024.05.01 00:00:00,157.747,157.856,157.685,157.744,18447.76
2024.05.01 01:00:00,157.743,157.848,157.734,157.801,9382.09
2024.05.01 02:00:00,157.801,157.893,157.793,157.878,7304.35
2024.05.01 03:00:00,157.882,157.932,157.84,157.914,5121.6
2024.05.01 04:00:00,157.915,157.924,157.816,157.857,5281.5
2024.05.01 05:00:00,157.855,157.918,157.824,157.916,5782.1
2024.05.01 06:00:00,157.917,157.977,157.851,157.971,10346.42
2024.05.01 07:00:00,157.971,157.985,157.866,157.88,11498.64
2024.05.01 08:00:00,157.882,157.981,157.864,157.952,5789.35
2024.05.01 09:00:00,157.953,157.967,157.898,157.916,4167.02
2024.05.01 10:00:00,157.915,157.927,157.856,157.909,7262.71
2024.05.01 11:00:00,157.909,157.91,157.863,157.874,7554.26
2024.05.01 12:00:00,157.874,157.922,157.762,157.781,12160.08
2024.05.01 13:00:00,157.779,157.814,157.507,157.594,14782.84
2024.05.01 14:00:00,157.593,157.715,157.383,157.661,23522.3
2024.05.01 15:00:00,157.661,157.735,157.586,157.646,12687.51
2024.05.01 16:00:00,157.648,157.664,157.599,157.617,7117.11
2024.05.01 17:00:00,157.616,157.668,157.561,157.636,7293.08
2024.05.01 18:00:00,157.638,157.756,157.002,157.117,43973.85
2024.05.01 19:00:00,157.116,157.488,157.104,157.477,24479.3
2024.05.01 20:00:00,157.493,157.585,152.989,154.56,48046.82
2024.05.01 21:00:00,154.5,155.337,154.224,154.248,5892.77
2024.05.01 22:00:00,154.178,155.436,154.155,155.431,15412.6
2024.05.01 23:00:00,155.431,155.756,155.202,155.727,13149.31
2024.05.02 00:00:00,155.726,156.083,155.652,156.017,13939.16
2024.05.02 01:00:00,156.015,156.283,155.927,156.082,9228.53
2024.05.02 02:00:00,156.083,156.144,155.698,155.823,11408.6
2024.05.02 03:00:00,155.825,156.101,155.785,155.943,9339.27
2024.05.02 04:00:00,155.942,156.074,155.702,155.827,9565.47
2024.05.02 05:00:00,155.828,155.89,155.59,155.697,8977.87
2024.05.02 06:00:00,155.697,155.709,155.163,155.438,15602.79
2024.05.02 07:00:00,155.437,155.523,155.202,155.498,14067.89
2024.05.02 08:00:00,155.497,155.553,155.101,155.146,16871.52
2024.05.02 09:00:00,155.146,155.311,155.021,155.264,16695.18
2024.05.02 10:00:00,155.263,155.351,155.086,155.094,14004.06
2024.05.02 11:00:00,155.091,155.172,154.668,154.741,23503.98
2024.05.02 12:00:00,154.739,154.865,154.402,154.519,37537.83
2024.05.02 13:00:00,154.518,154.785,154.345,154.4,38908.25
2024.05.02 14:00:00,154.399,154.546,154.043,154.068,43378.34
2024.05.02 15:00:00,154.067,154.15,153.472,153.782,35253.38
2024.05.02 16:00:00,153.782,153.924,153.497,153.767,24382.65
2024.05.02 17:00:00,153.771,153.811,153.239,153.379,20989.83
2024.05.02 18:00:00,153.379,153.414,153.057,153.057,17580.24
2024.05.02 19:00:00,153.056,153.318,153.056,153.188,11525.43
2024.05.02 20:00:00,153.188,153.821,153.186,153.563,8838.91
2024.05.02 21:00:00,153.538,153.767,153.512,153.682,1159.83
2024.05.02 22:00:00,153.681,153.681,153.211,153.271,7501.17
2024.05.02 23:00:00,153.271,153.297,152.876,153.134,14013.79
2024.05.03 00:00:00,153.132,153.446,152.932,153.146,17118.16
2024.05.03 01:00:00,153.146,153.232,152.748,152.841,14408.24
2024.05.03 02:00:00,152.839,153.064,152.756,153.038,12923.64
2024.05.03 03:00:00,153.038,153.142,152.937,153.006,6846.76
2024.05.03 04:00:00,153.005,153.079,152.81,152.914,8593.54
2024.05.03 05:00:00,152.919,153.063,152.847,152.993,9043.25
2024.05.03 06:00:00,152.994,153.313,152.893,153.286,22975.23
2024.05.03 07:00:00,153.284,153.302,153.15,153.298,17976.28
2024.05.03 08:00:00,153.297,153.332,153.151,153.19,16508.71
2024.05.03 09:00:00,153.19,153.199,152.95,153.051,12676.31
2024.05.03 10:00:00,153.05,153.125,153.039,153.097,13517.02
2024.05.03 11:00:00,153.097,153.236,153.088,153.202,15050.98
2024.05.03 12:00:00,153.199,153.306,151.857,152.199,48187.78
2024.05.03 13:00:00,152.206,152.629,152.169,152.511,55074.77
2024.05.03 14:00:00,152.435,153.073,152.141,152.893,33105.43
2024.05.03 15:00:00,152.891,152.956,152.736,152.857,21817.48
2024.05.03 16:00:00,152.854,152.902,152.749,152.874,10435.7
2024.05.03 17:00:00,152.874,152.957,152.841,152.901,6071.84
2024.05.03 18:00:00,152.9,152.981,152.895,152.935,13391.66
2024.05.03 19:00:00,152.936,152.959,152.842,152.889,7499.36
2024.05.03 20:00:00,152.888,153.008,152.848,153.008,4691.47
2024.05.05 21:00:00,152.886,152.906,152.764,152.784,361.16
2024.05.05 22:00:00,152.808,153.244,152.808,153.227,3807.68
2024.05.05 23:00:00,153.232,153.703,153.121,153.655,7763.35
2024.05.06 00:00:00,153.658,153.755,153.318,153.411,14167.73
2024.05.06 01:00:00,153.411,153.647,153.339,153.564,10613.05
2024.05.06 02:00:00,153.563,153.812,153.552,153.76,9369.23
2024.05.06 03:00:00,153.76,153.969,153.74,153.918,8258.14
2024.05.06 04:00:00,153.924,154.005,153.847,153.929,9209.01
2024.05.06 05:00:00,153.93,153.976,153.872,153.924,6610.09
2024.05.06 06:00:00,153.922,153.945,153.684,153.687,11088.04
2024.05.06 07:00:00,153.689,153.823,153.659,153.802,10088.44
2024.05.06 08:00:00,153.801,153.878,153.684,153.729,11996.19
2024.05.06 09:00:00,153.728,153.843,153.707,153.781,9392.86
2024.05.06 10:00:00,153.78,153.825,153.683,153.809,8018.4
2024.05.06 11:00:00,153.81,153.818,153.742,153.75,5193.46
2024.05.06 12:00:00,153.75,153.791,153.411,153.52,13515.31
2024.05.06 13:00:00,153.519,153.808,153.499,153.785,12785.32
2024.05.06 14:00:00,153.786,153.964,153.673,153.926,13917.17
2024.05.06 15:00:00,153.926,154.001,153.848,153.855,11665.88
2024.05.06 16:00:00,153.856,153.963,153.835,153.904,10225.81
2024.05.06 17:00:00,153.904,153.931,153.817,153.907,11028.03
2024.05.06 18:00:00,153.906,153.963,153.87,153.907,9485.16
2024.05.06 19:00:00,153.907,153.963,153.884,153.938,10542.92
2024.05.06 20:00:00,153.936,153.948,153.864,153.902,2862.4
2024.05.06 21:00:00,153.886,153.894,153.843,153.863,405.94
2024.05.06 22:00:00,153.863,153.959,153.856,153.954,1482.27
2024.05.06 23:00:00,153.953,154.281,153.953,154.239,4784.86
2024.05.07 00:00:00,154.239,154.288,153.88,153.938,14003.34
2024.05.07 01:00:00,153.939,154.436,153.87,154.359,16998.1
2024.05.07 02:00:00,154.358,154.592,154.349,154.549,12154.35
2024.05.07 03:00:00,154.549,154.572,154.461,154.55,11205.36
2024.05.07 04:00:00,154.551,154.649,154.423,154.477,6974
2024.05.07 05:00:00,154.476,154.551,154.381,154.543,6873.85
2024.05.07 06:00:00,154.539,154.577,154.321,154.35,12396.37
2024.05.07 07:00:00,154.35,154.44,154.079,154.113,19344.64
2024.05.07 08:00:00,154.114,154.432,153.976,154.401,20381.08
2024.05.07 09:00:00,154.401,154.615,154.392,154.559,16064.19
2024.05.07 10:00:00,154.56,154.63,154.472,154.477,10885.13
2024.05.07 11:00:00,154.476,154.56,154.378,154.525,11321.75
2024.05.07 12:00:00,154.525,154.629,154.392,154.409,14928.13
2024.05.07 13:00:00,154.411,154.488,154.248,154.401,16508.65
2024.05.07 14:00:00,154.401,154.467,154.236,154.422,15789.65
2024.05.07 15:00:00,154.421,154.594,154.361,154.592,9169.88
2024.05.07 16:00:00,154.588,154.591,154.481,154.503,6748.6
2024.05.07 17:00:00,154.501,154.672,154.458,154.647,11818.69
2024.05.07 18:00:00,154.647,154.746,154.647,154.741,8947.42
2024.05.07 19:00:00,154.743,154.743,154.627,154.635,7257.51
2024.05.07 20:00:00,154.635,154.706,154.635,154.679,3809.86
2024.05.07 21:00:00,154.669,154.673,154.496,154.589,2562.54
2024.05.07 22:00:00,154.59,154.74,154.59,154.739,2042.48
2024.05.07 23:00:00,154.739,154.84,154.731,154.771,4571.78
2024.05.08 00:00:00,154.771,154.925,154.688,154.893,14129.29
2024.05.08 01:00:00,154.894,155.183,154.883,155.135,14514.37
2024.05.08 02:00:00,155.139,155.263,155.094,155.165,7810.4
2024.05.08 03:00:00,155.167,155.219,155.07,155.162,5259.51
2024.05.08 04:00:00,155.161,155.204,155.081,155.173,5209.44
2024.05.08 05:00:00,155.173,155.26,155.158,155.172,7056.82
2024.05.08 06:00:00,155.17,155.277,155.114,155.261,14540.42
2024.05.08 07:00:00,155.26,155.36,155.202,155.327,13652.47
2024.05.08 08:00:00,155.327,155.449,155.21,155.431,17587.63
2024.05.08 09:00:00,155.432,155.51,155.279,155.392,18189.24
2024.05.08 10:00:00,155.391,155.43,155.333,155.378,9045.84
2024.05.08 11:00:00,155.378,155.516,155.353,155.491,11036.99
2024.05.08 12:00:00,155.492,155.683,155.488,155.611,13797.92
2024.05.08 13:00:00,155.608,155.651,155.504,155.637,12480.16
2024.05.08 14:00:00,155.639,155.643,155.505,155.592,11734.74
2024.05.08 15:00:00,155.59,155.621,155.341,155.424,14271.53
2024.05.08 16:00:00,155.426,155.561,155.419,155.547,14018.44
2024.05.08 17:00:00,155.544,155.601,155.51,155.546,8004.22
2024.05.08 18:00:00,155.546,155.626,155.544,155.613,7919.54
2024.05.08 19:00:00,155.612,155.658,155.605,155.633,5922.4
2024.05.08 20:00:00,155.632,155.644,155.467,155.467,4497.4
2024.05.08 21:00:00,155.467,155.544,155.419,155.482,1171.3
2024.05.08 22:00:00,155.499,155.594,155.484,155.585,2376.63
2024.05.08 23:00:00,155.583,155.595,155.346,155.376,5051.97
2024.05.09 00:00:00,155.375,155.694,155.152,155.623,19582.89
2024.05.09 01:00:00,155.624,155.665,155.431,155.577,9641.53
2024.05.09 02:00:00,155.579,155.616,155.536,155.596,7472.68
2024.05.09 03:00:00,155.596,155.618,155.511,155.552,5727.18
2024.05.09 04:00:00,155.553,155.605,155.538,155.573,4558.46
2024.05.09 05:00:00,155.572,155.653,155.541,155.623,5181.78
2024.05.09 06:00:00,155.625,155.821,155.621,155.756,7739.51
2024.05.09 07:00:00,155.756,155.846,155.712,155.837,14029.82
2024.05.09 08:00:00,155.837,155.873,155.796,155.848,12139.61
2024.05.09 09:00:00,155.849,155.951,155.843,155.912,9223.47
2024.05.09 10:00:00,155.912,155.942,155.88,155.917,7882.49
2024.05.09 11:00:00,155.918,155.947,155.82,155.879,13168.15
2024.05.09 12:00:00,155.877,155.917,155.517,155.701,19482.4
2024.05.09 13:00:00,155.702,155.797,155.569,155.645,23503.8
2024.05.09 14:00:00,155.645,155.663,155.43,155.56,18638.84
2024.05.09 15:00:00,155.558,155.728,155.503,155.683,11007.94
2024.05.09 16:00:00,155.682,155.709,155.596,155.629,8186.96
2024.05.09 17:00:00,155.63,155.642,155.508,155.554,9069.99
2024.05.09 18:00:00,155.558,155.571,155.425,155.442,8338.46
2024.05.09 19:00:00,155.444,155.497,155.409,155.427,6338.69
2024.05.09 20:00:00,155.426,155.485,155.4,155.436,3327.79
2024.05.09 21:00:00,155.434,155.487,155.434,155.469,1697.8
2024.05.09 22:00:00,155.468,155.471,155.298,155.354,3458.86
2024.05.09 23:00:00,155.355,155.403,155.264,155.394,1953.37
2024.05.10 00:00:00,155.396,155.605,155.358,155.532,12226.32
2024.05.10 01:00:00,155.532,155.689,155.46,155.684,8106.43
2024.05.10 02:00:00,155.685,155.772,155.663,155.757,6478.28
2024.05.10 03:00:00,155.758,155.758,155.686,155.731,3799.03
2024.05.10 04:00:00,155.729,155.735,155.655,155.673,4845.42
2024.05.10 05:00:00,155.674,155.682,155.573,155.625,7235.39
2024.05.10 06:00:00,155.626,155.711,155.497,155.671,16597.99
2024.05.10 07:00:00,155.672,155.779,155.65,155.687,17129.29
2024.05.10 08:00:00,155.686,155.733,155.621,155.718,10796.23
2024.05.10 09:00:00,155.717,155.748,155.663,155.711,13946.63
2024.05.10 10:00:00,155.71,155.764,155.691,155.746,13731.09
2024.05.10 11:00:00,155.745,155.775,155.679,155.741,5781.75
2024.05.10 12:00:00,155.74,155.871,155.708,155.825,16692.62
2024.05.10 13:00:00,155.824,155.849,155.601,155.63,21227.71
2024.05.10 14:00:00,155.633,155.903,155.62,155.872,23944.47
2024.05.10 15:00:00,155.871,155.895,155.824,155.853,14788.97
2024.05.10 16:00:00,155.853,155.895,155.769,155.828,8237.62
2024.05.10 17:00:00,155.826,155.842,155.751,155.84,5093.28
2024.05.10 18:00:00,155.842,155.885,155.836,155.849,5377.02
2024.05.10 19:00:00,155.845,155.847,155.763,155.774,3534.84
2024.05.10 20:00:00,155.773,155.802,155.733,155.761,2335.07
2024.05.12 21:00:00,155.629,155.697,155.629,155.656,440.5
2024.05.12 22:00:00,155.656,155.782,155.656,155.776,2609.61
2024.05.12 23:00:00,155.777,155.833,155.757,155.83,3993.24
2024.05.13 00:00:00,155.83,155.955,155.816,155.929,7964.24
2024.05.13 01:00:00,155.927,155.952,155.502,155.835,15160.09
2024.05.13 02:00:00,155.836,155.892,155.697,155.742,6896.57
2024.05.13 03:00:00,155.744,155.814,155.713,155.759,7246.02
2024.05.13 04:00:00,155.761,155.806,155.754,155.803,2333.36
2024.05.13 05:00:00,155.804,155.867,155.765,155.844,5135.91
2024.05.13 06:00:00,155.839,155.925,155.774,155.845,13550.12
2024.05.13 07:00:00,155.845,155.895,155.778,155.882,10962.85
2024.05.13 08:00:00,155.883,155.917,155.825,155.873,10314.06
2024.05.13 09:00:00,155.874,155.892,155.835,155.891,4435.56
2024.05.13 10:00:00,155.89,155.896,155.837,155.876,10590.1
2024.05.13 11:00:00,155.878,155.893,155.845,155.878,5630.36
2024.05.13 12:00:00,155.879,155.879,155.715,155.756,13021.41
2024.05.13 13:00:00,155.755,155.863,155.684,155.839,17511.69
2024.05.13 14:00:00,155.839,155.933,155.835,155.918,14439.53
2024.05.13 15:00:00,155.916,156.222,155.874,156.175,15230.45
2024.05.13 16:00:00,156.175,156.224,156.113,156.218,7393.3
2024.05.13 17:00:00,156.219,156.247,156.205,156.228,3473.57
2024.05.13 18:00:00,156.214,156.24,156.167,156.199,6445.17
2024.05.13 19:00:00,156.2,156.232,156.184,156.214,5680.79
2024.05.13 20:00:00,156.219,156.24,156.189,156.195,2059.58
2024.05.13 21:00:00,156.195,156.225,156.088,156.193,2480.85
2024.05.13 22:00:00,156.194,156.241,156.174,156.224,2353.65
2024.05.13 23:00:00,156.225,156.24,156.182,156.228,3779.17
2024.05.14 00:00:00,156.228,156.398,156.223,156.296,9172.65
2024.05.14 01:00:00,156.294,156.458,156.292,156.421,8656.25
2024.05.14 02:00:00,156.423,156.496,156.42,156.445,4016.71
2024.05.14 03:00:00,156.445,156.451,156.375,156.411,4350.28
2024.05.14 04:00:00,156.414,156.434,156.374,156.41,3066.34
2024.05.14 05:00:00,156.411,156.446,156.393,156.417,6779.01
2024.05.14 06:00:00,156.418,156.542,156.406,156.452,12787.99
2024.05.14 07:00:00,156.451,156.505,156.423,156.462,6616.55
2024.05.14 08:00:00,156.462,156.49,156.408,156.455,8657.07
2024.05.14 09:00:00,156.455,156.469,156.286,156.351,7727.29
2024.05.14 10:00:00,156.351,156.435,156.346,156.428,6599.35
2024.05.14 11:00:00,156.428,156.462,156.406,156.451,4179.5
2024.05.14 12:00:00,156.45,156.783,156.404,156.581,22389.76
2024.05.14 13:00:00,156.582,156.655,156.229,156.351,25644.28
2024.05.14 14:00:00,156.352,156.519,156.28,156.392,17040.14
2024.05.14 15:00:00,156.393,156.511,156.373,156.504,13047.49
2024.05.14 16:00:00,156.504,156.542,156.45,156.482,8083.81
2024.05.14 17:00:00,156.478,156.515,156.428,156.505,4017.68
2024.05.14 18:00:00,156.504,156.509,156.382,156.435,5754.64
2024.05.14 19:00:00,156.435,156.473,156.406,156.462,6503.84
2024.05.14 20:00:00,156.461,156.465,156.403,156.403,3147.03
2024.05.14 21:00:00,156.403,156.434,156.391,156.417,1077.17
2024.05.14 22:00:00,156.418,156.48,156.391,156.434,1898.11
2024.05.14 23:00:00,156.434,156.524,156.423,156.521,2220.69
2024.05.15 00:00:00,156.521,156.56,156.384,156.389,8838.89
2024.05.15 01:00:00,156.387,156.446,156.306,156.385,5297.33
2024.05.15 02:00:00,156.385,156.478,156.385,156.46,5841.07
2024.05.15 03:00:00,156.461,156.463,156.386,156.395,3645.92
2024.05.15 04:00:00,156.393,156.395,156.342,156.358,3510.53
2024.05.15 05:00:00,156.358,156.364,156.172,156.235,9097.33
2024.05.15 06:00:00,156.236,156.39,156.226,156.255,11932.18
2024.05.15 07:00:00,156.255,156.284,155.959,156.097,14404.86
2024.05.15 08:00:00,156.098,156.121,155.573,155.649,22826.71
2024.05.15 09:00:00,155.647,155.846,155.601,155.828,15043.38
2024.05.15 10:00:00,155.828,155.879,155.7,155.737,12684.56
2024.05.15 11:00:00,155.735,155.756,155.572,155.674,14694.31
2024.05.15 12:00:00,155.675,155.687,154.75,155.116,39586.17
2024.05.15 13:00:00,155.118,155.802,155.026,155.738,27853.06
2024.05.15 14:00:00,155.741,155.761,155.294,155.312,22931.42
2024.05.15 15:00:00,155.312,155.35,154.74,155.024,28480.52
2024.05.15 16:00:00,155.024,155.127,154.833,154.98,18702.03
2024.05.15 17:00:00,154.981,155.004,154.69,154.746,15611.88
2024.05.15 18:00:00,154.745,155.025,154.731,154.908,9647.84
2024.05.15 19:00:00,154.906,155.02,154.863,154.967,10538.06
2024.05.15 20:00:00,154.968,154.969,154.823,154.863,3900.36
2024.05.15 21:00:00,154.862,154.862,154.73,154.768,2140.01
2024.05.15 22:00:00,154.773,154.804,154.502,154.557,7466.05
2024.05.15 23:00:00,154.556,154.677,154.151,154.3,13598.36
2024.05.16 00:00:00,154.301,154.534,153.598,153.66,27540.84
2024.05.16 01:00:00,153.66,154.123,153.626,154.095,19492.51
2024.05.16 02:00:00,154.095,154.311,153.829,154.005,16790.06
2024.05.16 03:00:00,154.006,154.081,153.892,153.97,7983.38
2024.05.16 04:00:00,153.969,154.05,153.802,153.935,8922.46
2024.05.16 05:00:00,153.933,154.193,153.848,154.175,9422.49
2024.05.16 06:00:00,154.175,154.379,154.111,154.363,15390.42
2024.05.16 07:00:00,154.36,154.449,154.277,154.414,15867.77
2024.05.16 08:00:00,154.416,154.81,154.334,154.712,18521.25
2024.05.16 09:00:00,154.713,154.784,154.634,154.673,15727.89
2024.05.16 10:00:00,154.675,154.738,154.61,154.672,14394.91
2024.05.16 11:00:00,154.672,154.942,154.653,154.877,13613.22
2024.05.16 12:00:00,154.876,155.336,154.608,155.307,27375.65
2024.05.16 13:00:00,155.309,155.532,155.261,155.463,31784.39
2024.05.16 14:00:00,155.463,155.491,155.226,155.301,23965.45
2024.05.16 15:00:00,155.301,155.327,155.159,155.255,13277.4
2024.05.16 16:00:00,155.256,155.355,155.238,155.265,9631.01
2024.05.16 17:00:00,155.263,155.297,155.211,155.252,8503.47
2024.05.16 18:00:00,155.251,155.332,155.237,155.327,6217.84
2024.05.16 19:00:00,155.328,155.422,155.313,155.417,9813.01
2024.05.16 20:00:00,155.417,155.432,155.356,155.363,1661.5
2024.05.16 21:00:00,155.363,155.381,155.332,155.343,2994.18
2024.05.16 22:00:00,155.342,155.43,155.313,155.382,2251.93
2024.05.16 23:00:00,155.381,155.454,155.345,155.399,5231.53
2024.05.17 00:00:00,155.397,155.589,155.348,155.445,12745.68
2024.05.17 01:00:00,155.445,155.868,155.417,155.819,19971.63
2024.05.17 02:00:00,155.818,155.927,155.777,155.873,7933.72
2024.05.17 03:00:00,155.873,155.899,155.777,155.792,8372.46
2024.05.17 04:00:00,155.793,155.851,155.731,155.807,7535.99
2024.05.17 05:00:00,155.801,155.849,155.714,155.797,8146.02
2024.05.17 06:00:00,155.799,155.801,155.595,155.646,13821.13
2024.05.17 07:00:00,155.65,155.837,155.622,155.822,12743.73
2024.05.17 08:00:00,155.823,155.977,155.817,155.864,12465.69
2024.05.17 09:00:00,155.865,155.908,155.78,155.836,7734.43
2024.05.17 10:00:00,155.839,155.906,155.803,155.838,7488.48
2024.05.17 11:00:00,155.839,155.917,155.825,155.854,7802.16
2024.05.17 12:00:00,155.853,155.892,155.711,155.786,14249.43
2024.05.17 13:00:00,155.786,155.797,155.68,155.742,14697.87
2024.05.17 14:00:00,155.739,155.745,155.342,155.403,17833.36
2024.05.17 15:00:00,155.404,155.577,155.247,155.576,17065.3
2024.05.17 16:00:00,155.575,155.633,155.465,155.623,10969.32
2024.05.17 17:00:00,155.623,155.687,155.582,155.667,10230.68
2024.05.17 18:00:00,155.664,155.684,155.608,155.675,7132.7
2024.05.17 19:00:00,155.675,155.693,155.619,155.672,2572.69
2024.05.17 20:00:00,155.674,155.722,155.572,155.603,2856.16
2024.05.19 21:00:00,155.534,155.678,155.525,155.613,497.28
2024.05.19 22:00:00,155.613,155.722,155.555,155.695,2341.96
2024.05.19 23:00:00,155.695,155.819,155.686,155.763,3908.93
2024.05.20 00:00:00,155.763,155.877,155.732,155.871,9690.88
2024.05.20 01:00:00,155.872,155.935,155.8,155.866,13481.33
2024.05.20 02:00:00,155.863,155.893,155.777,155.813,9415.45
2024.05.20 03:00:00,155.814,155.834,155.679,155.721,6577.69
2024.05.20 04:00:00,155.721,155.784,155.665,155.77,7815.64
2024.05.20 05:00:00,155.765,155.798,155.64,155.702,7241.89
2024.05.20 06:00:00,155.703,155.783,155.66,155.741,11754.88
2024.05.20 07:00:00,155.741,155.76,155.493,155.732,14659.11
2024.05.20 08:00:00,155.733,155.785,155.654,155.682,13683.97
2024.05.20 09:00:00,155.682,155.709,155.634,155.709,8676.52
2024.05.20 10:00:00,155.71,155.726,155.656,155.703,7028.01
2024.05.20 11:00:00,155.703,155.758,155.696,155.745,10447.06
2024.05.20 12:00:00,155.746,156.231,155.731,156.15,28899.34
2024.05.20 13:00:00,156.151,156.184,156.042,156.081,19315.37
2024.05.20 14:00:00,156.082,156.182,155.996,156.066,11176.33
2024.05.20 15:00:00,156.066,156.154,156.055,156.094,9848.63
2024.05.20 16:00:00,156.094,156.114,156.069,156.106,8117.53
2024.05.20 17:00:00,156.106,156.177,156.048,156.176,7023.44
2024.05.20 18:00:00,156.175,156.269,156.165,156.268,5988.93
2024.05.20 19:00:00,156.27,156.301,156.244,156.289,7122.47
2024.05.20 20:00:00,156.29,156.298,156.231,156.239,1746.81
2024.05.20 21:00:00,156.234,156.234,156.152,156.211,521.55
2024.05.20 22:00:00,156.212,156.288,156.204,156.263,1820.05
2024.05.20 23:00:00,156.263,156.402,156.26,156.401,6253.72
2024.05.21 00:00:00,156.4,156.465,156.34,156.425,14162.75
2024.05.21 01:00:00,156.429,156.492,156.418,156.479,12897
2024.05.21 02:00:00,156.48,156.496,156.394,156.433,10515.2
2024.05.21 03:00:00,156.431,156.491,156.406,156.475,10599.12
2024.05.21 04:00:00,156.477,156.545,156.405,156.447,12038.08
2024.05.21 05:00:00,156.446,156.47,156.295,156.376,11204.88
2024.05.21 06:00:00,156.375,156.376,156.103,156.245,31450.44
2024.05.21 07:00:00,156.247,156.273,156.028,156.232,22997.13
2024.05.21 08:00:00,156.232,156.293,156.135,156.257,15915.25
2024.05.21 09:00:00,156.257,156.276,156.083,156.118,15780.5
2024.05.21 10:00:00,156.117,156.246,156.1,156.218,14888.34
2024.05.21 11:00:00,156.217,156.321,156.209,156.225,16946.36
2024.05.21 12:00:00,156.226,156.393,156.188,156.241,27709.17
2024.05.21 13:00:00,156.242,156.432,155.955,156.049,39764.05
2024.05.21 14:00:00,156.049,156.147,155.841,155.945,32752.78
2024.05.21 15:00:00,155.947,156.146,155.947,156.081,19751.71
2024.05.21 16:00:00,156.081,156.186,156.07,156.122,6567.19
2024.05.21 17:00:00,156.119,156.25,156.106,156.219,9331.67
2024.05.21 18:00:00,156.219,156.247,156.174,156.213,11988.56
2024.05.21 19:00:00,156.214,156.25,156.135,156.168,9705.09
2024.05.21 20:00:00,156.168,156.214,156.147,156.147,2318.36
2024.05.21 21:00:00,156.147,156.162,156.07,156.127,593.54
2024.05.21 22:00:00,156.12,156.182,156.114,156.176,1380.68
2024.05.21 23:00:00,156.18,156.288,156.175,156.271,4284.1
2024.05.22 00:00:00,156.271,156.287,156.139,156.272,11012.4
2024.05.22 01:00:00,156.271,156.349,156.248,156.254,8921.1
2024.05.22 02:00:00,156.254,156.305,156.205,156.299,6890.7
2024.05.22 03:00:00,156.298,156.321,156.275,156.31,2506.5
2024.05.22 04:00:00,156.312,156.387,156.293,156.353,2227.8
2024.05.22 05:00:00,156.351,156.383,156.282,156.296,6080.02
2024.05.22 06:00:00,156.296,156.471,156.284,156.375,10313.98
2024.05.22 07:00:00,156.376,156.459,156.375,156.401,6662.99
2024.05.22 08:00:00,156.399,156.508,156.382,156.476,11020.24
2024.05.22 09:00:00,156.477,156.516,156.412,156.437,13853.56
2024.05.22 10:00:00,156.438,156.468,156.389,156.424,7679.45
2024.05.22 11:00:00,156.423,156.615,156.411,156.583,16451.34
2024.05.22 12:00:00,156.583,156.601,156.508,156.542,19411.16
2024.05.22 13:00:00,156.544,156.547,156.347,156.432,18753.37
2024.05.22 14:00:00,156.431,156.546,156.376,156.521,21005.16
2024.05.22 15:00:00,156.521,156.556,156.465,156.5,11748.42
2024.05.22 16:00:00,156.501,156.519,156.457,156.49,7851.14
2024.05.22 17:00:00,156.49,156.545,156.445,156.478,9636.39
2024.05.22 18:00:00,156.48,156.637,156.48,156.632,12564.13
2024.05.22 19:00:00,156.633,156.724,156.628,156.706,7351.46
2024.05.22 20:00:00,156.706,156.84,156.705,156.769,5672.56
2024.05.22 21:00:00,156.769,156.769,156.658,156.668,2075.98
2024.05.22 22:00:00,156.667,156.787,156.654,156.743,3857.32
2024.05.22 23:00:00,156.743,156.761,156.656,156.732,6082.6
2024.05.23 00:00:00,156.733,156.828,156.684,156.799,12929.8
2024.05.23 01:00:00,156.797,156.902,156.736,156.744,11372.8
2024.05.23 02:00:00,156.743,156.798,156.644,156.732,6728.65
2024.05.23 03:00:00,156.738,156.788,156.717,156.758,3668.51
2024.05.23 04:00:00,156.759,156.786,156.691,156.716,4595.28
2024.05.23 05:00:00,156.717,156.748,156.668,156.722,5722.56
2024.05.23 06:00:00,156.721,156.746,156.576,156.645,11977.42
2024.05.23 07:00:00,156.645,156.777,156.556,156.756,13158.73
2024.05.23 08:00:00,156.757,156.791,156.709,156.756,7920.16
2024.05.23 09:00:00,156.757,156.783,156.645,156.666,8485.79
2024.05.23 10:00:00,156.665,156.727,156.636,156.708,10605.84
2024.05.23 11:00:00,156.709,156.724,156.557,156.586,11794.46
2024.05.23 12:00:00,156.585,156.757,156.528,156.751,19825.95
2024.05.23 13:00:00,156.751,157.138,156.672,157.089,26019.38
2024.05.23 14:00:00,157.085,157.194,156.535,156.993,39607.31
2024.05.23 15:00:00,156.992,157.141,156.98,157.055,19558.75
2024.05.23 16:00:00,157.055,157.071,156.961,157.046,9333.57
2024.05.23 17:00:00,157.047,157.064,156.935,156.942,11554.36
2024.05.23 18:00:00,156.941,156.962,156.826,156.894,8940.34
2024.05.23 19:00:00,156.898,156.935,156.857,156.876,3522.3
2024.05.23 20:00:00,156.877,156.975,156.857,156.88,2232.76
2024.05.23 21:00:00,156.879,157,156.871,156.955,2507.56
2024.05.23 22:00:00,156.952,157.011,156.92,157.005,2964.45
2024.05.23 23:00:00,157.006,157.007,156.92,156.991,2260.08
2024.05.24 00:00:00,156.991,157.135,156.92,157.036,13088.28
2024.05.24 01:00:00,157.035,157.105,156.992,157.099,5147.32
2024.05.24 02:00:00,157.098,157.145,157.061,157.062,4843.07
2024.05.24 03:00:00,157.064,157.096,157.043,157.054,2207.61
2024.05.24 04:00:00,157.054,157.091,157.018,157.079,3251.83
2024.05.24 05:00:00,157.078,157.117,157.04,157.078,4771.5
2024.05.24 06:00:00,157.08,157.092,156.996,157.037,8089.08
2024.05.24 07:00:00,157.038,157.068,157.016,157.056,3586.41
2024.05.24 08:00:00,157.053,157.088,157.003,157.025,6415.01
2024.05.24 09:00:00,157.027,157.032,156.967,157.017,8415.44
2024.05.24 10:00:00,157.016,157.032,156.932,156.979,7055.88
2024.05.24 11:00:00,156.977,157.045,156.956,157.029,5919.94
2024.05.24 12:00:00,157.028,157.126,157.004,157.073,21806.99
2024.05.24 13:00:00,157.074,157.127,157.029,157.072,19157.8
2024.05.24 14:00:00,157.057,157.061,156.912,156.987,18332.04
2024.05.24 15:00:00,156.987,156.992,156.846,156.903,11241.26
2024.05.24 16:00:00,156.905,156.934,156.82,156.913,9831.31
2024.05.24 17:00:00,156.914,156.966,156.881,156.955,5714.75
2024.05.24 18:00:00,156.954,156.988,156.909,156.977,6514.89
2024.05.24 19:00:00,156.977,156.994,156.928,156.93,3164.87
2024.05.24 20:00:00,156.93,156.986,156.902,156.943,2058.19
2024.05.26 21:00:00,156.806,156.944,156.806,156.868,741.78
2024.05.26 22:00:00,156.908,156.943,156.787,156.855,2357.89
2024.05.26 23:00:00,156.856,156.914,156.82,156.866,2768.21
2024.05.27 00:00:00,156.867,156.926,156.75,156.83,4891.13
2024.05.27 01:00:00,156.831,156.846,156.678,156.806,9592.89
2024.05.27 02:00:00,156.805,156.805,156.689,156.726,3110.29
2024.05.27 03:00:00,156.727,156.767,156.661,156.703,4863.57
2024.05.27 04:00:00,156.702,156.778,156.687,156.769,2904.72
2024.05.27 05:00:00,156.771,156.797,156.726,156.76,4492.98
2024.05.27 06:00:00,156.761,156.842,156.747,156.821,11524.89
2024.05.27 07:00:00,156.82,156.956,156.82,156.909,6814.08
2024.05.27 08:00:00,156.909,156.948,156.865,156.947,4649.1
2024.05.27 09:00:00,156.948,156.949,156.878,156.892,5242.39
2024.05.27 10:00:00,156.892,156.892,156.844,156.857,5246.36
2024.05.27 11:00:00,156.858,156.892,156.819,156.877,8654.1
2024.05.27 12:00:00,156.878,156.893,156.818,156.821,9029.3
2024.05.27 13:00:00,156.821,156.832,156.758,156.818,7463.02
2024.05.27 14:00:00,156.816,156.829,156.722,156.722,5588.07
2024.05.27 15:00:00,156.722,156.872,156.705,156.866,9307.96
2024.05.27 16:00:00,156.867,156.913,156.856,156.895,6714.85
2024.05.27 17:00:00,156.897,156.911,156.863,156.868,3401.02
2024.05.27 18:00:00,156.867,156.875,156.843,156.868,6777.42
2024.05.27 19:00:00,156.868,156.879,156.843,156.879,2647.03
2024.05.27 20:00:00,156.881,156.929,156.81,156.811,3424.6
2024.05.27 21:00:00,156.83,156.88,156.797,156.854,992.4
2024.05.27 22:00:00,156.855,156.947,156.842,156.921,1575.03
2024.05.27 23:00:00,156.919,156.943,156.832,156.836,2108.62
2024.05.28 00:00:00,156.838,156.898,156.779,156.895,6624.22
2024.05.28 01:00:00,156.896,156.928,156.733,156.779,7588.08
2024.05.28 02:00:00,156.787,156.792,156.689,156.755,5721.68
2024.05.28 03:00:00,156.752,156.768,156.623,156.657,5087.73
2024.05.28 04:00:00,156.656,156.721,156.618,156.686,5018.27
2024.05.28 05:00:00,156.686,156.869,156.654,156.833,7213.77
2024.05.28 06:00:00,156.837,156.893,156.785,156.883,9771.31
2024.05.28 07:00:00,156.884,156.921,156.843,156.893,10502.88
2024.05.28 08:00:00,156.892,156.954,156.857,156.869,11381.8
2024.05.28 09:00:00,156.868,156.992,156.868,156.942,12733.14
2024.05.28 10:00:00,156.941,156.947,156.819,156.863,7690.56
2024.05.28 11:00:00,156.863,156.887,156.772,156.8,5852.26
2024.05.28 12:00:00,156.801,156.801,156.654,156.677,16073.95
2024.05.28 13:00:00,156.684,156.844,156.579,156.812,20389.6
2024.05.28 14:00:00,156.813,156.959,156.813,156.865,21096.12
2024.05.28 15:00:00,156.866,156.955,156.829,156.904,12244.18
2024.05.28 16:00:00,156.906,156.997,156.875,156.966,7406.18
2024.05.28 17:00:00,156.966,157.126,156.964,157.095,10656.23
2024.05.28 18:00:00,157.095,157.155,157.086,157.154,11410.27
2024.05.28 19:00:00,157.153,157.156,157.105,157.137,8532.58
2024.05.28 20:00:00,157.137,157.198,157.129,157.138,2406.28
2024.05.28 21:00:00,157.138,157.162,157.101,157.157,894.55
2024.05.28 22:00:00,157.158,157.263,157.137,157.215,1818.57
2024.05.28 23:00:00,157.214,157.286,157.212,157.271,2486.86
2024.05.29 00:00:00,157.272,157.405,157.261,157.372,7329.22
2024.05.29 01:00:00,157.375,157.386,157.219,157.245,6517.71
2024.05.29 02:00:00,157.247,157.305,157.205,157.292,6284.41
2024.05.29 03:00:00,157.291,157.333,157.269,157.313,3621.92
2024.05.29 04:00:00,157.314,157.346,157.228,157.253,6658.21
2024.05.29 05:00:00,157.253,157.269,157.202,157.222,4202.68
2024.05.29 06:00:00,157.223,157.231,156.894,157.095,22395.11
2024.05.29 07:00:00,157.097,157.154,157.019,157.151,12154.42
2024.05.29 08:00:00,157.148,157.187,157.066,157.099,10201.61
2024.05.29 09:00:00,157.098,157.174,157.094,157.158,10915.63
2024.05.29 10:00:00,157.157,157.281,157.154,157.231,11669.24
2024.05.29 11:00:00,157.232,157.292,157.196,157.269,11996.9
2024.05.29 12:00:00,157.266,157.292,157.157,157.195,12077.69
2024.05.29 13:00:00,157.195,157.386,157.164,157.342,16636.87
2024.05.29 14:00:00,157.34,157.499,157.309,157.497,13529.23
2024.05.29 15:00:00,157.497,157.639,157.437,157.625,18755.53
2024.05.29 16:00:00,157.627,157.704,157.612,157.682,10597.72
2024.05.29 17:00:00,157.682,157.707,157.623,157.634,8681.81
2024.05.29 18:00:00,157.635,157.682,157.622,157.668,2532.3
2024.05.29 19:00:00,157.668,157.698,157.639,157.687,7059.69
2024.05.29 20:00:00,157.687,157.703,157.625,157.625,2406.93
2024.05.29 21:00:00,157.607,157.629,157.557,157.582,1733.67
2024.05.29 22:00:00,157.582,157.667,157.578,157.638,2465.32
2024.05.29 23:00:00,157.637,157.663,157.591,157.626,6412.55
2024.05.30 00:00:00,157.624,157.625,157.303,157.362,18014.85
2024.05.30 01:00:00,157.362,157.452,157.35,157.449,11376.4
2024.05.30 02:00:00,157.451,157.453,157.309,157.34,6893.01
2024.05.30 03:00:00,157.341,157.429,157.26,157.377,4745.84
2024.05.30 04:00:00,157.374,157.382,157.123,157.183,8950.61
2024.05.30 05:00:00,157.188,157.224,156.9,156.961,11836.75
2024.05.30 06:00:00,156.96,156.971,156.701,156.74,24471.11
2024.05.30 07:00:00,156.739,157.007,156.534,156.968,22044.77
2024.05.30 08:00:00,156.968,157.112,156.904,156.944,17939.93
2024.05.30 09:00:00,156.942,156.979,156.844,156.915,16308.61
2024.05.30 10:00:00,156.916,157.089,156.916,156.922,10488.32
2024.05.30 11:00:00,156.923,156.923,156.678,156.728,15844.89
2024.05.30 12:00:00,156.727,156.854,156.567,156.646,23493.9
2024.05.30 13:00:00,156.646,156.765,156.37,156.725,36386.02
2024.05.30 14:00:00,156.725,156.843,156.526,156.591,22872.83
2024.05.30 15:00:00,156.591,156.704,156.578,156.638,17595.2
2024.05.30 16:00:00,156.638,156.731,156.635,156.697,5594.98
2024.05.30 17:00:00,156.696,156.753,156.664,156.749,6344.73
2024.05.30 18:00:00,156.75,156.831,156.75,156.823,8736.24
2024.05.30 19:00:00,156.828,156.856,156.797,156.842,10823.79
2024.05.30 20:00:00,156.844,156.877,156.797,156.802,2351.16
2024.05.30 21:00:00,156.778,156.797,156.741,156.779,1847.99
2024.05.30 22:00:00,156.777,156.851,156.735,156.8,2738.54
2024.05.30 23:00:00,156.799,156.995,156.783,156.992,5164.18
2024.05.31 00:00:00,156.991,157.023,156.603,156.739,14287.08
2024.05.31 01:00:00,156.738,156.923,156.636,156.677,17097.11
2024.05.31 02:00:00,156.678,156.827,156.571,156.811,13138.7
2024.05.31 03:00:00,156.81,156.875,156.721,156.804,12003.41
2024.05.31 04:00:00,156.803,156.85,156.671,156.701,11488.29
2024.05.31 05:00:00,156.701,156.834,156.69,156.801,12589.77
2024.05.31 06:00:00,156.801,156.96,156.785,156.93,13620.77
2024.05.31 07:00:00,156.927,157.151,156.926,157.141,18971.58
2024.05.31 08:00:00,157.14,157.33,157.062,157.296,18854.27
2024.05.31 09:00:00,157.296,157.353,157.241,157.329,13540.39
2024.05.31 10:00:00,157.329,157.364,157.213,157.238,9295.1
2024.05.31 11:00:00,157.237,157.239,157.124,157.167,8730.6
2024.05.31 12:00:00,157.171,157.191,156.75,156.856,26782.4
2024.05.31 13:00:00,156.858,156.951,156.679,156.694,22533.22
2024.05.31 14:00:00,156.695,157.165,156.557,157.159,33211.25
2024.05.31 15:00:00,157.156,157.278,157.08,157.19,23778.69
2024.05.31 16:00:00,157.191,157.246,157.148,157.18,11672.02
2024.05.31 17:00:00,157.179,157.247,157.179,157.218,7117.53
2024.05.31 18:00:00,157.219,157.271,157.172,157.265,4407.39
2024.05.31 19:00:00,157.263,157.345,157.224,157.264,4695.85
2024.05.31 20:00:00,157.264,157.344,157.234,157.279,4934.07
2024.06.02 21:00:00,157.124,157.242,157.11,157.168,1690.65
2024.06.02 22:00:00,157.167,157.338,157.167,157.287,4960.22
2024.06.02 23:00:00,157.286,157.298,157.127,157.182,5329.14
2024.06.03 00:00:00,157.182,157.309,157.048,157.088,12414.18
2024.06.03 01:00:00,157.087,157.149,156.994,157.061,9835.22
2024.06.03 02:00:00,157.059,157.252,157.054,157.233,9162.27
2024.06.03 03:00:00,157.233,157.47,157.204,157.419,15268.06
2024.06.03 04:00:00,157.421,157.447,157.37,157.411,11748.29
2024.06.03 05:00:00,157.413,157.461,157.365,157.41,8711.74
2024.06.03 06:00:00,157.411,157.413,157.24,157.254,12484.73
2024.06.03 07:00:00,157.253,157.292,157.111,157.136,11722.69
2024.06.03 08:00:00,157.137,157.139,157.004,157.056,15858.38
2024.06.03 09:00:00,157.056,157.146,157.029,157.07,10835.97
2024.06.03 10:00:00,157.07,157.075,156.734,156.739,14409.83
2024.06.03 11:00:00,156.74,156.881,156.636,156.857,19128.42
2024.06.03 12:00:00,156.855,156.937,156.689,156.779,17331.27
2024.06.03 13:00:00,156.78,156.837,156.639,156.645,20490.12
2024.06.03 14:00:00,156.615,156.615,156.13,156.195,33241
2024.06.03 15:00:00,156.197,156.238,155.948,156.038,19444.52
2024.06.03 16:00:00,156.039,156.16,156.017,156.068,12512.1
2024.06.03 17:00:00,156.068,156.183,156.037,156.182,11793.46
2024.06.03 18:00:00,156.182,156.27,156.177,156.223,16914.66
2024.06.03 19:00:00,156.222,156.286,156.205,156.234,10405.01
2024.06.03 20:00:00,156.237,156.251,156.023,156.037,4899.27
2024.06.03 21:00:00,156.038,156.108,156.026,156.108,1507.26
2024.06.03 22:00:00,156.106,156.159,156.056,156.152,1482.73
2024.06.03 23:00:00,156.159,156.239,155.988,156.089,5519.12
2024.06.04 00:00:00,156.091,156.406,155.98,156.386,15767.49
2024.06.04 01:00:00,156.388,156.484,156.312,156.462,10514.74
2024.06.04 02:00:00,156.461,156.463,156.319,156.373,7632.68
2024.06.04 03:00:00,156.373,156.424,156.311,156.385,6313.81
2024.06.04 04:00:00,156.386,156.417,156.25,156.296,6226.9
2024.06.04 05:00:00,156.297,156.303,156.091,156.194,9330.9
2024.06.04 06:00:00,156.194,156.205,155.802,155.95,21528.55
2024.06.04 07:00:00,155.948,155.959,155.361,155.387,32767.55
2024.06.04 08:00:00,155.386,155.47,155.212,155.301,29825.23
2024.06.04 09:00:00,155.301,155.373,155.031,155.149,31012.92
2024.06.04 10:00:00,155.151,155.193,154.702,154.929,30268.4
2024.06.04 11:00:00,154.931,155.227,154.85,154.865,21071.14
2024.06.04 12:00:00,154.867,155.141,154.72,155.121,39390.54
2024.06.04 13:00:00,155.12,155.204,154.803,154.866,33808.75
2024.06.04 14:00:00,154.867,155.248,154.548,154.88,47470.87
2024.06.04 15:00:00,154.88,155.023,154.758,154.873,25276.64
2024.06.04 16:00:00,154.872,154.872,154.745,154.782,15983.87
2024.06.04 17:00:00,154.781,154.826,154.548,154.6,12119.44
2024.06.04 18:00:00,154.602,154.748,154.595,154.709,9427.82
2024.06.04 19:00:00,154.71,154.785,154.703,154.77,9431.76
2024.06.04 20:00:00,154.771,154.91,154.769,154.853,3371.7
2024.06.04 21:00:00,154.852,154.885,154.769,154.807,2228.25
2024.06.04 22:00:00,154.808,154.862,154.771,154.853,1167.54
2024.06.04 23:00:00,154.853,155.18,154.818,155.116,6112.41
2024.06.05 00:00:00,155.113,155.435,155.094,155.223,25768.77
2024.06.05 01:00:00,155.226,155.391,155.218,155.361,17495.14
2024.06.05 02:00:00,155.361,155.479,155.359,155.476,16405.67
2024.06.05 03:00:00,155.477,155.593,155.359,155.485,13951.74
2024.06.05 04:00:00,155.484,155.614,155.443,155.584,10514.82
2024.06.05 05:00:00,155.583,155.706,155.535,155.642,13326.81
2024.06.05 06:00:00,155.643,155.922,155.617,155.897,16688.71
2024.06.05 07:00:00,155.898,156.185,155.86,156.142,28154.59
2024.06.05 08:00:00,156.146,156.299,156.079,156.247,15003.14
2024.06.05 09:00:00,156.247,156.304,156.028,156.041,19322.93
2024.06.05 10:00:00,156.039,156.166,155.957,156.068,14564.31
2024.06.05 11:00:00,156.069,156.208,156.021,156.145,15259.93
2024.06.05 12:00:00,156.144,156.197,155.941,156.093,32337.06
2024.06.05 13:00:00,156.092,156.175,155.684,155.684,33764
2024.06.05 14:00:00,155.708,156.485,155.708,156.314,42609.12
2024.06.05 15:00:00,156.314,156.314,156.08,156.209,23577.87
2024.06.05 16:00:00,156.209,156.242,156.1,156.123,11576.61
2024.06.05 17:00:00,156.122,156.149,156.068,156.102,5725.75
2024.06.05 18:00:00,156.101,156.157,156.069,156.096,8358.99
2024.06.05 19:00:00,156.097,156.132,156.068,156.087,5377.83
2024.06.05 20:00:00,156.088,156.157,156.07,156.078,3352.29
2024.06.05 21:00:00,156.079,156.079,155.959,156.037,742.56
2024.06.05 22:00:00,156.037,156.111,155.851,155.885,2484.73
2024.06.05 23:00:00,155.883,156.019,155.799,155.913,5469.3
2024.06.06 00:00:00,155.912,155.925,155.595,155.647,11673.38
2024.06.06 01:00:00,155.648,155.723,155.354,155.646,14186.83
2024.06.06 02:00:00,155.647,155.703,155.427,155.649,9443.21
2024.06.06 03:00:00,155.651,155.689,155.528,155.569,7566.22
2024.06.06 04:00:00,155.568,155.944,155.564,155.732,11078.63
2024.06.06 05:00:00,155.73,155.956,155.708,155.908,8526.66
2024.06.06 06:00:00,155.908,156.179,155.812,156.064,18185.57
2024.06.06 07:00:00,156.063,156.308,156.03,156.279,11701.27
2024.06.06 08:00:00,156.278,156.379,156.118,156.16,13412.35
2024.06.06 09:00:00,156.16,156.206,155.911,155.97,11900.32
2024.06.06 10:00:00,155.968,156.1,155.895,156.036,10447.81
2024.06.06 11:00:00,156.038,156.232,156.029,156.192,7760.7
2024.06.06 12:00:00,156.191,156.341,155.872,156.281,22667.39
2024.06.06 13:00:00,156.28,156.445,155.904,156.138,19275.02
2024.06.06 14:00:00,156.137,156.344,155.998,156.029,17118.19
2024.06.06 15:00:00,156.028,156.089,155.932,155.978,14380.93
2024.06.06 16:00:00,155.979,156.065,155.773,155.798,10615.18
2024.06.06 17:00:00,155.802,155.868,155.711,155.759,9767.43
2024.06.06 18:00:00,155.76,155.785,155.65,155.673,10296.24
2024.06.06 19:00:00,155.671,155.738,155.471,155.609,11276.08
2024.06.06 20:00:00,155.611,155.658,155.565,155.58,5002.21
2024.06.06 21:00:00,155.58,155.693,155.507,155.587,3153.48
2024.06.06 22:00:00,155.588,155.615,155.55,155.613,1770.5
2024.06.06 23:00:00,155.613,155.714,155.577,155.678,3991.59
2024.06.07 00:00:00,155.676,155.849,155.579,155.775,11295.71
2024.06.07 01:00:00,155.774,155.934,155.658,155.681,14440.29
2024.06.07 02:00:00,155.681,155.844,155.671,155.813,6904.56
2024.06.07 03:00:00,155.812,155.824,155.736,155.752,6872.24
2024.06.07 04:00:00,155.752,155.759,155.492,155.578,10054.14
2024.06.07 05:00:00,155.577,155.698,155.444,155.508,13682.01
2024.06.07 06:00:00,155.51,155.533,155.13,155.359,30712.45
2024.06.07 07:00:00,155.359,155.437,155.119,155.418,18380.66
2024.06.07 08:00:00,155.419,155.565,155.312,155.356,23960.07
2024.06.07 09:00:00,155.357,155.493,155.33,155.483,12945.21
2024.06.07 10:00:00,155.481,155.598,155.452,155.573,11251.04
2024.06.07 11:00:00,155.573,155.636,155.428,155.59,18429.44
2024.06.07 12:00:00,155.59,156.876,155.309,156.776,46008.87
2024.06.07 13:00:00,156.777,156.98,156.622,156.956,40501.13
2024.06.07 14:00:00,156.956,157.076,156.779,156.87,31798.15
2024.06.07 15:00:00,156.869,156.886,156.423,156.596,27718.02
2024.06.07 16:00:00,156.596,156.684,156.513,156.663,19553.14
2024.06.07 17:00:00,156.663,156.735,156.572,156.605,10185.02
2024.06.07 18:00:00,156.604,156.691,156.565,156.634,9065.15
2024.06.07 19:00:00,156.634,156.763,156.619,156.746,5556.74
2024.06.07 20:00:00,156.746,156.767,156.674,156.7,2707.3
2024.06.09 21:00:00,156.717,156.807,156.564,156.708,1694.34
2024.06.09 22:00:00,156.708,156.94,156.702,156.896,4216.77
2024.06.09 23:00:00,156.901,156.909,156.801,156.822,6048.19
2024.06.10 00:00:00,156.821,156.966,156.719,156.838,19050.06
2024.06.10 01:00:00,156.836,156.979,156.771,156.902,14244.24
2024.06.10 02:00:00,156.902,156.994,156.884,156.979,14463.87
2024.06.10 03:00:00,156.981,157.193,156.972,157.151,16101.17
2024.06.10 04:00:00,157.149,157.18,157.024,157.123,10903.63
2024.06.10 05:00:00,157.12,157.17,157.024,157.068,10488.65
2024.06.10 06:00:00,157.065,157.181,157.006,157.103,14606.71
2024.06.10 07:00:00,157.101,157.101,156.93,157.001,19963.94
2024.06.10 08:00:00,157.001,157.037,156.877,156.956,25168.45
2024.06.10 09:00:00,156.957,156.967,156.785,156.897,15464.56
2024.06.10 10:00:00,156.896,156.91,156.743,156.826,20388.31
2024.06.10 11:00:00,156.827,156.963,156.815,156.881,9391.05
2024.06.10 12:00:00,156.882,157.007,156.797,156.976,17580.2
2024.06.10 13:00:00,156.977,156.994,156.815,156.897,16125.6
2024.06.10 14:00:00,156.896,156.942,156.831,156.903,12449.92
2024.06.10 15:00:00,156.904,156.971,156.886,156.934,8714.51
2024.06.10 16:00:00,156.934,157,156.91,156.991,11562.15
2024.06.10 17:00:00,156.991,157.062,156.953,157,10251.17
2024.06.10 18:00:00,157,157.09,156.983,157.079,8732.16
2024.06.10 19:00:00,157.077,157.095,157.007,157.013,6324.63
2024.06.10 20:00:00,157.012,157.056,156.992,157.001,2250.87
2024.06.10 21:00:00,157.001,157.033,156.913,157.006,1746.04
2024.06.10 22:00:00,157.008,157.037,156.955,157.033,4033.19
2024.06.10 23:00:00,157.035,157.071,157.021,157.044,3519.15
2024.06.11 00:00:00,157.042,157.263,157.031,157.215,18871.77
2024.06.11 01:00:00,157.213,157.236,157.128,157.219,13362.21
2024.06.11 02:00:00,157.219,157.287,157.186,157.287,12862.71
2024.06.11 03:00:00,157.286,157.332,157.196,157.217,12142.69
2024.06.11 04:00:00,157.217,157.29,157.199,157.265,10388.58
2024.06.11 05:00:00,157.265,157.302,157.148,157.28,7556.37
2024.06.11 06:00:00,157.28,157.326,157.21,157.276,14080.47
2024.06.11 07:00:00,157.278,157.365,157.249,157.341,12050.68
2024.06.11 08:00:00,157.34,157.392,157.196,157.219,9459.3
2024.06.11 09:00:00,157.221,157.289,157.142,157.245,15520.99
2024.06.11 10:00:00,157.244,157.246,157.087,157.095,12517.11
2024.06.11 11:00:00,157.094,157.176,157.049,157.099,18310.46
2024.06.11 12:00:00,157.099,157.111,156.803,156.889,29795.39
2024.06.11 13:00:00,156.888,157.162,156.888,157.137,32060.91
2024.06.11 14:00:00,157.138,157.335,157.102,157.318,27087.88
2024.06.11 15:00:00,157.32,157.384,157.251,157.324,15602.72
2024.06.11 16:00:00,157.324,157.402,157.298,157.38,9338.7
2024.06.11 17:00:00,157.381,157.382,157.101,157.118,14306.24
2024.06.11 18:00:00,157.119,157.128,157.014,157.017,13044.8
2024.06.11 19:00:00,157.014,157.086,156.933,157.086,11224.34
2024.06.11 20:00:00,157.086,157.146,157.066,157.078,3539.28
2024.06.11 21:00:00,157.077,157.126,157.021,157.113,1965.18
2024.06.11 22:00:00,157.113,157.156,157.071,157.142,1772.88
2024.06.11 23:00:00,157.141,157.177,157.055,157.112,2513.67
2024.06.12 00:00:00,157.111,157.217,157.066,157.18,15220.1
2024.06.12 01:00:00,157.18,157.241,157.043,157.135,8700.11
2024.06.12 02:00:00,157.135,157.187,157.094,157.185,9706.79
2024.06.12 03:00:00,157.184,157.214,157.163,157.181,6863.58
2024.06.12 04:00:00,157.181,157.252,157.126,157.241,7357.51
2024.06.12 05:00:00,157.242,157.284,157.19,157.244,10987.18
2024.06.12 06:00:00,157.245,157.293,157.187,157.287,13541.1
2024.06.12 07:00:00,157.286,157.355,157.255,157.265,12170.83
2024.06.12 08:00:00,157.267,157.316,157.253,157.301,11513.75
2024.06.12 09:00:00,157.301,157.328,157.25,157.318,9476.89
2024.06.12 10:00:00,157.315,157.37,157.3,157.326,13152.13
2024.06.12 11:00:00,157.325,157.364,157.301,157.332,14601.67
2024.06.12 12:00:00,157.331,157.35,156.064,156.158,35910.4
2024.06.12 13:00:00,156.161,156.171,155.773,155.778,44671.16
2024.06.12 14:00:00,155.779,156.107,155.716,155.777,36259.12
2024.06.12 15:00:00,155.776,155.884,155.736,155.881,17707.97
2024.06.12 16:00:00,155.881,155.907,155.717,155.797,11541.59
2024.06.12 17:00:00,155.799,155.985,155.759,155.893,14002.68
2024.06.12 18:00:00,155.774,156.686,155.761,156.599,45447.54
2024.06.12 19:00:00,156.602,156.872,156.529,156.837,26132.86
2024.06.12 20:00:00,156.84,156.9,156.658,156.679,6824.56
2024.06.12 21:00:00,156.68,156.683,156.552,156.58,648.33
2024.06.12 22:00:00,156.58,156.809,156.578,156.803,3920.65
2024.06.12 23:00:00,156.802,156.857,156.702,156.801,7905.58
2024.06.13 00:00:00,156.8,156.905,156.706,156.791,17766.44
2024.06.13 01:00:00,156.792,156.863,156.694,156.83,11739.36
2024.06.13 02:00:00,156.831,157.014,156.826,156.996,14663.62
2024.06.13 03:00:00,156.995,157.053,156.97,157.005,13044.13
2024.06.13 04:00:00,157.007,157.047,156.99,157.044,13343.08
2024.06.13 05:00:00,157.044,157.195,157.044,157.08,14507.58
2024.06.13 06:00:00,157.08,157.255,157.061,157.151,18455.34
2024.06.13 07:00:00,157.151,157.306,157.118,157.276,15210.66
2024.06.13 08:00:00,157.276,157.311,157.172,157.255,16222.76
2024.06.13 09:00:00,157.255,157.284,157.153,157.184,12624.46
2024.06.13 10:00:00,157.183,157.2,157.123,157.176,10934.46
2024.06.13 11:00:00,157.175,157.265,157.159,157.21,12190.02
2024.06.13 12:00:00,157.212,157.262,156.579,157.024,40165.22
2024.06.13 13:00:00,157.025,157.268,156.963,157.184,28450.2
2024.06.13 14:00:00,157.183,157.185,156.916,156.941,30006.81
2024.06.13 15:00:00,156.942,156.998,156.751,156.773,22837.73
2024.06.13 16:00:00,156.774,156.917,156.69,156.847,18858.34
2024.06.13 17:00:00,156.847,156.947,156.72,156.935,18537.17
2024.06.13 18:00:00,156.934,156.982,156.852,156.893,11674.35
2024.06.13 19:00:00,156.892,157.074,156.89,157.06,7527.39
2024.06.13 20:00:00,157.062,157.098,156.973,156.973,5278.52
2024.06.13 21:00:00,156.972,157.009,156.951,157.001,463.89
2024.06.13 22:00:00,156.999,157.075,156.964,157.073,3112.36
2024.06.13 23:00:00,157.073,157.143,157.058,157.122,4142.65
2024.06.14 00:00:00,157.123,157.239,157.062,157.202,12506.25
2024.06.14 01:00:00,157.206,157.328,157.184,157.254,9398.71
2024.06.14 02:00:00,157.255,157.333,157.139,157.323,10612.23
2024.06.14 03:00:00,157.323,157.98,156.795,157.819,29004.22
2024.06.14 04:00:00,157.819,157.958,157.782,157.944,21529.7
2024.06.14 05:00:00,157.944,158.189,157.85,158.146,12623.03
2024.06.14 06:00:00,158.15,158.255,157.625,157.953,35868.84
2024.06.14 07:00:00,157.955,158.213,157.648,157.67,38857.07
2024.06.14 08:00:00,157.671,157.785,157.269,157.492,28878.5
2024.06.14 09:00:00,157.489,157.529,156.92,157.096,33144.2
2024.06.14 10:00:00,157.095,157.159,156.882,156.956,33931.56
2024.06.14 11:00:00,156.957,157.309,156.95,157.061,24804.26
2024.06.14 12:00:00,157.062,157.431,156.949,157.249,33999.04
2024.06.14 13:00:00,157.247,157.374,157.11,157.261,28424.06
2024.06.14 14:00:00,157.266,157.496,157.031,157.38,40296.38
2024.06.14 15:00:00,157.379,157.451,157.149,157.285,18753.04
2024.06.14 16:00:00,157.285,157.351,157.259,157.314,10194.06
2024.06.14 17:00:00,157.314,157.342,157.224,157.314,6971.7
2024.06.14 18:00:00,157.313,157.339,157.271,157.276,5819.31
2024.06.14 19:00:00,157.275,157.331,157.27,157.307,2978.82
2024.06.14 20:00:00,157.305,157.441,157.287,157.36,3356.47
2024.06.16 21:00:00,157.253,157.409,157.235,157.278,1281.64
2024.06.16 22:00:00,157.3,157.552,157.3,157.516,5163.79
2024.06.16 23:00:00,157.517,157.662,157.489,157.556,6129.91
2024.06.17 00:00:00,157.56,157.56,157.291,157.454,19135
2024.06.17 01:00:00,157.454,157.515,157.377,157.488,10087.17
2024.06.17 02:00:00,157.489,157.529,157.437,157.445,6815.11
2024.06.17 03:00:00,157.444,157.511,157.331,157.365,7042.22
2024.06.17 04:00:00,157.366,157.406,157.33,157.379,7455.44
2024.06.17 05:00:00,157.384,157.52,157.382,157.45,11648.74
2024.06.17 06:00:00,157.451,157.477,157.155,157.35,21854.75
2024.06.17 07:00:00,157.35,157.558,157.28,157.55,19632.5
2024.06.17 08:00:00,157.551,157.688,157.54,157.649,15160.77
2024.06.17 09:00:00,157.649,157.699,157.598,157.654,11934.3
2024.06.17 10:00:00,157.653,157.678,157.544,157.632,13301.29
2024.06.17 11:00:00,157.629,157.867,157.624,157.846,15311.87
2024.06.17 12:00:00,157.845,157.94,157.794,157.892,24721.45
2024.06.17 13:00:00,157.892,157.933,157.783,157.889,17479.79
2024.06.17 14:00:00,157.888,157.959,157.829,157.855,15799.36
2024.06.17 15:00:00,157.856,157.891,157.782,157.808,13957.98
2024.06.17 16:00:00,157.807,157.813,157.728,157.785,9835.65
2024.06.17 17:00:00,157.785,157.792,157.73,157.748,6275.99
2024.06.17 18:00:00,157.747,157.749,157.679,157.701,8059.26
2024.06.17 19:00:00,157.7,157.753,157.695,157.73,5967.47
2024.06.17 20:00:00,157.73,157.731,157.698,157.698,1618.92
2024.06.17 21:00:00,157.708,157.73,157.613,157.728,726.15
2024.06.17 22:00:00,157.728,157.731,157.651,157.705,1032.12
2024.06.17 23:00:00,157.706,157.733,157.634,157.695,2613.54
2024.06.18 00:00:00,157.695,157.729,157.602,157.68,11036.84
2024.06.18 01:00:00,157.682,157.708,157.515,157.588,7890.62
2024.06.18 02:00:00,157.588,157.663,157.552,157.649,5377.69
2024.06.18 03:00:00,157.652,157.658,157.581,157.638,4567.73
2024.06.18 04:00:00,157.637,157.732,157.581,157.716,5535.19
2024.06.18 05:00:00,157.714,157.859,157.664,157.836,9373.08
2024.06.18 06:00:00,157.837,157.986,157.822,157.963,16231.31
2024.06.18 07:00:00,157.964,158.132,157.926,158.129,18269.56
2024.06.18 08:00:00,158.13,158.229,158.07,158.149,16526.48
2024.06.18 09:00:00,158.15,158.157,157.994,158.097,14739.19
2024.06.18 10:00:00,158.098,158.154,158.067,158.104,9316.05
2024.06.18 11:00:00,158.104,158.149,158.026,158.085,8896.98
2024.06.18 12:00:00,158.083,158.125,157.624,157.833,18719.77
2024.06.18 13:00:00,157.833,157.894,157.663,157.799,12847.71
2024.06.18 14:00:00,157.797,158.007,157.759,157.969,12013.74
2024.06.18 15:00:00,157.969,158.004,157.745,157.816,13255.52
2024.06.18 16:00:00,157.815,157.841,157.697,157.71,8763.12
2024.06.18 17:00:00,157.711,157.873,157.637,157.857,9645.86
2024.06.18 18:00:00,157.859,157.896,157.769,157.797,5708.91
2024.06.18 19:00:00,157.795,157.863,157.75,157.861,5362.38
2024.06.18 20:00:00,157.862,157.876,157.828,157.833,1269.29
2024.06.18 21:00:00,157.834,157.853,157.792,157.821,1385.42
2024.06.18 22:00:00,157.818,157.888,157.792,157.858,2314.39
2024.06.18 23:00:00,157.86,157.864,157.808,157.864,3669.27
2024.06.19 00:00:00,157.87,157.923,157.85,157.88,6303.23
2024.06.19 01:00:00,157.878,157.891,157.722,157.765,9297.59
2024.06.19 02:00:00,157.766,157.833,157.731,157.828,7894.31
2024.06.19 03:00:00,157.832,157.865,157.806,157.855,3808.44
2024.06.19 04:00:00,157.856,157.868,157.816,157.85,4888.09
2024.06.19 05:00:00,157.85,157.862,157.772,157.785,8705.63
2024.06.19 06:00:00,157.785,157.834,157.642,157.665,12967.74
2024.06.19 07:00:00,157.665,157.772,157.602,157.745,13322.92
2024.06.19 08:00:00,157.746,157.799,157.735,157.799,7454.33
2024.06.19 09:00:00,157.798,157.861,157.793,157.851,3963.64
2024.06.19 10:00:00,157.851,157.908,157.818,157.832,7493.46
2024.06.19 11:00:00,157.831,157.906,157.831,157.903,4987.23
2024.06.19 12:00:00,157.905,157.95,157.872,157.881,7086.6
2024.06.19 13:00:00,157.881,157.907,157.872,157.886,6595.86
2024.06.19 14:00:00,157.887,157.91,157.869,157.898,3129.37
2024.06.19 15:00:00,157.899,157.943,157.889,157.931,4103.73
2024.06.19 16:00:00,157.93,157.944,157.894,157.932,1679.52
2024.06.19 17:00:00,157.933,157.952,157.921,157.941,3269.25
2024.06.19 18:00:00,157.94,158.022,157.938,158.018,1945.8
2024.06.19 19:00:00,158.019,158.043,157.993,158.007,2066.79
2024.06.19 20:00:00,158.005,158.131,157.998,158.069,3122.53
2024.06.19 21:00:00,158.071,158.073,157.773,157.994,1634.46
2024.06.19 22:00:00,157.994,158.052,157.96,158.003,3089.11
2024.06.19 23:00:00,158.003,158.024,157.92,157.956,4228.34
2024.06.20 00:00:00,157.955,158.089,157.954,158.03,12084.2
2024.06.20 01:00:00,158.029,158.116,157.975,158.052,8405.87
2024.06.20 02:00:00,158.053,158.098,158.049,158.078,3576.66
2024.06.20 03:00:00,158.077,158.139,158.061,158.078,2826.27
2024.06.20 04:00:00,158.078,158.16,158.077,158.145,6252.14
2024.06.20 05:00:00,158.144,158.191,158.076,158.094,7596.36
2024.06.20 06:00:00,158.097,158.188,158.067,158.123,11205.41
2024.06.20 07:00:00,158.124,158.278,158.051,158.273,17142.69
2024.06.20 08:00:00,158.27,158.467,158.269,158.436,28373.51
2024.06.20 09:00:00,158.437,158.461,158.371,158.451,11315.73
2024.06.20 10:00:00,158.451,158.47,158.389,158.42,10552.06
2024.06.20 11:00:00,158.417,158.445,158.37,158.43,7477.83
2024.06.20 12:00:00,158.43,158.549,158.244,158.545,20830.16
2024.06.20 13:00:00,158.545,158.726,158.496,158.709,22858.13
2024.06.20 14:00:00,158.709,158.744,158.635,158.725,14332.78
2024.06.20 15:00:00,158.728,158.779,158.668,158.775,8204.17
2024.06.20 16:00:00,158.773,158.909,158.747,158.86,6752.19
2024.06.20 17:00:00,158.858,158.908,158.82,158.885,8209.87
2024.06.20 18:00:00,158.884,158.894,158.695,158.799,6853.74
2024.06.20 19:00:00,158.798,158.91,158.798,158.908,5452.8
2024.06.20 20:00:00,158.906,158.934,158.87,158.895,1885.34
2024.06.20 21:00:00,158.893,158.931,158.879,158.901,539.31
2024.06.20 22:00:00,158.901,158.939,158.883,158.895,3308.97
2024.06.20 23:00:00,158.896,158.95,158.815,158.935,4938.67
2024.06.21 00:00:00,158.936,159.125,158.899,159.104,11780.11
2024.06.21 01:00:00,159.104,159.113,158.906,158.959,16726.15
2024.06.21 02:00:00,158.961,158.979,158.822,158.952,8291.62
2024.06.21 03:00:00,158.952,158.962,158.87,158.886,7782.95
2024.06.21 04:00:00,158.887,158.91,158.868,158.883,2907.54
2024.06.21 05:00:00,158.885,158.966,158.816,158.95,6505.08
2024.06.21 06:00:00,158.95,159.001,158.912,158.961,12299.37
2024.06.21 07:00:00,158.962,158.999,158.669,158.774,21214.76
2024.06.21 08:00:00,158.771,158.854,158.675,158.83,10669.16
2024.06.21 09:00:00,158.83,158.907,158.779,158.903,8266.88
2024.06.21 10:00:00,158.899,159.017,158.886,159.003,10805.28
2024.06.21 11:00:00,159.004,159.016,158.898,158.9,7079.78
2024.06.21 12:00:00,158.899,158.998,158.85,158.927,15860.09
2024.06.21 13:00:00,158.927,159.209,158.913,159.149,19496.55
2024.06.21 14:00:00,159.15,159.598,159.135,159.575,30522.21
2024.06.21 15:00:00,159.578,159.628,159.398,159.45,23438.87
2024.06.21 16:00:00,159.451,159.502,159.412,159.475,12361.33
2024.06.21 17:00:00,159.475,159.592,159.45,159.577,10419.45
2024.06.21 18:00:00,159.577,159.602,159.522,159.539,8676
2024.06.21 19:00:00,159.538,159.605,159.525,159.603,4132.62
2024.06.21 20:00:00,159.604,159.835,159.567,159.765,3369.12
2024.06.23 21:00:00,159.751,159.764,159.596,159.681,809.4
2024.06.23 22:00:00,159.681,159.785,159.65,159.708,3684.15
2024.06.23 23:00:00,159.714,159.905,159.683,159.897,5200.4
2024.06.24 00:00:00,159.897,159.927,159.777,159.796,7501.94
2024.06.24 01:00:00,159.796,159.832,159.641,159.689,9150.59
2024.06.24 02:00:00,159.689,159.736,159.639,159.703,5440.56
2024.06.24 03:00:00,159.705,159.743,159.62,159.699,4027.59
2024.06.24 04:00:00,159.7,159.765,159.684,159.752,4920.64
2024.06.24 05:00:00,159.756,159.816,159.71,159.713,4815.11
2024.06.24 06:00:00,159.713,159.765,159.666,159.675,7157.08
2024.06.24 07:00:00,159.675,159.732,159.646,159.688,9878.95
2024.06.24 08:00:00,159.687,159.786,159.663,159.784,9233.4
2024.06.24 09:00:00,159.786,159.807,159.589,159.641,22593.3
2024.06.24 10:00:00,159.645,159.646,158.74,159.507,30403.83
2024.06.24 11:00:00,159.506,159.57,159.342,159.463,14235.25
2024.06.24 12:00:00,159.462,159.556,159.341,159.392,9970.8
2024.06.24 13:00:00,159.392,159.507,159.323,159.445,25313.81
2024.06.24 14:00:00,159.445,159.735,159.37,159.72,21341.6
2024.06.24 15:00:00,159.72,159.754,159.63,159.711,15989.6
2024.06.24 16:00:00,159.712,159.758,159.637,159.729,6741.72
2024.06.24 17:00:00,159.728,159.734,159.684,159.71,4069.07
2024.06.24 18:00:00,159.708,159.709,159.539,159.633,6554.95
2024.06.24 19:00:00,159.632,159.717,159.615,159.641,9483.26
2024.06.24 20:00:00,159.646,159.656,159.557,159.568,1726
2024.06.24 21:00:00,159.516,159.606,159.516,159.583,952.38
2024.06.24 22:00:00,159.583,159.645,159.55,159.642,4827.97
2024.06.24 23:00:00,159.642,159.703,159.617,159.697,4289.25
2024.06.25 00:00:00,159.7,159.701,159.339,159.39,17658.92
2024.06.25 01:00:00,159.393,159.503,159.186,159.4,21145.31
2024.06.25 02:00:00,159.401,159.443,159.31,159.326,9466.44
2024.06.25 03:00:00,159.325,159.496,159.323,159.482,5879.07
2024.06.25 04:00:00,159.48,159.506,159.41,159.43,8535.14
2024.06.25 05:00:00,159.429,159.454,159.273,159.452,9240.42
2024.06.25 06:00:00,159.455,159.502,159.38,159.471,11145.02
2024.06.25 07:00:00,159.478,159.549,159.371,159.485,16035.04
2024.06.25 08:00:00,159.485,159.519,159.42,159.475,16873.68
2024.06.25 09:00:00,159.476,159.517,159.424,159.44,9616.42
2024.06.25 10:00:00,159.439,159.44,159.29,159.429,13502.71
2024.06.25 11:00:00,159.428,159.478,159.416,159.46,7549.29
2024.06.25 12:00:00,159.46,159.67,159.428,159.666,11840.64
2024.06.25 13:00:00,159.667,159.7,159.563,159.631,15183.19
2024.06.25 14:00:00,159.627,159.722,159.586,159.689,22202.3
2024.06.25 15:00:00,159.689,159.756,159.661,159.682,12572.21
2024.06.25 16:00:00,159.681,159.746,159.675,159.745,8737.92
2024.06.25 17:00:00,159.745,159.746,159.652,159.73,7849.08
2024.06.25 18:00:00,159.728,159.728,159.664,159.67,11288.64
2024.06.25 19:00:00,159.671,159.671,159.603,159.623,5778.44
2024.06.25 20:00:00,159.622,159.698,159.62,159.652,1739.91
2024.06.25 21:00:00,159.652,159.675,159.617,159.649,1219.5
2024.06.25 22:00:00,159.647,159.672,159.607,159.671,1890.75
2024.06.25 23:00:00,159.672,159.707,159.614,159.699,5797.04
2024.06.26 00:00:00,159.7,159.76,159.663,159.718,14690.69
2024.06.26 01:00:00,159.718,159.9,159.693,159.78,10215.39
2024.06.26 02:00:00,159.777,159.873,159.754,159.832,8906.3
2024.06.26 03:00:00,159.837,159.871,159.783,159.833,6500.4
2024.06.26 04:00:00,159.833,159.855,159.741,159.751,5520.02
2024.06.26 05:00:00,159.752,159.834,159.749,159.818,5650.91
2024.06.26 06:00:00,159.816,159.852,159.792,159.821,8200.57
2024.06.26 07:00:00,159.82,159.929,159.817,159.897,11495.32
2024.06.26 08:00:00,159.897,159.969,159.869,159.957,6032.55
2024.06.26 09:00:00,159.955,160.058,159.854,159.982,15867.67
2024.06.26 10:00:00,159.989,160.346,159.989,160.3,24205.84
2024.06.26 11:00:00,160.302,160.394,160.204,160.303,21252.84
2024.06.26 12:00:00,160.305,160.384,160.28,160.349,16195.3
2024.06.26 13:00:00,160.351,160.625,160.012,160.494,32331.03
2024.06.26 14:00:00,160.498,160.642,160.431,160.612,22284.02
2024.06.26 15:00:00,160.608,160.821,160.59,160.682,13468.28
2024.06.26 16:00:00,160.682,160.773,160.601,160.637,13936.64
2024.06.26 17:00:00,160.638,160.672,160.59,160.634,10788.42
2024.06.26 18:00:00,160.635,160.738,160.635,160.7,10169.02
2024.06.26 19:00:00,160.702,160.843,160.686,160.792,3663.36
2024.06.26 20:00:00,160.795,160.865,160.769,160.789,3279.31
2024.06.26 21:00:00,160.789,160.789,160.711,160.759,647.61
2024.06.26 22:00:00,160.759,160.759,160.658,160.696,2617.52
2024.06.26 23:00:00,160.696,160.708,160.588,160.627,4753.9
2024.06.27 00:00:00,160.627,160.705,160.496,160.691,19555.89
2024.06.27 01:00:00,160.693,160.716,160.393,160.492,15997.81
2024.06.27 02:00:00,160.493,160.506,160.38,160.457,7041.67
2024.06.27 03:00:00,160.458,160.487,160.393,160.429,8820.35
2024.06.27 04:00:00,160.429,160.431,160.301,160.335,14976.11
2024.06.27 05:00:00,160.334,160.463,160.309,160.403,12688.35
2024.06.27 06:00:00,160.402,160.494,160.319,160.419,12855.43
2024.06.27 07:00:00,160.421,160.561,160.391,160.546,14065.65
2024.06.27 08:00:00,160.548,160.605,160.505,160.553,11974.2
2024.06.27 09:00:00,160.554,160.569,160.475,160.489,11575.93
2024.06.27 10:00:00,160.488,160.491,160.391,160.435,9757.35
2024.06.27 11:00:00,160.435,160.547,160.413,160.546,8271.78
2024.06.27 12:00:00,160.547,160.548,160.28,160.399,25566.72
2024.06.27 13:00:00,160.4,160.545,160.358,160.525,25889.5
2024.06.27 14:00:00,160.524,160.669,160.418,160.592,19263.28
2024.06.27 15:00:00,160.592,160.728,160.566,160.7,12730.12
2024.06.27 16:00:00,160.7,160.736,160.676,160.713,10831.69
2024.06.27 17:00:00,160.707,160.728,160.665,160.725,9320.86
2024.06.27 18:00:00,160.724,160.812,160.709,160.766,11057.78
2024.06.27 19:00:00,160.764,160.822,160.75,160.819,6736.71
2024.06.27 20:00:00,160.819,160.819,160.736,160.737,2082.59
2024.06.27 21:00:00,160.724,160.754,160.672,160.737,2013.42
2024.06.27 22:00:00,160.738,160.765,160.691,160.717,4907.83
2024.06.27 23:00:00,160.716,160.757,160.63,160.703,7805.9
2024.06.28 00:00:00,160.704,161.144,160.649,161.12,18386.27
2024.06.28 01:00:00,161.121,161.282,160.946,161.063,25591.38
2024.06.28 02:00:00,161.06,161.093,160.838,160.934,21625.56
2024.06.28 03:00:00,160.934,161.01,160.851,160.987,8736.44
2024.06.28 04:00:00,160.985,161.13,160.983,161.038,10658.15
2024.06.28 05:00:00,161.039,161.046,160.899,160.939,13495.43
2024.06.28 06:00:00,160.941,160.989,160.879,160.933,13536
2024.06.28 07:00:00,160.933,161.059,160.837,160.925,18280.73
2024.06.28 08:00:00,160.927,160.962,160.855,160.911,16885.26
2024.06.28 09:00:00,160.912,160.92,160.656,160.686,17316.38
2024.06.28 10:00:00,160.685,160.737,160.46,160.462,18197.28
2024.06.28 11:00:00,160.462,160.659,160.433,160.647,16264.86
2024.06.28 12:00:00,160.648,160.662,160.36,160.511,21449.01
2024.06.28 13:00:00,160.514,160.514,160.261,160.461,27515.19
2024.06.28 14:00:00,160.461,160.865,160.383,160.83,41106.77
2024.06.28 15:00:00,160.827,160.963,160.801,160.882,23019.95
2024.06.28 16:00:00,160.881,160.888,160.805,160.85,12480.31
2024.06.28 17:00:00,160.849,160.903,160.756,160.796,6742.92
2024.06.28 18:00:00,160.795,160.819,160.704,160.804,5047.77
2024.06.28 19:00:00,160.803,160.884,160.794,160.861,5819.39
2024.06.28 20:00:00,160.861,160.944,160.802,160.802,4143.22
2024.06.30 21:00:00,160.811,160.893,160.683,160.817,525.78
2024.06.30 22:00:00,160.817,160.941,160.798,160.817,4922.18
2024.06.30 23:00:00,160.814,160.934,160.776,160.922,5982.33
2024.07.01 00:00:00,160.922,161.186,160.737,160.991,14810.86
2024.07.01 01:00:00,160.992,161.035,160.838,160.921,19444.25
2024.07.01 02:00:00,160.924,160.938,160.838,160.896,9572.02
2024.07.01 03:00:00,160.896,161.072,160.896,161.05,9378.06
2024.07.01 04:00:00,161.049,161.083,160.974,161.072,7519.34
2024.07.01 05:00:00,161.076,161.121,160.994,161.037,5937.9
2024.07.01 06:00:00,161.035,161.051,160.903,160.903,14657.6
2024.07.01 07:00:00,160.902,161.073,160.867,161.012,21289.92
2024.07.01 08:00:00,161.013,161.091,160.95,161.009,10608.97
2024.07.01 09:00:00,161.009,161.073,160.969,161.066,5681.74
2024.07.01 10:00:00,161.065,161.148,161.032,161.123,6955.53
2024.07.01 11:00:00,161.125,161.134,161.074,161.099,3655.41
2024.07.01 12:00:00,161.1,161.389,161.099,161.352,14418.47
2024.07.01 13:00:00,161.353,161.456,161.275,161.344,22463.08
2024.07.01 14:00:00,161.344,161.667,160.959,161.655,33351.28
2024.07.01 15:00:00,161.654,161.728,161.533,161.557,17900.76
2024.07.01 16:00:00,161.556,161.598,161.475,161.521,7630.05
2024.07.01 17:00:00,161.519,161.519,161.404,161.498,5901.05
2024.07.01 18:00:00,161.496,161.565,161.468,161.518,6351.15
2024.07.01 19:00:00,161.519,161.521,161.458,161.473,10825.92
2024.07.01 20:00:00,161.475,161.486,161.404,161.421,3035.34
2024.07.01 21:00:00,161.421,161.539,161.363,161.445,1275.15
2024.07.01 22:00:00,161.443,161.49,161.404,161.433,2976.54
2024.07.01 23:00:00,161.433,161.517,161.417,161.513,3103.8
2024.07.02 00:00:00,161.513,161.641,161.502,161.524,8130.86
2024.07.02 01:00:00,161.521,161.663,161.458,161.635,10076.23
2024.07.02 02:00:00,161.637,161.638,161.534,161.617,9242.69
2024.07.02 03:00:00,161.618,161.678,161.616,161.659,5287.97
2024.07.02 04:00:00,161.66,161.742,161.594,161.677,8178.25
2024.07.02 05:00:00,161.676,161.726,161.625,161.708,3515.68
2024.07.02 06:00:00,161.704,161.722,161.587,161.674,11255.18
2024.07.02 07:00:00,161.673,161.718,161.597,161.658,12682.22
2024.07.02 08:00:00,161.657,161.695,161.556,161.589,12850.6
2024.07.02 09:00:00,161.589,161.667,161.561,161.666,4248.39
2024.07.02 10:00:00,161.667,161.688,161.602,161.611,4577.44
2024.07.02 11:00:00,161.61,161.672,161.589,161.623,3488
2024.07.02 12:00:00,161.623,161.623,161.48,161.511,12145.66
2024.07.02 13:00:00,161.512,161.552,161.266,161.377,23244.36
2024.07.02 14:00:00,161.375,161.621,161.3,161.439,29113.03
2024.07.02 15:00:00,161.438,161.559,161.408,161.534,7425.74
2024.07.02 16:00:00,161.535,161.603,161.532,161.574,4900.15
2024.07.02 17:00:00,161.576,161.586,161.512,161.523,4515.21
2024.07.02 18:00:00,161.524,161.531,161.454,161.49,6748.29
2024.07.02 19:00:00,161.489,161.496,161.422,161.457,4528.05
2024.07.02 20:00:00,161.455,161.478,161.407,161.41,2231.84
2024.07.02 21:00:00,161.411,161.46,161.388,161.426,1637.16
2024.07.02 22:00:00,161.422,161.45,161.381,161.42,2036.46
2024.07.02 23:00:00,161.422,161.523,161.416,161.488,3247.04
2024.07.03 00:00:00,161.489,161.579,161.442,161.563,10713.89
2024.07.03 01:00:00,161.563,161.642,161.519,161.629,6527.74
2024.07.03 02:00:00,161.629,161.647,161.564,161.644,5945.55
2024.07.03 03:00:00,161.644,161.655,161.619,161.629,4358.61
2024.07.03 04:00:00,161.628,161.74,161.609,161.714,7544.79
2024.07.03 05:00:00,161.714,161.893,161.698,161.868,8119.34
2024.07.03 06:00:00,161.867,161.938,161.671,161.809,13252.72
2024.07.03 07:00:00,161.811,161.9,161.723,161.766,14170.82
2024.07.03 08:00:00,161.766,161.855,161.759,161.845,14019.87
2024.07.03 09:00:00,161.845,161.895,161.799,161.866,9267.51
2024.07.03 10:00:00,161.866,161.949,161.845,161.936,8102.49
2024.07.03 11:00:00,161.938,161.949,161.893,161.919,8877.39
2024.07.03 12:00:00,161.921,161.931,161.793,161.821,11195.01
2024.07.03 13:00:00,161.82,161.83,161.595,161.694,19717.83
2024.07.03 14:00:00,161.681,161.681,160.768,161.331,40057.88
2024.07.03 15:00:00,161.332,161.543,161.265,161.481,20621
2024.07.03 16:00:00,161.481,161.573,161.401,161.534,14250.13
2024.07.03 17:00:00,161.537,161.558,161.484,161.484,4952.7
2024.07.03 18:00:00,161.488,161.703,161.466,161.664,7777.9
2024.07.03 19:00:00,161.661,161.738,161.635,161.702,3386.43
2024.07.03 20:00:00,161.704,161.75,161.64,161.683,2477.4
2024.07.03 21:00:00,161.647,161.656,161.523,161.543,1920.3
2024.07.03 22:00:00,161.541,161.633,161.521,161.599,1620.81
2024.07.03 23:00:00,161.599,161.673,161.572,161.586,3205.75
2024.07.04 00:00:00,161.585,161.601,161.37,161.439,10424.01
2024.07.04 01:00:00,161.441,161.463,161.134,161.37,18957.77
2024.07.04 02:00:00,161.369,161.451,161.318,161.447,4416.12
2024.07.04 03:00:00,161.449,161.562,161.38,161.53,4822.35
2024.07.04 04:00:00,161.531,161.572,161.467,161.498,3090.46
2024.07.04 05:00:00,161.497,161.552,161.448,161.48,4242.28
2024.07.04 06:00:00,161.48,161.481,161.335,161.349,10234.49
2024.07.04 07:00:00,161.349,161.456,161.265,161.281,11107.43
2024.07.04 08:00:00,161.281,161.324,161.192,161.243,13496.73
2024.07.04 09:00:00,161.244,161.308,161.242,161.253,9357.95
2024.07.04 10:00:00,161.252,161.262,161.054,161.062,4365.61
2024.07.04 11:00:00,161.061,161.097,160.946,161.001,11207.5
2024.07.04 12:00:00,160.999,161.18,160.947,161.136,13970.4
2024.07.04 13:00:00,161.137,161.194,161.093,161.158,5161.92
2024.07.04 14:00:00,161.157,161.183,160.962,161.06,9649.35
2024.07.04 15:00:00,161.059,161.167,161.055,161.139,5770.76
2024.07.04 16:00:00,161.141,161.171,161.114,161.131,2625.95
2024.07.04 17:00:00,161.133,161.152,161.11,161.152,1843.05
2024.07.04 18:00:00,161.152,161.254,161.152,161.245,3453.78
2024.07.04 19:00:00,161.243,161.246,161.17,161.211,4283.94
2024.07.04 20:00:00,161.212,161.323,161.21,161.212,5475.93
2024.07.04 21:00:00,161.225,161.299,161.191,161.222,3222.05
2024.07.04 22:00:00,161.222,161.285,161.191,161.269,2874.76
2024.07.04 23:00:00,161.268,161.395,161.257,161.36,3639.51
2024.07.05 00:00:00,161.361,161.394,160.82,161.073,12222.88
2024.07.05 01:00:00,161.073,161.143,160.878,161.014,13848.31
2024.07.05 02:00:00,161.015,161.065,160.927,160.961,8528.52
2024.07.05 03:00:00,160.964,160.984,160.53,160.614,11896.73
2024.07.05 04:00:00,160.613,160.672,160.53,160.643,5743
2024.07.05 05:00:00,160.643,160.783,160.641,160.679,5719.68
2024.07.05 06:00:00,160.677,160.802,160.57,160.769,8655.71
2024.07.05 07:00:00,160.77,160.852,160.651,160.771,14053.43
2024.07.05 08:00:00,160.77,160.823,160.632,160.737,11238.23
2024.07.05 09:00:00,160.734,160.766,160.613,160.697,7955.48
2024.07.05 10:00:00,160.698,160.832,160.651,160.801,5711.03
2024.07.05 11:00:00,160.803,160.88,160.771,160.82,7450.95
2024.07.05 12:00:00,160.819,161.159,160.33,160.942,32865.34
2024.07.05 13:00:00,160.941,161.326,160.78,161.264,31896.93
2024.07.05 14:00:00,161.264,161.329,160.896,160.962,21550.12
2024.07.05 15:00:00,160.961,161.019,160.629,160.731,18493.01
2024.07.05 16:00:00,160.73,160.948,160.706,160.885,11238.31
2024.07.05 17:00:00,160.883,160.91,160.81,160.848,8909.79
2024.07.05 18:00:00,160.849,160.849,160.708,160.719,10876.74
2024.07.05 19:00:00,160.719,160.773,160.708,160.766,6967.26
2024.07.05 20:00:00,160.766,160.837,160.715,160.719,3867.6
2024.07.07 21:00:00,160.721,160.819,160.67,160.745,805.2
2024.07.07 22:00:00,160.757,160.773,160.661,160.767,5195.29
2024.07.07 23:00:00,160.767,160.813,160.575,160.638,8728.2
2024.07.08 00:00:00,160.637,160.73,160.561,160.61,19707.52
2024.07.08 01:00:00,160.61,160.714,160.39,160.41,18627.57
2024.07.08 02:00:00,160.411,160.48,160.26,160.369,16301.85
2024.07.08 03:00:00,160.371,160.553,160.354,160.486,9996.53
2024.07.08 04:00:00,160.486,160.579,160.472,160.538,8365.75
2024.07.08 05:00:00,160.539,160.698,160.528,160.696,9977.02
2024.07.08 06:00:00,160.696,160.865,160.539,160.835,20463.1
2024.07.08 07:00:00,160.834,160.956,160.781,160.897,22828.44
2024.07.08 08:00:00,160.899,161.117,160.886,161.091,11150.08
2024.07.08 09:00:00,161.092,161.101,161.003,161.037,13180.68
2024.07.08 10:00:00,161.036,161.037,160.919,160.934,10822.98
2024.07.08 11:00:00,160.935,161.056,160.868,161.012,10457.1
2024.07.08 12:00:00,161.011,161.02,160.663,160.689,24057.04
2024.07.08 13:00:00,160.691,160.811,160.587,160.657,27486
2024.07.08 14:00:00,160.655,160.659,160.474,160.615,17677.12
2024.07.08 15:00:00,160.616,160.815,160.592,160.777,23396.55
2024.07.08 16:00:00,160.777,160.792,160.729,160.729,11523.51
2024.07.08 17:00:00,160.729,160.745,160.69,160.719,8442.96
2024.07.08 18:00:00,160.719,160.818,160.713,160.788,12211.95
2024.07.08 19:00:00,160.789,160.797,160.737,160.791,9991.11
2024.07.08 20:00:00,160.793,160.835,160.773,160.796,1606.46
2024.07.08 21:00:00,160.796,160.807,160.756,160.764,404.19
2024.07.08 22:00:00,160.764,160.812,160.764,160.785,1668.5
2024.07.08 23:00:00,160.786,160.872,160.728,160.859,4670.45
2024.07.09 00:00:00,160.859,160.919,160.763,160.892,14825.58
2024.07.09 01:00:00,160.891,161.019,160.853,160.978,8653.51
2024.07.09 02:00:00,160.976,161.131,160.955,161.003,11642.78
2024.07.09 03:00:00,161.003,161.098,160.908,161.05,9373.94
2024.07.09 04:00:00,161.051,161.06,160.903,160.96,11472.84
2024.07.09 05:00:00,160.96,161.002,160.903,160.904,9290.2
2024.07.09 06:00:00,160.903,160.932,160.795,160.825,10098.39
2024.07.09 07:00:00,160.825,160.942,160.739,160.924,12821.89
2024.07.09 08:00:00,160.922,161.077,160.887,161.052,10762.46
2024.07.09 09:00:00,161.052,161.077,160.973,161.045,9077.52
2024.07.09 10:00:00,161.045,161.053,160.958,161.015,11001.07
2024.07.09 11:00:00,161.015,161.178,161.015,161.119,5401.72
2024.07.09 12:00:00,161.118,161.162,161.028,161.128,8085
2024.07.09 13:00:00,161.129,161.147,160.972,161.015,14967.92
2024.07.09 14:00:00,161.016,161.384,160.891,161.361,45503.32
2024.07.09 15:00:00,161.362,161.515,161.306,161.398,16365.47
2024.07.09 16:00:00,161.398,161.405,161.311,161.322,11904.62
2024.07.09 17:00:00,161.319,161.339,161.227,161.316,11532.58
2024.07.09 18:00:00,161.316,161.338,161.265,161.312,6517.11
2024.07.09 19:00:00,161.311,161.311,161.252,161.284,6890.58
2024.07.09 20:00:00,161.287,161.316,161.268,161.27,2146.17
2024.07.09 21:00:00,161.276,161.289,161.244,161.271,802.89
2024.07.09 22:00:00,161.268,161.34,161.254,161.325,1740.26
2024.07.09 23:00:00,161.325,161.365,161.317,161.33,4352.28
2024.07.10 00:00:00,161.329,161.512,161.301,161.466,10003.85
2024.07.10 01:00:00,161.466,161.584,161.451,161.537,4734.99
2024.07.10 02:00:00,161.537,161.591,161.475,161.506,6708.81
2024.07.10 03:00:00,161.505,161.506,161.402,161.43,5055.23
2024.07.10 04:00:00,161.43,161.471,161.407,161.442,5581.55
2024.07.10 05:00:00,161.441,161.561,161.427,161.499,5790.35
2024.07.10 06:00:00,161.499,161.5,161.354,161.366,11576.83
2024.07.10 07:00:00,161.365,161.5,161.339,161.496,18964.81
2024.07.10 08:00:00,161.496,161.536,161.425,161.511,14435.79
2024.07.10 09:00:00,161.513,161.611,161.512,161.584,13850.18
2024.07.10 10:00:00,161.585,161.606,161.504,161.543,13620.7
2024.07.10 11:00:00,161.545,161.548,161.454,161.482,11466.42
2024.07.10 12:00:00,161.482,161.511,161.429,161.449,9793.92
2024.07.10 13:00:00,161.45,161.6,161.426,161.597,13522.21
2024.07.10 14:00:00,161.597,161.685,161.541,161.66,20500.66
2024.07.10 15:00:00,161.661,161.753,161.626,161.737,14809.38
2024.07.10 16:00:00,161.736,161.743,161.655,161.689,8411.37
2024.07.10 17:00:00,161.69,161.765,161.647,161.746,10226.29
2024.07.10 18:00:00,161.745,161.804,161.744,161.775,6072.49
2024.07.10 19:00:00,161.778,161.788,161.731,161.734,6335.61
2024.07.10 20:00:00,161.734,161.749,161.662,161.664,3106.61
2024.07.10 21:00:00,161.664,161.664,161.553,161.564,311.13
2024.07.10 22:00:00,161.565,161.628,161.565,161.594,1787.94
2024.07.10 23:00:00,161.592,161.638,161.555,161.592,1513.78
2024.07.11 00:00:00,161.594,161.614,161.476,161.564,7574.83
2024.07.11 01:00:00,161.564,161.66,161.556,161.583,7233.41
2024.07.11 02:00:00,161.582,161.666,161.534,161.653,4520.38
2024.07.11 03:00:00,161.651,161.682,161.619,161.634,8630.64
2024.07.11 04:00:00,161.637,161.692,161.619,161.685,5578.68
2024.07.11 05:00:00,161.686,161.718,161.665,161.692,6309.95
2024.07.11 06:00:00,161.695,161.75,161.688,161.729,8732.11
2024.07.11 07:00:00,161.732,161.758,161.54,161.633,14163
2024.07.11 08:00:00,161.633,161.633,161.502,161.531,7770.5
2024.07.11 09:00:00,161.531,161.556,161.471,161.548,6383.31
2024.07.11 10:00:00,161.546,161.582,161.506,161.546,7169.55
2024.07.11 11:00:00,161.547,161.589,161.534,161.538,5488.14
2024.07.11 12:00:00,161.538,161.621,158.352,158.638,45971.44
2024.07.11 13:00:00,158.646,158.968,157.409,158.598,60521.8
2024.07.11 14:00:00,158.597,158.792,158.349,158.554,29075.68
2024.07.11 15:00:00,158.554,158.635,158.451,158.582,15273.83
2024.07.11 16:00:00,158.582,158.644,158.532,158.567,10611.42
2024.07.11 17:00:00,158.568,158.893,158.554,158.808,9178.84
2024.07.11 18:00:00,158.806,158.871,158.709,158.735,9881.97
2024.07.11 19:00:00,158.735,158.832,158.729,158.821,10739.69
2024.07.11 20:00:00,158.824,158.913,158.768,158.775,4049.59
2024.07.11 21:00:00,158.808,158.939,158.798,158.932,549.12
2024.07.11 22:00:00,158.939,159.281,158.9,159.26,8071.71
2024.07.11 23:00:00,159.261,159.445,157.747,158.273,27364.15
2024.07.12 00:00:00,158.275,159.132,157.974,159.077,26966.48
2024.07.12 01:00:00,159.075,159.383,159.065,159.359,16266.36
2024.07.12 02:00:00,159.358,159.384,158.749,159.307,12163.45
2024.07.12 03:00:00,159.304,159.333,159.15,159.231,9310.42
2024.07.12 04:00:00,159.23,159.234,159.028,159.109,8438.04
2024.07.12 05:00:00,159.109,159.137,158.866,159.038,9997.64
2024.07.12 06:00:00,159.036,159.214,158.956,159.135,11991.4
2024.07.12 07:00:00,159.135,159.318,159.112,159.217,9612.78
2024.07.12 08:00:00,159.218,159.262,159.03,159.102,9611.8
2024.07.12 09:00:00,159.102,159.217,159.044,159.176,8367.16
2024.07.12 10:00:00,159.176,159.254,159.111,159.111,6039.62
2024.07.12 11:00:00,159.11,159.141,158.934,158.972,7845.12
2024.07.12 12:00:00,158.974,159.155,158.508,158.808,37944.56
2024.07.12 13:00:00,158.807,158.84,157.359,158.299,44883.17
2024.07.12 14:00:00,158.298,158.349,157.387,157.716,40249.7
2024.07.12 15:00:00,157.716,158.092,157.505,157.901,20518.41
2024.07.12 16:00:00,157.902,158.021,157.841,157.873,11927.67
2024.07.12 17:00:00,157.874,158.013,157.861,157.978,5569.51
2024.07.12 18:00:00,157.979,157.991,157.863,157.917,10302.54
2024.07.12 19:00:00,157.918,157.925,157.796,157.834,4612.75
2024.07.12 20:00:00,157.838,157.943,157.7,157.7,3396.13
2024.07.14 21:00:00,158.068,158.17,158.056,158.145,448.14
2024.07.14 22:00:00,158.145,158.386,157.979,158.339,5611.06
2024.07.14 23:00:00,158.339,158.419,158.169,158.287,9310.17
2024.07.15 00:00:00,158.286,158.365,157.989,158.113,16859.11
2024.07.15 01:00:00,158.111,158.239,157.95,158.05,17316.3
2024.07.15 02:00:00,158.05,158.137,157.912,158.033,11799.58
2024.07.15 03:00:00,158.033,158.033,157.91,157.97,10370.65
2024.07.15 04:00:00,157.97,158.031,157.954,157.992,7291.98
2024.07.15 05:00:00,157.994,157.996,157.831,157.956,10052.45
2024.07.15 06:00:00,157.952,158.236,157.872,158.106,16623.97
2024.07.15 07:00:00,158.105,158.125,157.842,157.929,24058.81
2024.07.15 08:00:00,157.926,157.966,157.781,157.818,21806.27
2024.07.15 09:00:00,157.817,157.98,157.749,157.963,17599.52
2024.07.15 10:00:00,157.963,158.105,157.936,157.952,16888.74
2024.07.15 11:00:00,157.953,158.173,157.897,158.114,13021.73
2024.07.15 12:00:00,158.114,158.162,157.937,157.961,21333.29
2024.07.15 13:00:00,157.96,158.067,157.872,157.939,17286.88
2024.07.15 14:00:00,157.939,157.95,157.835,157.86,21673.94
2024.07.15 15:00:00,157.86,157.92,157.81,157.89,14273.05
2024.07.15 16:00:00,157.891,157.96,157.163,157.712,18415.87
2024.07.15 17:00:00,157.713,158.02,157.711,157.919,18491.11
2024.07.15 18:00:00,157.918,157.937,157.842,157.852,11707.48
2024.07.15 19:00:00,157.853,157.982,157.835,157.919,6060.06
2024.07.15 20:00:00,157.923,158.148,157.881,158.012,3383.28
2024.07.15 21:00:00,157.989,158.101,157.952,158.061,692.31
2024.07.15 22:00:00,158.063,158.155,158.053,158.122,3027.2
2024.07.15 23:00:00,158.122,158.251,158.062,158.15,5452.63
2024.07.16 00:00:00,158.15,158.393,158.104,158.365,15063.83
2024.07.16 01:00:00,158.362,158.632,158.353,158.527,14045.4
2024.07.16 02:00:00,158.528,158.725,158.511,158.693,9888.35
2024.07.16 03:00:00,158.693,158.708,158.589,158.632,8771.4
2024.07.16 04:00:00,158.633,158.725,158.613,158.636,6370.24
2024.07.16 05:00:00,158.637,158.787,158.637,158.727,11779.04
2024.07.16 06:00:00,158.726,158.745,158.465,158.571,14356.17
2024.07.16 07:00:00,158.572,158.574,158.355,158.495,21870.99
2024.07.16 08:00:00,158.496,158.59,158.445,158.468,18571.13
2024.07.16 09:00:00,158.471,158.496,158.334,158.409,15051.28
2024.07.16 10:00:00,158.409,158.449,158.346,158.432,8287.42
2024.07.16 11:00:00,158.431,158.457,158.32,158.343,10843.05
2024.07.16 12:00:00,158.343,158.854,158.252,158.755,29482.96
2024.07.16 13:00:00,158.753,158.804,158.529,158.635,25159.75
2024.07.16 14:00:00,158.634,158.742,158.58,158.588,18627.69
2024.07.16 15:00:00,158.589,158.649,158.536,158.573,16394.58
2024.07.16 16:00:00,158.572,158.631,158.514,158.543,8917.5
2024.07.16 17:00:00,158.542,158.555,158.43,158.47,11748.24
2024.07.16 18:00:00,158.472,158.474,158.335,158.352,7335.97
2024.07.16 19:00:00,158.351,158.432,158.32,158.387,6811.96
2024.07.16 20:00:00,158.386,158.407,158.294,158.318,3395.97
2024.07.16 21:00:00,158.307,158.34,158.259,158.312,1659.51
2024.07.16 22:00:00,158.31,158.387,158.298,158.334,4395.9
2024.07.16 23:00:00,158.335,158.371,158.297,158.36,6252.69
2024.07.17 00:00:00,158.361,158.535,158.306,158.487,14977.9
2024.07.17 01:00:00,158.486,158.624,158.43,158.471,11275.77
2024.07.17 02:00:00,158.471,158.475,158.358,158.415,6741.29
2024.07.17 03:00:00,158.415,158.45,158.322,158.376,5137.96
2024.07.17 04:00:00,158.376,158.386,158.218,158.218,10713.73
2024.07.17 05:00:00,158.217,158.232,157.868,157.893,17466.1
2024.07.17 06:00:00,157.891,158.09,157.702,157.815,27650.82
2024.07.17 07:00:00,157.815,157.831,157.009,157.072,42217.19
2024.07.17 08:00:00,157.07,157.097,156.099,156.242,39707.42
2024.07.17 09:00:00,156.241,156.593,156.102,156.415,33782.85
2024.07.17 10:00:00,156.412,156.734,156.226,156.734,27642.12
2024.07.17 11:00:00,156.736,156.794,156.355,156.509,24696.64
2024.07.17 12:00:00,156.51,156.741,156.461,156.56,26911.87
2024.07.17 13:00:00,156.56,156.623,156.149,156.278,38404.49
2024.07.17 14:00:00,156.28,156.633,156.255,156.498,33179.96
2024.07.17 15:00:00,156.497,156.636,156.484,156.565,21255.07
2024.07.17 16:00:00,156.566,156.594,156.195,156.299,22790.84
2024.07.17 17:00:00,156.299,156.474,156.187,156.462,15668.52
2024.07.17 18:00:00,156.462,156.488,156.088,156.101,18093.14
2024.07.17 19:00:00,156.098,156.233,156.059,156.185,11141.61
2024.07.17 20:00:00,156.184,156.344,156.144,156.177,2880.44
2024.07.17 21:00:00,156.169,156.195,156.122,156.147,1423.8
2024.07.17 22:00:00,156.146,156.271,155.993,156.159,12386.77
2024.07.17 23:00:00,156.155,156.204,155.37,155.675,30862.59
2024.07.18 00:00:00,155.675,155.833,155.457,155.737,27299.4
2024.07.18 01:00:00,155.738,156.299,155.719,156.256,21862.59
2024.07.18 02:00:00,156.255,156.441,156.19,156.312,19402.3
2024.07.18 03:00:00,156.312,156.572,156.294,156.435,11618.1
2024.07.18 04:00:00,156.434,156.536,156.177,156.341,16071.84
2024.07.18 05:00:00,156.341,156.45,155.796,156.032,18425.47
2024.07.18 06:00:00,156.03,156.409,155.989,156.12,26990.48
2024.07.18 07:00:00,156.126,156.255,155.915,156.248,35245.08
2024.07.18 08:00:00,156.246,156.586,156.172,156.464,28957.65
2024.07.18 09:00:00,156.464,156.501,156.303,156.485,27064.28
2024.07.18 10:00:00,156.486,156.496,156.318,156.393,23073.39
2024.07.18 11:00:00,156.395,156.524,156.381,156.494,14242.37
2024.07.18 12:00:00,156.493,156.578,156.181,156.431,29108.79
2024.07.18 13:00:00,156.428,156.691,156.319,156.586,34161.95
2024.07.18 14:00:00,156.588,156.774,156.501,156.756,26206.2
2024.07.18 15:00:00,156.755,156.982,156.695,156.976,20924.06
2024.07.18 16:00:00,156.972,157.156,156.873,157.145,15986.08
2024.07.18 17:00:00,157.145,157.224,157.092,157.187,16305.77
2024.07.18 18:00:00,157.188,157.326,157.15,157.284,13672.92
2024.07.18 19:00:00,157.281,157.397,157.279,157.363,9145.2
2024.07.18 20:00:00,157.366,157.397,157.341,157.359,2262.51
2024.07.18 21:00:00,157.356,157.357,157.323,157.341,512.04
2024.07.18 22:00:00,157.341,157.341,157.248,157.263,6332.98
2024.07.18 23:00:00,157.263,157.282,157.112,157.176,7429.09
2024.07.19 00:00:00,157.176,157.416,157.062,157.209,21797.41
2024.07.19 01:00:00,157.211,157.529,157.198,157.457,13563.15
2024.07.19 02:00:00,157.456,157.52,157.343,157.422,15235.31
2024.07.19 03:00:00,157.422,157.446,157.326,157.374,7258
2024.07.19 04:00:00,157.375,157.481,157.359,157.477,7141.73
2024.07.19 05:00:00,157.476,157.862,157.471,157.769,16015.77
2024.07.19 06:00:00,157.768,157.823,157.132,157.262,19141.61
2024.07.19 07:00:00,157.258,157.554,156.952,157.32,41175.36
2024.07.19 08:00:00,157.318,157.423,157.16,157.26,24474.67
2024.07.19 09:00:00,157.259,157.437,157.145,157.362,10172.68
2024.07.19 10:00:00,157.363,157.574,157.362,157.456,8963.97
2024.07.19 11:00:00,157.455,157.536,157.327,157.467,13583.18
2024.07.19 12:00:00,157.468,157.695,157.423,157.675,21338.5
2024.07.19 13:00:00,157.674,157.698,157.411,157.509,33187.23
2024.07.19 14:00:00,157.51,157.528,157.263,157.338,26523.01
2024.07.19 15:00:00,157.338,157.454,157.277,157.389,21399.39
2024.07.19 16:00:00,157.389,157.44,157.34,157.413,11716.8
2024.07.19 17:00:00,157.411,157.427,157.352,157.415,11204.86
2024.07.19 18:00:00,157.416,157.497,157.402,157.487,7505.41
2024.07.19 19:00:00,157.488,157.524,157.469,157.499,2580.3
2024.07.19 20:00:00,157.497,157.527,157.401,157.475,1963.11
2024.07.21 21:00:00,157.329,157.439,157.252,157.362,492.57
2024.07.21 22:00:00,157.362,157.499,157.229,157.269,5338.05
2024.07.21 23:00:00,157.267,157.428,157.155,157.424,8087.65
2024.07.22 00:00:00,157.423,157.491,157.33,157.424,17260.99
2024.07.22 01:00:00,157.423,157.552,157.348,157.542,15255.23
2024.07.22 02:00:00,157.542,157.61,157.524,157.549,9367.98
2024.07.22 03:00:00,157.55,157.566,157.457,157.48,8113.22
2024.07.22 04:00:00,157.476,157.512,157.392,157.442,10023.36
2024.07.22 05:00:00,157.442,157.442,157.01,157.036,14355.29
2024.07.22 06:00:00,157.037,157.06,156.284,156.447,47455.2
2024.07.22 07:00:00,156.446,156.844,156.343,156.81,38971.93
2024.07.22 08:00:00,156.809,156.96,156.672,156.794,31487.98
2024.07.22 09:00:00,156.794,156.856,156.61,156.691,26464.46
2024.07.22 10:00:00,156.69,156.953,156.555,156.837,19778.08
2024.07.22 11:00:00,156.826,156.898,156.655,156.854,23018.39
2024.07.22 12:00:00,156.854,157.089,156.788,156.792,28081.89
2024.07.22 13:00:00,156.79,156.92,156.692,156.859,28158.98
2024.07.22 14:00:00,156.861,156.954,156.754,156.874,25159.69
2024.07.22 15:00:00,156.875,157.146,156.865,157.086,23056.58
2024.07.22 16:00:00,157.086,157.131,157.031,157.073,13138.62
2024.07.22 17:00:00,157.073,157.151,157.033,157.138,10259.88
2024.07.22 18:00:00,157.136,157.17,157.055,157.063,10159.27
2024.07.22 19:00:00,157.064,157.118,157.059,157.079,7191.54
2024.07.22 20:00:00,157.08,157.098,157,157.001,1710.84
2024.07.22 21:00:00,157.001,157.001,156.864,156.933,417.27
2024.07.22 22:00:00,156.939,157.076,156.93,157.038,3188.78
2024.07.22 23:00:00,157.037,157.101,156.885,156.903,9890.91
2024.07.23 00:00:00,156.901,156.927,156.645,156.656,22314.83
2024.07.23 01:00:00,156.658,156.848,156.579,156.704,17892.1
2024.07.23 02:00:00,156.706,156.766,156.519,156.632,9745.08
2024.07.23 03:00:00,156.636,156.668,156.197,156.279,22683.62
2024.07.23 04:00:00,156.279,156.385,156.205,156.304,16015.8
2024.07.23 05:00:00,156.304,156.449,156.264,156.314,14094.02
2024.07.23 06:00:00,156.315,156.622,156.22,156.586,28713.08
2024.07.23 07:00:00,156.585,156.635,155.929,156.04,41149.93
2024.07.23 08:00:00,156.04,156.133,155.823,156.011,36322.78
2024.07.23 09:00:00,156.011,156.071,155.819,155.944,23461.08
2024.07.23 10:00:00,155.945,156.161,155.919,156.046,19806.44
2024.07.23 11:00:00,156.046,156.189,156.034,156.153,23582.81
2024.07.23 12:00:00,156.154,156.265,155.942,156.027,31524.14
2024.07.23 13:00:00,156.028,156.209,155.987,156.092,31929.95
2024.07.23 14:00:00,156.089,156.196,155.971,155.979,25023.43
2024.07.23 15:00:00,155.982,156.089,155.945,156.021,14621.39
2024.07.23 16:00:00,156.02,156.054,155.694,155.781,11476.32
2024.07.23 17:00:00,155.783,155.805,155.577,155.69,18240.59
2024.07.23 18:00:00,155.689,155.754,155.624,155.628,4937.98
2024.07.23 19:00:00,155.627,155.67,155.589,155.638,6469.2
2024.07.23 20:00:00,155.639,155.649,155.546,155.552,2915.57
2024.07.23 21:00:00,155.552,155.587,155.528,155.582,641.4
2024.07.23 22:00:00,155.581,155.643,155.565,155.636,2817.33
2024.07.23 23:00:00,155.635,155.817,155.628,155.76,7286.41
2024.07.24 00:00:00,155.761,155.99,155.761,155.824,21113.86
2024.07.24 01:00:00,155.825,155.876,155.176,155.246,32965.76
2024.07.24 02:00:00,155.246,155.523,155.229,155.255,18414.39
2024.07.24 03:00:00,155.256,155.292,155.046,155.055,25857.9
2024.07.24 04:00:00,155.054,155.054,154.54,154.609,35455.02
2024.07.24 05:00:00,154.608,154.795,154.351,154.631,24864.21
2024.07.24 06:00:00,154.63,154.688,154.373,154.586,39456.38
2024.07.24 07:00:00,154.585,154.881,154.41,154.591,34835.35
2024.07.24 08:00:00,154.59,154.943,154.547,154.859,19336.93
2024.07.24 09:00:00,154.86,154.932,154.275,154.774,25233.57
2024.07.24 10:00:00,154.775,154.841,154.487,154.561,17332.58
2024.07.24 11:00:00,154.559,154.578,154.056,154.188,20987.78
2024.07.24 12:00:00,154.187,154.224,153.758,153.804,37699.92
2024.07.24 13:00:00,153.806,153.996,153.343,153.429,33331.98
2024.07.24 14:00:00,153.425,153.59,153.105,153.266,57511.39
2024.07.24 15:00:00,153.267,153.499,153.264,153.382,32339.96
2024.07.24 16:00:00,153.383,153.583,153.342,153.467,19320.04
2024.07.24 17:00:00,153.468,153.856,153.447,153.825,17828.26
2024.07.24 18:00:00,153.825,154.071,153.806,154.003,16439.16
2024.07.24 19:00:00,154.003,154.096,153.877,154.015,11588.09
2024.07.24 20:00:00,154.015,154.016,153.85,153.85,2844.24
2024.07.24 21:00:00,153.848,153.88,153.518,153.687,1919.07
2024.07.24 22:00:00,153.686,153.788,153.551,153.594,8204.3
2024.07.24 23:00:00,153.59,153.952,153.586,153.916,15737.43
2024.07.25 00:00:00,153.914,153.968,152.838,153.243,40598.18
2024.07.25 01:00:00,153.246,153.345,152.642,152.857,21869.77
2024.07.25 02:00:00,152.858,152.952,152.512,152.637,14410.02
2024.07.25 03:00:00,152.637,152.637,152.229,152.317,17207.49
2024.07.25 04:00:00,152.315,152.652,152.312,152.618,10634.57
2024.07.25 05:00:00,152.619,152.97,152.582,152.741,13852.22
2024.07.25 06:00:00,152.738,152.867,152.542,152.845,21385.35
2024.07.25 07:00:00,152.846,152.929,152.051,152.193,23789.27
2024.07.25 08:00:00,152.193,152.747,151.941,152.703,19075
2024.07.25 09:00:00,152.703,152.739,152.247,152.308,13464.73
2024.07.25 10:00:00,152.305,152.358,152.087,152.207,11439.64
2024.07.25 11:00:00,152.206,152.729,152.17,152.72,21504.79
2024.07.25 12:00:00,152.722,153.735,152.551,153.519,50972.4
2024.07.25 13:00:00,153.52,154.193,153.414,153.653,50452.39
2024.07.25 14:00:00,153.656,153.739,153.228,153.639,33961.79
2024.07.25 15:00:00,153.637,154.101,153.632,153.978,28572.42
2024.07.25 16:00:00,153.979,154.318,153.904,154.027,30507.24
2024.07.25 17:00:00,154.03,154.042,153.748,154.033,38066.8
2024.07.25 18:00:00,154.031,154.048,153.768,153.784,29003.46
2024.07.25 19:00:00,153.784,153.919,153.784,153.919,11392.56
2024.07.25 20:00:00,153.917,154.046,153.807,153.907,3826.62
2024.07.25 21:00:00,153.907,153.922,153.866,153.915,307.44
2024.07.25 22:00:00,153.915,153.987,153.895,153.902,3212.59
2024.07.25 23:00:00,153.9,153.901,153.373,153.7,23685.54
2024.07.26 00:00:00,153.699,154.139,153.366,153.919,22663.73
2024.07.26 01:00:00,153.917,154.087,153.428,153.581,28524.2
2024.07.26 02:00:00,153.579,153.967,153.565,153.919,13053.44
2024.07.26 03:00:00,153.919,153.919,153.738,153.753,11518.97
2024.07.26 04:00:00,153.753,153.831,153.59,153.676,14139.49
2024.07.26 05:00:00,153.677,153.804,153.499,153.642,14030.61
2024.07.26 06:00:00,153.642,153.755,153.539,153.635,37884.1
2024.07.26 07:00:00,153.635,154.17,153.566,153.918,31592.34
2024.07.26 08:00:00,153.916,154.431,153.862,154.299,26328.07
2024.07.26 09:00:00,154.297,154.355,154.033,154.205,29835.27
2024.07.26 10:00:00,154.206,154.645,154.194,154.563,25287.55
2024.07.26 11:00:00,154.567,154.737,154.519,154.61,25886.79
2024.07.26 12:00:00,154.611,154.725,154.024,154.218,35550.12
2024.07.26 13:00:00,154.217,154.218,153.668,153.781,40337.59
2024.07.26 14:00:00,153.781,154.101,153.096,153.5,42962.55
2024.07.26 15:00:00,153.501,153.875,153.495,153.868,36123.39
2024.07.26 16:00:00,153.868,153.868,153.706,153.784,24168.54
2024.07.26 17:00:00,153.784,153.872,153.673,153.729,16085.67
2024.07.26 18:00:00,153.732,153.826,153.707,153.728,19127.13
2024.07.26 19:00:00,153.729,153.765,153.674,153.754,6644.37
2024.07.26 20:00:00,153.756,153.795,153.709,153.718,2095.83
2024.07.28 21:00:00,153.652,153.772,153.475,153.529,842.1
2024.07.28 22:00:00,153.692,154.02,153.654,154.02,13839.96
2024.07.28 23:00:00,154.018,154.212,153.98,154.143,20748.57
2024.07.29 00:00:00,154.149,154.351,153.52,153.66,31531.81
2024.07.29 01:00:00,153.653,153.83,153.236,153.438,35453.01
2024.07.29 02:00:00,153.439,153.534,153.014,153.419,20462.55
2024.07.29 03:00:00,153.42,153.694,153.328,153.511,22278.22
2024.07.29 04:00:00,153.517,153.607,153.322,153.413,25079.85
2024.07.29 05:00:00,153.412,153.664,153.3,153.381,18595.48
2024.07.29 06:00:00,153.381,153.447,153.138,153.354,31690.23
2024.07.29 07:00:00,153.352,153.723,153.232,153.617,45245.79
2024.07.29 08:00:00,153.618,153.915,153.586,153.686,35153.49
2024.07.29 09:00:00,153.685,153.772,153.587,153.701,31887.13
2024.07.29 10:00:00,153.701,153.892,153.601,153.684,25637.3
2024.07.29 11:00:00,153.683,153.837,153.59,153.833,27742.57
2024.07.29 12:00:00,153.833,154.032,153.754,153.883,42510.28
2024.07.29 13:00:00,153.885,154.207,153.731,154.175,35840.01
2024.07.29 14:00:00,154.174,154.203,154.002,154.048,41332.42
2024.07.29 15:00:00,154.047,154.047,153.869,153.964,27493.81
2024.07.29 16:00:00,153.965,154.091,153.933,153.942,13544.3
2024.07.29 17:00:00,153.943,154.031,153.887,154,11588.13
2024.07.29 18:00:00,154,154.054,153.966,153.986,15803.18
2024.07.29 19:00:00,153.981,154.038,153.958,153.999,11604.93
2024.07.29 20:00:00,153.998,154.051,153.974,154.01,3734.22
2024.07.29 21:00:00,154.01,154.068,153.903,154.004,1197.89
2024.07.29 22:00:00,154.009,154.061,153.97,154.019,9832.51
2024.07.29 23:00:00,154.018,154.028,153.765,153.835,15284.27
2024.07.30 00:00:00,153.833,154.059,153.615,153.961,19676.29
2024.07.30 01:00:00,153.961,154.247,153.848,153.992,19354.46
2024.07.30 02:00:00,153.993,154.132,153.948,154.022,13135.87
2024.07.30 03:00:00,154.021,154.165,153.974,154.069,19504.77
2024.07.30 04:00:00,154.073,154.442,154.061,154.437,18059.84
2024.07.30 05:00:00,154.436,154.768,154.421,154.664,15004.2
2024.07.30 06:00:00,154.662,155.213,154.595,155.049,16084.83
2024.07.30 07:00:00,155.045,155.143,154.719,154.894,15420.39
2024.07.30 08:00:00,154.898,154.912,154.602,154.663,9561.09
2024.07.30 09:00:00,154.666,154.933,154.661,154.809,8070.94
2024.07.30 10:00:00,154.813,154.877,154.693,154.732,4477.23
2024.07.30 11:00:00,154.733,154.895,154.724,154.884,5956.56
2024.07.30 12:00:00,154.884,155.021,154.81,154.94,33242.18
2024.07.30 13:00:00,154.941,154.941,154.291,154.333,51997.74
2024.07.30 14:00:00,154.318,154.652,154.318,154.599,48151.8
2024.07.30 15:00:00,154.599,154.601,153.646,153.726,51249.56
2024.07.30 16:00:00,153.726,153.855,153.137,153.238,29333.61
2024.07.30 17:00:00,153.238,153.38,152.979,153.203,34036.18
2024.07.30 18:00:00,153.204,153.441,153.136,153.257,25225.39
2024.07.30 19:00:00,153.257,153.317,153.204,153.275,10606.93
2024.07.30 20:00:00,153.276,153.282,152.645,152.756,8932.55
2024.07.30 21:00:00,152.698,152.809,152.614,152.658,1527.84
2024.07.30 22:00:00,152.658,153.139,152.42,152.878,23615.29
2024.07.30 23:00:00,152.875,152.974,152.417,152.658,29085.93
2024.07.31 00:00:00,152.658,152.741,152.105,152.378,33502.42
2024.07.31 01:00:00,152.373,152.529,152.164,152.424,20060.18
2024.07.31 02:00:00,152.411,153.325,152.335,152.876,33004.46
2024.07.31 03:00:00,152.877,153.828,151.587,153.57,21755.89
2024.07.31 04:00:00,153.586,153.894,152.408,152.55,34030.65
2024.07.31 05:00:00,152.55,153.165,152.466,152.87,26945.52
2024.07.31 06:00:00,152.869,153.059,152.213,152.228,38105.1
2024.07.31 07:00:00,152.228,152.434,150.607,150.921,42971.94
2024.07.31 08:00:00,150.921,150.983,150.049,150.922,54163.99
2024.07.31 09:00:00,150.917,150.942,150.356,150.403,35577.49
2024.07.31 10:00:00,150.402,150.587,150.144,150.507,27991.83
2024.07.31 11:00:00,150.506,150.581,150.08,150.183,43793.82
2024.07.31 12:00:00,150.189,150.475,149.785,150.331,51744.49
2024.07.31 13:00:00,150.332,150.349,149.818,149.82,42339.06
2024.07.31 14:00:00,149.822,150.674,149.625,150.434,42221.75
2024.07.31 15:00:00,150.435,150.574,150.277,150.38,39141.87
2024.07.31 16:00:00,150.38,150.661,150.368,150.56,23880.19
2024.07.31 17:00:00,150.559,150.953,150.544,150.796,27859.42
2024.07.31 18:00:00,150.796,151.257,150.328,150.437,51728.23
2024.07.31 19:00:00,150.444,150.495,149.606,149.786,50640.42
2024.07.31 20:00:00,149.786,150.278,149.754,149.956,9680.27
2024.07.31 21:00:00,149.941,149.941,149.829,149.874,1242.03
2024.07.31 22:00:00,149.874,150.19,149.794,150.17,13280.48
2024.07.31 23:00:00,150.17,150.318,149.667,149.786,25535.7
2024.08.01 00:00:00,149.786,149.895,149.345,149.436,30365.23
2024.08.01 01:00:00,149.435,149.465,148.508,149.17,48260.12
2024.08.01 02:00:00,149.17,149.788,149.034,149.764,36010.88
2024.08.01 03:00:00,149.766,149.791,149.388,149.56,29232.99
2024.08.01 04:00:00,149.562,149.714,149.339,149.68,22643.18
2024.08.01 05:00:00,149.679,150.045,149.613,149.759,29304.12
2024.08.01 06:00:00,149.76,150.335,149.569,150.027,55159.66
2024.08.01 07:00:00,150.026,150.195,149.782,149.861,48231.39
2024.08.01 08:00:00,149.859,149.988,149.426,149.69,54639.72
2024.08.01 09:00:00,149.698,149.967,149.605,149.949,38251.5
2024.08.01 10:00:00,149.95,150.195,149.918,150.027,32293.95
2024.08.01 11:00:00,150.029,150.621,149.97,150.523,28396.69
2024.08.01 12:00:00,150.523,150.861,150.188,150.858,54737.4
2024.08.01 13:00:00,150.86,150.89,150.391,150.521,45967.39
2024.08.01 14:00:00,150.522,150.522,149.831,150.046,59138.61
2024.08.01 15:00:00,150.046,150.216,149.869,150.06,34839.29
2024.08.01 16:00:00,150.063,150.135,149.681,149.894,28672.76
2024.08.01 17:00:00,149.895,149.942,149.645,149.746,23214.06
2024.08.01 18:00:00,149.745,149.767,149.531,149.553,32347.46
2024.08.01 19:00:00,149.551,149.841,149.47,149.771,22555.39
2024.08.01 20:00:00,149.771,149.783,149.282,149.356,7333.09
2024.08.01 21:00:00,149.355,149.36,149.264,149.295,3178.47
2024.08.01 22:00:00,149.295,149.443,148.991,149.311,14273.76
2024.08.01 23:00:00,149.31,149.311,148.872,149.208,27296.53
2024.08.02 00:00:00,149.205,149.417,148.935,149.38,44699.18
2024.08.02 01:00:00,149.379,149.772,149.354,149.499,41485.06
2024.08.02 02:00:00,149.498,149.68,149.231,149.569,29825.73
2024.08.02 03:00:00,149.573,149.644,149.374,149.491,19517.36
2024.08.02 04:00:00,149.49,149.579,149.25,149.259,21480.45
2024.08.02 05:00:00,149.257,149.37,148.887,148.944,28461.02
2024.08.02 06:00:00,148.939,149.29,148.804,148.853,48231.51
2024.08.02 07:00:00,148.85,149.221,148.623,149.208,38164.64
2024.08.02 08:00:00,149.21,149.321,148.832,149.071,28698.9
2024.08.02 09:00:00,149.07,149.092,148.82,148.882,16120.54
2024.08.02 10:00:00,148.882,148.955,148.73,148.796,20023.86
2024.08.02 11:00:00,148.796,149.122,148.789,149.008,25068.83
2024.08.02 12:00:00,149.009,149.113,147.015,147.44,51518.84
2024.08.02 13:00:00,147.443,148.16,147.058,147.076,79705.08
2024.08.02 14:00:00,147.077,147.414,146.542,146.671,76155.74
2024.08.02 15:00:00,146.668,147.104,146.417,146.979,58660.51
2024.08.02 16:00:00,146.981,147.458,146.752,146.844,46142.33
2024.08.02 17:00:00,146.844,146.956,146.748,146.836,40850.35
2024.08.02 18:00:00,146.837,146.896,146.436,146.491,20423.58
2024.08.02 19:00:00,146.492,146.69,146.444,146.582,17256.87
2024.08.02 20:00:00,146.584,146.619,146.489,146.498,7284
2024.08.04 21:00:00,146.441,146.504,146.413,146.44,828.9
2024.08.04 22:00:00,146.468,146.563,145.983,146.322,20120.29
2024.08.04 23:00:00,146.319,146.343,145.279,145.589,39785.95
2024.08.05 00:00:00,145.589,145.94,145.179,145.512,56135.48
2024.08.05 01:00:00,145.512,145.592,144.762,145.106,43756.73
2024.08.05 02:00:00,145.104,145.548,145.037,145.136,35611.46
2024.08.05 03:00:00,145.133,145.155,144.163,144.361,36631.85
2024.08.05 04:00:00,144.36,144.427,142.176,143.165,50687.54
2024.08.05 05:00:00,143.165,143.551,142.41,142.66,49147.74
2024.08.05 06:00:00,142.649,143.11,141.676,142.749,32752.59
2024.08.05 07:00:00,142.751,143.986,142.717,143.478,31341.29
2024.08.05 08:00:00,143.474,143.56,142.001,142.395,25386.57
2024.08.05 09:00:00,142.399,142.574,141.741,142.287,40291.24
2024.08.05 10:00:00,142.29,142.466,141.906,142.369,29774.93
2024.08.05 11:00:00,142.37,142.962,142.242,142.306,37463.48
2024.08.05 12:00:00,142.304,142.466,141.831,142.246,43732.35
2024.08.05 13:00:00,142.25,142.982,142.1,142.714,38152.19
2024.08.05 14:00:00,142.726,143.843,142.54,142.655,56979.24
2024.08.05 15:00:00,142.656,143.99,142.333,143.962,43297.1
2024.08.05 16:00:00,143.961,144.887,143.893,144.178,42353.74
2024.08.05 17:00:00,144.181,144.602,143.901,144.007,38715.1
2024.08.05 18:00:00,144.008,144.159,143.388,143.457,25041.81
2024.08.05 19:00:00,143.451,143.853,143.441,143.739,21013.82
2024.08.05 20:00:00,143.738,144.273,143.701,144.137,9230.46
2024.08.05 21:00:00,144.129,144.174,144.018,144.039,849.07
2024.08.05 22:00:00,144.036,144.863,143.619,144.762,15486.33
2024.08.05 23:00:00,144.762,145.826,144.758,145.794,34042.97
2024.08.06 00:00:00,145.8,146.365,144.837,145.04,46904.88
2024.08.06 01:00:00,145.042,145.485,144.363,144.8,28957.48
2024.08.06 02:00:00,144.8,145.352,144.302,145.307,26397.48
2024.08.06 03:00:00,145.307,145.912,145.116,145.35,22525.32
2024.08.06 04:00:00,145.348,145.639,145.101,145.511,18584.71
2024.08.06 05:00:00,145.521,146.14,145.104,145.862,24938
2024.08.06 06:00:00,145.862,146.285,145.428,145.631,40165.14
2024.08.06 07:00:00,145.631,145.931,145.173,145.291,42365.61
2024.08.06 08:00:00,145.289,145.376,144.466,144.918,31543.6
2024.08.06 09:00:00,144.917,144.917,144.495,144.745,21314.89
2024.08.06 10:00:00,144.744,145.118,144.357,144.887,24471.72
2024.08.06 11:00:00,144.899,145.458,144.899,145.152,24092.74
2024.08.06 12:00:00,145.147,145.197,144.481,144.599,28729.47
2024.08.06 13:00:00,144.599,144.711,144.045,144.394,33699.93
2024.08.06 14:00:00,144.395,144.99,144.27,144.501,29593.7
2024.08.06 15:00:00,144.502,145.207,144.502,145.111,27726.7
2024.08.06 16:00:00,145.113,145.417,145.014,145.373,21940.99
2024.08.06 17:00:00,145.376,145.389,145.051,145.338,16775.27
2024.08.06 18:00:00,145.339,145.363,145.001,145.002,12584.84
2024.08.06 19:00:00,145.001,145.069,144.729,144.729,10257.36
2024.08.06 20:00:00,144.734,144.82,144.149,144.296,7921.1
2024.08.06 21:00:00,144.296,144.612,144.153,144.524,1343.52
2024.08.06 22:00:00,144.462,144.734,144.3,144.553,16607.08
2024.08.06 23:00:00,144.556,144.756,144.378,144.738,15734.91
2024.08.07 00:00:00,144.743,145.253,144.543,144.729,34631.16
2024.08.07 01:00:00,144.728,147.488,144.561,146.729,41591.95
2024.08.07 02:00:00,146.729,146.947,146.335,146.843,27633.31
2024.08.07 03:00:00,146.838,147.37,146.627,147.131,21699.61
2024.08.07 04:00:00,147.129,147.897,147.103,147.613,19528.07
2024.08.07 05:00:00,147.612,147.814,146.834,146.975,25416.7
2024.08.07 06:00:00,146.973,147.136,146.434,146.575,38459.77
2024.08.07 07:00:00,146.576,146.942,146.081,146.687,27630.75
2024.08.07 08:00:00,146.689,147.227,146.62,147.199,46061.32
2024.08.07 09:00:00,147.201,147.636,147.086,147.574,35739.53
2024.08.07 10:00:00,147.572,147.608,147.04,147.193,22725.19
2024.08.07 11:00:00,147.194,147.504,146.983,147.198,14759.3
2024.08.07 12:00:00,147.203,147.229,146.867,146.995,21432.45
2024.08.07 13:00:00,146.992,147.339,146.919,147.219,21142.01
2024.08.07 14:00:00,147.22,147.395,146.648,147.271,25273.56
2024.08.07 15:00:00,147.27,147.686,147.254,147.416,16566.16
2024.08.07 16:00:00,147.42,147.496,147.067,147.175,14986.12
2024.08.07 17:00:00,147.177,147.403,146.961,147.034,16522.71
2024.08.07 18:00:00,147.032,147.044,146.68,146.841,17381.52
2024.08.07 19:00:00,146.84,147.185,146.785,146.847,18052.77
2024.08.07 20:00:00,146.847,146.906,146.656,146.656,6025.99
2024.08.07 21:00:00,146.653,146.747,146.619,146.693,1728.96
2024.08.07 22:00:00,146.695,146.78,146.353,146.524,11172.04
2024.08.07 23:00:00,146.523,146.535,145.564,146.283,35959.29
2024.08.08 00:00:00,146.297,146.539,145.426,146,48739.25
2024.08.08 01:00:00,146.003,146.619,145.953,146.373,41040.94
2024.08.08 02:00:00,146.372,146.871,146.349,146.591,31597.04
2024.08.08 03:00:00,146.592,146.718,146.304,146.376,31617.68
2024.08.08 04:00:00,146.384,146.388,145.906,146.131,33917.36
2024.08.08 05:00:00,146.131,146.4,145.938,145.971,42318.67
2024.08.08 06:00:00,145.967,146.342,145.877,146.197,51622.73
2024.08.08 07:00:00,146.198,146.223,145.627,145.868,47475.43
2024.08.08 08:00:00,145.873,146.275,145.754,146.192,40762.72
2024.08.08 09:00:00,146.192,146.486,146.016,146.124,35877.45
2024.08.08 10:00:00,146.122,146.299,146.016,146.105,35324.74
2024.08.08 11:00:00,146.104,146.301,145.941,146.161,38883.12
2024.08.08 12:00:00,146.159,147.292,145.947,147.064,57499.7
2024.08.08 13:00:00,147.06,147.542,146.918,147.125,57609.35
2024.08.08 14:00:00,147.126,147.428,146.933,147.29,47189.54
2024.08.08 15:00:00,147.29,147.3,147.015,147.091,30158.26
2024.08.08 16:00:00,147.091,147.259,147.073,147.244,17583.34
2024.08.08 17:00:00,147.243,147.419,147.148,147.36,20963.23
2024.08.08 18:00:00,147.361,147.433,147.2,147.212,18346.35
2024.08.08 19:00:00,147.21,147.269,147.091,147.145,21411.38
2024.08.08 20:00:00,147.147,147.288,147.097,147.261,7659
2024.08.08 21:00:00,147.174,147.27,147.128,147.196,716.74
2024.08.08 22:00:00,147.202,147.306,147.153,147.272,12307.89
2024.08.08 23:00:00,147.27,147.813,147.245,147.694,23512.63
2024.08.09 00:00:00,147.694,147.768,147.198,147.482,53248.91
2024.08.09 01:00:00,147.486,147.615,147.077,147.085,34146.09
2024.08.09 02:00:00,147.083,147.503,147.019,147.492,29757.91
2024.08.09 03:00:00,147.492,147.568,147.143,147.225,31310.2
2024.08.09 04:00:00,147.226,147.255,146.814,146.886,23731.33
2024.08.09 05:00:00,146.882,147.106,146.71,147.009,35236.42
2024.08.09 06:00:00,147.014,147.217,146.885,147.197,28796.82
2024.08.09 07:00:00,147.198,147.21,146.918,147.204,34805.16
2024.08.09 08:00:00,147.203,147.32,146.917,147.208,40081.4
2024.08.09 09:00:00,147.207,147.286,147.139,147.233,35123.97
2024.08.09 10:00:00,147.234,147.264,147.035,147.137,26018.54
2024.08.09 11:00:00,147.14,147.158,146.823,147.011,40945.15
2024.08.09 12:00:00,147.013,147.033,146.508,146.777,41674.41
2024.08.09 13:00:00,146.777,146.791,146.51,146.606,40731.02
2024.08.09 14:00:00,146.607,146.634,146.267,146.538,54051.75
2024.08.09 15:00:00,146.539,146.732,146.44,146.495,39715.22
2024.08.09 16:00:00,146.491,146.665,146.477,146.609,27473.06
2024.08.09 17:00:00,146.609,146.761,146.598,146.695,21801.75
2024.08.09 18:00:00,146.696,146.722,146.593,146.614,15465.84
2024.08.09 19:00:00,146.614,146.673,146.556,146.641,12340.35
2024.08.09 20:00:00,146.641,146.699,146.591,146.634,6927.96
2024.08.11 21:00:00,146.484,146.892,146.468,146.696,433.43
2024.08.11 22:00:00,146.729,147.005,146.706,146.992,8258.36
2024.08.11 23:00:00,146.992,147.128,146.92,147.072,14912.06
2024.08.12 00:00:00,147.071,147.074,146.798,146.854,19611.82
2024.08.12 01:00:00,146.855,146.994,146.698,146.962,27715.54
2024.08.12 02:00:00,146.96,146.98,146.841,146.934,17588.44
2024.08.12 03:00:00,146.933,147.22,146.879,147.196,20897.67
2024.08.12 04:00:00,147.202,147.209,147.025,147.124,18901.4
2024.08.12 05:00:00,147.122,147.222,147.087,147.201,22735.42
2024.08.12 06:00:00,147.198,147.28,147.151,147.224,29488.41
2024.08.12 07:00:00,147.224,147.32,147.089,147.218,36346.88
2024.08.12 08:00:00,147.217,147.443,147.19,147.361,17477.52
2024.08.12 09:00:00,147.354,147.383,147.207,147.318,18850.29
2024.08.12 10:00:00,147.318,147.438,147.285,147.417,18576.04
2024.08.12 11:00:00,147.417,147.666,147.384,147.571,24249.19
2024.08.12 12:00:00,147.575,147.737,147.521,147.715,25383.36
2024.08.12 13:00:00,147.716,148.222,147.671,147.774,50405.26
2024.08.12 14:00:00,147.776,147.944,147.659,147.873,48390.61
2024.08.12 15:00:00,147.874,147.892,147.245,147.542,44359.79
2024.08.12 16:00:00,147.544,147.572,147.276,147.355,28231.84
2024.08.12 17:00:00,147.353,147.353,147.089,147.179,31213.52
2024.08.12 18:00:00,147.18,147.313,147.073,147.299,25367.76
2024.08.12 19:00:00,147.299,147.323,147.04,147.181,23133.44
2024.08.12 20:00:00,147.181,147.28,147.149,147.177,7679.46
2024.08.12 21:00:00,147.176,147.208,147.093,147.178,1590.5
2024.08.12 22:00:00,147.178,147.221,147.105,147.131,8305.38
2024.08.12 23:00:00,147.13,147.223,146.914,147.022,11120.34
2024.08.13 00:00:00,147.023,147.302,147.003,147.262,38480.2
2024.08.13 01:00:00,147.262,147.513,147.262,147.323,23565.27
2024.08.13 02:00:00,147.322,147.394,147.228,147.375,15373.44
2024.08.13 03:00:00,147.375,147.507,147.308,147.48,14736.75
2024.08.13 04:00:00,147.481,147.794,147.43,147.714,22371.56
2024.08.13 05:00:00,147.714,147.822,147.6,147.65,18437.35
2024.08.13 06:00:00,147.65,147.945,147.55,147.883,24946.21
2024.08.13 07:00:00,147.882,147.945,147.765,147.854,31843.97
2024.08.13 08:00:00,147.854,147.891,147.666,147.842,28622.94
2024.08.13 09:00:00,147.841,147.919,147.701,147.89,19992.08
2024.08.13 10:00:00,147.89,147.916,147.53,147.53,30507.79
2024.08.13 11:00:00,147.534,147.613,147.311,147.348,39767.56
2024.08.13 12:00:00,147.349,147.509,147.059,147.403,36582.45
2024.08.13 13:00:00,147.409,147.471,146.846,147.077,57479.16
2024.08.13 14:00:00,147.078,147.17,146.894,146.996,40657.9
2024.08.13 15:00:00,146.995,147.092,146.942,146.972,29210.41
2024.08.13 16:00:00,146.971,146.971,146.704,146.733,21116.62
2024.08.13 17:00:00,146.733,146.91,146.707,146.901,20200.16
2024.08.13 18:00:00,146.9,146.902,146.645,146.676,24904.73
2024.08.13 19:00:00,146.677,146.856,146.596,146.83,33833.36
2024.08.13 20:00:00,146.828,146.899,146.786,146.814,15707.85
2024.08.13 21:00:00,146.812,146.855,146.602,146.83,1172.43
2024.08.13 22:00:00,146.83,146.869,146.735,146.823,7267.96
2024.08.13 23:00:00,146.823,147.013,146.779,146.943,10840.59
2024.08.14 00:00:00,146.944,147.145,146.916,147.09,20304.47
2024.08.14 01:00:00,147.089,147.185,146.748,146.866,21577.18
2024.08.14 02:00:00,146.867,146.895,146.068,146.461,32579.53
2024.08.14 03:00:00,146.462,146.903,146.327,146.776,27353.52
2024.08.14 04:00:00,146.775,147.071,146.752,146.867,20361.7
2024.08.14 05:00:00,146.866,147.096,146.771,147.084,17585.42
2024.08.14 06:00:00,147.086,147.313,146.905,147.188,30981.27
2024.08.14 07:00:00,147.189,147.422,147.108,147.407,24505.13
2024.08.14 08:00:00,147.405,147.501,147.098,147.114,21260.38
2024.08.14 09:00:00,147.113,147.161,147.028,147.101,15562.97
2024.08.14 10:00:00,147.102,147.148,146.839,146.87,8750.89
2024.08.14 11:00:00,146.869,146.971,146.828,146.89,10795.73
2024.08.14 12:00:00,146.889,147.578,146.505,147.31,24216.43
2024.08.14 13:00:00,147.311,147.44,146.913,146.959,26578.63
2024.08.14 14:00:00,146.961,147.007,146.573,146.76,24396.54
2024.08.14 15:00:00,146.764,146.887,146.635,146.866,15326.29
2024.08.14 16:00:00,146.865,146.966,146.817,146.946,13767.79
2024.08.14 17:00:00,146.945,147.261,146.933,147.21,10837.65
2024.08.14 18:00:00,147.21,147.265,147.163,147.242,7981.91
2024.08.14 19:00:00,147.244,147.378,147.202,147.342,6218.29
2024.08.14 20:00:00,147.341,147.439,147.291,147.31,5113.02
2024.08.14 21:00:00,147.308,147.308,147.213,147.25,402.36
2024.08.14 22:00:00,147.249,147.309,147.147,147.288,3563.16
2024.08.14 23:00:00,147.284,147.404,147.216,147.272,5557.98
2024.08.15 00:00:00,147.273,147.354,147.154,147.229,11634.27
2024.08.15 01:00:00,147.229,147.609,147.197,147.518,16413.37
2024.08.15 02:00:00,147.517,147.584,147.414,147.463,9755.22
2024.08.15 03:00:00,147.46,147.472,147.337,147.402,7610.43
2024.08.15 04:00:00,147.402,147.416,147.232,147.267,8586.43
2024.08.15 05:00:00,147.267,147.346,147.053,147.137,9760.45
2024.08.15 06:00:00,147.14,147.333,147.105,147.164,9481.24
2024.08.15 07:00:00,147.163,147.263,147.094,147.21,11527.64
2024.08.15 08:00:00,147.212,147.392,147.202,147.333,11342.29
2024.08.15 09:00:00,147.332,147.448,147.317,147.374,8614.21
2024.08.15 10:00:00,147.377,147.382,147.202,147.229,6380.81
2024.08.15 11:00:00,147.229,147.329,147.178,147.219,14054.31
2024.08.15 12:00:00,147.218,149.156,147.184,148.957,31881.37
2024.08.15 13:00:00,148.959,149.322,148.866,149.077,30543.2
2024.08.15 14:00:00,149.075,149.152,148.779,149.035,51701.13
2024.08.15 15:00:00,149.033,149.034,148.863,148.913,22004.89
2024.08.15 16:00:00,148.913,149.05,148.85,149.042,14910.42
2024.08.15 17:00:00,149.041,149.185,148.957,149.093,12926.42
2024.08.15 18:00:00,149.091,149.111,148.983,149.004,11761.51
2024.08.15 19:00:00,149.004,149.048,148.969,149.042,8878.23
2024.08.15 20:00:00,149.042,149.396,149.018,149.263,12906.33
2024.08.15 21:00:00,149.267,149.33,149.242,149.293,343.41
2024.08.15 22:00:00,149.292,149.305,149.03,149.258,6507.34
2024.08.15 23:00:00,149.258,149.262,149.148,149.227,7687.63
2024.08.16 00:00:00,149.227,149.268,148.906,149.152,21157.25
2024.08.16 01:00:00,149.151,149.225,148.841,148.917,19869.59
2024.08.16 02:00:00,148.919,148.995,148.738,148.877,15609.82
2024.08.16 03:00:00,148.875,148.955,148.787,148.931,13210.11
2024.08.16 04:00:00,148.931,149.008,148.831,148.86,10059.13
2024.08.16 05:00:00,148.864,149.056,148.846,148.921,9274.42
2024.08.16 06:00:00,148.922,149.095,148.856,149.061,21766.22
2024.08.16 07:00:00,149.057,149.061,148.897,149.015,19583.57
2024.08.16 08:00:00,149.016,149.054,148.654,148.711,33846.2
2024.08.16 09:00:00,148.711,148.765,148.596,148.675,24879.52
2024.08.16 10:00:00,148.674,148.679,148.323,148.351,27381.36
2024.08.16 11:00:00,148.353,148.354,147.957,148.045,40457.6
2024.08.16 12:00:00,148.045,148.103,147.613,147.683,32102.63
2024.08.16 13:00:00,147.683,147.931,147.622,147.763,31958.44
2024.08.16 14:00:00,147.767,148.258,147.765,147.999,36147.86
2024.08.16 15:00:00,147.999,148.267,147.973,148.132,31658.94
2024.08.16 16:00:00,148.134,148.192,147.993,148.002,27273.35
2024.08.16 17:00:00,148.002,148.01,147.707,147.744,12122.69
2024.08.16 18:00:00,147.746,147.814,147.644,147.671,15178.24
2024.08.16 19:00:00,147.67,147.724,147.632,147.699,8682.99
2024.08.16 20:00:00,147.699,147.701,147.569,147.587,6455.51
2024.08.18 21:00:00,147.555,147.67,147.484,147.63,303.44
2024.08.18 22:00:00,147.629,147.908,147.597,147.863,9626.58
2024.08.18 23:00:00,147.859,148.051,147.827,147.963,9935.49
2024.08.19 00:00:00,147.962,148,147.731,147.816,25888.44
2024.08.19 01:00:00,147.815,147.876,147.32,147.41,27290.41
2024.08.19 02:00:00,147.409,147.637,147.304,147.348,17383.46
2024.08.19 03:00:00,147.346,147.371,146.311,146.458,29518.99
2024.08.19 04:00:00,146.459,146.623,145.861,146.187,27671.8
2024.08.19 05:00:00,146.188,146.294,145.41,145.424,28631.6
2024.08.19 06:00:00,145.423,145.874,145.182,145.871,23446.27
2024.08.19 07:00:00,145.87,146.256,145.671,146.103,32766.6
2024.08.19 08:00:00,146.102,146.228,145.902,146.076,43201.65
2024.08.19 09:00:00,146.076,146.278,145.96,146.268,27583.64
2024.08.19 10:00:00,146.268,146.52,146.239,146.347,35554.56
2024.08.19 11:00:00,146.347,146.387,146.026,146.036,28873.44
2024.08.19 12:00:00,146.038,146.27,145.93,146.216,30526.59
2024.08.19 13:00:00,146.217,146.575,146.216,146.397,47048.36
2024.08.19 14:00:00,146.399,146.674,146.19,146.364,40195.22
2024.08.19 15:00:00,146.364,146.711,146.353,146.424,28851.56
2024.08.19 16:00:00,146.423,146.594,146.389,146.5,17795.89
2024.08.19 17:00:00,146.501,146.618,146.457,146.538,9547.56
2024.08.19 18:00:00,146.538,146.688,146.482,146.656,11481.52
2024.08.19 19:00:00,146.659,146.678,146.554,146.634,9802.28
2024.08.19 20:00:00,146.634,146.692,146.579,146.582,4315.91
2024.08.19 21:00:00,146.576,146.633,146.521,146.567,513.47
2024.08.19 22:00:00,146.567,146.645,146.537,146.627,2145.38
2024.08.19 23:00:00,146.628,146.866,146.609,146.709,7953.22
2024.08.20 00:00:00,146.711,146.723,146.177,146.342,38317.54
2024.08.20 01:00:00,146.342,146.531,145.845,146.337,29746.89
2024.08.20 02:00:00,146.342,147.097,146.295,147.002,21691.24
2024.08.20 03:00:00,147.001,147.161,146.837,147.066,24296.83
2024.08.20 04:00:00,147.062,147.102,146.784,146.929,14275.08
2024.08.20 05:00:00,146.927,147.325,146.923,147.282,18882.38
2024.08.20 06:00:00,147.288,147.345,146.903,147.047,23910.3
2024.08.20 07:00:00,147.048,147.193,146.327,146.556,40110.19
2024.08.20 08:00:00,146.556,146.582,146.232,146.52,40746.35
2024.08.20 09:00:00,146.521,146.554,146.378,146.475,29349.59
2024.08.20 10:00:00,146.476,146.505,146.326,146.444,30919.33
2024.08.20 11:00:00,146.446,146.555,146.337,146.374,23187.23
2024.08.20 12:00:00,146.374,146.489,146.124,146.167,36345.4
2024.08.20 13:00:00,146.17,146.291,146.042,146.11,36468.59
2024.08.20 14:00:00,146.108,146.246,145.518,145.596,54081.56
2024.08.20 15:00:00,145.599,145.866,145.583,145.695,30228.48
2024.08.20 16:00:00,145.695,145.744,145.373,145.396,17142.31
2024.08.20 17:00:00,145.393,145.488,145.344,145.484,14385.71
2024.08.20 18:00:00,145.484,145.535,145.366,145.384,14590.99
2024.08.20 19:00:00,145.383,145.431,145.323,145.336,8416.59
2024.08.20 20:00:00,145.336,145.36,145.198,145.235,6272.77
2024.08.20 21:00:00,145.235,145.235,145.083,145.116,1546.97
2024.08.20 22:00:00,145.114,145.178,144.988,145.121,11310.33
2024.08.20 23:00:00,145.12,145.351,144.943,145.322,21567.52
2024.08.21 00:00:00,145.322,145.552,144.93,145.448,32730.09
2024.08.21 01:00:00,145.449,145.584,145.251,145.408,27378.94
2024.08.21 02:00:00,145.408,145.492,145.275,145.387,12166.77
2024.08.21 03:00:00,145.39,145.565,145.363,145.474,16826.14
2024.08.21 04:00:00,145.476,145.759,145.39,145.674,13730.84
2024.08.21 05:00:00,145.674,145.781,145.512,145.666,13301.18
2024.08.21 06:00:00,145.666,145.976,145.569,145.948,26264.79
2024.08.21 07:00:00,145.953,146.226,145.687,146.142,41903.92
2024.08.21 08:00:00,146.144,146.171,145.878,146.03,28095.35
2024.08.21 09:00:00,146.031,146.183,145.951,146.114,27434.53
2024.08.21 10:00:00,146.117,146.225,146.037,146.175,19772.66
2024.08.21 11:00:00,146.174,146.198,146.032,146.061,27711.3
2024.08.21 12:00:00,146.06,146.06,145.733,145.777,33399.75
2024.08.21 13:00:00,145.776,145.81,145.499,145.739,46521.09
2024.08.21 14:00:00,145.739,146.889,145.411,145.647,53204.53
2024.08.21 15:00:00,145.645,145.647,145.028,145.198,36334.77
2024.08.21 16:00:00,145.2,145.241,145.037,145.191,17881.43
2024.08.21 17:00:00,145.192,145.224,144.939,145.06,14002.38
2024.08.21 18:00:00,145.063,145.063,144.45,144.745,20124.13
2024.08.21 19:00:00,144.744,145.041,144.735,145.006,11998.63
2024.08.21 20:00:00,145.006,145.29,145.006,145.259,7096.17
2024.08.21 21:00:00,145.224,145.224,144.955,145.162,1377.5
2024.08.21 22:00:00,145.163,145.169,144.887,144.891,4517.44
2024.08.21 23:00:00,144.887,145.144,144.843,145.123,8421.56
2024.08.22 00:00:00,145.122,145.437,144.939,145.334,15822.68
2024.08.22 01:00:00,145.33,145.641,145.214,145.614,17369.48
2024.08.22 02:00:00,145.616,145.632,145.371,145.445,16244.76
2024.08.22 03:00:00,145.446,145.482,145.203,145.264,12053.43
2024.08.22 04:00:00,145.263,145.407,144.982,145.132,16683.26
2024.08.22 05:00:00,145.132,145.301,145.011,145.268,12582.05
2024.08.22 06:00:00,145.267,145.452,145.2,145.38,18694.71
2024.08.22 07:00:00,145.382,145.474,145.09,145.244,22275.26
2024.08.22 08:00:00,145.246,145.669,145.246,145.634,27829.56
2024.08.22 09:00:00,145.634,145.757,145.558,145.606,20271.03
2024.08.22 10:00:00,145.607,145.886,145.559,145.76,25199.65
2024.08.22 11:00:00,145.761,146.146,145.738,145.99,22729.93
2024.08.22 12:00:00,145.99,146.342,145.873,146.049,31996.56
2024.08.22 13:00:00,146.047,146.494,145.821,146.273,33571.6
2024.08.22 14:00:00,146.274,146.525,146.223,146.233,22613
2024.08.22 15:00:00,146.234,146.346,145.874,145.976,21422.3
2024.08.22 16:00:00,145.975,146.35,145.963,146.33,20068.17
2024.08.22 17:00:00,146.329,146.49,146.275,146.314,17116.65
2024.08.22 18:00:00,146.314,146.346,146.196,146.221,13478.82
2024.08.22 19:00:00,146.224,146.32,146.176,146.294,8972.41
2024.08.22 20:00:00,146.294,146.372,146.247,146.257,4569.46
2024.08.22 21:00:00,146.257,146.26,146.204,146.219,1314.33
2024.08.22 22:00:00,146.215,146.276,146.148,146.177,3216.82
2024.08.22 23:00:00,146.176,146.234,146.018,146.208,6934.67
2024.08.23 00:00:00,146.208,146.334,145.893,146.073,25655.21
2024.08.23 01:00:00,146.072,146.13,145.462,145.481,22704.41
2024.08.23 02:00:00,145.48,145.695,145.293,145.599,17624.97
2024.08.23 03:00:00,145.6,145.717,145.477,145.667,15244.65
2024.08.23 04:00:00,145.667,145.897,145.575,145.768,14835.95
2024.08.23 05:00:00,145.768,145.769,145.557,145.674,10167.67
2024.08.23 06:00:00,145.673,145.796,145.29,145.452,15121.87
2024.08.23 07:00:00,145.454,145.978,145.414,145.826,15356.9
2024.08.23 08:00:00,145.831,146.022,145.747,145.929,14763.94
2024.08.23 09:00:00,145.929,146.152,145.925,146.137,11846.65
2024.08.23 10:00:00,146.138,146.175,145.991,146.018,8380.4
2024.08.23 11:00:00,146.019,146.1,145.937,146.031,8510.53
2024.08.23 12:00:00,146.031,146.173,145.943,145.986,15647.72
2024.08.23 13:00:00,145.991,146.481,145.977,146.199,17853.54
2024.08.23 14:00:00,146.209,146.266,144.945,145.208,38544.13
2024.08.23 15:00:00,145.206,145.209,144.597,144.862,26697.49
2024.08.23 16:00:00,144.861,144.979,144.754,144.846,13766.32
2024.08.23 17:00:00,144.843,144.852,144.342,144.401,9806.97
2024.08.23 18:00:00,144.401,144.445,144.13,144.293,12238.36
2024.08.23 19:00:00,144.295,144.304,144.047,144.232,6537.27
2024.08.23 20:00:00,144.23,144.404,144.221,144.352,7126.29
2024.08.25 21:00:00,144.227,144.227,143.997,144.026,870.28
2024.08.25 22:00:00,144.025,144.34,143.845,143.9,10077.49
2024.08.25 23:00:00,143.89,144.022,143.558,143.919,14844.2
2024.08.26 00:00:00,143.92,144.052,143.445,143.711,21633.77
2024.08.26 01:00:00,143.711,143.883,143.444,143.738,17307.63
2024.08.26 02:00:00,143.737,143.988,143.533,143.928,12343.39
2024.08.26 03:00:00,143.927,144.09,143.793,143.968,11832.81
2024.08.26 04:00:00,143.97,144.039,143.739,144.039,9318.18
2024.08.26 05:00:00,144.039,144.215,143.923,144.049,8709.06
2024.08.26 06:00:00,144.056,144.066,143.686,143.764,13028.91
2024.08.26 07:00:00,143.765,143.91,143.597,143.885,12940.89
2024.08.26 08:00:00,143.885,143.962,143.777,143.863,9755.02
2024.08.26 09:00:00,143.862,144.001,143.822,143.966,17597.62
2024.08.26 10:00:00,143.966,144.119,143.966,144.033,17502.66
2024.08.26 11:00:00,144.033,144.227,143.962,144.133,24627.28
2024.08.26 12:00:00,144.132,144.36,143.914,143.936,28441.13
2024.08.26 13:00:00,143.934,144.415,143.855,144.408,46101.24
2024.08.26 14:00:00,144.41,144.455,144.106,144.145,35864.8
2024.08.26 15:00:00,144.148,144.604,144.136,144.51,33530.8
2024.08.26 16:00:00,144.512,144.602,144.448,144.459,14164.32
2024.08.26 17:00:00,144.458,144.554,144.318,144.524,13619.92
2024.08.26 18:00:00,144.525,144.652,144.498,144.502,10413.41
2024.08.26 19:00:00,144.502,144.598,144.495,144.598,10075.14
2024.08.26 20:00:00,144.598,144.608,144.454,144.512,2888.27
2024.08.26 21:00:00,144.508,144.535,144.441,144.473,807
2024.08.26 22:00:00,144.472,144.511,144.317,144.363,4784.79
2024.08.26 23:00:00,144.364,144.528,144.229,144.504,10831.52
2024.08.27 00:00:00,144.504,144.859,144.45,144.844,18491.34
2024.08.27 01:00:00,144.845,144.949,144.602,144.696,15297.11
2024.08.27 02:00:00,144.698,144.961,144.65,144.87,15428.36
2024.08.27 03:00:00,144.869,144.97,144.801,144.831,12272.85
2024.08.27 04:00:00,144.832,144.834,144.622,144.638,13083.5
2024.08.27 05:00:00,144.635,144.892,144.573,144.791,18955.38
2024.08.27 06:00:00,144.786,144.86,144.642,144.824,25325.34
2024.08.27 07:00:00,144.825,145.175,144.78,144.996,36933.03
2024.08.27 08:00:00,144.997,145.149,144.94,145.063,22471.87
2024.08.27 09:00:00,145.063,145.072,144.736,144.832,24455.21
2024.08.27 10:00:00,144.833,144.86,144.68,144.777,20983.53
2024.08.27 11:00:00,144.778,144.881,144.506,144.53,26889.76
2024.08.27 12:00:00,144.53,144.601,144.333,144.386,30450.81
2024.08.27 13:00:00,144.382,144.485,144.238,144.33,35930.28
2024.08.27 14:00:00,144.335,144.505,144.15,144.251,34220.16
2024.08.27 15:00:00,144.251,144.368,144.185,144.266,28211.9
2024.08.27 16:00:00,144.266,144.291,144.1,144.135,16041.31
2024.08.27 17:00:00,144.135,144.163,143.943,144.149,17111.85
2024.08.27 18:00:00,144.15,144.151,143.916,144.014,11855.8
2024.08.27 19:00:00,144.015,144.066,143.941,143.974,7716.29
2024.08.27 20:00:00,143.973,144.009,143.919,143.926,4694.07
2024.08.27 21:00:00,143.926,143.999,143.899,143.924,1646.96
2024.08.27 22:00:00,143.926,143.934,143.679,143.864,6935.72
2024.08.27 23:00:00,143.861,143.982,143.722,143.965,9242.83
2024.08.28 00:00:00,143.964,144.247,143.908,144.111,22023.72
2024.08.28 01:00:00,144.11,144.394,144.087,144.36,22295.53
2024.08.28 02:00:00,144.36,144.459,144.292,144.439,15096.2
2024.08.28 03:00:00,144.439,144.489,144.323,144.408,17380.01
2024.08.28 04:00:00,144.408,144.538,144.344,144.354,18286.17
2024.08.28 05:00:00,144.353,144.535,144.289,144.393,20513.5
2024.08.28 06:00:00,144.393,144.603,144.365,144.534,27335.11
2024.08.28 07:00:00,144.533,144.571,144.334,144.561,17691.05
2024.08.28 08:00:00,144.564,144.576,144.32,144.348,21400.68
2024.08.28 09:00:00,144.348,144.348,144.059,144.277,25880.55
2024.08.28 10:00:00,144.277,144.488,144.243,144.41,22634.57
2024.08.28 11:00:00,144.409,144.486,144.269,144.324,22235.99
2024.08.28 12:00:00,144.323,144.777,144.309,144.705,31533.06
2024.08.28 13:00:00,144.708,145.036,144.701,144.843,40156.31
2024.08.28 14:00:00,144.842,144.842,144.44,144.491,37254.86
2024.08.28 15:00:00,144.489,144.626,144.346,144.473,23228.54
2024.08.28 16:00:00,144.472,144.758,144.465,144.737,15602.49
2024.08.28 17:00:00,144.74,144.809,144.57,144.63,18428.87
2024.08.28 18:00:00,144.63,144.727,144.509,144.653,22137.58
2024.08.28 19:00:00,144.652,144.758,144.651,144.701,13116.42
2024.08.28 20:00:00,144.701,144.769,144.415,144.572,18099.67
2024.08.28 21:00:00,144.573,144.573,144.423,144.435,786.93
2024.08.28 22:00:00,144.435,144.483,144.278,144.293,8858.84
2024.08.28 23:00:00,144.294,144.468,144.218,144.435,9394.42
2024.08.29 00:00:00,144.435,144.598,144.269,144.428,22916.21
2024.08.29 01:00:00,144.426,144.657,144.344,144.632,22500.05
2024.08.29 02:00:00,144.633,144.695,144.451,144.586,12679.42
2024.08.29 03:00:00,144.585,144.615,144.476,144.525,14370.11
2024.08.29 04:00:00,144.525,144.714,144.457,144.671,15399.17
2024.08.29 05:00:00,144.671,144.86,144.559,144.616,16316.22
2024.08.29 06:00:00,144.616,144.672,144.461,144.582,20662.85
2024.08.29 07:00:00,144.581,144.844,144.553,144.727,28709.47
2024.08.29 08:00:00,144.726,144.74,144.468,144.69,38435.7
2024.08.29 09:00:00,144.691,144.737,144.443,144.519,31054.34
2024.08.29 10:00:00,144.52,144.586,144.46,144.487,27528.62
2024.08.29 11:00:00,144.486,144.7,144.463,144.59,24267.38
2024.08.29 12:00:00,144.591,145.423,144.516,145.396,43418.8
2024.08.29 13:00:00,145.393,145.495,145.26,145.372,53953.48
2024.08.29 14:00:00,145.371,145.553,145.182,145.347,47858.63
2024.08.29 15:00:00,145.347,145.391,144.976,144.983,35027.38
2024.08.29 16:00:00,144.983,145.043,144.901,145,19466.09
2024.08.29 17:00:00,145.002,145.017,144.815,144.854,16258.65
2024.08.29 18:00:00,144.854,144.896,144.726,144.778,22670.45
2024.08.29 19:00:00,144.777,144.933,144.756,144.913,27545.64
2024.08.29 20:00:00,144.915,145.011,144.9,144.954,17094.24
2024.08.29 21:00:00,144.942,145.024,144.88,144.952,728.61
2024.08.29 22:00:00,144.944,145.013,144.837,144.902,3568.03
2024.08.29 23:00:00,144.9,145.072,144.833,144.891,6212.34
2024.08.30 00:00:00,144.89,144.941,144.653,144.722,14279.45
2024.08.30 01:00:00,144.722,144.876,144.685,144.762,16806.31
2024.08.30 02:00:00,144.761,144.843,144.702,144.77,11539.8
2024.08.30 03:00:00,144.77,144.805,144.752,144.792,5146.45
2024.08.30 04:00:00,144.793,144.884,144.774,144.846,11488.47
2024.08.30 05:00:00,144.845,144.944,144.788,144.856,14874.58
2024.08.30 06:00:00,144.867,145.09,144.867,144.952,24574.59
2024.08.30 07:00:00,144.953,145.008,144.815,144.932,21281.37
2024.08.30 08:00:00,144.93,145.134,144.848,145.117,20160
2024.08.30 09:00:00,145.118,145.15,145.018,145.131,20673.79
2024.08.30 10:00:00,145.132,145.293,145.107,145.292,20164.34
2024.08.30 11:00:00,145.291,145.456,145.227,145.426,19115.55
2024.08.30 12:00:00,145.422,145.746,145.247,145.634,39812.37
2024.08.30 13:00:00,145.633,145.69,145.424,145.592,39306.37
2024.08.30 14:00:00,145.588,145.718,145.313,145.591,50488.81
2024.08.30 15:00:00,145.591,145.969,145.556,145.954,38088.21
2024.08.30 16:00:00,145.955,146.246,145.908,146.223,28494
2024.08.30 17:00:00,146.224,146.243,146.07,146.152,22649.56
2024.08.30 18:00:00,146.151,146.174,146.049,146.093,14777.3
2024.08.30 19:00:00,146.095,146.245,146.068,146.183,12420.37
2024.08.30 20:00:00,146.184,146.212,146.088,146.113,8740.55
2024.09.01 21:00:00,145.971,146.158,145.931,146.048,525.25
2024.09.01 22:00:00,146.081,146.445,146.081,146.443,4453.98
2024.09.01 23:00:00,146.443,146.597,146.36,146.4,11243.7
2024.09.02 00:00:00,146.401,146.544,146.157,146.189,17899.21
2024.09.02 01:00:00,146.188,146.279,146.055,146.215,18072.07
2024.09.02 02:00:00,146.214,146.254,145.9,145.968,17593.75
2024.09.02 03:00:00,145.967,146.009,145.828,145.948,13124.89
2024.09.02 04:00:00,145.948,145.949,145.773,145.934,11731.76
2024.09.02 05:00:00,145.933,146.214,145.928,146.106,8511.43
2024.09.02 06:00:00,146.105,146.293,146.063,146.159,15692.85
2024.09.02 07:00:00,146.156,146.475,146.122,146.471,32274.33
2024.09.02 08:00:00,146.471,146.843,146.432,146.703,40977.85
2024.09.02 09:00:00,146.701,146.745,146.597,146.679,23916.12
2024.09.02 10:00:00,146.68,146.807,146.623,146.805,14502.36
2024.09.02 11:00:00,146.805,146.99,146.747,146.986,16508.9
2024.09.02 12:00:00,146.986,146.988,146.912,146.98,14742.54
2024.09.02 13:00:00,146.977,147.172,146.834,146.96,15740.71
2024.09.02 14:00:00,146.963,147.017,146.916,146.962,16402.28
2024.09.02 15:00:00,146.961,147.067,146.905,146.95,11066.99
2024.09.02 16:00:00,146.95,146.985,146.803,146.816,7008.83
2024.09.02 17:00:00,146.826,146.894,146.819,146.888,3803.85
2024.09.02 18:00:00,146.891,146.907,146.853,146.901,1766.49
2024.09.02 19:00:00,146.898,146.899,146.857,146.885,1078.29
2024.09.02 20:00:00,146.905,146.927,146.847,146.864,2427.34
2024.09.02 21:00:00,146.852,146.904,146.753,146.888,613.98
2024.09.02 22:00:00,146.885,146.961,146.843,146.948,1262.82
2024.09.02 23:00:00,146.946,146.963,146.713,146.748,3372.56
2024.09.03 00:00:00,146.751,147.207,146.664,147.124,27714.88
2024.09.03 01:00:00,147.121,147.144,146.587,146.616,21679.45
2024.09.03 02:00:00,146.615,146.763,146.566,146.638,20732.71
2024.09.03 03:00:00,146.638,146.731,146.446,146.54,14088.68
2024.09.03 04:00:00,146.542,146.573,146.393,146.535,19787.62
2024.09.03 05:00:00,146.534,146.594,146.14,146.309,18039.59
2024.09.03 06:00:00,146.311,146.405,145.992,146.016,28214.1
2024.09.03 07:00:00,146.017,146.243,145.888,145.945,47801.28
2024.09.03 08:00:00,145.945,146.014,145.606,145.813,48354.12
2024.09.03 09:00:00,145.809,145.984,145.79,145.934,24799.46
2024.09.03 10:00:00,145.933,146.062,145.864,146.032,21883.78
2024.09.03 11:00:00,146.031,146.237,145.892,146.174,23018.21
2024.09.03 12:00:00,146.176,146.286,145.872,145.882,32215.6
2024.09.03 13:00:00,145.882,145.922,145.28,145.421,49451.19
2024.09.03 14:00:00,145.421,145.674,145.097,145.565,59236.35
2024.09.03 15:00:00,145.565,145.917,145.565,145.821,37115.02
2024.09.03 16:00:00,145.825,145.921,145.71,145.765,17479.45
2024.09.03 17:00:00,145.765,145.904,145.735,145.898,13818.31
2024.09.03 18:00:00,145.898,145.906,145.77,145.805,19898.78
2024.09.03 19:00:00,145.807,145.833,145.562,145.628,15084.4
2024.09.03 20:00:00,145.629,145.711,145.444,145.454,17092.23
2024.09.03 21:00:00,145.446,145.486,145.376,145.409,587.61
2024.09.03 22:00:00,145.402,145.556,145.271,145.332,7970.26
2024.09.03 23:00:00,145.332,145.395,145.089,145.363,15177.51
2024.09.04 00:00:00,145.365,145.552,144.889,145.174,28485.33
2024.09.04 01:00:00,145.173,145.533,145.142,145.405,16636.43
2024.09.04 02:00:00,145.404,145.504,145.218,145.443,19654.58
2024.09.04 03:00:00,145.444,145.546,145.266,145.31,16707.08
2024.09.04 04:00:00,145.311,145.538,145.21,145.249,16343.39
2024.09.04 05:00:00,145.249,145.256,145.027,145.168,22641.35
2024.09.04 06:00:00,145.165,145.316,144.856,144.874,30391.05
2024.09.04 07:00:00,144.875,145.043,144.753,144.983,39331.32
2024.09.04 08:00:00,144.984,145.23,144.917,145.206,24471.38
2024.09.04 09:00:00,145.209,145.268,145.073,145.105,17337.78
2024.09.04 10:00:00,145.107,145.188,144.935,145.069,14383.21
2024.09.04 11:00:00,145.068,145.092,144.86,144.885,24537.88
2024.09.04 12:00:00,144.89,145.215,144.88,145.074,34951.02
2024.09.04 13:00:00,145.072,145.147,144.748,144.777,45680.16
2024.09.04 14:00:00,144.772,144.772,143.998,144.118,73187.24
2024.09.04 15:00:00,144.118,144.416,144.033,144.306,41484.19
2024.09.04 16:00:00,144.307,144.37,144.01,144.048,29272.91
2024.09.04 17:00:00,144.047,144.081,143.942,144.072,18515.63
2024.09.04 18:00:00,144.078,144.125,143.856,143.888,17291.29
2024.09.04 19:00:00,143.887,143.943,143.793,143.822,20335.13
2024.09.04 20:00:00,143.83,143.872,143.708,143.724,11332.71
2024.09.04 21:00:00,143.721,143.721,143.594,143.642,470.61
2024.09.04 22:00:00,143.642,143.746,143.509,143.621,5497.58
2024.09.04 23:00:00,143.62,143.685,143.183,143.335,16128.41
2024.09.05 00:00:00,143.334,143.802,143.298,143.718,35781.26
2024.09.05 01:00:00,143.717,143.831,143.431,143.702,23142.78
2024.09.05 02:00:00,143.704,143.903,143.605,143.831,22536.69
2024.09.05 03:00:00,143.83,143.878,143.676,143.76,16599.64
2024.09.05 04:00:00,143.76,143.852,143.487,143.574,14366.95
2024.09.05 05:00:00,143.573,143.597,143.32,143.397,15320.37
2024.09.05 06:00:00,143.4,143.45,143.048,143.235,28427.41
2024.09.05 07:00:00,143.237,143.735,143.224,143.611,29841.97
2024.09.05 08:00:00,143.61,143.749,143.526,143.573,29290.21
2024.09.05 09:00:00,143.573,143.646,143.426,143.604,24847.93
2024.09.05 10:00:00,143.602,143.646,143.466,143.491,21591.08
2024.09.05 11:00:00,143.49,143.57,143.414,143.449,22544.45
2024.09.05 12:00:00,143.448,143.598,142.847,143.098,52768.46
2024.09.05 13:00:00,143.098,143.266,143.036,143.192,42710.37
2024.09.05 14:00:00,143.148,144.228,143.148,143.916,64646.17
2024.09.05 15:00:00,143.919,144.024,143.411,143.433,41359.41
2024.09.05 16:00:00,143.432,143.541,143.369,143.433,25879.04
2024.09.05 17:00:00,143.432,143.449,143.194,143.349,22653.44
2024.09.05 18:00:00,143.348,143.481,143.202,143.417,23202.35
2024.09.05 19:00:00,143.418,143.504,143.311,143.458,21095.4
2024.09.05 20:00:00,143.458,143.488,143.375,143.429,11784.59
2024.09.05 21:00:00,143.422,143.44,143.345,143.404,551.37
2024.09.05 22:00:00,143.405,143.454,143.323,143.414,2975.66
2024.09.05 23:00:00,143.411,143.477,143.345,143.385,6944.44
2024.09.06 00:00:00,143.386,143.417,143.15,143.174,21127.48
2024.09.06 01:00:00,143.176,143.363,143.099,143.274,11193.5
2024.09.06 02:00:00,143.274,143.308,143.171,143.198,7604.8
2024.09.06 03:00:00,143.197,143.223,142.983,143.03,9476.62
2024.09.06 04:00:00,143.03,143.031,142.887,142.995,14345.26
2024.09.06 05:00:00,142.992,143.006,142.407,142.605,22875.89
2024.09.06 06:00:00,142.603,142.65,142.253,142.39,36789.97
2024.09.06 07:00:00,142.391,142.536,142.053,142.523,46355.06
2024.09.06 08:00:00,142.522,142.724,142.48,142.612,36090.64
2024.09.06 09:00:00,142.613,142.89,142.592,142.801,23834.32
2024.09.06 10:00:00,142.803,142.957,142.794,142.853,23346.92
2024.09.06 11:00:00,142.853,143.126,142.824,143.058,27893.2
2024.09.06 12:00:00,143.061,144.041,141.986,142.986,56667.51
2024.09.06 13:00:00,142.987,143.898,142.794,143.52,63307.61
2024.09.06 14:00:00,143.519,143.542,142.21,142.439,55856.4
2024.09.06 15:00:00,142.437,142.751,141.762,142.142,81537.08
2024.09.06 16:00:00,142.142,142.665,142.077,142.442,40257.67
2024.09.06 17:00:00,142.444,142.69,142.233,142.423,37468.82
2024.09.06 18:00:00,142.426,142.481,142.243,142.359,31575.14
2024.09.06 19:00:00,142.357,142.477,142.357,142.42,13248.18
2024.09.06 20:00:00,142.416,142.437,142.239,142.251,11468.73
2024.09.08 21:00:00,142.172,142.333,142.045,142.1,1390.18
2024.09.08 22:00:00,142.101,142.31,141.948,142.146,7555.41
2024.09.08 23:00:00,142.144,142.525,142.088,142.487,22018.3
2024.09.09 00:00:00,142.487,142.741,142.414,142.697,35696.06
2024.09.09 01:00:00,142.699,142.98,142.613,142.955,25432.48
2024.09.09 02:00:00,142.956,142.989,142.7,142.817,15944.95
2024.09.09 03:00:00,142.818,142.957,142.637,142.757,19465.14
2024.09.09 04:00:00,142.758,143.091,142.739,142.973,18815.67
2024.09.09 05:00:00,142.972,143.069,142.773,142.911,20312.77
2024.09.09 06:00:00,142.912,143.055,142.795,143.002,40393.69
2024.09.09 07:00:00,143.005,143.358,143.005,143.158,42807.7
2024.09.09 08:00:00,143.159,143.431,143.096,143.38,24616.42
2024.09.09 09:00:00,143.38,143.574,143.264,143.486,28702.47
2024.09.09 10:00:00,143.486,143.777,143.473,143.668,24868.41
2024.09.09 11:00:00,143.668,143.795,143.537,143.609,26874.33
2024.09.09 12:00:00,143.603,143.696,143.093,143.231,28096.13
2024.09.09 13:00:00,143.232,143.232,142.726,142.793,44832.15
2024.09.09 14:00:00,142.792,142.99,142.65,142.737,35271.32
2024.09.09 15:00:00,142.736,143.009,142.715,142.925,33651.64
2024.09.09 16:00:00,142.925,142.952,142.824,142.883,21937.01
2024.09.09 17:00:00,142.88,142.917,142.715,142.814,21399.65
2024.09.09 18:00:00,142.814,142.895,142.761,142.807,16687.95
2024.09.09 19:00:00,142.807,142.961,142.779,142.955,13085.04
2024.09.09 20:00:00,142.953,143.21,142.948,143.153,6998.15
2024.09.09 21:00:00,143.147,143.147,143.078,143.124,383.67
2024.09.09 22:00:00,143.122,143.137,142.852,143.039,4923.59
2024.09.09 23:00:00,143.039,143.295,143.039,143.181,8848.26
2024.09.10 00:00:00,143.18,143.487,143.113,143.465,31182.07
2024.09.10 01:00:00,143.466,143.543,143.353,143.422,18295.65
2024.09.10 02:00:00,143.417,143.431,143.189,143.401,14802.71
2024.09.10 03:00:00,143.4,143.426,143.173,143.235,15925.83
2024.09.10 04:00:00,143.237,143.28,143.052,143.08,9202.38
2024.09.10 05:00:00,143.08,143.186,143.031,143.155,12379.2
2024.09.10 06:00:00,143.154,143.453,143.092,143.399,24068.39
2024.09.10 07:00:00,143.397,143.614,143.337,143.602,35003.84
2024.09.10 08:00:00,143.61,143.708,143.439,143.51,32812.4
2024.09.10 09:00:00,143.512,143.519,143.153,143.161,22817.41
2024.09.10 10:00:00,143.163,143.212,142.948,143.039,24021.63
2024.09.10 11:00:00,143.04,143.188,142.994,143.126,23945.75
2024.09.10 12:00:00,143.124,143.189,142.753,142.861,16285.02
2024.09.10 13:00:00,142.863,143.11,142.827,143.005,19354.38
2024.09.10 14:00:00,143.007,143.047,142.53,142.717,32993.74
2024.09.10 15:00:00,142.716,142.73,142.258,142.287,30366.03
2024.09.10 16:00:00,142.286,142.473,142.192,142.461,22355.31
2024.09.10 17:00:00,142.461,142.568,142.325,142.393,19783.01
2024.09.10 18:00:00,142.394,142.46,142.224,142.346,21437.48
2024.09.10 19:00:00,142.347,142.388,142.29,142.308,16041.93
2024.09.10 20:00:00,142.308,142.489,142.299,142.422,11210.23
2024.09.10 21:00:00,142.401,142.416,142.277,142.414,322.65
2024.09.10 22:00:00,142.413,142.472,142.336,142.447,2182.97
2024.09.10 23:00:00,142.445,142.467,142.209,142.229,6402.48
2024.09.11 00:00:00,142.231,142.293,142.019,142.286,25235.17
2024.09.11 01:00:00,142.288,142.425,141.498,141.828,33057.98
2024.09.11 02:00:00,141.829,141.9,141.558,141.832,25108.79
2024.09.11 03:00:00,141.83,141.959,141.255,141.396,18328.47
2024.09.11 04:00:00,141.396,141.397,140.889,141.09,27365.73
2024.09.11 05:00:00,141.088,141.293,140.707,141.282,32139.1
2024.09.11 06:00:00,141.287,141.451,141.146,141.374,31953.62
2024.09.11 07:00:00,141.375,141.543,141.167,141.387,47901.02
2024.09.11 08:00:00,141.386,141.696,141.331,141.533,34404.53
2024.09.11 09:00:00,141.534,141.577,141.289,141.568,29624.7
2024.09.11 10:00:00,141.569,141.694,141.487,141.575,23650.36
2024.09.11 11:00:00,141.579,141.822,141.504,141.689,26880.03
2024.09.11 12:00:00,141.69,142.546,141.689,142.291,49354.52
2024.09.11 13:00:00,142.296,142.495,141.78,141.814,48241.96
2024.09.11 14:00:00,141.814,141.95,141.247,141.424,56100.69
2024.09.11 15:00:00,141.426,141.82,141.379,141.726,45221.35
2024.09.11 16:00:00,141.726,142.035,141.724,141.947,32794.37
2024.09.11 17:00:00,141.95,142.324,141.899,142.203,27053.73
2024.09.11 18:00:00,142.204,142.25,142.094,142.201,16631.4
2024.09.11 19:00:00,142.204,142.411,142.193,142.373,19350.81
2024.09.11 20:00:00,142.373,142.456,142.341,142.341,24682.89
2024.09.11 21:00:00,142.337,142.34,142.258,142.276,770.52
2024.09.11 22:00:00,142.277,142.47,142.225,142.457,3150.61
2024.09.11 23:00:00,142.454,142.674,142.441,142.635,7007.6
2024.09.12 00:00:00,142.637,142.949,142.61,142.683,25093.39
2024.09.12 01:00:00,142.685,142.706,142.256,142.541,29216.58
2024.09.12 02:00:00,142.539,142.633,142.347,142.527,19003.09
2024.09.12 03:00:00,142.524,142.607,142.35,142.59,16857.13
2024.09.12 04:00:00,142.591,142.843,142.578,142.787,17976.92
2024.09.12 05:00:00,142.786,142.911,142.614,142.832,25982.38
2024.09.12 06:00:00,142.831,142.839,142.465,142.575,28619.9
2024.09.12 07:00:00,142.577,143.044,142.551,142.766,41593.29
2024.09.12 08:00:00,142.764,142.764,142.534,142.582,44795.57
2024.09.12 09:00:00,142.583,142.709,142.517,142.675,28898.18
2024.09.12 10:00:00,142.676,142.776,142.586,142.618,29390.9
2024.09.12 11:00:00,142.62,142.641,142.369,142.567,28407.6
2024.09.12 12:00:00,142.564,142.619,141.962,142.098,50776.59
2024.09.12 13:00:00,142.097,142.432,141.909,142.007,46857.85
2024.09.12 14:00:00,142.011,142.661,142.004,142.484,44720.66
2024.09.12 15:00:00,142.483,142.557,142.192,142.24,35483.67
2024.09.12 16:00:00,142.24,142.655,142.211,142.516,34433.92
2024.09.12 17:00:00,142.514,142.568,142.239,142.271,28487.86
2024.09.12 18:00:00,142.269,142.366,141.911,142.023,28306.67
2024.09.12 19:00:00,142.026,142.089,141.749,141.88,22086.77
2024.09.12 20:00:00,141.878,141.924,141.722,141.791,20648.3
2024.09.12 21:00:00,141.791,141.837,141.72,141.833,395.73
2024.09.12 22:00:00,141.83,141.874,141.695,141.841,3506.25
2024.09.12 23:00:00,141.841,141.841,141.426,141.509,12433.19
2024.09.13 00:00:00,141.509,141.557,141.164,141.194,29825.75
2024.09.13 01:00:00,141.192,141.294,140.999,141.226,27031.83
2024.09.13 02:00:00,141.229,141.289,140.774,141.035,21848.29
2024.09.13 03:00:00,141.038,141.132,140.813,140.976,16989.29
2024.09.13 04:00:00,140.976,141.02,140.644,140.955,15837.41
2024.09.13 05:00:00,140.954,141.174,140.742,140.858,18421.3
2024.09.13 06:00:00,140.86,141.173,140.829,141.088,39347.84
2024.09.13 07:00:00,141.089,141.412,140.821,140.912,39881.79
2024.09.13 08:00:00,140.914,140.968,140.407,140.7,46800.16
2024.09.13 09:00:00,140.699,140.733,140.361,140.572,29147.7
2024.09.13 10:00:00,140.571,140.717,140.364,140.697,30496.29
2024.09.13 11:00:00,140.697,140.979,140.598,140.831,26970.84
2024.09.13 12:00:00,140.832,141.019,140.7,140.726,29515.26
2024.09.13 13:00:00,140.725,140.727,140.281,140.352,40634.14
2024.09.13 14:00:00,140.342,140.77,140.281,140.639,37633.39
2024.09.13 15:00:00,140.639,140.675,140.338,140.662,24361.46
2024.09.13 16:00:00,140.668,140.941,140.589,140.811,31255.41
2024.09.13 17:00:00,140.811,140.964,140.769,140.908,24273.47
2024.09.13 18:00:00,140.907,141.007,140.836,140.931,20205.62
2024.09.13 19:00:00,140.932,140.966,140.884,140.929,8979.46
2024.09.13 20:00:00,140.928,140.937,140.768,140.78,11842.15
2024.09.15 21:00:00,140.704,140.898,140.556,140.7,642.3
2024.09.15 22:00:00,140.696,140.78,140.451,140.689,7237.86
2024.09.15 23:00:00,140.686,140.896,140.684,140.844,11005.49
2024.09.16 00:00:00,140.845,140.849,140.422,140.525,19512.85
2024.09.16 01:00:00,140.522,140.586,140.445,140.54,15860.45
2024.09.16 02:00:00,140.541,140.563,140.475,140.534,14531.79
2024.09.16 03:00:00,140.533,140.543,140.047,140.12,16926.09
2024.09.16 04:00:00,140.12,140.3,139.948,140.214,25594.48
2024.09.16 05:00:00,140.213,140.287,140.064,140.192,14289.03
2024.09.16 06:00:00,140.19,140.231,139.724,139.852,31321.32
2024.09.16 07:00:00,139.854,139.933,139.576,139.875,35908.14
2024.09.16 08:00:00,139.876,139.943,139.732,139.851,35697.83
2024.09.16 09:00:00,139.85,140.275,139.829,140.204,29054.2
2024.09.16 10:00:00,140.204,140.23,140.022,140.124,33274.06
2024.09.16 11:00:00,140.124,140.165,139.876,139.886,28185.33
2024.09.16 12:00:00,139.884,140.443,139.752,140.238,43034.12
2024.09.16 13:00:00,140.236,140.481,140.208,140.455,46956.83
2024.09.16 14:00:00,140.455,140.707,140.321,140.448,38739.2
2024.09.16 15:00:00,140.448,140.912,140.426,140.8,32818.56
2024.09.16 16:00:00,140.797,140.856,140.602,140.64,25635.72
2024.09.16 17:00:00,140.642,140.766,140.6,140.677,17819.28
2024.09.16 18:00:00,140.677,140.739,140.615,140.712,20718.85
2024.09.16 19:00:00,140.712,140.881,140.695,140.7,14559.18
2024.09.16 20:00:00,140.7,140.72,140.573,140.599,7780.65
2024.09.16 21:00:00,140.593,140.61,140.549,140.601,268.29
2024.09.16 22:00:00,140.606,140.866,140.602,140.859,4555.35
2024.09.16 23:00:00,140.858,141.24,140.754,140.796,15972.38
2024.09.17 00:00:00,140.795,140.843,140.474,140.663,21713.05
2024.09.17 01:00:00,140.663,140.668,140.338,140.442,24533.61
2024.09.17 02:00:00,140.445,140.586,140.32,140.57,18107.89
2024.09.17 03:00:00,140.572,140.667,140.459,140.597,20807.21
2024.09.17 04:00:00,140.594,140.753,140.573,140.678,16718.47
2024.09.17 05:00:00,140.68,140.803,140.504,140.7,20732.87
2024.09.17 06:00:00,140.699,140.723,140.514,140.678,25366.52
2024.09.17 07:00:00,140.679,140.696,140.348,140.6,31641.21
2024.09.17 08:00:00,140.598,140.695,140.438,140.57,22001.36
2024.09.17 09:00:00,140.57,140.65,140.472,140.641,23221.57
2024.09.17 10:00:00,140.64,140.68,140.575,140.666,17644.53
2024.09.17 11:00:00,140.666,140.741,140.479,140.605,17061.84
2024.09.17 12:00:00,140.604,141.126,140.541,140.97,46953.26
2024.09.17 13:00:00,140.968,141.662,140.868,141.58,55629.24
2024.09.17 14:00:00,141.583,141.901,141.529,141.699,59830.2
2024.09.17 15:00:00,141.699,141.811,141.583,141.774,30786
2024.09.17 16:00:00,141.775,141.994,141.689,141.734,25078.3
2024.09.17 17:00:00,141.734,142.006,141.719,141.901,23667.23
2024.09.17 18:00:00,141.904,141.987,141.795,141.809,21762.97
2024.09.17 19:00:00,141.81,142.297,141.78,142.223,21102.19
2024.09.17 20:00:00,142.221,142.464,142.196,142.392,14108.12
2024.09.17 21:00:00,142.39,142.39,142.32,142.34,349.18
2024.09.17 22:00:00,142.351,142.376,142.009,142.042,8687.87
2024.09.17 23:00:00,142.043,142.097,141.894,142.006,10671.94
2024.09.18 00:00:00,142.008,142.02,141.546,141.649,24991.67
2024.09.18 01:00:00,141.648,141.762,141.468,141.519,20301.8
2024.09.18 02:00:00,141.518,141.624,141.376,141.468,11921
2024.09.18 03:00:00,141.466,141.466,141.29,141.391,14383.22
2024.09.18 04:00:00,141.39,141.555,141.223,141.315,15800.38
2024.09.18 05:00:00,141.316,141.54,141.278,141.532,12077.02
2024.09.18 06:00:00,141.532,141.704,141.439,141.545,18690.14
2024.09.18 07:00:00,141.546,141.928,141.529,141.878,21554.98
2024.09.18 08:00:00,141.882,141.994,141.65,141.71,21614.61
2024.09.18 09:00:00,141.71,141.81,141.568,141.646,14868.78
2024.09.18 10:00:00,141.646,141.707,141.549,141.605,18200.58
2024.09.18 11:00:00,141.604,141.912,141.558,141.846,23016.49
2024.09.18 12:00:00,141.846,142.058,141.812,141.925,26257.67
2024.09.18 13:00:00,141.923,141.923,141.677,141.76,29137.31
2024.09.18 14:00:00,141.758,142.066,141.696,142,32088.08
2024.09.18 15:00:00,142.003,142.035,141.862,141.934,27587.03
2024.09.18 16:00:00,141.933,141.989,141.839,141.882,22266.97
2024.09.18 17:00:00,141.882,142.063,141.808,141.902,24024.77
2024.09.18 18:00:00,141.902,141.902,140.435,141.127,77208.67
2024.09.18 19:00:00,141.131,142.711,141.127,142.439,66632.39
2024.09.18 20:00:00,142.439,142.491,142.202,142.269,35386.21
2024.09.18 21:00:00,142.261,142.292,142.105,142.105,860.49
2024.09.18 22:00:00,142.105,142.208,141.876,142.107,8986.33
2024.09.18 23:00:00,142.107,142.751,142.104,142.699,20998.04
2024.09.19 00:00:00,142.698,143.591,142.698,143.486,40264.37
2024.09.19 01:00:00,143.489,143.944,143.418,143.727,27404.66
2024.09.19 02:00:00,143.728,143.764,143.169,143.202,35258.84
2024.09.19 03:00:00,143.201,143.32,142.948,143.164,30729.44
2024.09.19 04:00:00,143.168,143.292,143.052,143.177,23200.72
2024.09.19 05:00:00,143.178,143.2,142.552,142.572,21279.74
2024.09.19 06:00:00,142.568,142.756,142.094,142.243,33346.81
2024.09.19 07:00:00,142.244,142.548,142.039,142.506,40518.35
2024.09.19 08:00:00,142.508,142.917,142.455,142.791,37254.74
2024.09.19 09:00:00,142.791,142.976,142.682,142.757,34335.48
2024.09.19 10:00:00,142.756,143.17,142.727,142.829,28198.26
2024.09.19 11:00:00,142.827,143.253,142.761,142.917,31509.69
2024.09.19 12:00:00,142.919,143.76,142.706,143.755,53689.85
2024.09.19 13:00:00,143.755,143.766,143.276,143.327,54392.11
2024.09.19 14:00:00,143.324,143.337,142.802,142.913,46364.19
2024.09.19 15:00:00,142.918,142.984,142.728,142.883,23887.52
2024.09.19 16:00:00,142.882,143.133,142.854,143.035,22801.13
2024.09.19 17:00:00,143.036,143.115,142.901,142.919,15774.74
2024.09.19 18:00:00,142.914,142.931,142.526,142.658,18620.12
2024.09.19 19:00:00,142.66,142.743,142.572,142.632,18427.48
2024.09.19 20:00:00,142.633,142.673,142.524,142.61,17186.69
2024.09.19 21:00:00,142.605,142.64,142.504,142.616,300.03
2024.09.19 22:00:00,142.614,142.665,142.519,142.66,4406.47
2024.09.19 23:00:00,142.66,142.923,142.646,142.862,14562.05
2024.09.20 00:00:00,142.86,142.892,142.405,142.405,26704.12
2024.09.20 01:00:00,142.405,142.476,142.137,142.396,27190.4
2024.09.20 02:00:00,142.396,142.773,142.298,142.462,12563.18
2024.09.20 03:00:00,142.462,142.481,141.952,142.289,19313.7
2024.09.20 04:00:00,142.29,142.308,142.099,142.184,15614.61
2024.09.20 05:00:00,142.184,142.37,142.142,142.278,17066.85
2024.09.20 06:00:00,142.282,143.042,141.736,142.979,47437.52
2024.09.20 07:00:00,142.98,143.644,142.817,143.628,41470.95
2024.09.20 08:00:00,143.628,143.88,143.477,143.807,44112.79
2024.09.20 09:00:00,143.807,143.943,143.644,143.936,35521.62
2024.09.20 10:00:00,143.937,144.267,143.771,144.255,25906.31
2024.09.20 11:00:00,144.258,144.43,144.211,144.216,31975.02
2024.09.20 12:00:00,144.217,144.285,143.575,143.666,41918.29
2024.09.20 13:00:00,143.668,144.09,143.466,144.072,48756.18
2024.09.20 14:00:00,144.074,144.445,144.026,144.42,45703.83
2024.09.20 15:00:00,144.423,144.495,143.847,143.907,48212.75
2024.09.20 16:00:00,143.911,143.93,143.647,143.753,35159.51
2024.09.20 17:00:00,143.752,144.151,143.738,143.975,27123.41
2024.09.20 18:00:00,143.975,143.977,143.8,143.87,26117.55
2024.09.20 19:00:00,143.872,143.92,143.719,143.917,31942.83
2024.09.20 20:00:00,143.918,144.048,143.808,143.808,17836.33
2024.09.22 21:00:00,143.754,144.045,143.669,143.823,821.04
2024.09.22 22:00:00,143.823,144.039,143.672,143.919,9375.95
2024.09.22 23:00:00,143.92,144.089,143.806,144.079,10366.93
2024.09.23 00:00:00,144.086,144.258,144.025,144.12,17703.28
2024.09.23 01:00:00,144.12,144.459,144.12,144.37,19841.03
2024.09.23 02:00:00,144.371,144.447,144.303,144.362,11540.16
2024.09.23 03:00:00,144.361,144.401,144.261,144.315,9855.27
2024.09.23 04:00:00,144.316,144.35,144.179,144.256,9276.68
2024.09.23 05:00:00,144.255,144.317,144.101,144.113,10122.09
2024.09.23 06:00:00,144.114,144.195,143.865,143.988,31234.78
2024.09.23 07:00:00,143.99,144.04,143.55,143.666,50474.42
2024.09.23 08:00:00,143.665,143.744,143.435,143.589,39265.52
2024.09.23 09:00:00,143.588,143.744,143.517,143.626,34850.41
2024.09.23 10:00:00,143.625,143.666,143.278,143.371,34465.95
2024.09.23 11:00:00,143.368,143.643,143.162,143.609,28169.21
2024.09.23 12:00:00,143.615,143.876,143.454,143.772,39166.64
2024.09.23 13:00:00,143.772,144.205,143.457,144.052,39335.69
2024.09.23 14:00:00,144.056,144.345,143.707,143.771,51142.46
2024.09.23 15:00:00,143.77,143.942,143.571,143.593,35445.77
2024.09.23 16:00:00,143.592,143.627,143.312,143.344,26299.45
2024.09.23 17:00:00,143.343,143.404,143.251,143.404,25894.84
2024.09.23 18:00:00,143.403,143.435,143.292,143.317,19479.2
2024.09.23 19:00:00,143.318,143.51,143.318,143.489,16782.15
2024.09.23 20:00:00,143.49,143.645,143.489,143.594,11113.35
2024.09.23 21:00:00,143.592,143.592,143.455,143.563,539.06
2024.09.23 22:00:00,143.566,143.7,143.549,143.629,3938.15
2024.09.23 23:00:00,143.629,143.778,143.516,143.633,5679.05
2024.09.24 00:00:00,143.632,143.735,143.408,143.55,21863.37
2024.09.24 01:00:00,143.549,143.908,143.522,143.63,17180.53
2024.09.24 02:00:00,143.629,143.712,143.374,143.666,17852.82
2024.09.24 03:00:00,143.667,143.854,143.568,143.772,10931.24
2024.09.24 04:00:00,143.772,143.941,143.75,143.842,11769.95
2024.09.24 05:00:00,143.847,144.194,143.836,144.092,19236.81
2024.09.24 06:00:00,144.091,144.466,144.071,144.426,32417.45
2024.09.24 07:00:00,144.429,144.679,144.241,144.452,30389.48
2024.09.24 08:00:00,144.453,144.635,144.215,144.288,40144.12
2024.09.24 09:00:00,144.288,144.477,144.211,144.265,24662.37
2024.09.24 10:00:00,144.267,144.354,143.874,143.935,21487.43
2024.09.24 11:00:00,143.935,144.164,143.828,143.976,24043.6
2024.09.24 12:00:00,143.981,144.121,143.781,143.963,34874.3
2024.09.24 13:00:00,143.969,144.205,143.896,144.09,37377.35
2024.09.24 14:00:00,144.097,144.097,143.429,143.67,47887.13
2024.09.24 15:00:00,143.67,143.867,143.598,143.777,19242.71
2024.09.24 16:00:00,143.776,143.794,143.4,143.461,16646.74
2024.09.24 17:00:00,143.462,143.71,143.433,143.475,11754.99
2024.09.24 18:00:00,143.474,143.493,143.271,143.383,16594.74
2024.09.24 19:00:00,143.384,143.436,143.221,143.239,15213.29
2024.09.24 20:00:00,143.239,143.257,143.111,143.211,7387.17
2024.09.24 21:00:00,143.207,143.25,143.122,143.16,1219.72
2024.09.24 22:00:00,143.159,143.245,142.887,143.043,4746.75
2024.09.24 23:00:00,143.043,143.148,142.93,142.946,8400.48
2024.09.25 00:00:00,142.945,143.308,142.906,143.173,29853.84
2024.09.25 01:00:00,143.173,143.473,143.096,143.448,18164.34
2024.09.25 02:00:00,143.447,143.494,143.244,143.345,10962.04
2024.09.25 03:00:00,143.347,143.451,143.286,143.298,9741.56
2024.09.25 04:00:00,143.297,143.395,143.218,143.253,10666.8
2024.09.25 05:00:00,143.254,143.374,143.18,143.255,12529.21
2024.09.25 06:00:00,143.258,143.739,143.222,143.682,20118.8
2024.09.25 07:00:00,143.685,143.907,143.572,143.878,26247.01
2024.09.25 08:00:00,143.879,144.064,143.879,143.937,15579.12
2024.09.25 09:00:00,143.937,144.26,143.907,144.184,12219.58
2024.09.25 10:00:00,144.185,144.296,144.065,144.283,16611.91
2024.09.25 11:00:00,144.282,144.442,144.262,144.303,28340.82
2024.09.25 12:00:00,144.301,144.408,144.142,144.2,34957.89
2024.09.25 13:00:00,144.201,144.212,143.858,144.046,44273.58
2024.09.25 14:00:00,144.05,144.396,144.045,144.357,38114.98
2024.09.25 15:00:00,144.359,144.603,144.311,144.403,26608.67
2024.09.25 16:00:00,144.403,144.538,144.372,144.532,27033.11
2024.09.25 17:00:00,144.532,144.74,144.484,144.551,25207.03
2024.09.25 18:00:00,144.552,144.717,144.515,144.678,24381.61
2024.09.25 19:00:00,144.681,144.768,144.606,144.759,16277.49
2024.09.25 20:00:00,144.758,144.841,144.733,144.739,9515.43
2024.09.25 21:00:00,144.739,144.739,144.652,144.658,699.09
2024.09.25 22:00:00,144.674,144.68,144.563,144.647,6786.81
2024.09.25 23:00:00,144.648,144.764,144.613,144.714,7866.15
2024.09.26 00:00:00,144.714,144.721,144.443,144.495,17965.68
2024.09.26 01:00:00,144.495,144.945,144.473,144.813,14020.16
2024.09.26 02:00:00,144.814,144.945,144.763,144.834,12653.18
2024.09.26 03:00:00,144.835,145.035,144.788,144.929,8812.11
2024.09.26 04:00:00,144.928,144.964,144.626,144.691,16076.42
2024.09.26 05:00:00,144.691,144.868,144.634,144.718,12775.2
2024.09.26 06:00:00,144.719,144.857,144.615,144.831,29141.13
2024.09.26 07:00:00,144.833,145.169,144.715,145.024,44366.33
2024.09.26 08:00:00,145.024,145.198,144.678,144.825,32458.65
2024.09.26 09:00:00,144.826,144.968,144.703,144.705,26430.79
2024.09.26 10:00:00,144.706,144.746,144.335,144.358,31565.62
2024.09.26 11:00:00,144.358,144.43,144.156,144.164,22797.87
2024.09.26 12:00:00,144.163,144.723,144.109,144.563,36216.61
2024.09.26 13:00:00,144.562,144.704,144.31,144.569,42276.29
2024.09.26 14:00:00,144.576,145.212,144.554,144.834,43205.64
2024.09.26 15:00:00,144.833,144.947,144.61,144.677,33696.72
2024.09.26 16:00:00,144.677,144.902,144.676,144.856,23078.26
2024.09.26 17:00:00,144.855,144.856,144.535,144.716,26955.67
2024.09.26 18:00:00,144.717,144.771,144.562,144.622,15233.88
2024.09.26 19:00:00,144.622,144.686,144.508,144.661,18057.18
2024.09.26 20:00:00,144.66,144.899,144.658,144.784,9087.09
2024.09.26 21:00:00,144.775,144.831,144.725,144.773,471.75
2024.09.26 22:00:00,144.772,144.97,144.746,144.875,3451.24
2024.09.26 23:00:00,144.875,145.142,144.871,145.082,9247.48
2024.09.27 00:00:00,145.081,145.471,144.935,145.462,29100.83
2024.09.27 01:00:00,145.461,145.576,145.268,145.306,20140.07
2024.09.27 02:00:00,145.312,145.345,144.964,145.09,13835.1
2024.09.27 03:00:00,145.09,145.263,144.981,145.251,13481.29
2024.09.27 04:00:00,145.252,145.8,145.252,145.792,12788.01
2024.09.27 05:00:00,145.791,146.491,145.754,146.251,30446.4
2024.09.27 06:00:00,146.255,146.351,143.131,143.171,42734.91
2024.09.27 07:00:00,143.171,143.467,142.778,143.193,27078.47
2024.09.27 08:00:00,143.191,143.769,142.949,143.14,22083.05
2024.09.27 09:00:00,143.138,143.492,143.065,143.13,19034.61
2024.09.27 10:00:00,143.132,143.328,142.959,143.223,16726.66
2024.09.27 11:00:00,143.224,143.365,143.086,143.107,23276.19
2024.09.27 12:00:00,143.105,143.22,142.499,142.518,32126.32
2024.09.27 13:00:00,142.521,142.994,142.496,142.539,37393.09
2024.09.27 14:00:00,142.538,143.071,142.388,142.858,48117.97
2024.09.27 15:00:00,142.857,143.085,142.557,142.599,37015.06
2024.09.27 16:00:00,142.599,142.702,142.407,142.509,24641.7
2024.09.27 17:00:00,142.507,142.602,142.282,142.327,21381.2
2024.09.27 18:00:00,142.326,142.416,142.077,142.167,15670.18
2024.09.27 19:00:00,142.168,142.265,142.066,142.154,17585.65
2024.09.27 20:00:00,142.161,142.282,142.13,142.15,7813.93
2024.09.29 21:00:00,142.129,142.303,142.094,142.244,1045.44
2024.09.29 22:00:00,142.249,142.709,142.243,142.674,10398.69
2024.09.29 23:00:00,142.675,142.952,142.58,142.786,13101.44
2024.09.30 00:00:00,142.786,142.841,142.456,142.685,25744.06
2024.09.30 01:00:00,142.686,142.842,142.414,142.468,17940.21
2024.09.30 02:00:00,142.465,142.549,142.267,142.521,21213.02
2024.09.30 03:00:00,142.52,142.526,142.332,142.45,15229.21
2024.09.30 04:00:00,142.449,142.501,142.081,142.126,13352.32
2024.09.30 05:00:00,142.125,142.156,141.655,141.703,21545.78
2024.09.30 06:00:00,141.701,142.079,141.642,142.053,29667.46
2024.09.30 07:00:00,142.053,142.428,141.918,142.367,28383.61
2024.09.30 08:00:00,142.369,142.578,142.342,142.532,39916.89
2024.09.30 09:00:00,142.532,142.6,142.45,142.53,21344.29
2024.09.30 10:00:00,142.53,142.798,142.53,142.602,22574.18
2024.09.30 11:00:00,142.602,142.611,142.404,142.556,22770.96
2024.09.30 12:00:00,142.555,142.998,142.542,142.944,29546.8
2024.09.30 13:00:00,142.947,143.142,142.744,143.124,36316.93
2024.09.30 14:00:00,143.122,143.19,142.821,143.032,52002.95
2024.09.30 15:00:00,143.033,143.368,142.993,143.262,39426.93
2024.09.30 16:00:00,143.256,143.318,143.076,143.116,21096.11
2024.09.30 17:00:00,143.113,143.127,142.924,143.093,22472.63
2024.09.30 18:00:00,143.096,143.915,143.088,143.684,46984.1
2024.09.30 19:00:00,143.683,143.909,143.641,143.729,26890.12
2024.09.30 20:00:00,143.729,143.745,143.601,143.626,14543.71
2024.09.30 21:00:00,143.615,143.628,143.523,143.545,367.35
2024.09.30 22:00:00,143.545,143.7,143.536,143.556,3728.17
2024.09.30 23:00:00,143.556,143.734,143.37,143.714,6248.43
2024.10.01 00:00:00,143.714,144.119,143.684,143.963,20261.63
2024.10.01 01:00:00,143.964,144.129,143.683,143.715,14980.17
2024.10.01 02:00:00,143.712,144.022,143.657,144.004,13093.66
2024.10.01 03:00:00,144.005,144.331,143.952,144.276,10614.7
2024.10.01 04:00:00,144.278,144.396,144.222,144.275,13504.59
2024.10.01 05:00:00,144.274,144.412,144.222,144.26,6591.06
2024.10.01 06:00:00,144.263,144.529,144.182,144.334,23136
2024.10.01 07:00:00,144.337,144.348,143.879,144.173,44923.73
2024.10.01 08:00:00,144.172,144.225,143.697,143.806,49728.36
2024.10.01 09:00:00,143.805,143.835,143.622,143.731,35994.34
2024.10.01 10:00:00,143.733,143.796,143.674,143.737,24663.71
2024.10.01 11:00:00,143.738,143.786,143.56,143.753,39923.49
2024.10.01 12:00:00,143.755,144.067,143.678,144.037,22495.88
2024.10.01 13:00:00,144.038,144.071,143.186,143.513,47286.93
2024.10.01 14:00:00,143.512,143.84,142.969,143.603,57154.68
2024.10.01 15:00:00,143.604,143.917,143.529,143.673,25795.92
2024.10.01 16:00:00,143.672,143.718,143.271,143.632,35935.23
2024.10.01 17:00:00,143.633,143.853,143.32,143.819,30831.08
2024.10.01 18:00:00,143.819,143.919,143.598,143.667,23190.26
2024.10.01 19:00:00,143.666,143.743,143.509,143.558,24247.27
2024.10.01 20:00:00,143.56,143.588,143.499,143.549,17267.6
2024.10.01 21:00:00,143.538,143.581,143.518,143.581,456
2024.10.01 22:00:00,143.608,143.621,143.421,143.511,5077.94
2024.10.01 23:00:00,143.512,143.76,143.505,143.723,9642.43
2024.10.02 00:00:00,143.724,143.883,143.648,143.816,23626.45
2024.10.02 01:00:00,143.814,143.912,143.559,143.899,17030.59
2024.10.02 02:00:00,143.901,144.024,143.858,144,9417.82
2024.10.02 03:00:00,144.002,144.185,143.88,144.132,13115.68
2024.10.02 04:00:00,144.132,144.148,143.574,143.73,17246.52
2024.10.02 05:00:00,143.729,143.852,143.53,143.708,30530.74
2024.10.02 06:00:00,143.706,144.023,143.656,143.895,28436.86
2024.10.02 07:00:00,143.899,144.186,143.899,144.066,28153.39
2024.10.02 08:00:00,144.066,144.324,143.948,144.322,28614.34
2024.10.02 09:00:00,144.326,144.41,144.202,144.262,25860.57
2024.10.02 10:00:00,144.261,144.855,144.073,144.791,31648.95
2024.10.02 11:00:00,144.793,144.889,144.62,144.698,32617.83
2024.10.02 12:00:00,144.698,145.444,144.674,145.368,38761.79
2024.10.02 13:00:00,145.369,145.752,145.296,145.742,48367.56
2024.10.02 14:00:00,145.742,146.265,145.578,146.192,56017.1
2024.10.02 15:00:00,146.189,146.254,146.027,146.046,38456.64
2024.10.02 16:00:00,146.046,146.163,145.91,146.03,21931.06
2024.10.02 17:00:00,146.027,146.191,145.965,146.17,17080.91
2024.10.02 18:00:00,146.169,146.373,146.167,146.33,10191.87
2024.10.02 19:00:00,146.328,146.478,146.295,146.442,10223.86
2024.10.02 20:00:00,146.443,146.516,146.374,146.449,19547.33
2024.10.02 21:00:00,146.447,146.451,146.284,146.351,418.05
2024.10.02 22:00:00,146.35,146.91,146.282,146.593,9959.63
2024.10.02 23:00:00,146.593,146.794,146.43,146.575,14429.26
2024.10.03 00:00:00,146.577,147.06,146.462,146.988,24489.56
2024.10.03 01:00:00,146.99,147.239,146.797,146.8,19410.47
2024.10.03 02:00:00,146.797,146.922,146.681,146.78,15691.91
2024.10.03 03:00:00,146.781,146.964,146.775,146.85,17643.74
2024.10.03 04:00:00,146.852,146.932,146.675,146.721,16835.55
2024.10.03 05:00:00,146.718,146.811,146.531,146.557,19056.07
2024.10.03 06:00:00,146.557,146.775,146.475,146.727,25555.96
2024.10.03 07:00:00,146.726,146.858,146.301,146.45,31483.19
2024.10.03 08:00:00,146.452,146.79,146.391,146.75,30551.21
2024.10.03 09:00:00,146.749,146.988,146.744,146.922,29870.29
2024.10.03 10:00:00,146.922,146.945,146.818,146.833,15145.22
2024.10.03 11:00:00,146.835,146.992,146.584,146.664,26095.5
2024.10.03 12:00:00,146.665,146.86,146.491,146.769,34294.2
2024.10.03 13:00:00,146.771,146.787,146.472,146.59,43912.71
2024.10.03 14:00:00,146.622,147.179,146.62,146.774,65888.19
2024.10.03 15:00:00,146.773,146.846,146.601,146.829,36814.46
2024.10.03 16:00:00,146.83,146.927,146.706,146.716,23314.44
2024.10.03 17:00:00,146.716,146.716,146.577,146.653,25198.85
2024.10.03 18:00:00,146.654,146.885,146.652,146.869,20178.5
2024.10.03 19:00:00,146.869,146.883,146.759,146.859,9803.84
2024.10.03 20:00:00,146.858,146.967,146.854,146.915,7250.55
2024.10.03 21:00:00,146.915,146.915,146.762,146.859,649.35
2024.10.03 22:00:00,146.859,146.891,146.787,146.854,2846.61
2024.10.03 23:00:00,146.853,146.857,146.719,146.842,6320.8
2024.10.04 00:00:00,146.841,146.929,146.613,146.644,24019.7
2024.10.04 01:00:00,146.642,146.675,146.524,146.548,20872.98
2024.10.04 02:00:00,146.549,146.564,146.389,146.408,12375.26
2024.10.04 03:00:00,146.405,146.498,146.352,146.374,10637.67
2024.10.04 04:00:00,146.371,146.383,146.148,146.23,22957.29
2024.10.04 05:00:00,146.228,146.309,145.918,146.084,17518.09
2024.10.04 06:00:00,146.085,146.233,145.948,146.22,27279.31
2024.10.04 07:00:00,146.22,146.341,146.177,146.304,31473.38
2024.10.04 08:00:00,146.305,146.41,146.247,146.336,17819.46
2024.10.04 09:00:00,146.337,146.477,146.336,146.473,24859.01
2024.10.04 10:00:00,146.475,146.562,146.412,146.496,19231.6
2024.10.04 11:00:00,146.496,146.63,146.442,146.589,24717.81
2024.10.04 12:00:00,146.592,148.691,146.402,148.641,35496.2
2024.10.04 13:00:00,148.648,148.805,148.319,148.403,30027.21
2024.10.04 14:00:00,148.403,148.569,148.308,148.497,22983.31
2024.10.04 15:00:00,148.5,148.761,148.427,148.696,35356.42
2024.10.04 16:00:00,148.696,149.004,148.674,148.937,25787.09
2024.10.04 17:00:00,148.935,148.952,148.789,148.793,22670.58
2024.10.04 18:00:00,148.792,148.882,148.756,148.87,21216.03
2024.10.04 19:00:00,148.866,148.895,148.766,148.767,16541.89
2024.10.04 20:00:00,148.767,148.77,148.631,148.631,13838.88
2024.10.06 21:00:00,148.653,148.856,148.653,148.772,1237.35
2024.10.06 22:00:00,148.772,149.125,148.772,148.937,7019.06
2024.10.06 23:00:00,148.936,149.111,148.773,148.794,9644.27
2024.10.07 00:00:00,148.792,148.792,148.353,148.421,31265.34
2024.10.07 01:00:00,148.423,148.566,148.323,148.383,24991.71
2024.10.07 02:00:00,148.383,148.584,148.217,148.578,15956.38
2024.10.07 03:00:00,148.579,148.646,148.356,148.404,17273.92
2024.10.07 04:00:00,148.405,148.539,148.336,148.537,15178.26
2024.10.07 05:00:00,148.54,148.616,148.4,148.43,11484.27
2024.10.07 06:00:00,148.43,148.544,148.335,148.384,27245.57
2024.10.07 07:00:00,148.384,148.447,148.152,148.272,31760.12
2024.10.07 08:00:00,148.274,148.356,148.061,148.319,33862.07
2024.10.07 09:00:00,148.317,148.486,148.211,148.343,30355.66
2024.10.07 10:00:00,148.342,148.644,148.29,148.635,27853.27
2024.10.07 11:00:00,148.635,148.685,148.162,148.271,30567.35
2024.10.07 12:00:00,148.269,148.271,148.025,148.166,46649.31
2024.10.07 13:00:00,148.168,148.235,147.83,147.918,52301.25
2024.10.07 14:00:00,147.92,148.244,147.883,148.221,43127.7
2024.10.07 15:00:00,148.22,148.275,148,148.126,28368.77
2024.10.07 16:00:00,148.124,148.192,147.991,148.005,14862.76
2024.10.07 17:00:00,148.005,148.047,147.885,148.019,17389.89
2024.10.07 18:00:00,148.019,148.107,147.951,148.102,23646.55
2024.10.07 19:00:00,148.101,148.159,148.024,148.077,17393.74
2024.10.07 20:00:00,148.073,148.209,148.062,148.172,9758.46
2024.10.07 21:00:00,148.168,148.168,148.099,148.116,612.96
2024.10.07 22:00:00,148.116,148.169,147.57,147.695,7042.41
2024.10.07 23:00:00,147.689,148.159,147.68,148.127,17629.94
2024.10.08 00:00:00,148.129,148.191,147.74,147.822,25435.94
2024.10.08 01:00:00,147.823,147.94,147.749,147.843,19135.87
2024.10.08 02:00:00,147.842,147.859,147.51,147.689,25596.81
2024.10.08 03:00:00,147.691,147.959,147.687,147.914,14508.98
2024.10.08 04:00:00,147.914,148.103,147.902,148.078,20843.11
2024.10.08 05:00:00,148.078,148.162,147.837,147.972,19905.1
2024.10.08 06:00:00,147.976,148.127,147.84,147.99,28499.72
2024.10.08 07:00:00,147.991,148.06,147.343,147.591,39171.95
2024.10.08 08:00:00,147.592,147.851,147.528,147.837,28195.83
2024.10.08 09:00:00,147.838,147.955,147.721,147.825,19066.22
2024.10.08 10:00:00,147.826,147.995,147.78,147.878,22252.75
2024.10.08 11:00:00,147.879,147.999,147.811,147.853,18677.1
2024.10.08 12:00:00,147.852,148.176,147.852,148.036,30440.66
2024.10.08 13:00:00,148.037,148.286,147.951,148.251,37676.84
2024.10.08 14:00:00,148.253,148.335,148.112,148.311,31040.93
2024.10.08 15:00:00,148.312,148.362,148.175,148.226,24768.04
2024.10.08 16:00:00,148.227,148.271,148.04,148.153,15877.15
2024.10.08 17:00:00,148.151,148.293,148.151,148.246,16903.33
2024.10.08 18:00:00,148.246,148.366,148.2,148.354,23299.44
2024.10.08 19:00:00,148.353,148.382,148.263,148.283,5982.13
2024.10.08 20:00:00,148.282,148.323,148.161,148.18,13686.15
2024.10.08 21:00:00,148.179,148.215,148.141,148.213,188.49
2024.10.08 22:00:00,148.244,148.305,148.192,148.202,1100.71
2024.10.08 23:00:00,148.201,148.311,148.112,148.141,6648.12
2024.10.09 00:00:00,148.141,148.233,148.01,148.223,15732.36
2024.10.09 01:00:00,148.225,148.431,148.159,148.175,13625.97
2024.10.09 02:00:00,148.174,148.296,148.074,148.271,15907.63
2024.10.09 03:00:00,148.271,148.348,148.182,148.319,12442.65
2024.10.09 04:00:00,148.319,148.367,148.281,148.335,7488.69
2024.10.09 05:00:00,148.336,148.612,148.312,148.594,18500.67
2024.10.09 06:00:00,148.592,148.653,148.426,148.444,21845.6
2024.10.09 07:00:00,148.442,148.562,148.264,148.541,28076.47
2024.10.09 08:00:00,148.542,148.729,148.48,148.718,22216.33
2024.10.09 09:00:00,148.72,148.755,148.56,148.617,22135.72
2024.10.09 10:00:00,148.618,148.694,148.507,148.599,18990.04
2024.10.09 11:00:00,148.6,148.737,148.508,148.721,19749.2
2024.10.09 12:00:00,148.72,148.914,148.671,148.905,22696.97
2024.10.09 13:00:00,148.907,149.121,148.813,149.111,26904.47
2024.10.09 14:00:00,149.111,149.176,149.032,149.145,21302.07
2024.10.09 15:00:00,149.144,149.265,149.071,149.198,20509.78
2024.10.09 16:00:00,149.198,149.297,149.191,149.237,11475.59
2024.10.09 17:00:00,149.235,149.292,149.171,149.185,7566.5
2024.10.09 18:00:00,149.174,149.365,149.157,149.361,11020.68
2024.10.09 19:00:00,149.358,149.358,149.235,149.319,14449.39
2024.10.09 20:00:00,149.319,149.355,149.284,149.284,6757.38
2024.10.09 21:00:00,149.284,149.284,149.008,149.158,983.97
2024.10.09 22:00:00,149.158,149.299,149.137,149.232,2979.11
2024.10.09 23:00:00,149.23,149.291,149.137,149.16,628.5
2024.10.10 00:00:00,149.152,149.29,149.001,149.212,17175.73
2024.10.10 01:00:00,149.213,149.213,149.065,149.092,10783.32
2024.10.10 02:00:00,149.093,149.22,149.069,149.212,10130.42
2024.10.10 03:00:00,149.21,149.225,149.142,149.221,6638.94
2024.10.10 04:00:00,149.226,149.544,149.226,149.398,13748.5
2024.10.10 05:00:00,149.398,149.472,149.204,149.259,11208.3
2024.10.10 06:00:00,149.258,149.258,149.049,149.116,25663.23
2024.10.10 07:00:00,149.117,149.183,148.902,149.018,29338.64
2024.10.10 08:00:00,149.018,149.21,148.983,149.068,18656.97
2024.10.10 09:00:00,149.067,149.097,148.83,148.881,20059.61
2024.10.10 10:00:00,148.882,148.935,148.775,148.845,16088.14
2024.10.10 11:00:00,148.845,149.091,148.845,148.953,20513.05
2024.10.10 12:00:00,148.955,149.565,148.226,148.605,40561.46
2024.10.10 13:00:00,148.604,148.765,148.395,148.563,34429.23
2024.10.10 14:00:00,148.566,148.878,148.35,148.713,35511.88
2024.10.10 15:00:00,148.712,148.824,148.442,148.567,39819.63
2024.10.10 16:00:00,148.567,148.959,148.439,148.918,29045.22
2024.10.10 17:00:00,148.916,149.08,148.73,148.812,29882.24
2024.10.10 18:00:00,148.813,148.839,148.627,148.751,17038.56
2024.10.10 19:00:00,148.749,148.754,148.494,148.565,11645.42
2024.10.10 20:00:00,148.564,148.593,148.512,148.554,8264.56
2024.10.10 21:00:00,148.555,148.555,148.496,148.516,571.11
2024.10.10 22:00:00,148.516,148.658,148.506,148.658,2208.87
2024.10.10 23:00:00,148.652,148.746,148.561,148.707,4543.92
2024.10.11 00:00:00,148.712,148.762,148.413,148.46,13842.62
2024.10.11 01:00:00,148.456,148.796,148.401,148.759,10009.6
2024.10.11 02:00:00,148.76,148.777,148.64,148.666,8878.26
2024.10.11 03:00:00,148.662,148.732,148.581,148.711,12663.31
2024.10.11 04:00:00,148.71,148.762,148.669,148.713,9677.94
2024.10.11 05:00:00,148.71,148.731,148.603,148.69,9023.24
2024.10.11 06:00:00,148.691,148.856,148.661,148.694,17866.75
2024.10.11 07:00:00,148.692,148.809,148.661,148.773,24114.91
2024.10.11 08:00:00,148.774,148.826,148.67,148.736,12437.22
2024.10.11 09:00:00,148.737,148.956,148.725,148.94,18583.36
2024.10.11 10:00:00,148.942,149.083,148.904,149.06,15482.11
2024.10.11 11:00:00,149.059,149.14,148.998,149.003,13496.07
2024.10.11 12:00:00,149.004,149.261,148.771,149.061,32608.93
2024.10.11 13:00:00,149.06,149.177,148.974,149.112,22943.72
2024.10.11 14:00:00,149.094,149.282,148.994,149.261,31540.93
2024.10.11 15:00:00,149.259,149.27,149.066,149.123,15960.93
2024.10.11 16:00:00,149.121,149.129,148.977,149.003,11613.25
2024.10.11 17:00:00,149,149.105,148.955,149.032,8072.04
2024.10.11 18:00:00,149.036,149.11,149.036,149.108,3709.71
2024.10.11 19:00:00,149.107,149.15,149.084,149.138,5127.34
2024.10.11 20:00:00,149.138,149.173,149.071,149.091,4123.49
2024.10.13 21:00:00,149.029,149.186,148.987,149.102,2089.56
2024.10.13 22:00:00,149.121,149.334,149.111,149.332,4379.09
2024.10.13 23:00:00,149.331,149.391,149.229,149.305,3462.74
2024.10.14 00:00:00,149.306,149.367,149.14,149.217,8471.26
2024.10.14 01:00:00,149.216,149.278,149.144,149.212,9716.16
2024.10.14 02:00:00,149.21,149.318,149.191,149.315,6691.17
2024.10.14 03:00:00,149.316,149.353,149.257,149.327,13297.97
2024.10.14 04:00:00,149.327,149.335,149.264,149.287,3281.54
2024.10.14 05:00:00,149.287,149.321,149.167,149.221,8320.35
2024.10.14 06:00:00,149.225,149.241,149.174,149.207,13662.39
2024.10.14 07:00:00,149.209,149.393,149.183,149.357,14847
2024.10.14 08:00:00,149.358,149.468,149.324,149.421,12398.29
2024.10.14 09:00:00,149.423,149.428,149.344,149.398,5520.6
2024.10.14 10:00:00,149.399,149.538,149.397,149.518,6009.57
2024.10.14 11:00:00,149.518,149.726,149.509,149.639,16894.99
2024.10.14 12:00:00,149.641,149.8,149.626,149.739,12661.81
2024.10.14 13:00:00,149.742,149.881,149.693,149.78,10867.15
2024.10.14 14:00:00,149.783,149.959,149.783,149.84,15298.09
2024.10.14 15:00:00,149.838,149.895,149.802,149.825,7728.49
2024.10.14 16:00:00,149.825,149.938,149.803,149.932,7093.62
2024.10.14 17:00:00,149.934,149.936,149.85,149.871,4623.24
2024.10.14 18:00:00,149.873,149.915,149.832,149.901,3876.1
2024.10.14 19:00:00,149.903,149.981,149.707,149.76,16697.3
2024.10.14 20:00:00,149.763,149.791,149.71,149.746,3320.87
2024.10.14 21:00:00,149.746,149.781,149.697,149.757,515.46
2024.10.14 22:00:00,149.76,149.786,149.709,149.73,1832.97
2024.10.14 23:00:00,149.729,149.837,149.666,149.715,6293.49
2024.10.15 00:00:00,149.722,149.744,149.526,149.578,20881.93
2024.10.15 01:00:00,149.577,149.598,149.441,149.523,9803.58
2024.10.15 02:00:00,149.526,149.711,149.505,149.62,8924.95
2024.10.15 03:00:00,149.621,149.715,149.572,149.708,5698.98
2024.10.15 04:00:00,149.711,149.758,149.667,149.676,3631.02
2024.10.15 05:00:00,149.679,149.699,149.439,149.636,14460
2024.10.15 06:00:00,149.637,149.638,149.304,149.307,18891.6
2024.10.15 07:00:00,149.306,149.335,149.168,149.233,22945.04
2024.10.15 08:00:00,149.235,149.244,149.036,149.153,21117.16
2024.10.15 09:00:00,149.154,149.165,148.848,148.904,27888.61
2024.10.15 10:00:00,148.902,149.184,148.875,149.142,15308.68
2024.10.15 11:00:00,149.142,149.369,149.141,149.35,16459.58
2024.10.15 12:00:00,149.353,149.415,148.997,149.083,29992.26
2024.10.15 13:00:00,149.084,149.246,149.072,149.186,30609.83
2024.10.15 14:00:00,149.187,149.344,148.933,149.229,32512.43
2024.10.15 15:00:00,149.23,149.316,149.168,149.22,27823
2024.10.15 16:00:00,149.221,149.481,149.22,149.448,12092.17
2024.10.15 17:00:00,149.449,149.539,149.422,149.431,11404.61
2024.10.15 18:00:00,149.431,149.455,149.238,149.276,10064.88
2024.10.15 19:00:00,149.276,149.289,149.165,149.239,9300.42
2024.10.15 20:00:00,149.24,149.246,149.18,149.186,9004.66
2024.10.15 21:00:00,149.185,149.199,149.151,149.178,557.46
2024.10.15 22:00:00,149.177,149.26,149.156,149.23,2713.12
2024.10.15 23:00:00,149.229,149.336,149.072,149.088,7513.19
2024.10.16 00:00:00,149.089,149.285,149.03,149.269,15297.18
2024.10.16 01:00:00,149.269,149.299,148.861,149.028,16609.39
2024.10.16 02:00:00,149.026,149.115,148.953,149.087,9113.94
2024.10.16 03:00:00,149.087,149.199,149.035,149.171,16908.62
2024.10.16 04:00:00,149.17,149.282,149.133,149.262,15204.34
2024.10.16 05:00:00,149.262,149.373,149.184,149.359,18168.84
2024.10.16 06:00:00,149.359,149.37,149.167,149.267,20019.18
2024.10.16 07:00:00,149.267,149.486,149.166,149.451,23355.17
2024.10.16 08:00:00,149.449,149.488,149.308,149.462,18735.74
2024.10.16 09:00:00,149.466,149.47,149.179,149.273,11994.91
2024.10.16 10:00:00,149.274,149.389,149.214,149.381,14036.53
2024.10.16 11:00:00,149.38,149.422,149.146,149.172,15500.3
2024.10.16 12:00:00,149.173,149.48,149.144,149.448,26901.11
2024.10.16 13:00:00,149.448,149.535,149.205,149.311,25874.8
2024.10.16 14:00:00,149.313,149.745,149.295,149.627,31614.68
2024.10.16 15:00:00,149.628,149.742,149.544,149.717,19395.67
2024.10.16 16:00:00,149.716,149.773,149.694,149.744,10179.1
2024.10.16 17:00:00,149.744,149.792,149.721,149.753,7609.03
2024.10.16 18:00:00,149.752,149.8,149.743,149.774,10504.53
2024.10.16 19:00:00,149.774,149.805,149.716,149.718,7411.45
2024.10.16 20:00:00,149.718,149.725,149.601,149.621,8638.63
2024.10.16 21:00:00,149.619,149.619,149.562,149.574,676.5
2024.10.16 22:00:00,149.574,149.66,149.522,149.572,2042.82
2024.10.16 23:00:00,149.573,149.663,149.525,149.562,3120.04
2024.10.17 00:00:00,149.563,149.617,149.435,149.545,11050.65
2024.10.17 01:00:00,149.551,149.565,149.294,149.377,14280.73
2024.10.17 02:00:00,149.378,149.421,149.24,149.41,14502.52
2024.10.17 03:00:00,149.408,149.568,149.408,149.553,13354.59
2024.10.17 04:00:00,149.554,149.574,149.394,149.54,10583.1
2024.10.17 05:00:00,149.54,149.562,149.452,149.51,18460.41
2024.10.17 06:00:00,149.51,149.648,149.439,149.631,14739.05
2024.10.17 07:00:00,149.635,149.792,149.631,149.773,17916.97
2024.10.17 08:00:00,149.772,149.869,149.733,149.835,15152.18
2024.10.17 09:00:00,149.834,149.834,149.61,149.638,13235.94
2024.10.17 10:00:00,149.639,149.639,149.547,149.619,12362.11
2024.10.17 11:00:00,149.62,149.648,149.486,149.524,8061.06
2024.10.17 12:00:00,149.526,150.081,149.461,149.829,34545.07
2024.10.17 13:00:00,149.83,149.953,149.636,149.787,40942.66
2024.10.17 14:00:00,149.788,150.043,149.73,150.02,32301.8
2024.10.17 15:00:00,150.02,150.152,149.924,150.126,24563.79
2024.10.17 16:00:00,150.127,150.297,150.118,150.209,14764.63
2024.10.17 17:00:00,150.209,150.256,150.142,150.249,9132.7
2024.10.17 18:00:00,150.25,150.28,150.188,150.276,12352.8
2024.10.17 19:00:00,150.277,150.321,150.196,150.22,9734.88
2024.10.17 20:00:00,150.218,150.244,150.187,150.199,5061.25
2024.10.17 21:00:00,150.199,150.199,150.126,150.156,647.97
2024.10.17 22:00:00,150.156,150.225,150.127,150.211,1835.47
2024.10.17 23:00:00,150.211,150.284,150.068,150.101,4539.68
2024.10.18 00:00:00,150.103,150.148,149.899,150.046,16109.24
2024.10.18 01:00:00,150.048,150.062,149.871,150.013,14281.57
2024.10.18 02:00:00,150.014,150.093,149.903,149.92,15130.78
2024.10.18 03:00:00,149.92,149.973,149.854,149.889,10851.93
2024.10.18 04:00:00,149.89,150.015,149.864,149.898,11377.59
2024.10.18 05:00:00,149.896,149.914,149.769,149.879,17264.72
2024.10.18 06:00:00,149.885,150.012,149.796,149.959,16726.11
2024.10.18 07:00:00,149.958,150.135,149.921,150.093,18234.63
2024.10.18 08:00:00,150.093,150.155,149.885,149.919,14924.91
2024.10.18 09:00:00,149.919,149.943,149.835,149.921,15935.37
2024.10.18 10:00:00,149.922,149.977,149.578,149.939,20985.06
2024.10.18 11:00:00,149.94,150.099,149.915,150.004,17762.39
2024.10.18 12:00:00,150.006,150.083,149.787,149.861,20535.95
2024.10.18 13:00:00,149.861,149.923,149.693,149.736,18137.6
2024.10.18 14:00:00,149.737,149.749,149.591,149.599,18736.33
2024.10.18 15:00:00,149.6,149.65,149.513,149.58,15888.23
2024.10.18 16:00:00,149.579,149.629,149.363,149.416,13371.88
2024.10.18 17:00:00,149.418,149.646,149.411,149.593,8355.54
2024.10.18 18:00:00,149.592,149.595,149.456,149.528,11501.25
2024.10.18 19:00:00,149.527,149.568,149.461,149.52,14222.78
2024.10.18 20:00:00,149.52,149.547,149.451,149.503,6034.39
2024.10.20 21:00:00,149.439,149.551,149.412,149.515,1428.64
2024.10.20 22:00:00,149.527,149.641,149.515,149.564,3501.28
2024.10.20 23:00:00,149.564,149.624,149.477,149.602,2652.47
2024.10.21 00:00:00,149.603,149.615,149.252,149.38,17062.75
2024.10.21 01:00:00,149.383,149.409,149.094,149.201,17091.23
2024.10.21 02:00:00,149.202,149.284,149.095,149.223,9483.72
2024.10.21 03:00:00,149.221,149.242,149.086,149.223,9529.97
2024.10.21 04:00:00,149.223,149.355,149.201,149.318,12095.54
2024.10.21 05:00:00,149.317,149.371,149.199,149.361,11536.2
2024.10.21 06:00:00,149.364,149.644,149.301,149.631,16572.56
2024.10.21 07:00:00,149.629,149.855,149.62,149.835,24483.25
2024.10.21 08:00:00,149.835,149.95,149.822,149.945,16598.69
2024.10.21 09:00:00,149.947,150.09,149.821,150.06,18961.89
2024.10.21 10:00:00,150.061,150.078,149.893,149.942,13869.15
2024.10.21 11:00:00,149.937,149.957,149.859,149.923,13941.31
2024.10.21 12:00:00,149.924,150.028,149.745,149.918,26615.09
2024.10.21 13:00:00,149.919,150.144,149.918,150.127,28372.96
2024.10.21 14:00:00,150.126,150.276,150.093,150.236,24442.62
2024.10.21 15:00:00,150.236,150.485,150.193,150.469,22971.62
2024.10.21 16:00:00,150.469,150.557,150.441,150.516,10448.79
2024.10.21 17:00:00,150.515,150.796,150.503,150.749,13553.95
2024.10.21 18:00:00,150.751,150.83,150.712,150.774,12527.37
2024.10.21 19:00:00,150.775,150.838,150.729,150.772,9127.24
2024.10.21 20:00:00,150.773,150.884,150.761,150.829,7713.51
2024.10.21 21:00:00,150.829,150.832,150.668,150.719,2409.84
2024.10.21 22:00:00,150.721,150.766,150.633,150.682,3371.39
2024.10.21 23:00:00,150.681,150.799,150.598,150.62,5739.35
2024.10.22 00:00:00,150.62,150.763,150.579,150.629,15025.82
2024.10.22 01:00:00,150.629,150.706,150.494,150.661,13638.43
2024.10.22 02:00:00,150.66,150.845,150.63,150.831,9928.5
2024.10.22 03:00:00,150.831,150.983,150.809,150.922,11596.79
2024.10.22 04:00:00,150.922,151.102,150.845,150.873,16870.24
2024.10.22 05:00:00,150.872,150.992,150.783,150.845,15183.05
2024.10.22 06:00:00,150.845,150.876,150.662,150.826,23109.84
2024.10.22 07:00:00,150.826,151.059,150.693,151,23970.79
2024.10.22 08:00:00,151.004,151.034,150.788,150.987,23365.06
2024.10.22 09:00:00,150.987,151.024,150.802,150.884,17097.82
2024.10.22 10:00:00,150.884,150.906,150.749,150.845,9270.06
2024.10.22 11:00:00,150.844,150.936,150.781,150.863,9456.44
2024.10.22 12:00:00,150.865,150.923,150.765,150.91,21806.08
2024.10.22 13:00:00,150.911,150.95,150.602,150.92,23380.91
2024.10.22 14:00:00,150.918,151.073,150.855,150.975,19382.84
2024.10.22 15:00:00,150.978,151.144,150.899,151.106,15450.82
2024.10.22 16:00:00,151.106,151.194,151.048,151.056,8276.09
2024.10.22 17:00:00,151.06,151.116,150.947,150.979,9045.66
2024.10.22 18:00:00,150.978,151.07,150.898,151.06,4489.3
2024.10.22 19:00:00,151.061,151.123,151.049,151.117,9483.86
2024.10.22 20:00:00,151.118,151.15,151.063,151.063,2992.59
2024.10.22 21:00:00,151.063,151.063,150.953,151.024,593.49
2024.10.22 22:00:00,151.025,151.08,151.025,151.066,1607.49
2024.10.22 23:00:00,151.064,151.159,151.049,151.153,6986.12
2024.10.23 00:00:00,151.152,151.473,151.135,151.467,16755.64
2024.10.23 01:00:00,151.466,151.805,151.429,151.644,21018.33
2024.10.23 02:00:00,151.643,151.789,151.635,151.74,11789.12
2024.10.23 03:00:00,151.739,151.83,151.719,151.749,13183.78
2024.10.23 04:00:00,151.748,152.133,151.73,152.071,17762.31
2024.10.23 05:00:00,152.07,152.268,152.021,152.165,13729.17
2024.10.23 06:00:00,152.166,152.379,152.115,152.293,30899.6
2024.10.23 07:00:00,152.29,152.557,152.27,152.369,28548.17
2024.10.23 08:00:00,152.369,152.549,152.316,152.415,22226.22
2024.10.23 09:00:00,152.412,152.759,152.405,152.724,22312.14
2024.10.23 10:00:00,152.724,152.874,152.606,152.823,24490.65
2024.10.23 11:00:00,152.82,153.073,152.762,153.052,26445.66
2024.10.23 12:00:00,153.053,153.185,152.91,153.068,37043.13
2024.10.23 13:00:00,153.067,153.083,152.839,153.066,38161.14
2024.10.23 14:00:00,153.067,153.106,152.92,153.025,27945.89
2024.10.23 15:00:00,153.024,153.051,152.76,152.82,26967.56
2024.10.23 16:00:00,152.821,152.931,152.817,152.86,20714.69
2024.10.23 17:00:00,152.856,152.905,152.765,152.771,12779.06
2024.10.23 18:00:00,152.775,152.775,152.47,152.663,19083.34
2024.10.23 19:00:00,152.664,152.693,152.553,152.591,17955.34
2024.10.23 20:00:00,152.589,152.763,152.553,152.744,18085.23
2024.10.23 21:00:00,152.744,152.744,152.629,152.658,324.03
2024.10.23 22:00:00,152.666,152.827,152.663,152.75,3363
2024.10.23 23:00:00,152.749,152.799,152.605,152.769,7086.4
2024.10.24 00:00:00,152.767,152.767,152.516,152.64,26695.04
2024.10.24 01:00:00,152.637,152.792,152.605,152.677,20215.31
2024.10.24 02:00:00,152.676,152.696,152.339,152.429,19854.98
2024.10.24 03:00:00,152.43,152.518,152.352,152.398,12679.35
2024.10.24 04:00:00,152.397,152.398,152.106,152.214,16910.05
2024.10.24 05:00:00,152.215,152.387,152.199,152.382,17294.09
2024.10.24 06:00:00,152.382,152.384,152.049,152.054,24280.79
2024.10.24 07:00:00,152.057,152.315,152.025,152.127,34052.23
2024.10.24 08:00:00,152.126,152.248,151.919,152.007,22673.1
2024.10.24 09:00:00,152.008,152.075,151.829,151.988,22310.4
2024.10.24 10:00:00,151.987,151.988,151.82,151.855,11617.09
2024.10.24 11:00:00,151.854,152.071,151.766,152.05,23757.18
2024.10.24 12:00:00,152.051,152.321,151.832,152.052,46201.54
2024.10.24 13:00:00,152.052,152.325,151.941,152.2,46702.97
2024.10.24 14:00:00,152.199,152.279,151.85,151.926,41896.22
2024.10.24 15:00:00,151.927,151.977,151.782,151.869,26036.4
2024.10.24 16:00:00,151.871,151.882,151.658,151.687,21418.15
2024.10.24 17:00:00,151.688,151.782,151.552,151.623,20105.37
2024.10.24 18:00:00,151.622,151.848,151.614,151.822,23421.13
2024.10.24 19:00:00,151.821,151.901,151.821,151.836,15636.58
2024.10.24 20:00:00,151.84,151.867,151.806,151.811,7978.89
2024.10.24 21:00:00,151.798,151.835,151.695,151.805,742.59
2024.10.24 22:00:00,151.815,151.82,151.681,151.691,1778.61
2024.10.24 23:00:00,151.69,151.815,151.582,151.789,8485.01
2024.10.25 00:00:00,151.792,152.104,151.751,152.008,17319.24
2024.10.25 01:00:00,152.007,152.063,151.794,151.845,11340.51
2024.10.25 02:00:00,151.848,151.889,151.737,151.832,9446.13
2024.10.25 03:00:00,151.833,151.903,151.815,151.846,13933.87
2024.10.25 04:00:00,151.846,151.868,151.608,151.705,18629.09
2024.10.25 05:00:00,151.705,151.745,151.452,151.73,21679.65
2024.10.25 06:00:00,151.728,152.001,151.677,151.862,23041.02
2024.10.25 07:00:00,151.861,152.037,151.821,151.955,29785.48
2024.10.25 08:00:00,151.952,152.057,151.918,151.965,24925.87
2024.10.25 09:00:00,151.964,152.095,151.911,152.001,15729.12
2024.10.25 10:00:00,152,152.027,151.865,151.896,10677.9
2024.10.25 11:00:00,151.896,151.937,151.697,151.794,15604.92
2024.10.25 12:00:00,151.792,152.093,151.792,151.918,23984.57
2024.10.25 13:00:00,151.92,152.161,151.835,152.001,31174.64
2024.10.25 14:00:00,152.003,152.116,151.908,152.029,36962.79
2024.10.25 15:00:00,152.03,152.141,151.922,152.082,23722.85
2024.10.25 16:00:00,152.082,152.229,152.053,152.196,13575.71
2024.10.25 17:00:00,152.196,152.296,152.098,152.164,12777.29
2024.10.25 18:00:00,152.163,152.28,152.097,152.244,16919.71
2024.10.25 19:00:00,152.244,152.378,152.239,152.255,22183.74
2024.10.25 20:00:00,152.255,152.352,152.181,152.244,11679.69
2024.10.27 21:00:00,153.176,153.188,152.652,152.905,1610.04
2024.10.27 22:00:00,152.905,153.221,152.665,152.95,15203.47
2024.10.27 23:00:00,152.95,153.037,152.77,152.955,15655.63
2024.10.28 00:00:00,152.955,153.479,152.767,153.463,28929.08
2024.10.28 01:00:00,153.464,153.879,153.437,153.847,28436.27
2024.10.28 02:00:00,153.848,153.856,153.527,153.577,15171.75
2024.10.28 03:00:00,153.578,153.696,153.497,153.629,11464.05
2024.10.28 04:00:00,153.63,153.653,153.376,153.643,14942.96
2024.10.28 05:00:00,153.642,153.744,153.493,153.538,9992.83
2024.10.28 06:00:00,153.537,153.56,153.232,153.409,15184.19
2024.10.28 07:00:00,153.411,153.529,153.159,153.332,22003.61
2024.10.28 08:00:00,153.333,153.428,153.165,153.177,25513.36
2024.10.28 09:00:00,153.178,153.19,152.902,152.927,24719.52
2024.10.28 10:00:00,152.927,152.928,152.458,152.533,28038.05
2024.10.28 11:00:00,152.532,152.734,152.469,152.731,24436.87
2024.10.28 12:00:00,152.729,152.731,152.407,152.622,29892.69
2024.10.28 13:00:00,152.621,152.764,152.577,152.756,28083.52
2024.10.28 14:00:00,152.755,153.063,152.742,152.951,21221.72
2024.10.28 15:00:00,152.953,153.233,152.84,153.213,18392.98
2024.10.28 16:00:00,153.216,153.281,153.131,153.26,12777.52
2024.10.28 17:00:00,153.258,153.305,153.203,153.276,7435.08
2024.10.28 18:00:00,153.278,153.376,153.234,153.262,8625.04
2024.10.28 19:00:00,153.261,153.267,153.201,153.228,11319.87
2024.10.28 20:00:00,153.228,153.3,153.202,153.273,5377.35
2024.10.28 21:00:00,153.271,153.272,153.228,153.239,382.96
2024.10.28 22:00:00,153.274,153.359,153.233,153.304,3214.41
2024.10.28 23:00:00,153.304,153.323,153.14,153.142,4495.66
2024.10.29 00:00:00,153.141,153.242,152.897,153.015,18595.88
2024.10.29 01:00:00,153.015,153.133,152.863,152.941,18351.55
2024.10.29 02:00:00,152.939,153.053,152.85,152.992,17423.74
2024.10.29 03:00:00,152.992,153.163,152.945,153.041,13986.03
2024.10.29 04:00:00,153.046,153.046,152.872,152.925,16280.05
2024.10.29 05:00:00,152.929,152.955,152.754,152.833,13418.54
2024.10.29 06:00:00,152.833,153.071,152.833,152.996,10618.08
2024.10.29 07:00:00,152.997,153.277,152.997,153.165,18767.84
2024.10.29 08:00:00,153.165,153.447,153.155,153.394,28342.99
2024.10.29 09:00:00,153.398,153.44,153.326,153.41,20198.38
2024.10.29 10:00:00,153.411,153.488,153.316,153.338,18343.67
2024.10.29 11:00:00,153.338,153.673,153.32,153.673,14228.14
2024.10.29 12:00:00,153.676,153.865,153.655,153.763,23332.03
2024.10.29 13:00:00,153.764,153.808,153.624,153.63,18970.53
2024.10.29 14:00:00,153.649,153.664,152.99,153.381,43460.64
2024.10.29 15:00:00,153.382,153.749,153.373,153.494,34397.54
2024.10.29 16:00:00,153.497,153.583,153.351,153.547,14435.5
2024.10.29 17:00:00,153.55,153.596,153.308,153.414,15334.67
2024.10.29 18:00:00,153.412,153.551,153.378,153.423,13314.14
2024.10.29 19:00:00,153.422,153.506,153.376,153.424,15222.37
2024.10.29 20:00:00,153.425,153.443,153.334,153.346,8059.02
2024.10.29 21:00:00,153.344,153.415,153.268,153.34,651.15
2024.10.29 22:00:00,153.337,153.391,153.201,153.249,3083.98
2024.10.29 23:00:00,153.248,153.352,153.161,153.262,5030.46
2024.10.30 00:00:00,153.263,153.306,153.07,153.252,17660.23
2024.10.30 01:00:00,153.252,153.313,153.109,153.217,18516.79
2024.10.30 02:00:00,153.217,153.439,153.199,153.313,22162.46
2024.10.30 03:00:00,153.314,153.397,153.284,153.339,16688.57
2024.10.30 04:00:00,153.337,153.371,153.189,153.355,13358.29
2024.10.30 05:00:00,153.356,153.365,153.194,153.226,10957.61
2024.10.30 06:00:00,153.226,153.462,153.195,153.272,11270.59
2024.10.30 07:00:00,153.275,153.379,153.26,153.329,20344.13
2024.10.30 08:00:00,153.328,153.361,152.801,152.851,31280.62
2024.10.30 09:00:00,152.851,153.193,152.835,153.058,29674.07
2024.10.30 10:00:00,153.058,153.059,152.832,152.894,23891.17
2024.10.30 11:00:00,152.893,153.043,152.778,153.031,16908.8
2024.10.30 12:00:00,153.033,153.49,152.991,153.354,40952.19
2024.10.30 13:00:00,153.354,153.432,152.869,152.937,36906.99
2024.10.30 14:00:00,152.941,153.328,152.903,153.261,23660.09
2024.10.30 15:00:00,153.261,153.386,153.152,153.155,25011.42
2024.10.30 16:00:00,153.153,153.218,153.002,153.081,21290.2
2024.10.30 17:00:00,153.08,153.258,153.08,153.23,13828.05
2024.10.30 18:00:00,153.229,153.264,153.168,153.242,12650.22
2024.10.30 19:00:00,153.242,153.431,153.237,153.299,15981.09
2024.10.30 20:00:00,153.298,153.427,153.267,153.398,8736.88
2024.10.30 21:00:00,153.398,153.399,153.229,153.31,808.34
2024.10.30 22:00:00,153.301,153.336,153.241,153.296,4061.12
2024.10.30 23:00:00,153.299,153.356,153.203,153.239,3912.89
2024.10.31 00:00:00,153.238,153.579,153.158,153.524,17638.47
2024.10.31 01:00:00,153.525,153.557,153.394,153.49,11508.58
2024.10.31 02:00:00,153.494,153.611,153.175,153.402,8011.1
2024.10.31 03:00:00,153.404,153.409,152.941,153.051,14899.21
2024.10.31 04:00:00,153.05,153.078,152.824,152.917,11549.82
2024.10.31 05:00:00,152.918,153.084,152.833,152.84,9565.34
2024.10.31 06:00:00,152.838,152.96,152.052,152.173,21811.95
2024.10.31 07:00:00,152.177,152.581,152.05,152.248,37326.51
2024.10.31 08:00:00,152.246,152.441,151.921,152.397,36804.71
2024.10.31 09:00:00,152.399,152.567,152.301,152.554,29224.43
2024.10.31 10:00:00,152.556,152.563,152.248,152.463,18458.67
2024.10.31 11:00:00,152.465,152.847,152.465,152.719,24318.58
2024.10.31 12:00:00,152.718,152.978,152.562,152.69,37921.59
2024.10.31 13:00:00,152.693,152.987,152.561,152.965,35117.41
2024.10.31 14:00:00,152.966,153.048,152.467,152.584,41643.76
2024.10.31 15:00:00,152.583,152.709,152.079,152.356,35030.46
2024.10.31 16:00:00,152.354,152.507,152.226,152.443,28490.67
2024.10.31 17:00:00,152.441,152.487,152.157,152.172,15447.59
2024.10.31 18:00:00,152.174,152.174,151.833,152.051,23151.38
2024.10.31 19:00:00,152.05,152.146,151.909,151.931,21964.47
2024.10.31 20:00:00,151.936,152.093,151.909,152.022,13166.74
2024.10.31 21:00:00,152.019,152.043,151.964,152.043,256.08
2024.10.31 22:00:00,152.044,152.137,152.015,152.059,3339.49
2024.10.31 23:00:00,152.059,152.061,151.788,151.979,11005.91
2024.11.01 00:00:00,151.979,152.163,151.874,152.032,24156.9
2024.11.01 01:00:00,152.029,152.291,151.92,152.116,22556.77
2024.11.01 02:00:00,152.114,152.352,152.112,152.298,13085.03
2024.11.01 03:00:00,152.297,152.422,152.244,152.414,9533.28
2024.11.01 04:00:00,152.415,152.539,152.415,152.482,14911.49
2024.11.01 05:00:00,152.481,152.652,152.402,152.541,14105.47
2024.11.01 06:00:00,152.541,152.568,152.331,152.397,13899.34
2024.11.01 07:00:00,152.398,152.579,152.202,152.545,18436.55
2024.11.01 08:00:00,152.546,152.691,152.522,152.639,24981.22
2024.11.01 09:00:00,152.638,152.832,152.562,152.776,20676.54
2024.11.01 10:00:00,152.774,152.845,152.667,152.671,13159.45
2024.11.01 11:00:00,152.669,152.798,152.588,152.675,15428.8
2024.11.01 12:00:00,152.672,152.827,151.789,152.037,42125.8
2024.11.01 13:00:00,152.036,152.488,151.97,152.414,46352.75
2024.11.01 14:00:00,152.413,152.959,152.231,152.898,52137.84
2024.11.01 15:00:00,152.896,153.065,152.801,152.942,33002.78
2024.11.01 16:00:00,152.942,153.042,152.828,152.893,20861.16
2024.11.01 17:00:00,152.894,153.067,152.86,152.911,16071.61
2024.11.01 18:00:00,152.91,152.961,152.849,152.961,9040.31
2024.11.01 19:00:00,152.962,153.021,152.939,152.968,13064.86
2024.11.01 20:00:00,152.967,153.093,152.932,152.946,4420.33
2024.11.03 22:00:00,152.26,152.551,152.258,152.426,2322.18
2024.11.03 23:00:00,152.426,152.478,152.181,152.288,14046.08
2024.11.04 00:00:00,152.288,152.288,152.001,152.072,19105.8
2024.11.04 01:00:00,152.072,152.079,151.703,151.786,27253.92
2024.11.04 02:00:00,151.786,151.964,151.773,151.811,22493.59
2024.11.04 03:00:00,151.812,151.812,151.598,151.738,18115.45
2024.11.04 04:00:00,151.739,151.856,151.69,151.818,10805.65
2024.11.04 05:00:00,151.819,151.962,151.816,151.849,18175.02
2024.11.04 06:00:00,151.849,152.155,151.799,152.146,19040.85
2024.11.04 07:00:00,152.145,152.277,152.083,152.176,26234.49
2024.11.04 08:00:00,152.18,152.227,151.965,152.087,28109.35
2024.11.04 09:00:00,152.089,152.146,151.8,151.883,25923.73
2024.11.04 10:00:00,151.883,152.01,151.751,151.806,18099.01
2024.11.04 11:00:00,151.808,151.815,151.531,151.55,17715.18
2024.11.04 12:00:00,151.553,151.822,151.544,151.807,15765.63
2024.11.04 13:00:00,151.808,152.065,151.727,151.828,23430.72
2024.11.04 14:00:00,151.828,151.969,151.623,151.819,32602.66
2024.11.04 15:00:00,151.819,152.104,151.7,151.99,34005.5
2024.11.04 16:00:00,151.991,152.156,151.927,152.021,32988.97
2024.11.04 17:00:00,152.02,152.112,151.891,152.009,23640.33
2024.11.04 18:00:00,152.008,152.196,151.985,152.06,22460.43
2024.11.04 19:00:00,152.06,152.169,152.059,152.146,22887.83
2024.11.04 20:00:00,152.148,152.178,152.1,152.149,18176.37
2024.11.04 21:00:00,152.15,152.194,152.13,152.132,7194.09
2024.11.04 22:00:00,152.121,152.156,152.054,152.113,1291.17
2024.11.04 23:00:00,152.113,152.29,152.112,152.276,5398.07
2024.11.05 00:00:00,152.276,152.399,152.113,152.279,26085.35
2024.11.05 01:00:00,152.28,152.442,152.221,152.271,27049.02
2024.11.05 02:00:00,152.27,152.294,152.163,152.254,20495.6
2024.11.05 03:00:00,152.255,152.416,152.226,152.381,9523.03
2024.11.05 04:00:00,152.382,152.497,152.382,152.464,15951.58
2024.11.05 05:00:00,152.46,152.543,152.352,152.424,19826.59
2024.11.05 06:00:00,152.425,152.445,152.263,152.349,21049.26
2024.11.05 07:00:00,152.349,152.363,152.177,152.271,25209.88
2024.11.05 08:00:00,152.27,152.383,152.169,152.188,29579.28
2024.11.05 09:00:00,152.189,152.243,152.086,152.183,21164.16
2024.11.05 10:00:00,152.183,152.27,152.14,152.255,21972.96
2024.11.05 11:00:00,152.256,152.263,152.144,152.153,13916.48
2024.11.05 12:00:00,152.153,152.337,152.084,152.293,18012.87
2024.11.05 13:00:00,152.292,152.32,151.959,152.045,27889.13
2024.11.05 14:00:00,152.046,152.115,151.77,151.802,31496.44
2024.11.05 15:00:00,151.796,152.219,151.796,152.042,51093.63
2024.11.05 16:00:00,152.043,152.095,151.899,151.959,33324.63
2024.11.05 17:00:00,151.961,151.961,151.596,151.68,23430.26
2024.11.05 18:00:00,151.683,151.697,151.369,151.554,28803.16
2024.11.05 19:00:00,151.555,151.629,151.334,151.451,17604.72
2024.11.05 20:00:00,151.451,151.543,151.391,151.527,15094.54
2024.11.05 21:00:00,151.528,151.652,151.505,151.609,5526.39
2024.11.05 22:00:00,151.609,151.647,151.442,151.591,1471.08
2024.11.05 23:00:00,151.591,151.905,151.4,151.44,21432.28
2024.11.06 00:00:00,151.439,152.917,151.283,152.916,73575.44
2024.11.06 01:00:00,152.915,153.121,152.642,152.925,66325.72
2024.11.06 02:00:00,152.925,154.109,152.869,154.051,70986.07
2024.11.06 03:00:00,154.05,154.333,153.589,153.935,75092.24
2024.11.06 04:00:00,153.934,154.088,153.444,153.556,66432.04
2024.11.06 05:00:00,153.56,153.767,153.125,153.741,57090.44
2024.11.06 06:00:00,153.741,154.38,153.661,154.047,63123.04
2024.11.06 07:00:00,154.047,154.132,153.69,153.937,85294.45
2024.11.06 08:00:00,153.937,154.14,153.811,153.899,73605.02
2024.11.06 09:00:00,153.902,154.029,153.798,153.995,55795.36
2024.11.06 10:00:00,154,154.181,153.873,153.997,55604.85
2024.11.06 11:00:00,153.996,154.251,153.931,154.215,57112.1
2024.11.06 12:00:00,154.216,154.457,154.117,154.406,55206.46
2024.11.06 13:00:00,154.41,154.436,154.059,154.302,54047.58
2024.11.06 14:00:00,154.301,154.474,154.208,154.286,54954.9
2024.11.06 15:00:00,154.286,154.365,153.979,154.349,67263.47
2024.11.06 16:00:00,154.349,154.664,154.209,154.583,44269.44
2024.11.06 17:00:00,154.583,154.68,154.462,154.663,30095.61
2024.11.06 18:00:00,154.666,154.697,154.354,154.423,26481.32
2024.11.06 19:00:00,154.425,154.556,154.378,154.442,21485.64
2024.11.06 20:00:00,154.444,154.572,154.404,154.558,16936.95
2024.11.06 21:00:00,154.56,154.659,154.558,154.617,5061.54
2024.11.06 22:00:00,154.613,154.613,154.49,154.532,516.64
2024.11.06 23:00:00,154.514,154.543,154.207,154.31,12483.65
2024.11.07 00:00:00,154.307,154.708,154.22,154.574,38233.27
2024.11.07 01:00:00,154.576,154.668,154.378,154.507,31670.86
2024.11.07 02:00:00,154.507,154.525,154.327,154.437,26468.48
2024.11.07 03:00:00,154.438,154.522,154.274,154.318,24080.86
2024.11.07 04:00:00,154.32,154.374,153.931,154.171,22732.5
2024.11.07 05:00:00,154.172,154.287,153.989,154.008,24129.69
2024.11.07 06:00:00,154.006,154.2,153.93,153.931,33651.75
2024.11.07 07:00:00,153.932,154.005,153.649,154,43785.54
2024.11.07 08:00:00,154,154.07,153.815,154.041,40914.36
2024.11.07 09:00:00,154.043,154.132,153.896,153.943,28111
2024.11.07 10:00:00,153.944,154.038,153.877,154.013,21225.34
2024.11.07 11:00:00,154.014,154.098,153.982,154.062,25840.35
2024.11.07 12:00:00,154.061,154.108,153.739,153.761,42753.87
2024.11.07 13:00:00,153.761,153.783,153.45,153.498,54005.52
2024.11.07 14:00:00,153.499,153.556,153.084,153.224,47073.32
2024.11.07 15:00:00,153.223,153.285,152.851,152.961,49980.29
2024.11.07 16:00:00,152.962,153.226,152.926,153.134,39216.77
2024.11.07 17:00:00,153.133,153.199,152.957,153.013,23288.88
2024.11.07 18:00:00,153.013,153.026,152.861,152.962,20732.59
2024.11.07 19:00:00,152.954,153.472,152.847,153.079,53043.59
2024.11.07 20:00:00,153.081,153.143,152.689,152.85,43611.19
2024.11.07 21:00:00,152.853,152.956,152.8,152.923,7195.14
2024.11.07 22:00:00,152.918,152.927,152.796,152.925,352.77
2024.11.07 23:00:00,152.933,153.188,152.912,153.172,8609.17
2024.11.08 00:00:00,153.173,153.237,152.97,153.131,30545.45
2024.11.08 01:00:00,153.13,153.366,153.049,153.093,27068
2024.11.08 02:00:00,153.092,153.185,152.959,153.125,26658.87
2024.11.08 03:00:00,153.131,153.131,152.73,152.812,25104.53
2024.11.08 04:00:00,152.811,152.837,152.548,152.734,26510.13
2024.11.08 05:00:00,152.733,152.915,152.708,152.801,21962.45
2024.11.08 06:00:00,152.801,152.954,152.663,152.763,32206.74
2024.11.08 07:00:00,152.763,152.896,152.612,152.638,37445.22
2024.11.08 08:00:00,152.639,152.745,152.323,152.348,47217.75
2024.11.08 09:00:00,152.346,152.448,152.254,152.281,34675.29
2024.11.08 10:00:00,152.281,152.396,152.139,152.177,35813.36
2024.11.08 11:00:00,152.176,152.446,152.14,152.425,21791
2024.11.08 12:00:00,152.423,152.545,152.358,152.372,25450.11
2024.11.08 13:00:00,152.371,152.817,152.329,152.74,43444.89
2024.11.08 14:00:00,152.74,152.857,152.533,152.701,36080.09
2024.11.08 15:00:00,152.7,152.787,152.38,152.42,48125.26
2024.11.08 16:00:00,152.42,152.716,152.406,152.589,38000.34
2024.11.08 17:00:00,152.589,152.814,152.573,152.655,31752.79
2024.11.08 18:00:00,152.654,152.814,152.544,152.692,23847.57
2024.11.08 19:00:00,152.691,152.794,152.655,152.672,18874.67
2024.11.08 20:00:00,152.674,152.753,152.494,152.511,16895.34
2024.11.08 21:00:00,152.512,152.635,152.433,152.608,7852.98
2024.11.10 22:00:00,152.631,152.764,152.602,152.641,2211.06
2024.11.10 23:00:00,152.651,152.946,152.648,152.907,7927.51
2024.11.11 00:00:00,152.91,153.147,152.87,153.143,25072.36
2024.11.11 01:00:00,153.145,153.222,153.029,153.222,17381.96
2024.11.11 02:00:00,153.222,153.431,153.133,153.387,22016.14
2024.11.11 03:00:00,153.388,153.46,153.303,153.447,14439.16
2024.11.11 04:00:00,153.447,153.642,153.444,153.57,15381.57
2024.11.11 05:00:00,153.57,153.667,153.471,153.525,22857.94
2024.11.11 06:00:00,153.526,153.585,153.394,153.395,18030.17
2024.11.11 07:00:00,153.396,153.665,153.314,153.635,32265.17
2024.11.11 08:00:00,153.639,153.853,153.612,153.761,32598.81
2024.11.11 09:00:00,153.761,153.853,153.594,153.62,26209.2
2024.11.11 10:00:00,153.621,153.75,153.551,153.69,20613.46
2024.11.11 11:00:00,153.689,153.776,153.684,153.754,19898.92
2024.11.11 12:00:00,153.754,153.849,153.736,153.792,17143
2024.11.11 13:00:00,153.791,153.952,153.717,153.77,25080.77
2024.11.11 14:00:00,153.77,153.91,153.643,153.844,31984.46
2024.11.11 15:00:00,153.843,153.945,153.801,153.857,26763.06
2024.11.11 16:00:00,153.858,153.907,153.77,153.822,18197.06
2024.11.11 17:00:00,153.823,153.909,153.773,153.877,16223.24
2024.11.11 18:00:00,153.877,153.878,153.746,153.804,14923.18
2024.11.11 19:00:00,153.804,153.81,153.729,153.764,14013.38
2024.11.11 20:00:00,153.765,153.767,153.626,153.647,16157.52
2024.11.11 21:00:00,153.647,153.729,153.628,153.701,4836.48
2024.11.11 22:00:00,153.701,153.723,153.651,153.723,1048.51
2024.11.11 23:00:00,153.724,153.769,153.469,153.521,7574.32
2024.11.12 00:00:00,153.52,153.811,153.483,153.765,26535.03
2024.11.12 01:00:00,153.767,153.964,153.74,153.961,27918.89
2024.11.12 02:00:00,153.957,154.061,153.738,153.807,25335.05
2024.11.12 03:00:00,153.812,153.815,153.576,153.654,20851.57
2024.11.12 04:00:00,153.654,153.654,153.483,153.5,21399.18
2024.11.12 05:00:00,153.5,153.613,153.403,153.611,20225.31
2024.11.12 06:00:00,153.615,153.829,153.61,153.781,20016.73
2024.11.12 07:00:00,153.781,153.891,153.702,153.821,30626.36
2024.11.12 08:00:00,153.82,153.945,153.704,153.935,37421.44
2024.11.12 09:00:00,153.938,154.166,153.886,154.105,33500.48
2024.11.12 10:00:00,154.106,154.122,153.978,154.049,26313.35
2024.11.12 11:00:00,154.05,154.138,153.931,154.071,25947.17
2024.11.12 12:00:00,154.072,154.189,153.999,154.073,25742.72
2024.11.12 13:00:00,154.074,154.395,154.054,154.38,35215.01
2024.11.12 14:00:00,154.379,154.494,154.288,154.414,31924.73
2024.11.12 15:00:00,154.415,154.548,154.324,154.518,35279.92
2024.11.12 16:00:00,154.52,154.766,154.459,154.741,30442.71
2024.11.12 17:00:00,154.74,154.923,154.71,154.784,29164.18
2024.11.12 18:00:00,154.784,154.856,154.722,154.728,22177.52
2024.11.12 19:00:00,154.729,154.762,154.668,154.748,20007.51
2024.11.12 20:00:00,154.748,154.783,154.545,154.578,22422.79
2024.11.12 21:00:00,154.579,154.668,154.51,154.594,6385.57
2024.11.12 22:00:00,154.593,154.649,154.514,154.522,2025.59
2024.11.12 23:00:00,154.522,154.665,154.503,154.656,6213.81
2024.11.13 00:00:00,154.656,154.931,154.651,154.931,25442.6
2024.11.13 01:00:00,154.931,154.938,154.596,154.602,32048.98
2024.11.13 02:00:00,154.602,154.806,154.539,154.738,24317.03
2024.11.13 03:00:00,154.739,154.896,154.688,154.803,23995.94
2024.11.13 04:00:00,154.803,154.889,154.748,154.847,21618.66
2024.11.13 05:00:00,154.848,154.934,154.774,154.914,25485.06
2024.11.13 06:00:00,154.912,155.154,154.894,155.04,26825.89
2024.11.13 07:00:00,155.041,155.118,154.926,155.112,30731.62
2024.11.13 08:00:00,155.113,155.236,154.964,155.007,34985.44
2024.11.13 09:00:00,155.008,155.063,154.794,154.895,30751.5
2024.11.13 10:00:00,154.895,154.997,154.872,154.991,21423.24
2024.11.13 11:00:00,154.992,155.032,154.802,154.818,18951.46
2024.11.13 12:00:00,154.818,154.96,154.749,154.922,27644.13
2024.11.13 13:00:00,154.923,155.067,154.413,154.507,53244.3
2024.11.13 14:00:00,154.51,154.883,154.338,154.834,65071.09
2024.11.13 15:00:00,154.834,155.137,154.797,154.985,64603.62
2024.11.13 16:00:00,154.985,155.299,154.981,155.282,41774.1
2024.11.13 17:00:00,155.281,155.43,155.221,155.41,26205.48
2024.11.13 18:00:00,155.41,155.614,155.403,155.595,21242.28
2024.11.13 19:00:00,155.596,155.622,155.426,155.543,24638.78
2024.11.13 20:00:00,155.544,155.596,155.5,155.59,20822.97
2024.11.13 21:00:00,155.588,155.594,155.429,155.446,9679.68
2024.11.13 22:00:00,155.424,155.456,155.259,155.383,2231.13
2024.11.13 23:00:00,155.383,155.475,155.339,155.416,9843.92
2024.11.14 00:00:00,155.416,155.772,155.404,155.716,28914.23
2024.11.14 01:00:00,155.717,155.918,155.703,155.867,26252.43
2024.11.14 02:00:00,155.867,156.06,155.833,156.004,21235.04
2024.11.14 03:00:00,156.004,156.004,155.811,155.946,20482.68
2024.11.14 04:00:00,155.945,156.133,155.941,156.053,19587
2024.11.14 05:00:00,156.053,156.131,155.955,156.018,21053.37
2024.11.14 06:00:00,156.021,156.04,155.816,155.919,21903.72
2024.11.14 07:00:00,155.92,155.958,155.7,155.837,29328.37
2024.11.14 08:00:00,155.836,155.957,155.741,155.945,28812.38
2024.11.14 09:00:00,155.945,156.146,155.931,156.107,30635.94
2024.11.14 10:00:00,156.108,156.24,156.051,156.055,25475.79
2024.11.14 11:00:00,156.054,156.14,155.896,155.921,28694.82
2024.11.14 12:00:00,155.922,156.028,155.858,155.993,24765.48
2024.11.14 13:00:00,155.994,156.193,155.774,156.019,45604.25
2024.11.14 14:00:00,156.017,156.025,155.518,155.798,47884.73
2024.11.14 15:00:00,155.798,156.074,155.651,155.952,45123.69
2024.11.14 16:00:00,155.953,156.039,155.715,155.969,29288.32
2024.11.14 17:00:00,155.968,156.038,155.674,155.742,22347.04
2024.11.14 18:00:00,155.742,155.942,155.697,155.892,19347.96
2024.11.14 19:00:00,155.891,155.999,155.849,155.921,19395.03
2024.11.14 20:00:00,155.921,156.415,155.886,156.295,44817
2024.11.14 21:00:00,156.296,156.369,156.237,156.243,17181.83
2024.11.14 22:00:00,156.238,156.286,156.2,156.281,770.59
2024.11.14 23:00:00,156.272,156.535,156.249,156.481,8687.55
2024.11.15 00:00:00,156.48,156.746,156.433,156.629,14652.77
2024.11.15 01:00:00,156.628,156.644,156.328,156.55,15505.89
2024.11.15 02:00:00,156.549,156.554,156.324,156.391,24724.97
2024.11.15 03:00:00,156.39,156.514,156.272,156.5,20556.48
2024.11.15 04:00:00,156.5,156.548,156.303,156.354,23966.74
2024.11.15 05:00:00,156.354,156.453,156.327,156.453,23923.44
2024.11.15 06:00:00,156.455,156.503,156.035,156.097,28641.98
2024.11.15 07:00:00,156.097,156.171,155.759,155.778,32756.26
2024.11.15 08:00:00,155.777,155.777,155.387,155.516,38388.63
2024.11.15 09:00:00,155.517,155.729,155.262,155.365,37919.93
2024.11.15 10:00:00,155.364,155.458,155.218,155.304,33079.07
2024.11.15 11:00:00,155.304,155.51,155.258,155.493,24491.5
2024.11.15 12:00:00,155.493,155.626,155.37,155.392,28181.58
2024.11.15 13:00:00,155.391,155.718,155.15,155.325,55456.64
2024.11.15 14:00:00,155.325,155.779,155.119,155.546,54312.48
2024.11.15 15:00:00,155.549,155.598,154.84,154.947,59526.21
2024.11.15 16:00:00,154.948,155.014,154.529,154.597,53574.4
2024.11.15 17:00:00,154.596,154.607,154.186,154.28,37651.17
2024.11.15 18:00:00,154.281,154.304,153.858,153.925,35748.03
2024.11.15 19:00:00,153.921,154.341,153.913,154.213,31922.67
2024.11.15 20:00:00,154.217,154.418,154.173,154.289,28756.2
2024.11.15 21:00:00,154.29,154.476,154.248,154.248,7343.04
2024.11.17 22:00:00,154.349,154.55,154.222,154.531,2954.94
2024.11.17 23:00:00,154.531,154.746,154.391,154.64,13082.01
2024.11.18 00:00:00,154.639,154.659,153.838,154.269,39674.46
2024.11.18 01:00:00,154.269,155.138,154.097,154.595,47144.47
2024.11.18 02:00:00,154.595,154.922,154.584,154.734,34162.91
2024.11.18 03:00:00,154.734,154.89,154.62,154.651,21328.5
2024.11.18 04:00:00,154.652,154.692,154.413,154.645,23210.35
2024.11.18 05:00:00,154.646,154.758,154.413,154.591,27110.01
2024.11.18 06:00:00,154.593,154.627,154.296,154.582,34303.19
2024.11.18 07:00:00,154.582,154.764,154.474,154.566,43073.08
2024.11.18 08:00:00,154.567,154.953,154.501,154.95,45646.51
2024.11.18 09:00:00,154.951,154.97,154.555,154.776,42139.05
2024.11.18 10:00:00,154.775,155.05,154.774,154.999,34278.91
2024.11.18 11:00:00,154.999,155.123,154.951,155.056,27981.18
2024.11.18 12:00:00,155.057,155.279,155.029,155.266,29547.68
2024.11.18 13:00:00,155.268,155.356,154.865,154.904,38515.04
2024.11.18 14:00:00,154.904,154.983,154.583,154.798,39643.55
2024.11.18 15:00:00,154.8,155.051,154.75,154.992,39293.97
2024.11.18 16:00:00,154.992,155.068,154.789,154.797,37097.25
2024.11.18 17:00:00,154.796,154.848,154.64,154.698,23357.61
2024.11.18 18:00:00,154.698,154.786,154.591,154.628,21386.01
2024.11.18 19:00:00,154.627,154.753,154.571,154.737,26785.8
2024.11.18 20:00:00,154.736,154.739,154.589,154.59,20715.99
2024.11.18 21:00:00,154.59,154.69,154.567,154.649,8877.97
2024.11.18 22:00:00,154.645,154.645,154.588,154.628,891.09
2024.11.18 23:00:00,154.645,154.649,154.432,154.613,4689.05
2024.11.19 00:00:00,154.614,154.614,154.297,154.376,28064.72
2024.11.19 01:00:00,154.377,154.4,154.039,154.114,22061.54
2024.11.19 02:00:00,154.114,154.247,153.971,154.155,19462.31
2024.11.19 03:00:00,154.153,154.211,153.948,154.175,19540.71
2024.11.19 04:00:00,154.17,154.469,154.112,154.419,17906.52
2024.11.19 05:00:00,154.425,154.518,154.298,154.42,20102.93
2024.11.19 06:00:00,154.42,154.58,154.343,154.508,20333.97
2024.11.19 07:00:00,154.511,154.653,154.442,154.526,33172.05
2024.11.19 08:00:00,154.527,154.573,153.279,153.745,61110.62
2024.11.19 09:00:00,153.747,154.071,153.347,153.763,73796.89
2024.11.19 10:00:00,153.76,153.824,153.438,153.774,57011.32
2024.11.19 11:00:00,153.774,154.176,153.722,154.084,41232.09
2024.11.19 12:00:00,154.083,154.206,153.966,153.976,40056.91
2024.11.19 13:00:00,153.973,154.009,153.408,153.471,54156.79
2024.11.19 14:00:00,153.472,154.133,153.442,154.051,69632.95
2024.11.19 15:00:00,154.051,154.231,153.848,153.956,58953.92
2024.11.19 16:00:00,153.957,154.493,153.915,154.346,33305.73
2024.11.19 17:00:00,154.347,154.754,154.26,154.721,27491.34
2024.11.19 18:00:00,154.722,154.797,154.578,154.587,15590.6
2024.11.19 19:00:00,154.586,154.705,154.562,154.694,17147.73
2024.11.19 20:00:00,154.693,154.731,154.633,154.683,15684.18
2024.11.19 21:00:00,154.684,154.727,154.613,154.647,4317.73
2024.11.19 22:00:00,154.647,154.651,154.527,154.571,1252.98
2024.11.19 23:00:00,154.569,154.755,154.525,154.718,7919.61
2024.11.20 00:00:00,154.72,154.937,154.584,154.919,28418.88
2024.11.20 01:00:00,154.918,154.986,154.694,154.771,23106.57
2024.11.20 02:00:00,154.77,154.906,154.723,154.867,24297.32
2024.11.20 03:00:00,154.867,154.985,154.822,154.954,19854.08
2024.11.20 04:00:00,154.953,155.137,154.942,155.051,17903.81
2024.11.20 05:00:00,155.051,155.186,154.99,155.186,20686.58
2024.11.20 06:00:00,155.187,155.459,155.157,155.357,28770.68
2024.11.20 07:00:00,155.356,155.681,155.322,155.657,35601.68
2024.11.20 08:00:00,155.658,155.747,155.58,155.631,30392.55
2024.11.20 09:00:00,155.632,155.849,155.599,155.755,31539.73
2024.11.20 10:00:00,155.757,155.847,155.667,155.75,26719.69
2024.11.20 11:00:00,155.749,155.861,155.714,155.832,23707.7
2024.11.20 12:00:00,155.834,155.886,155.685,155.688,25420.55
2024.11.20 13:00:00,155.691,155.79,155.629,155.73,30149.29
2024.11.20 14:00:00,155.73,155.838,155.383,155.6,32801.05
2024.11.20 15:00:00,155.6,155.608,155.054,155.529,40171.9
2024.11.20 16:00:00,155.528,155.61,155.233,155.38,29674.84
2024.11.20 17:00:00,155.38,155.44,155.182,155.218,23153.62
2024.11.20 18:00:00,155.218,155.422,155.198,155.339,25171.13
2024.11.20 19:00:00,155.341,155.374,155.24,155.365,18724.83
2024.11.20 20:00:00,155.368,155.518,155.365,155.475,16832.32
2024.11.20 21:00:00,155.476,155.538,155.35,155.398,12572.23
2024.11.20 22:00:00,155.288,155.395,155.288,155.32,1929.06
2024.11.20 23:00:00,155.34,155.37,155.233,155.272,6495.3
2024.11.21 00:00:00,155.271,155.299,154.921,155.076,33033.54
2024.11.21 01:00:00,155.075,155.088,154.878,155.04,29853.57
2024.11.21 02:00:00,155.039,155.083,154.874,154.961,24580.51
2024.11.21 03:00:00,154.957,155.032,154.889,154.925,23612.29
2024.11.21 04:00:00,154.925,155.108,154.86,155.055,17319
2024.11.21 05:00:00,155.053,155.261,155.027,155.185,16289.03
2024.11.21 06:00:00,155.18,155.18,154.554,154.76,27551
2024.11.21 07:00:00,154.76,155.042,154.606,154.904,52221.05
2024.11.21 08:00:00,154.903,155.034,154.404,154.438,62630.62
2024.11.21 09:00:00,154.437,154.446,154.081,154.397,53661.73
2024.11.21 10:00:00,154.396,154.433,154.2,154.398,35668.45
2024.11.21 11:00:00,154.398,154.582,154.304,154.532,35077.17
2024.11.21 12:00:00,154.532,154.714,154.299,154.439,35276.79
2024.11.21 13:00:00,154.44,154.691,154.101,154.249,43886.86
2024.11.21 14:00:00,154.249,154.541,153.962,154.096,53986.96
2024.11.21 15:00:00,154.096,154.351,153.905,154.319,50371.87
2024.11.21 16:00:00,154.32,154.665,154.307,154.654,48014.31
2024.11.21 17:00:00,154.652,154.691,154.404,154.438,39706.55
2024.11.21 18:00:00,154.439,154.697,154.432,154.547,29834.62
2024.11.21 19:00:00,154.547,154.637,154.479,154.504,26702.99
2024.11.21 20:00:00,154.504,154.59,154.452,154.502,27391.09
2024.11.21 21:00:00,154.502,154.568,154.449,154.522,8634.54
2024.11.21 22:00:00,154.52,154.525,154.378,154.464,1338.45
2024.11.21 23:00:00,154.464,154.512,154.104,154.154,14565.87
2024.11.22 00:00:00,154.155,154.413,153.963,154.33,35001.3
2024.11.22 01:00:00,154.329,154.438,154.223,154.413,28735.25
2024.11.22 02:00:00,154.414,154.493,154.347,154.392,21495.86
2024.11.22 03:00:00,154.39,154.481,154.185,154.262,22145.56
2024.11.22 04:00:00,154.263,154.444,154.263,154.421,19898.84
2024.11.22 05:00:00,154.422,154.728,154.422,154.702,26695.23
2024.11.22 06:00:00,154.703,154.954,154.679,154.9,25146.03
2024.11.22 07:00:00,154.899,154.926,154.658,154.726,38014.99
2024.11.22 08:00:00,154.728,154.867,154.399,154.511,52560.7
2024.11.22 09:00:00,154.509,154.821,154.251,154.502,50914.47
2024.11.22 10:00:00,154.499,154.552,154.252,154.324,38749.11
2024.11.22 11:00:00,154.323,154.466,154.28,154.312,31588.74
2024.11.22 12:00:00,154.312,154.546,154.289,154.499,34165.65
2024.11.22 13:00:00,154.498,154.566,154.189,154.269,44703.13
2024.11.22 14:00:00,154.271,155.022,154.27,154.872,50266.63
2024.11.22 15:00:00,154.875,154.913,154.596,154.897,64009.51
2024.11.22 16:00:00,154.898,154.92,154.712,154.733,40302.74
2024.11.22 17:00:00,154.732,154.823,154.672,154.754,25197.2
2024.11.22 18:00:00,154.755,154.806,154.704,154.74,20728.66
2024.11.22 19:00:00,154.74,154.814,154.661,154.801,21060.93
2024.11.22 20:00:00,154.802,154.886,154.739,154.834,19004.09
2024.11.22 21:00:00,154.836,154.853,154.708,154.73,6516.32
2024.11.24 22:00:00,154.117,154.375,154.109,154.251,2355.81
2024.11.24 23:00:00,154.251,154.389,154.052,154.147,16332.05
2024.11.25 00:00:00,154.148,154.203,153.817,154.202,43121.34
2024.11.25 01:00:00,154.215,154.233,153.647,153.766,36104.48
2024.11.25 02:00:00,153.765,153.803,153.548,153.761,28224.04
2024.11.25 03:00:00,153.761,153.958,153.629,153.945,29958.95
2024.11.25 04:00:00,153.944,154.168,153.937,154.095,25968.61
2024.11.25 05:00:00,154.095,154.396,154.092,154.262,27468.69
2024.11.25 06:00:00,154.262,154.48,154.181,154.295,32647.96
2024.11.25 07:00:00,154.294,154.557,154.15,154.538,39582.5
2024.11.25 08:00:00,154.536,154.722,154.48,154.692,44382.75
2024.11.25 09:00:00,154.693,154.698,154.355,154.422,36604.41
2024.11.25 10:00:00,154.423,154.48,154.345,154.419,28826.83
2024.11.25 11:00:00,154.42,154.507,154.314,154.504,22204.16
2024.11.25 12:00:00,154.504,154.561,154.132,154.197,29492.73
2024.11.25 13:00:00,154.195,154.197,153.754,153.926,48405.56
2024.11.25 14:00:00,153.926,154.018,153.627,153.748,55991.17
2024.11.25 15:00:00,153.749,154.39,153.644,154.368,45527.09
2024.11.25 16:00:00,154.371,154.517,154.279,154.292,41219.76
2024.11.25 17:00:00,154.293,154.383,154.223,154.318,30971.86
2024.11.25 18:00:00,154.318,154.339,154.097,154.108,29494.03
2024.11.25 19:00:00,154.109,154.199,153.991,154.135,29500.73
2024.11.25 20:00:00,154.135,154.178,154.077,154.139,22943.85
2024.11.25 21:00:00,154.137,154.264,154.137,154.182,7394.97
2024.11.25 22:00:00,154.182,154.215,154.027,154.094,1073.06
2024.11.25 23:00:00,154.104,154.485,153.878,154.38,25459.84
2024.11.26 00:00:00,154.38,154.413,153.933,154.01,51901.69
2024.11.26 01:00:00,154.011,154.111,153.835,154.051,42485.52
2024.11.26 02:00:00,154.052,154.221,153.898,153.981,28990.7
2024.11.26 03:00:00,153.982,154.064,153.721,153.741,24173.37
2024.11.26 04:00:00,153.741,153.911,153.666,153.838,22446.18
2024.11.26 05:00:00,153.838,153.842,153.544,153.714,23846.09
2024.11.26 06:00:00,153.712,154.061,153.601,154.052,30645.15
2024.11.26 07:00:00,154.052,154.219,154.028,154.038,38859.7
2024.11.26 08:00:00,154.036,154.054,153.789,153.967,39122.45
2024.11.26 09:00:00,153.966,154.119,153.882,153.924,30907.21
2024.11.26 10:00:00,153.925,153.982,153.707,153.765,25016.19
2024.11.26 11:00:00,153.768,153.868,153.716,153.777,27163.12
2024.11.26 12:00:00,153.777,153.802,153.067,153.255,41998
2024.11.26 13:00:00,153.256,153.482,152.987,153.429,44796.41
2024.11.26 14:00:00,153.429,153.678,153.397,153.508,40829.08
2024.11.26 15:00:00,153.508,153.719,153.36,153.461,47427.45
2024.11.26 16:00:00,153.463,153.681,153.413,153.488,38688.86
2024.11.26 17:00:00,153.489,153.515,153.25,153.325,34576.68
2024.11.26 18:00:00,153.325,153.486,153.267,153.369,29021.21
2024.11.26 19:00:00,153.377,153.411,153.082,153.109,37365.75
2024.11.26 20:00:00,153.109,153.14,153.024,153.059,28848.97
2024.11.26 21:00:00,153.06,153.15,153.004,153.061,10105.67
2024.11.26 22:00:00,153.042,153.091,152.993,153.048,1722.27
2024.11.26 23:00:00,153.065,153.23,152.93,152.931,9033.42
2024.11.27 00:00:00,152.93,153.012,152.759,152.91,31558.64
2024.11.27 01:00:00,152.911,153.032,152.507,152.547,34855.02
2024.11.27 02:00:00,152.549,152.748,152.526,152.64,24744.82
2024.11.27 03:00:00,152.637,152.653,152.382,152.45,23981.71
2024.11.27 04:00:00,152.449,152.467,152.249,152.31,19281.05
2024.11.27 05:00:00,152.31,152.475,152.233,152.436,23012.28
2024.11.27 06:00:00,152.436,152.464,152.067,152.079,27889.06
2024.11.27 07:00:00,152.078,152.166,151.838,151.951,45693.95
2024.11.27 08:00:00,151.951,151.956,151.429,151.824,61594.11
2024.11.27 09:00:00,151.824,151.891,151.355,151.472,45311.79
2024.11.27 10:00:00,151.472,151.491,151.222,151.395,41485.76
2024.11.27 11:00:00,151.395,151.613,151.364,151.484,29519.27
2024.11.27 12:00:00,151.485,151.589,151.305,151.482,35525.02
2024.11.27 13:00:00,151.482,151.625,151.297,151.328,43831.01
2024.11.27 14:00:00,151.329,151.488,150.996,151.367,47606.49
2024.11.27 15:00:00,151.36,151.803,150.93,151.1,61666.66
2024.11.27 16:00:00,151.102,151.373,150.453,150.704,46271.7
2024.11.27 17:00:00,150.704,150.863,150.532,150.759,31496.04
2024.11.27 18:00:00,150.758,150.881,150.677,150.854,23355.63
2024.11.27 19:00:00,150.852,151.054,150.851,151.022,26219.17
2024.11.27 20:00:00,151.021,151.188,151.02,151.091,27851.06
2024.11.27 21:00:00,151.09,151.19,151.053,151.053,9007.39
2024.11.27 22:00:00,151.056,151.104,150.855,150.913,2095.44
2024.11.27 23:00:00,150.914,151.379,150.896,151.337,9101.91
2024.11.28 00:00:00,151.338,151.708,151.281,151.681,23460.04
2024.11.28 01:00:00,151.682,151.746,151.405,151.43,29106.88
2024.11.28 02:00:00,151.429,151.615,151.343,151.444,18609.69
2024.11.28 03:00:00,151.443,151.714,151.415,151.624,17671.39
2024.11.28 04:00:00,151.624,151.654,151.531,151.623,16794.44
2024.11.28 05:00:00,151.624,151.662,151.48,151.543,18043.03
2024.11.28 06:00:00,151.542,151.65,151.36,151.544,25898.89
2024.11.28 07:00:00,151.545,151.773,151.535,151.753,31441.37
2024.11.28 08:00:00,151.754,151.917,151.694,151.831,37794.41
2024.11.28 09:00:00,151.831,151.946,151.789,151.891,29144.6
2024.11.28 10:00:00,151.891,151.948,151.84,151.85,19527.19
2024.11.28 11:00:00,151.848,151.895,151.759,151.833,19871.64
2024.11.28 12:00:00,151.833,151.845,151.638,151.761,19913.47
2024.11.28 13:00:00,151.762,151.773,151.557,151.567,20992.77
2024.11.28 14:00:00,151.569,151.602,151.478,151.522,21214.15
2024.11.28 15:00:00,151.523,151.57,151.403,151.517,19887.68
2024.11.28 16:00:00,151.518,151.569,151.464,151.478,11607.93
2024.11.28 17:00:00,151.479,151.546,151.456,151.49,9061.53
2024.11.28 18:00:00,151.492,151.554,151.454,151.531,5519.43
2024.11.28 19:00:00,151.53,151.547,151.466,151.495,1659.78
2024.11.28 20:00:00,151.493,151.517,151.475,151.478,1971.16
2024.11.28 21:00:00,151.459,151.552,151.431,151.52,2093.98
2024.11.28 22:00:00,151.517,151.54,151.513,151.517,262.92
2024.11.28 23:00:00,151.528,151.529,150.983,151.185,10441.72
2024.11.29 00:00:00,151.182,151.206,150.526,150.579,39529.02
2024.11.29 01:00:00,150.578,150.616,149.848,149.936,54177.13
2024.11.29 02:00:00,149.936,150.395,149.935,150.159,38384.25
2024.11.29 03:00:00,150.159,150.372,150.049,150.097,27139.47
2024.11.29 04:00:00,150.096,150.134,149.758,150.008,29028.61
2024.11.29 05:00:00,150.008,150.27,149.931,150.101,28111.18
2024.11.29 06:00:00,150.102,150.203,149.962,150,24414.3
2024.11.29 07:00:00,150,150.011,149.531,149.99,37640.64
2024.11.29 08:00:00,149.993,150.27,149.986,150.187,34315.09
2024.11.29 09:00:00,150.188,150.303,149.926,150.158,31325.36
2024.11.29 10:00:00,150.157,150.363,149.939,149.961,33629.67
2024.11.29 11:00:00,149.96,150.075,149.83,150.037,22850.89
2024.11.29 12:00:00,150.036,150.258,150.001,150.152,22683.74
2024.11.29 13:00:00,150.153,150.232,149.944,149.965,30543.78
2024.11.29 14:00:00,149.963,150.155,149.875,149.937,37764.59
2024.11.29 15:00:00,149.938,150.347,149.917,150.179,42259.29
2024.11.29 16:00:00,150.178,150.529,150.151,150.416,40173.79
2024.11.29 17:00:00,150.417,150.446,149.58,149.595,33776.4
2024.11.29 18:00:00,149.598,149.683,149.464,149.646,27413.37
2024.11.29 19:00:00,149.646,149.695,149.479,149.603,41316.39
2024.11.29 20:00:00,149.602,149.667,149.536,149.64,52548.4
2024.11.29 21:00:00,149.64,149.724,149.598,149.724,14577.46
2024.12.01 22:00:00,149.514,149.688,149.486,149.565,6040.48
2024.12.01 23:00:00,149.565,150.066,149.515,149.865,19390.33
2024.12.02 00:00:00,149.865,150.288,149.802,150.2,39079.27
2024.12.02 01:00:00,150.201,150.551,150.148,150.529,37294.71
2024.12.02 02:00:00,150.529,150.686,150.47,150.594,29786.5
2024.12.02 03:00:00,150.595,150.742,150.5,150.527,23468.98
2024.12.02 04:00:00,150.525,150.678,150.434,150.575,25726.95
2024.12.02 05:00:00,150.575,150.747,150.513,150.72,28918.43
2024.12.02 06:00:00,150.721,150.725,150.254,150.326,32437.01
2024.12.02 07:00:00,150.306,150.448,149.988,150.247,44927.71
2024.12.02 08:00:00,150.247,150.375,150.074,150.214,40101.06
2024.12.02 09:00:00,150.216,150.44,150.045,150.343,32110.5
2024.12.02 10:00:00,150.344,150.385,150.161,150.173,27528.11
2024.12.02 11:00:00,150.172,150.238,150.073,150.148,23656.01
2024.12.02 12:00:00,150.148,150.166,149.917,150.131,29892.27
2024.12.02 13:00:00,150.13,150.35,150.041,150.078,42595.07
2024.12.02 14:00:00,150.077,150.09,149.83,149.971,45598.61
2024.12.02 15:00:00,149.984,150.242,149.721,149.871,70323.57
2024.12.02 16:00:00,149.871,149.948,149.077,149.263,50616.88
2024.12.02 17:00:00,149.262,149.625,149.214,149.597,31842.33
2024.12.02 18:00:00,149.598,149.789,149.541,149.651,25926.61
2024.12.02 19:00:00,149.651,149.686,149.489,149.522,24203.05
2024.12.02 20:00:00,149.522,149.646,149.224,149.542,31344.34
2024.12.02 21:00:00,149.54,149.613,149.503,149.574,12104.39
2024.12.02 22:00:00,149.573,149.573,149.516,149.52,685.17
2024.12.02 23:00:00,149.52,149.823,149.493,149.515,11097.71
2024.12.03 00:00:00,149.516,149.931,149.497,149.87,30782.14
2024.12.03 01:00:00,149.867,149.971,149.594,149.871,31142.33
2024.12.03 02:00:00,149.872,149.996,149.787,149.859,23985.27
2024.12.03 03:00:00,149.858,150.135,149.845,150.092,22356.76
2024.12.03 04:00:00,150.093,150.217,150.046,150.144,17906.28
2024.12.03 05:00:00,150.144,150.234,149.988,150.025,21622.97
2024.12.03 06:00:00,150.026,150.164,149.963,150.11,22231.13
2024.12.03 07:00:00,150.11,150.13,149.873,150.004,28203.25
2024.12.03 08:00:00,150.006,150.182,149.823,149.916,41330.87
2024.12.03 09:00:00,149.917,149.956,149.774,149.814,35750.31
2024.12.03 10:00:00,149.812,150.079,149.765,150.046,26270.7
2024.12.03 11:00:00,150.044,150.107,149.681,149.73,23135.03
2024.12.03 12:00:00,149.731,149.872,149.597,149.683,28217.74
2024.12.03 13:00:00,149.682,149.696,148.799,148.854,39742.19
2024.12.03 14:00:00,148.855,149.072,148.646,148.816,53363.8
2024.12.03 15:00:00,148.818,149.249,148.756,149.15,63657.53
2024.12.03 16:00:00,149.152,149.517,149.081,149.118,46216.53
2024.12.03 17:00:00,149.125,149.508,149.083,149.206,36434.16
2024.12.03 18:00:00,149.205,149.21,148.981,149.039,28458.81
2024.12.03 19:00:00,149.039,149.538,148.962,149.505,23901.52
2024.12.03 20:00:00,149.505,149.521,149.402,149.454,17526.02
2024.12.03 21:00:00,149.456,149.636,149.445,149.574,5613.18
2024.12.03 22:00:00,149.571,149.601,149.564,149.566,705.09
2024.12.03 23:00:00,149.582,149.698,149.566,149.613,7521.14
2024.12.04 00:00:00,149.613,149.911,149.52,149.87,28762.39
2024.12.04 01:00:00,149.872,150.079,149.679,149.926,21359.51
2024.12.04 02:00:00,149.927,149.952,149.689,149.774,11077.57
2024.12.04 03:00:00,149.776,149.935,149.624,149.932,16537.6
2024.12.04 04:00:00,149.933,150.167,149.877,149.967,16216.3
2024.12.04 05:00:00,149.968,150.103,149.88,150.095,14843.83
2024.12.04 06:00:00,150.094,150.167,149.856,150.006,14166.29
2024.12.04 07:00:00,150.006,150.436,149.978,150.381,24502.15
2024.12.04 08:00:00,150.382,150.542,150.297,150.435,25718.08
2024.12.04 09:00:00,150.436,150.779,150.431,150.625,33770.45
2024.12.04 10:00:00,150.623,150.891,150.614,150.864,31320.91
2024.12.04 11:00:00,150.864,151.046,150.776,150.885,32388.99
2024.12.04 12:00:00,150.886,151.224,150.858,151.17,32914.72
2024.12.04 13:00:00,151.17,151.228,150.79,151.071,45639.82
2024.12.04 14:00:00,151.07,151.128,150.808,150.848,36388.75
2024.12.04 15:00:00,150.85,150.85,150.281,150.394,56346.95
2024.12.04 16:00:00,150.395,150.443,150.053,150.184,39726.11
2024.12.04 17:00:00,150.185,150.24,149.991,150.168,25838.83
2024.12.04 18:00:00,150.167,150.421,150.038,150.408,20144.3
2024.12.04 19:00:00,150.409,150.592,150.219,150.438,32620.55
2024.12.04 20:00:00,150.438,150.67,150.436,150.521,24895.21
2024.12.04 21:00:00,150.519,150.659,150.484,150.539,8301.84
2024.12.04 22:00:00,150.525,150.555,150.445,150.505,971.31
2024.12.04 23:00:00,150.518,150.774,150.509,150.547,10982.95
2024.12.05 00:00:00,150.547,150.547,150.191,150.221,28878.23
2024.12.05 01:00:00,150.221,150.68,150.185,150.536,30699.56
2024.12.05 02:00:00,150.536,150.561,150.215,150.333,24458.27
2024.12.05 03:00:00,150.335,150.342,150.195,150.287,18294.93
2024.12.05 04:00:00,150.285,150.424,150.234,150.387,16931.42
2024.12.05 05:00:00,150.389,150.395,149.783,149.931,26285.05
2024.12.05 06:00:00,149.927,149.928,149.659,149.778,32030.09
2024.12.05 07:00:00,149.778,150.018,149.711,149.785,34828.69
2024.12.05 08:00:00,149.783,150.211,149.654,150.189,41032.45
2024.12.05 09:00:00,150.189,150.312,150.105,150.308,32327.3
2024.12.05 10:00:00,150.306,150.348,150.09,150.117,27817.43
2024.12.05 11:00:00,150.118,150.234,150.04,150.157,24710.59
2024.12.05 12:00:00,150.155,150.503,150.144,150.4,32759.41
2024.12.05 13:00:00,150.4,150.695,150.186,150.605,53864.49
2024.12.05 14:00:00,150.605,150.615,150.274,150.483,48161.5
2024.12.05 15:00:00,150.483,150.5,150.174,150.248,48814.52
2024.12.05 16:00:00,150.249,150.337,150.098,150.201,38323.89
2024.12.05 17:00:00,150.2,150.216,150.068,150.129,23539.91
2024.12.05 18:00:00,150.134,150.349,150.119,150.154,17261.31
2024.12.05 19:00:00,150.154,150.154,149.918,150.018,24970.69
2024.12.05 20:00:00,150.02,150.105,149.95,150.08,16373.84
2024.12.05 21:00:00,150.079,150.122,150.048,150.088,7606.68
2024.12.05 22:00:00,150.012,150.084,149.929,150.05,1989.51
2024.12.05 23:00:00,150.067,150.231,150.048,150.118,5534.62
2024.12.06 00:00:00,150.121,150.272,149.861,150.099,29605.04
2024.12.06 01:00:00,150.096,150.223,150.017,150.042,28838.99
2024.12.06 02:00:00,150.041,150.042,149.814,149.83,19994.17
2024.12.06 03:00:00,149.827,149.918,149.768,149.876,17567.04
2024.12.06 04:00:00,149.878,150.02,149.829,149.977,17886.4
2024.12.06 05:00:00,149.978,150.067,149.876,149.936,18250.2
2024.12.06 06:00:00,149.935,150.02,149.77,149.863,19534.9
2024.12.06 07:00:00,149.863,150.169,149.818,150.091,28047.15
2024.12.06 08:00:00,150.094,150.416,150.09,150.366,29266.68
2024.12.06 09:00:00,150.367,150.604,150.361,150.574,21857.89
2024.12.06 10:00:00,150.575,150.698,150.5,150.571,20773.79
2024.12.06 11:00:00,150.572,150.619,150.472,150.506,18387.85
2024.12.06 12:00:00,150.507,150.656,150.368,150.405,24459.37
2024.12.06 13:00:00,150.405,150.572,149.65,149.66,59945.9
2024.12.06 14:00:00,149.662,149.884,149.36,149.65,69141.61
2024.12.06 15:00:00,149.651,150.043,149.636,149.866,47892.3
2024.12.06 16:00:00,149.868,150.112,149.674,149.788,36137.86
2024.12.06 17:00:00,149.79,150.039,149.79,149.959,22999.15
2024.12.06 18:00:00,149.961,150.044,149.88,149.99,18489.19
2024.12.06 19:00:00,149.989,150.132,149.966,149.969,16581.46
2024.12.06 20:00:00,149.969,150.053,149.952,149.958,13007.54
2024.12.06 21:00:00,149.959,150.06,149.945,149.989,6132.69
2024.12.08 22:00:00,149.864,150.072,149.84,149.978,2493.85
2024.12.08 23:00:00,149.978,150.044,149.85,149.89,8082.51
2024.12.09 00:00:00,149.89,149.968,149.689,149.84,23665.34
2024.12.09 01:00:00,149.839,150.049,149.75,149.912,24718.2
2024.12.09 02:00:00,149.911,149.993,149.859,149.906,19443.45
2024.12.09 03:00:00,149.909,150.034,149.876,149.977,17154.81
2024.12.09 04:00:00,149.977,149.994,149.838,149.891,17599.6
2024.12.09 05:00:00,149.892,149.987,149.855,149.964,18421.79
2024.12.09 06:00:00,149.962,150.191,149.943,150.141,21261.69
2024.12.09 07:00:00,150.139,150.348,150.11,150.343,30291.76
2024.12.09 08:00:00,150.347,150.52,150.314,150.419,30431.15
2024.12.09 09:00:00,150.418,150.487,150.346,150.418,28825.78
2024.12.09 10:00:00,150.416,150.481,150.351,150.457,20054.82
2024.12.09 11:00:00,150.457,150.499,150.387,150.489,17226.39
2024.12.09 12:00:00,150.491,150.841,150.438,150.765,22844.64
2024.12.09 13:00:00,150.767,150.948,150.741,150.875,31455.01
2024.12.09 14:00:00,150.874,150.946,150.699,150.931,30737.49
2024.12.09 15:00:00,150.93,151.241,150.923,151.021,33006.36
2024.12.09 16:00:00,151.026,151.246,150.968,151.238,24818.15
2024.12.09 17:00:00,151.237,151.347,151.2,151.327,17942.95
2024.12.09 18:00:00,151.327,151.337,151.233,151.269,13841.94
2024.12.09 19:00:00,151.27,151.315,151.181,151.239,13000.96
2024.12.09 20:00:00,151.239,151.295,151.165,151.215,14871.83
2024.12.09 21:00:00,151.217,151.25,151.133,151.198,7677.27
2024.12.09 22:00:00,151.13,151.282,151.13,151.223,1563.2
2024.12.09 23:00:00,151.223,151.43,151.168,151.387,8237.98
2024.12.10 00:00:00,151.387,151.488,151.226,151.437,25196.43
2024.12.10 01:00:00,151.44,151.547,151.283,151.312,22685.16
2024.12.10 02:00:00,151.311,151.311,151.035,151.201,24586.74
2024.12.10 03:00:00,151.201,151.268,151.032,151.068,20410.07
2024.12.10 04:00:00,151.068,151.143,150.951,151.126,22619.28
2024.12.10 05:00:00,151.128,151.296,150.894,150.93,22874.95
2024.12.10 06:00:00,150.929,151.272,150.899,151.22,22043.22
2024.12.10 07:00:00,151.222,151.581,151.179,151.555,27133.44
2024.12.10 08:00:00,151.554,151.783,151.504,151.632,36435.81
2024.12.10 09:00:00,151.633,151.664,151.413,151.596,29715.08
2024.12.10 10:00:00,151.599,151.61,151.469,151.586,21563.26
2024.12.10 11:00:00,151.586,151.734,151.576,151.704,19716.51
2024.12.10 12:00:00,151.705,151.797,151.551,151.782,21548.53
2024.12.10 13:00:00,151.782,151.836,151.528,151.68,29276.91
2024.12.10 14:00:00,151.681,151.826,151.587,151.824,32357.53
2024.12.10 15:00:00,151.826,152.169,151.75,152.125,37157.23
2024.12.10 16:00:00,152.125,152.18,151.974,152.048,28518.42
2024.12.10 17:00:00,152.048,152.148,151.989,152.109,18932.86
2024.12.10 18:00:00,152.11,152.12,151.879,151.92,20507.63
2024.12.10 19:00:00,151.924,151.954,151.844,151.93,17318.71
2024.12.10 20:00:00,151.93,151.948,151.829,151.93,16073.18
2024.12.10 21:00:00,151.93,151.981,151.894,151.923,7297.66
2024.12.10 22:00:00,151.92,151.937,151.914,151.934,286.11
2024.12.10 23:00:00,151.944,151.944,151.78,151.838,5109.83
2024.12.11 00:00:00,151.839,151.869,151.704,151.728,18743.72
2024.12.11 01:00:00,151.727,151.824,151.695,151.704,21320.59
2024.12.11 02:00:00,151.704,151.719,151.44,151.441,19461.08
2024.12.11 03:00:00,151.441,151.636,151.414,151.544,14594.85
2024.12.11 04:00:00,151.545,151.612,151.461,151.543,14208.97
2024.12.11 05:00:00,151.544,151.764,151.531,151.75,12339.21
2024.12.11 06:00:00,151.752,151.789,151.622,151.761,16943.79
2024.12.11 07:00:00,151.761,151.793,151.419,151.654,39142.48
2024.12.11 08:00:00,151.653,151.714,151.464,151.624,36450.79
2024.12.11 09:00:00,151.624,152.722,151.004,152.678,60582.15
2024.12.11 10:00:00,152.678,152.791,152.487,152.591,36122.66
2024.12.11 11:00:00,152.591,152.71,152.512,152.549,27425.04
2024.12.11 12:00:00,152.549,152.702,152.525,152.649,25982.48
2024.12.11 13:00:00,152.65,152.856,152.051,152.293,50894.46
2024.12.11 14:00:00,152.292,152.329,151.918,152.133,48875.75
2024.12.11 15:00:00,152.133,152.518,152.081,152.457,32579.84
2024.12.11 16:00:00,152.456,152.555,152.242,152.339,13284.42
2024.12.11 17:00:00,152.339,152.541,152.312,152.494,18661.26
2024.12.11 18:00:00,152.495,152.688,152.318,152.674,24223.86
2024.12.11 19:00:00,152.674,152.717,152.532,152.643,17882.62
2024.12.11 20:00:00,152.64,152.646,152.523,152.591,12906.3
2024.12.11 21:00:00,152.593,152.597,152.411,152.411,4950.98
2024.12.11 22:00:00,152.412,152.425,152.262,152.397,1121.25
2024.12.11 23:00:00,152.397,152.449,152.233,152.254,6545.65
2024.12.12 00:00:00,152.109,152.337,152.109,152.203,15408.77
2024.12.12 01:00:00,152.151,152.162,151.949,151.976,23819.65
2024.12.12 02:00:00,151.975,152.316,151.952,152.315,17999.84
2024.12.12 03:00:00,152.316,152.41,152.207,152.352,15933.67
2024.12.12 04:00:00,152.351,152.389,152.182,152.189,16422.11
2024.12.12 05:00:00,152.189,152.607,152.179,152.49,24215.09
2024.12.12 06:00:00,152.491,152.771,152.454,152.479,28258.97
2024.12.12 07:00:00,152.479,152.586,152.272,152.569,35207.12
2024.12.12 08:00:00,152.57,152.659,152.365,152.5,36729.77
2024.12.12 09:00:00,152.501,152.596,152.458,152.524,16584.3
2024.12.12 10:00:00,152.525,152.537,152.2,152.315,22630.8
2024.12.12 11:00:00,152.315,152.341,152.164,152.185,25826.92
2024.12.12 12:00:00,152.184,152.36,152.117,152.272,24297.66
2024.12.12 13:00:00,152.273,152.383,151.798,152.032,52591.8
2024.12.12 14:00:00,152.032,152.397,151.875,152.242,58228.83
2024.12.12 15:00:00,152.242,152.378,152.107,152.285,46639.6
2024.12.12 16:00:00,152.284,152.312,152.042,152.075,31103.25
2024.12.12 17:00:00,152.075,152.298,152.039,152.263,24877.91
2024.12.12 18:00:00,152.263,152.522,152.236,152.479,28655.93
2024.12.12 19:00:00,152.479,152.546,152.433,152.537,19390.08
2024.12.12 20:00:00,152.537,152.674,152.524,152.659,13421.31
2024.12.12 21:00:00,152.664,152.69,152.599,152.607,6099.56
2024.12.12 22:00:00,152.603,152.619,152.524,152.565,884.61
2024.12.12 23:00:00,152.573,152.641,152.452,152.589,7377.18
2024.12.13 00:00:00,152.595,152.951,152.553,152.821,30395.99
2024.12.13 01:00:00,152.821,152.952,152.693,152.766,28749.53
2024.12.13 02:00:00,152.764,152.914,152.643,152.903,22592.62
2024.12.13 03:00:00,152.904,153.046,152.876,152.899,16136.61
2024.12.13 04:00:00,152.9,153.086,152.886,152.951,9742.46
2024.12.13 05:00:00,152.952,153.032,152.879,152.891,9308.01
2024.12.13 06:00:00,152.892,152.999,152.671,152.708,9889.27
2024.12.13 07:00:00,152.708,152.893,152.708,152.793,29980.82
2024.12.13 08:00:00,152.792,153.184,152.792,153.161,31828.22
2024.12.13 09:00:00,153.162,153.478,153.119,153.41,26684.23
2024.12.13 10:00:00,153.411,153.496,153.368,153.468,23202.18
2024.12.13 11:00:00,153.47,153.623,153.444,153.623,17706.3
2024.12.13 12:00:00,153.622,153.666,153.319,153.454,28309.2
2024.12.13 13:00:00,153.455,153.531,153.258,153.3,28256.31
2024.12.13 14:00:00,153.299,153.627,153.298,153.596,26350.56
2024.12.13 15:00:00,153.596,153.686,153.457,153.661,31691.63
2024.12.13 16:00:00,153.662,153.775,153.555,153.753,22916.23
2024.12.13 17:00:00,153.754,153.798,153.685,153.692,18335.64
2024.12.13 18:00:00,153.691,153.741,153.661,153.699,15416.27
2024.12.13 19:00:00,153.699,153.743,153.681,153.685,15312.45
2024.12.13 20:00:00,153.685,153.727,153.647,153.656,9699.88
2024.12.13 21:00:00,153.656,153.695,153.591,153.683,3692.85
2024.12.15 22:00:00,153.573,153.697,153.438,153.592,2193.81
2024.12.15 23:00:00,153.591,153.65,153.431,153.452,9215.14
2024.12.16 00:00:00,153.454,153.898,153.322,153.811,25361.02
2024.12.16 01:00:00,153.808,153.931,153.702,153.905,21222.5
2024.12.16 02:00:00,153.904,153.969,153.842,153.872,17131.32
2024.12.16 03:00:00,153.873,153.88,153.75,153.814,15309.51
2024.12.16 04:00:00,153.814,153.89,153.728,153.741,12909.97
2024.12.16 05:00:00,153.741,153.771,153.605,153.657,16061.48
2024.12.16 06:00:00,153.657,153.766,153.544,153.649,14862.65
2024.12.16 07:00:00,153.65,153.686,153.477,153.526,22821.65
2024.12.16 08:00:00,153.526,153.721,153.442,153.694,31362.33
2024.12.16 09:00:00,153.695,153.829,153.643,153.802,20611.42
2024.12.16 10:00:00,153.803,153.843,153.649,153.83,16843.02
2024.12.16 11:00:00,153.83,153.858,153.744,153.802,12576.19
2024.12.16 12:00:00,153.802,154.097,153.78,154.083,18452.46
2024.12.16 13:00:00,154.084,154.099,153.972,154.023,20969.51
2024.12.16 14:00:00,154.024,154.358,154.01,154.303,29021.41
2024.12.16 15:00:00,154.304,154.476,154.228,154.234,33114.07
2024.12.16 16:00:00,154.234,154.311,154.128,154.174,23355.12
2024.12.16 17:00:00,154.173,154.248,154.053,154.151,19982.09
2024.12.16 18:00:00,154.151,154.2,154.047,154.057,12317.64
2024.12.16 19:00:00,154.057,154.135,154.008,154.125,11362.43
2024.12.16 20:00:00,154.125,154.161,154.088,154.151,9174.97
2024.12.16 21:00:00,154.155,154.214,154.083,154.085,4228.49
2024.12.16 22:00:00,154.072,154.143,154.029,154.113,649.65
2024.12.16 23:00:00,154.137,154.26,154.068,154.094,4996.89
2024.12.17 00:00:00,154.091,154.342,154.01,154.147,28178.02
2024.12.17 01:00:00,154.147,154.232,153.97,154.095,22722.56
2024.12.17 02:00:00,154.1,154.109,153.798,154,22467.29
2024.12.17 03:00:00,154.001,154.082,153.869,154.042,15908.89
2024.12.17 04:00:00,154.042,154.204,154.001,154.061,18672.42
2024.12.17 05:00:00,154.061,154.258,154.028,154.13,20185
2024.12.17 06:00:00,154.13,154.169,154.029,154.137,20517.77
2024.12.17 07:00:00,154.139,154.166,153.923,154.068,22383.69
2024.12.17 08:00:00,154.067,154.165,153.808,153.859,28488.04
2024.12.17 09:00:00,153.855,153.91,153.71,153.791,26200.93
2024.12.17 10:00:00,153.793,153.882,153.712,153.838,20679.63
2024.12.17 11:00:00,153.839,153.928,153.685,153.909,21780.7
2024.12.17 12:00:00,153.909,153.936,153.811,153.817,18607.71
2024.12.17 13:00:00,153.821,153.997,153.654,153.771,36295.96
2024.12.17 14:00:00,153.773,153.773,153.553,153.559,37354.85
2024.12.17 15:00:00,153.558,153.574,153.42,153.509,37509.06
2024.12.17 16:00:00,153.509,153.64,153.399,153.417,26884.04
2024.12.17 17:00:00,153.417,153.421,153.241,153.27,22771.84
2024.12.17 18:00:00,153.269,153.389,153.159,153.275,20589.65
2024.12.17 19:00:00,153.275,153.343,153.228,153.341,18128.28
2024.12.17 20:00:00,153.34,153.561,153.329,153.516,14373.15
2024.12.17 21:00:00,153.517,153.595,153.452,153.492,5598.3
2024.12.17 22:00:00,153.271,153.496,153.271,153.415,776.94
2024.12.17 23:00:00,153.441,153.594,153.387,153.568,4340.68
2024.12.18 00:00:00,153.569,153.763,153.544,153.688,22778.88
2024.12.18 01:00:00,153.687,153.784,153.578,153.59,16568.59
2024.12.18 02:00:00,153.589,153.746,153.574,153.686,12982.38
2024.12.18 03:00:00,153.685,153.725,153.566,153.617,14335.07
2024.12.18 04:00:00,153.615,153.652,153.353,153.44,18009.28
2024.12.18 05:00:00,153.443,153.461,153.336,153.354,14135.4
2024.12.18 06:00:00,153.352,153.491,153.332,153.47,18429.72
2024.12.18 07:00:00,153.469,153.647,153.348,153.577,22214.93
2024.12.18 08:00:00,153.578,153.621,153.52,153.564,21069.23
2024.12.18 09:00:00,153.566,153.741,153.533,153.632,17757.41
2024.12.18 10:00:00,153.633,153.695,153.55,153.576,16019.88
2024.12.18 11:00:00,153.574,153.697,153.567,153.661,15644.46
2024.12.18 12:00:00,153.66,153.828,153.634,153.824,17710.54
2024.12.18 13:00:00,153.824,153.95,153.807,153.847,27561.12
2024.12.18 14:00:00,153.846,153.902,153.703,153.778,30306.51
2024.12.18 15:00:00,153.779,154.051,153.679,154.021,29043.66
2024.12.18 16:00:00,154.021,154.087,153.964,154.001,24738.97
2024.12.18 17:00:00,154.002,154.017,153.74,153.824,19069.54
2024.12.18 18:00:00,153.823,153.836,153.719,153.725,17911.73
2024.12.18 19:00:00,153.727,154.661,153.702,154.647,67670.35
2024.12.18 20:00:00,154.646,154.775,154.327,154.686,64412.91
2024.12.18 21:00:00,154.685,154.864,154.5,154.815,16798.02
2024.12.18 22:00:00,154.741,154.805,154.731,154.735,816.66
2024.12.18 23:00:00,154.734,154.765,154.433,154.665,17954.31
2024.12.19 00:00:00,154.663,154.889,154.535,154.822,32787.39
2024.12.19 01:00:00,154.823,154.859,154.63,154.643,27883.51
2024.12.19 02:00:00,154.643,155.274,154.463,155.085,27957.47
2024.12.19 03:00:00,155.086,155.435,154.953,155.256,26481.54
2024.12.19 04:00:00,155.257,155.348,155.141,155.303,20172.17
2024.12.19 05:00:00,155.302,155.469,155.191,155.221,23065.15
2024.12.19 06:00:00,155.22,156.144,154.911,156.1,38170.85
2024.12.19 07:00:00,156.101,156.777,156.101,156.475,61288.32
2024.12.19 08:00:00,156.475,157.066,156.434,156.874,47317.04
2024.12.19 09:00:00,156.874,157.145,156.717,157.04,37306.29
2024.12.19 10:00:00,157.039,157.06,156.82,156.949,28114.2
2024.12.19 11:00:00,156.949,157.06,156.675,156.694,22860.11
2024.12.19 12:00:00,156.693,156.976,156.687,156.939,29454.46
2024.12.19 13:00:00,156.941,157.047,156.398,156.907,39698.2
2024.12.19 14:00:00,156.909,157.346,156.872,157.171,50553.37
2024.12.19 15:00:00,157.171,157.73,157.152,157.712,53564.51
2024.12.19 16:00:00,157.71,157.804,157.591,157.728,43775.88
2024.12.19 17:00:00,157.729,157.766,157.525,157.694,23549.75
2024.12.19 18:00:00,157.695,157.73,157.526,157.538,27229.34
2024.12.19 19:00:00,157.537,157.553,157.348,157.421,26306.75
2024.12.19 20:00:00,157.42,157.434,157.306,157.328,21536.28
2024.12.19 21:00:00,157.331,157.449,157.327,157.417,9989.97
2024.12.19 22:00:00,157.415,157.44,157.317,157.421,5465.55
2024.12.19 23:00:00,157.424,157.669,157.384,157.647,11271.64
2024.12.20 00:00:00,157.647,157.924,157.6,157.737,37014.66
2024.12.20 01:00:00,157.738,157.779,157.143,157.275,29877.99
2024.12.20 02:00:00,157.275,157.375,156.879,156.967,34046.22
2024.12.20 03:00:00,156.976,157.151,156.833,157.064,34864.08
2024.12.20 04:00:00,157.064,157.307,157.054,157.296,27745.56
2024.12.20 05:00:00,157.296,157.313,156.965,157.032,25121.6
2024.12.20 06:00:00,157.035,157.129,156.865,156.978,28515.07
2024.12.20 07:00:00,156.981,157.053,156.765,156.828,36461.61
2024.12.20 08:00:00,156.828,156.963,156.733,156.882,45439.81
2024.12.20 09:00:00,156.883,156.914,156.62,156.719,43476.76
2024.12.20 10:00:00,156.717,156.771,156.638,156.74,30608.85
2024.12.20 11:00:00,156.741,156.842,156.676,156.772,24642.52
2024.12.20 12:00:00,156.77,156.813,156.595,156.733,28726.8
2024.12.20 13:00:00,156.733,156.794,156.349,156.516,48772.24
2024.12.20 14:00:00,156.515,156.659,156.317,156.59,49856.12
2024.12.20 15:00:00,156.59,156.776,156.398,156.503,58716.51
2024.12.20 16:00:00,156.501,156.584,156.098,156.106,41807.37
2024.12.20 17:00:00,156.105,156.157,155.951,156.069,33709.12
2024.12.20 18:00:00,156.069,156.209,156.024,156.083,20967.79
2024.12.20 19:00:00,156.083,156.106,155.974,156.003,22168.35
2024.12.20 20:00:00,156.003,156.357,155.997,156.357,18336.45
2024.12.20 21:00:00,156.358,156.466,156.289,156.407,9512.69
2024.12.22 22:00:00,156.249,156.535,156.238,156.512,642.3
2024.12.22 23:00:00,156.512,156.563,156.403,156.563,13615.19
2024.12.23 00:00:00,156.563,156.651,156.424,156.606,23801.05
2024.12.23 01:00:00,156.606,156.691,156.348,156.456,17425.96
2024.12.23 02:00:00,156.453,156.558,156.337,156.553,16535.75
2024.12.23 03:00:00,156.554,156.607,156.485,156.516,12664.18
2024.12.23 04:00:00,156.517,156.626,156.484,156.577,14631.98
2024.12.23 05:00:00,156.576,156.659,156.554,156.646,10058.01
2024.12.23 06:00:00,156.647,156.658,156.518,156.611,11545.76
2024.12.23 07:00:00,156.61,156.81,156.61,156.793,21021.93
2024.12.23 08:00:00,156.794,156.799,156.461,156.567,29382.49
2024.12.23 09:00:00,156.57,156.76,156.486,156.696,24066.9
2024.12.23 10:00:00,156.695,156.828,156.655,156.818,21714.19
2024.12.23 11:00:00,156.82,156.879,156.749,156.844,19419.33
2024.12.23 12:00:00,156.846,157.184,156.845,157.139,24948.24
2024.12.23 13:00:00,157.138,157.255,157.103,157.215,27278.49
2024.12.23 14:00:00,157.213,157.23,157.045,157.174,31974.06
2024.12.23 15:00:00,157.153,157.266,157.081,157.128,37822.33
2024.12.23 16:00:00,157.129,157.211,157.027,157.028,22660.51
2024.12.23 17:00:00,157.029,157.171,156.981,157.158,20397.91
2024.12.23 18:00:00,157.159,157.207,157.071,157.13,17832.15
2024.12.23 19:00:00,157.132,157.152,157.056,157.101,16725.38
2024.12.23 20:00:00,157.099,157.153,157.048,157.143,16065.92
2024.12.23 21:00:00,157.142,157.182,157.106,157.106,7904.34
2024.12.23 22:00:00,157.038,157.155,157.027,157.133,481.07
2024.12.23 23:00:00,157.132,157.238,157.099,157.181,10301.37
2024.12.24 00:00:00,157.181,157.393,157.161,157.311,18158.34
2024.12.24 01:00:00,157.31,157.31,157.056,157.127,13753.53
2024.12.24 02:00:00,157.128,157.178,157.056,157.119,10637.92
2024.12.24 03:00:00,157.119,157.132,157.05,157.084,11886.22
2024.12.24 04:00:00,157.082,157.09,156.934,157.011,16142.69
2024.12.24 05:00:00,157.012,157.047,156.887,157.001,17240.84
2024.12.24 06:00:00,157.001,157.14,156.905,157.084,18322.56
2024.12.24 07:00:00,157.084,157.143,157.009,157.14,14178.12
2024.12.24 08:00:00,157.139,157.177,156.983,157.056,14381.79
2024.12.24 09:00:00,157.056,157.098,157.003,157.09,15458.64
2024.12.24 10:00:00,157.091,157.097,157.021,157.089,12646.11
2024.12.24 11:00:00,157.087,157.169,157.064,157.142,11723.1
2024.12.24 12:00:00,157.141,157.156,157.075,157.134,17782.32
2024.12.24 13:00:00,157.133,157.19,157.099,157.189,16613.41
2024.12.24 14:00:00,157.188,157.294,157.185,157.277,18858.12
2024.12.24 15:00:00,157.279,157.344,157.177,157.333,21122.81
2024.12.24 16:00:00,157.333,157.374,157.272,157.296,19386.57
2024.12.24 17:00:00,157.298,157.346,157.261,157.308,11431.6
2024.12.24 18:00:00,157.308,157.35,157.23,157.317,14478.03
2024.12.24 19:00:00,157.316,157.378,157.273,157.284,3598.86
2024.12.24 20:00:00,157.285,157.301,157.119,157.131,2421.57
2024.12.24 21:00:00,157.131,157.209,156.962,157.048,893.61
2024.12.24 22:00:00,156.998,157.049,156.989,157.024,12.9
2024.12.24 23:00:00,157.024,157.09,156.988,157.056,66
2024.12.25 00:00:00,157.056,157.319,157.05,157.211,466.89
2024.12.25 01:00:00,157.21,157.249,157.035,157.105,4291.92
2024.12.25 02:00:00,157.101,157.109,157.002,157.072,412.29
2024.12.25 03:00:00,157.018,157.128,156.978,157.109,1614.42
2024.12.25 04:00:00,157.116,157.346,156.96,157.308,1740.6
2024.12.25 05:00:00,157.307,157.346,157.253,157.311,315.69
2024.12.25 06:00:00,157.33,157.34,157.224,157.27,189.63
2024.12.25 07:00:00,157.24,157.254,156.929,157.01,313.29
2024.12.25 22:00:00,157.176,157.285,157.165,157.215,328.2
2024.12.25 23:00:00,157.215,157.27,157.105,157.121,7872.39
2024.12.26 00:00:00,157.121,157.371,157.069,157.324,18257.13
2024.12.26 01:00:00,157.325,157.473,157.239,157.418,18847.62
2024.12.26 02:00:00,157.417,157.474,157.359,157.421,11419.6
2024.12.26 03:00:00,157.421,157.437,157.333,157.368,8837.17
2024.12.26 04:00:00,157.368,157.461,157.353,157.426,11887.32
2024.12.26 05:00:00,157.427,157.432,157.306,157.345,15109.61
2024.12.26 06:00:00,157.347,157.418,157.329,157.371,14232.93
2024.12.26 07:00:00,157.372,157.445,157.337,157.373,14438.12
2024.12.26 08:00:00,157.372,157.415,157.341,157.342,17338.17
2024.12.26 09:00:00,157.342,157.462,157.305,157.429,16786.78
2024.12.26 10:00:00,157.43,157.452,157.399,157.441,12814.68
2024.12.26 11:00:00,157.441,157.59,157.432,157.588,12616.2
2024.12.26 12:00:00,157.592,157.663,157.581,157.651,12757.49
2024.12.26 13:00:00,157.65,157.842,157.594,157.836,18937.86
2024.12.26 14:00:00,157.836,157.944,157.831,157.93,20491.99
2024.12.26 15:00:00,157.929,158.07,157.884,158.068,22858.47
2024.12.26 16:00:00,158.068,158.083,157.985,158.013,25047.25
2024.12.26 17:00:00,158.014,158.072,157.94,158.037,21390.78
2024.12.26 18:00:00,158.036,158.069,157.869,157.93,22983.63
2024.12.26 19:00:00,157.927,158.024,157.917,157.984,15812.78
2024.12.26 20:00:00,157.985,157.985,157.886,157.965,9564.06
2024.12.26 21:00:00,157.961,158.034,157.926,157.932,6833.05
2024.12.26 22:00:00,157.931,157.931,157.859,157.87,342.08
2024.12.26 23:00:00,157.878,157.886,157.67,157.764,7779.93
2024.12.27 00:00:00,157.763,157.948,157.654,157.911,14024.17
2024.12.27 01:00:00,157.911,157.947,157.679,157.741,11088.97
2024.12.27 02:00:00,157.741,157.76,157.504,157.597,11199.71
2024.12.27 03:00:00,157.602,157.713,157.596,157.646,7724.82
2024.12.27 04:00:00,157.645,157.668,157.549,157.57,6747.59
2024.12.27 05:00:00,157.571,157.769,157.557,157.757,10010.67
2024.12.27 06:00:00,157.757,157.815,157.659,157.752,18848.67
2024.12.27 07:00:00,157.752,157.854,157.731,157.814,20403.26
2024.12.27 08:00:00,157.814,157.914,157.782,157.846,24347.56
2024.12.27 09:00:00,157.852,157.896,157.751,157.875,17824.04
2024.12.27 10:00:00,157.877,157.877,157.705,157.754,14912.27
2024.12.27 11:00:00,157.754,157.786,157.62,157.649,17483.22
2024.12.27 12:00:00,157.651,157.794,157.58,157.793,21408.66
2024.12.27 13:00:00,157.794,157.87,157.684,157.793,23687.52
2024.12.27 14:00:00,157.793,157.894,157.685,157.814,25371.67
2024.12.27 15:00:00,157.817,157.875,157.529,157.571,30384.75
2024.12.27 16:00:00,157.569,157.736,157.35,157.731,29169.13
2024.12.27 17:00:00,157.729,157.844,157.673,157.825,20028.61
2024.12.27 18:00:00,157.825,157.851,157.765,157.831,17420.72
2024.12.27 19:00:00,157.832,157.943,157.828,157.941,15305.1
2024.12.27 20:00:00,157.941,157.942,157.85,157.904,13667.02
2024.12.27 21:00:00,157.903,157.921,157.749,157.764,5652.87
2024.12.29 22:00:00,157.679,157.768,157.652,157.67,1352.76
2024.12.29 23:00:00,157.69,157.898,157.657,157.898,6674.87
2024.12.30 00:00:00,157.897,157.988,157.699,157.943,16046.1
2024.12.30 01:00:00,157.943,157.958,157.728,157.793,10484.37
2024.12.30 02:00:00,157.792,157.826,157.697,157.805,9087.01
2024.12.30 03:00:00,157.805,157.847,157.797,157.814,5649.84
2024.12.30 04:00:00,157.814,157.821,157.756,157.789,7705.2
2024.12.30 05:00:00,157.794,157.963,157.769,157.853,12983.43
2024.12.30 06:00:00,157.858,158.071,157.816,157.867,19435.28
2024.12.30 07:00:00,157.867,157.892,157.805,157.888,17580.87
2024.12.30 08:00:00,157.887,157.929,157.81,157.897,21236.58
2024.12.30 09:00:00,157.896,157.984,157.851,157.873,18007.75
2024.12.30 10:00:00,157.875,157.88,157.757,157.779,13208.01
2024.12.30 11:00:00,157.78,157.78,157.558,157.635,14878.57
2024.12.30 12:00:00,157.636,157.647,157.484,157.553,20746.93
2024.12.30 13:00:00,157.553,157.643,157.448,157.458,22823.77
2024.12.30 14:00:00,157.458,157.549,157.066,157.086,32277.43
2024.12.30 15:00:00,157.086,157.28,156.669,157.176,59317.42
2024.12.30 16:00:00,157.174,157.291,157.005,157.259,37200
2024.12.30 17:00:00,157.261,157.352,157.114,157.147,20899.74
2024.12.30 18:00:00,157.148,157.15,156.941,156.97,16095.81
2024.12.30 19:00:00,156.971,157.101,156.92,157.089,11154.16
2024.12.30 20:00:00,157.09,157.114,156.801,156.823,14617.53
2024.12.30 21:00:00,156.821,156.875,156.759,156.814,11174.97
2024.12.30 22:00:00,156.807,156.905,156.804,156.862,592.31
2024.12.30 23:00:00,156.869,157.062,156.827,157.003,5749.8
2024.12.31 00:00:00,157.005,157.045,156.69,156.692,15465.62
2024.12.31 01:00:00,156.69,156.739,156.363,156.438,25715.18
2024.12.31 02:00:00,156.439,156.506,156.369,156.387,17093.52
2024.12.31 03:00:00,156.387,156.477,156.33,156.44,13532.95
2024.12.31 04:00:00,156.441,156.46,156.143,156.229,12129.54
2024.12.31 05:00:00,156.227,156.237,156.134,156.232,10131.5
2024.12.31 06:00:00,156.232,156.377,156.146,156.356,12774.87
2024.12.31 07:00:00,156.356,156.36,156.061,156.202,17870.07
2024.12.31 08:00:00,156.202,156.253,156.02,156.149,22637.44
2024.12.31 09:00:00,156.148,156.673,156.127,156.641,21574.76
2024.12.31 10:00:00,156.642,156.96,156.609,156.835,30202.69
2024.12.31 11:00:00,156.836,156.842,156.634,156.798,17877.81
2024.12.31 12:00:00,156.798,156.89,156.552,156.89,20052.7
2024.12.31 13:00:00,156.891,157.085,156.823,157.01,28409.1
2024.12.31 14:00:00,157.007,157.061,156.682,156.771,36671.98
2024.12.31 15:00:00,156.771,157.194,156.704,157.159,53640.58
2024.12.31 16:00:00,157.156,157.422,157.103,157.368,36777.35
2024.12.31 17:00:00,157.37,157.546,157.31,157.365,31525.69
2024.12.31 18:00:00,157.368,157.393,157.234,157.295,24407.49
2024.12.31 19:00:00,157.297,157.311,157.236,157.308,18772.59
2024.12.31 20:00:00,157.308,157.376,157.293,157.344,29975.64
2024.12.31 21:00:00,157.344,157.347,157.178,157.184,5207.07
2025.01.01 22:00:00,157.151,157.268,157.151,157.245,931.02
2025.01.01 23:00:00,157.245,157.776,157.228,157.7,13782.49
2025.01.02 00:00:00,157.7,157.772,157.291,157.427,29521.94
2025.01.02 01:00:00,157.427,157.659,157.415,157.504,23172.56
2025.01.02 02:00:00,157.504,157.506,157.262,157.284,13495.1
2025.01.02 03:00:00,157.283,157.3,157.129,157.154,10601.43
2025.01.02 04:00:00,157.154,157.156,156.993,157.02,12233.03
2025.01.02 05:00:00,157.02,157.207,156.974,157.205,11896.99
2025.01.02 06:00:00,157.206,157.21,156.657,156.662,20267.6
2025.01.02 07:00:00,156.66,156.746,156.435,156.67,36263.71
2025.01.02 08:00:00,156.67,156.826,156.461,156.777,41045.02
2025.01.02 09:00:00,156.777,156.917,156.746,156.788,23632.63
2025.01.02 10:00:00,156.79,157.162,156.788,157.133,26277.09
2025.01.02 11:00:00,157.13,157.285,157.05,157.201,27921.06
2025.01.02 12:00:00,157.202,157.217,157.015,157.077,21426.09
2025.01.02 13:00:00,157.078,157.237,156.714,156.827,36432.74
2025.01.02 14:00:00,156.827,157.115,156.633,157.028,47132.42
2025.01.02 15:00:00,157.028,157.184,156.778,157.149,49628.43
2025.01.02 16:00:00,157.148,157.75,157.13,157.659,45211.82
2025.01.02 17:00:00,157.659,157.849,157.487,157.563,28580.49
2025.01.02 18:00:00,157.564,157.631,157.465,157.498,21689.58
2025.01.02 19:00:00,157.497,157.673,157.473,157.618,16156.91
2025.01.02 20:00:00,157.617,157.653,157.566,157.626,13713
2025.01.02 21:00:00,157.627,157.629,157.426,157.426,6620.7
2025.01.02 22:00:00,157.438,157.46,157.438,157.443,300.6
2025.01.02 23:00:00,157.452,157.561,157.351,157.353,4057.99
2025.01.03 00:00:00,157.359,157.399,157.171,157.21,17440.54
2025.01.03 01:00:00,157.21,157.405,157.186,157.277,15071.52
2025.01.03 02:00:00,157.279,157.355,157.246,157.309,13178.86
2025.01.03 03:00:00,157.308,157.457,157.183,157.307,14859.06
2025.01.03 04:00:00,157.308,157.385,157.249,157.281,14393.25
2025.01.03 05:00:00,157.281,157.352,157.238,157.298,12570.83
2025.01.03 06:00:00,157.298,157.298,157.127,157.169,10722.84
2025.01.03 07:00:00,157.169,157.263,157.039,157.135,24192.67
2025.01.03 08:00:00,157.135,157.423,157.127,157.329,23074.6
2025.01.03 09:00:00,157.327,157.333,157.087,157.251,20617.74
2025.01.03 10:00:00,157.252,157.38,157.17,157.372,15894.78
2025.01.03 11:00:00,157.373,157.388,157.201,157.244,18415.35
2025.01.03 12:00:00,157.245,157.257,157.059,157.163,16378.13
2025.01.03 13:00:00,157.163,157.24,157.022,157.184,24999.52
2025.01.03 14:00:00,157.184,157.311,157.116,157.121,23997.14
2025.01.03 15:00:00,157.127,157.49,157.127,157.393,37993.57
2025.01.03 16:00:00,157.394,157.401,157.199,157.204,18740.81
2025.01.03 17:00:00,157.203,157.21,156.87,157.166,17562.25
2025.01.03 18:00:00,157.164,157.239,157.105,157.164,10225.93
2025.01.03 19:00:00,157.163,157.225,157.104,157.201,8352.83
2025.01.03 20:00:00,157.2,157.349,157.139,157.337,9345.89
2025.01.03 21:00:00,157.336,157.376,157.236,157.242,4450.49
2025.01.05 22:00:00,157.18,157.374,157.139,157.329,523.2
2025.01.05 23:00:00,157.337,157.527,157.331,157.504,10364.34
2025.01.06 00:00:00,157.505,157.826,157.498,157.584,24672.58
2025.01.06 01:00:00,157.586,157.666,157.484,157.615,17210.4
2025.01.06 02:00:00,157.616,157.774,157.567,157.716,18498.19
2025.01.06 03:00:00,157.715,157.78,157.653,157.714,18328.45
2025.01.06 04:00:00,157.714,157.752,157.656,157.716,13655.6
2025.01.06 05:00:00,157.719,157.804,157.674,157.778,14133.65
2025.01.06 06:00:00,157.779,157.791,157.63,157.649,13943.16
2025.01.06 07:00:00,157.649,157.695,157.531,157.663,17020.43
2025.01.06 08:00:00,157.664,157.764,157.617,157.664,24923.59
2025.01.06 09:00:00,157.663,157.764,157.589,157.737,20655.92
2025.01.06 10:00:00,157.737,157.915,157.684,157.903,17552.01
2025.01.06 11:00:00,157.905,157.959,157.163,157.197,45002.22
2025.01.06 12:00:00,157.198,157.21,156.618,156.783,44121.28
2025.01.06 13:00:00,156.783,156.81,156.24,156.613,43420.04
2025.01.06 14:00:00,156.615,157.421,156.466,157.291,50023.43
2025.01.06 15:00:00,157.287,157.654,157.196,157.532,43872.68
2025.01.06 16:00:00,157.532,157.61,157.346,157.542,32108
2025.01.06 17:00:00,157.545,157.598,157.466,157.507,16986.19
2025.01.06 18:00:00,157.508,157.668,157.43,157.535,18052.65
2025.01.06 19:00:00,157.536,157.59,157.473,157.544,16766.72
2025.01.06 20:00:00,157.544,157.637,157.491,157.623,11720.76
2025.01.06 21:00:00,157.622,157.662,157.523,157.523,5552.94
2025.01.06 22:00:00,157.514,157.644,157.504,157.582,610.83
2025.01.06 23:00:00,157.578,157.807,157.578,157.737,6318.69
2025.01.07 00:00:00,157.737,158.221,157.735,158.101,38728.42
2025.01.07 01:00:00,158.1,158.413,158.041,158.312,27971.12
2025.01.07 02:00:00,158.31,158.315,158.14,158.278,17639.96
2025.01.07 03:00:00,158.279,158.307,158.084,158.122,14851.74
2025.01.07 04:00:00,158.122,158.153,158.017,158.08,13750.68
2025.01.07 05:00:00,158.081,158.153,157.783,157.862,18016.56
2025.01.07 06:00:00,157.86,157.86,157.678,157.754,18917.85
2025.01.07 07:00:00,157.754,157.791,157.454,157.492,26081
2025.01.07 08:00:00,157.495,157.599,157.397,157.425,18820.01
2025.01.07 09:00:00,157.427,157.679,157.362,157.604,9888.72
2025.01.07 10:00:00,157.603,157.781,157.56,157.744,19598.73
2025.01.07 11:00:00,157.744,157.848,157.62,157.711,15495.03
2025.01.07 12:00:00,157.71,157.846,157.682,157.74,14286.54
2025.01.07 13:00:00,157.739,157.778,157.579,157.667,14834.95
2025.01.07 14:00:00,157.666,157.833,157.533,157.741,23779.4
2025.01.07 15:00:00,157.772,158.423,157.772,157.939,60772.61
2025.01.07 16:00:00,157.942,158.039,157.619,157.832,49137.35
2025.01.07 17:00:00,157.83,157.85,157.622,157.693,30625.01
2025.01.07 18:00:00,157.693,157.914,157.585,157.841,25297.22
2025.01.07 19:00:00,157.84,157.866,157.756,157.777,20859.36
2025.01.07 20:00:00,157.777,157.87,157.737,157.869,14887.95
2025.01.07 21:00:00,157.868,158.093,157.867,158.012,4717.57
2025.01.07 22:00:00,158.01,158.044,157.97,158.019,701.82
2025.01.07 23:00:00,158.034,158.239,158.032,158.223,10958.15
2025.01.08 00:00:00,158.22,158.23,157.898,158.167,30495.51
2025.01.08 01:00:00,158.167,158.17,157.932,157.969,19023.56
2025.01.08 02:00:00,157.969,158.141,157.933,158.099,13504.09
2025.01.08 03:00:00,158.1,158.214,158.074,158.195,13780.75
2025.01.08 04:00:00,158.196,158.259,158.16,158.226,10496.32
2025.01.08 05:00:00,158.224,158.265,158.096,158.171,12718.1
2025.01.08 06:00:00,158.171,158.173,157.989,158.048,14758.56
2025.01.08 07:00:00,158.048,158.133,157.925,158.114,27571.71
2025.01.08 08:00:00,158.113,158.281,158.1,158.246,27810.79
2025.01.08 09:00:00,158.246,158.247,158.052,158.161,20871.65
2025.01.08 10:00:00,158.163,158.347,158.148,158.324,20611.14
2025.01.08 11:00:00,158.325,158.55,158.314,158.372,29202.59
2025.01.08 12:00:00,158.373,158.547,158.35,158.503,24519.7
2025.01.08 13:00:00,158.505,158.505,158.172,158.219,51863.17
2025.01.08 14:00:00,158.217,158.463,158.142,158.351,41627.97
2025.01.08 15:00:00,158.349,158.418,158.218,158.371,38358.27
2025.01.08 16:00:00,158.371,158.441,158.289,158.32,28123.32
2025.01.08 17:00:00,158.32,158.495,158.309,158.39,22912.57
2025.01.08 18:00:00,158.39,158.5,158.271,158.452,24337.59
2025.01.08 19:00:00,158.462,158.519,158.353,158.464,25222.57
2025.01.08 20:00:00,158.464,158.464,158.329,158.356,15834.27
2025.01.08 21:00:00,158.36,158.434,158.331,158.331,5714.78
2025.01.08 22:00:00,158.326,158.326,158.228,158.286,1397.26
2025.01.08 23:00:00,158.286,158.393,158.177,158.188,10099.95
2025.01.09 00:00:00,158.186,158.324,158.099,158.263,21669.8
2025.01.09 01:00:00,158.262,158.286,158.069,158.106,15076.31
2025.01.09 02:00:00,158.106,158.134,157.987,158.086,11131.09
2025.01.09 03:00:00,158.085,158.091,157.913,157.971,13840.85
2025.01.09 04:00:00,157.972,157.976,157.761,157.926,16590.72
2025.01.09 05:00:00,157.926,158.144,157.889,158.056,16188.3
2025.01.09 06:00:00,158.057,158.195,158.031,158.141,17088.44
2025.01.09 07:00:00,158.144,158.201,158.025,158.19,24728.51
2025.01.09 08:00:00,158.187,158.284,158.061,158.131,29468.42
2025.01.09 09:00:00,158.13,158.174,158.01,158.083,22703.02
2025.01.09 10:00:00,158.082,158.101,157.954,157.993,18876.05
2025.01.09 11:00:00,157.992,158.023,157.822,157.905,18942.75
2025.01.09 12:00:00,157.905,157.928,157.65,157.745,17649.33
2025.01.09 13:00:00,157.744,157.845,157.574,157.656,23740.52
2025.01.09 14:00:00,157.655,157.863,157.653,157.817,21635.04
2025.01.09 15:00:00,157.819,157.976,157.815,157.972,20303.34
2025.01.09 16:00:00,157.971,158.03,157.922,158.011,13230.27
2025.01.09 17:00:00,158.013,158.134,157.984,158.105,14105.24
2025.01.09 18:00:00,158.106,158.162,158.061,158.072,7318.53
2025.01.09 19:00:00,158.072,158.122,158.056,158.112,6512.82
2025.01.09 20:00:00,158.111,158.124,158.082,158.121,4687.14
2025.01.09 21:00:00,158.119,158.146,158.081,158.109,2761.41
2025.01.09 22:00:00,158.04,158.184,158.039,158.124,823.14
2025.01.09 23:00:00,158.123,158.155,158.008,158.041,5727.82
2025.01.10 00:00:00,158.04,158.227,157.947,157.998,24473.83
2025.01.10 01:00:00,157.999,158.171,157.931,158.127,21291.48
2025.01.10 02:00:00,158.126,158.28,158.101,158.263,16729.51
2025.01.10 03:00:00,158.263,158.271,158.179,158.232,9016.67
2025.01.10 04:00:00,158.234,158.406,158.23,158.385,11162.35
2025.01.10 05:00:00,158.386,158.424,158.352,158.411,12996.97
2025.01.10 06:00:00,158.411,158.423,158.306,158.325,11178.84
2025.01.10 07:00:00,158.327,158.443,158.26,158.388,18793.36
2025.01.10 08:00:00,158.387,158.424,157.748,157.823,28502.51
2025.01.10 09:00:00,157.821,157.945,157.622,157.929,33118.13
2025.01.10 10:00:00,157.931,158.128,157.861,158.078,23124.35
2025.01.10 11:00:00,158.078,158.17,157.99,157.993,18274.08
2025.01.10 12:00:00,157.993,158.023,157.893,157.989,20191.73
2025.01.10 13:00:00,157.989,158.877,157.827,158.549,54736.8
2025.01.10 14:00:00,158.55,158.653,157.761,157.943,66954.43
2025.01.10 15:00:00,157.933,158.162,157.222,157.554,60881.35
2025.01.10 16:00:00,157.555,157.872,157.54,157.688,45639.23
2025.01.10 17:00:00,157.687,157.799,157.576,157.669,30372.53
2025.01.10 18:00:00,157.668,157.958,157.661,157.897,22998.48
2025.01.10 19:00:00,157.897,157.983,157.806,157.869,19388.82
2025.01.10 20:00:00,157.869,157.933,157.809,157.811,13514.23
2025.01.10 21:00:00,157.811,157.813,157.619,157.657,6963.58
2025.01.12 22:00:00,157.596,157.766,157.596,157.711,1514.04
2025.01.12 23:00:00,157.735,157.93,157.691,157.909,6994.33
2025.01.13 00:00:00,157.909,157.964,157.785,157.789,16731.56
2025.01.13 01:00:00,157.789,157.864,157.266,157.441,20792.85
2025.01.13 02:00:00,157.441,157.648,157.395,157.515,18578.58
2025.01.13 03:00:00,157.514,157.64,157.409,157.413,21191.58
2025.01.13 04:00:00,157.412,157.58,157.407,157.542,16069.92
2025.01.13 05:00:00,157.541,157.546,157.281,157.406,15185.47
2025.01.13 06:00:00,157.405,157.594,157.245,157.529,20887.74
2025.01.13 07:00:00,157.528,157.547,157.295,157.46,33773.87
2025.01.13 08:00:00,157.46,157.668,157.387,157.601,37014
2025.01.13 09:00:00,157.606,157.615,157.033,157.106,34527.73
2025.01.13 10:00:00,157.106,157.431,157.01,157.43,27395.52
2025.01.13 11:00:00,157.431,157.469,157.218,157.315,18394.83
2025.01.13 12:00:00,157.315,157.461,156.922,157.03,25513.28
2025.01.13 13:00:00,157.03,157.201,156.91,157.199,37629.13
2025.01.13 14:00:00,157.198,157.424,157.101,157.35,41782.72
2025.01.13 15:00:00,157.352,157.581,157.307,157.517,37800.58
2025.01.13 16:00:00,157.518,157.788,157.464,157.511,27006.85
2025.01.13 17:00:00,157.51,157.568,157.309,157.327,18683.17
2025.01.13 18:00:00,157.326,157.523,157.291,157.478,11770.53
2025.01.13 19:00:00,157.479,157.817,157.478,157.811,13144.37
2025.01.13 20:00:00,157.81,157.81,157.609,157.648,12045.64
2025.01.13 21:00:00,157.649,157.694,157.458,157.459,7187.04
2025.01.13 22:00:00,157.458,157.458,157.188,157.276,2150.55
2025.01.13 23:00:00,157.272,157.454,157.118,157.305,14015.02
2025.01.14 00:00:00,157.309,157.576,157.142,157.537,28583.37
2025.01.14 01:00:00,157.537,158.027,157.032,157.435,35200.09
2025.01.14 02:00:00,157.435,157.73,157.435,157.69,19994.07
2025.01.14 03:00:00,157.69,157.751,157.525,157.555,13083.68
2025.01.14 04:00:00,157.555,157.581,157.462,157.484,6797.1
2025.01.14 05:00:00,157.485,157.718,157.36,157.58,18969.28
2025.01.14 06:00:00,157.58,157.695,157.456,157.481,15554.38
2025.01.14 07:00:00,157.48,157.551,157.295,157.524,30695.42
2025.01.14 08:00:00,157.524,157.73,157.388,157.694,32585.11
2025.01.14 09:00:00,157.697,158.028,157.679,157.937,35114.46
2025.01.14 10:00:00,157.937,157.982,157.829,157.83,18794.75
2025.01.14 11:00:00,157.831,157.954,157.831,157.937,14650
2025.01.14 12:00:00,157.938,158.13,157.84,157.859,26865.02
2025.01.14 13:00:00,157.859,157.923,157.384,157.774,44281.84
2025.01.14 14:00:00,157.776,157.916,157.619,157.803,46271.75
2025.01.14 15:00:00,157.806,158.151,157.745,157.962,42849.84
2025.01.14 16:00:00,157.965,158.075,157.831,157.952,37167.41
2025.01.14 17:00:00,157.952,158.195,157.904,158.13,22156.41
2025.01.14 18:00:00,158.131,158.139,157.977,158.005,13339.65
2025.01.14 19:00:00,158.006,158.072,157.907,157.939,13952.65
2025.01.14 20:00:00,157.939,157.985,157.868,157.981,12388.41
2025.01.14 21:00:00,157.981,158.019,157.914,157.914,6662.64
2025.01.14 22:00:00,157.9,157.979,157.881,157.921,1167.12
2025.01.14 23:00:00,157.921,158.066,157.905,158.045,4291.23
2025.01.15 00:00:00,158.053,158.082,157.894,157.973,19984.59
2025.01.15 01:00:00,157.975,158.034,157.826,157.899,16077.47
2025.01.15 02:00:00,157.898,157.973,157.877,157.943,11712.5
2025.01.15 03:00:00,157.945,157.953,157.84,157.886,11905.82
2025.01.15 04:00:00,157.886,157.933,157.585,157.603,18045.27
2025.01.15 05:00:00,157.601,157.601,157.194,157.317,22585.33
2025.01.15 06:00:00,157.317,157.441,157.282,157.341,15891.9
2025.01.15 07:00:00,157.342,157.343,156.84,156.882,28065.07
2025.01.15 08:00:00,156.882,157.208,156.718,157.11,31520.26
2025.01.15 09:00:00,157.11,157.125,156.708,156.864,29770.05
2025.01.15 10:00:00,156.866,156.924,156.747,156.789,24089.04
2025.01.15 11:00:00,156.789,157.057,156.715,157.011,19994.01
2025.01.15 12:00:00,157.012,157.051,156.855,156.977,19189.07
2025.01.15 13:00:00,156.977,157.086,156.25,156.395,48855.79
2025.01.15 14:00:00,156.398,156.46,155.935,156.282,58620.42
2025.01.15 15:00:00,156.281,156.525,156.076,156.289,42521.71
2025.01.15 16:00:00,156.29,156.732,156.285,156.599,35061.65
2025.01.15 17:00:00,156.599,156.607,156.48,156.55,20439.16
2025.01.15 18:00:00,156.549,156.572,156.401,156.495,16216.15
2025.01.15 19:00:00,156.496,156.563,156.432,156.461,14143.2
2025.01.15 20:00:00,156.462,156.507,156.405,156.441,11628.19
2025.01.15 21:00:00,156.441,156.551,156.431,156.435,5919.8
2025.01.15 22:00:00,156.421,156.438,156.308,156.348,1739.79
2025.01.15 23:00:00,156.348,156.405,156.215,156.219,6153.51
2025.01.16 00:00:00,156.218,156.528,156.167,156.185,19237.72
2025.01.16 01:00:00,156.184,156.184,155.479,155.55,41090.58
2025.01.16 02:00:00,155.549,155.774,155.206,155.729,34801.04
2025.01.16 03:00:00,155.727,155.855,155.705,155.774,21685.97
2025.01.16 04:00:00,155.775,155.969,155.603,155.951,16275.07
2025.01.16 05:00:00,155.951,156.117,155.944,156.113,17509.37
2025.01.16 06:00:00,156.112,156.31,156.03,156.096,22031.08
2025.01.16 07:00:00,156.097,156.24,156.024,156.184,20295.28
2025.01.16 08:00:00,156.183,156.233,155.857,155.895,18055.93
2025.01.16 09:00:00,155.896,155.932,155.609,155.68,15189.42
2025.01.16 10:00:00,155.681,155.765,155.63,155.663,10076.61
2025.01.16 11:00:00,155.662,155.873,155.646,155.781,11771.82
2025.01.16 12:00:00,155.782,156.199,155.78,156.106,11789.68
2025.01.16 13:00:00,156.107,156.362,155.844,155.902,36654.59
2025.01.16 14:00:00,155.909,156.175,155.896,156.127,42552.7
2025.01.16 15:00:00,156.126,156.194,155.387,155.425,53442.74
2025.01.16 16:00:00,155.423,155.551,155.1,155.438,48733.56
2025.01.16 17:00:00,155.437,155.509,155.171,155.266,34020.66
2025.01.16 18:00:00,155.266,155.384,155.146,155.35,18599.77
2025.01.16 19:00:00,155.351,155.374,155.166,155.291,13507.65
2025.01.16 20:00:00,155.291,155.315,155.169,155.202,12830.59
2025.01.16 21:00:00,155.202,155.234,155.096,155.1,4583.79
2025.01.16 22:00:00,155.125,155.2,155.086,155.158,1010.82
2025.01.16 23:00:00,155.158,155.4,155.157,155.364,5890.63
2025.01.17 00:00:00,155.363,155.48,154.977,155.183,26822.41
2025.01.17 01:00:00,155.185,155.37,155.141,155.211,23238.41
2025.01.17 02:00:00,155.211,155.463,155.158,155.431,17180.71
2025.01.17 03:00:00,155.432,155.462,155.346,155.443,15299.15
2025.01.17 04:00:00,155.442,155.494,155.365,155.386,12875.73
2025.01.17 05:00:00,155.387,155.687,155.362,155.563,17735.77
2025.01.17 06:00:00,155.562,155.737,155.519,155.641,15613.43
2025.01.17 07:00:00,155.638,155.771,155.527,155.615,21636.96
2025.01.17 08:00:00,155.615,155.722,155.407,155.702,23811.8
2025.01.17 09:00:00,155.703,155.847,155.408,155.734,26332.24
2025.01.17 10:00:00,155.734,155.783,155.607,155.772,16360.59
2025.01.17 11:00:00,155.772,155.801,155.634,155.692,17227.23
2025.01.17 12:00:00,155.693,155.751,155.587,155.718,20724.36
2025.01.17 13:00:00,155.719,155.719,155.554,155.685,27005.46
2025.01.17 14:00:00,155.685,156.192,155.651,156.043,42791.75
2025.01.17 15:00:00,156.043,156.137,155.776,156.105,40742.15
2025.01.17 16:00:00,156.105,156.372,156.1,156.303,34184.43
2025.01.17 17:00:00,156.304,156.34,156.224,156.257,21372.35
2025.01.17 18:00:00,156.26,156.286,156.124,156.186,15945.36
2025.01.17 19:00:00,156.185,156.228,156.128,156.144,13526.45
2025.01.17 20:00:00,156.142,156.192,156.103,156.146,10709.75
2025.01.17 21:00:00,156.145,156.311,156.123,156.241,5053.18
2025.01.19 22:00:00,156.187,156.351,156.154,156.283,2298.96
2025.01.19 23:00:00,156.278,156.58,156.225,156.306,8127
2025.01.20 00:00:00,156.313,156.358,155.98,155.981,19524.45
2025.01.20 01:00:00,155.982,156.106,155.86,155.921,19442.15
2025.01.20 02:00:00,155.92,156.047,155.885,155.935,13551.08
2025.01.20 03:00:00,155.936,155.964,155.707,155.739,10293.55
2025.01.20 04:00:00,155.739,156.025,155.729,155.97,10643.39
2025.01.20 05:00:00,155.969,156.063,155.892,156.058,14093.93
2025.01.20 06:00:00,156.058,156.196,156.011,156.194,16322.03
2025.01.20 07:00:00,156.195,156.281,155.959,155.99,21459.52
2025.01.20 08:00:00,155.99,156.182,155.95,156.153,21966.03
2025.01.20 09:00:00,156.153,156.362,156.13,156.28,19845.38
2025.01.20 10:00:00,156.283,156.404,156.23,156.372,16578.61
2025.01.20 11:00:00,156.371,156.456,156.315,156.341,14289.24
2025.01.20 12:00:00,156.341,156.456,156.28,156.374,18931.93
2025.01.20 13:00:00,156.376,156.46,155.717,155.719,23716.34
2025.01.20 14:00:00,155.72,155.911,155.415,155.544,30978.16
2025.01.20 15:00:00,155.545,155.927,155.523,155.687,16689.4
2025.01.20 16:00:00,155.687,155.722,155.596,155.678,8829.6
2025.01.20 17:00:00,155.678,156.056,155.623,155.824,12513.95
2025.01.20 18:00:00,155.821,155.895,155.69,155.693,4389.61
2025.01.20 19:00:00,155.689,155.774,155.591,155.633,6227.88
2025.01.20 20:00:00,155.637,155.639,155.491,155.604,5291.16
2025.01.20 21:00:00,155.606,155.714,155.508,155.629,8899.3
2025.01.20 22:00:00,155.449,155.646,155.449,155.634,1023.13
2025.01.20 23:00:00,155.628,155.648,155.159,155.271,8603.56
2025.01.21 00:00:00,155.272,156.232,154.9,156.017,21406.83
2025.01.21 01:00:00,156.016,156.19,155.462,155.539,22220.46
2025.01.21 02:00:00,155.539,155.575,154.948,155.133,17583.11
2025.01.21 03:00:00,155.134,155.24,154.772,155.182,15305.37
2025.01.21 04:00:00,155.183,155.187,154.951,155.062,10201.33
2025.01.21 05:00:00,155.063,155.323,155,155.316,9805.93
2025.01.21 06:00:00,155.317,155.55,155.317,155.515,10263.16
2025.01.21 07:00:00,155.514,155.75,155.494,155.674,11074.62
2025.01.21 08:00:00,155.676,155.769,155.61,155.74,9306.54
2025.01.21 09:00:00,155.739,155.952,155.701,155.895,13379.36
2025.01.21 10:00:00,155.895,156.003,155.805,155.976,8338.76
2025.01.21 11:00:00,155.982,156.05,155.871,155.908,8022.42
2025.01.21 12:00:00,155.908,155.949,155.71,155.82,9028.51
2025.01.21 13:00:00,155.819,155.837,155.457,155.488,10358.19
2025.01.21 14:00:00,155.485,155.667,155.33,155.58,16808.74
2025.01.21 15:00:00,155.581,155.73,155.248,155.326,21389.11
2025.01.21 16:00:00,155.327,155.571,155.303,155.493,11909.36
2025.01.21 17:00:00,155.492,155.578,155.415,155.572,7750.37
2025.01.21 18:00:00,155.573,155.593,155.425,155.506,5959.95
2025.01.21 19:00:00,155.507,155.584,155.471,155.554,5359.13
2025.01.21 20:00:00,155.552,155.592,155.516,155.516,2611.3
2025.01.21 21:00:00,155.517,155.556,155.464,155.471,1891.35
2025.01.21 22:00:00,155.397,155.504,155.382,155.444,2570.16
2025.01.21 23:00:00,155.445,155.826,155.44,155.74,8223.06
2025.01.22 00:00:00,155.74,155.762,155.35,155.423,13073.82
2025.01.22 01:00:00,155.425,155.715,155.402,155.683,11340.38
2025.01.22 02:00:00,155.684,155.761,155.63,155.738,7233.13
2025.01.22 03:00:00,155.737,155.958,155.676,155.921,6413.79
2025.01.22 04:00:00,155.922,155.925,155.713,155.79,5969.07
2025.01.22 05:00:00,155.79,155.953,155.785,155.829,5588.2
2025.01.22 06:00:00,155.83,155.972,155.679,155.882,8806.08
2025.01.22 07:00:00,155.883,156.071,155.797,156.045,9289.2
2025.01.22 08:00:00,156.044,156.113,155.547,155.721,17876.87
2025.01.22 09:00:00,155.719,155.822,155.649,155.669,9032.48
2025.01.22 10:00:00,155.668,155.782,155.629,155.762,7708.01
2025.01.22 11:00:00,155.762,155.897,155.712,155.871,5867.14
2025.01.22 12:00:00,155.877,156.052,155.803,155.81,7535.31
2025.01.22 13:00:00,155.81,155.969,155.741,155.89,10296.79
2025.01.22 14:00:00,155.89,156.186,155.81,156.152,13038.74
2025.01.22 15:00:00,156.149,156.423,156.046,156.398,14601.25
2025.01.22 16:00:00,156.397,156.643,156.375,156.618,9826.81
2025.01.22 17:00:00,156.616,156.706,156.558,156.614,7450.64
2025.01.22 18:00:00,156.613,156.628,156.499,156.574,6120.24
2025.01.22 19:00:00,156.574,156.585,156.471,156.517,4900.91
2025.01.22 20:00:00,156.517,156.56,156.445,156.544,5905.82
2025.01.22 21:00:00,156.545,156.588,156.494,156.494,3269.63
2025.01.22 22:00:00,156.41,156.449,156.392,156.415,740.85
2025.01.22 23:00:00,156.406,156.515,156.377,156.431,3321.13
2025.01.23 00:00:00,156.431,156.454,156.31,156.39,9417.67
2025.01.23 01:00:00,156.39,156.56,156.282,156.547,8370.88
2025.01.23 02:00:00,156.547,156.605,156.448,156.49,8874.29
2025.01.23 03:00:00,156.491,156.555,156.478,156.499,6076.43
2025.01.23 04:00:00,156.498,156.612,156.473,156.587,4607.34
2025.01.23 05:00:00,156.586,156.751,156.585,156.702,9005.7
2025.01.23 06:00:00,156.701,156.72,156.482,156.603,8326.69
2025.01.23 07:00:00,156.605,156.687,156.521,156.606,9721.98
2025.01.23 08:00:00,156.605,156.63,156.449,156.485,9173.47
2025.01.23 09:00:00,156.484,156.547,156.348,156.377,9259.67
2025.01.23 10:00:00,156.38,156.402,156.203,156.398,7911.66
2025.01.23 11:00:00,156.399,156.555,156.363,156.547,6731.43
2025.01.23 12:00:00,156.547,156.595,156.369,156.398,6547.81
2025.01.23 13:00:00,156.398,156.419,156.101,156.205,13778.83
2025.01.23 14:00:00,156.202,156.4,156.134,156.248,10843.98
2025.01.23 15:00:00,156.244,156.473,156.146,156.163,11436.02
2025.01.23 16:00:00,156.163,156.392,155.859,156.003,21801.91
2025.01.23 17:00:00,156.004,156.127,155.877,155.913,7532.46
2025.01.23 18:00:00,155.913,155.997,155.873,155.993,7128.34
2025.01.23 19:00:00,155.994,156.034,155.742,155.803,5800.78
2025.01.23 20:00:00,155.801,155.969,155.752,155.968,5995.66
2025.01.23 21:00:00,155.974,156.061,155.949,156.023,2447.6
2025.01.23 22:00:00,156.02,156.03,155.978,156.025,758.94
2025.01.23 23:00:00,156.027,156.176,155.952,156.135,4269.29
2025.01.24 00:00:00,156.133,156.275,156.003,156.243,10334.98
2025.01.24 01:00:00,156.242,156.351,156.135,156.307,7312.67
2025.01.24 02:00:00,156.313,156.371,155.89,155.976,14550.42
2025.01.24 03:00:00,155.976,156.407,155.424,155.476,19388.53
2025.01.24 04:00:00,155.474,155.509,155.002,155.226,17097.12
2025.01.24 05:00:00,155.226,155.465,155.101,155.355,12426.1
2025.01.24 06:00:00,155.353,155.719,154.837,155.352,18972.49
2025.01.24 07:00:00,155.36,155.638,155.217,155.384,20408.86
2025.01.24 08:00:00,155.382,155.448,154.937,155.38,17274.7
2025.01.24 09:00:00,155.377,155.624,155.115,155.582,15842.41
2025.01.24 10:00:00,155.583,155.961,155.547,155.905,10231.33
2025.01.24 11:00:00,155.906,156.105,155.9,156.096,9677.99
2025.01.24 12:00:00,156.098,156.468,156.063,156.456,11280.41
2025.01.24 13:00:00,156.456,156.575,156.24,156.318,16398.61
2025.01.24 14:00:00,156.32,156.481,156.094,156.3,19815.78
2025.01.24 15:00:00,156.301,156.388,155.627,155.726,22019.99
2025.01.24 16:00:00,155.727,155.81,155.577,155.583,14746.53
2025.01.24 17:00:00,155.585,155.754,155.513,155.742,7322.7
2025.01.24 18:00:00,155.745,156.022,155.725,155.935,5883.32
2025.01.24 19:00:00,155.934,155.959,155.776,155.815,4766.51
2025.01.24 20:00:00,155.82,155.981,155.816,155.902,4218.35
2025.01.24 21:00:00,155.903,156.006,155.866,155.92,2573.62
2025.01.26 22:00:00,155.675,155.798,155.662,155.764,891.18
2025.01.26 23:00:00,155.771,155.831,155.569,155.72,8620.67
2025.01.27 00:00:00,155.719,155.842,155.39,155.528,16157.36
2025.01.27 01:00:00,155.529,155.599,155.287,155.479,19431.76
2025.01.27 02:00:00,155.48,155.663,155.414,155.632,10769.4
2025.01.27 03:00:00,155.632,155.875,155.616,155.793,11290.09
2025.01.27 04:00:00,155.794,156.055,155.786,156.013,9092.72
2025.01.27 05:00:00,156.017,156.092,155.934,156.06,10787.8
2025.01.27 06:00:00,156.06,156.244,155.973,155.989,12924.85
2025.01.27 07:00:00,155.989,155.993,155.68,155.878,18942.85
2025.01.27 08:00:00,155.88,155.908,155.047,155.13,17927.46
2025.01.27 09:00:00,155.129,155.186,154.462,154.598,26578.17
2025.01.27 10:00:00,154.598,154.598,153.737,153.969,29385.97
2025.01.27 11:00:00,153.967,154.084,153.71,153.962,26309.86
2025.01.27 12:00:00,153.959,154.227,153.863,154.038,20428.26
2025.01.27 13:00:00,154.039,154.457,153.898,154.199,27628.23
2025.01.27 14:00:00,154.203,154.389,153.95,154.36,22960.93
2025.01.27 15:00:00,154.359,154.68,154.228,154.342,23594.39
2025.01.27 16:00:00,154.342,154.418,154.1,154.227,16456.58
2025.01.27 17:00:00,154.228,154.427,154.17,154.292,13530.96
2025.01.27 18:00:00,154.293,154.588,154.222,154.428,11784.16
2025.01.27 19:00:00,154.428,154.718,154.428,154.542,10236.48
2025.01.27 20:00:00,154.541,154.697,154.53,154.58,7912.94
2025.01.27 21:00:00,154.579,154.658,154.454,154.494,3319.75
2025.01.27 22:00:00,154.49,154.546,154.442,154.525,1130.3
2025.01.27 23:00:00,154.541,154.98,154.51,154.914,15759.3
2025.01.28 00:00:00,154.912,155.156,154.793,155.142,21388.13
2025.01.28 01:00:00,155.142,155.632,155.119,155.483,16297.74
2025.01.28 02:00:00,155.483,155.669,155.396,155.547,20124.7
2025.01.28 03:00:00,155.548,155.741,155.486,155.733,12777.44
2025.01.28 04:00:00,155.732,155.945,155.718,155.786,11689.79
2025.01.28 05:00:00,155.786,155.829,155.649,155.7,8877.89
2025.01.28 06:00:00,155.701,155.842,155.517,155.771,13082.86
2025.01.28 07:00:00,155.771,155.976,155.668,155.864,12329.34
2025.01.28 08:00:00,155.864,155.93,155.548,155.73,16881.65
2025.01.28 09:00:00,155.729,155.818,155.251,155.445,15306.55
2025.01.28 10:00:00,155.446,155.496,155.203,155.471,7853.43
2025.01.28 11:00:00,155.473,155.493,155.244,155.435,6565.39
2025.01.28 12:00:00,155.434,155.482,155.25,155.274,9474.29
2025.01.28 13:00:00,155.275,155.563,155.211,155.486,13897.96
2025.01.28 14:00:00,155.486,155.562,155.048,155.275,16989.85
2025.01.28 15:00:00,155.275,155.741,155.206,155.714,17517.6
2025.01.28 16:00:00,155.715,155.757,155.579,155.655,13181.19
2025.01.28 17:00:00,155.652,155.697,155.55,155.605,5616.76
2025.01.28 18:00:00,155.602,155.68,155.518,155.678,6781
2025.01.28 19:00:00,155.678,155.723,155.505,155.532,4393.83
2025.01.28 20:00:00,155.532,155.598,155.49,155.518,5051.09
2025.01.28 21:00:00,155.519,155.559,155.49,155.49,4219.89
2025.01.28 22:00:00,155.49,155.527,155.464,155.519,202.62
2025.01.28 23:00:00,155.537,155.607,155.502,155.56,2946.77
2025.01.29 00:00:00,155.563,155.647,155.428,155.63,10068.51
2025.01.29 01:00:00,155.628,155.787,155.587,155.71,8788.25
2025.01.29 02:00:00,155.711,155.779,155.587,155.624,8002.4
2025.01.29 03:00:00,155.623,155.623,155.321,155.423,10355.07
2025.01.29 04:00:00,155.423,155.429,155.225,155.294,8426.36
2025.01.29 05:00:00,155.295,155.299,155.001,155.012,9045.19
2025.01.29 06:00:00,155.016,155.312,154.999,155.22,9559.28
2025.01.29 07:00:00,155.226,155.404,155.136,155.285,11819.08
2025.01.29 08:00:00,155.292,155.335,155.007,155.149,12534.75
2025.01.29 09:00:00,155.149,155.36,155.087,155.342,11059.52
2025.01.29 10:00:00,155.34,155.453,155.316,155.384,8606.3
2025.01.29 11:00:00,155.383,155.518,155.322,155.417,7444.59
2025.01.29 12:00:00,155.417,155.494,155.322,155.36,9084.02
2025.01.29 13:00:00,155.36,155.464,155.252,155.421,12206.52
2025.01.29 14:00:00,155.42,155.443,155.172,155.191,9599.07
2025.01.29 15:00:00,155.193,155.322,154.937,155.007,17405.21
2025.01.29 16:00:00,155.007,155.24,154.97,155.221,13688.61
2025.01.29 17:00:00,155.222,155.23,155.05,155.053,8434.06
2025.01.29 18:00:00,155.053,155.167,155.001,155.136,7709.71
2025.01.29 19:00:00,155.138,155.608,155.086,155.241,35401.3
2025.01.29 20:00:00,155.241,155.386,155.097,155.352,16017.51
2025.01.29 21:00:00,155.353,155.375,155.183,155.183,8454.41
2025.01.29 22:00:00,155.183,155.228,155.136,155.177,625.47
2025.01.29 23:00:00,155.175,155.233,155.031,155.176,9707.56
2025.01.30 00:00:00,155.174,155.203,154.673,154.717,15607.45
2025.01.30 01:00:00,154.721,154.721,154.457,154.639,12943.86
2025.01.30 02:00:00,154.639,154.657,154.28,154.373,14948.68
2025.01.30 03:00:00,154.376,154.545,154.31,154.527,10035.23
2025.01.30 04:00:00,154.528,154.679,154.479,154.597,7163.64
2025.01.30 05:00:00,154.598,154.633,154.415,154.481,8278.64
2025.01.30 06:00:00,154.481,154.73,154.354,154.431,9175.05
2025.01.30 07:00:00,154.432,154.634,154.365,154.496,8105.79
2025.01.30 08:00:00,154.5,154.647,154.432,154.48,12276.37
2025.01.30 09:00:00,154.475,154.59,154.315,154.448,15361.55
2025.01.30 10:00:00,154.446,154.534,154.352,154.495,9202.34
2025.01.30 11:00:00,154.495,154.6,154.42,154.591,15001.26
2025.01.30 12:00:00,154.59,154.593,154.093,154.151,11906.73
2025.01.30 13:00:00,154.151,154.264,153.832,153.904,25582.93
2025.01.30 14:00:00,153.905,154.223,153.843,154.055,26580
2025.01.30 15:00:00,154.052,154.149,153.788,154.132,18137.95
2025.01.30 16:00:00,154.134,154.475,154.072,154.422,13316.11
2025.01.30 17:00:00,154.422,154.446,154.258,154.293,9909.44
2025.01.30 18:00:00,154.292,154.492,154.292,154.379,8037.21
2025.01.30 19:00:00,154.379,154.379,154.083,154.11,8619.91
2025.01.30 20:00:00,154.11,154.452,153.994,154.252,14326.67
2025.01.30 21:00:00,154.254,154.455,154.181,154.279,8221.35
2025.01.30 22:00:00,154.276,154.276,154.103,154.2,632.28
2025.01.30 23:00:00,154.214,154.499,154.06,154.086,7767.8
2025.01.31 00:00:00,154.088,154.36,154.015,154.305,14315.9
2025.01.31 01:00:00,154.307,154.314,153.91,154.088,18558.87
2025.01.31 02:00:00,154.089,154.215,153.929,154.173,14395.29
2025.01.31 03:00:00,154.174,154.423,154.151,154.354,11737.32
2025.01.31 04:00:00,154.355,154.441,154.311,154.437,10759.88
2025.01.31 05:00:00,154.437,154.875,154.432,154.717,15178.58
2025.01.31 06:00:00,154.717,154.933,154.64,154.689,14198.34
2025.01.31 07:00:00,154.689,154.763,154.578,154.65,11729.75
2025.01.31 08:00:00,154.653,154.809,154.552,154.589,12034.9
2025.01.31 09:00:00,154.588,154.716,154.48,154.716,12440.43
2025.01.31 10:00:00,154.715,154.78,154.671,154.675,7931.42
2025.01.31 11:00:00,154.677,154.85,154.603,154.84,7686.76
2025.01.31 12:00:00,154.841,154.89,154.755,154.826,7561.06
2025.01.31 13:00:00,154.826,155.018,154.735,154.796,17403.65
2025.01.31 14:00:00,154.796,154.973,154.555,154.62,15778.58
2025.01.31 15:00:00,154.619,154.872,154.526,154.82,21923.42
2025.01.31 16:00:00,154.823,155.003,154.804,154.916,14434.92
2025.01.31 17:00:00,154.915,154.971,154.661,154.761,21647
2025.01.31 18:00:00,154.759,155.217,154.754,155.136,17978.81
2025.01.31 19:00:00,155.137,155.199,154.99,155.138,8619.64
2025.01.31 20:00:00,155.138,155.206,155.086,155.089,10976.67
2025.01.31 21:00:00,155.088,155.213,155.017,155.182,32962.61
2025.02.02 22:00:00,154.771,155.098,154.755,155.009,4313.38
2025.02.02 23:00:00,155.002,155.43,154.879,155.344,18737.18
2025.02.03 00:00:00,155.358,155.799,155.343,155.699,24332.37
2025.02.03 01:00:00,155.698,155.882,155.644,155.704,18630.34
2025.02.03 02:00:00,155.704,155.873,155.467,155.54,17430.11
2025.02.03 03:00:00,155.54,155.758,155.49,155.649,10956.81
2025.02.03 04:00:00,155.65,155.745,155.566,155.714,13823.91
2025.02.03 05:00:00,155.714,155.714,155.459,155.573,10520.49
2025.02.03 06:00:00,155.573,155.611,155.279,155.377,13296.82
2025.02.03 07:00:00,155.384,155.662,155.381,155.621,14807.9
2025.02.03 08:00:00,155.623,155.713,155.347,155.453,16734.72
2025.02.03 09:00:00,155.454,155.47,154.998,154.999,13403.6
2025.02.03 10:00:00,155.003,155.13,154.83,154.937,10862.53
2025.02.03 11:00:00,154.937,154.962,154.595,154.606,12344
2025.02.03 12:00:00,154.607,154.619,154.284,154.566,16609.3
2025.02.03 13:00:00,154.568,154.834,154.397,154.646,16561.78
2025.02.03 14:00:00,154.647,154.744,154.376,154.518,23949.5
2025.02.03 15:00:00,154.517,154.86,154.004,154.723,45272.61
2025.02.03 16:00:00,154.721,154.863,154.54,154.688,25006.66
2025.02.03 17:00:00,154.685,154.722,154.516,154.651,17403.25
2025.02.03 18:00:00,154.653,155.007,154.571,154.953,11772.38
2025.02.03 19:00:00,154.956,154.997,154.827,154.896,10354.59
2025.02.03 20:00:00,154.894,154.899,154.652,154.709,8137.49
2025.02.03 21:00:00,154.715,154.918,154.543,154.689,9853.18
2025.02.03 22:00:00,154.677,154.882,154.657,154.783,3737.85
2025.02.03 23:00:00,154.786,155.293,154.77,155.268,9465.44
2025.02.04 00:00:00,155.263,155.401,155.181,155.309,12435.18
2025.02.04 01:00:00,155.31,155.396,155.044,155.107,12436.08
2025.02.04 02:00:00,155.112,155.251,155.037,155.149,10255.24
2025.02.04 03:00:00,155.15,155.302,155.066,155.208,6169.22
2025.02.04 04:00:00,155.208,155.285,155.183,155.28,5755.3
2025.02.04 05:00:00,155.28,155.333,154.823,155.247,16965.52
2025.02.04 06:00:00,155.248,155.388,155.158,155.219,10510.06
2025.02.04 07:00:00,155.22,155.356,155.166,155.324,9232.37
2025.02.04 08:00:00,155.324,155.521,155.128,155.243,15179.76
2025.02.04 09:00:00,155.244,155.353,155.066,155.339,11476.16
2025.02.04 10:00:00,155.339,155.361,155.242,155.27,8445.34
2025.02.04 11:00:00,155.266,155.334,155.142,155.312,6807.62
2025.02.04 12:00:00,155.313,155.393,155.237,155.275,8288.64
2025.02.04 13:00:00,155.278,155.384,155.242,155.26,10381.19
2025.02.04 14:00:00,155.259,155.261,154.954,155.026,15437.14
2025.02.04 15:00:00,155.005,155.035,154.534,154.673,22284.6
2025.02.04 16:00:00,154.671,154.671,154.464,154.558,13405.5
2025.02.04 17:00:00,154.557,154.624,154.249,154.267,14145.76
2025.02.04 18:00:00,154.266,154.332,154.171,154.299,8297.87
2025.02.04 19:00:00,154.297,154.334,154.226,154.285,7748.21
2025.02.04 20:00:00,154.285,154.318,154.235,154.261,4917.32
2025.02.04 21:00:00,154.262,154.343,154.233,154.325,2932.17
2025.02.04 22:00:00,154.325,154.386,154.297,154.349,763.81
2025.02.04 23:00:00,154.349,154.458,154.03,154.131,6918.96
2025.02.05 00:00:00,154.132,154.355,153.822,153.85,15865.49
2025.02.05 01:00:00,153.848,153.85,153.467,153.602,20585.65
2025.02.05 02:00:00,153.6,153.638,153.169,153.387,20128.14
2025.02.05 03:00:00,153.389,153.462,153.087,153.217,13160.08
2025.02.05 04:00:00,153.215,153.388,153.111,153.358,10839.32
2025.02.05 05:00:00,153.357,153.565,153.348,153.421,9352.69
2025.02.05 06:00:00,153.427,153.449,153.16,153.187,8332.05
2025.02.05 07:00:00,153.187,153.364,153.074,153.301,12404.37
2025.02.05 08:00:00,153.301,153.389,152.913,153.055,15898.72
2025.02.05 09:00:00,153.058,153.132,152.642,152.838,15278.4
2025.02.05 10:00:00,152.839,152.84,152.551,152.638,9736.88
2025.02.05 11:00:00,152.639,152.884,152.623,152.87,7681.4
2025.02.05 12:00:00,152.875,152.946,152.739,152.861,7738.67
2025.02.05 13:00:00,152.862,153.107,152.743,153.042,19426.51
2025.02.05 14:00:00,153.043,153.204,152.772,152.786,15869.83
2025.02.05 15:00:00,152.786,152.786,152.109,152.136,26851.79
2025.02.05 16:00:00,152.136,152.381,152.11,152.334,16484.69
2025.02.05 17:00:00,152.334,152.44,152.252,152.288,7994.63
2025.02.05 18:00:00,152.29,152.406,152.243,152.316,5974.62
2025.02.05 19:00:00,152.316,152.541,152.309,152.522,5875.35
2025.02.05 20:00:00,152.52,152.765,152.52,152.691,8817.85
2025.02.05 21:00:00,152.69,152.708,152.577,152.597,3757.99
2025.02.05 22:00:00,152.592,152.592,152.505,152.559,1202.97
2025.02.05 23:00:00,152.58,152.751,152.461,152.65,4289.9
2025.02.06 00:00:00,152.648,152.684,152.327,152.353,12441.39
2025.02.06 01:00:00,152.353,152.381,151.81,152.023,13745.36
2025.02.06 02:00:00,152.021,152.298,151.932,152.254,14836.14
2025.02.06 03:00:00,152.259,152.285,152.052,152.234,8238.39
2025.02.06 04:00:00,152.235,152.354,152.126,152.347,5881.37
2025.02.06 05:00:00,152.35,152.51,152.164,152.418,11152.47
2025.02.06 06:00:00,152.417,152.587,152.4,152.559,7554.37
2025.02.06 07:00:00,152.56,152.67,152.488,152.579,11951.34
2025.02.06 08:00:00,152.58,152.698,152.449,152.639,11580.3
2025.02.06 09:00:00,152.639,152.897,152.538,152.659,10627.83
2025.02.06 10:00:00,152.66,152.681,152.506,152.531,8963.78
2025.02.06 11:00:00,152.537,152.543,152.361,152.429,9121.35
2025.02.06 12:00:00,152.428,152.467,152.264,152.377,13572.86
2025.02.06 13:00:00,152.378,152.526,152.053,152.079,16646.94
2025.02.06 14:00:00,152.075,152.215,151.857,152.108,17926.13
2025.02.06 15:00:00,152.108,152.152,151.658,151.687,17721.41
2025.02.06 16:00:00,151.689,152.043,151.667,152.041,15999.89
2025.02.06 17:00:00,152.042,152.061,151.85,151.867,7968.07
2025.02.06 18:00:00,151.871,151.878,151.309,151.328,13103.89
2025.02.06 19:00:00,151.328,151.432,151.235,151.384,10742.83
2025.02.06 20:00:00,151.385,151.534,151.355,151.528,5580.75
2025.02.06 21:00:00,151.527,151.534,151.334,151.334,3000.51
2025.02.06 22:00:00,151.322,151.471,151.319,151.431,843.3
2025.02.06 23:00:00,151.443,151.445,151.152,151.166,5517.8
2025.02.07 00:00:00,151.167,151.265,150.957,151.213,14385.18
2025.02.07 01:00:00,151.213,151.66,151.211,151.574,13496.21
2025.02.07 02:00:00,151.574,151.737,151.541,151.602,13252.74
2025.02.07 03:00:00,151.601,151.732,151.444,151.581,9375.51
2025.02.07 04:00:00,151.58,151.712,151.541,151.674,7363.63
2025.02.07 05:00:00,151.675,151.79,151.614,151.717,8323.15
2025.02.07 06:00:00,151.718,151.836,151.588,151.834,7011.44
2025.02.07 07:00:00,151.834,151.885,151.665,151.823,9804.12
2025.02.07 08:00:00,151.824,151.889,151.667,151.74,10873.45
2025.02.07 09:00:00,151.74,151.832,151.696,151.822,9105.06
2025.02.07 10:00:00,151.822,152.16,151.8,152.134,9578.33
2025.02.07 11:00:00,152.135,152.182,152.069,152.154,6731.21
2025.02.07 12:00:00,152.152,152.244,151.982,152.01,8984.07
2025.02.07 13:00:00,152.007,152.421,151.311,151.95,29600.47
2025.02.07 14:00:00,151.949,151.999,151.481,151.523,27622.79
2025.02.07 15:00:00,151.524,151.759,151.272,151.385,33700.48
2025.02.07 16:00:00,151.386,151.561,150.927,151.302,33177.08
2025.02.07 17:00:00,151.302,151.844,151.261,151.662,28601.14
2025.02.07 18:00:00,151.663,151.738,151.349,151.385,13169.97
2025.02.07 19:00:00,151.384,151.526,151.199,151.379,15394.19
2025.02.07 20:00:00,151.377,151.427,151.251,151.301,11142.38
2025.02.07 21:00:00,151.3,151.451,151.269,151.377,6952.15
2025.02.09 22:00:00,151.198,151.562,151.156,151.528,2555.4
2025.02.09 23:00:00,151.528,151.88,151.46,151.872,9155.95
2025.02.10 00:00:00,151.875,151.917,151.623,151.872,14431.36
2025.02.10 01:00:00,151.871,152.136,151.867,152.007,13611.11
2025.02.10 02:00:00,152.006,152.209,151.911,152.144,13985.5
2025.02.10 03:00:00,152.146,152.146,151.88,151.919,9141.24
2025.02.10 04:00:00,151.918,151.967,151.822,151.903,6509.96
2025.02.10 05:00:00,151.902,152.045,151.901,151.95,7703.34
2025.02.10 06:00:00,151.949,151.965,151.767,151.892,8364.08
2025.02.10 07:00:00,151.892,152.187,151.867,152.167,11207.78
2025.02.10 08:00:00,152.167,152.536,152.125,152.387,15270.95
2025.02.10 09:00:00,152.387,152.407,152.165,152.194,9452.02
2025.02.10 10:00:00,152.193,152.303,152.069,152.087,6968.8
2025.02.10 11:00:00,152.087,152.193,152.009,152.119,7699.96
2025.02.10 12:00:00,152.119,152.243,152.029,152.063,9835.8
2025.02.10 13:00:00,152.063,152.084,151.801,151.862,12458.46
2025.02.10 14:00:00,151.861,151.862,151.585,151.635,13929.4
2025.02.10 15:00:00,151.636,151.692,151.567,151.607,12147.65
2025.02.10 16:00:00,151.605,151.789,151.573,151.721,8240.77
2025.02.10 17:00:00,151.721,151.917,151.707,151.863,6831.55
2025.02.10 18:00:00,151.863,152.068,151.858,152.034,5345.6
2025.02.10 19:00:00,152.034,152.059,151.949,151.975,6247.66
2025.02.10 20:00:00,151.975,152.03,151.946,151.949,5540.89
2025.02.10 21:00:00,151.948,152.007,151.917,151.985,3188.91
2025.02.10 22:00:00,151.984,151.984,151.872,151.877,1352.4
2025.02.10 23:00:00,151.888,151.959,151.751,151.788,4384.02
2025.02.11 00:00:00,151.786,151.884,151.683,151.803,7120.12
2025.02.11 01:00:00,151.803,152.06,151.797,152.014,10543.12
2025.02.11 02:00:00,152.015,152.035,151.921,151.969,9994.06
2025.02.11 03:00:00,151.969,152.047,151.916,151.982,5899.78
2025.02.11 04:00:00,151.981,152.037,151.979,151.985,4876.8
2025.02.11 05:00:00,151.983,152.003,151.939,151.95,3266.43
2025.02.11 06:00:00,151.955,151.987,151.83,151.918,5917.98
2025.02.11 07:00:00,151.916,152.042,151.87,151.95,10122.4
2025.02.11 08:00:00,151.95,152.096,151.647,151.867,17331.73
2025.02.11 09:00:00,151.867,151.996,151.826,151.944,12953.37
2025.02.11 10:00:00,151.944,152.148,151.942,152.132,9301.92
2025.02.11 11:00:00,152.131,152.376,152.12,152.337,8700.58
2025.02.11 12:00:00,152.341,152.411,152.22,152.376,11812.92
2025.02.11 13:00:00,152.376,152.509,152.302,152.303,15602.57
2025.02.11 14:00:00,152.302,152.461,152.229,152.29,16238.75
2025.02.11 15:00:00,152.292,152.594,152.232,152.491,21462.22
2025.02.11 16:00:00,152.49,152.535,152.246,152.366,13230.22
2025.02.11 17:00:00,152.364,152.406,152.289,152.367,7330.33
2025.02.11 18:00:00,152.366,152.478,152.286,152.432,6027.56
2025.02.11 19:00:00,152.434,152.552,152.292,152.487,10530.62
2025.02.11 20:00:00,152.487,152.603,152.449,152.554,8482.48
2025.02.11 21:00:00,152.554,152.561,152.424,152.479,3663
2025.02.11 22:00:00,152.354,152.458,152.353,152.435,1761.45
2025.02.11 23:00:00,152.441,152.767,152.439,152.765,5231.05
2025.02.12 00:00:00,152.765,153.227,152.726,153.185,14774.53
2025.02.12 01:00:00,153.186,153.485,153.073,153.47,13562.56
2025.02.12 02:00:00,153.47,153.526,153.36,153.456,14053.97
2025.02.12 03:00:00,153.461,153.68,153.452,153.631,13134.96
2025.02.12 04:00:00,153.636,153.733,153.575,153.686,13354.57
2025.02.12 05:00:00,153.686,153.703,153.526,153.537,14257
2025.02.12 06:00:00,153.532,153.703,153.504,153.587,10180.59
2025.02.12 07:00:00,153.587,153.683,153.413,153.677,11562.19
2025.02.12 08:00:00,153.68,153.886,153.5,153.551,13978.33
2025.02.12 09:00:00,153.555,153.592,153.411,153.517,9372.53
2025.02.12 10:00:00,153.516,153.695,153.49,153.581,8989.23
2025.02.12 11:00:00,153.583,153.634,153.459,153.552,6781.47
2025.02.12 12:00:00,153.553,153.64,153.377,153.557,9663.72
2025.02.12 13:00:00,153.554,154.453,153.265,154.414,26817.37
2025.02.12 14:00:00,154.415,154.475,154.139,154.427,23645.8
2025.02.12 15:00:00,154.428,154.616,154.314,154.439,22017.78
2025.02.12 16:00:00,154.439,154.801,154.395,154.623,15677.26
2025.02.12 17:00:00,154.62,154.629,154.314,154.352,17323.35
2025.02.12 18:00:00,154.349,154.491,154.283,154.365,11546.34
2025.02.12 19:00:00,154.366,154.478,154.313,154.426,6573.84
2025.02.12 20:00:00,154.426,154.461,154.33,154.432,8185.41
2025.02.12 21:00:00,154.432,154.484,154.374,154.398,7120.61
2025.02.12 22:00:00,154.384,154.392,154.297,154.347,949.92
2025.02.12 23:00:00,154.362,154.466,154.187,154.232,5260.47
2025.02.13 00:00:00,154.23,154.551,154.12,154.536,13852.89
2025.02.13 01:00:00,154.537,154.664,154.22,154.254,15132.9
2025.02.13 02:00:00,154.253,154.347,154.158,154.228,12071.91
2025.02.13 03:00:00,154.228,154.29,154.175,154.241,9900.5
2025.02.13 04:00:00,154.241,154.487,154.214,154.358,15434.06
2025.02.13 05:00:00,154.359,154.406,154.131,154.164,13156.55
2025.02.13 06:00:00,154.167,154.234,153.959,154.049,11422.16
2025.02.13 07:00:00,154.049,154.311,153.953,154.277,11742.68
2025.02.13 08:00:00,154.275,154.338,154.017,154.018,13470.84
2025.02.13 09:00:00,154.019,154.09,153.895,153.975,11507.82
2025.02.13 10:00:00,153.975,154.016,153.769,153.79,9706.11
2025.02.13 11:00:00,153.79,153.878,153.731,153.847,8488.74
2025.02.13 12:00:00,153.842,153.904,153.743,153.851,13546.13
2025.02.13 13:00:00,153.851,154.012,153.421,153.514,20451.29
2025.02.13 14:00:00,153.515,153.604,153.349,153.515,20997.32
2025.02.13 15:00:00,153.515,153.718,153.074,153.133,25008.46
2025.02.13 16:00:00,153.132,153.176,152.922,153.176,15341.19
2025.02.13 17:00:00,153.177,153.195,153.049,153.166,10710.12
2025.02.13 18:00:00,153.163,153.342,153.134,153.268,17008.2
2025.02.13 19:00:00,153.268,153.273,152.769,152.929,11508.43
2025.02.13 20:00:00,152.93,152.989,152.698,152.741,7576.91
2025.02.13 21:00:00,152.739,152.846,152.728,152.784,5795.46
2025.02.13 22:00:00,152.775,152.851,152.688,152.839,1191.73
2025.02.13 23:00:00,152.839,153.151,152.81,152.985,6396.38
2025.02.14 00:00:00,152.996,153.097,152.571,152.641,18061.53
2025.02.14 01:00:00,152.643,152.643,152.443,152.566,13062.61
2025.02.14 02:00:00,152.57,152.871,152.519,152.826,10583.78
2025.02.14 03:00:00,152.826,153.003,152.807,152.836,6944.7
2025.02.14 04:00:00,152.836,152.893,152.617,152.631,6518.65
2025.02.14 05:00:00,152.63,152.732,152.553,152.613,5431.59
2025.02.14 06:00:00,152.61,152.688,152.44,152.501,6790.63
2025.02.14 07:00:00,152.501,152.741,152.381,152.726,15318.94
2025.02.14 08:00:00,152.731,152.781,152.479,152.747,16833.27
2025.02.14 09:00:00,152.745,152.837,152.499,152.511,11018.86
2025.02.14 10:00:00,152.513,152.589,152.466,152.521,8039.32
2025.02.14 11:00:00,152.521,152.74,152.49,152.704,7766.93
2025.02.14 12:00:00,152.704,152.74,152.595,152.734,8984.02
2025.02.14 13:00:00,152.735,152.823,152.096,152.175,21270.99
2025.02.14 14:00:00,152.175,152.306,152.066,152.241,19405.43
2025.02.14 15:00:00,152.243,152.376,152.095,152.138,17174.61
2025.02.14 16:00:00,152.139,152.26,152.023,152.25,11665.67
2025.02.14 17:00:00,152.25,152.347,152.221,152.295,8548.13
2025.02.14 18:00:00,152.295,152.389,152.28,152.302,5880.79
2025.02.14 19:00:00,152.303,152.341,152.176,152.209,6747.05
2025.02.14 20:00:00,152.21,152.35,152.209,152.327,5262.15
2025.02.14 21:00:00,152.327,152.345,152.242,152.254,3775.57
2025.02.16 22:00:00,152.2,152.288,152.148,152.266,654.84
2025.02.16 23:00:00,152.266,152.391,151.965,152.006,6838.71
2025.02.17 00:00:00,152.004,152.113,151.783,151.877,12756.26
2025.02.17 01:00:00,151.875,151.907,151.739,151.894,10071.3
2025.02.17 02:00:00,151.894,151.934,151.503,151.548,9911.24
2025.02.17 03:00:00,151.549,151.661,151.531,151.618,7418.51
2025.02.17 04:00:00,151.618,151.776,151.603,151.683,6541.52
2025.02.17 05:00:00,151.684,151.702,151.473,151.519,12247.79
2025.02.17 06:00:00,151.521,151.786,151.489,151.706,13347.75
2025.02.17 07:00:00,151.705,151.89,151.597,151.863,10465.85
2025.02.17 08:00:00,151.863,151.942,151.744,151.76,10489.28
2025.02.17 09:00:00,151.758,151.845,151.721,151.802,7555.01
2025.02.17 10:00:00,151.811,151.839,151.593,151.61,6453.62
2025.02.17 11:00:00,151.612,151.715,151.494,151.504,5630.05
2025.02.17 12:00:00,151.503,151.535,151.398,151.505,7589.55
2025.02.17 13:00:00,151.505,151.526,151.435,151.473,6587.89
2025.02.17 14:00:00,151.472,151.495,151.42,151.47,6948.17
2025.02.17 15:00:00,151.469,151.477,151.336,151.364,5807.73
2025.02.17 16:00:00,151.364,151.442,151.337,151.438,3217.27
2025.02.17 17:00:00,151.438,151.448,151.369,151.383,3378.87
2025.02.17 18:00:00,151.382,151.421,151.369,151.376,2596.92
2025.02.17 19:00:00,151.375,151.405,151.364,151.399,3575.57
2025.02.17 20:00:00,151.399,151.425,151.375,151.4,3699.51
2025.02.17 21:00:00,151.399,151.529,151.396,151.483,6177.92
2025.02.17 22:00:00,151.485,151.516,151.414,151.503,520.05
2025.02.17 23:00:00,151.504,151.622,151.23,151.436,4235.05
2025.02.18 00:00:00,151.435,151.717,151.413,151.68,15173.53
2025.02.18 01:00:00,151.68,151.795,151.594,151.727,13469.22
2025.02.18 02:00:00,151.727,151.851,151.689,151.838,7633.34
2025.02.18 03:00:00,151.839,152.091,151.796,152.077,11485.7
2025.02.18 04:00:00,152.079,152.193,152.034,152.143,10919.61
2025.02.18 05:00:00,152.142,152.219,151.989,152.002,8839.47
2025.02.18 06:00:00,152.003,152.072,151.882,151.935,8183.88
2025.02.18 07:00:00,151.938,152.066,151.792,152.052,9712.68
2025.02.18 08:00:00,152.052,152.101,151.815,151.946,11088.82
2025.02.18 09:00:00,151.945,151.964,151.791,151.839,7586.56
2025.02.18 10:00:00,151.839,151.847,151.705,151.763,7452.97
2025.02.18 11:00:00,151.763,151.81,151.676,151.782,5571.51
2025.02.18 12:00:00,151.784,151.879,151.711,151.726,7785.31
2025.02.18 13:00:00,151.728,151.76,151.628,151.694,10403.78
2025.02.18 14:00:00,151.693,151.856,151.643,151.807,12021.45
2025.02.18 15:00:00,151.806,151.806,151.526,151.653,9790.36
2025.02.18 16:00:00,151.654,151.865,151.645,151.786,9714.89
2025.02.18 17:00:00,151.787,151.96,151.775,151.932,6929.35
2025.02.18 18:00:00,151.932,152.042,151.907,151.978,5485.21
2025.02.18 19:00:00,151.977,151.986,151.871,151.922,5247.19
2025.02.18 20:00:00,151.923,152.061,151.923,152.015,6845.63
2025.02.18 21:00:00,152.015,152.124,152.002,152.049,2362.16
2025.02.18 22:00:00,152.049,152.082,151.934,152.051,2328.28
2025.02.18 23:00:00,152.059,152.095,151.913,151.92,2981.69
2025.02.19 00:00:00,151.92,152.107,151.829,152.074,11229.47
2025.02.19 01:00:00,152.069,152.158,151.743,152.134,14838.49
2025.02.19 02:00:00,152.134,152.306,151.968,152.029,12465.18
2025.02.19 03:00:00,152.029,152.087,151.857,151.892,9442.42
2025.02.19 04:00:00,151.89,151.935,151.741,151.76,8524.51
2025.02.19 05:00:00,151.76,151.871,151.706,151.754,7187.96
2025.02.19 06:00:00,151.756,151.774,151.589,151.634,9317.83
2025.02.19 07:00:00,151.634,151.782,151.587,151.659,12311.99
2025.02.19 08:00:00,151.658,151.856,151.61,151.719,13512.4
2025.02.19 09:00:00,151.718,151.751,151.55,151.652,8938.94
2025.02.19 10:00:00,151.652,151.832,151.652,151.731,7541.42
2025.02.19 11:00:00,151.732,151.954,151.731,151.843,9579.55
2025.02.19 12:00:00,151.845,151.929,151.755,151.909,7445.39
2025.02.19 13:00:00,151.908,151.91,151.689,151.692,15238.32
2025.02.19 14:00:00,151.693,151.719,151.328,151.332,15688.15
2025.02.19 15:00:00,151.332,151.501,151.243,151.416,18431.95
2025.02.19 16:00:00,151.422,151.692,151.421,151.671,14608.4
2025.02.19 17:00:00,151.671,151.756,151.626,151.709,7861.44
2025.02.19 18:00:00,151.706,151.827,151.616,151.632,8531.75
2025.02.19 19:00:00,151.633,151.666,151.391,151.52,11115.98
2025.02.19 20:00:00,151.522,151.568,151.448,151.476,8700
2025.02.19 21:00:00,151.475,151.521,151.458,151.458,3372.9
2025.02.19 22:00:00,151.455,151.455,151.373,151.376,672.18
2025.02.19 23:00:00,151.383,151.428,151.119,151.218,6933.46
2025.02.20 00:00:00,151.218,151.232,150.832,150.984,19307.99
2025.02.20 01:00:00,150.982,150.991,150.568,150.635,20067.37
2025.02.20 02:00:00,150.634,150.759,150.449,150.703,14660.58
2025.02.20 03:00:00,150.704,150.745,150.384,150.431,11222.05
2025.02.20 04:00:00,150.43,150.481,150.242,150.251,11655.35
2025.02.20 05:00:00,150.251,150.406,150.182,150.4,8361.41
2025.02.20 06:00:00,150.401,150.412,149.979,150.044,11056.49
2025.02.20 07:00:00,150.044,150.22,149.946,150.172,12844.29
2025.02.20 08:00:00,150.171,150.387,150.158,150.338,9970
2025.02.20 09:00:00,150.338,150.433,150.199,150.308,8159.74
2025.02.20 10:00:00,150.307,150.317,150.061,150.076,6602.3
2025.02.20 11:00:00,150.074,150.253,149.982,150.221,5818.51
2025.02.20 12:00:00,150.222,150.229,149.927,150.091,11849.04
2025.02.20 13:00:00,150.09,150.139,149.702,150.083,18407.6
2025.02.20 14:00:00,150.082,150.216,149.796,149.814,18213.46
2025.02.20 15:00:00,149.812,149.853,149.468,149.511,21916.23
2025.02.20 16:00:00,149.513,149.736,149.495,149.63,13848.42
2025.02.20 17:00:00,149.629,149.701,149.397,149.469,11590.57
2025.02.20 18:00:00,149.47,149.633,149.459,149.625,9191.93
2025.02.20 19:00:00,149.625,149.814,149.621,149.775,6514.5
2025.02.20 20:00:00,149.776,149.826,149.649,149.65,7096.93
2025.02.20 21:00:00,149.65,149.673,149.599,149.633,3628.39
2025.02.20 22:00:00,149.633,149.677,149.462,149.546,832.32
2025.02.20 23:00:00,149.546,149.634,149.274,149.478,10121.29
2025.02.21 00:00:00,149.478,149.905,149.466,149.83,15898.74
2025.02.21 01:00:00,149.829,150.445,149.789,150.342,15494.05
2025.02.21 02:00:00,150.342,150.732,150.159,150.476,11960.66
2025.02.21 03:00:00,150.477,150.529,150.222,150.309,7548.05
2025.02.21 04:00:00,150.309,150.338,150.118,150.327,6972.78
2025.02.21 05:00:00,150.329,150.486,150.312,150.361,4828.76
2025.02.21 06:00:00,150.36,150.545,150.291,150.512,6024.84
2025.02.21 07:00:00,150.518,150.653,150.354,150.545,15698.14
2025.02.21 08:00:00,150.547,150.615,150.339,150.428,24214.81
2025.02.21 09:00:00,150.43,150.496,150.26,150.471,10928.41
2025.02.21 10:00:00,150.47,150.532,150.348,150.372,6084.7
2025.02.21 11:00:00,150.374,150.426,150.188,150.272,4988.96
2025.02.21 12:00:00,150.272,150.488,150.248,150.476,6723.03
2025.02.21 13:00:00,150.476,150.511,150.324,150.431,14289.69
2025.02.21 14:00:00,150.432,150.44,149.744,149.787,17843.17
2025.02.21 15:00:00,149.788,149.836,149.507,149.548,24974.1
2025.02.21 16:00:00,149.548,149.619,149.389,149.494,13240.85
2025.02.21 17:00:00,149.494,149.531,149.197,149.212,14110.37
2025.02.21 18:00:00,149.213,149.222,148.969,149.124,21891.62
2025.02.21 19:00:00,149.124,149.137,148.922,149.07,15448.96
2025.02.21 20:00:00,149.071,149.165,148.997,149.133,12779.96
2025.02.21 21:00:00,149.134,149.339,149.121,149.262,6235.75
2025.02.23 22:00:00,149.175,149.266,149.175,149.193,958.06
2025.02.23 23:00:00,149.208,149.403,149.09,149.399,7230.16
2025.02.24 00:00:00,149.401,149.401,148.841,148.922,14779.31
2025.02.24 01:00:00,148.921,149.257,148.915,149.236,18155.66
2025.02.24 02:00:00,149.244,149.495,149.225,149.228,14559.43
2025.02.24 03:00:00,149.223,149.345,149.112,149.159,9264.15
2025.02.24 04:00:00,149.16,149.311,149.128,149.205,6053.24
2025.02.24 05:00:00,149.207,149.463,149.184,149.401,7794.47
2025.02.24 06:00:00,149.404,149.545,149.341,149.462,9573.63
2025.02.24 07:00:00,149.463,149.536,149.319,149.455,16617.11
2025.02.24 08:00:00,149.454,149.568,149.23,149.418,19051.68
2025.02.24 09:00:00,149.419,149.596,149.375,149.561,13857.19
2025.02.24 10:00:00,149.561,149.671,149.551,149.623,8785.88
2025.02.24 11:00:00,149.625,149.789,149.6,149.73,9298.02
2025.02.24 12:00:00,149.731,149.831,149.618,149.763,9940.59
2025.02.24 13:00:00,149.761,149.871,149.606,149.762,12631.42
2025.02.24 14:00:00,149.762,149.819,149.293,149.32,23681.95
2025.02.24 15:00:00,149.32,149.428,149.188,149.296,29255.83
2025.02.24 16:00:00,149.298,149.761,149.296,149.571,19145.37
2025.02.24 17:00:00,149.571,149.712,149.511,149.577,13681.42
2025.02.24 18:00:00,149.577,149.612,149.383,149.588,11433.13
2025.02.24 19:00:00,149.589,149.799,149.584,149.674,10471.13
2025.02.24 20:00:00,149.674,149.791,149.611,149.722,12705.07
2025.02.24 21:00:00,149.72,149.791,149.689,149.709,5088.07
2025.02.24 22:00:00,149.709,149.738,149.563,149.713,1661.34
2025.02.24 23:00:00,149.713,149.91,149.694,149.908,6450.84
2025.02.25 00:00:00,149.909,150.187,149.908,150.146,11826.18
2025.02.25 01:00:00,150.146,150.298,150.047,150.048,12525.98
2025.02.25 02:00:00,150.048,150.089,149.81,149.825,10087.68
2025.02.25 03:00:00,149.825,149.9,149.61,149.663,8909.94
2025.02.25 04:00:00,149.663,149.71,149.459,149.561,8827.4
2025.02.25 05:00:00,149.561,149.768,149.504,149.71,10007.08
2025.02.25 06:00:00,149.709,149.866,149.62,149.76,10265.46
2025.02.25 07:00:00,149.76,149.783,149.195,149.278,19593.94
2025.02.25 08:00:00,149.28,149.607,149.218,149.453,21633.34
2025.02.25 09:00:00,149.454,149.755,149.439,149.596,14181.88
2025.02.25 10:00:00,149.596,149.829,149.592,149.765,11721.02
2025.02.25 11:00:00,149.77,149.953,149.66,149.806,13569.38
2025.02.25 12:00:00,149.806,149.806,149.481,149.685,14881.47
2025.02.25 13:00:00,149.686,149.817,149.337,149.432,18806.75
2025.02.25 14:00:00,149.43,149.536,149.109,149.182,20818.48
2025.02.25 15:00:00,149.181,149.181,148.562,149.065,27026.34
2025.02.25 16:00:00,149.064,149.132,148.777,149.095,19786.16
2025.02.25 17:00:00,149.093,149.254,149.01,149.075,19474.04
2025.02.25 18:00:00,149.072,149.246,149.049,149.165,18798.1
2025.02.25 19:00:00,149.165,149.172,148.998,149.075,16214.03
2025.02.25 20:00:00,149.075,149.095,148.905,148.947,14716.37
2025.02.25 21:00:00,148.946,149.036,148.931,149.023,7579.4
2025.02.25 22:00:00,149.023,149.122,148.859,149.122,1353.74
2025.02.25 23:00:00,149.128,149.176,148.849,149.049,5830.17
2025.02.26 00:00:00,149.047,149.083,148.618,148.902,13390.34
2025.02.26 01:00:00,148.906,149.234,148.714,149.22,15220.92
2025.02.26 02:00:00,149.226,149.468,149.169,149.459,12239.13
2025.02.26 03:00:00,149.459,149.515,149.31,149.393,8382.11
2025.02.26 04:00:00,149.39,149.55,149.281,149.439,7609.45
2025.02.26 05:00:00,149.439,149.63,149.405,149.434,8394.07
2025.02.26 06:00:00,149.435,149.627,149.43,149.573,9013.56
2025.02.26 07:00:00,149.571,149.603,149.329,149.528,16221.55
2025.02.26 08:00:00,149.529,149.544,149.249,149.288,18815.5
2025.02.26 09:00:00,149.288,149.439,149.252,149.361,12391.73
2025.02.26 10:00:00,149.362,149.527,149.224,149.516,13378.36
2025.02.26 11:00:00,149.517,149.589,149.475,149.544,11242.3
2025.02.26 12:00:00,149.543,149.645,149.445,149.611,12353.43
2025.02.26 13:00:00,149.614,149.683,149.307,149.533,16876.56
2025.02.26 14:00:00,149.534,149.731,149.29,149.66,18929.22
2025.02.26 15:00:00,149.66,149.884,149.399,149.488,24619.67
2025.02.26 16:00:00,149.486,149.528,149.119,149.133,15491.45
2025.02.26 17:00:00,149.131,149.243,149.01,149.148,19013.82
2025.02.26 18:00:00,149.146,149.155,148.827,148.922,13529.64
2025.02.26 19:00:00,148.922,148.965,148.81,148.834,12522.52
2025.02.26 20:00:00,148.839,149.05,148.828,149.027,10074.69
2025.02.26 21:00:00,149.03,149.233,148.99,149.082,7266.69
2025.02.26 22:00:00,149.045,149.067,148.906,148.947,507.12
2025.02.26 23:00:00,148.965,149.015,148.742,148.876,6408.88
2025.02.27 00:00:00,148.877,149.177,148.781,149.138,14484.17
2025.02.27 01:00:00,149.139,149.403,149.071,149.357,9995.98
2025.02.27 02:00:00,149.365,149.38,149.167,149.26,7876.56
2025.02.27 03:00:00,149.258,149.356,149.189,149.22,7772.32
2025.02.27 04:00:00,149.219,149.265,149.075,149.097,5902.44
2025.02.27 05:00:00,149.097,149.369,149.096,149.339,7847.5
2025.02.27 06:00:00,149.341,149.422,149.201,149.255,9614.74
2025.02.27 07:00:00,149.256,149.329,149.185,149.265,12071.4
2025.02.27 08:00:00,149.266,149.729,149.156,149.714,16534.18
2025.02.27 09:00:00,149.716,149.965,149.628,149.838,12768.74
2025.02.27 10:00:00,149.844,149.97,149.8,149.851,11807.06
2025.02.27 11:00:00,149.849,149.898,149.68,149.798,9549.32
2025.02.27 12:00:00,149.796,149.799,149.558,149.65,12792.63
2025.02.27 13:00:00,149.653,149.881,149.357,149.722,26998.54
2025.02.27 14:00:00,149.723,150.139,149.64,149.732,26245.87
2025.02.27 15:00:00,149.731,150.097,149.537,149.94,43237.98
2025.02.27 16:00:00,149.94,150.161,149.763,149.809,28412.05
2025.02.27 17:00:00,149.808,150.013,149.779,149.964,15605.55
2025.02.27 18:00:00,149.964,150.152,149.914,150.11,11699.55
2025.02.27 19:00:00,150.111,150.12,149.783,149.861,17304.4
2025.02.27 20:00:00,149.861,149.861,149.628,149.694,16110
2025.02.27 21:00:00,149.694,149.822,149.674,149.801,6998.77
2025.02.27 22:00:00,149.801,149.807,149.658,149.754,787.26
2025.02.27 23:00:00,149.758,150.103,149.538,150.084,8524.95
2025.02.28 00:00:00,150.086,150.142,149.352,149.364,18319.39
2025.02.28 01:00:00,149.372,149.527,149.271,149.297,16537.14
2025.02.28 02:00:00,149.296,149.564,149.098,149.527,14026.62
2025.02.28 03:00:00,149.527,149.625,149.457,149.601,8518.51
2025.02.28 04:00:00,149.601,149.696,149.516,149.607,8814.58
2025.02.28 05:00:00,149.606,149.882,149.578,149.829,11033.59
2025.02.28 06:00:00,149.829,150.115,149.786,150.041,10369.08
2025.02.28 07:00:00,150.041,150.567,149.933,150.432,19776.14
2025.02.28 08:00:00,150.432,150.686,150.311,150.564,18493.96
2025.02.28 09:00:00,150.569,150.633,150.184,150.248,16916.52
2025.02.28 10:00:00,150.249,150.395,150.239,150.374,8141.36
2025.02.28 11:00:00,150.374,150.485,150.286,150.388,5543.02
2025.02.28 12:00:00,150.387,150.714,150.38,150.659,8874.45
2025.02.28 13:00:00,150.659,150.987,150.595,150.651,23851.44
2025.02.28 14:00:00,150.648,150.811,150.28,150.686,29932.71
2025.02.28 15:00:00,150.683,150.861,150.505,150.679,35762.2
2025.02.28 16:00:00,150.683,150.79,150.233,150.639,30747.04
2025.02.28 17:00:00,150.639,150.682,150.332,150.363,20665.33
2025.02.28 18:00:00,150.363,150.543,150.239,150.326,27297.62
2025.02.28 19:00:00,150.326,150.6,150.303,150.54,16315.37
2025.02.28 20:00:00,150.543,150.622,150.439,150.507,11257.33
2025.02.28 21:00:00,150.507,150.618,150.482,150.545,5091.31
2025.03.02 22:00:00,150.644,150.722,150.632,150.699,626.25
2025.03.02 23:00:00,150.703,151.019,150.699,150.806,9499.98
2025.03.03 00:00:00,150.807,150.945,150.489,150.541,20448.32
2025.03.03 01:00:00,150.542,150.719,150.314,150.406,14863.03
2025.03.03 02:00:00,150.406,150.473,150.266,150.402,11306.24
2025.03.03 03:00:00,150.401,150.486,150.243,150.45,11236.69
2025.03.03 04:00:00,150.45,150.514,150.32,150.335,8923.81
2025.03.03 05:00:00,150.333,150.528,150.332,150.408,6983.93
2025.03.03 06:00:00,150.409,150.523,150.267,150.46,10093.96
2025.03.03 07:00:00,150.46,150.523,150.149,150.168,13483.63
2025.03.03 08:00:00,150.168,150.24,150.025,150.11,16219.11
2025.03.03 09:00:00,150.112,150.369,149.945,150.344,11195.48
2025.03.03 10:00:00,150.588,150.896,150.562,150.831,3067
2025.03.03 11:00:00,150.835,151.234,150.788,151.207,14155.23
2025.03.03 12:00:00,151.207,151.301,151.113,151.236,15747.01
2025.03.03 13:00:00,151.236,151.297,150.939,150.966,20153.57
2025.03.03 14:00:00,150.968,150.971,150.586,150.61,18736.13
2025.03.03 15:00:00,150.611,150.675,150.079,150.231,27469.43
2025.03.03 16:00:00,150.235,150.37,150.048,150.169,19580.58
2025.03.03 17:00:00,150.17,150.336,150.126,150.178,13132.93
2025.03.03 18:00:00,150.178,150.25,150.059,150.175,16692.41
2025.03.03 19:00:00,150.174,150.303,150.137,150.25,18355.12
2025.03.03 20:00:00,150.251,150.259,149.097,149.417,31279.19
2025.03.03 21:00:00,149.417,149.625,149.416,149.494,8288.39
2025.03.03 22:00:00,149.487,149.615,149.479,149.563,1416.88
2025.03.03 23:00:00,149.563,149.623,149.143,149.306,8915.93
2025.03.04 00:00:00,149.317,149.529,148.978,149.15,21082.4
2025.03.04 01:00:00,149.15,149.257,148.595,148.932,24291.17
2025.03.04 02:00:00,148.932,149.419,148.837,149.294,16602.19
2025.03.04 03:00:00,149.299,149.344,149.029,149.161,15704.41
2025.03.04 04:00:00,149.162,149.174,148.925,149.14,12047.33
2025.03.04 05:00:00,149.141,149.461,149.091,149.381,17578.57
2025.03.04 06:00:00,149.381,149.56,149.271,149.529,12556.69
2025.03.04 07:00:00,149.529,149.574,149.06,149.345,26222.85
2025.03.04 08:00:00,149.345,149.452,148.999,149.088,31984.78
2025.03.04 09:00:00,149.086,149.148,148.796,149.046,22690.68
2025.03.04 10:00:00,149.046,149.046,148.76,148.798,18315.1
2025.03.04 11:00:00,148.796,148.833,148.288,148.364,19924.05
2025.03.04 12:00:00,148.365,148.365,148.096,148.23,19891.85
2025.03.04 13:00:00,148.228,148.561,148.183,148.206,22024.89
2025.03.04 14:00:00,148.207,148.706,148.199,148.429,36971.41
2025.03.04 15:00:00,148.429,148.611,148.195,148.35,37890.89
2025.03.04 16:00:00,148.35,148.86,148.301,148.812,28364.02
2025.03.04 17:00:00,148.813,148.915,148.688,148.74,20946.18
2025.03.04 18:00:00,148.742,149.13,148.701,149.092,26461.35
2025.03.04 19:00:00,149.092,149.368,149.047,149.315,24143.6
2025.03.04 20:00:00,149.315,149.511,149.008,149.099,21121.91
2025.03.04 21:00:00,149.099,149.873,149.042,149.807,17737.46
2025.03.04 22:00:00,149.644,149.787,149.644,149.735,1299.14
2025.03.04 23:00:00,149.748,149.97,149.642,149.827,7140.79
2025.03.05 00:00:00,149.824,149.922,149.577,149.915,18257.62
2025.03.05 01:00:00,149.916,150.182,149.782,149.974,20592.29
2025.03.05 02:00:00,149.971,150.002,149.745,149.826,15417.44
2025.03.05 03:00:00,149.825,150.095,149.709,149.971,14911.28
2025.03.05 04:00:00,149.969,149.971,149.706,149.825,8103.4
2025.03.05 05:00:00,149.825,149.893,149.695,149.714,8257.53
2025.03.05 06:00:00,149.712,149.749,149.567,149.684,9828.06
2025.03.05 07:00:00,149.689,149.815,149.414,149.445,22508.26
2025.03.05 08:00:00,149.45,149.639,149.199,149.222,26032.94
2025.03.05 09:00:00,149.22,149.447,149.096,149.372,19182.22
2025.03.05 10:00:00,149.372,149.566,149.313,149.343,16079.05
2025.03.05 11:00:00,149.342,149.543,149.289,149.395,16740.32
2025.03.05 12:00:00,149.4,149.511,149.155,149.51,22069.06
2025.03.05 13:00:00,149.51,149.737,148.935,149.017,40929.56
2025.03.05 14:00:00,149.018,149.026,148.392,148.392,35422.21
2025.03.05 15:00:00,148.392,149.104,148.392,148.913,47384.86
2025.03.05 16:00:00,148.912,148.98,148.472,148.826,31532.75
2025.03.05 17:00:00,148.828,148.923,148.633,148.861,26415.44
2025.03.05 18:00:00,148.862,149.017,148.766,148.953,22760.57
2025.03.05 19:00:00,148.953,149.139,148.781,148.787,16040.9
2025.03.05 20:00:00,148.786,148.895,148.735,148.879,12402.93
2025.03.05 21:00:00,148.877,148.998,148.819,148.874,7342.86
2025.03.05 22:00:00,148.874,148.886,148.753,148.806,1562.23
2025.03.05 23:00:00,148.816,148.941,148.723,148.882,4893.93
2025.03.06 00:00:00,148.88,149.31,148.856,149.15,12403.78
2025.03.06 01:00:00,149.15,149.331,148.961,148.992,11690.31
2025.03.06 02:00:00,148.992,149.222,148.946,149.196,10399.18
2025.03.06 03:00:00,149.197,149.28,149.111,149.233,9527.29
2025.03.06 04:00:00,149.233,149.306,149.155,149.188,8865.14
2025.03.06 05:00:00,149.189,149.219,148.929,148.933,12710.35
2025.03.06 06:00:00,148.93,148.963,148.745,148.78,14187.31
2025.03.06 07:00:00,148.78,148.782,148.262,148.369,26952.25
2025.03.06 08:00:00,148.37,148.412,148.066,148.155,26138.42
2025.03.06 09:00:00,148.154,148.154,147.782,147.882,26322.84
2025.03.06 10:00:00,147.882,148.071,147.698,147.863,20082.68
2025.03.06 11:00:00,147.864,147.985,147.761,147.829,16851.9
2025.03.06 12:00:00,147.828,147.877,147.561,147.608,18400.47
2025.03.06 13:00:00,147.611,147.679,147.349,147.417,27769.78
2025.03.06 14:00:00,147.418,147.847,147.308,147.564,30273.76
2025.03.06 15:00:00,147.562,148.312,147.488,148.238,39216.63
2025.03.06 16:00:00,148.242,148.391,147.9,147.908,31709.98
2025.03.06 17:00:00,147.909,148.025,147.649,147.914,25771.05
2025.03.06 18:00:00,147.912,147.959,147.741,147.799,23353.57
2025.03.06 19:00:00,147.798,147.853,147.567,147.688,26248.77
2025.03.06 20:00:00,147.688,147.875,147.661,147.807,19677.42
2025.03.06 21:00:00,147.806,148.056,147.803,147.969,5888.08
2025.03.06 22:00:00,147.97,147.996,147.645,147.943,560.76
2025.03.06 23:00:00,147.942,148.149,147.88,148.145,6671.16
2025.03.07 00:00:00,148.146,148.162,147.657,147.956,14942.3
2025.03.07 01:00:00,147.955,148.12,147.811,147.899,13709.47
2025.03.07 02:00:00,147.898,148.033,147.55,147.594,10356.74
2025.03.07 03:00:00,147.592,147.654,147.442,147.604,11724.4
2025.03.07 04:00:00,147.605,147.709,147.474,147.674,9869.09
2025.03.07 05:00:00,147.674,147.752,147.451,147.451,9649.09
2025.03.07 06:00:00,147.452,147.645,147.387,147.492,10339.94
2025.03.07 07:00:00,147.491,147.747,147.483,147.651,15809.4
2025.03.07 08:00:00,147.654,147.752,147.201,147.336,21298.29
2025.03.07 09:00:00,147.335,147.583,147.289,147.441,15258.44
2025.03.07 10:00:00,147.441,147.559,147.379,147.553,10559.88
2025.03.07 11:00:00,147.553,147.743,147.495,147.694,10840.7
2025.03.07 12:00:00,147.693,147.852,147.63,147.745,14423.27
2025.03.07 13:00:00,147.744,147.965,147.116,147.225,32490.52
2025.03.07 14:00:00,147.225,147.674,146.944,147.515,33513.03
2025.03.07 15:00:00,147.515,147.723,147.191,147.517,35407.43
2025.03.07 16:00:00,147.518,147.597,147.024,147.133,27260.22
2025.03.07 17:00:00,147.137,147.705,146.958,147.485,27796.8
2025.03.07 18:00:00,147.492,148.028,147.481,147.974,28338.74
2025.03.07 19:00:00,147.974,148.198,147.859,148.033,23497.46
2025.03.07 20:00:00,148.034,148.115,147.886,147.953,21209.17
2025.03.07 21:00:00,147.954,148.037,147.84,148.018,5745.47
2025.03.09 21:00:00,147.908,147.946,147.56,147.56,411.33
2025.03.09 22:00:00,147.564,147.848,147.474,147.478,9730.8
2025.03.09 23:00:00,147.479,147.644,147.386,147.585,10956.42
2025.03.10 00:00:00,147.584,147.647,147.227,147.294,15212.21
2025.03.10 01:00:00,147.289,147.443,147.088,147.415,14364.4
2025.03.10 02:00:00,147.414,147.629,147.327,147.599,10174.88
2025.03.10 03:00:00,147.599,147.754,147.549,147.637,7618.41
2025.03.10 04:00:00,147.638,147.668,147.538,147.633,6445.24
2025.03.10 05:00:00,147.633,147.79,147.52,147.521,7097.32
2025.03.10 06:00:00,147.522,147.754,147.501,147.699,13461.66
2025.03.10 07:00:00,147.695,147.787,147.498,147.57,16142.94
2025.03.10 08:00:00,147.573,147.637,147.139,147.184,22118.48
2025.03.10 09:00:00,147.184,147.358,147.146,147.229,20517.08
2025.03.10 10:00:00,147.23,147.281,146.914,146.915,20140.07
2025.03.10 11:00:00,146.915,147.137,146.86,147.124,22898.32
2025.03.10 12:00:00,147.125,147.148,146.72,147.016,20814.59
2025.03.10 13:00:00,147.016,147.174,146.768,147.066,32018.63
2025.03.10 14:00:00,147.07,147.07,146.628,146.765,38460.52
2025.03.10 15:00:00,146.765,147.306,146.748,147.151,30663.75
2025.03.10 16:00:00,147.149,147.306,147.049,147.259,23305.35
2025.03.10 17:00:00,147.258,147.317,147.036,147.186,19693.17
2025.03.10 18:00:00,147.184,147.386,147.172,147.238,18015.96
2025.03.10 19:00:00,147.237,147.464,147.084,147.294,24952.04
2025.03.10 20:00:00,147.293,147.364,147.228,147.253,5736.73
2025.03.10 21:00:00,147.252,147.276,147.119,147.151,301.23
2025.03.10 22:00:00,147.15,147.173,146.951,146.983,5605.85
2025.03.10 23:00:00,146.982,147.09,146.779,147.076,11453.93
2025.03.11 00:00:00,147.076,147.099,146.538,146.748,20767.97
2025.03.11 01:00:00,146.746,146.925,146.593,146.804,17424.97
2025.03.11 02:00:00,146.804,147.192,146.759,146.917,16864.73
2025.03.11 03:00:00,146.917,147.152,146.914,147.115,13622.3
2025.03.11 04:00:00,147.113,147.22,146.92,146.971,9548.95
2025.03.11 05:00:00,146.97,147.285,146.918,147.221,8571.43
2025.03.11 06:00:00,147.219,147.4,147.187,147.232,17726.5
2025.03.11 07:00:00,147.233,147.286,146.758,146.937,21363.72
2025.03.11 08:00:00,146.934,147.3,146.874,147.287,26115.92
2025.03.11 09:00:00,147.287,147.515,147.216,147.37,22686.67
2025.03.11 10:00:00,147.373,147.641,147.368,147.556,17238.46
2025.03.11 11:00:00,147.557,147.725,147.473,147.602,16364.67
2025.03.11 12:00:00,147.602,147.936,147.331,147.768,23904.63
2025.03.11 13:00:00,147.766,148.11,147.629,147.773,40537.92
2025.03.11 14:00:00,147.774,148.118,147.266,147.353,45603.81
2025.03.11 15:00:00,147.353,147.74,147.29,147.494,36589.18
2025.03.11 16:00:00,147.496,147.519,147.247,147.291,27487.49
2025.03.11 17:00:00,147.292,147.292,147.02,147.188,19981.7
2025.03.11 18:00:00,147.188,147.913,147.151,147.825,34654.11
2025.03.11 19:00:00,147.826,147.857,147.612,147.755,23934.69
2025.03.11 20:00:00,147.754,147.863,147.739,147.767,7078.51
2025.03.11 21:00:00,147.757,147.791,147.496,147.713,350.35
2025.03.11 22:00:00,147.718,147.935,147.718,147.89,4225.23
2025.03.11 23:00:00,147.891,148.066,147.81,148.049,6613.11
2025.03.12 00:00:00,148.048,148.151,147.942,148.13,15795.44
2025.03.12 01:00:00,148.131,148.152,147.844,148.031,10580.82
2025.03.12 02:00:00,148.031,148.066,147.864,148.04,8434.97
2025.03.12 03:00:00,148.037,148.101,147.922,148.072,6651.19
2025.03.12 04:00:00,148.073,148.267,148.062,148.148,7401.78
2025.03.12 05:00:00,148.149,148.286,148.025,148.05,6781.21
2025.03.12 06:00:00,148.053,148.405,147.957,148.357,11135.28
2025.03.12 07:00:00,148.358,148.601,148.274,148.591,13043.4
2025.03.12 08:00:00,148.589,148.65,148.257,148.336,17933
2025.03.12 09:00:00,148.337,148.673,148.305,148.603,11589.46
2025.03.12 10:00:00,148.601,148.77,148.524,148.68,10846.74
2025.03.12 11:00:00,148.681,148.749,148.596,148.735,12995.92
2025.03.12 12:00:00,148.734,149.194,148.073,149.126,29548.49
2025.03.12 13:00:00,149.126,149.15,148.617,148.703,28196.39
2025.03.12 14:00:00,148.701,148.705,148.288,148.317,28461.86
2025.03.12 15:00:00,148.316,148.444,148.206,148.317,22722.77
2025.03.12 16:00:00,148.315,148.431,148.192,148.28,19752.75
2025.03.12 17:00:00,148.281,148.36,148.12,148.126,16270.89
2025.03.12 18:00:00,148.126,148.413,148.106,148.342,14334.19
2025.03.12 19:00:00,148.341,148.38,148.264,148.348,15006.44
2025.03.12 20:00:00,148.348,148.366,148.224,148.225,4021.86
2025.03.12 21:00:00,148.224,148.228,148.184,148.194,283.95
2025.03.12 22:00:00,148.194,148.29,148.098,148.223,2430.76
2025.03.12 23:00:00,148.223,148.304,148.089,148.29,4534.09
2025.03.13 00:00:00,148.294,148.37,148.103,148.108,10812.41
2025.03.13 01:00:00,148.108,148.322,148.074,148.114,10562.13
2025.03.13 02:00:00,148.113,148.235,148.094,148.171,8387.7
2025.03.13 03:00:00,148.17,148.247,148.014,148.038,6913.65
2025.03.13 04:00:00,148.04,148.116,147.821,147.846,8007.12
2025.03.13 05:00:00,147.848,147.929,147.694,147.72,10164.25
2025.03.13 06:00:00,147.722,147.805,147.574,147.791,12541.87
2025.03.13 07:00:00,147.792,147.939,147.702,147.785,13914.21
2025.03.13 08:00:00,147.786,147.919,147.682,147.919,17646.18
2025.03.13 09:00:00,147.919,148.197,147.818,148.147,12370.12
2025.03.13 10:00:00,148.147,148.235,148.08,148.151,10305.95
2025.03.13 11:00:00,148.152,148.184,147.902,147.992,11998.5
2025.03.13 12:00:00,147.991,148.254,147.725,148.206,20484.18
2025.03.13 13:00:00,148.206,148.354,148.028,148.105,22177.87
2025.03.13 14:00:00,148.104,148.174,147.839,147.877,20658.9
2025.03.13 15:00:00,147.88,147.98,147.64,147.704,22579.36
2025.03.13 16:00:00,147.704,147.831,147.528,147.585,21182.68
2025.03.13 17:00:00,147.585,147.705,147.411,147.628,12692.71
2025.03.13 18:00:00,147.628,147.785,147.57,147.743,11705.54
2025.03.13 19:00:00,147.742,147.778,147.631,147.697,12327.99
2025.03.13 20:00:00,147.697,147.822,147.695,147.801,3447.32
2025.03.13 21:00:00,147.801,147.801,147.689,147.689,379.41
2025.03.13 22:00:00,147.732,147.982,147.728,147.934,3640.75
2025.03.13 23:00:00,147.928,147.969,147.862,147.936,4710.5
2025.03.14 00:00:00,147.922,148.326,147.846,148.295,12722.85
2025.03.14 01:00:00,148.294,148.428,148.152,148.172,11474.81
2025.03.14 02:00:00,148.172,148.308,148.156,148.249,6121.2
2025.03.14 03:00:00,148.249,148.388,148.248,148.332,6717.7
2025.03.14 04:00:00,148.331,148.553,148.321,148.495,6869.14
2025.03.14 05:00:00,148.502,148.65,148.435,148.467,7817.24
2025.03.14 06:00:00,148.468,148.751,148.426,148.703,10281.5
2025.03.14 07:00:00,148.703,149.02,148.553,148.748,16362.41
2025.03.14 08:00:00,148.748,148.914,148.65,148.879,12209.3
2025.03.14 09:00:00,148.882,148.996,148.847,148.973,8634.12
2025.03.14 10:00:00,148.972,148.982,148.606,148.8,11285.95
2025.03.14 11:00:00,148.8,148.819,148.639,148.727,11144.75
2025.03.14 12:00:00,148.731,148.802,148.587,148.656,12745.4
2025.03.14 13:00:00,148.653,148.791,148.52,148.68,13984.97
2025.03.14 14:00:00,148.676,148.896,148.345,148.457,25643.94
2025.03.14 15:00:00,148.46,148.567,148.367,148.517,19444.74
2025.03.14 16:00:00,148.516,148.524,148.256,148.356,11847.78
2025.03.14 17:00:00,148.352,148.502,148.318,148.436,9387.93
2025.03.14 18:00:00,148.438,148.582,148.438,148.534,8793.72
2025.03.14 19:00:00,148.535,148.66,148.5,148.642,6891.67
2025.03.14 20:00:00,148.642,148.668,148.559,148.606,4891.95
2025.03.16 21:00:00,148.753,148.839,148.717,148.743,475.74
2025.03.16 22:00:00,148.743,148.794,148.563,148.563,5998.7
2025.03.16 23:00:00,148.567,148.698,148.46,148.602,7136.9
2025.03.17 00:00:00,148.605,148.883,148.459,148.791,12662.28
2025.03.17 01:00:00,148.791,148.895,148.56,148.616,9197.07
2025.03.17 02:00:00,148.615,148.704,148.534,148.646,8301.5
2025.03.17 03:00:00,148.646,148.811,148.567,148.726,5859.37
2025.03.17 04:00:00,148.728,149.04,148.719,149.035,8044.82
2025.03.17 05:00:00,149.035,149.062,148.887,148.976,7419.23
2025.03.17 06:00:00,148.976,149.095,148.8,148.962,12539.9
2025.03.17 07:00:00,148.966,148.992,148.82,148.835,10902.14
2025.03.17 08:00:00,148.833,148.979,148.682,148.924,14759.74
2025.03.17 09:00:00,148.929,148.933,148.599,148.664,15318.93
2025.03.17 10:00:00,148.663,148.677,148.479,148.495,11033.35
2025.03.17 11:00:00,148.495,148.551,148.416,148.454,10004.73
2025.03.17 12:00:00,148.459,148.95,148.26,148.818,22700.48
2025.03.17 13:00:00,148.818,149.094,148.726,148.83,23655.77
2025.03.17 14:00:00,148.827,148.848,148.566,148.598,30175.99
2025.03.17 15:00:00,148.599,148.658,148.439,148.555,18600.67
2025.03.17 16:00:00,148.555,148.73,148.519,148.729,13322.32
2025.03.17 17:00:00,148.73,149.026,148.699,148.988,9307.66
2025.03.17 18:00:00,148.988,149.239,148.949,149.176,11866.1
2025.03.17 19:00:00,149.175,149.283,149.138,149.158,9465.05
2025.03.17 20:00:00,149.156,149.259,149.053,149.194,5591.85
2025.03.17 21:00:00,149.193,149.226,149.088,149.135,374.49
2025.03.17 22:00:00,149.138,149.329,149.138,149.324,3316.23
2025.03.17 23:00:00,149.324,149.396,149.31,149.395,4343.71
2025.03.18 00:00:00,149.394,149.486,149.253,149.461,10787.64
2025.03.18 01:00:00,149.46,149.535,149.36,149.427,8434.06
2025.03.18 02:00:00,149.426,149.722,149.398,149.672,10067.28
2025.03.18 03:00:00,149.673,149.723,149.642,149.688,3827.88
2025.03.18 04:00:00,149.688,149.731,149.542,149.556,4679.27
2025.03.18 05:00:00,149.556,149.738,149.513,149.738,5683.59
2025.03.18 06:00:00,149.737,149.877,149.725,149.734,10085.4
2025.03.18 07:00:00,149.736,149.858,149.708,149.83,11660.17
2025.03.18 08:00:00,149.831,149.9,149.651,149.751,12567.31
2025.03.18 09:00:00,149.75,149.847,149.702,149.787,8856.02
2025.03.18 10:00:00,149.786,149.818,149.596,149.65,11257.84
2025.03.18 11:00:00,149.651,149.769,149.561,149.744,10871.61
2025.03.18 12:00:00,149.745,149.934,149.63,149.838,14050.06
2025.03.18 13:00:00,149.84,149.892,149.587,149.597,19894.16
2025.03.18 14:00:00,149.592,149.752,149.446,149.666,22488.54
2025.03.18 15:00:00,149.665,149.699,149.415,149.491,16878.49
2025.03.18 16:00:00,149.491,149.649,149.282,149.418,11928.44
2025.03.18 17:00:00,149.417,149.417,149.211,149.25,13192.55
2025.03.18 18:00:00,149.249,149.253,149.094,149.233,8980
2025.03.18 19:00:00,149.232,149.288,149.144,149.273,10380.6
2025.03.18 20:00:00,149.274,149.387,149.25,149.25,3214.53
2025.03.18 21:00:00,149.251,149.266,149.199,149.232,675.43
2025.03.18 22:00:00,149.233,149.4,149.186,149.385,2191.95
2025.03.18 23:00:00,149.386,149.475,149.281,149.438,4546.22
2025.03.19 00:00:00,149.439,149.645,149.297,149.603,10174.73
2025.03.19 01:00:00,149.607,149.643,149.438,149.46,7081.48
2025.03.19 02:00:00,149.461,149.552,149.202,149.418,8544.1
2025.03.19 03:00:00,149.419,149.514,149.3,149.321,3702.58
2025.03.19 04:00:00,149.322,149.57,149.305,149.533,4159.2
2025.03.19 05:00:00,149.538,149.776,149.534,149.773,5026.9
2025.03.19 06:00:00,149.772,150.019,149.558,149.659,12982.31
2025.03.19 07:00:00,149.664,149.68,149.14,149.272,23728.2
2025.03.19 08:00:00,149.276,149.683,149.276,149.627,16752.82
2025.03.19 09:00:00,149.628,149.79,149.569,149.758,8420.65
2025.03.19 10:00:00,149.759,149.812,149.672,149.775,7137.95
2025.03.19 11:00:00,149.773,149.882,149.75,149.828,8091.42
2025.03.19 12:00:00,149.828,149.848,149.598,149.793,11376.79
2025.03.19 13:00:00,149.793,150.106,149.74,150.074,15839.6
2025.03.19 14:00:00,150.073,150.146,149.796,149.876,16277.27
2025.03.19 15:00:00,149.876,150.047,149.81,150.031,10871.77
2025.03.19 16:00:00,150.03,150.031,149.847,149.94,7190.31
2025.03.19 17:00:00,149.939,149.995,149.872,149.905,8486.77
2025.03.19 18:00:00,149.905,149.918,148.66,148.827,27998.02
2025.03.19 19:00:00,148.833,149.142,148.767,148.842,19470.1
2025.03.19 20:00:00,148.846,148.899,148.604,148.678,6344.83
2025.03.19 21:00:00,148.674,148.817,148.673,148.799,395.67
2025.03.19 22:00:00,148.799,148.872,148.545,148.589,5311.36
2025.03.19 23:00:00,148.591,148.712,148.456,148.456,7066.93
2025.03.20 00:00:00,148.456,148.519,148.276,148.298,8535.35
2025.03.20 01:00:00,148.299,148.415,148.198,148.301,7351.74
2025.03.20 02:00:00,148.3,148.43,148.179,148.429,6666.46
2025.03.20 03:00:00,148.428,148.446,148.331,148.364,4804.8
2025.03.20 04:00:00,148.368,148.415,148.299,148.394,3349.59
2025.03.20 05:00:00,148.395,148.461,148.341,148.368,3417.66
2025.03.20 06:00:00,148.366,148.366,148.178,148.278,6953.93
2025.03.20 07:00:00,148.28,148.641,148.254,148.588,11214.12
2025.03.20 08:00:00,148.589,148.685,148.392,148.542,13153.42
2025.03.20 09:00:00,148.541,148.78,148.539,148.744,10673.52
2025.03.20 10:00:00,148.744,148.745,148.439,148.598,14287.6
2025.03.20 11:00:00,148.596,148.636,148.399,148.457,7528.98
2025.03.20 12:00:00,148.457,148.692,148.398,148.556,15278.33
2025.03.20 13:00:00,148.558,148.825,148.449,148.777,19768.8
2025.03.20 14:00:00,148.788,148.92,148.691,148.699,20287.46
2025.03.20 15:00:00,148.699,148.959,148.681,148.847,17366.38
2025.03.20 16:00:00,148.847,148.958,148.721,148.751,14951.76
2025.03.20 17:00:00,148.75,148.924,148.746,148.768,9465.89
2025.03.20 18:00:00,148.765,148.881,148.712,148.804,7233.61
2025.03.20 19:00:00,148.803,148.857,148.747,148.785,9736.19
2025.03.20 20:00:00,148.783,148.823,148.748,148.765,6340.4
2025.03.20 21:00:00,148.764,148.764,148.667,148.763,479.06
2025.03.20 22:00:00,148.772,148.795,148.706,148.717,2518.69
2025.03.20 23:00:00,148.717,148.771,148.585,148.619,3987.73
2025.03.21 00:00:00,148.621,149.03,148.587,148.989,12841.07
2025.03.21 01:00:00,148.989,149.192,148.947,149.088,14852.95
2025.03.21 02:00:00,149.087,149.099,148.93,149.069,6757.21
2025.03.21 03:00:00,149.069,149.247,148.979,149.208,5412.98
2025.03.21 04:00:00,149.207,149.481,149.202,149.413,15077.33
2025.03.21 05:00:00,149.413,149.631,149.41,149.554,7238.4
2025.03.21 06:00:00,149.56,149.61,149.44,149.57,8541.74
2025.03.21 07:00:00,149.571,149.66,149.245,149.31,8900.11
2025.03.21 08:00:00,149.31,149.534,149.258,149.479,11973.8
2025.03.21 09:00:00,149.481,149.483,149.279,149.384,8439.35
2025.03.21 10:00:00,149.385,149.441,149.197,149.198,9073.94
2025.03.21 11:00:00,149.199,149.219,148.854,148.886,9639.52
2025.03.21 12:00:00,148.887,148.936,148.636,148.669,17200.88
2025.03.21 13:00:00,148.67,148.903,148.602,148.869,21782.15
2025.03.21 14:00:00,148.869,148.994,148.769,148.871,21577.1
2025.03.21 15:00:00,148.869,148.988,148.704,148.979,14065.17
2025.03.21 16:00:00,148.982,149.255,148.934,149.236,16150.52
2025.03.21 17:00:00,149.237,149.312,149.157,149.228,10140.87
2025.03.21 18:00:00,149.223,149.316,149.172,149.215,8559.93
2025.03.21 19:00:00,149.215,149.342,149.159,149.334,7770.31
2025.03.21 20:00:00,149.332,149.363,149.265,149.269,2271.97
2025.03.23 21:00:00,149.329,149.411,149.329,149.362,149.25
2025.03.23 22:00:00,149.363,149.635,149.363,149.576,5131.53
2025.03.23 23:00:00,149.574,149.688,149.5,149.66,6355.42
2025.03.24 00:00:00,149.664,149.778,149.454,149.738,11158.7
2025.03.24 01:00:00,149.737,149.951,149.68,149.819,8915.83
2025.03.24 02:00:00,149.818,149.846,149.736,149.834,5552.62
2025.03.24 03:00:00,149.834,149.909,149.733,149.806,3757.19
2025.03.24 04:00:00,149.809,149.823,149.71,149.767,3673.7
2025.03.24 05:00:00,149.768,149.866,149.654,149.689,5953.73
2025.03.24 06:00:00,149.69,149.78,149.534,149.661,8236.84
2025.03.24 07:00:00,149.662,149.847,149.616,149.648,10310.56
2025.03.24 08:00:00,149.645,149.75,149.528,149.621,12007.75
2025.03.24 09:00:00,149.621,149.713,149.516,149.566,10395.03
2025.03.24 10:00:00,149.563,149.621,149.491,149.605,8027.12
2025.03.24 11:00:00,149.604,149.796,149.603,149.75,7320.51
2025.03.24 12:00:00,149.754,149.867,149.703,149.826,12304.9
2025.03.24 13:00:00,149.824,150.256,149.749,150.238,18512.54
2025.03.24 14:00:00,150.24,150.54,150.134,150.471,20676.07
2025.03.24 15:00:00,150.47,150.754,150.445,150.738,14847.86
2025.03.24 16:00:00,150.74,150.753,150.525,150.573,12477.45
2025.03.24 17:00:00,150.572,150.638,150.482,150.606,8192.36
2025.03.24 18:00:00,150.605,150.629,150.486,150.545,7509.37
2025.03.24 19:00:00,150.549,150.652,150.503,150.643,4153.51
2025.03.24 20:00:00,150.643,150.714,150.636,150.687,3730.57
2025.03.24 21:00:00,150.688,150.694,150.605,150.668,718.04
2025.03.24 22:00:00,150.667,150.761,150.663,150.725,1796.76
2025.03.24 23:00:00,150.725,150.859,150.657,150.777,4922.62
2025.03.25 00:00:00,150.784,150.942,150.771,150.933,10084.39
2025.03.25 01:00:00,150.931,150.935,150.599,150.666,7125.84
2025.03.25 02:00:00,150.668,150.79,150.582,150.77,4883.54
2025.03.25 03:00:00,150.768,150.792,150.598,150.619,6052.45
2025.03.25 04:00:00,150.619,150.657,150.509,150.556,4926.51
2025.03.25 05:00:00,150.555,150.566,150.422,150.428,3821.76
2025.03.25 06:00:00,150.429,150.575,150.416,150.544,7593.51
2025.03.25 07:00:00,150.548,150.74,150.537,150.72,9972.75
2025.03.25 08:00:00,150.72,150.766,150.547,150.624,11853.78
2025.03.25 09:00:00,150.626,150.667,150.402,150.49,8509.37
2025.03.25 10:00:00,150.49,150.502,150.174,150.204,10995.27
2025.03.25 11:00:00,150.204,150.259,150.059,150.175,11048.34
2025.03.25 12:00:00,150.174,150.174,149.86,149.967,12241.94
2025.03.25 13:00:00,149.968,149.976,149.717,149.779,16473.12
2025.03.25 14:00:00,149.778,149.868,149.667,149.721,17262.37
2025.03.25 15:00:00,149.724,149.804,149.546,149.763,13496.59
2025.03.25 16:00:00,149.765,149.827,149.703,149.774,7413.1
2025.03.25 17:00:00,149.773,149.854,149.727,149.747,5708.9
2025.03.25 18:00:00,149.747,149.86,149.711,149.845,4829
2025.03.25 19:00:00,149.844,149.938,149.844,149.857,5354.57
2025.03.25 20:00:00,149.857,149.937,149.848,149.897,2350.33
2025.03.25 21:00:00,149.895,149.895,149.841,149.861,469.11
2025.03.25 22:00:00,149.861,149.978,149.861,149.954,1668.03
2025.03.25 23:00:00,149.953,150.006,149.918,149.941,2729.66
2025.03.26 00:00:00,149.939,150.193,149.838,150.174,10436.18
2025.03.26 01:00:00,150.175,150.278,150.049,150.074,10155.68
2025.03.26 02:00:00,150.074,150.273,150.05,150.259,7523.08
2025.03.26 03:00:00,150.259,150.466,150.236,150.433,6929.63
2025.03.26 04:00:00,150.432,150.545,150.429,150.54,5808.03
2025.03.26 05:00:00,150.541,150.622,150.447,150.47,6913.03
2025.03.26 06:00:00,150.47,150.606,150.438,150.444,6576.66
2025.03.26 07:00:00,150.444,150.588,150.363,150.393,9176.92
2025.03.26 08:00:00,150.395,150.407,150.091,150.121,11481.68
2025.03.26 09:00:00,150.122,150.192,150.046,150.113,7855.67
2025.03.26 10:00:00,150.112,150.222,150.017,150.185,4880.42
2025.03.26 11:00:00,150.186,150.269,150.132,150.206,5498.85
2025.03.26 12:00:00,150.206,150.437,150.113,150.392,15412.13
2025.03.26 13:00:00,150.391,150.549,150.305,150.402,21686.53
2025.03.26 14:00:00,150.401,150.595,150.375,150.556,20118.22
2025.03.26 15:00:00,150.56,150.743,150.547,150.68,17727.99
2025.03.26 16:00:00,150.683,150.683,150.404,150.57,17144.2
2025.03.26 17:00:00,150.568,150.716,150.312,150.419,17978.69
2025.03.26 18:00:00,150.419,150.601,150.382,150.454,10884.33
2025.03.26 19:00:00,150.453,150.597,150.444,150.574,8310.21
2025.03.26 20:00:00,150.573,150.595,150.505,150.558,4372.01
2025.03.26 21:00:00,150.559,150.566,150.461,150.525,708.98
2025.03.26 22:00:00,150.525,150.596,150.304,150.306,7629.92
2025.03.26 23:00:00,150.305,150.487,150.28,150.472,6150.1
2025.03.27 00:00:00,150.47,150.62,150.394,150.48,8659.89
2025.03.27 01:00:00,150.479,150.479,150.083,150.12,10250.65
2025.03.27 02:00:00,150.119,150.279,150.117,150.177,6238.46
2025.03.27 03:00:00,150.177,150.256,150.106,150.15,4207.39
2025.03.27 04:00:00,150.149,150.214,150.058,150.195,4710.62
2025.03.27 05:00:00,150.193,150.291,150.136,150.238,4867.14
2025.03.27 06:00:00,150.237,150.448,150.154,150.389,10972.87
2025.03.27 07:00:00,150.39,150.545,150.28,150.534,15836.35
2025.03.27 08:00:00,150.535,150.63,150.49,150.627,15286.63
2025.03.27 09:00:00,150.626,150.928,150.597,150.927,9855.49
2025.03.27 10:00:00,150.928,150.978,150.881,150.927,8541.93
2025.03.27 11:00:00,150.928,151.023,150.82,151.02,8427.31
2025.03.27 12:00:00,151.019,151.088,150.669,150.727,16615.83
2025.03.27 13:00:00,150.727,150.896,150.58,150.872,19076.82
2025.03.27 14:00:00,150.872,151.057,150.763,151.012,21350.98
2025.03.27 15:00:00,151.012,151.032,150.656,150.967,17772.88
2025.03.27 16:00:00,150.969,151.156,150.912,151.008,13156.04
2025.03.27 17:00:00,151.007,151.141,150.962,151.075,12064.94
2025.03.27 18:00:00,151.077,151.143,151.034,151.113,6884.18
2025.03.27 19:00:00,151.11,151.146,151.016,151.037,5774.31
2025.03.27 20:00:00,151.038,151.058,151.025,151.031,2359.68
2025.03.27 21:00:00,151.031,151.048,151.005,151.03,381.9
2025.03.27 22:00:00,151.032,151.114,151.017,151.048,2408.49
2025.03.27 23:00:00,151.043,151.062,150.764,150.85,6888.18
2025.03.28 00:00:00,150.849,151.208,150.829,150.961,11784.39
2025.03.28 01:00:00,150.96,150.975,150.701,150.751,10042.72
2025.03.28 02:00:00,150.756,150.855,150.737,150.83,5580.17
2025.03.28 03:00:00,150.83,150.867,150.712,150.805,4797.69
2025.03.28 04:00:00,150.806,150.94,150.754,150.87,4482.04
2025.03.28 05:00:00,150.87,150.934,150.736,150.762,5792.11
2025.03.28 06:00:00,150.772,150.844,150.608,150.611,9375.01
2025.03.28 07:00:00,150.614,150.649,150.382,150.393,11394.91
2025.03.28 08:00:00,150.393,150.543,150.359,150.532,13203.1
2025.03.28 09:00:00,150.533,150.653,150.498,150.582,10643.43
2025.03.28 10:00:00,150.584,150.731,150.565,150.716,8324.88
2025.03.28 11:00:00,150.716,150.863,150.681,150.802,7732.15
2025.03.28 12:00:00,150.805,150.932,150.561,150.639,16562.88
2025.03.28 13:00:00,150.64,150.783,150.388,150.431,25786.37
2025.03.28 14:00:00,150.438,150.438,149.906,150.092,24901.77
2025.03.28 15:00:00,150.092,150.328,149.997,150.259,20882.17
2025.03.28 16:00:00,150.257,150.294,150.03,150.085,12664.14
2025.03.28 17:00:00,150.085,150.112,149.857,149.98,10546.84
2025.03.28 18:00:00,149.977,150.132,149.909,149.96,6617.12
2025.03.28 19:00:00,149.959,150.001,149.745,149.749,6991.53
2025.03.28 20:00:00,149.749,149.883,149.682,149.818,4212.63
2025.03.30 21:00:00,149.721,149.796,149.62,149.63,507.37
2025.03.30 22:00:00,149.628,149.74,149.397,149.478,6791.55
2025.03.30 23:00:00,149.474,149.622,149.302,149.617,9392.81
2025.03.31 00:00:00,149.617,149.635,149.065,149.297,21176.09
2025.03.31 01:00:00,149.297,149.375,149.022,149.154,15752.56
2025.03.31 02:00:00,149.154,149.193,148.719,148.888,14467.24
2025.03.31 03:00:00,148.889,148.946,148.73,148.922,9797.83
2025.03.31 04:00:00,148.919,149.145,148.833,149.078,10695.68
2025.03.31 05:00:00,149.079,149.245,148.949,149.039,11731.61
2025.03.31 06:00:00,149.034,149.093,148.804,148.998,17390.55
2025.03.31 07:00:00,148.995,149.167,148.698,149.143,20628.47
2025.03.31 08:00:00,149.143,149.292,148.959,149.055,19318.33
2025.03.31 09:00:00,149.054,149.244,148.965,149.194,11844.18
2025.03.31 10:00:00,149.195,149.432,149.164,149.321,9950.27
2025.03.31 11:00:00,149.322,149.408,149.152,149.373,13366.19
2025.03.31 12:00:00,149.376,149.638,149.346,149.599,16870.41
2025.03.31 13:00:00,149.599,149.8,149.405,149.664,28318.25
2025.03.31 14:00:00,149.664,149.885,149.515,149.516,36056.85
2025.03.31 15:00:00,149.514,149.957,149.459,149.907,28094.82
2025.03.31 16:00:00,149.911,149.982,149.8,149.895,11701.33
2025.03.31 17:00:00,149.895,150.098,149.871,150.019,12598.62
2025.03.31 18:00:00,150.025,150.264,150.01,150.119,12603.1
2025.03.31 19:00:00,150.118,150.151,149.875,149.959,15590.28
2025.03.31 20:00:00,149.959,150.009,149.887,149.949,6693.21
2025.03.31 21:00:00,149.949,149.949,149.849,149.919,1123.86
2025.03.31 22:00:00,149.919,149.984,149.831,149.887,3154.16
2025.03.31 23:00:00,149.887,150.14,149.878,149.946,5548.6
2025.04.01 00:00:00,149.946,149.982,149.675,149.734,15447.66
2025.04.01 01:00:00,149.732,149.91,149.633,149.825,11718.78
2025.04.01 02:00:00,149.825,149.85,149.686,149.842,6829.75
2025.04.01 03:00:00,149.843,149.914,149.658,149.658,5527.58
2025.04.01 04:00:00,149.658,149.662,149.531,149.557,7157.8
2025.04.01 05:00:00,149.557,149.918,149.545,149.83,8114.34
2025.04.01 06:00:00,149.828,149.99,149.752,149.941,15244.01
2025.04.01 07:00:00,149.941,149.945,149.582,149.617,19960.68
2025.04.01 08:00:00,149.617,149.689,149.5,149.664,12487.58
2025.04.01 09:00:00,149.666,149.719,149.531,149.619,10038.4
2025.04.01 10:00:00,149.618,149.656,149.356,149.401,21415.13
2025.04.01 11:00:00,149.401,149.431,149.12,149.197,19492.7
2025.04.01 12:00:00,149.194,149.394,149.123,149.385,19246.72
2025.04.01 13:00:00,149.385,149.542,149.384,149.487,21921.17
2025.04.01 14:00:00,149.496,149.505,148.97,149.281,38003.24
2025.04.01 15:00:00,149.284,149.51,149.207,149.405,29779.6
2025.04.01 16:00:00,149.405,149.741,149.377,149.512,25460.57
2025.04.01 17:00:00,149.512,149.558,149.387,149.458,15628.01
2025.04.01 18:00:00,149.462,149.47,149.234,149.396,14287.38
2025.04.01 19:00:00,149.395,149.644,149.39,149.616,12903.64
2025.04.01 20:00:00,149.616,149.635,149.526,149.594,3896.93
2025.04.01 21:00:00,149.592,149.654,149.495,149.644,669.03
2025.04.01 22:00:00,149.646,149.888,149.636,149.818,4933.61
2025.04.01 23:00:00,149.817,149.866,149.741,149.75,4730.73
2025.04.02 00:00:00,149.749,149.915,149.686,149.792,14772.19
2025.04.02 01:00:00,149.79,149.951,149.776,149.861,9471.54
2025.04.02 02:00:00,149.862,149.89,149.761,149.791,6433.11
2025.04.02 03:00:00,149.79,149.793,149.71,149.747,4534.65
2025.04.02 04:00:00,149.746,149.914,149.724,149.898,4501.62
2025.04.02 05:00:00,149.9,149.946,149.827,149.888,4999.62
2025.04.02 06:00:00,149.884,150,149.725,149.758,11275.3
2025.04.02 07:00:00,149.758,149.821,149.63,149.671,15862.36
2025.04.02 08:00:00,149.672,149.678,149.517,149.654,12621.76
2025.04.02 09:00:00,149.654,149.716,149.424,149.445,13559.26
2025.04.02 10:00:00,149.445,149.481,149.312,149.405,16697.15
2025.04.02 11:00:00,149.406,149.43,149.19,149.22,11152.52
2025.04.02 12:00:00,149.219,149.402,149.1,149.174,16703.12
2025.04.02 13:00:00,149.174,149.566,149.151,149.505,23618.7
2025.04.02 14:00:00,149.502,149.787,149.487,149.695,26688.85
2025.04.02 15:00:00,149.694,150.088,149.634,149.988,26502.94
2025.04.02 16:00:00,149.989,150.252,149.953,150.191,18907.22
2025.04.02 17:00:00,150.191,150.205,150.063,150.135,13232.78
2025.04.02 18:00:00,150.134,150.165,149.922,149.926,12375.31
2025.04.02 19:00:00,149.926,150.083,149.918,150.024,13362.35
2025.04.02 20:00:00,150.024,150.484,149.216,149.216,33455.75
2025.04.02 21:00:00,149.216,149.253,148.667,148.675,2833.45
2025.04.02 22:00:00,148.676,148.699,148.15,148.409,16450.11
2025.04.02 23:00:00,148.409,148.409,147.683,147.878,21153.03
2025.04.03 00:00:00,147.876,148.335,147.689,147.884,33241.19
2025.04.03 01:00:00,147.885,148.105,147.538,147.75,22744.21
2025.04.03 02:00:00,147.752,147.884,147.516,147.785,14947.29
2025.04.03 03:00:00,147.785,147.79,147.113,147.268,13008.57
2025.04.03 04:00:00,147.269,147.553,147.204,147.551,12097.07
2025.04.03 05:00:00,147.552,147.636,146.966,147.01,17593.39
2025.04.03 06:00:00,147.004,147.389,146.819,146.839,33456.19
2025.04.03 07:00:00,146.836,147.468,146.805,147.266,20363.01
2025.04.03 08:00:00,147.263,147.361,146.683,146.813,15632.46
2025.04.03 09:00:00,146.814,146.852,146.304,146.555,19265.82
2025.04.03 10:00:00,146.554,146.747,146.257,146.707,21860.04
2025.04.03 11:00:00,146.706,146.771,146.022,146.04,20142.6
2025.04.03 12:00:00,146.038,146.361,145.749,145.889,30218.52
2025.04.03 13:00:00,145.887,146.08,145.526,145.611,39348.66
2025.04.03 14:00:00,145.594,145.918,145.183,145.431,37020.43
2025.04.03 15:00:00,145.431,146.251,145.361,146.045,33024.15
2025.04.03 16:00:00,146.045,146.427,146.011,146.152,30090.06
2025.04.03 17:00:00,146.153,146.27,146.006,146.087,23866.8
2025.04.03 18:00:00,146.085,146.479,145.965,146.425,19831.72
2025.04.03 19:00:00,146.422,146.516,146.212,146.247,19475.62
2025.04.03 20:00:00,146.248,146.304,146.043,146.055,9577.96
2025.04.03 21:00:00,146.055,146.061,145.899,145.918,760.2
2025.04.03 22:00:00,145.938,146.009,145.539,145.629,10299.1
2025.04.03 23:00:00,145.629,146.265,145.617,146.253,14389.34
2025.04.04 00:00:00,146.252,146.405,145.813,145.961,23585.78
2025.04.04 01:00:00,145.961,146.401,145.885,146.064,19685.26
2025.04.04 02:00:00,146.063,146.289,145.991,146.119,13973.97
2025.04.04 03:00:00,146.119,146.174,145.62,145.663,14024.97
2025.04.04 04:00:00,145.663,145.791,145.356,145.422,14424.97
2025.04.04 05:00:00,145.428,145.9,145.298,145.855,16875.75
2025.04.04 06:00:00,145.853,146.156,145.773,146.035,27312.15
2025.04.04 07:00:00,146.037,146.298,145.794,146.271,30994.85
2025.04.04 08:00:00,146.27,146.485,146.146,146.409,26149.22
2025.04.04 09:00:00,146.409,146.546,146.273,146.323,24386.54
2025.04.04 10:00:00,146.33,146.369,145.033,145.111,45624.49
2025.04.04 11:00:00,145.109,145.463,144.55,145.397,45168.69
2025.04.04 12:00:00,145.397,145.641,145.017,145.596,49926.69
2025.04.04 13:00:00,145.599,145.789,145.174,145.711,50621.31
2025.04.04 14:00:00,145.711,145.874,145.041,145.516,39360.14
2025.04.04 15:00:00,145.51,146.22,145.499,145.921,48974.58
2025.04.04 16:00:00,145.921,146.783,145.854,146.713,33986.62
2025.04.04 17:00:00,146.717,147.36,146.528,147.246,33919.68
2025.04.04 18:00:00,147.246,147.429,146.644,146.894,28243.21
2025.04.04 19:00:00,146.896,147.289,146.672,146.826,33857.39
2025.04.04 20:00:00,146.831,147.001,146.758,146.95,14538.42
2025.04.06 21:00:00,145.475,145.635,145.297,145.589,841.79
2025.04.06 22:00:00,145.59,145.684,144.985,145.161,26532.35
2025.04.06 23:00:00,145.164,145.436,144.813,145.434,30732.98
2025.04.07 00:00:00,145.429,145.844,145.182,145.813,37585.08
2025.04.07 01:00:00,145.818,146.339,145.78,146.185,31775.89
2025.04.07 02:00:00,146.184,146.843,146.095,146.619,24799.62
2025.04.07 03:00:00,146.62,146.623,146.195,146.286,17916.58
2025.04.07 04:00:00,146.287,146.464,145.808,145.876,18310.72
2025.04.07 05:00:00,145.877,146.249,145.688,145.741,22468.77
2025.04.07 06:00:00,145.738,145.938,145.114,145.381,34938.19
2025.04.07 07:00:00,145.383,145.803,145.069,145.79,47330.16
2025.04.07 08:00:00,145.79,146.368,145.699,146.218,36196.41
2025.04.07 09:00:00,146.211,146.335,145.82,146.022,28941.44
2025.04.07 10:00:00,146.02,146.622,146.012,146.228,31627.35
2025.04.07 11:00:00,146.225,146.493,146.135,146.385,35149.77
2025.04.07 12:00:00,146.385,147.049,146.38,146.979,42360.07
2025.04.07 13:00:00,146.981,147.091,146.511,147.06,41318.85
2025.04.07 14:00:00,147.056,147.979,146.92,147.566,60388.65
2025.04.07 15:00:00,147.566,147.973,147.102,147.961,50169.93
2025.04.07 16:00:00,147.964,148.107,147.809,147.94,36004.5
2025.04.07 17:00:00,147.937,148.147,147.675,147.935,38847.43
2025.04.07 18:00:00,147.942,148.126,147.742,147.858,30356.81
2025.04.07 19:00:00,147.868,148.013,147.523,147.94,33079.7
2025.04.07 20:00:00,147.941,148.139,147.765,147.804,12666.61
2025.04.07 21:00:00,147.804,147.867,147.617,147.713,392.37
2025.04.07 22:00:00,147.717,148.118,147.715,147.883,8892.88
2025.04.07 23:00:00,147.887,148.118,147.732,147.79,13621.54
2025.04.08 00:00:00,147.789,147.963,147.502,147.605,28658.33
2025.04.08 01:00:00,147.604,147.705,147.401,147.544,29869.61
2025.04.08 02:00:00,147.541,147.549,147.25,147.32,15244.94
2025.04.08 03:00:00,147.32,147.627,147.264,147.593,15475.16
2025.04.08 04:00:00,147.593,147.767,147.45,147.76,13505.9
2025.04.08 05:00:00,147.76,147.798,147.579,147.6,14604.31
2025.04.08 06:00:00,147.6,147.605,147.229,147.242,24249.2
2025.04.08 07:00:00,147.241,147.41,146.966,147.393,34553.28
2025.04.08 08:00:00,147.393,147.484,147.019,147.424,24590.73
2025.04.08 09:00:00,147.423,147.515,147.108,147.185,25503.73
2025.04.08 10:00:00,147.184,147.27,146.856,146.87,21815.17
2025.04.08 11:00:00,146.869,147.182,146.771,146.906,30753.33
2025.04.08 12:00:00,146.904,146.967,146.672,146.826,37476.08
2025.04.08 13:00:00,146.825,147.404,146.662,147.352,43198.67
2025.04.08 14:00:00,147.353,147.667,147.221,147.337,42069.14
2025.04.08 15:00:00,147.338,147.386,146.797,147.023,37910.09
2025.04.08 16:00:00,147.021,147.097,146.496,146.53,42401.22
2025.04.08 17:00:00,146.533,146.67,146.246,146.651,50998.87
2025.04.08 18:00:00,146.651,146.737,146.257,146.385,44798.38
2025.04.08 19:00:00,146.386,146.447,145.962,146.278,42724.93
2025.04.08 20:00:00,146.278,146.477,146.202,146.217,18736.45
2025.04.08 21:00:00,146.215,146.349,146.061,146.182,2047.08
2025.04.08 22:00:00,146.239,146.343,145.897,145.976,11394.65
2025.04.08 23:00:00,145.974,146,145.598,145.849,17774.53
2025.04.09 00:00:00,145.848,145.904,145.131,145.406,33711.84
2025.04.09 01:00:00,145.406,145.715,145.297,145.572,33031.06
2025.04.09 02:00:00,145.571,145.939,145.419,145.64,26542.39
2025.04.09 03:00:00,145.64,145.772,145.258,145.329,27976.62
2025.04.09 04:00:00,145.33,145.409,144.578,144.941,36850.77
2025.04.09 05:00:00,144.943,145.457,144.846,145.102,33458.98
2025.04.09 06:00:00,145.103,145.542,144.7,144.815,39763.59
2025.04.09 07:00:00,144.817,145.638,144.778,145.523,37577.36
2025.04.09 08:00:00,145.524,145.779,145.178,145.294,27845.92
2025.04.09 09:00:00,145.298,145.484,145.161,145.371,19277.09
2025.04.09 10:00:00,145.37,145.441,144.94,145.234,19095.25
2025.04.09 11:00:00,145.233,145.245,144.647,144.648,38039.17
2025.04.09 12:00:00,144.642,144.656,143.992,144.321,38280.28
2025.04.09 13:00:00,144.321,145.083,144.204,144.913,46775.74
2025.04.09 14:00:00,144.915,145.088,144.531,144.722,38749.28
2025.04.09 15:00:00,144.723,145.097,144.722,145.096,32627.85
2025.04.09 16:00:00,145.096,145.204,144.879,144.925,20628.88
2025.04.09 17:00:00,144.925,147.253,144.567,147.079,45069.07
2025.04.09 18:00:00,147.078,148.277,147.04,147.444,41929.61
2025.04.09 19:00:00,147.446,148.147,147.29,147.948,28821.02
2025.04.09 20:00:00,147.946,148.019,147.659,147.754,14519.76
2025.04.09 21:00:00,147.492,147.632,147.233,147.364,649.11
2025.04.09 22:00:00,147.364,147.536,147.257,147.404,15643.62
2025.04.09 23:00:00,147.403,147.71,147.366,147.4,13962.3
2025.04.10 00:00:00,147.402,147.46,146.682,146.725,25717.71
2025.04.10 01:00:00,146.724,147.035,146.644,146.944,23239.19
2025.04.10 02:00:00,146.944,146.983,146.646,146.746,19048.72
2025.04.10 03:00:00,146.747,146.856,146.606,146.828,18418.27
2025.04.10 04:00:00,146.829,146.895,146.502,146.616,14315.1
2025.04.10 05:00:00,146.616,146.743,146.449,146.604,14788.65
2025.04.10 06:00:00,146.605,147.142,146.605,147.048,28706.88
2025.04.10 07:00:00,147.051,147.058,146.24,146.27,30848.41
2025.04.10 08:00:00,146.27,146.426,146.15,146.309,27201.15
2025.04.10 09:00:00,146.309,146.334,145.995,146.008,24119.36
2025.04.10 10:00:00,146.007,146.035,145.554,145.558,22356.7
2025.04.10 11:00:00,145.56,145.645,145.336,145.526,25509.56
2025.04.10 12:00:00,145.527,145.596,144.876,145.45,36228.94
2025.04.10 13:00:00,145.45,145.537,144.777,144.812,36284.3
2025.04.10 14:00:00,144.81,145.054,144.56,144.662,38186.19
2025.04.10 15:00:00,144.663,144.747,144.004,144.344,34587.16
2025.04.10 16:00:00,144.341,144.54,144.066,144.528,39203.85
2025.04.10 17:00:00,144.528,144.873,144.447,144.754,35583.4
2025.04.10 18:00:00,144.755,144.831,144.47,144.578,34359.93
2025.04.10 19:00:00,144.577,145.132,144.573,144.658,30599.38
2025.04.10 20:00:00,144.658,144.833,144.414,144.429,10598.21
2025.04.10 21:00:00,144.423,144.664,144.423,144.533,121.71
2025.04.10 22:00:00,144.545,144.552,143.978,144.083,12977.87
2025.04.10 23:00:00,144.083,144.235,143.712,143.749,22079.64
2025.04.11 00:00:00,143.754,143.767,142.875,143.355,35044.13
2025.04.11 01:00:00,143.353,143.783,143.229,143.533,27193.15
2025.04.11 02:00:00,143.532,143.74,143.271,143.575,19221.37
2025.04.11 03:00:00,143.579,143.605,143.125,143.19,18707.14
2025.04.11 04:00:00,143.19,143.325,142.882,142.921,15109.01
2025.04.11 05:00:00,142.923,143.783,142.92,143.6,19920.52
2025.04.11 06:00:00,143.602,144.142,143.552,143.89,28730.24
2025.04.11 07:00:00,143.889,143.941,142.799,142.835,33072.82
2025.04.11 08:00:00,142.834,143.08,142.062,142.41,36509.39
2025.04.11 09:00:00,142.411,142.709,142.06,142.516,33740.99
2025.04.11 10:00:00,142.518,143.218,142.516,142.99,27154.5
2025.04.11 11:00:00,142.992,143.042,142.505,142.599,24017.85
2025.04.11 12:00:00,142.602,142.96,142.404,142.521,32268.34
2025.04.11 13:00:00,142.527,143.562,142.217,143.098,40123.08
2025.04.11 14:00:00,143.1,143.607,142.831,143.528,30866.03
2025.04.11 15:00:00,143.529,143.719,143.302,143.58,22342.08
2025.04.11 16:00:00,143.58,143.983,143.566,143.78,18374.77
2025.04.11 17:00:00,143.779,144.199,143.683,144.128,19878.8
2025.04.11 18:00:00,144.128,144.167,143.723,143.804,18512.05
2025.04.11 19:00:00,143.804,143.848,143.509,143.595,14541.32
2025.04.11 20:00:00,143.591,143.644,143.432,143.436,6070
2025.04.13 21:00:00,143.876,143.966,143.539,143.659,3283.6
2025.04.13 22:00:00,143.747,144.06,143.503,143.651,15267.22
2025.04.13 23:00:00,143.651,143.898,143.577,143.691,15149.65
2025.04.14 00:00:00,143.692,143.745,142.89,142.903,22261.93
2025.04.14 01:00:00,142.902,142.971,142.248,142.675,23089.96
2025.04.14 02:00:00,142.674,142.998,142.569,142.962,15804.7
2025.04.14 03:00:00,142.962,143.19,142.71,143.021,13206.29
2025.04.14 04:00:00,143.019,143.201,142.635,143.035,10542.02
2025.04.14 05:00:00,143.034,143.275,142.664,142.762,13203.42
2025.04.14 06:00:00,142.765,142.908,142.343,142.425,23135.9
2025.04.14 07:00:00,142.419,143.088,142.227,143.076,22105.11
2025.04.14 08:00:00,143.079,143.164,142.82,142.911,17970.06
2025.04.14 09:00:00,142.912,143.095,142.761,143.071,15540.43
2025.04.14 10:00:00,143.07,143.298,143.048,143.097,13538.46
2025.04.14 11:00:00,143.096,143.357,143.004,143.241,15143.17
2025.04.14 12:00:00,143.241,143.699,143.153,143.668,18801.88
2025.04.14 13:00:00,143.668,144.08,143.513,143.635,32109.1
2025.04.14 14:00:00,143.638,143.823,143.263,143.282,26767.52
2025.04.14 15:00:00,143.284,143.34,142.89,142.971,25558.84
2025.04.14 16:00:00,142.97,143.233,142.779,143.216,21615.08
2025.04.14 17:00:00,143.217,143.348,142.875,143.067,18777.92
2025.04.14 18:00:00,143.067,143.174,142.867,142.891,13292.36
2025.04.14 19:00:00,142.892,143.075,142.856,143.024,12005.12
2025.04.14 20:00:00,143.024,143.178,142.987,142.987,6898.55
2025.04.14 21:00:00,142.897,143.025,142.85,142.961,154.37
2025.04.14 22:00:00,142.978,143.18,142.927,143.102,3644.92
2025.04.14 23:00:00,143.102,143.331,143.001,143.215,8932.16
2025.04.15 00:00:00,143.214,143.591,143.171,143.508,13418.14
2025.04.15 01:00:00,143.507,143.592,143.272,143.377,10280.49
2025.04.15 02:00:00,143.376,143.388,143.096,143.127,8118.15
2025.04.15 03:00:00,143.126,143.183,143.049,143.127,6155.76
2025.04.15 04:00:00,143.128,143.219,142.901,143.037,7418.88
2025.04.15 05:00:00,143.038,143.214,142.99,143.069,8524.52
2025.04.15 06:00:00,143.066,143.38,142.844,143.32,17798.94
2025.04.15 07:00:00,143.318,143.509,143.27,143.299,16774.38
2025.04.15 08:00:00,143.299,143.305,142.842,142.905,18498.59
2025.04.15 09:00:00,142.904,142.934,142.682,142.929,15703.97
2025.04.15 10:00:00,142.929,142.99,142.836,142.841,13102.82
2025.04.15 11:00:00,142.842,143.184,142.822,142.898,16582.18
2025.04.15 12:00:00,142.899,142.926,142.596,142.87,20092.62
2025.04.15 13:00:00,142.874,143.138,142.771,143.045,22276.06
2025.04.15 14:00:00,143.045,143.263,142.669,142.723,28857.55
2025.04.15 15:00:00,142.726,143.191,142.687,143.1,18462.33
2025.04.15 16:00:00,143.099,143.249,143.051,143.089,12588.69
2025.04.15 17:00:00,143.089,143.247,143.04,143.119,10867.27
2025.04.15 18:00:00,143.119,143.224,143.114,143.158,9461.07
2025.04.15 19:00:00,143.158,143.224,143.138,143.188,7504.81
2025.04.15 20:00:00,143.189,143.274,143.131,143.246,4880.95
2025.04.15 21:00:00,143.036,143.218,143.036,143.17,310.14
2025.04.15 22:00:00,143.186,143.187,142.912,143.054,4945.39
2025.04.15 23:00:00,143.054,143.278,143.042,143.157,8577.23
2025.04.16 00:00:00,143.157,143.17,142.766,142.887,12263.57
2025.04.16 01:00:00,142.889,142.991,142.703,142.814,8676.09
2025.04.16 02:00:00,142.814,142.819,142.652,142.716,6565.83
2025.04.16 03:00:00,142.717,142.733,142.496,142.523,8441.93
2025.04.16 04:00:00,142.523,142.673,142.467,142.627,6960.09
2025.04.16 05:00:00,142.628,142.671,142.1,142.14,12351.55
2025.04.16 06:00:00,142.141,142.51,142.101,142.412,18548.53
2025.04.16 07:00:00,142.411,142.458,142.041,142.097,19219.77
2025.04.16 08:00:00,142.098,142.95,142.066,142.62,28084.33
2025.04.16 09:00:00,142.619,142.878,142.487,142.829,15255.5
2025.04.16 10:00:00,142.829,142.914,142.607,142.796,12219.95
2025.04.16 11:00:00,142.794,142.813,142.622,142.657,11150.84
2025.04.16 12:00:00,142.655,142.786,142.434,142.641,22252.56
2025.04.16 13:00:00,142.641,142.69,142.402,142.438,27785.92
2025.04.16 14:00:00,142.432,142.709,142.318,142.505,23087.5
2025.04.16 15:00:00,142.506,142.858,142.492,142.576,21020.01
2025.04.16 16:00:00,142.575,142.644,142.489,142.55,14182.19
2025.04.16 17:00:00,142.55,142.693,142.307,142.352,20808.28
2025.04.16 18:00:00,142.352,142.443,142.067,142.1,19976.96
2025.04.16 19:00:00,142.104,142.129,141.641,142.109,19075.76
2025.04.16 20:00:00,142.107,142.198,141.792,141.837,7563.52
2025.04.16 21:00:00,141.837,141.838,141.67,141.739,388.21
2025.04.16 22:00:00,141.74,141.954,141.71,141.838,4181.82
2025.04.16 23:00:00,141.838,141.967,141.611,141.925,8974.37
2025.04.17 00:00:00,141.927,142.602,141.845,142.582,21257.68
2025.04.17 01:00:00,142.583,142.861,142.508,142.714,15432.17
2025.04.17 02:00:00,142.716,142.728,142.384,142.558,9729.35
2025.04.17 03:00:00,142.557,142.639,142.432,142.607,7180.76
2025.04.17 04:00:00,142.609,142.691,142.578,142.672,5919.53
2025.04.17 05:00:00,142.67,142.864,142.487,142.739,9514.05
2025.04.17 06:00:00,142.743,142.881,142.648,142.738,16963.32
2025.04.17 07:00:00,142.738,142.913,142.604,142.891,17898.31
2025.04.17 08:00:00,142.893,143.087,142.647,142.679,14622.28
2025.04.17 09:00:00,142.678,142.842,142.643,142.768,12245.55
2025.04.17 10:00:00,142.768,142.813,142.498,142.582,15890.37
2025.04.17 11:00:00,142.582,142.62,142.458,142.594,10595.56
2025.04.17 12:00:00,142.598,142.695,142.288,142.318,19805.19
2025.04.17 13:00:00,142.316,142.357,142.138,142.142,26946.55
2025.04.17 14:00:00,142.14,142.276,141.899,142.213,21231.16
2025.04.17 15:00:00,142.215,142.37,142.145,142.333,19766.38
2025.04.17 16:00:00,142.335,142.63,142.186,142.461,17982.54
2025.04.17 17:00:00,142.461,142.563,142.391,142.558,12454.43
2025.04.17 18:00:00,142.557,142.715,142.361,142.444,10785.99
2025.04.17 19:00:00,142.447,142.46,142.35,142.396,9392.73
2025.04.17 20:00:00,142.39,142.499,142.344,142.355,7377.22
2025.04.17 21:00:00,142.357,142.414,142.329,142.394,707.9
2025.04.17 22:00:00,142.373,142.459,142.299,142.374,3137.82
2025.04.17 23:00:00,142.371,142.47,142.314,142.372,2597.01
2025.04.18 00:00:00,142.351,142.421,142.196,142.393,11050.71
2025.04.18 01:00:00,142.393,142.442,142.348,142.359,35911.85
2025.04.18 02:00:00,142.357,142.369,142.285,142.312,26460.4
2025.04.18 03:00:00,142.312,142.355,142.286,142.322,33177.21
2025.04.18 04:00:00,142.324,142.356,142.285,142.334,31986.21
2025.04.18 05:00:00,142.336,142.41,142.306,142.353,18519.48
2025.04.18 06:00:00,142.352,142.387,142.31,142.369,12374.13
2025.04.18 07:00:00,142.369,142.389,142.305,142.389,11955.84
2025.04.18 08:00:00,142.39,142.396,142.334,142.378,13524.9
2025.04.18 09:00:00,142.379,142.394,142.349,142.379,13404.56
2025.04.18 10:00:00,142.379,142.386,142.335,142.364,8103.94
2025.04.18 11:00:00,142.365,142.373,142.275,142.323,13258.8
2025.04.18 12:00:00,142.322,142.358,142.285,142.325,18692.77
2025.04.18 13:00:00,142.325,142.357,142.3,142.347,5390.77
2025.04.18 14:00:00,142.344,142.354,142.252,142.289,12446.66
2025.04.18 15:00:00,142.29,142.298,142.226,142.242,13729.5
2025.04.18 16:00:00,142.237,142.248,142.114,142.204,18019.57
2025.04.18 17:00:00,142.206,142.29,142.164,142.187,17530.5
2025.04.18 18:00:00,142.185,142.195,142.148,142.182,21314.14
2025.04.18 19:00:00,142.182,142.196,142.132,142.178,16940.19
2025.04.18 20:00:00,142.176,142.189,142.091,142.096,4566.66
2025.04.20 21:00:00,142.065,142.085,141.66,141.922,436.05
2025.04.20 22:00:00,141.982,142.129,141.676,141.733,7862.38
2025.04.20 23:00:00,141.733,141.766,141.496,141.588,12464.4
2025.04.21 00:00:00,141.589,141.589,141.137,141.186,19210.15
2025.04.21 01:00:00,141.189,141.202,140.968,140.98,9707.54
2025.04.21 02:00:00,140.979,141.083,140.615,140.787,14450.05
2025.04.21 03:00:00,140.788,140.834,140.656,140.756,8667.78
2025.04.21 04:00:00,140.756,140.976,140.756,140.766,6964.51
2025.04.21 05:00:00,140.766,140.783,140.617,140.646,7554.35
2025.04.21 06:00:00,140.645,140.906,140.617,140.757,9438.25
2025.04.21 07:00:00,140.758,140.819,140.546,140.553,11275.44
2025.04.21 08:00:00,140.556,140.725,140.546,140.573,9138.44
2025.04.21 09:00:00,140.574,140.689,140.467,140.653,9742.83
2025.04.21 10:00:00,140.652,140.993,140.638,140.984,7294.1
2025.04.21 11:00:00,140.986,141.073,140.75,140.791,10773.48
2025.04.21 12:00:00,140.79,141.019,140.638,140.78,11346.24
2025.04.21 13:00:00,140.782,141.039,140.702,140.74,17565.95
2025.04.21 14:00:00,140.741,140.916,140.568,140.901,18741.31
2025.04.21 15:00:00,140.901,141.012,140.79,140.813,15085.45
2025.04.21 16:00:00,140.813,140.973,140.767,140.832,9330.38
2025.04.21 17:00:00,140.834,140.924,140.634,140.645,9331.45
2025.04.21 18:00:00,140.646,140.69,140.566,140.578,8215.07
2025.04.21 19:00:00,140.578,140.887,140.556,140.859,8246.54
2025.04.21 20:00:00,140.858,140.977,140.783,140.783,4194.75
2025.04.21 21:00:00,140.779,140.904,140.779,140.794,679.14
2025.04.21 22:00:00,140.798,140.861,140.712,140.733,4364.14
2025.04.21 23:00:00,140.733,140.914,140.649,140.871,6116.87
2025.04.22 00:00:00,140.872,141.172,140.846,140.85,14886.09
2025.04.22 01:00:00,140.855,140.991,140.754,140.864,11516.81
2025.04.22 02:00:00,140.863,140.863,140.544,140.548,7798.46
2025.04.22 03:00:00,140.548,140.549,140.096,140.203,14050.44
2025.04.22 04:00:00,140.203,140.211,140.094,140.192,8145.53
2025.04.22 05:00:00,140.193,140.346,139.89,139.92,13311.11
2025.04.22 06:00:00,139.92,140.506,139.885,140.394,18100.4
2025.04.22 07:00:00,140.395,140.512,140.205,140.283,17231.08
2025.04.22 08:00:00,140.282,140.629,140.189,140.514,13815.99
2025.04.22 09:00:00,140.515,140.575,140.327,140.453,11401.38
2025.04.22 10:00:00,140.454,140.474,140.209,140.328,9803.79
2025.04.22 11:00:00,140.328,140.387,140.169,140.252,10671.74
2025.04.22 12:00:00,140.252,140.564,140.208,140.527,16993.72
2025.04.22 13:00:00,140.528,140.796,140.51,140.765,24747.6
2025.04.22 14:00:00,140.769,140.92,140.635,140.717,20609.96
2025.04.22 15:00:00,140.717,140.921,140.666,140.874,15819.76
2025.04.22 16:00:00,140.873,141.362,140.791,141.302,20958
2025.04.22 17:00:00,141.28,141.39,141.039,141.11,19561.39
2025.04.22 18:00:00,141.111,141.51,141.106,141.49,10829.26
2025.04.22 19:00:00,141.491,141.634,141.438,141.609,9810.43
2025.04.22 20:00:00,141.608,141.667,141.503,141.509,4346.26
2025.04.22 21:00:00,141.519,142.558,141.452,142.494,2056.86
2025.04.22 22:00:00,142.499,143.218,142.499,143.011,18764.62
2025.04.22 23:00:00,143.011,143.102,142.553,142.701,18010.46
2025.04.23 00:00:00,142.701,142.714,142.06,142.083,19372.73
2025.04.23 01:00:00,142.083,142.253,141.662,141.76,16518.01
2025.04.23 02:00:00,141.76,142.002,141.745,141.891,11239.92
2025.04.23 03:00:00,141.889,142.194,141.802,142.191,9593.16
2025.04.23 04:00:00,142.191,142.244,141.914,141.956,7235.41
2025.04.23 05:00:00,141.955,142.146,141.74,142.072,9729.51
2025.04.23 06:00:00,142.075,142.146,141.603,141.71,16913.07
2025.04.23 07:00:00,141.71,141.941,141.527,141.866,17565.31
2025.04.23 08:00:00,141.868,141.949,141.705,141.736,14675.32
2025.04.23 09:00:00,141.737,141.94,141.576,141.879,10879.1
2025.04.23 10:00:00,141.878,142.031,141.801,141.995,8612.88
2025.04.23 11:00:00,141.995,142.188,141.643,141.647,11102.17
2025.04.23 12:00:00,141.652,141.882,141.573,141.843,13027.98
2025.04.23 13:00:00,141.845,142.689,141.752,142.688,27704.46
2025.04.23 14:00:00,142.689,142.788,142.244,142.631,33833.13
2025.04.23 15:00:00,142.63,142.725,142.177,142.641,28462.48
2025.04.23 16:00:00,142.641,143.073,142.566,143.019,20918.87
2025.04.23 17:00:00,143.018,143.289,142.933,143.237,14221.48
2025.04.23 18:00:00,143.237,143.495,143.235,143.436,13690.28
2025.04.23 19:00:00,143.437,143.485,143.244,143.392,12354.53
2025.04.23 20:00:00,143.397,143.571,143.384,143.442,6043.08
2025.04.23 21:00:00,143.442,143.442,143.034,143.127,612.15
2025.04.23 22:00:00,143.124,143.184,142.881,143.11,6012
2025.04.23 23:00:00,143.109,143.277,143.047,143.194,8241.86
2025.04.24 00:00:00,143.192,143.338,142.857,142.945,13615.45
2025.04.24 01:00:00,142.944,143.078,142.706,142.761,12358.56
2025.04.24 02:00:00,142.761,142.811,142.598,142.781,9997.21
2025.04.24 03:00:00,142.778,142.897,142.74,142.864,6913.74
2025.04.24 04:00:00,142.863,142.915,142.722,142.751,5211.6
2025.04.24 05:00:00,142.753,142.958,142.73,142.781,7523.06
2025.04.24 06:00:00,142.783,142.884,142.663,142.69,10613.68
2025.04.24 07:00:00,142.691,142.747,142.548,142.579,12297.21
2025.04.24 08:00:00,142.579,142.736,142.498,142.634,13013.64
2025.04.24 09:00:00,142.634,142.697,142.423,142.451,8331.51
2025.04.24 10:00:00,142.452,142.513,142.304,142.49,9824.06
2025.04.24 11:00:00,142.488,142.633,142.35,142.593,10770.16
2025.04.24 12:00:00,142.595,142.629,142.289,142.402,12889
2025.04.24 13:00:00,142.403,142.584,142.32,142.498,16658.46
2025.04.24 14:00:00,142.496,142.606,142.276,142.472,20501.53
2025.04.24 15:00:00,142.473,142.775,142.446,142.655,17334.06
2025.04.24 16:00:00,142.654,142.79,142.569,142.644,10162.21
2025.04.24 17:00:00,142.644,142.83,142.619,142.787,7306.52
2025.04.24 18:00:00,142.786,142.83,142.718,142.728,5334.66
2025.04.24 19:00:00,142.727,142.731,142.488,142.693,5463.92
2025.04.24 20:00:00,142.693,142.741,142.521,142.578,3585.35
2025.04.24 21:00:00,142.578,142.684,142.531,142.655,822.42
2025.04.24 22:00:00,142.656,142.79,142.637,142.718,3290.22
2025.04.24 23:00:00,142.717,142.928,142.692,142.851,5331.4
2025.04.25 00:00:00,142.853,143.113,142.817,143.064,11943.87
2025.04.25 01:00:00,143.063,143.105,142.909,142.962,9751.03
2025.04.25 02:00:00,142.963,142.984,142.827,142.965,7928.27
2025.04.25 03:00:00,142.965,143.666,142.891,143.644,12803.19
2025.04.25 04:00:00,143.643,143.801,143.569,143.615,11112.68
2025.04.25 05:00:00,143.616,143.798,143.509,143.62,8992.11
2025.04.25 06:00:00,143.626,143.849,143.438,143.544,13520.67
2025.04.25 07:00:00,143.541,143.684,143.223,143.397,16238.49
2025.04.25 08:00:00,143.401,143.52,143.25,143.415,10895.57
2025.04.25 09:00:00,143.416,143.632,143.235,143.613,10403.2
2025.04.25 10:00:00,143.614,143.732,143.253,143.301,14489.93
2025.04.25 11:00:00,143.3,143.388,143.223,143.373,8628.98
2025.04.25 12:00:00,143.372,143.423,143.303,143.416,11199.5
2025.04.25 13:00:00,143.416,143.871,143.407,143.753,19207.68
2025.04.25 14:00:00,143.753,143.989,143.618,143.985,21129.95
2025.04.25 15:00:00,143.985,144.029,143.73,143.749,12668.89
2025.04.25 16:00:00,143.75,143.817,143.683,143.81,6758.38
2025.04.25 17:00:00,143.812,143.846,143.442,143.523,10776.27
2025.04.25 18:00:00,143.522,143.632,143.458,143.556,10303.26
2025.04.25 19:00:00,143.558,143.65,143.49,143.648,7047.78
2025.04.25 20:00:00,143.646,143.836,143.617,143.623,2727.11
2025.04.27 21:00:00,143.539,143.637,143.449,143.567,411.15
2025.04.27 22:00:00,143.571,143.872,143.567,143.768,5439.52
2025.04.27 23:00:00,143.767,143.877,143.711,143.85,5513.79
2025.04.28 00:00:00,143.851,143.851,143.478,143.486,12621.46
2025.04.28 01:00:00,143.486,143.716,143.342,143.712,8992.39
2025.04.28 02:00:00,143.712,143.859,143.651,143.692,6261.09
2025.04.28 03:00:00,143.692,143.7,143.51,143.582,3329.37
2025.04.28 04:00:00,143.583,143.64,143.314,143.32,5198.37
2025.04.28 05:00:00,143.322,143.537,143.288,143.49,6185.85
2025.04.28 06:00:00,143.49,143.855,143.49,143.832,10417.31
2025.04.28 07:00:00,143.833,143.893,143.618,143.63,10973.59
2025.04.28 08:00:00,143.63,143.706,143.534,143.551,10318.27
2025.04.28 09:00:00,143.541,143.578,143.327,143.451,9243.86
2025.04.28 10:00:00,143.451,143.502,143.384,143.463,7801.09
2025.04.28 11:00:00,143.462,143.547,143.345,143.371,6619.04
2025.04.28 12:00:00,143.373,143.376,143.148,143.342,11137.13
2025.04.28 13:00:00,143.342,143.437,143.066,143.081,17321.22
2025.04.28 14:00:00,143.081,143.127,142.598,142.849,21867.19
2025.04.28 15:00:00,142.853,142.881,142.642,142.703,15247.97
2025.04.28 16:00:00,142.703,142.711,142.274,142.336,9869.4
2025.04.28 17:00:00,142.335,142.37,142.127,142.359,8694.1
2025.04.28 18:00:00,142.36,142.385,142.111,142.125,8433.11
2025.04.28 19:00:00,142.124,142.156,142.038,142.064,6740.34
2025.04.28 20:00:00,142.062,142.097,141.954,141.956,3283.45
2025.04.28 21:00:00,141.968,142.08,141.938,142.061,229.8
2025.04.28 22:00:00,142.07,142.224,142.008,142.215,2732.08
2025.04.28 23:00:00,142.215,142.314,142.078,142.179,5355.63
2025.04.29 00:00:00,142.18,142.28,142.065,142.241,8331.39
2025.04.29 01:00:00,142.245,142.435,142.139,142.41,7165.11
2025.04.29 02:00:00,142.412,142.423,142.121,142.38,7785.09
2025.04.29 03:00:00,142.379,142.49,142.316,142.428,5505
2025.04.29 04:00:00,142.429,142.577,142.408,142.524,4492.08
2025.04.29 05:00:00,142.525,142.548,142.383,142.446,4925.68
2025.04.29 06:00:00,142.447,142.554,142.3,142.471,9338.8
2025.04.29 07:00:00,142.474,142.53,142.346,142.387,11314.13
2025.04.29 08:00:00,142.386,142.609,142.323,142.59,9247.18
2025.04.29 09:00:00,142.59,142.755,142.53,142.742,6619.15
2025.04.29 10:00:00,142.745,142.754,142.648,142.657,6066.93
2025.04.29 11:00:00,142.656,142.756,142.59,142.739,8178.96
2025.04.29 12:00:00,142.739,142.755,142.253,142.305,11664.91
2025.04.29 13:00:00,142.307,142.361,142.047,142.2,16385.08
2025.04.29 14:00:00,142.198,142.394,142.007,142.367,23710.15
2025.04.29 15:00:00,142.368,142.374,142.126,142.294,14750.82
2025.04.29 16:00:00,142.295,142.303,141.968,142.045,12174.1
2025.04.29 17:00:00,142.045,142.302,142.009,142.289,7537.43
2025.04.29 18:00:00,142.29,142.379,142.249,142.284,7086.1
2025.04.29 19:00:00,142.283,142.379,142.201,142.314,5840.9
2025.04.29 20:00:00,142.318,142.445,142.232,142.233,3102.9
2025.04.29 21:00:00,142.244,142.253,142.131,142.237,417.12
2025.04.29 22:00:00,142.24,142.366,142.191,142.262,2598.06
2025.04.29 23:00:00,142.261,142.323,142.16,142.259,3986.58
2025.04.30 00:00:00,142.259,142.508,142.17,142.427,10893.74
2025.04.30 01:00:00,142.426,142.459,142.227,142.443,7789.44
2025.04.30 02:00:00,142.443,142.548,142.362,142.461,5877.81
2025.04.30 03:00:00,142.46,142.53,142.327,142.513,5282
2025.04.30 04:00:00,142.514,142.554,142.416,142.513,4640.2
2025.04.30 05:00:00,142.513,142.545,142.45,142.497,4169.91
2025.04.30 06:00:00,142.498,142.719,142.489,142.579,8252.81
2025.04.30 07:00:00,142.578,142.888,142.578,142.801,8575.59
2025.04.30 08:00:00,142.805,142.945,142.72,142.906,7668.51
2025.04.30 09:00:00,142.906,143.152,142.874,143.107,5899.3
2025.04.30 10:00:00,143.108,143.108,143.003,143.067,5458.86
2025.04.30 11:00:00,143.067,143.134,142.902,143.014,7495.42
2025.04.30 12:00:00,143.013,143.047,142.686,142.817,18927.55
2025.04.30 13:00:00,142.819,142.908,142.639,142.665,20586.2
2025.04.30 14:00:00,142.664,143.042,142.59,142.634,25176.15
2025.04.30 15:00:00,142.634,142.94,142.491,142.63,20482
2025.04.30 16:00:00,142.629,142.761,142.593,142.676,10608.66
2025.04.30 17:00:00,142.675,142.846,142.6,142.836,6727.69
2025.04.30 18:00:00,142.837,143.007,142.761,142.773,10346.51
2025.04.30 19:00:00,142.773,142.98,142.715,142.91,8868.85
2025.04.30 20:00:00,142.911,143.188,142.9,143.047,8135.35
2025.04.30 21:00:00,142.907,143.022,142.907,142.938,414.66
2025.04.30 22:00:00,142.938,143.073,142.938,143.013,3584.5
2025.04.30 23:00:00,143.01,143.078,142.959,143.019,3261.2
2025.05.01 00:00:00,143.018,143.035,142.878,143.004,8109.46
2025.05.01 01:00:00,143.003,143.239,142.99,143.2,4831.47
2025.05.01 02:00:00,143.199,143.21,143.061,143.086,3483.91
2025.05.01 03:00:00,143.074,143.752,142.961,143.687,9695.55
2025.05.01 04:00:00,143.687,143.898,143.687,143.877,5362.96
2025.05.01 05:00:00,143.877,144.254,143.872,144.045,9711.42
2025.05.01 06:00:00,144.049,144.594,144.003,144.585,13716.23
2025.05.01 07:00:00,144.584,144.742,144.306,144.365,12737.87
2025.05.01 08:00:00,144.366,144.39,144.153,144.217,7954.08
2025.05.01 09:00:00,144.217,144.43,144.126,144.391,6277.29
2025.05.01 10:00:00,144.39,144.423,144.249,144.275,5927.58
2025.05.01 11:00:00,144.275,144.554,144.154,144.481,8925.93
2025.05.01 12:00:00,144.481,144.766,144.147,144.708,15313.45
2025.05.01 13:00:00,144.709,144.801,144.537,144.56,19168.86
2025.05.01 14:00:00,144.574,145.498,144.565,145.35,24028.7
2025.05.01 15:00:00,145.349,145.652,145.228,145.475,14528.49
2025.05.01 16:00:00,145.481,145.537,145.351,145.391,11376.54
2025.05.01 17:00:00,145.392,145.576,145.361,145.529,7418.86
2025.05.01 18:00:00,145.529,145.734,145.521,145.679,10590.18
2025.05.01 19:00:00,145.679,145.706,145.502,145.538,7068.41
2025.05.01 20:00:00,145.535,145.557,145.328,145.331,5175.24
2025.05.01 21:00:00,145.339,145.448,145.239,145.257,566.44
2025.05.01 22:00:00,145.291,145.398,145.248,145.329,2684.14
2025.05.01 23:00:00,145.328,145.608,145.328,145.404,4784.95
2025.05.02 00:00:00,145.406,145.924,145.321,145.87,15218.48
2025.05.02 01:00:00,145.87,145.873,145.429,145.436,10060.68
2025.05.02 02:00:00,145.434,145.506,145.297,145.463,7990.31
2025.05.02 03:00:00,145.462,145.473,145.144,145.221,6926.03
2025.05.02 04:00:00,145.221,145.422,145.216,145.388,8347.96
2025.05.02 05:00:00,145.389,145.414,145.182,145.251,8480.56
2025.05.02 06:00:00,145.25,145.3,145.043,145.198,12626.89
2025.05.02 07:00:00,145.198,145.27,145.041,145.125,12289.48
2025.05.02 08:00:00,145.124,145.206,144.819,144.827,10384.48
2025.05.02 09:00:00,144.827,144.9,144.439,144.57,12379.51
2025.05.02 10:00:00,144.572,144.812,144.543,144.663,9704.65
2025.05.02 11:00:00,144.663,144.711,144.363,144.556,11718.98
2025.05.02 12:00:00,144.557,144.956,144.333,144.643,24430.91
2025.05.02 13:00:00,144.643,144.643,143.729,143.863,28108.83
2025.05.02 14:00:00,143.864,144.156,143.727,144.006,25758.61
2025.05.02 15:00:00,144.009,144.635,144.007,144.524,18255.83
2025.05.02 16:00:00,144.524,144.79,144.487,144.67,17067.27
2025.05.02 17:00:00,144.67,144.777,144.578,144.724,9670.02
2025.05.02 18:00:00,144.723,145.084,144.675,145.027,8214.8
2025.05.02 19:00:00,145.025,145.074,144.886,144.98,7758.65
2025.05.02 20:00:00,144.986,145.06,144.847,144.905,4451.61
2025.05.04 21:00:00,144.662,144.84,144.648,144.837,137.24
2025.05.04 22:00:00,144.839,144.989,144.664,144.753,5479.4
2025.05.04 23:00:00,144.752,144.856,144.509,144.648,4994.27
2025.05.05 00:00:00,144.649,144.797,144.611,144.638,6091.4
2025.05.05 01:00:00,144.636,144.636,144.101,144.232,9275.08
2025.05.05 02:00:00,144.231,144.315,144.064,144.169,7076.66
2025.05.05 03:00:00,144.169,144.347,144.155,144.291,4991.54
2025.05.05 04:00:00,144.291,144.293,144.093,144.149,4552.72
2025.05.05 05:00:00,144.147,144.232,143.964,144.177,6751.91
2025.05.05 06:00:00,144.177,144.418,144.171,144.321,11029.64
2025.05.05 07:00:00,144.32,144.422,144.196,144.36,9646.33
2025.05.05 08:00:00,144.361,144.367,143.893,144.05,10852.48
2025.05.05 09:00:00,144.047,144.067,143.816,143.862,8874.72
2025.05.05 10:00:00,143.862,144,143.802,143.954,7754.24
2025.05.05 11:00:00,143.955,143.972,143.747,143.848,8805.28
2025.05.05 12:00:00,143.85,143.893,143.572,143.635,11575.25
2025.05.05 13:00:00,143.634,143.734,143.539,143.671,14693.89
2025.05.05 14:00:00,143.674,144.012,143.631,143.772,22551.35
2025.05.05 15:00:00,143.774,144.002,143.589,143.976,13407.61
2025.05.05 16:00:00,143.981,144.233,143.948,144.168,7706.1
2025.05.05 17:00:00,144.166,144.171,144.031,144.094,5091.48
2025.05.05 18:00:00,144.094,144.135,143.891,143.917,5444.27
2025.05.05 19:00:00,143.917,143.924,143.697,143.764,7931.98
2025.05.05 20:00:00,143.763,143.789,143.655,143.684,4852.76
2025.05.05 21:00:00,143.683,143.751,143.669,143.679,1649.28
2025.05.05 22:00:00,143.675,143.751,143.627,143.74,1855.35
2025.05.05 23:00:00,143.744,143.802,143.556,143.702,3199.19
2025.05.06 00:00:00,143.702,144.018,143.689,143.999,7424.79
2025.05.06 01:00:00,144.008,144.275,143.943,144.045,11092.23
2025.05.06 02:00:00,144.045,144.057,143.651,143.818,8079.62
2025.05.06 03:00:00,143.818,143.861,143.728,143.787,4745.25
2025.05.06 04:00:00,143.788,143.802,143.618,143.708,4352.62
2025.05.06 05:00:00,143.709,143.832,143.693,143.793,4126.41
2025.05.06 06:00:00,143.792,143.927,143.643,143.69,9012.96
2025.05.06 07:00:00,143.692,143.727,143.201,143.327,15928.89
2025.05.06 08:00:00,143.326,143.355,142.902,143.128,13432.92
2025.05.06 09:00:00,143.129,143.352,143.066,143.301,9595.42
2025.05.06 10:00:00,143.3,143.323,143.047,143.059,8313.75
2025.05.06 11:00:00,143.06,143.124,142.744,142.778,9901.16
2025.05.06 12:00:00,142.778,142.961,142.486,142.514,12373.26
2025.05.06 13:00:00,142.513,142.752,142.353,142.463,18293.62
2025.05.06 14:00:00,142.464,142.891,142.406,142.854,19777.5
2025.05.06 15:00:00,142.852,142.942,142.747,142.771,11878.75
2025.05.06 16:00:00,142.769,143.034,142.66,142.728,12964.74
2025.05.06 17:00:00,142.728,142.734,142.509,142.509,10483.48
2025.05.06 18:00:00,142.513,142.647,142.431,142.443,8329.76
2025.05.06 19:00:00,142.444,142.474,142.355,142.394,7715.79
2025.05.06 20:00:00,142.396,142.497,142.382,142.456,4576.89
2025.05.06 21:00:00,142.456,142.512,142.354,142.408,630.31
2025.05.06 22:00:00,142.408,143.276,142.408,143.241,15449.15
2025.05.06 23:00:00,143.238,143.307,143.002,143.087,8157.17
2025.05.07 00:00:00,143.089,143.303,142.838,142.949,16659.54
2025.05.07 01:00:00,142.955,143.172,142.745,142.954,12981.74
2025.05.07 02:00:00,142.955,143.196,142.955,143.124,10852.28
2025.05.07 03:00:00,143.124,143.214,143.055,143.105,6526.04
2025.05.07 04:00:00,143.105,143.325,143.045,143.278,5683.6
2025.05.07 05:00:00,143.278,143.303,143.004,143.056,7091.31
2025.05.07 06:00:00,143.056,143.094,142.826,142.862,10316.12
2025.05.07 07:00:00,142.863,143.275,142.863,143.174,10850.8
2025.05.07 08:00:00,143.173,143.44,143.17,143.316,9638.61
2025.05.07 09:00:00,143.317,143.453,143.259,143.316,7734.94
2025.05.07 10:00:00,143.313,143.323,143.156,143.249,5343.09
2025.05.07 11:00:00,143.251,143.415,143.191,143.392,6306.74
2025.05.07 12:00:00,143.388,143.449,143.274,143.353,10526.56
2025.05.07 13:00:00,143.352,143.36,143.118,143.209,15022.25
2025.05.07 14:00:00,143.21,143.393,143.14,143.304,15150.92
2025.05.07 15:00:00,143.303,143.472,143.209,143.472,15084
2025.05.07 16:00:00,143.472,143.586,143.4,143.411,11316.03
2025.05.07 17:00:00,143.412,143.543,143.258,143.355,7663.23
2025.05.07 18:00:00,143.356,143.78,142.902,143.517,24987.61
2025.05.07 19:00:00,143.519,143.976,143.466,143.811,21914.37
2025.05.07 20:00:00,143.81,143.997,143.772,143.811,6098.17
2025.05.07 21:00:00,143.797,143.799,143.651,143.757,629.28
2025.05.07 22:00:00,143.771,143.911,143.753,143.876,2796.9
2025.05.07 23:00:00,143.876,143.883,143.729,143.861,4322.16
2025.05.08 00:00:00,143.86,143.953,143.565,143.852,11487.56
2025.05.08 01:00:00,143.856,143.897,143.443,143.506,15074.58
2025.05.08 02:00:00,143.504,143.676,143.466,143.67,8358.62
2025.05.08 03:00:00,143.671,143.675,143.53,143.599,5279.56
2025.05.08 04:00:00,143.599,143.783,143.548,143.777,4319.45
2025.05.08 05:00:00,143.779,144.067,143.776,143.924,9720.72
2025.05.08 06:00:00,143.924,144.433,143.844,144.409,15780.55
2025.05.08 07:00:00,144.407,144.518,144.308,144.32,13526.19
2025.05.08 08:00:00,144.321,144.847,144.257,144.808,12197.78
2025.05.08 09:00:00,144.809,144.949,144.74,144.796,9226.18
2025.05.08 10:00:00,144.798,145.004,144.658,144.779,7232.97
2025.05.08 11:00:00,144.778,144.81,144.6,144.643,9717.67
2025.05.08 12:00:00,144.644,144.86,144.508,144.685,15788.4
2025.05.08 13:00:00,144.684,144.684,144.432,144.537,18684.85
2025.05.08 14:00:00,144.537,145.118,144.434,145.011,18784.92
2025.05.08 15:00:00,145.009,145.591,144.902,145.462,28197.01
2025.05.08 16:00:00,145.469,145.785,145.451,145.723,15032.69
2025.05.08 17:00:00,145.72,145.947,145.617,145.713,10281.24
2025.05.08 18:00:00,145.712,145.927,145.677,145.883,6007.91
2025.05.08 19:00:00,145.882,146.176,145.816,145.915,10629.28
2025.05.08 20:00:00,145.915,145.968,145.802,145.899,3842.24
2025.05.08 21:00:00,145.9,145.962,145.739,145.92,2188.33
2025.05.08 22:00:00,145.917,145.934,145.765,145.821,3218.86
2025.05.08 23:00:00,145.828,146.067,145.8,145.95,5097.56
2025.05.09 00:00:00,145.948,146.185,145.674,145.696,12871.58
2025.05.09 01:00:00,145.702,145.831,145.621,145.75,10032.67
2025.05.09 02:00:00,145.755,145.968,145.645,145.665,9219.03
2025.05.09 03:00:00,145.664,145.708,145.46,145.656,8322.53
2025.05.09 04:00:00,145.657,145.657,145.448,145.498,5381.72
2025.05.09 05:00:00,145.498,145.628,145.407,145.425,6327.77
2025.05.09 06:00:00,145.428,145.459,145.234,145.29,9973.13
2025.05.09 07:00:00,145.289,145.411,145.132,145.169,14271.92
2025.05.09 08:00:00,145.171,145.326,145.074,145.184,8373.93
2025.05.09 09:00:00,145.185,145.323,145.096,145.312,6059.46
2025.05.09 10:00:00,145.314,145.403,145.219,145.288,8388.09
2025.05.09 11:00:00,145.289,145.318,144.93,145.126,14274.81
2025.05.09 12:00:00,145.125,145.35,145.1,145.246,10009.61
2025.05.09 13:00:00,145.248,145.297,145.02,145.155,13486.41
2025.05.09 14:00:00,145.155,145.27,144.823,145.001,18776.7
2025.05.09 15:00:00,145.003,145.2,144.997,145.15,14310.07
2025.05.09 16:00:00,145.152,145.295,145.055,145.279,7526.19
2025.05.09 17:00:00,145.279,145.35,145.199,145.234,7254.6
2025.05.09 18:00:00,145.233,145.307,145.145,145.263,5091.45
2025.05.09 19:00:00,145.264,145.369,145.25,145.297,4319.13
2025.05.09 20:00:00,145.297,145.378,145.289,145.299,1902.92
2025.05.11 21:00:00,146.213,146.233,146.075,146.147,798.26
2025.05.11 22:00:00,146.15,146.215,145.767,145.834,7028.6
2025.05.11 23:00:00,145.837,145.92,145.698,145.838,6570.16
2025.05.12 00:00:00,145.836,146.081,145.731,145.905,11931.37
2025.05.12 01:00:00,145.913,146.283,145.844,146.092,12782.25
2025.05.12 02:00:00,146.092,146.102,145.717,145.849,8647.28
2025.05.12 03:00:00,145.851,145.914,145.725,145.727,5100.51
2025.05.12 04:00:00,145.725,145.937,145.715,145.924,3897.87
2025.05.12 05:00:00,145.925,146.127,145.891,146.009,5853.75
2025.05.12 06:00:00,146.011,146.165,145.872,146.119,11606.82
2025.05.12 07:00:00,146.12,147.994,146.097,147.915,36518.37
2025.05.12 08:00:00,147.916,148.226,147.623,147.755,25780.44
2025.05.12 09:00:00,147.754,148.145,147.663,148.071,16707.26
2025.05.12 10:00:00,148.072,148.59,148.045,148.401,19018.61
2025.05.12 11:00:00,148.403,148.415,147.866,147.876,20062.57
2025.05.12 12:00:00,147.88,148.242,147.876,148.047,15569.92
2025.05.12 13:00:00,148.049,148.145,147.809,148.085,22548.69
2025.05.12 14:00:00,148.086,148.328,147.972,148.196,24762.04
2025.05.12 15:00:00,148.197,148.218,148.026,148.096,18298.15
2025.05.12 16:00:00,148.096,148.555,148.043,148.512,10146.1
2025.05.12 17:00:00,148.511,148.636,148.475,148.496,8099.28
2025.05.12 18:00:00,148.496,148.651,148.279,148.336,7018.7
2025.05.12 19:00:00,148.335,148.436,148.265,148.382,6403.67
2025.05.12 20:00:00,148.383,148.478,148.357,148.447,2733.05
2025.05.12 21:00:00,148.449,148.449,148.282,148.319,570.09
2025.05.12 22:00:00,148.32,148.436,148.306,148.364,2239.22
2025.05.12 23:00:00,148.364,148.456,148.19,148.256,4898.83
2025.05.13 00:00:00,148.257,148.257,147.791,147.812,12507.14
2025.05.13 01:00:00,147.812,148.03,147.759,147.834,12078.78
2025.05.13 02:00:00,147.836,147.99,147.759,147.957,7309.83
2025.05.13 03:00:00,147.957,147.988,147.729,147.751,5093.04
2025.05.13 04:00:00,147.751,147.916,147.697,147.698,5111.36
2025.05.13 05:00:00,147.699,147.907,147.644,147.816,6614.52
2025.05.13 06:00:00,147.816,147.985,147.781,147.938,11158.86
2025.05.13 07:00:00,147.939,148.053,147.763,147.85,15141.82
2025.05.13 08:00:00,147.853,148.061,147.731,147.918,11757.97
2025.05.13 09:00:00,147.919,148.025,147.862,147.978,8857.1
2025.05.13 10:00:00,147.979,148.133,147.943,148.056,8730.09
2025.05.13 11:00:00,148.055,148.136,148.022,148.116,6087.35
2025.05.13 12:00:00,148.116,148.272,147.845,147.99,17098.4
2025.05.13 13:00:00,147.992,148.014,147.656,147.881,23231.29
2025.05.13 14:00:00,147.881,148.061,147.809,147.839,22019.24
2025.05.13 15:00:00,147.841,147.907,147.698,147.752,15363.81
2025.05.13 16:00:00,147.752,147.799,147.454,147.605,8987.65
2025.05.13 17:00:00,147.607,147.77,147.561,147.609,6527.9
2025.05.13 18:00:00,147.609,147.66,147.46,147.502,5363.73
2025.05.13 19:00:00,147.5,147.56,147.373,147.424,5515.36
2025.05.13 20:00:00,147.426,147.482,147.375,147.469,2583.35
2025.05.13 21:00:00,147.47,147.48,147.407,147.458,264.96
2025.05.13 22:00:00,147.458,147.476,147.299,147.344,2096.41
2025.05.13 23:00:00,147.344,147.544,147.339,147.521,3532.97
2025.05.14 00:00:00,147.521,147.67,147.278,147.364,9863
2025.05.14 01:00:00,147.364,147.411,147.002,147.203,11306.66
2025.05.14 02:00:00,147.203,147.302,147.114,147.195,7808.3
2025.05.14 03:00:00,147.195,147.24,147.044,147.084,6548.7
2025.05.14 04:00:00,147.082,147.161,146.878,146.944,6187.12
2025.05.14 05:00:00,146.945,147.068,146.838,147.067,5762.27
2025.05.14 06:00:00,147.069,147.215,146.961,147.152,9188.11
2025.05.14 07:00:00,147.153,147.21,146.924,146.977,13382.13
2025.05.14 08:00:00,146.977,146.985,146.125,146.249,22837.27
2025.05.14 09:00:00,146.24,146.349,145.601,145.881,19036.21
2025.05.14 10:00:00,145.88,146.072,145.788,145.922,10260.94
2025.05.14 11:00:00,145.922,146.203,145.918,146.175,9730.23
2025.05.14 12:00:00,146.175,146.394,146.004,146.191,13281.09
2025.05.14 13:00:00,146.19,146.391,145.763,145.999,19724.01
2025.05.14 14:00:00,145.998,146.348,145.99,146.309,21837.54
2025.05.14 15:00:00,146.311,146.651,146.253,146.55,17407.36
2025.05.14 16:00:00,146.551,147.117,146.463,146.695,15127.93
2025.05.14 17:00:00,146.698,146.73,146.437,146.572,8570.6
2025.05.14 18:00:00,146.572,146.796,146.546,146.723,6903.12
2025.05.14 19:00:00,146.72,146.898,146.716,146.82,7807.62
2025.05.14 20:00:00,146.82,146.893,146.732,146.739,3796.08
2025.05.14 21:00:00,146.739,146.739,146.619,146.63,782.56
2025.05.14 22:00:00,146.626,146.684,146.565,146.616,2152.25
2025.05.14 23:00:00,146.613,146.661,146.425,146.635,5034.76
2025.05.15 00:00:00,146.636,146.749,146.167,146.214,10015.19
2025.05.15 01:00:00,146.213,146.329,146.074,146.282,11711.59
2025.05.15 02:00:00,146.283,146.378,146.194,146.225,7413.31
2025.05.15 03:00:00,146.226,146.284,145.951,146.09,7368.72
2025.05.15 04:00:00,146.089,146.17,145.977,146.09,6511.36
2025.05.15 05:00:00,146.088,146.14,145.932,145.979,8883.15
2025.05.15 06:00:00,145.98,146.091,145.479,145.534,13624.63
2025.05.15 07:00:00,145.535,145.94,145.526,145.883,14092.36
2025.05.15 08:00:00,145.887,145.992,145.639,145.748,10599.54
2025.05.15 09:00:00,145.749,145.945,145.727,145.935,7750.81
2025.05.15 10:00:00,145.935,145.979,145.83,145.974,7344.61
2025.05.15 11:00:00,145.972,146.099,145.904,146.083,9520.32
2025.05.15 12:00:00,146.081,146.252,145.63,145.797,17490.57
2025.05.15 13:00:00,145.799,145.925,145.576,145.796,19717.62
2025.05.15 14:00:00,145.797,146.041,145.409,145.858,20812.77
2025.05.15 15:00:00,145.857,145.917,145.609,145.615,14681.89
2025.05.15 16:00:00,145.615,145.715,145.534,145.619,7885.92
2025.05.15 17:00:00,145.618,145.766,145.555,145.751,6504.62
2025.05.15 18:00:00,145.752,145.753,145.609,145.684,5167.61
2025.05.15 19:00:00,145.683,145.724,145.543,145.618,5536.29
2025.05.15 20:00:00,145.618,145.697,145.571,145.653,2570.99
2025.05.15 21:00:00,145.644,145.681,145.525,145.567,315.68
2025.05.15 22:00:00,145.567,145.669,145.439,145.461,2673.45
2025.05.15 23:00:00,145.46,145.677,145.424,145.569,4544.51
2025.05.16 00:00:00,145.571,145.619,145.002,145.087,12087.45
2025.05.16 01:00:00,145.089,145.254,144.96,145.181,9307.53
2025.05.16 02:00:00,145.18,145.422,145.122,145.412,7087.63
2025.05.16 03:00:00,145.414,145.463,145.231,145.262,5883.53
2025.05.16 04:00:00,145.259,145.383,145.189,145.304,4889.29
2025.05.16 05:00:00,145.305,145.372,145.17,145.224,4791.57
2025.05.16 06:00:00,145.224,145.366,144.989,145.055,8698.67
2025.05.16 07:00:00,145.061,145.261,144.92,145.235,11941.49
2025.05.16 08:00:00,145.237,145.418,145.226,145.301,9265.48
2025.05.16 09:00:00,145.299,145.593,145.264,145.56,7799.32
2025.05.16 10:00:00,145.559,145.599,145.442,145.534,7639.87
2025.05.16 11:00:00,145.534,145.678,145.437,145.644,8212.43
2025.05.16 12:00:00,145.643,145.692,145.483,145.512,10162.66
2025.05.16 13:00:00,145.512,145.599,145.425,145.499,12838.48
2025.05.16 14:00:00,145.502,146.071,145.398,145.952,19918.23
2025.05.16 15:00:00,145.954,146.048,145.914,146.02,12383.38
2025.05.16 16:00:00,146.021,146.097,145.862,145.937,7712.64
2025.05.16 17:00:00,145.938,146.031,145.893,145.914,4307.33
2025.05.16 18:00:00,145.913,145.931,145.83,145.896,4032.81
2025.05.16 19:00:00,145.896,145.982,145.828,145.959,3767.71
2025.05.16 20:00:00,145.96,145.96,145.549,145.581,7527.99
2025.05.18 21:00:00,145.284,145.442,145.207,145.438,340.32
2025.05.18 22:00:00,145.438,145.447,145.003,145.155,6687.1
2025.05.18 23:00:00,145.152,145.446,145.122,145.234,5355.66
2025.05.19 00:00:00,145.236,145.334,144.838,144.905,14335.07
2025.05.19 01:00:00,144.905,145.184,144.805,145.133,11872.45
2025.05.19 02:00:00,145.132,145.302,145.053,145.227,9826.29
2025.05.19 03:00:00,145.226,145.291,145.115,145.241,5628.24
2025.05.19 04:00:00,145.241,145.342,145.221,145.312,4713.59
2025.05.19 05:00:00,145.31,145.315,145.151,145.166,7116.15
2025.05.19 06:00:00,145.166,145.212,144.981,144.992,11840.69
2025.05.19 07:00:00,144.993,145.093,144.66,144.849,17656.56
2025.05.19 08:00:00,144.85,145.027,144.829,144.883,12621.05
2025.05.19 09:00:00,144.882,144.972,144.751,144.827,10350.24
2025.05.19 10:00:00,144.826,144.88,144.701,144.801,8842
2025.05.19 11:00:00,144.802,145.042,144.776,144.898,9012.1
2025.05.19 12:00:00,144.897,145.02,144.861,145.017,10278.07
2025.05.19 13:00:00,145.018,145.124,144.857,144.984,19113.12
2025.05.19 14:00:00,144.984,145.215,144.827,144.893,18952.47
2025.05.19 15:00:00,144.895,145.016,144.783,144.989,13467.98
2025.05.19 16:00:00,144.988,145.088,144.955,144.985,7902.83
2025.05.19 17:00:00,144.983,145.111,144.926,145.038,6483.44
2025.05.19 18:00:00,145.037,145.088,144.953,144.973,5666.67
2025.05.19 19:00:00,144.974,144.984,144.797,144.848,4463.5
2025.05.19 20:00:00,144.847,144.888,144.774,144.841,2910.75
2025.05.19 21:00:00,144.84,144.889,144.787,144.854,422.16
2025.05.19 22:00:00,144.858,144.972,144.838,144.946,1766.19
2025.05.19 23:00:00,144.946,145.01,144.84,144.975,3712.66
2025.05.20 00:00:00,144.976,145.512,144.974,145.27,11529.87
2025.05.20 01:00:00,145.27,145.27,144.723,144.896,13653.67
2025.05.20 02:00:00,144.896,145.294,144.747,145.116,8181.41
2025.05.20 03:00:00,145.116,145.181,144.772,144.809,7819.55
2025.05.20 04:00:00,144.809,144.85,144.709,144.763,6428.76
2025.05.20 05:00:00,144.764,144.765,144.321,144.379,11970.06
2025.05.20 06:00:00,144.38,144.528,144.304,144.496,13448.17
2025.05.20 07:00:00,144.497,144.508,144.089,144.124,15821.62
2025.05.20 08:00:00,144.127,144.483,144.123,144.482,12168.06
2025.05.20 09:00:00,144.486,144.615,144.37,144.482,9205.89
2025.05.20 10:00:00,144.484,144.622,144.455,144.594,7850.32
2025.05.20 11:00:00,144.595,144.669,144.455,144.59,8570.15
2025.05.20 12:00:00,144.591,144.835,144.553,144.81,12225.37
2025.05.20 13:00:00,144.809,144.972,144.802,144.848,17745.32
2025.05.20 14:00:00,144.847,144.86,144.515,144.56,21443.05
2025.05.20 15:00:00,144.56,144.77,144.549,144.721,11362.19
2025.05.20 16:00:00,144.722,144.883,144.621,144.807,7292.24
2025.05.20 17:00:00,144.808,144.885,144.633,144.641,5744.4
2025.05.20 18:00:00,144.641,144.693,144.503,144.548,6844.23
2025.05.20 19:00:00,144.546,144.549,144.429,144.542,6367.08
2025.05.20 20:00:00,144.54,144.568,144.452,144.493,3578.86
2025.05.20 21:00:00,144.493,144.567,144.431,144.477,595.42
2025.05.20 22:00:00,144.475,144.49,144.161,144.42,5038.83
2025.05.20 23:00:00,144.421,144.439,144.294,144.318,4144.18
2025.05.21 00:00:00,144.319,144.347,144.121,144.171,12027.61
2025.05.21 01:00:00,144.171,144.349,144.045,144.207,11852.98
2025.05.21 02:00:00,144.206,144.235,143.846,143.863,11488.87
2025.05.21 03:00:00,143.861,143.97,143.723,143.788,8341.52
2025.05.21 04:00:00,143.789,143.872,143.641,143.741,7118.71
2025.05.21 05:00:00,143.743,143.774,143.529,143.566,8783.99
2025.05.21 06:00:00,143.571,143.791,143.459,143.707,17213.01
2025.05.21 07:00:00,143.707,143.959,143.678,143.903,17391.71
2025.05.21 08:00:00,143.902,144.191,143.833,144.117,13584.7
2025.05.21 09:00:00,144.116,144.18,143.981,143.983,11082.62
2025.05.21 10:00:00,143.985,144.02,143.465,143.664,15927.48
2025.05.21 11:00:00,143.664,143.851,143.551,143.75,13102.15
2025.05.21 12:00:00,143.75,143.859,143.623,143.688,16289.71
2025.05.21 13:00:00,143.687,143.89,143.594,143.713,20885.02
2025.05.21 14:00:00,143.717,143.894,143.557,143.67,22691.99
2025.05.21 15:00:00,143.669,143.778,143.599,143.684,15662.73
2025.05.21 16:00:00,143.683,143.769,143.621,143.648,8764.19
2025.05.21 17:00:00,143.648,143.685,143.282,143.487,21811.39
2025.05.21 18:00:00,143.489,143.67,143.452,143.634,12588.15
2025.05.21 19:00:00,143.641,143.694,143.558,143.682,10634.17
2025.05.21 20:00:00,143.681,143.764,143.632,143.668,5051.84
2025.05.21 21:00:00,143.661,143.694,143.551,143.65,855.94
2025.05.21 22:00:00,143.649,144.398,143.641,144.095,8620.77
2025.05.21 23:00:00,144.097,144.148,143.65,143.693,7147.04
2025.05.22 00:00:00,143.691,143.728,143.286,143.468,15074.19
2025.05.22 01:00:00,143.469,143.645,143.197,143.347,11645.14
2025.05.22 02:00:00,143.349,143.468,143.143,143.19,8937.05
2025.05.22 03:00:00,143.189,143.358,143.179,143.313,6640.93
2025.05.22 04:00:00,143.315,143.392,143.253,143.297,5674.54
2025.05.22 05:00:00,143.297,143.434,143.24,143.365,7769.84
2025.05.22 06:00:00,143.365,143.391,143.099,143.33,14355.47
2025.05.22 07:00:00,143.33,143.392,143,143.051,17378.39
2025.05.22 08:00:00,143.051,143.385,142.802,143.275,15765.41
2025.05.22 09:00:00,143.275,143.551,143.257,143.476,13543.55
2025.05.22 10:00:00,143.477,143.694,143.408,143.654,9639.66
2025.05.22 11:00:00,143.654,143.779,143.334,143.36,12816.82
2025.05.22 12:00:00,143.36,143.695,143.27,143.551,18989.74
2025.05.22 13:00:00,143.548,143.898,143.43,143.882,24676.54
2025.05.22 14:00:00,143.883,143.963,143.677,143.758,26239.98
2025.05.22 15:00:00,143.757,144.048,143.754,143.894,18296.22
2025.05.22 16:00:00,143.894,144.115,143.861,144.019,11906.64
2025.05.22 17:00:00,144.017,144.328,144.003,144.218,9339.79
2025.05.22 18:00:00,144.219,144.273,144.09,144.147,5509.96
2025.05.22 19:00:00,144.149,144.15,143.922,143.998,5592.17
2025.05.22 20:00:00,143.997,144.021,143.9,143.999,3069.12
2025.05.22 21:00:00,143.997,144.081,143.895,144.046,594.19
2025.05.22 22:00:00,144.054,144.061,143.809,143.811,3595.17
2025.05.22 23:00:00,143.811,143.922,143.761,143.857,3786.18
2025.05.23 00:00:00,143.859,144.013,143.749,143.862,12477.21
2025.05.23 01:00:00,143.863,143.967,143.583,143.598,11946.11
2025.05.23 02:00:00,143.599,143.652,143.538,143.548,6980.62
2025.05.23 03:00:00,143.55,143.55,143.413,143.433,6222.88
2025.05.23 04:00:00,143.437,143.484,143.356,143.466,6771.9
2025.05.23 05:00:00,143.465,143.582,143.408,143.424,6256.95
2025.05.23 06:00:00,143.427,143.563,143.333,143.431,10639.77
2025.05.23 07:00:00,143.431,143.469,143.233,143.306,15381.99
2025.05.23 08:00:00,143.307,143.42,143.278,143.31,9812.95
2025.05.23 09:00:00,143.311,143.334,143.142,143.31,9661.29
2025.05.23 10:00:00,143.309,143.391,143.274,143.369,8788.89
2025.05.23 11:00:00,143.369,143.428,142.506,142.626,29687.68
2025.05.23 12:00:00,142.629,142.825,142.452,142.604,31820.14
2025.05.23 13:00:00,142.604,142.895,142.525,142.798,27098.14
2025.05.23 14:00:00,142.8,142.885,142.517,142.66,26292.06
2025.05.23 15:00:00,142.662,142.835,142.544,142.61,18589.12
2025.05.23 16:00:00,142.61,142.785,142.61,142.642,11168.91
2025.05.23 17:00:00,142.64,142.733,142.525,142.595,8070.5
2025.05.23 18:00:00,142.594,142.621,142.422,142.521,8464.91
2025.05.23 19:00:00,142.518,142.553,142.456,142.498,6666.21
2025.05.23 20:00:00,142.498,142.58,142.486,142.538,3323.43
2025.05.25 21:00:00,142.441,142.526,142.409,142.435,462.32
2025.05.25 22:00:00,142.437,143.08,142.437,142.781,11274.38
2025.05.25 23:00:00,142.781,142.935,142.748,142.822,4862.61
2025.05.26 00:00:00,142.821,142.883,142.534,142.564,11144.87
2025.05.26 01:00:00,142.565,142.681,142.295,142.368,10913.44
2025.05.26 02:00:00,142.373,142.394,142.225,142.34,9494.6
2025.05.26 03:00:00,142.341,142.567,142.335,142.456,7217.24
2025.05.26 04:00:00,142.456,142.668,142.456,142.567,5452.12
2025.05.26 05:00:00,142.564,142.749,142.473,142.514,7989.35
2025.05.26 06:00:00,142.515,142.803,142.498,142.754,11274.83
2025.05.26 07:00:00,142.759,142.916,142.702,142.895,10188.81
2025.05.26 08:00:00,142.894,142.919,142.753,142.894,6738.64
2025.05.26 09:00:00,142.891,142.988,142.859,142.871,5501.78
2025.05.26 10:00:00,142.87,142.951,142.827,142.859,4438.03
2025.05.26 11:00:00,142.857,142.969,142.818,142.929,4173.54
2025.05.26 12:00:00,142.929,143.032,142.866,142.974,5124.73
2025.05.26 13:00:00,142.977,142.987,142.825,142.835,6003.45
2025.05.26 14:00:00,142.834,142.859,142.747,142.782,6725.01
2025.05.26 15:00:00,142.78,142.856,142.762,142.846,3788.01
2025.05.26 16:00:00,142.846,142.871,142.724,142.725,1735.41
2025.05.26 17:00:00,142.725,142.788,142.709,142.766,598.73
2025.05.26 18:00:00,142.768,142.771,142.751,142.76,413.74
2025.05.26 19:00:00,142.76,142.779,142.738,142.771,568.73
2025.05.26 20:00:00,142.77,142.844,142.761,142.831,1110.98
2025.05.26 21:00:00,142.831,142.97,142.7,142.727,306.09
2025.05.26 22:00:00,142.735,142.772,142.639,142.68,2280.88
2025.05.26 23:00:00,142.68,142.746,142.614,142.628,3355.06
2025.05.27 00:00:00,142.627,142.627,142.244,142.277,10316.55
2025.05.27 01:00:00,142.277,142.383,142.112,142.282,10124.81
2025.05.27 02:00:00,142.281,142.407,142.159,142.384,6837.9
2025.05.27 03:00:00,142.383,142.458,142.352,142.443,4259.3
2025.05.27 04:00:00,142.444,142.859,142.383,142.854,6289.82
2025.05.27 05:00:00,142.853,143.436,142.853,143.259,13641.54
2025.05.27 06:00:00,143.26,143.489,142.973,143.463,16581.75
2025.05.27 07:00:00,143.465,143.864,143.33,143.74,17679.38
2025.05.27 08:00:00,143.738,143.886,143.619,143.865,11550.93
2025.05.27 09:00:00,143.866,144.042,143.804,143.912,11147.7
2025.05.27 10:00:00,143.911,144.176,143.895,144.142,11512.38
2025.05.27 11:00:00,144.141,144.147,144.008,144.097,8647.71
2025.05.27 12:00:00,144.095,144.186,144.009,144.022,11120.97
2025.05.27 13:00:00,144.024,144.179,143.874,144.17,18595.35
2025.05.27 14:00:00,144.169,144.46,144.167,144.391,20914.41
2025.05.27 15:00:00,144.395,144.414,144.22,144.38,12640.97
2025.05.27 16:00:00,144.38,144.436,144.288,144.375,6718.93
2025.05.27 17:00:00,144.375,144.375,144.277,144.315,5371.21
2025.05.27 18:00:00,144.319,144.341,144.245,144.258,5254.9
2025.05.27 19:00:00,144.259,144.333,144.24,144.322,5073.14
2025.05.27 20:00:00,144.322,144.411,144.301,144.314,3215.59
2025.05.27 21:00:00,144.313,144.357,144.238,144.263,959.53
2025.05.27 22:00:00,144.266,144.299,144.169,144.179,2253.93
2025.05.27 23:00:00,144.178,144.309,144.131,144.133,3458.31
2025.05.28 00:00:00,144.133,144.134,143.851,144.124,9244.8
2025.05.28 01:00:00,144.124,144.767,144.087,144.339,16922.4
2025.05.28 02:00:00,144.344,144.641,144.211,144.597,12843.81
2025.05.28 03:00:00,144.593,144.765,144.297,144.356,10938.52
2025.05.28 04:00:00,144.359,144.504,144.271,144.422,7595.23
2025.05.28 05:00:00,144.422,144.771,144.25,144.275,9659.44
2025.05.28 06:00:00,144.277,144.527,144.22,144.526,14079.94
2025.05.28 07:00:00,144.526,144.541,144.07,144.148,14225.9
2025.05.28 08:00:00,144.148,144.204,143.991,144.038,11067.95
2025.05.28 09:00:00,144.039,144.255,143.998,144.225,8619.07
2025.05.28 10:00:00,144.226,144.309,144.079,144.273,7708.44
2025.05.28 11:00:00,144.272,144.429,144.195,144.422,8271.23
2025.05.28 12:00:00,144.421,144.535,144.309,144.513,10414.28
2025.05.28 13:00:00,144.512,144.971,144.512,144.893,18887.49
2025.05.28 14:00:00,144.891,144.918,144.515,144.847,20841.8
2025.05.28 15:00:00,144.848,145.076,144.824,145.047,18734.79
2025.05.28 16:00:00,145.046,145.049,144.91,144.914,9716.4
2025.05.28 17:00:00,144.915,144.94,144.826,144.888,5966.7
2025.05.28 18:00:00,144.888,145.008,144.753,144.836,8255.5
2025.05.28 19:00:00,144.839,144.925,144.811,144.904,7409.09
2025.05.28 20:00:00,144.904,144.909,144.808,144.824,5720.32
2025.05.28 21:00:00,144.795,144.797,144.748,144.791,532.1
2025.05.28 22:00:00,144.798,144.936,144.775,144.897,3827.94
2025.05.28 23:00:00,144.897,146.023,144.888,145.717,21315.61
2025.05.29 00:00:00,145.724,146.099,145.607,146.094,24685.42
2025.05.29 01:00:00,146.095,146.285,145.733,145.777,17366.88
2025.05.29 02:00:00,145.776,145.903,145.597,145.788,11304.54
2025.05.29 03:00:00,145.788,145.813,145.619,145.739,8003.12
2025.05.29 04:00:00,145.741,145.846,145.66,145.742,5766.86
2025.05.29 05:00:00,145.743,146.092,145.699,145.937,8343.92
2025.05.29 06:00:00,145.937,146.015,145.475,145.577,16702.14
2025.05.29 07:00:00,145.577,145.605,145.2,145.259,18403.86
2025.05.29 08:00:00,145.26,145.359,145.137,145.264,13608.45
2025.05.29 09:00:00,145.264,145.286,145.026,145.219,10148.09
2025.05.29 10:00:00,145.221,145.234,144.929,145.015,10975.77
2025.05.29 11:00:00,145.018,145.113,144.88,145.082,12556.71
2025.05.29 12:00:00,145.082,145.082,144.41,144.43,24234.02
2025.05.29 13:00:00,144.433,144.539,144.265,144.364,22647.8
2025.05.29 14:00:00,144.359,144.463,144.151,144.402,19854.31
2025.05.29 15:00:00,144.401,144.416,144.053,144.093,13807.89
2025.05.29 16:00:00,144.092,144.173,144.047,144.143,10508.5
2025.05.29 17:00:00,144.144,144.256,143.978,144.047,8693.77
2025.05.29 18:00:00,144.047,144.072,143.959,143.999,8097.37
2025.05.29 19:00:00,144.001,144.141,143.978,144.138,8686.49
2025.05.29 20:00:00,144.133,144.241,144.101,144.18,4805.54
2025.05.29 21:00:00,144.18,144.189,144.112,144.116,731.91
2025.05.29 22:00:00,144.111,144.157,143.865,144.012,3500.88
2025.05.29 23:00:00,144.012,144.089,143.741,143.751,5628.18
2025.05.30 00:00:00,143.751,144.037,143.585,143.77,14756.01
2025.05.30 01:00:00,143.769,143.94,143.437,143.901,13836.5
2025.05.30 02:00:00,143.901,143.993,143.825,143.926,9864.53
2025.05.30 03:00:00,143.926,143.984,143.829,143.858,7664.92
2025.05.30 04:00:00,143.857,143.86,143.694,143.775,7316.79
2025.05.30 05:00:00,143.777,143.968,143.711,143.825,7032.17
2025.05.30 06:00:00,143.826,144.138,143.758,143.852,12882.42
2025.05.30 07:00:00,143.852,144.158,143.832,144.025,14763.49
2025.05.30 08:00:00,144.025,144.118,143.901,144.05,13326.1
2025.05.30 09:00:00,144.051,144.223,144,144.041,12642.8
2025.05.30 10:00:00,144.042,144.054,143.784,143.929,10762.47
2025.05.30 11:00:00,143.929,144.032,143.813,143.846,9148.35
2025.05.30 12:00:00,143.848,143.861,143.467,143.723,23292.14
2025.05.30 13:00:00,143.722,144.136,143.71,143.995,21415.38
2025.05.30 14:00:00,143.995,144.442,143.805,144.264,27050.96
2025.05.30 15:00:00,144.265,144.332,144.073,144.181,17692.12
2025.05.30 16:00:00,144.181,144.186,143.885,143.895,13553.78
2025.05.30 17:00:00,143.896,143.951,143.79,143.872,8870.35
2025.05.30 18:00:00,143.873,143.939,143.832,143.887,9121.5
2025.05.30 19:00:00,143.889,144.002,143.868,143.875,7052.68
2025.05.30 20:00:00,143.874,144.085,143.867,144.006,5032.87
2025.06.01 21:00:00,143.795,143.897,143.716,143.784,386
2025.06.01 22:00:00,143.749,143.986,143.748,143.84,3029.31
2025.06.01 23:00:00,143.839,143.864,143.725,143.792,4321.56
2025.06.02 00:00:00,143.798,143.798,143.528,143.535,11361.23
2025.06.02 01:00:00,143.535,143.594,143.325,143.46,11646.05
2025.06.02 02:00:00,143.46,143.597,143.413,143.527,7691.94
2025.06.02 03:00:00,143.526,143.643,143.508,143.519,7557.84
2025.06.02 04:00:00,143.519,143.612,143.51,143.535,7751.48
2025.06.02 05:00:00,143.534,143.558,143.305,143.35,9315.74
2025.06.02 06:00:00,143.352,143.377,143.131,143.223,12894.95
2025.06.02 07:00:00,143.223,143.281,142.825,142.899,14360.37
2025.06.02 08:00:00,142.899,142.951,142.794,142.93,14915.05
2025.06.02 09:00:00,142.929,142.936,142.78,142.936,14532.54
2025.06.02 10:00:00,142.934,142.973,142.753,142.806,11250.51
2025.06.02 11:00:00,142.807,142.854,142.621,142.755,11904.69
2025.06.02 12:00:00,142.755,142.894,142.684,142.83,13593.09
2025.06.02 13:00:00,142.83,143.071,142.824,142.9,16982.38
2025.06.02 14:00:00,142.897,142.897,142.538,142.668,23442.68
2025.06.02 15:00:00,142.671,142.844,142.628,142.773,16745.74
2025.06.02 16:00:00,142.772,142.994,142.76,142.931,9353.87
2025.06.02 17:00:00,142.931,142.996,142.874,142.96,6283.06
2025.06.02 18:00:00,142.96,143.001,142.81,142.814,5953.63
2025.06.02 19:00:00,142.815,142.857,142.669,142.708,4896.11
2025.06.02 20:00:00,142.708,142.742,142.672,142.672,3954.48
2025.06.02 21:00:00,142.672,142.683,142.65,142.654,3057.86
2025.06.02 22:00:00,142.656,142.701,142.522,142.528,2465.09
2025.06.02 23:00:00,142.527,142.588,142.378,142.425,4412.09
2025.06.03 00:00:00,142.425,142.787,142.423,142.706,10322.74
2025.06.03 01:00:00,142.708,143.226,142.705,143.126,11385.03
2025.06.03 02:00:00,143.126,143.251,143.008,143.1,7602.89
2025.06.03 03:00:00,143.1,143.267,143.02,143.157,7531.33
2025.06.03 04:00:00,143.157,143.216,142.904,142.945,6335.33
2025.06.03 05:00:00,142.946,143.125,142.87,142.951,6642.95
2025.06.03 06:00:00,142.95,143.097,142.85,142.885,9297.34
2025.06.03 07:00:00,142.885,142.974,142.606,142.827,13033.43
2025.06.03 08:00:00,142.827,142.903,142.673,142.798,11236.25
2025.06.03 09:00:00,142.799,142.932,142.767,142.855,9676.91
2025.06.03 10:00:00,142.855,143.078,142.835,143.056,7834.01
2025.06.03 11:00:00,143.057,143.16,143.044,143.081,7397.33
2025.06.03 12:00:00,143.08,143.446,143.048,143.421,9525.48
2025.06.03 13:00:00,143.42,143.612,143.328,143.533,14883.79
2025.06.03 14:00:00,143.533,143.937,143.533,143.77,20895.63
2025.06.03 15:00:00,143.771,143.99,143.719,143.94,11943.42
2025.06.03 16:00:00,143.938,144.107,143.876,143.981,6597.5
2025.06.03 17:00:00,143.98,144.029,143.838,143.846,5352.96
2025.06.03 18:00:00,143.848,143.943,143.84,143.906,4861.38
2025.06.03 19:00:00,143.907,144.105,143.897,144.071,5596.55
2025.06.03 20:00:00,144.072,144.076,143.92,143.921,3084.23
2025.06.03 21:00:00,143.82,144.015,143.786,143.924,285.82
2025.06.03 22:00:00,143.952,144.042,143.905,143.96,1625.57
2025.06.03 23:00:00,143.957,144.033,143.801,143.818,3804.96
2025.06.04 00:00:00,143.818,144.026,143.772,143.991,11411.47
2025.06.04 01:00:00,143.99,144.284,143.669,143.755,12327.62
2025.06.04 02:00:00,143.757,143.976,143.703,143.925,6412.34
2025.06.04 03:00:00,143.927,144.106,143.833,144.058,5125.19
2025.06.04 04:00:00,144.056,144.28,143.982,144.253,6394.55
2025.06.04 05:00:00,144.251,144.392,144.132,144.21,7191.03
2025.06.04 06:00:00,144.21,144.314,143.883,143.975,10853.22
2025.06.04 07:00:00,143.975,144.094,143.794,144.086,10284.12
2025.06.04 08:00:00,144.088,144.18,143.844,143.888,7975.1
2025.06.04 09:00:00,143.888,144.104,143.851,144.091,7859.21
2025.06.04 10:00:00,144.091,144.31,144.052,144.25,7730.65
2025.06.04 11:00:00,144.25,144.314,144.14,144.269,6456.79
2025.06.04 12:00:00,144.27,144.272,143.505,143.554,19568.95
2025.06.04 13:00:00,143.552,143.831,143.512,143.691,13467.5
2025.06.04 14:00:00,143.691,143.691,142.99,143.132,22228.85
2025.06.04 15:00:00,143.137,143.229,142.913,142.917,15445
2025.06.04 16:00:00,142.917,142.919,142.603,142.639,7139.65
2025.06.04 17:00:00,142.64,142.783,142.629,142.773,5599.51
2025.06.04 18:00:00,142.774,142.835,142.712,142.807,6442.41
2025.06.04 19:00:00,142.807,142.924,142.786,142.882,4240.04
2025.06.04 20:00:00,142.882,142.897,142.703,142.721,3094.63
2025.06.04 21:00:00,142.731,142.793,142.703,142.734,455.31
2025.06.04 22:00:00,142.728,142.829,142.727,142.77,2187.09
2025.06.04 23:00:00,142.769,142.83,142.53,142.724,4241.55
2025.06.05 00:00:00,142.724,142.85,142.61,142.665,12757.53
2025.06.05 01:00:00,142.664,142.971,142.569,142.92,10805.54
2025.06.05 02:00:00,142.922,142.973,142.814,142.891,8386.54
2025.06.05 03:00:00,142.891,143.025,142.701,142.991,9554.25
2025.06.05 04:00:00,142.993,143.075,142.899,143.028,7719.9
2025.06.05 05:00:00,143.028,143.175,143.003,143.152,7496.87
2025.06.05 06:00:00,143.152,143.241,143.028,143.231,9411.9
2025.06.05 07:00:00,143.231,143.392,143.072,143.345,8521.58
2025.06.05 08:00:00,143.346,143.403,143.252,143.279,7185.14
2025.06.05 09:00:00,143.281,143.301,143.111,143.218,7163.28
2025.06.05 10:00:00,143.218,143.225,143.029,143.132,6307.02
2025.06.05 11:00:00,143.131,143.322,143.064,143.268,7515.3
2025.06.05 12:00:00,143.268,143.687,142.772,143.366,22250.48
2025.06.05 13:00:00,143.369,143.528,142.897,143.025,26935.86
2025.06.05 14:00:00,143.024,143.544,143.024,143.455,23378.56
2025.06.05 15:00:00,143.458,143.971,143.452,143.863,15169.42
2025.06.05 16:00:00,143.861,143.975,143.524,143.53,9405.96
2025.06.05 17:00:00,143.529,143.851,143.516,143.682,7134.6
2025.06.05 18:00:00,143.681,143.757,143.57,143.629,7355.25
2025.06.05 19:00:00,143.629,143.764,143.471,143.685,12332.89
2025.06.05 20:00:00,143.685,143.779,143.446,143.446,6353.28
2025.06.05 21:00:00,143.579,143.703,143.308,143.5,605.7
2025.06.05 22:00:00,143.501,143.558,143.451,143.52,2088.78
2025.06.05 23:00:00,143.518,143.596,143.458,143.553,3371.07
2025.06.06 00:00:00,143.554,143.748,143.527,143.72,9076.24
2025.06.06 01:00:00,143.727,143.79,143.623,143.667,7570.19
2025.06.06 02:00:00,143.668,143.899,143.644,143.839,5726.23
2025.06.06 03:00:00,143.839,143.848,143.715,143.757,4488.36
2025.06.06 04:00:00,143.756,143.88,143.732,143.835,4879.33
2025.06.06 05:00:00,143.838,143.978,143.813,143.868,5143.93
2025.06.06 06:00:00,143.865,144.132,143.812,144.024,8179.07
2025.06.06 07:00:00,144.024,144.137,143.801,143.907,9836.31
2025.06.06 08:00:00,143.908,144.068,143.879,144.053,7309.98
2025.06.06 09:00:00,144.052,144.189,144,144.16,7257.03
2025.06.06 10:00:00,144.16,144.16,144.02,144.081,5900.65
2025.06.06 11:00:00,144.081,144.185,144.052,144.154,7317.17
2025.06.06 12:00:00,144.155,144.741,144.077,144.623,23620.83
2025.06.06 13:00:00,144.623,144.972,144.553,144.904,28985.34
2025.06.06 14:00:00,144.905,145.019,144.619,144.898,24646.13
2025.06.06 15:00:00,144.899,145.086,144.762,144.876,17139.09
2025.06.06 16:00:00,144.878,144.981,144.816,144.965,9075.49
2025.06.06 17:00:00,144.962,144.968,144.826,144.866,6771.45
2025.06.06 18:00:00,144.866,144.907,144.809,144.847,5641.22
2025.06.06 19:00:00,144.847,144.847,144.77,144.786,4091.68
2025.06.06 20:00:00,144.785,144.887,144.781,144.816,2294.79
2025.06.08 21:00:00,144.807,144.809,144.759,144.785,209.55
2025.06.08 22:00:00,144.785,144.785,144.647,144.688,2219.76
2025.06.08 23:00:00,144.689,144.746,144.6,144.692,2860.44
2025.06.09 00:00:00,144.69,144.947,144.578,144.936,9421.68
2025.06.09 01:00:00,144.934,144.937,144.474,144.541,8026.22
2025.06.09 02:00:00,144.541,144.568,144.346,144.498,6381.35
2025.06.09 03:00:00,144.497,144.51,144.353,144.492,4567.71
2025.06.09 04:00:00,144.491,144.494,144.349,144.381,4047.82
2025.06.09 05:00:00,144.379,144.494,144.351,144.412,4406.3
2025.06.09 06:00:00,144.412,144.463,144.198,144.209,8397.87
2025.06.09 07:00:00,144.21,144.318,144.101,144.143,9031.89
2025.06.09 08:00:00,144.143,144.175,144.037,144.153,9044.14
2025.06.09 09:00:00,144.153,144.166,143.974,144.103,6811.91
2025.06.09 10:00:00,144.103,144.189,144.033,144.172,5361.54
2025.06.09 11:00:00,144.171,144.527,144.157,144.489,8133.05
2025.06.09 12:00:00,144.492,144.691,144.432,144.631,10946.44
2025.06.09 13:00:00,144.633,144.771,144.594,144.663,13791.14
2025.06.09 14:00:00,144.665,144.748,144.533,144.614,12905.8
2025.06.09 15:00:00,144.613,144.62,144.345,144.371,7818.76
2025.06.09 16:00:00,144.368,144.459,144.365,144.397,3792.82
2025.06.09 17:00:00,144.399,144.473,144.393,144.461,3644.63
2025.06.09 18:00:00,144.463,144.566,144.388,144.557,3503.66
2025.06.09 19:00:00,144.558,144.597,144.501,144.56,3439.12
2025.06.09 20:00:00,144.563,144.634,144.556,144.594,2991.13
2025.06.09 21:00:00,144.518,144.533,144.446,144.494,982.83
2025.06.09 22:00:00,144.493,144.649,144.493,144.599,1262.56
2025.06.09 23:00:00,144.597,144.649,144.497,144.563,1944.58
2025.06.10 00:00:00,144.564,144.657,144.402,144.519,8546.31
2025.06.10 01:00:00,144.518,145.056,144.428,145.01,10364.94
2025.06.10 02:00:00,145.011,145.287,144.893,144.931,9363.88
2025.06.10 03:00:00,144.935,144.985,144.784,144.827,4635.56
2025.06.10 04:00:00,144.827,144.949,144.812,144.935,4166.93
2025.06.10 05:00:00,144.933,144.941,144.447,144.555,9868.14
2025.06.10 06:00:00,144.554,144.655,144.425,144.59,10452.55
2025.06.10 07:00:00,144.591,144.831,144.542,144.741,10727.92
2025.06.10 08:00:00,144.743,144.745,144.562,144.647,6753.74
2025.06.10 09:00:00,144.648,144.771,144.619,144.682,4677.5
2025.06.10 10:00:00,144.68,144.738,144.59,144.605,4055.47
2025.06.10 11:00:00,144.607,144.62,144.481,144.584,4687.1
2025.06.10 12:00:00,144.584,144.646,144.458,144.641,5598.08
2025.06.10 13:00:00,144.643,144.677,144.442,144.529,8454.21
2025.06.10 14:00:00,144.53,144.833,144.517,144.8,8395.56
2025.06.10 15:00:00,144.802,144.947,144.793,144.913,8435.27
2025.06.10 16:00:00,144.911,145.042,144.872,144.969,4805.41
2025.06.10 17:00:00,144.968,145.024,144.914,144.935,2816.48
2025.06.10 18:00:00,144.934,145.02,144.897,144.958,2938.28
2025.06.10 19:00:00,144.957,145.032,144.78,144.902,3700.05
2025.06.10 20:00:00,144.901,144.927,144.832,144.832,2986.68
2025.06.10 21:00:00,144.809,144.863,144.801,144.859,1068.87
2025.06.10 22:00:00,144.821,144.965,144.814,144.96,1793.1
2025.06.10 23:00:00,144.958,145.163,144.796,144.84,6545.77
2025.06.11 00:00:00,144.836,144.961,144.651,144.923,11291.54
2025.06.11 01:00:00,144.925,145.035,144.843,145.005,6084.87
2025.06.11 02:00:00,145.006,145.15,144.848,144.946,5081.89
2025.06.11 03:00:00,144.947,145.06,144.923,145.004,3836.32
2025.06.11 04:00:00,145.008,145.072,144.889,145.033,4535.63
2025.06.11 05:00:00,145.035,145.142,144.976,144.981,4756.48
2025.06.11 06:00:00,144.985,145.244,144.966,145.127,6580.82
2025.06.11 07:00:00,145.125,145.241,145.083,145.121,7461.29
2025.06.11 08:00:00,145.122,145.148,145.002,145.065,5553
2025.06.11 09:00:00,145.065,145.096,144.921,145.082,5864.11
2025.06.11 10:00:00,145.079,145.165,145.046,145.137,4696.61
2025.06.11 11:00:00,145.139,145.335,145.11,145.281,6343.32
2025.06.11 12:00:00,145.28,145.463,144.321,144.729,21483.75
2025.06.11 13:00:00,144.728,145.184,144.612,145.049,15426.5
2025.06.11 14:00:00,145.05,145.088,144.735,144.804,9614.02
2025.06.11 15:00:00,144.805,144.845,144.464,144.487,8594
2025.06.11 16:00:00,144.489,144.628,144.438,144.619,5688.87
2025.06.11 17:00:00,144.618,144.652,144.515,144.522,4670.19
2025.06.11 18:00:00,144.522,144.542,144.329,144.508,7607.15
2025.06.11 19:00:00,144.509,144.646,144.497,144.63,6514.68
2025.06.11 20:00:00,144.629,144.691,144.518,144.518,4229.88
2025.06.11 21:00:00,144.525,144.542,144.462,144.525,405.54
2025.06.11 22:00:00,144.528,144.528,144.192,144.251,3283.96
2025.06.11 23:00:00,144.252,144.316,144.116,144.181,5462.27
2025.06.12 00:00:00,144.18,144.344,143.957,144.042,11755.97
2025.06.12 01:00:00,144.041,144.1,143.724,143.979,10776.15
2025.06.12 02:00:00,143.983,144.116,143.907,143.956,6676.8
2025.06.12 03:00:00,143.956,144.055,143.839,143.894,4128.78
2025.06.12 04:00:00,143.896,144.046,143.888,143.945,3885.5
2025.06.12 05:00:00,143.946,143.982,143.672,143.732,5129.4
2025.06.12 06:00:00,143.728,143.924,143.633,143.733,8045.12
2025.06.12 07:00:00,143.734,144.139,143.734,143.878,9926.02
2025.06.12 08:00:00,143.878,143.942,143.753,143.797,9385.47
2025.06.12 09:00:00,143.795,143.872,143.565,143.699,8685.98
2025.06.12 10:00:00,143.698,143.754,143.446,143.546,9274.44
2025.06.12 11:00:00,143.545,143.785,143.401,143.619,8411.74
2025.06.12 12:00:00,143.617,143.742,143.183,143.288,14174.44
2025.06.12 13:00:00,143.287,143.523,143.198,143.465,13743.84
2025.06.12 14:00:00,143.463,143.752,143.428,143.735,12242.28
2025.06.12 15:00:00,143.737,143.903,143.591,143.647,12019.68
2025.06.12 16:00:00,143.647,143.737,143.547,143.611,8318.86
2025.06.12 17:00:00,143.608,143.733,143.527,143.545,4744.07
2025.06.12 18:00:00,143.546,143.595,143.471,143.522,3794.32
2025.06.12 19:00:00,143.525,143.599,143.486,143.574,3693.67
2025.06.12 20:00:00,143.574,143.595,143.456,143.456,2828.85
2025.06.12 21:00:00,143.459,143.536,143.427,143.505,994.34
2025.06.12 22:00:00,143.505,143.513,143.387,143.449,2335.83
2025.06.12 23:00:00,143.445,143.463,143.074,143.094,4497.89
2025.06.13 00:00:00,143.094,143.191,142.79,143.036,29698.46
2025.06.13 01:00:00,143.042,143.29,142.916,143.171,15523.81
2025.06.13 02:00:00,143.17,143.237,142.95,143.079,10505.27
2025.06.13 03:00:00,143.078,143.744,143.076,143.495,11955.08
2025.06.13 04:00:00,143.495,143.765,143.432,143.65,6778.96
2025.06.13 05:00:00,143.652,143.872,143.51,143.538,9304.33
2025.06.13 06:00:00,143.537,143.739,143.377,143.647,15787.87
2025.06.13 07:00:00,143.646,143.796,143.532,143.796,14292.97
2025.06.13 08:00:00,143.798,143.894,143.665,143.792,7609.38
2025.06.13 09:00:00,143.792,144.163,143.748,144.112,10534.18
2025.06.13 10:00:00,144.113,144.399,143.969,144.353,11564.15
2025.06.13 11:00:00,144.353,144.444,144.105,144.129,9552.79
2025.06.13 12:00:00,144.126,144.317,144.085,144.294,9159.79
2025.06.13 13:00:00,144.295,144.481,144.052,144.097,11965.4
2025.06.13 14:00:00,144.097,144.206,144.018,144.121,15902.18
2025.06.13 15:00:00,144.124,144.19,143.954,144.044,12117.1
2025.06.13 16:00:00,144.043,144.071,143.966,144.033,6236.36
2025.06.13 17:00:00,144.031,144.196,144.014,144.091,6498.09
2025.06.13 18:00:00,144.092,144.096,143.85,143.958,9636.29
2025.06.13 19:00:00,143.958,143.996,143.855,143.934,5821.06
2025.06.13 20:00:00,143.932,144.149,143.923,144.038,6062.72
2025.06.15 21:00:00,143.946,144.42,143.86,144.307,1029.79
2025.06.15 22:00:00,144.306,144.667,144.271,144.471,8074.48
2025.06.15 23:00:00,144.471,144.749,144.45,144.568,7165.27
2025.06.16 00:00:00,144.568,144.603,144.35,144.365,11611.09
2025.06.16 01:00:00,144.371,144.385,144.157,144.345,8282.61
2025.06.16 02:00:00,144.346,144.463,144.291,144.412,4783.38
2025.06.16 03:00:00,144.413,144.486,144.333,144.478,4483.51
2025.06.16 04:00:00,144.481,144.481,144.29,144.305,3569.83
2025.06.16 05:00:00,144.304,144.315,143.972,144.066,6192.73
2025.06.16 06:00:00,144.066,144.242,143.996,144.234,10772.41
2025.06.16 07:00:00,144.235,144.391,144.137,144.181,8666.34
2025.06.16 08:00:00,144.182,144.35,144.096,144.264,6920.11
2025.06.16 09:00:00,144.262,144.338,144.098,144.112,4841.67
2025.06.16 10:00:00,144.112,144.176,144.013,144.045,5124.64
2025.06.16 11:00:00,144.044,144.157,143.975,144.115,5087.18
2025.06.16 12:00:00,144.114,144.282,144.079,144.098,8746.62
2025.06.16 13:00:00,144.098,144.112,143.772,143.806,13814.16
2025.06.16 14:00:00,143.807,144.119,143.651,144.053,13325.31
2025.06.16 15:00:00,144.052,144.206,143.992,144.133,7355.59
2025.06.16 16:00:00,144.132,144.225,144.087,144.172,8050.79
2025.06.16 17:00:00,144.171,144.414,144.159,144.371,3886.77
2025.06.16 18:00:00,144.371,144.605,144.367,144.601,3479.24
2025.06.16 19:00:00,144.602,144.875,144.59,144.859,3859.92
2025.06.16 20:00:00,144.86,144.864,144.696,144.696,2426.52
2025.06.16 21:00:00,144.706,144.731,144.663,144.706,505.91
2025.06.16 22:00:00,144.706,144.822,144.571,144.614,5119.21
2025.06.16 23:00:00,144.615,144.797,144.607,144.682,5403.69
2025.06.17 00:00:00,144.682,145.111,144.67,145.062,11522.98
2025.06.17 01:00:00,145.058,145.058,144.788,144.866,7788.52
2025.06.17 02:00:00,144.867,144.997,144.816,144.944,7346.96
2025.06.17 03:00:00,144.945,144.965,144.615,144.657,7036.56
2025.06.17 04:00:00,144.657,144.67,144.402,144.589,5673.37
2025.06.17 05:00:00,144.59,144.726,144.496,144.663,5908.86
2025.06.17 06:00:00,144.662,144.892,144.556,144.889,8658.39
2025.06.17 07:00:00,144.89,145.022,144.405,144.528,11258.57
2025.06.17 08:00:00,144.528,144.902,144.468,144.902,8527.14
2025.06.17 09:00:00,144.902,144.942,144.773,144.822,8321.61
2025.06.17 10:00:00,144.82,144.833,144.661,144.688,5915.99
2025.06.17 11:00:00,144.691,144.705,144.484,144.613,6337.78
2025.06.17 12:00:00,144.613,144.915,144.383,144.856,10841.23
2025.06.17 13:00:00,144.853,144.938,144.69,144.885,11395.44
2025.06.17 14:00:00,144.889,145.289,144.852,145.185,12649.12
2025.06.17 15:00:00,145.185,145.207,145.012,145.04,6306.69
2025.06.17 16:00:00,145.039,145.257,144.904,145.22,7879.13
2025.06.17 17:00:00,145.221,145.3,145.129,145.247,10343.1
2025.06.17 18:00:00,145.245,145.375,145.188,145.366,7552.99
2025.06.17 19:00:00,145.367,145.38,145.204,145.211,5220.3
2025.06.17 20:00:00,145.213,145.327,145.197,145.252,4381.53
2025.06.17 21:00:00,145.107,145.283,145.107,145.188,666.27
2025.06.17 22:00:00,145.201,145.391,145.201,145.381,2825.22
2025.06.17 23:00:00,145.38,145.432,145.317,145.382,2995.74
2025.06.18 00:00:00,145.384,145.44,145.187,145.316,12269.22
2025.06.18 01:00:00,145.315,145.34,145.152,145.166,7594.34
2025.06.18 02:00:00,145.17,145.223,145.104,145.123,3789.31
2025.06.18 03:00:00,145.12,145.134,145.041,145.069,3026.04
2025.06.18 04:00:00,145.069,145.111,144.925,145.017,3576.61
2025.06.18 05:00:00,145.018,145.056,144.897,145.01,4646.27
2025.06.18 06:00:00,145.013,145.078,144.862,144.9,8932.79
2025.06.18 07:00:00,144.899,145.048,144.853,144.955,6562.5
2025.06.18 08:00:00,144.957,145.128,144.931,144.965,5725.23
2025.06.18 09:00:00,144.964,145.023,144.897,144.931,5048.37
2025.06.18 10:00:00,144.932,144.955,144.801,144.822,5037.02
2025.06.18 11:00:00,144.82,144.927,144.809,144.846,4963.22
2025.06.18 12:00:00,144.844,144.965,144.738,144.89,7814.56
2025.06.18 13:00:00,144.891,144.921,144.713,144.866,8997.15
2025.06.18 14:00:00,144.863,144.965,144.678,144.801,14746.29
2025.06.18 15:00:00,144.801,144.813,144.551,144.578,7631.69
2025.06.18 16:00:00,144.578,144.689,144.529,144.678,5119.92
2025.06.18 17:00:00,144.679,144.822,144.648,144.758,5277.09
2025.06.18 18:00:00,144.743,145.085,144.327,145.041,26913.66
2025.06.18 19:00:00,145.039,145.224,144.995,145.12,16678.57
2025.06.18 20:00:00,145.124,145.187,145.075,145.099,4757.74
2025.06.18 21:00:00,145.11,145.11,145.024,145.043,1058.06
2025.06.18 22:00:00,145.069,145.146,144.894,144.989,3012.41
2025.06.18 23:00:00,144.984,145.081,144.923,144.953,3787.76
2025.06.19 00:00:00,144.953,144.979,144.838,144.883,7801.3
2025.06.19 01:00:00,144.881,145.157,144.734,145.145,10647.88
2025.06.19 02:00:00,145.146,145.215,145.062,145.179,5741.3
2025.06.19 03:00:00,145.178,145.22,145.031,145.072,3614.1
2025.06.19 04:00:00,145.067,145.109,145.023,145.036,3913.05
2025.06.19 05:00:00,145.037,145.262,145.03,145.109,5355.85
2025.06.19 06:00:00,145.113,145.357,145.113,145.262,8247.09
2025.06.19 07:00:00,145.261,145.402,145.243,145.385,8657.35
2025.06.19 08:00:00,145.389,145.41,145.253,145.282,8238.19
2025.06.19 09:00:00,145.283,145.473,145.248,145.438,5519.66
2025.06.19 10:00:00,145.441,145.755,145.409,145.704,6470.89
2025.06.19 11:00:00,145.705,145.77,145.587,145.669,5774.28
2025.06.19 12:00:00,145.67,145.712,145.505,145.542,6589.95
2025.06.19 13:00:00,145.542,145.575,145.349,145.423,7565.22
2025.06.19 14:00:00,145.422,145.712,145.401,145.705,7289.66
2025.06.19 15:00:00,145.705,145.757,145.609,145.634,4327.86
2025.06.19 16:00:00,145.634,145.733,145.624,145.711,2824.16
2025.06.19 17:00:00,145.714,145.727,145.473,145.502,3344.32
2025.06.19 18:00:00,145.503,145.534,145.414,145.487,2420.13
2025.06.19 19:00:00,145.487,145.488,145.343,145.434,2628.32
2025.06.19 20:00:00,145.434,145.48,145.408,145.43,3200.13
2025.06.19 21:00:00,145.301,145.495,145.291,145.399,822.99
2025.06.19 22:00:00,145.422,145.56,145.403,145.48,3967.18
2025.06.19 23:00:00,145.479,145.503,145.195,145.232,5325.36
2025.06.20 00:00:00,145.228,145.313,145.12,145.252,10521.73
2025.06.20 01:00:00,145.25,145.355,145.216,145.334,6021.58
2025.06.20 02:00:00,145.335,145.364,145.229,145.247,4837.14
2025.06.20 03:00:00,145.246,145.315,145.191,145.275,3279.43
2025.06.20 04:00:00,145.277,145.395,145.243,145.348,3689.47
2025.06.20 05:00:00,145.35,145.485,145.304,145.439,5096.87
2025.06.20 06:00:00,145.439,145.476,145.281,145.381,6038.25
2025.06.20 07:00:00,145.382,145.436,145.288,145.41,5202.07
2025.06.20 08:00:00,145.412,145.414,145.264,145.327,5347.06
2025.06.20 09:00:00,145.328,145.355,145.251,145.337,4111.97
2025.06.20 10:00:00,145.336,145.447,145.291,145.436,3360.36
2025.06.20 11:00:00,145.436,145.614,145.413,145.59,6507.57
2025.06.20 12:00:00,145.593,145.716,145.45,145.589,9982.75
2025.06.20 13:00:00,145.589,145.822,145.56,145.743,8974.39
2025.06.20 14:00:00,145.746,145.944,145.733,145.915,10249.78
2025.06.20 15:00:00,145.915,145.956,145.787,145.925,7460.9
2025.06.20 16:00:00,145.926,145.945,145.788,145.839,4649.14
2025.06.20 17:00:00,145.838,145.909,145.778,145.898,4419.48
2025.06.20 18:00:00,145.899,145.993,145.858,145.971,3700.77
2025.06.20 19:00:00,145.972,146.193,145.967,146.177,4615
2025.06.20 20:00:00,146.177,146.214,146.054,146.054,3662.82
2025.06.22 21:00:00,146.671,146.671,146.481,146.509,718.72
2025.06.22 22:00:00,146.488,146.574,146.291,146.364,7176.09
2025.06.22 23:00:00,146.362,146.422,146.207,146.211,4542.78
2025.06.23 00:00:00,146.21,146.519,146.143,146.453,10297.2
2025.06.23 01:00:00,146.452,146.764,146.427,146.671,7405.68
2025.06.23 02:00:00,146.672,146.698,146.369,146.563,6150.07
2025.06.23 03:00:00,146.564,146.732,146.516,146.697,5612.71
2025.06.23 04:00:00,146.698,147.029,146.698,146.986,5234.33
2025.06.23 05:00:00,146.987,147.294,146.948,147.105,7312.57
2025.06.23 06:00:00,147.11,147.396,147.066,147.158,9513.02
2025.06.23 07:00:00,147.161,147.356,147.04,147.333,9066.51
2025.06.23 08:00:00,147.33,147.628,147.326,147.605,8438.53
2025.06.23 09:00:00,147.607,147.951,147.606,147.869,8530.26
2025.06.23 10:00:00,147.869,147.986,147.772,147.981,5677.56
2025.06.23 11:00:00,147.98,148.025,147.509,147.591,7550.35
2025.06.23 12:00:00,147.591,147.634,147.351,147.415,9253.59
2025.06.23 13:00:00,147.416,147.503,147.136,147.311,12409.24
2025.06.23 14:00:00,147.31,147.332,146.491,146.563,21183.46
2025.06.23 15:00:00,146.562,146.619,146.332,146.468,13006.77
2025.06.23 16:00:00,146.467,146.539,146.231,146.362,14595.78
2025.06.23 17:00:00,146.36,146.522,146.15,146.209,12394.32
2025.06.23 18:00:00,146.21,146.243,146.009,146.159,10041.78
2025.06.23 19:00:00,146.157,146.203,146.082,146.144,6094.62
2025.06.23 20:00:00,146.142,146.167,146.029,146.089,4934.15
2025.06.23 21:00:00,146,146.147,146,146.081,289.81
2025.06.23 22:00:00,146.121,146.172,145.753,145.926,7099.28
2025.06.23 23:00:00,145.925,146.041,145.696,145.92,7780.5
2025.06.24 00:00:00,145.92,145.937,145.562,145.603,14835.76
2025.06.24 01:00:00,145.602,145.732,145.472,145.677,8785.87
2025.06.24 02:00:00,145.678,145.708,145.414,145.505,8274.11
2025.06.24 03:00:00,145.504,145.509,145.286,145.415,5312.28
2025.06.24 04:00:00,145.414,145.514,145.332,145.417,4966.13
2025.06.24 05:00:00,145.418,145.512,145.284,145.308,5727.79
2025.06.24 06:00:00,145.305,145.311,145.044,145.196,10173.06
2025.06.24 07:00:00,145.195,145.406,144.994,145.316,12588.09
2025.06.24 08:00:00,145.316,145.332,144.944,145.093,9992.38
2025.06.24 09:00:00,145.094,145.149,144.85,144.967,8547.51
2025.06.24 10:00:00,144.969,145.126,144.914,145.097,4612.96
2025.06.24 11:00:00,145.096,145.145,144.9,144.963,6181.53
2025.06.24 12:00:00,144.967,145.182,144.923,144.989,10611.93
2025.06.24 13:00:00,144.988,145.192,144.854,145.047,9641.02
2025.06.24 14:00:00,145.045,145.046,144.512,144.739,17169.14
2025.06.24 15:00:00,144.74,144.904,144.568,144.9,11363.92
2025.06.24 16:00:00,144.902,144.963,144.661,144.702,6649.25
2025.06.24 17:00:00,144.703,144.75,144.559,144.728,6444.54
2025.06.24 18:00:00,144.728,144.769,144.653,144.682,3925
2025.06.24 19:00:00,144.683,144.788,144.655,144.771,3032.23
2025.06.24 20:00:00,144.77,144.917,144.77,144.885,3021.41
2025.06.24 21:00:00,144.887,144.898,144.737,144.757,411.36
2025.06.24 22:00:00,144.816,144.963,144.816,144.929,1464.62
2025.06.24 23:00:00,144.927,144.973,144.791,144.933,3447.89
2025.06.25 00:00:00,144.934,145.045,144.768,144.885,9448.85
2025.06.25 01:00:00,144.882,144.901,144.624,144.658,7863.17
2025.06.25 02:00:00,144.657,144.836,144.606,144.804,5135.27
2025.06.25 03:00:00,144.806,144.98,144.783,144.972,3238.59
2025.06.25 04:00:00,144.973,144.987,144.864,144.938,2513.42
2025.06.25 05:00:00,144.942,145.163,144.942,145.034,4502.44
2025.06.25 06:00:00,145.033,145.334,145.006,145.299,6687.82
2025.06.25 07:00:00,145.299,145.371,145.234,145.311,6689.46
2025.06.25 08:00:00,145.313,145.497,145.238,145.476,5415.91
2025.06.25 09:00:00,145.478,145.678,145.456,145.628,6006.26
2025.06.25 10:00:00,145.628,145.75,145.547,145.731,4150.82
2025.06.25 11:00:00,145.733,145.798,145.665,145.748,4429.25
2025.06.25 12:00:00,145.75,145.923,145.7,145.86,6557
2025.06.25 13:00:00,145.862,145.949,145.755,145.861,9904.77
2025.06.25 14:00:00,145.861,145.873,145.569,145.701,12355.38
2025.06.25 15:00:00,145.703,145.733,145.525,145.594,6941.08
2025.06.25 16:00:00,145.595,145.603,145.392,145.451,4629.22
2025.06.25 17:00:00,145.456,145.508,145.368,145.391,4691.83
2025.06.25 18:00:00,145.391,145.403,145.147,145.153,4423.6
2025.06.25 19:00:00,145.154,145.244,145.099,145.238,3917.99
2025.06.25 20:00:00,145.239,145.331,145.154,145.154,4042.92
2025.06.25 21:00:00,145.163,145.221,145.123,145.151,686
2025.06.25 22:00:00,145.151,145.261,145.138,145.223,1984.83
2025.06.25 23:00:00,145.223,145.223,144.874,144.912,4260.28
2025.06.26 00:00:00,144.911,144.942,144.682,144.69,6637.38
2025.06.26 01:00:00,144.69,144.927,144.671,144.723,6186.45
2025.06.26 02:00:00,144.717,144.839,144.66,144.692,5956.43
2025.06.26 03:00:00,144.69,144.816,144.567,144.784,5944.78
2025.06.26 04:00:00,144.782,144.965,144.731,144.782,3723.92
2025.06.26 05:00:00,144.783,144.92,144.58,144.642,4749.1
2025.06.26 06:00:00,144.645,144.7,144.279,144.305,11470.11
2025.06.26 07:00:00,144.305,144.306,143.93,144.064,9618.13
2025.06.26 08:00:00,144.063,144.102,143.75,143.924,11659.79
2025.06.26 09:00:00,143.923,144.126,143.898,144.071,6884.27
2025.06.26 10:00:00,144.07,144.219,144.004,144.203,4624.31
2025.06.26 11:00:00,144.205,144.444,144.197,144.389,6629.55
2025.06.26 12:00:00,144.391,144.496,144.122,144.306,12973.46
2025.06.26 13:00:00,144.31,144.495,144.164,144.23,14178.43
2025.06.26 14:00:00,144.23,144.472,144.155,144.407,14198.92
2025.06.26 15:00:00,144.406,144.537,144.313,144.339,9223.73
2025.06.26 16:00:00,144.339,144.417,144.054,144.246,7183.83
2025.06.26 17:00:00,144.247,144.273,144.13,144.187,7113.06
2025.06.26 18:00:00,144.189,144.264,144.152,144.201,3739.92
2025.06.26 19:00:00,144.202,144.404,144.197,144.369,3979.02
2025.06.26 20:00:00,144.371,144.469,144.33,144.352,3343.02
2025.06.26 21:00:00,144.357,144.402,144.259,144.328,289.3
2025.06.26 22:00:00,144.32,144.658,144.32,144.572,2464.55
2025.06.26 23:00:00,144.571,144.741,144.391,144.673,5070.25
2025.06.27 00:00:00,144.666,144.807,144.518,144.65,9971.79
2025.06.27 01:00:00,144.652,144.74,144.274,144.285,7537.77
2025.06.27 02:00:00,144.282,144.393,144.193,144.324,5439.23
2025.06.27 03:00:00,144.325,144.502,144.254,144.456,4929.72
2025.06.27 04:00:00,144.455,144.587,144.408,144.544,4379
2025.06.27 05:00:00,144.546,144.591,144.36,144.426,4553.8
2025.06.27 06:00:00,144.425,144.501,144.205,144.239,7570.75
2025.06.27 07:00:00,144.24,144.552,144.176,144.482,7714.76
2025.06.27 08:00:00,144.48,144.513,144.259,144.422,6234.2
2025.06.27 09:00:00,144.421,144.491,144.349,144.486,5259.92
2025.06.27 10:00:00,144.486,144.68,144.463,144.535,5566.04
2025.06.27 11:00:00,144.534,144.629,144.487,144.492,5216.38
2025.06.27 12:00:00,144.491,144.622,144.362,144.444,13175.63
2025.06.27 13:00:00,144.446,144.805,144.377,144.721,15440.81
2025.06.27 14:00:00,144.716,144.945,144.568,144.88,14204.58
2025.06.27 15:00:00,144.879,144.909,144.611,144.735,8519.31
2025.06.27 16:00:00,144.738,144.754,144.54,144.645,5166.76
2025.06.27 17:00:00,144.644,144.903,144.582,144.737,8237.67
2025.06.27 18:00:00,144.738,144.85,144.642,144.699,8601.62
2025.06.27 19:00:00,144.7,144.793,144.653,144.749,5476.58
2025.06.27 20:00:00,144.75,144.76,144.614,144.614,4683.43
2025.06.29 21:00:00,144.3,144.471,144.298,144.42,333.06
2025.06.29 22:00:00,144.431,144.663,144.426,144.471,6863.01
2025.06.29 23:00:00,144.471,144.54,144.382,144.503,3280.22
2025.06.30 00:00:00,144.5,144.762,144.473,144.618,7399.86
2025.06.30 01:00:00,144.618,144.654,144.247,144.328,8139.6
2025.06.30 02:00:00,144.326,144.327,144.087,144.288,6874.81
2025.06.30 03:00:00,144.289,144.311,144.159,144.217,4419.61
2025.06.30 04:00:00,144.218,144.234,143.913,143.942,4282.53
2025.06.30 05:00:00,143.944,143.946,143.795,143.908,6324.71
2025.06.30 06:00:00,143.909,144.018,143.852,143.882,8481.11
2025.06.30 07:00:00,143.883,144.169,143.779,144.123,9408.78
2025.06.30 08:00:00,144.128,144.213,144.014,144.113,6933
2025.06.30 09:00:00,144.114,144.265,144.053,144.264,5600.53
2025.06.30 10:00:00,144.267,144.288,144.177,144.179,4067.95
2025.06.30 11:00:00,144.182,144.342,144.154,144.331,4575.4
2025.06.30 12:00:00,144.33,144.494,144.285,144.46,5743.07
2025.06.30 13:00:00,144.459,144.509,144.317,144.363,9715.9
2025.06.30 14:00:00,144.362,144.5,144.211,144.445,15310.7
2025.06.30 15:00:00,144.446,144.497,144.153,144.166,13222.18
2025.06.30 16:00:00,144.162,144.387,144.139,144.222,8369.49
2025.06.30 17:00:00,144.224,144.32,144.153,144.251,5888.25
2025.06.30 18:00:00,144.251,144.294,144.131,144.203,5886.23
2025.06.30 19:00:00,144.203,144.244,143.992,144.035,4788.3
2025.06.30 20:00:00,144.032,144.054,143.952,143.998,4879.62
2025.06.30 21:00:00,143.998,144.046,143.95,143.958,522.63
2025.06.30 22:00:00,143.978,144.029,143.858,143.919,2225.49
2025.06.30 23:00:00,143.916,143.93,143.774,143.805,2581.57
2025.07.01 00:00:00,143.806,143.81,143.555,143.567,8539.16
2025.07.01 01:00:00,143.566,143.807,143.437,143.796,7941.12
2025.07.01 02:00:00,143.797,143.834,143.641,143.727,4769.4
2025.07.01 03:00:00,143.729,143.89,143.631,143.879,4531.4
2025.07.01 04:00:00,143.88,143.933,143.751,143.751,4210.65
2025.07.01 05:00:00,143.749,143.749,143.57,143.58,4963.13
2025.07.01 06:00:00,143.579,143.761,143.55,143.671,7320.64
2025.07.01 07:00:00,143.67,143.739,143.067,143.069,8531.19
2025.07.01 08:00:00,143.073,143.134,142.887,143.038,11999.96
2025.07.01 09:00:00,143.039,143.166,142.822,142.942,9169.08
2025.07.01 10:00:00,142.943,142.994,142.822,142.98,6375.88
2025.07.01 11:00:00,142.98,142.99,142.704,142.735,6909.94
2025.07.01 12:00:00,142.739,143.094,142.679,143.068,8350.99
2025.07.01 13:00:00,143.069,143.286,142.932,143.057,11677.46
2025.07.01 14:00:00,143.055,143.479,143.055,143.439,18579.72
2025.07.01 15:00:00,143.438,143.666,143.438,143.578,11202.42
2025.07.01 16:00:00,143.578,143.779,143.575,143.691,8685.1
2025.07.01 17:00:00,143.691,143.75,143.602,143.628,6930.11
2025.07.01 18:00:00,143.629,143.792,143.624,143.719,3793.53
2025.07.01 19:00:00,143.722,143.802,143.579,143.77,5680.18
2025.07.01 20:00:00,143.771,143.771,143.366,143.366,4262.27
2025.07.01 21:00:00,143.366,143.473,143.361,143.387,421.5
2025.07.01 22:00:00,143.392,143.441,143.358,143.408,1512.6
2025.07.01 23:00:00,143.405,143.473,143.34,143.371,2664.69
2025.07.02 00:00:00,143.372,143.659,143.319,143.474,9750.5
2025.07.02 01:00:00,143.475,143.686,143.442,143.654,6719.41
2025.07.02 02:00:00,143.654,143.746,143.508,143.538,4643.33
2025.07.02 03:00:00,143.536,143.589,143.481,143.528,4246.95
2025.07.02 04:00:00,143.526,143.608,143.459,143.553,3320.94
2025.07.02 05:00:00,143.555,143.852,143.541,143.755,6194.33
2025.07.02 06:00:00,143.752,143.885,143.674,143.805,7676.71
2025.07.02 07:00:00,143.806,144.05,143.806,143.899,6991.24
2025.07.02 08:00:00,143.898,143.972,143.777,143.969,5665.51
2025.07.02 09:00:00,143.971,144.244,143.929,144.15,7510.69
2025.07.02 10:00:00,144.15,144.156,143.862,143.924,5118.57
2025.07.02 11:00:00,143.924,144.198,143.89,144.183,5432.71
2025.07.02 12:00:00,144.183,144.213,143.482,143.872,17724.05
2025.07.02 13:00:00,143.874,144.13,143.634,144,14568.09
2025.07.02 14:00:00,144,144.153,143.905,144.025,12843.14
2025.07.02 15:00:00,144.028,144.037,143.735,143.76,8990.94
2025.07.02 16:00:00,143.759,143.807,143.655,143.736,5418.94
2025.07.02 17:00:00,143.736,143.744,143.619,143.693,4169.09
2025.07.02 18:00:00,143.694,143.731,143.579,143.619,3448.38
2025.07.02 19:00:00,143.62,143.667,143.572,143.615,2897.93
2025.07.02 20:00:00,143.615,143.687,143.606,143.632,1956.97
2025.07.02 21:00:00,143.602,143.7,143.571,143.592,1108.02
2025.07.02 22:00:00,143.587,143.658,143.561,143.612,1543.81
2025.07.02 23:00:00,143.612,143.615,143.479,143.519,2642.63
2025.07.03 00:00:00,143.519,143.609,143.443,143.586,8312.2
2025.07.03 01:00:00,143.585,143.69,143.487,143.549,5689.69
2025.07.03 02:00:00,143.551,143.763,143.545,143.681,2915.36
2025.07.03 03:00:00,143.682,143.879,143.673,143.848,3243.68
2025.07.03 04:00:00,143.849,143.852,143.76,143.837,2706.57
2025.07.03 05:00:00,143.84,143.927,143.765,143.861,3254.48
2025.07.03 06:00:00,143.857,143.931,143.753,143.772,5406.35
2025.07.03 07:00:00,143.774,143.917,143.67,143.859,5046.86
2025.07.03 08:00:00,143.861,143.894,143.77,143.876,4538.67
2025.07.03 09:00:00,143.88,143.894,143.825,143.855,4362.3
2025.07.03 10:00:00,143.856,143.861,143.737,143.847,3169.17
2025.07.03 11:00:00,143.846,143.896,143.814,143.863,3696.15
2025.07.03 12:00:00,143.863,145.232,143.725,145.007,20690.47
2025.07.03 13:00:00,145.002,145.067,144.608,144.741,18778.4
2025.07.03 14:00:00,144.741,145.132,144.635,145.095,17649.94
2025.07.03 15:00:00,145.094,145.161,144.815,144.968,10466.41
2025.07.03 16:00:00,144.967,145.212,144.946,145.052,5268.31
2025.07.03 17:00:00,145.053,145.09,144.995,145.074,1668.05
2025.07.03 18:00:00,145.073,145.116,145.013,145.105,1618.9
2025.07.03 19:00:00,145.106,145.116,144.983,145.035,1446.37
2025.07.03 20:00:00,145.042,145.084,144.909,144.912,3598.61
2025.07.03 21:00:00,144.915,144.966,144.906,144.919,213.36
2025.07.03 22:00:00,144.92,144.967,144.869,144.869,1897.92
2025.07.03 23:00:00,144.869,144.926,144.683,144.707,2540.71
2025.07.04 00:00:00,144.707,144.781,144.57,144.604,6197.83
2025.07.04 01:00:00,144.603,144.782,144.579,144.76,4954.55
2025.07.04 02:00:00,144.758,144.79,144.599,144.648,2993.16
2025.07.04 03:00:00,144.648,144.667,144.46,144.521,2880.92
2025.07.04 04:00:00,144.522,144.526,144.324,144.375,4392.79
2025.07.04 05:00:00,144.375,144.399,144.306,144.336,3263.73
2025.07.04 06:00:00,144.333,144.427,144.181,144.245,7545.41
2025.07.04 07:00:00,144.244,144.428,144.238,144.408,7314.15
2025.07.04 08:00:00,144.407,144.416,144.282,144.341,5952.57
2025.07.04 09:00:00,144.339,144.373,144.276,144.313,4682.79
2025.07.04 10:00:00,144.313,144.384,144.282,144.343,4138.45
2025.07.04 11:00:00,144.343,144.401,144.303,144.393,4878.09
2025.07.04 12:00:00,144.392,144.445,144.355,144.423,3177.02
2025.07.04 13:00:00,144.424,144.507,144.385,144.459,4510.39
2025.07.04 14:00:00,144.46,144.568,144.41,144.521,9885.74
2025.07.04 15:00:00,144.522,144.554,144.507,144.531,12450.87
2025.07.04 16:00:00,144.531,144.547,144.479,144.497,6482.25
2025.07.04 17:00:00,144.495,144.525,144.467,144.468,10781.31
2025.07.04 18:00:00,144.468,144.512,144.468,144.477,4671.24
2025.07.04 19:00:00,144.478,144.58,144.437,144.566,8752
2025.07.04 20:00:00,144.566,144.58,144.404,144.417,15487.42
2025.07.06 21:00:00,144.376,144.473,144.314,144.416,341.1
2025.07.06 22:00:00,144.426,144.632,144.377,144.485,2446.16
2025.07.06 23:00:00,144.485,144.582,144.461,144.487,2579.9
2025.07.07 00:00:00,144.487,144.505,144.295,144.35,6869.46
2025.07.07 01:00:00,144.351,144.578,144.223,144.532,6394.44
2025.07.07 02:00:00,144.532,144.839,144.494,144.816,5718.95
2025.07.07 03:00:00,144.816,144.847,144.708,144.833,3859.7
2025.07.07 04:00:00,144.83,144.998,144.782,144.983,4194.86
2025.07.07 05:00:00,144.981,145.076,144.94,144.983,5236.46
2025.07.07 06:00:00,144.983,145.156,144.949,145.024,5989.46
2025.07.07 07:00:00,145.022,145.199,144.978,145.197,7579.21
2025.07.07 08:00:00,145.197,145.344,145.111,145.335,8346.72
2025.07.07 09:00:00,145.335,145.488,145.276,145.435,4988.59
2025.07.07 10:00:00,145.434,145.53,145.394,145.431,5050.92
2025.07.07 11:00:00,145.434,145.513,145.372,145.492,4509.57
2025.07.07 12:00:00,145.493,145.644,145.478,145.59,6765.55
2025.07.07 13:00:00,145.59,145.782,145.573,145.734,7816.14
2025.07.07 14:00:00,145.732,145.811,145.666,145.799,7834.93
2025.07.07 15:00:00,145.799,145.892,145.78,145.869,4690.84
2025.07.07 16:00:00,145.867,146.144,145.735,146.118,11236.56
2025.07.07 17:00:00,146.118,146.232,146.014,146.061,9978.54
2025.07.07 18:00:00,146.059,146.239,146.057,146.172,7829.31
2025.07.07 19:00:00,146.172,146.182,146.014,146.055,4461.9
2025.07.07 20:00:00,146.055,146.155,146.008,146.008,3876.76
2025.07.07 21:00:00,146.012,146.07,145.997,145.997,254
2025.07.07 22:00:00,145.997,146.032,145.837,145.862,3246.97
2025.07.07 23:00:00,145.861,146.066,145.854,145.879,4443.71
2025.07.08 00:00:00,145.878,146.211,145.83,146.157,11708.6
2025.07.08 01:00:00,146.16,146.441,146.043,146.246,9327.22
2025.07.08 02:00:00,146.248,146.284,146.042,146.092,5364.74
2025.07.08 03:00:00,146.092,146.168,146.046,146.072,3901.43
2025.07.08 04:00:00,146.071,146.104,145.88,145.995,5989.42
2025.07.08 05:00:00,145.996,146.106,145.945,146.097,3801.44
2025.07.08 06:00:00,146.098,146.249,146.061,146.245,7414.35
2025.07.08 07:00:00,146.245,146.28,145.998,146.038,7721.23
2025.07.08 08:00:00,146.039,146.238,146.033,146.193,6483.47
2025.07.08 09:00:00,146.193,146.266,146.056,146.231,6251.67
2025.07.08 10:00:00,146.228,146.409,146.224,146.401,7714.14
2025.07.08 11:00:00,146.402,146.649,146.356,146.587,7087.04
2025.07.08 12:00:00,146.588,146.688,146.459,146.649,6865.47
2025.07.08 13:00:00,146.648,146.899,146.63,146.771,8428.86
2025.07.08 14:00:00,146.77,146.96,146.753,146.916,9644.85
2025.07.08 15:00:00,146.917,146.976,146.774,146.814,8367.62
2025.07.08 16:00:00,146.813,146.862,146.705,146.744,8090.01
2025.07.08 17:00:00,146.744,146.807,146.655,146.716,8386.47
2025.07.08 18:00:00,146.715,146.763,146.654,146.662,5763.75
2025.07.08 19:00:00,146.658,146.692,146.614,146.622,4856.22
2025.07.08 20:00:00,146.624,146.641,146.516,146.541,5676.73
2025.07.08 21:00:00,146.542,146.581,146.509,146.519,1079.73
2025.07.08 22:00:00,146.522,146.614,146.521,146.584,1503.78
2025.07.08 23:00:00,146.582,146.875,146.582,146.868,3431.2
2025.07.09 00:00:00,146.866,146.908,146.73,146.789,7357.35
2025.07.09 01:00:00,146.791,147.03,146.734,146.863,7286.38
2025.07.09 02:00:00,146.864,147.093,146.796,147.058,6082.9
2025.07.09 03:00:00,147.056,147.182,147.056,147.103,4918.02
2025.07.09 04:00:00,147.103,147.147,147.029,147.039,3130.74
2025.07.09 05:00:00,147.036,147.068,146.903,146.982,3856.66
2025.07.09 06:00:00,146.983,147.033,146.8,146.805,6179.59
2025.07.09 07:00:00,146.803,146.878,146.682,146.841,6728.97
2025.07.09 08:00:00,146.843,146.868,146.594,146.677,5926.33
2025.07.09 09:00:00,146.678,146.692,146.54,146.627,4856.38
2025.07.09 10:00:00,146.629,146.689,146.54,146.656,4790.97
2025.07.09 11:00:00,146.656,146.779,146.605,146.765,5856.48
2025.07.09 12:00:00,146.766,146.766,146.465,146.485,9196.29
2025.07.09 13:00:00,146.485,146.542,146.361,146.46,10262.63
2025.07.09 14:00:00,146.459,146.502,146.269,146.466,10236.23
2025.07.09 15:00:00,146.463,146.566,146.448,146.531,6765.43
2025.07.09 16:00:00,146.53,146.53,146.328,146.411,4171.77
2025.07.09 17:00:00,146.412,146.433,146.28,146.337,4873.21
2025.07.09 18:00:00,146.338,146.389,146.251,146.331,4875.87
2025.07.09 19:00:00,146.33,146.369,146.26,146.314,3489.2
2025.07.09 20:00:00,146.313,146.485,146.3,146.304,4255.45
2025.07.09 21:00:00,146.308,146.328,146.247,146.308,578.28
2025.07.09 22:00:00,146.319,146.319,146.215,146.237,1044.23
2025.07.09 23:00:00,146.236,146.3,146.07,146.105,3138.46
2025.07.10 00:00:00,146.103,146.116,145.753,145.814,9715.35
2025.07.10 01:00:00,145.814,145.954,145.762,145.889,5611.45
2025.07.10 02:00:00,145.889,146.095,145.851,146.083,5249.53
2025.07.10 03:00:00,146.084,146.256,146.075,146.254,3768.6
2025.07.10 04:00:00,146.257,146.41,146.205,146.216,3176.99
2025.07.10 05:00:00,146.216,146.343,146.173,146.255,3123.25
2025.07.10 06:00:00,146.257,146.36,146.125,146.15,5761.16
2025.07.10 07:00:00,146.152,146.463,146.065,146.278,7801.66
2025.07.10 08:00:00,146.277,146.409,146.263,146.353,5924.63
2025.07.10 09:00:00,146.353,146.374,146.171,146.181,3799.48
2025.07.10 10:00:00,146.178,146.253,146.083,146.121,3487.21
2025.07.10 11:00:00,146.121,146.393,146.085,146.25,4628.32
2025.07.10 12:00:00,146.25,146.541,146.207,146.438,8775.33
2025.07.10 13:00:00,146.437,146.613,146.348,146.578,9225.12
2025.07.10 14:00:00,146.578,146.786,146.479,146.509,10961.95
2025.07.10 15:00:00,146.511,146.565,146.381,146.465,8001.59
2025.07.10 16:00:00,146.463,146.509,146.388,146.464,4886.79
2025.07.10 17:00:00,146.463,146.476,146.308,146.325,4053.96
2025.07.10 18:00:00,146.326,146.333,146.203,146.242,3929.2
2025.07.10 19:00:00,146.241,146.284,146.167,146.238,3343.24
2025.07.10 20:00:00,146.237,146.255,146.18,146.24,3216.55
2025.07.10 21:00:00,146.24,146.24,146.164,146.224,305.13
2025.07.10 22:00:00,146.244,146.267,146.166,146.211,1190.02
2025.07.10 23:00:00,146.21,146.297,146.136,146.278,2059.58
2025.07.11 00:00:00,146.276,146.639,146.245,146.553,11093.15
2025.07.11 01:00:00,146.552,146.838,146.519,146.767,7703.09
2025.07.11 02:00:00,146.77,147.04,146.743,147.016,6067.28
2025.07.11 03:00:00,147.014,147.032,146.861,146.95,3574.2
2025.07.11 04:00:00,146.949,147.184,146.915,147.079,3647.55
2025.07.11 05:00:00,147.08,147.108,146.826,146.866,4927.94
2025.07.11 06:00:00,146.864,146.941,146.734,146.92,8518
2025.07.11 07:00:00,146.921,146.921,146.721,146.851,5838.21
2025.07.11 08:00:00,146.85,146.999,146.752,146.984,6415.25
2025.07.11 09:00:00,146.985,147.082,146.922,147.008,5914.55
2025.07.11 10:00:00,147.009,147.023,146.771,146.815,5413.25
2025.07.11 11:00:00,146.814,147.032,146.769,147.022,5237.28
2025.07.11 12:00:00,147.021,147.094,146.786,146.969,7444.34
2025.07.11 13:00:00,146.969,147.285,146.902,147.285,9681.44
2025.07.11 14:00:00,147.283,147.52,147.272,147.338,10317.12
2025.07.11 15:00:00,147.339,147.431,147.261,147.291,5347.32
2025.07.11 16:00:00,147.289,147.405,147.253,147.368,4826.71
2025.07.11 17:00:00,147.365,147.418,147.317,147.389,2177.04
2025.07.11 18:00:00,147.388,147.448,147.347,147.444,3895.11
2025.07.11 19:00:00,147.443,147.478,147.371,147.374,3632.48
2025.07.11 20:00:00,147.372,147.468,147.344,147.379,2666.65
2025.07.13 21:00:00,147.135,147.214,147.135,147.17,368.28
2025.07.13 22:00:00,147.17,147.512,147.141,147.499,4469.99
2025.07.13 23:00:00,147.501,147.568,147.231,147.293,3975.46
2025.07.14 00:00:00,147.292,147.308,146.917,146.95,8523.42
2025.07.14 01:00:00,146.951,147.151,146.849,147.132,8438.09
2025.07.14 02:00:00,147.133,147.307,147.089,147.277,4000.61
2025.07.14 03:00:00,147.279,147.383,147.107,147.302,4906.7
2025.07.14 04:00:00,147.302,147.443,147.2,147.375,4985.16
2025.07.14 05:00:00,147.376,147.484,147.281,147.365,4916.36
2025.07.14 06:00:00,147.365,147.424,147.224,147.259,6085.3
2025.07.14 07:00:00,147.259,147.37,147.239,147.369,7396.2
2025.07.14 08:00:00,147.37,147.384,147.173,147.317,6646.41
2025.07.14 09:00:00,147.318,147.344,147.157,147.287,5123.3
2025.07.14 10:00:00,147.284,147.286,147.152,147.202,4145.12
2025.07.14 11:00:00,147.2,147.464,147.2,147.411,4319.04
2025.07.14 12:00:00,147.413,147.443,147.218,147.389,6040.18
2025.07.14 13:00:00,147.39,147.485,147.311,147.351,7264.21
2025.07.14 14:00:00,147.351,147.519,147.323,147.462,10061.22
2025.07.14 15:00:00,147.462,147.701,147.436,147.69,9779.06
2025.07.14 16:00:00,147.692,147.756,147.659,147.713,5971.67
2025.07.14 17:00:00,147.715,147.762,147.67,147.714,2889.57
2025.07.14 18:00:00,147.713,147.764,147.709,147.761,3912.66
2025.07.14 19:00:00,147.761,147.766,147.705,147.723,1893.77
2025.07.14 20:00:00,147.723,147.778,147.688,147.688,2415.18
2025.07.14 21:00:00,147.689,147.74,147.685,147.688,201.69
2025.07.14 22:00:00,147.709,147.789,147.659,147.759,1404.78
2025.07.14 23:00:00,147.765,147.887,147.761,147.783,1914.63
2025.07.15 00:00:00,147.782,147.791,147.563,147.585,5675.15
2025.07.15 01:00:00,147.584,147.796,147.584,147.775,4990.83
2025.07.15 02:00:00,147.776,147.82,147.6,147.61,3659.03
2025.07.15 03:00:00,147.609,147.685,147.554,147.672,2362.57
2025.07.15 04:00:00,147.669,147.708,147.614,147.666,2027.77
2025.07.15 05:00:00,147.664,147.671,147.552,147.569,2729.57
2025.07.15 06:00:00,147.569,147.747,147.569,147.697,4676.41
2025.07.15 07:00:00,147.698,147.786,147.64,147.733,5814
2025.07.15 08:00:00,147.736,147.766,147.651,147.673,3579.96
2025.07.15 09:00:00,147.674,147.746,147.61,147.705,3167.58
2025.07.15 10:00:00,147.704,147.775,147.657,147.732,3462.12
2025.07.15 11:00:00,147.732,147.947,147.718,147.915,5188.26
2025.07.15 12:00:00,147.914,148.147,147.647,147.892,13239.84
2025.07.15 13:00:00,147.892,148.656,147.885,148.58,14051.36
2025.07.15 14:00:00,148.58,148.895,148.566,148.814,14577.66
2025.07.15 15:00:00,148.813,149.019,148.755,148.757,8950.59
2025.07.15 16:00:00,148.757,148.98,148.714,148.895,8188.64
2025.07.15 17:00:00,148.891,148.995,148.874,148.94,6506.94
2025.07.15 18:00:00,148.941,148.962,148.822,148.851,6945.78
2025.07.15 19:00:00,148.85,148.921,148.808,148.846,4057.48
2025.07.15 20:00:00,148.847,148.885,148.831,148.859,4268.83
2025.07.15 21:00:00,148.859,148.9,148.803,148.829,1713.45
2025.07.15 22:00:00,148.842,148.925,148.829,148.88,1854.51
2025.07.15 23:00:00,148.882,148.938,148.725,148.778,2655.99
2025.07.16 00:00:00,148.781,149.037,148.701,148.975,6637.38
2025.07.16 01:00:00,148.976,149.035,148.739,148.823,6122.35
2025.07.16 02:00:00,148.824,148.97,148.823,148.907,2827.62
2025.07.16 03:00:00,148.905,149.088,148.867,149.039,3657.96
2025.07.16 04:00:00,149.036,149.184,148.912,148.927,5064.13
2025.07.16 05:00:00,148.931,148.949,148.783,148.817,5443.09
2025.07.16 06:00:00,148.821,148.87,148.62,148.645,6358.04
2025.07.16 07:00:00,148.645,148.926,148.616,148.883,6899.95
2025.07.16 08:00:00,148.885,148.899,148.724,148.838,5270.35
2025.07.16 09:00:00,148.836,148.887,148.653,148.717,3663.13
2025.07.16 10:00:00,148.717,148.736,148.646,148.713,3348.49
2025.07.16 11:00:00,148.716,148.784,148.623,148.763,4966.41
2025.07.16 12:00:00,148.764,148.834,148.466,148.704,12893.22
2025.07.16 13:00:00,148.704,148.927,148.604,148.807,12774.5
2025.07.16 14:00:00,148.806,148.849,148.304,148.467,12131.94
2025.07.16 15:00:00,148.47,148.511,146.908,148.106,43374.34
2025.07.16 16:00:00,148.11,148.375,147.816,148.042,19036.45
2025.07.16 17:00:00,148.042,148.055,147.485,147.682,10858.76
2025.07.16 18:00:00,147.68,147.952,147.64,147.943,6299.32
2025.07.16 19:00:00,147.944,148.022,147.819,147.844,5250.75
2025.07.16 20:00:00,147.845,147.911,147.782,147.782,5531.88
2025.07.16 21:00:00,147.702,147.831,147.701,147.788,1007.04
2025.07.16 22:00:00,147.775,147.93,147.724,147.877,1789.42
2025.07.16 23:00:00,147.873,148.07,147.764,147.994,2792.66
2025.07.17 00:00:00,147.995,148.424,147.982,148.382,7219.65
2025.07.17 01:00:00,148.381,148.491,148.277,148.339,6646.65
2025.07.17 02:00:00,148.34,148.499,148.34,148.455,4504.08
2025.07.17 03:00:00,148.454,148.659,148.439,148.545,4343.21
2025.07.17 04:00:00,148.546,148.612,148.408,148.418,3288.94
2025.07.17 05:00:00,148.419,148.494,148.367,148.482,3076.71
2025.07.17 06:00:00,148.484,148.804,148.449,148.626,8461.51
2025.07.17 07:00:00,148.625,148.766,148.59,148.721,8180.68
2025.07.17 08:00:00,148.72,148.784,148.582,148.583,12259.06
2025.07.17 09:00:00,148.583,148.772,148.52,148.748,10142.42
2025.07.17 10:00:00,148.75,148.834,148.613,148.639,5173.56
2025.07.17 11:00:00,148.637,148.8,148.601,148.765,5196.66
2025.07.17 12:00:00,148.766,149.087,148.597,148.712,13471.49
2025.07.17 13:00:00,148.713,148.75,148.453,148.581,15323.26
2025.07.17 14:00:00,148.578,148.656,148.379,148.48,11611.26
2025.07.17 15:00:00,148.478,148.61,148.453,148.552,10518.44
2025.07.17 16:00:00,148.551,148.704,148.471,148.625,8340.62
2025.07.17 17:00:00,148.624,148.673,148.561,148.659,5468.47
2025.07.17 18:00:00,148.659,148.753,148.643,148.724,5049.01
2025.07.17 19:00:00,148.721,148.753,148.55,148.585,4150.71
2025.07.17 20:00:00,148.584,148.619,148.554,148.558,2659.62
2025.07.17 21:00:00,148.446,148.587,148.446,148.507,2944.59
2025.07.17 22:00:00,148.507,148.567,148.3,148.318,2503.72
2025.07.17 23:00:00,148.313,148.452,148.285,148.443,3556.74
2025.07.18 00:00:00,148.443,148.625,148.33,148.58,11877.6
2025.07.18 01:00:00,148.581,148.619,148.381,148.483,10597.66
2025.07.18 02:00:00,148.487,148.575,148.411,148.519,4943.61
2025.07.18 03:00:00,148.52,148.67,148.474,148.665,7643.39
2025.07.18 04:00:00,148.664,148.724,148.616,148.668,6786.9
2025.07.18 05:00:00,148.671,148.808,148.667,148.76,7759.79
2025.07.18 06:00:00,148.759,148.835,148.693,148.739,4471.08
2025.07.18 07:00:00,148.739,148.882,148.651,148.777,4918.92
2025.07.18 08:00:00,148.778,148.778,148.5,148.588,6732.04
2025.07.18 09:00:00,148.583,148.723,148.513,148.707,5682.61
2025.07.18 10:00:00,148.708,148.717,148.495,148.518,5839.04
2025.07.18 11:00:00,148.519,148.581,148.454,148.503,4482.37
2025.07.18 12:00:00,148.504,148.526,148.322,148.357,6459.31
2025.07.18 13:00:00,148.357,148.467,148.191,148.26,12089.23
2025.07.18 14:00:00,148.259,148.516,148.185,148.479,11590.99
2025.07.18 15:00:00,148.479,148.563,148.361,148.551,7306.71
2025.07.18 16:00:00,148.554,148.732,148.51,148.687,5472.43
2025.07.18 17:00:00,148.686,148.793,148.655,148.711,5730.05
2025.07.18 18:00:00,148.712,148.785,148.698,148.766,4234.5
2025.07.18 19:00:00,148.77,148.807,148.734,148.744,2376.43
2025.07.18 20:00:00,148.744,148.846,148.694,148.749,3887.46
2025.07.20 21:00:00,147.902,148.247,147.894,148.178,899.43
2025.07.20 22:00:00,148.176,148.662,148.176,148.588,5447.89
2025.07.20 23:00:00,148.587,148.658,148.371,148.453,3161.11
2025.07.21 00:00:00,148.453,148.485,148.24,148.384,8404.33
2025.07.21 01:00:00,148.388,148.541,148.331,148.514,5841.7
2025.07.21 02:00:00,148.518,148.559,148.438,148.503,3259.95
2025.07.21 03:00:00,148.5,148.542,148.39,148.461,2254.22
2025.07.21 04:00:00,148.462,148.522,148.421,148.444,2374.09
2025.07.21 05:00:00,148.444,148.446,148.259,148.296,4972.47
2025.07.21 06:00:00,148.301,148.306,147.773,147.933,8783.93
2025.07.21 07:00:00,147.932,148.242,147.916,148.101,8196.23
2025.07.21 08:00:00,148.1,148.132,147.692,147.893,5701.57
2025.07.21 09:00:00,147.894,147.968,147.849,147.917,3175.67
2025.07.21 10:00:00,147.921,147.976,147.755,147.755,3766.47
2025.07.21 11:00:00,147.753,147.765,147.505,147.545,7233.15
2025.07.21 12:00:00,147.546,147.552,147.333,147.491,8410.26
2025.07.21 13:00:00,147.492,147.723,147.492,147.527,8763.66
2025.07.21 14:00:00,147.526,147.546,147.287,147.425,26824.55
2025.07.21 15:00:00,147.424,147.427,147.257,147.269,6070.58
2025.07.21 16:00:00,147.268,147.332,147.084,147.162,5132.8
2025.07.21 17:00:00,147.16,147.308,147.112,147.253,4171.52
2025.07.21 18:00:00,147.251,147.381,147.217,147.325,2898.36
2025.07.21 19:00:00,147.325,147.371,147.27,147.358,2693.24
2025.07.21 20:00:00,147.358,147.436,147.313,147.313,2481.68
2025.07.21 21:00:00,147.275,147.368,147.197,147.295,276.96
2025.07.21 22:00:00,147.299,147.413,147.294,147.393,1239.78
2025.07.21 23:00:00,147.392,147.495,147.39,147.398,2054.76
2025.07.22 00:00:00,147.399,147.712,147.393,147.488,7437.7
2025.07.22 01:00:00,147.487,147.641,147.453,147.582,4532.5
2025.07.22 02:00:00,147.582,147.583,147.412,147.462,2836.32
2025.07.22 03:00:00,147.462,147.61,147.414,147.574,3029.07
2025.07.22 04:00:00,147.574,147.671,147.537,147.637,3252.2
2025.07.22 05:00:00,147.63,147.808,147.603,147.77,3358.46
2025.07.22 06:00:00,147.771,147.931,147.718,147.823,4729.94
2025.07.22 07:00:00,147.822,147.947,147.704,147.705,5311.98
2025.07.22 08:00:00,147.706,147.763,147.608,147.612,5379.52
2025.07.22 09:00:00,147.611,147.611,147.419,147.434,4988.26
2025.07.22 10:00:00,147.433,147.555,147.361,147.534,3078.43
2025.07.22 11:00:00,147.535,147.569,147.156,147.196,5872.78
2025.07.22 12:00:00,147.198,147.254,146.739,146.802,9015.01
2025.07.22 13:00:00,146.801,146.89,146.504,146.573,10803.65
2025.07.22 14:00:00,146.571,146.672,146.324,146.452,12788.51
2025.07.22 15:00:00,146.451,146.527,146.344,146.368,9729.11
2025.07.22 16:00:00,146.367,146.475,146.309,146.425,5059.24
2025.07.22 17:00:00,146.424,146.586,146.424,146.556,4963.17
2025.07.22 18:00:00,146.553,146.593,146.522,146.565,2845.23
2025.07.22 19:00:00,146.566,146.603,146.49,146.561,3089.02
2025.07.22 20:00:00,146.562,146.682,146.55,146.58,2875.81
2025.07.22 21:00:00,146.583,146.615,146.531,146.564,487.98
2025.07.22 22:00:00,146.569,146.775,146.569,146.691,1785.5
2025.07.22 23:00:00,146.691,146.941,146.245,146.761,9698.17
2025.07.23 00:00:00,146.755,146.809,146.197,146.436,12792.31
2025.07.23 01:00:00,146.436,146.725,146.391,146.608,10269.53
2025.07.23 02:00:00,146.609,147.203,146.421,146.933,12409.51
2025.07.23 03:00:00,146.936,147.017,146.747,146.924,5545.43
2025.07.23 04:00:00,146.922,147.076,146.912,146.944,4242.25
2025.07.23 05:00:00,146.944,147.204,146.858,147.16,5401.07
2025.07.23 06:00:00,147.16,147.215,146.65,146.858,9338.14
2025.07.23 07:00:00,146.858,146.885,146.595,146.751,7803.6
2025.07.23 08:00:00,146.749,146.903,146.641,146.792,6465.62
2025.07.23 09:00:00,146.794,146.799,146.468,146.501,5592.45
2025.07.23 10:00:00,146.501,146.548,146.28,146.408,4015.79
2025.07.23 11:00:00,146.409,146.416,146.107,146.207,5971.32
2025.07.23 12:00:00,146.205,146.494,146.162,146.413,7158.35
2025.07.23 13:00:00,146.415,146.729,146.37,146.542,11056.9
2025.07.23 14:00:00,146.541,146.591,146.287,146.416,8974.37
2025.07.23 15:00:00,146.419,146.568,146.236,146.548,8916.24
2025.07.23 16:00:00,146.548,146.615,146.407,146.576,9757.27
2025.07.23 17:00:00,146.578,146.623,146.474,146.53,5911.2
2025.07.23 18:00:00,146.532,146.542,146.371,146.466,3597
2025.07.23 19:00:00,146.464,146.577,146.425,146.528,3921.08
2025.07.23 20:00:00,146.527,146.531,146.449,146.471,2637.72
2025.07.23 21:00:00,146.461,146.532,146.329,146.473,517.07
2025.07.23 22:00:00,146.412,146.517,146.405,146.448,1491.06
2025.07.23 23:00:00,146.448,146.449,146.24,146.346,3228.83
2025.07.24 00:00:00,146.35,146.49,146.264,146.432,7698.54
2025.07.24 01:00:00,146.431,146.436,145.853,145.932,10583.67
2025.07.24 02:00:00,145.933,146.15,145.933,146.04,5845.12
2025.07.24 03:00:00,146.04,146.109,145.895,146.008,4588.79
2025.07.24 04:00:00,146.009,146.081,145.93,146.019,4073.44
2025.07.24 05:00:00,146.016,146.112,145.954,146.015,5493.72
2025.07.24 06:00:00,146.012,146.304,145.988,146.274,7867.96
2025.07.24 07:00:00,146.274,146.46,146.141,146.417,7493.57
2025.07.24 08:00:00,146.416,146.564,146.308,146.546,6494.4
2025.07.24 09:00:00,146.545,146.645,146.521,146.554,5689.59
2025.07.24 10:00:00,146.552,146.658,146.527,146.571,3737.19
2025.07.24 11:00:00,146.57,146.623,146.464,146.482,4708.06
2025.07.24 12:00:00,146.483,146.832,146.448,146.795,7811.45
2025.07.24 13:00:00,146.797,146.872,146.478,146.539,14013.09
2025.07.24 14:00:00,146.54,146.817,146.355,146.781,12812.02
2025.07.24 15:00:00,146.781,146.943,146.737,146.926,8624.95
2025.07.24 16:00:00,146.927,146.95,146.783,146.899,6099.3
2025.07.24 17:00:00,146.895,146.895,146.752,146.812,6747.57
2025.07.24 18:00:00,146.813,146.93,146.794,146.917,5408.72
2025.07.24 19:00:00,146.917,146.967,146.849,146.934,3236.11
2025.07.24 20:00:00,146.933,147.023,146.884,146.993,4457.68
2025.07.24 21:00:00,146.993,147.107,146.933,147.085,684.96
2025.07.24 22:00:00,147.09,147.231,147.029,147.053,1767.96
2025.07.24 23:00:00,147.056,147.116,146.963,147.007,3065.55
2025.07.25 00:00:00,147.009,147.342,146.989,147.208,9520.27
2025.07.25 01:00:00,147.208,147.459,147.16,147.36,7537.69
2025.07.25 02:00:00,147.361,147.493,147.346,147.415,4634.12
2025.07.25 03:00:00,147.414,147.437,147.19,147.214,4031.6
2025.07.25 04:00:00,147.215,147.271,147.1,147.137,3687.32
2025.07.25 05:00:00,147.138,147.16,146.808,146.934,4889.45
2025.07.25 06:00:00,146.933,147.095,146.848,147.059,7687.96
2025.07.25 07:00:00,147.059,147.413,147.04,147.376,7777.03
2025.07.25 08:00:00,147.376,147.829,147.359,147.755,9156.86
2025.07.25 09:00:00,147.755,147.892,147.725,147.866,5114.47
2025.07.25 10:00:00,147.87,147.901,147.75,147.773,4301.55
2025.07.25 11:00:00,147.772,147.939,147.643,147.678,5865.64
2025.07.25 12:00:00,147.677,147.935,147.602,147.856,6154.92
2025.07.25 13:00:00,147.855,147.92,147.596,147.669,17249.08
2025.07.25 14:00:00,147.668,147.762,147.527,147.728,12087.57
2025.07.25 15:00:00,147.729,147.803,147.659,147.783,6494.11
2025.07.25 16:00:00,147.783,147.835,147.729,147.756,4453.99
2025.07.25 17:00:00,147.756,147.78,147.658,147.675,3299.23
2025.07.25 18:00:00,147.675,147.683,147.547,147.565,2504.44
2025.07.25 19:00:00,147.563,147.615,147.53,147.615,2088.07
2025.07.25 20:00:00,147.613,147.689,147.612,147.612,1870.32
2025.07.27 21:00:00,147.694,147.729,147.657,147.681,353.85
2025.07.27 22:00:00,147.673,147.826,147.617,147.813,2576.11
2025.07.27 23:00:00,147.81,147.875,147.739,147.782,2737.26
2025.07.28 00:00:00,147.781,147.809,147.597,147.613,10571.91
2025.07.28 01:00:00,147.613,147.875,147.518,147.865,6660
2025.07.28 02:00:00,147.866,148.019,147.823,147.832,5092.16
2025.07.28 03:00:00,147.832,147.869,147.687,147.712,3661.42
2025.07.28 04:00:00,147.712,147.791,147.622,147.743,3310.3
2025.07.28 05:00:00,147.749,147.875,147.733,147.854,4228.72
2025.07.28 06:00:00,147.858,148.209,147.838,148.017,9191.59
2025.07.28 07:00:00,148.016,148.337,147.79,148.289,9676.85
2025.07.28 08:00:00,148.292,148.374,148.151,148.274,8632.1
2025.07.28 09:00:00,148.271,148.413,148.225,148.387,6161.02
2025.07.28 10:00:00,148.389,148.434,148.292,148.408,5919.07
2025.07.28 11:00:00,148.408,148.445,148.074,148.14,8000.55
2025.07.28 12:00:00,148.141,148.185,148.028,148.049,10323.82
2025.07.28 13:00:00,148.048,148.327,147.938,148.292,10603.76
2025.07.28 14:00:00,148.294,148.319,148.098,148.276,10134.53
2025.07.28 15:00:00,148.278,148.491,148.256,148.456,7498.02
2025.07.28 16:00:00,148.457,148.519,148.441,148.486,4679.2
2025.07.28 17:00:00,148.488,148.545,148.391,148.523,4193.99
2025.07.28 18:00:00,148.527,148.575,148.48,148.555,2700.33
2025.07.28 19:00:00,148.554,148.558,148.519,148.549,2236.76
2025.07.28 20:00:00,148.547,148.575,148.429,148.429,2169.14
2025.07.28 21:00:00,148.421,148.561,148.38,148.545,247.56
2025.07.28 22:00:00,148.548,148.579,148.488,148.501,1346.83
2025.07.28 23:00:00,148.502,148.636,148.455,148.457,2517.78
2025.07.29 00:00:00,148.459,148.709,148.437,148.684,7261.78
2025.07.29 01:00:00,148.686,148.703,148.467,148.591,7143.76
2025.07.29 02:00:00,148.589,148.589,148.288,148.345,4496.22
2025.07.29 03:00:00,148.346,148.451,148.306,148.357,3521.88
2025.07.29 04:00:00,148.355,148.498,148.329,148.347,4165.8
2025.07.29 05:00:00,148.349,148.406,148.171,148.238,3213.08
2025.07.29 06:00:00,148.237,148.541,148.156,148.518,8371.53
2025.07.29 07:00:00,148.519,148.747,148.487,148.576,9562.23
2025.07.29 08:00:00,148.58,148.606,148.354,148.553,6711.28
2025.07.29 09:00:00,148.554,148.572,148.449,148.55,5314.96
2025.07.29 10:00:00,148.551,148.613,148.385,148.543,3797.96
2025.07.29 11:00:00,148.544,148.756,148.513,148.715,5955.86
2025.07.29 12:00:00,148.717,148.77,148.601,148.704,6921.38
2025.07.29 13:00:00,148.702,148.806,148.528,148.568,8659.77
2025.07.29 14:00:00,148.561,148.747,148.435,148.472,13792.61
2025.07.29 15:00:00,148.476,148.623,148.35,148.574,8592.17
2025.07.29 16:00:00,148.575,148.603,148.453,148.56,6666.85
2025.07.29 17:00:00,148.562,148.584,148.333,148.489,6145.05
2025.07.29 18:00:00,148.488,148.556,148.431,148.431,4136
2025.07.29 19:00:00,148.429,148.504,148.346,148.499,4183.76
2025.07.29 20:00:00,148.501,148.511,148.41,148.41,1493.96
2025.07.29 21:00:00,148.41,148.462,148.381,148.416,268.14
2025.07.29 22:00:00,148.445,148.496,148.431,148.471,1234.14
2025.07.29 23:00:00,148.47,148.525,148.419,148.424,1303.11
2025.07.30 00:00:00,148.426,148.449,148.033,148.056,9351.74
2025.07.30 01:00:00,148.055,148.162,147.942,148.142,8418.78
2025.07.30 02:00:00,148.144,148.153,148.03,148.045,4009.94
2025.07.30 03:00:00,148.044,148.044,147.845,147.971,5092.89
2025.07.30 04:00:00,147.971,148.17,147.965,148.154,3944.07
2025.07.30 05:00:00,148.155,148.17,147.855,148.026,5613.88
2025.07.30 06:00:00,148.028,148.133,147.859,147.895,8690.94
2025.07.30 07:00:00,147.894,148.082,147.802,148.082,7805.17
2025.07.30 08:00:00,148.085,148.118,147.922,147.96,7929.12
2025.07.30 09:00:00,147.959,148.069,147.854,148.036,6973.59
2025.07.30 10:00:00,148.04,148.291,147.98,148.171,7179.36
2025.07.30 11:00:00,148.17,148.358,148.113,148.309,5750.15
2025.07.30 12:00:00,148.309,148.885,148.262,148.851,16702.79
2025.07.30 13:00:00,148.851,149.1,148.828,149.051,17911.52
2025.07.30 14:00:00,149.053,149.055,148.87,148.925,10372.57
2025.07.30 15:00:00,148.925,149.113,148.845,149.076,7161.97
2025.07.30 16:00:00,149.076,149.129,148.927,148.934,6264.86
2025.07.30 17:00:00,148.929,148.931,148.787,148.787,6502.34
2025.07.30 18:00:00,148.786,149.351,148.52,149.347,23814.25
2025.07.30 19:00:00,149.346,149.438,149.224,149.412,14458.66
2025.07.30 20:00:00,149.414,149.532,149.362,149.481,6387.65
2025.07.30 21:00:00,149.478,149.478,149.434,149.442,360.63
2025.07.30 22:00:00,149.455,149.466,149.298,149.313,2210.16
2025.07.30 23:00:00,149.312,149.394,149.207,149.225,3090.27
2025.07.31 00:00:00,149.223,149.393,149.177,149.304,6647.31
2025.07.31 01:00:00,149.306,149.338,148.962,148.974,6196.18
2025.07.31 02:00:00,148.974,148.999,148.637,148.835,5900.15
2025.07.31 03:00:00,148.831,148.919,148.585,148.746,7376.42
2025.07.31 04:00:00,148.749,148.956,148.732,148.886,5663.02
2025.07.31 05:00:00,148.886,148.925,148.741,148.786,4951.95
2025.07.31 06:00:00,148.789,149.092,148.682,148.875,12235.25
2025.07.31 07:00:00,148.874,149.722,148.851,149.396,11993.05
2025.07.31 08:00:00,149.395,149.698,149.3,149.634,9809.92
2025.07.31 09:00:00,149.634,149.958,149.622,149.951,7220.79
2025.07.31 10:00:00,149.952,150.044,149.872,149.944,6631.62
2025.07.31 11:00:00,149.942,150.1,149.814,149.877,8744.9
2025.07.31 12:00:00,149.873,150.256,149.812,150.19,10886.12
2025.07.31 13:00:00,150.189,150.583,150.174,150.564,11971.18
2025.07.31 14:00:00,150.565,150.632,150.376,150.476,15129.84
2025.07.31 15:00:00,150.477,150.601,150.348,150.601,10625.93
2025.07.31 16:00:00,150.604,150.788,150.59,150.684,9324.57
2025.07.31 17:00:00,150.683,150.724,150.557,150.662,8340.22
2025.07.31 18:00:00,150.661,150.784,150.659,150.755,6336.72
2025.07.31 19:00:00,150.755,150.798,150.691,150.794,4758.89
2025.07.31 20:00:00,150.796,150.837,150.717,150.717,4702.83
2025.07.31 21:00:00,150.721,150.731,150.657,150.686,362.6
2025.07.31 22:00:00,150.685,150.797,150.683,150.743,2689.31
2025.07.31 23:00:00,150.739,150.878,150.639,150.81,4342.15
2025.08.01 00:00:00,150.807,150.894,150.591,150.735,8710.82
2025.08.01 01:00:00,150.737,150.916,150.627,150.902,9773.8
2025.08.01 02:00:00,150.903,150.912,150.707,150.764,4725.56
2025.08.01 03:00:00,150.765,150.777,150.551,150.585,3847.62
2025.08.01 04:00:00,150.585,150.658,150.55,150.607,2611.23
2025.08.01 05:00:00,150.608,150.66,150.414,150.475,3519.78
2025.08.01 06:00:00,150.476,150.648,150.449,150.605,5288.96
2025.08.01 07:00:00,150.603,150.622,150.456,150.537,7449.71
2025.08.01 08:00:00,150.532,150.626,150.508,150.609,5490.54
2025.08.01 09:00:00,150.606,150.629,150.418,150.507,6862.3
2025.08.01 10:00:00,150.505,150.513,150.319,150.359,6542.84
2025.08.01 11:00:00,150.362,150.528,150.281,150.519,13050.13
2025.08.01 12:00:00,150.519,150.596,148.562,148.634,31091.83
2025.08.01 13:00:00,148.631,148.66,147.983,148.131,56407.17
2025.08.01 14:00:00,148.116,148.223,147.482,148.088,30600.72
2025.08.01 15:00:00,148.091,148.184,147.929,148.056,15745.37
2025.08.01 16:00:00,148.056,148.109,147.782,147.827,14916.91
2025.08.01 17:00:00,147.828,147.949,147.726,147.877,15659.81
2025.08.01 18:00:00,147.874,147.9,147.682,147.849,8230.14
2025.08.01 19:00:00,147.848,147.861,147.323,147.438,11139.74
2025.08.01 20:00:00,147.436,147.457,147.29,147.375,6077.42
2025.08.03 21:00:00,147.24,147.25,147.19,147.203,429.11
2025.08.03 22:00:00,147.216,147.294,147.056,147.244,3691.49
2025.08.03 23:00:00,147.242,147.383,147.116,147.345,3836.4
2025.08.04 00:00:00,147.347,147.691,147.27,147.652,10034.14
2025.08.04 01:00:00,147.653,147.905,147.621,147.765,6643.78
2025.08.04 02:00:00,147.765,147.864,147.625,147.795,5533.35
2025.08.04 03:00:00,147.792,147.792,147.586,147.691,3571.93
2025.08.04 04:00:00,147.693,147.708,147.555,147.685,2430.3
2025.08.04 05:00:00,147.685,147.87,147.655,147.781,3386.28
2025.08.04 06:00:00,147.779,147.845,147.531,147.641,7629.47
2025.08.04 07:00:00,147.642,148.044,147.596,147.881,11489.08
2025.08.04 08:00:00,147.881,148.087,147.861,147.895,7009.27
2025.08.04 09:00:00,147.894,147.944,147.677,147.812,5813.57
2025.08.04 10:00:00,147.811,147.853,147.563,147.576,5503.88
2025.08.04 11:00:00,147.575,147.596,147.341,147.341,7014.17
2025.08.04 12:00:00,147.343,147.438,147.004,147.19,7854.27
2025.08.04 13:00:00,147.192,147.319,146.956,147.086,11155.39
2025.08.04 14:00:00,147.081,147.261,146.864,147.228,14283.79
2025.08.04 15:00:00,147.229,147.355,147.042,147.097,8590.17
2025.08.04 16:00:00,147.097,147.215,147.003,147.037,5803.28
2025.08.04 17:00:00,147.035,147.097,146.959,146.965,4020.58
2025.08.04 18:00:00,146.963,147.006,146.907,146.944,3896.16
2025.08.04 19:00:00,146.945,147.058,146.908,147.028,3693.02
2025.08.04 20:00:00,147.027,147.111,146.954,147.068,2840.74
2025.08.04 21:00:00,147.074,147.111,146.989,147.059,478.1
2025.08.04 22:00:00,147.085,147.091,146.876,146.912,2024.06
2025.08.04 23:00:00,146.912,146.932,146.693,146.791,3588.6
2025.08.05 00:00:00,146.789,147.034,146.617,146.926,8255.87
2025.08.05 01:00:00,146.926,147.111,146.883,147.053,5614.96
2025.08.05 02:00:00,147.054,147.229,147.039,147.187,4451.84
2025.08.05 03:00:00,147.188,147.259,147.133,147.216,3185.35
2025.08.05 04:00:00,147.215,147.262,147.002,147.083,3456.66
2025.08.05 05:00:00,147.082,147.24,147.057,147.173,5180.02
2025.08.05 06:00:00,147.173,147.341,147.032,147.326,6480.78
2025.08.05 07:00:00,147.324,147.487,147.156,147.387,7403.45
2025.08.05 08:00:00,147.388,147.634,147.334,147.58,7418.74
2025.08.05 09:00:00,147.582,147.639,147.451,147.627,4922.77
2025.08.05 10:00:00,147.628,147.774,147.58,147.62,4731.06
2025.08.05 11:00:00,147.621,147.695,147.545,147.631,4212.29
2025.08.05 12:00:00,147.631,147.756,147.543,147.662,9389.24
2025.08.05 13:00:00,147.663,147.834,147.506,147.727,10723.35
2025.08.05 14:00:00,147.668,147.732,147.354,147.448,19632.24
2025.08.05 15:00:00,147.448,147.567,147.304,147.494,9710.14
2025.08.05 16:00:00,147.493,147.591,147.428,147.546,6011.44
2025.08.05 17:00:00,147.545,147.652,147.484,147.619,4294.64
2025.08.05 18:00:00,147.62,147.68,147.591,147.607,5249.7
2025.08.05 19:00:00,147.609,147.704,147.581,147.607,2705.05
2025.08.05 20:00:00,147.608,147.617,147.499,147.601,2658.97
2025.08.05 21:00:00,147.601,147.601,147.498,147.548,1789.42
2025.08.05 22:00:00,147.548,147.638,147.543,147.561,1207.05
2025.08.05 23:00:00,147.562,147.643,147.515,147.526,1862.9
2025.08.06 00:00:00,147.524,147.621,147.447,147.583,5464.17
2025.08.06 01:00:00,147.582,147.728,147.582,147.696,4088.18
2025.08.06 02:00:00,147.695,147.748,147.524,147.556,4516.03
2025.08.06 03:00:00,147.554,147.557,147.335,147.399,3719.58
2025.08.06 04:00:00,147.4,147.447,147.304,147.346,2736.18
2025.08.06 05:00:00,147.347,147.543,147.334,147.45,3600.23
2025.08.06 06:00:00,147.45,147.551,147.361,147.55,5610.69
2025.08.06 07:00:00,147.552,147.692,147.53,147.563,5849.49
2025.08.06 08:00:00,147.561,147.842,147.556,147.807,5925.55
2025.08.06 09:00:00,147.81,147.885,147.713,147.823,5062.84
2025.08.06 10:00:00,147.825,147.841,147.558,147.58,5476.37
2025.08.06 11:00:00,147.581,147.654,147.44,147.537,4988.45
2025.08.06 12:00:00,147.538,147.593,147.407,147.441,6688.19
2025.08.06 13:00:00,147.44,147.452,147.241,147.246,9790.8
2025.08.06 14:00:00,147.247,147.435,147.246,147.388,8979.22
2025.08.06 15:00:00,147.39,147.658,147.211,147.256,13868.97
2025.08.06 16:00:00,147.256,147.419,147.211,147.346,6627.6
2025.08.06 17:00:00,147.349,147.404,147.217,147.241,4864.61
2025.08.06 18:00:00,147.239,147.274,146.974,147.066,4495.26
2025.08.06 19:00:00,147.066,147.185,147.065,147.178,3388.28
2025.08.06 20:00:00,147.183,147.634,147.164,147.353,5546.57
2025.08.06 21:00:00,147.36,147.446,147.297,147.318,1535.46
2025.08.06 22:00:00,147.327,147.357,147.203,147.213,1926.66
2025.08.06 23:00:00,147.22,147.253,147.152,147.197,1823.1
2025.08.07 00:00:00,147.192,147.599,147.168,147.582,6565.77
2025.08.07 01:00:00,147.583,147.685,147.477,147.491,6854.4
2025.08.07 02:00:00,147.49,147.577,147.445,147.566,3765.72
2025.08.07 03:00:00,147.568,147.711,147.478,147.509,4920.45
2025.08.07 04:00:00,147.51,147.531,147.267,147.303,4343.39
2025.08.07 05:00:00,147.306,147.345,147.213,147.278,3485.29
2025.08.07 06:00:00,147.277,147.301,146.798,146.855,7542.35
2025.08.07 07:00:00,146.858,146.96,146.691,146.804,8743.15
2025.08.07 08:00:00,146.805,147.182,146.779,147.131,10790.51
2025.08.07 09:00:00,147.129,147.351,147.113,147.345,5764.38
2025.08.07 10:00:00,147.345,147.401,147.282,147.328,4667.35
2025.08.07 11:00:00,147.329,147.493,147.253,147.311,8409.13
2025.08.07 12:00:00,147.312,147.391,147.021,147.284,11376.74
2025.08.07 13:00:00,147.285,147.318,147.11,147.271,14454.66
2025.08.07 14:00:00,147.272,147.543,147.194,147.49,14655.52
2025.08.07 15:00:00,147.489,147.584,147.323,147.365,8315.89
2025.08.07 16:00:00,147.363,147.434,147.304,147.362,4788.61
2025.08.07 17:00:00,147.36,147.469,147.359,147.42,5037.4
2025.08.07 18:00:00,147.418,147.567,147.386,147.565,3651.09
2025.08.07 19:00:00,147.563,147.565,146.943,147.08,8393.03
2025.08.07 20:00:00,147.08,147.151,146.958,147.104,4849.38
2025.08.07 21:00:00,147.109,147.109,146.94,146.999,816.69
2025.08.07 22:00:00,147,147.055,146.811,146.947,3515.05
2025.08.07 23:00:00,146.947,146.957,146.759,146.801,3420.24
2025.08.08 00:00:00,146.797,147.194,146.718,147.148,7636.67
2025.08.08 01:00:00,147.147,147.373,147.133,147.285,4660.05
2025.08.08 02:00:00,147.289,147.313,147.156,147.197,3654
2025.08.08 03:00:00,147.197,147.307,147.166,147.191,2645.27
2025.08.08 04:00:00,147.188,147.209,147.114,147.162,2607.44
2025.08.08 05:00:00,147.166,147.42,147.148,147.412,4143.71
2025.08.08 06:00:00,147.41,147.451,147.248,147.325,4999.02
2025.08.08 07:00:00,147.323,147.394,147.134,147.323,7514.86
2025.08.08 08:00:00,147.322,147.695,147.159,147.647,9250.59
2025.08.08 09:00:00,147.645,147.724,147.541,147.709,6879.47
2025.08.08 10:00:00,147.709,147.836,147.64,147.798,5194.77
2025.08.08 11:00:00,147.8,147.848,147.709,147.812,4745.95
2025.08.08 12:00:00,147.814,147.891,147.637,147.845,6895.5
2025.08.08 13:00:00,147.843,147.899,147.643,147.877,8225.94
2025.08.08 14:00:00,147.88,147.901,147.69,147.815,11699.66
2025.08.08 15:00:00,147.816,147.833,147.633,147.706,6780.96
2025.08.08 16:00:00,147.707,147.834,147.675,147.738,4906.92
2025.08.08 17:00:00,147.737,147.749,147.657,147.739,3366.27
2025.08.08 18:00:00,147.737,147.777,147.629,147.665,5866.15
2025.08.08 19:00:00,147.665,147.818,147.647,147.753,5208.41
2025.08.08 20:00:00,147.753,147.803,147.665,147.667,4010.07
2025.08.10 21:00:00,147.47,147.655,147.466,147.55,491.21
2025.08.10 22:00:00,147.668,147.787,147.593,147.73,1574.55
2025.08.10 23:00:00,147.727,147.771,147.622,147.655,1702.4
2025.08.11 00:00:00,147.654,147.74,147.568,147.661,4280.4
2025.08.11 01:00:00,147.665,147.715,147.592,147.613,3236.47
2025.08.11 02:00:00,147.61,147.617,147.522,147.556,2863.03
2025.08.11 03:00:00,147.556,147.601,147.429,147.477,3122.96
2025.08.11 04:00:00,147.479,147.493,147.426,147.48,1831.86
2025.08.11 05:00:00,147.481,147.531,147.472,147.52,2753.19
2025.08.11 06:00:00,147.52,147.607,147.473,147.592,4272.99
2025.08.11 07:00:00,147.588,147.662,147.356,147.388,6403
2025.08.11 08:00:00,147.387,147.548,147.349,147.504,5366.85
2025.08.11 09:00:00,147.506,147.704,147.485,147.684,4446.38
2025.08.11 10:00:00,147.683,147.742,147.665,147.735,3582.1
2025.08.11 11:00:00,147.733,147.945,147.717,147.866,5863.28
2025.08.11 12:00:00,147.866,147.949,147.806,147.81,7274.3
2025.08.11 13:00:00,147.808,147.943,147.785,147.885,8832.65
2025.08.11 14:00:00,147.884,148.07,147.874,148.048,9382.23
2025.08.11 15:00:00,148.045,148.112,147.942,147.995,4815.63
2025.08.11 16:00:00,147.996,148.028,147.911,147.99,3689.28
2025.08.11 17:00:00,147.988,148.066,147.972,147.993,4043.68
2025.08.11 18:00:00,147.992,148.165,147.981,148.134,3701.2
2025.08.11 19:00:00,148.133,148.238,148.12,148.23,2149.56
2025.08.11 20:00:00,148.23,148.25,148.093,148.139,2036.73
2025.08.11 21:00:00,148.141,148.141,147.907,148.09,725.76
2025.08.11 22:00:00,148.099,148.234,148.093,148.193,1310.55
2025.08.11 23:00:00,148.198,148.221,148.118,148.149,1092.32
2025.08.12 00:00:00,148.155,148.431,148.128,148.406,5784.26
2025.08.12 01:00:00,148.404,148.404,148.208,148.301,4005.72
2025.08.12 02:00:00,148.302,148.339,148.257,148.293,3233.71
2025.08.12 03:00:00,148.294,148.443,148.268,148.415,3047.08
2025.08.12 04:00:00,148.415,148.444,148.344,148.353,3615.52
2025.08.12 05:00:00,148.355,148.402,148.235,148.338,4787.72
2025.08.12 06:00:00,148.339,148.403,148.147,148.269,7348.51
2025.08.12 07:00:00,148.269,148.368,148.206,148.264,6777.06
2025.08.12 08:00:00,148.263,148.466,148.261,148.423,4428.29
2025.08.12 09:00:00,148.422,148.482,148.348,148.468,5028.01
2025.08.12 10:00:00,148.469,148.48,148.368,148.464,3889.71
2025.08.12 11:00:00,148.465,148.493,148.442,148.443,4218.13
2025.08.12 12:00:00,148.44,148.517,147.856,148.033,18978.45
2025.08.12 13:00:00,148.035,148.445,147.9,148.204,26238.27
2025.08.12 14:00:00,148.203,148.4,148.073,148.162,12710.85
2025.08.12 15:00:00,148.162,148.177,147.577,147.804,13210.13
2025.08.12 16:00:00,147.804,147.86,147.657,147.712,18756.06
2025.08.12 17:00:00,147.711,147.793,147.686,147.765,14467.03
2025.08.12 18:00:00,147.764,147.805,147.692,147.737,7500.14
2025.08.12 19:00:00,147.738,147.786,147.696,147.757,6310.34
2025.08.12 20:00:00,147.757,147.875,147.748,147.835,4065.63
2025.08.12 21:00:00,147.838,147.858,147.633,147.849,406.34
2025.08.12 22:00:00,147.836,147.844,147.763,147.791,848.31
2025.08.12 23:00:00,147.788,147.818,147.734,147.774,1279.68
2025.08.13 00:00:00,147.767,147.892,147.7,147.801,6111.98
2025.08.13 01:00:00,147.799,148.086,147.729,148.055,5651.43
2025.08.13 02:00:00,148.057,148.168,148.026,148.044,4977.69
2025.08.13 03:00:00,148.048,148.107,147.958,148.001,4276.67
2025.08.13 04:00:00,148.002,148.099,147.932,147.932,3142.96
2025.08.13 05:00:00,147.933,148.008,147.894,147.93,2596.98
2025.08.13 06:00:00,147.933,147.946,147.72,147.783,4513.18
2025.08.13 07:00:00,147.787,147.794,147.4,147.528,8258.84
2025.08.13 08:00:00,147.529,147.534,147.2,147.267,6715.87
2025.08.13 09:00:00,147.265,147.268,147.177,147.216,5590.38
2025.08.13 10:00:00,147.214,147.417,147.191,147.407,4166.52
2025.08.13 11:00:00,147.406,147.565,147.273,147.281,6490.8
2025.08.13 12:00:00,147.279,147.491,147.157,147.406,9398.89
2025.08.13 13:00:00,147.408,147.434,147.188,147.202,8232.18
2025.08.13 14:00:00,147.204,147.249,147.099,147.145,9329.27
2025.08.13 15:00:00,147.144,147.31,147.087,147.247,5783.5
2025.08.13 16:00:00,147.247,147.351,147.214,147.345,3593.41
2025.08.13 17:00:00,147.345,147.423,147.316,147.391,3538.41
2025.08.13 18:00:00,147.39,147.511,147.388,147.433,2754.85
2025.08.13 19:00:00,147.433,147.473,147.383,147.442,2661.56
2025.08.13 20:00:00,147.445,147.456,147.319,147.361,2276.73
2025.08.13 21:00:00,147.361,147.363,147.23,147.261,576.93
2025.08.13 22:00:00,147.262,147.362,147.248,147.259,877.11
2025.08.13 23:00:00,147.256,147.259,147.112,147.121,1296.3
2025.08.14 00:00:00,147.119,147.119,146.618,146.69,8817.54
2025.08.14 01:00:00,146.691,146.691,146.374,146.495,9506.38
2025.08.14 02:00:00,146.497,146.733,146.497,146.699,4854.46
2025.08.14 03:00:00,146.7,146.75,146.542,146.548,3881.02
2025.08.14 04:00:00,146.549,146.566,146.336,146.383,3756.87
2025.08.14 05:00:00,146.383,146.568,146.383,146.467,4950.79
2025.08.14 06:00:00,146.464,146.527,146.213,146.483,10398.81
2025.08.14 07:00:00,146.481,146.584,146.31,146.549,10066.55
2025.08.14 08:00:00,146.551,146.633,146.423,146.551,6338.99
2025.08.14 09:00:00,146.549,146.652,146.437,146.628,4919.16
2025.08.14 10:00:00,146.632,146.67,146.432,146.525,4316.39
2025.08.14 11:00:00,146.527,146.628,146.433,146.495,3877.57
2025.08.14 12:00:00,146.49,147.102,146.425,146.95,16323.66
2025.08.14 13:00:00,146.95,147.418,146.945,147.415,15431.88
2025.08.14 14:00:00,147.418,147.557,147.364,147.482,12172.54
2025.08.14 15:00:00,147.48,147.803,147.474,147.691,10303.42
2025.08.14 16:00:00,147.69,147.891,147.687,147.846,6408.24
2025.08.14 17:00:00,147.847,147.907,147.75,147.867,4185.79
2025.08.14 18:00:00,147.866,147.962,147.851,147.877,3157.87
2025.08.14 19:00:00,147.876,147.879,147.767,147.777,2488.31
2025.08.14 20:00:00,147.775,147.782,147.727,147.75,2703.64
2025.08.14 21:00:00,147.75,147.84,147.682,147.761,670.08
2025.08.14 22:00:00,147.765,147.805,147.737,147.775,838.37
2025.08.14 23:00:00,147.772,147.866,147.66,147.682,1958.76
2025.08.15 00:00:00,147.683,147.726,147.464,147.483,5010.09
2025.08.15 01:00:00,147.477,147.513,147.198,147.285,5267.5
2025.08.15 02:00:00,147.286,147.392,147.25,147.284,3976.97
2025.08.15 03:00:00,147.283,147.296,147.177,147.223,3129.83
2025.08.15 04:00:00,147.226,147.232,147.112,147.139,1857.53
2025.08.15 05:00:00,147.144,147.171,147.045,147.151,2575.79
2025.08.15 06:00:00,147.15,147.221,147.049,147.098,5473.91
2025.08.15 07:00:00,147.096,147.221,146.979,147.005,5173.66
2025.08.15 08:00:00,147.006,147.014,146.852,146.857,4877.82
2025.08.15 09:00:00,146.858,146.911,146.756,146.892,5084.61
2025.08.15 10:00:00,146.891,146.965,146.8,146.952,3129.96
2025.08.15 11:00:00,146.953,147.054,146.909,146.984,3737.39
2025.08.15 12:00:00,146.984,147.275,146.736,146.89,9922.94
2025.08.15 13:00:00,146.887,147.097,146.768,146.96,14153.15
2025.08.15 14:00:00,146.962,147.046,146.799,146.85,11188.33
2025.08.15 15:00:00,146.851,147.043,146.81,147.005,6420.24
2025.08.15 16:00:00,147.005,147.262,147.001,147.2,4173.71
2025.08.15 17:00:00,147.201,147.33,147.197,147.236,3996.71
2025.08.15 18:00:00,147.235,147.308,147.203,147.211,2860.33
2025.08.15 19:00:00,147.207,147.252,147.191,147.237,1853.81
2025.08.15 20:00:00,147.239,147.253,147.138,147.177,3841.83
2025.08.17 21:00:00,147.152,147.193,147.132,147.193,286.57
2025.08.17 22:00:00,147.161,147.211,147.08,147.174,1121.64
2025.08.17 23:00:00,147.169,147.383,147.169,147.232,2005.14
2025.08.18 00:00:00,147.229,147.459,147.223,147.426,5075.4
2025.08.18 01:00:00,147.427,147.582,147.333,147.335,4847.02
2025.08.18 02:00:00,147.334,147.523,147.3,147.466,3665.6
2025.08.18 03:00:00,147.474,147.482,147.333,147.385,3254.59
2025.08.18 04:00:00,147.386,147.506,147.354,147.378,3787.18
2025.08.18 05:00:00,147.377,147.45,147.333,147.385,3130.01
2025.08.18 06:00:00,147.386,147.497,147.317,147.378,8077.08
2025.08.18 07:00:00,147.376,147.47,147.118,147.453,7231.45
2025.08.18 08:00:00,147.454,147.518,147.252,147.34,7184.03
2025.08.18 09:00:00,147.34,147.473,147.277,147.413,3872.92
2025.08.18 10:00:00,147.411,147.468,147.362,147.424,2947.81
2025.08.18 11:00:00,147.426,147.571,147.369,147.55,3778.42
2025.08.18 12:00:00,147.549,147.794,147.515,147.724,6879.31
2025.08.18 13:00:00,147.724,147.92,147.713,147.817,7568.07
2025.08.18 14:00:00,147.818,147.979,147.689,147.941,6002.17
2025.08.18 15:00:00,147.942,147.984,147.733,147.758,5124.7
2025.08.18 16:00:00,147.759,147.805,147.679,147.789,3166.93
2025.08.18 17:00:00,147.79,147.825,147.66,147.801,2465.2
2025.08.18 18:00:00,147.802,147.862,147.742,147.859,2296.84
2025.08.18 19:00:00,147.858,147.884,147.825,147.825,1833.61
2025.08.18 20:00:00,147.821,147.925,147.806,147.869,2044.33
2025.08.18 21:00:00,147.87,147.87,147.639,147.808,606.57
2025.08.18 22:00:00,147.808,147.885,147.759,147.876,1367.76
2025.08.18 23:00:00,147.875,147.98,147.875,147.918,1601.79
2025.08.19 00:00:00,147.918,147.982,147.771,147.778,4492.48
2025.08.19 01:00:00,147.777,148.112,147.622,147.747,6770.48
2025.08.19 02:00:00,147.746,147.826,147.662,147.808,4431.58
2025.08.19 03:00:00,147.809,147.878,147.721,147.828,4286.83
2025.08.19 04:00:00,147.831,147.875,147.741,147.757,3088.47
2025.08.19 05:00:00,147.756,147.775,147.614,147.645,3153.14
2025.08.19 06:00:00,147.643,147.705,147.572,147.602,6062.49
2025.08.19 07:00:00,147.602,147.709,147.531,147.703,5889.37
2025.08.19 08:00:00,147.705,147.749,147.622,147.664,3502.04
2025.08.19 09:00:00,147.663,147.812,147.622,147.763,3416.65
2025.08.19 10:00:00,147.764,147.769,147.601,147.713,3685.92
2025.08.19 11:00:00,147.715,147.82,147.649,147.708,4231.24
2025.08.19 12:00:00,147.707,147.848,147.695,147.779,7297.78
2025.08.19 13:00:00,147.785,147.901,147.634,147.651,7075.18
2025.08.19 14:00:00,147.652,147.805,147.551,147.729,6927.97
2025.08.19 15:00:00,147.728,147.791,147.628,147.725,6440.54
2025.08.19 16:00:00,147.723,147.723,147.554,147.625,5916.96
2025.08.19 17:00:00,147.624,147.644,147.446,147.474,5327.11
2025.08.19 18:00:00,147.473,147.576,147.45,147.513,7285.31
2025.08.19 19:00:00,147.511,147.587,147.458,147.582,3915.71
2025.08.19 20:00:00,147.584,147.691,147.584,147.664,3569.65
2025.08.19 21:00:00,147.662,147.665,147.453,147.551,5481.42
2025.08.19 22:00:00,147.554,147.647,147.551,147.598,1016.37
2025.08.19 23:00:00,147.597,147.755,147.597,147.739,2399.16
2025.08.20 00:00:00,147.742,147.813,147.504,147.569,5177.94
2025.08.20 01:00:00,147.57,147.663,147.423,147.496,6074.66
2025.08.20 02:00:00,147.5,147.621,147.473,147.58,4589.45
2025.08.20 03:00:00,147.583,147.589,147.452,147.529,4776.13
2025.08.20 04:00:00,147.532,147.608,147.455,147.58,3685.23
2025.08.20 05:00:00,147.578,147.578,147.405,147.463,2727.96
2025.08.20 06:00:00,147.466,147.474,147.141,147.378,7658.04
2025.08.20 07:00:00,147.376,147.694,147.329,147.626,7711.11
2025.08.20 08:00:00,147.627,147.646,147.524,147.585,4793.99
2025.08.20 09:00:00,147.59,147.591,147.423,147.478,3192.2
2025.08.20 10:00:00,147.481,147.493,147.368,147.451,2641.6
2025.08.20 11:00:00,147.451,147.545,147.417,147.538,2484.65
2025.08.20 12:00:00,147.537,147.538,147.24,147.275,7798.86
2025.08.20 13:00:00,147.273,147.44,147.083,147.154,9559.7
2025.08.20 14:00:00,147.155,147.254,146.87,146.995,11667.89
2025.08.20 15:00:00,146.994,147.209,146.948,147.194,6108.06
2025.08.20 16:00:00,147.192,147.23,147.098,147.116,3354.23
2025.08.20 17:00:00,147.115,147.139,147.009,147.022,2648.44
2025.08.20 18:00:00,147.021,147.284,147.006,147.27,3642.48
2025.08.20 19:00:00,147.27,147.354,147.238,147.342,3050.96
2025.08.20 20:00:00,147.343,147.49,147.288,147.315,2348.62
2025.08.20 21:00:00,147.315,147.323,147.199,147.296,515.47
2025.08.20 22:00:00,147.312,147.368,147.255,147.342,907.55
2025.08.20 23:00:00,147.338,147.412,147.296,147.3,2216.92
2025.08.21 00:00:00,147.301,147.462,147.255,147.389,7614.71
2025.08.21 01:00:00,147.385,147.507,147.312,147.427,4444.97
2025.08.21 02:00:00,147.423,147.453,147.254,147.342,3634.01
2025.08.21 03:00:00,147.341,147.447,147.287,147.418,2689.74
2025.08.21 04:00:00,147.419,147.426,147.344,147.382,2179.18
2025.08.21 05:00:00,147.384,147.5,147.369,147.426,3086.18
2025.08.21 06:00:00,147.422,147.577,147.341,147.562,5087.49
2025.08.21 07:00:00,147.564,147.639,147.509,147.595,5578
2025.08.21 08:00:00,147.594,147.626,147.556,147.586,3393.93
2025.08.21 09:00:00,147.585,147.695,147.481,147.67,3945.73
2025.08.21 10:00:00,147.672,147.89,147.659,147.848,4263.08
2025.08.21 11:00:00,147.844,147.933,147.818,147.924,5044.59
2025.08.21 12:00:00,147.923,147.929,147.581,147.753,8647.88
2025.08.21 13:00:00,147.754,147.936,147.582,147.796,10204.38
2025.08.21 14:00:00,147.799,148.167,147.796,148.155,11393.68
2025.08.21 15:00:00,148.156,148.4,148.08,148.356,10356.94
2025.08.21 16:00:00,148.361,148.395,148.274,148.285,6368.26
2025.08.21 17:00:00,148.283,148.305,148.169,148.269,3697.14
2025.08.21 18:00:00,148.273,148.346,148.23,148.346,2349.37
2025.08.21 19:00:00,148.347,148.405,148.344,148.376,1817.01
2025.08.21 20:00:00,148.378,148.382,148.319,148.363,1748.43
2025.08.21 21:00:00,148.364,148.381,148.191,148.347,839.8
2025.08.21 22:00:00,148.351,148.378,148.315,148.332,2099.23
2025.08.21 23:00:00,148.332,148.454,148.294,148.384,2713.25
2025.08.22 00:00:00,148.385,148.505,148.282,148.473,5612.19
2025.08.22 01:00:00,148.475,148.684,148.41,148.547,4784.3
2025.08.22 02:00:00,148.546,148.556,148.455,148.488,2929.59
2025.08.22 03:00:00,148.487,148.716,148.483,148.677,2834.46
2025.08.22 04:00:00,148.675,148.762,148.641,148.744,2629.11
2025.08.22 05:00:00,148.745,148.777,148.6,148.664,3160.79
2025.08.22 06:00:00,148.671,148.706,148.423,148.517,5256.2
2025.08.22 07:00:00,148.516,148.62,148.411,148.601,5228.98
2025.08.22 08:00:00,148.602,148.675,148.545,148.635,3833.24
2025.08.22 09:00:00,148.638,148.71,148.601,148.706,3970.25
2025.08.22 10:00:00,148.707,148.733,148.62,148.631,2452.44
2025.08.22 11:00:00,148.629,148.739,148.598,148.706,3267.46
2025.08.22 12:00:00,148.706,148.721,148.601,148.704,5597.93
2025.08.22 13:00:00,148.705,148.718,148.494,148.602,5783.72
2025.08.22 14:00:00,148.599,148.599,146.804,146.852,33593.46
2025.08.22 15:00:00,146.853,146.892,146.572,146.827,13800.47
2025.08.22 16:00:00,146.826,146.851,146.65,146.704,8192.01
2025.08.22 17:00:00,146.704,146.734,146.578,146.643,10685.45
2025.08.22 18:00:00,146.646,146.875,146.601,146.864,5532.42
2025.08.22 19:00:00,146.865,147.001,146.845,146.962,3433.69
2025.08.22 20:00:00,146.96,146.987,146.875,146.875,2275.11
2025.08.24 21:00:00,146.829,146.874,146.758,146.839,828.87
2025.08.24 22:00:00,146.846,147.063,146.827,147.057,2693.68
2025.08.24 23:00:00,147.057,147.3,147.042,147.265,2962.25
2025.08.25 00:00:00,147.265,147.526,147.246,147.39,9045.29
2025.08.25 01:00:00,147.391,147.459,147.25,147.394,6529.71
2025.08.25 02:00:00,147.393,147.515,147.393,147.438,3444.12
2025.08.25 03:00:00,147.436,147.436,147.303,147.34,2158.86
2025.08.25 04:00:00,147.341,147.355,147.206,147.232,2502.39
2025.08.25 05:00:00,147.234,147.375,147.233,147.3,1966.06
2025.08.25 06:00:00,147.298,147.319,147.097,147.163,4986.05
2025.08.25 07:00:00,147.162,147.37,147.137,147.337,3628.93
2025.08.25 08:00:00,147.339,147.369,147.257,147.287,2657.41
2025.08.25 09:00:00,147.285,147.381,147.223,147.348,2166.21
2025.08.25 10:00:00,147.345,147.447,147.322,147.438,2394.3
2025.08.25 11:00:00,147.437,147.446,147.284,147.32,3340.25
2025.08.25 12:00:00,147.318,147.447,147.312,147.38,4339.13
2025.08.25 13:00:00,147.376,147.545,147.307,147.309,7519.3
2025.08.25 14:00:00,147.306,147.494,147.289,147.489,7298.67
2025.08.25 15:00:00,147.484,147.67,147.399,147.612,7620.07
2025.08.25 16:00:00,147.614,147.629,147.515,147.536,3961.52
2025.08.25 17:00:00,147.537,147.595,147.501,147.561,3638.88
2025.08.25 18:00:00,147.559,147.824,147.536,147.805,6409.57
2025.08.25 19:00:00,147.804,147.936,147.789,147.82,5113.02
2025.08.25 20:00:00,147.818,147.822,147.663,147.763,3539.35
2025.08.25 21:00:00,147.764,147.807,147.637,147.645,1742.55
2025.08.25 22:00:00,147.645,147.792,147.616,147.731,1111.53
2025.08.25 23:00:00,147.73,147.854,147.694,147.815,1971.66
2025.08.26 00:00:00,147.81,147.876,146.984,147.11,22227.36
2025.08.26 01:00:00,147.113,147.376,147.109,147.316,7691.52
2025.08.26 02:00:00,147.316,147.608,147.257,147.518,6303.3
2025.08.26 03:00:00,147.516,147.805,147.516,147.796,5209.27
2025.08.26 04:00:00,147.797,147.812,147.72,147.771,2419.43
2025.08.26 05:00:00,147.766,147.885,147.67,147.709,4273.09
2025.08.26 06:00:00,147.711,147.83,147.635,147.776,7373.03
2025.08.26 07:00:00,147.775,147.907,147.638,147.695,9858.25
2025.08.26 08:00:00,147.695,147.699,147.492,147.571,7897.09
2025.08.26 09:00:00,147.571,147.622,147.487,147.546,5533.92
2025.08.26 10:00:00,147.546,147.665,147.471,147.586,5159.74
2025.08.26 11:00:00,147.583,147.621,147.399,147.463,4411.18
2025.08.26 12:00:00,147.461,147.548,147.328,147.544,7152.16
2025.08.26 13:00:00,147.542,147.685,147.535,147.542,7758.75
2025.08.26 14:00:00,147.542,147.721,147.488,147.5,9510.35
2025.08.26 15:00:00,147.499,147.501,147.293,147.315,6430.43
2025.08.26 16:00:00,147.314,147.314,147.098,147.307,10713.91
2025.08.26 17:00:00,147.305,147.387,147.269,147.387,6383.86
2025.08.26 18:00:00,147.387,147.542,147.335,147.377,6158.6
2025.08.26 19:00:00,147.378,147.439,147.306,147.431,4937.91
2025.08.26 20:00:00,147.434,147.488,147.374,147.374,2836.92
2025.08.26 21:00:00,147.359,147.371,147.235,147.345,1132.35
2025.08.26 22:00:00,147.347,147.482,147.336,147.432,1393.96
2025.08.26 23:00:00,147.431,147.507,147.36,147.474,1974.16
2025.08.27 00:00:00,147.475,147.583,147.401,147.583,5747.74
2025.08.27 01:00:00,147.582,147.649,147.513,147.602,4508.27
2025.08.27 02:00:00,147.601,147.736,147.6,147.722,3665.75
2025.08.27 03:00:00,147.72,147.849,147.713,147.83,4082.98
2025.08.27 04:00:00,147.829,147.957,147.828,147.941,5169.5
2025.08.27 05:00:00,147.942,147.969,147.806,147.814,4529.47
2025.08.27 06:00:00,147.815,147.839,147.654,147.711,4671.6
2025.08.27 07:00:00,147.71,147.895,147.71,147.758,8413.01
2025.08.27 08:00:00,147.758,148,147.741,147.914,7459.71
2025.08.27 09:00:00,147.914,148.031,147.863,148.031,5094.95
2025.08.27 10:00:00,148.032,148.144,147.961,148.116,5792.15
2025.08.27 11:00:00,148.118,148.183,148.031,148.142,5463.42
2025.08.27 12:00:00,148.143,148.146,147.984,148.069,5613.53
2025.08.27 13:00:00,148.069,148.127,147.916,148.084,8923.13
2025.08.27 14:00:00,148.086,148.093,147.82,147.863,10093.17
2025.08.27 15:00:00,147.864,147.865,147.691,147.749,8735.98
2025.08.27 16:00:00,147.749,147.752,147.34,147.359,10006.34
2025.08.27 17:00:00,147.358,147.427,147.293,147.355,7070.03
2025.08.27 18:00:00,147.354,147.489,147.354,147.408,5512.13
2025.08.27 19:00:00,147.411,147.52,147.411,147.474,4223.02
2025.08.27 20:00:00,147.473,147.516,147.378,147.379,4073.75
2025.08.27 21:00:00,147.343,147.43,147.275,147.363,1034.74
2025.08.27 22:00:00,147.363,147.413,147.203,147.285,2724.64
2025.08.27 23:00:00,147.285,147.342,147.221,147.336,3802.56
2025.08.28 00:00:00,147.335,147.489,147.277,147.296,7432.51
2025.08.28 01:00:00,147.295,147.446,147.19,147.342,5237.26
2025.08.28 02:00:00,147.34,147.366,147.232,147.242,4204.82
2025.08.28 03:00:00,147.24,147.29,147.079,147.094,4397.5
2025.08.28 04:00:00,147.093,147.206,147.078,147.16,3579.97
2025.08.28 05:00:00,147.161,147.206,147.08,147.126,3326.62
2025.08.28 06:00:00,147.126,147.346,146.999,147.306,7092.06
2025.08.28 07:00:00,147.304,147.403,147.155,147.167,8637.58
2025.08.28 08:00:00,147.17,147.368,147.129,147.187,6981.28
2025.08.28 09:00:00,147.187,147.187,147.065,147.139,4776.05
2025.08.28 10:00:00,147.141,147.164,146.907,146.929,6382.11
2025.08.28 11:00:00,146.929,146.966,146.808,146.928,6770.19
2025.08.28 12:00:00,146.925,147.167,146.854,147.102,11776.3
2025.08.28 13:00:00,147.102,147.23,147.027,147.092,10553.81
2025.08.28 14:00:00,147.092,147.116,146.874,146.976,8823.14
2025.08.28 15:00:00,146.974,147.069,146.949,146.993,4838.17
2025.08.28 16:00:00,146.992,146.996,146.828,146.847,4413.27
2025.08.28 17:00:00,146.849,146.852,146.66,146.806,5142.45
2025.08.28 18:00:00,146.807,146.888,146.801,146.819,3122.35
2025.08.28 19:00:00,146.818,146.935,146.807,146.918,2363.61
2025.08.28 20:00:00,146.918,146.997,146.916,146.92,1775.47
2025.08.28 21:00:00,146.907,146.919,146.745,146.919,1045.25
2025.08.28 22:00:00,146.921,147.079,146.919,147.029,3247.78
2025.08.28 23:00:00,147.029,147.029,146.794,146.831,3285.06
2025.08.29 00:00:00,146.831,146.975,146.763,146.824,6715.34
2025.08.29 01:00:00,146.824,147.114,146.787,147.003,6737.25
2025.08.29 02:00:00,147.002,147.002,146.827,146.892,3991.5
2025.08.29 03:00:00,146.892,146.991,146.89,146.986,3349.73
2025.08.29 04:00:00,146.988,147.037,146.902,146.903,3533.91
2025.08.29 05:00:00,146.903,147.024,146.901,147.013,2851.04
2025.08.29 06:00:00,147.012,147.172,146.959,147.158,4552.38
2025.08.29 07:00:00,147.159,147.196,146.959,147.002,5670.18
2025.08.29 08:00:00,147.002,147.029,146.864,146.951,5423.01
2025.08.29 09:00:00,146.951,147.113,146.939,147.094,4766.04
2025.08.29 10:00:00,147.095,147.247,147.075,147.2,4758.27
2025.08.29 11:00:00,147.199,147.261,147.173,147.251,4512.23
2025.08.29 12:00:00,147.25,147.408,147.129,147.321,8649.52
2025.08.29 13:00:00,147.32,147.388,147.083,147.1,10182.19
2025.08.29 14:00:00,147.092,147.092,146.806,146.825,14551.18
2025.08.29 15:00:00,146.825,146.971,146.767,146.905,8501.68
2025.08.29 16:00:00,146.903,146.962,146.852,146.913,4628.57
2025.08.29 17:00:00,146.912,147.006,146.882,146.979,5369.56
2025.08.29 18:00:00,146.981,147.026,146.958,147.015,3439.85
2025.08.29 19:00:00,147.016,147.044,146.921,146.961,2678.22
2025.08.29 20:00:00,146.96,147.114,146.926,146.992,3418.25
2025.08.31 21:00:00,147.04,147.04,146.921,146.989,222.12
2025.08.31 22:00:00,146.986,147.157,146.985,147.131,1694.42
2025.08.31 23:00:00,147.125,147.187,147.078,147.12,2015.05
2025.09.01 00:00:00,147.121,147.257,147.117,147.232,4841.1
2025.09.01 01:00:00,147.233,147.378,147.183,147.287,5055.77
2025.09.01 02:00:00,147.288,147.292,146.853,146.892,6178.96
2025.09.01 03:00:00,146.894,147.001,146.839,146.892,4353.34
2025.09.01 04:00:00,146.894,147.061,146.884,147.045,3344.42
2025.09.01 05:00:00,147.05,147.059,146.896,146.914,2732.64
2025.09.01 06:00:00,146.914,146.946,146.785,146.935,5386.44
2025.09.01 07:00:00,146.939,147.201,146.898,147.071,7199.81
2025.09.01 08:00:00,147.07,147.202,146.96,146.986,6091.22
2025.09.01 09:00:00,146.985,147.12,146.938,147.104,4952.35
2025.09.01 10:00:00,147.105,147.143,147.048,147.131,3349.49
2025.09.01 11:00:00,147.13,147.165,147.058,147.157,3530.03
2025.09.01 12:00:00,147.158,147.232,147.148,147.199,5209.57
2025.09.01 13:00:00,147.199,147.272,147.168,147.252,4858.78
2025.09.01 14:00:00,147.253,147.296,147.22,147.291,4770.46
2025.09.01 15:00:00,147.29,147.306,147.251,147.272,4046.4
2025.09.01 16:00:00,147.271,147.283,147.2,147.235,2004.19
2025.09.01 17:00:00,147.236,147.24,147.207,147.217,1234.88
2025.09.01 18:00:00,147.218,147.232,147.208,147.22,1089.64
2025.09.01 19:00:00,147.219,147.219,147.156,147.183,1106
2025.09.01 20:00:00,147.182,147.189,147.143,147.166,1737.45
2025.09.01 21:00:00,147.169,147.256,147.03,147.153,1657.02
2025.09.01 22:00:00,147.156,147.2,147.123,147.169,1224.68
2025.09.01 23:00:00,147.169,147.175,147.045,147.092,2673.95
2025.09.02 00:00:00,147.094,147.359,147.089,147.305,5750.84
2025.09.02 01:00:00,147.307,147.582,147.192,147.543,9030.49
2025.09.02 02:00:00,147.54,147.715,147.528,147.663,6123.18
2025.09.02 03:00:00,147.669,147.75,147.573,147.703,4001.1
2025.09.02 04:00:00,147.703,147.861,147.685,147.722,4775.66
2025.09.02 05:00:00,147.722,147.923,147.696,147.916,5471.6
2025.09.02 06:00:00,147.914,148.05,147.907,147.965,7540.86
2025.09.02 07:00:00,147.965,148.74,147.951,148.654,19644.13
2025.09.02 08:00:00,148.653,148.79,148.222,148.439,15260.71
2025.09.02 09:00:00,148.449,148.646,148.369,148.559,9322.81
2025.09.02 10:00:00,148.561,148.709,148.536,148.602,8638.4
2025.09.02 11:00:00,148.605,148.742,148.51,148.62,8460.31
2025.09.02 12:00:00,148.619,148.939,148.532,148.822,13490.53
2025.09.02 13:00:00,148.823,148.847,148.346,148.407,12300.71
2025.09.02 14:00:00,148.407,148.407,147.936,148.084,20221.36
2025.09.02 15:00:00,148.085,148.337,148.071,148.23,9849.9
2025.09.02 16:00:00,148.23,148.336,148.2,148.297,5576.62
2025.09.02 17:00:00,148.299,148.419,148.246,148.381,3722.71
2025.09.02 18:00:00,148.383,148.534,148.366,148.475,5030.5
2025.09.02 19:00:00,148.475,148.483,148.318,148.359,3518.68
2025.09.02 20:00:00,148.359,148.413,148.308,148.355,2336.99
2025.09.02 21:00:00,148.352,148.352,148.244,148.33,388.97
2025.09.02 22:00:00,148.329,148.56,148.309,148.501,2183.25
2025.09.02 23:00:00,148.495,148.589,148.452,148.583,2815.91
2025.09.03 00:00:00,148.582,148.766,148.511,148.756,5626.96
2025.09.03 01:00:00,148.758,148.9,148.724,148.862,4438.69
2025.09.03 02:00:00,148.861,148.903,148.707,148.841,4538.41
2025.09.03 03:00:00,148.843,148.917,148.809,148.913,2915.12
2025.09.03 04:00:00,148.912,148.923,148.552,148.587,4195.68
2025.09.03 05:00:00,148.591,148.657,148.485,148.601,3704.43
2025.09.03 06:00:00,148.602,148.683,148.511,148.613,6620.34
2025.09.03 07:00:00,148.614,149.136,148.613,148.735,11813.69
2025.09.03 08:00:00,148.735,148.772,148.566,148.586,8355.95
2025.09.03 09:00:00,148.585,148.706,148.431,148.556,7341.27
2025.09.03 10:00:00,148.555,148.733,148.477,148.695,5035.41
2025.09.03 11:00:00,148.695,148.727,148.598,148.614,6268.04
2025.09.03 12:00:00,148.615,148.797,148.546,148.726,7820.86
2025.09.03 13:00:00,148.726,148.796,148.574,148.626,10618.62
2025.09.03 14:00:00,148.624,148.633,148.073,148.17,18835.57
2025.09.03 15:00:00,148.17,148.2,147.929,147.968,11002.16
2025.09.03 16:00:00,147.968,148.03,147.907,147.938,6777.27
2025.09.03 17:00:00,147.938,148.056,147.88,148.038,5203.28
2025.09.03 18:00:00,148.037,148.069,147.918,147.97,4494.27
2025.09.03 19:00:00,147.97,148.133,147.962,148.133,3202.42
2025.09.03 20:00:00,148.134,148.159,148.072,148.072,2343.27
2025.09.03 21:00:00,148.07,148.093,148.028,148.06,363.99
2025.09.03 22:00:00,148.06,148.142,148.032,148.055,1725.43
2025.09.03 23:00:00,148.056,148.062,147.949,147.973,2778.72
2025.09.04 00:00:00,147.973,148.17,147.906,148.027,7690.85
2025.09.04 01:00:00,148.029,148.111,147.789,148.011,7149.93
2025.09.04 02:00:00,148.014,148.191,148.014,148.132,5470.26
2025.09.04 03:00:00,148.132,148.263,148.12,148.242,3540.29
2025.09.04 04:00:00,148.244,148.284,148.129,148.24,2819.79
2025.09.04 05:00:00,148.241,148.28,148.159,148.225,4409.6
2025.09.04 06:00:00,148.228,148.246,148.131,148.195,5402.6
2025.09.04 07:00:00,148.195,148.413,148.111,148.365,7514.71
2025.09.04 08:00:00,148.367,148.405,148.137,148.217,6553.35
2025.09.04 09:00:00,148.215,148.372,148.166,148.32,5011.5
2025.09.04 10:00:00,148.321,148.336,148.204,148.262,4852.1
2025.09.04 11:00:00,148.261,148.39,148.25,148.342,4575.9
2025.09.04 12:00:00,148.343,148.529,148.018,148.428,14116.3
2025.09.04 13:00:00,148.43,148.526,148.35,148.417,11142.76
2025.09.04 14:00:00,148.417,148.751,148.384,148.739,14136
2025.09.04 15:00:00,148.738,148.777,148.627,148.631,7361.06
2025.09.04 16:00:00,148.63,148.739,148.597,148.621,4616.82
2025.09.04 17:00:00,148.618,148.672,148.606,148.646,3100
2025.09.04 18:00:00,148.643,148.651,148.538,148.563,2620.4
2025.09.04 19:00:00,148.565,148.565,148.453,148.485,2965.23
2025.09.04 20:00:00,148.485,148.55,148.437,148.477,2565.79
2025.09.04 21:00:00,148.479,148.5,148.368,148.402,779.77
2025.09.04 22:00:00,148.402,148.513,148.402,148.478,1886.78
2025.09.04 23:00:00,148.477,148.505,148.33,148.422,3755.92
2025.09.05 00:00:00,148.419,148.438,148.127,148.171,7997.51
2025.09.05 01:00:00,148.172,148.264,148.089,148.142,5805.67
2025.09.05 02:00:00,148.141,148.18,148.08,148.178,2595.46
2025.09.05 03:00:00,148.184,148.206,148.111,148.176,2438.72
2025.09.05 04:00:00,148.174,148.237,148.167,148.218,2614.04
2025.09.05 05:00:00,148.218,148.218,148.17,148.171,3175.04
2025.09.05 06:00:00,148.173,148.273,148.147,148.234,5371.93
2025.09.05 07:00:00,148.232,148.256,148.191,148.212,4729.97
2025.09.05 08:00:00,148.213,148.223,148.113,148.162,4380.9
2025.09.05 09:00:00,148.16,148.188,148.087,148.173,3531.02
2025.09.05 10:00:00,148.17,148.185,148.08,148.145,3510.76
2025.09.05 11:00:00,148.148,148.251,148.134,148.197,4744.82
2025.09.05 12:00:00,148.198,148.198,147.178,147.297,29407.75
2025.09.05 13:00:00,147.297,147.467,147.039,147.058,23716.83
2025.09.05 14:00:00,147.054,147.206,146.991,147.078,17874.17
2025.09.05 15:00:00,147.077,147.084,146.816,146.839,11109.08
2025.09.05 16:00:00,146.842,147.151,146.822,147.139,7744.25
2025.09.05 17:00:00,147.139,147.303,147.131,147.273,6889.28
2025.09.05 18:00:00,147.274,147.485,147.263,147.464,4754.67
2025.09.05 19:00:00,147.464,147.502,147.373,147.465,6726
2025.09.05 20:00:00,147.465,147.505,147.333,147.392,9031.59
2025.09.07 21:00:00,148.088,148.206,147.913,147.932,1567.03
2025.09.07 22:00:00,147.951,148.47,147.926,148.43,7036.36
2025.09.07 23:00:00,148.43,148.452,148.209,148.315,6718.26
2025.09.08 00:00:00,148.315,148.576,148.296,148.339,9555.09
2025.09.08 01:00:00,148.337,148.386,148.12,148.14,6977
2025.09.08 02:00:00,148.138,148.151,148.003,148.08,5064.86
2025.09.08 03:00:00,148.081,148.222,148.019,148.2,3948.93
2025.09.08 04:00:00,148.202,148.253,148.11,148.161,4265.25
2025.09.08 05:00:00,148.168,148.178,148.004,148.138,4144.48
2025.09.08 06:00:00,148.132,148.161,147.803,147.825,8230.84
2025.09.08 07:00:00,147.826,147.833,147.514,147.531,9192.2
2025.09.08 08:00:00,147.531,147.737,147.465,147.687,6813.55
2025.09.08 09:00:00,147.686,147.77,147.666,147.752,5080.45
2025.09.08 10:00:00,147.75,147.878,147.747,147.804,5144.5
2025.09.08 11:00:00,147.802,147.819,147.675,147.777,5612.32
2025.09.08 12:00:00,147.778,147.879,147.652,147.695,7171.74
2025.09.08 13:00:00,147.696,147.741,147.539,147.676,9805.48
2025.09.08 14:00:00,147.675,147.873,147.624,147.748,9829.48
2025.09.08 15:00:00,147.749,147.765,147.542,147.589,7962.84
2025.09.08 16:00:00,147.589,147.777,147.553,147.686,4957.53
2025.09.08 17:00:00,147.688,147.766,147.672,147.729,3979.84
2025.09.08 18:00:00,147.731,147.731,147.446,147.459,4314.57
2025.09.08 19:00:00,147.46,147.473,147.34,147.417,4400.96
2025.09.08 20:00:00,147.418,147.539,147.379,147.505,2643.22
2025.09.08 21:00:00,147.476,147.524,147.434,147.487,1264.4
2025.09.08 22:00:00,147.481,147.511,147.387,147.41,1979
2025.09.08 23:00:00,147.405,147.419,147.213,147.373,3768.65
2025.09.09 00:00:00,147.374,147.431,147.156,147.342,9033.14
2025.09.09 01:00:00,147.345,147.398,147.199,147.237,7163
2025.09.09 02:00:00,147.238,147.341,147.211,147.334,4048.02
2025.09.09 03:00:00,147.337,147.402,147.32,147.363,3198.9
2025.09.09 04:00:00,147.365,147.376,147.095,147.127,4504.48
2025.09.09 05:00:00,147.127,147.132,146.846,146.856,4798.81
2025.09.09 06:00:00,146.853,147.134,146.817,147.051,5781.62
2025.09.09 07:00:00,147.048,147.315,146.998,147.207,6267.43
2025.09.09 08:00:00,147.209,147.333,146.56,146.624,15809.02
2025.09.09 09:00:00,146.621,146.621,146.309,146.348,9446.94
2025.09.09 10:00:00,146.345,146.52,146.326,146.469,5355.64
2025.09.09 11:00:00,146.47,146.764,146.462,146.73,5550.4
2025.09.09 12:00:00,146.73,147.007,146.726,146.924,11094.11
2025.09.09 13:00:00,146.921,146.966,146.777,146.864,10874.14
2025.09.09 14:00:00,146.863,147.133,146.52,147.096,22995.78
2025.09.09 15:00:00,147.096,147.349,147.096,147.237,11793.37
2025.09.09 16:00:00,147.236,147.336,147.18,147.271,6196.63
2025.09.09 17:00:00,147.271,147.361,147.236,147.354,5021.66
2025.09.09 18:00:00,147.354,147.432,147.315,147.4,4276.5
2025.09.09 19:00:00,147.401,147.462,147.391,147.445,2500.23
2025.09.09 20:00:00,147.446,147.469,147.395,147.405,2535.39
2025.09.09 21:00:00,147.404,147.404,147.206,147.38,1206.57
2025.09.09 22:00:00,147.38,147.415,147.339,147.355,1785.66
2025.09.09 23:00:00,147.353,147.451,147.336,147.393,1821.84
2025.09.10 00:00:00,147.391,147.476,147.37,147.422,6545.24
2025.09.10 01:00:00,147.423,147.571,147.331,147.394,6524.13
2025.09.10 02:00:00,147.394,147.412,147.297,147.3,3511.07
2025.09.10 03:00:00,147.301,147.399,147.269,147.394,2522.1
2025.09.10 04:00:00,147.394,147.459,147.324,147.326,4477.1
2025.09.10 05:00:00,147.326,147.485,147.281,147.426,3475.5
2025.09.10 06:00:00,147.426,147.586,147.335,147.568,6798.75
2025.09.10 07:00:00,147.567,147.57,147.393,147.497,8093.21
2025.09.10 08:00:00,147.499,147.556,147.393,147.517,5996.32
2025.09.10 09:00:00,147.517,147.541,147.395,147.423,4793.64
2025.09.10 10:00:00,147.424,147.483,147.396,147.476,4338.41
2025.09.10 11:00:00,147.476,147.543,147.445,147.513,6693.77
2025.09.10 12:00:00,147.513,147.647,147.084,147.527,15441.53
2025.09.10 13:00:00,147.529,147.604,147.274,147.34,14583.1
2025.09.10 14:00:00,147.342,147.427,147.262,147.402,10519.69
2025.09.10 15:00:00,147.404,147.44,147.314,147.37,5901.31
2025.09.10 16:00:00,147.371,147.412,147.279,147.373,5156.21
2025.09.10 17:00:00,147.371,147.391,147.245,147.331,4721.27
2025.09.10 18:00:00,147.332,147.353,147.247,147.325,4787.53
2025.09.10 19:00:00,147.321,147.467,147.314,147.413,3646.9
2025.09.10 20:00:00,147.413,147.463,147.38,147.454,1908.92
2025.09.10 21:00:00,147.454,147.454,147.316,147.36,1020.53
2025.09.10 22:00:00,147.362,147.422,147.341,147.344,1035.42
2025.09.10 23:00:00,147.342,147.377,147.28,147.351,2040.92
2025.09.11 00:00:00,147.355,147.467,147.344,147.458,5629.43
2025.09.11 01:00:00,147.459,147.477,147.321,147.388,5130.72
2025.09.11 02:00:00,147.388,147.479,147.375,147.462,2400.1
2025.09.11 03:00:00,147.463,147.476,147.431,147.444,3481.58
2025.09.11 04:00:00,147.445,147.455,147.414,147.433,1651.42
2025.09.11 05:00:00,147.434,147.585,147.427,147.58,2074.02
2025.09.11 06:00:00,147.581,147.79,147.561,147.723,6599.8
2025.09.11 07:00:00,147.724,147.832,147.653,147.778,6618.13
2025.09.11 08:00:00,147.776,147.863,147.769,147.849,4335.87
2025.09.11 09:00:00,147.849,147.99,147.839,147.96,4552.79
2025.09.11 10:00:00,147.962,147.987,147.898,147.969,3542.34
2025.09.11 11:00:00,147.971,147.987,147.901,147.968,3856.82
2025.09.11 12:00:00,147.966,148.179,147.36,147.528,21815.64
2025.09.11 13:00:00,147.528,147.62,147.331,147.359,18881.23
2025.09.11 14:00:00,147.36,147.377,146.991,147.186,16824.57
2025.09.11 15:00:00,147.185,147.308,147.054,147.169,9731.29
2025.09.11 16:00:00,147.167,147.169,146.985,147.058,6039.91
2025.09.11 17:00:00,147.055,147.303,147.05,147.289,6405.87
2025.09.11 18:00:00,147.286,147.306,147.147,147.174,4462.02
2025.09.11 19:00:00,147.175,147.192,147.085,147.163,5181.89
2025.09.11 20:00:00,147.165,147.243,147.119,147.201,3825.75
2025.09.11 21:00:00,147.2,147.21,147.021,147.161,535.57
2025.09.11 22:00:00,147.179,147.227,147.119,147.18,1444.08
2025.09.11 23:00:00,147.184,147.237,147.146,147.229,2127.63
2025.09.12 00:00:00,147.226,147.338,147.166,147.231,6696.53
2025.09.12 01:00:00,147.229,147.447,147.215,147.415,5527.19
2025.09.12 02:00:00,147.412,147.477,147.398,147.421,4579.31
2025.09.12 03:00:00,147.421,147.479,147.421,147.445,2675.93
2025.09.12 04:00:00,147.446,147.545,147.446,147.502,3225.18
2025.09.12 05:00:00,147.503,147.553,147.33,147.347,2916.02
2025.09.12 06:00:00,147.346,147.506,147.324,147.408,5282.97
2025.09.12 07:00:00,147.407,147.483,147.241,147.455,7088.07
2025.09.12 08:00:00,147.457,147.926,147.452,147.896,13151.07
2025.09.12 09:00:00,147.897,147.982,147.857,147.927,6552.19
2025.09.12 10:00:00,147.927,147.938,147.742,147.751,4854.81
2025.09.12 11:00:00,147.752,147.855,147.684,147.838,5849.91
2025.09.12 12:00:00,147.837,148.072,147.809,147.848,9341.29
2025.09.12 13:00:00,147.85,147.886,147.697,147.719,9794.33
2025.09.12 14:00:00,147.728,147.761,147.588,147.668,10188.52
2025.09.12 15:00:00,147.667,147.863,147.651,147.856,7472.86
2025.09.12 16:00:00,147.855,147.875,147.628,147.685,4167.14
2025.09.12 17:00:00,147.684,147.684,147.514,147.559,4232.06
2025.09.12 18:00:00,147.558,147.561,147.47,147.487,3966.58
2025.09.12 19:00:00,147.486,147.608,147.461,147.583,3117.98
2025.09.12 20:00:00,147.582,147.721,147.576,147.645,3664.42
2025.09.14 21:00:00,147.403,147.672,147.367,147.607,454.3
2025.09.14 22:00:00,147.761,147.776,147.644,147.711,1839.69
2025.09.14 23:00:00,147.706,147.726,147.626,147.675,1672.77
2025.09.15 00:00:00,147.677,147.689,147.546,147.549,3186.13
2025.09.15 01:00:00,147.55,147.586,147.539,147.574,3380.64
2025.09.15 02:00:00,147.575,147.61,147.507,147.516,2445.55
2025.09.15 03:00:00,147.516,147.516,147.4,147.428,2497.08
2025.09.15 04:00:00,147.427,147.453,147.339,147.403,2026.42
2025.09.15 05:00:00,147.401,147.519,147.392,147.511,2065.55
2025.09.15 06:00:00,147.51,147.607,147.496,147.53,4615.52
2025.09.15 07:00:00,147.531,147.593,147.374,147.468,6867.11
2025.09.15 08:00:00,147.469,147.483,147.377,147.409,4824.47
2025.09.15 09:00:00,147.408,147.429,147.308,147.366,4116.6
2025.09.15 10:00:00,147.367,147.406,147.246,147.392,3083.52
2025.09.15 11:00:00,147.392,147.478,147.322,147.416,3178.36
2025.09.15 12:00:00,147.417,147.417,147.249,147.27,6956.9
2025.09.15 13:00:00,147.269,147.353,147.232,147.347,7176.28
2025.09.15 14:00:00,147.349,147.468,147.348,147.417,6487.36
2025.09.15 15:00:00,147.421,147.435,147.27,147.272,4268.82
2025.09.15 16:00:00,147.273,147.416,147.244,147.338,4882.72
2025.09.15 17:00:00,147.337,147.371,147.242,147.254,3799.85
2025.09.15 18:00:00,147.254,147.327,147.24,147.324,3676.83
2025.09.15 19:00:00,147.323,147.413,147.314,147.388,2228.75
2025.09.15 20:00:00,147.388,147.43,147.366,147.377,2889.62
2025.09.15 21:00:00,147.378,147.378,147.281,147.326,1005.98
2025.09.15 22:00:00,147.325,147.401,147.325,147.394,1047
2025.09.15 23:00:00,147.395,147.426,147.334,147.401,1892.61
2025.09.16 00:00:00,147.406,147.502,147.348,147.441,5658.8
2025.09.16 01:00:00,147.44,147.538,147.262,147.352,5688.4
2025.09.16 02:00:00,147.353,147.353,147.117,147.152,6118.68
2025.09.16 03:00:00,147.152,147.198,147.018,147.099,4995.89
2025.09.16 04:00:00,147.099,147.128,146.969,147.013,4785.5
2025.09.16 05:00:00,147.014,147.071,146.917,146.993,4769.3
2025.09.16 06:00:00,146.995,147.025,146.78,146.897,8882.07
2025.09.16 07:00:00,146.894,146.899,146.691,146.889,7827.49
2025.09.16 08:00:00,146.891,147.092,146.876,146.998,6701.06
2025.09.16 09:00:00,146.997,147.005,146.867,146.96,7187.13
2025.09.16 10:00:00,146.96,147.09,146.947,147.054,5438.52
2025.09.16 11:00:00,147.054,147.114,146.875,146.954,7186.96
2025.09.16 12:00:00,146.954,147.255,146.906,147.098,13790.14
2025.09.16 13:00:00,147.096,147.137,146.735,146.76,13380.87
2025.09.16 14:00:00,146.759,146.804,146.521,146.526,15913.19
2025.09.16 15:00:00,146.527,146.682,146.502,146.557,8951.56
2025.09.16 16:00:00,146.558,146.563,146.349,146.356,5972.82
2025.09.16 17:00:00,146.354,146.4,146.277,146.376,6776.2
2025.09.16 18:00:00,146.375,146.397,146.325,146.342,5564.8
2025.09.16 19:00:00,146.343,146.498,146.343,146.494,5388.65
2025.09.16 20:00:00,146.494,146.506,146.441,146.477,4421.77
2025.09.16 21:00:00,146.473,146.541,146.371,146.44,1025.5
2025.09.16 22:00:00,146.439,146.517,146.422,146.492,1009.59
2025.09.16 23:00:00,146.49,146.495,146.311,146.412,2739.47
2025.09.17 00:00:00,146.411,146.568,146.209,146.534,8475.93
2025.09.17 01:00:00,146.536,146.604,146.429,146.498,6546.59
2025.09.17 02:00:00,146.499,146.59,146.493,146.537,3769.11
2025.09.17 03:00:00,146.536,146.563,146.476,146.532,3123.22
2025.09.17 04:00:00,146.532,146.544,146.435,146.455,1901.43
2025.09.17 05:00:00,146.46,146.552,146.37,146.514,3990.47
2025.09.17 06:00:00,146.512,146.544,146.463,146.498,6242.97
2025.09.17 07:00:00,146.5,146.68,146.478,146.666,7807.37
2025.09.17 08:00:00,146.666,146.682,146.374,146.45,6265.5
2025.09.17 09:00:00,146.45,146.454,146.277,146.318,5231.62
2025.09.17 10:00:00,146.32,146.389,146.205,146.273,6188.56
2025.09.17 11:00:00,146.271,146.342,146.224,146.338,4355.41
2025.09.17 12:00:00,146.337,146.478,146.32,146.378,7395.64
2025.09.17 13:00:00,146.379,146.401,146.244,146.336,7308.05
2025.09.17 14:00:00,146.337,146.392,146.207,146.341,6992.35
2025.09.17 15:00:00,146.342,146.385,146.303,146.36,6044.29
2025.09.17 16:00:00,146.362,146.376,146.254,146.287,4107
2025.09.17 17:00:00,146.288,146.368,146.249,146.249,5790.76
2025.09.17 18:00:00,146.242,146.856,145.481,146.714,46367.87
2025.09.17 19:00:00,146.711,146.844,146.442,146.777,20997.39
2025.09.17 20:00:00,146.776,147.048,146.752,146.939,5761.33
2025.09.17 21:00:00,146.941,146.941,146.841,146.919,1566.84
2025.09.17 22:00:00,146.919,146.983,146.793,146.837,3500.12
2025.09.17 23:00:00,146.835,146.909,146.768,146.883,3992.68
2025.09.18 00:00:00,146.88,147.028,146.851,146.913,8750.96
2025.09.18 01:00:00,146.914,147.147,146.845,147.025,9885.66
2025.09.18 02:00:00,147.024,147.069,146.895,146.906,4692.87
2025.09.18 03:00:00,146.902,147.052,146.853,147.051,3996.99
2025.09.18 04:00:00,147.052,147.22,147.039,147.204,4588.63
2025.09.18 05:00:00,147.207,147.405,147.169,147.352,5398.8
2025.09.18 06:00:00,147.35,147.532,147.332,147.41,11126.96
2025.09.18 07:00:00,147.407,147.426,147.026,147.117,11439.96
2025.09.18 08:00:00,147.116,147.488,147.1,147.433,11985.91
2025.09.18 09:00:00,147.432,147.453,147.159,147.275,8608.94
2025.09.18 10:00:00,147.273,147.371,147.225,147.262,5573.18
2025.09.18 11:00:00,147.26,147.423,147.215,147.384,10490.55
2025.09.18 12:00:00,147.384,147.801,147.367,147.786,13692.31
2025.09.18 13:00:00,147.791,148.267,147.791,148.058,20392.65
2025.09.18 14:00:00,148.059,148.127,147.902,148.013,15664.73
2025.09.18 15:00:00,148.012,148.08,147.904,148.022,11386.64
2025.09.18 16:00:00,148.023,148.042,147.856,147.866,21079.77
2025.09.18 17:00:00,147.866,147.893,147.804,147.873,6371.77
2025.09.18 18:00:00,147.875,147.929,147.826,147.88,4075.14
2025.09.18 19:00:00,147.88,147.96,147.844,147.95,4168.71
2025.09.18 20:00:00,147.951,148.015,147.945,147.987,4252.04
2025.09.18 21:00:00,147.991,147.991,147.831,147.942,1033.14
2025.09.18 22:00:00,147.958,147.98,147.905,147.94,2867.83
2025.09.18 23:00:00,147.945,148.004,147.936,147.963,1515.33
2025.09.19 00:00:00,147.966,148.113,147.892,148.007,5728.24
2025.09.19 01:00:00,148.008,148.094,147.934,148.062,5260.85
2025.09.19 02:00:00,148.062,148.103,147.95,147.99,3872.24
2025.09.19 03:00:00,147.982,147.992,147.369,147.622,10338.92
2025.09.19 04:00:00,147.623,147.626,147.197,147.523,14051.82
2025.09.19 05:00:00,147.523,147.58,147.415,147.511,9567.67
2025.09.19 06:00:00,147.51,147.988,147.467,147.851,15896.06
2025.09.19 07:00:00,147.848,147.956,147.666,147.934,11642.45
2025.09.19 08:00:00,147.932,148.032,147.81,147.855,8913.89
2025.09.19 09:00:00,147.855,147.982,147.754,147.955,5878.47
2025.09.19 10:00:00,147.957,147.973,147.854,147.941,4924.46
2025.09.19 11:00:00,147.94,148.197,147.931,148.164,7478.05
2025.09.19 12:00:00,148.163,148.281,148.014,148.16,10199.56
2025.09.19 13:00:00,148.159,148.159,147.805,147.832,12881.68
2025.09.19 14:00:00,147.834,147.923,147.789,147.887,11483.58
2025.09.19 15:00:00,147.887,147.951,147.827,147.836,8650
2025.09.19 16:00:00,147.833,147.926,147.795,147.849,4393.25
2025.09.19 17:00:00,147.85,147.951,147.844,147.943,4211.4
2025.09.19 18:00:00,147.943,147.975,147.918,147.962,3005.71
2025.09.19 19:00:00,147.962,147.995,147.919,147.939,3565.28
2025.09.19 20:00:00,147.94,147.993,147.892,147.892,4643.28
2025.09.21 21:00:00,147.867,147.926,147.851,147.882,174.58
2025.09.21 22:00:00,147.891,148.013,147.871,147.99,1379.82
2025.09.21 23:00:00,147.989,148.11,147.975,148.099,2048.5
2025.09.22 00:00:00,148.105,148.257,148.103,148.162,8048.2
2025.09.22 01:00:00,148.159,148.215,148.09,148.191,7617
2025.09.22 02:00:00,148.192,148.353,148.181,148.348,6346.4
2025.09.22 03:00:00,148.352,148.376,148.302,148.336,3382.23
2025.09.22 04:00:00,148.338,148.368,148.274,148.287,3534.4
2025.09.22 05:00:00,148.287,148.305,148.222,148.253,2408.25
2025.09.22 06:00:00,148.256,148.258,147.996,148.076,6332.02
2025.09.22 07:00:00,148.076,148.132,147.893,148.115,8858.28
2025.09.22 08:00:00,148.116,148.127,147.816,147.854,7938.8
2025.09.22 09:00:00,147.853,147.944,147.798,147.876,5797.79
2025.09.22 10:00:00,147.877,147.931,147.821,147.857,5428.32
2025.09.22 11:00:00,147.859,147.907,147.739,147.842,6008.25
2025.09.22 12:00:00,147.842,147.93,147.76,147.841,8770.13
2025.09.22 13:00:00,147.839,147.964,147.73,147.819,11786.59
2025.09.22 14:00:00,147.818,147.983,147.814,147.877,10422.23
2025.09.22 15:00:00,147.878,147.902,147.819,147.837,6365.01
2025.09.22 16:00:00,147.837,147.886,147.735,147.741,5767.71
2025.09.22 17:00:00,147.739,147.78,147.658,147.684,3805.37
2025.09.22 18:00:00,147.684,147.773,147.66,147.729,4815.97
2025.09.22 19:00:00,147.727,147.737,147.689,147.735,3114.14
2025.09.22 20:00:00,147.733,147.779,147.701,147.702,3377.08
2025.09.22 21:00:00,147.702,147.81,147.65,147.701,624.22
2025.09.22 22:00:00,147.716,147.739,147.661,147.699,1011.94
2025.09.22 23:00:00,147.697,147.767,147.681,147.73,1777.22
2025.09.23 00:00:00,147.731,147.766,147.651,147.668,3384.71
2025.09.23 01:00:00,147.666,147.701,147.599,147.62,3800.75
2025.09.23 02:00:00,147.619,147.814,147.609,147.797,4502.2
2025.09.23 03:00:00,147.798,147.865,147.747,147.759,3825.52
2025.09.23 04:00:00,147.756,147.813,147.731,147.798,1821.45
2025.09.23 05:00:00,147.799,147.839,147.738,147.8,2868.27
2025.09.23 06:00:00,147.801,147.834,147.635,147.719,4885.54
2025.09.23 07:00:00,147.718,147.821,147.645,147.729,7537.67
2025.09.23 08:00:00,147.728,147.776,147.534,147.565,7689.3
2025.09.23 09:00:00,147.565,147.624,147.508,147.609,5048.14
2025.09.23 10:00:00,147.608,147.768,147.58,147.716,5460.99
2025.09.23 11:00:00,147.717,147.795,147.687,147.765,5316.49
2025.09.23 12:00:00,147.763,147.884,147.756,147.774,8455.16
2025.09.23 13:00:00,147.77,147.886,147.668,147.674,10593.74
2025.09.23 14:00:00,147.674,147.801,147.616,147.762,10455.59
2025.09.23 15:00:00,147.763,147.925,147.749,147.841,6511.95
2025.09.23 16:00:00,147.838,147.926,147.686,147.772,8379.22
2025.09.23 17:00:00,147.771,147.773,147.491,147.58,8629
2025.09.23 18:00:00,147.578,147.623,147.459,147.58,7458.45
2025.09.23 19:00:00,147.582,147.631,147.551,147.631,5511.2
2025.09.23 20:00:00,147.632,147.673,147.586,147.616,3892.37
2025.09.23 21:00:00,147.615,147.647,147.505,147.551,1558.76
2025.09.23 22:00:00,147.545,147.629,147.541,147.613,1505.92
2025.09.23 23:00:00,147.61,147.664,147.575,147.602,2005.18
2025.09.24 00:00:00,147.601,147.828,147.517,147.776,7153.15
2025.09.24 01:00:00,147.774,147.812,147.714,147.754,7195.79
2025.09.24 02:00:00,147.755,147.789,147.722,147.771,3435.85
2025.09.24 03:00:00,147.77,147.877,147.76,147.871,2841.18
2025.09.24 04:00:00,147.873,147.961,147.873,147.903,2868.34
2025.09.24 05:00:00,147.904,147.94,147.816,147.877,4030.84
2025.09.24 06:00:00,147.875,148.106,147.87,148.058,4811.94
2025.09.24 07:00:00,148.057,148.099,148.005,148.042,4958.63
2025.09.24 08:00:00,148.041,148.292,148.015,148.264,6892.31
2025.09.24 09:00:00,148.262,148.344,148.212,148.28,5705.8
2025.09.24 10:00:00,148.28,148.421,148.28,148.395,3901.77
2025.09.24 11:00:00,148.393,148.517,148.379,148.5,5721.64
2025.09.24 12:00:00,148.501,148.714,148.43,148.67,8708.87
2025.09.24 13:00:00,148.671,148.775,148.614,148.709,10354.73
2025.09.24 14:00:00,148.704,148.78,148.591,148.711,13042.97
2025.09.24 15:00:00,148.71,148.774,148.694,148.711,17074.95
2025.09.24 16:00:00,148.71,148.792,148.687,148.764,9904.24
2025.09.24 17:00:00,148.764,148.767,148.705,148.739,6943.31
2025.09.24 18:00:00,148.741,148.872,148.737,148.84,3925.54
2025.09.24 19:00:00,148.84,148.888,148.833,148.86,3970.2
2025.09.24 20:00:00,148.859,148.915,148.855,148.895,2271.83
2025.09.24 21:00:00,148.892,148.892,148.714,148.768,694.21
2025.09.24 22:00:00,148.768,148.849,148.768,148.805,1343
2025.09.24 23:00:00,148.804,148.833,148.723,148.779,2912.24
2025.09.25 00:00:00,148.783,148.792,148.562,148.57,7132.19
2025.09.25 01:00:00,148.574,148.859,148.558,148.754,5002.85
2025.09.25 02:00:00,148.753,148.758,148.616,148.751,3579.68
2025.09.25 03:00:00,148.751,148.774,148.657,148.672,2358.4
2025.09.25 04:00:00,148.671,148.7,148.599,148.602,2614.21
2025.09.25 05:00:00,148.602,148.813,148.596,148.809,3678.06
2025.09.25 06:00:00,148.812,148.86,148.729,148.782,5538.94
2025.09.25 07:00:00,148.781,148.827,148.635,148.82,7274.05
2025.09.25 08:00:00,148.82,148.823,148.663,148.741,6974.54
2025.09.25 09:00:00,148.741,148.812,148.685,148.792,5271.08
2025.09.25 10:00:00,148.794,148.799,148.726,148.798,3380.5
2025.09.25 11:00:00,148.8,148.892,148.795,148.837,6205.97
2025.09.25 12:00:00,148.838,149.355,148.801,149.243,18374.49
2025.09.25 13:00:00,149.243,149.476,149.143,149.425,16187.96
2025.09.25 14:00:00,149.427,149.636,149.341,149.636,15864.84
2025.09.25 15:00:00,149.637,149.841,149.625,149.787,11277.5
2025.09.25 16:00:00,149.788,149.866,149.709,149.813,8096.05
2025.09.25 17:00:00,149.814,149.918,149.76,149.805,7501.77
2025.09.25 18:00:00,149.805,149.928,149.728,149.888,7339.56
2025.09.25 19:00:00,149.887,149.897,149.725,149.771,5365.93
2025.09.25 20:00:00,149.77,149.811,149.745,149.782,2490.87
2025.09.25 21:00:00,149.784,149.809,149.723,149.743,877.18
2025.09.25 22:00:00,149.741,149.805,149.724,149.738,1389.11
2025.09.25 23:00:00,149.737,149.955,149.731,149.875,5439.1
2025.09.26 00:00:00,149.874,149.945,149.636,149.682,9980.75
2025.09.26 01:00:00,149.683,149.848,149.632,149.828,7154.36
2025.09.26 02:00:00,149.826,149.832,149.69,149.721,4359.51
2025.09.26 03:00:00,149.72,149.744,149.671,149.704,2733.37
2025.09.26 04:00:00,149.705,149.73,149.643,149.644,3192.4
2025.09.26 05:00:00,149.646,149.721,149.615,149.71,3309.87
2025.09.26 06:00:00,149.71,149.798,149.694,149.722,6092.71
2025.09.26 07:00:00,149.723,149.884,149.723,149.847,6965.37
2025.09.26 08:00:00,149.848,149.848,149.65,149.751,5128.08
2025.09.26 09:00:00,149.751,149.796,149.711,149.786,4940.35
2025.09.26 10:00:00,149.788,149.951,149.782,149.89,3866.94
2025.09.26 11:00:00,149.891,149.898,149.756,149.787,5409.57
2025.09.26 12:00:00,149.788,149.835,149.584,149.623,13382.55
2025.09.26 13:00:00,149.62,149.783,149.513,149.736,13301.09
2025.09.26 14:00:00,149.735,149.735,149.465,149.502,11745.91
2025.09.26 15:00:00,149.503,149.574,149.424,149.521,8868.85
2025.09.26 16:00:00,149.519,149.595,149.491,149.551,6419.19
2025.09.26 17:00:00,149.549,149.559,149.476,149.52,3161.51
2025.09.26 18:00:00,149.521,149.553,149.404,149.441,3637.21
2025.09.26 19:00:00,149.44,149.558,149.436,149.506,3620.29
2025.09.26 20:00:00,149.505,149.549,149.473,149.489,3241.5
2025.09.28 21:00:00,149.399,149.491,149.399,149.491,202.83
2025.09.28 22:00:00,149.489,149.513,149.399,149.469,2002.19
2025.09.28 23:00:00,149.469,149.474,149.339,149.412,2120.31
2025.09.29 00:00:00,149.412,149.421,149.112,149.177,5601.08
2025.09.29 01:00:00,149.175,149.279,149.016,149.09,7497.84
2025.09.29 02:00:00,149.09,149.095,148.901,148.937,4404.11
2025.09.29 03:00:00,148.938,148.959,148.884,148.934,3105.29
2025.09.29 04:00:00,148.933,148.978,148.886,148.948,3605.06
2025.09.29 05:00:00,148.951,148.979,148.742,148.777,6495.37
2025.09.29 06:00:00,148.78,148.853,148.713,148.824,6687.57
2025.09.29 07:00:00,148.824,148.837,148.522,148.574,8219.21
2025.09.29 08:00:00,148.574,148.619,148.469,148.529,6806.84
2025.09.29 09:00:00,148.527,148.635,148.472,148.6,5307.61
2025.09.29 10:00:00,148.6,148.684,148.571,148.666,4455.14
2025.09.29 11:00:00,148.669,148.797,148.619,148.629,5532.28
2025.09.29 12:00:00,148.63,148.812,148.574,148.605,10341.58
2025.09.29 13:00:00,148.605,148.738,148.479,148.581,10324.74
2025.09.29 14:00:00,148.577,148.651,148.53,148.649,11054.01
2025.09.29 15:00:00,148.648,148.651,148.502,148.567,7013.94
2025.09.29 16:00:00,148.568,148.615,148.556,148.58,3362.64
2025.09.29 17:00:00,148.58,148.648,148.552,148.585,3127.99
2025.09.29 18:00:00,148.584,148.641,148.546,148.636,2946.4
2025.09.29 19:00:00,148.637,148.673,148.557,148.627,3234.81
2025.09.29 20:00:00,148.628,148.694,148.583,148.583,2680.73
2025.09.29 21:00:00,148.583,148.647,148.439,148.582,1300.53
2025.09.29 22:00:00,148.58,148.653,148.575,148.595,931.42
2025.09.29 23:00:00,148.595,148.63,148.502,148.617,2501.42
2025.09.30 00:00:00,148.619,148.845,148.552,148.793,8086.31
2025.09.30 01:00:00,148.791,148.791,148.599,148.75,6847.52
2025.09.30 02:00:00,148.748,148.802,148.625,148.717,3123.66
2025.09.30 03:00:00,148.716,148.721,148.512,148.516,3360.88
2025.09.30 04:00:00,148.515,148.591,148.387,148.402,5764.77
2025.09.30 05:00:00,148.401,148.444,148.226,148.288,6128.23
2025.09.30 06:00:00,148.287,148.351,148.051,148.072,7668.94
2025.09.30 07:00:00,148.072,148.176,147.94,148.051,9083.5
2025.09.30 08:00:00,148.055,148.094,147.837,147.856,9774.28
2025.09.30 09:00:00,147.856,147.986,147.832,147.968,7076.19
2025.09.30 10:00:00,147.968,148.036,147.898,148.026,4405.99
2025.09.30 11:00:00,148.024,148.098,147.965,147.969,4114.23
2025.09.30 12:00:00,147.97,148.026,147.898,147.955,7268.92
2025.09.30 13:00:00,147.954,148.062,147.81,147.897,9360.97
2025.09.30 14:00:00,147.895,148.001,147.651,147.687,14850.35
2025.09.30 15:00:00,147.686,148.016,147.66,147.964,10095.51
2025.09.30 16:00:00,147.965,147.966,147.704,147.743,5749.47
2025.09.30 17:00:00,147.743,147.847,147.649,147.783,6833.55
2025.09.30 18:00:00,147.782,147.883,147.769,147.871,4140.78
2025.09.30 19:00:00,147.87,147.923,147.827,147.865,4285.44
2025.09.30 20:00:00,147.864,147.98,147.841,147.841,3686.75
2025.09.30 21:00:00,147.841,147.857,147.788,147.84,684.07
2025.09.30 22:00:00,147.839,147.923,147.814,147.906,1144.35
2025.09.30 23:00:00,147.904,148.028,147.811,148.025,3144.85
2025.10.01 00:00:00,148.024,148.226,148.024,148.108,7576.45
2025.10.01 01:00:00,148.108,148.167,147.941,147.952,4253.02
2025.10.01 02:00:00,147.95,148.009,147.884,147.915,4499.9
2025.10.01 03:00:00,147.916,147.999,147.867,147.927,2999.74
2025.10.01 04:00:00,147.926,147.957,147.552,147.555,4613.11
2025.10.01 05:00:00,147.553,147.642,147.46,147.528,7099.47
2025.10.01 06:00:00,147.526,147.526,147.167,147.229,9730.47
2025.10.01 07:00:00,147.231,147.322,147.02,147.122,13213.61
2025.10.01 08:00:00,147.123,147.152,146.901,147.149,10327.51
2025.10.01 09:00:00,147.153,147.227,147.07,147.207,7169.22
2025.10.01 10:00:00,147.206,147.263,147.058,147.077,7302.23
2025.10.01 11:00:00,147.076,147.108,146.995,147.003,5943.56
2025.10.01 12:00:00,147,147.117,146.587,146.797,23003.41
2025.10.01 13:00:00,146.794,146.872,146.619,146.712,16536.78
2025.10.01 14:00:00,146.71,147.048,146.698,146.861,19372.86
2025.10.01 15:00:00,146.864,147.21,146.842,147.149,12421.58
2025.10.01 16:00:00,147.15,147.254,147.093,147.161,6619.23
2025.10.01 17:00:00,147.16,147.189,147.112,147.168,4200.21
2025.10.01 18:00:00,147.166,147.229,147.021,147.089,5225.79
2025.10.01 19:00:00,147.089,147.159,147.054,147.097,3552.74
2025.10.01 20:00:00,147.097,147.164,147.046,147.046,3369.5
2025.10.01 21:00:00,147.044,147.044,147.025,147.034,299.96
2025.10.01 22:00:00,147.034,147.065,146.997,147.006,1240.09
2025.10.01 23:00:00,147.005,147.112,146.997,147.108,1833.1
2025.10.02 00:00:00,147.108,147.322,147.107,147.192,6608.16
2025.10.02 01:00:00,147.195,147.225,146.957,146.986,4877.23
2025.10.02 02:00:00,146.985,147.184,146.939,147.164,2879.97
2025.10.02 03:00:00,147.165,147.195,147.051,147.084,3851.12
2025.10.02 04:00:00,147.085,147.199,147.072,147.172,2516.51
2025.10.02 05:00:00,147.174,147.266,147.117,147.163,4384.3
2025.10.02 06:00:00,147.16,147.378,146.89,147.156,8674.65
2025.10.02 07:00:00,147.154,147.216,147.01,147.082,7889.66
2025.10.02 08:00:00,147.079,147.082,146.725,146.795,7605.51
2025.10.02 09:00:00,146.796,146.809,146.599,146.622,7555.06
2025.10.02 10:00:00,146.62,146.766,146.619,146.642,6506.83
2025.10.02 11:00:00,146.641,146.859,146.623,146.796,5631.17
2025.10.02 12:00:00,146.797,147.199,146.744,147.16,11622.15
2025.10.02 13:00:00,147.161,147.268,147.056,147.225,13678.03
2025.10.02 14:00:00,147.222,147.342,147.152,147.328,11484.39
2025.10.02 15:00:00,147.329,147.514,147.329,147.349,8350.1
2025.10.02 16:00:00,147.351,147.365,147.163,147.164,5722.12
2025.10.02 17:00:00,147.167,147.236,147.14,147.182,4303.74
2025.10.02 18:00:00,147.184,147.217,147.163,147.212,3359.38
2025.10.02 19:00:00,147.21,147.252,147.127,147.236,2796.92
2025.10.02 20:00:00,147.24,147.293,147.186,147.229,2172.65
2025.10.02 21:00:00,147.222,147.238,147.191,147.207,743.26
2025.10.02 22:00:00,147.207,147.224,147.165,147.195,659.55
2025.10.02 23:00:00,147.192,147.204,147.092,147.156,1545.05
2025.10.03 00:00:00,147.155,147.381,147.155,147.352,6830.48
2025.10.03 01:00:00,147.353,147.684,147.178,147.511,10362.02
2025.10.03 02:00:00,147.512,147.686,147.499,147.651,4444.71
2025.10.03 03:00:00,147.65,147.765,147.613,147.629,3177.27
2025.10.03 04:00:00,147.628,147.743,147.593,147.724,2192.48
2025.10.03 05:00:00,147.723,147.814,147.572,147.784,5792.2
2025.10.03 06:00:00,147.782,147.804,147.499,147.605,6564.73
2025.10.03 07:00:00,147.604,147.683,147.408,147.412,6187.33
2025.10.03 08:00:00,147.413,147.441,147.278,147.325,6937.03
2025.10.03 09:00:00,147.325,147.431,147.308,147.37,8654.14
2025.10.03 10:00:00,147.366,147.388,147.311,147.322,3470.75
2025.10.03 11:00:00,147.323,147.42,147.218,147.278,4887.34
2025.10.03 12:00:00,147.276,147.411,147.23,147.263,6831.55
2025.10.03 13:00:00,147.262,147.382,147.216,147.352,8290.11
2025.10.03 14:00:00,147.351,147.518,147.067,147.446,15102.26
2025.10.03 15:00:00,147.445,147.491,147.306,147.338,7435.3
2025.10.03 16:00:00,147.337,147.536,147.328,147.505,3313.08
2025.10.03 17:00:00,147.505,147.513,147.408,147.506,3483.83
2025.10.03 18:00:00,147.504,147.543,147.467,147.5,3117.6
2025.10.03 19:00:00,147.5,147.525,147.457,147.458,2730.22
2025.10.03 20:00:00,147.459,147.515,147.383,147.399,4396.54
2025.10.05 21:00:00,149.491,149.496,149.104,149.104,2753.58
2025.10.05 22:00:00,149.125,149.396,149.044,149.324,11952.79
2025.10.05 23:00:00,149.318,149.657,149.232,149.583,12423.55
2025.10.06 00:00:00,149.58,149.861,149.447,149.707,18947.65
2025.10.06 01:00:00,149.706,149.831,149.587,149.773,11987.02
2025.10.06 02:00:00,149.774,149.917,149.716,149.871,6067.73
2025.10.06 03:00:00,149.87,150.1,149.819,150.062,5866.48
2025.10.06 04:00:00,150.064,150.343,149.85,150.314,11305.27
2025.10.06 05:00:00,150.313,150.435,150.225,150.258,7133.61
2025.10.06 06:00:00,150.257,150.349,150.01,150.032,12317.52
2025.10.06 07:00:00,150.033,150.217,149.952,150.029,15436.4
2025.10.06 08:00:00,150.027,150.396,149.994,150.365,16406.4
2025.10.06 09:00:00,150.368,150.475,150.3,150.377,13467.53
2025.10.06 10:00:00,150.378,150.433,150.278,150.285,10961.18
2025.10.06 11:00:00,150.285,150.406,150.22,150.372,15193.36
2025.10.06 12:00:00,150.372,150.389,149.752,149.784,41616.04
2025.10.06 13:00:00,149.782,150.083,149.754,149.931,9871.84
2025.10.06 14:00:00,149.934,150.113,149.801,149.963,11848.7
2025.10.06 15:00:00,149.961,150.111,149.921,150.027,6073.02
2025.10.06 16:00:00,150.025,150.171,149.954,150.162,4352.29
2025.10.06 17:00:00,150.159,150.238,150.082,150.205,2561.77
2025.10.06 18:00:00,150.204,150.321,150.16,150.298,2462.38
2025.10.06 19:00:00,150.298,150.334,150.224,150.322,2310.89
2025.10.06 20:00:00,150.322,150.396,150.286,150.344,1896.89
2025.10.06 21:00:00,150.342,150.342,150.189,150.239,535.42
2025.10.06 22:00:00,150.25,150.388,150.249,150.32,2659.15
2025.10.06 23:00:00,150.319,150.395,150.261,150.363,2486.34
2025.10.07 00:00:00,150.36,150.618,150.359,150.491,8561.89
2025.10.07 01:00:00,150.492,150.612,150.368,150.508,4341.31
2025.10.07 02:00:00,150.507,150.536,150.339,150.531,3445.07
2025.10.07 03:00:00,150.533,150.534,150.36,150.361,3243.26
2025.10.07 04:00:00,150.361,150.443,150.247,150.415,3489.74
2025.10.07 05:00:00,150.412,150.541,150.402,150.494,3918.67
2025.10.07 06:00:00,150.498,150.697,150.497,150.624,9515.95
2025.10.07 07:00:00,150.625,150.709,150.535,150.622,6808.98
2025.10.07 08:00:00,150.624,150.831,150.524,150.792,4642.49
2025.10.07 09:00:00,150.793,150.829,150.724,150.753,4016.88
2025.10.07 10:00:00,150.756,150.794,150.708,150.772,3044.86
2025.10.07 11:00:00,150.773,150.949,150.762,150.897,6132.99
2025.10.07 12:00:00,150.897,151.028,150.803,150.832,9151.44
2025.10.07 13:00:00,150.833,150.941,150.733,150.934,8801.99
2025.10.07 14:00:00,150.936,151.203,150.908,151.175,9547.14
2025.10.07 15:00:00,151.175,151.204,150.982,151.176,9331.49
2025.10.07 16:00:00,151.177,151.408,151.1,151.324,7047.91
2025.10.07 17:00:00,151.323,151.533,151.249,151.518,6850.29
2025.10.07 18:00:00,151.518,151.934,151.496,151.823,7409.29
2025.10.07 19:00:00,151.822,151.952,151.743,151.906,5082.29
2025.10.07 20:00:00,151.907,152.043,151.877,151.891,3527.17
2025.10.07 21:00:00,151.893,151.913,151.835,151.866,576.6
2025.10.07 22:00:00,151.866,151.891,151.737,151.816,1331.68
2025.10.07 23:00:00,151.817,152.093,151.793,152.056,4533.36
2025.10.08 00:00:00,152.057,152.377,152.056,152.306,9319
2025.10.08 01:00:00,152.308,152.602,152.27,152.6,8811.11
2025.10.08 02:00:00,152.601,152.647,152.303,152.483,5217.2
2025.10.08 03:00:00,152.485,152.564,152.403,152.412,3042.74
2025.10.08 04:00:00,152.408,152.493,152.308,152.365,2547.32
2025.10.08 05:00:00,152.363,152.44,152.285,152.403,4066.9
2025.10.08 06:00:00,152.404,152.521,152.253,152.345,10406.39
2025.10.08 07:00:00,152.346,152.554,152.33,152.543,8650.88
2025.10.08 08:00:00,152.544,152.787,152.374,152.746,7873.34
2025.10.08 09:00:00,152.743,152.998,152.72,152.971,7171.95
2025.10.08 10:00:00,152.969,152.995,152.651,152.727,5439.38
2025.10.08 11:00:00,152.723,152.848,152.645,152.693,6346.2
2025.10.08 12:00:00,152.691,152.747,152.437,152.505,8340.92
2025.10.08 13:00:00,152.505,152.662,152.374,152.59,8880.66
2025.10.08 14:00:00,152.593,152.671,152.432,152.515,7325.37
2025.10.08 15:00:00,152.516,152.787,152.511,152.723,5250.05
2025.10.08 16:00:00,152.722,152.797,152.689,152.758,4275.12
2025.10.08 17:00:00,152.756,152.886,152.746,152.871,2885.1
2025.10.08 18:00:00,152.867,152.942,152.644,152.718,5555.78
2025.10.08 19:00:00,152.717,152.752,152.64,152.706,3231.53
2025.10.08 20:00:00,152.706,152.734,152.651,152.677,2709.05
2025.10.08 21:00:00,152.677,152.677,152.511,152.643,664.21
2025.10.08 22:00:00,152.643,152.669,152.488,152.527,2710.25
2025.10.08 23:00:00,152.526,152.721,152.461,152.708,4679.06
2025.10.09 00:00:00,152.714,152.737,152.452,152.704,8748.95
2025.10.09 01:00:00,152.704,152.765,152.408,152.521,9121.32
2025.10.09 02:00:00,152.534,152.606,152.411,152.463,4707.75
2025.10.09 03:00:00,152.465,152.579,152.452,152.511,3813.2
2025.10.09 04:00:00,152.511,152.597,152.45,152.469,3024.6
2025.10.09 05:00:00,152.469,152.656,152.466,152.632,3901.64
2025.10.09 06:00:00,152.633,153.136,152.632,152.98,10917.69
2025.10.09 07:00:00,152.976,153.216,152.851,153.068,9819.56
2025.10.09 08:00:00,153.067,153.137,152.757,152.799,6670.66
2025.10.09 09:00:00,152.802,152.854,152.472,152.553,11990.21
2025.10.09 10:00:00,152.552,152.748,152.496,152.659,4530.16
2025.10.09 11:00:00,152.659,152.84,152.654,152.792,4701.8
2025.10.09 12:00:00,152.792,152.842,152.655,152.745,7323.36
2025.10.09 13:00:00,152.742,152.954,152.108,152.865,19411.44
2025.10.09 14:00:00,152.863,153.182,152.862,153.042,11210.51
2025.10.09 15:00:00,153.045,153.231,152.946,153.051,10070.1
2025.10.09 16:00:00,153.05,153.146,152.992,153.003,8076.54
2025.10.09 17:00:00,153.004,153.099,152.907,153.051,7956
2025.10.09 18:00:00,153.052,153.211,153,153.177,4228.76
2025.10.09 19:00:00,153.177,153.178,153.049,153.067,3635.44
2025.10.09 20:00:00,153.069,153.097,153.006,153.059,2626.09
2025.10.09 21:00:00,153.001,153.066,152.773,153.056,383.57
2025.10.09 22:00:00,153.055,153.084,152.986,153.03,1140.53
2025.10.09 23:00:00,153.029,153.272,152.963,153.026,3705.15
2025.10.10 00:00:00,153.024,153.163,152.946,152.957,6504.78
2025.10.10 01:00:00,152.954,153.049,152.839,153.018,5220.54
2025.10.10 02:00:00,153.018,153.035,152.864,152.914,3933.41
2025.10.10 03:00:00,152.916,152.935,152.645,152.666,4095.2
2025.10.10 04:00:00,152.666,152.828,152.636,152.753,3175.74
2025.10.10 05:00:00,152.754,152.849,152.685,152.832,4796.45
2025.10.10 06:00:00,152.829,152.916,152.378,152.533,15570.86
2025.10.10 07:00:00,152.534,152.947,152.487,152.847,14724.06
2025.10.10 08:00:00,152.849,152.937,152.594,152.645,9751.75
2025.10.10 09:00:00,152.644,152.846,152.612,152.79,6805.65
2025.10.10 10:00:00,152.789,152.81,152.633,152.718,5594.49
2025.10.10 11:00:00,152.722,152.757,152.545,152.632,8189.69
2025.10.10 12:00:00,152.632,152.651,152.515,152.557,8975.21
2025.10.10 13:00:00,152.558,152.691,152.529,152.654,13492.37
2025.10.10 14:00:00,152.656,152.712,152.417,152.459,10993.45
2025.10.10 15:00:00,152.459,152.459,151.504,151.942,38715.46
2025.10.10 16:00:00,151.941,152.186,151.843,151.889,15997.06
2025.10.10 17:00:00,151.887,151.947,151.722,151.866,7533.99
2025.10.10 18:00:00,151.865,151.899,151.633,151.715,5353.59
2025.10.10 19:00:00,151.719,151.805,151.53,151.591,6752.85
2025.10.10 20:00:00,151.59,151.728,151.119,151.119,6842.45
2025.10.12 21:00:00,151.822,151.916,151.771,151.801,591.23
2025.10.12 22:00:00,151.807,152.275,151.794,151.935,6112.18
2025.10.12 23:00:00,151.931,152.085,151.74,152.065,7213.01
2025.10.13 00:00:00,152.069,152.075,151.8,151.844,8131.96
2025.10.13 01:00:00,151.845,151.978,151.808,151.956,6701.87
2025.10.13 02:00:00,151.956,151.985,151.851,151.938,3228.05
2025.10.13 03:00:00,151.936,152.014,151.903,151.93,2290.53
2025.10.13 04:00:00,151.931,151.968,151.807,151.912,2333.84
2025.10.13 05:00:00,151.908,151.914,151.764,151.875,5715.7
2025.10.13 06:00:00,151.874,152.024,151.721,151.942,9378.67
2025.10.13 07:00:00,151.94,152.374,151.909,152.3,10525.69
2025.10.13 08:00:00,152.304,152.448,152.249,152.339,6931.33
2025.10.13 09:00:00,152.339,152.369,152.16,152.171,4928.02
2025.10.13 10:00:00,152.17,152.23,152.126,152.17,3495.82
2025.10.13 11:00:00,152.171,152.172,151.978,152.107,8572.28
2025.10.13 12:00:00,152.105,152.267,152.054,152.215,7357.76
2025.10.13 13:00:00,152.214,152.265,152.102,152.187,7333.51
2025.10.13 14:00:00,152.19,152.447,152.182,152.373,9948.91
2025.10.13 15:00:00,152.376,152.391,152.243,152.259,6989.65
2025.10.13 16:00:00,152.258,152.301,152.197,152.28,3242.39
2025.10.13 17:00:00,152.279,152.347,152.233,152.265,2612.97
2025.10.13 18:00:00,152.267,152.332,152.219,152.287,2827.87
2025.10.13 19:00:00,152.286,152.323,152.255,152.322,2674.71
2025.10.13 20:00:00,152.321,152.35,152.263,152.264,2714.25
2025.10.13 21:00:00,152.264,152.264,152.111,152.236,2335.74
2025.10.13 22:00:00,152.238,152.344,152.187,152.343,2340.04
2025.10.13 23:00:00,152.341,152.46,152.279,152.457,3311.81
2025.10.14 00:00:00,152.458,152.612,152.429,152.467,8446.49
2025.10.14 01:00:00,152.465,152.499,152.354,152.458,6180.83
2025.10.14 02:00:00,152.456,152.486,152.357,152.381,3436.05
2025.10.14 03:00:00,152.381,152.394,152.047,152.148,5484.31
2025.10.14 04:00:00,152.148,152.15,151.781,151.859,10737.21
2025.10.14 05:00:00,151.86,151.946,151.671,151.713,9311.61
2025.10.14 06:00:00,151.713,151.975,151.616,151.894,13414.87
2025.10.14 07:00:00,151.894,152.074,151.674,151.958,17033.41
2025.10.14 08:00:00,151.959,152.125,151.932,151.975,9197.43
2025.10.14 09:00:00,151.976,152.153,151.975,152.111,6416.59
2025.10.14 10:00:00,152.112,152.123,151.912,151.946,7553.19
2025.10.14 11:00:00,151.948,152.127,151.938,152.092,7244.43
2025.10.14 12:00:00,152.093,152.126,151.861,152.045,10770.13
2025.10.14 13:00:00,152.044,152.164,151.82,151.996,17701.08
2025.10.14 14:00:00,152.001,152.102,151.831,151.831,12579.64
2025.10.14 15:00:00,151.831,151.936,151.742,151.781,12918.4
2025.10.14 16:00:00,151.781,151.916,151.669,151.734,10276.5
2025.10.14 17:00:00,151.738,151.866,151.674,151.729,6386.08
2025.10.14 18:00:00,151.73,151.802,151.697,151.76,4272.84
2025.10.14 19:00:00,151.759,151.774,151.604,151.686,5539.98
2025.10.14 20:00:00,151.687,151.83,151.687,151.83,2282.89
2025.10.14 21:00:00,151.83,151.83,151.614,151.697,503.13
2025.10.14 22:00:00,151.692,151.87,151.692,151.805,1634.42
2025.10.14 23:00:00,151.804,151.851,151.695,151.702,2858.28
2025.10.15 00:00:00,151.705,151.83,151.495,151.564,8983
2025.10.15 01:00:00,151.558,151.604,151.299,151.3,5866.11
2025.10.15 02:00:00,151.301,151.315,151.032,151.056,5417.97
2025.10.15 03:00:00,151.056,151.165,151.002,151.137,3490.7
2025.10.15 04:00:00,151.136,151.249,151.088,151.247,2533.31
2025.10.15 05:00:00,151.249,151.271,151.109,151.204,4687.85
2025.10.15 06:00:00,151.202,151.202,150.9,151.038,8058.92
2025.10.15 07:00:00,151.039,151.297,150.984,151.246,8752.04
2025.10.15 08:00:00,151.245,151.395,151.124,151.217,9898.7
2025.10.15 09:00:00,151.218,151.433,151.218,151.345,6750.18
2025.10.15 10:00:00,151.341,151.491,151.338,151.366,4610.34
2025.10.15 11:00:00,151.364,151.51,151.32,151.497,4845.72
2025.10.15 12:00:00,151.497,151.687,151.456,151.634,12412.44
2025.10.15 13:00:00,151.634,151.737,151.4,151.402,13895.97
2025.10.15 14:00:00,151.401,151.512,151.317,151.401,7972.77
2025.10.15 15:00:00,151.402,151.46,151.038,151.22,10764.78
2025.10.15 16:00:00,151.216,151.32,151.177,151.192,6833.11
2025.10.15 17:00:00,151.192,151.341,151.065,151.329,9950.72
2025.10.15 18:00:00,151.33,151.391,151.214,151.334,6002.7
2025.10.15 19:00:00,151.334,151.344,151.234,151.255,3796.86
2025.10.15 20:00:00,151.255,151.274,151.036,151.043,3584.67
2025.10.15 21:00:00,151.043,151.202,151.018,151.086,846.61
2025.10.15 22:00:00,151.086,151.1,150.75,150.914,2536.21
2025.10.15 23:00:00,150.913,151.038,150.882,150.987,2821.2
2025.10.16 00:00:00,150.994,151.091,150.512,150.707,13131.15
2025.10.16 01:00:00,150.707,150.773,150.513,150.596,8212.91
2025.10.16 02:00:00,150.595,150.777,150.568,150.773,4674.05
2025.10.16 03:00:00,150.778,150.886,150.73,150.871,3824.96
2025.10.16 04:00:00,150.873,151.113,150.865,151.039,2558.77
2025.10.16 05:00:00,151.042,151.191,151.017,151.054,6079.96
2025.10.16 06:00:00,151.055,151.271,150.96,151.198,9187.44
2025.10.16 07:00:00,151.199,151.381,150.94,151.241,10496.5
2025.10.16 08:00:00,151.242,151.288,151.06,151.242,8012.24
2025.10.16 09:00:00,151.243,151.397,151.24,151.29,6960.72
2025.10.16 10:00:00,151.29,151.301,151.163,151.177,4734.67
2025.10.16 11:00:00,151.176,151.372,151.162,151.242,5793.99
2025.10.16 12:00:00,151.241,151.28,151.031,151.099,11530.19
2025.10.16 13:00:00,151.099,151.287,151.019,151.1,17523.03
2025.10.16 14:00:00,151.1,151.121,150.753,150.774,14084.94
2025.10.16 15:00:00,150.776,150.867,150.722,150.755,9491.59
2025.10.16 16:00:00,150.755,150.793,150.232,150.396,19750.1
2025.10.16 17:00:00,150.397,150.473,150.255,150.333,18200.83
2025.10.16 18:00:00,150.335,150.422,150.22,150.336,13744.09
2025.10.16 19:00:00,150.334,150.427,150.212,150.397,9262.98
2025.10.16 20:00:00,150.399,150.448,150.346,150.419,5032.81
2025.10.16 21:00:00,150.419,150.441,150.321,150.385,432.95
2025.10.16 22:00:00,150.385,150.431,150.243,150.26,3406.9
2025.10.16 23:00:00,150.256,150.292,150.05,150.148,5989.74
2025.10.17 00:00:00,150.148,150.231,150.045,150.229,9291.47
2025.10.17 01:00:00,150.23,150.361,150.172,150.315,10081.23
2025.10.17 02:00:00,150.314,150.389,150.059,150.182,6456.22
2025.10.17 03:00:00,150.181,150.181,149.893,150.012,6496.41
2025.10.17 04:00:00,150.013,150.139,149.939,149.964,5972.3
2025.10.17 05:00:00,149.965,149.972,149.735,149.747,7341.87
2025.10.17 06:00:00,149.747,149.976,149.626,149.632,15799.29
2025.10.17 07:00:00,149.631,149.783,149.378,149.702,25577.67
2025.10.17 08:00:00,149.703,149.913,149.584,149.779,13657.71
2025.10.17 09:00:00,149.778,149.903,149.603,149.672,9413.25
2025.10.17 10:00:00,149.671,149.961,149.669,149.93,10851.79
2025.10.17 11:00:00,149.931,150.33,149.872,150.235,18004.5
2025.10.17 12:00:00,150.234,150.54,150.23,150.385,16158.25
2025.10.17 13:00:00,150.385,150.445,150.16,150.357,17273.86
2025.10.17 14:00:00,150.358,150.591,150.349,150.425,20191.51
2025.10.17 15:00:00,150.426,150.454,150.202,150.337,11807.86
2025.10.17 16:00:00,150.337,150.499,150.337,150.406,7179.8
2025.10.17 17:00:00,150.408,150.491,150.362,150.485,7052.64
2025.10.17 18:00:00,150.483,150.534,150.407,150.498,6698.77
2025.10.17 19:00:00,150.498,150.519,150.453,150.479,3423.9
2025.10.17 20:00:00,150.481,150.636,150.473,150.583,4749.93
2025.10.19 21:00:00,150.353,150.468,150.324,150.401,740.72
2025.10.19 22:00:00,150.414,150.908,150.414,150.825,5753.79
2025.10.19 23:00:00,150.837,150.965,150.812,150.917,5790.45
2025.10.20 00:00:00,150.917,150.974,150.765,150.909,10396.95
2025.10.20 01:00:00,150.908,151.2,150.866,150.967,7522.64
2025.10.20 02:00:00,150.96,150.997,150.809,150.866,4566.02
2025.10.20 03:00:00,150.863,150.887,150.651,150.725,4404.89
2025.10.20 04:00:00,150.724,150.769,150.512,150.598,5384.22
2025.10.20 05:00:00,150.599,150.69,150.496,150.65,5310.87
2025.10.20 06:00:00,150.648,150.741,150.548,150.687,8591.4
2025.10.20 07:00:00,150.688,150.83,150.651,150.746,7778.54
2025.10.20 08:00:00,150.742,150.796,150.575,150.584,7148.46
2025.10.20 09:00:00,150.583,150.771,150.273,150.73,10311.57
2025.10.20 10:00:00,150.73,150.835,150.675,150.715,5005.22
2025.10.20 11:00:00,150.714,150.854,150.674,150.701,4284.14
2025.10.20 12:00:00,150.702,150.775,150.607,150.674,9389.39
2025.10.20 13:00:00,150.673,150.851,150.615,150.766,9863.71
2025.10.20 14:00:00,150.767,150.811,150.41,150.594,12677.61
2025.10.20 15:00:00,150.591,150.622,150.486,150.589,7762.6
2025.10.20 16:00:00,150.591,150.696,150.526,150.679,4487.07
2025.10.20 17:00:00,150.681,150.797,150.665,150.776,2849.23
2025.10.20 18:00:00,150.777,150.827,150.663,150.691,2858.78
2025.10.20 19:00:00,150.691,150.731,150.628,150.697,3101
2025.10.20 20:00:00,150.696,150.763,150.684,150.731,2207.84
2025.10.20 21:00:00,150.73,150.732,150.577,150.644,603.44
2025.10.20 22:00:00,150.644,150.762,150.644,150.732,1055.59
2025.10.20 23:00:00,150.729,150.821,150.718,150.82,2544.47
2025.10.21 00:00:00,150.821,150.85,150.469,150.654,10673.25
2025.10.21 01:00:00,150.656,150.994,150.527,150.98,6862.37
2025.10.21 02:00:00,150.981,151.145,150.962,151.119,5934.81
2025.10.21 03:00:00,151.12,151.149,151.002,151.048,3681.6
2025.10.21 04:00:00,151.046,151.237,150.882,151.076,8483.67
2025.10.21 05:00:00,151.077,151.521,150.858,151.515,13892.79
2025.10.21 06:00:00,151.514,151.607,151.223,151.26,10365.77
2025.10.21 07:00:00,151.263,151.263,151.064,151.154,11798.04
2025.10.21 08:00:00,151.153,151.677,151.064,151.608,13943.07
2025.10.21 09:00:00,151.608,151.802,151.596,151.796,8722.99
2025.10.21 10:00:00,151.798,152.048,151.736,151.922,8764.51
2025.10.21 11:00:00,151.925,152.006,151.81,151.95,8683.83
2025.10.21 12:00:00,151.949,152.174,151.892,152.03,12130.37
2025.10.21 13:00:00,152.031,152.091,151.594,151.599,19501.45
2025.10.21 14:00:00,151.599,151.883,151.458,151.869,14518.94
2025.10.21 15:00:00,151.87,151.876,151.679,151.727,7062.13
2025.10.21 16:00:00,151.726,151.95,151.654,151.855,7800.61
2025.10.21 17:00:00,151.852,151.971,151.817,151.924,5066.66
2025.10.21 18:00:00,151.925,151.926,151.876,151.914,2817.92
2025.10.21 19:00:00,151.912,151.97,151.892,151.915,7225.06
2025.10.21 20:00:00,151.916,151.946,151.868,151.922,1687.78
2025.10.21 21:00:00,151.924,151.924,151.863,151.876,181.89
2025.10.21 22:00:00,151.873,151.943,151.861,151.934,783.63
2025.10.21 23:00:00,151.933,151.959,151.861,151.878,1865.96
2025.10.22 00:00:00,151.877,151.877,151.603,151.628,9739.99
2025.10.22 01:00:00,151.626,151.753,151.487,151.745,8062.45
2025.10.22 02:00:00,151.744,151.759,151.59,151.632,4018.19
2025.10.22 03:00:00,151.628,151.818,151.627,151.796,3821
2025.10.22 04:00:00,151.796,151.875,151.754,151.76,3633.27
2025.10.22 05:00:00,151.759,151.871,151.726,151.86,2596.48
2025.10.22 06:00:00,151.86,151.949,151.696,151.737,8198.65
2025.10.22 07:00:00,151.737,151.851,151.621,151.825,9400.91
2025.10.22 08:00:00,151.828,151.909,151.63,151.689,10987.33
2025.10.22 09:00:00,151.69,151.826,151.653,151.817,5170.92
2025.10.22 10:00:00,151.815,151.834,151.715,151.817,5704.91
2025.10.22 11:00:00,151.817,151.893,151.725,151.786,8116.76
2025.10.22 12:00:00,151.788,151.968,151.756,151.928,11538.24
2025.10.22 13:00:00,151.93,152.045,151.869,151.97,15941.25
2025.10.22 14:00:00,151.971,152.008,151.862,151.885,12888.67
2025.10.22 15:00:00,151.885,151.909,151.75,151.793,10233.16
2025.10.22 16:00:00,151.792,151.844,151.503,151.762,12033.49
2025.10.22 17:00:00,151.766,151.809,151.605,151.644,9751.13
2025.10.22 18:00:00,151.643,151.89,151.643,151.879,5518.85
2025.10.22 19:00:00,151.879,152.007,151.854,151.981,4441.09
2025.10.22 20:00:00,151.98,152.011,151.913,151.966,2456.22
2025.10.22 21:00:00,151.967,151.967,151.887,151.89,344.55
2025.10.22 22:00:00,151.891,151.927,151.821,151.9,1670.17
2025.10.22 23:00:00,151.901,151.995,151.896,151.986,4473.69
2025.10.23 00:00:00,151.986,152.262,151.971,152.153,7896.52
2025.10.23 01:00:00,152.154,152.453,152.118,152.415,6547.32
2025.10.23 02:00:00,152.415,152.501,152.385,152.462,2862.46
2025.10.23 03:00:00,152.463,152.484,152.395,152.471,2148.48
2025.10.23 04:00:00,152.471,152.572,152.402,152.412,2920.13
2025.10.23 05:00:00,152.414,152.426,152.318,152.371,2606.99
2025.10.23 06:00:00,152.375,152.648,152.33,152.641,7157.52
2025.10.23 07:00:00,152.642,152.646,152.376,152.498,10122.24
2025.10.23 08:00:00,152.497,152.65,152.454,152.61,4925.69
2025.10.23 09:00:00,152.61,152.665,152.51,152.572,4751.55
2025.10.23 10:00:00,152.573,152.774,152.567,152.767,4186.52
2025.10.23 11:00:00,152.77,152.792,152.665,152.67,4530.2
2025.10.23 12:00:00,152.669,152.719,152.457,152.534,8074.23
2025.10.23 13:00:00,152.534,152.732,152.475,152.684,12679.42
2025.10.23 14:00:00,152.689,152.709,152.576,152.615,14092.84
2025.10.23 15:00:00,152.613,152.764,152.582,152.726,6232.08
2025.10.23 16:00:00,152.722,152.797,152.672,152.719,4543.34
2025.10.23 17:00:00,152.72,152.768,152.613,152.614,4274.95
2025.10.23 18:00:00,152.616,152.648,152.52,152.532,2359.84
2025.10.23 19:00:00,152.532,152.566,152.493,152.561,2299.99
2025.10.23 20:00:00,152.56,152.609,152.545,152.545,1741.07
2025.10.23 21:00:00,152.542,152.588,152.498,152.546,423.6
2025.10.23 22:00:00,152.547,152.593,152.506,152.585,995.66
2025.10.23 23:00:00,152.582,152.674,152.564,152.609,1374.85
2025.10.24 00:00:00,152.609,152.664,152.475,152.648,5258.33
2025.10.24 01:00:00,152.649,152.9,152.641,152.898,5144.93
2025.10.24 02:00:00,152.91,152.914,152.771,152.888,3444.1
2025.10.24 03:00:00,152.891,152.914,152.71,152.769,3730.56
2025.10.24 04:00:00,152.771,152.912,152.769,152.889,2382.34
2025.10.24 05:00:00,152.89,153.036,152.879,152.957,5106.52
2025.10.24 06:00:00,152.958,153.061,152.918,152.919,5101.34
2025.10.24 07:00:00,152.921,152.95,152.753,152.832,8950.94
2025.10.24 08:00:00,152.83,153.019,152.811,152.95,6401.97
2025.10.24 09:00:00,152.948,152.995,152.9,152.957,3752.26
2025.10.24 10:00:00,152.958,152.981,152.904,152.977,2171.95
2025.10.24 11:00:00,152.977,152.992,152.907,152.933,3383.53
2025.10.24 12:00:00,152.931,152.961,152.251,152.672,16854.16
2025.10.24 13:00:00,152.671,153.017,152.597,152.823,13231.86
2025.10.24 14:00:00,152.823,152.902,152.699,152.766,10851.25
2025.10.24 15:00:00,152.769,152.878,152.706,152.822,5625.66
2025.10.24 16:00:00,152.823,152.876,152.786,152.84,2117.85
2025.10.24 17:00:00,152.838,152.838,152.749,152.808,2127.22
2025.10.24 18:00:00,152.807,152.89,152.799,152.864,1641.8
2025.10.24 19:00:00,152.862,152.894,152.801,152.827,2457.7
2025.10.24 20:00:00,152.826,152.89,152.754,152.81,4521.51
2025.10.26 21:00:00,152.805,153.058,152.79,153.019,1199.74
2025.10.26 22:00:00,153.019,153.143,152.942,153.073,6084.59
2025.10.26 23:00:00,153.07,153.177,153.015,153.07,3605.26
2025.10.27 00:00:00,153.078,153.153,152.827,152.891,7566.58
2025.10.27 01:00:00,152.888,152.99,152.654,152.835,6852.72
2025.10.27 02:00:00,152.836,153.013,152.823,152.982,2560.13
2025.10.27 03:00:00,152.981,153.051,152.951,153.047,2861.71
2025.10.27 04:00:00,153.049,153.164,153.033,153.137,4492.41
2025.10.27 05:00:00,153.138,153.255,153.111,153.127,4308.08
2025.10.27 06:00:00,153.125,153.137,152.831,152.977,7906.17
2025.10.27 07:00:00,152.98,153.026,152.86,153.015,8857.95
2025.10.27 08:00:00,153.016,153.076,152.743,152.816,8311.84
2025.10.27 09:00:00,152.818,152.82,152.699,152.75,5391.45
2025.10.27 10:00:00,152.752,152.849,152.721,152.771,3908.63
2025.10.27 11:00:00,152.77,152.807,152.592,152.636,6389.79
2025.10.27 12:00:00,152.636,152.898,152.565,152.838,7030.69
2025.10.27 13:00:00,152.84,153.196,152.806,153.108,11418.5
2025.10.27 14:00:00,153.107,153.19,152.999,153.001,6946.56
2025.10.27 15:00:00,153.001,153.12,152.986,153.088,5548.42
2025.10.27 16:00:00,153.088,153.091,152.976,152.994,3619.54
2025.10.27 17:00:00,152.996,153.093,152.941,153.06,2548.05
2025.10.27 18:00:00,153.058,153.071,152.756,152.818,2845.92
2025.10.27 19:00:00,152.818,152.953,152.815,152.904,3511.99
2025.10.27 20:00:00,152.905,152.911,152.848,152.869,1862.83
2025.10.27 21:00:00,152.869,152.869,152.842,152.849,312.82
2025.10.27 22:00:00,152.813,152.82,152.734,152.743,1160.56
2025.10.27 23:00:00,152.746,152.775,152.632,152.696,1978.77
2025.10.28 00:00:00,152.699,152.735,152.395,152.496,8724.62
2025.10.28 01:00:00,152.498,152.512,152.262,152.399,7435.67
2025.10.28 02:00:00,152.4,152.472,152.297,152.457,4097.75
2025.10.28 03:00:00,152.459,152.474,152.162,152.276,4252.69
2025.10.28 04:00:00,152.274,152.302,151.852,151.875,8546.15
2025.10.28 05:00:00,151.873,151.968,151.758,151.912,9166.67
2025.10.28 06:00:00,151.911,152.057,151.813,152.019,7302.51
2025.10.28 07:00:00,152.025,152.351,152.025,152.144,11620.95
2025.10.28 08:00:00,152.142,152.162,151.844,151.951,11811.14
2025.10.28 09:00:00,151.952,152.08,151.874,151.916,5859.65
2025.10.28 10:00:00,151.915,151.987,151.823,151.864,6371.82
2025.10.28 11:00:00,151.862,152.082,151.859,152.034,4447.55
2025.10.28 12:00:00,152.034,152.217,152.019,152.133,9113.55
2025.10.28 13:00:00,152.133,152.371,152.13,152.19,10022.88
2025.10.28 14:00:00,152.192,152.261,151.975,151.986,9792.39
2025.10.28 15:00:00,151.985,152.178,151.853,152.143,11886.18
2025.10.28 16:00:00,152.144,152.306,152.11,152.111,10227.58
2025.10.28 17:00:00,152.109,152.194,152.095,152.171,4679.28
2025.10.28 18:00:00,152.173,152.244,152.089,152.101,3362.46
2025.10.28 19:00:00,152.102,152.104,151.945,152.057,4118.05
2025.10.28 20:00:00,152.056,152.13,152.048,152.099,2926.26
2025.10.28 21:00:00,152.101,152.107,151.969,152.038,2303.95
2025.10.28 22:00:00,152.061,152.179,152.037,152.167,1323.12
2025.10.28 23:00:00,152.167,152.193,151.723,151.736,3339.29
2025.10.29 00:00:00,151.737,151.888,151.537,151.634,14454.59
2025.10.29 01:00:00,151.635,151.916,151.551,151.892,8155.53
2025.10.29 02:00:00,151.894,152.142,151.888,151.98,4144.59
2025.10.29 03:00:00,151.971,152.055,151.913,152.052,3552.21
2025.10.29 04:00:00,152.054,152.112,151.959,152.075,3195
2025.10.29 05:00:00,152.077,152.541,152.063,152.365,5153.33
2025.10.29 06:00:00,152.363,152.452,152.13,152.143,5331.65
2025.10.29 07:00:00,152.148,152.178,152.002,152.061,7452.55
2025.10.29 08:00:00,152.062,152.334,152.047,152.334,7254.14
2025.10.29 09:00:00,152.334,152.468,152.197,152.231,6695.59
2025.10.29 10:00:00,152.231,152.343,152.205,152.241,3424.47
2025.10.29 11:00:00,152.243,152.406,152.134,152.244,7203.33
2025.10.29 12:00:00,152.241,152.296,152.158,152.239,5262.06
2025.10.29 13:00:00,152.24,152.242,151.863,151.999,8561.73
2025.10.29 14:00:00,152,152.168,151.983,152.036,8032.9
2025.10.29 15:00:00,152.036,152.061,151.905,151.911,7143.85
2025.10.29 16:00:00,151.913,152.178,151.896,152.15,7222.79
2025.10.29 17:00:00,152.151,152.316,152.089,152.262,4085.99
2025.10.29 18:00:00,152.283,153.055,152.185,152.825,27965.49
2025.10.29 19:00:00,152.825,153.059,152.751,152.816,15224.86
2025.10.29 20:00:00,152.815,152.875,152.585,152.717,7038.58
2025.10.29 21:00:00,152.715,152.721,152.563,152.645,831.04
2025.10.29 22:00:00,152.645,152.736,152.64,152.693,1482.57
2025.10.29 23:00:00,152.69,152.756,152.586,152.725,2563.43
2025.10.30 00:00:00,152.727,152.946,152.505,152.634,9156.78
2025.10.30 01:00:00,152.637,152.679,152.451,152.544,8247.8
2025.10.30 02:00:00,152.544,152.561,152.318,152.337,4529.74
2025.10.30 03:00:00,152.335,153.138,152.162,152.964,13966.46
2025.10.30 04:00:00,152.96,153.021,152.561,152.765,17872.74
2025.10.30 05:00:00,152.766,153.041,152.674,153.038,9360.52
2025.10.30 06:00:00,153.037,153.517,152.934,153.34,11663.08
2025.10.30 07:00:00,153.336,153.541,153.277,153.404,14058.82
2025.10.30 08:00:00,153.404,153.886,153.404,153.747,11546.46
2025.10.30 09:00:00,153.749,153.801,153.624,153.781,8583.18
2025.10.30 10:00:00,153.78,153.959,153.776,153.956,8783.53
2025.10.30 11:00:00,153.956,154.174,153.865,154.116,8107.77
2025.10.30 12:00:00,154.115,154.288,154.077,154.288,10305.65
2025.10.30 13:00:00,154.288,154.444,154.144,154.198,13392.22
2025.10.30 14:00:00,154.197,154.321,154.053,154.289,12248.8
2025.10.30 15:00:00,154.286,154.342,154.045,154.172,8089.87
2025.10.30 16:00:00,154.171,154.229,154.067,154.097,4916.9
2025.10.30 17:00:00,154.096,154.17,154.05,154.1,3473.72
2025.10.30 18:00:00,154.101,154.149,154.05,154.081,3218.06
2025.10.30 19:00:00,154.081,154.09,154.02,154.076,3387.65
2025.10.30 20:00:00,154.073,154.156,154.037,154.115,2817.11
2025.10.30 21:00:00,154.117,154.117,154.023,154.047,560.47
2025.10.30 22:00:00,154.047,154.136,154.033,154.106,1293.99
2025.10.30 23:00:00,154.105,154.164,153.837,153.906,3373.5
2025.10.31 00:00:00,153.906,154.036,153.821,153.895,7032.9
2025.10.31 01:00:00,153.891,153.92,153.652,153.83,7356.1
2025.10.31 02:00:00,153.826,153.884,153.739,153.884,5609.7
2025.10.31 03:00:00,153.884,154.066,153.851,154.037,3294.57
2025.10.31 04:00:00,154.037,154.057,153.907,153.936,4241.41
2025.10.31 05:00:00,153.934,154.053,153.83,153.914,3916.49
2025.10.31 06:00:00,153.912,154.235,153.883,154.222,6209.45
2025.10.31 07:00:00,154.225,154.395,154.176,154.308,10775.25
2025.10.31 08:00:00,154.307,154.412,154.228,154.246,8424.27
2025.10.31 09:00:00,154.247,154.291,154.109,154.14,5302.06
2025.10.31 10:00:00,154.14,154.184,154.092,154.131,4122.74
2025.10.31 11:00:00,154.131,154.184,154.052,154.103,4659.36
2025.10.31 12:00:00,154.102,154.252,153.892,154.133,10439.32
2025.10.31 13:00:00,154.134,154.231,154.047,154.077,11559.18
2025.10.31 14:00:00,154.078,154.096,153.892,153.946,11440.29
2025.10.31 15:00:00,153.946,154.092,153.915,154.04,10499.23
2025.10.31 16:00:00,154.043,154.173,153.968,154.114,6872.14
2025.10.31 17:00:00,154.111,154.176,154.079,154.094,3999.69
2025.10.31 18:00:00,154.095,154.134,154.036,154.087,3105.67
2025.10.31 19:00:00,154.088,154.135,154.062,154.108,3495.71
2025.10.31 20:00:00,154.11,154.118,153.936,153.936,3621.81
2025.12.01 00:00:00,155.907,155.909,155.676,155.809,9524.63
2025.12.01 01:00:00,155.807,155.991,155.483,155.64,14496.19
2025.12.01 02:00:00,155.64,155.651,155.428,155.5,8564.45
2025.12.01 03:00:00,155.499,155.598,155.414,155.462,2961.1
2025.12.01 04:00:00,155.461,155.603,155.395,155.55,4063.2
2025.12.01 05:00:00,155.548,155.62,155.408,155.591,7170.22
2025.12.01 06:00:00,155.593,155.692,155.557,155.564,5025.85
2025.12.01 07:00:00,155.563,155.628,155.305,155.358,10790.07
2025.12.01 08:00:00,155.361,155.561,155.26,155.485,13158.43
2025.12.01 09:00:00,155.484,155.53,155.26,155.286,8566.66
2025.12.01 10:00:00,155.286,155.308,155.16,155.254,6670.51
2025.12.01 11:00:00,155.255,155.343,155.1,155.105,6064.73
2025.12.01 12:00:00,155.105,155.149,154.764,154.79,9414.37
2025.12.01 13:00:00,154.789,154.894,154.662,154.841,13915.18
2025.12.01 14:00:00,154.842,155.062,154.836,154.998,15429.62
2025.12.01 15:00:00,154.992,155.197,154.849,155.097,11790.12
2025.12.01 16:00:00,155.098,155.314,155.096,155.286,7372.12
2025.12.01 17:00:00,155.285,155.384,155.26,155.351,3948.46
2025.12.01 18:00:00,155.35,155.498,155.34,155.492,3195.15
2025.12.01 19:00:00,155.492,155.522,155.45,155.479,2217.59
2025.12.01 20:00:00,155.481,155.517,155.436,155.443,2174.21
2025.12.01 21:00:00,155.443,155.508,155.428,155.432,1941.52
2025.12.01 22:00:00,155.432,155.468,155.384,155.425,1310.22
2025.12.01 23:00:00,155.425,155.571,155.425,155.561,1749.85
2025.12.02 00:00:00,155.56,155.679,155.46,155.635,6800.62
2025.12.02 01:00:00,155.635,155.775,155.594,155.631,5035.66
2025.12.02 02:00:00,155.632,155.705,155.589,155.66,2164.63
2025.12.02 03:00:00,155.659,155.718,155.557,155.63,3774.44
2025.12.02 04:00:00,155.632,155.666,155.552,155.639,2315.08
2025.12.02 05:00:00,155.639,155.732,155.632,155.654,2728.01
2025.12.02 06:00:00,155.655,155.816,155.637,155.761,4000.51
2025.12.02 07:00:00,155.76,155.836,155.715,155.764,4576.47
2025.12.02 08:00:00,155.766,156.004,155.764,155.995,7452
2025.12.02 09:00:00,155.992,156.083,155.932,155.965,5390.6
2025.12.02 10:00:00,155.967,156.065,155.933,156.037,4010.57
2025.12.02 11:00:00,156.038,156.051,155.893,155.925,4808.09
2025.12.02 12:00:00,155.923,156.027,155.91,156.011,4483.28
2025.12.02 13:00:00,156.01,156.073,155.963,155.973,6266.03
2025.12.02 14:00:00,155.973,156.087,155.933,155.952,7731.17
2025.12.02 15:00:00,155.951,156.18,155.821,155.872,13251.86
2025.12.02 16:00:00,155.87,155.984,155.753,155.921,10051.69
2025.12.02 17:00:00,155.92,156.086,155.916,155.945,9265.7
2025.12.02 18:00:00,155.943,156.02,155.912,155.994,6588
2025.12.02 19:00:00,155.993,155.999,155.844,155.897,6586.56
2025.12.02 20:00:00,155.893,155.899,155.803,155.831,6232.39
2025.12.02 21:00:00,155.831,155.901,155.823,155.823,2623.9
2025.12.02 22:00:00,155.755,155.869,155.748,155.846,1067
2025.12.02 23:00:00,155.854,155.907,155.762,155.764,1232.21
2025.12.03 00:00:00,155.764,155.812,155.657,155.778,5482.2
2025.12.03 01:00:00,155.779,155.791,155.607,155.656,3669.43
2025.12.03 02:00:00,155.657,155.804,155.65,155.711,2077.41
2025.12.03 03:00:00,155.712,155.727,155.628,155.656,1566.69
2025.12.03 04:00:00,155.655,155.751,155.651,155.659,1589.22
2025.12.03 05:00:00,155.66,155.705,155.627,155.693,1776.88
2025.12.03 06:00:00,155.692,155.692,155.511,155.609,3745.54
2025.12.03 07:00:00,155.608,155.708,155.514,155.686,4004.44
2025.12.03 08:00:00,155.683,155.754,155.664,155.674,5124.96
2025.12.03 09:00:00,155.667,155.681,155.527,155.621,5195.42
2025.12.03 10:00:00,155.62,155.643,155.505,155.528,5723.9
2025.12.03 11:00:00,155.528,155.528,155.412,155.418,3782.72
2025.12.03 12:00:00,155.415,155.431,155.362,155.414,4510.26
2025.12.03 13:00:00,155.415,155.524,155.206,155.488,10301.87
2025.12.03 14:00:00,155.491,155.52,155.278,155.365,12602.16
2025.12.03 15:00:00,155.366,155.598,155.209,155.217,16165.66
2025.12.03 16:00:00,155.221,155.246,155.009,155.167,9541.34
2025.12.03 17:00:00,155.169,155.211,155.087,155.126,4418.15
2025.12.03 18:00:00,155.129,155.178,155.075,155.127,3116.23
2025.12.03 19:00:00,155.126,155.164,155.078,155.15,5376.9
2025.12.03 20:00:00,155.151,155.249,155.125,155.237,3418.8
2025.12.03 21:00:00,155.237,155.315,155.209,155.22,2189.78
2025.12.03 22:00:00,155.221,155.228,155.115,155.141,1665.52
2025.12.03 23:00:00,155.145,155.238,155.086,155.112,1436.57
2025.12.04 00:00:00,155.114,155.249,155.021,155.119,6379.99
2025.12.04 01:00:00,155.119,155.411,155.1,155.261,5017.44
2025.12.04 02:00:00,155.26,155.429,155.254,155.412,3589.43
2025.12.04 03:00:00,155.413,155.541,155.386,155.391,2989.62
2025.12.04 04:00:00,155.386,155.468,155.325,155.462,1703.67
2025.12.04 05:00:00,155.464,155.503,155.185,155.222,6867.48
2025.12.04 06:00:00,155.223,155.449,155.213,155.296,4095.14
2025.12.04 07:00:00,155.293,155.352,155.207,155.241,5448.85
2025.12.04 08:00:00,155.242,155.25,154.772,154.987,14444.7
2025.12.04 09:00:00,154.987,155.057,154.797,154.814,8343.97
2025.12.04 10:00:00,154.813,154.889,154.739,154.753,6447.45
2025.12.04 11:00:00,154.752,154.791,154.524,154.531,6351.26
2025.12.04 12:00:00,154.53,154.78,154.507,154.668,6820.63
2025.12.04 13:00:00,154.667,155.057,154.658,154.802,10610.03
2025.12.04 14:00:00,154.802,154.855,154.561,154.761,11849.22
2025.12.04 15:00:00,154.764,154.897,154.555,154.634,9486.75
2025.12.04 16:00:00,154.633,154.916,154.633,154.907,7215.37
2025.12.04 17:00:00,154.908,154.966,154.89,154.936,6139.77
2025.12.04 18:00:00,154.937,154.992,154.894,154.986,5674.8
2025.12.04 19:00:00,154.987,155.04,154.956,155.018,4059.51
2025.12.04 20:00:00,155.02,155.133,154.996,155.105,4108.64
2025.12.04 21:00:00,155.104,155.139,155.074,155.077,2309.56
2025.12.04 22:00:00,155.077,155.077,155.004,155.031,1412.27
2025.12.04 23:00:00,155.039,155.162,155.037,155.133,1557.73
2025.12.05 00:00:00,155.132,155.232,154.951,154.968,6031.58
2025.12.05 01:00:00,154.968,155.099,154.914,155.017,4028.37
2025.12.05 02:00:00,155.016,155.1,155.007,155.051,2164.97
2025.12.05 03:00:00,155.05,155.157,155.038,155.12,1333.7
2025.12.05 04:00:00,155.115,155.125,154.794,154.921,4685
2025.12.05 05:00:00,154.921,154.922,154.544,154.6,5294.54
2025.12.05 06:00:00,154.599,154.695,154.457,154.565,6274.44
2025.12.05 07:00:00,154.564,154.65,154.343,154.63,8567.01
2025.12.05 08:00:00,154.631,154.891,154.606,154.857,8866.99
2025.12.05 09:00:00,154.857,154.965,154.832,154.915,4644.22
2025.12.05 10:00:00,154.917,155.172,154.889,155.134,5800.74
2025.12.05 11:00:00,155.137,155.223,155.116,155.145,4353.21
2025.12.05 12:00:00,155.146,155.261,155.082,155.172,7290.32
2025.12.05 13:00:00,155.174,155.26,155.107,155.194,6543.52
2025.12.05 14:00:00,155.194,155.282,155.115,155.218,9878.05
2025.12.05 15:00:00,155.217,155.355,155.116,155.254,9445.76
2025.12.05 16:00:00,155.25,155.492,155.208,155.298,9599.81
2025.12.05 17:00:00,155.299,155.346,155.256,155.286,5781.29
2025.12.05 18:00:00,155.284,155.321,155.239,155.283,3771.33
2025.12.05 19:00:00,155.283,155.322,155.264,155.292,3014.87
2025.12.05 20:00:00,155.291,155.324,155.271,155.3,2306.5
2025.12.05 21:00:00,155.3,155.374,155.287,155.298,2325.41
2025.12.07 22:00:00,155.159,155.226,155.149,155.211,690.08
2025.12.07 23:00:00,155.217,155.381,155.206,155.313,4584.89
2025.12.08 00:00:00,155.31,155.325,155.06,155.071,5685.36
2025.12.08 01:00:00,155.069,155.15,154.911,154.919,5036.17
2025.12.08 02:00:00,154.915,155.066,154.9,155.005,4035.95
2025.12.08 03:00:00,155.003,155.114,154.974,155.102,2507.52
2025.12.08 04:00:00,155.104,155.121,155.056,155.075,2425.7
2025.12.08 05:00:00,155.073,155.267,155.07,155.201,3172.55
2025.12.08 06:00:00,155.198,155.289,155.105,155.229,4396.46
2025.12.08 07:00:00,155.228,155.352,155.168,155.351,4654.89
2025.12.08 08:00:00,155.352,155.462,155.262,155.391,6997.67
2025.12.08 09:00:00,155.394,155.54,155.394,155.476,6927.84
2025.12.08 10:00:00,155.475,155.53,155.409,155.513,4502.63
2025.12.08 11:00:00,155.511,155.589,155.475,155.585,4001.16
2025.12.08 12:00:00,155.586,155.656,155.542,155.56,4548.69
2025.12.08 13:00:00,155.56,155.66,155.474,155.629,7299.92
2025.12.08 14:00:00,155.628,155.876,155.392,155.825,13438.1
2025.12.08 15:00:00,155.827,155.983,155.754,155.858,10530.29
2025.12.08 16:00:00,155.857,155.958,155.826,155.897,5626.1
2025.12.08 17:00:00,155.896,155.926,155.728,155.751,4613.04
2025.12.08 18:00:00,155.749,155.781,155.703,155.749,3075.57
2025.12.08 19:00:00,155.75,155.914,155.733,155.909,3752.63
2025.12.08 20:00:00,155.906,155.934,155.851,155.932,2441.63
2025.12.08 21:00:00,155.931,155.958,155.91,155.914,2128.62
2025.12.08 22:00:00,155.916,155.932,155.804,155.909,958.19
2025.12.08 23:00:00,155.908,155.979,155.839,155.845,1705.76
2025.12.09 00:00:00,155.846,156.022,155.768,156.008,5697.24
2025.12.09 01:00:00,156.009,156.037,155.767,155.796,4648.96
2025.12.09 02:00:00,155.798,155.904,155.744,155.868,3079.67
2025.12.09 03:00:00,155.866,155.891,155.802,155.825,2008.07
2025.12.09 04:00:00,155.823,155.983,155.81,155.934,2114.04
2025.12.09 05:00:00,155.934,156.11,155.861,156.007,6076.12
2025.12.09 06:00:00,156.008,156.125,155.96,156.007,5101.84
2025.12.09 07:00:00,156.006,156.198,155.983,156.191,5197.43
2025.12.09 08:00:00,156.192,156.43,156.184,156.334,10464.92
2025.12.09 09:00:00,156.333,156.339,155.976,156.085,10822.63
2025.12.09 10:00:00,156.087,156.202,156.046,156.075,6771.81
2025.12.09 11:00:00,156.075,156.197,156.07,156.186,6075.36
2025.12.09 12:00:00,156.187,156.357,156.185,156.355,6271.53
2025.12.09 13:00:00,156.356,156.515,156.286,156.344,6858.81
2025.12.09 14:00:00,156.343,156.532,156.313,156.408,10950.69
2025.12.09 15:00:00,156.407,156.913,156.376,156.866,17009.13
2025.12.09 16:00:00,156.866,156.919,156.808,156.86,7839.07
2025.12.09 17:00:00,156.857,156.924,156.83,156.916,6200.69
2025.12.09 18:00:00,156.916,156.925,156.878,156.894,5832.43
2025.12.09 19:00:00,156.894,156.953,156.808,156.834,4284.93
2025.12.09 20:00:00,156.835,156.921,156.82,156.901,3584.41
2025.12.09 21:00:00,156.902,156.943,156.867,156.867,2565.45
2025.12.09 22:00:00,156.863,156.913,156.754,156.832,1503.02
2025.12.09 23:00:00,156.831,156.913,156.798,156.805,1773.26
2025.12.10 00:00:00,156.805,156.936,156.703,156.712,5795.49
2025.12.10 01:00:00,156.713,156.77,156.669,156.707,3644.08
2025.12.10 02:00:00,156.709,156.723,156.63,156.654,2398.69
2025.12.10 03:00:00,156.655,156.681,156.559,156.59,2450.41
2025.12.10 04:00:00,156.591,156.664,156.581,156.625,1099.93
2025.12.10 05:00:00,156.627,156.718,156.594,156.706,1788.08
2025.12.10 06:00:00,156.707,156.763,156.657,156.672,2188.42
2025.12.10 07:00:00,156.671,156.751,156.635,156.651,2706.01
2025.12.10 08:00:00,156.653,156.707,156.579,156.673,5134.5
2025.12.10 09:00:00,156.675,156.886,156.674,156.816,4823.05
2025.12.10 10:00:00,156.817,156.858,156.737,156.77,4762.04
2025.12.10 11:00:00,156.768,156.777,156.687,156.709,3854.69
2025.12.10 12:00:00,156.708,156.756,156.672,156.716,4846.35
2025.12.10 13:00:00,156.715,156.717,156.55,156.553,8744.46
2025.12.10 14:00:00,156.552,156.628,156.439,156.5,6954.79
2025.12.10 15:00:00,156.499,156.532,156.352,156.477,6696.05
2025.12.10 16:00:00,156.48,156.488,156.323,156.336,4573.16
2025.12.10 17:00:00,156.335,156.394,156.246,156.304,4181.52
2025.12.10 18:00:00,156.308,156.476,156.294,156.411,4134.1
2025.12.10 19:00:00,156.405,156.675,156.101,156.258,24944.81
2025.12.10 20:00:00,156.257,156.308,155.794,155.93,18073.28
2025.12.10 21:00:00,155.931,156.1,155.927,156.013,4628.1
2025.12.10 22:00:00,156.014,156.023,155.824,156.015,2826.21
2025.12.10 23:00:00,156.017,156.029,155.626,155.751,2998.55
2025.12.11 00:00:00,155.749,155.886,155.568,155.804,7669.49
2025.12.11 01:00:00,155.803,155.822,155.571,155.72,5706.01
2025.12.11 02:00:00,155.72,155.776,155.489,155.772,6056.44
2025.12.11 03:00:00,155.774,155.787,155.636,155.695,4528.76
2025.12.11 04:00:00,155.696,155.857,155.617,155.845,3458.8
2025.12.11 05:00:00,155.844,156.071,155.835,156.065,4433.59
2025.12.11 06:00:00,156.062,156.163,155.941,155.963,5843.25
2025.12.11 07:00:00,155.964,156.054,155.865,156.031,7732.92
2025.12.11 08:00:00,156.032,156.068,155.782,155.885,7267.05
2025.12.11 09:00:00,155.883,156.029,155.847,155.866,6275.79
2025.12.11 10:00:00,155.863,155.949,155.801,155.864,5163.63
2025.12.11 11:00:00,155.865,155.882,155.757,155.765,4954.93
2025.12.11 12:00:00,155.761,155.819,155.52,155.584,7488.2
2025.12.11 13:00:00,155.582,155.624,155.227,155.281,15239.4
2025.12.11 14:00:00,155.28,155.293,154.948,154.983,14525.55
2025.12.11 15:00:00,154.981,155.178,154.953,155.169,14806.39
2025.12.11 16:00:00,155.169,155.288,155.109,155.15,8346.15
2025.12.11 17:00:00,155.146,155.291,155.069,155.239,5357.41
2025.12.11 18:00:00,155.24,155.412,155.212,155.36,4571.97
2025.12.11 19:00:00,155.362,155.598,155.362,155.593,3944.3
2025.12.11 20:00:00,155.592,155.672,155.507,155.59,4740.57
2025.12.11 21:00:00,155.592,155.623,155.549,155.563,2497.51
2025.12.11 22:00:00,155.563,155.57,155.516,155.525,1295.02
2025.12.11 23:00:00,155.525,155.619,155.446,155.505,2869.79
2025.12.12 00:00:00,155.502,155.723,155.459,155.696,7853.26
2025.12.12 01:00:00,155.695,155.77,155.543,155.669,6142.68
2025.12.12 02:00:00,155.668,155.744,155.654,155.673,3474.93
2025.12.12 03:00:00,155.673,155.725,155.632,155.712,2261.58
2025.12.12 04:00:00,155.712,155.764,155.688,155.744,2524.18
2025.12.12 05:00:00,155.745,155.769,155.671,155.741,2479.45
2025.12.12 06:00:00,155.742,155.827,155.655,155.656,5257.18
2025.12.12 07:00:00,155.655,155.726,155.542,155.647,5788.62
2025.12.12 08:00:00,155.649,155.843,155.62,155.837,8334.59
2025.12.12 09:00:00,155.836,155.911,155.756,155.884,6203.2
2025.12.12 10:00:00,155.885,155.964,155.849,155.915,6088.87
2025.12.12 11:00:00,155.917,155.993,155.908,155.915,2548.44
2025.12.12 12:00:00,155.914,156.127,155.772,156.034,6048.73
2025.12.12 13:00:00,156.033,156.056,155.899,156.046,6404.07
2025.12.12 14:00:00,156.046,156.1,155.847,155.904,12733.23
2025.12.12 15:00:00,155.906,156.061,155.809,155.883,13705.91
2025.12.12 16:00:00,155.884,155.884,155.676,155.814,10709.71
2025.12.12 17:00:00,155.814,155.903,155.75,155.781,4789.5
2025.12.12 18:00:00,155.781,155.815,155.716,155.782,4336.99
2025.12.12 19:00:00,155.781,155.938,155.781,155.901,3562.17
2025.12.12 20:00:00,155.902,155.908,155.775,155.878,4118.09
2025.12.12 21:00:00,155.878,155.888,155.794,155.8,3162.29
2025.12.14 22:00:00,155.816,155.909,155.749,155.806,1873.99
2025.12.14 23:00:00,155.802,155.896,155.759,155.867,1672.03
2025.12.15 00:00:00,155.869,155.986,155.863,155.895,5200.28
2025.12.15 01:00:00,155.896,155.897,155.605,155.612,4597.92
2025.12.15 02:00:00,155.611,155.648,155.357,155.428,5058.91
2025.12.15 03:00:00,155.429,155.472,155.304,155.42,3455.81
2025.12.15 04:00:00,155.421,155.421,155.185,155.256,2241.81
2025.12.15 05:00:00,155.255,155.255,155.032,155.035,2951.15
2025.12.15 06:00:00,155.034,155.155,154.948,155.088,4616.09
2025.12.15 07:00:00,155.096,155.292,155.07,155.26,5954.48
2025.12.15 08:00:00,155.261,155.282,155.102,155.184,5019.38
2025.12.15 09:00:00,155.186,155.201,154.939,154.966,5954.53
2025.12.15 10:00:00,154.967,155.152,154.961,155.083,3695.93
2025.12.15 11:00:00,155.084,155.101,154.85,154.924,3297.96
2025.12.15 12:00:00,154.924,155.094,154.888,155.076,4145
2025.12.15 13:00:00,155.079,155.158,154.967,155.158,5027.3
2025.12.15 14:00:00,155.159,155.227,154.851,154.911,9760.29
2025.12.15 15:00:00,154.912,155.159,154.835,155.157,13108.84
2025.12.15 16:00:00,155.157,155.329,155.15,155.29,7391.46
2025.12.15 17:00:00,155.291,155.367,155.257,155.308,2822.7
2025.12.15 18:00:00,155.307,155.388,155.282,155.356,2259.59
2025.12.15 19:00:00,155.359,155.398,155.217,155.24,2088.5
2025.12.15 20:00:00,155.241,155.267,155.22,155.251,1503.72
2025.12.15 21:00:00,155.254,155.259,155.189,155.202,1612.15
2025.12.15 22:00:00,155.103,155.291,155.103,155.213,1993.89
2025.12.15 23:00:00,155.213,155.229,154.982,155.034,1875.34
2025.12.16 00:00:00,155.034,155.101,154.733,155.006,7660.52
2025.12.16 01:00:00,155.008,155.12,154.849,154.861,7296.95
2025.12.16 02:00:00,154.86,154.921,154.763,154.781,4597.5
2025.12.16 03:00:00,154.779,154.908,154.703,154.891,3582.02
2025.12.16 04:00:00,154.887,154.917,154.771,154.817,2410.25
2025.12.16 05:00:00,154.817,154.854,154.682,154.842,4192.76
2025.12.16 06:00:00,154.843,154.948,154.82,154.851,3380.29
2025.12.16 07:00:00,154.855,154.977,154.835,154.884,4857.61
2025.12.16 08:00:00,154.883,154.943,154.796,154.862,6700.8
2025.12.16 09:00:00,154.861,154.893,154.772,154.836,5318.9
2025.12.16 10:00:00,154.835,154.905,154.774,154.87,4202.54
2025.12.16 11:00:00,154.872,154.9,154.79,154.817,2879.05
2025.12.16 12:00:00,154.815,154.855,154.6,154.609,4088.28
2025.12.16 13:00:00,154.608,154.869,154.393,154.714,21091.57
2025.12.16 14:00:00,154.713,154.997,154.597,154.601,16985.91
2025.12.16 15:00:00,154.599,154.78,154.462,154.776,19465.58
2025.12.16 16:00:00,154.774,154.904,154.748,154.809,11752.13
2025.12.16 17:00:00,154.807,154.839,154.57,154.682,4886.69
2025.12.16 18:00:00,154.682,154.806,154.672,154.745,4403.32
2025.12.16 19:00:00,154.746,154.916,154.606,154.666,6090.17
2025.12.16 20:00:00,154.667,154.797,154.57,154.797,4010.9
2025.12.16 21:00:00,154.8,154.833,154.705,154.713,3162.94
2025.12.16 22:00:00,154.713,154.773,154.682,154.705,1940.24
2025.12.16 23:00:00,154.713,154.811,154.696,154.772,1107.62
2025.12.17 00:00:00,154.771,154.873,154.568,154.585,6117.99
2025.12.17 01:00:00,154.586,154.705,154.512,154.674,5417.19
2025.12.17 02:00:00,154.675,155.024,154.675,155.008,7253.96
2025.12.17 03:00:00,155.008,155.025,154.862,154.888,2512.38
2025.12.17 04:00:00,154.889,155.149,154.874,155.135,2999.26
2025.12.17 05:00:00,155.136,155.171,155.069,155.152,3769.57
2025.12.17 06:00:00,155.151,155.443,155.125,155.369,4419.83
2025.12.17 07:00:00,155.368,155.568,155.358,155.501,8517.23
2025.12.17 08:00:00,155.502,155.595,155.427,155.514,7723.92
2025.12.17 09:00:00,155.517,155.557,155.46,155.53,5055.5
2025.12.17 10:00:00,155.529,155.547,155.44,155.462,4124.03
2025.12.17 11:00:00,155.461,155.596,155.455,155.546,3420.92
2025.12.17 12:00:00,155.545,155.575,155.453,155.487,6630.33
2025.12.17 13:00:00,155.485,155.637,155.388,155.435,7825.72
2025.12.17 14:00:00,155.435,155.631,155.352,155.486,7812.58
2025.12.17 15:00:00,155.485,155.542,155.353,155.404,10599.36
2025.12.17 16:00:00,155.404,155.599,155.383,155.595,9639.93
2025.12.17 17:00:00,155.597,155.612,155.53,155.531,4630.51
2025.12.17 18:00:00,155.533,155.673,155.493,155.641,4879.68
2025.12.17 19:00:00,155.641,155.689,155.591,155.641,2622.03
2025.12.17 20:00:00,155.641,155.749,155.622,155.699,2031.09
2025.12.17 21:00:00,155.7,155.744,155.659,155.665,2444.06
2025.12.17 22:00:00,155.664,155.664,155.569,155.596,1880.2
2025.12.17 23:00:00,155.59,155.645,155.472,155.489,1317.06
2025.12.18 00:00:00,155.488,155.584,155.424,155.479,5348.83
2025.12.18 01:00:00,155.481,155.772,155.46,155.768,4750.67
2025.12.18 02:00:00,155.769,155.808,155.662,155.781,4492.58
2025.12.18 03:00:00,155.783,155.796,155.708,155.763,2349.87
2025.12.18 04:00:00,155.765,155.782,155.702,155.736,1858.03
2025.12.18 05:00:00,155.733,155.884,155.707,155.81,2679.31
2025.12.18 06:00:00,155.809,155.907,155.765,155.906,3206.12
2025.12.18 07:00:00,155.909,155.954,155.812,155.925,4624.07
2025.12.18 08:00:00,155.927,155.943,155.799,155.853,4947.99
2025.12.18 09:00:00,155.854,155.952,155.803,155.93,4464.95
2025.12.18 10:00:00,155.93,155.974,155.851,155.859,3156.11
2025.12.18 11:00:00,155.858,155.87,155.72,155.791,2372
2025.12.18 12:00:00,155.789,155.863,155.738,155.82,5435.98
2025.12.18 13:00:00,155.82,155.837,155.337,155.594,14197.44
2025.12.18 14:00:00,155.593,155.607,155.282,155.49,16851.95
2025.12.18 15:00:00,155.49,155.691,155.443,155.523,10920.34
2025.12.18 16:00:00,155.521,155.575,155.363,155.529,8473.14
2025.12.18 17:00:00,155.528,155.687,155.527,155.642,4643.13
2025.12.18 18:00:00,155.641,155.71,155.577,155.632,3236.7
2025.12.18 19:00:00,155.636,155.663,155.493,155.513,3649.43
2025.12.18 20:00:00,155.513,155.63,155.499,155.611,2801.4
2025.12.18 21:00:00,155.61,155.633,155.543,155.545,1955.54
2025.12.18 22:00:00,155.544,155.567,155.431,155.533,1630.36
2025.12.18 23:00:00,155.531,155.642,155.514,155.575,2415.73
2025.12.19 00:00:00,155.579,155.773,155.556,155.749,6996.91
2025.12.19 01:00:00,155.748,155.791,155.691,155.741,3447.44
2025.12.19 02:00:00,155.741,155.851,155.683,155.828,3419.15
2025.12.19 03:00:00,155.827,156.163,155.58,155.873,13341.18
2025.12.19 04:00:00,155.873,156.086,155.731,156.068,8784.52
2025.12.19 05:00:00,156.069,156.07,155.884,155.994,4668.36
2025.12.19 06:00:00,155.999,156.442,155.849,156.012,11300.17
2025.12.19 07:00:00,156.01,156.739,155.968,156.732,15166.31
2025.12.19 08:00:00,156.732,156.937,156.719,156.931,14121.54
2025.12.19 09:00:00,156.929,157.21,156.859,157.2,8233.97
2025.12.19 10:00:00,157.2,157.4,157.129,157.324,9100.57
2025.12.19 11:00:00,157.32,157.38,157.235,157.318,6161.85
2025.12.19 12:00:00,157.321,157.352,157.182,157.241,5786.7
2025.12.19 13:00:00,157.239,157.382,157.207,157.324,9459.33
2025.12.19 14:00:00,157.323,157.424,156.923,157.421,13464.36
2025.12.19 15:00:00,157.416,157.49,157.354,157.472,14450.56
2025.12.19 16:00:00,157.47,157.488,157.404,157.427,10717.94
2025.12.19 17:00:00,157.427,157.669,157.411,157.437,8136.93
2025.12.19 18:00:00,157.438,157.53,157.4,157.521,5753.71
2025.12.19 19:00:00,157.522,157.587,157.501,157.529,6359.21
2025.12.19 20:00:00,157.529,157.698,157.475,157.69,3091.16
2025.12.19 21:00:00,157.69,157.778,157.637,157.737,4615.88
2025.12.21 22:00:00,157.659,157.679,157.318,157.478,4403.58
2025.12.21 23:00:00,157.477,157.703,157.472,157.623,6235.35
2025.12.22 00:00:00,157.623,157.659,157.508,157.553,9810.22
2025.12.22 01:00:00,157.552,157.574,157.252,157.293,6657.61
2025.12.22 02:00:00,157.292,157.423,157.228,157.421,2989.29
2025.12.22 03:00:00,157.422,157.47,157.274,157.332,3215.74
2025.12.22 04:00:00,157.333,157.362,157.258,157.311,2983.87
2025.12.22 05:00:00,157.321,157.39,157.263,157.363,4019.11
2025.12.22 06:00:00,157.364,157.434,157.269,157.344,5896.22
2025.12.22 07:00:00,157.346,157.562,157.308,157.487,4788.97
2025.12.22 08:00:00,157.49,157.55,157.37,157.547,5812.07
2025.12.22 09:00:00,157.545,157.569,157.421,157.456,4003.43
2025.12.22 10:00:00,157.458,157.464,157.352,157.396,3174.14
2025.12.22 11:00:00,157.398,157.427,157.337,157.414,2831.53
2025.12.22 12:00:00,157.411,157.428,157.356,157.396,4018.67
2025.12.22 13:00:00,157.394,157.394,156.866,157.185,13567.87
2025.12.22 14:00:00,157.184,157.222,156.908,157.016,10304.73
2025.12.22 15:00:00,157.019,157.121,156.913,156.974,8141.09
2025.12.22 16:00:00,156.974,157.041,156.859,156.935,6278.07
2025.12.22 17:00:00,156.938,156.939,156.706,156.845,4143.29
2025.12.22 18:00:00,156.847,157.021,156.847,156.945,3858.66
2025.12.22 19:00:00,156.948,157.031,156.886,156.9,3643.21
2025.12.22 20:00:00,156.9,157.003,156.9,156.988,3034.9
2025.12.22 21:00:00,156.988,157.058,156.979,157.048,2532.9
2025.12.22 22:00:00,157.048,157.062,156.825,157.02,2677.27
2025.12.22 23:00:00,157.015,157.017,156.819,156.92,2655.85
2025.12.23 00:00:00,156.92,156.927,156.604,156.616,5134.95
2025.12.23 01:00:00,156.615,156.655,156.421,156.462,5243.94
2025.12.23 02:00:00,156.46,156.482,156.276,156.351,5287.35
2025.12.23 03:00:00,156.352,156.352,156.186,156.187,4426.87
2025.12.23 04:00:00,156.186,156.186,155.96,155.993,6788.78
2025.12.23 05:00:00,155.994,156.076,155.911,156.01,7025.59
2025.12.23 06:00:00,156.009,156.188,155.997,156.113,7440.64
2025.12.23 07:00:00,156.115,156.17,155.95,156.074,10556.98
2025.12.23 08:00:00,156.072,156.114,155.952,155.96,10207.09
2025.12.23 09:00:00,155.959,156.019,155.651,155.967,10679.49
2025.12.23 10:00:00,155.965,156.046,155.866,155.921,6444.1
2025.12.23 11:00:00,155.924,156.036,155.871,155.971,3658.16
2025.12.23 12:00:00,155.971,156.031,155.869,156.022,5454.11
2025.12.23 13:00:00,156.022,156.363,155.951,156.339,9616.11
2025.12.23 14:00:00,156.335,156.543,156.334,156.4,12463.77
2025.12.23 15:00:00,156.395,156.448,156.207,156.389,10361.39
2025.12.23 16:00:00,156.387,156.433,156.3,156.333,8220.48
2025.12.23 17:00:00,156.333,156.347,156.249,156.296,3763.31
2025.12.23 18:00:00,156.298,156.343,156.226,156.23,4613.44
2025.12.23 19:00:00,156.226,156.249,156.178,156.195,5112.84
2025.12.23 20:00:00,156.196,156.309,156.178,156.3,1777.23
2025.12.23 21:00:00,156.302,156.315,156.19,156.207,3661.54
2025.12.23 22:00:00,156.205,156.208,156.163,156.17,4284.23
2025.12.23 23:00:00,156.181,156.283,156.093,156.169,2981.6
2025.12.24 00:00:00,156.169,156.279,155.976,155.99,9379.15
2025.12.24 01:00:00,155.989,156.152,155.598,155.655,8345.26
2025.12.24 02:00:00,155.652,155.74,155.552,155.739,6674.48
2025.12.24 03:00:00,155.738,155.99,155.738,155.978,5364.34
2025.12.24 04:00:00,155.981,156.062,155.801,155.835,3777.64
2025.12.24 05:00:00,155.836,155.845,155.747,155.796,2729.45
2025.12.24 06:00:00,155.797,155.797,155.663,155.734,4049.84
2025.12.24 07:00:00,155.73,155.873,155.703,155.829,9484.32
2025.12.24 08:00:00,155.828,155.97,155.749,155.756,8285.96
2025.12.24 09:00:00,155.755,155.881,155.686,155.832,4258.15
2025.12.24 10:00:00,155.835,155.969,155.819,155.934,3694.42
2025.12.24 11:00:00,155.933,155.977,155.865,155.927,3260.25
2025.12.24 12:00:00,155.926,156.041,155.876,156.04,4725.13
2025.12.24 13:00:00,156.04,156.068,155.967,156.008,10691.58
2025.12.24 14:00:00,156.012,156.033,155.675,155.747,11782.6
2025.12.24 15:00:00,155.746,155.899,155.721,155.811,12220.56
2025.12.24 16:00:00,155.811,155.918,155.75,155.832,10182.51
2025.12.24 17:00:00,155.832,156.021,155.822,155.964,8114.52
2025.12.24 18:00:00,155.968,156.016,155.938,155.965,9002.22
2025.12.24 19:00:00,155.964,155.977,155.804,155.865,7139.04
2025.12.24 20:00:00,155.864,155.942,155.854,155.942,2100.27
2025.12.24 21:00:00,155.944,155.963,155.813,155.867,1901.94
2025.12.24 22:00:00,155.867,155.878,155.675,155.675,17.7
2025.12.24 23:00:00,155.699,155.96,155.574,155.884,139.68
2025.12.25 00:00:00,155.88,155.916,155.745,155.791,2891.79
2025.12.25 01:00:00,155.796,155.863,155.726,155.735,187.95
2025.12.25 02:00:00,155.769,155.811,155.677,155.725,459.36
2025.12.25 03:00:00,155.725,155.804,155.66,155.689,118.8
2025.12.25 04:00:00,155.697,155.752,155.594,155.728,263.25
2025.12.25 05:00:00,155.725,155.806,155.464,155.806,84.06
2025.12.25 06:00:00,155.806,155.94,155.717,155.852,177.48
2025.12.25 07:00:00,155.851,156.052,155.848,156.049,107.7
2025.12.25 22:00:00,155.891,155.938,155.837,155.884,459.9
2025.12.25 23:00:00,155.883,156.129,155.746,156.102,10722.29
2025.12.26 00:00:00,156.103,156.488,156.102,156.405,17363.47
2025.12.26 01:00:00,156.405,156.433,156.161,156.281,11806.07
2025.12.26 02:00:00,156.28,156.304,156.165,156.221,9626.43
2025.12.26 03:00:00,156.22,156.25,156.041,156.053,6920.61
2025.12.26 04:00:00,156.052,156.19,155.987,156.161,7663.56
2025.12.26 05:00:00,156.161,156.283,156.088,156.201,5602.3
2025.12.26 06:00:00,156.197,156.316,156.087,156.28,3160.28
2025.12.26 07:00:00,156.282,156.444,156.214,156.372,3643.21
2025.12.26 08:00:00,156.372,156.444,156.3,156.329,4098.9
2025.12.26 09:00:00,156.331,156.469,156.313,156.46,3277.88
2025.12.26 10:00:00,156.462,156.468,156.361,156.401,2034.36
2025.12.26 11:00:00,156.4,156.421,156.326,156.401,2743.07
2025.12.26 12:00:00,156.4,156.483,156.394,156.418,3365.29
2025.12.26 13:00:00,156.417,156.444,156.226,156.326,6272.73
2025.12.26 14:00:00,156.322,156.485,156.275,156.452,4488.02
2025.12.26 15:00:00,156.451,156.531,156.311,156.425,6659.96
2025.12.26 16:00:00,156.425,156.654,156.37,156.633,9283.68
2025.12.26 17:00:00,156.631,156.732,156.553,156.569,4368.45
2025.12.26 18:00:00,156.568,156.585,156.435,156.543,3033.04
2025.12.26 19:00:00,156.545,156.594,156.503,156.503,2772.6
2025.12.26 20:00:00,156.503,156.529,156.444,156.495,3124.48
2025.12.26 21:00:00,156.496,156.602,156.489,156.561,7470.51
2025.12.28 22:00:00,156.389,156.549,156.389,156.443,3702.86
2025.12.28 23:00:00,156.444,156.532,156.403,156.484,2604.21
2025.12.29 00:00:00,156.485,156.485,156.055,156.277,11696.61
2025.12.29 01:00:00,156.278,156.373,156.19,156.311,5038.06
2025.12.29 02:00:00,156.312,156.51,156.299,156.431,5252.34
2025.12.29 03:00:00,156.43,156.445,156.319,156.379,4700.25
2025.12.29 04:00:00,156.377,156.471,156.244,156.37,5412.01
2025.12.29 05:00:00,156.373,156.398,156.24,156.305,2833.93
2025.12.29 06:00:00,156.311,156.324,156.17,156.185,4238.86
2025.12.29 07:00:00,156.185,156.241,156.05,156.079,6464.53
2025.12.29 08:00:00,156.082,156.312,156.076,156.276,9599.97
2025.12.29 09:00:00,156.278,156.397,156.105,156.325,6866.76
2025.12.29 10:00:00,156.326,156.344,156.205,156.326,4727.93
2025.12.29 11:00:00,156.326,156.414,156.285,156.399,3875.28
2025.12.29 12:00:00,156.4,156.423,156.308,156.332,3943.48
2025.12.29 13:00:00,156.329,156.365,156.192,156.23,7542.14
2025.12.29 14:00:00,156.231,156.238,156.008,156.144,7132.06
2025.12.29 15:00:00,156.144,156.287,155.915,155.935,14609.58
2025.12.29 16:00:00,155.937,156.117,155.93,156.105,11217.47
2025.12.29 17:00:00,156.106,156.214,156.067,156.183,4681.75
2025.12.29 18:00:00,156.182,156.224,156.121,156.221,2886.83
2025.12.29 19:00:00,156.222,156.248,156.008,156.032,2320.34
2025.12.29 20:00:00,156.034,156.082,155.984,156.066,3848.08
2025.12.29 21:00:00,156.067,156.084,156,156.044,2313.03
2025.12.29 22:00:00,156.045,156.077,155.949,156.018,1893.66
2025.12.29 23:00:00,156.016,156.134,155.959,155.99,2905.54
2025.12.30 00:00:00,155.994,156.323,155.923,156.26,8815.52
2025.12.30 01:00:00,156.255,156.326,156.212,156.219,4537.63
2025.12.30 02:00:00,156.218,156.337,156.152,156.307,3896.16
2025.12.30 03:00:00,156.305,156.332,156.215,156.268,2203.24
2025.12.30 04:00:00,156.27,156.284,156.048,156.081,2697.8
2025.12.30 05:00:00,156.082,156.103,156.012,156.042,4340
2025.12.30 06:00:00,156.044,156.097,155.936,156.038,5623.01
2025.12.30 07:00:00,156.036,156.108,155.918,155.983,4049.93
2025.12.30 08:00:00,155.982,156.024,155.854,155.981,6488.59
2025.12.30 09:00:00,155.982,156.008,155.866,155.924,5030.07
2025.12.30 10:00:00,155.924,155.93,155.742,155.852,5156.69
2025.12.30 11:00:00,155.854,155.944,155.824,155.891,3709.83
2025.12.30 12:00:00,155.892,156.012,155.884,155.949,3858.89
2025.12.30 13:00:00,155.951,156.211,155.946,156.195,6636.9
2025.12.30 14:00:00,156.197,156.32,156.123,156.27,6834.6
2025.12.30 15:00:00,156.27,156.564,156.27,156.328,8512.82
2025.12.30 16:00:00,156.327,156.37,156.223,156.259,5960.62
2025.12.30 17:00:00,156.26,156.406,156.243,156.334,2872.99
2025.12.30 18:00:00,156.334,156.433,156.306,156.392,3176.21
2025.12.30 19:00:00,156.391,156.523,156.376,156.496,3508.18
2025.12.30 20:00:00,156.495,156.501,156.426,156.464,2530.34
2025.12.30 21:00:00,156.465,156.466,156.389,156.389,2199.77
2025.12.30 22:00:00,156.389,156.389,156.285,156.358,2133.15
2025.12.30 23:00:00,156.359,156.465,156.331,156.4,1110.32
2025.12.31 00:00:00,156.394,156.465,156.329,156.389,2733.42
2025.12.31 01:00:00,156.389,156.452,156.353,156.431,3216.17
2025.12.31 02:00:00,156.436,156.49,156.423,156.484,2277.3
2025.12.31 03:00:00,156.482,156.496,156.448,156.494,1331.09
2025.12.31 04:00:00,156.492,156.636,156.492,156.612,1620.3
2025.12.31 05:00:00,156.611,156.631,156.547,156.592,1745.33
2025.12.31 06:00:00,156.591,156.653,156.582,156.613,2070.84
2025.12.31 07:00:00,156.61,156.645,156.567,156.567,3108.46
2025.12.31 08:00:00,156.567,156.607,156.506,156.595,3649.32
2025.12.31 09:00:00,156.602,156.65,156.553,156.63,3311.73
2025.12.31 10:00:00,156.627,156.674,156.596,156.654,4028.17
2025.12.31 11:00:00,156.654,156.675,156.605,156.607,3949.32
2025.12.31 12:00:00,156.607,156.643,156.551,156.601,3980.28
2025.12.31 13:00:00,156.6,156.832,156.585,156.81,6980.67
2025.12.31 14:00:00,156.811,156.946,156.798,156.925,8350.8
2025.12.31 15:00:00,156.923,156.994,156.716,156.742,9795.48
2025.12.31 16:00:00,156.739,156.846,156.642,156.809,6885.39
2025.12.31 17:00:00,156.811,156.853,156.764,156.824,4990.39
2025.12.31 18:00:00,156.825,156.921,156.797,156.89,5169.72
2025.12.31 19:00:00,156.887,156.887,156.675,156.75,2648.37
2025.12.31 20:00:00,156.751,156.752,156.631,156.632,3181.4
2025.12.31 21:00:00,156.632,156.728,156.616,156.658,2544.09
2026.01.01 22:00:00,156.501,156.679,156.497,156.657,561.17
2026.01.01 23:00:00,156.68,156.879,156.642,156.722,2959.37
2026.01.02 00:00:00,156.72,156.766,156.542,156.565,3251.61
2026.01.02 01:00:00,156.564,156.655,156.517,156.636,3523.39
2026.01.02 02:00:00,156.638,156.687,156.594,156.681,1680.32
2026.01.02 03:00:00,156.682,156.723,156.65,156.715,1323.61
2026.01.02 04:00:00,156.716,156.858,156.716,156.822,1511.74
2026.01.02 05:00:00,156.823,156.942,156.817,156.909,1617.82
2026.01.02 06:00:00,156.909,156.994,156.909,156.953,3511.99
2026.01.02 07:00:00,156.953,156.992,156.83,156.861,4900.64
2026.01.02 08:00:00,156.86,156.996,156.817,156.877,6345.79
2026.01.02 09:00:00,156.878,156.916,156.767,156.914,5723.45
2026.01.02 10:00:00,156.912,156.926,156.802,156.84,3274.22
2026.01.02 11:00:00,156.84,156.946,156.823,156.917,2933.01
2026.01.02 12:00:00,156.917,156.999,156.87,156.941,2883.03
2026.01.02 13:00:00,156.938,156.959,156.83,156.904,5410.35
2026.01.02 14:00:00,156.905,156.918,156.806,156.851,7049.56
2026.01.02 15:00:00,156.852,156.893,156.562,156.588,9967.99
2026.01.02 16:00:00,156.587,156.769,156.56,156.724,6161.78
2026.01.02 17:00:00,156.723,156.781,156.707,156.771,2906.46
2026.01.02 18:00:00,156.768,156.948,156.763,156.894,3190.9
2026.01.02 19:00:00,156.892,156.954,156.844,156.855,2828.59
2026.01.02 20:00:00,156.855,156.91,156.844,156.874,2721.9
2026.01.02 21:00:00,156.874,156.887,156.802,156.84,2420.98
2026.01.04 22:00:00,156.699,156.807,156.699,156.784,1756.28
2026.01.04 23:00:00,156.784,157.015,156.719,156.998,4513.55
2026.01.05 00:00:00,156.998,157.25,156.918,157.147,9478.27
2026.01.05 01:00:00,157.146,157.182,156.939,157.014,7339.42
2026.01.05 02:00:00,157.011,157.203,156.951,157.148,4248.08
2026.01.05 03:00:00,157.146,157.237,157.127,157.232,4247.02
2026.01.05 04:00:00,157.233,157.296,157.222,157.281,2931.17
2026.01.05 05:00:00,157.283,157.292,157.116,157.18,3029.25
2026.01.05 06:00:00,157.183,157.231,157.016,157.028,4221.84
2026.01.05 07:00:00,157.027,157.079,156.974,156.988,5623.83
2026.01.05 08:00:00,156.987,157.04,156.685,156.833,10290.38
2026.01.05 09:00:00,156.831,156.999,156.782,156.927,5397.52
2026.01.05 10:00:00,156.925,156.939,156.573,156.602,7890.87
2026.01.05 11:00:00,156.603,156.66,156.531,156.62,9772.52
2026.01.05 12:00:00,156.622,156.686,156.464,156.646,7206.78
2026.01.05 13:00:00,156.647,156.977,156.642,156.825,11771.3
2026.01.05 14:00:00,156.821,156.853,156.705,156.736,11570.72
2026.01.05 15:00:00,156.742,156.751,156.453,156.578,13221.24
2026.01.05 16:00:00,156.577,156.586,156.303,156.323,8390.58
2026.01.05 17:00:00,156.325,156.383,156.265,156.328,4857.05
2026.01.05 18:00:00,156.331,156.356,156.181,156.186,4163.52
2026.01.05 19:00:00,156.186,156.244,156.116,156.233,7630.4
2026.01.05 20:00:00,156.233,156.338,156.183,156.336,5132.52
2026.01.05 21:00:00,156.335,156.417,156.321,156.359,2462.73
2026.01.05 22:00:00,156.359,156.511,156.27,156.511,1410.98
2026.01.05 23:00:00,156.511,156.642,156.476,156.614,2505.7
2026.01.06 00:00:00,156.615,156.797,156.527,156.538,8091.6
2026.01.06 01:00:00,156.536,156.708,156.451,156.452,6001.94
2026.01.06 02:00:00,156.451,156.499,156.271,156.31,4200.69
2026.01.06 03:00:00,156.312,156.436,156.295,156.361,3548.09
2026.01.06 04:00:00,156.36,156.437,156.238,156.38,3982.39
2026.01.06 05:00:00,156.382,156.446,156.288,156.429,3714.49
2026.01.06 06:00:00,156.428,156.476,156.331,156.367,5530.69
2026.01.06 07:00:00,156.367,156.371,156.23,156.334,7869.46
2026.01.06 08:00:00,156.334,156.388,156.163,156.319,7789.53
2026.01.06 09:00:00,156.318,156.483,156.23,156.379,7893.51
2026.01.06 10:00:00,156.378,156.464,156.278,156.445,6030.88
2026.01.06 11:00:00,156.444,156.535,156.406,156.447,5363.59
2026.01.06 12:00:00,156.446,156.515,156.296,156.494,6101.13
2026.01.06 13:00:00,156.494,156.58,156.35,156.369,11448.37
2026.01.06 14:00:00,156.368,156.476,156.3,156.406,9260.11
2026.01.06 15:00:00,156.406,156.69,156.403,156.575,12148.74
2026.01.06 16:00:00,156.575,156.735,156.569,156.705,8143.01
2026.01.06 17:00:00,156.704,156.742,156.672,156.691,4146.84
2026.01.06 18:00:00,156.689,156.747,156.663,156.737,2490.09
2026.01.06 19:00:00,156.735,156.744,156.609,156.629,4117.39
2026.01.06 20:00:00,156.629,156.651,156.569,156.649,2797.49
2026.01.06 21:00:00,156.649,156.685,156.621,156.622,1906.12
2026.01.06 22:00:00,156.623,156.646,156.575,156.619,1025.99
2026.01.06 23:00:00,156.614,156.705,156.613,156.666,1286.43
2026.01.07 00:00:00,156.663,156.806,156.541,156.635,6428.77
2026.01.07 01:00:00,156.633,156.745,156.561,156.714,4239.21
2026.01.07 02:00:00,156.717,156.73,156.642,156.646,2693.83
2026.01.07 03:00:00,156.647,156.653,156.506,156.561,2905.49
2026.01.07 04:00:00,156.562,156.582,156.51,156.539,2977.73
2026.01.07 05:00:00,156.538,156.54,156.366,156.386,2976.88
2026.01.07 06:00:00,156.387,156.392,156.304,156.344,3923.76
2026.01.07 07:00:00,156.339,156.512,156.295,156.486,6477.32
2026.01.07 08:00:00,156.488,156.584,156.458,156.524,5863.76
2026.01.07 09:00:00,156.527,156.575,156.431,156.462,5155.09
2026.01.07 10:00:00,156.463,156.536,156.441,156.527,5765.69
2026.01.07 11:00:00,156.527,156.582,156.51,156.515,2238
2026.01.07 12:00:00,156.512,156.564,156.475,156.513,5117.34
2026.01.07 13:00:00,156.514,156.584,156.361,156.416,9126.01
2026.01.07 14:00:00,156.42,156.555,156.394,156.404,11489.91
2026.01.07 15:00:00,156.406,156.723,156.401,156.68,17490.43
2026.01.07 16:00:00,156.679,156.798,156.642,156.734,7370.47
2026.01.07 17:00:00,156.731,156.733,156.572,156.617,5449.62
2026.01.07 18:00:00,156.617,156.702,156.595,156.696,3681.89
2026.01.07 19:00:00,156.697,156.76,156.682,156.739,4081.76
2026.01.07 20:00:00,156.736,156.789,156.723,156.773,2587.31
2026.01.07 21:00:00,156.774,156.799,156.744,156.745,1519.24
2026.01.07 22:00:00,156.748,156.748,156.642,156.666,650.52
2026.01.07 23:00:00,156.667,156.755,156.656,156.697,1509.97
2026.01.08 00:00:00,156.694,156.799,156.673,156.784,5193.16
2026.01.08 01:00:00,156.786,156.942,156.714,156.912,3841.41
2026.01.08 02:00:00,156.911,156.954,156.822,156.837,2859.39
2026.01.08 03:00:00,156.838,156.838,156.63,156.717,4048.21
2026.01.08 04:00:00,156.716,156.73,156.665,156.692,2056.21
2026.01.08 05:00:00,156.694,156.731,156.639,156.671,3440.07
2026.01.08 06:00:00,156.669,156.688,156.501,156.579,5658.34
2026.01.08 07:00:00,156.577,156.694,156.465,156.465,5663.79
2026.01.08 08:00:00,156.464,156.713,156.457,156.704,6657.3
2026.01.08 09:00:00,156.704,156.781,156.63,156.745,4246.15
2026.01.08 10:00:00,156.747,156.778,156.679,156.681,3604.76
2026.01.08 11:00:00,156.679,156.78,156.665,156.761,2457.81
2026.01.08 12:00:00,156.759,156.78,156.689,156.721,2404.16
2026.01.08 13:00:00,156.721,156.962,156.663,156.961,6474.14
2026.01.08 14:00:00,156.966,157.07,156.936,156.973,10099.06
2026.01.08 15:00:00,156.971,157.056,156.851,156.865,8789.16
2026.01.08 16:00:00,156.864,156.985,156.847,156.9,4817.6
2026.01.08 17:00:00,156.903,156.905,156.775,156.809,3277.05
2026.01.08 18:00:00,156.808,156.892,156.795,156.892,2286.16
2026.01.08 19:00:00,156.893,156.985,156.891,156.964,1812.04
2026.01.08 20:00:00,156.963,156.992,156.916,156.952,2207.41
2026.01.08 21:00:00,156.952,156.99,156.816,156.863,2765.08
2026.01.08 22:00:00,156.863,156.863,156.694,156.829,1395.86
2026.01.08 23:00:00,156.829,156.932,156.822,156.866,1243.79
2026.01.09 00:00:00,156.868,157.06,156.867,157.003,5083.57
2026.01.09 01:00:00,157.005,157.166,156.993,157.16,3905.43
2026.01.09 02:00:00,157.158,157.259,157.121,157.179,5152.98
2026.01.09 03:00:00,157.178,157.239,157.157,157.234,1899.26
2026.01.09 04:00:00,157.238,157.295,157.193,157.211,2362.67
2026.01.09 05:00:00,157.212,157.39,157.212,157.374,3016.59
2026.01.09 06:00:00,157.375,157.436,157.343,157.4,5672.64
2026.01.09 07:00:00,157.398,157.571,157.387,157.48,5323.35
2026.01.09 08:00:00,157.479,157.668,157.456,157.643,5327.27
2026.01.09 09:00:00,157.642,157.734,157.574,157.71,5610.6
2026.01.09 10:00:00,157.71,157.723,157.638,157.652,2580.02
2026.01.09 11:00:00,157.651,157.68,157.567,157.576,2389.36
2026.01.09 12:00:00,157.576,157.707,157.56,157.649,3417.9
2026.01.09 13:00:00,157.648,157.828,157.371,157.489,14527.4
2026.01.09 14:00:00,157.488,158.051,157.368,157.919,21570.76
2026.01.09 15:00:00,157.919,158.185,157.816,157.869,16698.29
2026.01.09 16:00:00,157.871,158.131,157.83,158.074,9307.27
2026.01.09 17:00:00,158.077,158.103,157.988,158.05,7104.49
2026.01.09 18:00:00,158.053,158.067,157.861,157.914,4547.84
2026.01.09 19:00:00,157.914,157.923,157.833,157.884,5887.3
2026.01.09 20:00:00,157.882,157.909,157.854,157.885,2743.14
2026.01.09 21:00:00,157.885,157.958,157.855,157.859,2578.63
2026.01.11 22:00:00,158.063,158.112,157.994,158.049,517.38
2026.01.11 23:00:00,158.047,158.181,157.983,158.138,2393.6
2026.01.12 00:00:00,158.137,158.203,157.556,157.575,11687.68
2026.01.12 01:00:00,157.575,157.75,157.515,157.746,11277.1
2026.01.12 02:00:00,157.746,158.073,157.667,158.05,5540.67
2026.01.12 03:00:00,158.048,158.12,157.941,158.118,4485.36
2026.01.12 04:00:00,158.119,158.183,158.115,158.119,2694.81
2026.01.12 05:00:00,158.12,158.148,157.996,158.004,3079.19
2026.01.12 06:00:00,158.003,158.068,157.962,158.013,4522.21
2026.01.12 07:00:00,158.013,158.032,157.801,157.845,6458.6
2026.01.12 08:00:00,157.845,157.863,157.674,157.778,10696.07
2026.01.12 09:00:00,157.778,157.901,157.722,157.892,6949.01
2026.01.12 10:00:00,157.895,157.959,157.827,157.851,4499.27
2026.01.12 11:00:00,157.852,157.926,157.783,157.893,4803.58
2026.01.12 12:00:00,157.896,157.956,157.81,157.858,4187
2026.01.12 13:00:00,157.856,157.895,157.707,157.841,8297.21
2026.01.12 14:00:00,157.843,158.048,157.832,157.941,11904.27
2026.01.12 15:00:00,157.94,157.974,157.854,157.97,8461.48
2026.01.12 16:00:00,157.971,158.155,157.943,158.153,5558.28
2026.01.12 17:00:00,158.154,158.169,158.063,158.086,3889.38
2026.01.12 18:00:00,158.083,158.144,158.051,158.131,2510.22
2026.01.12 19:00:00,158.133,158.15,158.093,158.138,2045.43
2026.01.12 20:00:00,158.139,158.2,158.115,158.186,3579.23
2026.01.12 21:00:00,158.186,158.194,158.111,158.111,2165.92
2026.01.12 22:00:00,158.111,158.113,157.924,158.084,3601.72
2026.01.12 23:00:00,158.102,158.172,157.895,157.976,4476.59
2026.01.13 00:00:00,157.977,158.284,157.963,158.159,6248.3
2026.01.13 01:00:00,158.16,158.5,158.159,158.482,5964.12
2026.01.13 02:00:00,158.484,158.688,158.335,158.67,5261.01
2026.01.13 03:00:00,158.67,158.825,158.643,158.811,3393.26
2026.01.13 04:00:00,158.813,158.909,158.624,158.717,7356.04
2026.01.13 05:00:00,158.716,158.827,158.705,158.785,4648.99
2026.01.13 06:00:00,158.783,158.971,158.744,158.759,5813.06
2026.01.13 07:00:00,158.762,158.953,158.73,158.941,6307.95
2026.01.13 08:00:00,158.942,159.048,158.871,158.927,6928.05
2026.01.13 09:00:00,158.933,159.017,158.814,158.889,4492.51
2026.01.13 10:00:00,158.891,158.947,158.801,158.806,3588.27
2026.01.13 11:00:00,158.806,158.943,158.804,158.854,3519.21
2026.01.13 12:00:00,158.852,158.935,158.841,158.893,3329.56
2026.01.13 13:00:00,158.892,158.957,158.581,158.88,15469.49
2026.01.13 14:00:00,158.88,158.996,158.802,158.907,11173.44
2026.01.13 15:00:00,158.914,159.088,158.853,158.926,10637.89
2026.01.13 16:00:00,158.927,159.19,158.906,159.066,9155.21
2026.01.13 17:00:00,159.067,159.14,158.976,159.024,4142.95
2026.01.13 18:00:00,159.023,159.091,159,159.041,3090.11
2026.01.13 19:00:00,159.039,159.145,159.039,159.115,3164.93
2026.01.13 20:00:00,159.114,159.157,159.089,159.116,2191.29
2026.01.13 21:00:00,159.116,159.173,159.108,159.108,1348.28
2026.01.13 22:00:00,159.107,159.174,159.057,159.115,1814.79
2026.01.13 23:00:00,159.115,159.202,159.109,159.196,1668.6
2026.01.14 00:00:00,159.196,159.286,159.094,159.193,5783.86
2026.01.14 01:00:00,159.193,159.452,159.193,159.338,5688.15
2026.01.14 02:00:00,159.335,159.392,159.183,159.205,4649.4
2026.01.14 03:00:00,159.202,159.203,159.082,159.16,3064.23
2026.01.14 04:00:00,159.164,159.241,159.126,159.205,2227.97
2026.01.14 05:00:00,159.205,159.34,159.163,159.337,2652.32
2026.01.14 06:00:00,159.336,159.351,159.136,159.143,4074.52
2026.01.14 07:00:00,159.144,159.194,159.105,159.176,4087.74
2026.01.14 08:00:00,159.172,159.192,158.864,158.926,10434.02
2026.01.14 09:00:00,158.926,158.946,158.67,158.761,6791.63
2026.01.14 10:00:00,158.76,158.814,158.581,158.685,5416.71
2026.01.14 11:00:00,158.686,158.821,158.568,158.711,4641.66
2026.01.14 12:00:00,158.711,158.718,158.137,158.557,10817.17
2026.01.14 13:00:00,158.56,158.74,158.503,158.595,8165.42
2026.01.14 14:00:00,158.595,158.673,158.158,158.207,15126.73
2026.01.14 15:00:00,158.204,158.415,158.105,158.123,14724.24
2026.01.14 16:00:00,158.124,158.282,158.102,158.137,8775.13
2026.01.14 17:00:00,158.135,158.342,158.12,158.302,5199.73
2026.01.14 18:00:00,158.304,158.462,158.302,158.462,3895.66
2026.01.14 19:00:00,158.466,158.518,158.421,158.502,5510.93
2026.01.14 20:00:00,158.502,158.597,158.458,158.589,4795.09
2026.01.14 21:00:00,158.588,158.596,158.396,158.396,2462.82
2026.01.14 22:00:00,158.395,158.411,158.197,158.249,1643.65
2026.01.14 23:00:00,158.249,158.432,158.244,158.421,2060.97
2026.01.15 00:00:00,158.424,158.575,158.382,158.41,5965.98
2026.01.15 01:00:00,158.41,158.436,158.226,158.353,5253.29
2026.01.15 02:00:00,158.353,158.544,158.309,158.519,3507.91
2026.01.15 03:00:00,158.519,158.641,158.491,158.515,3130.95
2026.01.15 04:00:00,158.514,158.646,158.478,158.59,2613.6
2026.01.15 05:00:00,158.591,158.612,158.382,158.432,3186.35
2026.01.15 06:00:00,158.429,158.651,158.396,158.611,3940.79
2026.01.15 07:00:00,158.613,158.731,158.45,158.58,6318.5
2026.01.15 08:00:00,158.579,158.713,158.537,158.688,6331.74
2026.01.15 09:00:00,158.691,158.699,158.301,158.397,7499.33
2026.01.15 10:00:00,158.395,158.472,158.344,158.465,4276.48
2026.01.15 11:00:00,158.464,158.565,158.434,158.565,2927.58
2026.01.15 12:00:00,158.566,158.605,158.489,158.597,4041.03
2026.01.15 13:00:00,158.599,158.854,158.551,158.827,9032.29
2026.01.15 14:00:00,158.825,158.878,158.648,158.741,10132.41
2026.01.15 15:00:00,158.74,158.744,158.473,158.538,9733.36
2026.01.15 16:00:00,158.536,158.568,158.411,158.5,7008.8
2026.01.15 17:00:00,158.501,158.537,158.446,158.508,4365.81
2026.01.15 18:00:00,158.507,158.521,158.475,158.491,3453.86
2026.01.15 19:00:00,158.49,158.56,158.462,158.527,3192.58
2026.01.15 20:00:00,158.527,158.643,158.511,158.641,2750.08
2026.01.15 21:00:00,158.639,158.669,158.583,158.584,1709.54
2026.01.15 22:00:00,158.575,158.622,158.553,158.613,1151.22
2026.01.15 23:00:00,158.613,158.669,158.563,158.589,1351.33
2026.01.16 00:00:00,158.591,158.702,158.519,158.653,5273.06
2026.01.16 01:00:00,158.653,158.682,158.472,158.597,4933.79
2026.01.16 02:00:00,158.598,158.629,157.958,158.305,11321.26
2026.01.16 03:00:00,158.303,158.311,158.109,158.109,5525.74
2026.01.16 04:00:00,158.108,158.292,158.1,158.274,3553.01
2026.01.16 05:00:00,158.275,158.38,158.222,158.376,3021.01
2026.01.16 06:00:00,158.376,158.449,158.338,158.383,4532.59
2026.01.16 07:00:00,158.384,158.405,158.095,158.171,9010.39
2026.01.16 08:00:00,158.168,158.254,158.012,158.209,10061.91
2026.01.16 09:00:00,158.208,158.212,158.073,158.195,6787.01
2026.01.16 10:00:00,158.194,158.217,158.076,158.126,6185.13
2026.01.16 11:00:00,158.127,158.153,158.051,158.09,4587.99
2026.01.16 12:00:00,158.091,158.224,158.075,158.15,8105.85
2026.01.16 13:00:00,158.151,158.151,157.942,158.022,7917.59
2026.01.16 14:00:00,158.02,158.118,157.842,157.908,8637.94
2026.01.16 15:00:00,157.907,158.264,157.82,158.063,17132
2026.01.16 16:00:00,158.062,158.097,157.936,158.021,9237.74
2026.01.16 17:00:00,158.021,158.16,158.02,158.14,3694.38
2026.01.16 18:00:00,158.141,158.242,158.128,158.179,2957.48
2026.01.16 19:00:00,158.18,158.209,158.101,158.12,2789.73
2026.01.16 20:00:00,158.12,158.12,158.039,158.077,2108.82
2026.01.16 21:00:00,158.077,158.139,158.046,158.137,1990.56
2026.01.18 22:00:00,157.89,157.971,157.804,157.843,2140.33
2026.01.18 23:00:00,157.837,157.857,157.498,157.55,8734.83
2026.01.19 00:00:00,157.554,157.879,157.447,157.473,8520.29
2026.01.19 01:00:00,157.474,157.697,157.42,157.685,6627.86
2026.01.19 02:00:00,157.682,157.929,157.681,157.865,3476.98
2026.01.19 03:00:00,157.867,157.944,157.807,157.88,4198.24
2026.01.19 04:00:00,157.878,157.916,157.821,157.828,2462.82
2026.01.19 05:00:00,157.826,157.947,157.753,157.897,3850.61
2026.01.19 06:00:00,157.898,157.936,157.787,157.813,4205.18
2026.01.19 07:00:00,157.812,158.121,157.745,158.077,6634.53
2026.01.19 08:00:00,158.079,158.15,157.998,158.023,6538.98
2026.01.19 09:00:00,158.024,158.163,157.86,157.925,10219.41
2026.01.19 10:00:00,157.925,157.991,157.827,157.884,4049.76
2026.01.19 11:00:00,157.885,158.107,157.883,158.04,3491.3
2026.01.19 12:00:00,158.041,158.06,157.917,158.02,4603.17
2026.01.19 13:00:00,158.018,158.027,157.877,157.919,4658.31
2026.01.19 14:00:00,157.923,157.948,157.865,157.903,3343.92
2026.01.19 15:00:00,157.904,158.078,157.861,158.06,5394.66
2026.01.19 16:00:00,158.058,158.137,158.038,158.075,3452.87
2026.01.19 17:00:00,158.072,158.108,158.01,158.034,1160.18
2026.01.19 18:00:00,158.029,158.073,158.007,158.071,1019.99
2026.01.19 19:00:00,158.073,158.113,158.073,158.083,513.66
2026.01.19 20:00:00,158.085,158.151,158.079,158.125,418.2
2026.01.19 21:00:00,158.126,158.145,158.073,158.073,431.59
2026.01.19 22:00:00,157.986,158.1,157.986,158.09,639.42
2026.01.19 23:00:00,158.089,158.226,158.089,158.165,1846.16
2026.01.20 00:00:00,158.164,158.279,157.902,157.938,6455.41
2026.01.20 01:00:00,157.939,158.191,157.847,157.948,8973.91
2026.01.20 02:00:00,157.947,158.078,157.941,158.033,3167.05
2026.01.20 03:00:00,158.033,158.033,157.906,157.973,3437.04
2026.01.20 04:00:00,157.972,158.101,157.896,158.03,4551.92
2026.01.20 05:00:00,158.027,158.122,157.95,158.104,4001.06
2026.01.20 06:00:00,158.099,158.467,158.098,158.416,5888.75
2026.01.20 07:00:00,158.416,158.602,158.304,158.372,12930.55
2026.01.20 08:00:00,158.371,158.394,157.746,157.817,18208.36
2026.01.20 09:00:00,157.815,157.817,157.556,157.73,19629.73
2026.01.20 10:00:00,157.729,157.938,157.695,157.809,10130.04
2026.01.20 11:00:00,157.81,157.914,157.684,157.748,8500.58
2026.01.20 12:00:00,157.75,157.894,157.656,157.862,14204.03
2026.01.20 13:00:00,157.863,157.972,157.465,157.84,15814.77
2026.01.20 14:00:00,157.843,158.076,157.742,158.039,23659.12
2026.01.20 15:00:00,158.038,158.11,157.847,157.926,14261.35
2026.01.20 16:00:00,157.927,158.073,157.856,157.894,9933.5
2026.01.20 17:00:00,157.895,157.987,157.855,157.955,6649.96
2026.01.20 18:00:00,157.956,158.057,157.95,158.05,6494.17
2026.01.20 19:00:00,158.051,158.298,158.043,158.287,7172.63
2026.01.20 20:00:00,158.289,158.289,158.187,158.206,4968.59
2026.01.20 21:00:00,158.208,158.23,158.131,158.132,2510.24
2026.01.20 22:00:00,158.134,158.163,158.083,158.163,783.69
2026.01.20 23:00:00,158.163,158.206,158.038,158.152,2896.44
2026.01.21 00:00:00,158.153,158.281,158.111,158.111,9172.16
2026.01.21 01:00:00,158.109,158.17,157.858,157.958,9030.55
2026.01.21 02:00:00,157.96,158.075,157.889,157.916,5307.28
2026.01.21 03:00:00,157.914,158.148,157.892,158.087,4747.56
2026.01.21 04:00:00,158.091,158.13,157.996,158.037,4052.5
2026.01.21 05:00:00,158.038,158.238,158.031,158.206,5404.31
2026.01.21 06:00:00,158.204,158.257,158.084,158.142,6387.09
2026.01.21 07:00:00,158.143,158.167,157.873,157.926,7218.19
2026.01.21 08:00:00,157.925,157.987,157.821,157.87,7788.96
2026.01.21 09:00:00,157.868,158.036,157.834,158.001,4795.02
2026.01.21 10:00:00,158.002,158.085,157.985,158.023,6255.22
2026.01.21 11:00:00,158.023,158.076,157.912,157.912,6176.81
2026.01.21 12:00:00,157.911,157.939,157.745,157.795,7122.66
2026.01.21 13:00:00,157.794,157.941,157.764,157.884,7909.14
2026.01.21 14:00:00,157.885,158.149,157.874,158.112,18500.87
2026.01.21 15:00:00,158.112,158.311,158.061,158.216,16509.5
2026.01.21 16:00:00,158.217,158.258,158.071,158.166,10414.92
2026.01.21 17:00:00,158.166,158.212,158.036,158.142,7505.73
2026.01.21 18:00:00,158.142,158.244,158.116,158.218,4136.18
2026.01.21 19:00:00,158.217,158.533,158.14,158.382,11245.54
2026.01.21 20:00:00,158.382,158.499,158.329,158.374,4998.16
2026.01.21 21:00:00,158.375,158.421,158.259,158.259,2850.28
2026.01.21 22:00:00,158.256,158.315,158.232,158.294,3222.87
2026.01.21 23:00:00,158.327,158.486,158.266,158.458,2624.86
2026.01.22 00:00:00,158.46,158.491,158.178,158.239,8263.79
2026.01.22 01:00:00,158.24,158.367,158.214,158.348,5884.84
2026.01.22 02:00:00,158.349,158.478,158.34,158.467,4376.94
2026.01.22 03:00:00,158.467,158.589,158.404,158.558,3616.9
2026.01.22 04:00:00,158.559,158.7,158.555,158.647,4034.42
2026.01.22 05:00:00,158.646,158.731,158.627,158.715,4149.29
2026.01.22 06:00:00,158.715,158.848,158.706,158.778,5923.1
2026.01.22 07:00:00,158.779,158.892,158.756,158.779,6947.76
2026.01.22 08:00:00,158.778,158.855,158.73,158.771,7218.92
2026.01.22 09:00:00,158.767,158.778,158.608,158.695,6298.88
2026.01.22 10:00:00,158.693,158.762,158.627,158.632,4279.14
2026.01.22 11:00:00,158.632,158.703,158.532,158.594,7591.33
2026.01.22 12:00:00,158.594,158.829,158.541,158.819,9007.12
2026.01.22 13:00:00,158.823,158.858,158.623,158.699,9078.55
2026.01.22 14:00:00,158.697,158.762,158.536,158.607,8612.7
2026.01.22 15:00:00,158.603,158.647,158.35,158.394,10009.56
2026.01.22 16:00:00,158.39,158.424,158.257,158.359,7840.36
2026.01.22 17:00:00,158.365,158.496,158.234,158.308,8590.05
2026.01.22 18:00:00,158.309,158.337,158.276,158.309,3806.65
2026.01.22 19:00:00,158.307,158.468,158.295,158.405,4663.49
2026.01.22 20:00:00,158.405,158.442,158.337,158.438,2516.22
2026.01.22 21:00:00,158.437,158.47,158.38,158.384,2128.01
2026.01.22 22:00:00,158.384,158.408,158.335,158.372,840.84
2026.01.22 23:00:00,158.371,158.532,158.355,158.487,3618.31
2026.01.23 00:00:00,158.488,158.583,158.436,158.524,5755.14
2026.01.23 01:00:00,158.522,158.663,158.483,158.64,4665.9
2026.01.23 02:00:00,158.639,158.684,158.503,158.597,4362.63
2026.01.23 03:00:00,158.591,158.741,158.499,158.628,5951.95
2026.01.23 04:00:00,158.627,158.665,158.536,158.546,3464.51
2026.01.23 05:00:00,158.547,158.637,158.472,158.625,3652.57
2026.01.23 06:00:00,158.626,158.948,158.546,158.87,8732.83
2026.01.23 07:00:00,158.868,159.226,157.275,158.386,19467.57
2026.01.23 08:00:00,158.387,158.492,158.105,158.135,17167.87
2026.01.23 09:00:00,158.135,158.144,157.862,158.005,13689.91
2026.01.23 10:00:00,158.004,158.248,157.993,158.194,7774.39
2026.01.23 11:00:00,158.195,158.317,158.133,158.134,6389.65
2026.01.23 12:00:00,158.136,158.264,158.092,158.153,4692.61
2026.01.23 13:00:00,158.154,158.276,158.093,158.266,5352.97
2026.01.23 14:00:00,158.266,158.338,158.203,158.256,6698.14
2026.01.23 15:00:00,158.256,158.308,158.097,158.113,7010.43
2026.01.23 16:00:00,158.112,158.225,157.367,157.565,16112.95
2026.01.23 17:00:00,157.566,157.62,156.132,156.362,28549.45
2026.01.23 18:00:00,156.361,156.637,156.016,156.167,18398.08
2026.01.23 19:00:00,156.166,156.258,155.68,155.892,12885.7
2026.01.23 20:00:00,155.892,155.96,155.732,155.812,10158.7
2026.01.23 21:00:00,155.82,155.871,155.601,155.611,4378.45
